lon1,lat1,dep1,lon2,lat2,dep2,lon3,lat3,dep3,mesh_idx,strike_slip_rate,dip_slip_rate,strike_slip_rate_kinematic,dip_slip_rate_kinematic,strike_slip_coupling,dip_slip_coupling
232.06,49.636,0.0,232.155,49.468,0.0,232.174,49.619,-3.1,0,-3.626858368407105,30.721614136442625,-5.8448182105659185,41.230088891767295,0.6239803599752497,0.7437193502399128
232.411,49.299,-3.8,232.173,49.109,0.0,232.41500000000002,49.088,-2.1,0,1.3962105508136766,30.857272240885198,1.9788165302192295,39.00149652364833,0.6972889910800424,0.7898077107305074
234.663,43.131,0.0,234.711,42.959,0.0,234.957,43.141,-3.6,0,-1.828212015269474,21.216473503772555,-3.914493316657058,24.489528874830278,0.466878387947218,0.8662058046263703
235.01600000000002,40.553,0.0,235.0,40.375,0.0,235.122,40.45,-3.7,0,2.014022107605074,11.676246259686405,3.570713295445856,25.17280903904559,0.6704077975642895,0.46021966005963194
234.215,47.089,-2.3,234.514,47.122,-4.8,234.43099999999998,47.282,-4.8,0,-0.6700767076457382,27.877240952174187,-1.4685549612453421,29.191517498739003,0.41871900609936547,0.9547273459796288
232.16500000000002,49.288,0.0,232.173,49.109,0.0,232.411,49.299,-3.8,0,-15.742773658460113,25.11093597763446,-22.848883125463487,31.949646043600772,0.6902372039469123,0.784960835354925
235.189,41.661,-4.5,234.916,41.672,-2.1,234.963,41.518,-2.0,0,8.15639289376572,10.451582286573824,11.791954366658572,14.845718687291239,0.7036086234082268,0.7051121669844035
235.236,41.503,-4.6,235.189,41.661,-4.5,234.963,41.518,-2.0,0,6.403767452061218,11.351417897574882,9.414139439810754,16.64330009046523,0.6962532082511702,0.6825620881902277
235.248,41.188,-4.2,235.276,41.348,-4.6,235.05200000000002,41.214,-2.0,0,4.2893480606515535,13.543683210613601,6.118903675584249,19.65432852859408,0.7319492356496758,0.6882472953308447
234.951,42.568,-2.7,234.80700000000002,42.44,0.0,235.09699999999998,42.386,-4.2,0,3.7322902315240873,9.248924597822796,9.33582076812462,11.940724181803787,0.42142185635314394,0.7814602984787847
235.269,40.744,-6.5,235.312,40.919,-6.5,235.058,40.907,0.0,0,-0.4278394634193395,14.935469848884532,-0.20943848898440365,22.995903405240327,0.7159783437203288,0.6469437291936565
234.047,47.495,-2.2,234.162,47.276,-2.5,234.334,47.443,-4.7,0,-4.141300806117485,30.665977813693086,-9.536487152574036,32.0186754075228,0.43314827228274505,0.9576616882642306
235.269,40.744,-6.5,235.058,40.907,0.0,235.055,40.729,0.0,0,3.3981560200493117,14.63800529194898,5.061542938311462,22.996714975869935,0.7282493123909767,0.6344447481856019
233.725,47.955,-2.3,233.893,48.09,-4.5,233.588,48.137,-2.0,0,-2.5688082688787,32.46166842992582,-4.510145290490083,34.96102593150039,0.5700834695192157,0.9282490285016052
234.162,47.276,-2.5,234.215,47.089,-2.3,234.43099999999998,47.282,-4.8,0,-1.7893535418945137,27.888716198610737,-4.194463808179055,29.059729818984398,0.4277587303625912,0.9594693588026109
235.09300000000002,42.2,-4.3,234.862,42.16,-2.0,234.923,42.001,-2.4,0,4.107782153285954,10.82914276608218,7.907435862806963,14.69320026138746,0.54402087932261,0.7408875417117529
234.957,43.141,-3.6,234.711,42.959,0.0,235.013,42.979,-4.2,0,-3.5029960817502164,19.5586324760426,-8.56857219214703,23.351238767208628,0.40884667844664796,0.8374094215311942
232.155,49.468,0.0,232.16500000000002,49.288,0.0,232.411,49.299,-3.8,0,-14.992124989155457,24.989660341200654,-22.49987044009915,32.50523636001128,0.6675797889295093,0.767717197664506
235.13299999999998,42.007,-4.5,235.09300000000002,42.2,-4.3,234.923,42.001,-2.4,0,3.754747165939165,10.706860906559914,7.294578592677439,15.14361926533158,0.5400951253140892,0.7107480764659871
235.276,41.348,-4.6,235.036,41.366,-2.2,235.05200000000002,41.214,-2.0,0,7.069078086855661,12.472307558251213,9.769845109826981,17.844329448105384,0.7408687482414209,0.6985362306146246
234.914,41.826,-2.0,235.166,41.851,-4.5,234.923,42.001,-2.4,0,5.294439422986962,10.909699062594077,8.77784515159044,15.365365731736858,0.6223167249132796,0.712500174267009
233.488,48.49,-4.2,233.24200000000002,48.316,0.0,233.52100000000002,48.295,-2.7,0,2.0817775257249918,32.451397188020906,3.196428435608162,36.20730673209451,0.6485161323770676,0.8957461060815398
233.893,48.09,-4.5,233.786,48.221,-4.6,233.588,48.137,-2.0,0,1.820899220544693,32.448659032951184,3.1606617704951194,35.34850664254802,0.5745485907875559,0.9176259369243618
233.24200000000002,48.316,0.0,233.488,48.49,-4.2,233.265,48.528,-2.5,0,4.785954377268378,31.778727990902016,7.200949895949041,35.884571263075486,0.6633228905800631,0.8849473529933689
235.166,41.851,-4.5,235.13299999999998,42.007,-4.5,234.923,42.001,-2.4,0,4.996898891677974,10.288137755961765,8.877751400826412,14.873841915770186,0.5813460746193561,0.6949572856077296
232.74200000000002,48.885,-2.5,232.7,48.71,0.0,233.011,48.768,-3.0,0,9.95284319010187,29.35885722248699,13.977842387781093,35.14045651805144,0.7114378364836151,0.8342750719049613
234.663,43.131,0.0,234.957,43.141,-3.6,234.813,43.303,-2.4,0,-1.9044278149216878,21.043805871865526,-3.965819084940293,24.403507449267906,0.479486809149874,0.862170057972579
234.535,46.06,-2.0,234.82,45.899,-4.3,234.833,46.068,-4.7,0,-6.776076155298068,24.080197171189127,-9.719652879159632,25.797069774497373,0.6900155769128995,0.932283058243951
234.73399999999998,45.343,-2.4,234.92700000000002,45.258,-4.5,234.878,45.435,-4.1,0,-9.77796692857776,21.79094865588835,-12.342155416567689,23.661463579145078,0.7848534995214589,0.9199656134334385
234.82,45.899,-4.3,234.535,46.06,-2.0,234.588,45.868,-2.1,0,-6.519965827003812,24.572744045690165,-9.009168296837476,26.02125330222899,0.716184978058694,0.9433680562039339
234.73399999999998,45.343,-2.4,234.767,45.17,-2.6,234.92700000000002,45.258,-4.5,0,-9.769095712762807,21.958857939392207,-12.109957645578227,23.683591422700566,0.7995586338944414,0.9263258474438599
235.269,40.744,-6.5,235.055,40.729,0.0,235.239,40.568,-6.5,0,0.601431802101555,14.147033250753374,1.342378457301166,24.093790989461482,0.6902587687315407,0.584142774289141
234.80700000000002,42.44,0.0,234.911,42.282,-2.2,235.09699999999998,42.386,-4.2,0,0.11426420792336145,12.05407558914327,0.7758106562748992,15.630541996576348,0.45606690957095075,0.774246608231352
235.239,40.568,-6.5,235.055,40.729,0.0,235.01600000000002,40.553,0.0,0,-0.046863949301063856,13.715315994394755,0.4184623561973382,24.483916868525384,0.6985311418185953,0.5565937015735456
234.66899999999998,42.108,0.0,234.699,41.93,0.0,234.923,42.001,-2.4,0,5.644765977859973,11.415338629297024,9.28738699671365,14.784797421040935,0.628576681673399,0.7747577994692123
234.711,42.959,0.0,234.921,42.84,-2.8,235.013,42.979,-4.2,0,2.617136559253734,9.261595657150549,7.034670868409947,11.15535306951459,0.4007501223154041,0.8361430636634511
234.916,41.672,-2.1,235.189,41.661,-4.5,235.058,41.755,-3.4,0,4.454793291354318,11.98685684564673,6.8377159988761065,17.24985623903376,0.676011252490388,0.6957924015812817
234.862,42.16,-2.0,234.66899999999998,42.108,0.0,234.923,42.001,-2.4,0,4.830021157745816,11.323166241073197,8.518553379709644,14.743590504501498,0.5904719775099464,0.7711579999925104
235.036,41.366,-2.2,235.236,41.503,-4.6,234.963,41.518,-2.0,0,8.15113260982883,11.179382008244186,11.417007007878205,15.985798868277556,0.7268269972512305,0.6995906585082862
232.7,48.71,0.0,232.918,48.602,0.0,233.011,48.768,-3.0,0,11.530814084375736,28.908961199160675,16.170191123231074,33.9465277784725,0.7126439626741883,0.8504880557309076
232.155,49.468,0.0,232.34300000000002,49.605,-6.5,232.174,49.619,-3.1,0,0.7968361547895796,30.14740388319409,1.2634717115061065,40.93532823944784,0.6181293287354837,0.7349662247969632
233.918,47.343,0.0,234.162,47.276,-2.5,234.047,47.495,-2.2,0,-4.137280001860995,31.126916640013167,-9.085142506166395,32.313747328818444,0.45400497277297946,0.9631910076014913
234.951,42.568,-2.7,235.09699999999998,42.386,-4.2,235.112,42.551,-4.7,0,2.6446064669196256,9.513516696471815,7.637209739387984,12.695688174921301,0.37369423933229634,0.7564652521269773
234.514,47.122,-4.8,234.215,47.089,-2.3,234.377,46.998,-3.3,0,-1.826749836491913,27.58730541065669,-4.214504023421437,28.804967796504968,0.4325533129706306,0.9574223439465605
234.837,45.75,-4.2,234.82,45.899,-4.3,234.588,45.868,-2.1,0,-7.144206130280252,23.838916239092296,-9.715443219296468,25.560985940945883,0.7271033394479168,0.9315116290330626
234.047,47.495,-2.2,234.334,47.443,-4.7,234.225,47.622,-4.5,0,-2.7194074913641986,31.480962212138113,-6.283044070277274,33.05326923820105,0.4314073126302885,0.9523192771344172
234.334,47.443,-4.7,234.162,47.276,-2.5,234.43099999999998,47.282,-4.8,0,-2.229282342293998,31.201927384750554,-5.332624288035213,32.68567431702659,0.4155944587706823,0.9545125929335296
234.90300000000002,45.053,-4.2,234.767,45.17,-2.6,234.709,44.938,-1.9,0,-11.520806136819104,20.69827055652367,-14.048300548823903,22.293249041075825,0.8145126444150057,0.9276836622859481
234.92700000000002,45.258,-4.5,235.1,45.327,-6.5,234.878,45.435,-4.1,0,-9.351189409632918,21.181630752525187,-12.191598392070048,23.648860520418435,0.7588585807911861,0.8943840028390249
234.933,43.458,-4.2,234.813,43.303,-2.4,235.003,43.296,-4.7,0,-3.022258751916071,19.90813483634042,-6.283607335412228,23.801294855483263,0.480010493297557,0.8362289126628134
234.921,42.84,-2.8,235.201,42.842,-6.5,235.013,42.979,-4.2,0,2.064477681721977,8.68664058351488,6.865175458091571,11.129212656624034,0.32929061321421005,0.7881235947858088
234.643,45.671,-2.1,234.837,45.75,-4.2,234.588,45.868,-2.1,0,-5.7492231597320895,24.692466761557135,-7.555723538140519,26.23562553777948,0.7505329479432877,0.9402302717726106
232.74200000000002,48.885,-2.5,233.011,48.768,-3.0,232.97899999999998,48.929,-4.8,0,9.930073969892357,28.6242226858245,14.291558332187602,35.0633619981968,0.69421994371932,0.8150932716871604
233.95,47.654,-2.2,234.047,47.495,-2.2,234.225,47.622,-4.5,0,-1.580267993520651,32.19704241191368,-3.436131484218228,33.75636778523076,0.4573920689651425,0.95368516443553
234.422,46.406,-2.0,234.638,46.35,-3.6,234.566,46.524,-3.5,0,-3.460968771245931,26.227213706369227,-5.894662489378845,27.576560877680667,0.5821481559914814,0.950252578805032
234.74,43.733,-2.4,234.52100000000002,43.652,0.0,234.736,43.555,-2.3,0,-6.474545907574414,20.119681171245702,-9.629483295700169,22.323684620040922,0.6716513971007148,0.9012077941638332
234.767,45.17,-2.6,234.566,45.053,0.0,234.709,44.938,-1.9,0,-12.371122122463424,20.716670208604246,-14.742918344678934,21.947698691106858,0.8343543199120481,0.9433234325095524
235.236,41.503,-4.6,235.036,41.366,-2.2,235.276,41.348,-4.6,0,6.878974458427078,11.722266086871588,9.831395815000889,17.20575498856627,0.7154775085703867,0.681213839718807
234.638,46.35,-3.6,234.736,46.461,-4.7,234.566,46.524,-3.5,0,-3.314982996317094,25.924581846758386,-5.756999397602115,27.56839039269161,0.5688021043051432,0.9394105490336099
234.909,44.529,-3.8,235.123,44.617,-6.5,234.95999999999998,44.719,-4.4,0,-8.141926047696371,18.28196846229538,-10.797868982812261,21.113497203122378,0.7537125192801102,0.8657887137582138
233.786,48.221,-4.6,233.52100000000002,48.295,-2.7,233.588,48.137,-2.0,0,1.755255904024558,32.53200143422037,2.8973457714990944,35.64506099774937,0.6036720509409544,0.9122788677118878
234.12900000000002,47.77,-4.4,234.024,47.926,-4.5,233.84199999999998,47.804,-2.3,0,0.04268449697168134,32.473219359648695,0.09208089616179294,34.49639673654115,0.4930185443305407,0.9411632722911983
234.813,43.303,-2.4,234.933,43.458,-4.2,234.756,43.43,-2.3,0,-1.0523357607974149,21.03237345872144,-1.977436897206104,24.46192833949614,0.5296088302907729,0.8596315225345679
235.201,42.842,-6.5,234.921,42.84,-2.8,235.048,42.708,-4.3,0,2.0232412791284395,8.939489054123095,6.877165214284446,11.578255970641365,0.3239554976882567,0.7797973338027695
233.50900000000001,48.004,0.0,233.725,47.955,-2.3,233.588,48.137,-2.0,0,-2.061223771667997,32.980214451573296,-3.4957404920480357,35.31033223460368,0.5900332743728094,0.9337524937386165
234.248,46.938,-2.1,234.061,46.813,0.0,234.32,46.758,-2.1,0,-2.276469677474356,27.62162767273135,-4.721793263361395,28.536499612385462,0.48758982586078153,0.9675545833017055
234.628,44.53,0.0,234.909,44.529,-3.8,234.791,44.646,-2.2,0,-8.420888196053513,19.581133103650902,-10.367201622252864,21.342241415001233,0.8120292480414713,0.9174531134972322
233.95,47.654,-2.2,234.12900000000002,47.77,-4.4,233.84199999999998,47.804,-2.3,0,0.46516748743373265,32.561574862437574,0.9628977571357682,34.33405313798792,0.48874527613323754,0.9482138448669687
232.57999999999998,49.168,-4.2,232.411,49.299,-3.8,232.41500000000002,49.088,-2.1,0,2.4828633574351047,30.17654845913,3.6036345222535697,38.75455808835122,0.6848214030189169,0.7772458242118435
234.839,44.265,-2.7,235.12,44.262,-6.5,234.936,44.401,-4.1,0,-6.763391813959153,18.81204626839077,-9.332054611199823,22.06425373714501,0.72424070139278,0.8524824382679614
234.723,46.182,-4.0,234.535,46.06,-2.0,234.833,46.068,-4.7,0,-4.9700439054889385,25.037182037412013,-7.337456670581346,26.725048707180115,0.6686242666270965,0.9357163103224331
234.12900000000002,47.77,-4.4,233.95,47.654,-2.2,234.225,47.622,-4.5,0,-1.9232109939727144,32.06343034453803,-4.179845206132512,33.823632832206954,0.4586995801111102,0.9478179422548256
234.061,46.813,0.0,234.125,46.639,0.0,234.32,46.758,-2.1,0,-2.8485012572032087,27.42523217809239,-5.622617307267653,28.26423671678681,0.5134613558307365,0.9699125112485014
234.93,43.644,-4.4,235.13299999999998,43.729,-6.5,234.924,43.814,-4.4,0,-5.4234975388571,18.06487026181089,-9.592454603869683,22.336226966050347,0.5644223741900937,0.8085457825317247
234.72,41.577,0.0,234.805,41.409,0.0,234.963,41.518,-2.0,0,10.589031966654881,10.15830501391937,14.180396793418083,13.731655313190359,0.756494621900054,0.7404822383792924
234.791,44.646,-2.2,234.909,44.529,-3.8,234.95999999999998,44.719,-4.4,0,-8.6300252522517,18.848633091107224,-10.947359704144901,21.012686331822053,0.7880591503171022,0.8969557278641306
234.911,42.282,-2.2,234.862,42.16,-2.0,235.09300000000002,42.2,-4.3,0,0.9426307966089944,12.073028337870008,2.300588000627556,16.117946290078862,0.5079434041480418,0.7519165324324929
234.909,44.529,-3.8,234.628,44.53,0.0,234.773,44.422,-2.0,0,-8.787493353580759,19.349739562893443,-10.877089742425937,21.141960351164883,0.807630649982615,0.9151999443083298
234.628,44.35,0.0,234.635,44.171,0.0,234.839,44.265,-2.7,0,-7.543375478534627,20.163585983386294,-9.442762207096706,21.98438762355825,0.7984908565140562,0.9171544704489811
235.12,44.262,-6.5,234.839,44.265,-2.7,234.987,44.147,-5.0,0,-9.970881805209892,16.23414803237841,-14.199385050083777,19.333852196561566,0.7017156716082045,0.8395428107167648
234.52100000000002,43.652,0.0,234.519,43.473,0.0,234.736,43.555,-2.3,0,-7.044173146783154,20.036685323855565,-10.501139733016757,21.971726293095912,0.6701918489678504,0.9118833917759579
235.314,42.136,-6.5,235.281,42.312,-6.5,235.09300000000002,42.2,-4.3,0,3.067147012961282,9.128541030138514,7.752674039225951,13.878610603727637,0.4181071988723397,0.6640485262122369
234.588,43.302,0.0,234.663,43.131,0.0,234.813,43.303,-2.4,0,-0.265468017202274,21.894513910437517,-0.4839195295260055,24.636760185317435,0.5431248585422392,0.8885718321952749
234.535,46.06,-2.0,234.348,45.937,0.0,234.588,45.868,-2.1,0,-6.748274673174746,24.994626658099484,-9.198128535763018,26.072106294502273,0.7278547587380044,0.9579573596141634
234.711,42.959,0.0,234.716,42.779,0.0,234.921,42.84,-2.8,0,2.8219766203290617,9.975042312325646,6.971217104314306,11.744842717254059,0.43596015603901694,0.8543003859637207
234.535,43.831,0.0,234.74,43.733,-2.4,234.755,43.911,-2.5,0,-7.931853702932326,19.453364001529913,-11.046181988689838,21.524063002643686,0.7174543946288658,0.9037518989177097
235.189,41.661,-4.5,235.389,41.785,-6.5,235.166,41.851,-4.5,0,4.116411419448467,10.516808503483718,7.045256614169176,16.57723502654477,0.605695624972104,0.6361012003757142
234.93,43.644,-4.4,234.74,43.733,-2.4,234.736,43.555,-2.3,0,-6.001963014279492,19.459958281659222,-9.650196458136804,22.343406854826554,0.6211135780117076,0.8708334167708809
234.537,45.231,0.0,234.566,45.053,0.0,234.767,45.17,-2.6,0,-8.97725266202378,23.180607180244287,-10.635704533082848,24.382554621202683,0.8374511152602463,0.9501997209091777
235.122,44.439,-6.5,235.123,44.617,-6.5,234.909,44.529,-3.8,0,-7.617414263879765,17.93388217724571,-10.506301071066986,21.346570093790334,0.7246421015770983,0.8399863497128611
234.699,41.93,0.0,234.708,41.752,0.0,234.914,41.826,-2.0,0,4.950260343872966,12.619647008823657,7.523587696819504,16.642556330022387,0.6835975199546853,0.7595719485125889
234.563,44.873,0.0,234.588,44.699,0.0,234.78199999999998,44.79,-2.1,0,-9.478621636018142,22.284755514823015,-11.139101973335517,23.59934408962334,0.8456142485262683,0.9438398804361984
233.011,48.768,-3.0,233.209,48.92,-6.5,232.97899999999998,48.929,-4.8,0,9.133098511113307,28.322755662946,13.574677121999047,35.212561477675486,0.6721162619698846,0.8031021038546514
232.489,48.823,0.0,232.7,48.71,0.0,232.74200000000002,48.885,-2.5,0,10.904313761845428,29.246270298555824,15.061085044690845,34.923220035031825,0.7234993227597932,0.8361779462463704
233.52100000000002,48.295,-2.7,233.786,48.221,-4.6,233.685,48.379,-4.9,0,1.295835656348891,32.23362299023093,2.1388211866418807,35.80990806245311,0.6020960347063656,0.8996990491751332
234.916,41.672,-2.1,234.72,41.577,0.0,234.963,41.518,-2.0,0,8.9225967453594,10.880525190640844,12.34696799064492,14.808873326143413,0.7347110248027682,0.7355968481608013
234.477,46.235,-2.0,234.535,46.06,-2.0,234.723,46.182,-4.0,0,-4.2086444537903445,25.772127792753412,-6.2602296413644645,27.139429939972857,0.663925920491481,0.9487074525160876
235.126,44.795,-6.5,235.125,44.972,-6.5,234.911,44.883,-3.8,0,-10.35762152043866,19.08859341506023,-13.688860078702543,22.09260983125081,0.7500865237488498,0.8625703377236797
234.805,41.409,0.0,234.872,41.236,0.0,235.036,41.366,-2.2,0,9.721901343622676,11.618951624070766,12.808865770847106,15.933015092987915,0.7713678588036822,0.7291204989801153
234.813,43.303,-2.4,234.957,43.141,-3.6,235.003,43.296,-4.7,0,-1.7369689647270254,20.340334092458903,-3.890220279342408,24.40074614703974,0.44544074544102946,0.8333838970375271
234.477,46.235,-2.0,234.289,46.112,0.0,234.535,46.06,-2.0,0,-4.444644711994715,26.097817714678325,-6.4631372522617205,27.147217859948874,0.6815304986340688,0.9606436401328999
233.688,47.666,0.0,233.804,47.505,0.0,233.95,47.654,-2.2,0,-0.6694641632193844,32.84381426126226,-1.3096735963345072,34.23794538695951,0.5037659174196593,0.9591577639139313
234.498,45.408,0.0,234.537,45.231,0.0,234.73399999999998,45.343,-2.4,0,-7.736601116846453,24.022248039983232,-9.26626547878329,25.178816922774534,0.8271290981418703,0.9535293318020828
235.17700000000002,43.019,-6.5,235.159,43.196,-6.5,234.957,43.141,-3.6,0,-2.7209663415402634,18.19998876321338,-8.083640026220621,23.500813387754462,0.33633916075999853,0.7741467801880135
233.50900000000001,48.004,0.0,233.589,47.833,0.0,233.725,47.955,-2.3,0,-4.4335685943489995,32.398810132134024,-7.676357755908484,34.36659359022684,0.5773751909058723,0.9425401882721529
235.389,41.785,-6.5,235.35,41.961,-6.5,235.166,41.851,-4.5,0,4.444064761152591,9.39315009864574,8.32857830363021,15.364144626327942,0.5506531894521813,0.6143102696950883
234.125,46.639,0.0,234.36700000000002,46.584,-2.0,234.32,46.758,-2.1,0,-3.321483172938733,27.024307840825056,-6.359294022850502,27.949760511141,0.5267377643848259,0.9664128869870502
234.535,43.831,0.0,234.52100000000002,43.652,0.0,234.74,43.733,-2.4,0,-8.578609171657318,19.30197441012468,-11.930459312878995,21.09051151950088,0.7184966905780021,0.9151682445067377
233.918,47.343,0.0,233.957,47.165,0.0,234.162,47.276,-2.5,0,-6.6749024941891095,29.001661539565934,-14.520439446770748,29.990811249103963,0.4588242627574004,0.9669530986980659
234.399,45.761,0.0,234.451,45.585,0.0,234.643,45.671,-2.1,0,-5.948594160906816,25.215750793194196,-7.456922053692285,26.264005566325725,0.7888387111237627,0.9594783472188598
234.125,46.639,0.0,234.17700000000002,46.463,0.0,234.36700000000002,46.584,-2.0,0,-4.119545944116887,26.734906520635004,-7.446364307464236,27.574412770097002,0.5579876460879624,0.9690810510009109
233.997,46.987,0.0,234.061,46.813,0.0,234.248,46.938,-2.1,0,-2.6548764689425135,27.698246175895132,-5.620064960972066,28.533341709967715,0.48195905909488723,0.9704033150502828
235.423,41.609,-6.5,235.389,41.785,-6.5,235.189,41.661,-4.5,0,4.703754482677202,10.04367949037308,7.968553330913778,16.481444706849416,0.6077652316341248,0.6107000939159398
234.289,46.112,0.0,234.348,45.937,0.0,234.535,46.06,-2.0,0,-4.6269961827304,26.098650835510334,-6.428472084161456,27.053919666042685,0.7130557705816285,0.9640585008601609
234.23000000000002,46.287,0.0,234.289,46.112,0.0,234.477,46.235,-2.0,0,-4.2879253938018165,26.407184451988506,-6.422638333812436,27.31506408556018,0.6640331006173791,0.9661646720119005
232.918,48.602,0.0,233.183,48.63,-2.8,233.011,48.768,-3.0,0,7.555565116998631,30.51990726256125,10.822146934519571,35.814304961214674,0.6972442008793931,0.8512026490836767
235.13299999999998,42.007,-4.5,235.314,42.136,-6.5,235.09300000000002,42.2,-4.3,0,3.120321609696951,9.97165231655165,6.859227515978901,14.9388101381885,0.48077768003913346,0.6721465456239193
234.951,41.067,0.0,235.184,41.056,-3.3,235.05200000000002,41.214,-2.0,0,7.948507810590064,13.075070265978553,10.671749816784072,18.574806885809153,0.7630812422399375,0.703149769981964
234.519,43.473,0.0,234.588,43.302,0.0,234.756,43.43,-2.3,0,-0.7663501815769734,22.121120772811334,-1.2438550439772484,24.474795810541266,0.6131149290664146,0.9037406876293662
232.918,48.602,0.0,233.089,48.464,0.0,233.183,48.63,-2.8,0,5.9530335830931485,31.48142999228595,8.51300523749038,36.16544956898472,0.698110442430091,0.8696597624248318
232.309,48.956,0.0,232.489,48.823,0.0,232.57299999999998,48.99,-2.5,0,7.156060934176982,30.614144794621332,9.874553163806127,37.17471885195889,0.7235831884217382,0.8222052980940314
232.848,49.185,-6.5,232.678,49.324,-6.5,232.57999999999998,49.168,-4.2,0,5.893741215457962,28.193556667476635,9.027879700104505,37.69586327260474,0.6515982104043271,0.746404604439677
232.678,49.324,-6.5,232.50900000000001,49.463,-6.5,232.411,49.299,-3.8,0,5.707735779489173,28.213891486010958,8.925090371692027,38.25565179425292,0.6382675051660297,0.735935763938618
235.35,41.961,-6.5,235.314,42.136,-6.5,235.13299999999998,42.007,-4.5,0,3.777011507279173,9.211461976475976,8.050103731419668,14.639947189241255,0.48853876991945117,0.6338001207641939
235.14600000000002,43.373,-6.5,235.14,43.551,-6.5,234.933,43.458,-4.2,0,-4.264362489232486,17.554266011447854,-9.642609030961978,22.5540046716997,0.4413495702591964,0.778019647389648
234.708,41.752,0.0,234.916,41.672,-2.1,234.914,41.826,-2.0,0,3.645355571955101,13.156875007087978,5.500938574109185,17.74417418878643,0.6975130409566976,0.7421912015526262
234.893,46.74,-6.5,234.832,46.913,-6.5,234.64600000000002,46.791,-4.8,0,-2.362264252592795,25.830822696995426,-5.141842728421221,28.076386345269682,0.45036260705263326,0.9193159463496005
234.971,46.389,-6.5,234.94299999999998,46.566,-6.5,234.736,46.461,-4.7,0,-5.470504077037861,23.63709512543951,-10.083398773135876,26.177524238504937,0.5389409459952856,0.9015446914156895
235.125,44.972,-6.5,235.113,45.15,-6.5,234.90300000000002,45.053,-4.2,0,-9.356952278163815,20.157334710126353,-12.30153411978267,23.11950367344929,0.7527660828387159,0.870490838196642
234.688,47.254,-6.5,234.594,47.42,-6.5,234.43099999999998,47.282,-4.8,0,-0.1361520016974123,27.49401494957116,-0.05728682339528035,29.30881166658864,0.380331794994786,0.9379746197095626
234.49200000000002,47.584,-6.5,234.389,47.747,-6.5,234.225,47.622,-4.5,0,-0.9175009019279613,31.525347987683844,-2.260283278959891,33.63692693652669,0.4035758987225361,0.9370678404319617
234.389,47.747,-6.5,234.287,47.911,-6.5,234.12900000000002,47.77,-4.4,0,-1.07243073407038,31.738965213073815,-2.4754060417699257,34.06624210502258,0.4325506788317356,0.9314952568155641
234.287,47.911,-6.5,234.173,48.072,-6.5,234.024,47.926,-4.5,0,-0.18846026666369026,31.9081082822706,-0.4055512786298152,34.58941245854431,0.4693597942754112,0.9222416978512075
234.769,47.085,-6.5,234.688,47.254,-6.5,234.514,47.122,-4.8,0,-0.8835053139741583,27.068379727409148,-2.047740009745848,28.978051628392933,0.39108339342589926,0.9338899801062336
234.594,47.42,-6.5,234.49200000000002,47.584,-6.5,234.334,47.443,-4.7,0,-0.9818804995692804,31.12129187684715,-2.5298843282010637,33.12792550870681,0.3845408470630976,0.9392940659366966
234.04500000000002,48.227,-6.5,233.902,48.378,-6.5,233.786,48.221,-4.6,0,2.5269208524798072,31.454600761909038,4.59374345461336,35.18893256875909,0.5482484947213505,0.8934646658390817
232.57999999999998,49.168,-4.2,232.678,49.324,-6.5,232.411,49.299,-3.8,0,2.853312603513003,29.296362953701728,4.301461367897678,38.777492574868,0.6600214140280144,0.7540298217437765
234.389,47.747,-6.5,234.12900000000002,47.77,-4.4,234.225,47.622,-4.5,0,-1.7106699739740578,31.70953477316259,-3.957646334702442,33.73963136597544,0.4311890826496159,0.9396721856300639
234.708,41.752,0.0,234.72,41.577,0.0,234.916,41.672,-2.1,0,5.529132645786569,13.023599128901667,7.8505577606756844,17.358800239022912,0.7278487014106093,0.750793567193803
234.893,46.74,-6.5,234.64600000000002,46.791,-4.8,234.70600000000002,46.618,-4.8,0,-2.6256495946817715,25.867427318632767,-5.389425414261282,27.924665840932878,0.47962924002086554,0.9255057923824798
234.769,47.085,-6.5,234.514,47.122,-4.8,234.595,46.953,-4.9,0,-1.7521847300314317,26.879013983648424,-4.16572747607206,28.630500500946532,0.41093738994954204,0.938501252724804
235.1,45.327,-6.5,235.086,45.504,-6.5,234.878,45.435,-4.1,0,-8.98093467096934,21.002306008450493,-12.024906562537645,23.817091135081935,0.7382044908682319,0.880301545617649
233.739,48.518,-6.5,233.56799999999998,48.656,-6.5,233.488,48.49,-4.2,0,5.712225757803124,30.09067561732504,9.304448661816176,35.26359950623555,0.6127247898382633,0.8525957572311723
235.405,41.082,-6.5,235.44799999999998,41.256,-6.5,235.248,41.188,-4.2,0,-0.4702229397101278,13.701200623993763,-0.3816983647013501,20.822134262244134,0.6906761092512066,0.6565246685050782
235.04399999999998,45.859,-6.5,235.02100000000002,46.036,-6.5,234.82,45.899,-4.3,0,-7.344724365751484,22.37451286924031,-10.800721453523686,25.1262327323215,0.6717102821276462,0.8886851228014035
235.065,45.682,-6.5,235.04399999999998,45.859,-6.5,234.837,45.75,-4.2,0,-7.859609185497852,21.994127921160313,-11.080679240990634,24.763561102468547,0.7004437004971574,0.8864410032756357
235.086,45.504,-6.5,235.065,45.682,-6.5,234.858,45.586,-4.2,0,-8.124773005771662,21.68826599862299,-11.098932814883156,24.500984061367106,0.7227616532312918,0.8835865613044823
234.36700000000002,46.584,-2.0,234.17700000000002,46.463,0.0,234.422,46.406,-2.0,0,-4.02999120168997,26.58271484006924,-7.007268629843239,27.52991991456109,0.5765878928471054,0.9650307951324765
234.17700000000002,46.463,0.0,234.23000000000002,46.287,0.0,234.422,46.406,-2.0,0,-4.456944905531476,26.484178741322,-7.307797740322556,27.348958570763173,0.6107817878547656,0.9678381109380355
235.451,41.433,-6.5,235.423,41.609,-6.5,235.236,41.503,-4.6,0,4.64123032823506,10.869781683690025,7.427706021677309,17.596233547162697,0.6445055260846995,0.6179596488586736
234.334,47.443,-4.7,234.49200000000002,47.584,-6.5,234.225,47.622,-4.5,0,-2.6619104464891685,31.009694473750894,-6.548742496198749,32.851710739258976,0.4054213764825379,0.9437998370656777
234.858,45.586,-4.2,235.065,45.682,-6.5,234.837,45.75,-4.2,0,-8.078712071313104,22.362217652319266,-10.953462220767683,24.73414255290571,0.7287279367094416,0.9026691717657023
235.405,41.082,-6.5,235.248,41.188,-4.2,235.184,41.056,-3.3,0,3.0796705664096833,14.014742497611161,4.596949602833234,20.754179538317686,0.7165870398393921,0.6740277263949176
234.399,45.761,0.0,234.643,45.671,-2.1,234.588,45.868,-2.1,0,-6.006678608370447,25.112423418091534,-7.749813085764735,26.270866667638625,0.7663553111269618,0.9551901310085602
234.575,44.008,0.0,234.535,43.831,0.0,234.755,43.911,-2.5,0,-11.19091960238932,17.452409171386748,-14.798349632458468,19.037656006172206,0.7557860067602244,0.9167222112520701
234.80700000000002,42.44,0.0,234.709,42.284,0.0,234.911,42.282,-2.2,0,-1.329687178403058,12.642714105907276,-2.1399134208153896,15.828322889045992,0.5073352197421477,0.800293864586837
235.35,41.961,-6.5,235.13299999999998,42.007,-4.5,235.166,41.851,-4.5,0,4.437126120350824,9.676473388807166,8.399774920677132,15.027155297372104,0.546457024604147,0.6474265812880504
234.725,42.6,0.0,234.80700000000002,42.44,0.0,234.951,42.568,-2.7,0,5.147749585138574,7.3637744246630135,11.908983269252843,9.090015650598716,0.4466598167754415,0.8183228178578901
234.498,45.408,0.0,234.73399999999998,45.343,-2.4,234.674,45.523,-2.1,0,-8.347730060164217,23.64721645553463,-10.203843004968615,24.90685801978294,0.8105335737644488,0.9487812759200831
234.23000000000002,46.287,0.0,234.477,46.235,-2.0,234.422,46.406,-2.0,0,-4.239481197933115,26.354839712447003,-6.6989511692163255,27.346742282391524,0.630310046430067,0.963087379700207
235.04399999999998,45.859,-6.5,234.82,45.899,-4.3,234.837,45.75,-4.2,0,-6.889227106424577,23.103649359860967,-9.6681687962834,25.498547729645928,0.7031829867743876,0.9045570516310839
234.839,44.265,-2.7,234.635,44.171,0.0,234.787,44.08,-2.7,0,-12.128339650189426,16.340903742928756,-15.743248578183795,18.113177325881267,0.7700055707521587,0.9021324849626178
234.858,45.586,-4.2,234.643,45.671,-2.1,234.674,45.523,-2.1,0,-7.261596464906494,23.87053578207564,-9.261064668518046,25.445088526947423,0.7750541170299879,0.937221827827385
234.643,45.671,-2.1,234.858,45.586,-4.2,234.837,45.75,-4.2,0,-8.497374680767022,22.99407967279435,-11.145232611506636,24.729398978176132,0.7546077415513547,0.9287639727549256
234.588,43.302,0.0,234.813,43.303,-2.4,234.756,43.43,-2.3,0,-1.0438383923200578,21.68422870608107,-1.856582928977197,24.498374846471137,0.5600536978146201,0.8850050051950583
235.423,41.609,-6.5,235.189,41.661,-4.5,235.236,41.503,-4.6,0,5.572348047414977,10.584912867105825,8.777952822759133,16.635987107505315,0.6509673831672405,0.6369952707610496
235.048,42.708,-4.3,234.951,42.568,-2.7,235.112,42.551,-4.7,0,2.7253399500068083,8.947100787769468,8.280031949019673,11.710700574394451,0.3539021761863976,0.7718785648757344
235.09300000000002,42.2,-4.3,235.281,42.312,-6.5,235.09699999999998,42.386,-4.2,0,1.5727298006243842,10.423809729466361,4.360478403225699,15.006014080741465,0.4077710710485393,0.6998775684521926
234.348,45.937,0.0,234.399,45.761,0.0,234.588,45.868,-2.1,0,-5.790148426368512,25.50242001895859,-7.587727033175703,26.49472639017338,0.7556171915360553,0.9619174632316616
233.957,47.165,0.0,233.997,46.987,0.0,234.215,47.089,-2.3,0,-4.198835735768247,26.95672211632481,-9.303062263890236,27.799358379276114,0.4640755164154593,0.9694166232381601
233.209,48.92,-6.5,233.011,48.768,-3.0,233.2,48.754,-4.4,0,8.052066941946267,28.971392461919784,12.014078342358376,35.56924508091686,0.6693721376412809,0.8133771823565051
234.911,42.282,-2.2,234.709,42.284,0.0,234.862,42.16,-2.0,0,1.1826104572560963,12.629320343384117,2.6652750115543995,16.126284543749833,0.5334665773901337,0.7856277078306136
235.13299999999998,43.729,-6.5,235.128,43.906,-6.5,234.924,43.814,-4.4,0,-5.480254423463303,17.35742055443169,-9.769260420266932,22.205105803692078,0.5600095118715765,0.7814182784637942
233.24200000000002,48.316,0.0,233.376,48.16,0.0,233.52100000000002,48.295,-2.7,0,1.2538067770757118,32.94772350599704,1.923350611370756,36.10263075432497,0.6483706839435103,0.9121789182619972
235.086,45.504,-6.5,234.858,45.586,-4.2,234.878,45.435,-4.1,0,-7.11122017266059,22.669060419987115,-9.379951802442875,25.152486804125406,0.7476312634029207,0.8999389520866865
234.594,47.42,-6.5,234.334,47.443,-4.7,234.43099999999998,47.282,-4.8,0,-2.08979136354342,30.80062176129091,-5.3000087187460245,32.598592366224835,0.3922713623483081,0.9447312932767936
234.643,45.671,-2.1,234.451,45.585,0.0,234.674,45.523,-2.1,0,-7.562210616501946,24.254320089798394,-9.444610035525674,25.44915009762396,0.7928394200738222,0.9523730256672369
235.125,44.972,-6.5,234.90300000000002,45.053,-4.2,234.911,44.883,-3.8,0,-6.341597662004983,22.09668554564701,-8.08947889917479,24.873727018333927,0.7729944487617041,0.8873160808543326
234.94299999999998,46.566,-6.5,234.893,46.74,-6.5,234.70600000000002,46.618,-4.8,0,-3.3860151801383163,24.99797991691107,-6.784455988620529,27.46542141556545,0.4928761696371291,0.9090916508847414
234.997,46.213,-6.5,234.723,46.182,-4.0,234.833,46.068,-4.7,0,-4.760335235422823,24.3301344474735,-7.377823556872379,26.686506912872304,0.6353654486069163,0.9101796074539099
234.73399999999998,45.343,-2.4,234.537,45.231,0.0,234.767,45.17,-2.6,0,-10.136072708246589,22.39691409247479,-12.234392272768869,23.701979139231106,0.8221888442176453,0.9443149089885611
235.14,43.551,-6.5,235.13299999999998,43.729,-6.5,234.93,43.644,-4.4,0,-4.78922134388944,17.45878791299044,-9.52040091279271,22.450768631865387,0.5020345294629582,0.7773550760644985
235.184,41.056,-3.3,235.248,41.188,-4.2,235.05200000000002,41.214,-2.0,0,5.428247346946337,13.661824641201948,7.56918834269959,19.6780549906738,0.7435905995201761,0.6933187232408943
234.12900000000002,47.77,-4.4,234.287,47.911,-6.5,234.024,47.926,-4.5,0,0.20220450083813563,32.090133206851476,0.43741351358514,34.40392924235124,0.46451654407926396,0.9325409449772444
233.997,46.987,0.0,234.248,46.938,-2.1,234.215,47.089,-2.3,0,-2.5271826761107,27.715214122357345,-5.561983397516073,28.632502266832383,0.462863160303934,0.9676540024832917
234.911,44.883,-3.8,234.90300000000002,45.053,-4.2,234.709,44.938,-1.9,0,-6.292476945447522,23.008809903104122,-7.698435868698816,25.046299211262163,0.8072209800518394,0.9179232585562417
234.514,47.122,-4.8,234.688,47.254,-6.5,234.43099999999998,47.282,-4.8,0,-0.5701636533014499,27.50522674576015,-1.2314690178779593,29.167073552035376,0.3943915447575153,0.9428380747138607
234.162,47.276,-2.5,233.957,47.165,0.0,234.215,47.089,-2.3,0,-2.1752292783264493,28.046249061349638,-4.922253791073032,29.022545738939947,0.44985395884653073,0.9661083902530804
235.058,40.907,0.0,235.312,40.919,-6.5,235.184,41.056,-3.3,0,3.9190757562488705,14.622909033942497,5.670900815356006,21.694205871167938,0.7342269696382702,0.6725297697452494
233.089,48.464,0.0,233.24200000000002,48.316,0.0,233.265,48.528,-2.5,0,3.5883854740551286,32.36681504286425,5.250223871044424,36.379465303914664,0.6816683381651305,0.8890660396840163
234.832,46.913,-6.5,234.769,47.085,-6.5,234.595,46.953,-4.9,0,-2.035165402854941,26.33068216517162,-4.79253050178967,28.385256933758946,0.41546685261009714,0.9272057249027962
235.239,40.568,-6.5,235.01600000000002,40.553,0.0,235.122,40.45,-3.7,0,0.3165068783162284,12.540871925063065,1.0238498481979974,24.890854441903727,0.6667800147266035,0.49998359095636435
234.924,43.814,-4.4,235.128,43.906,-6.5,234.933,43.993,-4.4,0,-7.07778985798451,17.33305026980235,-11.450099183963815,21.300207457652917,0.6173521183531636,0.8135552395845204
233.688,47.666,0.0,233.95,47.654,-2.2,233.84199999999998,47.804,-2.3,0,0.2585411495351483,32.872726466607325,0.5186175530169841,34.458923050528306,0.5120045471658758,0.9538179256605358
234.511,46.679,-3.5,234.64600000000002,46.791,-4.8,234.44,46.87,-3.4,0,-3.2104107241042934,26.442677970521082,-6.732151997986957,27.838587259896997,0.4776525753403859,0.9492878200553276
234.951,41.067,0.0,235.058,40.907,0.0,235.184,41.056,-3.3,0,12.31876648026379,10.031504721582797,16.389364607750387,14.510298510945262,0.7616357615200327,0.6915956249009796
234.699,41.93,0.0,234.914,41.826,-2.0,234.923,42.001,-2.4,0,5.725804777031791,11.41006664849978,9.156093084393518,15.242330042906602,0.645118863173835,0.7508674403842545
234.839,44.265,-2.7,234.787,44.08,-2.7,234.987,44.147,-5.0,0,-11.540501344483761,15.750880544803609,-15.778933133415052,18.064784510862772,0.7309398547307402,0.8718415500008575
233.804,47.505,0.0,234.047,47.495,-2.2,233.95,47.654,-2.2,0,-1.8109549887856327,32.436671029412786,-3.7588890137445983,33.80896552070115,0.4790252586080425,0.9593008398990149
232.848,49.185,-6.5,232.57999999999998,49.168,-4.2,232.813,49.027,-4.7,0,5.808217651088232,28.77052156141791,8.670911958892935,37.52564001761471,0.6685210063443741,0.7652450331531905
234.74,43.733,-2.4,234.93,43.644,-4.4,234.924,43.814,-4.4,0,-5.955652681578284,19.091591269627322,-9.555648847134279,22.331708146295554,0.622381554699621,0.854771946123174
235.201,42.842,-6.5,235.17700000000002,43.019,-6.5,235.013,42.979,-4.2,0,1.8683823350461555,7.9872763366248245,6.900776020145457,10.627650914329806,0.29677390312867186,0.7601514016114987
234.575,44.008,0.0,234.755,43.911,-2.5,234.787,44.08,-2.7,0,-9.29561517904692,18.692953586424398,-12.383773929859984,20.672993151677336,0.7501341266250111,0.904188517005422
234.32,46.758,-2.1,234.511,46.679,-3.5,234.44,46.87,-3.4,0,-3.26599382937485,26.72478696742156,-6.73485635057493,27.900012463996063,0.4878498501994979,0.9573661620360692
234.933,43.458,-4.2,235.14,43.551,-6.5,234.93,43.644,-4.4,0,-3.9047726561582192,18.708573026299494,-7.7187763723675005,23.199935859905537,0.5047765980167954,0.8061583696527803
235.226,42.665,-6.5,235.048,42.708,-4.3,235.112,42.551,-4.7,0,2.2920429644168743,8.519532791620476,7.985326077845102,11.575016107897852,0.3117288811175619,0.7448934284385395
233.589,47.833,0.0,233.688,47.666,0.0,233.84199999999998,47.804,-2.3,0,-2.347894785910239,32.8152710473259,-4.339957978362479,34.44865704291657,0.5397167777643042,0.9524272000212504
232.57999999999998,49.168,-4.2,232.57299999999998,48.99,-2.5,232.813,49.027,-4.7,0,5.6775696035968,29.6390412468375,8.19899370439415,37.58519449985387,0.6910142936497616,0.7871919154969611
234.024,47.926,-4.5,233.725,47.955,-2.3,233.84199999999998,47.804,-2.3,0,0.22059561846514364,32.697107566306,0.42181551461894173,34.766172755457575,0.5266591629190612,0.9402772077280908
234.451,45.585,0.0,234.498,45.408,0.0,234.674,45.523,-2.1,0,-6.7115456081259275,24.71434849247534,-8.18568208521399,25.807018343811503,0.8112918054444452,0.9570882485482625
234.957,43.141,-3.6,235.159,43.196,-6.5,235.003,43.296,-4.7,0,-1.9853208684816028,19.28776087283569,-5.160973916788208,24.23927301575432,0.383930474370071,0.7954507127557143
235.14600000000002,43.373,-6.5,234.933,43.458,-4.2,235.003,43.296,-4.7,0,-2.900426580940554,18.919182621238026,-6.63041102864284,23.69584485999134,0.43642496554011906,0.7981464701049132
232.489,48.823,0.0,232.74200000000002,48.885,-2.5,232.57299999999998,48.99,-2.5,0,9.30440126058136,29.593201291443965,12.95002193056897,35.980278118658035,0.7177890605100837,0.8211555149455115
235.128,43.906,-6.5,235.124,44.084,-6.5,234.933,43.993,-4.4,0,-6.063031279237027,17.37994753168338,-9.89988719786858,22.021362423019866,0.6116074420154474,0.7889922740286749
234.64600000000002,46.791,-4.8,234.832,46.913,-6.5,234.595,46.953,-4.9,0,-1.8372558487444566,26.50373562763919,-4.063640975780441,28.397712833317314,0.440442773316227,0.9327643604209932
234.024,47.926,-4.5,234.173,48.072,-6.5,233.893,48.09,-4.5,0,0.7345394273253496,32.111777788349514,1.4485203526264092,34.82177108789611,0.5051233420612403,0.9219093053335174
235.12,44.262,-6.5,235.122,44.439,-6.5,234.936,44.401,-4.1,0,-7.417790787412913,17.610696691109403,-10.630331660507807,21.420633172930522,0.6973024413332634,0.8219645131700141
234.04500000000002,48.227,-6.5,233.786,48.221,-4.6,233.893,48.09,-4.5,0,2.1692401562875654,31.863978977934696,3.9732571607270053,35.06694609926846,0.5443916339110164,0.9083094721835985
233.725,47.955,-2.3,233.589,47.833,0.0,233.84199999999998,47.804,-2.3,0,0.05738205975745263,33.060132822988805,0.10964540361916342,34.94670994642725,0.5497672542277968,0.9458160836001206
233.725,47.955,-2.3,234.024,47.926,-4.5,233.893,48.09,-4.5,0,0.5977943438265615,32.54097934277782,1.1176732928524888,34.930300579395805,0.533815589729479,0.9313491605890634
234.933,43.458,-4.2,234.93,43.644,-4.4,234.736,43.555,-2.3,0,-4.315210020204061,19.766722178376508,-7.615280841154373,23.19903164204763,0.5656281288837539,0.851887628767662
234.635,44.171,0.0,234.575,44.008,0.0,234.787,44.08,-2.7,0,-13.325306037172085,15.441861819585181,-17.101223189737937,16.866177288750606,0.7788418434986147,0.9155543046848259
234.588,44.699,0.0,234.628,44.53,0.0,234.791,44.646,-2.2,0,-7.603829969769671,22.771232855505566,-9.012078020610996,24.300624143095504,0.837590478925628,0.9366266041173434
233.52100000000002,48.295,-2.7,233.376,48.16,0.0,233.588,48.137,-2.0,0,1.1627341193254792,32.92556500810509,1.8491949410089328,35.85850879776683,0.6257966641350516,0.9178273821907039
234.736,46.461,-4.7,234.94299999999998,46.566,-6.5,234.70600000000002,46.618,-4.8,0,-3.8251642899183063,25.06114718180609,-7.216321966146644,27.26037320370979,0.5246621572654339,0.9182024716547589
235.02100000000002,46.036,-6.5,234.997,46.213,-6.5,234.833,46.068,-4.7,0,-6.81107318312472,22.653623852998415,-10.641751497751734,25.438559310883782,0.6327742724799846,0.8886846693892241
234.422,46.406,-2.0,234.477,46.235,-2.0,234.638,46.35,-3.6,0,-4.035754325590867,26.07618416342007,-6.50859399238438,27.327595866530764,0.6152952348200763,0.9534049992921855
235.166,41.851,-4.5,234.914,41.826,-2.0,235.058,41.755,-3.4,0,3.862197784422705,11.770469652633086,6.292732134069226,16.902674463837187,0.6413382703073531,0.697887680485542
234.971,46.389,-6.5,234.736,46.461,-4.7,234.826,46.311,-5.1,0,-4.053854695550757,24.672760386473282,-7.028937000280365,27.082968558699207,0.5686125715792641,0.9096009554831831
234.878,45.435,-4.1,234.858,45.586,-4.2,234.674,45.523,-2.1,0,-7.4738431754126875,23.35423977243204,-9.544591881555611,25.183039415494534,0.7736786260765914,0.9263837818439997
234.921,42.84,-2.8,234.716,42.779,0.0,234.869,42.696,-2.0,0,2.7132013572718128,9.994143588852577,7.0874485002075005,12.0144267481637,0.4142646354786248,0.8373261272810791
233.739,48.518,-6.5,233.488,48.49,-4.2,233.685,48.379,-4.9,0,3.415060847588175,31.18988371843014,5.590727665228044,35.778451861625726,0.6089305468168634,0.8711631181226083
234.173,48.072,-6.5,234.04500000000002,48.227,-6.5,233.893,48.09,-4.5,0,1.1249513695385411,31.824401340620227,2.1899835008911843,34.98597015127034,0.5111618017597835,0.9093173960391558
234.73399999999998,45.343,-2.4,234.878,45.435,-4.1,234.674,45.523,-2.1,0,-8.039639961493917,23.252220634452694,-10.058406878847144,24.893973636714932,0.7907346857336205,0.9331949930661299
235.312,40.919,-6.5,235.405,41.082,-6.5,235.184,41.056,-3.3,0,-4.6140825507701715,13.92421510146738,-6.1913760313104405,20.853134676473307,0.7079648672985394,0.665122023150671
234.805,41.409,0.0,235.036,41.366,-2.2,234.963,41.518,-2.0,0,8.93626125815205,11.546556012799702,12.040910725366714,15.920153837895114,0.7549828683722569,0.725405970926284
235.036,41.366,-2.2,234.872,41.236,0.0,235.05200000000002,41.214,-2.0,0,7.518517285549701,13.002392470183702,10.037352652801303,18.086486888963847,0.7668913622003697,0.7183458748516605
234.911,42.282,-2.2,235.09300000000002,42.2,-4.3,235.09699999999998,42.386,-4.2,0,1.9302534897855967,11.086354951447232,4.730823124168438,15.100499842213765,0.45398970422181656,0.7386261143901404
234.723,46.182,-4.0,234.997,46.213,-6.5,234.826,46.311,-5.1,0,-6.39316818240351,23.502084144538788,-10.33599656693509,25.78991065896684,0.6128984557894571,0.9097864671621909
233.488,48.49,-4.2,233.52100000000002,48.295,-2.7,233.685,48.379,-4.9,0,3.7907553654668273,31.689400869348702,6.064841917624971,35.65913346502212,0.6235105861823136,0.8881377820717136
234.709,42.284,0.0,234.66899999999998,42.108,0.0,234.862,42.16,-2.0,0,1.6145529016564433,13.026097250406032,3.231839305307787,16.41846282877495,0.573741022860769,0.7954138724231675
234.78199999999998,44.79,-2.1,234.588,44.699,0.0,234.791,44.646,-2.2,0,-11.940257531297167,20.192610535638327,-14.29995435863249,21.653490502288314,0.8308028501015553,0.9319099544825482
233.804,47.505,0.0,233.918,47.343,0.0,234.047,47.495,-2.2,0,-0.8320340453939453,32.565326407061306,-1.7251780277965718,33.793766951451104,0.4744282591812209,0.963555046098077
235.44799999999998,41.256,-6.5,235.451,41.433,-6.5,235.276,41.348,-4.6,0,2.622348361768737,12.38873340005942,4.176664663461111,19.489925503779745,0.6690912066390375,0.6349864733735855
234.755,43.911,-2.5,234.924,43.814,-4.4,234.933,43.993,-4.4,0,-7.659974775691818,18.279341789436362,-11.41420903259069,21.29687544030567,0.6703851306036769,0.8581979116285761
234.767,45.17,-2.6,234.90300000000002,45.053,-4.2,234.92700000000002,45.258,-4.5,0,-11.149389973752138,20.614202964746475,-13.919549216390127,22.481421465139828,0.7947154616746624,0.915990382314217
234.755,43.911,-2.5,234.74,43.733,-2.4,234.924,43.814,-4.4,0,-7.418150600729713,18.833904393974493,-11.038012872978499,21.552628016228937,0.671333336597433,0.8737635722784792
233.786,48.221,-4.6,233.902,48.378,-6.5,233.685,48.379,-4.9,0,2.026284578608766,31.6657583205497,3.4980418666895634,35.54853320786145,0.5766877121285746,0.8903264168478036
235.248,41.188,-4.2,235.44799999999998,41.256,-6.5,235.276,41.348,-4.6,0,3.7541817876761137,12.96560862847176,5.640020548553636,19.597690378651833,0.6980577425016177,0.6607980628681471
235.451,41.433,-6.5,235.236,41.503,-4.6,235.276,41.348,-4.6,0,6.169741454954162,11.083628308892866,9.329660153341827,17.19999503071483,0.6770829536360341,0.6444106029624229
235.281,42.312,-6.5,235.253,42.489,-6.5,235.09699999999998,42.386,-4.2,0,2.360171153845769,9.04733263393505,7.282897979687164,13.234944184622222,0.3502289014221718,0.6912565525121314
235.048,42.708,-4.3,234.921,42.84,-2.8,234.869,42.696,-2.0,0,2.3675709494974235,9.618808226980349,6.9600064332151845,11.986918307635094,0.37149180777572766,0.8089169859270635
234.563,44.873,0.0,234.78199999999998,44.79,-2.1,234.709,44.938,-1.9,0,-4.936132237297213,24.057482510964295,-5.809398580697845,25.569740668628974,0.8386997226428015,0.9404086286301394
235.226,42.665,-6.5,235.201,42.842,-6.5,235.048,42.708,-4.3,0,1.8085065154933053,8.512550131412812,7.006789745028215,11.62519059897555,0.28624192487754735,0.7411291092078439
234.78199999999998,44.79,-2.1,234.911,44.883,-3.8,234.709,44.938,-1.9,0,-4.842699391860472,23.533456848898513,-5.842464681637033,25.472857186682063,0.8166255750556478,0.9232608242145063
234.595,46.953,-4.9,234.514,47.122,-4.8,234.377,46.998,-3.3,0,-1.7808932705385252,27.268159759771866,-4.111250999645424,28.691987449110428,0.42777858435631005,0.950028913515133
234.248,46.938,-2.1,234.32,46.758,-2.1,234.44,46.87,-3.4,0,-2.14683606486716,27.41739599202847,-4.546012326384716,28.495739160696846,0.4737663391165477,0.9617359367418955
234.951,42.568,-2.7,235.048,42.708,-4.3,234.869,42.696,-2.0,0,3.00970348062735,9.03097647900295,8.533732344411732,11.405968581238966,0.3770593778305316,0.7990895020433244
234.477,46.235,-2.0,234.723,46.182,-4.0,234.638,46.35,-3.6,0,-5.568993235628117,25.085278926366005,-8.755789695693345,26.534384584186824,0.6315448373054589,0.9444255002749711
232.309,48.956,0.0,232.57299999999998,48.99,-2.5,232.41500000000002,49.088,-2.1,0,4.685438351210974,30.852044108687284,6.536965471662766,38.07296610376513,0.7147352932518346,0.8090033319609105
233.39100000000002,48.789,-6.5,233.209,48.92,-6.5,233.2,48.754,-4.4,0,7.319288031414838,28.698074777643214,11.295203207786184,35.69065872898731,0.6470394709569489,0.8029791248237923
233.025,49.051,-6.5,232.848,49.185,-6.5,232.813,49.027,-4.7,0,6.860951472221669,28.04648585943555,10.429702024975471,36.81485053703593,0.6568179763896649,0.7603965124154737
232.74200000000002,48.885,-2.5,232.97899999999998,48.929,-4.8,232.813,49.027,-4.7,0,8.881312369850209,28.70738736610673,12.86129328000102,35.851736679491665,0.6898237341058264,0.7993832271490725
234.628,44.35,0.0,234.839,44.265,-2.7,234.773,44.422,-2.0,0,-6.770347179208521,20.37658832034764,-8.48189051581437,22.329918809525935,0.7978624535552228,0.9124916493675393
232.173,49.109,0.0,232.309,48.956,0.0,232.41500000000002,49.088,-2.1,0,1.439597515804178,31.434482176549302,1.9887432623163832,38.8170067759566,0.7156366728093447,0.8085091694540493
235.126,44.795,-6.5,234.911,44.883,-3.8,234.95999999999998,44.719,-4.4,0,-10.558142211068064,19.289591529339706,-13.702814990244654,21.998212330185126,0.764491710233836,0.8755911131934857
233.56799999999998,48.656,-6.5,233.39100000000002,48.789,-6.5,233.37099999999998,48.628,-4.5,0,6.681399195975319,29.322111116155135,10.561613785683052,35.4161732431979,0.6315437530485893,0.827029567286972
234.32,46.758,-2.1,234.36700000000002,46.584,-2.0,234.511,46.679,-3.5,0,-3.132952615701316,26.825268556092684,-6.102122584507942,27.940711542204518,0.5149667467114357,0.9595260391972221
234.736,46.461,-4.7,234.638,46.35,-3.6,234.826,46.311,-5.1,0,-4.188011335415552,25.206401778549345,-7.09121374908829,27.115692710602225,0.5839016086294179,0.9284249065865879
234.716,42.779,0.0,234.725,42.6,0.0,234.869,42.696,-2.0,0,3.0151040903739164,10.42824822496014,7.318054205420253,12.421818308939422,0.44355572899910806,0.8444367309839634
234.736,43.555,-2.3,234.519,43.473,0.0,234.756,43.43,-2.3,0,-4.147728918478851,21.078316342329156,-6.665411555310044,23.496309263594114,0.6213964928491204,0.8970038551233401
235.123,44.617,-6.5,235.126,44.795,-6.5,234.95999999999998,44.719,-4.4,0,-7.914557116328563,17.872756594656884,-10.746726963165884,21.085943551305917,0.7361427549933582,0.8474889195504034
235.122,44.439,-6.5,234.909,44.529,-3.8,234.936,44.401,-4.1,0,-7.210854216825341,18.622223609089772,-9.763381431874251,21.747744750020956,0.7381517803524357,0.8561663251196651
233.902,48.378,-6.5,233.739,48.518,-6.5,233.685,48.379,-4.9,0,4.797602516882146,30.55959898009607,8.251682423307717,35.0155498604592,0.5801481570407133,0.8721862373140455
233.488,48.49,-4.2,233.56799999999998,48.656,-6.5,233.37099999999998,48.628,-4.5,0,4.4703378139221455,30.64658171652388,7.025928891018372,36.01060195211055,0.6346247549563591,0.8502935071217669
234.628,44.53,0.0,234.628,44.35,0.0,234.773,44.422,-2.0,0,-8.47142958384498,19.945769702761165,-10.281821445094522,21.47536271340283,0.8236815327494441,0.9287620328946642
233.376,48.16,0.0,233.50900000000001,48.004,0.0,233.588,48.137,-2.0,0,1.0681619042569903,33.14589750471132,1.7261554816750149,35.67491263957143,0.6169756714673644,0.928785855550301
234.787,44.08,-2.7,234.755,43.911,-2.5,234.933,43.993,-4.4,0,-8.57930659972621,18.25262757029915,-12.073417225678796,20.846825548215136,0.7100025382382383,0.8754815020863981
234.90300000000002,45.053,-4.2,235.113,45.15,-6.5,234.92700000000002,45.258,-4.5,0,-10.474913944561223,20.167277058482927,-13.516154793565423,22.617154510959462,0.7679412781745434,0.8904330065627083
234.70600000000002,46.618,-4.8,234.64600000000002,46.791,-4.8,234.511,46.679,-3.5,0,-2.776021135961893,26.31602556183905,-5.567491922784484,27.935327881398337,0.4943178661100566,0.9413144424997355
234.725,42.6,0.0,234.951,42.568,-2.7,234.869,42.696,-2.0,0,3.507205185204854,9.48439399471154,8.794417478026816,11.625803934557752,0.42323885410767953,0.8220352273133533
234.872,41.236,0.0,234.951,41.067,0.0,235.05200000000002,41.214,-2.0,0,10.736207364833122,11.394610443810064,14.026788057301395,15.877618198426958,0.7771923095579866,0.7173566172565414
233.209,48.92,-6.5,233.025,49.051,-6.5,232.97899999999998,48.929,-4.8,0,7.540458098221103,28.0930349833961,11.499282779684924,36.08806948087569,0.654835734319283,0.7771530764600588
234.914,41.826,-2.0,234.916,41.672,-2.1,235.058,41.755,-3.4,0,3.230966909328572,12.701251821945691,5.03919477161449,17.715373150709468,0.677560990413339,0.7178037252684486
234.36700000000002,46.584,-2.0,234.422,46.406,-2.0,234.566,46.524,-3.5,0,-3.8464450691418577,26.352343659541084,-6.825535213297844,27.515906633873037,0.5627743034071904,0.9570374528420399
233.183,48.63,-2.8,233.089,48.464,0.0,233.265,48.528,-2.5,0,4.404736565568891,31.778363061681393,6.42088050980769,36.43102222901474,0.6843674663858443,0.8715378523533494
233.37099999999998,48.628,-4.5,233.39100000000002,48.789,-6.5,233.2,48.754,-4.4,0,6.272056207330647,29.682654378573723,9.621323995981772,35.89924386458004,0.6507173781558376,0.825878219120033
234.566,45.053,0.0,234.563,44.873,0.0,234.709,44.938,-1.9,0,-12.594905469912252,20.745027132595677,-14.773475535451059,21.828764540337275,0.8483234258499219,0.9498713151280238
234.987,44.147,-5.0,234.787,44.08,-2.7,234.933,43.993,-4.4,0,-7.448465979938564,18.49238712407269,-10.632759875069326,21.588044179185474,0.6998936242225308,0.8564922217185557
232.57299999999998,48.99,-2.5,232.57999999999998,49.168,-4.2,232.41500000000002,49.088,-2.1,0,4.760923662324922,30.20702505120041,6.793779373248537,38.06660681073175,0.6988659165653548,0.7921407575724593
232.57299999999998,48.99,-2.5,232.74200000000002,48.885,-2.5,232.813,49.027,-4.7,0,9.288986826975217,28.889468113577994,13.241584085706451,35.90883767968189,0.7008263279505138,0.803138193365148
235.124,44.084,-6.5,235.12,44.262,-6.5,234.987,44.147,-5.0,0,-6.424144390080759,17.40472095957652,-9.907143717105512,21.89233321518799,0.647750434036283,0.7947923692610863
234.78199999999998,44.79,-2.1,234.791,44.646,-2.2,234.95999999999998,44.719,-4.4,0,-11.24363846544069,19.93069101475213,-13.903436064931995,21.873551648788805,0.8037776143904005,0.9103150918178137
235.159,43.196,-6.5,235.14600000000002,43.373,-6.5,235.003,43.296,-4.7,0,-3.2888491191164504,17.77397885376453,-8.744577729217625,23.083931668898316,0.3754327365252526,0.7696554549012065
234.64600000000002,46.791,-4.8,234.595,46.953,-4.9,234.44,46.87,-3.4,0,-2.0385447692302145,26.89815750158108,-4.440229234866742,28.409316938258577,0.4534685314011434,0.9463060239104004
235.253,42.489,-6.5,235.226,42.665,-6.5,235.112,42.551,-4.7,0,1.949481848029153,8.751837824665794,7.137418243133737,12.412062635696316,0.3007504073435091,0.713797196141486
234.997,46.213,-6.5,234.971,46.389,-6.5,234.826,46.311,-5.1,0,-6.065136366547441,23.07335183839647,-10.321645254930992,25.84026079520405,0.581991115998579,0.8912030377072022
235.189,41.661,-4.5,235.166,41.851,-4.5,235.058,41.755,-3.4,0,4.590599123458703,11.11981102744386,7.437196836004546,16.588262873946675,0.6385674263044854,0.6718335517226037
234.82,45.899,-4.3,235.02100000000002,46.036,-6.5,234.833,46.068,-4.7,0,-6.8037189970352205,23.157403685197867,-10.053920391015772,25.572686390575768,0.668602410947448,0.9039486703192275
235.113,45.15,-6.5,235.1,45.327,-6.5,234.92700000000002,45.258,-4.5,0,-9.15617134568611,20.541032974930783,-12.143013009951197,23.48496985372515,0.745585353555117,0.8731842128268724
235.17700000000002,43.019,-6.5,234.957,43.141,-3.6,235.013,42.979,-4.2,0,-2.9786895646793066,18.475556376543896,-8.642955256067765,23.337259390496413,0.3445963354571385,0.7914216611573851
233.011,48.768,-3.0,233.183,48.63,-2.8,233.2,48.754,-4.4,0,7.688983923383785,29.841064619727586,11.268699790633478,35.60844264970089,0.6814288842321203,0.8370231370427246
234.839,44.265,-2.7,234.936,44.401,-4.1,234.773,44.422,-2.0,0,-6.6699741581359575,19.834306639102206,-8.641271817181007,22.270942745155253,0.7714699479572437,0.890528525331526
235.124,44.084,-6.5,234.987,44.147,-5.0,234.933,43.993,-4.4,0,-6.730738065759494,17.749987610016273,-10.279792766174992,21.772849651005117,0.6540405144915429,0.8150491193063105
235.09699999999998,42.386,-4.2,235.253,42.489,-6.5,235.112,42.551,-4.7,0,2.238154129548006,9.266870682365838,7.096585277086149,12.999724859688655,0.3437855982281024,0.720498083583598
235.1,40.384,-3.3,235.2,40.393,-6.5,235.122,40.45,-3.7,0,0.760359968425306,10.83228209983895,1.8529495000311726,25.5625580713985,0.6243572203884663,0.4196739214215327
232.122,49.693,-3.3,232.06,49.636,0.0,232.174,49.619,-3.1,0,0.24403390614282808,31.13525258598936,0.37677691600818797,42.42602352155873,0.6052804731414133,0.7323828734760628
234.215,47.089,-2.3,234.248,46.938,-2.1,234.377,46.998,-3.3,0,-2.171790689847452,27.60849446755666,-4.868741753099428,28.668390151895363,0.45012534132804444,0.9627012642339575
234.736,46.461,-4.7,234.70600000000002,46.618,-4.8,234.566,46.524,-3.5,0,-4.039141573395085,25.544630657210664,-7.448550694531463,27.254787069258626,0.5390241771328763,0.9363229807215318
234.911,44.883,-3.8,234.78199999999998,44.79,-2.1,234.95999999999998,44.719,-4.4,0,-10.951634665872215,20.03353227892206,-13.657728080139062,22.118543889429056,0.7964074635533829,0.9047882085011548
232.97899999999998,48.929,-4.8,233.025,49.051,-6.5,232.813,49.027,-4.7,0,8.727731318759703,27.91050532373157,13.048240788858898,35.769251562465314,0.6681709924745088,0.7789070816131373
234.933,43.458,-4.2,234.736,43.555,-2.3,234.756,43.43,-2.3,0,-3.806108039188461,20.402276064526085,-6.701841743421127,23.527982096853535,0.566901364694887,0.8670089673228041
233.183,48.63,-2.8,233.37099999999998,48.628,-4.5,233.2,48.754,-4.4,0,6.315131693884681,30.30049483243315,9.443624553846206,35.93157840193127,0.6675678014943608,0.842375470947911
234.566,46.524,-3.5,234.70600000000002,46.618,-4.8,234.511,46.679,-3.5,0,-2.8703228190491092,26.33217171813362,-5.447911205565969,27.8597237583698,0.5220458536755306,0.9443964578191119
234.595,46.953,-4.9,234.377,46.998,-3.3,234.44,46.87,-3.4,0,-1.9997736944026918,27.2079337411316,-4.460582909064772,28.54440190121567,0.4455329663822095,0.9527695528936362
234.638,46.35,-3.6,234.723,46.182,-4.0,234.826,46.311,-5.1,0,-5.410938297928638,24.665905239746657,-8.74709482206822,26.497885017852628,0.613072417329719,0.9296737213813365
234.36700000000002,46.584,-2.0,234.566,46.524,-3.5,234.511,46.679,-3.5,0,-2.996117834991609,26.642802450182757,-5.602674355092283,27.897564014874206,0.5327100694843137,0.9543591247089817
233.265,48.528,-2.5,233.488,48.49,-4.2,233.37099999999998,48.628,-4.5,0,4.294396460050385,31.264233103068424,6.540260034902049,36.154153629909885,0.654943761575323,0.8640270659051925
234.936,44.401,-4.1,234.909,44.529,-3.8,234.773,44.422,-2.0,0,-7.525440862274839,19.36766895245792,-9.699240896428009,21.758231996709625,0.7755328067846616,0.8900666310151254
233.183,48.63,-2.8,233.265,48.528,-2.5,233.37099999999998,48.628,-4.5,0,4.823373198699277,31.121195998764474,7.191779357710374,36.23724565808894,0.6691511540265276,0.8580220074424796
234.377,46.998,-3.3,234.248,46.938,-2.1,234.44,46.87,-3.4,0,-2.115274322356354,27.435247943409216,-4.652943895172061,28.56901350592971,0.45599131420488553,0.9599324048400015
235.2,40.393,-6.5,235.239,40.568,-6.5,235.122,40.45,-3.7,0,-0.4150267704828061,11.72769365109678,-0.05335430991694068,25.212253711010646,0.6295309680088048,0.46090271538129984
232.34300000000002,49.605,-6.5,232.184,49.75,-6.5,232.174,49.619,-3.1,0,4.172872580415547,29.368231867791668,7.0472048653531605,40.93288763046521,0.5904984779144786,0.7158983301162074
235.0,40.375,0.0,235.1,40.384,-3.3,235.122,40.45,-3.7,0,0.8553464963004735,10.874601122249421,1.9415614336535896,25.721467864404772,0.6441355109530147,0.4185907098953257
232.184,49.75,-6.5,232.122,49.693,-3.3,232.174,49.619,-3.1,0,0.3596320176194476,30.53386683088301,0.5831831541469175,42.30450303330779,0.5903652337274097,0.7202658811019886
232.34300000000002,49.605,-6.5,232.155,49.468,0.0,232.411,49.299,-3.8,0,-3.1924624054633384,30.08580191278003,-5.03266895994501,40.32415991737463,0.6383028142808825,0.7446928556595397
232.50900000000001,49.463,-6.5,232.34300000000002,49.605,-6.5,232.411,49.299,-3.8,0,5.1426489084668745,28.364012765088578,8.194570082432035,38.73573536668708,0.6261670913201605,0.7306629663653981
233.05200000000002,49.335,-11.5,232.678,49.324,-6.5,232.848,49.185,-6.5,0,5.744103338452843,26.983653918070384,9.378799826565587,37.932565025641594,0.6113307917601455,0.7098130968208347
233.05200000000002,49.335,-11.5,232.858,49.463,-11.5,232.678,49.324,-6.5,0,7.744647302495683,25.262519044513507,13.334657487605478,37.059159154335745,0.5802107151268888,0.6800496392626988
235.2,40.393,-6.5,235.281,40.377,-9.0,235.30700000000002,40.454,-9.0,0,-2.1088668971366333,10.491973052217858,-2.97527254209362,25.20154445245393,0.5774247862300877,0.411106791715705
235.281,40.377,-9.0,235.362,40.361,-11.5,235.30700000000002,40.454,-9.0,0,-2.1341974873805034,10.174886495155556,-3.169795987780546,25.18116787672116,0.5494816309125493,0.3988392472617836
232.34300000000002,49.605,-6.5,232.67000000000002,49.595,-11.5,232.486,49.729,-11.5,0,6.498214144121072,26.287485173361603,11.665899538932763,38.90805991666153,0.5563413657524195,0.673991581281713
232.858,49.463,-11.5,232.50900000000001,49.463,-6.5,232.678,49.324,-6.5,0,5.5724741215776765,27.0879361571407,9.261743962988646,38.577959179035766,0.6005479225959515,0.7005638516946492
232.858,49.463,-11.5,232.67000000000002,49.595,-11.5,232.50900000000001,49.463,-6.5,0,7.02269309606086,25.763002053618287,12.293056689393664,38.04277241922119,0.5706269179345848,0.6755643596464519
234.601,48.098,-11.5,234.392,48.043,-8.7,234.497,47.876,-8.7,0,-0.6112285436163031,30.755012814863136,-1.6045247517959478,34.39665642344879,0.38384899498421926,0.8938453491003451
232.67000000000002,49.595,-11.5,232.34300000000002,49.605,-6.5,232.50900000000001,49.463,-6.5,0,4.9940865263325795,27.436763275727927,8.520019644057212,39.36297362951956,0.5849249891567866,0.6954160580355639
234.699,47.931,-11.5,234.601,48.098,-11.5,234.497,47.876,-8.7,0,-0.8824788446828067,30.352930637458407,-2.4996811657792772,34.16632677032257,0.3547946348713291,0.8881029585867802
235.611,41.343,-8.7,235.821,41.375,-11.5,235.601,41.536,-8.8,0,2.702308613398595,9.705422992560765,5.205541349529611,18.6727472274801,0.5458291174510976,0.5195495608582849
234.699,47.931,-11.5,234.497,47.876,-8.7,234.591,47.714,-8.7,0,-1.0048991924918764,30.615360380411985,-2.838511555429026,33.873041627852004,0.35448488402306566,0.9035851976940992
234.79000000000002,47.762,-11.5,234.699,47.931,-11.5,234.591,47.714,-8.7,0,-1.2416932095385453,30.136574006277915,-3.7614845970651416,33.6084449330594,0.3304271966425009,0.8964458243377956
235.293,43.465,-8.8,235.14600000000002,43.373,-6.5,235.34199999999998,43.238,-9.3,0,-2.8527861078455334,15.928277878378825,-8.892471353360264,23.076743571110455,0.3200359691317776,0.6897714195603417
235.821,41.375,-11.5,235.798,41.554,-11.5,235.601,41.536,-8.8,0,2.6961294153584587,8.60929818117296,5.622420931829041,18.150023643406442,0.5016913845525794,0.47444974916861654
234.49099999999999,48.262,-11.5,234.274,48.21,-8.8,234.392,48.043,-8.7,0,0.660851121685995,30.625475488946243,1.556487820921724,34.8498376387337,0.41946744187792606,0.8784345193712997
234.79000000000002,47.762,-11.5,234.591,47.714,-8.7,234.689,47.543,-8.7,0,-1.0248029250473651,30.35656741691152,-3.050768160925319,33.416826656110956,0.33518857196551616,0.9082062391678601
234.882,47.593,-11.5,234.79000000000002,47.762,-11.5,234.689,47.543,-8.7,0,-1.154551649422249,29.831794689892916,-3.6353130809402714,33.17653481987881,0.3169455224148004,0.8989529204740835
234.601,48.098,-11.5,234.49099999999999,48.262,-11.5,234.392,48.043,-8.7,0,-0.1530011282950377,30.34340195946192,-0.4149220348948166,34.7085708045127,0.387041973719006,0.8738957673557939
235.483,43.335,-11.5,235.293,43.465,-8.8,235.34199999999998,43.238,-9.3,0,-2.367043181130271,14.423534472151639,-8.943162809446406,23.086240649543537,0.2639792500421621,0.6242075260104641
234.887,47.204,-8.7,235.082,47.26,-11.5,234.793,47.377,-8.7,0,-0.2082271089355944,26.138789987094455,-0.15778102398298977,29.22705506823126,0.3394827573142845,0.8944667470725729
235.082,47.26,-11.5,234.988,47.428,-11.5,234.793,47.377,-8.7,0,-0.0745585514298183,25.967558648294823,0.29752722015425626,29.310033348797766,0.3220253196897921,0.886221896852337
234.969,47.028,-8.7,235.17000000000002,47.09,-11.5,234.887,47.204,-8.7,0,-0.8292188430059341,25.357894067532776,-1.9412725310830226,28.870314462416452,0.3631807510491309,0.8782649180910912
235.281,42.312,-6.5,235.314,42.136,-6.5,235.49200000000002,42.189,-9.3,0,2.5458462975442924,8.446158359640009,7.294272198890269,14.0361888782315,0.37105738526141957,0.6085982628615295
234.368,48.422,-11.5,234.137,48.377,-8.8,234.274,48.21,-8.8,0,1.2904938964783088,30.19888278792155,2.8091012882465325,35.238853273975394,0.4555215553520842,0.8565387927517103
235.281,42.312,-6.5,235.49200000000002,42.189,-9.3,235.461,42.355,-9.3,0,2.0923629763293095,8.030941849552251,7.047185347159171,13.70863106542312,0.31959541224727056,0.5937082195802177
234.793,47.377,-8.7,234.882,47.593,-11.5,234.689,47.543,-8.7,0,-0.594234650012837,29.994227407512685,-1.7917708832000994,33.06913584030968,0.32808239082876817,0.9068149688006789
235.601,41.536,-8.8,235.75,41.73,-11.5,235.55700000000002,41.719,-8.7,0,3.435744582231905,8.148503372591396,7.089897765538353,16.798989367890528,0.5012565648270909,0.4862634105700233
235.798,41.554,-11.5,235.75,41.73,-11.5,235.601,41.536,-8.8,0,3.7360261853584564,7.5943974675951145,7.981005865726459,16.60605866414525,0.4819512226309649,0.4582513769643527
234.988,47.428,-11.5,234.882,47.593,-11.5,234.793,47.377,-8.7,0,-0.4121905182673015,29.413491379818762,-1.2846268143097,32.901065465406674,0.31550117448937665,0.8937755870774121
235.17000000000002,47.09,-11.5,235.082,47.26,-11.5,234.887,47.204,-8.7,0,-0.37395205714745644,25.230483267388077,-0.6457073039419168,29.02788229659101,0.34257365297508374,0.8693149812077883
235.046,46.843,-8.8,235.251,46.919,-11.5,234.969,47.028,-8.7,0,-1.7782451867076816,24.225652357381023,-4.269265714344193,28.30946826330184,0.39518270716105264,0.8552389114853118
234.49099999999999,48.262,-11.5,234.368,48.422,-11.5,234.274,48.21,-8.8,0,0.7916486660978881,29.96640024168934,1.8540308208964493,35.10832372741898,0.4213169845505687,0.853124840456628
235.55700000000002,41.719,-8.7,235.704,41.907,-11.5,235.523,41.862,-8.7,0,3.3442489075544235,7.587377178455671,7.597273370253333,15.70581433848939,0.4556671117994515,0.4858872243599902
235.75,41.73,-11.5,235.704,41.907,-11.5,235.55700000000002,41.719,-8.7,0,3.2888498868360263,7.1123218381258875,7.716198915352351,15.813416733197755,0.4405039022718962,0.4521222574840178
235.251,46.919,-11.5,235.17000000000002,47.09,-11.5,234.969,47.028,-8.7,0,-0.7497362646984486,24.251269661867116,-1.6637751908476517,28.700336665442656,0.3714262090168516,0.8447689545879216
235.253,42.489,-6.5,235.281,42.312,-6.5,235.461,42.355,-9.3,0,1.9413648949176219,8.4502299201702,6.86767711830521,13.367737018093393,0.3083990395809037,0.6404845134323572
235.253,42.489,-6.5,235.461,42.355,-9.3,235.43200000000002,42.53,-9.3,0,1.5958904790661728,7.993827139832467,6.730021551586631,12.982938279193434,0.2627850572218724,0.6250660169357078
235.53,40.696,-11.5,235.269,40.744,-6.5,235.369,40.642,-9.0,0,-2.8170582068909886,13.188005742531667,-4.01000940524311,22.976327395097428,0.6230706505087102,0.570212195276026
235.1,46.677,-8.7,235.309,46.744,-11.5,235.046,46.843,-8.8,0,-1.8696774115277166,23.32916089800254,-4.1268849813471,28.08024183314423,0.43079883545356945,0.8296633458035374
235.152,46.476,-8.9,235.356,46.567,-11.5,235.1,46.677,-8.7,0,-4.372036124495039,21.378932353725013,-9.207251623484389,26.532575617136345,0.4683420100515752,0.8038124482345288
235.309,46.744,-11.5,235.251,46.919,-11.5,235.046,46.843,-8.8,0,-2.159881447789912,22.80243969882113,-5.116073192241426,27.98073441515128,0.4049407120986705,0.8140923116554946
235.226,42.665,-6.5,235.43200000000002,42.53,-9.3,235.404,42.706,-9.3,0,1.310375099315644,7.795867599984533,6.606834316403436,12.143268472104381,0.2252520484825633,0.6523319414081442
235.226,42.665,-6.5,235.253,42.489,-6.5,235.43200000000002,42.53,-9.3,0,1.583633432699111,8.262499421949041,6.770325214062126,12.515343024835232,0.26125178773310376,0.6696989561434177
235.589,41.146,-8.9,235.791,41.197,-11.5,235.611,41.343,-8.7,0,-0.27257680930729755,11.508153177219125,-0.1623119171027838,20.346336627707046,0.5736806889362541,0.5644259230149867
235.356,46.567,-11.5,235.309,46.744,-11.5,235.1,46.677,-8.7,0,-3.0509281861670043,21.511263120570174,-6.7831087582068825,27.371832671238835,0.438538358270551,0.7842438244303591
235.38,42.89,-9.3,235.201,42.842,-6.5,235.404,42.706,-9.3,0,1.1547969376027134,7.559134774382552,6.240964188446426,11.422771070220762,0.2129684673622087,0.6722116718898815
235.201,42.842,-6.5,235.226,42.665,-6.5,235.404,42.706,-9.3,0,1.3895342003765423,7.998488969939715,6.592363548927679,11.709261727543577,0.23880835024959604,0.6930614179391048
235.72199999999998,41.026,-11.5,235.589,41.146,-8.9,235.495,40.956,-8.9,0,-3.7188810030815698,12.365005552401835,-5.850731559902087,20.50286101429235,0.5980474015610928,0.6006841771704592
235.35899999999998,43.059,-9.3,235.17700000000002,43.019,-6.5,235.38,42.89,-9.3,0,1.2350128065034802,7.12139704888533,6.143926655854401,10.57028079296903,0.22685269300480865,0.6836930762630536
235.17700000000002,43.019,-6.5,235.201,42.842,-6.5,235.38,42.89,-9.3,0,1.4076191821384483,7.579993801879885,6.492871639939182,10.841685063204608,0.24336293580084312,0.708947511976296
235.791,41.197,-11.5,235.821,41.375,-11.5,235.611,41.343,-8.7,0,-0.1629563167022249,10.356180441378626,-0.008052314065523092,19.921402116969475,0.5306620889076855,0.5189324876753137
235.34199999999998,43.238,-9.3,235.159,43.196,-6.5,235.35899999999998,43.059,-9.3,0,-2.168433419966933,16.1261867543279,-8.292723407701587,23.45611253432486,0.26113604394934026,0.68706645843517
235.269,40.744,-6.5,235.53,40.696,-11.5,235.453,40.839,-9.1,0,-2.943830126738445,13.450861740690666,-4.202436042673156,22.59096584287971,0.6290270550289236,0.59196289003986
234.137,48.377,-8.8,234.197,48.561,-11.5,233.963,48.531,-8.9,0,4.621181697165466,28.850736563607867,9.353017834211077,34.653240163692864,0.49277507827216466,0.8319683160583567
235.22899999999998,45.96,-8.9,235.441,46.031,-11.5,235.20499999999998,46.135,-8.9,0,-5.854491363035128,19.407507789394273,-10.152207850252015,25.384811010457312,0.5671078653165241,0.761283906570286
235.441,46.031,-11.5,235.414,46.21,-11.5,235.20499999999998,46.135,-8.9,0,-5.261331852905463,18.6851692966776,-9.710194432620327,25.63976254638363,0.5322529030422539,0.7252683441113481
235.159,43.196,-6.5,235.17700000000002,43.019,-6.5,235.35899999999998,43.059,-9.3,0,-2.2065149426003763,16.90854439682016,-8.117481115686275,23.565560529392314,0.2716607580767173,0.7171305433264291
235.20499999999998,46.135,-8.9,235.414,46.21,-11.5,235.179,46.314,-8.9,0,-5.434391303380545,19.911943419631548,-9.947634736883913,25.731444737657085,0.5377484493501592,0.770769035845038
235.414,46.21,-11.5,235.388,46.389,-11.5,235.179,46.314,-8.9,0,-5.042426896269815,19.166162591248046,-9.846457733246897,25.85174917613685,0.5038848910728336,0.7382269075806879
235.179,46.314,-8.9,235.388,46.389,-11.5,235.152,46.476,-8.9,0,-4.819643633601426,20.589651244742644,-9.403584427445612,26.1905713638192,0.5047376644723747,0.7835119744796195
235.388,46.389,-11.5,235.356,46.567,-11.5,235.152,46.476,-8.9,0,-4.315222695925353,20.047800467244098,-8.969052850196075,26.4273895103534,0.47306549819738714,0.7560615042351994
235.452,45.851,-11.5,235.441,46.031,-11.5,235.22899999999998,45.96,-8.9,0,-6.745345006812585,17.629762285651132,-11.91818704272631,24.412604326039517,0.5573414343096974,0.7185542062069072
234.368,48.422,-11.5,234.197,48.561,-11.5,234.137,48.377,-8.8,0,4.547366077432788,28.38651764125896,9.94091185856159,34.25936874605409,0.45623191215798786,0.8280220633394132
235.452,45.851,-11.5,235.22899999999998,45.96,-8.9,235.245,45.778,-8.9,0,-6.855501697997881,18.727585178637714,-11.367217042343775,24.602113403514544,0.5936860025185159,0.7580048281199347
235.14600000000002,43.373,-6.5,235.159,43.196,-6.5,235.34199999999998,43.238,-9.3,0,-2.7895739878155252,16.66333636938312,-8.774230291697208,23.184138276197658,0.317318159079239,0.7183349680682481
233.05200000000002,49.335,-11.5,232.848,49.185,-6.5,233.049,49.181,-8.9,0,6.822665865026991,26.25209340871929,11.317937976471207,37.15885008918605,0.6019744360250592,0.7049489577687568
235.589,41.146,-8.9,235.405,41.082,-6.5,235.495,40.956,-8.9,0,-3.7532623362004336,13.037714215551254,-5.481375015991659,20.661227296828557,0.64440220995093,0.6287022389694996
235.459,45.672,-11.5,235.452,45.851,-11.5,235.245,45.778,-8.9,0,-7.3383408055991755,17.239607124884127,-12.44335368433854,23.88341386856206,0.580751629143419,0.7183647138174502
235.459,45.672,-11.5,235.245,45.778,-8.9,235.25900000000001,45.6,-8.9,0,-7.255061201467667,18.42578057028608,-11.59610865594049,24.23915927364972,0.615809520631236,0.7571408623001847
235.44799999999998,41.256,-6.5,235.589,41.146,-8.9,235.611,41.343,-8.7,0,0.057728220336163344,12.25827146879363,0.38825809031706626,20.365269109816197,0.622656421904174,0.6007675730643107
232.34300000000002,49.605,-6.5,232.486,49.729,-11.5,232.29399999999998,49.76,-8.9,0,5.365416101077246,27.24985422694195,9.587582811165934,39.73797183075776,0.5586528853195183,0.6841280621874888
235.464,45.492,-11.5,235.459,45.672,-11.5,235.25900000000001,45.6,-8.9,0,-7.728704929834206,16.952563262663197,-12.70698771704961,23.48433738496898,0.5989951454593677,0.7186291880600177
235.483,43.335,-11.5,235.475,43.514,-11.5,235.293,43.465,-8.8,0,-2.5380768110265226,13.375336642625381,-9.489163928662762,22.79388299219437,0.2666858867481876,0.5861679448707983
235.464,45.492,-11.5,235.25900000000001,45.6,-8.9,235.26999999999998,45.42,-8.9,0,-7.712638781839674,18.03712968997817,-12.017621661486494,23.774993588250805,0.6319884141496642,0.7558376474665557
235.293,43.465,-8.8,235.475,43.514,-11.5,235.288,43.633,-8.8,0,-3.199952426327099,14.020027197516887,-9.80947980088213,22.566292179527007,0.3252964497319251,0.6206999362486243
235.475,43.514,-11.5,235.465,43.694,-11.5,235.288,43.633,-8.8,0,-2.9465563394523877,13.113237984917816,-9.249104903657212,22.76577626226289,0.31760277557940286,0.5753544382302458
235.451,41.433,-6.5,235.611,41.343,-8.7,235.601,41.536,-8.8,0,3.16889239944263,10.51746279832822,5.564004069179376,18.594212710620496,0.5957880129281592,0.5654525228688723
235.62900000000002,40.86,-11.5,235.72199999999998,41.026,-11.5,235.495,40.956,-8.9,0,-4.3857808166111605,12.259085534118764,-7.154410552059119,20.583663345267297,0.5797294019506164,0.5925932962296613
235.46699999999998,45.312,-11.5,235.464,45.492,-11.5,235.26999999999998,45.42,-8.9,0,-8.043337492099885,16.634715889955753,-12.961309103800879,23.082246267712065,0.611381245406105,0.7176314430323965
234.94299999999998,46.566,-6.5,235.152,46.476,-8.9,235.1,46.677,-8.7,0,-4.5867521552779476,22.776843291602628,-9.287358632966328,26.601596083026493,0.4886284198807243,0.8545800065513571
235.704,41.907,-11.5,235.66,42.083,-11.5,235.505,42.02,-9.0,0,2.6171236867101686,6.843464793001481,7.468728141555488,14.792149664126043,0.36631184912377057,0.46751688251192275
233.902,48.378,-6.5,234.137,48.377,-8.8,233.963,48.531,-8.9,0,4.765261551901474,29.773319279537436,9.063598635801537,34.72088528416735,0.5245186490387709,0.8569607866952254
235.46699999999998,45.312,-11.5,235.26999999999998,45.42,-8.9,235.27800000000002,45.242,-8.9,0,-8.075594647229513,17.62172939034623,-12.39890822853748,23.31873593720023,0.6418276584123792,0.7530235061793169
235.465,43.694,-11.5,235.461,43.874,-11.5,235.28199999999998,43.815,-8.8,0,-3.7288112250682355,12.766684059233006,-9.99584189849,22.299107153640776,0.3720740542578941,0.5718661044338403
235.469,45.132,-11.5,235.46699999999998,45.312,-11.5,235.27800000000002,45.242,-8.9,0,-8.188835556999937,16.306282563999364,-13.085610799160804,22.749724566976866,0.6168198809711019,0.713851116623775
234.197,48.561,-11.5,234.015,48.696,-11.5,233.963,48.531,-8.9,0,5.650884571519466,27.540814872095957,11.474731189616703,34.310445971101664,0.49135563840544955,0.8019984725004131
235.02100000000002,46.036,-6.5,235.04399999999998,45.859,-6.5,235.22899999999998,45.96,-8.9,0,-6.8635147479645,21.412973164509726,-10.611474238318763,25.19725148486956,0.6377455308474069,0.8474675717315707
233.963,48.531,-8.9,234.015,48.696,-11.5,233.788,48.668,-8.9,0,5.502822010309342,28.1017350137881,10.457508889477097,34.87173159347337,0.5249872096368168,0.8051187798988457
235.466,44.952,-11.5,235.285,45.061,-8.9,235.286,44.882,-8.9,0,-8.612765273467945,16.499619015123027,-13.292656056030715,22.290996150990452,0.6397716661718182,0.7375459908180857
235.461,43.874,-11.5,235.461,44.053,-11.5,235.281,43.989,-8.8,0,-4.449497576675675,12.676431863880428,-10.483846672935996,21.92971819501267,0.42354369330579605,0.5774143543577928
234.997,46.213,-6.5,235.02100000000002,46.036,-6.5,235.20499999999998,46.135,-8.9,0,-6.402386548241616,21.802500140620268,-10.468730201174758,25.51912228623307,0.6036190752943442,0.8520445051909477
235.461,44.053,-11.5,235.461,44.233,-11.5,235.28,44.168,-8.8,0,-4.969274674993714,12.974783614668874,-10.483746501224118,21.785823955381375,0.47324242436386244,0.5949689474369664
235.02100000000002,46.036,-6.5,235.22899999999998,45.96,-8.9,235.20499999999998,46.135,-8.9,0,-6.351817867988624,21.034959686076608,-10.342215329979293,25.405971800606828,0.6051762849887619,0.8253237490034911
235.22899999999998,45.96,-8.9,235.04399999999998,45.859,-6.5,235.245,45.778,-8.9,0,-7.438349416458119,20.278244683503395,-11.552030811254347,24.610092508714608,0.6349506613971734,0.8213766143774949
234.137,48.377,-8.8,234.04500000000002,48.227,-6.5,234.274,48.21,-8.8,0,1.2323900011082112,31.036191218113363,2.5121808557388112,35.269481794456276,0.48687161061687306,0.8795774961005286
234.997,46.213,-6.5,235.20499999999998,46.135,-8.9,235.179,46.314,-8.9,0,-5.857290348646477,21.485407332799497,-10.136355006272797,25.752217309047516,0.5700354244808203,0.8318181953950866
235.465,43.694,-11.5,235.28199999999998,43.815,-8.8,235.288,43.633,-8.8,0,-3.71259736879816,13.834556856187689,-9.740269557142526,22.467684461083934,0.38015420050156035,0.6151669323994188
234.971,46.389,-6.5,234.997,46.213,-6.5,235.179,46.314,-8.9,0,-5.791695086060852,22.292828683140748,-10.161708033381892,25.906817685129337,0.5633357598010943,0.858383683209266
235.437,40.531,-11.5,235.239,40.568,-6.5,235.30700000000002,40.454,-9.0,0,-1.9859965728262552,11.83208868694532,-2.7364441817959744,24.33447673371996,0.5915206012491423,0.48173515325288246
235.461,44.053,-11.5,235.28,44.168,-8.8,235.281,43.989,-8.8,0,-5.031920544962265,13.80091237205705,-10.34611799219482,21.905554123349674,0.4855338121676967,0.6294825895484808
235.469,45.132,-11.5,235.27800000000002,45.242,-8.9,235.285,45.061,-8.9,0,-8.198459290676665,17.22446526773984,-12.546344266449974,22.980414548163868,0.6443283653477146,0.746940196946411
235.461,43.874,-11.5,235.281,43.989,-8.8,235.28199999999998,43.815,-8.8,0,-4.504001403717352,13.624835351127738,-10.34203592708269,22.04962026248782,0.4345712921615157,0.6173463033122614
234.971,46.389,-6.5,235.179,46.314,-8.9,235.152,46.476,-8.9,0,-5.160648503153496,22.100984388524516,-9.592267505840688,26.21810896154177,0.5312306080980789,0.8408009208995175
235.461,44.233,-11.5,235.461,44.413,-11.5,235.28,44.348,-8.9,0,-5.446287291399256,13.45289623124735,-10.483691979688857,21.629351389200707,0.5188704967684458,0.6214396645444803
235.04399999999998,45.859,-6.5,235.065,45.682,-6.5,235.245,45.778,-8.9,0,-7.360842387934409,21.018958736094646,-10.894048667232092,24.821582795300074,0.6660380392472451,0.8445496753154523
234.94299999999998,46.566,-6.5,234.971,46.389,-6.5,235.152,46.476,-8.9,0,-5.200798225137101,22.814509944416777,-9.89421873786798,26.26834805755765,0.5206100337619969,0.8667554155108985
235.314,42.136,-6.5,235.35,41.961,-6.5,235.505,42.02,-9.0,0,3.224552607826984,8.529879436949056,7.616592832282166,14.77686819706443,0.44241981509544737,0.5822126138465984
235.466,44.952,-11.5,235.469,45.132,-11.5,235.285,45.061,-8.9,0,-8.534902199579356,15.682111818266563,-13.700486338899541,22.116581684166295,0.6147474639375685,0.7061265662988866
233.902,48.378,-6.5,234.04500000000002,48.227,-6.5,234.137,48.377,-8.8,0,2.549764122461631,30.943530365854016,4.8835400127916415,35.253543244481946,0.5200856243728712,0.8772986261274063
234.893,46.74,-6.5,235.1,46.677,-8.7,235.046,46.843,-8.8,0,-2.0065063499520033,24.579982773471695,-4.314094932320607,28.128688513184443,0.44677087117382114,0.8728160536251955
235.461,44.413,-11.5,235.462,44.593,-11.5,235.28199999999998,44.525,-8.9,0,-5.910592938606235,13.937742906740837,-10.602218276359793,21.43137980031689,0.5569664729479055,0.6498754977758829
235.72199999999998,41.026,-11.5,235.791,41.197,-11.5,235.589,41.146,-8.9,0,-2.6773785599048967,11.563389422575046,-4.462734177843032,20.390579381733076,0.555767787207372,0.5651947092914784
235.461,44.233,-11.5,235.28,44.348,-8.9,235.28,44.168,-8.8,0,-5.151287244037924,14.401442372790335,-9.648245799172997,22.081233918701287,0.5331946432516321,0.6517175610240088
235.245,45.778,-8.9,235.065,45.682,-6.5,235.25900000000001,45.6,-8.9,0,-7.8699918069894705,19.915753722215676,-11.774614786328712,24.245820058704155,0.6589895082061462,0.8189504598623202
235.28,44.348,-8.9,235.461,44.413,-11.5,235.28199999999998,44.525,-8.9,0,-6.150089753881317,14.54126746475103,-10.708008647133184,21.42836803928715,0.5737893046376159,0.6781687477074679
234.274,48.21,-8.8,234.173,48.072,-6.5,234.392,48.043,-8.7,0,0.5398384953129055,31.316665662587177,1.1927407042902267,34.87453212544277,0.4475311841724058,0.8976707785797037
233.788,48.668,-8.9,233.824,48.823,-11.5,233.607,48.799,-8.9,0,6.4868231026968495,27.261247038128698,11.761820566817548,35.008556292108,0.5504689270186388,0.7777795337422123
235.462,44.593,-11.5,235.463,44.773,-11.5,235.28300000000002,44.702,-8.9,0,-6.219740891483442,14.388512260658564,-10.601735538791857,21.289557094505568,0.586233258683803,0.6754574610665913
235.25900000000001,45.6,-8.9,235.086,45.504,-6.5,235.26999999999998,45.42,-8.9,0,-8.356953342189948,19.46096160941631,-12.18895630174001,23.78409195563147,0.6762649209643373,0.8159359179755615
235.065,45.682,-6.5,235.086,45.504,-6.5,235.25900000000001,45.6,-8.9,0,-7.610720617123471,20.71894972230479,-10.916262760854561,24.5621825459912,0.6871241564755143,0.8414273344980865
235.463,44.773,-11.5,235.466,44.952,-11.5,235.286,44.882,-8.9,0,-8.396710253361208,15.233947895959323,-13.700246060868398,21.852613394652384,0.605173072158154,0.6941303183114574
235.462,44.593,-11.5,235.28300000000002,44.702,-8.9,235.28199999999998,44.525,-8.9,0,-6.414464328598403,15.022802417491397,-10.587399685252322,21.349330198553446,0.6053962981826305,0.7033000856702488
234.832,46.913,-6.5,234.893,46.74,-6.5,235.046,46.843,-8.8,0,-2.220721018770002,25.242202150298493,-4.957263459819057,28.17559248211512,0.4350286924513561,0.8951355703337418
233.739,48.518,-6.5,233.963,48.531,-8.9,233.788,48.668,-8.9,0,5.699692181470977,29.09996877725101,10.202229656356526,34.928653291433065,0.5574860110278491,0.8324285695846079
234.893,46.74,-6.5,234.94299999999998,46.566,-6.5,235.1,46.677,-8.7,0,-3.1911734984617017,24.294157848667457,-6.600885776735026,27.55415274523797,0.47491187524349143,0.8804532760727701
234.015,48.696,-11.5,233.824,48.823,-11.5,233.788,48.668,-8.9,0,6.895200522812485,26.53378546846471,13.237521865762222,34.222990854559264,0.5199518265987465,0.774450310401603
235.463,44.773,-11.5,235.286,44.882,-8.9,235.28300000000002,44.702,-8.9,0,-8.74558149959976,15.776826463508938,-13.778960088778042,21.719673078284142,0.6274188356701166,0.7236255207849196
233.739,48.518,-6.5,233.902,48.378,-6.5,233.963,48.531,-8.9,0,4.734880617410695,30.049395234773584,8.493850880361675,35.11355281967725,0.5561003084629444,0.8551863421438923
235.523,41.862,-8.7,235.704,41.907,-11.5,235.505,42.02,-9.0,0,3.0779974222991915,7.373061483132404,7.631118981858421,15.156902136629299,0.4191784343456878,0.49040492220499626
234.04500000000002,48.227,-6.5,234.173,48.072,-6.5,234.274,48.21,-8.8,0,1.2007943549772249,31.42902998251323,2.480776547063938,35.05000696698124,0.481201360008282,0.8963518982070111
235.44799999999998,41.256,-6.5,235.405,41.082,-6.5,235.589,41.146,-8.9,0,-0.7163549727168682,13.14731516443459,-0.7837280629735233,20.823611390177973,0.6526770768119995,0.6298488368010976
234.769,47.085,-6.5,234.969,47.028,-8.7,234.887,47.204,-8.7,0,-0.9046917523781312,26.202868930407465,-2.1139049138309254,28.946978806469467,0.3774419546900735,0.9050230863302272
233.56799999999998,48.656,-6.5,233.788,48.668,-8.9,233.607,48.799,-8.9,0,6.728526071609581,28.2790433927224,11.525652524989205,35.04403446018027,0.5827518451714591,0.8060757899320875
235.423,41.609,-6.5,235.451,41.433,-6.5,235.601,41.536,-8.8,0,4.06130314385862,10.118329980696075,6.995321020478869,17.67486757996018,0.6002843537915546,0.572769306359327
234.392,48.043,-8.7,234.287,47.911,-6.5,234.497,47.876,-8.7,0,-0.7717248670163956,31.308524973570872,-1.8895786214388082,34.372285759582525,0.40975875220033076,0.9106198295560228
234.832,46.913,-6.5,235.046,46.843,-8.8,234.969,47.028,-8.7,0,-1.8731377075561086,25.2938052511296,-4.392357559299473,28.385623148186284,0.4093138422896507,0.8905491079679378
235.086,45.504,-6.5,235.1,45.327,-6.5,235.26999999999998,45.42,-8.9,0,-8.42711649815038,20.046068677399322,-11.847593789326812,23.866631039210343,0.7018914819543559,0.8379481095631786
235.285,45.061,-8.9,235.125,44.972,-6.5,235.286,44.882,-8.9,0,-9.363244467202897,17.82143276926763,-13.447358476710708,22.302735449768193,0.6885447636392629,0.7969232823381662
235.437,40.531,-11.5,235.53,40.696,-11.5,235.369,40.642,-9.0,0,-4.635208418192845,12.00659295801191,-7.4818183917952865,22.48627578458779,0.576338420038955,0.5289961542702275
235.26999999999998,45.42,-8.9,235.1,45.327,-6.5,235.27800000000002,45.242,-8.9,0,-8.752586778133352,19.001282999290062,-12.565274104194529,23.325364865925515,0.6875299394466257,0.8124533040532446
235.423,41.609,-6.5,235.601,41.536,-8.8,235.55700000000002,41.719,-8.7,0,4.069977332701106,9.162276426915371,7.495556229205107,16.92974362015434,0.5599928530665267,0.5421209972313907
235.451,41.433,-6.5,235.44799999999998,41.256,-6.5,235.611,41.343,-8.7,0,2.22138699133749,11.75133458592463,3.784340821594668,19.5330777085791,0.6309372552259875,0.6009652485896924
233.56799999999998,48.656,-6.5,233.739,48.518,-6.5,233.788,48.668,-8.9,0,5.614110963980869,29.393447265321825,9.573346850787642,35.34663557375087,0.585175518281426,0.8308216324139229
235.1,45.327,-6.5,235.113,45.15,-6.5,235.27800000000002,45.242,-8.9,0,-8.621744421803342,19.66592600433153,-11.984254551324462,23.545368216616396,0.7103008406700873,0.8333679201473628
233.824,48.823,-11.5,233.632,48.952,-11.5,233.607,48.799,-8.9,0,7.106708024799159,26.025471145031748,13.08821642220308,34.822870084541044,0.5420926629607403,0.7463185132830839
234.173,48.072,-6.5,234.287,47.911,-6.5,234.392,48.043,-8.7,0,-0.04938258614562364,31.579903777327658,-0.11994920299942002,34.66674170702019,0.44136355739312594,0.9106928975791828
234.688,47.254,-6.5,234.887,47.204,-8.7,234.793,47.377,-8.7,0,-0.25183002620507833,26.828485349116434,-0.32386629164003367,29.309610277420802,0.35668610286146285,0.915346532211732
235.269,40.744,-6.5,235.239,40.568,-6.5,235.369,40.642,-9.0,0,0.28455540020698755,13.374052703400249,0.9569198360655378,23.696833399295812,0.6484358861328985,0.5613105094937424
235.312,40.919,-6.5,235.269,40.744,-6.5,235.453,40.839,-9.1,0,-0.7440134280124356,14.187305594499227,-0.682565799565964,22.592774426228075,0.6721280964584638,0.6253726156843685
234.769,47.085,-6.5,234.832,46.913,-6.5,234.969,47.028,-8.7,0,-1.9066168263850554,25.911673151832442,-4.615649095590541,28.506721613541018,0.3993721271934182,0.9086027747597274
235.27800000000002,45.242,-8.9,235.113,45.15,-6.5,235.285,45.061,-8.9,0,-8.900154948332807,18.586566634580986,-12.707754495008892,22.98979767669823,0.6917032491279513,0.8063735676342259
233.607,48.799,-8.9,233.632,48.952,-11.5,233.42000000000002,48.929,-8.9,0,7.0815674149567895,26.515608205340648,12.425773097040961,35.30510991765342,0.5689943284640334,0.7499237633305232
235.113,45.15,-6.5,235.125,44.972,-6.5,235.285,45.061,-8.9,0,-8.731807240756988,19.212007188389396,-12.127902980030868,23.21749838843914,0.7113347449356032,0.8256447739840715
234.287,47.911,-6.5,234.389,47.747,-6.5,234.497,47.876,-8.7,0,-0.8892025131281074,31.449996204148192,-2.1925871827581904,34.14751066065791,0.40555015626131596,0.920792060221874
233.632,48.952,-11.5,233.439,49.079,-11.5,233.42000000000002,48.929,-8.9,0,7.49598627478887,25.36638752036668,13.429948659000175,35.22073556123091,0.5573727974148359,0.7189720527967802
235.389,41.785,-6.5,235.55700000000002,41.719,-8.7,235.523,41.862,-8.7,0,3.9981420479103833,8.48136701305154,8.004936756565712,15.824042625035815,0.5151031511343472,0.5383582194265009
235.125,44.972,-6.5,235.126,44.795,-6.5,235.286,44.882,-8.9,0,-9.643228460265114,18.123126217319637,-13.518924195814048,22.164030382669395,0.7060894557909605,0.8157448116154296
235.389,41.785,-6.5,235.423,41.609,-6.5,235.55700000000002,41.719,-8.7,0,4.079165541614026,9.250942851813207,7.525134160073492,16.541769321231982,0.559440576023522,0.560756234160682
235.126,44.795,-6.5,235.123,44.617,-6.5,235.28300000000002,44.702,-8.9,0,-7.486803638773228,16.999524387239116,-10.776879522915607,21.154810940738102,0.694343891613359,0.8033837966924098
235.497,43.155,-11.5,235.34199999999998,43.238,-9.3,235.35899999999998,43.059,-9.3,0,-1.753686557567795,14.683910005894486,-8.321846567675792,23.477459309994615,0.21046357244819142,0.6249271214471023
235.123,44.617,-6.5,235.122,44.439,-6.5,235.28199999999998,44.525,-8.9,0,-7.1022897652778,16.844766155506665,-10.541000895799115,21.414307706188964,0.6733290537439685,0.7863783032697872
233.39100000000002,48.789,-6.5,233.56799999999998,48.656,-6.5,233.607,48.799,-8.9,0,6.563085753768942,28.61903990504774,10.792443959508763,35.52099883760334,0.6070307476499794,0.8047449799152737
233.439,49.079,-11.5,233.24599999999998,49.207,-11.5,233.232,49.058,-8.9,0,7.548380116631251,24.942087845046284,13.312137771687881,35.789870305396946,0.5663237711245878,0.6954956557223133
235.122,44.439,-6.5,235.12,44.262,-6.5,235.28,44.348,-8.9,0,-6.860878051271426,16.48146570694149,-10.6624577582987,21.49526149001929,0.6429018679541014,0.7664752117910508
234.594,47.42,-6.5,234.793,47.377,-8.7,234.689,47.543,-8.7,0,-0.7276277037952295,30.460061063498998,-2.0537154752298754,33.05190375117064,0.3501326060343597,0.9214177579422456
234.688,47.254,-6.5,234.769,47.085,-6.5,234.887,47.204,-8.7,0,-0.8021442973554468,26.742030940797168,-1.8711980689549677,29.110167770365926,0.37334122211250587,0.918527598374042
235.286,44.882,-8.9,235.126,44.795,-6.5,235.28300000000002,44.702,-8.9,0,-9.558997235293026,17.112722501345644,-13.931817893827606,21.730432707806898,0.679227376147914,0.7852665766160676
234.497,47.876,-8.7,234.389,47.747,-6.5,234.591,47.714,-8.7,0,-1.18292430271196,31.096664857289753,-3.118273624205898,33.83319159391421,0.37906607035084117,0.9189119497918706
235.405,41.082,-6.5,235.312,40.919,-6.5,235.495,40.956,-8.9,0,-4.665764224142632,13.444650602210618,-6.58447032745697,20.782388255585072,0.6726434212745861,0.6441379378812673
235.28300000000002,44.702,-8.9,235.123,44.617,-6.5,235.28199999999998,44.525,-8.9,0,-6.986813645860069,16.424763148915517,-10.556125429597074,21.34845967667242,0.6614480786944357,0.7691075763339761
233.24599999999998,49.207,-11.5,233.05200000000002,49.335,-11.5,233.049,49.181,-8.9,0,7.645415341644144,24.66398047244193,13.40180671874367,36.25696246538384,0.5698510288275687,0.6787158527636455
235.12,44.262,-6.5,235.124,44.084,-6.5,235.28,44.168,-8.8,0,-5.991411027207353,16.394330928654632,-9.934393329504516,21.97425535236499,0.602371899130057,0.7457554666038204
235.122,44.439,-6.5,235.28,44.348,-8.9,235.28199999999998,44.525,-8.9,0,-6.772344451518349,16.041346045917155,-10.676643234226603,21.42977637348291,0.6337940246849277,0.7482487683325934
233.39100000000002,48.789,-6.5,233.607,48.799,-8.9,233.42000000000002,48.929,-8.9,0,7.3471668129681635,27.583843805605287,12.200375912144372,35.34255561047996,0.6012867713948281,0.7793915838526435
233.42000000000002,48.929,-8.9,233.439,49.079,-11.5,233.232,49.058,-8.9,0,7.3561293210987495,25.94605771316907,12.642600921037559,35.75548055035013,0.5810383354689551,0.7243473788139814
235.537,42.797,-11.5,235.38,42.89,-9.3,235.404,42.706,-9.3,0,0.8453837213576751,6.968648912516293,5.85915450707077,11.540726686444316,0.1716551283019549,0.6150740856093955
235.49200000000002,42.189,-9.3,235.314,42.136,-6.5,235.505,42.02,-9.0,0,2.668711673332798,8.113796462918643,7.247713261129533,14.49670489506343,0.3883503283482865,0.5656551102999942
234.389,47.747,-6.5,234.49200000000002,47.584,-6.5,234.591,47.714,-8.7,0,-0.7550049553603786,31.26727416557139,-1.985604448926864,33.73653570613348,0.37837715230018204,0.926627581471924
235.28,44.168,-8.8,235.124,44.084,-6.5,235.281,43.989,-8.8,0,-5.6883164253255565,15.43959552785568,-10.315221913779368,21.881565188491596,0.5506428953015114,0.7052033049111684
235.461,42.355,-9.3,235.59199999999998,42.439,-11.5,235.43200000000002,42.53,-9.3,0,1.281678754752526,7.326704271062462,6.3503380746722655,13.123480650314647,0.22651734830625872,0.5679994047033022
235.35,41.961,-6.5,235.389,41.785,-6.5,235.523,41.862,-8.7,0,3.8859426524057126,8.71443962235424,7.914095460713071,15.505139469466457,0.507847551894538,0.5651583824824886
235.124,44.084,-6.5,235.128,43.906,-6.5,235.281,43.989,-8.8,0,-5.5042314738883915,16.1252581864233,-9.932145459554846,22.12302090162099,0.5533042413532517,0.7285352023252957
235.43200000000002,42.53,-9.3,235.562,42.618,-11.5,235.404,42.706,-9.3,0,1.0038798968241878,7.180647492787455,6.2289595547945,12.275768049725343,0.18725102024207352,0.5958930201387879
234.594,47.42,-6.5,234.688,47.254,-6.5,234.793,47.377,-8.7,0,-0.09375368808822114,27.251540449718725,0.11609730308529365,29.453116336667705,0.36027049047373727,0.9252381763619808
235.517,42.976,-11.5,235.35899999999998,43.059,-9.3,235.38,42.89,-9.3,0,0.8931936144678636,6.550325762650324,5.756370512660752,10.68113604107829,0.18074172001129157,0.6240889049109675
235.14,43.551,-6.5,235.14600000000002,43.373,-6.5,235.293,43.465,-8.8,0,-3.7166148642347068,16.33986406441139,-9.675921361664393,22.66695658250717,0.3832151126710926,0.7204579754540248
235.53,40.696,-11.5,235.62900000000002,40.86,-11.5,235.453,40.839,-9.1,0,-4.939143562394028,12.419355078765829,-7.9612247835842,21.158890571749875,0.5858129637913558,0.5830365145920385
235.281,43.989,-8.8,235.128,43.906,-6.5,235.28199999999998,43.815,-8.8,0,-5.156255873702885,15.255994707035212,-10.311542291260324,22.030801773012726,0.49911330478530674,0.6920527811308528
235.517,42.976,-11.5,235.497,43.155,-11.5,235.35899999999998,43.059,-9.3,0,0.8170901384666737,6.049684625205685,5.439728979593468,10.322236897302673,0.17443178098699827,0.596520096615636
233.209,48.92,-6.5,233.39100000000002,48.789,-6.5,233.42000000000002,48.929,-8.9,0,7.1779003030219375,27.94220295029157,11.520395855127786,35.817590110402435,0.6221033822746436,0.7789748120444797
235.128,43.906,-6.5,235.13299999999998,43.729,-6.5,235.28199999999998,43.815,-8.8,0,-4.905721530522851,16.06972612291403,-9.802482451449293,22.3292348606645,0.4994579171311195,0.7192842092385413
235.49200000000002,42.189,-9.3,235.626,42.261,-11.5,235.461,42.355,-9.3,0,1.7417239925518235,7.309775800444123,6.663758548711897,13.858412884914216,0.2831074324083736,0.5354547982954407
234.591,47.714,-8.7,234.49200000000002,47.584,-6.5,234.689,47.543,-8.7,0,-1.1939641617286414,30.811647596260354,-3.31993657635984,33.388167066364986,0.35830630870509744,0.9226519454583031
235.14,43.551,-6.5,235.293,43.465,-8.8,235.288,43.633,-8.8,0,-3.782026805290047,15.574224230929168,-9.779236714538314,22.562743737348526,0.38577557321264005,0.6897995531453949
235.497,43.155,-11.5,235.483,43.335,-11.5,235.34199999999998,43.238,-9.3,0,-1.8445306585370378,13.764969849606674,-8.734170626647256,23.257689634544967,0.21072769526380397,0.5912618295529625
235.28,44.348,-8.9,235.12,44.262,-6.5,235.28,44.168,-8.8,0,-5.747197516626979,16.026290035389582,-9.616585747993213,22.063482742919817,0.5969524229292384,0.7260221216247333
235.13299999999998,43.729,-6.5,235.14,43.551,-6.5,235.288,43.633,-8.8,0,-4.219106704690367,16.198467464487493,-9.553378508334234,22.580009677839385,0.4406024754816575,0.7169724060015162
235.66,42.083,-11.5,235.626,42.261,-11.5,235.49200000000002,42.189,-9.3,0,1.8267687856868082,6.957156134155455,6.575095280923733,14.316190189792096,0.2979265938398963,0.4928839968935485
235.626,42.261,-11.5,235.59199999999998,42.439,-11.5,235.461,42.355,-9.3,0,1.3965865823201333,6.947515546541943,6.52677915144362,13.439998721305827,0.23599197641634706,0.5259928188233625
235.537,42.797,-11.5,235.517,42.976,-11.5,235.38,42.89,-9.3,0,0.7016538268571296,6.5230638973255575,5.465759577345636,11.207623345955852,0.1555789982482483,0.5933145138900638
234.49200000000002,47.584,-6.5,234.594,47.42,-6.5,234.689,47.543,-8.7,0,-0.8256805744024789,30.907411071082425,-2.25832577308973,33.29266388065038,0.36235798613284953,0.9281963144011166
233.209,48.92,-6.5,233.42000000000002,48.929,-8.9,233.232,49.058,-8.9,0,7.628352034327681,27.03659531077468,12.425316738780998,35.78534396992587,0.613100996068384,0.7542491490490473
235.59199999999998,42.439,-11.5,235.562,42.618,-11.5,235.43200000000002,42.53,-9.3,0,1.0037507916957005,6.938875737303101,6.184811154638865,12.694899645250857,0.18704866885785787,0.557209665126108
235.562,42.618,-11.5,235.537,42.797,-11.5,235.404,42.706,-9.3,0,0.7707927281987782,6.8088916696381645,5.813267273561081,11.961450198577879,0.15937282814665693,0.580637566849953
233.025,49.051,-6.5,233.209,48.92,-6.5,233.232,49.058,-8.9,0,7.389886582546506,27.459131130607837,11.70859594371968,36.2763974965038,0.6302708345677894,0.7556076226893834
235.28199999999998,43.815,-8.8,235.13299999999998,43.729,-6.5,235.288,43.633,-8.8,0,-4.312724085033963,15.442693284269396,-9.710368101047948,22.450970311253144,0.4431047738815743,0.6873840955468447
232.848,49.185,-6.5,233.025,49.051,-6.5,233.049,49.181,-8.9,0,6.7339887738307445,27.4226628777298,10.64981127403436,37.15457114027916,0.6313435909302485,0.7366055661100227
233.232,49.058,-8.9,233.24599999999998,49.207,-11.5,233.049,49.181,-8.9,0,7.630513125722785,25.485440953683725,12.98617892152613,36.13688967019361,0.5868805662301916,0.7037815535007602
235.239,40.568,-6.5,235.437,40.531,-11.5,235.369,40.642,-9.0,0,-2.123967870812367,12.517000765941873,-2.9312808954290404,23.981510921773193,0.6047697431261033,0.517762297603598
233.025,49.051,-6.5,233.232,49.058,-8.9,233.049,49.181,-8.9,0,7.909347322277947,26.591753287188894,12.775526577624063,36.18842878650689,0.6183632777884224,0.7333734541424595
235.495,40.956,-8.9,235.312,40.919,-6.5,235.453,40.839,-9.1,0,-3.727133448666654,13.619772248514016,-5.278605502768812,21.5270890892292,0.6568550840184484,0.6297333420378148
235.62900000000002,40.86,-11.5,235.495,40.956,-8.9,235.453,40.839,-9.1,0,-3.7159978044931026,13.04952328821056,-5.658893364125973,21.441169109061846,0.6103841542719733,0.6055756747510161
232.24200000000002,49.807,-9.0,232.184,49.75,-6.5,232.29399999999998,49.76,-8.9,0,5.1421529121723335,28.01388789903535,9.255148576910157,40.488987723805906,0.5545906638414174,0.6902910826359463
235.35,41.961,-6.5,235.523,41.862,-8.7,235.505,42.02,-9.0,0,3.532633756819691,8.145237425226313,7.992639932031011,14.995215145141671,0.4584615258319937,0.5473125435389968
235.66,42.083,-11.5,235.49200000000002,42.189,-9.3,235.505,42.02,-9.0,0,2.275913594602778,7.358863706448583,6.8562821870962125,14.658528498077345,0.35130869383800745,0.507904099979956
235.239,40.568,-6.5,235.2,40.393,-6.5,235.30700000000002,40.454,-9.0,0,-0.5416047386040747,11.505485973562187,-0.26216341656650854,24.911023769953133,0.6070379247548043,0.4576618784124483
232.184,49.75,-6.5,232.34300000000002,49.605,-6.5,232.29399999999998,49.76,-8.9,0,4.1225071245182,28.4984892118995,7.19913884389611,40.626109339782715,0.571115837252812,0.699902715562255
235.362,40.361,-11.5,235.437,40.531,-11.5,235.30700000000002,40.454,-9.0,0,-3.3226473308285036,10.634549654224763,-5.397753709430688,24.34758939799714,0.5464336088891748,0.43123674049324706
232.486,49.729,-11.5,232.301,49.864,-11.5,232.29399999999998,49.76,-8.9,0,6.2354453842636115,26.352494302247326,11.713482981064177,39.549506933542986,0.5316891057917471,0.6646925156278293
232.301,49.864,-11.5,232.24200000000002,49.807,-9.0,232.29399999999998,49.76,-8.9,0,5.052202083619432,27.337532850769556,9.402715542631052,40.459807287852136,0.5363667563555337,0.674074710536399
236.184,40.566,-16.5,236.152,40.789,-15.1,235.957,40.658,-14.8,0,-3.366202444924301,6.533432819675512,-14.99556425873206,17.08473663780456,0.21248620045274985,0.37645523656371765
235.66500000000002,40.558,-13.7,235.437,40.531,-11.5,235.589,40.434,-14.4,0,-7.291296964427972,8.511292620148502,-14.89730724148231,18.729275391548267,0.47060863163389804,0.4458648507070434
235.791,41.197,-11.5,235.953,41.067,-13.0,236.07999999999998,41.27,-14.3,0,1.3020472009591904,9.184585596277845,3.425303844527278,20.05733505957258,0.42382864704064815,0.4572430176022854
236.184,40.566,-16.5,236.338,40.699,-16.5,236.152,40.789,-15.1,0,-2.4947136822975984,5.319072658510913,-16.02477837162266,15.963922527161955,0.1467380935165526,0.32739509976029635
235.821,41.375,-11.5,235.791,41.197,-11.5,236.07999999999998,41.27,-14.3,0,-0.39870132071340875,9.046766768845007,-0.5671009959123836,19.868802929483437,0.44796875565032224,0.4544235521526291
235.57999999999998,40.297,-16.5,235.762,40.409,-16.5,235.589,40.434,-14.4,0,-7.023767472196997,5.7287859481765375,-18.60169814200377,15.91451156208867,0.36495467285784833,0.34756718786282126
234.252,48.806,-16.5,234.055,48.93,-16.5,234.015,48.696,-11.5,0,6.19845977560693,23.591766729015237,14.556682541681118,33.87252840207621,0.42499022219923577,0.695596740505744
234.055,48.93,-16.5,233.824,48.823,-11.5,234.015,48.696,-11.5,0,6.382833870087409,24.911708997505592,13.541589910634956,34.496806559577536,0.4704444667816366,0.7212158148896852
235.29500000000002,47.575,-16.5,235.091,47.615,-14.3,235.188,47.383,-13.7,0,-0.2455970430232611,26.888426112395123,-0.9545011998718032,32.7105429978109,0.2537513792835705,0.8216413954927152
232.701,49.817,-16.5,232.486,49.729,-11.5,232.67000000000002,49.595,-11.5,0,6.06923956915299,24.242175192105766,11.98136701200115,38.67172633647856,0.5059687631090483,0.6252553261441637
232.885,49.684,-16.5,232.701,49.817,-16.5,232.67000000000002,49.595,-11.5,0,5.888830186114951,22.82877917227373,12.276386436882705,38.38648401687348,0.47915573844950793,0.5931208851538394
235.091,47.615,-14.3,234.988,47.428,-11.5,235.188,47.383,-13.7,0,0.3097096282291215,24.999207151809028,1.8668074246427562,29.355984399351485,0.28028137652870383,0.8521540608045881
235.64600000000002,46.902,-16.5,235.578,47.074,-16.5,235.438,46.856,-13.6,0,-1.113267276499063,18.277323181494772,-3.0200460607151207,28.280446626717904,0.32621029662945095,0.6463531131638557
232.885,49.684,-16.5,232.67000000000002,49.595,-11.5,232.858,49.463,-11.5,0,6.504212747561543,23.68822494912877,12.621505693542877,37.976970176460355,0.5147754949818343,0.6221304469693871
235.438,46.856,-13.6,235.578,47.074,-16.5,235.356,47.067,-13.7,0,-0.9187960206507824,20.12040232663494,-2.359112603997893,28.459304567776947,0.33085299782831445,0.7071780107142535
232.885,49.684,-16.5,232.858,49.463,-11.5,233.07299999999998,49.553,-16.5,0,6.264091929292884,22.273042532324006,12.913906257585554,37.68526707397884,0.484561388632753,0.589443753468743
234.055,48.93,-16.5,233.856,49.052,-16.5,233.824,48.823,-11.5,0,6.714431591051179,22.866504735687453,14.961561073578487,34.24022006445243,0.4480369289244332,0.6667750921342076
233.856,49.052,-16.5,233.632,48.952,-11.5,233.824,48.823,-11.5,0,6.587880098290215,24.360758822870345,13.377915284752131,35.12361589998272,0.4915931019419271,0.6924735974992265
233.07299999999998,49.553,-16.5,232.858,49.463,-11.5,233.05200000000002,49.335,-11.5,0,7.1077895171429315,23.15427419731597,13.674180376855015,37.1207024170768,0.519295765989505,0.6221486042964377
233.26600000000002,49.426,-16.5,233.05200000000002,49.335,-11.5,233.24599999999998,49.207,-11.5,0,7.103511408601606,23.063233528936493,13.671381094888075,36.62110681301509,0.5190319322839925,0.6282400573953286
233.26600000000002,49.426,-16.5,233.07299999999998,49.553,-16.5,233.05200000000002,49.335,-11.5,0,6.743956720386013,21.799722899755647,13.877854632274174,36.85530852533057,0.48547590527303686,0.5899398533797139
233.45999999999998,49.299,-16.5,233.26600000000002,49.426,-16.5,233.24599999999998,49.207,-11.5,0,6.748554707315587,21.790371431581555,13.958500944950227,36.31952465437381,0.4829345457998343,0.5984869222838569
233.45999999999998,49.299,-16.5,233.24599999999998,49.207,-11.5,233.439,49.079,-11.5,0,7.007386815528789,23.305158393378566,13.58383227580644,36.145786394199845,0.5152169190264415,0.643329486689884
233.856,49.052,-16.5,233.65699999999998,49.175,-16.5,233.632,48.952,-11.5,0,6.914206296957867,22.319747600332214,14.849800708430454,34.86328490736222,0.4649448554429144,0.6389938145613306
233.65699999999998,49.175,-16.5,233.45999999999998,49.299,-16.5,233.439,49.079,-11.5,0,6.95560751281252,21.9229292729563,14.576967896358715,35.53122670253419,0.4765783781625994,0.6156417092538987
233.65699999999998,49.175,-16.5,233.439,49.079,-11.5,233.632,48.952,-11.5,0,6.949841413604376,23.7021643789517,13.709096973488347,35.55229215924025,0.5062203741346122,0.6654099887813485
235.872,40.885,-13.0,235.62900000000002,40.86,-11.5,235.765,40.729,-13.2,0,-5.948914781536414,10.063714491589348,-11.97256481591927,18.645258569387774,0.47742705755351633,0.5350949658156033
235.762,40.409,-16.5,235.66500000000002,40.558,-13.7,235.589,40.434,-14.4,0,-6.321300311986636,7.521486136159292,-15.573613356396805,18.311593887453235,0.3885969088605958,0.4016651443853911
236.07999999999998,41.27,-14.3,235.953,41.067,-13.0,236.171,41.092,-14.8,0,1.7303745909375516,7.937586541730134,5.395813142466423,19.715410922960743,0.344625199192082,0.40227872164745465
235.872,40.885,-13.0,235.765,40.729,-13.2,235.98399999999998,40.797,-14.1,0,-5.291833411497336,9.0473414908748,-12.703011078533564,18.185171747577343,0.39943290179367674,0.49263685013879566
235.821,41.375,-11.5,236.07999999999998,41.27,-14.3,236.01600000000002,41.447,-14.3,0,3.411339361733053,6.833703176203465,8.842398788932734,17.329568179437985,0.39733731114454407,0.3944775493380497
235.999,41.908,-16.5,235.704,41.907,-11.5,235.902,41.803,-14.4,0,2.0672710413692608,5.270204723700146,6.89114516650173,15.621476652240702,0.3135101131182324,0.34025848148532933
235.704,41.907,-11.5,235.999,41.908,-16.5,235.813,42.029,-13.8,0,1.7904310138200903,5.396084560326609,6.360505207930828,15.465408232248919,0.29680127215109825,0.3525983706346547
235.503,46.651,-13.7,235.697,46.726,-16.5,235.438,46.856,-13.6,0,-2.2941744013372567,17.317660714349955,-6.003626275548498,27.52351677872972,0.36668945356114147,0.6279508715822486
235.697,46.726,-16.5,235.64600000000002,46.902,-16.5,235.438,46.856,-13.6,0,-2.0259651992458454,16.81992884355567,-5.648392118146372,27.688425148349573,0.3411610685783166,0.6068510527797498
235.578,47.074,-16.5,235.49200000000002,47.243,-16.5,235.356,47.067,-13.7,0,-0.2744426233795903,20.30732286625023,-0.34158045593204633,28.726041621644676,0.29813383766463125,0.7077187614559712
235.356,47.067,-13.7,235.49200000000002,47.243,-16.5,235.27800000000002,47.225,-13.7,0,-0.40596743334963276,21.85005594280625,-0.7817713836571514,28.837750413148136,0.3012730813429163,0.7584208112210159
235.975,40.484,-16.5,236.184,40.566,-16.5,235.957,40.658,-14.8,0,-4.423781595591235,3.964109622064585,-20.70279963390165,10.563995631060244,0.20718684877118443,0.36221851438076286
235.53,40.696,-11.5,235.437,40.531,-11.5,235.66500000000002,40.558,-13.7,0,-4.38190477785623,11.16159590252381,-7.8469362610674835,22.125693585289206,0.5170869935338622,0.4993523729469163
235.537,46.492,-13.8,235.739,46.55,-16.5,235.503,46.651,-13.7,0,-3.515442142531781,15.304871950800704,-8.935378440128012,26.41273238512587,0.384989383962173,0.5769766810542566
235.27800000000002,47.225,-13.7,235.39600000000002,47.41,-16.5,235.188,47.383,-13.7,0,0.05150805006485428,23.144034331238423,0.921349149625053,29.100938993117225,0.2765000163230601,0.7961713332473503
235.49200000000002,47.243,-16.5,235.39600000000002,47.41,-16.5,235.27800000000002,47.225,-13.7,0,0.1010459146118896,21.86741038024057,1.125949993245623,28.97912318437625,0.27195272284191396,0.755628312680812
235.739,46.55,-16.5,235.697,46.726,-16.5,235.503,46.651,-13.7,0,-2.578893902949388,14.873526953250694,-6.9486197047256795,27.10562302937665,0.35896810467420454,0.5468537829801915
235.72199999999998,41.026,-11.5,235.62900000000002,40.86,-11.5,235.872,40.885,-13.0,0,-4.103011308337073,11.304672251784174,-7.591948939344462,20.301478800845466,0.509811093094096,0.5537600706589674
235.767,42.348,-14.2,235.626,42.261,-11.5,235.814,42.16,-14.3,0,1.218825782160824,5.737710742640882,6.369926514343888,13.885085217419217,0.20949379572530058,0.4210898284169765
235.924,42.261,-16.5,235.767,42.348,-14.2,235.814,42.16,-14.3,0,0.9463071594261957,4.986790701026809,6.022441932362469,13.951236857756356,0.1741217149922628,0.36487119730696904
235.39600000000002,47.41,-16.5,235.29500000000002,47.575,-16.5,235.188,47.383,-13.7,0,0.25779462604451936,23.08593585685089,1.926450905579287,29.204568692670847,0.24991168865136085,0.7914788426643734
235.765,40.729,-13.2,235.957,40.658,-14.8,235.98399999999998,40.797,-14.1,0,-5.239440730352632,8.268783794795993,-14.125232694146405,17.57121157463127,0.3555836150141137,0.4647267327079526
234.882,47.593,-11.5,235.091,47.615,-14.3,234.99599999999998,47.78,-14.3,0,-0.6577983268135953,28.57861543611688,-2.417334620043615,33.14113225223687,0.27184948933174097,0.8620211997711259
235.798,41.554,-11.5,235.821,41.375,-11.5,236.01600000000002,41.447,-14.3,0,2.134306499035304,7.617813105064367,5.158462740440271,18.352589494935714,0.4359447377774052,0.4150947669058612
234.79000000000002,47.762,-11.5,234.882,47.593,-11.5,234.99599999999998,47.78,-14.3,0,-0.9636470189253723,29.181883873633108,-3.337138930640677,33.27773022726046,0.28882668945784384,0.876635435684127
234.79000000000002,47.762,-11.5,234.99599999999998,47.78,-14.3,234.899,47.95,-14.3,0,-0.6994548770488296,29.00469445837431,-2.513473401955972,33.60293800105276,0.2793970802659893,0.8628405635570426
235.953,41.067,-13.0,235.72199999999998,41.026,-11.5,235.872,40.885,-13.0,0,-2.9272628107865355,10.646637367241189,-5.904759600410003,20.44428855850883,0.4606404709167735,0.5183587161789036
235.791,41.197,-11.5,235.72199999999998,41.026,-11.5,235.953,41.067,-13.0,0,-2.5875720226257846,10.58675789640627,-4.903199106961523,20.196144594748134,0.48910590744566823,0.5222546759117271
234.882,47.593,-11.5,234.988,47.428,-11.5,235.091,47.615,-14.3,0,-0.287381285513819,28.745101407292957,-0.9860401048210417,32.98398574410579,0.28720272570466576,0.8712084048682109
234.699,47.931,-11.5,234.79000000000002,47.762,-11.5,234.899,47.95,-14.3,0,-1.0438164757160415,29.471389018245215,-3.4634409436799274,33.737133195822096,0.30242406393004234,0.8732577252439301
235.764,45.835,-16.5,235.59199999999998,45.948,-13.8,235.61700000000002,45.743,-14.1,0,-5.649404536808232,12.680078374429714,-12.269601008313412,24.005274136722704,0.45231380191410003,0.5239361796577157
236.338,40.699,-16.5,236.372,40.874,-16.5,236.152,40.789,-15.1,0,-0.5627171434122538,6.924434396046558,-2.8645792867965127,21.928313030953106,0.14588457585352738,0.31422174629406147
235.59199999999998,45.948,-13.8,235.452,45.851,-11.5,235.61700000000002,45.743,-14.1,0,-6.311089448005866,14.578352462394006,-12.402758494046921,24.013180718467567,0.5003880705591345,0.6029537779256315
234.699,47.931,-11.5,234.899,47.95,-14.3,234.80200000000002,48.108,-14.3,0,-0.41255110921636773,29.2250691966964,-1.4016557059867587,34.14446630261685,0.2984693013449324,0.8555813962814682
235.798,41.554,-11.5,236.01600000000002,41.447,-14.3,235.95999999999998,41.624,-14.4,0,3.27196514094592,6.096888143788846,8.57207689369023,16.56572047173033,0.3925889406197981,0.36863883628975624
235.753,46.371,-16.5,235.739,46.55,-16.5,235.537,46.492,-13.8,0,-4.175367485901261,12.977043801162793,-11.029221113102246,25.420191150157855,0.37228620264655693,0.5074326949325596
235.753,46.371,-16.5,235.537,46.492,-13.8,235.561,46.308,-13.8,0,-4.020648198979139,14.23994807594081,-9.807575777147512,25.8576840009109,0.4021105276627514,0.5472574083583238
234.601,48.098,-11.5,234.699,47.931,-11.5,234.80200000000002,48.108,-14.3,0,-0.7117399740294426,29.627460142014034,-2.2021670995709393,34.31718120622095,0.32618530829647585,0.8630076979570608
235.53,40.696,-11.5,235.66500000000002,40.558,-13.7,235.765,40.729,-13.2,0,-6.479633699935415,9.86433848407932,-12.88440985307804,19.111360929863928,0.48203755021846006,0.5099406244166667
232.52100000000002,49.954,-16.5,232.411,49.909,-14.0,232.527,49.856,-14.7,0,5.156189647777544,23.578700929871914,11.155321848570042,39.406599088179036,0.4616110365242157,0.5967801789344067
235.75,41.73,-11.5,235.95999999999998,41.624,-14.4,235.902,41.803,-14.4,0,2.881166877292637,5.659321285433462,8.05594731799728,15.898583662597389,0.3690877381581525,0.35760800753238786
235.75,41.73,-11.5,235.798,41.554,-11.5,235.95999999999998,41.624,-14.4,0,3.017467128872468,6.495490006687752,7.534505839125146,16.62150453611791,0.4137262752228119,0.39182455594462673
235.957,40.658,-14.8,236.152,40.789,-15.1,235.98399999999998,40.797,-14.1,0,-4.350908139312778,7.183455048654779,-14.809925606723056,16.784741497492373,0.2812614239504665,0.42226355810329946
235.62900000000002,40.86,-11.5,235.53,40.696,-11.5,235.765,40.729,-13.2,0,-4.650027035725342,11.595039581287004,-8.363005626908489,20.941782237520492,0.5228857778318877,0.549543688436536
235.66500000000002,40.558,-13.7,235.762,40.409,-16.5,235.834,40.575,-14.8,0,-6.921560347870716,6.219621802839727,-18.65394884178717,14.640232131042914,0.35973418213913466,0.4136606736851034
235.762,40.409,-16.5,235.975,40.484,-16.5,235.834,40.575,-14.8,0,-6.170275184702791,4.1417662376319875,-21.229117913095706,10.58597619401796,0.2835277836703755,0.3754731125596383
234.49099999999999,48.262,-11.5,234.601,48.098,-11.5,234.692,48.276,-14.3,0,-0.03187772453778313,29.480314945396316,-0.11595443374440606,34.86492661268822,0.3563858391593408,0.845169198143266
235.757,46.192,-16.5,235.753,46.371,-16.5,235.561,46.308,-13.8,0,-4.881840504892923,12.050598560676548,-12.405144957311457,24.516700249421415,0.38756501791652515,0.4875745102870989
235.757,46.192,-16.5,235.561,46.308,-13.8,235.577,46.123,-13.8,0,-4.670788419984515,13.498937320219078,-10.916434079553376,25.16013079030426,0.42029337444578596,0.5324219652935253
234.252,48.806,-16.5,234.015,48.696,-11.5,234.25400000000002,48.682,-14.2,0,5.874462240632711,24.70594536753675,13.726107018100643,33.95444516783092,0.42706741613106247,0.7268153603625158
235.975,40.484,-16.5,235.957,40.658,-14.8,235.834,40.575,-14.8,0,-5.143252201413199,6.218530589012728,-17.675575902830232,15.187751199199703,0.2797698399752877,0.40032400763818743
234.692,48.276,-14.3,234.601,48.098,-11.5,234.80200000000002,48.108,-14.3,0,-0.11364435755237161,29.140666172381096,-0.3759132478252063,34.651210650457614,0.3254516024235851,0.8405877017970006
234.56,48.407,-13.8,234.625,48.547,-16.5,234.42000000000002,48.553,-14.1,0,3.2112051803987214,26.248836399842965,9.052097126657973,34.443418005692024,0.35339299018696885,0.761506535362047
235.704,41.907,-11.5,235.75,41.73,-11.5,235.902,41.803,-14.4,0,2.640544339077938,6.127792306614638,7.287671648995584,15.826559015045007,0.37613239995690706,0.3896744814349613
232.486,49.729,-11.5,232.701,49.817,-16.5,232.527,49.856,-14.7,0,5.802733213362192,23.748481535690495,12.003991899788188,38.89719369417139,0.482845759343612,0.6089506365895011
235.953,41.067,-13.0,236.05700000000002,40.92,-14.1,236.171,41.092,-14.8,0,-0.6924999504116577,8.923155702278045,-1.5730013313402793,20.97035942699361,0.33598574439330153,0.42415143452944304
235.999,41.908,-16.5,235.957,42.084,-16.5,235.813,42.029,-13.8,0,1.3948677521829445,4.569171216758045,6.276966283183285,15.128366332444742,0.23633993298231326,0.3060915923082853
235.626,42.261,-11.5,235.66,42.083,-11.5,235.814,42.16,-14.3,0,1.4967057055897466,6.183867468858437,6.212250493342381,14.458595058403361,0.26000731172946706,0.4343829720108226
235.75900000000001,46.013,-16.5,235.757,46.192,-16.5,235.577,46.123,-13.8,0,-5.202563693004125,11.738502689869172,-12.669326231047826,24.13250503233796,0.404061633817033,0.482064024569354
235.251,46.919,-11.5,235.438,46.856,-13.6,235.356,47.067,-13.7,0,-1.053919949227341,21.572477805436613,-2.5760819155717662,28.4541094960913,0.3591833885036323,0.7579162107144416
235.75900000000001,46.013,-16.5,235.577,46.123,-13.8,235.59199999999998,45.948,-13.8,0,-4.883593018040458,13.258176918208123,-10.943643400891297,24.91764356388775,0.4379055108143776,0.5277910012294713
234.368,48.422,-11.5,234.56,48.407,-13.8,234.42000000000002,48.553,-14.1,0,3.359569007011081,27.538840096233393,8.641288800262945,34.62519921088303,0.3873663732628966,0.7947908941262237
235.924,42.261,-16.5,235.89600000000002,42.439,-16.5,235.767,42.348,-14.2,0,0.5711585092069333,4.795449246534603,5.036184159625307,13.820878684535273,0.13328441013822864,0.35507131769573935
235.356,46.567,-11.5,235.537,46.492,-13.8,235.503,46.651,-13.7,0,-3.8352610966741993,17.654247030229715,-9.024944499384112,26.489037079466538,0.4168439787698953,0.6640725922723811
235.622,43.956,-14.0,235.461,43.874,-11.5,235.626,43.781,-14.0,0,-3.0341648414429665,9.881003730612065,-10.028634118390002,22.26924942625611,0.3017113845115949,0.4428796178665553
235.69,42.873,-14.1,235.537,42.797,-11.5,235.713,42.695,-14.2,0,0.36326620873263804,5.730799901325951,4.732297445349445,11.856965987574782,0.10413159032519845,0.49492151888668934
235.713,42.695,-14.2,235.562,42.618,-11.5,235.737,42.515,-14.1,0,0.5512047720524539,5.8124511514194594,5.618347128596525,12.39268395946955,0.12126730228484903,0.4803697571034426
235.67000000000002,43.056,-14.2,235.517,42.976,-11.5,235.69,42.873,-14.1,0,0.4487833871234425,5.215430219058715,5.228292936449392,10.71713488198354,0.10849517038972308,0.49821572498770506
234.777,48.4,-16.5,234.625,48.547,-16.5,234.56,48.407,-13.8,0,2.469854681431301,26.181019319317237,7.660077553900592,34.567247289137946,0.3208976478536698,0.756847142859171
235.642,43.421,-14.1,235.483,43.335,-11.5,235.649,43.242,-14.1,0,-1.6239660099334956,10.936443251023244,-9.659124876668656,22.87523085083643,0.16763421797852338,0.47736326272982604
235.957,40.658,-14.8,235.765,40.729,-13.2,235.834,40.575,-14.8,0,-6.373465115390761,7.032338362932125,-17.207811655777817,15.150748878402425,0.3585429477037904,0.45578605744388595
235.537,42.797,-11.5,235.562,42.618,-11.5,235.713,42.695,-14.2,0,0.5474657361073886,6.143118635321099,5.456294636584644,12.046776659820921,0.12588727662590757,0.5216075545681355
235.764,45.835,-16.5,235.75900000000001,46.013,-16.5,235.59199999999998,45.948,-13.8,0,-5.236372427300191,11.735917620891373,-12.260717159190317,24.111505046469844,0.4195659401946032,0.48237876849050293
235.649,43.242,-14.1,235.497,43.155,-11.5,235.67000000000002,43.056,-14.2,0,-1.1541735619769802,11.544046722371101,-8.720872261651621,23.40966513183936,0.13218526075216466,0.4924813785165773
235.517,42.976,-11.5,235.537,42.797,-11.5,235.69,42.873,-14.1,0,0.4825024340765823,5.870428034664931,5.107238035063446,11.284055197436842,0.12062623582725772,0.5318817951485129
235.497,43.155,-11.5,235.517,42.976,-11.5,235.67000000000002,43.056,-14.2,0,0.5751561967150611,5.409111507381879,5.077432113548582,10.384814934949091,0.13660450478665134,0.5315762830875363
235.475,43.514,-11.5,235.483,43.335,-11.5,235.642,43.421,-14.1,0,-2.0103209703288862,11.5887430644983,-9.520152661003152,22.85180259269594,0.21048494533130488,0.5064028119086438
235.461,44.053,-11.5,235.461,43.874,-11.5,235.622,43.956,-14.0,0,-3.7494882075398133,10.753827411583963,-10.515028297395006,21.961078114805105,0.3557594829734172,0.48890814978138813
235.309,46.744,-11.5,235.503,46.651,-13.7,235.438,46.856,-13.6,0,-2.503633764127728,19.53855335369006,-6.169072728658136,27.5683378054513,0.3914605827494051,0.7074596872668633
235.562,42.618,-11.5,235.59199999999998,42.439,-11.5,235.737,42.515,-14.1,0,0.7611357456211633,6.263593226614739,5.8353605417295284,12.792452664354244,0.15396116739489896,0.5003601108018106
236.152,40.789,-15.1,236.372,40.874,-16.5,236.231,40.941,-15.3,0,-1.1810827004082276,7.099146019818928,-5.55818779417244,21.008909347864652,0.18644317693899248,0.3359667468853775
235.781,43.867,-16.5,235.622,43.956,-14.0,235.626,43.781,-14.0,0,-2.4794579741109644,8.046500866897427,-10.057520903176723,22.295710054519645,0.24578435917071612,0.36000080236931603
235.17000000000002,47.09,-11.5,235.356,47.067,-13.7,235.27800000000002,47.225,-13.7,0,-0.4718030794781982,23.06928751046319,-0.9514000903315569,28.825340136740813,0.32812987527724363,0.8006594650701055
235.631,43.603,-14.1,235.475,43.514,-11.5,235.642,43.421,-14.1,0,-1.926317891560379,10.535628825030567,-9.18110392655494,22.938564346685112,0.20905237402527993,0.4585123498006162
235.465,43.694,-11.5,235.475,43.514,-11.5,235.631,43.603,-14.1,0,-2.401121130169603,11.248128549912483,-9.279480033079068,22.817336566035372,0.2578751040374044,0.49220144156092194
235.082,47.26,-11.5,235.27800000000002,47.225,-13.7,235.188,47.383,-13.7,0,0.036274503042447614,24.17876938844586,0.7552370610255021,29.095795481047475,0.3027926124863197,0.8315652940920591
235.461,43.874,-11.5,235.465,43.694,-11.5,235.626,43.781,-14.0,0,-3.0874273672321775,10.845753011968428,-10.026923386945938,22.327347764853997,0.30702313479329035,0.484981292463393
235.466,44.952,-11.5,235.623,44.85,-14.0,235.627,45.031,-14.1,0,-6.821849045784032,13.168947356094652,-12.835501715498697,22.415507690865546,0.5230289102541146,0.583993350899072
235.799,43.33,-16.5,235.642,43.421,-14.1,235.649,43.242,-14.1,0,-1.2504866615046268,9.216391220090724,-9.687470277833668,22.87450459301236,0.12867159249780585,0.402138089039973
235.471,40.329,-14.0,235.57999999999998,40.297,-16.5,235.589,40.434,-14.4,0,-5.811951701243209,7.374831985857624,-13.401906608436377,21.035109656028713,0.40996223176596874,0.34170485067753514
235.537,46.492,-13.8,235.388,46.389,-11.5,235.561,46.308,-13.8,0,-4.461062623099764,16.53169572213518,-9.972082317116058,25.893823187868932,0.43960957762686953,0.6351178609507181
235.461,44.413,-11.5,235.461,44.233,-11.5,235.622,44.316,-14.0,0,-4.735156629179786,11.57625128106414,-10.515028139709344,21.676683099662156,0.4496991386675806,0.5333703620509083
235.483,43.335,-11.5,235.497,43.155,-11.5,235.649,43.242,-14.1,0,-1.490347323353395,12.213176435422511,-8.761602979679537,23.311537528889197,0.16970197195577966,0.5232538009334651
235.788,43.688,-16.5,235.781,43.867,-16.5,235.626,43.781,-14.0,0,-1.9484985546603177,7.257042708627569,-9.710183490008575,22.52912694714226,0.19995824553210054,0.32120862361384983
235.459,45.672,-11.5,235.464,45.492,-11.5,235.623,45.569,-14.1,0,-6.980138886813114,15.176133323727633,-12.542135561112193,23.566792497757525,0.5472935201364407,0.640302602302061
235.78199999999998,44.046,-16.5,235.781,44.225,-16.5,235.62,44.135,-14.0,0,-2.940296627693219,7.397035731537239,-10.452163966795766,21.897447732932065,0.28070762642909053,0.3369114685145989
235.461,44.053,-11.5,235.622,43.956,-14.0,235.62,44.135,-14.0,0,-3.5943514725202474,9.993658405138959,-10.286567939499093,22.016636768899005,0.34865940076347185,0.4531089234061245
235.793,43.509,-16.5,235.788,43.688,-16.5,235.631,43.603,-14.1,0,-1.6208497196392166,7.524262896931261,-9.956238724895499,22.539201705427814,0.16216045737571375,0.33294813112408855
235.462,44.593,-11.5,235.461,44.413,-11.5,235.622,44.494,-14.0,0,-5.217941663247466,12.146872034571327,-10.633449997706805,21.476448838039644,0.49018475324136834,0.5649951626629444
235.626,43.781,-14.0,235.465,43.694,-11.5,235.631,43.603,-14.1,0,-2.7408370087314187,9.87375048938983,-10.705286814221026,22.094035088728944,0.2552289737930246,0.44606908705012893
235.452,45.851,-11.5,235.459,45.672,-11.5,235.61700000000002,45.743,-14.1,0,-6.63356259804345,15.404029022163414,-12.275095084601901,23.97667458707275,0.5314069552763483,0.6385652788881497
235.461,44.233,-11.5,235.461,44.053,-11.5,235.62,44.135,-14.0,0,-4.255996515909007,11.060922191984629,-10.514829050949018,21.82458596370661,0.4040303094911512,0.5060799451943179
235.463,44.773,-11.5,235.462,44.593,-11.5,235.622,44.672,-14.0,0,-5.562364280535422,12.686604115765284,-10.632867718132232,21.33675018703333,0.5226785442348391,0.5940848349115769
235.461,44.413,-11.5,235.622,44.316,-14.0,235.622,44.494,-14.0,0,-4.621153218928398,10.96238212415136,-10.529707087444095,21.611892136053925,0.4383051900861346,0.506547866448063
235.464,45.492,-11.5,235.623,45.386,-14.1,235.623,45.569,-14.1,0,-7.038595104042766,13.99861552508032,-13.110393821024282,23.07428561508225,0.5280400336938932,0.6029515031525985
235.788,43.688,-16.5,235.626,43.781,-14.0,235.631,43.603,-14.1,0,-2.200368956759943,8.06779092416419,-10.746972778741679,22.09088386621356,0.2040464833191103,0.364316080010829
235.082,47.26,-11.5,235.17000000000002,47.09,-11.5,235.27800000000002,47.225,-13.7,0,-0.3211441925376617,24.127594469349834,-0.4765900849143314,28.9649593745979,0.3251231009899693,0.833345456600976
235.561,46.308,-13.8,235.414,46.21,-11.5,235.577,46.123,-13.8,0,-5.203427878592456,15.64609461458122,-11.07166924022929,25.1780488360334,0.4622756470301987,0.6174645332347409
235.46699999999998,45.312,-11.5,235.469,45.132,-11.5,235.627,45.212,-14.1,0,-7.37397834041416,14.613330023266922,-12.927332528702244,22.81850355852786,0.5613823311241302,0.6370768900108231
235.356,46.567,-11.5,235.388,46.389,-11.5,235.537,46.492,-13.8,0,-3.968856020433823,18.161598800234707,-8.79361298247883,26.473329623902814,0.4426116410597675,0.6832384834302297
235.17000000000002,47.09,-11.5,235.251,46.919,-11.5,235.356,47.067,-13.7,0,-0.6697023074143544,22.948793819544207,-1.4906917329160585,28.670969177235094,0.3531116304491519,0.8003988646597124
235.469,45.132,-11.5,235.466,44.952,-11.5,235.627,45.031,-14.1,0,-7.660568969539257,14.025208950961478,-13.545260017502844,22.172146157285543,0.557257836668664,0.6291787414914576
235.462,44.593,-11.5,235.622,44.494,-14.0,235.622,44.672,-14.0,0,-5.013572577717285,11.575265780678208,-10.529807608915448,21.472858621822226,0.4756476423267613,0.5384618146080228
235.466,44.952,-11.5,235.463,44.773,-11.5,235.623,44.85,-14.0,0,-7.492156416086918,13.557037144979567,-13.547284547429374,21.88362523795024,0.5452366738573846,0.616057492458214
235.81,43.151,-16.5,235.799,43.33,-16.5,235.649,43.242,-14.1,0,-0.8948198221178597,8.747327449569758,-9.191045003742033,23.15739785525193,0.09711387631068076,0.37699518184119457
235.953,41.067,-13.0,235.872,40.885,-13.0,236.05700000000002,40.92,-14.1,0,-2.638012843716406,9.722502875062766,-6.331160237920912,20.43201943582163,0.3857200741165477,0.4733982273204008
235.62,44.135,-14.0,235.781,44.225,-16.5,235.622,44.316,-14.0,0,-3.590827568151134,8.471299729614472,-10.796138381634194,21.647752375538648,0.33200991520695017,0.39047758901067764
235.309,46.744,-11.5,235.356,46.567,-11.5,235.503,46.651,-13.7,0,-2.836441609999842,19.618202109979755,-6.606203387461392,27.347497682539043,0.4166947569921199,0.7155443009374557
235.781,44.225,-16.5,235.78,44.403,-16.5,235.622,44.316,-14.0,0,-3.373528517337345,7.922852116440828,-10.452273206311986,21.76399961269604,0.3222225055132543,0.36319460420225386
235.463,44.773,-11.5,235.622,44.672,-14.0,235.623,44.85,-14.0,0,-5.377533791864932,12.043216619120676,-10.648509730873371,21.272116470088775,0.5045830559054302,0.5656480315856299
235.793,43.509,-16.5,235.631,43.603,-14.1,235.642,43.421,-14.1,0,-1.5198002737981293,8.736454537182967,-9.209425595522447,22.927552575951253,0.16437058513329825,0.3802081678812717
235.461,44.233,-11.5,235.62,44.135,-14.0,235.622,44.316,-14.0,0,-4.260962558904155,10.314177107544726,-10.76691293915161,21.637647820116214,0.39509610252038047,0.4759161489685601
235.81,43.151,-16.5,235.649,43.242,-14.1,235.67000000000002,43.056,-14.2,0,-0.8657266523261568,9.856532648089484,-8.7852741040261,23.38360372034279,0.09843796786449192,0.42082906504065204
235.622,43.956,-14.0,235.78199999999998,44.046,-16.5,235.62,44.135,-14.0,0,-2.9819431730855266,8.134629889196923,-10.315670791024061,22.024005017264315,0.2883848686622851,0.36846821638532
234.015,48.696,-11.5,234.197,48.561,-11.5,234.25400000000002,48.682,-14.2,0,5.313918004785327,26.51667335646243,11.716644102158101,34.46163675990051,0.4524297992035628,0.7687273087067719
235.464,45.492,-11.5,235.46699999999998,45.312,-11.5,235.623,45.386,-14.1,0,-7.26605790176984,14.931430462785674,-12.80130573896966,23.164099796689253,0.5583814303079806,0.6411407224398467
235.622,44.316,-14.0,235.78,44.403,-16.5,235.622,44.494,-14.0,0,-3.9529644053720467,9.121500371739188,-10.558723183749748,21.630623918377395,0.3738546123912943,0.4209160368798438
235.78,44.403,-16.5,235.779,44.582,-16.5,235.622,44.494,-14.0,0,-3.786776663208853,8.56859344163652,-10.453531850607447,21.62509158643205,0.3617778391452683,0.3954707610585719
235.825,42.973,-16.5,235.67000000000002,43.056,-14.2,235.69,42.873,-14.1,0,0.2811088937581695,4.511026288427163,4.878745622229985,10.75790239195733,0.07876212972258155,0.43062384823316746
235.95999999999998,41.624,-14.4,236.04399999999998,41.732,-16.5,235.902,41.803,-14.4,0,2.378500022016147,4.872801091684626,7.725497370783032,16.02262013103369,0.3187582551528981,0.3055913209398123
235.623,44.85,-14.0,235.776,44.94,-16.5,235.627,45.031,-14.1,0,-5.98621436412014,11.353821569620349,-12.702788433088394,22.418905639787514,0.4630668020210604,0.502730991565436
235.781,43.867,-16.5,235.78199999999998,44.046,-16.5,235.622,43.956,-14.0,0,-2.5696328808391837,7.086287617630621,-10.694809364875084,21.92478913322904,0.2396182038090272,0.3222881896359018
235.622,44.494,-14.0,235.779,44.582,-16.5,235.622,44.672,-14.0,0,-4.350406614491362,9.76499642443061,-10.558623428134041,21.491951629057834,0.4115637635898485,0.4536679281998272
235.29500000000002,47.575,-16.5,235.19299999999998,47.741,-16.5,235.091,47.615,-14.3,0,-0.26027789234655185,26.780926011522663,-1.1153436351555062,32.952449112348106,0.23298211915503392,0.812314194948195
235.799,43.33,-16.5,235.793,43.509,-16.5,235.642,43.421,-14.1,0,-1.2538782911934188,8.062973291750076,-9.828890768060774,22.75196155372865,0.1270868868220325,0.3535640253594178
235.388,46.389,-11.5,235.414,46.21,-11.5,235.561,46.308,-13.8,0,-4.612720250268016,17.210787420720717,-9.673775977096422,25.90616279192127,0.4682519869192798,0.6608027207041767
235.779,44.582,-16.5,235.777,44.761,-16.5,235.622,44.672,-14.0,0,-4.101175834511996,9.215030295992394,-10.335051706304156,21.546096730037164,0.3964007518244018,0.4270270408451571
235.251,46.919,-11.5,235.309,46.744,-11.5,235.438,46.856,-13.6,0,-2.005173844685476,21.228981693234275,-4.940902521904505,27.97385540878991,0.3859821071549385,0.7580938795877362
236.07999999999998,41.27,-14.3,236.16899999999998,41.387,-16.5,236.01600000000002,41.447,-14.3,0,2.6842877946319526,5.823774616517754,8.450417412197062,17.537050586736,0.32819436926465106,0.33224510153633235
234.197,48.561,-11.5,234.368,48.422,-11.5,234.42000000000002,48.553,-14.1,0,4.296761680229764,27.39708290202302,10.198440349879128,34.41153060953457,0.42008545459142294,0.795563963214809
234.988,47.428,-11.5,235.082,47.26,-11.5,235.188,47.383,-13.7,0,-0.04532197623690917,25.052542698197623,0.46282130574090274,29.241684358354213,0.30261669515422374,0.857212347325872
235.459,45.672,-11.5,235.623,45.569,-14.1,235.61700000000002,45.743,-14.1,0,-6.45778612456959,14.389057237843911,-12.311577911123536,23.782185812732813,0.5154492135996419,0.6011256714619894
235.469,45.132,-11.5,235.627,45.031,-14.1,235.627,45.212,-14.1,0,-7.08647887427885,13.483392512098064,-13.104633913372929,22.538846910236664,0.5320900636583888,0.5947331223900788
235.869,42.617,-16.5,235.713,42.695,-14.2,235.737,42.515,-14.1,0,0.37277677662587516,5.066426084974155,5.272698965822229,12.436352946506531,0.09215410153565577,0.4184064490050857
235.845,42.795,-16.5,235.69,42.873,-14.1,235.713,42.695,-14.2,0,0.21948022694720967,4.978507729601968,4.373807946618996,11.887421191719184,0.07579580295628886,0.43016893242116083
235.622,44.672,-14.0,235.777,44.761,-16.5,235.623,44.85,-14.0,0,-4.725352184524924,10.286893181645537,-10.677088077399333,21.29705843056088,0.44216276208358896,0.4824387173275476
235.46699999999998,45.312,-11.5,235.627,45.212,-14.1,235.623,45.386,-14.1,0,-6.838648824651073,13.980549983480438,-12.585304518643014,23.107325903524913,0.5341452958731364,0.6015172279728865
235.777,44.761,-16.5,235.776,44.94,-16.5,235.623,44.85,-14.0,0,-4.428265234340503,9.675695324034546,-10.454603804499428,21.352508251713942,0.4231951246363468,0.45259503560722325
235.765,40.729,-13.2,235.66500000000002,40.558,-13.7,235.834,40.575,-14.8,0,-5.855774334071882,8.84200238055591,-13.79472382016155,18.610725658783906,0.4057800825160474,0.46835444062891596
235.091,47.615,-14.3,235.19299999999998,47.741,-16.5,234.99599999999998,47.78,-14.3,0,-0.5243905877187824,27.64266279116489,-2.153157529349034,33.1549216235626,0.24401984434869234,0.8333746326286698
235.89600000000002,42.439,-16.5,235.869,42.617,-16.5,235.737,42.515,-14.1,0,0.35689763464258945,4.796588224663409,4.929532214729576,12.973292261478704,0.09356182382033745,0.3796815164836065
235.825,42.973,-16.5,235.81,43.151,-16.5,235.67000000000002,43.056,-14.2,0,0.20906266598312978,4.044474969160033,4.0718918993262605,10.563526103346646,0.07343646589870521,0.3929007411198127
236.171,41.092,-14.8,236.05700000000002,40.92,-14.1,236.231,40.941,-15.3,0,-0.09907953260673057,8.114042349605024,0.18417124568087218,21.18031002140232,0.27081070638818944,0.38206059934688563
235.845,42.795,-16.5,235.825,42.973,-16.5,235.69,42.873,-14.1,0,0.1759647542812421,4.417667160115848,4.397106095322044,11.36053079994683,0.0628811783438563,0.4000468355241865
234.899,47.95,-14.3,234.989,48.071,-16.5,234.80200000000002,48.108,-14.3,0,-0.30437367483749506,28.309555548728873,-1.1539764352411943,34.16065534892219,0.26981154810146546,0.8283311159338068
235.869,42.617,-16.5,235.845,42.795,-16.5,235.713,42.695,-14.2,0,0.2179479353908828,4.667182004840833,4.685214474091808,12.146002856116425,0.0689224562946247,0.39534666141884894
235.19299999999998,47.741,-16.5,235.09,47.906,-16.5,234.99599999999998,47.78,-14.3,0,-0.19515843587395262,27.491188733483103,-0.8480809583721101,33.44047891320622,0.23340549288219742,0.8217009588646774
234.99599999999998,47.78,-14.3,235.09,47.906,-16.5,234.899,47.95,-14.3,0,-0.5634573719200173,28.122051993264126,-2.2580831061445625,33.633770301502096,0.2514106091038407,0.8357559014841992
236.01600000000002,41.447,-14.3,236.103,41.559,-16.5,235.95999999999998,41.624,-14.4,0,2.658796776438823,5.259219873604427,8.17171350069885,16.7465342831875,0.3356983822536847,0.3145810964121014
236.245,41.217,-16.5,236.07999999999998,41.27,-14.3,236.171,41.092,-14.8,0,2.1554333190242865,6.346648771107705,7.846519251659089,18.69063907907237,0.2871582930480828,0.33963948634331814
235.414,46.21,-11.5,235.441,46.031,-11.5,235.577,46.123,-13.8,0,-4.782436222536239,16.742675737011997,-9.542493723042732,25.72388910548944,0.4914510119392632,0.6469548583481207
235.623,45.386,-14.1,235.76999999999998,45.477,-16.5,235.623,45.569,-14.1,0,-6.271616098090348,12.199463230367355,-12.971328447573743,23.076652387179223,0.4749994017437959,0.52476513372704
234.368,48.422,-11.5,234.49099999999999,48.262,-11.5,234.56,48.407,-13.8,0,0.8391441323823077,29.03203205617733,2.129200351599639,35.24728179259755,0.3886122771380759,0.8232052767863278
235.776,44.94,-16.5,235.774,45.119,-16.5,235.627,45.031,-14.1,0,-5.675735483491378,10.674178892434584,-12.649829912517475,22.548558788855598,0.4405091139989918,0.469675545017217
235.768,45.656,-16.5,235.764,45.835,-16.5,235.61700000000002,45.743,-14.1,0,-5.451752886716553,11.542370918232432,-12.388442094120961,23.762619139486013,0.43203486687669995,0.4815508276669936
235.577,46.123,-13.8,235.441,46.031,-11.5,235.59199999999998,45.948,-13.8,0,-5.442379210818125,15.259095683646839,-11.087723972805737,24.93847126770575,0.4822309294370019,0.6077159225064497
235.772,45.298,-16.5,235.76999999999998,45.477,-16.5,235.623,45.386,-14.1,0,-5.807473475163571,11.296892763789245,-12.64920219846595,23.086595568495518,0.450629041192223,0.48553476488117725
234.888,48.237,-16.5,234.777,48.4,-16.5,234.692,48.276,-14.3,0,0.19100365772465988,27.289551138161976,0.6167979485002864,34.8440867066229,0.2921195587450624,0.782724840971131
235.441,46.031,-11.5,235.452,45.851,-11.5,235.59199999999998,45.948,-13.8,0,-6.123843645980753,15.807336815962463,-11.753701652932435,24.512442411411673,0.5123577297755463,0.6408282193025033
235.774,45.119,-16.5,235.772,45.298,-16.5,235.627,45.212,-14.1,0,-5.792940010843794,11.049846283266879,-12.64860542240843,22.82623930871508,0.44954662404500023,0.4803855582567761
235.59199999999998,42.439,-11.5,235.626,42.261,-11.5,235.767,42.348,-14.2,0,1.1058327008689257,6.247275155920679,6.175508511691518,13.549914092681277,0.1999865558106488,0.47009563523761594
235.09,47.906,-16.5,234.989,48.071,-16.5,234.899,47.95,-14.3,0,-0.2663513705402723,27.820489705936108,-1.1056253196369248,33.92029976506675,0.24626474507568777,0.8197747775957687
235.76999999999998,45.477,-16.5,235.768,45.656,-16.5,235.623,45.569,-14.1,0,-5.713125658043637,11.4105631145902,-12.647970315415073,23.36505907141538,0.44341919130505636,0.4843790957061638
236.245,41.217,-16.5,236.16899999999998,41.387,-16.5,236.07999999999998,41.27,-14.3,0,2.6801939626707574,5.417901839195958,9.607714968913392,17.302060641810257,0.2874800276250301,0.3134051797332556
234.989,48.071,-16.5,234.888,48.237,-16.5,234.80200000000002,48.108,-14.3,0,-0.30367963784068513,27.751166355917714,-1.1679653745978626,34.3651174489832,0.2674004193236907,0.80711941206522
235.627,45.031,-14.1,235.774,45.119,-16.5,235.627,45.212,-14.1,0,-6.267095289770066,11.702851042855293,-12.9660076856775,22.539171802733474,0.47495844043895735,0.5155344724849398
234.625,48.547,-16.5,234.446,48.681,-16.5,234.42000000000002,48.553,-14.1,0,4.19322933288895,24.62605558377828,11.951159265532187,33.87357287942262,0.34984808121035277,0.7263480463994818
236.372,40.874,-16.5,236.326,41.049,-16.5,236.231,40.941,-15.3,0,1.0507424084260566,6.1279174003097285,6.630766157343018,20.259250279306244,0.17377962275945016,0.30257488563329127
235.66,42.083,-11.5,235.704,41.907,-11.5,235.813,42.029,-13.8,0,2.1770164134084187,6.084214302723653,7.1134315520980635,14.89383622615847,0.32132961507565133,0.41326841683838356
235.627,45.212,-14.1,235.772,45.298,-16.5,235.623,45.386,-14.1,0,-6.074241373432667,12.169727407510264,-12.446635913033813,23.102954184055175,0.47910048535334704,0.5230785495091936
235.623,45.569,-14.1,235.768,45.656,-16.5,235.61700000000002,45.743,-14.1,0,-5.75811606746936,12.520080828310894,-12.171172569958465,23.78043790580483,0.4643785905238505,0.5224401170112489
235.957,42.084,-16.5,235.924,42.261,-16.5,235.814,42.16,-14.3,0,0.9130244160959196,4.648291313454934,5.461671508284141,14.608035965919939,0.18428349946781836,0.3241003294444507
236.16899999999998,41.387,-16.5,236.103,41.559,-16.5,236.01600000000002,41.447,-14.3,0,2.590405856636043,5.065235159093777,8.588075343751129,16.930642978788256,0.31101137055975947,0.29949954146782987
236.326,41.049,-16.5,236.245,41.217,-16.5,236.171,41.092,-14.8,0,2.294505841307083,5.555547076975212,10.205872679379524,17.85081173877191,0.2329655236833004,0.31171812839687413
236.04399999999998,41.732,-16.5,235.999,41.908,-16.5,235.902,41.803,-14.4,0,1.7570324082574473,4.5323057422856605,6.553452483470835,16.008077803279903,0.28078983732587554,0.28516846927342887
234.446,48.681,-16.5,234.252,48.806,-16.5,234.25400000000002,48.682,-14.2,0,5.438925162001523,23.42648100437575,14.297045545162508,33.5244624281647,0.37958029941670046,0.6980147987221837
236.103,41.559,-16.5,236.04399999999998,41.732,-16.5,235.95999999999998,41.624,-14.4,0,2.3393295839774715,4.666925943578683,7.873515901955322,16.356715004214962,0.3072683528722327,0.28622865300812045
236.05700000000002,40.92,-14.1,236.152,40.789,-15.1,236.231,40.941,-15.3,0,-1.458951942012215,8.219992489060239,-5.122151868142808,21.07399212261477,0.25167851354286397,0.3879635724790327
234.888,48.237,-16.5,234.692,48.276,-14.3,234.80200000000002,48.108,-14.3,0,-0.028858356744184844,28.091643211685245,-0.13039075467741057,34.62204459012982,0.29464736714097045,0.810956726119497
236.152,40.789,-15.1,236.05700000000002,40.92,-14.1,235.98399999999998,40.797,-14.1,0,-2.8741604824752773,8.465149311204083,-9.28408739251293,19.878459343030705,0.28897873019678566,0.42252889535731825
234.197,48.561,-11.5,234.42000000000002,48.553,-14.1,234.25400000000002,48.682,-14.2,0,4.962232790363013,26.220738264627613,11.83602966458646,34.16591357314695,0.41817184722261924,0.7667796883380177
234.42000000000002,48.553,-14.1,234.446,48.681,-16.5,234.25400000000002,48.682,-14.2,0,4.615437265279778,24.94341558081043,12.047580800901455,34.06970896960853,0.3820575429914442,0.73143538604022
236.05700000000002,40.92,-14.1,235.872,40.885,-13.0,235.98399999999998,40.797,-14.1,0,-3.393818036090913,9.334476173064408,-8.924203389422743,19.925570278316304,0.3571748895310782,0.46516501340552635
235.89600000000002,42.439,-16.5,235.737,42.515,-14.1,235.767,42.348,-14.2,0,0.521344571499711,5.203678630957297,4.997662041599597,13.446439965941764,0.12637482523887347,0.39627877394934136
235.814,42.16,-14.3,235.66,42.083,-11.5,235.813,42.029,-13.8,0,1.6549765495686464,5.719199326332573,6.558581050994434,14.660328746673457,0.26877177085797094,0.3957760785297278
235.737,42.515,-14.1,235.59199999999998,42.439,-11.5,235.767,42.348,-14.2,0,0.721744494436508,5.976623391393633,5.36456045185669,13.406062485271377,0.15810592375711932,0.45546600754752886
234.777,48.4,-16.5,234.56,48.407,-13.8,234.692,48.276,-14.3,0,0.3751136367649229,27.623952083461297,1.1252301991428126,35.05831885184515,0.323039046195316,0.7874655649189927
234.56,48.407,-13.8,234.49099999999999,48.262,-11.5,234.692,48.276,-14.3,0,0.4242053958412656,28.805258044832108,1.1573842418296127,35.09124270175704,0.35693943467073624,0.8204253520772876
235.957,42.084,-16.5,235.814,42.16,-14.3,235.813,42.029,-13.8,0,1.2808954404199475,4.982414074521613,6.028503888153949,14.828682581512837,0.22851856110062216,0.3412446084825307
236.326,41.049,-16.5,236.171,41.092,-14.8,236.231,40.941,-15.3,0,0.708010113257003,6.841870205240853,3.6695021763257927,20.679935479186753,0.2244069710885138,0.33046451792263554
232.701,49.817,-16.5,232.52100000000002,49.954,-16.5,232.527,49.856,-14.7,0,5.159597985686645,22.71347380658405,11.451763547172005,39.135652468819465,0.4499865539944805,0.5788286331114179
235.362,40.361,-11.5,235.471,40.329,-14.0,235.437,40.531,-11.5,0,-3.2153539360802315,9.697710484695603,-5.653831800740647,24.157347736102565,0.5018725754026306,0.3956976276175715
232.301,49.864,-11.5,232.486,49.729,-11.5,232.527,49.856,-14.7,0,6.022007328113567,25.035389581103637,11.890709541851015,39.11858532661882,0.5058546331458474,0.6383743156595322
232.411,49.909,-14.0,232.301,49.864,-11.5,232.527,49.856,-14.7,0,5.379388885595816,24.783833274708563,10.986503634611747,39.478008292893705,0.48897521682354217,0.6261988405147059
235.437,40.531,-11.5,235.471,40.329,-14.0,235.589,40.434,-14.4,0,-5.959505068975443,8.76325623222873,-11.916477136797539,21.264735374381853,0.4726508217454513,0.4043273407740016
236.098,43.033,-21.5,235.81,43.151,-16.5,235.825,42.973,-16.5,0,0.0736078900535733,3.0910552040883723,3.5755458173006076,10.669554156679368,0.04018019795036727,0.2986331971013353
236.161,42.502,-21.5,235.89600000000002,42.439,-16.5,236.185,42.325,-21.5,0,0.15699915054127664,3.1019316311274276,3.935022987495657,13.694167940163211,0.056907035125803904,0.23326728562875687
236.082,43.211,-21.5,235.81,43.151,-16.5,236.098,43.033,-21.5,0,0.04328834824602892,2.321553137733988,3.2992150663613558,10.274332041150274,0.02932433918206686,0.23308170092188835
236.049,45.699,-21.5,236.053,45.877,-21.5,235.764,45.835,-16.5,0,-3.9239391241140025,6.821997912389248,-13.10584661218219,23.336257190582923,0.29390269911675415,0.2886897624655138
236.185,42.325,-21.5,235.89600000000002,42.439,-16.5,235.924,42.261,-16.5,0,0.35412061740236783,3.744412961090309,4.557759233619038,13.972276526572188,0.09516161232107342,0.2749142352947191
234.037,49.172,-21.5,233.856,49.052,-16.5,234.055,48.93,-16.5,0,5.723378294033297,19.61600597631696,15.301570753431662,34.37997232963727,0.3734081393614071,0.5695119062200787
236.209,42.148,-21.5,236.185,42.325,-21.5,235.924,42.261,-16.5,0,0.30030002087961116,3.0533654578371925,3.9653280795294847,14.595111059553773,0.09243336456186263,0.21420561213045294
235.764,45.835,-16.5,235.768,45.656,-16.5,236.049,45.699,-21.5,0,-4.394085585317463,8.79728795153099,-12.192139354107685,23.802324153193375,0.3533698444013069,0.36570583996399
236.082,43.211,-21.5,235.799,43.33,-16.5,235.81,43.151,-16.5,0,-0.5334971811781714,6.5443377618136696,-9.228790887831863,23.260919844102503,0.05766297329817508,0.2806308476446791
234.244,49.056,-21.5,234.037,49.172,-21.5,234.055,48.93,-16.5,0,5.438954696223758,17.554488195792647,16.76358014397387,33.46417728814295,0.3239232463321797,0.5236048120830167
236.067,43.388,-21.5,235.799,43.33,-16.5,236.082,43.211,-21.5,0,-0.4112657928564293,5.036200585560511,-8.721881507804994,23.423766078639588,0.04694312905775357,0.21430679588593063
236.24200000000002,41.972,-21.5,236.209,42.148,-21.5,235.957,42.084,-16.5,0,0.5613858767754324,2.9137426573550975,4.746075943752558,15.278406096379172,0.13207078731419497,0.19403265672688033
236.209,42.148,-21.5,235.924,42.261,-16.5,235.957,42.084,-16.5,0,0.620636680257573,3.6375171345160613,5.0094883239912065,14.744005758606818,0.1392562482594456,0.2516908709201091
236.24200000000002,41.972,-21.5,235.957,42.084,-16.5,235.999,41.908,-16.5,0,0.9922648657669794,3.491528034087071,5.808601293741816,15.379342180845555,0.18351258929402364,0.23017576355192765
236.049,45.699,-21.5,235.768,45.656,-16.5,236.043,45.522,-21.5,0,-4.132985504070725,6.856839076630667,-13.361898216881642,22.931751792588276,0.30352129645763753,0.2954716921471498
236.067,43.388,-21.5,235.793,43.509,-16.5,235.799,43.33,-16.5,0,-0.8071578267262788,5.929685922816008,-9.866379623543423,22.861656025873856,0.08145394157654977,0.2585747261687009
236.27800000000002,41.796,-21.5,236.24200000000002,41.972,-21.5,235.999,41.908,-16.5,0,0.783505961763487,2.8629263114360226,5.040461048775001,16.107212379844654,0.16812889739427725,0.1795893092615369
235.768,45.656,-16.5,235.76999999999998,45.477,-16.5,236.043,45.522,-21.5,0,-4.614586168998246,8.769246323959912,-12.456894451976531,23.4119684844284,0.3631561132832305,0.37082547878676536
236.05700000000002,43.566,-21.5,235.793,43.509,-16.5,236.067,43.388,-21.5,0,-0.6463786685209432,4.487674905772396,-9.379868865408014,23.033720645104935,0.06854660575549001,0.19405992304038605
236.27800000000002,41.796,-21.5,236.04399999999998,41.732,-16.5,236.32299999999998,41.622,-21.5,0,1.0882195553648846,2.963624053732903,5.9222185694383,16.733361032743346,0.19433795707711748,0.17795800765560993
236.37099999999998,41.448,-21.5,236.103,41.559,-16.5,236.16899999999998,41.387,-16.5,0,1.9214359485219008,4.051773255636544,8.196572575155898,17.228449662914215,0.2427319127388446,0.2354565309785728
236.27800000000002,41.796,-21.5,235.999,41.908,-16.5,236.04399999999998,41.732,-16.5,0,1.283162439632793,3.533710382608506,6.128033003837395,16.195360686939352,0.22103272024853046,0.21983323265582286
236.05,43.744,-21.5,236.046,43.922,-21.5,235.781,43.867,-16.5,0,-1.2114545751436914,3.8400166928687294,-10.14107283583185,22.418902282438964,0.11900767301155997,0.17043120139171727
236.05700000000002,43.566,-21.5,235.788,43.688,-16.5,235.793,43.509,-16.5,0,-1.0898706575007926,5.404520729992486,-9.993904390013824,22.673798063289127,0.10856538243908831,0.23749976072131998
236.05700000000002,43.566,-21.5,236.05,43.744,-21.5,235.788,43.688,-16.5,0,-0.9077511041800183,4.0568135213893735,-9.76375301074036,22.73566329889283,0.09252992984086829,0.1776106401640728
236.048,44.277,-21.5,235.78,44.403,-16.5,235.781,44.225,-16.5,0,-2.5238756347802185,5.623342726970947,-10.490327647410922,21.87164037089687,0.24015683989210285,0.25625150227422416
236.05,43.744,-21.5,235.781,43.867,-16.5,235.788,43.688,-16.5,0,-1.3570554066249096,5.114894617126173,-9.747375681150146,22.64725580958148,0.13866937532845902,0.22495717592278192
236.32299999999998,41.622,-21.5,236.04399999999998,41.732,-16.5,236.103,41.559,-16.5,0,1.7424946391804272,3.6785844561764094,7.469821827452606,16.580961680316378,0.24249828938011914,0.2225741997291059
236.04399999999998,44.455,-21.5,235.78,44.403,-16.5,236.048,44.277,-21.5,0,-2.120104852311561,4.614663662935297,-10.149953482706934,21.998292905550045,0.20852262090552756,0.2089846104546653
236.035,45.344,-21.5,236.043,45.522,-21.5,235.76999999999998,45.477,-16.5,0,-4.318877305144383,6.859563643141559,-13.604137840904166,22.530252655446894,0.31150260072980684,0.30100719011367566
236.047,44.099,-21.5,236.048,44.277,-21.5,235.781,44.225,-16.5,0,-1.9025437282063797,4.086786169236828,-10.75618357748803,21.83822625120608,0.17650195330375457,0.1862989108297011
236.32299999999998,41.622,-21.5,236.103,41.559,-16.5,236.37099999999998,41.448,-21.5,0,1.2048896140756575,3.2891074645485467,6.244033207749048,17.561631566580132,0.20289972997016384,0.18757759364892918
236.046,43.922,-21.5,236.047,44.099,-21.5,235.78199999999998,44.046,-16.5,0,-1.5818141367824505,3.816912175732662,-10.757552314737325,21.983441439086803,0.1466279810290689,0.17276482497801718
236.046,43.922,-21.5,235.78199999999998,44.046,-16.5,235.781,43.867,-16.5,0,-1.8396267584721324,4.949285829077086,-10.732879298779807,22.03970633873118,0.17088625708482746,0.22364766073578043
236.047,44.099,-21.5,235.781,44.225,-16.5,235.78199999999998,44.046,-16.5,0,-2.149909603351021,5.173654971401781,-10.490324141300917,22.01735589786722,0.20446110488769514,0.23408541322307344
236.04399999999998,44.455,-21.5,235.779,44.582,-16.5,235.78,44.403,-16.5,0,-2.9030513245288976,6.222439049283388,-10.49119119578107,21.736242988526087,0.27631923116118595,0.2854804084573978
236.038,44.633,-21.5,235.779,44.582,-16.5,236.04399999999998,44.455,-21.5,0,-2.3913531067050333,5.210702539525297,-9.909459597423776,21.981146201563433,0.2409851947608162,0.23633339978094
236.035,45.344,-21.5,235.76999999999998,45.477,-16.5,235.772,45.298,-16.5,0,-4.6907204858082014,8.72906048112877,-12.46164957536508,23.165286877544446,0.3689053410832627,0.3732136500437146
236.038,44.633,-21.5,235.777,44.761,-16.5,235.779,44.582,-16.5,0,-3.217525657336398,6.850602029119166,-10.372005451347945,21.66401730578312,0.30984836639967506,0.3155220521931739
236.035,45.344,-21.5,235.772,45.298,-16.5,236.03199999999998,45.166,-21.5,0,-4.152950084377262,6.9127965158001645,-12.974688930903525,22.658174530121514,0.3137189260017682,0.3017492642419707
236.034,44.811,-21.5,235.777,44.761,-16.5,236.038,44.633,-21.5,0,-2.7469449285783694,5.713840625594161,-10.153978683121807,21.7305292377105,0.27021759064847156,0.26230739890923643
236.03199999999998,45.166,-21.5,235.772,45.298,-16.5,235.774,45.119,-16.5,0,-4.666200020585243,8.5404688549073,-12.464187020918402,22.907443623965104,0.36687764007287127,0.36927673128620553
236.03199999999998,44.988,-21.5,236.03199999999998,45.166,-21.5,235.774,45.119,-16.5,0,-3.954344304153059,6.758414433974271,-12.596965272302867,22.617147404849888,0.3074693595798144,0.2954979670363144
236.03199999999998,44.988,-21.5,235.776,44.94,-16.5,236.034,44.811,-21.5,0,-3.045247670191851,6.073040819565136,-10.393335605769892,21.475589218134104,0.2927128739460197,0.2822605575132284
236.034,44.811,-21.5,235.776,44.94,-16.5,235.777,44.761,-16.5,0,-3.5398990252849036,7.324649366600623,-10.49117538362458,21.46769093499867,0.3370834141001982,0.340605543801746
236.03199999999998,44.988,-21.5,235.774,45.119,-16.5,235.776,44.94,-16.5,0,-4.530837588086313,8.197884898750258,-12.465394869312899,22.641921315253,0.3562289090900179,0.3584876396134806
236.062,40.236,-19.4,236.316,40.319,-20.0,236.086,40.389,-18.2,0,-1.181603731658426,3.032787224556431,-19.954458789890154,14.151682428188195,0.0523166430444015,0.20402209996031218
236.316,40.319,-20.0,236.062,40.236,-19.4,236.224,40.169,-20.6,0,-0.4214978156924088,2.5089238030574577,-19.57498236337905,15.229998958758259,0.01484049501180056,0.1557355181052269
232.72199999999998,50.072,-21.5,232.541,50.085,-19.0,232.703,49.954,-19.1,0,3.61497004305397,19.432347650543278,9.951953500478693,39.75781704485703,0.36266234761509736,0.4873885295316579
235.62099999999998,47.373,-18.8,235.825,47.453,-21.5,235.51600000000002,47.54,-18.8,0,0.2875448043772412,17.840669952846422,2.7104812254492874,28.889183666519017,0.18811288213866378,0.6193738668854265
235.825,47.453,-21.5,235.71699999999998,47.615,-21.5,235.51600000000002,47.54,-18.8,0,0.3565077715742348,17.178914558736057,3.5802333573386527,28.89366842849355,0.163273103108916,0.5963875532124763
235.72199999999998,47.203,-18.8,235.926,47.29,-21.5,235.62099999999998,47.373,-18.8,0,0.21997681555564147,15.816781575303692,1.9860938791648017,28.673251649288222,0.2104901646018496,0.5534411034069692
235.51600000000002,47.54,-18.8,235.71699999999998,47.615,-21.5,235.409,47.703,-18.8,0,0.08340524703339394,21.749936776271035,0.49140983608804234,32.503889897559844,0.16998383968794656,0.668564748710496
235.71699999999998,47.615,-21.5,235.607,47.777,-21.5,235.409,47.703,-18.8,0,0.17452224170290223,20.979831866100085,1.1659300590607309,32.63521763517579,0.1486709374490828,0.6422543559115811
235.926,47.29,-21.5,235.825,47.453,-21.5,235.62099999999998,47.373,-18.8,0,0.27740006535545436,15.2794253059809,2.6233787705268643,28.719787292850363,0.1837489013271799,0.5339893655620132
235.409,47.703,-18.8,235.607,47.777,-21.5,235.31900000000002,47.843,-18.8,0,0.03602125019607093,23.041110669922677,0.2067213828594241,32.948246998635874,0.1613597376089644,0.6987565675532775
235.607,47.777,-21.5,235.495,47.938,-21.5,235.31900000000002,47.843,-18.8,0,0.2294127499186553,22.150478502195025,1.5675349464885198,33.07001662473009,0.14405846884513657,0.6692316278912113
235.57999999999998,40.297,-16.5,235.74200000000002,40.23,-17.8,235.762,40.409,-16.5,0,-5.958442653250464,4.793046748307199,-18.977017966909614,15.766377107182429,0.30197555178203395,0.29104831291048777
236.338,40.699,-16.5,236.531,40.705,-19.2,236.54399999999998,40.834,-19.2,0,-0.18061733602174904,4.954568063389545,-1.5132884935322437,22.362270020703306,0.055810980867994624,0.22061835305125332
232.541,50.085,-19.0,232.52100000000002,49.954,-16.5,232.703,49.954,-19.1,0,3.8865831588377344,21.094170727202734,9.725810477348613,39.71796075039133,0.398955356766564,0.5296433785582483
234.96800000000002,48.394,-18.8,235.043,48.579,-21.5,234.828,48.531,-18.7,0,1.5089665235888885,21.917321411813656,6.855683172068646,34.382794861447394,0.218600725514675,0.6368825986100602
236.372,40.874,-16.5,236.338,40.699,-16.5,236.54399999999998,40.834,-19.2,0,-0.39949391714298593,5.503530780540122,-3.2983465472914872,21.923198972230963,0.08865409346408487,0.24977694798685296
235.192,48.431,-21.5,235.043,48.579,-21.5,234.96800000000002,48.394,-18.8,0,1.4885419173181191,20.571683183463595,7.908832554097181,33.95060133343455,0.18704196182987634,0.6053701906731285
232.88400000000001,49.928,-21.5,232.72199999999998,50.072,-21.5,232.703,49.954,-19.1,0,3.1420640189937408,18.49656119149373,9.014129781670729,39.785391646780596,0.3479207246806088,0.46358300007750497
235.993,47.118,-21.5,235.72199999999998,47.203,-18.8,235.805,47.022,-18.9,0,-0.6514691832462255,13.621890178499005,-2.193010118173305,28.389598319574574,0.23328171125546757,0.48125164148924277
235.993,47.118,-21.5,235.926,47.29,-21.5,235.72199999999998,47.203,-18.8,0,-0.6729516440326527,13.145956070100615,-2.5957871823527725,28.44720818450491,0.20567304774855497,0.4639250694829131
233.07299999999998,49.553,-16.5,233.26600000000002,49.426,-16.5,233.247,49.54,-18.9,0,6.093405188054513,19.839033308035848,14.108684563254899,37.02447247588366,0.4314870579031241,0.5343540761920468
233.26600000000002,49.426,-16.5,233.45999999999998,49.299,-16.5,233.44299999999998,49.413,-19.1,0,6.069964289766634,19.82396962600796,14.190611605337034,36.64355671148879,0.42728075767505486,0.539580637045866
232.52100000000002,49.954,-16.5,232.701,49.817,-16.5,232.703,49.954,-19.1,0,4.888430068941268,21.415244793518518,11.603588456394442,39.04556004433523,0.4207721296061229,0.5469638178314626
235.764,45.835,-16.5,236.053,45.877,-21.5,235.93200000000002,45.97,-19.3,0,-4.406745722150027,7.355007497462546,-13.91395777546067,23.022373339057367,0.31139562186264247,0.31552135943059123
236.38400000000001,40.158,-21.5,236.539,40.291,-21.5,236.316,40.319,-20.0,0,0.4982142925970706,2.0803099003129497,-18.100464091695613,16.800036360485272,-0.03281077287098949,0.11843060082004862
233.424,49.525,-21.5,233.238,49.656,-21.5,233.247,49.54,-18.9,0,4.721034651104841,16.993999737135184,13.256121373564747,37.4351446190843,0.35576452422733873,0.45265213721546876
235.762,40.409,-16.5,235.74200000000002,40.23,-17.8,235.93099999999998,40.322,-18.1,0,-4.524174506895737,4.741543920391108,-18.339154512833787,16.361519993577176,0.23457350158355122,0.2782612455559043
233.623,49.404,-21.5,233.424,49.525,-21.5,233.44299999999998,49.413,-19.1,0,5.471336817262307,16.345589041640675,15.64289102909077,35.84981381043203,0.3494484822501256,0.4546789488049721
234.888,48.237,-16.5,234.989,48.071,-16.5,235.091,48.264,-19.1,0,-0.20708716859968065,26.327171283478695,-0.9142379661158575,34.31440433253509,0.23667181625207181,0.7667699542027085
232.885,49.684,-16.5,233.07299999999998,49.553,-16.5,233.062,49.668,-18.9,0,5.686001438022738,20.32452404143441,13.14964431752289,37.80634035366673,0.43198074603173053,0.536088781538248
236.16899999999998,41.387,-16.5,236.245,41.217,-16.5,236.293,41.326,-18.8,0,2.210127232920884,4.71925390609881,9.340196690624794,17.577293306596275,0.24429271511949494,0.26875367199882005
235.975,40.484,-16.5,235.762,40.409,-16.5,235.93099999999998,40.322,-18.1,0,-5.026574813271827,3.5511672782473784,-21.65604259369185,10.603142255869955,0.22537180706569093,0.3180211758932216
235.74200000000002,40.23,-17.8,235.904,40.163,-19.1,235.93099999999998,40.322,-18.1,0,-3.402524049024769,3.7689278186993476,-18.538763027759728,16.697695813854168,0.17212780934959915,0.21425029840207388
236.338,40.699,-16.5,236.406,40.536,-18.8,236.531,40.705,-19.2,0,-0.6258974301890412,4.761459001007805,-10.53825737919081,20.362925155257443,0.0486012519213602,0.23100728150421093
234.989,48.071,-16.5,235.18099999999998,48.142,-19.3,235.091,48.264,-19.1,0,-0.1957769510139618,25.49849757329459,-0.9711169981872345,34.14914283872237,0.21061307866624707,0.7461984728211797
236.338,40.699,-16.5,236.184,40.566,-16.5,236.406,40.536,-18.8,0,-1.4444159614819774,4.454709570861748,-16.53048480382094,16.09466024314296,0.07971278486125051,0.2709897962507733
236.035,46.942,-21.5,235.805,47.022,-18.9,235.858,46.841,-18.9,0,-1.3873848668050248,11.4276108696379,-5.119054730497236,27.75675091487561,0.251183910007883,0.4122654953498199
233.45999999999998,49.299,-16.5,233.65699999999998,49.175,-16.5,233.638,49.289,-19.0,0,6.232877904652268,19.855706625019998,14.812359426013204,35.77285881905404,0.4202742160822231,0.5537307560141591
233.238,49.656,-21.5,233.058,49.79,-21.5,233.062,49.668,-18.9,0,4.3911668563255555,17.37476799481989,12.294958698438817,38.1274990504962,0.3567531392860684,0.45437279479169945
236.184,40.566,-16.5,235.975,40.484,-16.5,236.086,40.389,-18.2,0,-3.2250814455164742,3.4175201919386553,-21.166590015478548,10.614651594139985,0.1463417305747468,0.3081270376430496
234.828,48.531,-18.7,234.853,48.705,-21.5,234.648,48.684,-19.0,0,3.1174772678152394,20.293363159895783,12.722455250809832,33.271164431070105,0.24424477424944246,0.6093046345413639
236.035,46.942,-21.5,235.993,47.118,-21.5,235.805,47.022,-18.9,0,-1.5411911200337591,10.909148754247896,-6.414215620220819,27.57119391198195,0.22541752373460053,0.39681314402204204
235.495,47.938,-21.5,235.388,48.101,-21.5,235.23399999999998,48.006,-19.0,0,0.11332074948809455,22.713002350502112,0.7235266134163219,33.55869811061925,0.1480950495827653,0.6762653460945207
235.72199999999998,47.203,-18.8,235.578,47.074,-16.5,235.805,47.022,-18.9,0,-0.7690020841329972,16.22898600302164,-2.356840659713445,28.435387412288662,0.26487097576418944,0.5719011490740067
236.245,41.217,-16.5,236.326,41.049,-16.5,236.37900000000002,41.162,-18.9,0,1.8632020467202381,4.849657966343508,9.934326989263695,18.14130600424825,0.19463555110245895,0.26778885382067374
235.904,40.163,-19.1,236.065,40.095,-20.3,236.062,40.236,-19.4,0,-1.4526094934610776,2.635123460367402,-18.531524281124348,17.140511341586254,0.06875595755849245,0.14385086980598014
236.227,40.028,-21.5,236.38400000000001,40.158,-21.5,236.224,40.169,-20.6,0,0.43814278937422046,1.5287002362528723,-18.61666270731422,17.268871481324986,-0.029773246638664673,0.08185911116624281
236.184,40.566,-16.5,236.086,40.389,-18.2,236.28,40.451,-18.7,0,-1.973354767429493,3.494405892230471,-20.224798347866965,12.403451265211814,0.09131335351540852,0.2710372343577055
234.777,48.4,-16.5,234.96800000000002,48.394,-18.8,234.828,48.531,-18.7,0,1.7403594428911724,24.283972814310776,6.766230660233877,34.46571574386854,0.25560674047625004,0.704032815424184
233.829,49.287,-21.5,233.623,49.404,-21.5,233.638,49.289,-19.0,0,5.638771689241092,16.093052548146783,16.65765050903184,34.7825161740915,0.33815771637811876,0.46149027131188
236.424,41.274,-21.5,236.37099999999998,41.448,-21.5,236.293,41.326,-18.8,0,1.0785313321613863,3.4649682933959807,6.6523656583199156,18.508578501635583,0.17079370303177793,0.18731530501232266
235.805,47.022,-18.9,235.64600000000002,46.902,-16.5,235.858,46.841,-18.9,0,-1.6160632145378495,13.89439855701627,-5.297380751272122,27.766657013749686,0.28527345399748516,0.5006949205450786
235.043,48.579,-21.5,234.853,48.705,-21.5,234.828,48.531,-18.7,0,3.034095258398665,18.77012738947465,14.404067504703251,32.31773432696564,0.21002659151411418,0.5801900566982044
232.701,49.817,-16.5,232.885,49.684,-16.5,232.88,49.801,-18.9,0,5.375103028739471,20.893489590671784,12.51617629572324,38.43529419377245,0.4290000720411342,0.5420877257110976
236.065,40.095,-20.3,236.227,40.028,-21.5,236.224,40.169,-20.6,0,0.0007787013848201483,1.5663148555461195,-19.117358848044816,16.90540597087493,-0.007072492992843921,0.0844557105943786
236.70999999999998,40.616,-21.5,236.709,40.794,-21.5,236.531,40.705,-19.2,0,-0.0509411407243426,3.027989325363227,0.21786375884261133,22.56725366508826,0.0021812626003676326,0.13376061134878064
236.38400000000001,40.158,-21.5,236.316,40.319,-20.0,236.224,40.169,-20.6,0,0.28691412212842277,2.023219997484934,-19.428766441834924,15.587157469926481,-0.02038632064043812,0.12243150235857042
235.49200000000002,47.243,-16.5,235.72199999999998,47.203,-18.8,235.62099999999998,47.373,-18.8,0,0.22561625597897259,18.409558349886193,1.7971449659376084,28.758788031902533,0.24045529990499256,0.6416646761177978
236.531,40.705,-19.2,236.406,40.536,-18.8,236.574,40.557,-20.3,0,-0.2375491433393137,4.004746007416258,-9.568099470358973,20.959856596408784,0.014840625273158018,0.18878645970610583
235.289,48.266,-21.5,235.192,48.431,-21.5,235.091,48.264,-19.1,0,-0.13872182139800765,21.887128908308423,-0.873147145912295,34.39934144079224,0.16966129014868753,0.6357345062035673
235.578,47.074,-16.5,235.64600000000002,46.902,-16.5,235.805,47.022,-18.9,0,-0.9567622597800766,16.256374642435148,-2.8303222960699763,28.269984491912126,0.29109195903856283,0.5756490513438222
236.52800000000002,41.115,-21.5,236.424,41.274,-21.5,236.37900000000002,41.162,-18.9,0,1.4642379987237952,3.1153086381009674,11.655254992608711,16.78269232338863,0.1293451826395508,0.186236806039253
235.49200000000002,47.243,-16.5,235.578,47.074,-16.5,235.72199999999998,47.203,-18.8,0,-0.21903976660546534,18.420170209690664,-0.1572538366609706,28.674218716796794,0.26711554384473013,0.6436271185551669
235.93200000000002,46.149,-19.2,235.75900000000001,46.013,-16.5,235.93200000000002,45.97,-19.3,0,-4.462395468052189,8.159615173892043,-13.512116841530581,23.480675998047648,0.324872140470266,0.3434198460531538
235.757,46.192,-16.5,235.75900000000001,46.013,-16.5,235.93200000000002,46.149,-19.2,0,-4.43623636211847,9.473594842978324,-12.508081221838573,24.171805995444203,0.3486750085750239,0.3877985573771091
234.989,48.071,-16.5,235.09,47.906,-16.5,235.23399999999998,48.006,-19.0,0,-0.1807099293044119,26.5641615636536,-0.8674243740236154,33.795273785297205,0.21570553332851242,0.7855868689364164
234.625,48.547,-16.5,234.828,48.531,-18.7,234.648,48.684,-19.0,0,3.4688196902468422,22.567149238738494,12.258444758856198,33.52124518277523,0.2820790161280579,0.6725889976696122
233.058,49.79,-21.5,232.88400000000001,49.928,-21.5,232.88,49.801,-18.9,0,3.9674933392506717,17.93457324323039,11.154044933626981,38.844882251844695,0.35523425395970787,0.46035995959669546
235.75900000000001,46.013,-16.5,235.764,45.835,-16.5,235.93200000000002,45.97,-19.3,0,-4.45737375806038,9.541075292377146,-12.105760636560031,24.1391821521933,0.3614015485535376,0.39109060902956505
236.086,40.389,-18.2,236.316,40.319,-20.0,236.28,40.451,-18.7,0,-1.0184719239650983,3.245535355188689,-19.514815325311872,14.125032051428615,0.045636197431006185,0.2206764008766396
235.31900000000002,47.843,-18.8,235.495,47.938,-21.5,235.23399999999998,48.006,-19.0,0,-0.0100338951923516,23.746132200101055,-0.09445294250047276,33.392914231649925,0.16174735644678664,0.7105806650654075
235.64600000000002,46.902,-16.5,235.697,46.726,-16.5,235.858,46.841,-18.9,0,-1.7916611299444574,14.097880847633107,-5.463746241875679,27.620845905226115,0.30984027981705065,0.5099683802429035
236.059,46.765,-21.5,236.035,46.942,-21.5,235.858,46.841,-18.9,0,-2.236480900394189,8.983337149873766,-9.085524325969129,26.560482461105167,0.2384648034239095,0.3383275615740282
235.697,46.726,-16.5,235.739,46.55,-16.5,235.902,46.661,-19.1,0,-2.250184076589244,12.22291663606488,-6.768469331125235,27.09837103788795,0.32027714156081827,0.449411479412629
235.975,40.484,-16.5,235.93099999999998,40.322,-18.1,236.086,40.389,-18.2,0,-3.422918806825443,3.8408689900008675,-20.478758441003137,12.739735312420322,0.15949036542903955,0.28852234827498063
235.753,46.371,-16.5,235.757,46.192,-16.5,235.928,46.323,-19.2,0,-4.19619518067037,9.722439651773374,-12.238440006640584,24.578613383938357,0.33729056361919113,0.39185280092479957
236.539,40.291,-21.5,236.656,40.444,-21.5,236.44,40.41,-20.1,0,0.3482845650105505,2.5049943590845154,-14.224795532169537,19.42514645760818,-0.030110496125016813,0.12593839461181885
235.39600000000002,47.41,-16.5,235.62099999999998,47.373,-18.8,235.51600000000002,47.54,-18.8,0,0.3174510092381853,20.191896834981154,2.5261946174660928,28.987882899751593,0.21651173153266787,0.6980714655604356
235.39600000000002,47.41,-16.5,235.49200000000002,47.243,-16.5,235.62099999999998,47.373,-18.8,0,0.10528045153730167,20.28716325167997,1.3033873331024424,28.932241302957024,0.24177535116187662,0.7026049953305316
236.062,40.236,-19.4,236.065,40.095,-20.3,236.224,40.169,-20.6,0,-0.6329278011649959,2.334561125931429,-18.730992643789847,16.85202608191286,0.025601046459897824,0.12962998954960572
235.739,46.55,-16.5,235.753,46.371,-16.5,235.92000000000002,46.483,-19.1,0,-3.6289675991156343,10.502037458424969,-10.855681157209897,25.465080333486945,0.3281678382126677,0.4095378021976979
235.904,40.163,-19.1,236.062,40.236,-19.4,235.93099999999998,40.322,-18.1,0,-2.3254709683038417,3.469318483622062,-18.54823801834003,16.605313565496466,0.11509369446913144,0.19837781166442775
236.44,40.41,-20.1,236.656,40.444,-21.5,236.574,40.557,-20.3,0,0.16968778146984786,2.839614399075911,-13.510034039888282,19.394967503996487,-0.018423388711661423,0.14356909611543398
233.65699999999998,49.175,-16.5,233.856,49.052,-16.5,233.837,49.169,-18.9,0,6.173055484405781,20.122017743946497,15.09263885699044,34.9844950275645,0.4084178062593267,0.5739790106393534
235.928,46.323,-19.2,235.757,46.192,-16.5,235.93200000000002,46.149,-19.2,0,-3.897988508593711,8.508652599083113,-12.14406071787133,24.47969375731113,0.31546791125884904,0.3438498812937738
235.29500000000002,47.575,-16.5,235.39600000000002,47.41,-16.5,235.51600000000002,47.54,-18.8,0,0.23409971041859107,21.72446435579389,2.0999734337185334,29.1666183864166,0.21988213069756418,0.7461027507003644
235.29500000000002,47.575,-16.5,235.51600000000002,47.54,-18.8,235.409,47.703,-18.8,0,0.04080686033600054,24.098543385193786,0.2093330980932535,32.65368962585909,0.19873548816816164,0.7374950140396473
235.858,46.841,-18.9,235.697,46.726,-16.5,235.902,46.661,-19.1,0,-2.6567951567669748,11.622679585832751,-8.668617909581293,26.63805576885459,0.2978520430594299,0.43540340832396857
232.701,49.817,-16.5,232.88400000000001,49.928,-21.5,232.703,49.954,-19.1,0,3.7622429469350793,20.045509774814334,9.677295741720556,39.513996506491786,0.3881187148679972,0.5058829100992045
235.93099999999998,40.322,-18.1,236.062,40.236,-19.4,236.086,40.389,-18.2,0,-2.45984042957551,3.2280971030553918,-20.690303743810105,13.109488681894653,0.11159256185193017,0.23334587525986294
235.902,46.661,-19.1,235.739,46.55,-16.5,235.92000000000002,46.483,-19.1,0,-3.1577926327421766,9.957222416078721,-10.1968998017854,25.854144158100812,0.30325216800745347,0.38299707816603523
235.19299999999998,47.741,-16.5,235.29500000000002,47.575,-16.5,235.409,47.703,-18.8,0,-0.18040820324685,25.47801926892812,-0.8738963511182991,32.89972199394343,0.2071644430838428,0.7739507201470548
234.037,49.172,-21.5,233.829,49.287,-21.5,233.837,49.169,-18.9,0,5.509538955953262,16.147146632682748,17.036924241706483,34.021257658674934,0.3229729979416234,0.4735415749890825
235.19299999999998,47.741,-16.5,235.409,47.703,-18.8,235.31900000000002,47.843,-18.8,0,-0.011088321591111418,25.166091277923176,-0.06968681998036885,33.104371135327746,0.19165022283137617,0.7597187645481582
235.192,48.431,-21.5,234.96800000000002,48.394,-18.8,235.091,48.264,-19.1,0,0.48223229354288494,22.81926745296306,2.413160083009423,34.49698049223362,0.1957557523904853,0.6609516970043234
236.326,41.049,-16.5,236.372,40.874,-16.5,236.486,40.989,-18.9,0,0.7559445551527473,5.194912138175933,6.3213266465229765,20.411169743614494,0.13252033598434593,0.2546354708532458
236.059,46.765,-21.5,235.858,46.841,-18.9,235.902,46.661,-19.1,0,-2.2696061297657315,9.393144966279229,-8.436014155988207,26.6777343618246,0.2604680795498942,0.35150626940157337
235.92000000000002,46.483,-19.1,235.753,46.371,-16.5,235.928,46.323,-19.2,0,-3.9122357045785328,8.80745576110193,-12.472251743909762,24.567614183564046,0.3087321960345176,0.35532697626905846
234.777,48.4,-16.5,234.888,48.237,-16.5,234.96800000000002,48.394,-18.8,0,0.23067266906610506,25.883268707938914,0.8449962577743708,34.79523960576501,0.2600390951576743,0.7433759657104686
235.09,47.906,-16.5,235.19299999999998,47.741,-16.5,235.31900000000002,47.843,-18.8,0,-0.12340240381865523,26.25865326380892,-0.6149933387645135,33.35211097826156,0.20635892292552271,0.7868688818088628
236.07299999999998,46.588,-21.5,236.059,46.765,-21.5,235.902,46.661,-19.1,0,-2.6089557254035576,7.441629594938842,-10.52659439727723,25.76800906423599,0.24231063962503133,0.2877565485991784
235.388,48.101,-21.5,235.289,48.266,-21.5,235.18099999999998,48.142,-19.3,0,-0.08343477258859155,22.508817499070965,-0.5845080489365699,33.9897884822487,0.15669347616995247,0.6616870700913488
236.316,40.319,-20.0,236.539,40.291,-21.5,236.44,40.41,-20.1,0,0.29692333689748535,2.46748387334639,-17.896157881741175,16.406456241364108,-0.02189046927987836,0.14504106250320764
235.18099999999998,48.142,-19.3,234.989,48.071,-16.5,235.23399999999998,48.006,-19.0,0,-0.33240334983572045,25.639870578423725,-1.6775045073267627,33.88687306294317,0.20276302122145334,0.7561563328012489
236.37099999999998,41.448,-21.5,236.16899999999998,41.387,-16.5,236.293,41.326,-18.8,0,1.5689332886014795,3.9967830472834063,7.593350306617332,17.919091314075587,0.21525431866815167,0.22320901080031666
234.244,49.056,-21.5,234.055,48.93,-16.5,234.255,48.932,-19.1,0,5.070996000185061,19.167622058037068,15.12061402653403,33.977189140263754,0.3347040702290721,0.5632119635820426
236.709,40.794,-21.5,236.656,40.966,-21.5,236.54399999999998,40.834,-19.2,0,0.12530894924072908,2.82146865290059,6.502249653088285,20.83363265736287,0.025224472641894976,0.13565173433843306
236.082,46.41,-21.5,236.07299999999998,46.588,-21.5,235.92000000000002,46.483,-19.1,0,-2.7694814276994753,6.421151467039509,-11.243224616169243,25.209982089725926,0.24155987042342777,0.25267256618429274
236.656,40.966,-21.5,236.52800000000002,41.115,-21.5,236.486,40.989,-18.9,0,0.9205738812073432,2.482264891908694,13.898531039697165,15.860742269126632,0.06827144379733892,0.15760070080019123
236.07299999999998,46.588,-21.5,235.902,46.661,-19.1,235.92000000000002,46.483,-19.1,0,-2.698886636027722,7.919328228199885,-10.043228406208971,25.86125912030594,0.2626594065426494,0.3044891807230529
234.648,48.684,-19.0,234.652,48.823,-21.5,234.45499999999998,48.811,-19.1,0,4.08953930279103,19.115628005253853,15.115279331070884,32.884070172439785,0.2698961054279004,0.580588392508298
234.853,48.705,-21.5,234.652,48.823,-21.5,234.648,48.684,-19.0,0,3.826425713769329,17.8750743008766,16.179354058310494,32.10644025512504,0.23594304192243354,0.5560734453643947
236.326,41.049,-16.5,236.52800000000002,41.115,-21.5,236.37900000000002,41.162,-18.9,0,1.4309792643420163,3.969160413242938,10.530079399705002,17.927837335866755,0.141170843938316,0.2219840816506953
236.078,46.232,-21.5,236.082,46.41,-21.5,235.928,46.323,-19.2,0,-3.1816123382113006,5.703173111336569,-13.023187150336575,24.057025493250357,0.24037167307275917,0.23426272880640367
233.65699999999998,49.175,-16.5,233.829,49.287,-21.5,233.638,49.289,-19.0,0,6.366538449870923,17.806618863454005,16.9048863709911,34.51178065276221,0.37620364126093214,0.5147201363327478
233.058,49.79,-21.5,232.885,49.684,-16.5,233.062,49.668,-18.9,0,5.116340649175752,19.025137796029437,12.934720892884608,38.021552485690655,0.39515787529969165,0.4989415878613932
236.406,40.536,-18.8,236.44,40.41,-20.1,236.574,40.557,-20.3,0,-0.12004291152997267,3.512970572150736,-13.779981368400968,19.085358979027433,0.0014982945639470597,0.18054049546475529
234.446,48.681,-16.5,234.648,48.684,-19.0,234.45499999999998,48.811,-19.1,0,4.612139950230549,21.208980122332683,14.872250415753765,33.06602827883217,0.3093819184512308,0.6406849727470019
233.238,49.656,-21.5,233.07299999999998,49.553,-16.5,233.247,49.54,-18.9,0,5.636589608701333,18.45784899946486,14.239907819544545,37.145691446928176,0.3954864457355908,0.49548154733571215
232.88400000000001,49.928,-21.5,232.701,49.817,-16.5,232.88,49.801,-18.9,0,4.622701952098994,19.667686876047572,11.776921407589365,38.77507315016176,0.39205818887785177,0.505787264954489
233.45999999999998,49.299,-16.5,233.623,49.404,-21.5,233.44299999999998,49.413,-19.1,0,6.2414601646396735,17.87605587192749,16.117513987269152,35.5174265051492,0.38689166713441014,0.5019686058914533
234.446,48.681,-16.5,234.625,48.547,-16.5,234.648,48.684,-19.0,0,3.8254424088417016,23.054740000108783,12.148336525179712,33.81165561769113,0.31393517883141137,0.6811917130988991
234.625,48.547,-16.5,234.777,48.4,-16.5,234.828,48.531,-18.7,0,2.260500636586473,24.583656560628242,7.88009528027419,34.438558555046754,0.28540400397176047,0.7132701325911546
236.52800000000002,41.115,-21.5,236.326,41.049,-16.5,236.486,40.989,-18.9,0,1.4173267460090142,3.614646994087587,12.396873456018241,17.01028810309259,0.11815492899610885,0.21344014940597456
233.856,49.052,-16.5,234.037,49.172,-21.5,233.837,49.169,-18.9,0,6.035474868198801,18.169371333533903,16.671857545550722,34.00293687895375,0.36151638463239266,0.5332383212721076
233.424,49.525,-21.5,233.26600000000002,49.426,-16.5,233.44299999999998,49.413,-19.1,0,5.379740851093191,18.426980000910735,13.709501128254548,36.940474337483494,0.39197820283823215,0.49746401176948424
233.26600000000002,49.426,-16.5,233.424,49.525,-21.5,233.247,49.54,-18.9,0,5.203565497600782,18.565350930307755,13.193252843214518,37.29261689039995,0.39396830243054043,0.49644715412634405
234.252,48.806,-16.5,234.446,48.681,-16.5,234.45499999999998,48.811,-19.1,0,4.977438858760977,21.903238234801865,14.476424993184906,33.49481694969962,0.3430377686206488,0.6531507655259854
236.064,46.055,-21.5,235.93200000000002,46.149,-19.2,235.93200000000002,45.97,-19.3,0,-3.6766259782115243,6.36298170265717,-13.32806614333937,23.573828960166498,0.2712153924317048,0.26632526093168424
236.064,46.055,-21.5,236.078,46.232,-21.5,235.93200000000002,46.149,-19.2,0,-3.5494531381082184,5.416215596386003,-14.333121885877677,23.053132874573286,0.24386679014611318,0.23162700041450174
234.055,48.93,-16.5,234.252,48.806,-16.5,234.255,48.932,-19.1,0,5.482127392474691,21.228821863266802,14.828553413512246,33.91168002811443,0.36895040267020235,0.625100441150121
234.252,48.806,-16.5,234.45499999999998,48.811,-19.1,234.255,48.932,-19.1,0,5.221017770454713,20.47122510774338,15.497527875271224,33.33953296043571,0.3361964340924272,0.6131853337058599
234.45499999999998,48.811,-19.1,234.44799999999998,48.939,-21.5,234.255,48.932,-19.1,0,4.6289732290508985,18.473510072013706,15.675752576412357,33.21432484729951,0.29466586754559454,0.5553813861324627
234.652,48.823,-21.5,234.44799999999998,48.939,-21.5,234.45499999999998,48.811,-19.1,0,4.362822021901955,17.388900636657365,16.633294480735202,32.467905789287016,0.26174346579002916,0.5348235040592634
233.07299999999998,49.553,-16.5,233.238,49.656,-21.5,233.062,49.668,-18.9,0,4.979905224012814,18.862472748253907,12.564845109541602,37.89989598703099,0.39589848602068306,0.49627381259913433
236.656,40.444,-21.5,236.70999999999998,40.616,-21.5,236.574,40.557,-20.3,0,0.06743492650473103,2.7627993181995225,-6.862017332016549,22.30544188686877,-0.018645768990927385,0.12261638502114942
234.44799999999998,48.939,-21.5,234.244,49.056,-21.5,234.255,48.932,-19.1,0,4.70531391932131,16.965722521163475,16.522367559594336,33.104191186907016,0.2842407934158344,0.5116525820208239
236.053,45.877,-21.5,236.064,46.055,-21.5,235.93200000000002,45.97,-19.3,0,-3.5749176319525,5.590595501667914,-13.93312519696114,23.056010727071254,0.25228949657257127,0.23903476340762472
236.424,41.274,-21.5,236.245,41.217,-16.5,236.37900000000002,41.162,-18.9,0,1.9233125440743224,3.931696168246064,11.013968368899668,17.089472086957073,0.179761735164758,0.23058925814989936
236.082,46.41,-21.5,235.92000000000002,46.483,-19.1,235.928,46.323,-19.2,0,-3.302855532024106,6.8549043452421765,-12.362544186950629,24.558738480714688,0.2627176925335958,0.27642693198055024
236.531,40.705,-19.2,236.709,40.794,-21.5,236.54399999999998,40.834,-19.2,0,-0.10923421767919085,3.568377233086839,-1.9277984763326401,22.144149108835308,0.02425546792573671,0.16045777744131529
233.623,49.404,-21.5,233.45999999999998,49.299,-16.5,233.638,49.289,-19.0,0,5.5838117861304335,18.287445064084647,14.507388724013856,36.035393545072175,0.3844300382383323,0.5061973795573573
236.406,40.536,-18.8,236.184,40.566,-16.5,236.28,40.451,-18.7,0,-1.238120468950594,3.9399563187313187,-17.95504621929564,15.13291442205216,0.06197128574329028,0.25331367918541975
232.885,49.684,-16.5,233.058,49.79,-21.5,232.88,49.801,-18.9,0,4.7345276199711535,19.344111646160282,11.986048392328774,38.48927350610928,0.39454752168788404,0.501151507731345
236.078,46.232,-21.5,235.928,46.323,-19.2,235.93200000000002,46.149,-19.2,0,-3.2334947080624747,6.570859436845864,-11.997730575021869,24.508172300068278,0.26469616127526724,0.26488416478075666
233.829,49.287,-21.5,233.65699999999998,49.175,-16.5,233.837,49.169,-18.9,0,5.724906810124396,18.292696186295895,15.365555731412726,35.056054771614626,0.37207285563570014,0.5206302150409541
236.245,41.217,-16.5,236.424,41.274,-21.5,236.293,41.326,-18.8,0,1.6351270128228967,4.20338085322838,8.665823578411349,18.144044881470577,0.19607794204608542,0.23190790781196466
236.70999999999998,40.616,-21.5,236.531,40.705,-19.2,236.574,40.557,-20.3,0,-0.0578731645506341,3.2182184498618622,-8.315672628692937,21.356587720797776,-0.0013165146468916515,0.14911501500399246
235.09,47.906,-16.5,235.31900000000002,47.843,-18.8,235.23399999999998,48.006,-19.0,0,-0.09298003747293059,25.704149545882252,-0.5051700362498366,33.52874497850798,0.19423216032603824,0.7661573996917649
235.388,48.101,-21.5,235.18099999999998,48.142,-19.3,235.23399999999998,48.006,-19.0,0,-0.22579014878982087,23.74064861006447,-1.391209638988002,33.78751772843262,0.16774879410876162,0.7021238410016846
236.486,40.989,-18.9,236.372,40.874,-16.5,236.54399999999998,40.834,-19.2,0,0.4576649037020975,4.6185154629064185,6.076748234659149,20.8482133312487,0.08728275168173369,0.22167560668315497
236.656,40.966,-21.5,236.486,40.989,-18.9,236.54399999999998,40.834,-19.2,0,0.2610296978116774,3.4912945742398658,5.593862833934125,20.785782408033512,0.05579179532954775,0.16809060586691155
234.96800000000002,48.394,-18.8,234.888,48.237,-16.5,235.091,48.264,-19.1,0,0.5880537449410113,25.18471820318729,2.4950062287427777,34.49889251483408,0.2316885206513846,0.7295110238328114
235.18099999999998,48.142,-19.3,235.289,48.266,-21.5,235.091,48.264,-19.1,0,-0.10916686792332317,23.396470668893663,-0.6610843478883446,34.20284144197994,0.1787173254368453,0.6835291909224543
236.406,40.536,-18.8,236.28,40.451,-18.7,236.44,40.41,-20.1,0,-0.4357874769691045,3.235020778337832,-18.08907846261519,15.281447070918038,0.018181183540572656,0.20538752256421453
236.28,40.451,-18.7,236.316,40.319,-20.0,236.44,40.41,-20.1,0,-0.26919790756693407,3.189729575161973,-17.660806270002354,16.315908735151005,0.008664002893297764,0.18923888811238118
232.541,50.085,-19.0,232.72199999999998,50.072,-21.5,232.56,50.217,-21.5,0,3.0392748028584844,18.857376811741858,8.884454760253576,40.18843762894413,0.34144143839539653,0.46789275119698903
236.161,42.502,-21.5,235.869,42.617,-16.5,235.89600000000002,42.439,-16.5,0,0.18592302902811025,3.748341668535464,4.441070638469441,13.095236531880957,0.06021684726025228,0.2949353731067325
236.137,42.679,-21.5,235.845,42.795,-16.5,235.869,42.617,-16.5,0,0.0824902828629775,3.646743524436428,4.19608761664621,12.267811623223238,0.039063580811597165,0.30708630235347834
236.161,42.502,-21.5,236.137,42.679,-21.5,235.869,42.617,-16.5,0,0.05665505461062134,3.0590057054914763,3.903546692581884,12.795380945671226,0.031706247477953205,0.24725234358458492
236.11599999999999,42.856,-21.5,235.825,42.973,-16.5,235.845,42.795,-16.5,0,0.050453417302154316,3.4187061814028454,3.9040954813331723,11.460268482123766,0.03287362158516784,0.3082816800393759
236.11599999999999,42.856,-21.5,235.845,42.795,-16.5,236.137,42.679,-21.5,0,0.00456468468055223,2.9104828421388,3.6687140905188045,11.96214274539426,0.019087844963208773,0.25217282967624877
236.098,43.033,-21.5,235.825,42.973,-16.5,236.11599999999999,42.856,-21.5,0,0.004441148247243011,2.652421104241676,3.4499608290504256,11.127513986317453,0.019002934014710232,0.24691914317774874
236.341,43.524,-26.5,236.067,43.388,-21.5,236.35,43.345,-26.5,0,-0.12388507637106004,1.6023797910450694,-9.584425852875867,23.023405076044085,0.012781668285705086,0.06915644052825823
236.325,43.881,-26.5,236.046,43.922,-21.5,236.05,43.744,-21.5,0,-0.6485921835149585,1.9125731293560442,-10.189114336909228,22.40238167106392,0.06337206513372509,0.08471581239856166
236.36700000000002,43.167,-26.5,236.098,43.033,-21.5,236.38400000000001,42.989,-26.5,0,-0.0364351318707344,0.9289366611321067,2.3884496708613625,10.676913349027018,-0.005638707473533378,0.09095492069044696
236.36700000000002,43.167,-26.5,236.082,43.211,-21.5,236.098,43.033,-21.5,0,-0.018679219117755223,1.2862723113514511,2.648254989957593,10.293155947707959,0.004902463734340942,0.1296966446043771
236.32,44.06,-26.5,236.046,43.922,-21.5,236.325,43.881,-26.5,0,-0.49693140472009717,1.2008102847676638,-10.094271492708756,22.3825392029093,0.049029073895623845,0.05312455465199361
234.853,48.705,-21.5,235.043,48.579,-21.5,235.102,48.817,-26.5,0,2.306461986332467,14.636109831075501,14.725838413467665,32.493905869015755,0.15614583001395893,0.4498773033369725
236.38400000000001,42.989,-26.5,236.098,43.033,-21.5,236.11599999999999,42.856,-21.5,0,-0.042013898544870684,1.5117327597755443,2.796972589182772,11.154942937355486,-0.0023443480658760316,0.1413505494681083
236.35,43.345,-26.5,236.082,43.211,-21.5,236.36700000000002,43.167,-26.5,0,-0.02161112118351048,1.9052600655286585,-8.543322849605417,23.579753490834577,0.0024988656650623484,0.08041607310711155
236.38400000000001,42.989,-26.5,236.11599999999999,42.856,-21.5,236.399,42.81,-26.5,0,-0.04618762736798321,1.1051550768218166,2.281495586745976,11.602520423842208,-0.009542961966562518,0.09979631938047105
236.32,44.06,-26.5,236.047,44.099,-21.5,236.046,43.922,-21.5,0,-0.8866587723018373,1.9231087629305947,-10.805242193042602,21.972454119785837,0.0818057350648078,0.08685444778425372
235.102,48.817,-26.5,235.043,48.579,-21.5,235.288,48.688,-26.5,0,1.6436886857964488,11.96064443502655,14.244186828174477,32.55816704571683,0.11499082140249083,0.36689835788886943
236.35,43.345,-26.5,236.067,43.388,-21.5,236.082,43.211,-21.5,0,-0.14866496135049911,2.7272652512730384,-8.769960822259975,23.421676229627323,0.016829687594768813,0.11591595543148893
236.399,42.81,-26.5,236.11599999999999,42.856,-21.5,236.137,42.679,-21.5,0,-0.0459668244664938,1.7070388282670226,3.0222815458837147,12.00458627371421,-0.0025727822645943608,0.1483016302466574
236.314,44.596,-26.5,236.038,44.633,-21.5,236.04399999999998,44.455,-21.5,0,-1.4647779015480924,2.842399356963956,-9.95649653928021,21.95959873875597,0.1469064623061168,0.1288665441755055
236.32,44.06,-26.5,236.317,44.239,-26.5,236.047,44.099,-21.5,0,-0.6594746867822195,1.3018320311144083,-10.342019478536812,22.137279748443913,0.06359598399952637,0.05828330770327341
236.308,44.775,-26.5,236.038,44.633,-21.5,236.314,44.596,-26.5,0,-1.138706667564762,2.0383238561012083,-9.986454261459073,21.879878867932263,0.11387219355643201,0.09273007612422292
236.308,44.775,-26.5,236.034,44.811,-21.5,236.038,44.633,-21.5,0,-1.724926996191643,3.194423634294397,-10.200731766986863,21.70568937120113,0.1688894828817359,0.14665902407847092
236.399,42.81,-26.5,236.137,42.679,-21.5,236.416,42.632,-26.5,0,-0.04435281002464736,1.2447529866626228,2.4367560865634488,12.476596224768812,-0.007394691240824042,0.10426939979793062
236.30200000000002,45.132,-26.5,236.304,45.311,-26.5,236.03199999999998,45.166,-21.5,0,-1.8469868024596012,2.663440959788616,-12.482930609557304,22.640496064131458,0.14464286273991078,0.11579289786631576
236.304,45.311,-26.5,236.035,45.344,-21.5,236.03199999999998,45.166,-21.5,0,-2.61403010577675,3.965045695619735,-12.732801543870984,22.667248806099835,0.20091908126062233,0.1725021221589992
236.314,44.596,-26.5,236.04399999999998,44.455,-21.5,236.314,44.418,-26.5,0,-1.0378753519813586,1.7468318074173144,-10.705382104158971,21.680320637577907,0.09680637556491939,0.0800925515243295
236.317,44.239,-26.5,236.048,44.277,-21.5,236.047,44.099,-21.5,0,-1.102808253464632,2.110216762857734,-10.803674947901854,21.84066326626457,0.10185188362483506,0.09596337253776982
233.279,49.895,-26.5,233.238,49.656,-21.5,233.452,49.755,-26.5,0,2.676418990351999,11.988802697500184,11.220608454990014,38.11923404562823,0.23821599336942556,0.31356410703723964
236.30200000000002,45.132,-26.5,236.03199999999998,45.166,-21.5,236.03199999999998,44.988,-21.5,0,-2.4909383085464283,3.8785995179328894,-12.356442634664468,22.610311377060516,0.19710909273667768,0.1691017332349375
233.058,49.79,-21.5,233.238,49.656,-21.5,233.279,49.895,-26.5,0,3.6173052022088674,14.228346959870017,12.551517289520374,37.817998506179485,0.28789903736396677,0.37510323012234137
236.3,44.954,-26.5,236.30200000000002,45.132,-26.5,236.03199999999998,44.988,-21.5,0,-1.793952297885011,2.5600127551506464,-12.483110402959731,22.37405816318979,0.1404499837395438,0.11250629281500232
236.753,41.059,-26.5,236.656,40.966,-21.5,236.841,40.894,-26.5,0,0.06608422406792659,1.2785222302900772,9.691092538037111,19.818727222150386,0.007969797865393471,0.06484562878611086
236.3,44.954,-26.5,236.034,44.811,-21.5,236.308,44.775,-26.5,0,-1.2668317814950032,2.295360760187055,-9.74947008730905,21.85397897446893,0.12977795190869867,0.10465916364965083
236.314,44.418,-26.5,236.04399999999998,44.455,-21.5,236.048,44.277,-21.5,0,-1.2675596374400369,2.4584383621466173,-10.197010900299787,21.998378149665626,0.12409193511950015,0.11113582134057932
236.314,44.418,-26.5,236.048,44.277,-21.5,236.317,44.239,-26.5,0,-0.8263126920570386,1.506701351535509,-10.343866360818339,22.004480166215217,0.07973332925397668,0.06796559670206417
236.3,44.954,-26.5,236.03199999999998,44.988,-21.5,236.034,44.811,-21.5,0,-1.9527356798853197,3.4674820931679946,-10.439501567078409,21.458470837576442,0.18684901242032398,0.16115634835826917
236.416,42.632,-26.5,236.137,42.679,-21.5,236.161,42.502,-21.5,0,-0.021679032838472286,1.8256411087775357,3.26597273997605,12.85135438153695,0.005723336108358103,0.14766820919791612
236.304,45.311,-26.5,236.3,45.49,-26.5,236.035,45.344,-21.5,0,-1.7456238671602669,2.786580494162907,-11.72114633610154,23.32711767857999,0.14544744724278783,0.11766674561189097
232.836,50.349,-26.5,232.69799999999998,50.283,-24.0,232.786,50.19,-24.0,0,1.3821830655898997,12.954487109526339,6.132885946432072,40.515036581452776,0.22468468618401408,0.3187910792529463
236.416,42.632,-26.5,236.161,42.502,-21.5,236.434,42.454,-26.5,0,-0.024315508729211174,1.3127331704667085,2.525406306078196,13.366461877605701,0.0017530710465783641,0.10211463357856546
236.3,45.49,-26.5,236.043,45.522,-21.5,236.035,45.344,-21.5,0,-2.7207074085178142,3.9520331928381327,-13.363956156819263,22.593484134983555,0.19952054893846566,0.17244580211830834
234.897,48.935,-26.5,234.853,48.705,-21.5,235.102,48.817,-26.5,0,2.222680351657594,11.247714418001415,16.911849229487316,31.76201015041173,0.13109695831483592,0.3536329099173664
234.652,48.823,-21.5,234.853,48.705,-21.5,234.897,48.935,-26.5,0,2.9446660046537843,14.090894296203555,16.463385222775795,32.17976180729379,0.17842604604384613,0.43728472563672166
236.434,42.454,-26.5,236.161,42.502,-21.5,236.185,42.325,-21.5,0,0.033101753964017946,1.8566349141404361,3.307848348275229,13.753685666665348,0.02278708126587291,0.13956416334175367
233.452,49.755,-26.5,233.424,49.525,-21.5,233.635,49.621,-26.5,0,3.081279311238393,11.682158085283797,12.994308502079175,37.111595610856156,0.23686567384131843,0.3138518780811707
236.325,46.204,-26.5,236.064,46.055,-21.5,236.30700000000002,46.026,-26.5,0,-1.988316886683744,2.4527890281910647,-14.539816277110944,22.83047589393709,0.13461597785602727,0.1054373582793416
236.078,46.232,-21.5,236.064,46.055,-21.5,236.325,46.204,-26.5,0,-2.5405746267505096,3.511727390949098,-14.157813246133166,23.22606906677541,0.17664233844110305,0.14873908105972208
233.238,49.656,-21.5,233.424,49.525,-21.5,233.452,49.755,-26.5,0,3.883524679325051,13.891899396861438,13.498187326781542,37.07734551116223,0.2874272803119018,0.373559891696796
236.434,42.454,-26.5,236.185,42.325,-21.5,236.451,42.276,-26.5,0,0.012144159190348794,1.3013329464951375,2.467296334025022,14.28642247835154,0.01779257907582982,0.09407729746989055
236.204,47.056,-23.8,236.368,47.259,-26.5,236.138,47.235,-23.7,0,-0.5774721726344824,6.274080826478252,-3.841290483295225,28.103898506502205,0.1273002422648131,0.22464807121047706
236.841,40.894,-26.5,236.656,40.966,-21.5,236.709,40.794,-21.5,0,0.012770218689043301,1.8024632150202662,6.1397075468754,21.471575617707828,0.0052992775670861825,0.08410621421534265
236.428,47.085,-26.5,236.368,47.259,-26.5,236.204,47.056,-23.8,0,-0.4192571480157621,4.612167223248113,-3.1457948277938854,28.072529901477296,0.10951427131439427,0.1653311981357903
234.686,49.048,-26.5,234.652,48.823,-21.5,234.897,48.935,-26.5,0,2.664537623003096,10.933351030455421,17.872506579745277,31.764972947153083,0.14876748699544393,0.34365951685988066
236.297,45.669,-26.5,236.043,45.522,-21.5,236.3,45.49,-26.5,0,-1.7396281592520941,2.817078693671061,-11.844527591733229,23.5606564651261,0.14358781613900864,0.11773852972951565
236.064,46.055,-21.5,236.053,45.877,-21.5,236.30700000000002,46.026,-26.5,0,-2.548719890673024,3.68420065523959,-13.764951926230594,23.211414397356968,0.1820047378282409,0.15611037599693672
236.053,45.877,-21.5,236.298,45.847,-26.5,236.30700000000002,46.026,-26.5,0,-1.8760039760985598,2.641168469605123,-13.390219752311964,23.271450173113216,0.13758570480054108,0.11147824118072532
236.451,42.276,-26.5,236.185,42.325,-21.5,236.209,42.148,-21.5,0,0.11422127724678735,1.8076654902106957,3.3508642007696494,14.659200263148747,0.04736235772560804,0.12663099350544274
236.297,45.669,-26.5,236.049,45.699,-21.5,236.043,45.522,-21.5,0,-2.599931140853612,3.9496057438993044,-13.121810911674078,23.03738546586767,0.1942337850112381,0.16893781382336515
234.44799999999998,48.939,-21.5,234.652,48.823,-21.5,234.686,49.048,-26.5,0,3.3865946138941387,13.769954307434505,16.89913065714116,32.49896851363644,0.19996871031080926,0.42304736230238443
236.451,42.276,-26.5,236.209,42.148,-21.5,236.469,42.097,-26.5,0,0.0651359690407614,1.2235754329820652,2.557556701325211,15.183025638540528,0.03928229358172868,0.08259707990542146
236.297,45.669,-26.5,236.298,45.847,-26.5,236.049,45.699,-21.5,0,-1.773824707997418,2.773430174321726,-12.360502342008658,23.578877113993645,0.14056832325870128,0.11570443798363826
236.053,45.877,-21.5,236.049,45.699,-21.5,236.298,45.847,-26.5,0,-2.469663201723429,3.901670437716174,-12.863213342125611,23.467517399932746,0.1883114932224733,0.1637021168505223
234.47199999999998,49.159,-26.5,234.44799999999998,48.939,-21.5,234.686,49.048,-26.5,0,3.039594365935125,10.695075490562365,18.29056298010044,32.08306376056478,0.16587184823479872,0.33276250809095825
236.648,41.22,-26.5,236.424,41.274,-21.5,236.52800000000002,41.115,-21.5,0,0.9722093712810158,2.248138561293456,11.335388662202348,17.070257381109457,0.08856528087795067,0.1321717212291796
233.424,49.525,-21.5,233.623,49.404,-21.5,233.635,49.621,-26.5,0,4.48572062007661,13.412760647356452,15.872680279104237,35.68501429753125,0.282367867858431,0.37477933130894336
236.24,46.855,-23.8,236.463,46.908,-26.5,236.204,47.056,-23.8,0,-1.071377723123403,4.361060672496703,-7.504396041230223,26.960827504423666,0.13526033657462558,0.16236597429596128
236.469,42.097,-26.5,236.209,42.148,-21.5,236.24200000000002,41.972,-21.5,0,0.2668737100216246,1.6899864509574731,4.152578150885603,15.382419008548709,0.07559336986774173,0.11198936371806585
234.244,49.056,-21.5,234.44799999999998,48.939,-21.5,234.47199999999998,49.159,-26.5,0,3.682382755499975,13.490225578072604,16.775292058779677,33.1368244343442,0.21908444061997534,0.4063759622228538
233.635,49.621,-26.5,233.623,49.404,-21.5,233.839,49.501,-26.5,0,3.7643597047973225,10.993045436509929,16.535213854130753,35.17538680323746,0.2274613221288293,0.31162335486292014
236.564,41.387,-26.5,236.424,41.274,-21.5,236.648,41.22,-26.5,0,0.7389270988202592,1.8427305115331782,9.166641638464327,17.759485054059894,0.08406514814215565,0.10398011947880628
236.463,46.908,-26.5,236.428,47.085,-26.5,236.204,47.056,-23.8,0,-0.8270641259151844,3.77519297213438,-6.914062140166969,27.19832280800083,0.11184853612758322,0.1395466404316177
236.89499999999998,40.541,-26.5,236.70999999999998,40.616,-21.5,236.656,40.444,-21.5,0,0.13702318996076587,1.8766236926465372,-7.224541656936822,22.666664845565634,-0.023742541407486394,0.08193747272912504
233.839,49.501,-26.5,233.829,49.287,-21.5,234.043,49.381,-26.5,0,3.538923423973029,10.83327373452205,16.53784140010194,34.70437918028392,0.21373458817178154,0.31133694570539766
236.38400000000001,40.158,-21.5,236.35899999999998,39.969,-24.0,236.485,40.048,-24.5,0,0.8861230121169974,0.8087855544431071,-18.4938290375639,18.027496959090843,-0.05249162586421183,0.040211084955420785
233.623,49.404,-21.5,233.829,49.287,-21.5,233.839,49.501,-26.5,0,4.5424604713931345,13.022036668354952,16.893094094926283,34.68717387717287,0.2686242912269102,0.3744020206169703
236.89499999999998,40.541,-26.5,236.656,40.444,-21.5,236.852,40.366,-26.5,0,0.13315593152074182,1.387383084476484,-6.069901443536594,23.400469715993182,-0.02577734583046859,0.0587255863933463
236.469,42.097,-26.5,236.24200000000002,41.972,-21.5,236.485,41.919,-26.5,0,0.1129854289556395,1.141442823039595,2.400348482024299,16.142246273225837,0.0627675852506672,0.07185157339809463
234.25799999999998,49.271,-26.5,234.244,49.056,-21.5,234.47199999999998,49.159,-26.5,0,3.3082360296755513,10.542657909183374,18.180602802467426,32.733356493194464,0.18166434003159893,0.3214152322127439
236.288,47.43,-26.5,236.043,47.437,-23.8,236.138,47.235,-23.7,0,-0.039369056713022335,7.993151729120281,0.8041650904586248,28.644539063288917,0.11205906673820763,0.2807894693218845
234.037,49.172,-21.5,234.244,49.056,-21.5,234.25799999999998,49.271,-26.5,0,4.043410885619724,13.12338784109112,17.09324652234838,33.54099400466478,0.23616658459758808,0.3904437441727479
234.043,49.381,-26.5,234.037,49.172,-21.5,234.25799999999998,49.271,-26.5,0,3.668816800342359,10.460034930090213,18.480873878976876,33.14320247874291,0.19825890574715285,0.31485425186600324
233.829,49.287,-21.5,234.037,49.172,-21.5,234.043,49.381,-26.5,0,4.391677704786675,13.000484876765615,17.273740977545774,34.03042332840532,0.2539143516075112,0.38110376653460326
236.889,40.719,-26.5,236.709,40.794,-21.5,236.70999999999998,40.616,-21.5,0,-0.022277769301001737,1.8584429305784524,-0.199614183162808,23.07985641964075,-0.012031932917664037,0.08024753564050471
232.974,50.193,-26.5,232.836,50.349,-26.5,232.786,50.19,-24.0,0,0.9897611182930687,11.562670275061857,4.897590557615727,40.54953501435698,0.2012817206079514,0.2842989708704242
236.368,47.259,-26.5,236.288,47.43,-26.5,236.138,47.235,-23.7,0,-0.11928721629388134,5.958867176251483,-0.1668796316234058,28.531683547426457,0.09998624235113006,0.21027506444610913
236.485,41.919,-26.5,236.24200000000002,41.972,-21.5,236.27800000000002,41.796,-21.5,0,0.41227005982162823,1.647593763145169,4.478711470119478,16.24793950996198,0.1027257866483804,0.10253917386084938
236.841,40.894,-26.5,236.709,40.794,-21.5,236.889,40.719,-26.5,0,-0.06291267974257651,1.2288281453281171,5.337706425733344,22.159646916285382,-0.009958649835316507,0.05553225864872299
232.69799999999998,50.283,-24.0,232.56,50.217,-21.5,232.786,50.19,-24.0,0,1.6275623121162064,15.717036977171512,5.899561151137016,40.555031357409575,0.2750071701459446,0.3864182632028555
236.889,40.719,-26.5,236.70999999999998,40.616,-21.5,236.89499999999998,40.541,-26.5,0,-0.017882534969086487,1.3129303175504583,0.22625773427223805,23.48718810281315,-0.018476023190988792,0.055702982814922974
236.485,41.919,-26.5,236.27800000000002,41.796,-21.5,236.501,41.741,-26.5,0,0.164988812935968,1.1765300027726873,2.400046681210796,17.097344010898837,0.08511319809317108,0.06934691421537079
236.49200000000002,39.909,-26.5,236.635,40.051,-26.5,236.485,40.048,-24.5,0,0.899633362090717,0.22079208276001894,-18.017248056612686,18.854291723775006,-0.05301555452853162,0.00901744728357638
232.56,50.217,-21.5,232.72199999999998,50.072,-21.5,232.786,50.19,-24.0,0,2.733542235984607,16.655359133836843,9.0803409938118,39.907204123846824,0.30048119109832894,0.4161354594138555
236.464,46.73,-26.5,236.24,46.855,-23.8,236.251,46.667,-23.8,0,-1.456018557646008,3.2536159523546173,-10.623579140043397,25.613797203346657,0.13339915166514973,0.126951138093019
236.464,46.73,-26.5,236.463,46.908,-26.5,236.24,46.855,-23.8,0,-1.3392270160828748,2.678787864233152,-11.856326210634762,25.130523563084882,0.11023866463249517,0.10681404305322914
236.524,41.563,-26.5,236.37099999999998,41.448,-21.5,236.564,41.387,-26.5,0,0.45072214100308994,1.739925018899806,4.7778682349546955,18.613955608815616,0.10253180044827657,0.09353609503897062
236.564,41.387,-26.5,236.37099999999998,41.448,-21.5,236.424,41.274,-21.5,0,0.7376386328474466,2.494855202022013,6.3178635216942,18.706722312591225,0.12386679627633292,0.13346579965773162
236.501,41.741,-26.5,236.27800000000002,41.796,-21.5,236.32299999999998,41.622,-21.5,0,0.618821567908706,1.752448793042178,5.399149669688242,16.96625918532537,0.12343661557271021,0.10378573253541876
236.501,41.741,-26.5,236.32299999999998,41.622,-21.5,236.524,41.563,-26.5,0,0.2672512405192231,1.3889828652399863,3.063578274093203,17.99205770771455,0.10030459346111197,0.07738524821679325
236.524,41.563,-26.5,236.32299999999998,41.622,-21.5,236.37099999999998,41.448,-21.5,0,0.7142001952185292,2.0725327457663183,5.7654913592978545,17.890176525657154,0.13193680864543592,0.1160167458421836
235.192,48.431,-21.5,235.375,48.412,-23.8,235.268,48.534,-23.9,0,0.9118767599839886,17.00260088675156,7.013653883107391,34.12180401781757,0.12893422341515998,0.4977694828549641
235.375,48.412,-23.8,235.44799999999998,48.544,-26.5,235.268,48.534,-23.9,0,0.7344439611051331,14.00332733976796,7.236196621173509,34.059612026014946,0.10060466984278942,0.41067291340811424
236.186,47.595,-26.5,235.939,47.603,-23.9,236.043,47.437,-23.8,0,0.24086202677254945,9.664731858376731,4.336724149957725,28.61941469794587,0.0940068404609799,0.33949023699383046
236.288,47.43,-26.5,236.186,47.595,-26.5,236.043,47.437,-23.8,0,0.1303172640044971,7.4544120492216805,3.1445790201503776,28.649325414027953,0.08438476562139433,0.26180871635711517
235.288,48.688,-26.5,235.043,48.579,-21.5,235.268,48.534,-23.9,0,1.2319386717083018,14.419979063922936,9.897668638794473,33.844122269692434,0.1237725009713607,0.4255785807023934
235.851,48.081,-26.5,235.739,48.244,-26.5,235.618,48.072,-23.9,0,0.1415661862604571,13.20083374452069,2.26922642190614,33.37191089151779,0.060285777105010895,0.3950647789523008
235.95600000000002,47.917,-26.5,235.851,48.081,-26.5,235.72199999999998,47.916,-23.9,0,0.07104518195787937,12.858359063162634,1.16721094280261,32.974283433467136,0.05771914923549532,0.3894130825045277
236.186,47.595,-26.5,236.07299999999998,47.756,-26.5,235.939,47.603,-23.9,0,0.1829788887332681,8.981017924365135,4.810235201737842,28.682292807964206,0.07059884538837347,0.3147006930743994
235.851,48.081,-26.5,235.618,48.072,-23.9,235.72199999999998,47.916,-23.9,0,0.12287668085191017,15.051381389464435,1.637808391135131,33.170970676533145,0.07225522248679034,0.4531890174104287
235.939,47.603,-23.9,236.07299999999998,47.756,-26.5,235.834,47.757,-23.9,0,0.1556982032389131,12.67391426357185,1.9233766750089103,32.25572166734628,0.080416032529586,0.3923216505287288
236.07299999999998,47.756,-26.5,235.95600000000002,47.917,-26.5,235.834,47.757,-23.9,0,0.1885751164034951,11.701584417284115,3.052058927607291,32.40226444289331,0.061213407170774115,0.3605796259987184
235.834,47.757,-23.9,235.95600000000002,47.917,-26.5,235.72199999999998,47.916,-23.9,0,0.18107953110333347,14.193093285401984,2.4423091737284324,32.685136704118534,0.07302377435168168,0.43364494577170687
235.618,48.072,-23.9,235.739,48.244,-26.5,235.51600000000002,48.23,-23.9,0,0.09714684135425757,15.20557234568904,1.1749836286178805,33.64837180987959,0.07771951667003413,0.4513725033314408
236.043,47.437,-23.8,235.926,47.29,-21.5,236.138,47.235,-23.7,0,-0.06785662563083114,10.386812766612792,0.5563226807240209,28.67412476082007,0.14723005902469005,0.36417461113801647
236.434,46.553,-26.5,236.464,46.73,-26.5,236.251,46.667,-23.8,0,-1.7085471710879558,1.9084930741209907,-15.954412463755453,22.4590828367785,0.10577513965640155,0.08462402760996912
236.539,40.291,-21.5,236.75900000000001,40.202,-26.5,236.701,40.328,-23.8,0,0.5734622229289564,1.3614931193646305,-15.067061100299668,19.743853146763527,-0.04118923237694127,0.06701744165142924
236.75900000000001,40.202,-26.5,236.539,40.291,-21.5,236.551,40.154,-23.9,0,0.7461605769803755,1.1900742986055641,-17.343339663949024,18.138459099679046,-0.0460379293758568,0.06293951545233557
235.993,47.118,-21.5,236.204,47.056,-23.8,236.138,47.235,-23.7,0,-0.7660447669783866,8.376515270142836,-4.001718102027617,28.088658830271648,0.1658316177118955,0.2997310939599947
236.434,46.553,-26.5,236.251,46.667,-23.8,236.244,46.503,-23.8,0,-1.728774671170738,2.563287442457293,-13.138682092354138,24.188702614004264,0.12930857750539554,0.10524419445959579
236.035,46.942,-21.5,236.24,46.855,-23.8,236.204,47.056,-23.8,0,-1.432683392580738,6.566685061531389,-7.694217217692142,27.010174599669433,0.17713464337014792,0.24388030879044786
235.739,48.244,-26.5,235.599,48.396,-26.5,235.51600000000002,48.23,-23.9,0,0.4877924507399342,12.900624856826674,7.021889622655491,33.22672405665467,0.06874145728950429,0.3877904622583033
236.24,46.855,-23.8,236.059,46.765,-21.5,236.251,46.667,-23.8,0,-1.9967976541600816,5.0784749630708585,-10.805911866029678,25.62455828626353,0.18023942543846302,0.1980083733251622
235.939,47.603,-23.9,235.825,47.453,-21.5,236.043,47.437,-23.8,0,0.32772857525266375,12.306305030417365,4.122042683345125,28.660577785593524,0.12668634012597976,0.4313662908411794
235.51600000000002,48.23,-23.9,235.599,48.396,-26.5,235.375,48.412,-23.8,0,0.2866821021768102,14.933221910919402,3.137135803448862,34.095955477735885,0.08932199860183788,0.43748615766122556
235.71699999999998,47.615,-21.5,235.825,47.453,-21.5,235.939,47.603,-23.9,0,0.2919864842964754,14.448126206844613,3.7652037407469017,28.843497106141506,0.1330058058147375,0.5028631537532978
236.035,46.942,-21.5,236.059,46.765,-21.5,236.24,46.855,-23.8,0,-1.8424692523699813,6.796081689850684,-8.911732469244996,26.5101068317368,0.19955890515745217,0.25661423698085895
235.71699999999998,47.615,-21.5,235.939,47.603,-23.9,235.834,47.757,-23.9,0,0.2548887627243396,14.061675782019018,4.150462496804009,28.924603231982424,0.11052305395476628,0.487930433032478
235.825,47.453,-21.5,235.926,47.29,-21.5,236.043,47.437,-23.8,0,0.24081801590443636,12.506390881649287,2.8102353160462794,28.67363906809358,0.1518260591593327,0.43819324895498435
235.607,47.777,-21.5,235.71699999999998,47.615,-21.5,235.834,47.757,-23.9,0,0.17451965604097192,18.023613318724568,1.4541045937307047,32.539142534097735,0.11900508443638269,0.5532660791078963
235.607,47.777,-21.5,235.834,47.757,-23.9,235.72199999999998,47.916,-23.9,0,0.22117658607660368,17.373850220395408,2.1603055592994505,32.723381941791544,0.1011614571649674,0.5303036270675382
235.388,48.101,-21.5,235.495,47.938,-21.5,235.618,48.072,-23.9,0,0.12252050385230105,20.117773523646083,0.9938930631277376,33.4666301096391,0.11731605520500923,0.6005516086396722
235.993,47.118,-21.5,236.035,46.942,-21.5,236.204,47.056,-23.8,0,-1.270084731063537,8.486709297593565,-6.23173296071969,27.54303646602098,0.18967717543133608,0.30932226330626383
236.059,46.765,-21.5,236.07299999999998,46.588,-21.5,236.251,46.667,-23.8,0,-2.1367144758797267,5.542870648585699,-10.368060446007284,25.7137932958642,0.20107654494763805,0.214818186191753
235.495,47.938,-21.5,235.607,47.777,-21.5,235.72199999999998,47.916,-23.9,0,0.21395644538169853,19.397311152796195,1.8504769769242717,32.98446453654846,0.11362725641868344,0.5874637499629523
235.289,48.266,-21.5,235.388,48.101,-21.5,235.51600000000002,48.23,-23.9,0,-0.03443764939288818,20.038343510740248,-0.33230027123218164,33.931681624028556,0.12672930941942284,0.5899998922769834
235.618,48.072,-23.9,235.495,47.938,-21.5,235.72199999999998,47.916,-23.9,0,0.14052815278053304,18.431733073411948,1.3492617016655526,33.21137181347422,0.10055868337941455,0.5543866252199977
235.926,47.29,-21.5,235.993,47.118,-21.5,236.138,47.235,-23.7,0,-0.5447354919795744,10.450314669858395,-2.4095267871029904,28.414099342705846,0.17327460930083963,0.36960283804471755
235.599,48.396,-26.5,235.44799999999998,48.544,-26.5,235.375,48.412,-23.8,0,0.7153249310396596,12.443181780616483,8.756225090368963,33.46622488518809,0.08106367923202557,0.3713713407482613
236.251,46.667,-23.8,236.07299999999998,46.588,-21.5,236.244,46.503,-23.8,0,-2.3960822606645857,4.040756486536195,-13.302052713280652,24.154930688755858,0.17721891988028332,0.16621180290163798
235.388,48.101,-21.5,235.618,48.072,-23.9,235.51600000000002,48.23,-23.9,0,0.10163419061918978,18.721657831689168,0.8891685361743722,33.671336946007315,0.10693144659326856,0.5554491286311289
232.924,50.07,-24.2,232.88400000000001,49.928,-21.5,233.08100000000002,49.913,-24.0,0,2.4805490195307454,15.016124648607308,8.721713820550573,39.389289752017795,0.28384956153272983,0.38010060701360404
233.115,50.039,-26.5,232.924,50.07,-24.2,233.08100000000002,49.913,-24.0,0,2.078555637665091,12.588340908114155,8.826952384347107,39.431607438236036,0.23502066174811845,0.31829214309192716
236.244,46.503,-23.8,236.082,46.41,-21.5,236.214,46.32,-23.9,0,-2.9577008443205335,3.2852930103606677,-16.76068666639779,21.653005182419065,0.17448380836190552,0.14976796895197136
235.289,48.266,-21.5,235.51600000000002,48.23,-23.9,235.375,48.412,-23.8,0,0.34187394855861125,18.262563182778376,2.823199736634791,34.08873562788144,0.1184422412534325,0.5352005420949455
236.635,40.051,-26.5,236.75900000000001,40.202,-26.5,236.551,40.154,-23.9,0,0.6753226045364524,0.7503624824795077,-15.927663024044818,19.86259833911654,-0.04512980573952273,0.03601121872660923
236.36599999999999,46.38,-26.5,236.244,46.503,-23.8,236.214,46.32,-23.9,0,-2.2056117963847304,2.2350753864447754,-16.537430374158966,21.82286426565664,0.1317894848142832,0.10096085180273735
236.07299999999998,46.588,-21.5,236.082,46.41,-21.5,236.244,46.503,-23.8,0,-2.2385164401976434,4.728053811258382,-11.095629560279718,25.18381974322129,0.19760364640081168,0.1861675495439145
236.36599999999999,46.38,-26.5,236.434,46.553,-26.5,236.244,46.503,-23.8,0,-2.1590035448728555,1.4469322348402887,-20.13718900792345,18.502113416782883,0.10641552242569283,0.07713719923494511
236.35899999999998,39.969,-24.0,236.49200000000002,39.909,-26.5,236.485,40.048,-24.5,0,0.96640431053838,0.1756879829568428,-18.641518784812746,18.41480126530564,-0.055653974850647145,0.005754000107041735
233.058,49.79,-21.5,233.279,49.895,-26.5,233.08100000000002,49.913,-24.0,0,2.968335023931682,13.471247445303558,11.213737293964591,38.46200255134188,0.26436695214783806,0.3491972666893176
232.72199999999998,50.072,-21.5,232.88400000000001,49.928,-21.5,232.924,50.07,-24.2,0,2.80868638802383,16.283037652344582,9.203657080001252,39.504649039713605,0.30461840938117013,0.410976011588492
236.38400000000001,40.158,-21.5,236.485,40.048,-24.5,236.551,40.154,-23.9,0,0.8384956974904958,1.106807439273643,-17.627247493610668,18.4630505321897,-0.051968291495061616,0.056051356824466346
235.192,48.431,-21.5,235.289,48.266,-21.5,235.375,48.412,-23.8,0,-0.07839743661104684,19.226784977317383,-0.626982170215145,34.481997734559016,0.13888485004464288,0.5570604265059929
236.75900000000001,40.202,-26.5,236.852,40.366,-26.5,236.701,40.328,-23.8,0,0.35964252523081214,1.048220712592455,-12.32848264165034,21.556534613571102,-0.03131437145225143,0.04771210875338116
235.44799999999998,48.544,-26.5,235.288,48.688,-26.5,235.268,48.534,-23.9,0,0.9258616149755063,11.608032291322877,10.197440569358733,33.58646065826539,0.09025206276397078,0.3451957759843789
236.078,46.232,-21.5,236.325,46.204,-26.5,236.214,46.32,-23.9,0,-2.5304609920742274,2.776774118230195,-16.13903155947135,21.965716538560372,0.15475138208356623,0.12427202962497456
236.656,40.444,-21.5,236.539,40.291,-21.5,236.701,40.328,-23.8,0,0.48410889366049675,1.8974226644020216,-14.545766214950817,19.639038179336502,-0.03728611348888255,0.09427815368596444
235.043,48.579,-21.5,235.192,48.431,-21.5,235.268,48.534,-23.9,0,1.2336709766410952,17.727874182885227,8.155858528054392,34.088050936644144,0.15026124861707066,0.5195231473357949
236.325,46.204,-26.5,236.36599999999999,46.38,-26.5,236.214,46.32,-23.9,0,-1.9538111838118901,1.729186983967632,-17.268464041403654,21.051866842451325,0.11182289347744492,0.08062971994084056
236.539,40.291,-21.5,236.38400000000001,40.158,-21.5,236.551,40.154,-23.9,0,0.7918056084043014,1.4759058574623785,-18.48115575538955,17.01954521277227,-0.04690698561478249,0.08230942336151595
233.279,49.895,-26.5,233.115,50.039,-26.5,233.08100000000002,49.913,-24.0,0,2.0952150335565145,11.209606137586508,9.795362582615189,38.9281244985128,0.21354968004878838,0.28709265894953356
236.082,46.41,-21.5,236.078,46.232,-21.5,236.214,46.32,-23.9,0,-2.5735078639134894,4.255127702882893,-12.893517102989065,24.155282657972585,0.19626760463940876,0.17386025041118522
233.115,50.039,-26.5,232.974,50.193,-26.5,232.924,50.07,-24.2,0,1.154679092967204,11.441719579206659,5.5769946665986545,40.11750135776763,0.2062906093819994,0.28436015290736544
232.88400000000001,49.928,-21.5,233.058,49.79,-21.5,233.08100000000002,49.913,-24.0,0,3.536401787666562,15.846192714512258,11.32781618115271,38.58761819957759,0.3117935929032975,0.40944031961226307
236.852,40.366,-26.5,236.656,40.444,-21.5,236.701,40.328,-23.8,0,0.3548820158225434,1.5070788941697213,-11.976543745732187,21.296924879293414,-0.032694179890939215,0.06951177630747613
236.485,40.048,-24.5,236.635,40.051,-26.5,236.551,40.154,-23.9,0,0.8858588255013624,0.6584265288033571,-18.05884820495598,18.24891818947874,-0.05217949902447377,0.0331811472332844
232.72199999999998,50.072,-21.5,232.924,50.07,-24.2,232.786,50.19,-24.0,0,2.097518973608626,15.347301503305568,7.524853407231886,40.0231223096241,0.2780733938145699,0.3823367036664549
232.924,50.07,-24.2,232.974,50.193,-26.5,232.786,50.19,-24.0,0,1.754898010864534,12.725333349660236,7.660299754151284,39.95385941754538,0.22854363611908315,0.31755030626782355
236.227,40.028,-21.5,236.35899999999998,39.969,-24.0,236.38400000000001,40.158,-21.5,0,0.7484864199704455,0.9138333758659648,-18.96716867270709,17.566930370449533,-0.04475441960094143,0.046105486133037776
236.753,41.059,-26.5,236.52800000000002,41.115,-21.5,236.656,40.966,-21.5,0,0.514876694091085,1.7292766206422054,13.581371661710428,16.50151691223678,0.03919492449405515,0.10558505878277914
236.648,41.22,-26.5,236.52800000000002,41.115,-21.5,236.753,41.059,-26.5,0,0.47581173773794344,1.5775626007664445,11.182832435199614,17.608369511777084,0.044322400919103826,0.09001931823490363
236.341,43.524,-26.5,236.05700000000002,43.566,-21.5,236.067,43.388,-21.5,0,-0.2940446875477762,2.343315570516908,-9.427976696880393,23.012612694184753,0.030955332019822687,0.10124140601287411
236.333,43.703,-26.5,236.05,43.744,-21.5,236.05700000000002,43.566,-21.5,0,-0.4581214237733097,2.0523726840885925,-9.811738879034522,22.70754532307605,0.04640824134156724,0.08975274283369486
236.333,43.703,-26.5,236.05700000000002,43.566,-21.5,236.341,43.524,-26.5,0,-0.2332015741475832,1.3559052293009826,-9.714562379174708,22.824680871977023,0.023799126337791424,0.05892395821499898
236.325,43.881,-26.5,236.05,43.744,-21.5,236.333,43.703,-26.5,0,-0.34925622672102646,1.2186576557789883,-9.712908902148158,22.687832774244484,0.035736715523441605,0.05320581616443493
236.434,42.454,-26.5,236.451,42.276,-26.5,236.526,42.369,-29.0,0,-0.01621744333563836,0.6544829666241142,2.063572934358376,14.536799826180939,0.0012423743477480193,0.04674641745390878
236.58499999999998,46.041,-31.5,236.30700000000002,46.026,-26.5,236.571,45.863,-31.5,0,0.040635538317906006,-0.026569720379573718,-13.674912148857658,22.943485633308562,-0.0029130756228192417,-0.0012705064910892164
236.30700000000002,46.026,-26.5,236.298,45.847,-26.5,236.571,45.863,-31.5,0,-0.5679589382952096,0.7284089844086582,-13.154723363574984,23.222767250228173,0.04237968229669486,0.030629904715219546
236.559,45.684,-31.5,236.571,45.863,-31.5,236.298,45.847,-26.5,0,0.0713837538215963,-0.01520171902250817,-13.410026176444802,22.840775365717732,-0.005296094460128369,-0.0007333005881451516
236.325,46.204,-26.5,236.30700000000002,46.026,-26.5,236.58499999999998,46.041,-31.5,0,-0.656214431304314,0.6779701061562955,-14.304250600139898,22.783655195783517,0.04516948487206778,0.029002029785964608
236.559,45.684,-31.5,236.298,45.847,-26.5,236.297,45.669,-26.5,0,-0.5228332413166552,0.777044419547856,-12.127946054520454,23.54801348246844,0.04215076841316346,0.03232201121535148
236.325,46.204,-26.5,236.58499999999998,46.041,-31.5,236.599,46.22,-31.5,0,-0.059560095132379094,0.01097081049639831,-13.665534113801343,23.230153939978415,0.004350425287885552,0.0003253252719352
236.618,42.285,-31.5,236.606,42.464,-31.5,236.526,42.369,-29.0,0,-0.01867972329509079,0.08046689342004543,1.2690085984868347,14.547794868512014,-0.009413110190626834,0.006018393832555364
236.559,45.684,-31.5,236.297,45.669,-26.5,236.55,45.505,-31.5,0,0.05381829061025337,-0.0015401454376988495,-13.02815761250638,22.818559821997564,-0.00419276551251961,-0.00010652557853639877
236.738,39.872,-31.5,236.844,40.031,-31.5,236.7,39.964,-29.5,0,0.26006353493639084,-0.3765724705011125,-14.714700901592948,22.045507369249638,-0.018306428203476246,-0.01717653380555538
236.534,44.968,-31.5,236.30200000000002,45.132,-26.5,236.3,44.954,-26.5,0,-0.6011065122777396,0.7357043930246429,-12.254119254881843,22.476967788049578,0.047804079294234185,0.03199332246221333
236.55,45.505,-31.5,236.297,45.669,-26.5,236.3,45.49,-26.5,0,-0.5150125409918881,0.781671125939481,-11.613212928141873,23.579484093887004,0.043222466413058776,0.0325233826859757
236.534,44.968,-31.5,236.538,45.147,-31.5,236.30200000000002,45.132,-26.5,0,-0.09686508116536555,0.06813097286071948,-12.392179877434934,22.43718623050962,0.0074806452618499724,0.002887587720154144
236.538,45.147,-31.5,236.304,45.311,-26.5,236.30200000000002,45.132,-26.5,0,-0.5864196432921407,0.72873039338847,-12.252171918811097,22.74296640991468,0.046639776462838005,0.03137630799168699
236.542,45.326,-31.5,236.3,45.49,-26.5,236.304,45.311,-26.5,0,-0.5306341804311535,0.7592084048369473,-11.489839378082504,23.411547298764248,0.04494021623162974,0.03181136997273813
236.538,45.147,-31.5,236.542,45.326,-31.5,236.304,45.311,-26.5,0,-0.04299192677814797,0.022769964908082682,-12.393725959623186,22.702955983276073,0.003202841725375598,0.0009207852214714037
236.542,45.326,-31.5,236.55,45.505,-31.5,236.3,45.49,-26.5,0,0.007990763431258704,0.008513502934242878,-12.896879521027504,22.65232776261016,-0.0007888459662794779,0.00032998441547996837
236.416,42.632,-26.5,236.434,42.454,-26.5,236.511,42.548,-28.9,0,-0.03292169843799801,0.6737366772125173,2.110693439716499,13.546917925994919,-0.008629716291539852,0.05202905085496032
236.606,42.464,-31.5,236.594,42.643,-31.5,236.511,42.548,-28.9,0,-0.019095762137731596,0.12469357457670917,1.2550188947531495,13.634801460647253,-0.013829926125292246,0.00988666943549209
236.599,46.22,-31.5,236.649,46.396,-31.5,236.36599999999999,46.38,-26.5,0,-0.16711961088631683,0.03254559295890981,-17.950032388325646,20.320557619867465,0.009257602031813243,0.0015256709077198546
236.93200000000002,40.197,-31.5,236.75900000000001,40.202,-26.5,236.844,40.031,-31.5,0,0.16513371190546058,0.20188578424337655,-12.306388852408674,22.85980798076244,-0.013679956023867106,0.008763093906048892
236.36599999999999,46.38,-26.5,236.325,46.204,-26.5,236.599,46.22,-31.5,0,-0.850770263568523,0.6189860511576497,-17.088522794579173,21.042153377385564,0.04920322837785871,0.028721544686805246
235.95600000000002,47.917,-26.5,236.07299999999998,47.756,-26.5,236.279,47.825,-29.2,0,0.11470563793220377,7.612153843105032,3.354907445191518,32.26701356058162,0.0338169083996816,0.23549584074392524
236.18200000000002,47.978,-29.3,235.95600000000002,47.917,-26.5,236.279,47.825,-29.2,0,0.0544177202063131,5.76897335627842,2.890306733084463,32.43255487093684,0.01835446248905517,0.1775570701688035
235.851,48.081,-26.5,235.95600000000002,47.917,-26.5,236.078,48.121,-29.2,0,0.04786118400928624,8.641810247193586,1.4842919729702864,32.98539096119521,0.030229788803894424,0.2615890657905322
235.95600000000002,47.917,-26.5,236.18200000000002,47.978,-29.3,236.078,48.121,-29.2,0,0.03761974338287481,6.14439017656113,2.112847122694742,32.770042883557906,0.01683847083768309,0.18718747872671124
236.844,40.031,-31.5,236.75900000000001,40.202,-26.5,236.635,40.051,-26.5,0,0.478004724334795,0.28000619071002164,-16.31372547237777,20.12121430101921,-0.030542633814092158,0.013152871134748065
236.725,46.567,-31.5,236.434,46.553,-26.5,236.649,46.396,-31.5,0,-0.13897986422352165,0.005439199449497286,-20.62528754849166,17.849226658846188,0.0067391873838666015,0.0004354094978601253
236.399,42.81,-26.5,236.416,42.632,-26.5,236.49599999999998,42.726,-28.9,0,-0.03885390419814945,0.6263136936296018,2.0116657556006032,12.62672234116468,-0.013442485485405808,0.05224213303024357
236.649,46.396,-31.5,236.434,46.553,-26.5,236.36599999999999,46.38,-26.5,0,-0.9277750104783953,0.4891311234354707,-19.95004398785624,18.594142231797175,0.046142045644082454,0.02589419550931601
236.635,40.051,-26.5,236.615,39.891,-29.0,236.7,39.964,-29.5,0,0.6311360566484973,-0.1445088805777749,-16.76157673659185,20.55449448572088,-0.03955357989943362,-0.0081999221706983
236.594,42.643,-31.5,236.584,42.821,-31.5,236.49599999999998,42.726,-28.9,0,-0.01483663726153732,0.10959159237597545,1.1057384308393239,12.69887286709293,-0.014838013432147532,0.009491467301455357
233.287,50.399,-31.5,233.094,50.317,-28.8,233.203,50.185,-28.8,0,0.18047716660752108,2.231618297668323,4.211499411235284,40.21655218410103,0.04258242372008586,0.05535277608182139
232.997,50.454,-29.0,233.287,50.399,-31.5,233.159,50.558,-31.5,0,0.026474729226810424,0.021106411068494226,3.8998917191289957,40.63360802778635,0.006695409732993613,0.0005520399983896602
236.279,47.825,-29.2,236.07299999999998,47.756,-26.5,236.36700000000002,47.684,-29.2,0,0.030941321594769127,4.990440076004421,1.2420095090586667,32.11234849492384,0.024439788191007533,0.1550962887133867
236.07299999999998,47.756,-26.5,236.186,47.595,-26.5,236.36700000000002,47.684,-29.2,0,0.094886027958881,5.708172583882507,5.000052491361231,28.62798017060859,0.041731472661689195,0.20054402667470445
233.416,50.24,-31.5,233.287,50.399,-31.5,233.203,50.185,-28.8,0,0.023656070588474364,0.019669906543039576,4.017407382808114,40.081417870489986,0.005763594347494659,0.0005304144882370475
236.38400000000001,42.989,-26.5,236.399,42.81,-26.5,236.483,42.904,-28.9,0,-0.035305709191405917,0.5279870634847499,1.8474974782351552,11.717565899736272,-0.01351426207583783,0.047656116506886594
236.584,42.821,-31.5,236.575,43.0,-31.5,236.483,42.904,-28.9,0,-0.011035994483347085,0.06146097996139876,1.0260974376074614,11.76853457399804,-0.013080527958534866,0.005987540135026256
236.36700000000002,43.167,-26.5,236.38400000000001,42.989,-26.5,236.47,43.083,-28.9,0,-0.029625668623039295,0.4178567215790063,1.9477911336171871,10.765955660290075,-0.009873832197428926,0.040950528193698064
236.575,43.0,-31.5,236.565,43.179,-31.5,236.47,43.083,-28.9,0,-0.009420261013013362,0.016782955428798797,1.077529022491447,10.828485650512476,-0.009721660798851823,0.0020266606680515104
233.555,50.085,-31.5,233.416,50.24,-31.5,233.34199999999998,50.035,-28.7,0,0.048563944015904165,0.14400248668716056,5.951628206364118,39.42633922462802,0.008074878244934827,0.00368439806108264
233.416,50.24,-31.5,233.203,50.185,-28.8,233.34199999999998,50.035,-28.7,0,0.358423405934154,2.3248006376013506,7.790044126405043,39.26931605795097,0.04586197545159838,0.05905728056333969
236.35,43.345,-26.5,236.36700000000002,43.167,-26.5,236.457,43.262,-28.9,0,0.03478950432626668,0.8219550410331903,-8.576609843883205,23.82907214230194,-0.004079307753935229,0.0342812258084789
233.287,50.399,-31.5,232.997,50.454,-29.0,233.094,50.317,-28.8,0,0.1952374088351704,2.1168372452834174,4.807328759897232,40.40598193613039,0.04038657241548717,0.052257154713105124
236.565,43.179,-31.5,236.55599999999998,43.358,-31.5,236.457,43.262,-28.9,0,0.059414510976942836,-0.018956095873088684,-9.648728031006584,23.444049432580105,-0.006169612411698743,-0.0008119110771150066
236.735,47.276,-31.5,236.488,47.379,-28.7,236.55599999999998,47.198,-28.7,0,-0.08364851317621841,0.8813570731120468,-1.9652034058071166,28.320346902669414,0.029196771069737084,0.031338797431572724
235.739,48.244,-26.5,235.851,48.081,-26.5,235.963,48.259,-29.1,0,0.09018502149387259,8.847617896146904,2.5716605865276456,33.38944787669284,0.03363011605502022,0.26461240434077404
236.434,46.553,-26.5,236.725,46.567,-31.5,236.627,46.671,-29.3,0,-0.38297436824039754,0.22009040965002646,-17.77128462496101,20.908752962963888,0.02137412392478145,0.01058906141783965
236.341,43.524,-26.5,236.35,43.345,-26.5,236.44400000000002,43.437,-28.9,0,-0.02358986220213088,0.6568436127050463,-9.617735402484755,23.26929210783473,0.0023496192611717477,0.02797731872034058
236.981,40.898,-31.5,236.841,40.894,-26.5,236.95,40.802,-29.2,0,-0.0815460023206711,0.015982379605450278,6.405219031835841,21.791316839867605,-0.014249779925117285,0.000760935592999873
235.801,48.408,-28.8,235.876,48.575,-31.5,235.65699999999998,48.543,-28.8,0,0.10411528972184846,2.4435101321441595,10.073411932880918,32.78815145960198,0.010159685212702819,0.07442317486586286
232.997,50.454,-29.0,232.836,50.349,-26.5,233.094,50.317,-28.8,0,0.5012430236823314,6.2322809884472425,4.615988704072046,40.52481439283498,0.10811708205508486,0.15333226780584955
232.836,50.349,-26.5,232.974,50.193,-26.5,233.094,50.317,-28.8,0,0.7407020608476343,8.203043224816316,5.1478020154137205,40.29709264657855,0.1433254076352822,0.2029556656029367
236.039,48.432,-31.5,235.876,48.575,-31.5,235.801,48.408,-28.8,0,-0.06121380009113668,0.10862499502233836,11.263086780720034,32.17654391756368,-0.005512791876474539,0.0033763414786355055
236.735,47.276,-31.5,236.675,47.45,-31.5,236.488,47.379,-28.7,0,-0.04545746770383927,0.05140216667572437,-2.638953629471864,28.34671574376435,0.01228395803318433,0.001795365180120793
236.55599999999998,43.358,-31.5,236.549,43.537,-31.5,236.44400000000002,43.437,-28.9,0,0.03402315782861286,-0.04936528728217054,-9.905696703527738,23.138401843761386,-0.0035014254677392066,-0.0021477985831294937
236.333,43.703,-26.5,236.341,43.524,-26.5,236.437,43.617,-28.9,0,-0.08440479384998384,0.5257546700420858,-9.74816718518042,23.054385748424053,0.008519139825034262,0.022529371734658604
235.851,48.081,-26.5,236.078,48.121,-29.2,235.963,48.259,-29.1,0,0.08474272781356894,6.453973431107805,4.379415624942705,32.992507480330005,0.018751895794026786,0.19532341409791878
233.715,49.938,-31.5,233.555,50.085,-31.5,233.503,49.895,-28.8,0,0.07774245399572371,0.11185797820312815,9.669140418784579,38.23841115615859,0.008026606309185199,0.002952689801282223
236.308,44.775,-26.5,236.314,44.596,-26.5,236.40699999999998,44.687,-28.7,0,-0.5762975962101649,0.9357913327830024,-10.01907504143928,22.04142701730288,0.05744059529784018,0.042205509168146756
236.186,47.595,-26.5,236.288,47.43,-26.5,236.449,47.519,-29.1,0,0.08075024438635299,4.664049388736417,3.3291706212112366,28.628764740075944,0.05372685222810769,0.16404983322668748
233.555,50.085,-31.5,233.34199999999998,50.035,-28.7,233.503,49.895,-28.8,0,0.45260496404857686,2.3420236219406667,9.415294548624887,38.49773252699128,0.04798079881825245,0.06068445737151591
236.607,47.012,-28.8,236.777,47.099,-31.5,236.55599999999998,47.198,-28.7,0,-0.17389228475559657,0.5987418588052292,-5.507592293708136,27.5737147368989,0.028866128621787127,0.021810625116989616
236.53300000000002,44.432,-31.5,236.529,44.61,-31.5,236.43,44.52,-29.2,0,0.04167809691787059,0.0030941195505084316,-10.293333455095308,22.063140160730697,-0.004033481350489839,0.00013567808518647538
236.549,43.537,-31.5,236.546,43.716,-31.5,236.437,43.617,-28.9,0,0.022603237183374838,-0.05796066009607151,-10.408946593666641,22.7472245611267,-0.0022501752559460826,-0.0025673677348046382
236.314,44.418,-26.5,236.317,44.239,-26.5,236.41500000000002,44.329,-28.8,0,-0.4050470058295141,0.6881992763366628,-10.376140073504871,22.160752159310235,0.03896950167888427,0.0307552609270662
236.538,44.074,-31.5,236.53300000000002,44.253,-31.5,236.435,44.162,-29.2,0,0.03472085186654779,0.015299100274819698,-10.168792629504196,22.40989246278008,-0.0034122800334289226,0.0006685814296721643
236.325,43.881,-26.5,236.333,43.703,-26.5,236.43,43.794,-28.8,0,-0.14562519889382441,0.4696170390602581,-9.746555092213498,22.864381419618894,0.014803861676057335,0.020244849486563292
235.65699999999998,48.543,-28.8,235.699,48.71,-31.5,235.494,48.68,-28.8,0,0.17504291558572688,2.2706498228367735,11.84032454425881,32.73102184011335,0.014644841286227865,0.06927735641382732
236.314,44.596,-26.5,236.314,44.418,-26.5,236.43,44.52,-29.2,0,-0.49510505806903726,0.7676562206341326,-10.739209444086498,21.840616199803392,0.04604082554478309,0.03487783194861527
236.543,43.895,-31.5,236.538,44.074,-31.5,236.438,43.983,-29.2,0,0.03132200867063085,-0.01713368620628365,-10.166166581132373,22.534927587762382,-0.0031086208292084856,-0.0007737874302767151
236.529,44.61,-31.5,236.529,44.789,-31.5,236.40699999999998,44.687,-28.7,0,0.022486111199101315,-0.009338312650901024,-10.77393939562134,21.688353889578735,-0.002090134393562511,-0.00043994353310726654
236.676,41.57,-31.5,236.524,41.563,-26.5,236.62900000000002,41.475,-29.4,0,0.14635680828555078,0.4338553108861962,3.5175892660514165,18.717838204765286,0.04848168805508836,0.023159435890716815
236.36700000000002,47.684,-29.2,236.186,47.595,-26.5,236.449,47.519,-29.1,0,-0.010616702740944868,3.7092947797598055,1.9425299992292544,28.833546504189087,0.034403907461393574,0.12956983574484435
236.777,47.099,-31.5,236.735,47.276,-31.5,236.55599999999998,47.198,-28.7,0,-0.08347371503370513,0.025801345317014026,-5.3932058532922404,27.696253877176876,0.01426463333907124,0.0008427516689982971
236.53300000000002,44.253,-31.5,236.53300000000002,44.432,-31.5,236.41500000000002,44.329,-28.8,0,0.024017351457967562,0.042994872491172155,-10.775458142671397,21.971229143100572,-0.002214072921580372,0.0019347331175409753
235.876,48.575,-31.5,235.699,48.71,-31.5,235.65699999999998,48.543,-28.8,0,-0.019622056943750788,0.11501913751388589,13.46831574749463,31.854420303081177,-0.0015177156971719356,0.0036074086877772036
236.546,43.716,-31.5,236.543,43.895,-31.5,236.43,43.794,-28.8,0,0.022024268062234557,-0.041821502360646697,-10.41004852322611,22.60725289195115,-0.0021773993363591844,-0.0018713532008879192
236.317,44.239,-26.5,236.32,44.06,-26.5,236.435,44.162,-29.2,0,-0.2985236019421651,0.5418953199977972,-10.376174399217703,22.301710942133738,0.028691669307471263,0.023999899444318594
237.031,40.724,-31.5,236.889,40.719,-26.5,236.959,40.631,-28.8,0,0.009783499701682623,0.10087031829935361,0.17347761150912788,23.579717416131686,-0.012261090725763469,0.004208083821645397
236.32,44.06,-26.5,236.325,43.881,-26.5,236.438,43.983,-29.2,0,-0.21426558963412812,0.46646162064419383,-10.128886081600228,22.568757740328834,0.021047013844610062,0.020370546685437575
236.844,40.031,-31.5,236.635,40.051,-26.5,236.7,39.964,-29.5,0,0.463148300259542,-0.032435445845007745,-16.316817783497214,20.629608263683988,-0.029580840813247928,-0.0021986662836028566
236.89499999999998,40.541,-26.5,237.035,40.545,-31.5,236.959,40.631,-28.8,0,0.019804017392634436,0.22608497605862926,-0.8973195633844995,24.21186394344781,-0.009489339885113525,0.009258374430090718
233.664,49.794,-29.2,233.635,49.621,-26.5,233.856,49.65,-29.2,0,1.4043532309725943,5.360506560368615,12.999102971551649,36.55167695715424,0.10792393184736038,0.14622796087888346
236.176,48.278,-31.5,236.039,48.432,-31.5,235.963,48.259,-29.1,0,-0.0804847261914901,-0.04726987236639865,7.255430441034807,32.797335624026985,-0.011190842700714672,-0.0014338462180575279
236.406,47.956,-31.5,236.299,48.119,-31.5,236.18200000000002,47.978,-29.3,0,-0.036159599051510595,0.06809150138310771,2.4476637872907006,32.56969948590644,-0.014836863834027986,0.002080555141445587
233.452,49.755,-26.5,233.635,49.621,-26.5,233.664,49.794,-29.2,0,1.9635784846488393,7.287070200794787,13.290206412396936,36.65758263235174,0.14760919394441277,0.1981948939105282
236.3,44.954,-26.5,236.308,44.775,-26.5,236.41,44.868,-28.8,0,-0.6394482318296557,1.0305849404521947,-9.782799946148032,21.962994943657563,0.0652713372897358,0.04670966061356061
236.464,46.73,-26.5,236.434,46.553,-26.5,236.627,46.671,-29.3,0,-0.9467459110413656,0.9134106924200781,-15.78895712349437,22.578733838603114,0.05918889855864999,0.040365660779298984
236.299,48.119,-31.5,236.176,48.278,-31.5,236.078,48.121,-29.2,0,-0.07171351122331128,0.022144415802847112,4.993152945308248,32.747223727079856,-0.01445799338050347,0.0006758085025999021
236.505,47.789,-31.5,236.406,47.956,-31.5,236.279,47.825,-29.2,0,-0.010601670555470013,0.09227774092411416,0.9449264514470261,32.21550884816888,-0.010978315824175066,0.0028460116349251245
236.675,47.45,-31.5,236.595,47.621,-31.5,236.449,47.519,-29.1,0,-0.015199552468326803,-0.0384322490664908,0.36348437220113183,28.70171326253686,0.004322072406236161,-0.0013118877318852621
236.529,44.789,-31.5,236.534,44.968,-31.5,236.41,44.868,-28.8,0,0.057371080451838495,-0.09097377098076967,-11.359617124980929,21.204536569219204,-0.005070762512416422,-0.004283256928605881
236.428,47.085,-26.5,236.607,47.012,-28.8,236.55599999999998,47.198,-28.7,0,-0.3744306644103907,1.8557660906364513,-5.661796201165,27.595371604569458,0.060023117817791974,0.06769895696724677
236.406,47.956,-31.5,236.18200000000002,47.978,-29.3,236.279,47.825,-29.2,0,-0.012472149985309032,1.7557718002120042,3.1688923863143064,32.3026042111789,-0.004048338177582244,0.05424106929761938
236.659,41.749,-31.5,236.501,41.741,-26.5,236.591,41.656,-29.1,0,0.05356846983381028,0.19974401318013066,1.8455394462502426,17.980496878515368,0.042439118863077475,0.01111808027427507
236.524,41.563,-26.5,236.676,41.57,-31.5,236.591,41.656,-29.1,0,0.10470168546014413,0.3616317448497279,2.67515434388082,18.546936526298126,0.04844424110391011,0.019482962792787665
235.29500000000002,48.825,-28.9,235.301,48.953,-31.5,235.08499999999998,48.945,-28.9,0,0.34362117183492513,1.8360431549010998,17.53726227974071,31.331466647137333,0.01952679419472825,0.05850626176421086
235.102,48.817,-26.5,235.29500000000002,48.825,-28.9,235.08499999999998,48.945,-28.9,0,0.9418518270844742,5.108322147911218,17.358651651200958,31.42835644758894,0.054106334710587775,0.16229676849671143
236.63,42.106,-31.5,236.469,42.097,-26.5,236.55599999999998,42.012,-29.0,0,0.0031650107000994044,0.18695804402149133,1.5660530525335048,16.14604206566591,0.015153816938219706,0.011973022001370862
235.494,48.68,-28.8,235.50799999999998,48.837,-31.5,235.29500000000002,48.825,-28.9,0,0.24812338498636072,1.9366005812877112,14.725848532554982,32.129696943436954,0.016758308692023226,0.06018533617945201
233.856,49.65,-29.2,233.839,49.501,-26.5,234.049,49.525,-29.2,0,1.569922581190561,5.097138114231277,15.43973959399439,35.20634911283307,0.10157130090260613,0.1443710183343386
236.488,47.379,-28.7,236.368,47.259,-26.5,236.55599999999998,47.198,-28.7,0,-0.17542606795045385,2.578393994241815,-2.127570323095938,28.356140088556423,0.05757742239981446,0.09163438113802694
236.564,41.387,-26.5,236.70999999999998,41.393,-31.5,236.62900000000002,41.475,-29.4,0,0.18224698861183516,0.635830096968979,4.419547665832809,19.21374683895054,0.046243705232604945,0.03309948300126027
236.501,41.741,-26.5,236.659,41.749,-31.5,236.572,41.834,-29.0,0,0.04767982223472437,0.15553867669424068,1.8748477807182127,17.67065061954412,0.038620560770083925,0.00883787880371607
236.643,41.928,-31.5,236.485,41.919,-26.5,236.572,41.834,-29.0,0,0.03069974156602346,0.12244671575182946,1.851042738886548,17.057179094566962,0.029499967750169886,0.0073088801728776204
235.599,48.396,-26.5,235.801,48.408,-28.8,235.65699999999998,48.543,-28.8,0,0.3575752545353931,6.7742257563920125,9.817443695326546,32.821305427854554,0.036083257801165,0.20612307964503393
236.18200000000002,47.978,-29.3,236.299,48.119,-31.5,236.078,48.121,-29.2,0,-0.013377365466661765,1.9082596677474057,2.414049038829596,32.7930476660603,-0.005937448534004546,0.05808759154241504
236.485,41.919,-26.5,236.643,41.928,-31.5,236.55599999999998,42.012,-29.0,0,0.02283470434128163,0.13397135592216872,1.859586253887727,16.749285411844866,0.02475905963988901,0.008201403768535603
236.618,42.285,-31.5,236.451,42.276,-26.5,236.541,42.191,-29.0,0,-0.012355902417607655,0.2991472655592754,1.554106605929448,15.185264452220636,0.002253323675364879,0.020492247377528517
232.974,50.193,-26.5,233.115,50.039,-26.5,233.203,50.185,-28.8,0,0.8727940097465435,8.287162745283336,5.802575485392101,39.80123129603821,0.14988047945211835,0.20759858625345026
236.889,40.719,-26.5,237.031,40.724,-31.5,236.95,40.802,-29.2,0,-0.031126342022216077,0.014714734955192859,3.2883764785629097,23.053291096665077,-0.013267478236783207,0.000602721944454583
235.599,48.396,-26.5,235.739,48.244,-26.5,235.801,48.408,-28.8,0,0.3195115689006567,8.908602129490237,7.283692520303086,33.19934168336625,0.04332115942324812,0.267984810959581
235.44799999999998,48.544,-26.5,235.65699999999998,48.543,-28.8,235.494,48.68,-28.8,0,0.5092355727935082,6.37792121463487,11.607842948240362,32.759701530539004,0.043587034225263,0.19443069202836852
236.463,46.908,-26.5,236.464,46.73,-26.5,236.638,46.837,-29.2,0,-0.7903058428459545,1.3761783663349627,-11.676460832563585,25.226928084903196,0.06596896957268972,0.05472077139621986
236.791,46.921,-31.5,236.777,47.099,-31.5,236.607,47.012,-28.8,0,-0.08775250983002028,-0.026945745786595664,-9.527739358496966,26.2859722072107,0.009113998616326863,-0.0011070130265770613
236.595,47.621,-31.5,236.505,47.789,-31.5,236.36700000000002,47.684,-29.2,0,-0.027624841581194336,-0.0004289561064505091,1.9192403193584813,28.893615455998365,-0.004278210619201832,6.340992127239641e-05
236.469,42.097,-26.5,236.63,42.106,-31.5,236.541,42.191,-29.0,0,0.0004071202723860039,0.22364434391625257,1.9001785233237456,15.799524703836568,0.010585197648954004,0.0146712614767285
236.505,47.789,-31.5,236.279,47.825,-29.2,236.36700000000002,47.684,-29.2,0,-0.03486959129422748,1.3357789693781181,3.737303396880339,28.849101391113514,0.001804116635313234,0.046646945950613285
236.606,42.464,-31.5,236.434,42.454,-26.5,236.526,42.369,-29.0,0,-0.021379883938102067,0.3746633243852426,1.459490984612458,14.25013040915971,-0.007459294947243447,0.027528136227410075
235.699,48.71,-31.5,235.50799999999998,48.837,-31.5,235.494,48.68,-28.8,0,0.0032525632683007085,0.02897199239513246,15.525457975443866,31.49596284230585,0.00017054352960284503,0.000915135344191794
234.065,49.661,-31.5,233.856,49.65,-29.2,234.049,49.525,-29.2,0,0.5661409902688058,1.6678773832625413,15.65234053618221,35.07616377982846,0.0361345917375267,0.047417776604989956
235.288,48.688,-26.5,235.494,48.68,-28.8,235.29500000000002,48.825,-28.9,0,0.7029806638575246,5.612426160094194,14.495453043968443,32.240523983212,0.048295334566168656,0.17383973015379806
233.635,49.621,-26.5,233.839,49.501,-26.5,233.856,49.65,-29.2,0,2.3858576818745747,6.854139022945236,16.809547545201255,34.75580463861752,0.14182790424932984,0.1966319590599636
236.615,39.891,-29.0,236.738,39.872,-31.5,236.7,39.964,-29.5,0,0.46050804438659804,-0.5031483190681053,-16.292153279034167,21.110440037282977,-0.029565952746848208,-0.024419985290695244
236.451,42.276,-26.5,236.618,42.285,-31.5,236.526,42.369,-29.0,0,-0.01735609858260301,0.3306830540630788,1.8839204117201689,14.839722853188277,-0.0013758664826153792,0.023228227752649704
236.594,42.643,-31.5,236.416,42.632,-26.5,236.511,42.548,-28.9,0,-0.033287615174581196,0.3815891276961452,1.9689917709067402,13.235239030403548,-0.01313665208850609,0.030435979839473534
233.115,50.039,-26.5,233.279,49.895,-26.5,233.34199999999998,50.035,-28.7,0,1.5546196268625747,8.11177801858695,10.00916132306947,38.51522883174416,0.15507404438260494,0.20998479919959614
233.882,49.796,-31.5,233.664,49.794,-29.2,233.856,49.65,-29.2,0,0.4881556597117311,1.6567699537998044,13.23571786412067,36.51000956615771,0.03686016716533696,0.04525733764753466
236.288,47.43,-26.5,236.368,47.259,-26.5,236.488,47.379,-28.7,0,-0.07612693779032174,3.8621347957859786,0.011457944579767343,28.568653854778248,0.06634289393241792,0.1362099651089206
236.584,42.821,-31.5,236.399,42.81,-26.5,236.49599999999998,42.726,-28.9,0,-0.030318908738427523,0.3316149653258883,1.7432605533049923,12.325999275103953,-0.014696458998070688,0.02864306892517531
235.44799999999998,48.544,-26.5,235.599,48.396,-26.5,235.65699999999998,48.543,-28.8,0,0.48280177674904545,8.658551163214442,8.986632776698636,33.28432606107595,0.053260622755044715,0.25980699048482886
233.882,49.796,-31.5,233.715,49.938,-31.5,233.664,49.794,-29.2,0,0.03884890755593638,-0.1454728606820132,11.11777219040215,37.420766445440336,0.0035092694010323312,-0.0038533230945955173
236.434,42.454,-26.5,236.606,42.464,-31.5,236.511,42.548,-28.9,0,-0.02255942676218189,0.3856540776748583,1.3990079258174148,13.95048317864169,-0.009835355447427557,0.029019468176249258
233.279,49.895,-26.5,233.452,49.755,-26.5,233.503,49.895,-28.8,0,1.7792545618972482,7.795194867341385,11.509544946395675,37.67251727005093,0.15440842553400233,0.20630123865091712
234.065,49.661,-31.5,233.882,49.796,-31.5,233.856,49.65,-29.2,0,0.07085007661923447,-0.022349401759207306,13.622776251055678,36.123192036606376,0.005209676996450831,-0.0006101667657014913
236.428,47.085,-26.5,236.463,46.908,-26.5,236.607,47.012,-28.8,0,-0.5302636594671308,2.093812110265711,-6.737256737431068,27.21959582250265,0.07344024097408876,0.07735848561525462
236.575,43.0,-31.5,236.38400000000001,42.989,-26.5,236.483,42.904,-28.9,0,-0.02436274886120334,0.25129797895377964,1.5865781739688742,11.412789487174152,-0.012837741692495287,0.023574822690088402
236.791,46.921,-31.5,236.607,47.012,-28.8,236.638,46.837,-29.2,0,-0.22797941079086675,0.30214539762461295,-11.01942514107261,25.56672296602075,0.020188951615415406,0.011874687902186381
236.368,47.259,-26.5,236.428,47.085,-26.5,236.55599999999998,47.198,-28.7,0,-0.2746973008786022,2.9342602069997485,-2.968691726916248,28.148630839427568,0.07391512208942422,0.10498608036840804
233.839,49.501,-26.5,234.043,49.381,-26.5,234.049,49.525,-29.2,0,2.215769435877046,6.685114230349555,16.80049807330808,34.344023435283376,0.13173586146096836,0.19412213045233573
235.08499999999998,48.945,-28.9,235.095,49.071,-31.5,234.878,49.06,-28.9,0,0.3961083157146037,1.8012720389982408,17.91565265300098,31.614925006413994,0.022041445223083524,0.05687662249829817
236.039,48.432,-31.5,235.801,48.408,-28.8,235.963,48.259,-29.1,0,0.021786298000085073,2.2632248276988363,7.193682284626421,33.02355214086586,0.002801111818003052,0.06843755186852352
236.416,42.632,-26.5,236.594,42.643,-31.5,236.49599999999998,42.726,-28.9,0,-0.02473955967647932,0.3733637052090069,1.383593496588901,13.009242344279215,-0.014085909109413845,0.030382757504511623
236.565,43.179,-31.5,236.36700000000002,43.167,-26.5,236.47,43.083,-28.9,0,-0.01937912649779128,0.17973256501045667,1.6385412652463884,10.470547991082057,-0.008842175052674092,0.018262237103543015
234.049,49.525,-29.2,234.043,49.381,-26.5,234.24599999999998,49.401,-29.0,0,1.6628012188846257,5.020084145883137,17.254661802658028,33.87533939517172,0.0962376930677273,0.1478059651127917
233.34199999999998,50.035,-28.7,233.279,49.895,-26.5,233.503,49.895,-28.8,0,1.1100787689303164,6.290572161704902,9.125037735791583,38.51129408060414,0.1214288174258086,0.16286693254602233
235.288,48.688,-26.5,235.44799999999998,48.544,-26.5,235.494,48.68,-28.8,0,0.6362523034018935,8.004907741368681,10.405833995660517,33.411808841961246,0.06075385788265663,0.2392728344414811
236.55599999999998,43.358,-31.5,236.35,43.345,-26.5,236.457,43.262,-28.9,0,0.03582008517624088,0.3286249784784722,-8.700692277767686,23.73853716451228,-0.0041652090324874255,0.013725510489157208
234.897,48.935,-26.5,235.08499999999998,48.945,-28.9,234.878,49.06,-28.9,0,1.1042463891370469,5.0552050155663695,17.737977166423434,31.759602486410685,0.062098616340955926,0.15891359495346327
234.462,49.414,-31.5,234.25799999999998,49.534,-31.5,234.24599999999998,49.401,-29.0,0,0.09022224198344327,0.12913308637963755,17.192573087326863,33.69017766605473,0.0052128995049339705,0.0038168521780426092
236.546,43.716,-31.5,236.333,43.703,-26.5,236.437,43.617,-28.9,0,-0.03609982210748236,0.17873206120039248,-10.339725375700056,22.72203132384412,0.003387386566655357,0.0077111704505227995
236.399,42.81,-26.5,236.584,42.821,-31.5,236.483,42.904,-28.9,0,-0.02214847002716317,0.30818476952135476,1.2917369354969566,12.08129116824172,-0.01440416478676038,0.027226980932515334
236.549,43.537,-31.5,236.341,43.524,-26.5,236.44400000000002,43.437,-28.9,0,-0.0013756060634430515,0.23496735860097645,-10.006609106342324,23.042078526109847,4.289674070926941e-05,0.010056046677298893
236.529,44.789,-31.5,236.308,44.775,-26.5,236.40699999999998,44.687,-28.7,0,-0.28845199009439215,0.4167392743965507,-10.357052662769576,21.828103548463687,0.027805977706742237,0.01896480953293796
236.607,47.012,-28.8,236.463,46.908,-26.5,236.638,46.837,-29.2,0,-0.6014562953334213,1.1721757931480248,-10.973376742867693,25.664115672565785,0.05315353788476114,0.04590549174262678
236.314,44.418,-26.5,236.53300000000002,44.432,-31.5,236.43,44.52,-29.2,0,-0.18992045524904716,0.3308504859360124,-10.242354184912159,22.126256616710684,0.018522942951704008,0.014808853330004873
234.674,49.3,-31.5,234.453,49.287,-28.9,234.666,49.173,-28.9,0,0.5112415979049916,1.7093999651565723,18.406922555502852,32.33701384723552,0.02769531347371173,0.052748937369861325
236.534,44.968,-31.5,236.3,44.954,-26.5,236.41,44.868,-28.8,0,-0.3005908586534799,0.4059818155666457,-10.21414558671728,21.709232352757837,0.0293699564698908,0.01860093689326215
236.53300000000002,44.432,-31.5,236.314,44.418,-26.5,236.41500000000002,44.329,-28.8,0,-0.2010789622785843,0.33802438024148074,-10.6981724008035,21.951105479571694,0.018774129030192016,0.015238219355352228
234.674,49.3,-31.5,234.462,49.414,-31.5,234.453,49.287,-28.9,0,0.04876078431900044,0.05908327689100345,18.44080890376406,32.583301031539975,0.002603364295321395,0.0018023800469956091
234.886,49.186,-31.5,234.674,49.3,-31.5,234.666,49.173,-28.9,0,0.015122073783120719,0.007061645125708947,18.44082426794552,32.076452066657886,0.0007852250150317024,0.00021292329870299965
234.25799999999998,49.534,-31.5,234.065,49.661,-31.5,234.049,49.525,-29.2,0,0.07743744022866492,0.030017156081440444,15.499723997072286,34.91909961852325,0.004983197122079848,0.0008540356953828413
236.32,44.06,-26.5,236.538,44.074,-31.5,236.435,44.162,-29.2,0,-0.10504208722701847,0.21825030933703796,-10.130251758976613,22.466520550017208,0.010324617727409639,0.00955555178525541
236.543,43.895,-31.5,236.325,43.881,-26.5,236.43,43.794,-28.8,0,-0.06321083461170474,0.1778961050495679,-9.642104996813885,22.877618678961646,0.006465368538803213,0.0076134128688824165
234.25799999999998,49.534,-31.5,234.049,49.525,-29.2,234.24599999999998,49.401,-29.0,0,0.6119626342235739,1.7213328827859504,17.487926114536595,33.763891814590714,0.0349343719031411,0.05084506771014092
236.325,43.881,-26.5,236.543,43.895,-31.5,236.438,43.983,-29.2,0,-0.0677323995122947,0.1727243195705419,-9.65706945802394,22.82235118786305,0.006936481127973054,0.007412462390561213
235.095,49.071,-31.5,234.886,49.186,-31.5,234.878,49.06,-28.9,0,0.014053537876100057,0.03742949189043785,18.138636762635713,31.76108732816017,0.0007484225690368276,0.0011688763863111366
235.301,48.953,-31.5,235.095,49.071,-31.5,235.08499999999998,48.945,-28.9,0,0.030026806357061127,0.12035962708759589,17.602314184740315,31.565460291431123,0.001682588461175511,0.003798738593314196
236.38400000000001,42.989,-26.5,236.575,43.0,-31.5,236.47,43.083,-28.9,0,-0.020177633400758746,0.22610495874784792,1.3940412559740452,11.13446158394538,-0.011665695794148154,0.021738328373319033
235.102,48.817,-26.5,235.288,48.688,-26.5,235.29500000000002,48.825,-28.9,0,0.9738500978111225,7.0559902265144,14.527875799834069,32.466404911169526,0.06678612197603132,0.21703121388624894
234.886,49.186,-31.5,234.666,49.173,-28.9,234.878,49.06,-28.9,0,0.4498717198776805,1.7188558241675085,18.459418073064406,31.80150907967854,0.024298159626744396,0.05394645744106148
233.203,50.185,-28.8,233.115,50.039,-26.5,233.34199999999998,50.035,-28.7,0,0.9072703748837262,6.465122127234719,7.533078988317708,39.26502814630346,0.12012485901570899,0.16417394035950547
236.776,46.742,-31.5,236.791,46.921,-31.5,236.638,46.837,-29.2,0,0.026151257004440574,-0.12357106901448767,-13.569955545924486,24.142159948237,-0.0017330385848431024,-0.005078470331445713
235.50799999999998,48.837,-31.5,235.301,48.953,-31.5,235.29500000000002,48.825,-28.9,0,0.01003581566892605,-0.0016144447387448065,17.882951167391944,30.879688347168376,0.0005388050772692317,-5.9910681116175255e-05
234.043,49.381,-26.5,234.25799999999998,49.271,-26.5,234.24599999999998,49.401,-29.0,0,2.2849016345736315,6.455954102989888,18.729999281191706,32.8591609515183,0.12182613557017809,0.19598858256778548
236.36700000000002,43.167,-26.5,236.565,43.179,-31.5,236.457,43.262,-28.9,0,-0.01442033089209712,0.16042574209797442,1.3091061612128811,10.215105179019162,-0.0072958817694980145,0.016597305374687878
234.453,49.287,-28.9,234.47199999999998,49.159,-26.5,234.666,49.173,-28.9,0,1.4381535963229903,4.920650714298655,18.224405467233098,32.442113275546205,0.07875384175441598,0.15136448248502488
236.35,43.345,-26.5,236.55599999999998,43.358,-31.5,236.44400000000002,43.437,-28.9,0,0.024620383221670095,0.29733516417770733,-9.48309954368095,23.37593628249266,-0.002662872384969649,0.012591580401020472
234.25799999999998,49.271,-26.5,234.47199999999998,49.159,-26.5,234.453,49.287,-28.9,0,2.011316764300369,6.381449327584724,18.431529182300448,32.54259437819393,0.108933354219205,0.1956706986546415
234.897,48.935,-26.5,235.102,48.817,-26.5,235.08499999999998,48.945,-28.9,0,1.3113133598122029,6.6573633469598645,17.179866118434987,31.767987769837994,0.07612898397398724,0.20924572543671818
234.462,49.414,-31.5,234.24599999999998,49.401,-29.0,234.453,49.287,-28.9,0,0.6053722211757427,1.7562795871681558,18.633747274214315,32.70412033458919,0.032412524073564555,0.05357189577032535
234.47199999999998,49.159,-26.5,234.686,49.048,-26.5,234.666,49.173,-28.9,0,1.8097606215610993,6.381427216479518,18.546958310093473,31.9976430051599,0.09738356785838508,0.19905658204958124
234.686,49.048,-26.5,234.897,48.935,-26.5,234.878,49.06,-28.9,0,1.5685130797535347,6.468357556605272,18.134733644851273,31.74029399937465,0.08629912018805451,0.20344896899866388
236.725,46.567,-31.5,236.776,46.742,-31.5,236.627,46.671,-29.3,0,0.2025757209544791,-0.19153982254336055,-18.00715148893292,20.732416067717246,-0.011046266471329657,-0.008998055172234612
236.53300000000002,44.253,-31.5,236.317,44.239,-26.5,236.435,44.162,-29.2,0,-0.13600054061832453,0.259492304537509,-10.409848098086528,22.246863994636968,0.013035978112838024,0.011505843603025865
236.317,44.239,-26.5,236.53300000000002,44.253,-31.5,236.41500000000002,44.329,-28.8,0,-0.1652740116757111,0.3026093568493406,-10.404625842387446,22.204120245817137,0.015857598713527526,0.013460920886329188
236.538,44.074,-31.5,236.32,44.06,-26.5,236.438,43.983,-29.2,0,-0.09868157321634198,0.198663277582257,-10.687759018942188,22.244360270361767,0.009180897569911575,0.008769819076636196
236.341,43.524,-26.5,236.549,43.537,-31.5,236.437,43.617,-28.9,0,-0.013312341787108708,0.2130272900154959,-9.774278453412649,23.098726636072712,0.0012571059881258276,0.00907671628393763
233.094,50.317,-28.8,232.974,50.193,-26.5,233.203,50.185,-28.8,0,0.4479760137879909,6.402334340344537,3.9148620029581966,40.205225769991344,0.11379286497258437,0.15877704242494747
236.333,43.703,-26.5,236.546,43.716,-31.5,236.43,43.794,-28.8,0,-0.04753822453090475,0.17256406372920405,-10.507231160563833,22.59491959594834,0.004424732420170797,0.007477594479942587
236.529,44.61,-31.5,236.314,44.596,-26.5,236.43,44.52,-29.2,0,-0.22884789918448234,0.3490686661353482,-10.783091162007167,21.779499893488122,0.021197996035867347,0.015892502008724274
236.314,44.596,-26.5,236.529,44.61,-31.5,236.40699999999998,44.687,-28.7,0,-0.26016060019502774,0.4015111100060371,-10.352303974463936,21.950027431630005,0.025097151557188394,0.018151689805779147
236.488,47.379,-28.7,236.675,47.45,-31.5,236.449,47.519,-29.1,0,-0.010548514073556284,0.998210217760278,1.1447680499660375,28.603306994170495,0.021137935369488742,0.0351941431014557
234.666,49.173,-28.9,234.686,49.048,-26.5,234.878,49.06,-28.9,0,1.2829358525428316,4.944462341934771,18.280332027602352,31.937497056690212,0.07002504212608382,0.15453764309391532
236.638,46.837,-29.2,236.464,46.73,-26.5,236.627,46.671,-29.3,0,-0.6202296113202576,0.7069922022520249,-14.21369994785039,23.741219329435843,0.04291967401777023,0.029866278723325
236.308,44.775,-26.5,236.529,44.789,-31.5,236.41,44.868,-28.8,0,-0.30482046828601966,0.40278012073238795,-10.838209730381664,21.536384116680324,0.028075520037768965,0.018584597258210662
234.24599999999998,49.401,-29.0,234.25799999999998,49.271,-26.5,234.453,49.287,-28.9,0,1.6209699822867152,4.908852709124143,18.434597032611606,32.81396902417172,0.08778423818405409,0.14924667239263864
236.078,48.121,-29.2,236.176,48.278,-31.5,235.963,48.259,-29.1,0,-0.014741326183105724,2.034898491464622,4.683554169573216,33.000634906942366,-0.003430605078285693,0.06156697698072744
236.595,47.621,-31.5,236.36700000000002,47.684,-29.2,236.449,47.519,-29.1,0,-0.015810085636767016,1.0933290640695201,2.103910950616262,28.773801677621762,0.010642249448049703,0.038335939307457434
235.801,48.408,-28.8,235.739,48.244,-26.5,235.963,48.259,-29.1,0,0.18732510464355182,6.686458874481038,7.090531125369889,33.02791315812813,0.02598571740438156,0.2021665746150171
236.776,46.742,-31.5,236.638,46.837,-29.2,236.627,46.671,-29.3,0,-0.11912721154135869,0.07307881074386516,-14.1299350010549,23.70607776563964,0.008379684219924357,0.0032022972099061305
233.715,49.938,-31.5,233.503,49.895,-28.8,233.664,49.794,-29.2,0,0.47930451490647746,1.929717526338988,11.461534726405395,37.51120275525852,0.041781300682680086,0.05131406649394356
233.503,49.895,-28.8,233.452,49.755,-26.5,233.664,49.794,-29.2,0,1.3022563391295383,5.771993408411988,11.310411574220966,37.53163238863047,0.11500062454734658,0.15333890691122112
236.288,47.43,-26.5,236.488,47.379,-28.7,236.449,47.519,-29.1,0,-0.02435071050022031,3.139237752651616,0.9519120617365431,28.66541168519064,0.04690449032129893,0.11036627160816516
236.889,40.719,-26.5,236.89499999999998,40.541,-26.5,236.959,40.631,-28.8,0,0.0037117659847576995,0.5808520780972104,-0.06470476338442666,23.842777623432013,-0.014961676029417378,0.02424249766909078
236.841,40.894,-26.5,236.889,40.719,-26.5,236.95,40.802,-29.2,0,-0.06720271699441574,0.4525203982309274,5.061352518711075,22.26475203248951,-0.01400290527733971,0.02035171946868615
236.524,41.563,-26.5,236.564,41.387,-26.5,236.62900000000002,41.475,-29.4,0,0.2669477723633056,0.95706981207117,4.472674429504423,18.913922676119753,0.06614110387501149,0.050620157954683956
236.501,41.741,-26.5,236.524,41.563,-26.5,236.591,41.656,-29.1,0,0.14509032616370185,0.6628018775398401,2.745270181613506,18.256280713121996,0.06392951041392782,0.03637058348308009
236.485,41.919,-26.5,236.501,41.741,-26.5,236.572,41.834,-29.0,0,0.07340062732423233,0.4807330163289487,2.0520721417247643,17.366129285843257,0.05010636257444069,0.02792210943205963
236.469,42.097,-26.5,236.485,41.919,-26.5,236.55599999999998,42.012,-29.0,0,0.038844190600181315,0.4760521522446804,2.0288338477576815,16.447881118730407,0.03253428416366569,0.02952455414744518
236.451,42.276,-26.5,236.469,42.097,-26.5,236.541,42.191,-29.0,0,0.009839008864342675,0.5675427370721409,2.164246277598977,15.474647811005894,0.015440319527812291,0.03778004188794978
237.035,40.545,-31.5,237.031,40.724,-31.5,236.959,40.631,-28.8,0,0.023531499770545895,-0.2093848733486841,-0.6517297925557699,23.953360440250933,-0.005809016235296543,-0.008778385614583654
237.031,40.724,-31.5,236.981,40.898,-31.5,236.95,40.802,-29.2,0,-0.04653818293669419,-0.3933876427611921,4.997069491583986,22.71951410544078,-0.012911515209670921,-0.0173545408952103
236.70999999999998,41.393,-31.5,236.676,41.57,-31.5,236.62900000000002,41.475,-29.4,0,0.09226751783378223,0.1125007972906866,3.5154256399308963,18.99163340402896,0.031237824676493588,0.005883366648834844
236.676,41.57,-31.5,236.659,41.749,-31.5,236.591,41.656,-29.1,0,0.0329740329328878,-0.10906789306047705,1.7894440537465073,18.263167101807298,0.029315127746868796,-0.006053306134345723
236.659,41.749,-31.5,236.643,41.928,-31.5,236.572,41.834,-29.0,0,0.013755782853934508,-0.20509092138506307,1.6736341311572573,17.36184671985376,0.0198662444098649,-0.011900546082989958
236.643,41.928,-31.5,236.63,42.106,-31.5,236.55599999999998,42.012,-29.0,0,-0.004849511615069822,-0.14576702409673942,1.3901066683561538,16.444609024915678,0.008717838839703174,-0.008856108857887379
236.63,42.106,-31.5,236.618,42.285,-31.5,236.541,42.191,-29.0,0,-0.014437214659823401,-0.023640645604681557,1.2828857577868007,15.500404454006414,-0.0016514512109762904,-0.0013125194286284622
236.49200000000002,39.909,-26.5,236.615,39.891,-29.0,236.635,40.051,-26.5,0,0.8279702330072609,-0.14531209778920268,-18.303063765456216,19.117294385580045,-0.047572291637628356,-0.009597468543331163
236.93200000000002,40.197,-31.5,236.852,40.366,-26.5,236.75900000000001,40.202,-26.5,0,0.22932013957393216,0.5425448893070755,-12.664230212386087,22.013091120413662,-0.018734588453034197,0.02430404890209087
236.998,40.368,-31.5,236.89499999999998,40.541,-26.5,236.852,40.366,-26.5,0,0.08241355356712819,0.5560857827010107,-6.483916681508873,24.02387476841598,-0.012425334416787929,0.022972645993502246
236.998,40.368,-31.5,236.852,40.366,-26.5,236.93200000000002,40.197,-31.5,0,0.06033710880850316,0.30420970051776514,-9.581861208517012,23.591917128005193,-0.005582737858204248,0.01289531272294598
237.035,40.545,-31.5,236.89499999999998,40.541,-26.5,236.998,40.368,-31.5,0,0.03986407986295004,0.15945588363544963,-5.828843365476402,23.975541771766913,-0.0045287506574696774,0.006616626389519861
236.89600000000002,41.065,-31.5,236.753,41.059,-26.5,236.841,40.894,-26.5,0,-0.042996452725967964,0.4182601193242729,9.362753158082896,19.801333222963876,-0.0045942147234494645,0.021293621367919742
236.89600000000002,41.065,-31.5,236.841,40.894,-26.5,236.981,40.898,-31.5,0,-0.10874085462864803,-0.08037530975322706,8.884693829345927,20.403529228762608,-0.01321669539395891,-0.0038783620400198375
236.789,41.225,-31.5,236.648,41.22,-26.5,236.753,41.059,-26.5,0,0.19950924099683842,0.6973169837453096,10.823253703452288,18.07558954170392,0.019305095869506444,0.038800340380967184
236.789,41.225,-31.5,236.753,41.059,-26.5,236.89600000000002,41.065,-31.5,0,8.26358162221586e-05,0.17964990322836796,10.917337820044544,18.30982673482677,5.80712018859515e-05,0.009947782964636533
236.70999999999998,41.393,-31.5,236.564,41.387,-26.5,236.648,41.22,-26.5,0,0.38943965976984346,0.8577529102319366,8.775886485354533,18.12444664414795,0.04668666266958131,0.04742056962564865
236.70999999999998,41.393,-31.5,236.648,41.22,-26.5,236.789,41.225,-31.5,0,0.18129003933849291,0.43417435984104413,8.192530261014888,18.782487492905517,0.023601960841233564,0.023184146853406834
