lon1,lat1,dep1,lon2,lat2,dep2,lon3,lat3,dep3,mesh_idx,strike_slip_rate,dip_slip_rate,strike_slip_rate_kinematic,dip_slip_rate_kinematic,strike_slip_coupling,dip_slip_coupling
232.06,49.636,0.0,232.155,49.468,0.0,232.174,49.619,-3.1,0,-1.1750275446063554,23.16447362176995,-3.730286476617282,37.64782746682655,0.321691084607873,0.6147433093747431
232.411,49.299,-3.8,232.173,49.109,0.0,232.41500000000002,49.088,-2.1,0,1.446606652671628,25.511434782160105,3.565722586308466,35.71412127295122,0.4010800927852547,0.7138814244125585
234.663,43.131,0.0,234.711,42.959,0.0,234.957,43.141,-3.6,0,-1.8986557545644935,21.186382056837548,-3.9294450406638504,24.479537861779704,0.482087129402365,0.8652735037262672
235.01600000000002,40.553,0.0,235.0,40.375,0.0,235.122,40.45,-3.7,0,1.899631594963106,11.455347856584638,3.205611328725979,25.165320183164766,0.6967697040309845,0.452231599588588
234.215,47.089,-2.3,234.514,47.122,-4.8,234.43099999999998,47.282,-4.8,0,0.05586295144266417,31.341449632079424,-1.640140659804885,32.68986847361582,-0.03604437634935293,0.9586913949569815
232.16500000000002,49.288,0.0,232.173,49.109,0.0,232.411,49.299,-3.8,0,-7.636692007522149,21.315349480741354,-19.498370873212565,30.288143333340784,0.3934830555146746,0.7034428340991448
235.189,41.661,-4.5,234.916,41.672,-2.1,234.963,41.518,-2.0,0,8.126357356090999,10.609073172355247,11.522021398924906,15.170756218132283,0.7155632335283135,0.7010075722331574
235.236,41.503,-4.6,235.189,41.661,-4.5,234.963,41.518,-2.0,0,6.3335792203177785,11.475704345872236,9.114107049892738,16.918296026086978,0.7083566863855536,0.6793162118793507
235.248,41.188,-4.2,235.276,41.348,-4.6,235.05200000000002,41.214,-2.0,0,4.180658220474112,13.613949891080063,5.779607889132677,19.82154069176272,0.7487731481851089,0.6864332781447053
234.951,42.568,-2.7,234.80700000000002,42.44,0.0,235.09699999999998,42.386,-4.2,0,3.6982952676151455,9.582699463572038,9.05835185122757,12.369186608349054,0.4295768869307116,0.7816468144605647
235.269,40.744,-6.5,235.312,40.919,-6.5,235.058,40.907,0.0,0,-0.6434048684677472,14.853833785357864,-0.5647292382722071,23.00003331259471,0.7376638237026214,0.643754537382055
234.047,47.495,-2.2,234.162,47.276,-2.5,234.334,47.443,-4.7,0,0.4107126932672603,30.8070824463701,-7.628642932124812,32.2060857656745,-0.050286508738561206,0.9565302770019151
235.269,40.744,-6.5,235.058,40.907,0.0,235.055,40.729,0.0,0,3.2945816238955405,14.57811620647342,4.70580742421609,23.071795356301237,0.7508093716264597,0.6303341767995269
233.725,47.955,-2.3,233.893,48.09,-4.5,233.588,48.137,-2.0,0,-0.3250558744777085,30.44707333466559,-2.67750123413569,33.90869186156173,0.13368582847320848,0.8977235716818565
234.162,47.276,-2.5,234.215,47.089,-2.3,234.43099999999998,47.282,-4.8,0,0.257547232614543,31.39656908105969,-4.750947175510561,32.62610858664459,-0.043417080786400594,0.962247409486924
235.09300000000002,42.2,-4.3,234.862,42.16,-2.0,234.923,42.001,-2.4,0,3.9958143181975445,11.02602711776698,7.5714200393436215,15.025269207653281,0.5512513069320721,0.738195956402601
234.957,43.141,-3.6,234.711,42.959,0.0,235.013,42.979,-4.2,0,-3.630938758616609,19.540644268181108,-8.580718129777367,23.338090937893995,0.4226997435275769,0.8370494526582305
232.155,49.468,0.0,232.16500000000002,49.288,0.0,232.411,49.299,-3.8,0,-7.04633902494232,20.503622846443992,-19.17101840551552,30.648149969469745,0.36943778140138384,0.6686626103506511
235.13299999999998,42.007,-4.5,235.09300000000002,42.2,-4.3,234.923,42.001,-2.4,0,3.635072081755863,10.869655663675276,6.961445983818152,15.459501172748048,0.5461582338498877,0.7072626612918953
235.276,41.348,-4.6,235.036,41.366,-2.2,235.05200000000002,41.214,-2.0,0,7.029171903498535,12.5831528421494,9.46050277388099,18.08177792215804,0.7570296051558011,0.6959918222725185
234.914,41.826,-2.0,235.166,41.851,-4.5,234.923,42.001,-2.4,0,5.187610570031701,11.058643143815518,8.459495434108021,15.679842512689504,0.6308317622757359,0.7083447324781925
233.488,48.49,-4.2,233.24200000000002,48.316,0.0,233.52100000000002,48.295,-2.7,0,1.2834942036023735,29.11450023310226,4.6976017645252375,34.28780928933253,0.2681241110405941,0.8487971034892089
233.893,48.09,-4.5,233.786,48.221,-4.6,233.588,48.137,-2.0,0,0.7407912548288454,29.70507103617689,4.637513845256533,33.850832424607084,0.15428749246433587,0.8772545609896083
233.24200000000002,48.316,0.0,233.488,48.49,-4.2,233.265,48.528,-2.5,0,2.534355614364213,28.122408460601207,8.454909719238596,33.684155333361616,0.2974998495561758,0.8345246644613779
235.166,41.851,-4.5,235.13299999999998,42.007,-4.5,234.923,42.001,-2.4,0,4.89798862501097,10.447549305454938,8.578712736238288,15.204756874603333,0.588159309421574,0.6908094964409189
232.74200000000002,48.885,-2.5,232.7,48.71,0.0,233.011,48.768,-3.0,0,5.83610034875317,25.034396436805075,14.643621022307395,32.122914720649504,0.39805044155203056,0.7789357619259735
234.663,43.131,0.0,234.957,43.141,-3.6,234.813,43.303,-2.4,0,-1.973989352518226,20.998129342902192,-3.9803449454107636,24.394314435569967,0.4945266110769154,0.8605603649195982
234.535,46.06,-2.0,234.82,45.899,-4.3,234.833,46.068,-4.7,0,-6.367449914453419,26.253566158348605,-10.860704223121882,27.62395291139079,0.5815943003416606,0.949820730778904
234.73399999999998,45.343,-2.4,234.92700000000002,45.258,-4.5,234.878,45.435,-4.1,0,-10.641227169289198,22.93282602557713,-13.631375946665404,24.521482801274388,0.7759098962661539,0.9346047675605458
234.82,45.899,-4.3,234.535,46.06,-2.0,234.588,45.868,-2.1,0,-6.330454958995459,26.668901809322016,-10.179404984207224,27.817536281642152,0.617156266664439,0.9582480035043179
234.73399999999998,45.343,-2.4,234.767,45.17,-2.6,234.92700000000002,45.258,-4.5,0,-10.719467112631026,22.96699795481343,-13.431006847610199,24.451669630074957,0.7936155000779372,0.9387392766318461
235.269,40.744,-6.5,235.055,40.729,0.0,235.239,40.568,-6.5,0,0.4298896514090052,14.014472371263604,0.9899817554273227,24.09550914663464,0.7139317087567325,0.5791200963570144
234.80700000000002,42.44,0.0,234.911,42.282,-2.2,235.09699999999998,42.386,-4.2,0,-0.06258911347292852,12.174366388608174,0.30926900164496374,15.80665937795193,0.463805779941025,0.7737930431484924
235.239,40.568,-6.5,235.055,40.729,0.0,235.01600000000002,40.553,0.0,0,-0.24707307048140725,13.539403074804545,0.0586509191811615,24.45490040367264,0.7230715506756309,0.550610151111699
234.66899999999998,42.108,0.0,234.699,41.93,0.0,234.923,42.001,-2.4,0,5.535176246374625,11.61523540245546,8.939401920920204,15.117360820306544,0.6390103773323804,0.7718275348620884
234.711,42.959,0.0,234.921,42.84,-2.8,235.013,42.979,-4.2,0,2.5842003361910173,9.626254584886158,6.678528393056638,11.595639725210134,0.41421403145957697,0.8363322334730585
234.916,41.672,-2.1,235.189,41.661,-4.5,235.058,41.755,-3.4,0,4.317470902519561,12.073505724434519,6.489846874390821,17.494122652268658,0.6865533358528986,0.691651789986838
234.862,42.16,-2.0,234.66899999999998,42.108,0.0,234.923,42.001,-2.4,0,4.715537749098867,11.530255138889531,8.16714908615495,15.074839470749026,0.5999122229613937,0.768727709190775
235.036,41.366,-2.2,235.236,41.503,-4.6,234.963,41.518,-2.0,0,8.13116987766298,11.321362988701594,11.136146846070446,16.277861268079846,0.7408089351490655,0.6963094382661236
232.7,48.71,0.0,232.918,48.602,0.0,233.011,48.768,-3.0,0,6.515511720878991,24.853655279304483,16.717554900226524,30.986725500260306,0.38937887058150183,0.8016576237278917
232.155,49.468,0.0,232.34300000000002,49.605,-6.5,232.174,49.619,-3.1,0,0.8712629582615694,22.407445350931532,2.6905518574195257,37.14105360820584,0.3177274433915558,0.6027799532904792
233.918,47.343,0.0,234.162,47.276,-2.5,234.047,47.495,-2.2,0,0.3006930379406877,31.257063716450368,-7.041885651554399,32.45314770786052,-0.039006843595560926,0.9631221779798834
234.951,42.568,-2.7,235.09699999999998,42.386,-4.2,235.112,42.551,-4.7,0,2.5921758275758617,9.815564457583118,7.3290948581791895,13.094761473007395,0.3802650197850021,0.7566722780915316
234.514,47.122,-4.8,234.215,47.089,-2.3,234.377,46.998,-3.3,0,0.11078450601568267,30.97059230006379,-4.765466364938192,32.168208711040506,-0.015023408010064847,0.9626859900535323
234.837,45.75,-4.2,234.82,45.899,-4.3,234.588,45.868,-2.1,0,-7.207585206214875,25.799163131996455,-10.877053569449199,27.177212075199034,0.6572795833494903,0.94873156591612
234.047,47.495,-2.2,234.334,47.443,-4.7,234.225,47.622,-4.5,0,0.2362913695589827,31.199344283348438,-4.450259284495429,32.92816841522737,-0.04686287913064289,0.9474438244349842
234.334,47.443,-4.7,234.162,47.276,-2.5,234.43099999999998,47.282,-4.8,0,0.2149449765216096,31.291797800236843,-3.4738280435458577,32.76716917197592,-0.05569626614135064,0.9549408349391822
234.90300000000002,45.053,-4.2,234.767,45.17,-2.6,234.709,44.938,-1.9,0,-12.643741740457873,21.275272231002866,-15.444167873099413,22.693168598479307,0.8151623418154309,0.9369600370150326
234.92700000000002,45.258,-4.5,235.1,45.327,-6.5,234.878,45.435,-4.1,0,-10.178396759729994,22.377347817548955,-13.37354315941802,24.494979158488913,0.755657352512153,0.9127104320178907
234.933,43.458,-4.2,234.813,43.303,-2.4,235.003,43.296,-4.7,0,-3.1197980325291934,19.839366471370152,-6.296418941855379,23.791904014291106,0.494239933572185,0.8335915698061104
234.921,42.84,-2.8,235.201,42.842,-6.5,235.013,42.979,-4.2,0,2.047848497576914,9.040104255325513,6.543668532925096,11.573993908743859,0.33995341313484334,0.7889363229998836
234.643,45.671,-2.1,234.837,45.75,-4.2,234.588,45.868,-2.1,0,-6.025081651385348,26.632578756111055,-8.648066089394064,27.870205314969336,0.6902824111130317,0.9551242289275244
232.74200000000002,48.885,-2.5,233.011,48.768,-3.0,232.97899999999998,48.929,-4.8,0,5.735040010719409,23.903867895330063,14.826862598677051,32.06635699629257,0.3864444222833184,0.7450833496589713
233.95,47.654,-2.2,234.047,47.495,-2.2,234.225,47.622,-4.5,0,0.0684282260380565,31.567057791103295,-1.5723001362069766,33.32932529789463,-0.026330741191312918,0.9470610138364369
234.422,46.406,-2.0,234.638,46.35,-3.6,234.566,46.524,-3.5,0,-2.1731579008563395,28.985088045212336,-6.746007579568959,30.096035889327705,0.3212071909468806,0.9627271981335709
234.74,43.733,-2.4,234.52100000000002,43.652,0.0,234.736,43.555,-2.3,0,-6.605095334082689,20.05669378679952,-9.642086880166374,22.314788560348944,0.6841585103871467,0.8986510966266968
234.767,45.17,-2.6,234.566,45.053,0.0,234.709,44.938,-1.9,0,-13.553662225763505,21.22476049001524,-16.248082986148663,22.30944837476217,0.8312797878412093,0.950969204071118
235.236,41.503,-4.6,235.036,41.366,-2.2,235.276,41.348,-4.6,0,6.8389218832706655,11.852269560462329,9.538389686770088,17.463149741604298,0.7298821344410531,0.6790509098082711
234.638,46.35,-3.6,234.736,46.461,-4.7,234.566,46.524,-3.5,0,-2.0752226150588786,28.710680340379565,-6.513206267212704,30.08061012906308,0.3158745834437947,0.9540204721605628
234.909,44.529,-3.8,235.123,44.617,-6.5,234.95999999999998,44.719,-4.4,0,-8.301749982520874,18.377196290471176,-10.808358555057154,21.111592261441587,0.7676883290296592,0.8702832773077973
233.786,48.221,-4.6,233.52100000000002,48.295,-2.7,233.588,48.137,-2.0,0,0.8836621561308435,29.61269598747914,4.405433333256042,34.01601294193924,0.1948304161539139,0.8702629760465155
234.12900000000002,47.77,-4.4,234.024,47.926,-4.5,233.84199999999998,47.804,-2.3,0,0.07987836055441927,30.98001370552614,1.7670631767541032,33.593493349328895,0.02954281259284506,0.9220626480246636
234.813,43.303,-2.4,234.933,43.458,-4.2,234.756,43.43,-2.3,0,-1.0907394580767233,20.960166141146853,-1.9920086679728826,24.455453709695746,0.5442210659347769,0.8568312917341636
235.201,42.842,-6.5,234.921,42.84,-2.8,235.048,42.708,-4.3,0,2.00143608274938,9.28320784015644,6.555911562161668,12.008937129976033,0.3335843014173305,0.7808662854270593
233.50900000000001,48.004,0.0,233.725,47.955,-2.3,233.588,48.137,-2.0,0,-0.20308210563017975,31.084965710782363,-1.585237304660735,34.16078092396431,0.14862620995984024,0.9097883310026338
234.248,46.938,-2.1,234.061,46.813,0.0,234.32,46.758,-2.1,0,-0.2839689156258552,30.854112205322245,-5.5333082654268075,31.67740698285332,0.06356706784812526,0.9738697868898437
234.628,44.53,0.0,234.909,44.529,-3.8,234.791,44.646,-2.2,0,-8.506564355176652,19.652848964100347,-10.378932381596186,21.340072839494383,0.8192354817739143,0.920834785333734
233.95,47.654,-2.2,234.12900000000002,47.77,-4.4,233.84199999999998,47.804,-2.3,0,0.06134736480993511,31.303341749605558,2.70166696197154,33.459732110862966,0.01319339596346834,0.9354438280183449
232.57999999999998,49.168,-4.2,232.411,49.299,-3.8,232.41500000000002,49.088,-2.1,0,1.9481188057698093,24.550416627674178,4.965978680555123,35.474696993758144,0.38954518820051387,0.6916674070085962
234.839,44.265,-2.7,235.12,44.262,-6.5,234.936,44.401,-4.1,0,-6.902111303994166,18.808796303624757,-9.342939058370064,22.060656994888447,0.7380890298140554,0.8523492149728409
234.723,46.182,-4.0,234.535,46.06,-2.0,234.833,46.068,-4.7,0,-4.462324638399899,27.418889542034915,-8.303463804408679,28.7700541201138,0.5319363799487317,0.95249487101324
234.12900000000002,47.77,-4.4,233.95,47.654,-2.2,234.225,47.622,-4.5,0,0.06728492746252157,31.240430963629688,-2.386666637574967,33.35406719217167,-0.015803163622005234,0.9365434606174589
234.061,46.813,0.0,234.125,46.639,0.0,234.32,46.758,-2.1,0,-0.6515574262663679,30.543527669379017,-6.599102505760849,31.275481368219133,0.11057949230528143,0.9764441716445147
234.93,43.644,-4.4,235.13299999999998,43.729,-6.5,234.924,43.814,-4.4,0,-5.567754961338317,17.964046815839186,-9.603283439824963,22.328032485045,0.5786870291959937,0.8042014772208437
234.72,41.577,0.0,234.805,41.409,0.0,234.963,41.518,-2.0,0,10.612797656246784,10.326617558572828,13.917240363082698,14.077626986481107,0.7708880893150121,0.735190638495422
234.791,44.646,-2.2,234.909,44.529,-3.8,234.95999999999998,44.719,-4.4,0,-8.75068854296631,18.9408946314432,-10.958439199125309,21.01073110702123,0.7981784958075141,0.9013501368119987
234.911,42.282,-2.2,234.862,42.16,-2.0,235.09300000000002,42.2,-4.3,0,0.7639982606618901,12.18593804786495,1.8648534787402014,16.322499859571252,0.5149880151994851,0.7500510785840585
234.909,44.529,-3.8,234.628,44.53,0.0,234.773,44.422,-2.0,0,-8.880699369442086,19.404265810825237,-10.888782196206577,21.13892662252168,0.8151887976165169,0.9178311970989048
234.628,44.35,0.0,234.635,44.171,0.0,234.839,44.265,-2.7,0,-7.624570592444329,20.178027027417823,-9.455077273283194,21.98035155701602,0.8058710407487524,0.9178896041246332
235.12,44.262,-6.5,234.839,44.265,-2.7,234.987,44.147,-5.0,0,-10.18337939180806,16.206304251242223,-14.208924501548594,19.327172426218013,0.7161182289212799,0.8382438232061822
234.52100000000002,43.652,0.0,234.519,43.473,0.0,234.736,43.555,-2.3,0,-7.189352168840898,19.97730076968582,-10.513769748867816,21.96164043924834,0.6830062605661703,0.9095144780575581
235.314,42.136,-6.5,235.281,42.312,-6.5,235.09300000000002,42.2,-4.3,0,2.9770738397992496,9.319360171371798,7.472228440885715,14.24053836072153,0.42001775149977294,0.6606393340712136
234.588,43.302,0.0,234.663,43.131,0.0,234.813,43.303,-2.4,0,-0.2842631406979344,21.84270583562282,-0.5000500403151236,24.630367445544394,0.5586186838030393,0.8866419381923097
234.535,46.06,-2.0,234.348,45.937,0.0,234.588,45.868,-2.1,0,-6.478626471566866,27.065256291995368,-10.500953154146544,27.91238673851327,0.6136540096798809,0.9693306012113545
234.711,42.959,0.0,234.716,42.779,0.0,234.921,42.84,-2.8,0,2.7686170336902967,10.328279956099694,6.586635144115803,12.160573426917637,0.45019998632758107,0.8545352050481291
234.535,43.831,0.0,234.74,43.733,-2.4,234.755,43.911,-2.5,0,-8.06085247283929,19.404553803845264,-11.058174470626085,21.515740402989678,0.7282305923080695,0.9017277940778667
235.189,41.661,-4.5,235.389,41.785,-6.5,235.166,41.851,-4.5,0,4.002382475079245,10.617594751298606,6.735738974422048,16.849077432889686,0.6129541818024274,0.632207569307004
234.93,43.644,-4.4,234.74,43.733,-2.4,234.736,43.555,-2.3,0,-6.141192818614167,19.38239168738662,-9.662061846185026,22.334500777152257,0.6346309375929662,0.8676030901205319
234.537,45.231,0.0,234.566,45.053,0.0,234.767,45.17,-2.6,0,-10.066618385084116,24.091439351820032,-12.082562802849782,25.138674192295046,0.8293326786972726,0.9580349950961526
235.122,44.439,-6.5,235.123,44.617,-6.5,234.909,44.529,-3.8,0,-7.796641676350379,17.992735326787564,-10.51651777252512,21.34410683595226,0.7408811308674483,0.8427292180102224
234.699,41.93,0.0,234.708,41.752,0.0,234.914,41.826,-2.0,0,4.794411778181723,12.730859072508263,7.1392705443596185,16.904171586414122,0.6950487508210914,0.755304693257215
234.563,44.873,0.0,234.588,44.699,0.0,234.78199999999998,44.79,-2.1,0,-10.748869051233191,22.655161503018178,-12.646022271911235,23.872630487794687,0.8469521085630268,0.9486536702001577
233.011,48.768,-3.0,233.209,48.92,-6.5,232.97899999999998,48.929,-4.8,0,5.166894074671795,23.28491992812072,14.100392291133453,32.33703790372464,0.3660669508898398,0.7197280430435963
232.489,48.823,0.0,232.7,48.71,0.0,232.74200000000002,48.885,-2.5,0,6.494814844168395,25.040421372131966,15.674899871793713,31.73883482150879,0.41394011018936716,0.7885224676951562
233.52100000000002,48.295,-2.7,233.786,48.221,-4.6,233.685,48.379,-4.9,0,0.7765720580149317,28.922449529492575,3.5985764245083853,34.15904400584472,0.20888103248565187,0.8463727523166005
234.916,41.672,-2.1,234.72,41.577,0.0,234.963,41.518,-2.0,0,8.892680936374443,11.033050603101058,12.057328562596098,15.135629807279969,0.7479439345859188,0.7306469920649519
234.477,46.235,-2.0,234.535,46.06,-2.0,234.723,46.182,-4.0,0,-3.6283143085081315,28.233999442123327,-7.212228096540233,29.32338438439061,0.4985059200524038,0.962432357935249
235.126,44.795,-6.5,235.125,44.972,-6.5,234.911,44.883,-3.8,0,-11.415712963205912,19.477930106239377,-14.85372919313518,22.28203956164965,0.7640230637407239,0.8729065013647761
234.805,41.409,0.0,234.872,41.236,0.0,235.036,41.366,-2.2,0,9.727870591385681,11.741989023377997,12.512163038556082,16.224150637879063,0.7875852130582196,0.7244072922508744
234.813,43.303,-2.4,234.957,43.141,-3.6,235.003,43.296,-4.7,0,-1.8001088655940927,20.28853589284057,-3.9040722873045866,24.391877984150938,0.45953300860949475,0.8314964765990536
234.477,46.235,-2.0,234.289,46.112,0.0,234.535,46.06,-2.0,0,-3.8664642897204606,28.513142455803564,-7.547262754060178,29.341503466293535,0.5096282623803586,0.9714646836242791
233.688,47.666,0.0,233.804,47.505,0.0,233.95,47.654,-2.2,0,0.03352019072123656,31.97989759355893,0.6927405426317925,33.51994704807208,0.011465275683971734,0.953993841733376
234.498,45.408,0.0,234.537,45.231,0.0,234.73399999999998,45.343,-2.4,0,-8.666167200956407,25.257874399211957,-10.65131241427881,26.23521224385677,0.8091978038340797,0.962457621532745
235.17700000000002,43.019,-6.5,235.159,43.196,-6.5,234.957,43.141,-3.6,0,-2.818441731940161,18.180887949290344,-8.094903232692928,23.488583598945155,0.3476677104464166,0.7736781201561346
233.50900000000001,48.004,0.0,233.589,47.833,0.0,233.725,47.955,-2.3,0,-0.6370103591219277,31.07473368916995,-5.5890686542132695,33.57360125159066,0.12040345324118838,0.9254504315268541
235.389,41.785,-6.5,235.35,41.961,-6.5,235.166,41.851,-4.5,0,4.34961332688153,9.513171115182526,8.056691286146474,15.679250922044588,0.5552843296125356,0.6098352925560814
234.125,46.639,0.0,234.36700000000002,46.584,-2.0,234.32,46.758,-2.1,0,-1.0815157128454673,30.021451823910855,-7.368201790839477,30.81319439240157,0.15516662981990456,0.9741208419869564
234.535,43.831,0.0,234.52100000000002,43.652,0.0,234.74,43.733,-2.4,0,-8.717346582466938,19.253381254604893,-11.942460999898998,21.080973521603553,0.7292735574243719,0.9131822392666634
233.918,47.343,0.0,233.957,47.165,0.0,234.162,47.276,-2.5,0,0.443205790425013,29.656894161133526,-12.472878611768564,30.613482400122972,-0.03338129377034607,0.9687451730534977
234.399,45.761,0.0,234.451,45.585,0.0,234.643,45.671,-2.1,0,-6.4288854293815705,27.009310356837315,-8.72128624643003,27.851105938517613,0.7322143665609373,0.9694942662310064
234.125,46.639,0.0,234.17700000000002,46.463,0.0,234.36700000000002,46.584,-2.0,0,-1.7757024076796573,29.592651638963464,-8.631401316862075,30.292910444578848,0.21337497863902186,0.9766972049985435
233.997,46.987,0.0,234.061,46.813,0.0,234.248,46.938,-2.1,0,-0.12365131791661098,31.000718946535702,-6.576798876261332,31.770959847350788,0.033792170460773825,0.9756378385774795
235.423,41.609,-6.5,235.389,41.785,-6.5,235.189,41.661,-4.5,0,4.61602736283157,10.160734366269057,7.686622987001641,16.760243593557874,0.61555241129537,0.6077978231888608
234.289,46.112,0.0,234.348,45.937,0.0,234.535,46.06,-2.0,0,-4.331385587500472,28.396893244573512,-7.577530399424145,29.147433189240232,0.5685309233197038,0.9739803092542814
234.23000000000002,46.287,0.0,234.289,46.112,0.0,234.477,46.235,-2.0,0,-3.4525673701948594,28.913307252697482,-7.5516199569682705,29.631727070166743,0.45694677455176774,0.9755050202665703
232.918,48.602,0.0,233.183,48.63,-2.8,233.011,48.768,-3.0,0,4.347013276124927,26.34670847967824,11.767887632370709,33.113367009463644,0.3683729419495454,0.7952712571188265
235.13299999999998,42.007,-4.5,235.314,42.136,-6.5,235.09300000000002,42.2,-4.3,0,3.0080851879853525,10.124819477946277,6.543468814049021,15.261653493260269,0.48418500292870126,0.6682586313721992
234.951,41.067,0.0,235.184,41.056,-3.3,235.05200000000002,41.214,-2.0,0,7.943002626786744,13.157718733023477,10.353749476162562,18.79257664217664,0.7820217105653307,0.6999721303665947
234.519,43.473,0.0,234.588,43.302,0.0,234.756,43.43,-2.3,0,-0.7962471813255232,22.059616943221027,-1.259681702096806,24.46917239452904,0.6276272760423762,0.9013710034667809
232.918,48.602,0.0,233.089,48.464,0.0,233.183,48.63,-2.8,0,3.468349277669088,27.682167518864762,9.706607497976764,33.63155156936099,0.3556351945131072,0.8227349527225826
232.309,48.956,0.0,232.489,48.823,0.0,232.57299999999998,48.99,-2.5,0,4.625008628294994,26.147526653537117,10.917132991433844,33.89460458446188,0.4226424456208328,0.7709988953377029
232.848,49.185,-6.5,232.678,49.324,-6.5,232.57999999999998,49.168,-4.2,0,3.5400546501899304,22.038200026863027,9.774972182229689,34.38457366270366,0.3615465305342415,0.6406480398058851
232.678,49.324,-6.5,232.50900000000001,49.463,-6.5,232.411,49.299,-3.8,0,3.3430584330576556,21.52257837200321,9.643048937940936,34.713775829763364,0.3460413478540378,0.6196493021597327
235.35,41.961,-6.5,235.314,42.136,-6.5,235.13299999999998,42.007,-4.5,0,3.6774642006457166,9.352737816942035,7.774575383924201,14.977729688827111,0.49116109636634925,0.6290923884784566
235.14600000000002,43.373,-6.5,235.14,43.551,-6.5,234.933,43.458,-4.2,0,-4.397462284973965,17.46935061786062,-9.653072012356091,22.543714555366492,0.45453013366384226,0.7745213833507124
234.708,41.752,0.0,234.916,41.672,-2.1,234.914,41.826,-2.0,0,3.4570005490775593,13.21300660632451,5.101238752919869,17.95196838687025,0.7091295892406678,0.7375504849968509
234.893,46.74,-6.5,234.832,46.913,-6.5,234.64600000000002,46.791,-4.8,0,-0.6567124003682847,28.919067929838782,-5.6013617111486145,30.989373469467985,0.1143452733857748,0.9329330625335164
234.971,46.389,-6.5,234.94299999999998,46.566,-6.5,234.736,46.461,-4.7,0,-3.493041852967327,26.338414613187112,-11.046633528862579,28.524748659552063,0.3142025565949675,0.9226551792362179
235.125,44.972,-6.5,235.113,45.15,-6.5,234.90300000000002,45.053,-4.2,0,-10.333896855106685,20.90908793533236,-13.444069706600256,23.599609564957017,0.7632971678023869,0.8849204717593931
234.688,47.254,-6.5,234.594,47.42,-6.5,234.43099999999998,47.282,-4.8,0,-0.06049525186935331,30.87904362156528,0.13825704481335777,32.8986777727453,-0.05621269770138368,0.9386306666972271
234.49200000000002,47.584,-6.5,234.389,47.747,-6.5,234.225,47.622,-4.5,0,0.05979602482015028,30.710415811365536,-0.6698851179072154,33.24690767884361,-0.048585747084489865,0.9235985752097949
234.389,47.747,-6.5,234.287,47.911,-6.5,234.12900000000002,47.77,-4.4,0,0.042160540631484604,30.38144804760365,-0.9163099073663012,33.46443583463689,-0.01359149799376251,0.9077194747621166
234.287,47.911,-6.5,234.173,48.072,-6.5,234.024,47.926,-4.5,0,0.06803639712753591,29.810407231271345,1.0711500831174519,33.669505518094255,0.03688542306187894,0.8851604304995039
234.769,47.085,-6.5,234.688,47.254,-6.5,234.514,47.122,-4.8,0,0.015995833031861806,30.392694804938564,-2.1164434346327425,32.35507364680073,-0.022854615670123708,0.9393471941914692
234.594,47.42,-6.5,234.49200000000002,47.584,-6.5,234.334,47.443,-4.7,0,0.08168090060079669,30.811441301193568,-0.8987325375874864,32.98614765713076,-0.06474559191384169,0.933996662123705
234.04500000000002,48.227,-6.5,233.902,48.378,-6.5,233.786,48.221,-4.6,0,0.9384013348338006,27.835024946137974,5.813032490664596,33.626650890684,0.15763586621776074,0.8273861204339106
232.57999999999998,49.168,-4.2,232.678,49.324,-6.5,232.411,49.299,-3.8,0,2.029805459524044,23.117895862531086,5.498788176107139,35.45705496867175,0.3670736519099573,0.6516598377517098
234.389,47.747,-6.5,234.12900000000002,47.77,-4.4,234.225,47.622,-4.5,0,0.09454787058628908,30.77783997719992,-2.2973591184623956,33.301423396332595,-0.028157302386897367,0.9241098870768439
234.708,41.752,0.0,234.72,41.577,0.0,234.916,41.672,-2.1,0,5.378310987158854,13.099348460090003,7.470081718219234,17.600813980272477,0.7407048638358592,0.7456598127340488
234.893,46.74,-6.5,234.64600000000002,46.791,-4.8,234.70600000000002,46.618,-4.8,0,-0.963496078123743,28.890147928026884,-5.939573687394175,30.730784906921382,0.16002913604548755,0.93976610884785
234.769,47.085,-6.5,234.514,47.122,-4.8,234.595,46.953,-4.9,0,-0.010905087579949263,30.161388070728915,-4.54240804245628,31.886876448102598,0.002355751546949398,0.9458259599056555
235.1,45.327,-6.5,235.086,45.504,-6.5,234.878,45.435,-4.1,0,-9.712467936556337,22.36992225984823,-13.148721998178733,24.767056353670775,0.7328030260853264,0.9022467238158504
233.739,48.518,-6.5,233.56799999999998,48.656,-6.5,233.488,48.49,-4.2,0,2.7456584289831305,25.43193768074813,10.198741982503932,33.10444180939548,0.2678345085707272,0.7677932371995014
235.405,41.082,-6.5,235.44799999999998,41.256,-6.5,235.248,41.188,-4.2,0,-0.6778543508675218,13.72278186351972,-0.7311464135267443,20.879703068376358,0.7078213633255426,0.6561471114591476
235.04399999999998,45.859,-6.5,235.02100000000002,46.036,-6.5,234.82,45.899,-4.3,0,-7.184497418278818,24.52176160725739,-11.846307868883368,26.769733452350167,0.6006617933787397,0.9150497961130013
235.065,45.682,-6.5,235.04399999999998,45.859,-6.5,234.837,45.75,-4.2,0,-8.082149093400599,23.912826509954243,-12.151112727304046,26.18527394657707,0.6590350475659574,0.9122488937380795
235.086,45.504,-6.5,235.065,45.682,-6.5,234.858,45.586,-4.2,0,-8.637951478636502,23.36176900485113,-12.1770551404623,25.704801105912264,0.703068614370561,0.9078938468811932
234.36700000000002,46.584,-2.0,234.17700000000002,46.463,0.0,234.422,46.406,-2.0,0,-2.1423506645441406,29.366734433565316,-8.10253350754767,30.14588170361418,0.26896095183183527,0.9739244886317175
234.17700000000002,46.463,0.0,234.23000000000002,46.287,0.0,234.422,46.406,-2.0,0,-2.8120539037733447,29.15120988396069,-8.496613962421055,29.84910611213047,0.3346161976797128,0.9763984150388377
235.451,41.433,-6.5,235.423,41.609,-6.5,235.236,41.503,-4.6,0,4.561628849878219,10.995210885442559,7.136873972135874,17.8385565293012,0.6555121985475811,0.6168720104964794
234.334,47.443,-4.7,234.49200000000002,47.584,-6.5,234.225,47.622,-4.5,0,0.30154684778350516,30.69525662635119,-4.850690979896813,32.77763710611305,-0.05625854358955205,0.9363984077553565
234.858,45.586,-4.2,235.065,45.682,-6.5,234.837,45.75,-4.2,0,-8.470733509440914,24.114304717961048,-12.079946848506502,26.058846108309506,0.6953116099832162,0.9245764034144045
235.405,41.082,-6.5,235.248,41.188,-4.2,235.184,41.056,-3.3,0,2.9616930620337096,14.063673896062362,4.258950835999428,20.878798494049192,0.7350924465989019,0.6727414224041204
234.399,45.761,0.0,234.643,45.671,-2.1,234.588,45.868,-2.1,0,-6.292419848615172,27.01979460389077,-8.966698971889297,27.942286509564603,0.6967016584793562,0.9666544528837102
234.575,44.008,0.0,234.535,43.831,0.0,234.755,43.911,-2.5,0,-11.333360553123162,17.42132587145908,-14.809043228359599,19.027842826664312,0.7647816115021524,0.9154543910275106
234.80700000000002,42.44,0.0,234.709,42.284,0.0,234.911,42.282,-2.2,0,-1.5710909089212703,12.675771977927232,-2.642491040240145,15.890434676396119,0.5170506776792094,0.7998899546308055
235.35,41.961,-6.5,235.13299999999998,42.007,-4.5,235.166,41.851,-4.5,0,4.338138762360007,9.812506206764231,8.117179983746638,15.35288827782037,0.5512281457395467,0.6428445494466315
234.725,42.6,0.0,234.80700000000002,42.44,0.0,234.951,42.568,-2.7,0,5.190060521538862,7.770949551754818,11.721655567930227,9.584826362655036,0.45750752528219607,0.8189152183825156
234.498,45.408,0.0,234.73399999999998,45.343,-2.4,234.674,45.523,-2.1,0,-9.163251184649727,24.971350514151247,-11.569608186898439,26.018668463004072,0.787552864266901,0.9594018315630031
234.23000000000002,46.287,0.0,234.477,46.235,-2.0,234.422,46.406,-2.0,0,-3.048497011647013,28.95851379533303,-7.784791153567447,29.75270864976385,0.3922201449376403,0.9730358900377197
235.04399999999998,45.859,-6.5,234.82,45.899,-4.3,234.837,45.75,-4.2,0,-6.971273004387058,25.139231153047863,-10.70708833125751,27.08315247747536,0.6447262474057623,0.9274113359423923
234.839,44.265,-2.7,234.635,44.171,0.0,234.787,44.08,-2.7,0,-12.281409027782708,16.332101301044567,-15.753265806040204,18.104908904281004,0.7791583848203738,0.9019375389483901
234.858,45.586,-4.2,234.643,45.671,-2.1,234.674,45.523,-2.1,0,-7.808940783065637,25.50622466356707,-10.470409167770143,26.790853857148637,0.7402118205963705,0.9515790834458066
234.643,45.671,-2.1,234.858,45.586,-4.2,234.837,45.75,-4.2,0,-8.90737181428273,24.657144779973684,-12.396596436054587,26.063173707152885,0.7134981020760794,0.945488528827116
234.588,43.302,0.0,234.813,43.303,-2.4,234.756,43.43,-2.3,0,-1.082535962154712,21.62138166447915,-1.871911528663567,24.49177340855819,0.575089319312163,0.8826114808857924
235.423,41.609,-6.5,235.189,41.661,-4.5,235.236,41.503,-4.6,0,5.502254173193539,10.714226652712002,8.495901543791874,16.910603197869477,0.6612478400928739,0.6346269858623271
235.048,42.708,-4.3,234.951,42.568,-2.7,235.112,42.551,-4.7,0,2.701618011331446,9.288654650079126,7.996094497494909,12.143568527664797,0.3618793137278395,0.7726905194589163
235.09300000000002,42.2,-4.3,235.281,42.312,-6.5,235.09699999999998,42.386,-4.2,0,1.4576140314654373,10.592004668873576,3.9898275523119935,15.299355718437766,0.41107348695396,0.697769139705036
234.348,45.937,0.0,234.399,45.761,0.0,234.588,45.868,-2.1,0,-5.890404184763658,27.52413065680315,-8.84193811973119,28.307371006987747,0.6621215557514247,0.9720535943093911
233.957,47.165,0.0,233.997,46.987,0.0,234.215,47.089,-2.3,0,0.28801414818315324,30.26798211078871,-10.668083805531765,31.09633690905114,-0.01201667262714012,0.9732700144168754
233.209,48.92,-6.5,233.011,48.768,-3.0,233.2,48.754,-4.4,0,4.545971353939588,24.024680639634074,12.689003706475457,32.81671523233206,0.35766267614584846,0.7317311812913282
234.911,42.282,-2.2,234.709,42.284,0.0,234.862,42.16,-2.0,0,0.9905817322853555,12.757609686892176,2.212322769927937,16.328141200904412,0.5426000378297071,0.7844599422712009
235.13299999999998,43.729,-6.5,235.128,43.906,-6.5,234.924,43.814,-4.4,0,-5.633375699556054,17.247784419803406,-9.779651893880597,22.197507424139317,0.5749394755020937,0.7766080595267129
233.24200000000002,48.316,0.0,233.376,48.16,0.0,233.52100000000002,48.295,-2.7,0,0.9234512239714104,30.137024314494013,3.5986390849929553,34.317611643037196,0.24913923265897822,0.8779084009099263
235.086,45.504,-6.5,234.858,45.586,-4.2,234.878,45.435,-4.1,0,-7.713829107363527,24.26196691308562,-10.44096252685106,26.34166401983334,0.731896218315639,0.9202686298132137
234.594,47.42,-6.5,234.334,47.443,-4.7,234.43099999999998,47.282,-4.8,0,0.24468456270545969,30.852347025812104,-3.5856007293989247,32.697256747344014,-0.061882388296293854,0.9435248854719619
234.643,45.671,-2.1,234.451,45.585,0.0,234.674,45.523,-2.1,0,-8.144361633296263,25.847503484010865,-10.772647652519012,26.816304201964233,0.7514139411103634,0.963537738399045
235.125,44.972,-6.5,234.90300000000002,45.053,-4.2,234.911,44.883,-3.8,0,-7.274667648883405,22.891442186924206,-9.213095614618126,25.458485341353068,0.7825539054287427,0.8983647933749955
234.94299999999998,46.566,-6.5,234.893,46.74,-6.5,234.70600000000002,46.618,-4.8,0,-1.5940562455523601,27.933162732666354,-7.425886196211458,30.1248604813012,0.2119856236000667,0.9267620025233992
234.997,46.213,-6.5,234.723,46.182,-4.0,234.833,46.068,-4.7,0,-4.167765974409482,26.823975596133522,-8.214824877701052,28.74935774564824,0.5007685655325235,0.9322541855804312
234.73399999999998,45.343,-2.4,234.537,45.231,0.0,234.767,45.17,-2.6,0,-11.148993369711674,23.353571381737314,-13.67011096224552,24.470392410835736,0.8117913625178929,0.9539824389252476
235.14,43.551,-6.5,235.13299999999998,43.729,-6.5,234.93,43.644,-4.4,0,-4.9297239205670715,17.352269071435106,-9.53089556131377,22.441937002991295,0.5160995383364688,0.7728017041507311
235.184,41.056,-3.3,235.248,41.188,-4.2,235.05200000000002,41.214,-2.0,0,5.356323858821624,13.73033384417355,7.236315539077623,19.852648188064222,0.7618641261726184,0.6911384595587243
234.12900000000002,47.77,-4.4,234.287,47.911,-6.5,234.024,47.926,-4.5,0,0.05811371287577846,30.41436326362095,1.9767517442604543,33.53887502855337,0.015475075774313521,0.9066658909714271
233.997,46.987,0.0,234.248,46.938,-2.1,234.215,47.089,-2.3,0,0.07212525413604635,31.08578938419472,-6.44241454200173,31.961557416435845,0.003008519637244271,0.972494177577681
234.911,44.883,-3.8,234.90300000000002,45.053,-4.2,234.709,44.938,-1.9,0,-7.3048950983096566,23.802932926422553,-8.931292227263995,25.674115189245498,0.811753554794288,0.9265846721556807
234.514,47.122,-4.8,234.688,47.254,-6.5,234.43099999999998,47.282,-4.8,0,0.022779864764753296,30.9062773400169,-1.2457384966703202,32.66176335624666,-0.04249923445992827,0.9462417679104534
234.162,47.276,-2.5,233.957,47.165,0.0,234.215,47.089,-2.3,0,0.2682424227459902,31.582528047104976,-5.689769179696356,32.586233109209886,-0.031808882877124654,0.9691119178077566
235.058,40.907,0.0,235.312,40.919,-6.5,235.184,41.056,-3.3,0,3.8231242698132846,14.632452253336806,5.325612305112713,21.809229663969575,0.7548291140658041,0.6698918693610764
233.089,48.464,0.0,233.24200000000002,48.316,0.0,233.265,48.528,-2.5,0,2.144893872450407,28.954538548305568,6.700554127131859,34.16667153352635,0.3168745696872214,0.8471165440639183
234.832,46.913,-6.5,234.769,47.085,-6.5,234.595,46.953,-4.9,0,-0.19335965265089175,29.533528009590587,-5.193251640415395,31.51844308142144,0.03566554414068901,0.936927935515057
235.239,40.568,-6.5,235.01600000000002,40.553,0.0,235.122,40.45,-3.7,0,0.14304430155379078,12.334643462353405,0.6687004829410057,24.85969374643679,0.6923294021621278,0.49287901993400673
234.924,43.814,-4.4,235.128,43.906,-6.5,234.933,43.993,-4.4,0,-7.251736689978273,17.24465717713142,-11.460262760604522,21.29246220077256,0.6318861103149342,0.809553743054315
233.688,47.666,0.0,233.95,47.654,-2.2,233.84199999999998,47.804,-2.3,0,0.09337788767731346,31.69776837338244,2.393151593733938,33.54790149431168,0.02829766448064439,0.944761334455567
234.511,46.679,-3.5,234.64600000000002,46.791,-4.8,234.44,46.87,-3.4,0,-0.764323566695633,29.501379136115037,-7.552649560149746,30.749982425989618,0.10569631797635419,0.9591850242582861
234.951,41.067,0.0,235.058,40.907,0.0,235.184,41.056,-3.3,0,12.49296075487639,10.178055311031056,16.150774634174347,14.808552433008828,0.7818223162115445,0.6882204072821888
234.699,41.93,0.0,234.914,41.826,-2.0,234.923,42.001,-2.4,0,5.614610372176857,11.577215204725917,8.816977648373097,15.56064699561955,0.6552240511099957,0.7470802711410418
234.839,44.265,-2.7,234.787,44.08,-2.7,234.987,44.147,-5.0,0,-11.73487952521186,15.728384236112003,-15.78832010418543,18.05667365583279,0.7427535088247668,0.8708464781740646
233.804,47.505,0.0,234.047,47.495,-2.2,233.95,47.654,-2.2,0,0.05097563068700164,31.868227414087254,-1.7604117495115865,33.36399459422134,-0.013916021827941586,0.9551178217847409
232.848,49.185,-6.5,232.57999999999998,49.168,-4.2,232.813,49.027,-4.7,0,3.582672151354211,23.04732850861544,9.51228937281383,34.33233907259754,0.37587138790463487,0.67100603082379
234.74,43.733,-2.4,234.93,43.644,-4.4,234.924,43.814,-4.4,0,-6.0930735658111175,19.009255448894443,-9.567193458457993,22.323526632396167,0.6358750510306717,0.851279365746632
235.201,42.842,-6.5,235.17700000000002,43.019,-6.5,235.013,42.979,-4.2,0,1.8627895123202012,8.339801272317922,6.606083868004021,11.091705288865342,0.30642655223587173,0.7609254005703503
234.575,44.008,0.0,234.755,43.911,-2.5,234.787,44.08,-2.7,0,-9.42359078927386,18.66344358137114,-12.395190336435164,20.665268525093282,0.759669796962788,0.9029860512138267
234.32,46.758,-2.1,234.511,46.679,-3.5,234.44,46.87,-3.4,0,-0.7398885213685883,29.789168244642507,-7.6369187267426994,30.830824790904785,0.10350212762044846,0.9660250010469091
234.933,43.458,-4.2,235.14,43.551,-6.5,234.93,43.644,-4.4,0,-4.019483306470087,18.613095779066615,-7.73037019383473,23.191292823431567,0.5186927102941666,0.8022415753752108
235.226,42.665,-6.5,235.048,42.708,-4.3,235.112,42.551,-4.7,0,2.2721664012878438,8.853912023181927,7.71541195231174,12.012422210057565,0.3183338004423006,0.7457575605778685
233.589,47.833,0.0,233.688,47.666,0.0,233.84199999999998,47.804,-2.3,0,-0.10983385913349002,31.741469020323404,-2.3058746312173266,33.684601691221246,0.06123322683401187,0.9422254377616316
232.57999999999998,49.168,-4.2,232.57299999999998,48.99,-2.5,232.813,49.027,-4.7,0,3.631243449434161,24.365929756051266,9.178022378549592,34.39266594635042,0.39462064737897595,0.7081171256974088
234.024,47.926,-4.5,233.725,47.955,-2.3,233.84199999999998,47.804,-2.3,0,0.1695097056533835,31.00516407693683,2.1304392576298294,33.7050451424874,0.06644863756362636,0.9197429548200002
234.451,45.585,0.0,234.498,45.408,0.0,234.674,45.523,-2.1,0,-7.437815549918039,26.25020756683552,-9.509561493636351,27.147327463151687,0.7773175882652834,0.966673272517949
234.957,43.141,-3.6,235.159,43.196,-6.5,235.003,43.296,-4.7,0,-2.0572759939710448,19.24717827944515,-5.173794781089015,24.229291154603573,0.39654959750123836,0.7940393550731148
235.14600000000002,43.373,-6.5,234.933,43.458,-4.2,235.003,43.296,-4.7,0,-2.995467142796317,18.846562647093464,-6.64246620998172,23.68638420225045,0.4497203521851405,0.7953210633815555
232.489,48.823,0.0,232.74200000000002,48.885,-2.5,232.57299999999998,48.99,-2.5,0,5.6770260060883295,25.086250907256552,13.6819064917958,32.74944972124419,0.414384756738957,0.7655891501842247
235.128,43.906,-6.5,235.124,44.084,-6.5,234.933,43.993,-4.4,0,-6.2267897836335,17.28523779468051,-9.910204095526979,22.015072513617113,0.6273483115289112,0.7847612964514294
234.64600000000002,46.791,-4.8,234.832,46.913,-6.5,234.595,46.953,-4.9,0,-0.326458963512377,29.673237424234834,-4.451561610007367,31.44096872047206,0.0707461370351044,0.9436023144332341
234.024,47.926,-4.5,234.173,48.072,-6.5,233.893,48.09,-4.5,0,0.24092387713569507,29.758968766690728,2.9131267960528096,33.68581171999244,0.07346825480969173,0.8831850259047557
235.12,44.262,-6.5,235.122,44.439,-6.5,234.936,44.401,-4.1,0,-7.603124726935677,17.608618299775532,-10.640476389708695,21.416867384263128,0.7139295794503411,0.8218779599620407
234.04500000000002,48.227,-6.5,233.786,48.221,-4.6,233.893,48.09,-4.5,0,0.7361023505152726,28.797838798854784,5.300303918573851,33.61199739818052,0.13438963446862937,0.8564515234969531
233.725,47.955,-2.3,233.589,47.833,0.0,233.84199999999998,47.804,-2.3,0,0.1899459689302679,31.49028788593832,1.9471446622753232,33.839698249813026,0.0830660958401557,0.9304411417314451
233.725,47.955,-2.3,234.024,47.926,-4.5,233.893,48.09,-4.5,0,0.2689570357422215,30.465445593261286,2.7198470786261186,33.754336201203664,0.08875560185331433,0.9023638456456387
234.933,43.458,-4.2,234.93,43.644,-4.4,234.736,43.555,-2.3,0,-4.431278230110033,19.681805022289154,-7.6276313300234335,23.19050375752444,0.5797472696444225,0.8484419821745748
234.635,44.171,0.0,234.575,44.008,0.0,234.787,44.08,-2.7,0,-13.471574152269314,15.427794733542905,-17.110785297595584,16.85633761567791,0.786891397496969,0.9151375911497718
234.588,44.699,0.0,234.628,44.53,0.0,234.791,44.646,-2.2,0,-8.88197386812189,23.049955760075232,-10.513866026698132,24.50589272318887,0.8414576720827709,0.9402302301038657
233.52100000000002,48.295,-2.7,233.376,48.16,0.0,233.588,48.137,-2.0,0,0.7768691705396695,30.247900339712505,3.504381278502782,34.20612709421675,0.21395566631298402,0.8840258118194926
234.736,46.461,-4.7,234.94299999999998,46.566,-6.5,234.70600000000002,46.618,-4.8,0,-2.1030749473762254,27.91013043965646,-7.965010385789412,29.811411276975605,0.26168950608948294,0.9357012772378546
235.02100000000002,46.036,-6.5,234.997,46.213,-6.5,234.833,46.068,-4.7,0,-6.145841742929764,25.011908717192398,-11.658959887551461,27.305092224826975,0.5220039160884493,0.9150370778872315
234.422,46.406,-2.0,234.477,46.235,-2.0,234.638,46.35,-3.6,0,-2.8837623169416844,28.710984164308872,-7.470477987121958,29.722797305333472,0.3846597722919107,0.9656041406315485
235.166,41.851,-4.5,234.914,41.826,-2.0,235.058,41.755,-3.4,0,3.71432562552278,11.861098630449085,5.93683890901417,17.153898419289675,0.6503368166625859,0.6935890423917911
234.971,46.389,-6.5,234.736,46.461,-4.7,234.826,46.311,-5.1,0,-2.8658205853188634,27.403230010971587,-7.772385748233411,29.434984051286047,0.3638027833036217,0.9302773505238227
234.878,45.435,-4.1,234.858,45.586,-4.2,234.674,45.523,-2.1,0,-8.112163049256557,24.887959126767996,-10.723416820384177,26.40206704820864,0.7505809300263582,0.9420979510317836
234.921,42.84,-2.8,234.716,42.779,0.0,234.869,42.696,-2.0,0,2.667032905074397,10.34157105458993,6.718566647915992,12.425346432001305,0.42717795612234005,0.8379768131771819
233.739,48.518,-6.5,233.488,48.49,-4.2,233.685,48.379,-4.9,0,1.690591762322848,26.98010460386554,6.760047174395194,33.83399420654091,0.24726794077600026,0.7970194103570432
234.173,48.072,-6.5,234.04500000000002,48.227,-6.5,233.893,48.09,-4.5,0,0.37419369861020835,28.920983720142747,3.546738695338595,33.727649852384744,0.0982993211363655,0.8571795148632754
234.73399999999998,45.343,-2.4,234.878,45.435,-4.1,234.674,45.523,-2.1,0,-8.797134525319748,24.626192053255433,-11.312144317745101,25.997691428724224,0.7723730448224992,0.9467618371205142
235.312,40.919,-6.5,235.405,41.082,-6.5,235.184,41.056,-3.3,0,-4.936846212381178,13.83711169468294,-6.537829324118235,20.78647097496797,0.7275098126634787,0.6635451756939559
234.805,41.409,0.0,235.036,41.366,-2.2,234.963,41.518,-2.0,0,8.91718664426657,11.675643188400823,11.74355315751609,16.21450998285465,0.7699317611168652,0.7209373410661117
235.036,41.366,-2.2,234.872,41.236,0.0,235.05200000000002,41.214,-2.0,0,7.469019557742312,13.085517291113133,9.707642903197296,18.317255814760387,0.7838445946032662,0.7144770274539654
234.911,42.282,-2.2,235.09300000000002,42.2,-4.3,235.09699999999998,42.386,-4.2,0,1.8024479970715845,11.26904052971264,4.344342743303827,15.38905504407768,0.4596645959295811,0.7370964714648689
234.723,46.182,-4.0,234.997,46.213,-6.5,234.826,46.311,-5.1,0,-5.223386159861146,25.96028630826222,-11.387905762876706,27.844361358412467,0.45488867912055625,0.9315739737317923
233.488,48.49,-4.2,233.52100000000002,48.295,-2.7,233.685,48.379,-4.9,0,1.823132560030019,27.980036667724427,7.311054058698755,33.711468053094,0.246597721216029,0.8296143751920886
234.709,42.284,0.0,234.66899999999998,42.108,0.0,234.862,42.16,-2.0,0,1.4099957882103313,13.148934633595145,2.776069992564885,16.61896063217165,0.5839803900365351,0.7939765667208324
234.78199999999998,44.79,-2.1,234.588,44.699,0.0,234.791,44.646,-2.2,0,-13.20404026913107,20.25198227376374,-15.762615075196141,21.61288304825069,0.8351536489206581,0.9365030283875095
233.804,47.505,0.0,233.918,47.343,0.0,234.047,47.495,-2.2,0,0.01454939972015253,32.065810484973056,0.32683684731867046,33.32534733772329,-0.02292869348349984,0.9621684234969201
235.44799999999998,41.256,-6.5,235.451,41.433,-6.5,235.276,41.348,-4.6,0,2.4974073221760107,12.484005564681029,3.8513371825058016,19.65143177136528,0.6832642609824221,0.6349386748048732
234.755,43.911,-2.5,234.924,43.814,-4.4,234.933,43.993,-4.4,0,-7.815012351554922,18.213444456444876,-11.425050998793154,21.289088100160413,0.6832256967200534,0.8552834038002363
234.767,45.17,-2.6,234.90300000000002,45.053,-4.2,234.92700000000002,45.258,-4.5,0,-12.182595637413758,21.38114020980764,-15.249338368547164,23.017866731170024,0.794840570130886,0.9282260730434461
234.755,43.911,-2.5,234.74,43.733,-2.4,234.924,43.814,-4.4,0,-7.564497322804504,18.76795770907676,-11.049313288662717,21.54433515204218,0.6837947825225928,0.8709184863116504
233.786,48.221,-4.6,233.902,48.378,-6.5,233.685,48.379,-4.9,0,0.9424214832684278,27.979182515570667,4.796476189936389,33.902225662313946,0.19174731557552696,0.8249177086418922
235.248,41.188,-4.2,235.44799999999998,41.256,-6.5,235.276,41.348,-4.6,0,3.653723724305261,13.058741634636828,5.3166551168201295,19.766667654334555,0.714082066039269,0.6602082894589523
235.451,41.433,-6.5,235.236,41.503,-4.6,235.276,41.348,-4.6,0,6.131828969255558,11.22714602225356,9.053804277175018,17.45698730253079,0.690241618618314,0.6434328293251947
235.281,42.312,-6.5,235.253,42.489,-6.5,235.09699999999998,42.386,-4.2,0,2.2913167028270296,9.292585970969231,6.994463584278179,13.618046965774738,0.35285274948526985,0.6898392855957748
235.048,42.708,-4.3,234.921,42.84,-2.8,234.869,42.696,-2.0,0,2.331241263498914,9.960841275843332,6.613017735635395,12.401100124235597,0.38252580776396256,0.8098441218898684
234.563,44.873,0.0,234.78199999999998,44.79,-2.1,234.709,44.938,-1.9,0,-6.052072504542001,24.837871258475612,-7.1557118548906615,26.240362572643143,0.8399044502599882,0.9462390948006365
235.226,42.665,-6.5,235.201,42.842,-6.5,235.048,42.708,-4.3,0,1.7896160940252068,8.842995549797811,6.71341476505836,12.057518923528022,0.29338209168645074,0.7422747830294995
234.78199999999998,44.79,-2.1,234.911,44.883,-3.8,234.709,44.938,-1.9,0,-5.876299339081101,24.293912930854212,-7.094595916295871,26.103354697711044,0.8213317056949724,0.93023326015676
234.595,46.953,-4.9,234.514,47.122,-4.8,234.377,46.998,-3.3,0,0.006246293979088896,30.58185226183323,-4.58253700592514,31.961719547555834,0.0026882300500247723,0.9567376009060251
234.248,46.938,-2.1,234.32,46.758,-2.1,234.44,46.87,-3.4,0,-0.2594607205427436,30.637850852872397,-5.243438429160928,31.616801527312482,0.05831225100071247,0.9688888797381514
234.951,42.568,-2.7,235.048,42.708,-4.3,234.869,42.696,-2.0,0,2.9948572362632375,9.392253259211534,8.24255625109106,11.848578178332048,0.3869968553975059,0.8000139797227556
234.477,46.235,-2.0,234.723,46.182,-4.0,234.638,46.35,-3.6,0,-4.343344128968595,27.560064482490407,-9.856127658115405,28.727310353112898,0.4383791449635486,0.9589250684708814
232.309,48.956,0.0,232.57299999999998,48.99,-2.5,232.41500000000002,49.088,-2.1,0,3.265631365773652,26.077948667824092,7.805393890001495,34.814884705552785,0.41669229572413646,0.748621509980827
233.39100000000002,48.789,-6.5,233.209,48.92,-6.5,233.2,48.754,-4.4,0,4.0514710108331045,23.447613883001967,11.964114417993008,33.039834791728744,0.33799287257761707,0.709325152577602
233.025,49.051,-6.5,232.848,49.185,-6.5,232.813,49.027,-4.7,0,4.057542251691864,22.297715852176292,11.08946615886899,33.72137084097823,0.3654268692806536,0.6609708294305432
232.74200000000002,48.885,-2.5,232.97899999999998,48.929,-4.8,232.813,49.027,-4.7,0,5.236630895863454,23.707569353169102,13.462962934170779,32.77371850928686,0.38855341059479526,0.7230287367578845
234.628,44.35,0.0,234.839,44.265,-2.7,234.773,44.422,-2.0,0,-6.848641867336449,20.404873713397162,-8.494065957899494,22.327067605391335,0.8057531410729565,0.9137880079874429
232.173,49.109,0.0,232.309,48.956,0.0,232.41500000000002,49.088,-2.1,0,1.5581916923328532,26.693455815449436,3.67710621072323,35.61243167853567,0.4189428222328617,0.7491066422949051
235.126,44.795,-6.5,234.911,44.883,-3.8,234.95999999999998,44.719,-4.4,0,-11.654221041941339,19.535461648454472,-14.916921487226297,22.084604005600312,0.7772085665339824,0.8834471609989081
233.56799999999998,48.656,-6.5,233.39100000000002,48.789,-6.5,233.37099999999998,48.628,-4.5,0,3.487507387323845,24.300501893779693,11.323257550729458,33.00791318495098,0.3070600426445905,0.7357924867926853
234.32,46.758,-2.1,234.36700000000002,46.584,-2.0,234.511,46.679,-3.5,0,-1.0350963758417124,29.82564846978068,-6.988235873060935,30.787567316302336,0.15390465868027312,0.9685400927323806
234.736,46.461,-4.7,234.638,46.35,-3.6,234.826,46.311,-5.1,0,-2.9373756700390508,27.895876295370677,-7.926500625951427,29.480310563132917,0.3669882433408442,0.9457015550275827
234.716,42.779,0.0,234.725,42.6,0.0,234.869,42.696,-2.0,0,2.957114391282685,10.767534097305468,6.939977976759224,12.819621545675972,0.45662401540266356,0.8450884075435867
234.736,43.555,-2.3,234.519,43.473,0.0,234.756,43.43,-2.3,0,-4.2519083397384945,21.010639381364623,-6.679221636706416,23.4878975286734,0.6354174125647357,0.8943647679075649
235.123,44.617,-6.5,235.126,44.795,-6.5,234.95999999999998,44.719,-4.4,0,-8.09659384055371,18.010517168350777,-10.756838883565536,21.084775513273286,0.7523352958078435,0.8539754139619801
235.122,44.439,-6.5,234.909,44.529,-3.8,234.936,44.401,-4.1,0,-7.3596866592604115,18.66078330121157,-9.774031509311612,21.745075419031565,0.7524452264716174,0.8579338652170228
233.902,48.378,-6.5,233.739,48.518,-6.5,233.685,48.379,-4.9,0,2.001820316912309,26.263357648380527,9.23547268069464,33.115625397401814,0.21492482311799332,0.7926358239131532
233.488,48.49,-4.2,233.56799999999998,48.656,-6.5,233.37099999999998,48.628,-4.5,0,2.3937870808681163,26.061974035219354,8.089216032402714,33.79894715271464,0.2939760875101623,0.7706841440822463
234.628,44.53,0.0,234.628,44.35,0.0,234.773,44.422,-2.0,0,-8.5408960479288,19.989600590818352,-10.29410341209659,21.472169603288975,0.8292895074428683,0.9308685091597115
233.376,48.16,0.0,233.50900000000001,48.004,0.0,233.588,48.137,-2.0,0,0.6807997263737194,30.821905790245665,3.465204518417262,34.116029171032864,0.18844589167412543,0.9032286126962019
234.787,44.08,-2.7,234.755,43.911,-2.5,234.933,43.993,-4.4,0,-8.72916552512827,18.206790640306263,-12.084308014682264,20.8393438928306,0.7216714747833598,0.8734666633138295
234.90300000000002,45.053,-4.2,235.113,45.15,-6.5,234.92700000000002,45.258,-4.5,0,-11.46214475326213,20.988549711509304,-14.737581885497217,23.15939299956037,0.7730274280902467,0.9053581124038498
234.70600000000002,46.618,-4.8,234.64600000000002,46.791,-4.8,234.511,46.679,-3.5,0,-0.983435154638459,29.32805277944867,-6.233501093942536,30.75275664527356,0.15847863894271605,0.9533823777335768
234.725,42.6,0.0,234.951,42.568,-2.7,234.869,42.696,-2.0,0,3.4844153159561952,9.847067094878161,8.483640580178019,12.060910940745515,0.4345537030408365,0.8228087382506285
234.872,41.236,0.0,234.951,41.067,0.0,235.05200000000002,41.214,-2.0,0,10.802186162392264,11.519616078545864,13.74538468595388,16.162700078819768,0.7954338699889886,0.713181685765244
233.209,48.92,-6.5,233.025,49.051,-6.5,232.97899999999998,48.929,-4.8,0,4.3393349865056665,22.59384398071858,12.103602173497087,33.18880152830016,0.35807536106641075,0.6804787867995462
234.914,41.826,-2.0,234.916,41.672,-2.1,235.058,41.755,-3.4,0,3.050105451408746,12.758191271117399,4.652885004115177,17.923310614952044,0.688183979434972,0.7133812746621457
234.36700000000002,46.584,-2.0,234.422,46.406,-2.0,234.566,46.524,-3.5,0,-2.0328754126462822,29.156814109063994,-7.8023798218089055,30.123448230403415,0.2630392748792584,0.9676269999671303
233.183,48.63,-2.8,233.089,48.464,0.0,233.265,48.528,-2.5,0,2.6136551641729597,27.9561638465375,7.719572606457402,34.07150549053512,0.33616863484944687,0.8201556932540885
233.37099999999998,48.628,-4.5,233.39100000000002,48.789,-6.5,233.2,48.754,-4.4,0,3.458504666560388,24.762161685780626,10.474672024185269,33.39872289138127,0.32911846183914156,0.7410288612186274
234.566,45.053,0.0,234.563,44.873,0.0,234.709,44.938,-1.9,0,-13.856959819690841,21.100908297743292,-16.336059212036574,22.067860411458085,0.8457674348409435,0.9558365306003149
234.987,44.147,-5.0,234.787,44.08,-2.7,234.933,43.993,-4.4,0,-7.593709781350874,18.445878746820917,-10.643724487966011,21.581958727478252,0.7126956978227499,0.8544419003343762
232.57299999999998,48.99,-2.5,232.57999999999998,49.168,-4.2,232.41500000000002,49.088,-2.1,0,3.2056543824222903,25.005586630247862,7.938605361282118,34.80477797712524,0.40236497430804885,0.7180654820220191
232.57299999999998,48.99,-2.5,232.74200000000002,48.885,-2.5,232.813,49.027,-4.7,0,5.5492024327067835,23.992645626375122,13.843274551465019,32.708526874735036,0.40045689033084536,0.7331550090249418
235.124,44.084,-6.5,235.12,44.262,-6.5,234.987,44.147,-5.0,0,-6.597903062301526,17.338404628296516,-9.91734745778767,21.887354085160652,0.6644502050542131,0.791788768495431
234.78199999999998,44.79,-2.1,234.791,44.646,-2.2,234.95999999999998,44.719,-4.4,0,-12.432479675219096,20.031600300902973,-15.25601587301243,21.857947260806544,0.8117989604011316,0.9156871919103865
235.159,43.196,-6.5,235.14600000000002,43.373,-6.5,235.003,43.296,-4.7,0,-3.4000924615919885,17.721250589912447,-8.75537325701724,23.072719417989916,0.38750406058612247,0.7676768145333798
234.64600000000002,46.791,-4.8,234.595,46.953,-4.9,234.44,46.87,-3.4,0,-0.3110199861126041,30.082882850953666,-4.96473866108742,31.475154315908934,0.06482700990461968,0.9555987593026507
235.253,42.489,-6.5,235.226,42.665,-6.5,235.112,42.551,-4.7,0,1.9086176878337464,9.046387229552627,6.849743593934676,12.82114542373975,0.3052017140240129,0.7140696566915109
234.997,46.213,-6.5,234.971,46.389,-6.5,234.826,46.311,-5.1,0,-4.730415146996646,25.63782369029936,-11.297084571682216,27.96576036064372,0.414892266941071,0.9158617311155998
235.189,41.661,-4.5,235.166,41.851,-4.5,235.058,41.755,-3.4,0,4.472296645990631,11.224656854593773,7.114249441400801,16.859710249517235,0.6473411556297939,0.6677514150692825
234.82,45.899,-4.3,235.02100000000002,46.036,-6.5,234.833,46.068,-4.7,0,-6.459840784887216,25.38440754024785,-11.093163182547848,27.34475928318406,0.5767122346982376,0.9274703548409167
235.113,45.15,-6.5,235.1,45.327,-6.5,234.92700000000002,45.258,-4.5,0,-10.03040161662679,21.619556148916253,-13.26584886626706,24.205778218227483,0.7503664060632935,0.8921332722936893
235.17700000000002,43.019,-6.5,234.957,43.141,-3.6,235.013,42.979,-4.2,0,-3.086618213928938,18.46519861232531,-8.654222003717535,23.324209528164687,0.356310474223752,0.7913620492657089
233.011,48.768,-3.0,233.183,48.63,-2.8,233.2,48.754,-4.4,0,4.3403504292082316,25.32343466250415,12.093562297524384,32.93503109737763,0.35804694813451504,0.7685118764109036
234.839,44.265,-2.7,234.936,44.401,-4.1,234.773,44.422,-2.0,0,-6.770784599382152,19.859507055501876,-8.652859027177996,22.26812273001626,0.7819165600461324,0.8916730112828306
235.124,44.084,-6.5,234.987,44.147,-5.0,234.933,43.993,-4.4,0,-6.894348142797935,17.680166970147475,-10.290249535164548,21.76698829538772,0.6691385852890397,0.8119095540556177
235.09699999999998,42.386,-4.2,235.253,42.489,-6.5,235.112,42.551,-4.7,0,2.17887470326864,9.541313378315467,6.793606630716596,13.388701003034328,0.34814678331039156,0.7201616087161128
235.1,40.384,-3.3,235.2,40.393,-6.5,235.122,40.45,-3.7,0,0.6223596473551802,10.583076340510498,1.501329867654988,25.52781910479291,0.6511212601596615,0.41107119712427026
232.122,49.693,-3.3,232.06,49.636,0.0,232.174,49.619,-3.1,0,0.5894357138472621,22.7519170489719,1.886645883253541,38.4048774058664,0.30264400536532693,0.5918216748361199
234.215,47.089,-2.3,234.248,46.938,-2.1,234.377,46.998,-3.3,0,0.05671988843545145,30.961205484445557,-5.58039938165296,31.976282573318564,0.00095172634426956,0.9681516054936091
234.736,46.461,-4.7,234.70600000000002,46.618,-4.8,234.566,46.524,-3.5,0,-2.1651570428206206,28.361279710174962,-8.315554158622508,29.815144550126092,0.259964381495684,0.9508231008554571
234.911,44.883,-3.8,234.78199999999998,44.79,-2.1,234.95999999999998,44.719,-4.4,0,-12.105158190304296,20.267493773480176,-14.973040967599434,22.21409627221346,0.8049323503793134,0.9115616450616023
232.97899999999998,48.929,-4.8,233.025,49.051,-6.5,232.813,49.027,-4.7,0,5.040540126741151,22.52562616943093,13.545655352236754,32.723560429751025,0.3718258530233643,0.6880625542047477
234.933,43.458,-4.2,234.736,43.555,-2.3,234.756,43.43,-2.3,0,-3.9116196830402457,20.324857472090994,-6.714909130386346,23.51943091781159,0.5812657529041588,0.8639461005317439
233.183,48.63,-2.8,233.37099999999998,48.628,-4.5,233.2,48.754,-4.4,0,3.522392608815533,25.765538346845272,10.389331918644224,33.42519244558964,0.33782270260647357,0.7704583450279154
234.566,46.524,-3.5,234.70600000000002,46.618,-4.8,234.511,46.679,-3.5,0,-1.2814358739480523,29.27280058688458,-6.153484460349658,30.584616004876445,0.2083703145943149,0.9567819288837112
234.595,46.953,-4.9,234.377,46.998,-3.3,234.44,46.87,-3.4,0,-0.12599090535377286,30.46485884630351,-5.021809197116081,31.71940611158187,0.030285460446811876,0.9603221767466669
234.638,46.35,-3.6,234.723,46.182,-4.0,234.826,46.311,-5.1,0,-4.184360044632044,27.19721059737785,-9.752130658421848,28.69433319376866,0.42580291939804304,0.9472535755782654
234.36700000000002,46.584,-2.0,234.566,46.524,-3.5,234.511,46.679,-3.5,0,-1.3059020481172587,29.576742040677704,-6.408306526343942,30.64276041001988,0.20641461190907445,0.9649379952076772
233.265,48.528,-2.5,233.488,48.49,-4.2,233.37099999999998,48.628,-4.5,0,2.383221280563141,27.092452491950585,7.722645498701728,33.92249045730081,0.3063338344039648,0.7982751905762869
234.936,44.401,-4.1,234.909,44.529,-3.8,234.773,44.422,-2.0,0,-7.639525485618042,19.41237919600588,-9.710532851878213,21.755536845926898,0.7862377911687523,0.8921368105884673
233.183,48.63,-2.8,233.265,48.528,-2.5,233.37099999999998,48.628,-4.5,0,2.755422206567867,26.908210053118204,8.34524155734251,33.87527655896697,0.32822316095232185,0.793955300396771
234.377,46.998,-3.3,234.248,46.938,-2.1,234.44,46.87,-3.4,0,-0.09626210059163874,30.71453235385442,-5.317179520960732,31.772810560737113,0.026852593169497983,0.9665677663139777
235.2,40.393,-6.5,235.239,40.568,-6.5,235.122,40.45,-3.7,0,-0.5998915222660409,11.494685251657534,-0.398214461951909,25.16196227004926,0.6555251796996339,0.45310070529018937
232.34300000000002,49.605,-6.5,232.184,49.75,-6.5,232.174,49.619,-3.1,0,2.292115037721394,20.948706008258775,7.842514774057726,36.8452804804595,0.29107947741835544,0.5680119549292552
235.0,40.375,0.0,235.1,40.384,-3.3,235.122,40.45,-3.7,0,0.7103350761078463,10.620681331281737,1.582286743909009,25.682041409251894,0.671082141289894,0.40994883109132435
232.184,49.75,-6.5,232.122,49.693,-3.3,232.174,49.619,-3.1,0,0.6029619203186343,21.89483721193219,2.0250494513465416,38.276174702707564,0.2890446602268854,0.5714520610965003
232.34300000000002,49.605,-6.5,232.155,49.468,0.0,232.411,49.299,-3.8,0,-1.0087309031418394,23.148612155121395,-3.030892908877558,36.969007491048444,0.3400482358414605,0.625724855009178
232.50900000000001,49.463,-6.5,232.34300000000002,49.605,-6.5,232.411,49.299,-3.8,0,2.972656399416078,21.243817542778366,8.954049541916229,35.05540172161339,0.3311760466462247,0.6055912875534011
233.05200000000002,49.335,-11.5,232.678,49.324,-6.5,232.848,49.185,-6.5,0,3.297320610996807,20.279890992012668,9.976470880912931,34.64643026085596,0.330162032271387,0.5851492161261921
233.05200000000002,49.335,-11.5,232.858,49.463,-11.5,232.678,49.324,-6.5,0,4.117783661067713,18.25222646851287,13.495892592725335,33.64666742975235,0.3052057953592762,0.5423160684109791
235.2,40.393,-6.5,235.281,40.377,-9.0,235.30700000000002,40.454,-9.0,0,-2.3463533520586752,10.222184600801697,-3.3012730347175534,25.107401609882544,0.6037781060233401,0.402384735534419
235.281,40.377,-9.0,235.362,40.361,-11.5,235.30700000000002,40.454,-9.0,0,-2.3661453903504555,9.901478355065745,-3.489105282154725,25.087752311692782,0.5756514860597602,0.3899027177790699
232.34300000000002,49.605,-6.5,232.67000000000002,49.595,-11.5,232.486,49.729,-11.5,0,3.2155071152093075,18.084175864011687,11.894839907617175,35.00986750033228,0.27022823310268357,0.5162062731977806
232.858,49.463,-11.5,232.50900000000001,49.463,-6.5,232.678,49.324,-6.5,0,3.114956872619626,19.886042518588653,9.835809995667503,35.04748056880022,0.3163140665933304,0.5671597350854491
232.858,49.463,-11.5,232.67000000000002,49.595,-11.5,232.50900000000001,49.463,-6.5,0,3.632391801047933,18.206793273870776,12.506272573957006,34.391358798343056,0.2904496886448492,0.5291744574900658
234.601,48.098,-11.5,234.392,48.043,-8.7,234.497,47.876,-8.7,0,0.030039193005500165,28.123723924672582,-0.3596349759216242,33.66891689237246,-0.004440988411976043,0.8349839752123412
232.67000000000002,49.595,-11.5,232.34300000000002,49.605,-6.5,232.50900000000001,49.463,-6.5,0,2.704281792371632,19.60186992715672,9.128293299262442,35.59753969594629,0.29568099094982847,0.5503126235041961
234.699,47.931,-11.5,234.601,48.098,-11.5,234.497,47.876,-8.7,0,0.06020183691938937,27.861606845823214,-1.2872286708897889,33.56431346840925,-0.024239672966953583,0.8297756986167456
235.611,41.343,-8.7,235.821,41.375,-11.5,235.601,41.536,-8.8,0,2.627694472613144,9.849585839144986,4.934876499179552,18.87810685880936,0.5554345684716117,0.521607808197103
234.699,47.931,-11.5,234.497,47.876,-8.7,234.591,47.714,-8.7,0,0.09782069042789746,28.92200216658612,-1.535748803391284,33.422521518334634,-0.04442233301130346,0.8651078300692193
234.79000000000002,47.762,-11.5,234.699,47.931,-11.5,234.591,47.714,-8.7,0,0.17235193845608804,28.60137249386847,-2.498142569237638,33.283933212979306,-0.05704458903962237,0.8590732834204731
235.293,43.465,-8.8,235.14600000000002,43.373,-6.5,235.34199999999998,43.238,-9.3,0,-2.9491020655487996,15.868177989383536,-8.902318620902363,23.065954166597592,0.3303759472701816,0.6874328992590463
235.821,41.375,-11.5,235.798,41.554,-11.5,235.601,41.536,-8.8,0,2.627648291249354,8.753848539176934,5.368334849629548,18.375641287525355,0.5087207142592571,0.4764941025246382
234.49099999999999,48.262,-11.5,234.274,48.21,-8.8,234.392,48.043,-8.7,0,0.1522886024938196,26.903729910261237,2.67701093691816,33.77857827292382,0.047813535015157456,0.7960502760237843
234.79000000000002,47.762,-11.5,234.591,47.714,-8.7,234.689,47.543,-8.7,0,0.1427974382811019,29.426355340217278,-1.7088985940439958,33.20627559595464,-0.06717566557194501,0.8859910437441837
234.882,47.593,-11.5,234.79000000000002,47.762,-11.5,234.689,47.543,-8.7,0,0.19409605147376244,29.058529728263288,-2.339758583787619,33.08252447286028,-0.0711774872057261,0.8781788094635287
234.601,48.098,-11.5,234.49099999999999,48.262,-11.5,234.392,48.043,-8.7,0,0.04196988962927414,26.747262506469642,0.7149819153460406,33.80133319859384,0.02250182865000055,0.7908898520137287
235.483,43.335,-11.5,235.293,43.465,-8.8,235.34199999999998,43.238,-9.3,0,-2.4484221280580756,14.374567590117135,-8.952393372467895,23.07531827952687,0.2726815030460727,0.6223459630901301
234.887,47.204,-8.7,235.082,47.26,-11.5,234.793,47.377,-8.7,0,-0.09443857628517763,29.264752875063483,0.2274952978946878,32.65135358154111,-0.030762718180917276,0.8964811496746533
235.082,47.26,-11.5,234.988,47.428,-11.5,234.793,47.377,-8.7,0,-0.1305859656386774,28.99122251465978,0.7965616028516962,32.79725773316566,-0.042682439830309005,0.8842113983425344
234.969,47.028,-8.7,235.17000000000002,47.09,-11.5,234.887,47.204,-8.7,0,-0.11564303352431163,28.47937147485539,-1.7860504265164572,32.080644857162326,0.02464891582356502,0.8878599188340865
235.281,42.312,-6.5,235.314,42.136,-6.5,235.49200000000002,42.189,-9.3,0,2.4555894643103624,8.603993160267601,7.029569369788561,14.396666453588324,0.3703434972553528,0.6042071259994625
234.368,48.422,-11.5,234.137,48.377,-8.8,234.274,48.21,-8.8,0,0.424445775095948,25.460562311581242,3.841625269114884,33.89135403200889,0.1050287749013403,0.7507395254065737
235.281,42.312,-6.5,235.49200000000002,42.189,-9.3,235.461,42.355,-9.3,0,2.010817963894985,8.196569160307169,6.790176573285493,14.079330500440477,0.317816507971917,0.5896200955375019
234.793,47.377,-8.7,234.882,47.593,-11.5,234.689,47.543,-8.7,0,0.05159231187911389,29.635859802484056,-0.415136869721227,33.04037306765479,-0.0679974097441608,0.8968195020892352
235.601,41.536,-8.8,235.75,41.73,-11.5,235.55700000000002,41.719,-8.7,0,3.3599467365955062,8.26708130630392,6.845606480052908,17.071783441858514,0.5053361846570942,0.48542139097561066
235.798,41.554,-11.5,235.75,41.73,-11.5,235.601,41.536,-8.8,0,3.6799913594874827,7.732171966205075,7.762380100101524,16.88365949672101,0.48624927169160664,0.4587737179202689
234.988,47.428,-11.5,234.882,47.593,-11.5,234.793,47.377,-8.7,0,0.019122356579458464,29.167510080704698,0.04403518145463714,32.94603303899556,-0.062146550926755785,0.8851575350860246
235.17000000000002,47.09,-11.5,235.082,47.26,-11.5,234.887,47.204,-8.7,0,-0.091655910836688,28.290711201768804,-0.2837148195894663,32.30200826101991,0.005645360665795919,0.8760475193813707
235.046,46.843,-8.8,235.251,46.919,-11.5,234.969,47.028,-8.7,0,-0.4914196597361309,27.287250011377797,-4.385397567296421,31.285986704500942,0.09967366984029749,0.8720528360051285
234.49099999999999,48.262,-11.5,234.368,48.422,-11.5,234.274,48.21,-8.8,0,0.2401647703920532,25.26392781019486,2.8751269269361286,33.896414035316695,0.07595484951788728,0.7448176938075705
235.55700000000002,41.719,-8.7,235.704,41.907,-11.5,235.523,41.862,-8.7,0,3.2567284316606284,7.679767394609664,7.3634941105309935,16.013783422379277,0.45619204069441105,0.4822053391723054
235.75,41.73,-11.5,235.704,41.907,-11.5,235.55700000000002,41.719,-8.7,0,3.2082901394030214,7.209401859676014,7.495969784909505,16.117299461091903,0.4408268254051657,0.44946500485287155
235.251,46.919,-11.5,235.17000000000002,47.09,-11.5,234.969,47.028,-8.7,0,-0.18612832616542566,27.291134140348397,-1.4410508806931297,31.756662203923106,0.07274638716689695,0.8594219938415211
235.253,42.489,-6.5,235.281,42.312,-6.5,235.461,42.355,-9.3,0,1.871487084172078,8.663121518908135,6.593515993125749,13.748032919216342,0.30852677384860555,0.6381294432809564
235.253,42.489,-6.5,235.461,42.355,-9.3,235.43200000000002,42.53,-9.3,0,1.5384436565915502,8.21676715891919,6.466521107711884,13.375806019504239,0.2624785383833339,0.6232068619582751
235.53,40.696,-11.5,235.269,40.744,-6.5,235.369,40.642,-9.0,0,-3.073383827065653,13.040642915294047,-4.333732938342763,22.91729618757512,0.6457429304864357,0.5657060051637757
235.1,46.677,-8.7,235.309,46.744,-11.5,235.046,46.843,-8.8,0,-0.8425337016888389,26.33375182068807,-4.2514065649537205,30.83371451584549,0.184016719397747,0.8535123443980993
235.152,46.476,-8.9,235.356,46.567,-11.5,235.1,46.677,-8.7,0,-2.742900824813708,24.22780616002171,-9.831204582085938,28.98180511250222,0.2745792733591825,0.8348722387332466
235.309,46.744,-11.5,235.251,46.919,-11.5,235.046,46.843,-8.8,0,-0.862922406845278,25.785603570912425,-5.273850506731009,30.808163703578444,0.15287673428991788,0.8366055483903297
235.226,42.665,-6.5,235.43200000000002,42.53,-9.3,235.404,42.706,-9.3,0,1.2796617371206027,8.070414844058742,6.341830315438358,12.562387120846182,0.22742485628841427,0.6524897209518409
235.226,42.665,-6.5,235.253,42.489,-6.5,235.43200000000002,42.53,-9.3,0,1.5415866506438165,8.532120399542494,6.495264735288941,12.922385188067238,0.26352888965647625,0.6694568013334371
235.589,41.146,-8.9,235.791,41.197,-11.5,235.611,41.343,-8.7,0,-0.4227039369859934,11.594291788683385,-0.47444189092297506,20.43999510448171,0.5872744253043688,0.5662959015846619
235.356,46.567,-11.5,235.309,46.744,-11.5,235.1,46.677,-8.7,0,-1.7232834732370041,24.427867335063468,-7.120149191304979,29.964809061276384,0.23456045491803432,0.8143032938824459
235.38,42.89,-9.3,235.201,42.842,-6.5,235.404,42.706,-9.3,0,1.1418597434756481,7.8619970154800605,5.964984850376254,11.862593002965752,0.21772770230781993,0.6733841752904015
235.201,42.842,-6.5,235.226,42.665,-6.5,235.404,42.706,-9.3,0,1.3705546831457598,8.306496110689535,6.313213544181849,12.141049260309558,0.2436838383516541,0.6940990623117973
235.72199999999998,41.026,-11.5,235.589,41.146,-8.9,235.495,40.956,-8.9,0,-3.973078854094291,12.344089146113195,-6.169947137277433,20.47775434049518,0.615105649205249,0.6008175612415066
235.35899999999998,43.059,-9.3,235.17700000000002,43.019,-6.5,235.38,42.89,-9.3,0,1.2299476729485086,7.436439772151895,5.865977668442696,11.036356234426364,0.23369545818568135,0.684635525787737
235.17700000000002,43.019,-6.5,235.201,42.842,-6.5,235.38,42.89,-9.3,0,1.4017808875538493,7.908014823969867,6.212234163470271,11.300290933469768,0.2505407609525593,0.7100709879925919
235.791,41.197,-11.5,235.821,41.375,-11.5,235.611,41.343,-8.7,0,-0.296689721779326,10.463097353858151,-0.31133563550952204,20.034348262308242,0.5418326433861096,0.521533953445519
235.34199999999998,43.238,-9.3,235.159,43.196,-6.5,235.35899999999998,43.059,-9.3,0,-2.2423895954964133,16.11224325263601,-8.302840952805141,23.444073956367617,0.26960540691741647,0.6867797454293616
235.269,40.744,-6.5,235.53,40.696,-11.5,235.453,40.839,-9.1,0,-3.2017269500172683,13.32964130935179,-4.5263458857652665,22.539771432939233,0.6508258680378374,0.588374196482698
234.137,48.377,-8.8,234.197,48.561,-11.5,233.963,48.531,-8.9,0,1.6428370561857886,23.381774615330432,10.055760043761822,32.893970737219064,0.1619861821202071,0.7102549421947097
235.22899999999998,45.96,-8.9,235.441,46.031,-11.5,235.20499999999998,46.135,-8.9,0,-5.589118906696862,21.94184967134848,-10.876400012745531,27.13923508495952,0.5068187864142373,0.8064936110821284
235.441,46.031,-11.5,235.414,46.21,-11.5,235.20499999999998,46.135,-8.9,0,-4.867412061172239,21.326869967744305,-10.341181519571634,27.499591588273372,0.4635723108720296,0.7733360348980153
235.159,43.196,-6.5,235.17700000000002,43.019,-6.5,235.35899999999998,43.059,-9.3,0,-2.2829709487147287,16.904287601707093,-8.128034634217869,23.553049201559986,0.28055692160833134,0.7172815668643122
235.20499999999998,46.135,-8.9,235.414,46.21,-11.5,235.179,46.314,-8.9,0,-4.740781793553191,22.584325524421565,-10.648639189603564,27.715312550601947,0.4389078156159835,0.8130099720084163
235.414,46.21,-11.5,235.388,46.389,-11.5,235.179,46.314,-8.9,0,-4.204465164434651,21.897568326842407,-10.478595583834139,27.933339257228628,0.3951897485853598,0.7819609925126663
235.179,46.314,-8.9,235.388,46.389,-11.5,235.152,46.476,-8.9,0,-3.6929968253881054,23.367065398787656,-10.050745749518043,28.406622952308016,0.36181949529187724,0.8210301282347809
235.388,46.389,-11.5,235.356,46.567,-11.5,235.152,46.476,-8.9,0,-3.1042231387653847,22.86456668467126,-9.517850638105799,28.746932762578442,0.32040012034170423,0.7938419298103546
235.452,45.851,-11.5,235.441,46.031,-11.5,235.22899999999998,45.96,-8.9,0,-6.696452674632738,20.0263173913676,-12.705707403346501,25.985352469559928,0.5206051008227452,0.768373350082949
234.368,48.422,-11.5,234.197,48.561,-11.5,234.137,48.377,-8.8,0,1.392326274956182,22.849200097435542,10.58008047138855,32.61280508704447,0.13030567971825976,0.700014826598074
235.452,45.851,-11.5,235.22899999999998,45.96,-8.9,235.245,45.778,-8.9,0,-6.94401386807758,21.020360742939697,-12.179845521842985,26.09485696563552,0.5631933887986874,0.8035194189964668
235.14600000000002,43.373,-6.5,235.159,43.196,-6.5,235.34199999999998,43.238,-9.3,0,-2.884656915515281,16.62132110978167,-8.784419348231893,23.17271119829111,0.3276392173625404,0.7168202922078254
233.05200000000002,49.335,-11.5,232.848,49.185,-6.5,233.049,49.181,-8.9,0,3.8079138868069378,19.64740352121335,11.735271386012037,33.969498629290506,0.32436073120238285,0.5782221734218478
235.589,41.146,-8.9,235.405,41.082,-6.5,235.495,40.956,-8.9,0,-4.025063120098867,13.007116791525174,-5.81316912099993,20.63267114713217,0.6622141163734461,0.6285273884166733
235.459,45.672,-11.5,235.452,45.851,-11.5,235.245,45.778,-8.9,0,-7.620164902756923,19.394439610182467,-13.263753446845108,25.212543234421467,0.5678209298029737,0.7669704832813029
235.459,45.672,-11.5,235.245,45.778,-8.9,235.25900000000001,45.6,-8.9,0,-7.63345141821104,20.462705332861926,-12.429014892240339,25.49940059027998,0.6069469265194176,0.8005122049056455
235.44799999999998,41.256,-6.5,235.589,41.146,-8.9,235.611,41.343,-8.7,0,-0.10491962438792782,12.33475831821578,0.06272140064635323,20.461516199857783,0.6371846923533971,0.6019734806602058
232.34300000000002,49.605,-6.5,232.486,49.729,-11.5,232.29399999999998,49.76,-8.9,0,2.6826776050269596,18.723893472684892,10.031958231015956,35.72779765472798,0.26696901060666633,0.5236384616254507
235.464,45.492,-11.5,235.459,45.672,-11.5,235.25900000000001,45.6,-8.9,0,-8.255119604469746,18.823277372136214,-13.54080145507196,24.579892689452972,0.6027789796100518,0.763585283769686
235.483,43.335,-11.5,235.475,43.514,-11.5,235.293,43.465,-8.8,0,-2.6293289571718623,13.306023901038637,-9.497865906306615,22.783456296910387,0.27591574638656996,0.5833647817357975
235.464,45.492,-11.5,235.25900000000001,45.6,-8.9,235.26999999999998,45.42,-8.9,0,-8.308039386180786,19.760369634722448,-12.877048812359629,24.7957152959625,0.6380001486491005,0.7949905065774105
235.293,43.465,-8.8,235.475,43.514,-11.5,235.288,43.633,-8.8,0,-3.3148240516245697,13.921299483238808,-9.81835916012946,22.556506340321178,0.33655753580834535,0.616536934614017
235.475,43.514,-11.5,235.465,43.694,-11.5,235.288,43.633,-8.8,0,-3.0623574370824485,12.995763405808212,-9.257885347629099,22.756801138735895,0.3296155060479836,0.570365488443722
235.451,41.433,-6.5,235.611,41.343,-8.7,235.601,41.536,-8.8,0,3.084383249150309,10.651337093931584,5.2780343894206965,18.802883336179946,0.6065217492724083,0.5664578610587678
235.62900000000002,40.86,-11.5,235.72199999999998,41.026,-11.5,235.495,40.956,-8.9,0,-4.6585888376510844,12.200305874137493,-7.463195369944174,20.5296815115545,0.5977960748424405,0.5917365222228925
235.46699999999998,45.312,-11.5,235.464,45.492,-11.5,235.26999999999998,45.42,-8.9,0,-8.743827902527123,18.171964873884594,-13.805286905143372,23.94280158824306,0.6265085072916932,0.7567639957844899
234.94299999999998,46.566,-6.5,235.152,46.476,-8.9,235.1,46.677,-8.7,0,-2.719178258584682,25.623690031789316,-10.02217025615456,29.07480012830505,0.2680200788914143,0.8804466969381474
235.704,41.907,-11.5,235.66,42.083,-11.5,235.505,42.02,-9.0,0,2.5229455722022305,6.9197262168904805,7.248486037765559,15.128826438191453,0.36281942838274794,0.4618590037085595
233.902,48.378,-6.5,234.137,48.377,-8.8,233.963,48.531,-8.9,0,1.7157077004771173,24.95253540088366,9.886548136995732,32.94741704017339,0.17197219663746327,0.7568293576333656
235.46699999999998,45.312,-11.5,235.26999999999998,45.42,-8.9,235.27800000000002,45.242,-8.9,0,-8.82512322367719,18.99466566885439,-13.278114133975567,24.100465736579487,0.6576462982499623,0.7861799061840639
235.465,43.694,-11.5,235.461,43.874,-11.5,235.28199999999998,43.815,-8.8,0,-3.8901671536275617,12.609981580349201,-10.004327024317703,22.291241181928783,0.38767259590463066,0.5649482490857051
235.469,45.132,-11.5,235.46699999999998,45.312,-11.5,235.27800000000002,45.242,-8.9,0,-9.000688396985328,17.483273668907994,-13.932965841808308,23.38052825398893,0.6392518366263009,0.74548783903766
234.197,48.561,-11.5,234.015,48.696,-11.5,233.963,48.531,-8.9,0,2.189206020665464,21.532513946011775,11.985382832135745,32.398794595059314,0.1817662318683631,0.6640269987074189
235.02100000000002,46.036,-6.5,235.04399999999998,45.859,-6.5,235.22899999999998,45.96,-8.9,0,-6.704935854355171,23.69834342753609,-11.53340356087774,26.85507473091725,0.5748564810722661,0.8811123620576313
233.963,48.531,-8.9,234.015,48.696,-11.5,233.788,48.668,-8.9,0,2.3546062955577645,22.19815755726038,11.056911322736406,32.85083725038772,0.2119628371178665,0.6751956460393184
235.466,44.952,-11.5,235.285,45.061,-8.9,235.286,44.882,-8.9,0,-9.53225214318861,17.115032870211525,-14.197701822202148,22.58561761966259,0.6652664377377072,0.7554843710949668
235.461,43.874,-11.5,235.461,44.053,-11.5,235.281,43.989,-8.8,0,-4.659503614081569,12.500568617598448,-10.492165617633262,21.9230394910887,0.4430057478530133,0.5694425103974123
234.997,46.213,-6.5,235.02100000000002,46.036,-6.5,235.20499999999998,46.135,-8.9,0,-5.768271754072128,24.276285073033577,-11.37276946983539,27.403987155627327,0.5014585098059213,0.8845707983324236
235.461,44.053,-11.5,235.461,44.233,-11.5,235.28,44.168,-8.8,0,-5.218320371718273,12.810357254300122,-10.492067261563164,21.780534645230773,0.4963984847893853,0.5874158932057144
235.02100000000002,46.036,-6.5,235.22899999999998,45.96,-8.9,235.20499999999998,46.135,-8.9,0,-6.00166220154813,23.478305087070716,-11.189526276223724,27.178815020904644,0.5298356008213123,0.862319741537383
235.22899999999998,45.96,-8.9,235.04399999999998,45.859,-6.5,235.245,45.778,-8.9,0,-7.4824780893697636,22.466639231291545,-12.484840188168864,26.11575575865689,0.592864820060208,0.8587221495761563
234.137,48.377,-8.8,234.04500000000002,48.227,-6.5,234.274,48.21,-8.8,0,0.4325629142505878,27.02438631005801,3.6741056160913024,33.928460634130985,0.11148840675248971,0.7960846264164041
234.997,46.213,-6.5,235.20499999999998,46.135,-8.9,235.179,46.314,-8.9,0,-5.0192653608579505,24.09032210029328,-10.95957619528345,27.754579697319443,0.4523130500525314,0.8665542178229129
235.465,43.694,-11.5,235.28199999999998,43.815,-8.8,235.288,43.633,-8.8,0,-3.8557692423449446,13.695922694889502,-9.749173381680762,22.45929127577577,0.39430496040581825,0.6091354967359472
234.971,46.389,-6.5,234.997,46.213,-6.5,235.179,46.314,-8.9,0,-4.607981458793183,24.92678708753241,-11.033338213365436,28.025598574125897,0.41295092158686786,0.8882691923625716
235.437,40.531,-11.5,235.239,40.568,-6.5,235.30700000000002,40.454,-9.0,0,-2.2150297304674496,11.613711026671602,-3.061433850302649,24.264888979783024,0.6164309195609563,0.4745971870333498
235.461,44.053,-11.5,235.28,44.168,-8.8,235.281,43.989,-8.8,0,-5.2536872325870885,13.641373303893472,-10.35479924732249,21.899676349619114,0.5063416106945898,0.6222149804672343
235.469,45.132,-11.5,235.27800000000002,45.242,-8.9,235.285,45.061,-8.9,0,-9.042879241567052,18.2340750294344,-13.434030973345216,23.531060022199213,0.666354185122395,0.7728241610509134
235.461,43.874,-11.5,235.281,43.989,-8.8,235.28199999999998,43.815,-8.8,0,-4.690962225859942,13.463609346264905,-10.350722302318104,22.04236971679329,0.45207123847934716,0.610109810713622
234.971,46.389,-6.5,235.179,46.314,-8.9,235.152,46.476,-8.9,0,-3.8343791880030538,24.841244643485815,-10.361447797436451,28.45443533774403,0.3653144816263049,0.8718159320058947
235.461,44.233,-11.5,235.461,44.413,-11.5,235.28,44.348,-8.9,0,-5.7269437310600875,13.344141969550659,-10.492012692361271,21.6254585872898,0.545047063199157,0.6163728446628413
235.04399999999998,45.859,-6.5,235.065,45.682,-6.5,235.245,45.778,-8.9,0,-7.576201438242695,23.067568881452456,-11.84288044773794,26.245029688106047,0.6329013326290595,0.8776021204507675
234.94299999999998,46.566,-6.5,234.971,46.389,-6.5,235.152,46.476,-8.9,0,-3.45169511572423,25.574834516755832,-10.734502694939994,28.61252141217372,0.3182600925595203,0.8929055987840477
235.314,42.136,-6.5,235.35,41.961,-6.5,235.505,42.02,-9.0,0,3.1253876925632613,8.64710855441753,7.355932726238763,15.114536716357293,0.4426775322567702,0.5769380927266861
235.466,44.952,-11.5,235.469,45.132,-11.5,235.285,45.061,-8.9,0,-9.431533569019747,16.460348473764128,-14.559384462762665,22.497086030447257,0.6415532657040172,0.7291746045126201
233.902,48.378,-6.5,234.04500000000002,48.227,-6.5,234.137,48.377,-8.8,0,0.9004841250636813,26.762675980215707,5.978607839728446,33.70541773484919,0.14717683761516662,0.7935755247465102
234.893,46.74,-6.5,235.1,46.677,-8.7,235.046,46.843,-8.8,0,-0.8240873567480297,27.621985959599783,-4.555462902352337,30.92299967488942,0.17024736646551458,0.8927991228162516
235.461,44.413,-11.5,235.462,44.593,-11.5,235.28199999999998,44.525,-8.9,0,-6.215951767601254,13.930936282505746,-10.610519616568197,21.428825606163826,0.585218443925663,0.6494988638595565
235.72199999999998,41.026,-11.5,235.791,41.197,-11.5,235.589,41.146,-8.9,0,-2.8854743211646725,11.592088838488916,-4.776748550399645,20.40656826968238,0.5705899851651756,0.5665025577025095
235.461,44.233,-11.5,235.28,44.348,-8.9,235.28,44.168,-8.8,0,-5.386397098474909,14.278505514801425,-9.65705952391285,22.07703260538375,0.5568602434390489,0.6461162442104129
235.245,45.778,-8.9,235.065,45.682,-6.5,235.25900000000001,45.6,-8.9,0,-8.242102828187273,21.84997914765028,-12.723615396660488,25.518318313767242,0.6410621009256491,0.8547245670049202
235.28,44.348,-8.9,235.461,44.413,-11.5,235.28199999999998,44.525,-8.9,0,-6.432204201545341,14.499390290061864,-10.716619524433966,21.42512335010298,0.5995344767273832,0.6761706668623294
234.274,48.21,-8.8,234.173,48.072,-6.5,234.392,48.043,-8.7,0,0.15038172568873642,28.228574417461903,2.4419217969903952,33.816217783814636,0.05098120077996676,0.8344204426770544
233.788,48.668,-8.9,233.824,48.823,-11.5,233.607,48.799,-8.9,0,3.094621311674742,21.139160979652793,12.242942967881973,32.72990076891553,0.25214257894165576,0.6454172218489179
235.462,44.593,-11.5,235.463,44.773,-11.5,235.28300000000002,44.702,-8.9,0,-6.534475944360238,14.52338404521841,-10.610039080163801,21.2883885848519,0.615433505033627,0.6817094702796801
235.25900000000001,45.6,-8.9,235.086,45.504,-6.5,235.26999999999998,45.42,-8.9,0,-8.969353795771323,21.09467920588492,-13.159895319835424,24.815751152927714,0.6749062687614107,0.8485413090206924
235.065,45.682,-6.5,235.086,45.504,-6.5,235.25900000000001,45.6,-8.9,0,-8.097627816087758,22.509646479884317,-11.87553432302839,25.762312392390136,0.6748116754650938,0.8724386771457597
235.463,44.773,-11.5,235.466,44.952,-11.5,235.286,44.882,-8.9,0,-9.315654079160563,15.650898896035088,-14.556906774873205,22.00755730974741,0.6340243595400501,0.708433411144617
235.462,44.593,-11.5,235.28300000000002,44.702,-8.9,235.28199999999998,44.525,-8.9,0,-6.705108008086282,15.096400497256539,-10.596029073099373,21.3475125782669,0.6322843361704885,0.7066805483659622
234.832,46.913,-6.5,234.893,46.74,-6.5,235.046,46.843,-8.8,0,-0.6795117228234572,28.329774936720185,-5.297270513155899,31.08324259375007,0.1219939767748056,0.9111351342984219
233.739,48.518,-6.5,233.963,48.531,-8.9,233.788,48.668,-8.9,0,2.473536144923,23.786904797333563,10.915172479207278,32.89261322487324,0.22547375412933965,0.7226633715792398
234.893,46.74,-6.5,234.94299999999998,46.566,-6.5,235.1,46.677,-8.7,0,-1.5587667231507838,27.25744220939218,-7.12292019528909,30.21540050353801,0.21410022370585297,0.9015190339413927
234.015,48.696,-11.5,233.824,48.823,-11.5,233.788,48.668,-8.9,0,3.062497325253365,20.307928482167988,13.597221681611243,32.052209487651844,0.2246950745054454,0.6330821295330071
235.463,44.773,-11.5,235.286,44.882,-8.9,235.28300000000002,44.702,-8.9,0,-9.691946410314197,16.03031867063314,-14.688033064638642,21.768307900516493,0.6543304812483237,0.7338273399600176
233.739,48.518,-6.5,233.902,48.378,-6.5,233.963,48.531,-8.9,0,1.9426270015153984,25.228490802510915,9.371744809257505,33.22280401611998,0.20562840510828106,0.7588853464225938
235.523,41.862,-8.7,235.704,41.907,-11.5,235.505,42.02,-9.0,0,2.984870090389605,7.4578515380268495,7.40089453080229,15.482168356039296,0.4178211376431834,0.4853987546959192
234.04500000000002,48.227,-6.5,234.173,48.072,-6.5,234.274,48.21,-8.8,0,0.34263966252374417,28.086592111613037,3.7155129545492978,33.815652384704805,0.08563773870535511,0.8302163727401669
235.44799999999998,41.256,-6.5,235.405,41.082,-6.5,235.589,41.146,-8.9,0,-0.9103917979773243,13.185364519242558,-1.119427924176108,20.88282864785768,0.6692314046192848,0.6302369573621724
234.769,47.085,-6.5,234.969,47.028,-8.7,234.887,47.204,-8.7,0,-0.07713591034743658,29.415675801638333,-2.0678706233211592,32.206634071928534,0.00991986234572221,0.9133890553041691
233.56799999999998,48.656,-6.5,233.788,48.668,-8.9,233.607,48.799,-8.9,0,3.262501431539845,22.66137869951669,12.11231176852682,32.74945384558909,0.2686081149600407,0.691511058509812
235.423,41.609,-6.5,235.451,41.433,-6.5,235.601,41.536,-8.8,0,3.9857634674526388,10.251336960994246,6.719305062293472,17.918029202710187,0.609744329434132,0.572584897027562
234.392,48.043,-8.7,234.287,47.911,-6.5,234.497,47.876,-8.7,0,0.030966239306388615,29.19483026875022,-0.5215478071474458,33.666514544608475,-0.0030152074069181196,0.866929110524935
234.832,46.913,-6.5,235.046,46.843,-8.8,234.969,47.028,-8.7,0,-0.4226590131731507,28.418675847256253,-4.619711872171836,31.404379941113604,0.08290030437604538,0.9047823762647784
235.086,45.504,-6.5,235.1,45.327,-6.5,235.26999999999998,45.42,-8.9,0,-9.129177375576838,21.501649356671397,-12.856014807643163,24.804893531557486,0.7035184723324307,0.8655139444858462
235.285,45.061,-8.9,235.125,44.972,-6.5,235.286,44.882,-8.9,0,-10.32814080270728,18.41804851522425,-14.453369692783625,22.60521760128282,0.7089583669943836,0.8129437164628733
235.437,40.531,-11.5,235.53,40.696,-11.5,235.369,40.642,-9.0,0,-4.948654746854611,11.813872291705469,-7.782897975022621,22.37500321668827,0.5993828317739015,0.5234869539180479
235.26999999999998,45.42,-8.9,235.1,45.327,-6.5,235.27800000000002,45.242,-8.9,0,-9.533389234802131,20.305270566038935,-13.552841505192976,24.117208225084955,0.6969714028639931,0.8404027480923894
235.423,41.609,-6.5,235.601,41.536,-8.8,235.55700000000002,41.719,-8.7,0,3.995845163798155,9.28921129927979,7.236884966667674,17.198326846322118,0.5667120462889369,0.5411250358279054
235.451,41.433,-6.5,235.44799999999998,41.256,-6.5,235.611,41.343,-8.7,0,2.10600820130527,11.862097554317419,3.4724708441553105,19.695347642210493,0.6441665239604921,0.6018863064474057
233.56799999999998,48.656,-6.5,233.739,48.518,-6.5,233.788,48.668,-8.9,0,2.6519364487643853,24.15421190571246,10.34903522772733,33.197218129395125,0.2550501001114133,0.7271312128977755
235.1,45.327,-6.5,235.113,45.15,-6.5,235.27800000000002,45.242,-8.9,0,-9.45705045539277,20.804422841454198,-13.003774378022904,24.255294460400115,0.7208378176517879,0.8563682016557319
233.824,48.823,-11.5,233.632,48.952,-11.5,233.607,48.799,-8.9,0,3.474914871123538,19.643311874090784,13.413735050539024,32.418386202718665,0.25869264958968063,0.6055418145104088
234.173,48.072,-6.5,234.287,47.911,-6.5,234.392,48.043,-8.7,0,0.0612629099713722,29.143220569367653,1.236968428524177,33.762199434097276,0.027000008611493282,0.8629192839145969
234.688,47.254,-6.5,234.887,47.204,-8.7,234.793,47.377,-8.7,0,-0.07109367975943835,30.076761887107416,-0.04309256878563872,32.78832301455857,-0.04035668725525192,0.9174142103559012
235.269,40.744,-6.5,235.239,40.568,-6.5,235.369,40.642,-9.0,0,0.12333502434418435,13.238862957756881,0.6177589788783564,23.696488726158435,0.6720669072954633,0.5560945665743402
235.312,40.919,-6.5,235.269,40.744,-6.5,235.453,40.839,-9.1,0,-0.9463854045011507,14.115084607246347,-1.021626670441492,22.597632242925272,0.6935487462330114,0.6224712364818767
234.769,47.085,-6.5,234.832,46.913,-6.5,234.969,47.028,-8.7,0,-0.22365897690523595,29.09722003879734,-4.901034678060245,31.646720033723533,0.04028660416147982,0.9193828942046516
235.27800000000002,45.242,-8.9,235.113,45.15,-6.5,235.285,45.061,-8.9,0,-9.785768049679389,19.55384527403445,-13.700563364545946,23.550992494408916,0.7080301917197476,0.8286496155493677
233.607,48.799,-8.9,233.632,48.952,-11.5,233.42000000000002,48.929,-8.9,0,3.628224227441389,20.267287699331536,12.82166371158043,32.78200087234121,0.28261185555986684,0.617903236916004
235.113,45.15,-6.5,235.125,44.972,-6.5,235.285,45.061,-8.9,0,-9.652478123967386,20.019700847732096,-13.157182735033103,23.696777387519276,0.7275030648051137,0.8433610093662393
234.287,47.911,-6.5,234.389,47.747,-6.5,234.497,47.876,-8.7,0,0.04610511993264795,29.86110650454447,-0.7515531028418359,33.55926383781606,-0.022027166141360553,0.8896101765019436
233.632,48.952,-11.5,233.439,49.079,-11.5,233.42000000000002,48.929,-8.9,0,3.875362151713865,18.913695652944973,13.688076619528118,32.577031388191344,0.2829613475423646,0.5803158855795545
235.389,41.785,-6.5,235.55700000000002,41.719,-8.7,235.523,41.862,-8.7,0,3.9131362424524094,8.58884375516103,7.757289042190649,16.128331756045185,0.5183308396590491,0.5348897443669473
235.125,44.972,-6.5,235.126,44.795,-6.5,235.286,44.882,-8.9,0,-10.645593484083186,18.544532429041844,-14.572656921831705,22.35455089386874,0.7253376823692701,0.8278630556036682
235.389,41.785,-6.5,235.423,41.609,-6.5,235.55700000000002,41.719,-8.7,0,3.99293185333986,9.364011200884228,7.258374414872037,16.822556059355918,0.5651555915999102,0.5582528707120618
235.126,44.795,-6.5,235.123,44.617,-6.5,235.28300000000002,44.702,-8.9,0,-7.714855614256584,17.14385640991103,-10.78640237527297,21.153619234203177,0.7148522615836417,0.8101458040797513
235.497,43.155,-11.5,235.34199999999998,43.238,-9.3,235.35899999999998,43.059,-9.3,0,-1.8110573668362995,14.680556983297084,-8.33135988108937,23.46527184208483,0.21703050795617648,0.6250780477817155
235.123,44.617,-6.5,235.122,44.439,-6.5,235.28199999999998,44.525,-8.9,0,-7.328059057986838,16.89100061524979,-10.550537820687225,21.4118471162989,0.6940302426188173,0.7885020607222388
233.39100000000002,48.789,-6.5,233.56799999999998,48.656,-6.5,233.607,48.799,-8.9,0,3.379311671238084,23.103620179771486,11.450328472907934,33.11249655943125,0.2943418795173458,0.6973236397802671
233.439,49.079,-11.5,233.24599999999998,49.207,-11.5,233.232,49.058,-8.9,0,4.023512605689662,18.39034784839422,13.537321363410598,32.91115292632835,0.2972009217751961,0.5586200008537889
235.122,44.439,-6.5,235.12,44.262,-6.5,235.28,44.348,-8.9,0,-7.083250794488218,16.447707025281463,-10.671974368239631,21.49137161785403,0.6630353135459018,0.7648942430643733
234.594,47.42,-6.5,234.793,47.377,-8.7,234.689,47.543,-8.7,0,0.05912541431405999,30.275232142927802,-0.5639308473599449,33.044098331980365,-0.06570543309867494,0.9161061472711247
234.688,47.254,-6.5,234.769,47.085,-6.5,234.887,47.204,-8.7,0,-0.014181266337913839,30.0162755583521,-1.8247690714730034,32.489340168910076,-0.01991933721451898,0.923941030616669
235.286,44.882,-8.9,235.126,44.795,-6.5,235.28300000000002,44.702,-8.9,0,-10.556641916608758,17.36501107808303,-14.940830535635392,21.785328497245654,0.7015104893242686,0.7950386165202142
234.497,47.876,-8.7,234.389,47.747,-6.5,234.591,47.714,-8.7,0,0.1033471540755671,29.792012911016613,-1.6949655151629113,33.40857008332486,-0.04343275071005943,0.8915695537513044
235.405,41.082,-6.5,235.312,40.919,-6.5,235.495,40.956,-8.9,0,-4.9759550729646085,13.367434676713172,-6.917619309842678,20.717785270445987,0.6920492149852627,0.6428930778715574
235.28300000000002,44.702,-8.9,235.123,44.617,-6.5,235.28199999999998,44.525,-8.9,0,-7.23370744611568,16.514941364085185,-10.565372705214173,21.346686271718866,0.6841840622248426,0.7732760279272745
233.24599999999998,49.207,-11.5,233.05200000000002,49.335,-11.5,233.049,49.181,-8.9,0,4.097997027153799,17.956246894470162,13.578875428913502,33.145302395191706,0.3018773741475415,0.5416288164324334
235.12,44.262,-6.5,235.124,44.084,-6.5,235.28,44.168,-8.8,0,-6.188180929795284,16.30210593918554,-9.944061802057547,21.969313287808347,0.6214062693315698,0.7415635139493837
235.122,44.439,-6.5,235.28,44.348,-8.9,235.28199999999998,44.525,-8.9,0,-7.017269175711227,16.032820241387448,-10.685872313491856,21.42657587410443,0.6560549921839567,0.7478204260822504
233.39100000000002,48.789,-6.5,233.607,48.799,-8.9,233.42000000000002,48.929,-8.9,0,3.8343458823091674,21.769444566739395,12.69751096070888,32.80396928340773,0.30150002691915,0.6632582492013399
233.42000000000002,48.929,-8.9,233.439,49.079,-11.5,233.232,49.058,-8.9,0,3.9351213043628834,19.593710556242005,12.982697850733034,32.99369116846906,0.30293242496402034,0.593627662068849
235.537,42.797,-11.5,235.38,42.89,-9.3,235.404,42.706,-9.3,0,0.8313567321610191,7.24041312204439,5.596308289671015,11.976789358879842,0.17426781978790382,0.6159592400963954
235.49200000000002,42.189,-9.3,235.314,42.136,-6.5,235.505,42.02,-9.0,0,2.572105980219488,8.231180864220162,6.992001215416423,14.842794220622494,0.3868219161430787,0.5602321484571623
234.389,47.747,-6.5,234.49200000000002,47.584,-6.5,234.591,47.714,-8.7,0,0.05550718018880611,30.318315384771033,-0.5092785234856656,33.36633175716954,-0.05498052141389719,0.9085107310532629
235.28,44.168,-8.8,235.124,44.084,-6.5,235.281,43.989,-8.8,0,-5.893769455376884,15.313273643029815,-10.324516799123401,21.875758832842834,0.569873589188267,0.6994534601013185
235.461,42.355,-9.3,235.59199999999998,42.439,-11.5,235.43200000000002,42.53,-9.3,0,1.2229584973136292,7.511565682198777,6.0999084012395315,13.51187383612978,0.2239780239127865,0.5650908358556324
235.35,41.961,-6.5,235.389,41.785,-6.5,235.523,41.862,-8.7,0,3.7920386081850377,8.820043752772925,7.656425647862676,15.81966033258314,0.5104611362562943,0.5606599663736219
235.124,44.084,-6.5,235.128,43.906,-6.5,235.281,43.989,-8.8,0,-5.685085244176141,16.00086848087797,-9.94182835305486,22.116695940184925,0.5707869572432942,0.7229613670172779
235.43200000000002,42.53,-9.3,235.562,42.618,-11.5,235.404,42.706,-9.3,0,0.9709997740881534,7.420230652063983,5.976960870761616,12.690668062526441,0.1872015866153093,0.5952987858234704
234.594,47.42,-6.5,234.688,47.254,-6.5,234.793,47.377,-8.7,0,-0.0937597738927738,30.54956832527165,0.42529711929427094,33.04654914351179,-0.05653452560121956,0.9245197565668576
235.517,42.976,-11.5,235.35899999999998,43.059,-9.3,235.38,42.89,-9.3,0,0.888428594935465,6.835131586639101,5.491749413802921,11.143538930571111,0.18553039591085707,0.6251840542512932
235.14,43.551,-6.5,235.14600000000002,43.373,-6.5,235.293,43.465,-8.8,0,-3.8381242436553045,16.254138477733964,-9.685727630338775,22.65663147174341,0.3952511575499036,0.7169272134097922
235.53,40.696,-11.5,235.62900000000002,40.86,-11.5,235.453,40.839,-9.1,0,-5.244064112690065,12.29603876505828,-8.263874784960791,21.069310940110114,0.6062658977985192,0.5801408276312768
235.281,43.989,-8.8,235.128,43.906,-6.5,235.28199999999998,43.815,-8.8,0,-5.33794063256489,15.115383963207835,-10.320835024001383,22.023623854238892,0.5161013609749496,0.6857491831067726
235.517,42.976,-11.5,235.497,43.155,-11.5,235.35899999999998,43.059,-9.3,0,0.8127878356663765,6.31793039316652,5.175698534113025,10.794708461439996,0.17938326840120286,0.5973323942595604
233.209,48.92,-6.5,233.39100000000002,48.789,-6.5,233.42000000000002,48.929,-8.9,0,3.9093858195948936,22.23218274128414,12.087100642875182,33.16171663855977,0.32293433505056424,0.6700899291354547
235.128,43.906,-6.5,235.13299999999998,43.729,-6.5,235.28199999999998,43.815,-8.8,0,-5.065404401435974,15.938574411051226,-9.812221460092658,22.32159769209491,0.5150794640138909,0.7135194411392762
235.49200000000002,42.189,-9.3,235.626,42.261,-11.5,235.461,42.355,-9.3,0,1.6600002428032339,7.438180717052044,6.4199542646738905,14.224242279201718,0.27917287400098895,0.5303801589674034
234.591,47.714,-8.7,234.49200000000002,47.584,-6.5,234.689,47.543,-8.7,0,0.14992619050877146,30.14964599798258,-1.8621079493261181,33.203491924057104,-0.06584041176152637,0.9078961176936977
235.14,43.551,-6.5,235.293,43.465,-8.8,235.288,43.633,-8.8,0,-3.9084136165145016,15.471149186595204,-9.788723830581418,22.553050288840367,0.39818324724973164,0.6854452632927345
235.497,43.155,-11.5,235.483,43.335,-11.5,235.34199999999998,43.238,-9.3,0,-1.9063824076106597,13.746167044592227,-8.743196015421773,23.246040473903832,0.217496992713848,0.5907279662120697
235.28,44.348,-8.9,235.12,44.262,-6.5,235.28,44.168,-8.8,0,-5.95691653091043,15.943299740846896,-9.626018186393111,22.059366599021132,0.6179812152904616,0.7222370433912821
235.13299999999998,43.729,-6.5,235.14,43.551,-6.5,235.288,43.633,-8.8,0,-4.355707984050313,16.081922831005176,-9.563221953413404,22.571094759414038,0.4542940917718985,0.7119888816883287
235.66,42.083,-11.5,235.626,42.261,-11.5,235.49200000000002,42.189,-9.3,0,1.7378141797396445,7.04761651648297,6.3379970698361205,14.667589858401584,0.29305964056869166,0.48689768322475513
235.626,42.261,-11.5,235.59199999999998,42.439,-11.5,235.461,42.355,-9.3,0,1.3262277373870104,7.090402586368443,6.290899715686521,13.819155423670566,0.23169799877356975,0.5215281505583196
235.537,42.797,-11.5,235.517,42.976,-11.5,235.38,42.89,-9.3,0,0.6927516059630033,6.787197917878786,5.201098616116354,11.652364465438012,0.15856641826713516,0.594385000796261
234.49200000000002,47.584,-6.5,234.594,47.42,-6.5,234.689,47.543,-8.7,0,0.07437631610981109,30.516811049698834,-0.7404052052469368,33.16617129090737,-0.06783854345155003,0.9200173323382205
233.209,48.92,-6.5,233.42000000000002,48.929,-8.9,233.232,49.058,-8.9,0,4.167634936567556,21.061535089078518,12.863308313073123,33.00959429635421,0.3237117153840531,0.637770026150311
235.59199999999998,42.439,-11.5,235.562,42.618,-11.5,235.43200000000002,42.53,-9.3,0,0.9587485829106192,7.1385000193819135,5.941391399403727,13.096875997443362,0.18484159690556962,0.5551641561008598
235.562,42.618,-11.5,235.537,42.797,-11.5,235.404,42.706,-9.3,0,0.7484900581602245,7.051928710597677,5.5596414826511875,12.384792924006547,0.1598693891811718,0.5806889500900229
233.025,49.051,-6.5,233.209,48.92,-6.5,233.232,49.058,-8.9,0,4.162559683803313,21.55920523993027,12.22118940407065,33.38303732752288,0.3402804522288852,0.6455592884850557
235.28199999999998,43.815,-8.8,235.13299999999998,43.729,-6.5,235.288,43.633,-8.8,0,-4.460275570103035,15.310958034748483,-9.719874057960112,22.442672545857576,0.4576926156728852,0.6816554979339129
232.848,49.185,-6.5,233.025,49.051,-6.5,233.049,49.181,-8.9,0,3.882972425021524,21.240412008776623,11.2113925659336,34.042258125743906,0.346024444579158,0.623728259125837
233.232,49.058,-8.9,233.24599999999998,49.207,-11.5,233.049,49.181,-8.9,0,4.149726197677927,19.006629100986167,13.259171486175733,33.1396089830957,0.31294669592230084,0.5733716404988652
235.239,40.568,-6.5,235.437,40.531,-11.5,235.369,40.642,-9.0,0,-2.358087715581342,12.325513232773925,-3.256416338983229,23.919214233304103,0.6288988480992909,0.5115763387004693
233.025,49.051,-6.5,233.232,49.058,-8.9,233.049,49.181,-8.9,0,4.403942720128049,20.44046563294399,13.143724229640762,33.17589830349495,0.3349322857696226,0.6159150441226079
235.495,40.956,-8.9,235.312,40.919,-6.5,235.453,40.839,-9.1,0,-4.009863637999199,13.537051764369043,-5.608315212243042,21.476781613913005,0.6770767682128473,0.6278077354171444
235.62900000000002,40.86,-11.5,235.495,40.956,-8.9,235.453,40.839,-9.1,0,-3.9833176238052,12.972549350319838,-5.975896579787218,21.39379729405988,0.6300192000547906,0.6037525868855675
232.24200000000002,49.807,-9.0,232.184,49.75,-6.5,232.29399999999998,49.76,-8.9,0,2.5238124062092933,19.067351662173404,9.730976576714331,36.290307045544,0.25876555457957184,0.5248726802580941
235.35,41.961,-6.5,235.523,41.862,-8.7,235.505,42.02,-9.0,0,3.4382345069178806,8.248419925686706,7.748681880451059,15.326010274952779,0.4588782966091911,0.5421647057612128
235.66,42.083,-11.5,235.49200000000002,42.189,-9.3,235.505,42.02,-9.0,0,2.1805629800475765,7.446539404745793,6.613544314906989,14.99938657097934,0.3478041372658753,0.501953615480895
235.239,40.568,-6.5,235.2,40.393,-6.5,235.30700000000002,40.454,-9.0,0,-0.7218634128980889,11.276668306351475,-0.5998062967029512,24.86332565397737,0.6328038323626155,0.4498582516403614
232.184,49.75,-6.5,232.34300000000002,49.605,-6.5,232.29399999999998,49.76,-8.9,0,2.182688580778251,19.860654096964716,7.92343579732162,36.55456529271372,0.27441447754437337,0.5428060802511415
235.362,40.361,-11.5,235.437,40.531,-11.5,235.30700000000002,40.454,-9.0,0,-3.600117646013801,10.376043477946892,-5.705287520592179,24.235818200386788,0.5717963343677765,0.4230177913095832
232.486,49.729,-11.5,232.301,49.864,-11.5,232.29399999999998,49.76,-8.9,0,2.8942170956781474,17.478260583625403,11.872894381795295,35.4199115018445,0.2436502296612792,0.49302203100848124
232.301,49.864,-11.5,232.24200000000002,49.807,-9.0,232.29399999999998,49.76,-8.9,0,2.405608053501734,18.217002789939666,9.815198956719513,36.25773908671343,0.2445927329670753,0.501933249627815
236.184,40.566,-16.5,236.152,40.789,-15.1,235.957,40.658,-14.8,0,-3.5957009752226803,6.420628211218611,-15.204316355109853,16.955187740434994,0.22566258268030484,0.37324322147138966
235.66500000000002,40.558,-13.7,235.437,40.531,-11.5,235.589,40.434,-14.4,0,-7.719030604213886,8.277327410017444,-15.124256631300824,18.525343794470068,0.4937635350427805,0.43867432626637787
235.791,41.197,-11.5,235.953,41.067,-13.0,236.07999999999998,41.27,-14.3,0,1.2486985536060642,9.309645177058364,3.175205863407797,20.21017759088261,0.43437041687869077,0.4599395933201276
236.184,40.566,-16.5,236.338,40.699,-16.5,236.152,40.789,-15.1,0,-2.6822730845219813,5.229648101582241,-16.219060955936186,15.837772866917476,0.15727663893330282,0.324923353714783
235.821,41.375,-11.5,235.791,41.197,-11.5,236.07999999999998,41.27,-14.3,0,-0.5100390734390616,9.160711048314667,-0.8512668825699166,19.98115189870046,0.4573434133197226,0.4576867485257582
235.57999999999998,40.297,-16.5,235.762,40.409,-16.5,235.589,40.434,-14.4,0,-7.4993950619892615,5.497255631888166,-18.76763737911989,15.670514243660897,0.3881644885317732,0.3386870160162686
234.252,48.806,-16.5,234.055,48.93,-16.5,234.015,48.696,-11.5,0,2.5526940819107358,16.59257861977715,14.658097245215234,31.79083297727767,0.17379423716143544,0.5214103537476439
234.055,48.93,-16.5,233.824,48.823,-11.5,234.015,48.696,-11.5,0,2.8082548462879973,18.063654796089164,13.760192180216325,32.30784750555888,0.2036820089950137,0.5586310544232574
235.29500000000002,47.575,-16.5,235.091,47.615,-14.3,235.188,47.383,-13.7,0,0.016350766121166364,26.359283458194064,0.10350761219488014,32.84356063125345,-0.0535771222031584,0.8022731995954777
232.701,49.817,-16.5,232.486,49.729,-11.5,232.67000000000002,49.595,-11.5,0,2.834954918061432,15.857885073345143,12.06932176712916,34.817684323344984,0.23495294297457708,0.45522990860969376
232.885,49.684,-16.5,232.701,49.817,-16.5,232.67000000000002,49.595,-11.5,0,2.7248076836609347,14.666418566975073,12.294102151819942,34.63929282584172,0.22179930741849718,0.4232764356237348
235.091,47.615,-14.3,234.988,47.428,-11.5,235.188,47.383,-13.7,0,-0.26491782724247454,27.602204001686264,2.7025618146599726,32.88513009960583,-0.05294219188550569,0.8397547581049296
235.64600000000002,46.902,-16.5,235.578,47.074,-16.5,235.438,46.856,-13.6,0,-0.45486300983089756,20.844116351320114,-2.6780539255400804,31.12939894156426,0.1390360708666364,0.6696255069477951
232.885,49.684,-16.5,232.67000000000002,49.595,-11.5,232.858,49.463,-11.5,0,3.186371994605045,15.883025675472714,12.687971138401428,34.35624687171074,0.2512902804447896,0.4621845220259767
235.438,46.856,-13.6,235.578,47.074,-16.5,235.356,47.067,-13.7,0,-0.3138054529965973,22.8093973089527,-1.9935429088555487,31.394063869825914,0.11328463841832016,0.7267278502630867
232.885,49.684,-16.5,232.858,49.463,-11.5,233.07299999999998,49.553,-16.5,0,3.0370242522069804,14.64714227560726,12.911150334176629,34.1728023651006,0.2354597456172465,0.42857536370507754
234.055,48.93,-16.5,233.856,49.052,-16.5,233.824,48.823,-11.5,0,3.058790498022474,15.903657185175964,14.99343267607794,31.919550948702227,0.2038295826967133,0.4978665421678463
233.856,49.052,-16.5,233.632,48.952,-11.5,233.824,48.823,-11.5,0,3.165239133563026,17.470325593674556,13.568555413292508,32.695001752290175,0.2330445273716518,0.5340023097612503
233.07299999999998,49.553,-16.5,232.858,49.463,-11.5,233.05200000000002,49.335,-11.5,0,3.595873121547326,15.83843971549254,13.68368989852923,33.73291568395487,0.26301341141706597,0.4694702702932848
233.26600000000002,49.426,-16.5,233.05200000000002,49.335,-11.5,233.24599999999998,49.207,-11.5,0,3.6710764264977875,16.02479464332465,13.721584231413384,33.47062761791192,0.2677360392613228,0.47872397685116613
233.26600000000002,49.426,-16.5,233.07299999999998,49.553,-16.5,233.05200000000002,49.335,-11.5,0,3.366854719366794,14.589884944026299,13.827064270868853,33.577473646524325,0.24376915178297084,0.43450639322001816
233.45999999999998,49.299,-16.5,233.26600000000002,49.426,-16.5,233.24599999999998,49.207,-11.5,0,3.421903099404268,14.782924342316994,13.941542430563505,33.27904674185873,0.2456652923820016,0.4441805330018719
233.45999999999998,49.299,-16.5,233.24599999999998,49.207,-11.5,233.439,49.079,-11.5,0,3.624886850457776,16.393291483965406,13.681853844838333,33.233748730261354,0.2650425772442517,0.4931695921675767
233.856,49.052,-16.5,233.65699999999998,49.175,-16.5,233.632,48.952,-11.5,0,3.3554587966660554,15.397419025091274,14.845839445263284,32.301889785670284,0.2260049751537117,0.4764427454061961
233.65699999999998,49.175,-16.5,233.45999999999998,49.299,-16.5,233.439,49.079,-11.5,0,3.4913886570816195,15.01232625338586,14.55144898460167,32.730108388976724,0.24006168634308164,0.45856181980982297
233.65699999999998,49.175,-16.5,233.439,49.079,-11.5,233.632,48.952,-11.5,0,3.5084136076747865,16.831493075825527,13.836809056374527,32.880309766581135,0.2535193509416206,0.5116952099808636
235.872,40.885,-13.0,235.62900000000002,40.86,-11.5,235.765,40.729,-13.2,0,-6.259890303191239,9.949851643033517,-12.238541710857533,18.525714657493914,0.49514698937351503,0.5329782061282835
235.762,40.409,-16.5,235.66500000000002,40.558,-13.7,235.589,40.434,-14.4,0,-6.730101956703211,7.293426864160246,-15.784324747943714,18.110361431597276,0.4107953155488572,0.3940743955481066
236.07999999999998,41.27,-14.3,235.953,41.067,-13.0,236.171,41.092,-14.8,0,1.7144426769709786,8.06191017383436,5.180062380224712,19.889603545517076,0.35369463089446534,0.4048404333484923
235.872,40.885,-13.0,235.765,40.729,-13.2,235.98399999999998,40.797,-14.1,0,-5.574622897517116,8.940218770826489,-12.954127988584787,18.06798676687113,0.41561683170480596,0.49048364076987666
235.821,41.375,-11.5,236.07999999999998,41.27,-14.3,236.01600000000002,41.447,-14.3,0,3.405874988802342,7.000688730462783,8.662950033491882,17.577912314689286,0.40380199062929045,0.3981580944387583
235.999,41.908,-16.5,235.704,41.907,-11.5,235.902,41.803,-14.4,0,1.983106343761291,5.332294311781377,6.696846180860646,15.933779505311435,0.30858844691354953,0.3371663841201595
235.704,41.907,-11.5,235.999,41.908,-16.5,235.813,42.029,-13.8,0,1.7031174226077406,5.443550881721913,6.154413231952333,15.782852377721895,0.29080410138272483,0.3481757114764941
235.503,46.651,-13.7,235.697,46.726,-16.5,235.438,46.856,-13.6,0,-1.3228026232827588,19.97116374702833,-6.030221923887684,30.15298838213587,0.20876204074108665,0.6614780347113287
235.697,46.726,-16.5,235.64600000000002,46.902,-16.5,235.438,46.856,-13.6,0,-1.0703257605696777,19.370722864149798,-5.580808989071237,30.407417092359392,0.17988227885931163,0.636569065819087
235.578,47.074,-16.5,235.49200000000002,47.243,-16.5,235.356,47.067,-13.7,0,-0.0847062420349898,22.84133050321987,0.30645788206773616,31.767339418587515,0.0709079406350548,0.7195612717134061
235.356,47.067,-13.7,235.49200000000002,47.243,-16.5,235.27800000000002,47.225,-13.7,0,-0.11379304701502009,24.507009220679183,-0.2224980175559672,31.982689511421032,0.04479120510385411,0.7667957971301246
235.975,40.484,-16.5,236.184,40.566,-16.5,235.957,40.658,-14.8,0,-4.749130480997486,3.8271540590388833,-20.835088593559846,10.352343704133219,0.22220768294634424,0.35755637191154654
235.53,40.696,-11.5,235.437,40.531,-11.5,235.66500000000002,40.558,-13.7,0,-4.679973488404538,10.968780447100404,-8.13565110359059,22.018235257191876,0.539586904373233,0.4934961516896053
235.537,46.492,-13.8,235.739,46.55,-16.5,235.503,46.651,-13.7,0,-2.5375037026759197,17.882576907257224,-9.242516367472824,28.792683208620073,0.2684938617869498,0.6193385241390258
235.27800000000002,47.225,-13.7,235.39600000000002,47.41,-16.5,235.188,47.383,-13.7,0,-0.13621900507561152,25.691532149712806,1.6953034593835703,32.42213961604732,-0.009781501147065023,0.7930153771817097
235.49200000000002,47.243,-16.5,235.39600000000002,47.41,-16.5,235.27800000000002,47.225,-13.7,0,-0.09781710601273039,24.307764515494338,1.962183846174682,32.20177206584609,0.012419097092085055,0.7555581914336595
235.739,46.55,-16.5,235.697,46.726,-16.5,235.503,46.651,-13.7,0,-1.7359571161303105,17.376657815640996,-7.018294146082688,29.587459891429926,0.2388004795396484,0.5859207849960723
235.72199999999998,41.026,-11.5,235.62900000000002,40.86,-11.5,235.872,40.885,-13.0,0,-4.350453466271417,11.252512424361115,-7.8859080814329445,20.252421378506682,0.5266581120180825,0.55295110539301
235.767,42.348,-14.2,235.626,42.261,-11.5,235.814,42.16,-14.3,0,1.1412005282803575,5.812505590628281,6.161660804970637,14.252487663290594,0.20218801216683585,0.41498975717569897
235.924,42.261,-16.5,235.767,42.348,-14.2,235.814,42.16,-14.3,0,0.8727903817295598,5.039046628492507,5.8257886751880505,14.31610424368958,0.1655442387219615,0.35871041265262854
235.39600000000002,47.41,-16.5,235.29500000000002,47.575,-16.5,235.188,47.383,-13.7,0,-0.22878097375035894,25.340449158753863,2.8837881187221903,32.622172199429386,-0.03488659234657215,0.7774274291446797
235.765,40.729,-13.2,235.957,40.658,-14.8,235.98399999999998,40.797,-14.1,0,-5.533802576697067,8.138610923060105,-14.357876043940934,17.432971580851586,0.37199552730475055,0.46156927964582745
234.882,47.593,-11.5,235.091,47.615,-14.3,234.99599999999998,47.78,-14.3,0,0.12022202516734323,27.51901950128634,-1.3007436747726562,33.06875663284653,-0.07229046556436095,0.831899498496208
235.798,41.554,-11.5,235.821,41.375,-11.5,236.01600000000002,41.447,-14.3,0,2.0752698956321622,7.766845626344104,4.9203528466241835,18.571829936493202,0.441617351170262,0.4181517008930621
234.79000000000002,47.762,-11.5,234.882,47.593,-11.5,234.99599999999998,47.78,-14.3,0,0.1837709855180439,27.964060875994463,-2.1715927659426537,33.13366017454571,-0.0717517538991238,0.8437165494505336
234.79000000000002,47.762,-11.5,234.99599999999998,47.78,-14.3,234.899,47.95,-14.3,0,0.12241964727002,27.056141857964473,-1.4332259713034148,33.30048318600717,-0.06599608216283055,0.8121473870131257
235.953,41.067,-13.0,235.72199999999998,41.026,-11.5,235.872,40.885,-13.0,0,-3.120649001472538,10.644422074948281,-6.194666230661568,20.437999483805456,0.4751837275718847,0.5187355061874125
235.791,41.197,-11.5,235.72199999999998,41.026,-11.5,235.953,41.067,-13.0,0,-2.7728347339139146,10.620753848264297,-5.202254011227666,20.213985220517728,0.5026802715074101,0.5237790774700983
234.882,47.593,-11.5,234.988,47.428,-11.5,235.091,47.615,-14.3,0,0.0093077743543727,28.18508582344452,0.21142125019489733,32.98682320110119,-0.06594992085564527,0.854215728316482
234.699,47.931,-11.5,234.79000000000002,47.762,-11.5,234.899,47.95,-14.3,0,0.1584554201894915,27.339128980798613,-2.329974405463288,33.36210172697549,-0.05550973707206869,0.8191388240480331
235.764,45.835,-16.5,235.59199999999998,45.948,-13.8,235.61700000000002,45.743,-14.1,0,-5.8761684099344444,14.885283094249187,-12.856645187319877,25.421423204225757,0.4507342765729083,0.5824802190719166
236.338,40.699,-16.5,236.372,40.874,-16.5,236.152,40.789,-15.1,0,-0.6163061946113538,6.909877445718459,-3.090838045668761,21.9669915271852,0.15467143598116603,0.3130007591671515
235.59199999999998,45.948,-13.8,235.452,45.851,-11.5,235.61700000000002,45.743,-14.1,0,-6.509307760698409,16.859457830991428,-13.081354075552259,25.438735556679237,0.49113400301800836,0.6598902605861854
234.699,47.931,-11.5,234.899,47.95,-14.3,234.80200000000002,48.108,-14.3,0,0.04176130482170076,26.192023490597894,-0.37371203796304897,33.57623656277997,-0.040455685704029104,0.7796543865368946
235.798,41.554,-11.5,236.01600000000002,41.447,-14.3,235.95999999999998,41.624,-14.4,0,3.2350745298894816,6.245632375769101,8.394552427138365,16.84191353154239,0.39538525761686666,0.37118986106965035
235.753,46.371,-16.5,235.739,46.55,-16.5,235.537,46.492,-13.8,0,-3.338525038896991,15.375413112756387,-11.47142527945459,27.64352351404202,0.2863739301004326,0.553968576573778
235.753,46.371,-16.5,235.537,46.492,-13.8,235.561,46.308,-13.8,0,-3.330627691536234,16.78555481810529,-10.200410521565985,28.008469299284723,0.3207119541994896,0.5968703211809723
234.601,48.098,-11.5,234.699,47.931,-11.5,234.80200000000002,48.108,-14.3,0,0.052240162743784874,26.3961342010981,-1.1197233003399685,33.66960053314202,-0.02225203832659363,0.7835598073041783
235.53,40.696,-11.5,235.66500000000002,40.558,-13.7,235.765,40.729,-13.2,0,-6.840935065959394,9.684872660724603,-13.137366085011365,18.955183597238666,0.5027027930830738,0.5052490358244277
232.52100000000002,49.954,-16.5,232.411,49.909,-14.0,232.527,49.856,-14.7,0,2.1964940296187696,14.52876417489083,11.21832891889003,35.31528328496037,0.1957909424222492,0.41110640070871207
235.75,41.73,-11.5,235.95999999999998,41.624,-14.4,235.902,41.803,-14.4,0,2.813875032032126,5.765452801614833,7.873817698416417,16.199055685581328,0.3679040401930905,0.3572592510510636
235.75,41.73,-11.5,235.798,41.554,-11.5,235.95999999999998,41.624,-14.4,0,2.957492114874917,6.622315412158048,7.331104177074437,16.900997558842278,0.415342325549633,0.3926689617746276
235.957,40.658,-14.8,236.152,40.789,-15.1,235.98399999999998,40.797,-14.1,0,-4.603035964109433,7.07612140630782,-15.030946188417602,16.654242239991625,0.2951875061050619,0.41975706872148266
235.62900000000002,40.86,-11.5,235.53,40.696,-11.5,235.765,40.729,-13.2,0,-4.936197684831738,11.470115572340498,-8.652126059913058,20.85478813289663,0.542667971548234,0.5463129935988674
235.66500000000002,40.558,-13.7,235.762,40.409,-16.5,235.834,40.575,-14.8,0,-7.349874273629717,6.019662665098526,-18.824989418518015,14.414891824548974,0.3803763242513055,0.40699271064685866
235.762,40.409,-16.5,235.975,40.484,-16.5,235.834,40.575,-14.8,0,-6.594600038487064,3.97229024944193,-21.348759989454095,10.344175750860543,0.3026250694017848,0.3688952005882082
234.49099999999999,48.262,-11.5,234.601,48.098,-11.5,234.692,48.276,-14.3,0,0.044055300308108065,25.025368084648015,0.8824808858538304,33.91768847122509,0.02320426907088934,0.7373127427345922
235.757,46.192,-16.5,235.753,46.371,-16.5,235.561,46.308,-13.8,0,-4.3728714232608175,14.390662280078086,-12.962251269204689,26.48681393139564,0.3328133879290271,0.5404700505989042
235.757,46.192,-16.5,235.561,46.308,-13.8,235.577,46.123,-13.8,0,-4.297840764574942,15.984583737731421,-11.408259323288807,27.064292230311167,0.3709902440786028,0.5877302883500054
234.252,48.806,-16.5,234.015,48.696,-11.5,234.25400000000002,48.682,-14.2,0,2.2741550027858275,17.80315986624062,13.9304513928045,31.986522085844292,0.162752809546053,0.5559971563000516
235.975,40.484,-16.5,235.957,40.658,-14.8,235.834,40.575,-14.8,0,-5.485039562996008,6.053344038441437,-17.858572412737885,14.998413824889084,0.2970798582019009,0.39511341070709605
234.692,48.276,-14.3,234.601,48.098,-11.5,234.80200000000002,48.108,-14.3,0,0.02339747312262555,24.914078877736866,0.5924199526786413,33.821419516982765,-0.0010779143909736824,0.7361227000115903
234.56,48.407,-13.8,234.625,48.547,-16.5,234.42000000000002,48.553,-14.1,0,0.7780210639261781,19.637325825664185,9.53108100320571,32.97331674912273,0.08036827900368278,0.5948550037344031
235.704,41.907,-11.5,235.75,41.73,-11.5,235.902,41.803,-14.4,0,2.5587114297243896,6.210247292936094,7.082057828933898,16.132592676731264,0.37386675776310613,0.3871469282377438
232.486,49.729,-11.5,232.701,49.817,-16.5,232.527,49.856,-14.7,0,2.5867210036368142,15.076190958317996,12.034303896804733,34.94146186645496,0.21502442242379582,0.43122372077872473
235.953,41.067,-13.0,236.05700000000002,40.92,-14.1,236.171,41.092,-14.8,0,-0.7822076709109692,8.97887494097876,-1.8321096911103325,21.043838887050015,0.3467418216172108,0.425385017608825
235.999,41.908,-16.5,235.957,42.084,-16.5,235.813,42.029,-13.8,0,1.3104890009396433,4.603088771202981,6.088650622057543,15.456571670494839,0.2282813429635044,0.3013698588437011
235.626,42.261,-11.5,235.66,42.083,-11.5,235.814,42.16,-14.3,0,1.411006674573613,6.248131363886939,5.98763347163171,14.807095797160628,0.2534345617491125,0.4280874712501238
235.75900000000001,46.013,-16.5,235.757,46.192,-16.5,235.577,46.123,-13.8,0,-5.044672364256496,14.030026416384416,-13.244262742136847,25.870849529041536,0.3758240319981094,0.5391902895759292
235.251,46.919,-11.5,235.438,46.856,-13.6,235.356,47.067,-13.7,0,-0.36789262514466553,24.431754835316237,-2.3296017370156896,31.369729126530633,0.12242270826672072,0.7787990569712907
235.75900000000001,46.013,-16.5,235.577,46.123,-13.8,235.59199999999998,45.948,-13.8,0,-4.822382936164978,15.671513508386726,-11.44632661755233,26.59794730345137,0.41489455300768835,0.5861743091874742
234.368,48.422,-11.5,234.56,48.407,-13.8,234.42000000000002,48.553,-14.1,0,0.849129888001279,21.361451402321453,9.22122160214619,33.13575260240047,0.09061932923144186,0.64399998367096
235.924,42.261,-16.5,235.89600000000002,42.439,-16.5,235.767,42.348,-14.2,0,0.5140888110091331,4.851386136368241,4.824254994240562,14.187174061977856,0.12479506821303066,0.34941415148813426
235.356,46.567,-11.5,235.537,46.492,-13.8,235.503,46.651,-13.7,0,-2.652165166812772,20.389904794888903,-9.435322674176515,28.8975502235182,0.2752999657339835,0.7040243821643075
235.622,43.956,-14.0,235.461,43.874,-11.5,235.626,43.781,-14.0,0,-3.21195409894147,9.701380001180935,-10.03619868767673,22.261971916112373,0.31892397686480956,0.4349031265875113
235.69,42.873,-14.1,235.537,42.797,-11.5,235.713,42.695,-14.2,0,0.3491285658102012,5.931622163523093,4.479022224655694,12.280603795628252,0.10351819512620028,0.49489209531415507
235.713,42.695,-14.2,235.562,42.618,-11.5,235.737,42.515,-14.1,0,0.5189332349855313,5.9852183938008,5.393754336684282,12.80527333729313,0.11792307684971873,0.4783610116471848
235.67000000000002,43.056,-14.2,235.517,42.976,-11.5,235.69,42.873,-14.1,0,0.4452933451404065,5.436784764236622,4.996599625434953,11.18112137228735,0.11024156947980039,0.49909347579797375
234.777,48.4,-16.5,234.625,48.547,-16.5,234.56,48.407,-13.8,0,0.4569252825691936,19.659501316452378,8.175743567888485,33.24150571148479,0.0542945131677012,0.5907060963436935
235.642,43.421,-14.1,235.483,43.335,-11.5,235.649,43.242,-14.1,0,-1.68383364870996,10.90881781574843,-9.666848678526534,22.863905558796773,0.17358641833955094,0.4764077246966915
235.957,40.658,-14.8,235.765,40.729,-13.2,235.834,40.575,-14.8,0,-6.7325894567144715,6.869113455613425,-17.40599248151193,14.961704377394199,0.37643923960330233,0.4514360857197187
235.537,42.797,-11.5,235.562,42.618,-11.5,235.713,42.695,-14.2,0,0.525481001329276,6.35280503931811,5.2149312918181465,12.468945752669953,0.12474525944318608,0.5210565447967687
235.764,45.835,-16.5,235.75900000000001,46.013,-16.5,235.59199999999998,45.948,-13.8,0,-5.356468913350203,13.951735033027626,-12.80614886236851,25.6383834185309,0.41241158715086373,0.541034361762144
235.649,43.242,-14.1,235.497,43.155,-11.5,235.67000000000002,43.056,-14.2,0,-1.188790480989376,11.549931952233669,-8.729081625004937,23.397253085554127,0.1359841803554688,0.49299616452333994
235.517,42.976,-11.5,235.537,42.797,-11.5,235.69,42.873,-14.1,0,0.47403445110007364,6.10211212107126,4.854894068763997,11.727387759430087,0.12201936029426552,0.5326686374700853
235.497,43.155,-11.5,235.517,42.976,-11.5,235.67000000000002,43.056,-14.2,0,0.5719867118012946,5.64443530627009,4.825841550578701,10.857119876792723,0.14009117694110226,0.5324447592933791
235.475,43.514,-11.5,235.483,43.335,-11.5,235.642,43.421,-14.1,0,-2.0875108317480597,11.53306783364244,-9.528224424214528,22.84123111326987,0.2182655225870075,0.5042015206399636
235.461,44.053,-11.5,235.461,43.874,-11.5,235.622,43.956,-14.0,0,-3.961951550874518,10.56262618502408,-10.522726451717162,21.954322803512625,0.375440176616342,0.480259054739904
235.309,46.744,-11.5,235.503,46.651,-13.7,235.438,46.856,-13.6,0,-1.3494122131546107,22.353344121259177,-6.303864671157555,30.23579582801944,0.2043739475275445,0.7385386272574922
235.562,42.618,-11.5,235.59199999999998,42.439,-11.5,235.737,42.515,-14.1,0,0.7169796422355791,6.4294618030357995,5.603949064172326,13.192534860523608,0.15009095415786666,0.49754038990586663
236.152,40.789,-15.1,236.372,40.874,-16.5,236.231,40.941,-15.3,0,-1.2673811463254496,7.093166568248005,-5.79570534502372,21.02706190698339,0.19536040091606902,0.33549231884088554
235.781,43.867,-16.5,235.622,43.956,-14.0,235.626,43.781,-14.0,0,-2.6521961624564114,7.87111778170353,-10.064503555713117,22.28840699992047,0.26248250148420127,0.3522353458039334
235.17000000000002,47.09,-11.5,235.356,47.067,-13.7,235.27800000000002,47.225,-13.7,0,-0.12300417954211859,25.925145144446297,-0.5058900125283579,31.95506442455041,0.049288275941437976,0.8116431111207089
235.631,43.603,-14.1,235.475,43.514,-11.5,235.642,43.421,-14.1,0,-2.0103391910217874,10.458518150552212,-9.189028309367501,22.92880081667596,0.21781750447302217,0.455354117789568
235.465,43.694,-11.5,235.475,43.514,-11.5,235.631,43.603,-14.1,0,-2.5072760701480914,11.138718157001128,-9.287640534955841,22.808249421775372,0.2688582520586044,0.4875827969828917
235.082,47.26,-11.5,235.27800000000002,47.225,-13.7,235.188,47.383,-13.7,0,-0.12541580861998375,26.971926994845976,1.4173821157163538,32.40819789326376,-0.007762557133017493,0.8327092931642559
235.461,43.874,-11.5,235.465,43.694,-11.5,235.626,43.781,-14.0,0,-3.2436476564697903,10.687392134728125,-10.034784111910952,22.319389787082088,0.322104022904931,0.4780079685791676
235.466,44.952,-11.5,235.623,44.85,-14.0,235.627,45.031,-14.1,0,-7.6304415459411326,13.765693600007065,-13.537902195916292,22.690433432039182,0.5568956120858604,0.6035295887793135
235.799,43.33,-16.5,235.642,43.421,-14.1,235.649,43.242,-14.1,0,-1.3004163850990804,9.196457115445584,-9.694619603789675,22.8631609395283,0.13361222128838388,0.4015051302159491
235.471,40.329,-14.0,235.57999999999998,40.297,-16.5,235.589,40.434,-14.4,0,-6.21845132001617,7.100294525838046,-13.633267705053555,20.833620012129856,0.4345440622924726,0.3322301542567788
235.537,46.492,-13.8,235.388,46.389,-11.5,235.561,46.308,-13.8,0,-3.5997412119327183,19.218562358186468,-10.471090752265013,28.067203191884804,0.33806027122027016,0.6825127372035485
235.461,44.413,-11.5,235.461,44.233,-11.5,235.622,44.316,-14.0,0,-5.037053508518858,11.429914348995089,-10.522726295047448,21.672714483534435,0.47787846274029827,0.5265833203601581
235.483,43.335,-11.5,235.497,43.155,-11.5,235.649,43.242,-14.1,0,-1.540462546301897,12.201271935593219,-8.770069315464525,23.299844897285908,0.17517017739503965,0.5230036354911745
235.788,43.688,-16.5,235.781,43.867,-16.5,235.626,43.781,-14.0,0,-2.08654420588519,7.112683888870446,-9.71700745235863,22.521242657193625,0.21372584123938224,0.314931486748568
235.459,45.672,-11.5,235.464,45.492,-11.5,235.623,45.569,-14.1,0,-7.505259231891304,17.081755956655154,-13.268601243078624,24.651374261522154,0.5585844488369199,0.6903226112867458
235.78199999999998,44.046,-16.5,235.781,44.225,-16.5,235.62,44.135,-14.0,0,-3.2004297559488273,7.183835187503028,-10.458729166715813,21.892101822787367,0.30513518210351087,0.32720284011369183
235.461,44.053,-11.5,235.622,43.956,-14.0,235.62,44.135,-14.0,0,-3.827575904906541,9.788519506614012,-10.294043442390034,22.01064438260171,0.37079620571215854,0.44382155527197154
235.793,43.509,-16.5,235.788,43.688,-16.5,235.631,43.603,-14.1,0,-1.7167149579031222,7.437806587684563,-9.962982543393764,22.529865618429227,0.17143751601194984,0.32929797301730473
235.462,44.593,-11.5,235.461,44.413,-11.5,235.622,44.494,-14.0,0,-5.553146359768267,12.105402341429917,-10.641132025939257,21.47382651873191,0.5212299728781036,0.5630050076564763
235.626,43.781,-14.0,235.465,43.694,-11.5,235.631,43.603,-14.1,0,-2.8799859516943997,9.744161757623424,-10.712591464718486,22.08514801222445,0.26782696082609747,0.4403708085191774
235.452,45.851,-11.5,235.459,45.672,-11.5,235.61700000000002,45.743,-14.1,0,-6.94898612205669,17.59067099835842,-12.986022048360066,25.293406578910197,0.5282688100599766,0.6927910554887893
235.461,44.233,-11.5,235.461,44.053,-11.5,235.62,44.135,-14.0,0,-4.516656212596345,10.86733458183137,-10.522530830796981,21.81921873180366,0.4282727806469092,0.49721087366027183
235.463,44.773,-11.5,235.462,44.593,-11.5,235.622,44.672,-14.0,0,-5.913833201737377,12.801755175306408,-10.640553756837136,21.33551742111699,0.5553243506406118,0.5993985933539064
235.461,44.413,-11.5,235.622,44.316,-14.0,235.622,44.494,-14.0,0,-4.948166623427993,10.846555032157418,-10.537112202643911,21.60860305314577,0.4688795183304893,0.5011427672374913
235.464,45.492,-11.5,235.623,45.386,-14.1,235.623,45.569,-14.1,0,-7.658944236656632,15.707977202086742,-13.81785722521765,24.018571442150883,0.5474396511700966,0.6512208099948453
235.788,43.688,-16.5,235.626,43.781,-14.0,235.631,43.603,-14.1,0,-2.3314962734276254,7.948155038093111,-10.753684833064298,22.08199641213382,0.21587696621153554,0.3590711727441932
235.082,47.26,-11.5,235.17000000000002,47.09,-11.5,235.27800000000002,47.225,-13.7,0,-0.10019734345358897,27.04260085203303,-0.007359659769456073,32.19363705770065,0.018482840977790824,0.8403494694125015
235.561,46.308,-13.8,235.414,46.21,-11.5,235.577,46.123,-13.8,0,-4.708145803491815,18.24914868615937,-11.663985061087683,27.098612489788746,0.3978488191302725,0.6707728995164708
235.46699999999998,45.312,-11.5,235.469,45.132,-11.5,235.627,45.212,-14.1,0,-8.147509782506067,15.804620282366358,-13.671534528775528,23.43853947782183,0.5889484612406526,0.6716118837062446
235.356,46.567,-11.5,235.388,46.389,-11.5,235.537,46.492,-13.8,0,-2.93676297424756,20.936476365563408,-9.228948138038021,28.784725441749988,0.3119210136334971,0.7255454380782212
235.17000000000002,47.09,-11.5,235.251,46.919,-11.5,235.356,47.067,-13.7,0,-0.18680970976853786,25.87050064982289,-1.1571450912830947,31.69498796838414,0.08364521304622032,0.8163652564697766
235.469,45.132,-11.5,235.466,44.952,-11.5,235.627,45.031,-14.1,0,-8.510579965885327,14.803299189471248,-14.30276051920357,22.543727304431442,0.5885382530141824,0.6537252226110212
235.462,44.593,-11.5,235.622,44.494,-14.0,235.622,44.672,-14.0,0,-5.366877336857199,11.593187721913939,-10.537210902992712,21.470953561387176,0.5087809579689906,0.5392273358021656
235.466,44.952,-11.5,235.463,44.773,-11.5,235.623,44.85,-14.0,0,-8.356569841944744,13.958547039296736,-14.304012464412715,22.028118974369523,0.5780393748837664,0.6304878401459916
235.81,43.151,-16.5,235.799,43.33,-16.5,235.649,43.242,-14.1,0,-0.9271585925393754,8.745013098425634,-9.198179966260028,23.14551198129621,0.10047169766537528,0.37712689305428115
235.953,41.067,-13.0,235.872,40.885,-13.0,236.05700000000002,40.92,-14.1,0,-2.807343452531238,9.71760083149723,-6.606677575176292,20.426408011083453,0.398928609848982,0.47357367285267576
235.62,44.135,-14.0,235.781,44.225,-16.5,235.622,44.316,-14.0,0,-3.8887812180023875,8.268898902710285,-10.802913166000963,21.642984744404828,0.35915193260816153,0.38112923851033115
235.309,46.744,-11.5,235.356,46.567,-11.5,235.503,46.651,-13.7,0,-1.7177513600122656,22.460905487424558,-6.8305195103590925,29.901844839223685,0.24278805924650218,0.7500414985700529
235.781,44.225,-16.5,235.78,44.403,-16.5,235.622,44.316,-14.0,0,-3.685057618238027,7.738947625651064,-10.458830835460375,21.760041184834876,0.35159754923292613,0.3547325404390453
235.463,44.773,-11.5,235.622,44.672,-14.0,235.623,44.85,-14.0,0,-5.746199217879746,12.244321365609956,-10.655906379985154,21.27155387662711,0.5388698134734196,0.5750065887684991
235.793,43.509,-16.5,235.631,43.603,-14.1,235.642,43.421,-14.1,0,-1.5953677079928859,8.67043377014242,-9.216772504873802,22.91776189148588,0.1722244619660862,0.3775285415616041
235.461,44.233,-11.5,235.62,44.135,-14.0,235.622,44.316,-14.0,0,-4.554865302356899,10.126214833230282,-10.774270013028925,21.63288383819014,0.4218886956694098,0.4672170621212074
235.81,43.151,-16.5,235.649,43.242,-14.1,235.67000000000002,43.056,-14.2,0,-0.89069356195537,9.86373121473621,-8.79289610404605,23.371147335467015,0.10115172834705868,0.4213797928897582
235.622,43.956,-14.0,235.78199999999998,44.046,-16.5,235.62,44.135,-14.0,0,-3.213991713972125,7.924908331865456,-10.322562385211981,22.01799967476397,0.310387918288182,0.35899021274194837
234.015,48.696,-11.5,234.197,48.561,-11.5,234.25400000000002,48.682,-14.2,0,2.0106720685329407,19.940471084207566,12.121214278888816,32.565827487117716,0.16510036377212417,0.611709883604645
235.464,45.492,-11.5,235.46699999999998,45.312,-11.5,235.623,45.386,-14.1,0,-7.943993531140215,16.49486417139514,-13.541044065880254,24.012844402881232,0.5795783130827193,0.684315900803245
235.622,44.316,-14.0,235.78,44.403,-16.5,235.622,44.494,-14.0,0,-4.2894857807443785,8.983715598821242,-10.565547894353728,21.627317983762552,0.4053005948329101,0.4145121822635083
235.78,44.403,-16.5,235.779,44.582,-16.5,235.622,44.494,-14.0,0,-4.138542992797249,8.480907043379846,-10.460085343019855,21.622514116724744,0.39505673880966974,0.3913748677352925
235.825,42.973,-16.5,235.67000000000002,43.056,-14.2,235.69,42.873,-14.1,0,0.2776679764229401,4.696143889054718,4.659642118200509,11.22015164166018,0.07935817175433212,0.4312193312796871
235.95999999999998,41.624,-14.4,236.04399999999998,41.732,-16.5,235.902,41.803,-14.4,0,2.3110955931320336,4.970987185223354,7.554707548423394,16.32023527743371,0.3161000238856786,0.30574830121582586
235.623,44.85,-14.0,235.776,44.94,-16.5,235.627,45.031,-14.1,0,-6.733946314272103,11.9211608286433,-13.313655422554273,22.688259975698852,0.49910853991375237,0.5220714364295796
235.781,43.867,-16.5,235.78199999999998,44.046,-16.5,235.622,43.956,-14.0,0,-2.7775123177089958,6.895762804015373,-10.701303706343055,21.917981834764973,0.25861496370348475,0.31368137681586
235.622,44.494,-14.0,235.779,44.582,-16.5,235.622,44.672,-14.0,0,-4.718592193444686,9.760070342039624,-10.56544995484326,21.49002723178303,0.4460757574851501,0.4533792313702068
235.29500000000002,47.575,-16.5,235.19299999999998,47.741,-16.5,235.091,47.615,-14.3,0,0.033110107256444435,25.654767718671035,-0.14237573260609615,32.961915525825844,-0.06648218503225208,0.7779544952387463
235.799,43.33,-16.5,235.793,43.509,-16.5,235.642,43.421,-14.1,0,-1.3137663289190942,8.026745856278195,-9.835692474579872,22.741263725965638,0.1329282047085655,0.3521923016199967
235.388,46.389,-11.5,235.414,46.21,-11.5,235.561,46.308,-13.8,0,-3.9266554842303685,19.924632722940956,-10.194291655945019,27.975148798746236,0.37882085895927137,0.7098959666829108
235.779,44.582,-16.5,235.777,44.761,-16.5,235.622,44.672,-14.0,0,-4.474477771834954,9.291041101587588,-10.341609478930778,21.544940274666587,0.43222002004809257,0.4304867701163079
235.251,46.919,-11.5,235.309,46.744,-11.5,235.438,46.856,-13.6,0,-0.879295625280494,24.1222395272698,-4.9865805469800435,30.773365783761456,0.1633272963337248,0.7834776475300228
236.07999999999998,41.27,-14.3,236.16899999999998,41.387,-16.5,236.01600000000002,41.447,-14.3,0,2.6736433518354192,5.977292336766879,8.284409896591626,17.7827917885096,0.33276929255594834,0.336022918916079
234.197,48.561,-11.5,234.368,48.422,-11.5,234.42000000000002,48.553,-14.1,0,1.2968029398257472,21.18861669993251,10.723515839705298,32.77028971447071,0.11979583681788739,0.6459289774800935
234.988,47.428,-11.5,235.082,47.26,-11.5,235.188,47.383,-13.7,0,-0.14188881337763115,27.900231171630637,1.0656479639031495,32.67478267725413,-0.03249830460589614,0.8542609211462056
235.459,45.672,-11.5,235.623,45.569,-14.1,235.61700000000002,45.743,-14.1,0,-6.88834272410508,16.433011787221428,-12.981977996540067,24.975866080594884,0.523616814213166,0.6551742003794417
235.469,45.132,-11.5,235.627,45.031,-14.1,235.627,45.212,-14.1,0,-7.8771457898128325,14.463389040077251,-13.80826112103443,23.032896708321093,0.5636287032578103,0.6249997527562311
235.869,42.617,-16.5,235.713,42.695,-14.2,235.737,42.515,-14.1,0,0.3421035833365267,5.20507503507393,5.060621327773475,12.847038873990812,0.08754529006499669,0.4158093635489339
235.845,42.795,-16.5,235.69,42.873,-14.1,235.713,42.695,-14.2,0,0.2069616232408394,5.144606603372866,4.132890715926493,12.310049523537714,0.07395722299646681,0.42961789356059965
235.622,44.672,-14.0,235.777,44.761,-16.5,235.623,44.85,-14.0,0,-5.113730685051114,10.47192550864229,-10.683913298098034,21.296477070315788,0.47826443293713206,0.4910409459686879
235.46699999999998,45.312,-11.5,235.627,45.212,-14.1,235.623,45.386,-14.1,0,-7.542927045497158,15.363716612028462,-13.274171882253054,23.842374782173334,0.5610269995124959,0.6416193214353418
235.777,44.761,-16.5,235.776,44.94,-16.5,235.623,44.85,-14.0,0,-4.81486898774248,9.965427605798869,-10.461151056416881,21.35269941226673,0.45996097778299017,0.4660662787626303
235.765,40.729,-13.2,235.66500000000002,40.558,-13.7,235.834,40.575,-14.8,0,-6.201454443193224,8.66280253946801,-14.03037060070102,18.45204253588841,0.42549194761613757,0.4632570423824387
235.091,47.615,-14.3,235.19299999999998,47.741,-16.5,234.99599999999998,47.78,-14.3,0,0.10893236110876588,26.22571559543942,-1.1490333477315247,33.070622000004775,-0.07242341637815619,0.7926699336620809
235.89600000000002,42.439,-16.5,235.869,42.617,-16.5,235.737,42.515,-14.1,0,0.3190120639242948,4.896698874431423,4.716348963453697,13.3662793916763,0.08714784309651576,0.3757958817621927
235.825,42.973,-16.5,235.81,43.151,-16.5,235.67000000000002,43.056,-14.2,0,0.20721747843089255,4.205439958084818,3.832569301573244,11.026034448720793,0.07467972998493023,0.3935304779703681
236.171,41.092,-14.8,236.05700000000002,40.92,-14.1,236.231,40.941,-15.3,0,-0.1529258014618822,8.167283272091572,-0.054724175157559785,21.27380319957993,0.28045024239461286,0.38284871445978325
235.845,42.795,-16.5,235.825,42.973,-16.5,235.69,42.873,-14.1,0,0.16909255701932951,4.579095967592718,4.169657486472431,11.801632773576927,0.06188426588179229,0.4000231066095319
234.899,47.95,-14.3,234.989,48.071,-16.5,234.80200000000002,48.108,-14.3,0,0.034730253595640824,24.736961793714258,-0.23173676960420586,33.58332211611332,-0.041929082717049516,0.7360857390623735
235.869,42.617,-16.5,235.845,42.795,-16.5,235.713,42.695,-14.2,0,0.19869758628373768,4.806729141451517,4.466408824108953,12.563513038151342,0.06527572291509295,0.3936511768551107
235.19299999999998,47.741,-16.5,235.09,47.906,-16.5,234.99599999999998,47.78,-14.3,0,0.01888768966709548,25.42470066298525,0.08493890234715451,33.210626890411454,-0.07217294387129289,0.765143157134459
234.99599999999998,47.78,-14.3,235.09,47.906,-16.5,234.899,47.95,-14.3,0,0.11215056929926273,25.715894707339533,-1.2866032737592104,33.31873119509999,-0.06642462506695182,0.7713995089686141
236.01600000000002,41.447,-14.3,236.103,41.559,-16.5,235.95999999999998,41.624,-14.4,0,2.618967408008462,5.397619480770548,8.00494868602759,17.019244830617055,0.33690484907560175,0.3174222622061414
236.245,41.217,-16.5,236.07999999999998,41.27,-14.3,236.171,41.092,-14.8,0,2.1622332889010836,6.4789867130545655,7.67251908734336,18.900555667118482,0.2938842085210317,0.3425918157551235
235.414,46.21,-11.5,235.441,46.031,-11.5,235.577,46.123,-13.8,0,-4.481161830939311,19.389265137243807,-10.065253942339108,27.57030952537855,0.4379192247370728,0.7006752414140253
235.623,45.386,-14.1,235.76999999999998,45.477,-16.5,235.623,45.569,-14.1,0,-6.864995699889307,13.86399747143938,-13.588282969645949,24.01520319906323,0.49848504323912585,0.5743275693002972
234.368,48.422,-11.5,234.49099999999999,48.262,-11.5,234.56,48.407,-13.8,0,0.23594732547467953,23.53692147407815,3.0295976216553298,34.01264153078661,0.07142573586164824,0.691422170661018
235.776,44.94,-16.5,235.774,45.119,-16.5,235.627,45.031,-14.1,0,-6.385081420755344,11.413152369552234,-13.215000641093859,22.930203998140442,0.47646519894751266,0.49444957821222446
235.768,45.656,-16.5,235.764,45.835,-16.5,235.61700000000002,45.743,-14.1,0,-5.797330125962911,13.571415728902878,-12.937724661753453,25.05049923035297,0.4417533290044848,0.5386864465363773
235.577,46.123,-13.8,235.441,46.031,-11.5,235.59199999999998,45.948,-13.8,0,-5.315805758669325,17.76900489018419,-11.683547102388896,26.63462992298426,0.4484426923425275,0.664320134642439
235.772,45.298,-16.5,235.76999999999998,45.477,-16.5,235.623,45.386,-14.1,0,-6.418715076834048,12.772462856465989,-13.212945023577532,23.917902190402117,0.47896623434655333,0.5310036046763541
234.888,48.237,-16.5,234.777,48.4,-16.5,234.692,48.276,-14.3,0,0.037604107694357077,21.64021749729219,1.3989334632982953,33.88213660823017,0.013006311243567345,0.6380470710535403
235.441,46.031,-11.5,235.452,45.851,-11.5,235.59199999999998,45.948,-13.8,0,-6.1379512621770065,18.231460601582327,-12.434265673114442,26.080940029524562,0.4870777812593811,0.6963257472725434
235.774,45.119,-16.5,235.772,45.298,-16.5,235.627,45.212,-14.1,0,-6.46896506125315,12.171745556551482,-13.212453685083354,23.4343642227418,0.4827587976102383,0.51630022919549
235.59199999999998,42.439,-11.5,235.626,42.261,-11.5,235.767,42.348,-14.2,0,1.0377833566452193,6.359663970210719,5.951694523545797,13.927725930640065,0.19404402260654613,0.46498487097606755
235.09,47.906,-16.5,234.989,48.071,-16.5,234.899,47.95,-14.3,0,0.03696089524946237,24.647973520203262,-0.2092192617748534,33.46403693775332,-0.057152970253007085,0.7360618207982864
235.76999999999998,45.477,-16.5,235.768,45.656,-16.5,235.623,45.569,-14.1,0,-6.218828477819933,13.192946308650614,-13.210380515126047,24.42380433741567,0.4641521626710492,0.5371484515932259
236.245,41.217,-16.5,236.16899999999998,41.387,-16.5,236.07999999999998,41.27,-14.3,0,2.688959264324191,5.5612249325804815,9.463499448528381,17.544471704230602,0.2924800145845145,0.3169169874738905
234.989,48.071,-16.5,234.888,48.237,-16.5,234.80200000000002,48.108,-14.3,0,0.03153350154386427,23.369957225675584,-0.30623231225245995,33.68132237464317,-0.02686942088934459,0.6932871637584014
235.627,45.031,-14.1,235.774,45.119,-16.5,235.627,45.212,-14.1,0,-7.004656978137656,12.650846728413027,-13.579418918175499,23.02838112822852,0.5090581350722262,0.5462029665405539
234.625,48.547,-16.5,234.446,48.681,-16.5,234.42000000000002,48.553,-14.1,0,1.1749090919167327,17.688474671528088,12.233355908493952,32.263950379668884,0.09530020975175921,0.5475433282830339
236.372,40.874,-16.5,236.326,41.049,-16.5,236.231,40.941,-15.3,0,1.068711506887395,6.191414924622516,6.452968344179823,20.41765144029378,0.18103485668085284,0.30305463667642424
235.66,42.083,-11.5,235.704,41.907,-11.5,235.813,42.029,-13.8,0,2.0847245156813434,6.143830177934856,6.905377168372411,15.229024772782878,0.3160690296652018,0.4077196142039731
235.627,45.212,-14.1,235.772,45.298,-16.5,235.623,45.386,-14.1,0,-6.7351495932086225,13.514154333987484,-13.045431808374282,23.830525960899056,0.5091526779805536,0.5641234170799722
235.623,45.569,-14.1,235.768,45.656,-16.5,235.61700000000002,45.743,-14.1,0,-6.182659457568371,14.5020517603813,-12.750443156231295,24.964788982901553,0.4780469476646622,0.5779258227321862
235.957,42.084,-16.5,235.924,42.261,-16.5,235.814,42.16,-14.3,0,0.8383337596654725,4.676416436156863,5.259137525956959,14.95184552357594,0.1750957581889654,0.31806396739448023
236.16899999999998,41.387,-16.5,236.103,41.559,-16.5,236.01600000000002,41.447,-14.3,0,2.5653428649858796,5.208906640705972,8.433118685578421,17.19368305695815,0.31321313368344117,0.303007162783932
236.326,41.049,-16.5,236.245,41.217,-16.5,236.171,41.092,-14.8,0,2.3284370529509433,5.669171556382899,10.065918950955037,18.067747300918484,0.23947176702658357,0.3138739634099813
236.04399999999998,41.732,-16.5,235.999,41.908,-16.5,235.902,41.803,-14.4,0,1.6804823010936039,4.599595969446982,6.369731912596706,16.30796081093129,0.27561922578166753,0.2837533734348346
234.446,48.681,-16.5,234.252,48.806,-16.5,234.25400000000002,48.682,-14.2,0,1.9306924656523592,16.37374506497748,14.412974798224969,31.66574092363149,0.1335018021646499,0.5164591052470046
236.103,41.559,-16.5,236.04399999999998,41.732,-16.5,235.95999999999998,41.624,-14.4,0,2.2838457953437965,4.781340986461914,7.7108010802423905,16.642142646877033,0.3058157939095445,0.2879279569904083
236.05700000000002,40.92,-14.1,236.152,40.789,-15.1,236.231,40.941,-15.3,0,-1.5656444215606549,8.21370457312963,-5.372246561111439,21.090886387717433,0.26237165169226123,0.3874934716336919
234.888,48.237,-16.5,234.692,48.276,-14.3,234.80200000000002,48.108,-14.3,0,0.018645684948776928,23.27382369051219,0.7329656015552981,33.786977810470916,-0.0046980417425741975,0.6882557484200837
236.152,40.789,-15.1,236.05700000000002,40.92,-14.1,235.98399999999998,40.797,-14.1,0,-3.048934450000439,8.41334806628022,-9.53670934347548,19.830799681456625,0.3015788823352256,0.4212711509227979
234.197,48.561,-11.5,234.42000000000002,48.553,-14.1,234.25400000000002,48.682,-14.2,0,1.6607845962716385,19.61149470027103,12.216593162433394,32.403396686725046,0.13513899220443404,0.6045783160943702
234.42000000000002,48.553,-14.1,234.446,48.681,-16.5,234.25400000000002,48.682,-14.2,0,1.5021855504131687,17.986752752479386,12.340280354444593,32.33519626272529,0.12101613347573972,0.5555977737919727
236.05700000000002,40.92,-14.1,235.872,40.885,-13.0,235.98399999999998,40.797,-14.1,0,-3.593387779755756,9.283492705542363,-9.188906514549046,19.87625821692486,0.37113688243429244,0.46413063793984033
235.89600000000002,42.439,-16.5,235.737,42.515,-14.1,235.767,42.348,-14.2,0,0.47213122345509145,5.291752146058722,4.774997131138605,13.823900464575047,0.11927645633246726,0.3914839865825415
235.814,42.16,-14.3,235.66,42.083,-11.5,235.813,42.029,-13.8,0,1.5659629700279714,5.769497482432028,6.350321439738153,15.002698054547437,0.2618577955405501,0.3896680036868943
235.737,42.515,-14.1,235.59199999999998,42.439,-11.5,235.767,42.348,-14.2,0,0.6681422795052179,6.093781495433259,5.1301559240535255,13.785509166599297,0.15227746228010355,0.4510960118323783
234.777,48.4,-16.5,234.56,48.407,-13.8,234.692,48.276,-14.3,0,0.09124632487810251,21.70627761187526,1.9265292546180106,33.96597643124652,0.03766432469354047,0.63841863611865
234.56,48.407,-13.8,234.49099999999999,48.262,-11.5,234.692,48.276,-14.3,0,0.1123661903979684,23.472643858517195,2.0547309515083088,33.992639502147405,0.04469317585492864,0.6899353166660716
235.957,42.084,-16.5,235.814,42.16,-14.3,235.813,42.029,-13.8,0,1.197285420704397,5.016107121991358,5.827616274374151,15.166529710549298,0.2202512421658323,0.3354206927154139
236.326,41.049,-16.5,236.171,41.092,-14.8,236.231,40.941,-15.3,0,0.6940767484558511,6.918687472182106,3.462867135845215,20.821465818047898,0.23207984776448704,0.3317355843286015
232.701,49.817,-16.5,232.52100000000002,49.954,-16.5,232.527,49.856,-14.7,0,2.20227625792143,13.919976435770904,11.469821691226375,35.13714349564236,0.1920826178078142,0.3959403862702216
235.362,40.361,-11.5,235.471,40.329,-14.0,235.437,40.531,-11.5,0,-3.4854533959312097,9.428921412825522,-5.952727294615244,24.043737741473464,0.5272180971751464,0.38683673122671447
232.301,49.864,-11.5,232.486,49.729,-11.5,232.527,49.856,-14.7,0,2.709303473977117,16.168512974839242,11.973093154988135,35.05580327373877,0.2262650371184289,0.46086301411504016
232.411,49.909,-14.0,232.301,49.864,-11.5,232.527,49.856,-14.7,0,2.3642455527281006,15.684556230347425,11.122597282681241,35.35993252561975,0.2124641640041334,0.44320229838639896
235.437,40.531,-11.5,235.471,40.329,-14.0,235.589,40.434,-14.4,0,-6.34822278182228,8.502815472417192,-12.170155911850884,21.084399225514634,0.49712937031034027,0.39587635402685883
236.098,43.033,-21.5,235.81,43.151,-16.5,235.825,42.973,-16.5,0,0.07297568117420662,3.2053404208811576,3.3532780868393672,11.131198669178673,0.04030475616734602,0.2988550176813375
236.161,42.502,-21.5,235.89600000000002,42.439,-16.5,236.185,42.325,-21.5,0,0.12194727101073373,3.127549365731944,3.7431050208618615,14.065234944006193,0.04748509582313671,0.22858356262250243
236.082,43.211,-21.5,235.81,43.151,-16.5,236.098,43.033,-21.5,0,0.044055406049348274,2.403700157026626,3.0909021127735343,10.749018629581286,0.029871420310046064,0.23315021198299013
236.049,45.699,-21.5,236.053,45.877,-21.5,235.764,45.835,-16.5,0,-4.21826082809055,8.367218148410885,-13.501506462612792,24.67993427562624,0.30791775654933956,0.3362204954983319
236.185,42.325,-21.5,235.89600000000002,42.439,-16.5,235.924,42.261,-16.5,0,0.3044353757023071,3.7728374682352417,4.362274935587521,14.336255929209187,0.08543561711735398,0.2694855199528518
234.037,49.172,-21.5,233.856,49.052,-16.5,234.055,48.93,-16.5,0,2.573319029948268,12.71178106080912,15.168793120831069,32.0242351406886,0.1695851938050685,0.3966685870762811
236.209,42.148,-21.5,236.185,42.325,-21.5,235.924,42.261,-16.5,0,0.25241177244954915,3.0589210954601036,3.772688262821447,14.93802862996236,0.08161680274690208,0.2092298047682329
235.764,45.835,-16.5,235.768,45.656,-16.5,236.049,45.699,-21.5,0,-4.730768176231458,10.560895736611988,-12.61414886921639,25.072154211993325,0.36932510056530504,0.4182477867001251
236.082,43.211,-21.5,235.799,43.33,-16.5,235.81,43.151,-16.5,0,-0.5550716747178771,6.543111473628765,-9.235143925883847,23.248877875808844,0.05987379401901869,0.2807782019042873
234.244,49.056,-21.5,234.037,49.172,-21.5,234.055,48.93,-16.5,0,2.3339518593134585,10.983761055690026,16.481143889763356,31.21844979632825,0.14156663260900182,0.3515490138687377
236.067,43.388,-21.5,235.799,43.33,-16.5,236.082,43.211,-21.5,0,-0.43558332217561363,5.027311223432614,-8.727990743740918,23.412452988193138,0.04956095689025461,0.21409773787429712
236.24200000000002,41.972,-21.5,236.209,42.148,-21.5,235.957,42.084,-16.5,0,0.4979967258144653,2.923107231975401,4.569217331480331,15.602820307105219,0.12147647589787651,0.19019542711425397
236.209,42.148,-21.5,235.924,42.261,-16.5,235.957,42.084,-16.5,0,0.5545449089063287,3.650248401128367,4.822490880887528,15.085469022856728,0.12887864935255627,0.2463780722543675
236.24200000000002,41.972,-21.5,235.957,42.084,-16.5,235.999,41.908,-16.5,0,0.9158966831377721,3.516593620092555,5.636424567601097,15.70193586295261,0.17423248262176685,0.22664523382983487
236.049,45.699,-21.5,235.768,45.656,-16.5,236.043,45.522,-21.5,0,-4.546632405976981,8.262245550950249,-13.766949417021959,24.04726652977162,0.3254520581668466,0.340797497054643
236.067,43.388,-21.5,235.793,43.509,-16.5,235.799,43.33,-16.5,0,-0.8546249163022902,5.904827154760825,-9.872411249891897,22.850819170158672,0.08605160730708077,0.2576860356656972
236.27800000000002,41.796,-21.5,236.24200000000002,41.972,-21.5,235.999,41.908,-16.5,0,0.718195163834065,2.8965700999855266,4.867700459506551,16.4065745022819,0.15944554327772711,0.178059586563901
235.768,45.656,-16.5,235.76999999999998,45.477,-16.5,236.043,45.522,-21.5,0,-5.074148784405845,10.32747718401468,-12.895369474105046,24.452774767209004,0.3875062750101823,0.41940844107885583
236.05700000000002,43.566,-21.5,235.793,43.509,-16.5,236.067,43.388,-21.5,0,-0.6969272365353825,4.453029298050091,-9.385638055041639,23.023613829265685,0.07368760428999624,0.1927238218833253
236.27800000000002,41.796,-21.5,236.04399999999998,41.732,-16.5,236.32299999999998,41.622,-21.5,0,1.0287000599950786,3.0341488371666396,5.762808165722092,17.01340574047117,0.18884524007055073,0.17894344716123553
236.37099999999998,41.448,-21.5,236.103,41.559,-16.5,236.16899999999998,41.387,-16.5,0,1.8929082194934284,4.174314418253751,8.055042235724414,17.488989129905093,0.24328634594028756,0.23870958671890438
236.27800000000002,41.796,-21.5,235.999,41.908,-16.5,236.04399999999998,41.732,-16.5,0,1.212245551729026,3.5920356088572998,5.95892364969626,16.492749003475808,0.21445560645434278,0.21911320459549527
236.05,43.744,-21.5,236.046,43.922,-21.5,235.781,43.867,-16.5,0,-1.3456721423536235,3.7147730945875335,-10.146514516825576,22.411376042704603,0.13189575543822385,0.16496089027988703
236.05700000000002,43.566,-21.5,235.788,43.688,-16.5,235.793,43.509,-16.5,0,-1.170765619922827,5.338193987000889,-9.99987608092411,22.664311559961845,0.11635744410758082,0.23475097792046648
236.05700000000002,43.566,-21.5,236.05,43.744,-21.5,235.788,43.688,-16.5,0,-0.994123396143739,3.9808462133789826,-9.769339962535312,22.726842994326375,0.10106405020246148,0.17441774741577584
236.048,44.277,-21.5,235.78,44.403,-16.5,235.781,44.225,-16.5,0,-2.8163014983266983,5.438853304576419,-10.496111020257104,21.867573378072947,0.2676736067453504,0.2478283617710898
236.05,43.744,-21.5,235.781,43.867,-16.5,235.788,43.688,-16.5,0,-1.4780876829797067,4.994973720100267,-9.753432281611424,22.639225250609442,0.15069991640015526,0.21979716918490974
236.32299999999998,41.622,-21.5,236.04399999999998,41.732,-16.5,236.103,41.559,-16.5,0,1.687385378959133,3.777830059063786,7.32096102837059,16.863329044143654,0.23950694711505688,0.2244794638137484
236.04399999999998,44.455,-21.5,235.78,44.403,-16.5,236.048,44.277,-21.5,0,-2.4017193926216494,4.463047279228417,-10.155312247624664,21.994916486191755,0.23596733489128513,0.20210080093406668
236.035,45.344,-21.5,236.043,45.522,-21.5,235.76999999999998,45.477,-16.5,0,-4.820732497669891,8.067214562919968,-14.014893327737177,23.41738205331547,0.33898689369096285,0.34168762133348995
236.047,44.099,-21.5,236.048,44.277,-21.5,235.781,44.225,-16.5,0,-2.151940588947325,3.904808404903856,-10.761431849854887,21.833315577660784,0.1993649126119962,0.17800913984734593
236.32299999999998,41.622,-21.5,236.103,41.559,-16.5,236.37099999999998,41.448,-21.5,0,1.1629275087749238,3.3873469472639917,6.08771102987798,17.816538534810917,0.20100182082109008,0.19022198450038105
236.046,43.922,-21.5,236.047,44.099,-21.5,235.78199999999998,44.046,-16.5,0,-1.7772773769284025,3.6507592652341416,-10.762794546574511,21.97714560694847,0.16445881291022854,0.16528738543809252
236.046,43.922,-21.5,235.78199999999998,44.046,-16.5,235.781,43.867,-16.5,0,-2.027282439096539,4.780772098254414,-10.73860211822219,22.032799046580507,0.18799078166070182,0.21609888993431864
236.047,44.099,-21.5,235.781,44.225,-16.5,235.78199999999998,44.046,-16.5,0,-2.3896254794106087,4.974539508007,-10.496113217749283,22.01190108847301,0.22692130061897806,0.22509116856645026
236.04399999999998,44.455,-21.5,235.779,44.582,-16.5,235.78,44.403,-16.5,0,-3.239058798950178,6.1160668637721916,-10.496977675975529,21.733561417548884,0.3080440678005091,0.28056891600702305
236.038,44.633,-21.5,235.779,44.582,-16.5,236.04399999999998,44.455,-21.5,0,-2.702049590111624,5.155371168579444,-9.914829262286531,21.979216256208744,0.27209096311329933,0.2337965811133842
236.035,45.344,-21.5,235.76999999999998,45.477,-16.5,235.772,45.298,-16.5,0,-5.229038708263533,10.024580474733513,-12.903793075535106,23.981345746595135,0.3990227922273712,0.4150713949573995
236.038,44.633,-21.5,235.777,44.761,-16.5,235.779,44.582,-16.5,0,-3.579523076591518,6.891251134742447,-10.377807608164844,21.66275739782884,0.3445143051194407,0.3173531505121897
236.035,45.344,-21.5,235.772,45.298,-16.5,236.03199999999998,45.166,-21.5,0,-4.680566090364551,7.886428732110529,-13.359638573975758,23.332024805731894,0.34499243558787224,0.33517537054988145
236.034,44.811,-21.5,235.777,44.761,-16.5,236.038,44.633,-21.5,0,-3.0883023994311136,5.817881501640458,-10.159317692088564,21.729925185750957,0.3036641444595878,0.26705112333376313
236.03199999999998,45.166,-21.5,235.772,45.298,-16.5,235.774,45.119,-16.5,0,-5.253375198764918,9.516049127837857,-12.908523692035253,23.49801018339984,0.4007220172659874,0.40193478856345904
236.03199999999998,44.988,-21.5,236.03199999999998,45.166,-21.5,235.774,45.119,-16.5,0,-4.4938765176992375,7.442582548365937,-12.970963145987188,23.072308984078475,0.3409838589071989,0.31963580596951197
236.03199999999998,44.988,-21.5,235.776,44.94,-16.5,236.034,44.811,-21.5,0,-3.40219814408694,6.37703253848705,-10.39866490092649,21.476309750114254,0.3269608698172722,0.29634610270319456
236.034,44.811,-21.5,235.776,44.94,-16.5,235.777,44.761,-16.5,0,-3.9198247486593476,7.5669017961722895,-10.496975547125842,21.467788400635143,0.3731420362367338,0.35181715617633935
236.03199999999998,44.988,-21.5,235.774,45.119,-16.5,235.776,44.94,-16.5,0,-5.140218449572772,8.826963246194968,-12.911039559194712,23.006620501249113,0.3920247781039228,0.38045846529232175
236.062,40.236,-19.4,236.316,40.319,-20.0,236.086,40.389,-18.2,0,-1.4530071260581028,2.9056458163518215,-20.07856405731428,13.956506336681578,0.06585664361471537,0.19820496167614113
236.316,40.319,-20.0,236.062,40.236,-19.4,236.224,40.169,-20.6,0,-0.6665841951708046,2.390774906496302,-19.69657654274991,15.040115144303712,0.02744698645072204,0.15011829820623512
232.72199999999998,50.072,-21.5,232.541,50.085,-19.0,232.703,49.954,-19.1,0,1.393112735579885,10.942009817304312,9.959490501838175,35.68150054950192,0.13993694414767793,0.30651526240385985
235.62099999999998,47.373,-18.8,235.825,47.453,-21.5,235.51600000000002,47.54,-18.8,0,-0.14687540025265308,19.22687897482002,3.9797938109615387,32.11641401598938,-0.0054094927151537705,0.5996930415397022
235.825,47.453,-21.5,235.71699999999998,47.615,-21.5,235.51600000000002,47.54,-18.8,0,-0.22457613586607658,18.176434553309875,5.013934271385832,32.154889752952734,-0.019722418503054725,0.5662780098704887
235.72199999999998,47.203,-18.8,235.926,47.29,-21.5,235.62099999999998,47.373,-18.8,0,0.021386595660987516,17.419152678888928,3.1465008018191227,31.705559626653088,0.043455907599560445,0.5504321799023779
235.51600000000002,47.54,-18.8,235.71699999999998,47.615,-21.5,235.409,47.703,-18.8,0,-0.034364415344734695,20.551653081828942,1.2188698291528706,32.6806110077314,-0.043599478526105025,0.6283511798411968
235.71699999999998,47.615,-21.5,235.607,47.777,-21.5,235.409,47.703,-18.8,0,-0.07472330544485634,19.30997879389146,1.8153733110095391,32.7288597747454,-0.05116287731283283,0.5894438510634832
235.926,47.29,-21.5,235.825,47.453,-21.5,235.62099999999998,47.373,-18.8,0,-0.02360944410703693,16.578919734232823,3.920167774157136,31.802891060357197,0.0237305086735166,0.5223947097858144
235.409,47.703,-18.8,235.607,47.777,-21.5,235.31900000000002,47.843,-18.8,0,-0.037389339690311,20.924588624056007,0.8983505762485251,32.91086544579029,-0.06425759376984384,0.6352451995574009
235.607,47.777,-21.5,235.495,47.938,-21.5,235.31900000000002,47.843,-18.8,0,-0.12335112949136717,19.487967267211275,2.1775777586649188,32.936359050733095,-0.06522103310928065,0.5910899893579602
235.57999999999998,40.297,-16.5,235.74200000000002,40.23,-17.8,235.762,40.409,-16.5,0,-6.4258982165313725,4.570192254926902,-19.13077496458868,15.524704124718077,0.32484393727661365,0.2816210752009321
236.338,40.699,-16.5,236.531,40.705,-19.2,236.54399999999998,40.834,-19.2,0,-0.1998907785286824,4.946369508774418,-1.7125028847322596,22.41796899326647,0.06161209708969345,0.21961926372109503
232.541,50.085,-19.0,232.52100000000002,49.954,-16.5,232.703,49.954,-19.1,0,1.5604887591367143,12.253596581939494,9.817708505909607,35.63990599362191,0.1589179965613196,0.34362225344308733
234.96800000000002,48.394,-18.8,235.043,48.579,-21.5,234.828,48.531,-18.7,0,0.15684338136601378,15.100970701449398,7.1887478573819985,33.214098805615635,0.020411476645046153,0.4539406881395342
236.372,40.874,-16.5,236.338,40.699,-16.5,236.54399999999998,40.834,-19.2,0,-0.4371783818764311,5.498508131344693,-3.509701019668398,21.967807277434645,0.09509172707882532,0.24901083890368073
235.192,48.431,-21.5,235.043,48.579,-21.5,234.96800000000002,48.394,-18.8,0,0.05038917076135765,14.095980425411756,8.165298864242132,32.88011597273051,0.005045415796765162,0.4279982519570044
232.88400000000001,49.928,-21.5,232.72199999999998,50.072,-21.5,232.703,49.954,-19.1,0,1.241988697778175,10.41196475702526,9.107229973023298,35.82869814471924,0.13640516897607322,0.2905260876371931
235.993,47.118,-21.5,235.72199999999998,47.203,-18.8,235.805,47.022,-18.9,0,-0.2268503644081107,15.384263225641334,-1.499526196347528,31.33051848373246,0.09487569793659377,0.4917493274024413
235.993,47.118,-21.5,235.926,47.29,-21.5,235.72199999999998,47.203,-18.8,0,-0.2163015626724485,14.677104809880795,-1.8810048717086403,31.49059216910612,0.07123360694291445,0.4670038575316876
233.07299999999998,49.553,-16.5,233.26600000000002,49.426,-16.5,233.247,49.54,-18.9,0,2.929103844714795,12.704744700458395,13.949507165160822,33.728059709942194,0.21030226725348747,0.3767163325092988
233.26600000000002,49.426,-16.5,233.45999999999998,49.299,-16.5,233.44299999999998,49.413,-19.1,0,2.9818506280099757,12.862252075663882,14.064653869947799,33.57292213303428,0.21228497898794288,0.3831259046280121
232.52100000000002,49.954,-16.5,232.701,49.817,-16.5,232.703,49.954,-19.1,0,2.0232340106980162,12.782054463294784,11.554346751834574,35.066404681414255,0.17524555777960432,0.3643403361601243
235.764,45.835,-16.5,236.053,45.877,-21.5,235.93200000000002,45.97,-19.3,0,-4.652489262870217,9.027970201782377,-14.393637939925714,24.464134361252686,0.3189397550872869,0.3660307247385141
236.38400000000001,40.158,-21.5,236.539,40.291,-21.5,236.316,40.319,-20.0,0,0.3652050146537424,2.003759878873801,-18.228795728977218,16.646739701829425,-0.025102010100839622,0.11508977758458913
233.424,49.525,-21.5,233.238,49.656,-21.5,233.247,49.54,-18.9,0,2.185350265353116,10.32547969883582,13.068219223209748,34.15704629787336,0.16755296209587672,0.30235992239333287
235.762,40.409,-16.5,235.74200000000002,40.23,-17.8,235.93099999999998,40.322,-18.1,0,-4.9345448076936425,4.533242796964244,-18.49848531001345,16.140569412361934,0.2554551581515913,0.2696003111751926
233.623,49.404,-21.5,233.424,49.525,-21.5,233.44299999999998,49.413,-19.1,0,2.5752781469440267,10.033363793883805,15.2903226178039,32.83511654486263,0.16873885728819113,0.30561280838935745
234.888,48.237,-16.5,234.989,48.071,-16.5,235.091,48.264,-19.1,0,0.025350052587081864,21.361355811539966,-0.1613557766133571,33.61655219294799,-0.027214156001674282,0.6348060161396898
232.885,49.684,-16.5,233.07299999999998,49.553,-16.5,233.062,49.668,-18.9,0,2.634674008315652,12.778529538611384,13.036891147924635,34.27832858951009,0.20239062675589495,0.372791303465204
236.16899999999998,41.387,-16.5,236.245,41.217,-16.5,236.293,41.326,-18.8,0,2.211036942856215,4.849543563593112,9.205052324620226,17.822687199589637,0.24788137020924791,0.27205880530799387
235.975,40.484,-16.5,235.762,40.409,-16.5,235.93099999999998,40.322,-18.1,0,-5.449752908503226,3.3890200647036575,-21.76197945424161,10.360960064660361,0.24437708966851873,0.3106630543815466
235.74200000000002,40.23,-17.8,235.904,40.163,-19.1,235.93099999999998,40.322,-18.1,0,-3.7972154458958385,3.570346603416025,-18.68739165168006,16.476354597417078,0.19238828173539702,0.20537624024839835
236.338,40.699,-16.5,236.406,40.536,-18.8,236.531,40.705,-19.2,0,-0.7043675964313179,4.711474655800505,-10.739652629831852,20.315225594439084,0.05546042234038656,0.22923735532351028
234.989,48.071,-16.5,235.18099999999998,48.142,-19.3,235.091,48.264,-19.1,0,0.030934970553057033,20.692517753419803,-0.2670821751642354,33.53538614864006,-0.03888931955061079,0.6163893195822111
236.338,40.699,-16.5,236.184,40.566,-16.5,236.406,40.536,-18.8,0,-1.6037266565766382,4.368741014113113,-16.70823816202443,15.967010093103326,0.08891634451426908,0.26825237208981556
236.035,46.942,-21.5,235.805,47.022,-18.9,235.858,46.841,-18.9,0,-0.7340766395651815,13.22567472691271,-4.746364687337852,30.52643287254219,0.14106960660521353,0.43334027429647465
233.45999999999998,49.299,-16.5,233.65699999999998,49.175,-16.5,233.638,49.289,-19.0,0,3.0487316524883745,12.98637783493567,14.676121421590636,32.951041833310924,0.20792112418441633,0.3940514120162114
233.238,49.656,-21.5,233.058,49.79,-21.5,233.062,49.668,-18.9,0,1.9429207518988139,10.343782909557996,12.153909114694175,34.62254090449545,0.16016560815182998,0.2988086735270282
236.184,40.566,-16.5,235.975,40.484,-16.5,236.086,40.389,-18.2,0,-3.5408076686014915,3.2863146474648404,-21.283977131139466,10.402114778705624,0.16093667845365558,0.3028208337346377
234.828,48.531,-18.7,234.853,48.705,-21.5,234.648,48.684,-19.0,0,0.6708051971181429,13.351918755053612,12.792551587329665,31.826735740517087,0.051930751739075194,0.418834333598489
236.035,46.942,-21.5,235.993,47.118,-21.5,235.805,47.022,-18.9,0,-0.769910055498298,12.520206672961912,-6.115701341018859,30.45808889353336,0.11613319101466156,0.41149720988621785
235.495,47.938,-21.5,235.388,48.101,-21.5,235.23399999999998,48.006,-19.0,0,-0.06197861380084548,18.90442618187145,1.2946923686076754,33.21311290421536,-0.062175491297209534,0.5685413029173267
235.72199999999998,47.203,-18.8,235.578,47.074,-16.5,235.805,47.022,-18.9,0,-0.25899671883442626,18.35264944691076,-1.7812826417415444,31.40624504105563,0.09551910679111666,0.5849975166487632
236.245,41.217,-16.5,236.326,41.049,-16.5,236.37900000000002,41.162,-18.9,0,1.8876022266409953,4.953475180995643,9.803551595172223,18.361610782614775,0.19977298106185257,0.2698724803570023
235.904,40.163,-19.1,236.065,40.095,-20.3,236.062,40.236,-19.4,0,-1.7771740801817903,2.4708170016396873,-18.668127119299157,16.93251173081734,0.08590499845219117,0.13608083669031631
236.227,40.028,-21.5,236.38400000000001,40.158,-21.5,236.224,40.169,-20.6,0,0.2410987820502073,1.4271931461565281,-18.735688549555732,17.08696244001913,-0.018930275736609645,0.07684562616199322
236.184,40.566,-16.5,236.086,40.389,-18.2,236.28,40.451,-18.7,0,-2.227657540206799,3.3769663012173003,-20.35565011176638,12.213539532099546,0.10369692141696549,0.26640078081350754
234.777,48.4,-16.5,234.96800000000002,48.394,-18.8,234.828,48.531,-18.7,0,0.18534083571629362,17.623236322966267,7.205318411250854,33.294933438850215,0.02403800218884596,0.5285763641442541
233.829,49.287,-21.5,233.623,49.404,-21.5,233.638,49.289,-19.0,0,2.648860329056771,9.912266749050378,16.264174525699573,32.0209164426398,0.16309880144415329,0.3095362536432421
236.424,41.274,-21.5,236.37099999999998,41.448,-21.5,236.293,41.326,-18.8,0,1.0601497555674617,3.5597172726559805,6.505067909847639,18.7358173709749,0.17197692488414032,0.18992106410686932
235.805,47.022,-18.9,235.64600000000002,46.902,-16.5,235.858,46.841,-18.9,0,-0.8218276905120185,16.028159813475995,-5.0396413982682375,30.552064556277124,0.14962778719181843,0.5246136106327036
235.043,48.579,-21.5,234.853,48.705,-21.5,234.828,48.531,-18.7,0,0.48156655002116033,12.230871763074655,14.377600922399644,30.99500437074063,0.03311987299857083,0.3939158550233222
232.701,49.817,-16.5,232.885,49.684,-16.5,232.88,49.801,-18.9,0,2.3615992010218947,12.82548151306094,12.422412611763082,34.6783584520102,0.1903480729713556,0.3697720741459124
236.065,40.095,-20.3,236.227,40.028,-21.5,236.224,40.169,-20.6,0,-0.2528081734511057,1.4456186403702556,-19.23431702586177,16.706803346055977,0.006305573104662113,0.078276938462388
236.70999999999998,40.616,-21.5,236.709,40.794,-21.5,236.531,40.705,-19.2,0,-0.05218257139281318,3.0293103991964703,0.04710078940232165,22.63754075746749,0.005538970090481694,0.1333044936766979
236.38400000000001,40.158,-21.5,236.316,40.319,-20.0,236.224,40.169,-20.6,0,0.09555190784253165,1.9285773529206136,-19.54539345773381,15.409219245216349,-0.010274716113128706,0.11789541966697147
235.49200000000002,47.243,-16.5,235.72199999999998,47.203,-18.8,235.62099999999998,47.373,-18.8,0,-0.014039377854308381,20.39913686203839,2.8371951662899697,31.84197396345046,0.0381065128158867,0.6415580512526624
236.531,40.705,-19.2,236.406,40.536,-18.8,236.574,40.557,-20.3,0,-0.2920066286118267,3.963867552090473,-9.760417222597994,20.92320656163622,0.020439117641904564,0.1872412687680761
235.289,48.266,-21.5,235.192,48.431,-21.5,235.091,48.264,-19.1,0,0.022889140587940258,16.02240308270874,-0.35059491079922545,33.653510289626944,-0.02213029039676503,0.4754039502478228
235.578,47.074,-16.5,235.64600000000002,46.902,-16.5,235.805,47.022,-18.9,0,-0.38060174598308244,18.538359832477855,-2.361937916169076,31.13968858537673,0.1256660304730602,0.5956211906425296
236.52800000000002,41.115,-21.5,236.424,41.274,-21.5,236.37900000000002,41.162,-18.9,0,1.4828773115015013,3.191166814458581,11.569919553883373,17.016302979449165,0.13223452590976728,0.18780565347186445
235.49200000000002,47.243,-16.5,235.578,47.074,-16.5,235.72199999999998,47.203,-18.8,0,-0.06641591359966924,20.650365236508332,0.6130147532769179,31.711908381567856,0.06665350112951031,0.6519352693942493
235.93200000000002,46.149,-19.2,235.75900000000001,46.013,-16.5,235.93200000000002,45.97,-19.3,0,-4.518103154400318,10.014935153108622,-14.006314991734317,25.116609467006555,0.31832345887918007,0.3956723534727443
235.757,46.192,-16.5,235.75900000000001,46.013,-16.5,235.93200000000002,46.149,-19.2,0,-4.345926242080188,11.530944688244283,-12.97801698528043,25.921303630438366,0.33020229488256747,0.4417777674838502
234.989,48.071,-16.5,235.09,47.906,-16.5,235.23399999999998,48.006,-19.0,0,0.027511661779585087,23.091783937501283,-0.06861110924326397,33.36930028252935,-0.06023399809051765,0.6914561278916843
234.625,48.547,-16.5,234.828,48.531,-18.7,234.648,48.684,-19.0,0,0.7596739795481755,15.556284445127174,12.435846940013969,32.060750837905175,0.060451350586605744,0.484490805231262
233.058,49.79,-21.5,232.88400000000001,49.928,-21.5,232.88,49.801,-18.9,0,1.6560346572963547,10.403353274049257,11.080780162831779,35.11431334448528,0.1496824591966668,0.29626947739241666
235.75900000000001,46.013,-16.5,235.764,45.835,-16.5,235.93200000000002,45.97,-19.3,0,-4.596332019766687,11.548931287722958,-12.550509977558491,25.673365973227472,0.36083778090954516,0.4467442080829208
236.086,40.389,-18.2,236.316,40.319,-20.0,236.28,40.451,-18.7,0,-1.2464719665233102,3.132262271143748,-19.64769613868799,13.94579705116734,0.057298848689556627,0.2158966513462876
235.31900000000002,47.843,-18.8,235.495,47.938,-21.5,235.23399999999998,48.006,-19.0,0,-0.017249715773175286,20.575879376465835,0.5609060168614288,33.14461794524523,-0.06744553105947283,0.6201913570817321
235.64600000000002,46.902,-16.5,235.697,46.726,-16.5,235.858,46.841,-18.9,0,-1.011720845672078,16.365627056342866,-5.278619357826894,30.29714441427724,0.17922841010099252,0.5397005071412467
236.059,46.765,-21.5,236.035,46.942,-21.5,235.858,46.841,-18.9,0,-1.4356365954332644,10.589137595079084,-9.068338353098795,29.240485488824003,0.15313994866733205,0.36184574368149225
235.697,46.726,-16.5,235.739,46.55,-16.5,235.902,46.661,-19.1,0,-1.5637377665689964,14.442649876938152,-6.722434827594075,29.55840244430666,0.22405536830506093,0.48727070400687816
235.975,40.484,-16.5,235.93099999999998,40.322,-18.1,236.086,40.389,-18.2,0,-3.7779252642667718,3.686077461837191,-20.605547235487848,12.522680314087353,0.17630483058597288,0.2818661012768877
235.753,46.371,-16.5,235.757,46.192,-16.5,235.928,46.323,-19.2,0,-3.81842106911841,11.810598426479125,-12.687002961790583,26.55646512237895,0.29671534430518987,0.44194711512217977
236.539,40.291,-21.5,236.656,40.444,-21.5,236.44,40.41,-20.1,0,0.28345942113468764,2.4563624143323666,-14.38160879061678,19.327425407730065,-0.02510643557974079,0.12416392841282207
235.39600000000002,47.41,-16.5,235.62099999999998,47.373,-18.8,235.51600000000002,47.54,-18.8,0,-0.18099760212744367,21.980363070291126,3.6784654506784378,32.27060025355267,-0.013576854109757116,0.6820308585275681
235.39600000000002,47.41,-16.5,235.49200000000002,47.243,-16.5,235.62099999999998,47.373,-18.8,0,-0.10041291366469275,22.386275351497808,2.258379509729675,32.15305385127214,0.009906982089640375,0.6971139618171741
236.062,40.236,-19.4,236.065,40.095,-20.3,236.224,40.169,-20.6,0,-0.9089449128481286,2.1952603771381027,-18.86049357693247,16.654705009450517,0.04027483781466762,0.12295606739379852
235.739,46.55,-16.5,235.753,46.371,-16.5,235.92000000000002,46.483,-19.1,0,-2.9840979811448958,12.634247571953075,-11.185344885846977,27.68030578905697,0.2622639686888325,0.45421989624068637
235.904,40.163,-19.1,236.062,40.236,-19.4,235.93099999999998,40.322,-18.1,0,-2.6718007890681474,3.2926290285881232,-18.692445061702415,16.396486200544658,0.13312980670257113,0.19042745863312477
236.44,40.41,-20.1,236.656,40.444,-21.5,236.574,40.557,-20.3,0,0.1098279060742697,2.7964901686599126,-13.676311663375515,19.31338436910368,-0.013624724412353004,0.14206395051521647
233.65699999999998,49.175,-16.5,233.856,49.052,-16.5,233.837,49.169,-18.9,0,2.9336928137800027,13.224450970441133,14.97448242272336,32.41331273668855,0.1959647925286269,0.4078208845195594
235.928,46.323,-19.2,235.757,46.192,-16.5,235.93200000000002,46.149,-19.2,0,-3.693941154312065,10.4441141200263,-12.54061516939515,26.363627530797206,0.29030589280412783,0.39332364142644816
235.29500000000002,47.575,-16.5,235.39600000000002,47.41,-16.5,235.51600000000002,47.54,-18.8,0,-0.2426379812737956,23.566679043608875,3.1743046889824917,32.5852133047496,-0.03610380809567034,0.7239925719662722
235.29500000000002,47.575,-16.5,235.51600000000002,47.54,-18.8,235.409,47.703,-18.8,0,-0.03331920814278736,23.0322147515179,1.0507181806993273,32.777873420744946,-0.05120667767269615,0.702229546907331
235.858,46.841,-18.9,235.697,46.726,-16.5,235.902,46.661,-19.1,0,-1.7587782658360551,13.69625927253777,-8.749946146954791,29.207647879553846,0.19504738173085376,0.4680434489460808
232.701,49.817,-16.5,232.88400000000001,49.928,-21.5,232.703,49.954,-19.1,0,1.5675877453758686,11.739092285248509,9.776291760446206,35.61860341915896,0.16040152376089498,0.3294881360109216
235.93099999999998,40.322,-18.1,236.062,40.236,-19.4,236.086,40.389,-18.2,0,-2.8068846912765975,3.0802837032472743,-20.807278655373523,12.892283017398753,0.1280833305948517,0.2263329592919391
235.902,46.661,-19.1,235.739,46.55,-16.5,235.92000000000002,46.483,-19.1,0,-2.455738669161759,11.963116674140421,-10.420656552520587,28.19317587369822,0.23102138721918253,0.4225810790594145
235.19299999999998,47.741,-16.5,235.29500000000002,47.575,-16.5,235.409,47.703,-18.8,0,0.02280420384328862,24.106713464384946,-0.0014058829890117863,32.92433425455363,-0.06434843430977487,0.7317545860859661
234.037,49.172,-21.5,233.829,49.287,-21.5,233.837,49.169,-18.9,0,2.517693995421792,9.939792969336331,16.65593956609854,31.504596788510227,0.15127732021880666,0.3153833479714259
235.19299999999998,47.741,-16.5,235.409,47.703,-18.8,235.31900000000002,47.843,-18.8,0,-0.02843897228336369,23.20720832678543,0.733483567323244,33.01514790556196,-0.06918389864154646,0.7024385147818909
235.192,48.431,-21.5,234.96800000000002,48.394,-18.8,235.091,48.264,-19.1,0,-0.013075095525313019,16.60595918180663,2.902731391000912,33.60205623538908,-0.00928926607417812,0.4934818053865995
236.326,41.049,-16.5,236.372,40.874,-16.5,236.486,40.989,-18.9,0,0.7697558841316371,5.251863687764946,6.154100634557253,20.570812283866275,0.13830372121525955,0.25516589864223904
236.059,46.765,-21.5,235.858,46.841,-18.9,235.902,46.661,-19.1,0,-1.5421138229034967,11.153097704226388,-8.402875567971972,29.247422886318187,0.17765032618154483,0.3805996499008268
235.92000000000002,46.483,-19.1,235.753,46.371,-16.5,235.928,46.323,-19.2,0,-3.4247054529767835,10.74362666658604,-12.896418228391468,26.66095326278395,0.26181740696955785,0.4005130123415475
234.777,48.4,-16.5,234.888,48.237,-16.5,234.96800000000002,48.394,-18.8,0,0.02951654201860174,19.798995440199782,1.530142938098221,33.83613450960824,0.007917962841050025,0.5844585561995607
235.09,47.906,-16.5,235.19299999999998,47.741,-16.5,235.31900000000002,47.843,-18.8,0,0.00774014157476742,23.93289988190361,0.2221418913890716,33.14841804141544,-0.07180134444653945,0.7215112144729201
236.07299999999998,46.588,-21.5,236.059,46.765,-21.5,235.902,46.661,-19.1,0,-1.9655162907574966,8.998451236496189,-10.651227226418733,28.22264705283907,0.18064050763412073,0.3177618262009232
235.388,48.101,-21.5,235.289,48.266,-21.5,235.18099999999998,48.142,-19.3,0,0.01916446279871136,17.602109592831916,-0.039073641984415985,33.45315543258671,-0.04581671302027266,0.5254908496360052
236.316,40.319,-20.0,236.539,40.291,-21.5,236.44,40.41,-20.1,0,0.17309212155054862,2.3946497971369967,-18.03249146689734,16.262924792732093,-0.01463762119312835,0.14208012978535825
235.18099999999998,48.142,-19.3,234.989,48.071,-16.5,235.23399999999998,48.006,-19.0,0,0.07176883120834043,21.506414010299412,-0.9417047365585773,33.407166169683336,-0.052671387315280156,0.6431568636220826
236.37099999999998,41.448,-21.5,236.16899999999998,41.387,-16.5,236.293,41.326,-18.8,0,1.5489432573327395,4.112004831009126,7.447291502468616,18.160853145994878,0.2167221921911388,0.22635911234481543
234.244,49.056,-21.5,234.055,48.93,-16.5,234.255,48.932,-19.1,0,2.1048270435218748,12.237656387609366,14.996411356377653,31.83389338468062,0.14018416861261618,0.38404595518047285
236.709,40.794,-21.5,236.656,40.966,-21.5,236.54399999999998,40.834,-19.2,0,0.13981573412438314,2.8408863424531474,6.364770751009985,20.975648727486913,0.028435805326539883,0.13547877479817524
236.082,46.41,-21.5,236.07299999999998,46.588,-21.5,235.92000000000002,46.483,-19.1,0,-2.34449503137513,7.936187805818035,-11.436039845718277,27.438321334912054,0.20151606407968117,0.2874946260258277
236.656,40.966,-21.5,236.52800000000002,41.115,-21.5,236.486,40.989,-18.9,0,0.9571024446828093,2.528710621311059,13.837531230686817,16.073894048705142,0.07151421352092928,0.15800949028448164
236.07299999999998,46.588,-21.5,235.902,46.661,-19.1,235.92000000000002,46.483,-19.1,0,-2.130815031667807,9.622321813935859,-10.167254189669887,28.2053684288357,0.20523415994875932,0.33962377207386274
234.648,48.684,-19.0,234.652,48.823,-21.5,234.45499999999998,48.811,-19.1,0,1.2416713292260975,12.206843101658261,15.02589147215813,31.19440153444212,0.08231710934656683,0.39071955097943456
234.853,48.705,-21.5,234.652,48.823,-21.5,234.648,48.684,-19.0,0,0.9953386920882054,11.268403715566523,16.01860339167033,30.546568369360788,0.061871382835654305,0.3682746193966906
236.326,41.049,-16.5,236.52800000000002,41.115,-21.5,236.37900000000002,41.162,-18.9,0,1.456611397006586,4.048633386838056,10.416934700540324,18.14358570877664,0.14539643778444983,0.22337589236537825
236.078,46.232,-21.5,236.082,46.41,-21.5,235.928,46.323,-19.2,0,-2.9643711266350077,7.158620396333501,-13.36783916744286,26.04914893772321,0.21873192854991502,0.27256456684508273
233.65699999999998,49.175,-16.5,233.829,49.287,-21.5,233.638,49.289,-19.0,0,3.018870345891455,11.30017634652941,16.562337282177225,31.809806711551875,0.18247024209807305,0.3551735237249223
233.058,49.79,-21.5,232.885,49.684,-16.5,233.062,49.668,-18.9,0,2.2698850399627584,11.54449710677519,12.77447718411356,34.43130826985372,0.177994724117242,0.3353050479461875
236.406,40.536,-18.8,236.44,40.41,-20.1,236.574,40.557,-20.3,0,-0.20377438907093487,3.4532541544027437,-13.954419582182766,18.9959271704681,0.0077607915405095975,0.17842606218563734
234.446,48.681,-16.5,234.648,48.684,-19.0,234.45499999999998,48.811,-19.1,0,1.4254943056311895,14.122034741924937,14.871523474718815,31.353083933274945,0.09546925744447948,0.4497764261569173
233.238,49.656,-21.5,233.07299999999998,49.553,-16.5,233.247,49.54,-18.9,0,2.6157842490992715,11.439954116349497,14.00282439380956,33.78606259750282,0.1871509983474254,0.33865221741921486
232.88400000000001,49.928,-21.5,232.701,49.817,-16.5,232.88,49.801,-18.9,0,1.9379487632423686,11.632065385578162,11.686024439071828,34.95870316263213,0.16605546362170423,0.3326784218066484
233.45999999999998,49.299,-16.5,233.623,49.404,-21.5,233.44299999999998,49.413,-19.1,0,2.9933568965629638,11.299035699744582,15.792418231103511,32.56342851804963,0.18983736402197202,0.34700052283091515
234.446,48.681,-16.5,234.625,48.547,-16.5,234.648,48.684,-19.0,0,1.0458074411064489,15.912037024972078,12.34327441497775,32.221208127438764,0.08408446194752542,0.49314625478566815
234.625,48.547,-16.5,234.777,48.4,-16.5,234.828,48.531,-18.7,0,0.38996086062361335,17.740626710650538,8.300820954437224,33.133901119919585,0.04559838715623329,0.5346976132488287
236.52800000000002,41.115,-21.5,236.326,41.049,-16.5,236.486,40.989,-18.9,0,1.4566920489240853,3.683945743953596,12.305290238264377,17.22735389865278,0.12250579957270687,0.21435170969257766
233.856,49.052,-16.5,234.037,49.172,-21.5,233.837,49.169,-18.9,0,2.7618272790960217,11.555296924054417,16.39182111973604,31.543288411150723,0.1685458667736782,0.36614277253616273
233.424,49.525,-21.5,233.26600000000002,49.426,-16.5,233.44299999999998,49.413,-19.1,0,2.587033329189304,11.604201009945555,13.559735913519843,33.80871177590575,0.19108922026536068,0.3432721487904394
233.26600000000002,49.426,-16.5,233.424,49.525,-21.5,233.247,49.54,-18.9,0,2.4892147164799243,11.64872123699681,13.075867608385193,34.079802038620485,0.19067323288613702,0.34185543574049926
234.252,48.806,-16.5,234.446,48.681,-16.5,234.45499999999998,48.811,-19.1,0,1.7378435372161318,14.742600582649045,14.511683216110303,31.653539721968983,0.11936145645197568,0.46515028572321454
236.064,46.055,-21.5,235.93200000000002,46.149,-19.2,235.93200000000002,45.97,-19.3,0,-3.7492929755414863,7.941416609253519,-13.72952683093244,25.233544452651575,0.26937391698601776,0.31196108769588354
236.064,46.055,-21.5,236.078,46.232,-21.5,235.93200000000002,46.149,-19.2,0,-3.556473830309552,6.830060344811652,-14.775425133908772,24.80433224353041,0.23770041243041684,0.2727860913224639
234.055,48.93,-16.5,234.252,48.806,-16.5,234.255,48.932,-19.1,0,2.2309776445597254,14.102198314214395,14.803234167077484,31.829752341423543,0.15044510040195322,0.44258789620630534
234.252,48.806,-16.5,234.45499999999998,48.811,-19.1,234.255,48.932,-19.1,0,1.9614050297742576,13.403943577778067,15.417675176106513,31.388327348213068,0.12694436743848464,0.42651719704785895
234.45499999999998,48.811,-19.1,234.44799999999998,48.939,-21.5,234.255,48.932,-19.1,0,1.7082040935673222,11.635670068869604,15.515143190193783,31.286189217982958,0.10987253606890042,0.37143819165698944
234.652,48.823,-21.5,234.44799999999998,48.939,-21.5,234.45499999999998,48.811,-19.1,0,1.4608867569979558,10.785454621005591,16.403449686003825,30.672458644050245,0.08884911140756746,0.3511225967085917
233.07299999999998,49.553,-16.5,233.238,49.656,-21.5,233.062,49.668,-18.9,0,2.2985049979201317,11.63165661728623,12.466192478923979,34.45869156844749,0.18468224368530417,0.33759506352190505
236.656,40.444,-21.5,236.70999999999998,40.616,-21.5,236.574,40.557,-20.3,0,0.04729382818506214,2.746502593374259,-7.038501434709531,22.29483795654238,-0.015252947962621844,0.1219312470522535
234.44799999999998,48.939,-21.5,234.244,49.056,-21.5,234.255,48.932,-19.1,0,1.8397843429878762,10.446899757953588,16.256558365212875,31.06903128549299,0.11303533167229901,0.335868369009662
236.053,45.877,-21.5,236.064,46.055,-21.5,235.93200000000002,45.97,-19.3,0,-3.755424408148702,7.002643401562913,-14.339233369642947,24.59222683449257,0.2584108620967059,0.2820986260726135
236.424,41.274,-21.5,236.245,41.217,-16.5,236.37900000000002,41.162,-18.9,0,1.941589754084356,4.033125476237659,10.90998133673041,17.329277410004636,0.18336275318070722,0.2328944681023041
236.082,46.41,-21.5,235.92000000000002,46.483,-19.1,235.928,46.323,-19.2,0,-2.924508289516881,8.486052128219317,-12.692789510037183,26.665410784761672,0.22705483550998942,0.31606346047394185
236.531,40.705,-19.2,236.709,40.794,-21.5,236.54399999999998,40.834,-19.2,0,-0.12197640781768554,3.569006519966859,-2.112743307014938,22.206547467492413,0.028201885191918498,0.15996905844123638
233.623,49.404,-21.5,233.45999999999998,49.299,-16.5,233.638,49.289,-19.0,0,2.6974241222192337,11.605609027385766,14.328058546603138,33.151955025408775,0.18849598181142224,0.3500601240455661
236.406,40.536,-18.8,236.184,40.566,-16.5,236.28,40.451,-18.7,0,-1.418839872776508,3.84207520819337,-18.113824278955235,14.982501761373868,0.07185139740824661,0.24984830070395794
232.885,49.684,-16.5,233.058,49.79,-21.5,232.88,49.801,-18.9,0,2.071265201240615,11.648515900273935,11.902262542156487,34.81963083726073,0.174280232659441,0.33453111775610345
236.078,46.232,-21.5,235.928,46.323,-19.2,235.93200000000002,46.149,-19.2,0,-3.089172763276683,8.19922340994827,-12.299093203281021,26.40678232426073,0.24744247595058017,0.30797621706159095
233.829,49.287,-21.5,233.65699999999998,49.175,-16.5,233.837,49.169,-18.9,0,2.706618993154299,11.637215354936895,15.155349094018872,32.42281121555176,0.17871755257451952,0.3588130251607116
236.245,41.217,-16.5,236.424,41.274,-21.5,236.293,41.326,-18.8,0,1.6345505878621425,4.311788138027038,8.531487877239172,18.37641471864933,0.19917357580168477,0.23460624943456562
236.70999999999998,40.616,-21.5,236.531,40.705,-19.2,236.574,40.557,-20.3,0,-0.09017879658154496,3.197839923617487,-8.500483860759061,21.342630204215197,0.0026860543382238203,0.1482883957601684
235.09,47.906,-16.5,235.31900000000002,47.843,-18.8,235.23399999999998,48.006,-19.0,0,0.004924598505795595,22.70784373367897,0.26035501121699767,33.23280793240568,-0.06855515479650767,0.6827506500783159
235.388,48.101,-21.5,235.18099999999998,48.142,-19.3,235.23399999999998,48.006,-19.0,0,0.06236562351451552,19.449522982517088,-0.7645501816296516,33.3535431680202,-0.055482333878750976,0.5824818806466641
236.486,40.989,-18.9,236.372,40.874,-16.5,236.54399999999998,40.834,-19.2,0,0.4735862894707483,4.6547721351339,5.9145301772497305,20.994053229198954,0.09248054323103287,0.22161358500855471
236.656,40.966,-21.5,236.486,40.989,-18.9,236.54399999999998,40.834,-19.2,0,0.2714431870523136,3.520777012028515,5.443051496090362,20.932542955578555,0.0595763859725455,0.1681303380881867
234.96800000000002,48.394,-18.8,234.888,48.237,-16.5,235.091,48.264,-19.1,0,-0.014360354918062927,19.34402642855657,3.098333687560322,33.613208203747355,-0.009959221782427911,0.5747895798969064
235.18099999999998,48.142,-19.3,235.289,48.266,-21.5,235.091,48.264,-19.1,0,0.020271247316147673,18.073373249109434,-0.07790012271336977,33.5593538036145,-0.035202999769966103,0.537861010915421
236.406,40.536,-18.8,236.28,40.451,-18.7,236.44,40.41,-20.1,0,-0.5826077303842714,3.1527372356562307,-18.237704641171206,15.137568519845601,0.02641588383638887,0.20231866238615417
236.28,40.451,-18.7,236.316,40.319,-20.0,236.44,40.41,-20.1,0,-0.4257315010679371,3.097593324600913,-17.808668091552306,16.168162333950384,0.01767908464531248,0.18559977579661552
232.541,50.085,-19.0,232.72199999999998,50.072,-21.5,232.56,50.217,-21.5,0,1.1311691581465713,10.352005155988424,8.95357884413269,36.01238306700209,0.12629261459092384,0.2872916186441117
236.161,42.502,-21.5,235.869,42.617,-16.5,235.89600000000002,42.439,-16.5,0,0.15295177977923316,3.8104342278026895,4.244669814377517,13.486323029498635,0.052570543025563736,0.2907685550007794
236.137,42.679,-21.5,235.845,42.795,-16.5,235.869,42.617,-16.5,0,0.06557048927818715,3.7414192608864383,3.9940885289776418,12.683784241081042,0.034186551005417815,0.3047771595690305
236.161,42.502,-21.5,236.137,42.679,-21.5,235.869,42.617,-16.5,0,0.03514564716714694,3.1135487781789988,3.712389684405565,13.194610401241448,0.024768634948994863,0.24386292207081758
236.11599999999999,42.856,-21.5,235.825,42.973,-16.5,235.845,42.795,-16.5,0,0.04460369316028674,3.53245226511141,3.693586748691928,11.899804100086442,0.03070206800318988,0.3076138085681184
236.11599999999999,42.856,-21.5,235.845,42.795,-16.5,236.137,42.679,-21.5,0,-0.004859589403824763,2.98819636759183,3.471546659402975,12.386235579422873,0.014960371292697776,0.250387722607897
236.098,43.033,-21.5,235.825,42.973,-16.5,236.11599999999999,42.856,-21.5,0,0.002176982500560493,2.7398960660879723,3.2462763325018216,11.576354059823672,0.01741280636128266,0.2464134499803508
236.341,43.524,-26.5,236.067,43.388,-21.5,236.35,43.345,-26.5,0,-0.14231307267877089,1.588798374090163,-9.588636913140121,23.01269110085822,0.014579931865626151,0.06866190642669011
236.325,43.881,-26.5,236.046,43.922,-21.5,236.05,43.744,-21.5,0,-0.7479055893751072,1.8280221824422531,-10.193567495959712,22.39489242815931,0.07287425138558903,0.08103751720292515
236.36700000000002,43.167,-26.5,236.098,43.033,-21.5,236.38400000000001,42.989,-26.5,0,-0.0362651719457847,0.9492590022542201,2.2160621050612406,11.13886344977891,-0.006872730238061231,0.09018041693013162
236.36700000000002,43.167,-26.5,236.082,43.211,-21.5,236.098,43.033,-21.5,0,-0.017805600057287783,1.3219023531871437,2.462296924712689,10.766793780827442,0.004714091885941882,0.12927878461648923
236.32,44.06,-26.5,236.046,43.922,-21.5,236.325,43.881,-26.5,0,-0.5913569319330185,1.1203988963510627,-10.09825235620896,22.375884016762356,0.05819146874742395,0.04960048938234753
234.853,48.705,-21.5,235.043,48.579,-21.5,235.102,48.817,-26.5,0,0.38534949607215857,8.875106935330539,14.549559840452346,31.160356181600903,0.026238420827517643,0.28426927398883123
236.38400000000001,42.989,-26.5,236.098,43.033,-21.5,236.11599999999999,42.856,-21.5,0,-0.0431964996241975,1.5510959204070545,2.6157109432159302,11.602531606366938,-0.0044889793333745005,0.14035977610796238
236.35,43.345,-26.5,236.082,43.211,-21.5,236.36700000000002,43.167,-26.5,0,-0.02508074898413801,1.8929217083867491,-8.548060902300676,23.567860383719804,0.002823846025173327,0.07997860189403669
236.38400000000001,42.989,-26.5,236.11599999999999,42.856,-21.5,236.399,42.81,-26.5,0,-0.04718166725336797,1.1256613076648136,2.1034851875564016,12.034233784942074,-0.012793572894049766,0.09842108703439992
236.32,44.06,-26.5,236.047,44.099,-21.5,236.046,43.922,-21.5,0,-1.034256108075797,1.8053917045915837,-10.809507952122942,21.966219303070375,0.09523081616749526,0.08157108063404192
235.102,48.817,-26.5,235.043,48.579,-21.5,235.288,48.688,-26.5,0,0.19222215256298777,7.0940241886275155,14.027262000009237,31.331171925905075,0.013497224906027113,0.2259546868116177
236.35,43.345,-26.5,236.067,43.388,-21.5,236.082,43.211,-21.5,0,-0.16332615372853998,2.716257709541516,-8.775068721270543,23.41033946973289,0.018372298298727156,0.11556466776217868
236.399,42.81,-26.5,236.11599999999999,42.856,-21.5,236.137,42.679,-21.5,0,-0.052063671565765475,1.7415095522613013,2.847310429857515,12.42714729783819,-0.00715544130155658,0.14639012194715662
236.314,44.596,-26.5,236.038,44.633,-21.5,236.04399999999998,44.455,-21.5,0,-1.7061126119430383,2.7936852522727036,-9.960893849178248,21.957686306794997,0.17099278890411107,0.1266494544035473
236.32,44.06,-26.5,236.317,44.239,-26.5,236.047,44.099,-21.5,0,-0.7906405927712548,1.1982335286414403,-10.345916525356685,22.131960765250867,0.07610155298799627,0.05365426115519887
236.308,44.775,-26.5,236.038,44.633,-21.5,236.314,44.596,-26.5,0,-1.3411892422667868,2.044212527276255,-9.990344741285469,21.87878180587957,0.13406706413668407,0.09299648155499755
236.308,44.775,-26.5,236.034,44.811,-21.5,236.038,44.633,-21.5,0,-1.9914414704725225,3.262665666697084,-10.205105905387313,21.70511152329567,0.19492001803109768,0.14978475763173849
236.399,42.81,-26.5,236.137,42.679,-21.5,236.416,42.632,-26.5,0,-0.04927793880581484,1.2600215545643265,2.2631644364318504,12.882277653507515,-0.013170631807002262,0.10218395335419628
236.30200000000002,45.132,-26.5,236.304,45.311,-26.5,236.03199999999998,45.166,-21.5,0,-2.1144193549642223,3.105197998691376,-12.627487086319633,23.235260070501948,0.16456975132047597,0.13201472493231015
236.304,45.311,-26.5,236.035,45.344,-21.5,236.03199999999998,45.166,-21.5,0,-2.972113386023013,4.632577941969158,-12.960915774001986,23.349016623674203,0.22553814292167731,0.19631928953238137
236.314,44.596,-26.5,236.04399999999998,44.455,-21.5,236.314,44.418,-26.5,0,-1.2355977329902628,1.677597744589633,-10.709212408471842,21.67770692622122,0.11516203721096777,0.07691558345841364
236.317,44.239,-26.5,236.048,44.277,-21.5,236.047,44.099,-21.5,0,-1.2935431763626453,1.97617336013866,-10.807950375069964,21.835808648581917,0.11928877389953849,0.08987481524179039
233.279,49.895,-26.5,233.238,49.656,-21.5,233.452,49.755,-26.5,0,1.1236032166508994,6.673379691659523,11.034085754753296,34.721754931861014,0.1021114255381157,0.19226984948404746
236.30200000000002,45.132,-26.5,236.03199999999998,45.166,-21.5,236.03199999999998,44.988,-21.5,0,-2.856485793730536,4.352608512976532,-12.574664100859177,23.070758451529873,0.22328504324216572,0.18648080872142894
233.058,49.79,-21.5,233.238,49.656,-21.5,233.279,49.895,-26.5,0,1.5133708715299334,8.065827819571032,12.290906948076248,34.33204456296395,0.1234407420665736,0.23500332518145775
236.3,44.954,-26.5,236.30200000000002,45.132,-26.5,236.03199999999998,44.988,-21.5,0,-2.074111847538437,2.849376985403622,-12.626387585857007,22.743865948234546,0.16144069672914518,0.12353724650003292
236.753,41.059,-26.5,236.656,40.966,-21.5,236.841,40.894,-26.5,0,0.07791775144748334,1.2862466271861646,9.602988971991522,20.00171365675135,0.009712027418259455,0.06455773683763197
236.3,44.954,-26.5,236.034,44.811,-21.5,236.308,44.775,-26.5,0,-1.47339739531626,2.4120826553981423,-9.753343870407548,21.85431262613791,0.1509227895314426,0.10998041975053466
236.314,44.418,-26.5,236.04399999999998,44.455,-21.5,236.048,44.277,-21.5,0,-1.4851300722492502,2.3419697826690085,-10.20139926693966,21.995032156355407,0.14523387382015726,0.10586453118399312
236.314,44.418,-26.5,236.048,44.277,-21.5,236.317,44.239,-26.5,0,-0.9903663228377736,1.401954988336021,-10.34774952812262,22.000546512429395,0.09544089441713367,0.0632378001964829
236.3,44.954,-26.5,236.03199999999998,44.988,-21.5,236.034,44.811,-21.5,0,-2.2325149180432784,3.684828405289317,-10.443879019672764,21.459226021308325,0.21360832051249215,0.17124792466616684
236.416,42.632,-26.5,236.137,42.679,-21.5,236.161,42.502,-21.5,0,-0.036505912502253525,1.8474951662528356,3.0967059210179286,13.248833827321533,-0.0015946875160454343,0.14477135249494116
236.304,45.311,-26.5,236.3,45.49,-26.5,236.035,45.344,-21.5,0,-1.9771349161320626,3.3685176304409308,-11.840696113293276,24.15200683008939,0.16393886391230147,0.13795261051697108
232.836,50.349,-26.5,232.69799999999998,50.283,-24.0,232.786,50.19,-24.0,0,0.4622735209237063,6.520456895988114,6.295679040602032,36.348387997457486,0.07324967274928049,0.17930782576013163
236.416,42.632,-26.5,236.161,42.502,-21.5,236.434,42.454,-26.5,0,-0.035460455087861095,1.3186938129254695,2.3535902345984994,13.745096530077973,-0.0066650812254904985,0.09945743598287053
236.3,45.49,-26.5,236.043,45.522,-21.5,236.035,45.344,-21.5,0,-3.06798878287759,4.770989115294971,-13.618754636007548,23.494543892456257,0.22178414467219879,0.20101726313716992
234.897,48.935,-26.5,234.853,48.705,-21.5,235.102,48.817,-26.5,0,0.48291687704084846,6.473434112189858,16.539929126143015,30.323780403373817,0.029070155782944872,0.21306174000480677
234.652,48.823,-21.5,234.853,48.705,-21.5,234.897,48.935,-26.5,0,0.7641451196056955,8.34425848846722,16.169819836770614,30.62148633260692,0.04707741434975676,0.2720103123208442
236.434,42.454,-26.5,236.161,42.502,-21.5,236.185,42.325,-21.5,0,0.008502352121622318,1.8632310898400495,3.137463757449069,14.123169445379403,0.0130115723723202,0.13602599085520703
233.452,49.755,-26.5,233.424,49.525,-21.5,233.635,49.621,-26.5,0,1.3649536646813056,6.641662703962603,12.692197026285086,33.95527025785777,0.1078358240007966,0.19567142140572433
236.325,46.204,-26.5,236.064,46.055,-21.5,236.30700000000002,46.026,-26.5,0,-2.0792240634832786,3.2080393540886343,-14.83098255603009,24.53622972814611,0.138443005538154,0.12917492946509132
236.078,46.232,-21.5,236.064,46.055,-21.5,236.325,46.204,-26.5,0,-2.571141230796915,4.53059057529556,-14.48635790249201,25.01851986438001,0.17523809773222768,0.17914244500526222
233.238,49.656,-21.5,233.424,49.525,-21.5,233.452,49.755,-26.5,0,1.7233102429747822,8.063666549809632,13.19705703485016,33.82402206860442,0.13090755447372313,0.23847862380008744
236.434,42.454,-26.5,236.185,42.325,-21.5,236.451,42.276,-26.5,0,-0.0054890784034701545,1.298943709961711,2.2931057702228372,14.636042086814399,0.007274018178475911,0.0912783509007565
236.204,47.056,-23.8,236.368,47.259,-26.5,236.138,47.235,-23.7,0,-0.2541496412653197,6.977220019806905,-3.018764562881284,31.06382581876618,0.06697967495093442,0.22522261199069887
236.841,40.894,-26.5,236.656,40.966,-21.5,236.709,40.794,-21.5,0,0.021793295326581287,1.8125664462969893,6.014587754425165,21.617565379026615,0.007474199149884359,0.08391584258546936
236.428,47.085,-26.5,236.368,47.259,-26.5,236.204,47.056,-23.8,0,-0.19065021776504645,5.165318834688268,-2.2006949497692574,30.926269341988913,0.06659294169343982,0.16744098671700663
234.686,49.048,-26.5,234.652,48.823,-21.5,234.897,48.935,-26.5,0,0.7856572982606908,6.199994355381429,17.410846178686388,30.102084330812712,0.04502494318111629,0.20561902805277105
236.297,45.669,-26.5,236.043,45.522,-21.5,236.3,45.49,-26.5,0,-1.9514683741245966,3.4985305854583344,-11.96459502548657,24.611634893302213,0.16023351975305425,0.1406541547890218
236.064,46.055,-21.5,236.053,45.877,-21.5,236.30700000000002,46.026,-26.5,0,-2.7026344119463177,4.713993763609226,-14.062098371711777,24.785053272230872,0.18958434239929828,0.18815514739333292
236.053,45.877,-21.5,236.298,45.847,-26.5,236.30700000000002,46.026,-26.5,0,-2.0344104224030133,3.4065893927851456,-13.596292475171783,24.76373798907181,0.14749735677885278,0.1359860318430907
236.451,42.276,-26.5,236.185,42.325,-21.5,236.209,42.148,-21.5,0,0.07978465498446415,1.8054465724680715,3.179321661718717,15.000707203999667,0.03611431559905045,0.12319153770218133
236.297,45.669,-26.5,236.049,45.699,-21.5,236.043,45.522,-21.5,0,-2.89541750044687,4.888495092773208,-13.371067534057474,24.16742616800052,0.21319923067899196,0.2002639384652331
234.44799999999998,48.939,-21.5,234.652,48.823,-21.5,234.686,49.048,-26.5,0,1.11936355169617,8.064764817698684,16.544474163014236,30.707034885086514,0.06751603003899363,0.2622416208594151
236.451,42.276,-26.5,236.209,42.148,-21.5,236.469,42.097,-26.5,0,0.03945078739140545,1.2205847070124403,2.3846477788271443,15.505405231563827,0.027853245772404583,0.08031466392747133
236.297,45.669,-26.5,236.298,45.847,-26.5,236.049,45.699,-21.5,0,-1.964716942955053,3.5159458275555737,-12.503767010684019,24.853063934333388,0.1545831754050461,0.1399446917281924
236.053,45.877,-21.5,236.049,45.699,-21.5,236.298,45.847,-26.5,0,-2.6953942029643736,4.919518702459118,-13.101482630158841,24.825726298100932,0.20261364458878842,0.19615090426489729
234.47199999999998,49.159,-26.5,234.44799999999998,48.939,-21.5,234.686,49.048,-26.5,0,1.081282915294812,6.037787172346739,17.763301170731822,30.18787045698722,0.06081229980399969,0.1997466684446982
236.648,41.22,-26.5,236.424,41.274,-21.5,236.52800000000002,41.115,-21.5,0,0.9797872935322892,2.300406948129943,11.260836952322393,17.303260647304768,0.09023186545060825,0.13318257256657492
233.424,49.525,-21.5,233.623,49.404,-21.5,233.635,49.621,-26.5,0,2.0482861692266487,7.88300317114473,15.41159055472215,32.68278186908391,0.13321107992390815,0.24125740336767992
236.24,46.855,-23.8,236.463,46.908,-26.5,236.204,47.056,-23.8,0,-0.701459011959271,5.120591387900138,-7.077332442296676,29.692752798293757,0.09411643302249885,0.17253113068872095
236.469,42.097,-26.5,236.209,42.148,-21.5,236.24200000000002,41.972,-21.5,0,0.217050691575932,1.694304592041697,3.996090823611951,15.704481790473551,0.06437821355813267,0.10960103734257821
234.244,49.056,-21.5,234.44799999999998,48.939,-21.5,234.47199999999998,49.159,-26.5,0,1.4173202981621886,7.877906544945055,16.39043346078486,31.103091701821995,0.08639142592910229,0.2529995127999935
233.635,49.621,-26.5,233.623,49.404,-21.5,233.839,49.501,-26.5,0,1.6994729734803111,6.290522086480541,15.975653974897252,32.29325344905701,0.1066384869574783,0.1948396357492935
236.564,41.387,-26.5,236.424,41.274,-21.5,236.648,41.22,-26.5,0,0.7292051759220701,1.8893170324074515,9.074962754789013,17.99302606264206,0.08436729230778929,0.10508715645459729
236.463,46.908,-26.5,236.428,47.085,-26.5,236.204,47.056,-23.8,0,-0.520364325311497,4.362033708271449,-6.36538556835848,30.00545084934185,0.07653992885681514,0.14558144027773498
236.89499999999998,40.541,-26.5,236.70999999999998,40.616,-21.5,236.656,40.444,-21.5,0,0.1256444345219409,1.8746176492190416,-7.388562550668553,22.659160898715925,-0.021803360207298332,0.08187738917572447
233.839,49.501,-26.5,233.829,49.287,-21.5,234.043,49.381,-26.5,0,1.5966303419047083,6.198213288929526,16.017098235999995,32.05724464149945,0.099863342260473,0.19333828481242657
236.38400000000001,40.158,-21.5,236.35899999999998,39.969,-24.0,236.485,40.048,-24.5,0,0.7497257419850005,0.734260048436073,-18.602129916194883,17.853474924802498,-0.04477448058753698,0.03640628542636526
233.623,49.404,-21.5,233.829,49.287,-21.5,233.839,49.501,-26.5,0,2.084542025205938,7.666191747456073,16.388372994158388,31.935778656515865,0.12743052398343852,0.24005777296215441
236.89499999999998,40.541,-26.5,236.656,40.444,-21.5,236.852,40.366,-26.5,0,0.12816499680271926,1.3915622002752372,-6.225412373766375,23.392086329488222,-0.02465990221150201,0.058917357231146
236.469,42.097,-26.5,236.24200000000002,41.972,-21.5,236.485,41.919,-26.5,0,0.0838452231573962,1.1488436426196564,2.224266313676395,16.43502026869325,0.05199182765303315,0.0707393299178932
234.25799999999998,49.271,-26.5,234.244,49.056,-21.5,234.47199999999998,49.159,-26.5,0,1.3302545360649494,5.962827939072062,17.617703716534383,30.59491280662204,0.07551228346135778,0.1947286387161273
236.288,47.43,-26.5,236.043,47.437,-23.8,236.138,47.235,-23.7,0,0.0027849607039607083,8.52407360238655,2.138409386788272,31.667050227891288,0.03535241339332369,0.2700335647133063
234.037,49.172,-21.5,234.244,49.056,-21.5,234.25799999999998,49.271,-26.5,0,1.7136732454904509,7.674484998872213,16.65018763630588,31.269534533872896,0.10294290679771517,0.2452573919023011
234.043,49.381,-26.5,234.037,49.172,-21.5,234.25799999999998,49.271,-26.5,0,1.589457620416396,5.9480557544940815,17.855924817186217,30.767933785132126,0.08911262730521506,0.19323914310878906
233.829,49.287,-21.5,234.037,49.172,-21.5,234.043,49.381,-26.5,0,1.968904463349091,7.636994412682968,16.78094653975797,31.51811063707568,0.11746335754161842,0.24223174592434418
236.889,40.719,-26.5,236.709,40.794,-21.5,236.70999999999998,40.616,-21.5,0,-0.02357485173248537,1.8635788011470764,-0.3560227152256914,23.15270743763662,-0.010010172661808907,0.08017585507091325
232.974,50.193,-26.5,232.836,50.349,-26.5,232.786,50.19,-24.0,0,0.3351055683919584,5.770790535864709,5.161497487225238,36.470676486334064,0.0646496093642837,0.1581847974683628
236.368,47.259,-26.5,236.288,47.43,-26.5,236.138,47.235,-23.7,0,-0.009572421638285799,6.410331161061118,1.1087909126119513,31.49494531040426,0.044090656098740084,0.20421008686359818
236.485,41.919,-26.5,236.24200000000002,41.972,-21.5,236.27800000000002,41.796,-21.5,0,0.35892743671772315,1.6714215572310416,4.325231024248097,16.54517511090748,0.09316602907619474,0.10187023532082568
236.841,40.894,-26.5,236.709,40.794,-21.5,236.889,40.719,-26.5,0,-0.05702993893122507,1.2334599515705515,5.213891520205621,22.286197150849773,-0.00831488198050575,0.05538798195883127
232.69799999999998,50.283,-24.0,232.56,50.217,-21.5,232.786,50.19,-24.0,0,0.5846300974867142,8.182465597543933,6.16325787487121,36.37628273139357,0.0945200840483635,0.22482069213850436
236.889,40.719,-26.5,236.70999999999998,40.616,-21.5,236.89499999999998,40.541,-26.5,0,-0.018393060437413834,1.3217015088160655,0.07891034068256886,23.550683932496554,-0.017197405342723685,0.055902476365757243
236.485,41.919,-26.5,236.27800000000002,41.796,-21.5,236.501,41.741,-26.5,0,0.13359483704890274,1.2033095094281832,2.2241826268780756,17.36262586984651,0.07648923962997017,0.06964913726146772
236.49200000000002,39.909,-26.5,236.635,40.051,-26.5,236.485,40.048,-24.5,0,0.8191186581864467,0.1693480604861883,-18.117754911428534,18.69168282787296,-0.048260852976081084,0.006281016963761456
232.56,50.217,-21.5,232.72199999999998,50.072,-21.5,232.786,50.19,-24.0,0,0.9719397967188947,8.862404930774163,9.064884211451552,35.77595894266277,0.10726314086279046,0.24760505044185982
236.464,46.73,-26.5,236.24,46.855,-23.8,236.251,46.667,-23.8,0,-1.1267625578106697,3.9985749139668054,-10.521091205312342,28.142199531649734,0.1045927011712174,0.14170232813055564
236.464,46.73,-26.5,236.463,46.908,-26.5,236.24,46.855,-23.8,0,-1.0272701895019134,3.2589870456869345,-11.823605883153213,27.759680240691004,0.085021160174122,0.11723704644197545
236.524,41.563,-26.5,236.37099999999998,41.448,-21.5,236.564,41.387,-26.5,0,0.42276351217826397,1.795254697515488,4.6336028842272015,18.84671412769231,0.10032213352754803,0.0952350705967237
236.564,41.387,-26.5,236.37099999999998,41.448,-21.5,236.424,41.274,-21.5,0,0.7171290108533241,2.564772583508237,6.181957886131173,18.93656799836276,0.1237299710222352,0.1354100071747966
236.501,41.741,-26.5,236.27800000000002,41.796,-21.5,236.32299999999998,41.622,-21.5,0,0.5668829520152436,1.8024794377696407,5.2576836595895315,17.24435922205052,0.11679798902951838,0.10482859088691467
236.501,41.741,-26.5,236.32299999999998,41.622,-21.5,236.524,41.563,-26.5,0,0.2342861336949206,1.4354784902822189,2.8977206458816624,18.237096771747247,0.09481365463201444,0.07878860387593452
236.524,41.563,-26.5,236.32299999999998,41.622,-21.5,236.37099999999998,41.448,-21.5,0,0.6760601844039513,2.1412371784667292,5.62558574173346,18.143952022690456,0.1287284955815365,0.1180477149013339
235.192,48.431,-21.5,235.375,48.412,-23.8,235.268,48.534,-23.9,0,-0.06147236499102527,11.26789250492339,7.179772099880025,33.191117386297016,-0.0096363014956118,0.33885851198404326
235.375,48.412,-23.8,235.44799999999998,48.544,-26.5,235.268,48.534,-23.9,0,-0.06132391767018636,8.95839675616838,7.312747062321792,33.14421619563271,-0.009216580881794438,0.2697498997357783
236.186,47.595,-26.5,235.939,47.603,-23.9,236.043,47.437,-23.8,0,-0.0853351796952964,9.89028523599349,6.082224308591616,31.688354246405368,0.0008635519017523538,0.31299606678742103
236.288,47.43,-26.5,236.186,47.595,-26.5,236.043,47.437,-23.8,0,-0.006379588987335142,7.687675994651522,4.800378718161202,31.67902249482416,0.014164831467565548,0.2434616828050521
235.288,48.688,-26.5,235.043,48.579,-21.5,235.268,48.534,-23.9,0,0.06684978714009432,8.926161098145572,9.897194703017913,32.72246806212979,0.006252260988919337,0.27224101733519884
235.851,48.081,-26.5,235.739,48.244,-26.5,235.618,48.072,-23.9,0,-0.09536717754855495,9.85608513073476,2.480480501666804,33.06705943569618,-0.04249110363610763,0.2975409213098383
235.95600000000002,47.917,-26.5,235.851,48.081,-26.5,235.72199999999998,47.916,-23.9,0,-0.052646293662754376,10.303629096269077,1.4228809040859876,32.90671551151871,-0.04489325378650956,0.3125998229754168
236.186,47.595,-26.5,236.07299999999998,47.756,-26.5,235.939,47.603,-23.9,0,-0.17511110063297486,8.899142835042294,6.678488208249714,31.831749402828343,-0.013760699300275767,0.2803059901968064
235.851,48.081,-26.5,235.618,48.072,-23.9,235.72199999999998,47.916,-23.9,0,-0.08435507624872968,11.90376075680052,1.9372101064835991,32.98678392661701,-0.04986523183751561,0.36029202555171236
235.939,47.603,-23.9,236.07299999999998,47.756,-26.5,235.834,47.757,-23.9,0,-0.05011072627322896,11.289817553713142,2.2971209581077527,32.52414668892329,-0.02700361302013946,0.3466122721887531
236.07299999999998,47.756,-26.5,235.95600000000002,47.917,-26.5,235.834,47.757,-23.9,0,-0.10586005771169132,9.983272889435245,3.3486578206620194,32.5501499668784,-0.034831109528397866,0.30621949614724936
235.834,47.757,-23.9,235.95600000000002,47.917,-26.5,235.72199999999998,47.916,-23.9,0,-0.11282249007455371,11.961053602410121,2.7806444840012317,32.72028270446073,-0.04503007862386094,0.3650075367587176
235.618,48.072,-23.9,235.739,48.244,-26.5,235.51600000000002,48.23,-23.9,0,-0.05025398976184817,11.211538400460768,1.4422670884672524,33.241290222642746,-0.042559015433030076,0.3366998694746263
236.043,47.437,-23.8,235.926,47.29,-21.5,236.138,47.235,-23.7,0,-0.006462373787651694,11.264895063413222,1.7624568867053618,31.699769531280605,0.044635608929964696,0.3563430973663745
236.434,46.553,-26.5,236.464,46.73,-26.5,236.251,46.667,-23.8,0,-1.466867878954939,2.443107066910673,-16.341060608648817,24.833773691877237,0.08876240854385671,0.09783634384726261
236.539,40.291,-21.5,236.75900000000001,40.202,-26.5,236.701,40.328,-23.8,0,0.5387089562694306,1.3347960569143225,-15.201131838132568,19.638795187848245,-0.03849572626746038,0.06606293136484045
236.75900000000001,40.202,-26.5,236.539,40.291,-21.5,236.551,40.154,-23.9,0,0.6917219151583145,1.1534153624984471,-17.461960067211777,18.006719386119308,-0.04253662494751161,0.061424099162707725
235.993,47.118,-21.5,236.204,47.056,-23.8,236.138,47.235,-23.7,0,-0.3363727782048766,9.42696187504592,-3.2994163485343293,31.027266955035977,0.0834915287043662,0.30449375584346056
236.434,46.553,-26.5,236.251,46.667,-23.8,236.244,46.503,-23.8,0,-1.491826839769023,3.276791710129953,-13.288622261405855,26.498420760312587,0.11061150425603676,0.12285901796116301
236.035,46.942,-21.5,236.24,46.855,-23.8,236.204,47.056,-23.8,0,-0.8829144863401636,7.666850368735819,-7.388857352640581,29.780340291288972,0.11351361329358045,0.2575806920230154
235.739,48.244,-26.5,235.599,48.396,-26.5,235.51600000000002,48.23,-23.9,0,-0.21724893073417487,8.954687184909085,7.124362700473083,32.66985928779049,-0.03152615623600206,0.2735817776990846
236.24,46.855,-23.8,236.059,46.765,-21.5,236.251,46.667,-23.8,0,-1.4856173849097851,6.157608849149092,-10.821783218619874,28.1747440580997,0.13415646710274476,0.21804092514906998
235.939,47.603,-23.9,235.825,47.453,-21.5,236.043,47.437,-23.8,0,-0.08596338804518086,12.873822852529308,5.743036196085235,31.744566214321353,0.0036384347152407957,0.40657243667120696
235.51600000000002,48.23,-23.9,235.599,48.396,-26.5,235.375,48.412,-23.8,0,-0.08100515532262553,10.21744282856869,3.3441485172886356,33.43071287202281,-0.02686929642282104,0.30506380959348484
235.71699999999998,47.615,-21.5,235.825,47.453,-21.5,235.939,47.603,-23.9,0,-0.18739097005251432,15.040561198753458,5.317270137386995,32.05873821436232,-0.013871300821836659,0.470167558906815
236.035,46.942,-21.5,236.059,46.765,-21.5,236.24,46.855,-23.8,0,-1.2308122461525917,8.058588112338333,-8.782080264915923,29.17563501181033,0.13534211353139164,0.2759947822378485
235.71699999999998,47.615,-21.5,235.939,47.603,-23.9,235.834,47.757,-23.9,0,-0.2785968273689268,14.240599689274388,5.808675190362166,32.226742387409544,-0.029372093215412978,0.4427595802905107
235.825,47.453,-21.5,235.926,47.29,-21.5,236.043,47.437,-23.8,0,0.003549512115946425,13.40933033081098,4.226807946106675,31.71482359580603,0.02555103904357504,0.42388183840648264
235.607,47.777,-21.5,235.71699999999998,47.615,-21.5,235.834,47.757,-23.9,0,-0.07083968642559531,16.29658355554817,1.9866302456549274,32.682959470387544,-0.04363439687601195,0.49805061458159094
235.607,47.777,-21.5,235.834,47.757,-23.9,235.72199999999998,47.916,-23.9,0,-0.11836323167151709,15.11048405063866,2.617953466646018,32.750130166525764,-0.050901938604320074,0.46079592723660007
235.388,48.101,-21.5,235.495,47.938,-21.5,235.618,48.072,-23.9,0,-0.06897513189538326,16.28195723603111,1.4544071144219863,33.15823154275778,-0.05845480603873642,0.49038694795055443
235.993,47.118,-21.5,236.035,46.942,-21.5,236.204,47.056,-23.8,0,-0.6697056924155292,9.736170277826606,-5.815468412832857,30.41425780724512,0.10581837580903015,0.3205547919961455
236.059,46.765,-21.5,236.07299999999998,46.588,-21.5,236.251,46.667,-23.8,0,-1.650609175973979,6.777507335751665,-10.38983044930373,28.15713104358999,0.15537183974381558,0.23981999223574746
235.495,47.938,-21.5,235.607,47.777,-21.5,235.72199999999998,47.916,-23.9,0,-0.12263236782299862,16.65290864045871,2.3446249723699912,32.89159457750346,-0.059235583131325084,0.5056819118051419
235.289,48.266,-21.5,235.388,48.101,-21.5,235.51600000000002,48.23,-23.9,0,0.010127433501826912,15.147849969798038,0.10843670235820646,33.41213230268769,-0.043892107346870865,0.45269239427529456
235.618,48.072,-23.9,235.495,47.938,-21.5,235.72199999999998,47.916,-23.9,0,-0.0871096352326255,15.140435629335343,1.7706568693989535,33.02179871496931,-0.05772706730647041,0.45787136133565365
235.926,47.29,-21.5,235.993,47.118,-21.5,236.138,47.235,-23.7,0,-0.18330523942031388,11.606266803149557,-1.5755949879935365,31.425556736329845,0.06911762106082678,0.37021041950744715
235.599,48.396,-26.5,235.44799999999998,48.544,-26.5,235.375,48.412,-23.8,0,-0.1317355272949712,8.04043511445109,8.768815212284029,32.66129262371706,-0.015642487635087573,0.24568255041665002
236.251,46.667,-23.8,236.07299999999998,46.588,-21.5,236.244,46.503,-23.8,0,-2.014933677350325,5.064440666072466,-13.559000575654938,26.472069921675157,0.14647161558231317,0.19021517572958346
235.388,48.101,-21.5,235.618,48.072,-23.9,235.51600000000002,48.23,-23.9,0,-0.04995280566261046,14.403345570082642,1.2773332146425194,33.26155215419249,-0.05013734668558786,0.432383480824918
232.924,50.07,-24.2,232.88400000000001,49.928,-21.5,233.08100000000002,49.913,-24.0,0,0.9596732341708376,8.18218021329094,8.765764427773876,35.59364115424774,0.10960005623613148,0.22988345950288175
233.115,50.039,-26.5,232.924,50.07,-24.2,233.08100000000002,49.913,-24.0,0,0.7658879309258741,6.64894684010822,8.795770431261388,35.64540175803468,0.08722693312810406,0.18655467832116507
236.244,46.503,-23.8,236.082,46.41,-21.5,236.214,46.32,-23.9,0,-2.751332538421315,4.227258327588775,-17.33079541825533,23.69446891771884,0.1571772802538749,0.17674450179965884
235.289,48.266,-21.5,235.51600000000002,48.23,-23.9,235.375,48.412,-23.8,0,-0.08695407381963548,13.017665142306175,3.1389081305896145,33.41761068685995,-0.03129774751844507,0.38889284494336657
236.635,40.051,-26.5,236.75900000000001,40.202,-26.5,236.551,40.154,-23.9,0,0.6368594619294665,0.7172796935507655,-16.046985416999462,19.736110097149194,-0.04239717317649043,0.034569039565823384
236.36599999999999,46.38,-26.5,236.244,46.503,-23.8,236.214,46.32,-23.9,0,-2.087076927339698,2.9321171549955474,-17.01388806450345,23.877420733554402,0.12141670514445009,0.12152982176303304
236.07299999999998,46.588,-21.5,236.082,46.41,-21.5,236.244,46.503,-23.8,0,-1.9208191236570717,5.928434641756884,-11.192537129850368,27.411948222730757,0.16859880722418846,0.21484901663652456
236.36599999999999,46.38,-26.5,236.434,46.553,-26.5,236.244,46.503,-23.8,0,-2.0235812716907535,1.9283824441917858,-20.950048022659566,20.543796312460998,0.09588827854692131,0.09286377657376911
236.35899999999998,39.969,-24.0,236.49200000000002,39.909,-26.5,236.485,40.048,-24.5,0,0.8458576835960183,0.11028058052905221,-18.7395811336645,18.237029102854294,-0.04889353058674761,0.002130396801612836
233.058,49.79,-21.5,233.279,49.895,-26.5,233.08100000000002,49.913,-24.0,0,1.1850325515592222,7.427536803017841,11.026573987606723,34.864178359520686,0.10773807649374526,0.21309715324139064
232.72199999999998,50.072,-21.5,232.88400000000001,49.928,-21.5,232.924,50.07,-24.2,0,1.0616034671609162,8.874094652428473,9.213664782217881,35.58535981600751,0.1153214348635552,0.24933508375191735
236.38400000000001,40.158,-21.5,236.485,40.048,-24.5,236.551,40.154,-23.9,0,0.7336709905284422,1.0416376260188562,-17.744711708070838,18.30661032878369,-0.04563280358742781,0.05299164479773538
235.192,48.431,-21.5,235.289,48.266,-21.5,235.375,48.412,-23.8,0,0.016662367439478035,13.443916602848887,-0.20970680504632178,33.72028824561194,-0.020156533955980254,0.3980274635313566
236.75900000000001,40.202,-26.5,236.852,40.366,-26.5,236.701,40.328,-23.8,0,0.3498685049835243,1.041702600345371,-12.467304007725176,21.482235341077015,-0.030265695090359965,0.047592932872654106
235.44799999999998,48.544,-26.5,235.288,48.688,-26.5,235.268,48.534,-23.9,0,-0.008762604388921716,7.086017961188831,10.124217862180704,32.564456173600945,-0.0012587046800456789,0.21714555901474766
236.078,46.232,-21.5,236.325,46.204,-26.5,236.214,46.32,-23.9,0,-2.5170284321160397,3.623035410539897,-16.601983139668285,23.837919164988033,0.1499738049956373,0.15026282354689405
236.656,40.444,-21.5,236.539,40.291,-21.5,236.701,40.328,-23.8,0,0.44066231850688653,1.8661863272333445,-14.691775354681937,19.542958826467604,-0.03385540899608661,0.09321782936055754
235.043,48.579,-21.5,235.192,48.431,-21.5,235.268,48.534,-23.9,0,0.02437581843367954,11.594697548942175,8.30588090124167,33.03034364822135,0.0020559979659795823,0.3503882201944014
236.325,46.204,-26.5,236.36599999999999,46.38,-26.5,236.214,46.32,-23.9,0,-1.9388720612846382,2.305374108815396,-17.7696653282416,22.97081965528841,0.10804087800764527,0.0991153262374952
236.539,40.291,-21.5,236.38400000000001,40.158,-21.5,236.551,40.154,-23.9,0,0.687839342096358,1.4163950478168088,-18.59693563193781,16.865592475687464,-0.040893806276969605,0.07962913971257322
233.279,49.895,-26.5,233.115,50.039,-26.5,233.08100000000002,49.913,-24.0,0,0.7861474214819104,5.9421418149246366,9.664117893845868,35.27381524611536,0.08155859911926847,0.16850689207528619
236.082,46.41,-21.5,236.078,46.232,-21.5,236.214,46.32,-23.9,0,-2.4296194250667003,5.427002717234172,-13.153750885906973,26.155142381704167,0.1821476916164117,0.2056095725072942
233.115,50.039,-26.5,232.974,50.193,-26.5,232.924,50.07,-24.2,0,0.4141086851859452,5.859300139295033,5.805465288521836,36.245358947957385,0.0712464832526406,0.16166161219382616
232.88400000000001,49.928,-21.5,233.058,49.79,-21.5,233.08100000000002,49.913,-24.0,0,1.4234279670334624,8.913467865082659,11.17764185713742,34.8924778712709,0.12760385824288986,0.2554797677550418
236.852,40.366,-26.5,236.656,40.444,-21.5,236.701,40.328,-23.8,0,0.3376748504520374,1.496790558381403,-12.125351795006878,21.232144580160792,-0.030890906018206696,0.06926937931229907
236.485,40.048,-24.5,236.635,40.051,-26.5,236.551,40.154,-23.9,0,0.8108424014866714,0.6106228104958431,-18.16452448524933,18.09544032957602,-0.04770060741020742,0.030811508830477854
232.72199999999998,50.072,-21.5,232.924,50.07,-24.2,232.786,50.19,-24.0,0,0.764095016729702,8.125315233209033,7.6495066949828825,36.01374595406382,0.09984520368329965,0.22556109616710007
232.924,50.07,-24.2,232.974,50.193,-26.5,232.786,50.19,-24.0,0,0.6013889296139472,6.517919905590675,7.700820311797717,35.96323249397932,0.07812332358545761,0.18121163258942494
236.227,40.028,-21.5,236.35899999999998,39.969,-24.0,236.38400000000001,40.158,-21.5,0,0.5695916911981276,0.8249043852423932,-19.074764457168897,17.380339852078066,-0.03502510402829796,0.041456291608004396
236.753,41.059,-26.5,236.52800000000002,41.115,-21.5,236.656,40.966,-21.5,0,0.5379359431623048,1.7578250945364071,13.530981825902238,16.71740424535227,0.04136615774029141,0.10567992098450178
236.648,41.22,-26.5,236.52800000000002,41.115,-21.5,236.753,41.059,-26.5,0,0.4844860352227892,1.6025807602098114,11.112976860528065,17.82416170351678,0.045804641406749884,0.09018758538286252
236.341,43.524,-26.5,236.05700000000002,43.566,-21.5,236.067,43.388,-21.5,0,-0.3288573198699842,2.3200609799832557,-9.432749554472466,23.00251788158303,0.03446364304544952,0.10035306529978504
236.333,43.703,-26.5,236.05,43.744,-21.5,236.05700000000002,43.566,-21.5,0,-0.5203532708676031,2.003247789001511,-9.816335057090072,22.69875434656791,0.05252511158088233,0.08770312749327117
236.333,43.703,-26.5,236.05700000000002,43.566,-21.5,236.341,43.524,-26.5,0,-0.2699436461178947,1.329705610719226,-9.718702195719445,22.81533053132935,0.027416851368662717,0.057869447178723804
236.325,43.881,-26.5,236.05,43.744,-21.5,236.333,43.703,-26.5,0,-0.41016473037605017,1.1682140536820436,-9.7170313387618,22.67986596737572,0.04181619142247442,0.051065482592795454
236.434,42.454,-26.5,236.451,42.276,-26.5,236.526,42.369,-29.0,0,-0.026946573775439627,0.6514010635134854,1.9032383284289267,14.894743164922431,-0.008899290808918147,0.045009893948971244
236.58499999999998,46.041,-31.5,236.30700000000002,46.026,-26.5,236.571,45.863,-31.5,0,0.017027863882486307,-0.028351375676486795,-13.691556605160645,24.51747582034034,-0.0012361768651030695,-0.0011923870313495246
236.30700000000002,46.026,-26.5,236.298,45.847,-26.5,236.571,45.863,-31.5,0,-0.6411717391885291,0.9679893197355489,-13.207876620090616,24.71199085528288,0.04782811925338925,0.038621413760271325
236.559,45.684,-31.5,236.571,45.863,-31.5,236.298,45.847,-26.5,0,0.05425162652377215,-0.022355953049828958,-13.404151330741342,24.190177447821046,-0.004073951171368197,-0.0009283889196111775
236.325,46.204,-26.5,236.30700000000002,46.026,-26.5,236.58499999999998,46.041,-31.5,0,-0.7107414749170645,0.9276329817609998,-14.441866483989585,24.4926274235743,0.0486115335155087,0.03729831336324405
236.559,45.684,-31.5,236.298,45.847,-26.5,236.297,45.669,-26.5,0,-0.5968179389603515,1.0100195928035791,-12.120741578130321,24.81417315313202,0.048361080499877473,0.04018810378328734
236.325,46.204,-26.5,236.58499999999998,46.041,-31.5,236.599,46.22,-31.5,0,-0.07580969072057184,0.04139258847606731,-13.68528172638458,25.029875515728254,0.00551707339309853,0.0015675877124944962
236.618,42.285,-31.5,236.606,42.464,-31.5,236.526,42.369,-29.0,0,-0.020147499601054643,0.07747862969050286,1.1126191236502336,14.900327570740274,-0.019106083749720077,0.005230755770491196
236.559,45.684,-31.5,236.297,45.669,-26.5,236.55,45.505,-31.5,0,0.04812386384356072,0.0027695883877362796,-12.995364209002464,23.943640889009743,-0.0037896049583738688,0.00011433100141460694
236.738,39.872,-31.5,236.844,40.031,-31.5,236.7,39.964,-29.5,0,0.2571870204170985,-0.3978808676975935,-14.818985917346652,21.91473215824331,-0.01817295876394033,-0.018288510205651306
236.534,44.968,-31.5,236.30200000000002,45.132,-26.5,236.3,44.954,-26.5,0,-0.6991185201540601,0.8400862452077322,-12.249233352383161,22.841572251301777,0.056031982839016316,0.03608468820686759
236.55,45.505,-31.5,236.297,45.669,-26.5,236.3,45.49,-26.5,0,-0.5857490779988881,1.0021019393333994,-11.58387509294499,24.62115284534569,0.04955348851331788,0.04019768332466713
236.534,44.968,-31.5,236.538,45.147,-31.5,236.30200000000002,45.132,-26.5,0,-0.10836455166769716,0.0966604679852151,-12.322979609990817,22.88461757380274,0.00856778193208937,0.0040629060528150065
236.538,45.147,-31.5,236.304,45.311,-26.5,236.30200000000002,45.132,-26.5,0,-0.671418669599765,0.8856119503903638,-12.247390045010917,23.333748612355677,0.05379055248679504,0.03735229776598995
236.542,45.326,-31.5,236.3,45.49,-26.5,236.304,45.311,-26.5,0,-0.6020385285495511,0.9565546327423405,-11.460046959150606,24.228163278570285,0.051451520534736846,0.038952652254169454
236.538,45.147,-31.5,236.542,45.326,-31.5,236.304,45.311,-26.5,0,-0.04309320231235176,0.054705184407543773,-12.326554131976067,23.376838561031608,0.003308360052434284,0.002255151824355596
236.542,45.326,-31.5,236.55,45.505,-31.5,236.3,45.49,-26.5,0,0.009402832658799092,0.030309554131253705,-12.852087961427713,23.552614996470833,-0.0008755727476224623,0.0012544685776137892
236.416,42.632,-26.5,236.434,42.454,-26.5,236.511,42.548,-28.9,0,-0.03912048901679455,0.6737747363566298,1.9531070883596442,13.932996734207535,-0.01665882175799691,0.050246847592828596
236.606,42.464,-31.5,236.594,42.643,-31.5,236.511,42.548,-28.9,0,-0.01818518152094617,0.12126894668935019,1.0989506192977387,14.016443959499128,-0.02149543815875263,0.008923426121993573
236.599,46.22,-31.5,236.649,46.396,-31.5,236.36599999999999,46.38,-26.5,0,-0.16344902659865204,0.07738936538366724,-18.350350587912068,22.30476983432701,0.008852344955979832,0.00340142317897522
236.93200000000002,40.197,-31.5,236.75900000000001,40.202,-26.5,236.844,40.031,-31.5,0,0.17184160531262976,0.2010620339725692,-12.427924298379509,22.770431680945407,-0.014345265456338924,0.00877035361926428
236.36599999999999,46.38,-26.5,236.325,46.204,-26.5,236.599,46.22,-31.5,0,-0.8686941235182951,0.8661676042487251,-17.469648966416266,22.94456210483508,0.04924482644254543,0.037182822126344536
235.95600000000002,47.917,-26.5,236.07299999999998,47.756,-26.5,236.279,47.825,-29.2,0,-0.08274853662358221,6.357090252402363,3.5282851411891647,32.46752779012337,-0.02572688303242573,0.19544951107556105
236.18200000000002,47.978,-29.3,235.95600000000002,47.917,-26.5,236.279,47.825,-29.2,0,-0.06705202809729276,4.648657507720263,2.9778827209675587,32.57447154998333,-0.02477112354410531,0.14243928888938967
235.851,48.081,-26.5,235.95600000000002,47.917,-26.5,236.078,48.121,-29.2,0,-0.047623786055883126,6.617630535103245,1.6035089212456928,32.898083589110556,-0.03472353519740577,0.20078145461044966
235.95600000000002,47.917,-26.5,236.18200000000002,47.978,-29.3,236.078,48.121,-29.2,0,-0.0547621234493534,4.744321884014758,2.174706983495504,32.77257484843184,-0.028239751327986,0.1444872304995062
236.844,40.031,-31.5,236.75900000000001,40.202,-26.5,236.635,40.051,-26.5,0,0.4665121075828766,0.2627010007577938,-16.420006471724207,19.99536003330374,-0.02972859479904778,0.012362482702242949
236.725,46.567,-31.5,236.434,46.553,-26.5,236.649,46.396,-31.5,0,-0.11705655903472605,0.03148133055362855,-21.332685095971453,19.981208348833988,0.005466153339081266,0.0016260990907032795
236.399,42.81,-26.5,236.416,42.632,-26.5,236.49599999999998,42.726,-28.9,0,-0.04099031029118214,0.6294824177320834,1.8526607136018924,13.039980342653365,-0.018948186526673138,0.05068042159250335
236.649,46.396,-31.5,236.434,46.553,-26.5,236.36599999999999,46.38,-26.5,0,-0.8906705166056622,0.6899798120634741,-20.63528477663325,20.644400399519157,0.04284091917891263,0.033008002165777484
236.635,40.051,-26.5,236.615,39.891,-29.0,236.7,39.964,-29.5,0,0.5950812002337788,-0.18065497667492164,-16.861812133085664,20.403690343386867,-0.03724656672689733,-0.010093835991230905
236.594,42.643,-31.5,236.584,42.821,-31.5,236.49599999999998,42.726,-28.9,0,-0.01256285911396688,0.10511301225862461,0.9457779824372494,13.106514692956011,-0.020179733867689197,0.00847699246340797
233.287,50.399,-31.5,233.094,50.317,-28.8,233.203,50.185,-28.8,0,0.019290387721753614,0.9975941361069998,4.33455565987415,36.290522826519634,0.004367274073384576,0.027480240063643226
232.997,50.454,-29.0,233.287,50.399,-31.5,233.159,50.558,-31.5,0,-0.031253184402019726,0.010753040877042062,3.9646620895232365,36.51193250333595,-0.008043440509965936,0.00024983013634952513
236.279,47.825,-29.2,236.07299999999998,47.756,-26.5,236.36700000000002,47.684,-29.2,0,-0.01173143645907912,4.2733184545361365,1.352892548628276,32.475920361476426,-0.013494637828713935,0.13133583609431265
236.07299999999998,47.756,-26.5,236.186,47.595,-26.5,236.36700000000002,47.684,-29.2,0,-0.1259677003915783,5.536638169589009,6.99054116187293,31.732862660176817,-0.009293084341729704,0.17499462137542926
233.416,50.24,-31.5,233.287,50.399,-31.5,233.203,50.185,-28.8,0,-0.035751659829645475,-0.05449285023125723,4.1199095046267376,36.24013704323947,-0.008736450715047112,-0.0015091800940382793
236.38400000000001,42.989,-26.5,236.399,42.81,-26.5,236.483,42.904,-28.9,0,-0.035340565774462415,0.5320959909030881,1.6843818943852398,12.156872052444925,-0.016718122545342717,0.04644906056347616
236.584,42.821,-31.5,236.575,43.0,-31.5,236.483,42.904,-28.9,0,-0.009438231276751249,0.055428021235388834,0.8639403396199441,12.203067550829331,-0.01642398553860565,0.00503759617589054
236.36700000000002,43.167,-26.5,236.38400000000001,42.989,-26.5,236.47,43.083,-28.9,0,-0.029611987747955787,0.42087459773686825,1.7905225292773252,11.23516359420745,-0.0113724646336927,0.040125154226731546
236.575,43.0,-31.5,236.565,43.179,-31.5,236.47,43.083,-28.9,0,-0.009119510319369136,0.010010376394079982,0.9180154046499922,11.29189033187805,-0.011766123509777442,0.0012719834121202546
233.555,50.085,-31.5,233.416,50.24,-31.5,233.34199999999998,50.035,-28.7,0,-0.031060509052020114,0.020073904709325102,5.909520649439893,35.809132547034984,-0.005221680110564753,0.0005761122397074391
233.416,50.24,-31.5,233.203,50.185,-28.8,233.34199999999998,50.035,-28.7,0,0.06127285465065731,1.0730813434954205,7.611038836356978,35.558229344920704,0.008101033910966737,0.03019599648756805
236.35,43.345,-26.5,236.36700000000002,43.167,-26.5,236.457,43.262,-28.9,0,0.0373825435329273,0.8091063607188143,-8.580657042085477,23.817127615847284,-0.004434933027913001,0.03378766844731774
233.287,50.399,-31.5,232.997,50.454,-29.0,233.094,50.317,-28.8,0,0.016352624343740345,0.9529467655971745,4.845883432440742,36.3506315554652,0.003277557564359013,0.02618662358679954
236.565,43.179,-31.5,236.55599999999998,43.358,-31.5,236.457,43.262,-28.9,0,0.07328786520266044,-0.028965662322086756,-9.651511214094086,23.431951862904427,-0.007626021041553287,-0.0012355970747177627
236.735,47.276,-31.5,236.488,47.379,-28.7,236.55599999999998,47.198,-28.7,0,-0.03461081097983723,0.9645982260543364,-0.6628581422187416,31.247185658843602,0.02567750078221476,0.03098135139149488
235.739,48.244,-26.5,235.851,48.081,-26.5,235.963,48.259,-29.1,0,-0.07600476042164996,6.3109854807340495,2.6529313172532056,33.07387076528536,-0.03130534795289544,0.1904443400600872
236.434,46.553,-26.5,236.725,46.567,-31.5,236.627,46.671,-29.3,0,-0.34479222872705634,0.31333051353065594,-18.188752910469248,23.23096323162686,0.018799962437368915,0.013446449833525727
236.341,43.524,-26.5,236.35,43.345,-26.5,236.44400000000002,43.437,-28.9,0,-0.029748728437553936,0.6478035418419518,-9.621256242844538,23.258563705451706,0.0029093911170238167,0.02764286572075839
236.981,40.898,-31.5,236.841,40.894,-26.5,236.95,40.802,-29.2,0,-0.08018519440629439,0.006070366756928928,6.306532211069467,21.93384066902405,-0.01338541904943356,0.00039788770099580305
235.801,48.408,-28.8,235.876,48.575,-31.5,235.65699999999998,48.543,-28.8,0,-0.05935127684284227,1.4829708332359963,9.82889456348511,32.12975857417217,-0.006240552213172409,0.04605790665924241
232.997,50.454,-29.0,232.836,50.349,-26.5,233.094,50.317,-28.8,0,0.13353427299488196,2.941044541262557,4.762439632339773,36.40457294041583,0.02787151780322348,0.08074761498081179
232.836,50.349,-26.5,232.974,50.193,-26.5,233.094,50.317,-28.8,0,0.22183061645939223,3.9577209444555743,5.30476823851992,36.2551468000684,0.04168649153887074,0.10913623729471457
236.039,48.432,-31.5,235.876,48.575,-31.5,235.801,48.408,-28.8,0,-0.0409741202886823,0.0395196338018278,10.95966184886532,31.643840789500494,-0.0038970038884681016,0.0012543682354004568
236.735,47.276,-31.5,236.675,47.45,-31.5,236.488,47.379,-28.7,0,-0.034131294678905126,0.08810331740395298,-1.3494461164871012,31.394524039825956,0.01728063127285864,0.002827501650396017
236.55599999999998,43.358,-31.5,236.549,43.537,-31.5,236.44400000000002,43.437,-28.9,0,0.04654041868786009,-0.05092796410261051,-9.908347470221997,23.127691359842018,-0.004789865174281634,-0.002206927744705425
236.333,43.703,-26.5,236.341,43.524,-26.5,236.437,43.617,-28.9,0,-0.10136950703353614,0.5128517619374731,-9.75161168656713,23.04504972028259,0.010159358562374713,0.022024980245463146
235.851,48.081,-26.5,236.078,48.121,-29.2,235.963,48.259,-29.1,0,-0.11612375696831949,4.6570300243082885,4.398420080320023,32.77691213413018,-0.02774669247874593,0.14180306876015208
233.715,49.938,-31.5,233.555,50.085,-31.5,233.503,49.895,-28.8,0,-0.012417030480761449,0.04071293949035201,9.328852555065811,34.867491916141276,-0.0012668106343755813,0.0011941574839433949
236.308,44.775,-26.5,236.314,44.596,-26.5,236.40699999999998,44.687,-28.7,0,-0.6966805037585352,0.9321522156753883,-10.022291154258184,22.04044479786458,0.06943231480825086,0.04204194338931143
236.186,47.595,-26.5,236.288,47.43,-26.5,236.449,47.519,-29.1,0,0.007303428285998483,4.7284602786258345,5.104273769621866,31.626671401352837,0.01215531698063503,0.1500505393835859
233.555,50.085,-31.5,233.34199999999998,50.035,-28.7,233.503,49.895,-28.8,0,0.1204709759658997,1.1457832142815985,9.130727067394005,35.01782108568966,0.01329531377026897,0.03275431085794328
236.607,47.012,-28.8,236.777,47.099,-31.5,236.55599999999998,47.198,-28.7,0,-0.1377986425607436,0.6955039946840583,-4.590257665383522,30.412036678004036,0.02765576414537737,0.02290633560769855
236.53300000000002,44.432,-31.5,236.529,44.61,-31.5,236.43,44.52,-29.2,0,0.03422606199713869,-0.03783524027617491,-10.295727815165336,22.060817480355155,-0.003283260113050923,-0.0017165889300046224
236.549,43.537,-31.5,236.546,43.716,-31.5,236.437,43.617,-28.9,0,0.03486898434890163,-0.054709217819682306,-10.411370690940785,22.737866564390956,-0.003452430435856218,-0.002412444188100245
236.314,44.418,-26.5,236.317,44.239,-26.5,236.41500000000002,44.329,-28.8,0,-0.5054531716543331,0.6164501762495254,-10.379354692626038,22.156920203251985,0.04857163597256553,0.02754200089633052
236.538,44.074,-31.5,236.53300000000002,44.253,-31.5,236.435,44.162,-29.2,0,0.03238098298925858,-0.012073928992903386,-10.171250471079077,22.404788692800537,-0.003177020884768446,-0.0005427194171322547
236.325,43.881,-26.5,236.333,43.703,-26.5,236.43,43.794,-28.8,0,-0.1778552972065874,0.44277448262497915,-9.749982317929494,22.85645792605891,0.01800038707424997,0.019122562119771057
235.65699999999998,48.543,-28.8,235.699,48.71,-31.5,235.494,48.68,-28.8,0,-0.019942556081227313,1.3135411932725487,11.516205892610468,31.860080897400046,-0.0018296032256635644,0.04113737390688745
236.314,44.596,-26.5,236.314,44.418,-26.5,236.43,44.52,-29.2,0,-0.6110377038273672,0.718126723524834,-10.742339009536451,21.838157858957075,0.056790597899547594,0.032623410674910994
236.543,43.895,-31.5,236.538,44.074,-31.5,236.438,43.983,-29.2,0,0.03610769217306114,-0.02831448351795516,-10.168639154719983,22.52843044344067,-0.0035844251432251726,-0.0012580683296979352
236.529,44.61,-31.5,236.529,44.789,-31.5,236.40699999999998,44.687,-28.7,0,0.01424090859637213,-0.03964542453041338,-10.776331007085403,21.687340765723434,-0.0012918590289002672,-0.001838229126979681
236.676,41.57,-31.5,236.524,41.563,-26.5,236.62900000000002,41.475,-29.4,0,0.121466540406299,0.4549078609341109,3.380502353091714,18.95504641834819,0.04435384196174987,0.023961246861857702
236.36700000000002,47.684,-29.2,236.186,47.595,-26.5,236.449,47.519,-29.1,0,-0.03279968450174077,3.674737270738737,3.631593486098282,31.99898764720617,0.002905254026037072,0.11526267852346
236.777,47.099,-31.5,236.735,47.276,-31.5,236.55599999999998,47.198,-28.7,0,-0.09303740144190263,0.06192611030018985,-4.411351525141949,30.631674350898702,0.019581948354821768,0.0020039273841402903
236.53300000000002,44.253,-31.5,236.53300000000002,44.432,-31.5,236.41500000000002,44.329,-28.8,0,0.012532248927447155,0.0032994477611831105,-10.777820789368448,21.96742430093903,-0.0011392229099211543,0.0001357798901970132
235.876,48.575,-31.5,235.699,48.71,-31.5,235.65699999999998,48.543,-28.8,0,-0.011763256586818151,0.052395048435544274,13.072077034924003,31.118306892708887,-0.000971247939107744,0.001686001534541554
236.546,43.716,-31.5,236.543,43.895,-31.5,236.43,43.794,-28.8,0,0.031226808485983523,-0.04170884713356852,-10.41247329679733,22.599288979414723,-0.0030790475573802905,-0.0018530017770094105
236.317,44.239,-26.5,236.32,44.06,-26.5,236.435,44.162,-29.2,0,-0.3751284694644198,0.4761111876355017,-10.37936438426253,22.296510064578925,0.03598550842784318,0.02108460031060923
237.031,40.724,-31.5,236.889,40.719,-26.5,236.959,40.631,-28.8,0,0.00574980453947394,0.10639202989910418,0.043242580818457554,23.65734159741274,-0.011879811266758761,0.004510307780519302
236.32,44.06,-26.5,236.325,43.881,-26.5,236.438,43.983,-29.2,0,-0.2669908710090504,0.4192765810757073,-10.132151079176367,22.56219175414016,0.026150381709932967,0.018323670158019254
236.844,40.031,-31.5,236.635,40.051,-26.5,236.7,39.964,-29.5,0,0.4489815090464986,-0.05571603414131463,-16.4182491345874,20.493324025683904,-0.028640687585622777,-0.0033831749837621677
236.89499999999998,40.541,-26.5,237.035,40.545,-31.5,236.959,40.631,-28.8,0,0.015636820687734452,0.24167407144282083,-1.030589672134056,24.263455350118733,-0.009593429145813612,0.009943548019578316
233.664,49.794,-29.2,233.635,49.621,-26.5,233.856,49.65,-29.2,0,0.6048551010449983,2.8847606208051695,12.556895757325776,33.53710033486752,0.04836557124734223,0.08606581258708754
236.176,48.278,-31.5,236.039,48.432,-31.5,235.963,48.259,-29.1,0,-0.05245077809357594,-0.06728774193502023,7.047946408297879,32.46935665510286,-0.00777548278634214,-0.00205945039912846
236.406,47.956,-31.5,236.299,48.119,-31.5,236.18200000000002,47.978,-29.3,0,-0.024881198916787334,0.03766224400960762,2.3364008929332396,32.667421354619556,-0.011948288824383712,0.001155066937389802
233.452,49.755,-26.5,233.635,49.621,-26.5,233.664,49.794,-29.2,0,0.8266102055420349,3.9504188697613736,12.849745405446086,33.52664621281831,0.064563467427917,0.11789170893565594
236.3,44.954,-26.5,236.308,44.775,-26.5,236.41,44.868,-28.8,0,-0.7575660791348706,1.0952933470788913,-9.785985054690045,21.963452467529663,0.07734885882661549,0.04964735897104581
236.464,46.73,-26.5,236.434,46.553,-26.5,236.627,46.671,-29.3,0,-0.8301613464209986,1.1961180797872877,-16.066559146146073,24.981131371804796,0.05107943466082955,0.04762986782877845
236.299,48.119,-31.5,236.176,48.278,-31.5,236.078,48.121,-29.2,0,-0.05196673602401602,-0.014137555286428388,4.842439093255813,32.630869905292485,-0.011320644998496816,-0.00042569962621557324
236.505,47.789,-31.5,236.406,47.956,-31.5,236.279,47.825,-29.2,0,-0.003948862216592401,0.07943987468527045,0.8609868158511098,32.53697115355674,-0.00807317563065243,0.0024395237952583157
236.675,47.45,-31.5,236.595,47.621,-31.5,236.449,47.519,-29.1,0,0.005957321283506091,-0.0073698120389599185,2.001699439442561,31.800466311060116,0.00957635339492145,-0.000191504023911217
236.529,44.789,-31.5,236.534,44.968,-31.5,236.41,44.868,-28.8,0,0.06344102018399599,-0.10755838689498268,-11.362004019603205,21.20485923422605,-0.005559458261173855,-0.005069100442717549
236.428,47.085,-26.5,236.607,47.012,-28.8,236.55599999999998,47.198,-28.7,0,-0.24178316725909343,2.105610129817631,-4.8452009935045695,30.452923883159308,0.045422422449529834,0.06929790755739904
236.406,47.956,-31.5,236.18200000000002,47.978,-29.3,236.279,47.825,-29.2,0,-0.04160926048878212,1.3933287646180892,3.1386337072877524,32.5063518190874,-0.014598718495963826,0.04277845012514291
236.659,41.749,-31.5,236.501,41.741,-26.5,236.591,41.656,-29.1,0,0.03340879805169736,0.21749301745616423,1.6872454287672554,18.231871001511394,0.03527072547466196,0.011851358388994456
236.524,41.563,-26.5,236.676,41.57,-31.5,236.591,41.656,-29.1,0,0.0811553874535662,0.3830828262168197,2.527295153499921,18.7870255965737,0.043288857178719775,0.020338046016726438
235.29500000000002,48.825,-28.9,235.301,48.953,-31.5,235.08499999999998,48.945,-28.9,0,0.039643533601014226,0.986501696464163,16.93673549170974,30.049583435704044,0.0023334547029161207,0.03275928472585931
235.102,48.817,-26.5,235.29500000000002,48.825,-28.9,235.08499999999998,48.945,-28.9,0,0.15089852062217282,2.802671235865768,16.839213225460924,30.12365644959757,0.00891965844228888,0.09284147389512648
236.63,42.106,-31.5,236.469,42.097,-26.5,236.55599999999998,42.012,-29.0,0,-0.0092458725071169,0.18791851822542768,1.404321543612582,16.452557272038632,0.004213150788167582,0.011505328126817465
235.494,48.68,-28.8,235.50799999999998,48.837,-31.5,235.29500000000002,48.825,-28.9,0,0.012321249614463087,1.0743736103495325,14.27264729653661,31.05069904596182,0.0008327846327221004,0.03452265731542772
233.856,49.65,-29.2,233.839,49.501,-26.5,234.049,49.525,-29.2,0,0.7035690286375497,2.7591939731465036,14.83865707494511,32.455602084601836,0.04757493382818201,0.08504543842484648
236.488,47.379,-28.7,236.368,47.259,-26.5,236.55599999999998,47.198,-28.7,0,-0.06543773757339703,2.7824395306006307,-0.9285216175172621,31.315219634137016,0.03641934597593682,0.0891709566761061
236.564,41.387,-26.5,236.70999999999998,41.393,-31.5,236.62900000000002,41.475,-29.4,0,0.16151304027841662,0.653691299580509,4.292190863017851,19.4390795811411,0.04401495166765896,0.03363771812943067
236.501,41.741,-26.5,236.659,41.749,-31.5,236.572,41.834,-29.0,0,0.027375107105754987,0.1706797697666645,1.7170990035181717,17.932030895589406,0.030529476573962527,0.009435009740752658
236.643,41.928,-31.5,236.485,41.919,-26.5,236.572,41.834,-29.0,0,0.011669428447368705,0.13141767323281237,1.693556061982889,17.33786987746086,0.019854650199410084,0.007518002894672583
235.599,48.396,-26.5,235.801,48.408,-28.8,235.65699999999998,48.543,-28.8,0,-0.1306755993444889,4.283562707817648,9.685839672519503,32.15737481239108,-0.013851231816441077,0.13292411117366673
236.18200000000002,47.978,-29.3,236.299,48.119,-31.5,236.078,48.121,-29.2,0,-0.03653609044202917,1.404326053380833,2.3433022302781517,32.77703914884636,-0.017279940915541313,0.04275971460612166
236.485,41.919,-26.5,236.643,41.928,-31.5,236.55599999999998,42.012,-29.0,0,0.004634962539762228,0.13995726603309835,1.7025707838172366,17.039814878505894,0.014529309260257002,0.008184503460874444
236.618,42.285,-31.5,236.451,42.276,-26.5,236.541,42.191,-29.0,0,-0.020010687122103885,0.2961879690102552,1.3926145927325138,15.520065354207219,-0.008534383648447457,0.0194656753262247
232.974,50.193,-26.5,233.115,50.039,-26.5,233.203,50.185,-28.8,0,0.283765847203647,4.105144532907458,5.934561146184441,35.9715796971436,0.04781457323125415,0.11413697296361917
236.889,40.719,-26.5,237.031,40.724,-31.5,236.95,40.802,-29.2,0,-0.03357141876301059,0.014778983801416658,3.171201318956065,23.158734587412255,-0.012714410756075975,0.0006938763757030479
235.599,48.396,-26.5,235.739,48.244,-26.5,235.801,48.408,-28.8,0,-0.15941188765130265,5.922866751883019,7.271565447813706,32.64165879388642,-0.0226439917138893,0.18108352168524833
235.44799999999998,48.544,-26.5,235.65699999999998,48.543,-28.8,235.494,48.68,-28.8,0,-0.05401412813281093,3.8110551791507112,11.386987122221832,31.87955315477823,-0.004945683073298669,0.11928285398790513
236.463,46.908,-26.5,236.464,46.73,-26.5,236.638,46.837,-29.2,0,-0.636813431304612,1.6946749375239805,-11.52656421489542,27.856736410504904,0.054050148177415915,0.06075367618987057
236.791,46.921,-31.5,236.777,47.099,-31.5,236.607,47.012,-28.8,0,-0.12655331960059057,-0.00757752614095976,-8.991621988962994,29.113368494763133,0.013794633094915144,-0.00027366042840628555
236.595,47.621,-31.5,236.505,47.789,-31.5,236.36700000000002,47.684,-29.2,0,-0.014671669037701032,0.02031202541160432,3.754909155277801,32.11824255469298,-0.000153785372372925,0.0006794287675175663
236.469,42.097,-26.5,236.63,42.106,-31.5,236.541,42.191,-29.0,0,-0.014304564141008395,0.22287954510655755,1.7453249947967038,16.119413374343083,-0.00046825908781724214,0.013993273931699284
236.505,47.789,-31.5,236.279,47.825,-29.2,236.36700000000002,47.684,-29.2,0,-0.06343579789850423,1.2528233455590132,5.7466171073310655,32.066316311759664,-0.006785619937626364,0.03921450567897612
236.606,42.464,-31.5,236.434,42.454,-26.5,236.526,42.369,-29.0,0,-0.02397941205048305,0.37152353238321,1.2961902088888735,14.612175102782572,-0.016783030253081237,0.026208751109886897
235.699,48.71,-31.5,235.50799999999998,48.837,-31.5,235.494,48.68,-28.8,0,0.0016453338434909556,0.011094854394741676,15.02435564703653,30.555789915705965,9.215881556483608e-05,0.00036504613347164715
234.065,49.661,-31.5,233.856,49.65,-29.2,234.049,49.525,-29.2,0,0.27119979548759743,0.8882850226680133,14.955094143467957,32.348566888323056,0.01823986103115721,0.02749292566379568
235.288,48.688,-26.5,235.494,48.68,-28.8,235.29500000000002,48.825,-28.9,0,0.0399673294950842,3.189935731278897,14.133977657947629,31.143979557331214,0.0027394206397091626,0.10219767310508535
233.635,49.621,-26.5,233.839,49.501,-26.5,233.856,49.65,-29.2,0,1.051742075546308,3.7568730878827785,16.12091758599125,31.909369597150466,0.06544690670646217,0.11778260773561455
236.615,39.891,-29.0,236.738,39.872,-31.5,236.7,39.964,-29.5,0,0.43733366130605444,-0.5356981303024071,-16.388684021234468,20.960232379719702,-0.028098800708750024,-0.02622093586487339
236.451,42.276,-26.5,236.618,42.285,-31.5,236.526,42.369,-29.0,0,-0.02708749553163066,0.3275028750068261,1.7302815254177233,15.187967292740723,-0.011803548255606807,0.022072098987952215
236.594,42.643,-31.5,236.416,42.632,-26.5,236.511,42.548,-28.9,0,-0.03697366441877134,0.3799636752510588,1.8210580940249486,13.63185909185782,-0.020185768374394265,0.02906991934575443
233.115,50.039,-26.5,233.279,49.895,-26.5,233.34199999999998,50.035,-28.7,0,0.5452631517119978,4.162945018466671,9.785213408924378,34.91526943717674,0.055914053115948374,0.11927933047950634
233.882,49.796,-31.5,233.664,49.794,-29.2,233.856,49.65,-29.2,0,0.20883167981690848,0.8767547326566987,12.687181275299519,33.50669126898289,0.016580184279817282,0.026203852608178067
236.288,47.43,-26.5,236.368,47.259,-26.5,236.488,47.379,-28.7,0,0.0011590071012261768,4.0844532469979296,1.4055631534021167,31.544652218194567,0.0323239490858471,0.12996254487095693
236.584,42.821,-31.5,236.399,42.81,-26.5,236.49599999999998,42.726,-28.9,0,-0.030763902105288975,0.33029404766237613,1.5904227388290337,12.7480786590109,-0.019343979053997165,0.027399210300457562
235.44799999999998,48.544,-26.5,235.599,48.396,-26.5,235.65699999999998,48.543,-28.8,0,-0.1006393398388672,5.4074117817099,8.899957373771874,32.501186999281856,-0.01173975364986772,0.16602308074031863
233.882,49.796,-31.5,233.715,49.938,-31.5,233.664,49.794,-29.2,0,0.004483614835073148,-0.06493464637353115,10.683430162460766,34.28116821691132,0.0005023886952915561,-0.0018639737752617913
236.434,42.454,-26.5,236.606,42.464,-31.5,236.511,42.548,-28.9,0,-0.02358120582233703,0.38288763014015453,1.2341796013582496,14.321464788169038,-0.01845694784200882,0.027662391116680313
233.279,49.895,-26.5,233.452,49.755,-26.5,233.503,49.895,-28.8,0,0.6943643243153674,4.137386806218862,11.190730829103224,34.307598577958586,0.06227898732543272,0.12066153922579448
234.065,49.661,-31.5,233.882,49.796,-31.5,233.856,49.65,-29.2,0,0.05105481918929649,0.004470148493871526,13.025186304846764,33.253373697730495,0.00400531298503924,0.00016785155006547215
236.428,47.085,-26.5,236.463,46.908,-26.5,236.607,47.012,-28.8,0,-0.36098155041657837,2.4338964211794494,-6.075853404645446,29.991267572134035,0.05574248102738462,0.08125559854008066
236.575,43.0,-31.5,236.38400000000001,42.989,-26.5,236.483,42.904,-28.9,0,-0.024089571842711422,0.24907140891147497,1.430155052993456,11.8611765233386,-0.015515370135471171,0.02256235659837722
236.791,46.921,-31.5,236.607,47.012,-28.8,236.638,46.837,-29.2,0,-0.22106932621363104,0.37635104661458596,-10.682416961507215,28.310131933373757,0.020245330780380526,0.01330640193294652
236.368,47.259,-26.5,236.428,47.085,-26.5,236.55599999999998,47.198,-28.7,0,-0.12576256271132585,3.2447476760218494,-1.906548652585041,31.028732274824087,0.04865906759947033,0.10488144867089363
233.839,49.501,-26.5,234.043,49.381,-26.5,234.049,49.525,-29.2,0,0.9889269334572833,3.667910840382435,16.155858272948763,31.724722430932957,0.06136627503596616,0.11562976995509706
235.08499999999998,48.945,-28.9,235.095,49.071,-31.5,234.878,49.06,-28.9,0,0.0707911752284384,0.9460880670351122,17.255641069982318,30.102813363130714,0.004094422067256982,0.031374312848377106
236.039,48.432,-31.5,235.801,48.408,-28.8,235.963,48.259,-29.1,0,-0.07644670211729368,1.4515011063493755,7.029468691721213,32.57962825367588,-0.011281524502626867,0.0444617948221364
236.416,42.632,-26.5,236.594,42.643,-31.5,236.49599999999998,42.726,-28.9,0,-0.023854634847368335,0.3717067920766728,1.2183187354774816,13.408091869637872,-0.02031701173600891,0.02904103739725771
236.565,43.179,-31.5,236.36700000000002,43.167,-26.5,236.47,43.083,-28.9,0,-0.019539272027575806,0.17647216971072377,1.4862955832701346,10.947998529815067,-0.010238958064719535,0.01755451463465767
234.049,49.525,-29.2,234.043,49.381,-26.5,234.24599999999998,49.401,-29.0,0,0.7366752378694308,2.710941820514957,16.558576282745307,31.389704469261055,0.0445990581474875,0.0863672228947947
233.34199999999998,50.035,-28.7,233.279,49.895,-26.5,233.503,49.895,-28.8,0,0.39849296806184503,3.2324926127295677,8.960648869655959,35.03086132996846,0.044650094404837797,0.09232776908022475
235.288,48.688,-26.5,235.44799999999998,48.544,-26.5,235.494,48.68,-28.8,0,-0.007421767699176164,4.726788592635058,10.240318799815876,32.40050307320631,-0.000984334669980682,0.14556736057573613
236.55599999999998,43.358,-31.5,236.35,43.345,-26.5,236.457,43.262,-28.9,0,0.04125760216217419,0.31901825631612724,-8.70430133883103,23.727046786134053,-0.0048319108610028975,0.013346846556177225
234.897,48.935,-26.5,235.08499999999998,48.945,-28.9,234.878,49.06,-28.9,0,0.26439980014315406,2.720293887554453,17.158772454552334,30.221496368939274,0.015369842883648526,0.08984572598498856
234.462,49.414,-31.5,234.25799999999998,49.534,-31.5,234.24599999999998,49.401,-29.0,0,0.06922539616678687,0.06444302672199458,16.40973544543964,31.348980107737837,0.004267817680432114,0.0020900837668150936
236.546,43.716,-31.5,236.333,43.703,-26.5,236.437,43.617,-28.9,0,-0.04231542815413027,0.17227720792307394,-10.342554289870407,22.713115781073967,0.003928147342371438,0.007461577861366744
236.399,42.81,-26.5,236.584,42.821,-31.5,236.483,42.904,-28.9,0,-0.020682920914196115,0.30648080190326976,1.123597760794695,12.506724605435693,-0.01832781437884803,0.026049693614394243
236.549,43.537,-31.5,236.341,43.524,-26.5,236.44400000000002,43.437,-28.9,0,-0.0005412516687112614,0.23038848996040048,-10.009580727465192,23.031793516692687,-9.630589793924415e-05,0.009890175214130787
236.529,44.789,-31.5,236.308,44.775,-26.5,236.40699999999998,44.687,-28.7,0,-0.35506744950789715,0.413963014926279,-10.359855237347148,21.827571545175857,0.034252055838731435,0.018837122516442928
236.607,47.012,-28.8,236.463,46.908,-26.5,236.638,46.837,-29.2,0,-0.48262607542194097,1.4104538399343383,-10.712141240121543,28.40603884150564,0.0438846791339989,0.04966005869752581
236.314,44.418,-26.5,236.53300000000002,44.432,-31.5,236.43,44.52,-29.2,0,-0.24830765131292423,0.2815278541116092,-10.245153431229383,22.12344421713776,0.024208296508111665,0.012590844909106171
234.674,49.3,-31.5,234.453,49.287,-28.9,234.666,49.173,-28.9,0,0.1826739003858759,0.8846498628287061,17.640202016394102,30.361904502654568,0.010368350317913633,0.029128467402629477
236.534,44.968,-31.5,236.3,44.954,-26.5,236.41,44.868,-28.8,0,-0.3581264267596163,0.44442939443862645,-10.216916544259547,21.710121074946827,0.03503796657207027,0.020366542214431276
236.53300000000002,44.432,-31.5,236.314,44.418,-26.5,236.41500000000002,44.329,-28.8,0,-0.2631382417012575,0.2849455530770492,-10.700941148249271,21.947735320787146,0.024549691450646116,0.012834961147281542
234.674,49.3,-31.5,234.462,49.414,-31.5,234.453,49.287,-28.9,0,0.02776699422158051,0.020770366806321897,17.614461831695166,30.503180963495282,0.0016009675170987347,0.0007118152516285345
234.886,49.186,-31.5,234.674,49.3,-31.5,234.666,49.173,-28.9,0,-0.012990159819926413,-0.007756289659779226,17.654764251552063,30.234067602484508,-0.0007269423732844288,-0.00023350965063099528
234.25799999999998,49.534,-31.5,234.065,49.661,-31.5,234.049,49.525,-29.2,0,0.07063661706564521,0.023698069178830515,14.797157698379483,32.31263024956272,0.004846483238023547,0.0007687158082859213
236.32,44.06,-26.5,236.538,44.074,-31.5,236.435,44.162,-29.2,0,-0.13964041000526922,0.17781033257309528,-10.13311432311562,22.460924187736296,0.013694364629065914,0.007780351628041093
236.543,43.895,-31.5,236.325,43.881,-26.5,236.43,43.794,-28.8,0,-0.07948623615205096,0.16000510107098448,-9.64517016329475,22.870197790164966,0.00809085342510223,0.00686298636405301
234.25799999999998,49.534,-31.5,234.049,49.525,-29.2,234.24599999999998,49.401,-29.0,0,0.29248343993591025,0.9082096765074104,16.698716861655353,31.3025870947492,0.01759322203864764,0.029038438541815797
236.325,43.881,-26.5,236.543,43.895,-31.5,236.438,43.983,-29.2,0,-0.0869414915224408,0.14999997590567463,-9.660092148206857,22.815419835212325,0.00886871476722737,0.00644599465906638
235.095,49.071,-31.5,234.886,49.186,-31.5,234.878,49.06,-28.9,0,-0.02895885586030335,0.01118068703193712,17.409116844797186,30.147971454962097,-0.0016584886001945382,0.0003820151079649423
235.301,48.953,-31.5,235.095,49.071,-31.5,235.08499999999998,48.945,-28.9,0,-0.022480666397343578,0.06043203291993873,16.939470210891358,30.177074221746366,-0.0013196658396730898,0.002002028602647112
236.38400000000001,42.989,-26.5,236.575,43.0,-31.5,236.47,43.083,-28.9,0,-0.01966512394909636,0.22342582119672083,1.23031341487453,11.589652518047586,-0.013838791026278564,0.020820349152165574
235.102,48.817,-26.5,235.288,48.688,-26.5,235.29500000000002,48.825,-28.9,0,0.11586561706709612,3.9815111951340283,14.179622630163404,31.241142332953427,0.008066869538691127,0.12716848358522856
234.886,49.186,-31.5,234.666,49.173,-28.9,234.878,49.06,-28.9,0,0.11791023810402859,0.8911105689852452,17.730313205854433,30.06508593207,0.006646456090686003,0.029608150942542055
233.203,50.185,-28.8,233.115,50.039,-26.5,233.34199999999998,50.035,-28.7,0,0.2852857065889725,3.197493235644458,7.478018029586432,35.557078867207,0.03825633168258179,0.08995765877977854
236.776,46.742,-31.5,236.791,46.921,-31.5,236.638,46.837,-29.2,0,-0.01956591707565252,-0.14123643169446295,-13.465692841885769,26.800434661858084,0.0015034300532225716,-0.0052015531492931545
235.50799999999998,48.837,-31.5,235.301,48.953,-31.5,235.29500000000002,48.825,-28.9,0,-0.010287429499941379,-0.002033773481844083,17.251555855794273,29.73653104111081,-0.0005892649168342034,-6.739730155514944e-05
234.043,49.381,-26.5,234.25799999999998,49.271,-26.5,234.24599999999998,49.401,-29.0,0,0.9833171080708961,3.522742326924123,17.986698890374022,30.51020268035623,0.054760653104641364,0.11543120109445824
236.36700000000002,43.167,-26.5,236.565,43.179,-31.5,236.457,43.262,-28.9,0,-0.01434346535651346,0.1567926677632592,1.1420351444661492,10.696884322319704,-0.008403926053871337,0.016002203700784066
234.453,49.287,-28.9,234.47199999999998,49.159,-26.5,234.666,49.173,-28.9,0,0.5330303146925099,2.625783785392263,17.54089919159562,30.44134544929393,0.030391386671310305,0.08617980548043189
236.35,43.345,-26.5,236.55599999999998,43.358,-31.5,236.44400000000002,43.437,-28.9,0,0.02875113438051449,0.2898890568476723,-9.486324162608824,23.364784875393838,-0.0031465890534641485,0.012302451322588644
234.25799999999998,49.271,-26.5,234.47199999999998,49.159,-26.5,234.453,49.287,-28.9,0,0.7992461156822829,3.4585809726479275,17.749543661838878,30.42153086614413,0.045054782442557166,0.11360664325598878
234.897,48.935,-26.5,235.102,48.817,-26.5,235.08499999999998,48.945,-28.9,0,0.2751801200432364,3.6565548341029515,16.68215742362978,30.334327277410964,0.016433872231869207,0.12030109629971818
234.462,49.414,-31.5,234.24599999999998,49.401,-29.0,234.453,49.287,-28.9,0,0.26268856090816445,0.9159960243871166,17.81073785450005,30.498933924341575,0.014792749878246901,0.030043881260052422
234.47199999999998,49.159,-26.5,234.686,49.048,-26.5,234.666,49.173,-28.9,0,0.6280844175296534,3.446309897456215,17.898333808662365,30.11458025402012,0.03507048014700971,0.11430066916935172
234.686,49.048,-26.5,234.897,48.935,-26.5,234.878,49.06,-28.9,0,0.44546113782927826,3.5045069962677715,17.54942307510039,30.085924491019387,0.025335877114827755,0.11628899719459833
236.725,46.567,-31.5,236.776,46.742,-31.5,236.627,46.671,-29.3,0,0.18349683606216804,-0.2412560520514074,-18.38927769225237,23.15000045894311,-0.009850541207668501,-0.010222909081740278
236.53300000000002,44.253,-31.5,236.317,44.239,-26.5,236.435,44.162,-29.2,0,-0.18151654335990602,0.2097948057408695,-10.41264051645544,22.2421616942177,0.01737126265355193,0.009292903166261655
236.317,44.239,-26.5,236.53300000000002,44.253,-31.5,236.41500000000002,44.329,-28.8,0,-0.21830112138938765,0.24887874967031484,-10.407448466042254,22.199853950167565,0.020917953863502838,0.011060654226168065
236.538,44.074,-31.5,236.32,44.06,-26.5,236.438,43.983,-29.2,0,-0.130096867958002,0.1644102197356557,-10.690477052472303,22.238224678990264,0.012071620049406576,0.007257421887439499
236.341,43.524,-26.5,236.549,43.537,-31.5,236.437,43.617,-28.9,0,-0.014456545727750465,0.20874431908567526,-9.777346335303633,23.08894356811733,0.0013144580429935884,0.008924509000912746
233.094,50.317,-28.8,232.974,50.193,-26.5,233.203,50.185,-28.8,0,0.13242442025290077,3.066467298710147,4.168209250869679,36.29236608868642,0.0316083106027091,0.08449205255425386
236.333,43.703,-26.5,236.546,43.716,-31.5,236.43,43.794,-28.8,0,-0.05723580689803698,0.1633976286790302,-10.510001571619256,22.58644385454174,0.005287373614131353,0.0071064839031310155
236.529,44.61,-31.5,236.314,44.596,-26.5,236.43,44.52,-29.2,0,-0.2932099994848363,0.3127703415488981,-10.785828613882288,21.777542237918837,0.027162921554553927,0.014232401527649739
236.314,44.596,-26.5,236.529,44.61,-31.5,236.40699999999998,44.687,-28.7,0,-0.3276587492675359,0.3741763895092987,-10.355112949644536,21.94856209225169,0.031617406800499494,0.016910565893483203
236.488,47.379,-28.7,236.675,47.45,-31.5,236.449,47.519,-29.1,0,0.023282338085484928,1.039664031074327,2.804100069364978,31.575692394331995,0.016302340397476425,0.03308314142254954
234.666,49.173,-28.9,234.686,49.048,-26.5,234.878,49.06,-28.9,0,0.3969810614231381,2.6378832755842607,17.632827288446986,30.17369395437187,0.02248766233780126,0.08729963883112077
236.638,46.837,-29.2,236.464,46.73,-26.5,236.627,46.671,-29.3,0,-0.5343767590037366,0.9053008216887812,-14.287058301740114,26.28170167462737,0.03686670236327398,0.03436593393595852
236.308,44.775,-26.5,236.529,44.789,-31.5,236.41,44.868,-28.8,0,-0.37126492569345204,0.4131677575498543,-10.840996130030987,21.53625893929498,0.03422795579065377,0.019064742775600014
234.24599999999998,49.401,-29.0,234.25799999999998,49.271,-26.5,234.453,49.287,-28.9,0,0.6751045299404995,2.632811850413334,17.696817526906027,30.58223678805303,0.038202659628504124,0.08605622077211374
236.078,48.121,-29.2,236.176,48.278,-31.5,235.963,48.259,-29.1,0,-0.06758908786799334,1.3930259822049615,4.574407108197712,32.77417879946562,-0.015546988845508893,0.04241921337157139
236.595,47.621,-31.5,236.36700000000002,47.684,-29.2,236.449,47.519,-29.1,0,-0.006107890670877351,1.085878749361893,3.9018447860378203,31.89086702447684,0.004542986662264026,0.0342163344958904
235.801,48.408,-28.8,235.739,48.244,-26.5,235.963,48.259,-29.1,0,-0.15127794287502833,4.504337890556821,7.044535326220146,32.58679537262918,-0.022154976630373413,0.13794439043387613
236.776,46.742,-31.5,236.638,46.837,-29.2,236.627,46.671,-29.3,0,-0.11959416533479969,0.10464476940631924,-14.118280285732013,26.25677130248962,0.008386954222665145,0.004047356273535885
233.715,49.938,-31.5,233.503,49.895,-28.8,233.664,49.794,-29.2,0,0.16523135277652534,0.9886173462387593,11.027657366027183,34.265452677426346,0.015101091994367887,0.028890240530449154
233.503,49.895,-28.8,233.452,49.755,-26.5,233.664,49.794,-29.2,0,0.5170897748723207,3.0500732294414235,10.980441974371978,34.27795255312496,0.04729557237023988,0.08903731741471078
236.288,47.43,-26.5,236.488,47.379,-28.7,236.449,47.519,-29.1,0,0.011510019790432867,3.241057948987085,2.5034563296669425,31.684843271388765,0.02053471111546654,0.10269709208834027
236.889,40.719,-26.5,236.89499999999998,40.541,-26.5,236.959,40.631,-28.8,0,0.0009650354837554168,0.5916539357252648,-0.20203518383442542,23.907882903191904,-0.01442907130818186,0.024663667436128155
236.841,40.894,-26.5,236.889,40.719,-26.5,236.95,40.802,-29.2,0,-0.06537227968132737,0.4509601561835875,4.94700580733236,22.3894299951956,-0.012955496066883941,0.020212131180108832
236.524,41.563,-26.5,236.564,41.387,-26.5,236.62900000000002,41.475,-29.4,0,0.24127372174576792,0.9901096605844731,4.3388586011694485,19.149369993867225,0.06324744998163478,0.05168801315006333
236.501,41.741,-26.5,236.524,41.563,-26.5,236.591,41.656,-29.1,0,0.11776857971324463,0.692608046807645,2.590335183517908,18.50575627963096,0.05789871129034348,0.037411999531514514
236.485,41.919,-26.5,236.501,41.741,-26.5,236.572,41.834,-29.0,0,0.049846096210359896,0.4981746251733076,1.8881573179029658,17.637291205502805,0.04118959800296886,0.028317496527369944
236.469,42.097,-26.5,236.485,41.919,-26.5,236.55599999999998,42.012,-29.0,0,0.018268756830457755,0.48097502577315937,1.8655069347263122,16.748072827358783,0.021757754966389046,0.029016726002924254
236.451,42.276,-26.5,236.469,42.097,-26.5,236.541,42.191,-29.0,0,-0.007536244496560132,0.5653139835700272,2.0048353361285933,15.805142189544199,0.0042515326221419045,0.03647975872490142
237.035,40.545,-31.5,237.031,40.724,-31.5,236.959,40.631,-28.8,0,0.017861478841241847,-0.19897886683661858,-0.7784326621153355,24.017529114986075,-0.0059856103077857645,-0.008212991075871404
237.031,40.724,-31.5,236.981,40.898,-31.5,236.95,40.802,-29.2,0,-0.04919287781392621,-0.40267450534263116,4.895211290690753,22.845439898458437,-0.01242791798817414,-0.01752356304940283
236.70999999999998,41.393,-31.5,236.676,41.57,-31.5,236.62900000000002,41.475,-29.4,0,0.07142339208207202,0.12011079471824343,3.386023698247186,19.219385094204824,0.027878588057693263,0.0062330752270959005
236.676,41.57,-31.5,236.659,41.749,-31.5,236.591,41.656,-29.1,0,0.015263806219362935,-0.0984176370325083,1.638996352160376,18.50566724389583,0.023043175230717097,-0.005440201365232781
236.659,41.749,-31.5,236.643,41.928,-31.5,236.572,41.834,-29.0,0,-0.0026156846307638665,-0.198199389901451,1.5223193990929644,17.632751581734993,0.010986672186545521,-0.011468193299080751
236.643,41.928,-31.5,236.63,42.106,-31.5,236.55599999999998,42.012,-29.0,0,-0.015410700200177202,-0.14407711304772788,1.2348227896058006,16.741564950272306,-0.001786122318941513,-0.008859339137961558
236.63,42.106,-31.5,236.618,42.285,-31.5,236.541,42.191,-29.0,0,-0.019695248101386884,-0.025406596839086887,1.1261775189443313,15.824776774835016,-0.012422682164451972,-0.001770168525387422
236.49200000000002,39.909,-26.5,236.615,39.891,-29.0,236.635,40.051,-26.5,0,0.7637557464723237,-0.18924783384494975,-18.394134457818637,18.950984575538016,-0.04386293432610319,-0.012091120772990025
236.93200000000002,40.197,-31.5,236.852,40.366,-26.5,236.75900000000001,40.202,-26.5,0,0.2323773690250492,0.5463666358261335,-12.791670795682649,21.936068398217145,-0.018986046647494016,0.024586957329553762
236.998,40.368,-31.5,236.89499999999998,40.541,-26.5,236.852,40.366,-26.5,0,0.08227622751648472,0.5731118721893733,-6.625191516534841,24.01483750966858,-0.012761432109189614,0.02372305197803309
236.998,40.368,-31.5,236.852,40.366,-26.5,236.93200000000002,40.197,-31.5,0,0.06687933256352957,0.32078111275403726,-9.713020571049356,23.546919923561333,-0.0066300318376597755,0.01366182055533513
237.035,40.545,-31.5,236.89499999999998,40.541,-26.5,236.998,40.368,-31.5,0,0.03889292706727323,0.17926305832277817,-5.965086199781524,23.98297555134343,-0.005177843819765046,0.007507097647856213
236.89600000000002,41.065,-31.5,236.753,41.059,-26.5,236.841,40.894,-26.5,0,-0.03771403500476653,0.4090387615910758,9.285637910953938,19.984471541748235,-0.0035274430363692382,0.020674049770737227
236.89600000000002,41.065,-31.5,236.841,40.894,-26.5,236.981,40.898,-31.5,0,-0.10572311581694031,-0.09705259162474061,8.808645384272268,20.573189238176298,-0.012373992133436242,-0.004549261756498735
236.789,41.225,-31.5,236.648,41.22,-26.5,236.753,41.059,-26.5,0,0.19873402665726927,0.6999732362382712,10.765380599877545,18.296135786172897,0.019827078633901745,0.03846302719726016
236.789,41.225,-31.5,236.753,41.059,-26.5,236.89600000000002,41.065,-31.5,0,0.0003358313978450987,0.16660739061690052,10.865668450615509,18.51781495011403,0.0005677828050256673,0.009196327107715709
236.70999999999998,41.393,-31.5,236.564,41.387,-26.5,236.648,41.22,-26.5,0,0.37179724260403973,0.8773239628840777,8.69732290555578,18.363779114417582,0.04573443964362186,0.047839570517978915
236.70999999999998,41.393,-31.5,236.648,41.22,-26.5,236.789,41.225,-31.5,0,0.1683699045859781,0.43487990496632095,8.112589796885402,19.0081155339725,0.022978222042169826,0.022977788981961563
