lon1,lat1,dep1,lon2,lat2,dep2,lon3,lat3,dep3,mesh_idx,strike_slip_rate,dip_slip_rate,strike_slip_rate_kinematic,dip_slip_rate_kinematic,strike_slip_coupling,dip_slip_coupling
232.06,49.636,0.0,232.155,49.468,0.0,232.174,49.619,-3.1,0,-3.112068825319609,26.592635643607426,-5.570853247139485,40.025203737968496,0.5630839811732199,0.6628022582611023
232.411,49.299,-3.8,232.173,49.109,0.0,232.41500000000002,49.088,-2.1,0,1.325633761359117,28.574924249758336,2.074576496550703,37.96282764239448,0.6300713378321067,0.751394291597735
234.663,43.131,0.0,234.711,42.959,0.0,234.957,43.141,-3.6,0,-1.8591562519555886,21.245620642027045,-3.9098672053701975,24.474563339295273,0.47510696706189487,0.8679753701711158
235.01600000000002,40.553,0.0,235.0,40.375,0.0,235.122,40.45,-3.7,0,2.0107717003047227,11.906533851096405,3.4790641830312268,25.19776404689719,0.6843473883338257,0.46992394253703773
234.215,47.089,-2.3,234.514,47.122,-4.8,234.43099999999998,47.282,-4.8,0,-0.2270980980308146,30.019186317360912,-1.440713641878439,31.371168940576197,0.12336465998372323,0.956536700946412
232.16500000000002,49.288,0.0,232.173,49.109,0.0,232.411,49.299,-3.8,0,-13.804236575877628,23.170663033210577,-22.1083570992164,31.170634694507157,0.6257866239802439,0.7423869400742376
235.189,41.661,-4.5,234.916,41.672,-2.1,234.963,41.518,-2.0,0,8.198922743292204,10.563302467265213,11.750351503414365,14.992165853563051,0.7088938668568998,0.7068437487579668
235.236,41.503,-4.6,235.189,41.661,-4.5,234.963,41.518,-2.0,0,6.429556881666938,11.474562097673951,9.358697219632603,16.777307862381576,0.7017304786925991,0.68539386220338
235.248,41.188,-4.2,235.276,41.348,-4.6,235.05200000000002,41.214,-2.0,0,4.301647260827822,13.727552385820356,6.042878267381269,19.751945843281135,0.7407001468703859,0.6948257063951343
234.951,42.568,-2.7,234.80700000000002,42.44,0.0,235.09699999999998,42.386,-4.2,0,3.7217611135620587,9.425729862118706,9.291450809427332,12.148000241453616,0.4223387604206799,0.7835188369209306
235.269,40.744,-6.5,235.312,40.919,-6.5,235.058,40.907,0.0,0,-0.4870682605428234,15.139286262239315,-0.30137122082149403,23.0394088101782,0.7265406413213473,0.6551976282101603
234.047,47.495,-2.2,234.162,47.276,-2.5,234.334,47.443,-4.7,0,-1.21110883609515,30.481579859328054,-9.300332840992432,31.875380445175253,0.12860832174454426,0.9562216074367611
235.269,40.744,-6.5,235.058,40.907,0.0,235.055,40.729,0.0,0,3.4017074977713735,14.85443606671855,4.976283177328298,23.055418632851826,0.7393686330320091,0.6430039370813161
233.725,47.955,-2.3,233.893,48.09,-4.5,233.588,48.137,-2.0,0,-1.4626004560927577,31.4471177470096,-4.321717951408964,34.50697281908692,0.33997477733023634,0.9111326323620456
234.162,47.276,-2.5,234.215,47.089,-2.3,234.43099999999998,47.282,-4.8,0,-0.5483024190677791,30.07826382597672,-4.40675992812519,31.293774042388655,0.1257586319572208,0.9608015762509601
235.09300000000002,42.2,-4.3,234.862,42.16,-2.0,234.923,42.001,-2.4,0,4.077804365367049,10.932703821796743,7.833921559184972,14.865063362537057,0.5442172662495555,0.7404448423737814
234.957,43.141,-3.6,234.711,42.959,0.0,235.013,42.979,-4.2,0,-3.559799398789913,19.60202104941793,-8.561172902581909,23.33742102168292,0.41573052623477075,0.8398155921762029
232.155,49.468,0.0,232.16500000000002,49.288,0.0,232.411,49.299,-3.8,0,-13.137327398626239,22.56273088967496,-21.768782005053144,31.67188558203367,0.604983348524838,0.711286368601348
235.13299999999998,42.007,-4.5,235.09300000000002,42.2,-4.3,234.923,42.001,-2.4,0,3.7189724276662317,10.79595101882403,7.222282515093042,15.309428901673584,0.5393023716069817,0.7099182234362265
235.276,41.348,-4.6,235.036,41.366,-2.2,235.05200000000002,41.214,-2.0,0,7.119577304802025,12.6423793808653,9.709822189617597,17.9596067153731,0.7493178251148178,0.7043462672922506
234.914,41.826,-2.0,235.166,41.851,-4.5,234.923,42.001,-2.4,0,5.281505023374783,10.993060077715548,8.71335204748408,15.523299319125897,0.6240524223014497,0.7117832907934295
233.488,48.49,-4.2,233.24200000000002,48.316,0.0,233.52100000000002,48.295,-2.7,0,1.5820647134979582,31.053918627960517,3.264800097109742,35.57851195451936,0.48066860001074263,0.8724021659590532
233.893,48.09,-4.5,233.786,48.221,-4.6,233.588,48.137,-2.0,0,1.1614636567803145,31.1805403104128,3.22221655048393,34.8416085439458,0.35727044232757926,0.8946384040800058
233.24200000000002,48.316,0.0,233.488,48.49,-4.2,233.265,48.528,-2.5,0,3.683275723334728,30.316469424998136,7.191937490105859,35.21550643661381,0.5103863488722343,0.860357413679626
235.166,41.851,-4.5,235.13299999999998,42.007,-4.5,234.923,42.001,-2.4,0,4.974028210871593,10.370999391626905,8.822808977446783,15.03726275720777,0.5814467597210218,0.6940166257125073
232.74200000000002,48.885,-2.5,232.7,48.71,0.0,233.011,48.768,-3.0,0,8.49139803172228,27.809914394279588,13.79883437692915,34.303885411318305,0.614660995723497,0.8096863186112404
234.663,43.131,0.0,234.957,43.141,-3.6,234.813,43.303,-2.4,0,-1.9340763884197003,21.059607065019776,-3.961181474279627,24.3885579335831,0.48722225004267816,0.8633889784625387
234.535,46.06,-2.0,234.82,45.899,-4.3,234.833,46.068,-4.7,0,-6.32277600938409,25.52847806363144,-10.30155747770403,26.978791833404358,0.6070644122132764,0.945494332650066
234.73399999999998,45.343,-2.4,234.92700000000002,45.258,-4.5,234.878,45.435,-4.1,0,-10.138405985325925,22.600387225004525,-13.02181378304899,24.2570224230042,0.7718702589507949,0.9311020941284487
234.82,45.899,-4.3,234.535,46.06,-2.0,234.588,45.868,-2.1,0,-6.217939789606036,25.965596234016438,-9.607658978211568,27.180031817465498,0.6401347768875165,0.9547144413662856
234.73399999999998,45.343,-2.4,234.767,45.17,-2.6,234.92700000000002,45.258,-4.5,0,-10.193031901380907,22.680587336440162,-12.808598634767655,24.22072215140288,0.7893514714405458,0.9358939722108347
235.269,40.744,-6.5,235.055,40.729,0.0,235.239,40.568,-6.5,0,0.5609129658063728,14.35946896916115,1.2545513237992907,24.13021535124099,0.701791950756262,0.5928150766171588
234.80700000000002,42.44,0.0,234.911,42.282,-2.2,235.09699999999998,42.386,-4.2,0,0.06301650134817173,12.17047134652721,0.6238538605824715,15.767447698485867,0.45658488755519355,0.775617685117822
235.239,40.568,-6.5,235.055,40.729,0.0,235.01600000000002,40.553,0.0,0,-0.09935843888926466,13.93229926686342,0.3251828928898419,24.509555467705184,0.7108320740760612,0.5656733568124938
234.66899999999998,42.108,0.0,234.699,41.93,0.0,234.923,42.001,-2.4,0,5.642296374883011,11.518396354741487,9.208257578406489,14.953218983200145,0.6321188105926472,0.774308469897606
234.711,42.959,0.0,234.921,42.84,-2.8,235.013,42.979,-4.2,0,2.6512698594823587,9.487440571681093,6.950584765728166,11.386158609699805,0.4072773071727654,0.8389124436839942
234.916,41.672,-2.1,235.189,41.661,-4.5,235.058,41.755,-3.4,0,4.446615808897656,12.078874907421676,6.757727647898662,17.383764196987073,0.679968237427537,0.696667070560693
234.862,42.16,-2.0,234.66899999999998,42.108,0.0,234.923,42.001,-2.4,0,4.815307032006585,11.430933690723764,8.437515963977404,14.91459288983981,0.5929069133526287,0.7708564308107284
235.036,41.366,-2.2,235.236,41.503,-4.6,234.963,41.518,-2.0,0,8.20790006339216,11.319201818752534,11.370373547515626,16.11863106284403,0.7338348180619135,0.7035041502827029
232.7,48.71,0.0,232.918,48.602,0.0,233.011,48.768,-3.0,0,9.683577642387744,27.54179838307819,15.960385414206012,33.15261882440028,0.6061900317060535,0.829854647952825
232.155,49.468,0.0,232.34300000000002,49.605,-6.5,232.174,49.619,-3.1,0,0.7512020599115029,25.93747948979391,1.3155677706144946,39.73531524364411,0.5561306333266363,0.6510525361638234
233.918,47.343,0.0,234.162,47.276,-2.5,234.047,47.495,-2.2,0,-1.3251161619543401,30.97649989234815,-8.81396178933013,32.16317732742816,0.14839454187379966,0.9630635957203906
234.951,42.568,-2.7,235.09699999999998,42.386,-4.2,235.112,42.551,-4.7,0,2.6190963895048203,9.689250913096608,7.577602771238219,12.898330833613613,0.37317763319202873,0.7587606435755904
234.514,47.122,-4.8,234.215,47.089,-2.3,234.377,46.998,-3.3,0,-0.6305694119511853,29.70406238098652,-4.423408765770127,30.913232674504357,0.14213898124610336,0.960516954196317
234.837,45.75,-4.2,234.82,45.899,-4.3,234.588,45.868,-2.1,0,-6.9915650324169185,25.153665594121154,-10.31002846252381,26.611986661570093,0.6704236918719835,0.9444990219251385
234.047,47.495,-2.2,234.334,47.443,-4.7,234.225,47.622,-4.5,0,-0.809982038711671,31.143021114261224,-6.08605036375446,32.850449302310224,0.13129109140916267,0.9479552317243541
234.334,47.443,-4.7,234.162,47.276,-2.5,234.43099999999998,47.282,-4.8,0,-0.5953064750144237,31.04783096166205,-5.132966051209991,32.55353766571174,0.11299877542782176,0.9536898011885256
234.90300000000002,45.053,-4.2,234.767,45.17,-2.6,234.709,44.938,-1.9,0,-12.05314407878434,21.154483986492636,-14.79878389649889,22.612050391000878,0.8094675232751259,0.9350493808095603
234.92700000000002,45.258,-4.5,235.1,45.327,-6.5,234.878,45.435,-4.1,0,-9.68201161957985,22.031228124384576,-12.804731218292034,24.235680958531752,0.7487496155996892,0.9082066560507623
234.933,43.458,-4.2,234.813,43.303,-2.4,235.003,43.296,-4.7,0,-3.0608817335142096,19.90256440904354,-6.27759734178683,23.786868644553692,0.4863583046028012,0.8365295826790793
234.921,42.84,-2.8,235.201,42.842,-6.5,235.013,42.979,-4.2,0,2.0826911891004487,8.907953581856678,6.798571835887628,11.35879789919349,0.3331274600711677,0.7915435432670481
234.643,45.671,-2.1,234.837,45.75,-4.2,234.588,45.868,-2.1,0,-5.759618245343261,25.98094076774414,-8.103574771863638,27.286901562721383,0.7011467145792004,0.9515526511805675
232.74200000000002,48.885,-2.5,233.011,48.768,-3.0,232.97899999999998,48.929,-4.8,0,8.453959414604396,26.747110335841025,14.074775289520492,34.233585545197144,0.5999394613846258,0.7801759714631863
233.95,47.654,-2.2,234.047,47.495,-2.2,234.225,47.622,-4.5,0,-0.532622960505289,31.783134333517378,-3.243519104161365,33.4963106322372,0.1614853608497655,0.9487797554984115
234.422,46.406,-2.0,234.638,46.35,-3.6,234.566,46.524,-3.5,0,-2.564103462504079,28.005865480978684,-6.2912027070601155,29.168929916824666,0.403413002880461,0.9595502982493238
234.74,43.733,-2.4,234.52100000000002,43.652,0.0,234.736,43.555,-2.3,0,-6.5065486196829045,20.0939467301746,-9.621408030985947,22.310379493050988,0.6754109773208533,0.9005717154040558
234.767,45.17,-2.6,234.566,45.053,0.0,234.709,44.938,-1.9,0,-12.947641308220856,21.12896160881116,-15.563002917283022,22.24593224409373,0.8276592226440709,0.9494460824425537
235.236,41.503,-4.6,235.036,41.366,-2.2,235.276,41.348,-4.6,0,6.924330284797011,11.878517859154519,9.779346941827527,17.328737124311488,0.7227578957459165,0.686250673364202
234.638,46.35,-3.6,234.736,46.461,-4.7,234.566,46.524,-3.5,0,-2.441210283297937,27.719796137679765,-6.09455711764689,29.15612896502806,0.3944109930867257,0.9500459709100362
234.909,44.529,-3.8,235.123,44.617,-6.5,234.95999999999998,44.719,-4.4,0,-8.148813883905884,18.347450601496845,-10.789177223721897,21.100679164587604,0.755026010078987,0.8693943661323454
233.786,48.221,-4.6,233.52100000000002,48.295,-2.7,233.588,48.137,-2.0,0,1.2067752628853476,31.23587671808485,2.968406032547592,35.09760329641494,0.40275200996948024,0.8896520038346984
234.12900000000002,47.77,-4.4,234.024,47.926,-4.5,233.84199999999998,47.804,-2.3,0,0.049226838099159335,31.6989346468777,0.21838120276956374,34.13243553663212,0.22196307343855676,0.9285658167277605
234.813,43.303,-2.4,234.933,43.458,-4.2,234.756,43.43,-2.3,0,-1.0652160909761392,21.017960284637983,-1.9740568409863926,24.446688886159023,0.5360668972000483,0.8596007206341576
235.201,42.842,-6.5,234.921,42.84,-2.8,235.048,42.708,-4.3,0,2.0301428035877254,9.154260234873675,6.810694150707377,11.800819448538789,0.32668968675823806,0.7833047476151371
233.50900000000001,48.004,0.0,233.725,47.955,-2.3,233.588,48.137,-2.0,0,-1.185664859840237,32.10710519201145,-3.289762520030788,34.83980360902037,0.36204734264324684,0.9213837199458895
234.248,46.938,-2.1,234.061,46.813,0.0,234.32,46.758,-2.1,0,-1.0630416375413052,29.671631022231573,-5.09234906183476,30.508035633288443,0.21478826477728824,0.972235197648564
234.628,44.53,0.0,234.909,44.529,-3.8,234.791,44.646,-2.2,0,-8.40020605066545,19.627082786759583,-10.35871470320626,21.32927196896179,0.810719290493766,0.9201539653768239
233.95,47.654,-2.2,234.12900000000002,47.77,-4.4,233.84199999999998,47.804,-2.3,0,0.22736956633292024,31.947894777837902,1.1047999141671436,33.98950607718328,0.20799976822921565,0.939821940346968
232.57999999999998,49.168,-4.2,232.411,49.299,-3.8,232.41500000000002,49.088,-2.1,0,2.2539943615382807,27.639590070081084,3.631381927822277,37.73173661722551,0.615871557527489,0.7311364650567643
234.839,44.265,-2.7,235.12,44.262,-6.5,234.936,44.401,-4.1,0,-6.767914510225318,18.7950566195626,-9.32424402046965,22.050824744080252,0.7252926927619117,0.8521670053897648
234.723,46.182,-4.0,234.535,46.06,-2.0,234.833,46.068,-4.7,0,-4.490940768859169,26.603383636693213,-7.8069093255799515,28.03034385867852,0.5671656058829339,0.9483530680631335
234.12900000000002,47.77,-4.4,233.95,47.654,-2.2,234.225,47.622,-4.5,0,-0.685902796004045,31.517767924040477,-4.003986135663993,33.5418411477093,0.1699277653425622,0.9395620979770435
234.061,46.813,0.0,234.125,46.639,0.0,234.32,46.758,-2.1,0,-1.502499918801759,29.41252723295636,-6.096170928165144,30.159188460439033,0.2538488065346306,0.9749070477021394
234.93,43.644,-4.4,235.13299999999998,43.729,-6.5,234.924,43.814,-4.4,0,-5.4596321273687005,18.00400059919421,-9.58448641748435,22.322865607190217,0.5684664927387127,0.8062532141778456
234.72,41.577,0.0,234.805,41.409,0.0,234.963,41.518,-2.0,0,10.673131229083564,10.282631548396553,14.140230668349574,13.878867525164281,0.7638459513227129,0.7429095963602098
234.791,44.646,-2.2,234.909,44.529,-3.8,234.95999999999998,44.719,-4.4,0,-8.620782529842437,18.911618962481185,-10.938548769880175,20.99994840553969,0.7879072087772023,0.9004865787412065
234.911,42.282,-2.2,234.862,42.16,-2.0,235.09300000000002,42.2,-4.3,0,0.8936295591354384,12.166977228015927,2.1689792444740306,16.259381909482784,0.5078778738906695,0.7520618366980759
234.909,44.529,-3.8,234.628,44.53,0.0,234.773,44.422,-2.0,0,-8.76657496187407,19.382200895431996,-10.868292790961128,21.129192893106556,0.8063822357823571,0.9172678485693988
234.628,44.35,0.0,234.635,44.171,0.0,234.839,44.265,-2.7,0,-7.52522450576269,20.16642555852421,-9.434815193577492,21.97104678436449,0.797181048029002,0.9178009104683948
235.12,44.262,-6.5,234.839,44.265,-2.7,234.987,44.147,-5.0,0,-9.982889859852815,16.202986763959682,-14.188680670610477,19.322614260868164,0.7031297705963936,0.8383184060384278
234.52100000000002,43.652,0.0,234.519,43.473,0.0,234.736,43.555,-2.3,0,-7.08814774121829,20.017084984341526,-10.492528540759352,21.958758432329013,0.6748307719486304,0.91152116083402
235.314,42.136,-6.5,235.281,42.312,-6.5,235.09300000000002,42.2,-4.3,0,3.014645942954471,9.233918893898686,7.706836657318206,14.05929038781295,0.4137638068833391,0.6636302283705823
234.588,43.302,0.0,234.663,43.131,0.0,234.813,43.303,-2.4,0,-0.26959966609132235,21.897100040132283,-0.4814144934540927,24.621326081296885,0.5512858856459997,0.8892739981823711
234.535,46.06,-2.0,234.348,45.937,0.0,234.588,45.868,-2.1,0,-6.402401942191392,26.365475328494913,-9.878831880062911,27.258328305445765,0.6426669902671104,0.96681052959051
234.711,42.959,0.0,234.716,42.779,0.0,234.921,42.84,-2.8,0,2.8542911628932313,10.195077887973762,6.872534971368395,11.967108599691016,0.44335093287199817,0.8568997748450451
234.535,43.831,0.0,234.74,43.733,-2.4,234.755,43.911,-2.5,0,-7.945176923119243,19.42847282524034,-11.037267828620053,21.511324076560413,0.7191559115070982,0.9030841275575123
235.189,41.661,-4.5,235.389,41.785,-6.5,235.166,41.851,-4.5,0,4.100305844140267,10.602180311073159,6.984759055911354,16.7195066363619,0.6067527995911053,0.6366385830258939
234.93,43.644,-4.4,234.74,43.733,-2.4,234.736,43.555,-2.3,0,-6.039068362162699,19.425092853961186,-9.642143499473555,22.330086245149566,0.6253353137374489,0.8697672525026442
234.537,45.231,0.0,234.566,45.053,0.0,234.767,45.17,-2.6,0,-9.508425611946802,23.825619101556,-11.408293593583636,24.903620870437265,0.8275493896048238,0.9564314659725408
235.122,44.439,-6.5,235.123,44.617,-6.5,234.909,44.529,-3.8,0,-7.632350427553189,17.96848172622913,-10.497800638098298,21.333611033530687,0.7267010653421532,0.8420752372544822
234.699,41.93,0.0,234.708,41.752,0.0,234.914,41.826,-2.0,0,4.941794462153718,12.70309605436787,7.425407430900918,16.786740537997332,0.6882636797490118,0.7591886881200558
234.563,44.873,0.0,234.588,44.699,0.0,234.78199999999998,44.79,-2.1,0,-10.117310554008524,22.58620364988484,-11.94990538252074,23.823340775466598,0.8419901323314986,0.9477925634015064
233.011,48.768,-3.0,233.209,48.92,-6.5,232.97899999999998,48.929,-4.8,0,7.675895093353186,26.135584836919694,13.354251197048988,34.40868709154337,0.5739811726620736,0.7584069790693438
232.489,48.823,0.0,232.7,48.71,0.0,232.74200000000002,48.885,-2.5,0,9.421682041438576,27.866885868019956,14.868512947513949,34.050884182099054,0.6330710816352811,0.817361530393486
233.52100000000002,48.295,-2.7,233.786,48.221,-4.6,233.685,48.379,-4.9,0,0.9193956502429516,30.684597610897004,2.1979269915103856,35.246428153832035,0.41240856703465395,0.8701984134157623
234.916,41.672,-2.1,234.72,41.577,0.0,234.963,41.518,-2.0,0,8.976615218106954,10.994367174259937,12.295712261694987,14.95641458624155,0.7411069764241617,0.7371882235222593
234.477,46.235,-2.0,234.535,46.06,-2.0,234.723,46.182,-4.0,0,-3.7095671214733663,27.377667886672715,-6.7194657816629615,28.5251598338334,0.5444750673138333,0.9591764054348899
235.126,44.795,-6.5,235.125,44.972,-6.5,234.911,44.883,-3.8,0,-10.826742672733657,19.430973842247695,-14.29595263216644,22.28054551957257,0.7514536629994569,0.8709488711314941
234.805,41.409,0.0,234.872,41.236,0.0,235.036,41.366,-2.2,0,9.802465414173803,11.769514862225524,12.754005952804746,16.062110092581605,0.7799129249429957,0.7336916655190246
234.813,43.303,-2.4,234.957,43.141,-3.6,235.003,43.296,-4.7,0,-1.7622540218735256,20.353824709351162,-3.8856635048664003,24.385773785562286,0.4521065405005317,0.8344875263852078
234.477,46.235,-2.0,234.289,46.112,0.0,234.535,46.06,-2.0,0,-3.951720336250804,27.6697531404211,-7.0043039754363186,28.53959705995819,0.5587220528308177,0.969075602621984
233.688,47.666,0.0,233.804,47.505,0.0,233.95,47.654,-2.2,0,-0.24275467502801062,32.440926032059174,-1.0858140744654783,33.91923303080024,0.21557430585838372,0.956346140464486
234.498,45.408,0.0,234.537,45.231,0.0,234.73399999999998,45.343,-2.4,0,-8.169545340773618,24.865149584854663,-9.997865855915308,25.879033902374353,0.8100995389823109,0.9605247786004956
235.17700000000002,43.019,-6.5,235.159,43.196,-6.5,234.957,43.141,-3.6,0,-2.7575566902808633,18.248230082167037,-8.076583633834403,23.486819804049254,0.3410042166117231,0.776709813511431
233.50900000000001,48.004,0.0,233.589,47.833,0.0,233.725,47.955,-2.3,0,-2.4792339097629252,31.719415218019808,-7.400803339319932,33.959739665793904,0.33509533931639723,0.9339072580946818
235.389,41.785,-6.5,235.35,41.961,-6.5,235.166,41.851,-4.5,0,4.41769480329407,9.46992792314835,8.286983315153805,15.518638490300788,0.549295647906696,0.6139350048917067
234.125,46.639,0.0,234.36700000000002,46.584,-2.0,234.32,46.758,-2.1,0,-1.9136566899950933,28.94209586512505,-6.853818504033136,29.756842094503227,0.284143329137712,0.9722468626568009
234.535,43.831,0.0,234.52100000000002,43.652,0.0,234.74,43.733,-2.4,0,-8.60005054759878,19.281424445036475,-11.921006805808169,21.078164377496897,0.7207981488330655,0.9146950727376066
233.918,47.343,0.0,233.957,47.165,0.0,234.162,47.276,-2.5,0,-2.1915287126343785,28.98048790995361,-14.21108542118342,29.928652967378003,0.15278762662180936,0.9682891634370896
234.399,45.761,0.0,234.451,45.585,0.0,234.643,45.671,-2.1,0,-6.099944696470967,26.401701742776858,-8.110891579707229,27.28422009563208,0.7438653721054399,0.9673016147341842
234.125,46.639,0.0,234.17700000000002,46.463,0.0,234.36700000000002,46.584,-2.0,0,-2.6289854103431294,28.573730310459162,-8.05128763519808,29.296360526122108,0.3318094421134587,0.9749844975224993
233.997,46.987,0.0,234.061,46.813,0.0,234.248,46.938,-2.1,0,-1.1389573510902047,29.794575728973648,-6.08139980748102,30.568728520430412,0.1969654171170045,0.9743545793873792
235.423,41.609,-6.5,235.389,41.785,-6.5,235.189,41.661,-4.5,0,4.699840782965646,10.146881799463783,7.921996863546781,16.620538170935873,0.6094690152276533,0.6125901157406778
234.289,46.112,0.0,234.348,45.937,0.0,234.535,46.06,-2.0,0,-4.306519309587087,27.595829038728766,-7.009727904450088,28.383234221227795,0.6083194288210626,0.9718681475229861
234.23000000000002,46.287,0.0,234.289,46.112,0.0,234.477,46.235,-2.0,0,-3.6523675841914303,28.031499862442992,-6.991472738356187,28.782795907356864,0.5195587840023869,0.9735128568814846
232.918,48.602,0.0,233.183,48.63,-2.8,233.011,48.768,-3.0,0,6.258215561916444,28.94387261021129,10.722434966890031,35.0366535925502,0.5825712638122469,0.8252919905569289
235.13299999999998,42.007,-4.5,235.314,42.136,-6.5,235.09300000000002,42.2,-4.3,0,3.074416507781199,10.059227892271705,6.795518015826843,15.107632324684687,0.47771959667047764,0.6712501122660867
234.951,41.067,0.0,235.184,41.056,-3.3,235.05200000000002,41.214,-2.0,0,8.016110987222465,13.265365093884542,10.607405304696229,18.678056689291793,0.7728993725008058,0.7102847754803386
234.519,43.473,0.0,234.588,43.302,0.0,234.756,43.43,-2.3,0,-0.7749446174343421,22.106740632496805,-1.24087985715137,24.459470188028106,0.6198542991531263,0.9037434679790367
232.918,48.602,0.0,233.089,48.464,0.0,233.183,48.63,-2.8,0,4.864114421398265,30.092948563463626,8.485533637291127,35.41379487118274,0.5718135073953683,0.8490949171943283
232.309,48.956,0.0,232.489,48.823,0.0,232.57299999999998,48.99,-2.5,0,6.3326037958697645,29.07602252302431,9.802866015710531,36.21908475991498,0.6447486900650214,0.8016794441407755
232.848,49.185,-6.5,232.678,49.324,-6.5,232.57999999999998,49.168,-4.2,0,5.154081002432052,25.168766195415756,8.870971726913513,36.7138880693434,0.5794766468028589,0.6839690567963741
232.678,49.324,-6.5,232.50900000000001,49.463,-6.5,232.411,49.299,-3.8,0,5.02092684764395,24.798130276859947,8.759799519888276,37.20462558927818,0.5716341377952442,0.6648369774532314
235.35,41.961,-6.5,235.314,42.136,-6.5,235.13299999999998,42.007,-4.5,0,3.7325274474728447,9.28922733346594,8.00671528349136,14.807062007053446,0.4850930896332394,0.6326328533601312
235.14600000000002,43.373,-6.5,235.14,43.551,-6.5,234.933,43.458,-4.2,0,-4.312065483115248,17.530514215397094,-9.634627348832062,22.540608920390753,0.44644849536070014,0.7774414077112504
234.708,41.752,0.0,234.916,41.672,-2.1,234.914,41.826,-2.0,0,3.6239975100816793,13.23471665973441,5.393139600712658,17.871104934434726,0.7023658659677843,0.7422635028697288
234.893,46.74,-6.5,234.832,46.913,-6.5,234.64600000000002,46.791,-4.8,0,-1.221331891946235,27.74981976455288,-5.295225051092707,29.911113947525088,0.22263225418578836,0.9271187136997755
234.971,46.389,-6.5,234.94299999999998,46.566,-6.5,234.736,46.461,-4.7,0,-4.057710110746571,25.388480409502552,-10.55637939826969,27.68481388321326,0.3809008684870211,0.9160192086082439
235.125,44.972,-6.5,235.113,45.15,-6.5,234.90300000000002,45.053,-4.2,0,-9.784878669713832,20.72931559915096,-12.890691457223816,23.4802500051729,0.7520122484892932,0.8818348907387642
234.688,47.254,-6.5,234.594,47.42,-6.5,234.43099999999998,47.282,-4.8,0,-0.08257373392941435,29.512565855758655,0.1984089280138157,31.539915016407647,0.09082070396435653,0.9353832522184224
234.49200000000002,47.584,-6.5,234.389,47.747,-6.5,234.225,47.622,-4.5,0,-0.2513708174352777,30.892029566055257,-2.149650265583489,33.39468194971926,0.11484167264701561,0.9249434564878707
234.389,47.747,-6.5,234.287,47.911,-6.5,234.12900000000002,47.77,-4.4,0,-0.3715783402577139,30.82928356416684,-2.37278742522909,33.75936258064446,0.15681081749714446,0.9130609749155195
234.287,47.911,-6.5,234.173,48.072,-6.5,234.024,47.926,-4.5,0,-0.06546013112986442,30.66827244362843,-0.33395850403020866,34.21078522090459,0.21391568631755922,0.8962480125387841
234.769,47.085,-6.5,234.688,47.254,-6.5,234.514,47.122,-4.8,0,-0.2965048239414335,29.074227116162824,-1.9565379366712854,31.086266797464383,0.11433028688630006,0.9349155644951243
234.594,47.42,-6.5,234.49200000000002,47.584,-6.5,234.334,47.443,-4.7,0,-0.2276642477954935,30.73566502894829,-2.406640488255002,32.955972631781236,0.09077789498370256,0.9325329110614341
234.04500000000002,48.227,-6.5,233.902,48.378,-6.5,233.786,48.221,-4.6,0,1.5970174528791747,29.591054584049242,4.57859118316232,34.67420268089541,0.34589517930708263,0.8530128848029787
232.57999999999998,49.168,-4.2,232.678,49.324,-6.5,232.411,49.299,-3.8,0,2.5486393800310267,26.269833254742117,4.28050909695815,37.7471973409339,0.5913882379244931,0.6944204482577921
234.389,47.747,-6.5,234.12900000000002,47.77,-4.4,234.225,47.622,-4.5,0,-0.5587490607313803,31.03529609324245,-3.8202082783437987,33.46665723849173,0.14536805416483398,0.9272365552062392
234.708,41.752,0.0,234.72,41.577,0.0,234.916,41.672,-2.1,0,5.5320761396456195,13.116267605771094,7.754529248970783,17.491679747434574,0.7339242942183176,0.7514302370332372
234.893,46.74,-6.5,234.64600000000002,46.791,-4.8,234.70600000000002,46.618,-4.8,0,-1.5104223546036204,27.771687827315468,-5.59913906564298,29.693903154927895,0.2630894293192278,0.9345903353987051
234.769,47.085,-6.5,234.514,47.122,-4.8,234.595,46.953,-4.9,0,-0.6293841533813173,28.898110336787546,-4.266799635474097,30.673356901368024,0.1389921470946452,0.941721267228933
235.1,45.327,-6.5,235.086,45.504,-6.5,234.878,45.435,-4.1,0,-9.244283758226807,21.963564885145175,-12.60175669300996,24.467764296194545,0.7257264009705422,0.8966593496982701
233.739,48.518,-6.5,233.56799999999998,48.656,-6.5,233.488,48.49,-4.2,0,4.276481324851466,27.880046072806422,9.19008886945624,34.62365264565899,0.4638082684906597,0.8045545105693857
235.405,41.082,-6.5,235.44799999999998,41.256,-6.5,235.248,41.188,-4.2,0,-0.5218525207096087,13.891362623959214,-0.47075267331010195,20.891056671185723,0.699211623843207,0.6639700484678895
235.04399999999998,45.859,-6.5,235.02100000000002,46.036,-6.5,234.82,45.899,-4.3,0,-7.02629234986778,23.82377101505814,-11.326182726729925,26.200705112639078,0.612611940238795,0.908078384682128
235.065,45.682,-6.5,235.04399999999998,45.859,-6.5,234.837,45.75,-4.2,0,-7.787305486368631,23.30098885299239,-11.622152214297145,25.70191242836959,0.6618579795970079,0.9054508031217517
235.086,45.504,-6.5,235.065,45.682,-6.5,234.858,45.586,-4.2,0,-8.247208051392219,22.839438935420997,-11.645194219173796,25.304323839952033,0.6997440449850542,0.9015358036729564
234.36700000000002,46.584,-2.0,234.17700000000002,46.463,0.0,234.422,46.406,-2.0,0,-2.7895434707087112,28.377226131250623,-7.556070267708336,29.18652634897625,0.37127562371810724,0.971871121233508
234.17700000000002,46.463,0.0,234.23000000000002,46.287,0.0,234.422,46.406,-2.0,0,-3.3478153513310436,28.20871778484015,-7.9148493579372605,28.9347919273159,0.42454144409659034,0.974538526204214
235.451,41.433,-6.5,235.423,41.609,-6.5,235.236,41.503,-4.6,0,4.653066183181282,11.013156778090138,7.376657775834673,17.720377921809018,0.6490120384975424,0.6224498697533609
234.334,47.443,-4.7,234.49200000000002,47.584,-6.5,234.225,47.622,-4.5,0,-0.7094312821277999,30.58672485170403,-6.388141510934421,32.65855101518048,0.10970612053500131,0.9364731176891583
234.858,45.586,-4.2,235.065,45.682,-6.5,234.837,45.75,-4.2,0,-8.123442048352139,23.558390425601747,-11.529185849087753,25.611328329784683,0.6964758157296814,0.9189229366493382
235.405,41.082,-6.5,235.248,41.188,-4.2,235.184,41.056,-3.3,0,3.078273435605418,14.215409566603562,4.520474187058056,20.83635035329206,0.7259388524809287,0.681609834783158
234.399,45.761,0.0,234.643,45.671,-2.1,234.588,45.868,-2.1,0,-6.0275113785491135,26.374472608574095,-8.37490479724947,27.345219687012374,0.7116072064759676,0.9640750844785296
234.575,44.008,0.0,234.535,43.831,0.0,234.755,43.911,-2.5,0,-11.18876291467448,17.437545214060176,-14.78723590438156,19.026806657498582,0.7562074499784219,0.9164023485829916
234.80700000000002,42.44,0.0,234.709,42.284,0.0,234.911,42.282,-2.2,0,-1.3978228486716222,12.72817203882407,-2.3215990067151893,15.92413958467452,0.5099010920513452,0.8015109743236893
235.35,41.961,-6.5,235.13299999999998,42.007,-4.5,235.166,41.851,-4.5,0,4.405768990026902,9.752617076784652,8.352916204202614,15.187868397340736,0.5449388953762568,0.6464808630657463
234.725,42.6,0.0,234.80700000000002,42.44,0.0,234.951,42.568,-2.7,0,5.1853170133659505,7.555471133616677,11.90606203896732,9.31001909347745,0.4503308735518134,0.8206919556207242
234.498,45.408,0.0,234.73399999999998,45.343,-2.4,234.674,45.523,-2.1,0,-8.697627646704673,24.55294376544558,-10.925446952199628,25.64656012749095,0.78918734383087,0.956992065768102
234.23000000000002,46.287,0.0,234.477,46.235,-2.0,234.422,46.406,-2.0,0,-3.3908675490557947,28.04118800583226,-7.241494071155806,28.87158594354868,0.4664284269004882,0.970810987507593
235.04399999999998,45.859,-6.5,234.82,45.899,-4.3,234.837,45.75,-4.2,0,-6.743031398384544,24.47434174598627,-10.18694387528297,26.5305117962277,0.6532210010763896,0.9215059822617822
234.839,44.265,-2.7,234.635,44.171,0.0,234.787,44.08,-2.7,0,-12.11038912789317,16.332919029858914,-15.73160745467036,18.102901227475066,0.7694865565427297,0.9021237835583553
234.858,45.586,-4.2,234.643,45.671,-2.1,234.674,45.523,-2.1,0,-7.4341498950624185,24.97415772677243,-9.884191493518195,26.32576290803344,0.7438065783488381,0.9481168302247248
234.643,45.671,-2.1,234.858,45.586,-4.2,234.837,45.75,-4.2,0,-8.558817028321023,24.127116713293802,-11.798433497179019,25.61242711506985,0.7181677358230789,0.9413554733436483
234.588,43.302,0.0,234.813,43.303,-2.4,234.756,43.43,-2.3,0,-1.0571548883706483,21.675728394170996,-1.8532422416439758,24.48311577826601,0.5672857726340763,0.8852389655092788
235.423,41.609,-6.5,235.189,41.661,-4.5,235.236,41.503,-4.6,0,5.58710507153771,10.706835838649488,8.731353319545889,16.77005841839687,0.6548957032989917,0.6400218170700503
235.048,42.708,-4.3,234.951,42.568,-2.7,235.112,42.551,-4.7,0,2.7172320734315187,9.14273912975809,8.2325269040536,11.924804340065435,0.3547840065064826,0.7748257441345817
235.09300000000002,42.2,-4.3,235.281,42.312,-6.5,235.09699999999998,42.386,-4.2,0,1.5251235806917094,10.539305791749154,4.2667116107123775,15.175974140021538,0.404424326108127,0.7003038327386305
234.348,45.937,0.0,234.399,45.761,0.0,234.588,45.868,-2.1,0,-5.698364651594721,26.832660300116196,-8.235619047812015,27.655510577186355,0.6849693983856529,0.9698725335387611
233.957,47.165,0.0,233.997,46.987,0.0,234.215,47.089,-2.3,0,-1.5258139868772103,29.06950449420037,-10.022364528357997,29.888694409098562,0.16426393673231438,0.9722796628037198
233.209,48.92,-6.5,233.011,48.768,-3.0,233.2,48.754,-4.4,0,6.692561626899912,26.81572563393103,11.836008663431048,34.78498208122596,0.5644356096985645,0.7698519943089197
234.911,42.282,-2.2,234.709,42.284,0.0,234.862,42.16,-2.0,0,1.1350592982345502,12.733512473232425,2.524877685292381,16.267077508925723,0.5354795812757371,0.7861840657711976
235.13299999999998,43.729,-6.5,235.128,43.906,-6.5,234.924,43.814,-4.4,0,-5.515107968053294,17.279522664776756,-9.761204200991486,22.191806836018927,0.5638427681781532,0.7783027439600653
233.24200000000002,48.316,0.0,233.376,48.16,0.0,233.52100000000002,48.295,-2.7,0,0.9641145461395376,31.826688036872024,2.0444733946260936,35.50226506145454,0.4663215006796355,0.8961404399468565
235.086,45.504,-6.5,234.858,45.586,-4.2,234.878,45.435,-4.1,0,-7.31296488019628,23.75729077085732,-9.91176866858055,25.937689604952524,0.7282830449879332,0.9150857641536524
234.594,47.42,-6.5,234.334,47.443,-4.7,234.43099999999998,47.282,-4.8,0,-0.5040011543881959,30.57456185407938,-5.141093600636779,32.46902212398799,0.09562307923398107,0.9415756239222125
234.643,45.671,-2.1,234.451,45.585,0.0,234.674,45.523,-2.1,0,-7.761961722795262,25.326056141566674,-10.141360912234305,26.343281538865405,0.7581159703495084,0.9609948077091289
235.125,44.972,-6.5,234.90300000000002,45.053,-4.2,234.911,44.883,-3.8,0,-6.769309360989905,22.670785188766576,-8.657567949754068,25.27697931551495,0.7722809093220605,0.8961459419329327
234.94299999999998,46.566,-6.5,234.893,46.74,-6.5,234.70600000000002,46.618,-4.8,0,-2.153809843102843,26.855199280891807,-7.052516690225666,29.15064003064945,0.2997240751480912,0.9204116074584959
234.997,46.213,-6.5,234.723,46.182,-4.0,234.833,46.068,-4.7,0,-4.223340367916147,25.972149172367498,-7.767650272051412,28.003897913591203,0.534571700420738,0.9264103316551007
234.73399999999998,45.343,-2.4,234.537,45.231,0.0,234.767,45.17,-2.6,0,-10.607613805604162,23.081190689162543,-13.004044138523447,24.239265839687768,0.8100164096033571,0.9518684746184275
235.14,43.551,-6.5,235.13299999999998,43.729,-6.5,234.93,43.644,-4.4,0,-4.830972067245015,17.400625827274624,-9.512492988820554,22.437359120801588,0.506611238211297,0.7751968365957439
235.184,41.056,-3.3,235.248,41.188,-4.2,235.05200000000002,41.214,-2.0,0,5.458734221248167,13.855271286845106,7.497136891992483,19.77320738785312,0.7530543686065265,0.7004717331936635
234.12900000000002,47.77,-4.4,234.287,47.911,-6.5,234.024,47.926,-4.5,0,0.10518447635750326,31.13271319203797,0.524077515118405,34.05191033873677,0.19566378871065687,0.9141094725361604
233.997,46.987,0.0,234.248,46.938,-2.1,234.215,47.089,-2.3,0,-0.9655923591419681,29.848324085455,-5.976076080814565,30.72473934196958,0.16997266121488766,0.9711427075295646
234.911,44.883,-3.8,234.90300000000002,45.053,-4.2,234.709,44.938,-1.9,0,-6.777204324918875,23.572189127017985,-8.333357995461022,25.473397200149563,0.8044276683511158,0.924876678365721
234.514,47.122,-4.8,234.688,47.254,-6.5,234.43099999999998,47.282,-4.8,0,-0.19205577824617853,29.56932754621124,-1.1061241743103807,31.344173946644666,0.10575610606703481,0.9430199582938527
234.162,47.276,-2.5,233.957,47.165,0.0,234.215,47.089,-2.3,0,-0.7274136719396873,30.272772746865833,-5.265798939055706,31.257525780161714,0.14592077140600085,0.9681539108178983
235.058,40.907,0.0,235.312,40.919,-6.5,235.184,41.056,-3.3,0,3.9289198971538504,14.833025777533498,5.591507120366657,21.76882609619622,0.7444980913330934,0.6805652023671767
233.089,48.464,0.0,233.24200000000002,48.316,0.0,233.265,48.528,-2.5,0,2.841250193640113,31.078900309414237,5.3001479290646545,35.68805731946241,0.5337683747937407,0.8703539847080286
234.832,46.913,-6.5,234.769,47.085,-6.5,234.595,46.953,-4.9,0,-0.825256218906357,28.29447661819084,-4.909146313360569,30.3549684240131,0.1599896506049129,0.9316632486896484
235.239,40.568,-6.5,235.01600000000002,40.553,0.0,235.122,40.45,-3.7,0,0.27439014851828747,12.760593590417981,0.9340683787868613,24.91253183852126,0.6798087145629479,0.5092259962065292
234.924,43.814,-4.4,235.128,43.906,-6.5,234.933,43.993,-4.4,0,-7.107549113027865,17.267664136264173,-11.441024687100644,21.287595997851476,0.6203328833458076,0.810878449527705
233.688,47.666,0.0,233.95,47.654,-2.2,233.84199999999998,47.804,-2.3,0,0.15845995456906442,32.35076712537418,0.7004417407985812,34.10159394622369,0.232386047996284,0.9485624810246656
234.511,46.679,-3.5,234.64600000000002,46.791,-4.8,234.44,46.87,-3.4,0,-1.638213137038528,28.38569685393153,-7.1107691904301475,29.67856220948935,0.23130220907890797,0.9559543207520338
234.951,41.067,0.0,235.058,40.907,0.0,235.184,41.056,-3.3,0,12.468017925214829,10.206155466949726,16.357752774439504,14.622802750473,0.7719252435501339,0.6993182861728425
234.699,41.93,0.0,234.914,41.826,-2.0,234.923,42.001,-2.4,0,5.721908345849578,11.500970383028761,9.081350190539382,15.40318147793161,0.6483452443154906,0.7502246407109288
234.839,44.265,-2.7,234.787,44.08,-2.7,234.987,44.147,-5.0,0,-11.539332409251049,15.730316506971914,-15.767299409006313,18.054527080072766,0.7314564812934446,0.8711003108401003
233.804,47.505,0.0,234.047,47.495,-2.2,233.95,47.654,-2.2,0,-0.6558769027541412,32.091898256464766,-3.526934735478651,33.54298549637001,0.18282861200280137,0.9566780034257778
232.848,49.185,-6.5,232.57999999999998,49.168,-4.2,232.813,49.027,-4.7,0,5.07332798058374,26.099274025899074,8.541507695731706,36.57587322774995,0.5923400014302419,0.7121277974137177
234.74,43.733,-2.4,234.93,43.644,-4.4,234.924,43.814,-4.4,0,-5.986516812997452,19.046826134191402,-9.547669300109462,22.318351427819223,0.6259752025515473,0.8532353558260077
235.201,42.842,-6.5,235.17700000000002,43.019,-6.5,235.013,42.979,-4.2,0,1.88675692490442,8.207733812948295,6.847675051579159,10.863469844185204,0.29988120498813126,0.7636793421755924
234.575,44.008,0.0,234.755,43.911,-2.5,234.787,44.08,-2.7,0,-9.291489375151802,18.674019751493383,-12.374074142767054,20.660848907761157,0.7503549337567252,0.9037403828177004
234.32,46.758,-2.1,234.511,46.679,-3.5,234.44,46.87,-3.4,0,-1.665234866805565,28.67755943654622,-7.163876085752854,29.751537256777205,0.23550238202804757,0.9634715786079769
234.933,43.458,-4.2,235.14,43.551,-6.5,234.93,43.644,-4.4,0,-3.94218101047771,18.668322738845845,-7.711930598460533,23.185935665363168,0.5098048012459709,0.804902073873323
235.226,42.665,-6.5,235.048,42.708,-4.3,235.112,42.551,-4.7,0,2.2781030045653785,8.715231549122288,7.944715851959984,11.790806630921452,0.31149969899745644,0.7480560913446354
233.589,47.833,0.0,233.688,47.666,0.0,233.84199999999998,47.804,-2.3,0,-1.1174997919663983,32.28345027703566,-4.095519523495259,34.084293491691064,0.2718584630389423,0.9470718432496475
232.57999999999998,49.168,-4.2,232.57299999999998,48.99,-2.5,232.813,49.027,-4.7,0,4.99594907325051,27.373112326824106,8.10970156296587,36.633163152217044,0.614317429606037,0.7459009540147894
234.024,47.926,-4.5,233.725,47.955,-2.3,233.84199999999998,47.804,-2.3,0,0.15151840778191192,31.88779656978177,0.5566680024726836,34.360567076265696,0.2675185554609303,0.9278808238137537
234.451,45.585,0.0,234.498,45.408,0.0,234.674,45.523,-2.1,0,-7.017429858072642,25.74102169328006,-8.877577401231424,26.67779976441188,0.7825958294992321,0.9645628895571667
234.957,43.141,-3.6,235.159,43.196,-6.5,235.003,43.296,-4.7,0,-2.0134624552308638,19.315609330001802,-5.155667219637294,24.224529083576286,0.38951209131293607,0.7971263449572192
235.14600000000002,43.373,-6.5,234.933,43.458,-4.2,235.003,43.296,-4.7,0,-2.936463734732239,18.911938944548798,-6.624221014166714,23.68150559417537,0.44198453240406976,0.7983500568556849
232.489,48.823,0.0,232.74200000000002,48.885,-2.5,232.57299999999998,48.99,-2.5,0,8.123364525797347,27.995228858398896,12.789152289886623,35.07004270739072,0.6343674807570583,0.7971326042314598
235.128,43.906,-6.5,235.124,44.084,-6.5,234.933,43.993,-4.4,0,-6.08952414946929,17.299273555529517,-9.891754174771734,22.008123986631894,0.6146437742151358,0.7857011315292334
234.64600000000002,46.791,-4.8,234.832,46.913,-6.5,234.595,46.953,-4.9,0,-0.8462981907843045,28.47195470082358,-4.171567776656719,30.307852020301127,0.1927026990106828,0.9389091799123943
234.024,47.926,-4.5,234.173,48.072,-6.5,233.893,48.09,-4.5,0,0.40087316174779575,30.853112210749178,1.5109139003841836,34.400631868724105,0.2602082170864446,0.8966496809963345
235.12,44.262,-6.5,235.122,44.439,-6.5,234.936,44.401,-4.1,0,-7.434294641927247,17.5937230517596,-10.62175867664234,21.407698577990374,0.6994301709889692,0.8215947311459427
234.04500000000002,48.227,-6.5,233.786,48.221,-4.6,233.893,48.09,-4.5,0,1.3135963358061973,30.323158081120198,3.9902157349691043,34.578689189992424,0.3263271018441049,0.8766144366913604
233.725,47.955,-2.3,233.589,47.833,0.0,233.84199999999998,47.804,-2.3,0,0.08354867181832329,32.37153367204239,0.28209262911588695,34.52682082768812,0.29285886868966543,0.9374408206027544
233.725,47.955,-2.3,234.024,47.926,-4.5,233.893,48.09,-4.5,0,0.3565905283176572,31.528168088739946,1.2201879600075216,34.496753027745854,0.2873245344773172,0.9137494666483037
234.933,43.458,-4.2,234.93,43.644,-4.4,234.736,43.555,-2.3,0,-4.352354434964369,19.73340174057224,-7.608462983238951,23.185024596097605,0.5707846809849744,0.8509590062082502
234.635,44.171,0.0,234.575,44.008,0.0,234.787,44.08,-2.7,0,-13.303039008230535,15.434641867629859,-17.08881029254649,16.856860081324005,0.7781582666271917,0.9155505827101968
234.588,44.699,0.0,234.628,44.53,0.0,234.791,44.646,-2.2,0,-8.24775259409715,22.998911496331008,-9.8153132879259,24.47116855156338,0.8350603530247304,0.9395565944528359
233.52100000000002,48.295,-2.7,233.376,48.16,0.0,233.588,48.137,-2.0,0,0.8523029063400271,31.813396196449396,1.9647895214287692,35.29545735640265,0.42864176404351456,0.9010520982968686
234.736,46.461,-4.7,234.94299999999998,46.566,-6.5,234.70600000000002,46.618,-4.8,0,-2.6289666276167023,26.8868592503796,-7.551324306994559,28.880029514737238,0.3432068851484893,0.930139436825752
235.02100000000002,46.036,-6.5,234.997,46.213,-6.5,234.833,46.068,-4.7,0,-6.176426626403845,24.22980292339898,-11.149326687896597,26.650598859920358,0.5471552648014841,0.9079098926977682
234.422,46.406,-2.0,234.477,46.235,-2.0,234.638,46.35,-3.6,0,-3.2032484660261127,27.784209659168468,-6.97426975273045,28.845520770971795,0.4552489780313169,0.9626619089607855
235.166,41.851,-4.5,234.914,41.826,-2.0,235.058,41.755,-3.4,0,3.841415009017571,11.847480040818503,6.208308696280824,17.04296803492727,0.6436938924545812,0.6976496126463938
234.971,46.389,-6.5,234.736,46.461,-4.7,234.826,46.311,-5.1,0,-3.1700217902099515,26.442660750362577,-7.360410398519612,28.57831160241306,0.4232260570135267,0.9242605715225016
234.878,45.435,-4.1,234.858,45.586,-4.2,234.674,45.523,-2.1,0,-7.702547632409987,24.397735895972353,-10.14945266940881,25.98686825754043,0.7503696153589375,0.9382383731566196
234.921,42.84,-2.8,234.716,42.779,0.0,234.869,42.696,-2.0,0,2.734612602596323,10.208594138353053,6.996892904597644,12.232051174475657,0.42018490432190975,0.8402025814526467
233.739,48.518,-6.5,233.488,48.49,-4.2,233.685,48.379,-4.9,0,2.491321978558272,29.184884609182653,5.559456574232993,35.16293053458541,0.44549904284997893,0.8294452571226729
234.173,48.072,-6.5,234.04500000000002,48.227,-6.5,233.893,48.09,-4.5,0,0.6360447112799134,30.24733045718168,2.219606841000319,34.53521967401247,0.28178611298052725,0.8755537444413547
234.73399999999998,45.343,-2.4,234.878,45.435,-4.1,234.674,45.523,-2.1,0,-8.346709791102175,24.194275350144043,-10.710574716865032,25.628592658591472,0.7715121874558463,0.943522544086505
235.312,40.919,-6.5,235.405,41.082,-6.5,235.184,41.056,-3.3,0,-4.732424386218036,14.0976214918507,-6.293135410466078,20.88255978460093,0.717608049471243,0.6729575527256373
234.805,41.409,0.0,235.036,41.366,-2.2,234.963,41.518,-2.0,0,9.001453774604743,11.685474077425347,11.98612363429585,16.053734261372057,0.7627129355547855,0.7290841716705219
235.036,41.366,-2.2,234.872,41.236,0.0,235.05200000000002,41.214,-2.0,0,7.570365346056968,13.170164490297969,9.96733029380394,18.199854794281578,0.7758300277450276,0.7239507366290222
234.911,42.282,-2.2,235.09300000000002,42.2,-4.3,235.09699999999998,42.386,-4.2,0,1.8860052722784635,11.206721786769185,4.629139888481831,15.268560176829538,0.45261903030315326,0.739214194130946
234.723,46.182,-4.0,234.997,46.213,-6.5,234.826,46.311,-5.1,0,-5.457917422384963,25.12876473156946,-10.86425793588787,27.116544822856383,0.4970570886254858,0.9256632524507364
233.488,48.49,-4.2,233.52100000000002,48.295,-2.7,233.685,48.379,-4.9,0,2.7499650940405465,30.04269864219079,6.054967404909434,35.049967160378586,0.45195256292681546,0.8566649165787433
234.709,42.284,0.0,234.66899999999998,42.108,0.0,234.862,42.16,-2.0,0,1.5701778042868766,13.124427463149592,3.090918322416144,16.556816325601858,0.5770067668030877,0.7957336075251543
234.78199999999998,44.79,-2.1,234.588,44.699,0.0,234.791,44.646,-2.2,0,-12.559297512113123,20.313030069090228,-15.092367923587211,21.700071243932975,0.8284643082212947,0.935659054714833
233.804,47.505,0.0,233.918,47.343,0.0,234.047,47.495,-2.2,0,-0.2708686378439484,32.2994312271658,-1.4858039792692992,33.54410329229207,0.17287706207137346,0.962844811786616
235.44799999999998,41.256,-6.5,235.451,41.433,-6.5,235.276,41.348,-4.6,0,2.6164947584413554,12.567633726673238,4.106398517905376,19.590273009077265,0.675893412681371,0.6414603348791853
234.755,43.911,-2.5,234.924,43.814,-4.4,234.933,43.993,-4.4,0,-7.679082580689392,18.235121645567396,-11.40512457940845,21.28427042779073,0.672509934732461,0.8565554040262384
234.767,45.17,-2.6,234.90300000000002,45.053,-4.2,234.92700000000002,45.258,-4.5,0,-11.617318023786174,21.193878727072498,-14.628932815118162,22.88458659139942,0.788481846204051,0.925508784922292
234.755,43.911,-2.5,234.74,43.733,-2.4,234.924,43.814,-4.4,0,-7.4406995947595655,18.796223035803738,-11.029136239638497,21.539864279256058,0.673821296928777,0.8724764073878715
233.786,48.221,-4.6,233.902,48.378,-6.5,233.685,48.379,-4.9,0,1.3693834425418745,29.834325320432658,3.5078023974174184,34.99848512955434,0.38644432598767814,0.8520323066772004
235.248,41.188,-4.2,235.44799999999998,41.256,-6.5,235.276,41.348,-4.6,0,3.763572907427202,13.153614319382058,5.57183808751293,19.696088435292154,0.7061503988975025,0.6676713218765212
235.451,41.433,-6.5,235.236,41.503,-4.6,235.276,41.348,-4.6,0,6.20718028010606,11.241753866286416,9.286035584825058,17.322633463017468,0.6833251346480144,0.649767216293281
235.281,42.312,-6.5,235.253,42.489,-6.5,235.09699999999998,42.386,-4.2,0,2.3131294874774517,9.191453722439476,7.233019865164124,13.428731190058613,0.34640903407503987,0.6924387034742567
235.048,42.708,-4.3,234.921,42.84,-2.8,234.869,42.696,-2.0,0,2.377263625280765,9.830890722503845,6.880536048112219,12.204049675797194,0.3754524256632776,0.812107365414198
234.563,44.873,0.0,234.78199999999998,44.79,-2.1,234.709,44.938,-1.9,0,-5.496490113626454,24.59344616868899,-6.511923440393581,26.012517887748373,0.8348408003950271,0.9451689439361597
235.226,42.665,-6.5,235.201,42.842,-6.5,235.048,42.708,-4.3,0,1.8010276832132963,8.717521681802014,6.954377490004248,11.844825874594278,0.2867239586617122,0.7447006145629222
234.78199999999998,44.79,-2.1,234.911,44.883,-3.8,234.709,44.938,-1.9,0,-5.348960465472777,24.061638918964125,-6.4867976778319765,25.891527332824133,0.814220661841915,0.9289195207676454
234.595,46.953,-4.9,234.514,47.122,-4.8,234.377,46.998,-3.3,0,-0.6535744572805324,29.332609331198796,-4.270779205941725,30.742243928618578,0.14850462443420195,0.9537505051986619
234.248,46.938,-2.1,234.32,46.758,-2.1,234.44,46.87,-3.4,0,-0.9773807410388398,29.454640785360482,-4.845834542050284,30.454737514429794,0.20387356672449677,0.9667743589845034
234.951,42.568,-2.7,235.048,42.708,-4.3,234.869,42.696,-2.0,0,3.0183230296563255,9.236137904006638,8.48267413063391,11.624781963751644,0.37984145060542124,0.8021182808894137
234.477,46.235,-2.0,234.723,46.182,-4.0,234.638,46.35,-3.6,0,-4.640447939277648,26.708415203160474,-9.310642706479811,27.938091414900022,0.4943261779045974,0.9553436973291749
232.309,48.956,0.0,232.57299999999998,48.99,-2.5,232.41500000000002,49.088,-2.1,0,4.199451392075245,29.047999609592477,6.532778008571551,37.08862594507827,0.6405722039577505,0.7820231584609136
233.39100000000002,48.789,-6.5,233.209,48.92,-6.5,233.2,48.754,-4.4,0,6.000588376678295,26.25499920528983,11.115166225125911,34.926843767815726,0.5387139553712459,0.7506634781307094
233.025,49.051,-6.5,232.848,49.185,-6.5,232.813,49.027,-4.7,0,5.912030314350332,25.305987930674252,10.246956136023858,35.91130017876759,0.5757197988084437,0.7032552490905125
232.74200000000002,48.885,-2.5,232.97899999999998,48.929,-4.8,232.813,49.027,-4.7,0,7.644674967402949,26.628481173310057,12.662365195495587,34.98167089045539,0.6028759993751849,0.7599687938671289
234.628,44.35,0.0,234.839,44.265,-2.7,234.773,44.422,-2.0,0,-6.755027004574717,20.387402196029853,-8.47454319488891,22.31623911109068,0.7966762543307508,0.9135038366946469
232.173,49.109,0.0,232.309,48.956,0.0,232.41500000000002,49.088,-2.1,0,1.3817351459539098,29.62892810473498,2.1134345886775066,37.804747220954475,0.6454304922768316,0.78258325540866
235.126,44.795,-6.5,234.911,44.883,-3.8,234.95999999999998,44.719,-4.4,0,-11.0536304740788,19.534365522311962,-14.34026622617398,22.12203961809214,0.7654433490691369,0.8819977677375641
233.56799999999998,48.656,-6.5,233.39100000000002,48.789,-6.5,233.37099999999998,48.628,-4.5,0,5.267313096036672,26.965578867344597,10.408485827579216,34.71604085173642,0.5047704407607043,0.7758893803930419
234.32,46.758,-2.1,234.36700000000002,46.584,-2.0,234.511,46.679,-3.5,0,-1.7931671578096426,28.742382690312763,-6.520413502492723,29.73690824709422,0.2770520364279536,0.966119548787682
234.736,46.461,-4.7,234.638,46.35,-3.6,234.826,46.311,-5.1,0,-3.2718937484786106,26.952635023542655,-7.4795193219177065,28.618598931169537,0.43137255496351073,0.9409680677682438
234.716,42.779,0.0,234.725,42.6,0.0,234.869,42.696,-2.0,0,3.033753187796142,10.634479423987175,7.222944637372791,12.633202426938652,0.4496677630716026,0.847095019453548
234.736,43.555,-2.3,234.519,43.473,0.0,234.756,43.43,-2.3,0,-4.183756749034943,21.058004869020987,-6.6591147765323555,23.482057962840628,0.6271532483349327,0.896690629692832
235.123,44.617,-6.5,235.126,44.795,-6.5,234.95999999999998,44.719,-4.4,0,-7.93191224862534,17.974417951334733,-10.738084320287502,21.07310115394892,0.738441168002232,0.8528063133287841
235.122,44.439,-6.5,234.909,44.529,-3.8,234.936,44.401,-4.1,0,-7.2167275004050255,18.63883852130254,-9.755316425095671,21.73449671474441,0.7393754790183263,0.8574078509308495
233.902,48.378,-6.5,233.739,48.518,-6.5,233.685,48.379,-4.9,0,3.330440063084931,28.445003219580446,8.163855107603663,34.44038345659796,0.40621138965578385,0.825382725811698
233.488,48.49,-4.2,233.56799999999998,48.656,-6.5,233.37099999999998,48.628,-4.5,0,3.4601074694155485,28.525475675869906,6.962159353205756,35.3318265943043,0.4949012049737322,0.806665544437255
234.628,44.53,0.0,234.628,44.35,0.0,234.773,44.422,-2.0,0,-8.444190001944959,19.970088686729188,-10.273360722184037,21.46235723737557,0.8216971471724808,0.9304366817264407
233.376,48.16,0.0,233.50900000000001,48.004,0.0,233.588,48.137,-2.0,0,0.7644170309934405,32.21226259003865,1.8659983952092807,35.13950707359109,0.4055093413516892,0.9164607721046807
234.787,44.08,-2.7,234.755,43.911,-2.5,234.933,43.993,-4.4,0,-8.586598417702017,18.21978562854586,-12.063929897659257,20.834534221002016,0.7111187953751655,0.8743457225480574
234.90300000000002,45.053,-4.2,235.113,45.15,-6.5,234.92700000000002,45.258,-4.5,0,-10.906434253095835,20.785469354755914,-14.157526839039775,23.02239196571705,0.7640182946567201,0.9019877576412729
234.70600000000002,46.618,-4.8,234.64600000000002,46.791,-4.8,234.511,46.679,-3.5,0,-1.5955021409151207,28.228388635842382,-5.84904881628734,29.71179433518398,0.2691830011371926,0.9494942457746848
234.725,42.6,0.0,234.951,42.568,-2.7,234.869,42.696,-2.0,0,3.5243139823232905,9.686931557824767,8.733701827764236,11.842245288147922,0.4274065484653984,0.8247435173938341
234.872,41.236,0.0,234.951,41.067,0.0,235.05200000000002,41.214,-2.0,0,10.843150946599952,11.565121529551334,13.978277141724035,15.997448449547278,0.7867522917367771,0.7236866227880617
233.209,48.92,-6.5,233.025,49.051,-6.5,232.97899999999998,48.929,-4.8,0,6.373245582827743,25.513729216728695,11.300482901089705,35.25294584431094,0.5629019662445891,0.7224622292802838
234.914,41.826,-2.0,234.916,41.672,-2.1,235.058,41.755,-3.4,0,3.2065388064950295,12.7788069892492,4.937938608990152,17.842508545637116,0.6814802096810493,0.7179748332712763
234.36700000000002,46.584,-2.0,234.422,46.406,-2.0,234.566,46.524,-3.5,0,-2.638158979393831,28.159437501096377,-7.300900384748964,29.167060370994875,0.36116092136248334,0.9649657678208526
233.183,48.63,-2.8,233.089,48.464,0.0,233.265,48.528,-2.5,0,3.5496126371342607,30.285771389992398,6.425577403194411,35.70732635450129,0.5504029242281397,0.847551965984481
233.37099999999998,48.628,-4.5,233.39100000000002,48.789,-6.5,233.2,48.754,-4.4,0,5.06025814937224,27.44627979889954,9.494937961377392,35.16285782445888,0.5315196295616232,0.7796574253123024
234.566,45.053,0.0,234.563,44.873,0.0,234.709,44.938,-1.9,0,-13.226212147280906,21.05858046938047,-15.629000079598235,22.050768016574246,0.8424862592393841,0.9547325218278389
234.987,44.147,-5.0,234.787,44.08,-2.7,234.933,43.993,-4.4,0,-7.456360947202742,18.45186009083984,-10.624146703319163,21.575121857959054,0.701134279227616,0.8550451859746576
232.57299999999998,48.99,-2.5,232.57999999999998,49.168,-4.2,232.41500000000002,49.088,-2.1,0,4.240915310438778,28.03811861615551,6.753692957395176,37.08140669032012,0.6257231094149092,0.7548176802195904
232.57299999999998,48.99,-2.5,232.74200000000002,48.885,-2.5,232.813,49.027,-4.7,0,8.077312866458259,26.950258244014666,13.042970907793105,35.008024585383616,0.6184867191272108,0.768568831094696
235.124,44.084,-6.5,235.12,44.262,-6.5,234.987,44.147,-5.0,0,-6.445520099057258,17.33735904470836,-9.899011598257331,21.879112214573126,0.6503600420926874,0.7920921076129762
234.78199999999998,44.79,-2.1,234.791,44.646,-2.2,234.95999999999998,44.719,-4.4,0,-11.807164568549547,20.077252436986935,-14.626785689279366,21.934366796018367,0.8028769538014059,0.914682185075956
235.159,43.196,-6.5,235.14600000000002,43.373,-6.5,235.003,43.296,-4.7,0,-3.331727029327733,17.789048326523027,-8.737134338919468,23.070190667681665,0.3804461572526863,0.7708072094627505
234.64600000000002,46.791,-4.8,234.595,46.953,-4.9,234.44,46.87,-3.4,0,-0.9304279205344459,28.89672368399092,-4.633008287967932,30.334619005623765,0.19615536838559017,0.9521312394013997
235.253,42.489,-6.5,235.226,42.665,-6.5,235.112,42.551,-4.7,0,1.9186493846422192,8.930890983810409,7.08788699780871,12.619101560600882,0.2986330499881122,0.7164752541870403
234.997,46.213,-6.5,234.971,46.389,-6.5,234.826,46.311,-5.1,0,-5.0282209291988895,24.761173837606513,-10.802701536450193,27.21134182921523,0.46012696633028793,0.9087416226015422
235.189,41.661,-4.5,235.166,41.851,-4.5,235.058,41.755,-3.4,0,4.579729507373265,11.20607000918248,7.370085713694635,16.73045895949025,0.6408891786407104,0.6722276018675516
234.82,45.899,-4.3,235.02100000000002,46.036,-6.5,234.833,46.068,-4.7,0,-6.3800309693846184,24.649261318389186,-10.573730903683881,26.72289948050335,0.5957856874008437,0.9213364541030067
235.113,45.15,-6.5,235.1,45.327,-6.5,234.92700000000002,45.258,-4.5,0,-9.516434668873597,21.321135204542582,-12.719586268246637,23.994233109246387,0.7405692806276885,0.8875992013570325
235.17700000000002,43.019,-6.5,234.957,43.141,-3.6,235.013,42.979,-4.2,0,-3.0199380866508516,18.52989602117977,-8.635552118608636,23.323444851563046,0.34955054098998056,0.7942696453010766
233.011,48.768,-3.0,233.183,48.63,-2.8,233.2,48.754,-4.4,0,6.338613498674719,27.992822515730246,11.133972855047727,34.841461912657536,0.5682257054549658,0.8025403561355376
234.839,44.265,-2.7,234.936,44.401,-4.1,234.773,44.422,-2.0,0,-6.662421344544381,19.841154843127423,-8.633854105474754,22.257305154533007,0.7712052517589932,0.8913421905304334
235.124,44.084,-6.5,234.987,44.147,-5.0,234.933,43.993,-4.4,0,-6.74950531917152,17.686595353646982,-10.271419837375419,21.759773010646946,0.6563060031901835,0.8125285754272882
235.09699999999998,42.386,-4.2,235.253,42.489,-6.5,235.112,42.551,-4.7,0,2.200739650381463,9.4311807531627,7.039390814355755,13.198794567176861,0.34139589097161044,0.7224997789930452
235.1,40.384,-3.3,235.2,40.393,-6.5,235.122,40.45,-3.7,0,0.7342920895066369,11.057338643475902,1.7662649291264358,25.579091627277762,0.6385169548003344,0.4291181833669342
232.122,49.693,-3.3,232.06,49.636,0.0,232.174,49.619,-3.1,0,0.2675613908955408,26.47062614177353,0.455066052839479,41.148690615480405,0.5438706026184725,0.641561770871639
234.215,47.089,-2.3,234.248,46.938,-2.1,234.377,46.998,-3.3,0,-0.8107641023462336,29.72125837740602,-5.177697670787506,30.744836923880918,0.16079574495871204,0.9663504151269247
234.736,46.461,-4.7,234.70600000000002,46.618,-4.8,234.566,46.524,-3.5,0,-2.7602282901750685,27.35828962658195,-7.857014180835627,28.880716445314533,0.34845526491233725,0.9465980252183219
234.911,44.883,-3.8,234.78199999999998,44.79,-2.1,234.95999999999998,44.719,-4.4,0,-11.493476258207131,20.267466732047197,-14.357349131439875,22.247193685951046,0.7956821522372498,0.9102996248538442
232.97899999999998,48.929,-4.8,233.025,49.051,-6.5,232.813,49.027,-4.7,0,7.468998590657229,25.479868350795044,12.819049928058213,34.90840423802101,0.5817999251908142,0.7285631160745868
234.933,43.458,-4.2,234.736,43.555,-2.3,234.756,43.43,-2.3,0,-3.8431814094019225,20.378601529121543,-6.6955581326601035,23.51371525836879,0.5727169741332531,0.8665356503397308
233.183,48.63,-2.8,233.37099999999998,48.628,-4.5,233.2,48.754,-4.4,0,5.108863752320022,28.36388707030564,9.344035703429535,35.19348055514502,0.5453475545336356,0.8051284342320973
234.566,46.524,-3.5,234.70600000000002,46.618,-4.8,234.511,46.679,-3.5,0,-1.8114649521216066,28.209828861993255,-5.753781598225416,29.577939040311165,0.31083796877455677,0.953153367476419
234.595,46.953,-4.9,234.377,46.998,-3.3,234.44,46.87,-3.4,0,-0.8193806819879247,29.251710336980533,-4.676086567156865,30.537245753445994,0.173147802723706,0.9574898329643973
234.638,46.35,-3.6,234.723,46.182,-4.0,234.826,46.311,-5.1,0,-4.475530110771256,26.326368740072393,-9.243093485311888,27.904328385059145,0.4790945899113084,0.9426383401354892
234.36700000000002,46.584,-2.0,234.566,46.524,-3.5,234.511,46.679,-3.5,0,-1.887634366734218,28.52011313132103,-5.970588587386338,29.628577935769023,0.3148646612403844,0.9620851470660061
233.265,48.528,-2.5,233.488,48.49,-4.2,233.37099999999998,48.628,-4.5,0,3.359257963904226,29.457027140848588,6.511358355028442,35.46647700981685,0.5137667167003439,0.8299245800902515
234.936,44.401,-4.1,234.909,44.529,-3.8,234.773,44.422,-2.0,0,-7.517896345625235,19.390279771943725,-9.691184793332795,21.74497865923633,0.7753980107918647,0.8916165092936911
233.183,48.63,-2.8,233.265,48.528,-2.5,233.37099999999998,48.628,-4.5,0,3.8605139887950655,29.351567768206497,7.153782089880148,35.51875759007994,0.5377425870923707,0.8256756920939082
234.377,46.998,-3.3,234.248,46.938,-2.1,234.44,46.87,-3.4,0,-0.8656082460768195,29.502701464682577,-4.932348134680481,30.58007976594422,0.17733609368584052,0.9643871798443182
235.2,40.393,-6.5,235.239,40.568,-6.5,235.122,40.45,-3.7,0,-0.4702088619770839,11.943092736988554,-0.13932010459771504,25.227531418820234,0.6428066148610996,0.4699686130557526
232.34300000000002,49.605,-6.5,232.184,49.75,-6.5,232.174,49.619,-3.1,0,3.6585324156666137,24.619491076785213,6.906097392927456,39.7009655628184,0.5276709593985721,0.6182842220070363
235.0,40.375,0.0,235.1,40.384,-3.3,235.122,40.45,-3.7,0,0.8307238193084303,11.10779071333769,1.8509256177246414,25.736369769787615,0.6586218853797796,0.428379143175708
232.184,49.75,-6.5,232.122,49.693,-3.3,232.174,49.619,-3.1,0,0.35831122212969607,25.593564895333326,0.641579143075587,41.02636102954143,0.5280200434695663,0.6220747503886094
232.34300000000002,49.605,-6.5,232.155,49.468,0.0,232.411,49.299,-3.8,0,-2.7347782130667238,26.389394746506873,-4.794133550531367,39.19406786372486,0.5754777313543846,0.6717593598549402
232.50900000000001,49.463,-6.5,232.34300000000002,49.605,-6.5,232.411,49.299,-3.8,0,4.5318108443889935,24.616136666693386,8.041866043844223,37.6365839935401,0.561784862607524,0.6522951771547386
233.05200000000002,49.335,-11.5,232.678,49.324,-6.5,232.848,49.185,-6.5,0,4.950292803631641,23.397480541585622,9.178529785703933,36.958514690355145,0.5379190961524682,0.6314315435378033
233.05200000000002,49.335,-11.5,232.858,49.463,-11.5,232.678,49.324,-6.5,0,6.632733982180744,21.35244051785704,13.007661361713371,36.087357674581334,0.5092058916250098,0.5899105703408355
235.2,40.393,-6.5,235.281,40.377,-9.0,235.30700000000002,40.454,-9.0,0,-2.2026543735320265,10.69433800955709,-3.0565014412111964,25.204040652263373,0.590881922098533,0.4197722630941236
235.281,40.377,-9.0,235.362,40.361,-11.5,235.30700000000002,40.454,-9.0,0,-2.2290102920930552,10.367907398371225,-3.247719410810191,25.183959360113732,0.5626279872753828,0.40708843165117714
232.34300000000002,49.605,-6.5,232.67000000000002,49.595,-11.5,232.486,49.729,-11.5,0,5.590681607987713,21.465699777935505,11.358043167874634,37.77547039495631,0.49137428643162084,0.5663520708511703
232.858,49.463,-11.5,232.50900000000001,49.463,-6.5,232.678,49.324,-6.5,0,4.834976711504968,23.129172598445017,9.05470572343908,37.530761126420614,0.53256972041474,0.6145153551442388
232.858,49.463,-11.5,232.67000000000002,49.595,-11.5,232.50900000000001,49.463,-6.5,0,6.044946824266952,21.439357957419368,11.980724673524762,36.98951132788626,0.5037617953148016,0.5777577212197537
234.601,48.098,-11.5,234.392,48.043,-8.7,234.497,47.876,-8.7,0,-0.2129292074871417,28.833036798502512,-1.5941284922160808,34.055552635160694,0.13874182325249754,0.8463815106823775
232.67000000000002,49.595,-11.5,232.34300000000002,49.605,-6.5,232.50900000000001,49.463,-6.5,0,4.340164092342783,22.988559243897285,8.32344815885434,38.23907705465886,0.5198799467801588,0.5993556168822158
234.699,47.931,-11.5,234.601,48.098,-11.5,234.497,47.876,-8.7,0,-0.26470192832311257,28.3889539886938,-2.494760040561065,33.8514579992683,0.10912863246131738,0.8383651280039233
235.611,41.343,-8.7,235.821,41.375,-11.5,235.601,41.536,-8.8,0,2.7015412149401983,9.884223248042147,5.163892409407282,18.784551015154022,0.5483265084844718,0.5264777814585947
234.699,47.931,-11.5,234.497,47.876,-8.7,234.591,47.714,-8.7,0,-0.2568361747567683,29.20050083970163,-2.8066761208942985,33.60049602268516,0.09278924518210815,0.8688372573460201
234.79000000000002,47.762,-11.5,234.699,47.931,-11.5,234.591,47.714,-8.7,0,-0.26150582111252546,28.70799774537995,-3.736615670184271,33.361905259987836,0.07081092383117697,0.8602797812004452
235.293,43.465,-8.8,235.14600000000002,43.373,-6.5,235.34199999999998,43.238,-9.3,0,-2.886102551747484,15.934769222434733,-8.884981983793473,23.062990892258014,0.32377428299568456,0.6904998534976453
235.821,41.375,-11.5,235.798,41.554,-11.5,235.601,41.536,-8.8,0,2.6914119787536417,8.775064245280245,5.589258394865709,18.268336690937133,0.5020198216977628,0.4809024630072266
234.49099999999999,48.262,-11.5,234.274,48.21,-8.8,234.392,48.043,-8.7,0,0.3119454425363974,28.163863281016614,1.5206457281964667,34.44097631437014,0.197053290912289,0.8173908701258331
234.79000000000002,47.762,-11.5,234.591,47.714,-8.7,234.689,47.543,-8.7,0,-0.1940162563268087,29.376514698901232,-3.006969915807705,33.21258452459294,0.06419898923934737,0.8843184651809873
234.882,47.593,-11.5,234.79000000000002,47.762,-11.5,234.689,47.543,-8.7,0,-0.18501642539225815,28.85373708612634,-3.601939432684677,32.9990022960574,0.05104390273710267,0.874184367839428
234.601,48.098,-11.5,234.49099999999999,48.262,-11.5,234.392,48.043,-8.7,0,-0.05976105595505057,27.79238115183296,-0.4415612830126605,34.32575535551032,0.1616614757979849,0.8093255868928755
235.483,43.335,-11.5,235.293,43.465,-8.8,235.34199999999998,43.238,-9.3,0,-2.3925714265201004,14.439899649843516,-8.935671702142038,23.072487738261877,0.26675288965975297,0.6253278830223462
234.887,47.204,-8.7,235.082,47.26,-11.5,234.793,47.377,-8.7,0,-0.11006595796218857,27.839628762763283,0.2153492807109103,31.357328840585886,0.0826176324427817,0.8876569246683265
235.082,47.26,-11.5,234.988,47.428,-11.5,234.793,47.377,-8.7,0,-0.08919184889034709,27.53342685821279,0.741236372879488,31.477572693961747,0.06699982283315628,0.8746169530661406
234.969,47.028,-8.7,235.17000000000002,47.09,-11.5,234.887,47.204,-8.7,0,-0.3210384599640673,27.094283337951822,-1.7114512348935094,30.876137844728937,0.12712852826276036,0.8772469802159487
235.281,42.312,-6.5,235.314,42.136,-6.5,235.49200000000002,42.189,-9.3,0,2.487363606894816,8.540297299441129,7.256171332039543,14.216018921065057,0.3649447438224401,0.6078331234882766
234.368,48.422,-11.5,234.137,48.377,-8.8,234.274,48.21,-8.8,0,0.7276449559420998,27.23482182324738,2.744647491384166,34.76182951150655,0.25968611410652287,0.7830125700489061
235.281,42.312,-6.5,235.49200000000002,42.189,-9.3,235.461,42.355,-9.3,0,2.032527817206376,8.133735221949694,7.012861715132885,13.893511614072537,0.3128183708681031,0.5933035577307176
234.793,47.377,-8.7,234.882,47.593,-11.5,234.689,47.543,-8.7,0,-0.10392539581758527,29.362115859342,-1.7433208453031206,32.93199461559614,0.05675782652145735,0.8914327192191523
235.601,41.536,-8.8,235.75,41.73,-11.5,235.55700000000002,41.719,-8.7,0,3.4210752019231347,8.26750420086792,7.061846027368006,16.93398499623683,0.4997088053902233,0.48987284661400815
235.798,41.554,-11.5,235.75,41.73,-11.5,235.601,41.536,-8.8,0,3.7249378260944095,7.727727427328183,7.965415126112347,16.737142994823017,0.4803595783264538,0.4630592799438834
234.988,47.428,-11.5,234.882,47.593,-11.5,234.793,47.377,-8.7,0,-0.0712158441739855,28.778906748988785,-1.251667012341084,32.78990842018881,0.05304276705149902,0.8774872002527934
235.17000000000002,47.09,-11.5,235.082,47.26,-11.5,234.887,47.204,-8.7,0,-0.15473754578107704,26.85252343967924,-0.28719423758864693,31.06756952353527,0.10564300353957794,0.8641967913455514
235.046,46.843,-8.8,235.251,46.919,-11.5,234.969,47.028,-8.7,0,-0.8690164380863495,25.97529142078929,-4.209358797049521,30.181174382988395,0.18787421607682855,0.8600919922167543
234.49099999999999,48.262,-11.5,234.368,48.422,-11.5,234.274,48.21,-8.8,0,0.4089885859168136,26.859052656108513,1.7890100626777254,34.65972016506754,0.22051548834830573,0.774498261363765
235.55700000000002,41.719,-8.7,235.704,41.907,-11.5,235.523,41.862,-8.7,0,3.3095088479420864,7.6684509539721315,7.574369730028508,15.855039335238075,0.45131788001232376,0.4867588326912644
235.75,41.73,-11.5,235.704,41.907,-11.5,235.55700000000002,41.719,-8.7,0,3.2562767977765783,7.202500024577591,7.699882192344262,15.958608938607966,0.4359994150412083,0.45393472197355794
235.251,46.919,-11.5,235.17000000000002,47.09,-11.5,234.969,47.028,-8.7,0,-0.3311614402050661,25.902830220303468,-1.3920123385938368,30.60963501960115,0.1603198930343125,0.8458779849952269
235.253,42.489,-6.5,235.281,42.312,-6.5,235.461,42.355,-9.3,0,1.8878913128157198,8.581003261859664,6.824814391498535,13.56001624337236,0.30287029651939407,0.6412191042059979
235.253,42.489,-6.5,235.461,42.355,-9.3,235.43200000000002,42.53,-9.3,0,1.5454426282163751,8.134092659540938,6.692433663494086,13.180674345376616,0.25717699555572976,0.6263073095222789
235.53,40.696,-11.5,235.269,40.744,-6.5,235.369,40.642,-9.0,0,-2.913885116142401,13.366876471475827,-4.092361320432531,22.99869964312863,0.633345543006158,0.5779996183657115
235.1,46.677,-8.7,235.309,46.744,-11.5,235.046,46.843,-8.8,0,-1.1217400416987522,25.09649654212187,-4.072016259107549,29.812886911197438,0.2558980432491283,0.8408038624083312
235.152,46.476,-8.9,235.356,46.567,-11.5,235.1,46.677,-8.7,0,-3.1663074427608406,23.13826082139283,-9.468988481504923,28.10072356356632,0.32823934033178725,0.8218504900716336
235.309,46.744,-11.5,235.251,46.919,-11.5,235.046,46.843,-8.8,0,-1.2214671571583022,24.490299464546396,-5.082932974612781,29.76432496764002,0.225334375788722,0.8220075936000993
235.226,42.665,-6.5,235.43200000000002,42.53,-9.3,235.404,42.706,-9.3,0,1.27769033287655,7.970276612775036,6.568475506361551,12.354571050935277,0.22182438114745914,0.6551706436838652
235.226,42.665,-6.5,235.253,42.489,-6.5,235.43200000000002,42.53,-9.3,0,1.5455081122638246,8.430890245655002,6.726993948010289,12.721267065324326,0.2575862120077185,0.6721188600877928
235.589,41.146,-8.9,235.791,41.197,-11.5,235.611,41.343,-8.7,0,-0.3054891709230811,11.704463894263114,-0.23073036849018536,20.427874424163065,0.5788871313481404,0.5722461793870242
235.356,46.567,-11.5,235.309,46.744,-11.5,235.1,46.677,-8.7,0,-2.06683883580827,23.2373123326348,-6.863160354277859,29.017938286240124,0.29109423043025384,0.7994150799755309
235.38,42.89,-9.3,235.201,42.842,-6.5,235.404,42.706,-9.3,0,1.1429026519625118,7.755974244031702,6.197025779920722,11.646912208118522,0.21200395619681173,0.6759919036204194
235.201,42.842,-6.5,235.226,42.665,-6.5,235.404,42.706,-9.3,0,1.3727165478542926,8.194364973177892,6.546945436645871,11.928516461285142,0.2375967968369038,0.6966347259629502
235.72199999999998,41.026,-11.5,235.589,41.146,-8.9,235.495,40.956,-8.9,0,-3.8079317576259633,12.540554150312996,-5.93541210921137,20.548029595068158,0.605322646986391,0.6083697861624141
235.35899999999998,43.059,-9.3,235.17700000000002,43.019,-6.5,235.38,42.89,-9.3,0,1.24157484778468,7.327059001572377,6.098969166967805,10.807945733796231,0.22798444581872074,0.6874500459609281
235.17700000000002,43.019,-6.5,235.201,42.842,-6.5,235.38,42.89,-9.3,0,1.412112544263807,7.7902670320652145,6.446681486500495,11.07469490423398,0.24448536194803044,0.7127853841350374
235.791,41.197,-11.5,235.821,41.375,-11.5,235.611,41.343,-8.7,0,-0.18768298268772304,10.549735410333936,-0.07148433041231783,20.010835998122445,0.5338741247220259,0.5267241751678748
235.34199999999998,43.238,-9.3,235.159,43.196,-6.5,235.35899999999998,43.059,-9.3,0,-2.1900891180240905,16.180428139301746,-8.285592499892765,23.442144277147726,0.2637649137271137,0.6898347506905737
235.269,40.744,-6.5,235.53,40.696,-11.5,235.453,40.839,-9.1,0,-3.039948025220221,13.628493991934679,-4.285368869919523,22.617949522658506,0.6388170176078606,0.599653599719276
234.137,48.377,-8.8,234.197,48.561,-11.5,233.963,48.531,-8.9,0,2.9818984453374906,25.67173723140831,9.183308016083547,34.12571733458537,0.32308832881878224,0.7516514037206704
235.22899999999998,45.96,-8.9,235.441,46.031,-11.5,235.20499999999998,46.135,-8.9,0,-5.479696754122368,21.10919175703402,-10.477916509220442,26.526701249280464,0.5141793186806015,0.7933848454120818
235.441,46.031,-11.5,235.414,46.21,-11.5,235.20499999999998,46.135,-8.9,0,-4.815104798025719,20.441816636062782,-9.977392007411382,26.845221500364097,0.4737901212606007,0.7588440988939398
235.159,43.196,-6.5,235.17700000000002,43.019,-6.5,235.35899999999998,43.059,-9.3,0,-2.2288428690110784,16.971528435282245,-8.110437928615049,23.55153774477141,0.27448717353497054,0.7202763981793676
235.20499999999998,46.135,-8.9,235.414,46.21,-11.5,235.179,46.314,-8.9,0,-4.794019504901681,21.67239261427658,-10.25856151224857,27.01461302187454,0.45937936874003044,0.7999590703779558
235.414,46.21,-11.5,235.388,46.389,-11.5,235.179,46.314,-8.9,0,-4.316137926354878,20.935574338549834,-10.114674313561444,27.195386582435674,0.41908287178671966,0.7674042959134698
235.179,46.314,-8.9,235.388,46.389,-11.5,235.152,46.476,-8.9,0,-3.920172452862768,22.367857943211312,-9.68006917165539,27.615085443976426,0.3976873188573278,0.8079715565441205
235.388,46.389,-11.5,235.356,46.567,-11.5,235.152,46.476,-8.9,0,-3.3699136343682707,21.802764495406375,-9.18391455513239,27.91435534479264,0.3594610259125646,0.7790597375328642
235.452,45.851,-11.5,235.441,46.031,-11.5,235.22899999999998,45.96,-8.9,0,-6.489720212691485,19.258160428806512,-12.287517687333114,25.45092394833285,0.520244181364062,0.7540140578762967
234.368,48.422,-11.5,234.197,48.561,-11.5,234.137,48.377,-8.8,0,2.752322279792245,25.010593548068357,9.75256615709352,33.770331124085274,0.2807125512801876,0.7400139111693418
235.452,45.851,-11.5,235.22899999999998,45.96,-8.9,235.245,45.778,-8.9,0,-6.6918287454267755,20.29087098843748,-11.750504373830616,25.58775406984472,0.5608925532882031,0.7906635718154318
235.14600000000002,43.373,-6.5,235.159,43.196,-6.5,235.34199999999998,43.238,-9.3,0,-2.823172077138978,16.689987796761603,-8.766797653643117,23.170343411561156,0.3211822382957113,0.7199566702885533
233.05200000000002,49.335,-11.5,232.848,49.185,-6.5,233.049,49.181,-8.9,0,5.819783616884014,22.702656990590313,11.064833737941612,36.23264569574753,0.5249258031006144,0.6249637676231486
235.589,41.146,-8.9,235.405,41.082,-6.5,235.495,40.956,-8.9,0,-3.848824000968996,13.215863037230095,-5.572303781861251,20.704986580083954,0.6526262872810058,0.6364426841494073
235.459,45.672,-11.5,235.452,45.851,-11.5,235.245,45.778,-8.9,0,-7.291374238580573,18.722759691564356,-12.834468408956084,24.7733417762363,0.559924260154575,0.7532299278235207
235.459,45.672,-11.5,235.245,45.778,-8.9,235.25900000000001,45.6,-8.9,0,-7.279076432399071,19.830044842286924,-11.992512586524427,25.081804809057672,0.5980311754003078,0.7884382656448014
235.44799999999998,41.256,-6.5,235.589,41.146,-8.9,235.611,41.343,-8.7,0,0.023513247753059685,12.451818274558294,0.31345145539549435,20.447666438063862,0.629063969682013,0.6083026328615252
232.34300000000002,49.605,-6.5,232.486,49.729,-11.5,232.29399999999998,49.76,-8.9,0,4.629412224905886,22.22370939063467,9.342818172000808,38.55200515370009,0.4942777258542459,0.5745770807453229
235.464,45.492,-11.5,235.459,45.672,-11.5,235.25900000000001,45.6,-8.9,0,-7.840713192676732,18.25792305649965,-13.10716032505637,24.230837488150797,0.5898254366337783,0.7511323223107566
235.483,43.335,-11.5,235.475,43.514,-11.5,235.293,43.465,-8.8,0,-2.5670879213541613,13.366348437748194,-9.481360925275496,22.780322383135022,0.2696297477607038,0.5861508515546553
235.464,45.492,-11.5,235.25900000000001,45.6,-8.9,235.26999999999998,45.42,-8.9,0,-7.876951242866314,19.2446455138006,-12.43154119974735,24.471283972547283,0.6247578638766572,0.784380710764482
235.293,43.465,-8.8,235.475,43.514,-11.5,235.288,43.633,-8.8,0,-3.2376727184454936,13.976357203392693,-9.801470923254755,22.552866058837992,0.32907927979041274,0.6191372125996549
235.475,43.514,-11.5,235.465,43.694,-11.5,235.288,43.633,-8.8,0,-2.9838928530481565,13.044098678341104,-9.241446284809271,22.75214777301548,0.3215264391302909,0.57264401472345
235.451,41.433,-6.5,235.611,41.343,-8.7,235.601,41.536,-8.8,0,3.171119027159456,10.688292919803061,5.514784473577407,18.70812595526479,0.5996470030836634,0.5717140690859194
235.62900000000002,40.86,-11.5,235.72199999999998,41.026,-11.5,235.495,40.956,-8.9,0,-4.4873559582646925,12.423422587729881,-7.236967368933648,20.618322051232212,0.5872185851625848,0.6000361032305296
235.46699999999998,45.312,-11.5,235.464,45.492,-11.5,235.26999999999998,45.42,-8.9,0,-8.268792054557617,17.731425600596868,-13.368527459453688,23.68440464745874,0.6101953064485485,0.7463979186257568
234.94299999999998,46.566,-6.5,235.152,46.476,-8.9,235.1,46.677,-8.7,0,-3.24260670363064,24.570484080501018,-9.617662916194035,28.184359441970095,0.3321053765452023,0.8704952512173535
235.704,41.907,-11.5,235.66,42.083,-11.5,235.505,42.02,-9.0,0,2.5621444320903395,6.905780089895777,7.452443350547043,14.954413477799307,0.3589296021506609,0.4666058642792876
233.902,48.378,-6.5,234.137,48.377,-8.8,233.963,48.531,-8.9,0,3.10082813191442,27.13786189010698,8.928790761211152,34.18851851813588,0.34565042318113226,0.7932134605543806
235.46699999999998,45.312,-11.5,235.26999999999998,45.42,-8.9,235.27800000000002,45.242,-8.9,0,-8.339334058276094,18.610232562600466,-12.826115282448129,23.868825012332124,0.6415904951911611,0.7777153790736959
235.465,43.694,-11.5,235.461,43.874,-11.5,235.28199999999998,43.815,-8.8,0,-3.7774762807668214,12.64195882573031,-9.987737151042715,22.285765949296824,0.37691328566412885,0.5665360177661275
235.469,45.132,-11.5,235.46699999999998,45.312,-11.5,235.27800000000002,45.242,-8.9,0,-8.486457330099322,17.17729235563882,-13.495299730243318,23.21014036746695,0.6206946230092381,0.7378214775692603
234.197,48.561,-11.5,234.015,48.696,-11.5,233.963,48.531,-8.9,0,3.8286051340910623,24.033981134006233,11.248913189439513,33.760177138621145,0.33908910777284706,0.7111707440741889
235.02100000000002,46.036,-6.5,235.04399999999998,45.859,-6.5,235.22899999999998,45.96,-8.9,0,-6.546344863969689,22.9563257833668,-11.060221563745877,26.280480999278033,0.5835021673770868,0.8718861913876268
233.963,48.531,-8.9,234.015,48.696,-11.5,233.788,48.668,-8.9,0,3.9023213319875496,24.7906530808484,10.257441899873303,34.27917459173325,0.3790264131707341,0.7224322906335247
235.466,44.952,-11.5,235.285,45.061,-8.9,235.286,44.882,-8.9,0,-8.976882361885961,17.00487747996507,-13.738522318850713,22.54381931331767,0.6459948207915849,0.7520702780179472
235.461,43.874,-11.5,235.461,44.053,-11.5,235.281,43.989,-8.8,0,-4.507017140005402,12.5192479872198,-10.475450065240047,21.91658329227566,0.42912269673432774,0.5704631116668056
234.997,46.213,-6.5,235.02100000000002,46.036,-6.5,235.20499999999998,46.135,-8.9,0,-5.787971305978545,23.453681921807167,-10.906099557235123,26.742436146965034,0.5232763818115411,0.8753897802968544
235.461,44.053,-11.5,235.461,44.233,-11.5,235.28,44.168,-8.8,0,-5.031438147745826,12.821383391308071,-10.475349869913053,21.77271220713363,0.47940689709361545,0.588137433808716
235.02100000000002,46.036,-6.5,235.22899999999998,45.96,-8.9,235.20499999999998,46.135,-8.9,0,-5.916994762995033,22.675543375802967,-10.744301483749453,26.559533596610947,0.5423842505789889,0.851895780120563
235.22899999999998,45.96,-8.9,235.04399999999998,45.859,-6.5,235.245,45.778,-8.9,0,-7.240250174535203,21.769168884201953,-12.009882684819814,25.603975341031024,0.5946283614383967,0.8484065607753424
234.137,48.377,-8.8,234.04500000000002,48.227,-6.5,234.274,48.21,-8.8,0,0.7088366684253279,28.66775161383358,2.485395779032615,34.79373161780114,0.2796284348631962,0.8235397478074169
234.997,46.213,-6.5,235.20499999999998,46.135,-8.9,235.179,46.314,-8.9,0,-5.122354005649965,23.207596003673853,-10.523097688840316,27.047101016233967,0.4794585303716117,0.8562384680028905
235.465,43.694,-11.5,235.28199999999998,43.815,-8.8,235.288,43.633,-8.8,0,-3.7565278239068842,13.73567083682598,-9.732302125864685,22.454248584986786,0.38464325627882,0.6110796149082798
234.971,46.389,-6.5,234.997,46.213,-6.5,235.179,46.314,-8.9,0,-4.845980496002281,24.021629392939577,-10.578364324872638,27.273689620348208,0.45184828835630114,0.8792308707988462
235.437,40.531,-11.5,235.239,40.568,-6.5,235.30700000000002,40.454,-9.0,0,-2.0735760559208902,12.021403255212773,-2.816602346663956,24.347479591002497,0.6034395264743028,0.4898885813697485
235.461,44.053,-11.5,235.28,44.168,-8.8,235.281,43.989,-8.8,0,-5.085689140814577,13.652746989271927,-10.337788664702849,21.89238878632127,0.49094404645431877,0.6229556247876105
235.469,45.132,-11.5,235.27800000000002,45.242,-8.9,235.285,45.061,-8.9,0,-8.5229611302963,17.983824556943613,-12.979213000950033,23.388025948025927,0.648385451060255,0.7669124033874972
235.461,43.874,-11.5,235.281,43.989,-8.8,235.28199999999998,43.815,-8.8,0,-4.555170371668953,13.487011362368904,-10.333708864191145,22.036430620280548,0.4396046540309156,0.6113543771395977
234.971,46.389,-6.5,235.179,46.314,-8.9,235.152,46.476,-8.9,0,-4.137619413650932,23.873619984505662,-9.944440785258628,27.655450879122853,0.40967640039348086,0.8616380099754117
235.461,44.233,-11.5,235.461,44.413,-11.5,235.28,44.348,-8.9,0,-5.512488795084605,13.350693169891795,-10.475295392313491,21.616270169013838,0.525563800820559,0.6169564219257818
235.04399999999998,45.859,-6.5,235.065,45.682,-6.5,235.245,45.778,-8.9,0,-7.283072048687379,22.41627420973225,-11.36008015052903,25.760897110601917,0.632277223245503,0.8686243525892181
234.94299999999998,46.566,-6.5,234.971,46.389,-6.5,235.152,46.476,-8.9,0,-3.9200189886717967,24.5893750770312,-10.290925174082282,27.773703717734527,0.37606820912762046,0.8840237743956401
235.314,42.136,-6.5,235.35,41.961,-6.5,235.505,42.02,-9.0,0,3.1739824399615477,8.60177093764206,7.580509796631134,14.943795271805072,0.4373119397973935,0.5809839057580628
235.466,44.952,-11.5,235.469,45.132,-11.5,235.285,45.061,-8.9,0,-8.88012711103709,16.299410018697234,-14.119286240282364,22.425094023216545,0.621454221915382,0.7244055428000494
233.902,48.378,-6.5,234.04500000000002,48.227,-6.5,234.137,48.377,-8.8,0,1.578987378110645,28.632898580361097,4.8322382283404295,34.74330692878217,0.32379411703849914,0.8236857138022282
234.893,46.74,-6.5,235.1,46.677,-8.7,235.046,46.843,-8.8,0,-1.171762779461264,26.426815238497067,-4.331666639880538,29.886909696163343,0.2542767918026024,0.8833464196535906
235.461,44.413,-11.5,235.462,44.593,-11.5,235.28199999999998,44.525,-8.9,0,-5.982464591829896,13.929494636733159,-10.593749937849303,21.418366089654228,0.5642405743760535,0.6497799541168766
235.72199999999998,41.026,-11.5,235.791,41.197,-11.5,235.589,41.146,-8.9,0,-2.7412489436546124,11.748375145506449,-4.540689825055011,20.450204277527035,0.5613836104094687,0.5730407578438653
235.461,44.233,-11.5,235.28,44.348,-8.9,235.28,44.168,-8.8,0,-5.203226660882696,14.28208766724751,-9.640339285699177,22.067831166253136,0.5389233828149113,0.6465730891566351
235.245,45.778,-8.9,235.065,45.682,-6.5,235.25900000000001,45.6,-8.9,0,-7.885919737815504,21.24769166543148,-12.24304866568113,25.096286772352116,0.6355483571882541,0.8449421376962927
235.28,44.348,-8.9,235.461,44.413,-11.5,235.28199999999998,44.525,-8.9,0,-6.210695420713086,14.496519979304672,-10.699460809480072,21.415398844136234,0.5799306861752718,0.6763810299992854
234.274,48.21,-8.8,234.173,48.072,-6.5,234.392,48.043,-8.7,0,0.26524881625752383,29.384109767533353,1.194572256825058,34.46805772122409,0.21317957928690165,0.8522070458486091
233.788,48.668,-8.9,233.824,48.823,-11.5,233.607,48.799,-8.9,0,4.9075103198164935,23.91701386675319,11.527415422175137,34.35439501670243,0.4245562446758122,0.6952449574859737
235.462,44.593,-11.5,235.463,44.773,-11.5,235.28300000000002,44.702,-8.9,0,-6.296079508538874,14.50233455577677,-10.593267393066213,21.27656541578515,0.594008465125692,0.6811295508447565
235.25900000000001,45.6,-8.9,235.086,45.504,-6.5,235.26999999999998,45.42,-8.9,0,-8.53093592582303,20.604104235827748,-12.6720647840692,24.48738748938606,0.6647328285211845,0.8398209964518116
235.065,45.682,-6.5,235.086,45.504,-6.5,235.25900000000001,45.6,-8.9,0,-7.714082645699764,21.95295338615704,-11.3887893901301,25.36315385699087,0.668192686329018,0.8641111101058854
235.463,44.773,-11.5,235.466,44.952,-11.5,235.286,44.882,-8.9,0,-8.752946330012742,15.609530204230579,-14.117667270959494,22.02134956285377,0.6129663177833663,0.7061580391562492
235.462,44.593,-11.5,235.28300000000002,44.702,-8.9,235.28199999999998,44.525,-8.9,0,-6.478591641395863,15.080643575991319,-10.578924858234686,21.33633360345801,0.6120226035760733,0.7063570184823795
234.832,46.913,-6.5,234.893,46.74,-6.5,235.046,46.843,-8.8,0,-1.1650565518944265,27.122771431911737,-5.036546205371597,30.006903176909923,0.21986111016211354,0.9031975283975434
233.739,48.518,-6.5,233.963,48.531,-8.9,233.788,48.668,-8.9,0,4.072480054918208,26.29233242042212,10.03510077685848,34.33123230998474,0.40438329424931035,0.7651366117868541
234.893,46.74,-6.5,234.94299999999998,46.566,-6.5,235.1,46.677,-8.7,0,-2.0452276203622306,26.141044479285394,-6.79490574762788,29.24039111991398,0.29321216601187167,0.8930081886970571
234.015,48.696,-11.5,233.824,48.823,-11.5,233.788,48.668,-8.9,0,5.045988880842273,23.020692605998235,12.96852403692888,33.61591266276612,0.38809308354538635,0.6839173361110303
235.463,44.773,-11.5,235.286,44.882,-8.9,235.28300000000002,44.702,-8.9,0,-9.119109139731748,16.03677510007445,-14.228901582946136,21.822597610252167,0.6342677680425403,0.7323443495714842
233.739,48.518,-6.5,233.902,48.378,-6.5,233.963,48.531,-8.9,0,3.2599046965172485,27.525408168678496,8.375267239627295,34.54142088659658,0.3874715957013912,0.7962889530104742
235.523,41.862,-8.7,235.704,41.907,-11.5,235.505,42.02,-9.0,0,3.031424808996662,7.441087157204015,7.609949406933012,15.314109750905601,0.4133157859605796,0.4900238545845422
234.04500000000002,48.227,-6.5,234.173,48.072,-6.5,234.274,48.21,-8.8,0,0.6472452972471803,29.47480179271234,2.4748435168442144,34.60652688904132,0.2567364178758571,0.8513867013971759
235.44799999999998,41.256,-6.5,235.405,41.082,-6.5,235.589,41.146,-8.9,0,-0.7666086255312055,13.340808182983457,-0.8659756511205217,20.893305574707767,0.6604809793190968,0.6375015205931256
234.769,47.085,-6.5,234.969,47.028,-8.7,234.887,47.204,-8.7,0,-0.33640904550425127,28.07308945962154,-1.951753776392703,30.98361937256466,0.12559985096237733,0.9057213774901529
233.56799999999998,48.656,-6.5,233.788,48.668,-8.9,233.607,48.799,-8.9,0,5.12887927646045,25.38213623979689,11.321841634952081,34.38481329263753,0.451808291240132,0.737296365887151
235.423,41.609,-6.5,235.451,41.433,-6.5,235.601,41.536,-8.8,0,4.066739199882215,10.265810108626251,6.95155973584923,17.79931359124123,0.6033474748181252,0.577692565488939
234.392,48.043,-8.7,234.287,47.911,-6.5,234.497,47.876,-8.7,0,-0.27562017697933694,29.833089455778907,-1.8432738349108782,34.03702367390534,0.15270192963261225,0.8762734726532606
234.832,46.913,-6.5,235.046,46.843,-8.8,234.969,47.028,-8.7,0,-0.8777615330027794,27.15355202871612,-4.4013444221001485,30.283481898291747,0.1843822414178913,0.8960918599817955
235.086,45.504,-6.5,235.1,45.327,-6.5,235.26999999999998,45.42,-8.9,0,-8.667350806755612,21.07152872312292,-12.352846217085926,24.50997981477485,0.6931464963218186,0.8583568637843471
235.285,45.061,-8.9,235.125,44.972,-6.5,235.286,44.882,-8.9,0,-9.761808799504335,18.308687590686276,-13.95587681807855,22.56065675971744,0.6924820570444289,0.8097851270027373
235.437,40.531,-11.5,235.53,40.696,-11.5,235.369,40.642,-9.0,0,-4.766077643962645,12.166706581433447,-7.560853396057297,22.493582576215957,0.5865340141845766,0.536434631804256
235.26999999999998,45.42,-8.9,235.1,45.327,-6.5,235.27800000000002,45.242,-8.9,0,-9.038008598066384,19.93792732750442,-13.05971760835569,23.881937940322494,0.6838836437991658,0.8333146103505795
235.423,41.609,-6.5,235.601,41.536,-8.8,235.55700000000002,41.719,-8.7,0,4.065892639291531,9.287557522568479,7.46044200408636,17.062844092468424,0.5607553839552208,0.5458399898396322
235.451,41.433,-6.5,235.44799999999998,41.256,-6.5,235.611,41.343,-8.7,0,2.2139564067092823,11.936201514789717,3.7207131586094135,19.633734873849562,0.6367494648803563,0.6078543619286981
233.56799999999998,48.656,-6.5,233.739,48.518,-6.5,233.788,48.668,-8.9,0,4.172216242680159,26.726861356737537,9.424559267139692,34.709973382129604,0.4411631512923728,0.769257143771368
235.1,45.327,-6.5,235.113,45.15,-6.5,235.27800000000002,45.242,-8.9,0,-8.951670365329681,20.49212367327504,-12.496723916072916,24.047870729725602,0.7080991667558126,0.8508077301836827
233.824,48.823,-11.5,233.632,48.952,-11.5,233.607,48.799,-8.9,0,5.490840086338467,22.479949372827168,12.809109581235894,34.14508544456052,0.42770189584534685,0.6572961777087158
234.173,48.072,-6.5,234.287,47.911,-6.5,234.392,48.043,-8.7,0,-0.008287993460884154,30.033953512290513,-0.0833034891122022,34.29278153246927,0.19173124404030487,0.8755733709347383
234.688,47.254,-6.5,234.887,47.204,-8.7,234.793,47.377,-8.7,0,-0.11702943060792674,28.68664048414669,-0.015487699073354122,31.473845700608123,0.0861165600537264,0.9111839039875295
235.269,40.744,-6.5,235.239,40.568,-6.5,235.369,40.642,-9.0,0,0.24074101578136767,13.573039855410562,0.8756157573266705,23.731438901605344,0.6596004231177571,0.5695719210265557
235.312,40.919,-6.5,235.269,40.744,-6.5,235.453,40.839,-9.1,0,-0.8050196096029161,14.38078320977034,-0.7664795574999346,22.635799421258696,0.6821398416391972,0.6333176412907346
234.769,47.085,-6.5,234.832,46.913,-6.5,234.969,47.028,-8.7,0,-0.7759055706552938,27.818884248134864,-4.66075831899532,30.480563866274927,0.15440203225149712,0.9122314015237221
235.27800000000002,45.242,-8.9,235.113,45.15,-6.5,235.285,45.061,-8.9,0,-9.254776648275238,19.310924388351502,-13.205849975930661,23.404162806580047,0.6929822678169777,0.8235331366096406
233.607,48.799,-8.9,233.632,48.952,-11.5,233.42000000000002,48.929,-8.9,0,5.610019807241574,23.14464453785923,12.166767185067737,34.586127346745,0.4600667403825127,0.6680554006408544
235.113,45.15,-6.5,235.125,44.972,-6.5,235.285,45.061,-8.9,0,-9.116361026137886,19.827967621334487,-12.646787804039946,23.57777201494654,0.7130650770697442,0.8395604396061997
234.287,47.911,-6.5,234.389,47.747,-6.5,234.497,47.876,-8.7,0,-0.2865569728023332,30.309542861560274,-2.124447666834877,33.84470171752409,0.13605954299122358,0.8953723613101812
233.632,48.952,-11.5,233.439,49.079,-11.5,233.42000000000002,48.929,-8.9,0,6.02058046635366,21.804890955188124,13.13139882032156,34.47607307129913,0.45762030251495966,0.6311983243793533
235.389,41.785,-6.5,235.55700000000002,41.719,-8.7,235.523,41.862,-8.7,0,3.973649208815577,8.568622233923977,7.975226955001361,15.971568018339951,0.5128987335404339,0.5393991856918481
235.125,44.972,-6.5,235.126,44.795,-6.5,235.286,44.882,-8.9,0,-10.06732715303784,18.49123657683075,-14.057050083744592,22.352628207144576,0.7096713614371307,0.8256355263510035
235.389,41.785,-6.5,235.423,41.609,-6.5,235.55700000000002,41.719,-8.7,0,4.066995388161166,9.354191854256245,7.486035095992605,16.681717950688352,0.5593770683072214,0.5628865267328855
235.126,44.795,-6.5,235.123,44.617,-6.5,235.28300000000002,44.702,-8.9,0,-7.5231344149154795,17.109181721701297,-10.768246309464189,21.141925395367494,0.698374220638574,0.8090190159649222
235.497,43.155,-11.5,235.34199999999998,43.238,-9.3,235.35899999999998,43.059,-9.3,0,-1.7654239890336856,14.746865854592441,-8.314726717235452,23.463482847346775,0.211841578799586,0.6280227257216906
235.123,44.617,-6.5,235.122,44.439,-6.5,235.28199999999998,44.525,-8.9,0,-7.136644649583297,16.870604234414714,-10.532511421413304,21.401304595880347,0.6771894042862537,0.7880006874864629
233.39100000000002,48.789,-6.5,233.56799999999998,48.656,-6.5,233.607,48.799,-8.9,0,5.149730027935161,25.86452041635425,10.609217472880665,34.8211890450435,0.4841189061568823,0.7418477015095915
233.439,49.079,-11.5,233.24599999999998,49.207,-11.5,233.232,49.058,-8.9,0,6.232128230601088,21.3132311762369,13.003864129336398,34.97453703552429,0.47843306707714867,0.6079365368684096
235.122,44.439,-6.5,235.12,44.262,-6.5,235.28,44.348,-8.9,0,-6.894165566868138,16.437438501215052,-10.653894856563788,21.48228476693336,0.6465437124367694,0.764792954464048
234.594,47.42,-6.5,234.793,47.377,-8.7,234.689,47.543,-8.7,0,-0.14483997668743862,30.025155334091473,-1.9722775931852468,32.920332815701975,0.06950490652309947,0.9119260593799293
234.688,47.254,-6.5,234.769,47.085,-6.5,234.887,47.204,-8.7,0,-0.2711315122980105,28.663932214331474,-1.7086366333725067,31.219577328892044,0.10638600170632148,0.9178239144704873
235.286,44.882,-8.9,235.126,44.795,-6.5,235.28300000000002,44.702,-8.9,0,-9.970745270021215,17.369570022603323,-14.443778412077066,21.83746689488028,0.6840876013277042,0.7934230112301985
234.497,47.876,-8.7,234.389,47.747,-6.5,234.591,47.714,-8.7,0,-0.3223040463742134,30.036652302132175,-3.0512693908892565,33.567665226351636,0.1058899014209064,0.8946406745509
235.405,41.082,-6.5,235.312,40.919,-6.5,235.495,40.956,-8.9,0,-4.7816358420244045,13.616494294368882,-6.679620860390855,20.8126588650942,0.6818386642472628,0.6519339502551208
235.28300000000002,44.702,-8.9,235.123,44.617,-6.5,235.28199999999998,44.525,-8.9,0,-7.031200600545703,16.490637514643367,-10.547640438192268,21.33546376002907,0.6662683101099452,0.7726044342638883
233.24599999999998,49.207,-11.5,233.05200000000002,49.335,-11.5,233.049,49.181,-8.9,0,6.434270034631816,20.917927813125335,13.079533745351588,35.37382587755323,0.4911869855346295,0.5897126482809688
235.12,44.262,-6.5,235.124,44.084,-6.5,235.28,44.168,-8.8,0,-6.024229737642701,16.302254593806957,-9.926269920839104,21.96098038868311,0.6060756597904063,0.7418964987090976
235.122,44.439,-6.5,235.28,44.348,-8.9,235.28199999999998,44.525,-8.9,0,-6.814610344575622,16.02070540558249,-10.668085285718039,21.416806464220798,0.6382945608826707,0.7476496044809386
233.39100000000002,48.789,-6.5,233.607,48.799,-8.9,233.42000000000002,48.929,-8.9,0,5.86467394065499,24.62039055743663,11.970709308034271,34.618666668649794,0.4888593514712273,0.710112224661497
233.42000000000002,48.929,-8.9,233.439,49.079,-11.5,233.232,49.058,-8.9,0,6.022311432039906,22.52353773854189,12.367420280660873,34.96845374795429,0.4860069241641246,0.6427776838780992
235.537,42.797,-11.5,235.38,42.89,-9.3,235.404,42.706,-9.3,0,0.8266213004030769,7.149273405398991,5.8216725592583884,11.762890917179192,0.16933118584649323,0.6186099038761966
235.49200000000002,42.189,-9.3,235.314,42.136,-6.5,235.505,42.02,-9.0,0,2.611620253429483,8.188453344455024,7.214046921974614,14.66856640851779,0.38189492298560124,0.5643752225682135
234.389,47.747,-6.5,234.49200000000002,47.584,-6.5,234.591,47.714,-8.7,0,-0.18643096763911618,30.47099435771398,-1.9082858190206071,33.500067450018506,0.09641048852059281,0.9094390445101741
235.28,44.168,-8.8,235.124,44.084,-6.5,235.281,43.989,-8.8,0,-5.73016302021503,15.321119026938742,-10.30688236505113,21.86841338864388,0.5550059729097556,0.700081696569498
235.461,42.355,-9.3,235.59199999999998,42.439,-11.5,235.43200000000002,42.53,-9.3,0,1.2289230395987778,7.449141234042638,6.319171662181475,13.31888756650821,0.21969794858727554,0.5686234403707663
235.35,41.961,-6.5,235.389,41.785,-6.5,235.523,41.862,-8.7,0,3.85318871078173,8.78989872147659,7.879484546706948,15.659211954690505,0.5049636837907244,0.5650041246540478
235.124,44.084,-6.5,235.128,43.906,-6.5,235.281,43.989,-8.8,0,-5.541345607440555,16.015196385049787,-9.924022754990133,22.10971941589876,0.5573183326291068,0.7238807303009037
235.43200000000002,42.53,-9.3,235.562,42.618,-11.5,235.404,42.706,-9.3,0,0.9663730662125259,7.337502008659733,6.196990741406921,12.484868181636358,0.18253069146460896,0.5982193319643146
234.594,47.42,-6.5,234.688,47.254,-6.5,234.793,47.377,-8.7,0,-0.08141428567918348,29.158418775760172,0.4422223768854536,31.68625381555578,0.07939843463387486,0.919933347146406
235.517,42.976,-11.5,235.35899999999998,43.059,-9.3,235.38,42.89,-9.3,0,0.8912412770345652,6.740498069723295,5.717966349406879,10.916863460301897,0.18050173459293345,0.6279212662949217
235.14,43.551,-6.5,235.14600000000002,43.373,-6.5,235.293,43.465,-8.8,0,-3.75898598101634,16.315959665866533,-9.667950458718309,22.653490704979653,0.387650380812859,0.7198472803502183
235.53,40.696,-11.5,235.62900000000002,40.86,-11.5,235.453,40.839,-9.1,0,-5.060348701693617,12.57451607886473,-8.042818484760602,21.178423672568115,0.5944758003588964,0.5903043749133665
235.281,43.989,-8.8,235.128,43.906,-6.5,235.28199999999998,43.815,-8.8,0,-5.200617190741248,15.137838066691748,-10.303205100731546,22.017622406935345,0.5036014442776501,0.6869945852284983
235.517,42.976,-11.5,235.497,43.155,-11.5,235.35899999999998,43.059,-9.3,0,0.8192100704272944,6.231567988064516,5.401505590300985,10.564025828044862,0.17460848671767315,0.6001271385241106
233.209,48.92,-6.5,233.39100000000002,48.789,-6.5,233.42000000000002,48.929,-8.9,0,5.855997703251482,25.110832222622438,11.310720822683411,35.05270320249567,0.5166113284421533,0.7152385333007862
235.128,43.906,-6.5,235.13299999999998,43.729,-6.5,235.28199999999998,43.815,-8.8,0,-4.9465845908152355,15.96981016009517,-9.794436838384932,22.31585910770287,0.5037955604780162,0.7151563685355538
235.49200000000002,42.189,-9.3,235.626,42.261,-11.5,235.461,42.355,-9.3,0,1.6811588773725534,7.397307891650775,6.635919781689665,14.040767593944537,0.2751841116778864,0.5345818968931904
234.591,47.714,-8.7,234.49200000000002,47.584,-6.5,234.689,47.543,-8.7,0,-0.25307026063668586,30.097434399314885,-3.2423087450327692,33.190907837493256,0.0768612365392469,0.9066558960087555
235.14,43.551,-6.5,235.293,43.465,-8.8,235.288,43.633,-8.8,0,-3.823813674260675,15.526773211656453,-9.771217438747136,22.549317559540867,0.39007765854797277,0.6881023094211411
235.497,43.155,-11.5,235.483,43.335,-11.5,235.34199999999998,43.238,-9.3,0,-1.8594864102256767,13.811665765596851,-8.726818713918732,23.24384905130328,0.21235216400962234,0.5936655001255192
235.28,44.348,-8.9,235.12,44.262,-6.5,235.28,44.168,-8.8,0,-5.784503148218624,15.939676846113498,-9.608669175964977,22.050089008841233,0.6012556982432558,0.7224203181968917
235.13299999999998,43.729,-6.5,235.14,43.551,-6.5,235.288,43.633,-8.8,0,-4.261282026412993,16.130665372655862,-9.545481306495752,22.56652225196504,0.4451059501697611,0.7143661587722884
235.66,42.083,-11.5,235.626,42.261,-11.5,235.49200000000002,42.189,-9.3,0,1.7671405230597828,7.026124192838696,6.5505591249053055,14.490978986886887,0.2895374802616159,0.49151352010272065
235.626,42.261,-11.5,235.59199999999998,42.439,-11.5,235.461,42.355,-9.3,0,1.338250908222574,7.045409763192044,6.5028428570097105,13.6284998458095,0.22807267612917698,0.5255865859412735
235.537,42.797,-11.5,235.517,42.976,-11.5,235.38,42.89,-9.3,0,0.6896509022063237,6.7023400128944965,5.427227692642958,11.435729496313911,0.15393120429590199,0.5970348078710542
234.49200000000002,47.584,-6.5,234.594,47.42,-6.5,234.689,47.543,-8.7,0,-0.17236081530449848,30.401295283872663,-2.168152899520516,33.124919671911925,0.07630879216649158,0.9176561272826154
233.209,48.92,-6.5,233.42000000000002,48.929,-8.9,233.232,49.058,-8.9,0,6.293800763536723,23.992918759835653,12.17850000120778,34.9938668121254,0.5158160835841245,0.6843544569421147
235.59199999999998,42.439,-11.5,235.562,42.618,-11.5,235.43200000000002,42.53,-9.3,0,0.9576374348451435,7.072115304007032,6.157096639666264,12.89679118255549,0.18083319439328732,0.5584855082231259
235.562,42.618,-11.5,235.537,42.797,-11.5,235.404,42.706,-9.3,0,0.7417532008681849,6.971487966357124,5.780384128765178,12.176436846047835,0.1554629829266296,0.5834771948428037
233.025,49.051,-6.5,233.209,48.92,-6.5,233.232,49.058,-8.9,0,6.199371301278716,24.521183494379112,11.483201616246658,35.443473024568654,0.5388075785699005,0.6905037511630691
235.28199999999998,43.815,-8.8,235.13299999999998,43.729,-6.5,235.288,43.633,-8.8,0,-4.35562236501043,15.350783929391193,-9.70239031963726,22.43754232313396,0.44760213882642635,0.6836422587287476
232.848,49.185,-6.5,233.025,49.051,-6.5,233.049,49.181,-8.9,0,5.761068169516844,24.28791013537973,10.438581779067567,36.24590012325615,0.5507083085818378,0.668586839615557
233.232,49.058,-8.9,233.24599999999998,49.207,-11.5,233.049,49.181,-8.9,0,6.392535623822045,21.97596754530222,12.69160204040945,35.28407723624858,0.5028404051246687,0.6213068035349596
235.239,40.568,-6.5,235.437,40.531,-11.5,235.369,40.642,-9.0,0,-2.2124418091670406,12.703407493925999,-3.0119415815719037,23.99886710867345,0.616035147711467,0.5257686432241622
233.025,49.051,-6.5,233.232,49.058,-8.9,233.049,49.181,-8.9,0,6.6780753152975825,23.43753192067023,12.508528990232417,35.33081611938542,0.5329966325564233,0.6619005534409208
235.495,40.956,-8.9,235.312,40.919,-6.5,235.453,40.839,-9.1,0,-3.8309584689436593,13.796070866218999,-5.367733415652225,21.559005836874974,0.6661787666066543,0.6374864172851784
235.62900000000002,40.86,-11.5,235.495,40.956,-8.9,235.453,40.839,-9.1,0,-3.815816390710945,13.219830630577777,-5.741731528926863,21.474450610817115,0.6189254586264834,0.6130582624833029
232.24200000000002,49.807,-9.0,232.184,49.75,-6.5,232.29399999999998,49.76,-8.9,0,4.435916038288865,22.71037593525693,9.01966396281792,39.244605886304754,0.49051253748388657,0.576790686375043
235.35,41.961,-6.5,235.523,41.862,-8.7,235.505,42.02,-9.0,0,3.487981706456155,8.214742057374508,7.964736019426283,15.155414496431803,0.45375508023344213,0.5465376749952341
235.66,42.083,-11.5,235.49200000000002,42.189,-9.3,235.505,42.02,-9.0,0,2.218574857720503,7.42434397624226,6.828985306220687,14.827743147764522,0.3437323029465881,0.5065417626510295
235.239,40.568,-6.5,235.2,40.393,-6.5,235.30700000000002,40.454,-9.0,0,-0.598982011462068,11.710775917487194,-0.3445688168606864,24.927133716865995,0.6199382159694171,0.4663578075343938
232.184,49.75,-6.5,232.34300000000002,49.605,-6.5,232.29399999999998,49.76,-8.9,0,3.5849777634206004,23.472029904628176,7.037465498623667,39.3994167567261,0.5074541016814568,0.5938882695868671
235.362,40.361,-11.5,235.437,40.531,-11.5,235.30700000000002,40.454,-9.0,0,-3.442417274570766,10.812865829814529,-5.474397260718405,24.348217196887276,0.5586294365455862,0.43908762348794866
232.486,49.729,-11.5,232.301,49.864,-11.5,232.29399999999998,49.76,-8.9,0,5.323773322752571,20.960312046561953,11.385446290311151,38.34852212939731,0.4668012439375508,0.544662863923748
232.301,49.864,-11.5,232.24200000000002,49.807,-9.0,232.29399999999998,49.76,-8.9,0,4.326029873604891,21.801542968955978,9.148883487959056,39.214800540071714,0.47163688931876624,0.5540589593705585
236.184,40.566,-16.5,236.152,40.789,-15.1,235.957,40.658,-14.8,0,-3.430134448127579,6.624187300028105,-15.049484988313907,17.099269457569605,0.2152252677087039,0.3816896102631788
235.66500000000002,40.558,-13.7,235.437,40.531,-11.5,235.589,40.434,-14.4,0,-7.483605708794092,8.621367045092088,-14.963124146964986,18.709669570727947,0.48042088865773325,0.45244035372964553
235.791,41.197,-11.5,235.953,41.067,-13.0,236.07999999999998,41.27,-14.3,0,1.2950658162415927,9.380817212854533,3.3931669810569645,20.147396492098153,0.42539842446020937,0.4652911682454379
236.184,40.566,-16.5,236.338,40.699,-16.5,236.152,40.789,-15.1,0,-2.5308215837167336,5.4018483784907225,-16.075228813594777,15.98228810470097,0.1480780488316021,0.3324443785480037
235.821,41.375,-11.5,235.791,41.197,-11.5,236.07999999999998,41.27,-14.3,0,-0.41604344211688526,9.240142417562836,-0.6210787376560631,19.957659403198477,0.44902943580884513,0.46247922436826927
235.57999999999998,40.297,-16.5,235.762,40.409,-16.5,235.589,40.434,-14.4,0,-7.244797546246429,5.811050140058184,-18.65219268880682,15.882281765868697,0.3748239925802522,0.35326362275362233
234.252,48.806,-16.5,234.055,48.93,-16.5,234.015,48.696,-11.5,0,4.363119765496866,19.19550431975704,14.213619472379744,33.30223491528475,0.3061590315549244,0.5754991651747194
234.055,48.93,-16.5,233.824,48.823,-11.5,234.015,48.696,-11.5,0,4.647837399715822,20.794188987703176,13.231724279091491,33.885093571960496,0.35034125040811726,0.6127160258040244
235.29500000000002,47.575,-16.5,235.091,47.615,-14.3,235.188,47.383,-13.7,0,-0.029020174917788976,25.649984529065474,-0.9992918741191037,32.62292592317219,0.029175215866132743,0.7859186059509901
232.701,49.817,-16.5,232.486,49.729,-11.5,232.67000000000002,49.595,-11.5,0,5.13641369373691,19.028988377933384,11.632699072675926,37.5525833875205,0.4408329330072997,0.5048847707659592
232.885,49.684,-16.5,232.701,49.817,-16.5,232.67000000000002,49.595,-11.5,0,4.942450968137984,17.649720764396132,11.907400929675823,37.30046633004894,0.4144306414013452,0.47139857042526034
235.091,47.615,-14.3,234.988,47.428,-11.5,235.188,47.383,-13.7,0,-0.06263894936364357,26.06974608188649,2.5193032886711038,31.543149579675706,0.04123103369467925,0.8266251491884825
235.64600000000002,46.902,-16.5,235.578,47.074,-16.5,235.438,46.856,-13.6,0,-0.5921984116649595,19.305983343063115,-2.6756006135816293,30.069313125309797,0.18463015298864294,0.6419446507252425
232.885,49.684,-16.5,232.67000000000002,49.595,-11.5,232.858,49.463,-11.5,0,5.508125126262205,18.92373417934042,12.266697026640026,36.93327985626203,0.4483596429969122,0.5105656598876058
235.438,46.856,-13.6,235.578,47.074,-16.5,235.356,47.067,-13.7,0,-0.44456886129161455,21.261392266945123,-1.9994924865430832,30.297930174164634,0.16892415652237033,0.7017244071919863
232.885,49.684,-16.5,232.858,49.463,-11.5,233.07299999999998,49.553,-16.5,0,5.252388439344816,17.5097807233911,12.53911554734169,36.675118844292086,0.41827143509940623,0.47569275742986916
234.055,48.93,-16.5,233.856,49.052,-16.5,233.824,48.823,-11.5,0,5.016878576962015,18.591366095058646,14.598603652703268,33.603980749331015,0.34293623321163474,0.552192474900989
233.856,49.052,-16.5,233.632,48.952,-11.5,233.824,48.823,-11.5,0,5.053775808147119,20.28379103956563,13.059745260743393,34.43942264033228,0.386089186806246,0.5878544756237158
233.07299999999998,49.553,-16.5,232.858,49.463,-11.5,233.05200000000002,49.335,-11.5,0,5.988713447342379,18.764678759535926,13.303280859324172,36.15684877034356,0.4495696715327204,0.5172294040554692
233.26600000000002,49.426,-16.5,233.05200000000002,49.335,-11.5,233.24599999999998,49.207,-11.5,0,5.916055726597701,18.884712883586996,13.312374043224661,35.72726534515354,0.4437445646453056,0.5269462221113395
233.26600000000002,49.426,-16.5,233.07299999999998,49.553,-16.5,233.05200000000002,49.335,-11.5,0,5.613886234016173,17.35620144173139,13.48957837137602,35.92459460905627,0.4156044849910485,0.4814638926294446
233.45999999999998,49.299,-16.5,233.26600000000002,49.426,-16.5,233.24599999999998,49.207,-11.5,0,5.539517026329477,17.507740911959054,13.580179737877614,35.459742837728456,0.40729531315727735,0.4921937833323036
233.45999999999998,49.299,-16.5,233.24599999999998,49.207,-11.5,233.439,49.079,-11.5,0,5.72959155836161,19.231585831704965,13.238739114354019,35.32136835386255,0.43205467370372413,0.5429964474932941
233.856,49.052,-16.5,233.65699999999998,49.175,-16.5,233.632,48.952,-11.5,0,5.390193076837677,18.11148579282889,14.476190364403589,34.15472009628539,0.3716810795296798,0.5290531618890864
233.65699999999998,49.175,-16.5,233.45999999999998,49.299,-16.5,233.439,49.079,-11.5,0,5.589392637654135,17.72532235116819,14.196724627306928,34.74886401952702,0.3930831276316232,0.5087035287283557
233.65699999999998,49.175,-16.5,233.439,49.079,-11.5,233.632,48.952,-11.5,0,5.533949419213449,19.663212680927632,13.37278397491566,34.80003838317816,0.413033946967835,0.5637325122535483
235.872,40.885,-13.0,235.62900000000002,40.86,-11.5,235.765,40.729,-13.2,0,-6.06711533179936,10.189753982026838,-12.047957690149985,18.660197021874644,0.4837136781772402,0.5418692315587066
235.762,40.409,-16.5,235.66500000000002,40.558,-13.7,235.589,40.434,-14.4,0,-6.50182426044085,7.618276609203894,-15.632576883996649,18.293861755667884,0.3974908359358453,0.40745217184293536
236.07999999999998,41.27,-14.3,235.953,41.067,-13.0,236.171,41.092,-14.8,0,1.7265651694120847,8.122334484862128,5.381695823025382,19.80473483842306,0.34470162300920926,0.4100381386603735
235.872,40.885,-13.0,235.765,40.729,-13.2,235.98399999999998,40.797,-14.1,0,-5.391059075876318,9.16552909292935,-12.772426852687317,18.202194147655483,0.40434114254249953,0.49909373664087137
235.821,41.375,-11.5,236.07999999999998,41.27,-14.3,236.01600000000002,41.447,-14.3,0,3.406839670564569,7.005546694077708,8.845276790084412,17.438510934207812,0.396037485547197,0.4021978598968427
235.999,41.908,-16.5,235.704,41.907,-11.5,235.902,41.803,-14.4,0,2.020527357100537,5.341055657582749,6.887553340731074,15.770822499690752,0.3052356263408249,0.34139351447381255
235.704,41.907,-11.5,235.999,41.908,-16.5,235.813,42.029,-13.8,0,1.7420381564871377,5.455893864107591,6.351206935832408,15.620634322241557,0.2879487384721077,0.3526939191284025
235.503,46.651,-13.7,235.697,46.726,-16.5,235.438,46.856,-13.6,0,-1.5329800521157264,18.637799576568,-5.890706044578586,29.190063451059125,0.24719332345614894,0.6373618094972539
235.697,46.726,-16.5,235.64600000000002,46.902,-16.5,235.438,46.856,-13.6,0,-1.2748691758968997,17.949107838928054,-5.476758566786891,29.40915307586004,0.21828071959232528,0.6096747787178883
235.578,47.074,-16.5,235.49200000000002,47.243,-16.5,235.356,47.067,-13.7,0,-0.10448918144435923,21.190406787742912,0.1941101757026189,30.621602799212667,0.12751209724568416,0.6924707154867067
235.356,47.067,-13.7,235.49200000000002,47.243,-16.5,235.27800000000002,47.225,-13.7,0,-0.16372933965374004,22.882648661619626,-0.3012314781531309,30.79936670490133,0.11148653690754201,0.7433443639627118
235.975,40.484,-16.5,236.184,40.566,-16.5,235.957,40.658,-14.8,0,-4.523191741127958,4.0083036248879464,-20.752143328778487,10.55094007064909,0.2110957138027539,0.3670053242604496
235.53,40.696,-11.5,235.437,40.531,-11.5,235.66500000000002,40.558,-13.7,0,-4.508188655973386,11.30790048007143,-7.919827031025903,22.133952466169433,0.5265328117431272,0.5062067975394406
235.537,46.492,-13.8,235.739,46.55,-16.5,235.503,46.651,-13.7,0,-2.718021616398372,16.743266776263507,-9.001079543623725,27.9385458703384,0.2944433140946974,0.5972136209666414
235.27800000000002,47.225,-13.7,235.39600000000002,47.41,-16.5,235.188,47.383,-13.7,0,-0.053612803119901846,24.059394548221373,1.535436403113728,31.163953331327498,0.06583011321232955,0.7724846435296054
235.49200000000002,47.243,-16.5,235.39600000000002,47.41,-16.5,235.27800000000002,47.225,-13.7,0,-0.014339893390684243,22.62706271503521,1.778640952422272,30.980342445641043,0.0782050608116004,0.7309976304967908
235.739,46.55,-16.5,235.697,46.726,-16.5,235.503,46.651,-13.7,0,-1.8929588153383008,16.153136848820807,-6.863862958119,28.68547196132279,0.26541030313092434,0.5614874385098233
235.72199999999998,41.026,-11.5,235.62900000000002,40.86,-11.5,235.872,40.885,-13.0,0,-4.192370101080834,11.4623837080613,-7.667128431476442,20.337973609821432,0.5159348706758702,0.5609713519952918
235.767,42.348,-14.2,235.626,42.261,-11.5,235.814,42.16,-14.3,0,1.1605975537763182,5.801913932035327,6.359568489358736,14.065144764428965,0.2002147801725473,0.41970226282900597
235.924,42.261,-16.5,235.767,42.348,-14.2,235.814,42.16,-14.3,0,0.8926119598281698,5.0407489197311905,6.01778019028103,14.129974700374106,0.16454890702317085,0.3634043000075936
235.39600000000002,47.41,-16.5,235.29500000000002,47.575,-16.5,235.188,47.383,-13.7,0,-0.06472019667704074,23.689256856239467,2.6542556105798063,31.323055312339235,0.03886852396000437,0.7568280401424287
235.765,40.729,-13.2,235.957,40.658,-14.8,235.98399999999998,40.797,-14.1,0,-5.342676805344906,8.372089584423007,-14.190190087635756,17.581074329944528,0.3604338357450371,0.4707140644968128
234.882,47.593,-11.5,235.091,47.615,-14.3,234.99599999999998,47.78,-14.3,0,-0.06657538103974586,27.171068900024068,-2.439701736196273,32.97917312534378,0.027974255452434184,0.8236034284717413
235.798,41.554,-11.5,235.821,41.375,-11.5,236.01600000000002,41.447,-14.3,0,2.1265789178483727,7.789092374729706,5.133156469209268,18.467611426054475,0.4346023465429348,0.4221504757015629
234.79000000000002,47.762,-11.5,234.882,47.593,-11.5,234.99599999999998,47.78,-14.3,0,-0.12399148165871819,27.763900454726826,-3.3416858636299764,33.08608302444833,0.03774136742307874,0.8388842581649476
234.79000000000002,47.762,-11.5,234.99599999999998,47.78,-14.3,234.899,47.95,-14.3,0,-0.0953832776723182,27.04732253969559,-2.5456951186148515,33.372196447641315,0.039575926736631364,0.8101733798788143
235.953,41.067,-13.0,235.72199999999998,41.026,-11.5,235.872,40.885,-13.0,0,-2.988138393136245,10.8169831691441,-5.972618867239078,20.495099963306473,0.4650367841491685,0.5258113199610667
235.791,41.197,-11.5,235.72199999999998,41.026,-11.5,235.953,41.067,-13.0,0,-2.6407791382320753,10.768413316564459,-4.973729090106275,20.256188391801444,0.4932129872220148,0.5301073356473445
234.882,47.593,-11.5,234.988,47.428,-11.5,235.091,47.615,-14.3,0,-0.03868784672952126,27.76200013432995,-0.9913066827063837,32.86101915302595,0.0374146813514508,0.8445845459270486
234.699,47.931,-11.5,234.79000000000002,47.762,-11.5,234.899,47.95,-14.3,0,-0.19960294334344927,27.494118980747572,-3.4764569577694964,33.47622527543544,0.059175806334935674,0.8210178541308482
235.764,45.835,-16.5,235.59199999999998,45.948,-13.8,235.61700000000002,45.743,-14.1,0,-5.598522701172162,14.188936041115108,-12.516484485531372,24.949971185849805,0.43987203956477194,0.5653417441879957
236.338,40.699,-16.5,236.372,40.874,-16.5,236.152,40.789,-15.1,0,-0.5738288040121974,7.059174657406818,-2.8907757757704076,21.982533796438815,0.1462232879123303,0.3196442322685211
235.59199999999998,45.948,-13.8,235.452,45.851,-11.5,235.61700000000002,45.743,-14.1,0,-6.225614180120389,16.14007784755485,-12.706420800525628,24.963841997078475,0.482244341883191,0.6433660928564404
234.699,47.931,-11.5,234.899,47.95,-14.3,234.80200000000002,48.108,-14.3,0,-0.09300591952239161,26.624215712630996,-1.4532934839987846,33.8471572924009,0.07026085299338644,0.786260561228908
235.798,41.554,-11.5,236.01600000000002,41.447,-14.3,235.95999999999998,41.624,-14.4,0,3.2527440494867528,6.240274240742094,8.57601088485329,16.689109843973057,0.3890623795867022,0.37480151871149747
235.753,46.371,-16.5,235.739,46.55,-16.5,235.537,46.492,-13.8,0,-3.4510045627086976,14.364420283155273,-11.183318044088224,26.85928132219795,0.30280975671595517,0.5322725722128059
235.753,46.371,-16.5,235.537,46.492,-13.8,235.561,46.308,-13.8,0,-3.404220603338324,15.79274965537091,-9.92812775947774,27.245617341395374,0.3357468738030234,0.5768412925582787
234.601,48.098,-11.5,234.699,47.931,-11.5,234.80200000000002,48.108,-14.3,0,-0.20828916790236374,27.014750311251557,-2.2351495860219828,33.98925805221376,0.09765217237917335,0.7944688440697498
235.53,40.696,-11.5,235.66500000000002,40.558,-13.7,235.765,40.729,-13.2,0,-6.629231716791245,9.980474040391277,-12.955973917808194,19.110286172738114,0.49003540751634955,0.5164226023332402
232.52100000000002,49.954,-16.5,232.411,49.909,-14.0,232.527,49.856,-14.7,0,4.290266302173959,17.682409455808607,10.799607517294419,38.20752952112059,0.3965232354869144,0.46100999260676057
235.75,41.73,-11.5,235.95999999999998,41.624,-14.4,235.902,41.803,-14.4,0,2.8448160347766445,5.762846998921179,8.05791143865568,16.03636691485309,0.3631341080397835,0.361117449222944
235.75,41.73,-11.5,235.798,41.554,-11.5,235.95999999999998,41.624,-14.4,0,2.9951243223187327,6.622089798880489,7.526381144011637,16.75337476594413,0.40977446140589946,0.3965740256989095
235.957,40.658,-14.8,236.152,40.789,-15.1,235.98399999999998,40.797,-14.1,0,-4.424868699817356,7.281527613058684,-14.871104853119505,16.799605246855123,0.2844386063442642,0.42809784269684026
235.62900000000002,40.86,-11.5,235.53,40.696,-11.5,235.765,40.729,-13.2,0,-4.763795144964449,11.739937249227939,-8.437872493337693,20.961966033005986,0.5306364969189137,0.556370516861293
235.66500000000002,40.558,-13.7,235.762,40.409,-16.5,235.834,40.575,-14.8,0,-7.098465769434559,6.289857928133899,-18.70930864682731,14.617670260900738,0.3673739823943123,0.41916472849473235
235.762,40.409,-16.5,235.975,40.484,-16.5,235.834,40.575,-14.8,0,-6.33358484860501,4.185324444422892,-21.275637995087948,10.558826528039361,0.2900823723052347,0.3804158188129454
234.49099999999999,48.262,-11.5,234.601,48.098,-11.5,234.692,48.276,-14.3,0,-0.013616112894104304,26.198946223968395,-0.1808894218163033,34.470650365734215,0.1484376383479404,0.7596280882967462
235.757,46.192,-16.5,235.753,46.371,-16.5,235.561,46.308,-13.8,0,-4.360676489002076,13.527479191319207,-12.634009277367213,25.805512785552594,0.33960204397891985,0.5210293964736499
235.757,46.192,-16.5,235.561,46.308,-13.8,235.577,46.123,-13.8,0,-4.247978381063152,15.112886054549065,-11.100810383461791,26.40056794174283,0.3757183369136443,0.569176388872493
234.252,48.806,-16.5,234.015,48.696,-11.5,234.25400000000002,48.682,-14.2,0,3.993275190219766,20.36429488390834,13.41228346269245,33.409046907920654,0.29680279605018733,0.6087122007782962
235.975,40.484,-16.5,235.957,40.658,-14.8,235.834,40.575,-14.8,0,-5.266527786766507,6.290577643364231,-17.73059195251153,15.1801531406105,0.28507702892604514,0.4054330530819378
234.692,48.276,-14.3,234.601,48.098,-11.5,234.80200000000002,48.108,-14.3,0,-0.03914673857291512,25.854994705817493,-0.44839122271891085,34.28760948394205,0.11490123477545677,0.753662226336376
234.56,48.407,-13.8,234.625,48.547,-16.5,234.42000000000002,48.553,-14.1,0,1.7385533790729948,21.638346497408932,8.818062029244917,33.991065396967954,0.19554600272472744,0.635970484303676
235.704,41.907,-11.5,235.75,41.73,-11.5,235.902,41.803,-14.4,0,2.6005610072967458,6.212286198260189,7.278522341325527,15.972671527137038,0.3696512227775196,0.3914697106681115
232.486,49.729,-11.5,232.701,49.817,-16.5,232.527,49.856,-14.7,0,4.87224837770896,18.223463350210334,11.638615687252681,37.74737215333184,0.41795785927324974,0.4809519703294466
235.953,41.067,-13.0,236.05700000000002,40.92,-14.1,236.171,41.092,-14.8,0,-0.7115615314965468,9.101913207933546,-1.6149687464909448,21.04081688939243,0.33721213883505413,0.4315298333731425
235.999,41.908,-16.5,235.957,42.084,-16.5,235.813,42.029,-13.8,0,1.3432941237927134,4.6190008411652554,6.2763632405026755,15.287120819777385,0.22644596871357114,0.30574668273189964
235.626,42.261,-11.5,235.66,42.083,-11.5,235.814,42.16,-14.3,0,1.4396247709978913,6.243227859567135,6.193841622726865,14.631841402696097,0.250849179950094,0.43291938113354256
235.75900000000001,46.013,-16.5,235.757,46.192,-16.5,235.577,46.123,-13.8,0,-4.907811395505738,13.257648105213457,-12.90999320244508,25.279032846736392,0.3740906439884867,0.5209881439823346
235.251,46.919,-11.5,235.438,46.856,-13.6,235.356,47.067,-13.7,0,-0.5296119855382542,22.976783821175037,-2.290300650651428,30.281296773411476,0.18647286195491378,0.7584199246081772
235.75900000000001,46.013,-16.5,235.577,46.123,-13.8,235.59199999999998,45.948,-13.8,0,-4.661707265661144,14.87701102838557,-11.134787328989482,26.019484332111517,0.4110319818787901,0.5683730967883172
234.368,48.422,-11.5,234.56,48.407,-13.8,234.42000000000002,48.553,-14.1,0,1.8543665383828647,23.38678615374754,8.436699838493295,34.164531759362326,0.21806098787692313,0.6839393325433327
235.924,42.261,-16.5,235.89600000000002,42.439,-16.5,235.767,42.348,-14.2,0,0.5280557812856477,4.85328579087067,5.023887639893189,14.005759699040453,0.12434001919731101,0.35384728327499976
235.356,46.567,-11.5,235.537,46.492,-13.8,235.503,46.651,-13.7,0,-2.903567891311246,19.243429336195867,-9.154527840084683,28.03242613521992,0.3097966340478467,0.6844835380577873
235.622,43.956,-14.0,235.461,43.874,-11.5,235.626,43.781,-14.0,0,-3.090284869674594,9.730634637011647,-10.020553127661998,22.255894735380217,0.3071941924066432,0.43630329094599174
235.69,42.873,-14.1,235.537,42.797,-11.5,235.713,42.695,-14.2,0,0.34132580052145045,5.873504847255603,4.699195709355507,12.076071114264579,0.10039873780027297,0.49761400745512113
235.713,42.695,-14.2,235.562,42.618,-11.5,235.737,42.515,-14.1,0,0.5139032329879758,5.933348234553632,5.599876543800974,12.599702675727656,0.11532122459950317,0.4816375068647098
235.67000000000002,43.056,-14.2,235.517,42.976,-11.5,235.69,42.873,-14.1,0,0.43856324494339,5.3673431414088855,5.2062060157807935,10.951752401895078,0.10669038134795794,0.50165118563639
234.777,48.4,-16.5,234.625,48.547,-16.5,234.56,48.407,-13.8,0,1.2050801131764302,21.424944844807786,7.438115876626541,34.14098488219012,0.1601185419355306,0.6269607882617695
235.642,43.421,-14.1,235.483,43.335,-11.5,235.649,43.242,-14.1,0,-1.6369390951169016,10.967638438281393,-9.651263895667363,22.86166792262064,0.1688121530841824,0.4790527322669789
235.957,40.658,-14.8,235.765,40.729,-13.2,235.834,40.575,-14.8,0,-6.506239456650801,7.110882187288231,-17.270371180786157,15.143239120333305,0.36430642293539245,0.4615183776300948
235.537,42.797,-11.5,235.562,42.618,-11.5,235.713,42.695,-14.2,0,0.5176902685044349,6.287296401523304,5.429437131800938,12.261083028486183,0.12132300324097622,0.5239530336142458
235.764,45.835,-16.5,235.75900000000001,46.013,-16.5,235.59199999999998,45.948,-13.8,0,-5.125687365430056,13.239857295063745,-12.481949421186862,25.125051688764486,0.4037663600147099,0.5235072690341436
235.649,43.242,-14.1,235.497,43.155,-11.5,235.67000000000002,43.056,-14.2,0,-1.1532533501774942,11.610266218094539,-8.713567888834994,23.395760219977916,0.13198344219387007,0.49563263218674247
235.517,42.976,-11.5,235.537,42.797,-11.5,235.69,42.873,-14.1,0,0.4673897352385963,6.030819061570313,5.0747623451717345,11.511363480011369,0.1182071803243464,0.5352840653292802
235.497,43.155,-11.5,235.517,42.976,-11.5,235.67000000000002,43.056,-14.2,0,0.5725042832059684,5.571823802695293,5.045325035972098,10.626426143965602,0.13597982173987064,0.5351085018135533
235.475,43.514,-11.5,235.483,43.335,-11.5,235.642,43.421,-14.1,0,-2.032445251427903,11.591107559266314,-9.512360719502105,22.838210933151537,0.2126356583277145,0.5068416629238627
235.461,44.053,-11.5,235.461,43.874,-11.5,235.622,43.956,-14.0,0,-3.8130274557137196,10.585814863286465,-10.506642084729954,21.947925376859033,0.3617977324079026,0.4814292864230801
235.309,46.744,-11.5,235.503,46.651,-13.7,235.438,46.856,-13.6,0,-1.6266101824684451,21.04422419800002,-6.123234558553442,29.258631539983085,0.253275840676904,0.7181024070591416
235.562,42.618,-11.5,235.59199999999998,42.439,-11.5,235.737,42.515,-14.1,0,0.7162186499288895,6.379716814373193,5.813543748387218,12.993304537839748,0.14714494872718475,0.5011013584374512
236.152,40.789,-15.1,236.372,40.874,-16.5,236.231,40.941,-15.3,0,-1.193583163646427,7.239160327915597,-5.595489308712274,21.06433079302471,0.18664293920408465,0.34191815533229253
235.781,43.867,-16.5,235.622,43.956,-14.0,235.626,43.781,-14.0,0,-2.535803331940268,7.903867299824743,-10.049449931783755,22.28233826178907,0.2512123527980117,0.3537455262624486
235.17000000000002,47.09,-11.5,235.356,47.067,-13.7,235.27800000000002,47.225,-13.7,0,-0.19339764234161738,24.396823563284087,-0.5413549912252265,30.777715099608564,0.12595321942503795,0.7927455457075314
235.631,43.603,-14.1,235.475,43.514,-11.5,235.642,43.421,-14.1,0,-1.9516092650546666,10.510937944076838,-9.173528416494293,22.924855688328485,0.21158726676351386,0.4577289199604985
235.465,43.694,-11.5,235.475,43.514,-11.5,235.631,43.603,-14.1,0,-2.4350939983843265,11.186284934509919,-9.271832392556213,22.803679410933917,0.26134512953406996,0.4897781358125355
235.082,47.26,-11.5,235.27800000000002,47.225,-13.7,235.188,47.383,-13.7,0,-0.04780820583800208,25.422249119404082,1.300051760789227,31.153539429623443,0.07870244808407106,0.8162270799062101
235.461,43.874,-11.5,235.465,43.694,-11.5,235.626,43.781,-14.0,0,-3.1368405249437,10.720932240266722,-10.018829313640751,22.313991342365014,0.3118297487261316,0.4796144203420333
235.466,44.952,-11.5,235.623,44.85,-14.0,235.627,45.031,-14.1,0,-7.11898682525924,13.67190615178154,-13.155161520920323,22.6551134752819,0.5333693756332054,0.6003520635135348
235.799,43.33,-16.5,235.642,43.421,-14.1,235.649,43.242,-14.1,0,-1.2582286139823011,9.251037258304452,-9.679619331468487,22.860941011705343,0.1292858320489712,0.4039318716039122
235.471,40.329,-14.0,235.57999999999998,40.297,-16.5,235.589,40.434,-14.4,0,-6.008956258665635,7.498216439270718,-13.462018759194109,21.012491538263887,0.42119123310100826,0.34804606301512464
235.537,46.492,-13.8,235.388,46.389,-11.5,235.561,46.308,-13.8,0,-3.7250677345304966,18.201133966543484,-10.158495601053325,27.296007831844,0.35955481727371635,0.664150291291468
235.461,44.413,-11.5,235.461,44.233,-11.5,235.622,44.316,-14.0,0,-4.816222265449003,11.449097540285223,-10.50664192709867,21.663574192147692,0.45770329056777137,0.5276836316905409
235.483,43.335,-11.5,235.497,43.155,-11.5,235.649,43.242,-14.1,0,-1.4990412159422486,12.263746702902518,-8.75426098583916,23.297663805291343,0.17056649511752997,0.5257750372538866
235.788,43.688,-16.5,235.781,43.867,-16.5,235.626,43.781,-14.0,0,-1.9935868665128074,7.149547498815132,-9.702334081483649,22.515612369883897,0.20436077695062288,0.3165910785108128
235.459,45.672,-11.5,235.464,45.492,-11.5,235.623,45.569,-14.1,0,-7.100491104016466,16.507356927480146,-12.875699426769877,24.306548612689994,0.5430615836087065,0.6763676263813919
235.78199999999998,44.046,-16.5,235.781,44.225,-16.5,235.62,44.135,-14.0,0,-3.024182844923391,7.221001762364224,-10.443870290744805,21.884254966491213,0.2887277185163732,0.32895159702021143
235.461,44.053,-11.5,235.622,43.956,-14.0,235.62,44.135,-14.0,0,-3.664426284583148,9.812575466406955,-10.27833259920343,22.00339539559456,0.3554913126435219,0.4450228932104413
235.793,43.509,-16.5,235.788,43.688,-16.5,235.631,43.603,-14.1,0,-1.6493517031000309,7.481730046994774,-9.948241536383556,22.525766683817302,0.1647686141310364,0.33127132173505014
235.462,44.593,-11.5,235.461,44.413,-11.5,235.622,44.494,-14.0,0,-5.30710803434554,12.118614431629677,-10.624991933846644,21.46340848235593,0.4989952794487801,0.5638996876083829
235.626,43.781,-14.0,235.465,43.694,-11.5,235.631,43.603,-14.1,0,-2.7855486193020615,9.784037556603895,-10.696802608673167,22.08091219797185,0.25923682790053454,0.4422454197631863
235.452,45.851,-11.5,235.459,45.672,-11.5,235.61700000000002,45.743,-14.1,0,-6.620201443536066,16.90980287615448,-12.59828406040885,24.85900120404486,0.5172927896342937,0.6772872938419592
235.461,44.233,-11.5,235.461,44.053,-11.5,235.62,44.135,-14.0,0,-4.3291387897885665,10.886845653977884,-10.506442790572187,21.81145190151809,0.4111273274423497,0.4982599161724199
235.463,44.773,-11.5,235.462,44.593,-11.5,235.622,44.672,-14.0,0,-5.657671276321226,12.793893626749421,-10.624409823369248,21.323730379775128,0.5321578681702605,0.5993646612381244
235.461,44.413,-11.5,235.622,44.316,-14.0,235.622,44.494,-14.0,0,-4.7124351155826245,10.871103547838379,-10.521325812336336,21.59879007763201,0.4473014432429276,0.5024948744215045
235.464,45.492,-11.5,235.623,45.386,-14.1,235.623,45.569,-14.1,0,-7.219009853998647,15.208616117888202,-13.43404656644357,23.73025967079183,0.5293161351216938,0.638031518207416
235.788,43.688,-16.5,235.626,43.781,-14.0,235.631,43.603,-14.1,0,-2.242213316202263,7.987924846186554,-10.73849118612143,22.077761741282174,0.20772253739512817,0.3609019096629039
235.082,47.26,-11.5,235.17000000000002,47.09,-11.5,235.27800000000002,47.225,-13.7,0,-0.13711770506528045,25.535376896870854,-0.05162638913594009,30.97624660405772,0.10521753829309588,0.8244029375821226
235.561,46.308,-13.8,235.414,46.21,-11.5,235.577,46.123,-13.8,0,-4.687750369323778,17.34736987311044,-11.318387483646354,26.428862933550654,0.4070601529226248,0.6532890344705783
235.46699999999998,45.312,-11.5,235.469,45.132,-11.5,235.627,45.212,-14.1,0,-7.650146335956917,15.499798375484637,-13.273014070714574,23.272278901146322,0.5681106761052687,0.6633505982844748
235.356,46.567,-11.5,235.388,46.389,-11.5,235.537,46.492,-13.8,0,-3.138086143364587,19.849067084148746,-8.938099580158728,27.955127793172373,0.34312544883436985,0.7077812642966204
235.17000000000002,47.09,-11.5,235.251,46.919,-11.5,235.356,47.067,-13.7,0,-0.29692576986048463,24.408987012412545,-1.1502489670764788,30.56002446640062,0.15887607202872878,0.7985177937780008
235.469,45.132,-11.5,235.466,44.952,-11.5,235.627,45.031,-14.1,0,-7.977021201782494,14.648054274942677,-13.90113760943045,22.475127576561725,0.5662374952706717,0.6488607222406216
235.462,44.593,-11.5,235.622,44.494,-14.0,235.622,44.672,-14.0,0,-5.112553929657512,11.605667362893106,-10.521426357498449,21.4597769651279,0.4854900955790652,0.5400836812843814
235.466,44.952,-11.5,235.463,44.773,-11.5,235.623,44.85,-14.0,0,-7.814664745470989,13.926082698157055,-13.902692297356836,22.04581186196817,0.5549380265340453,0.6285204269038427
235.81,43.151,-16.5,235.799,43.33,-16.5,235.649,43.242,-14.1,0,-0.8939790955293787,8.798646505191002,-9.183501309319837,23.143649739955727,0.09686970630665354,0.37946648823468937
235.953,41.067,-13.0,235.872,40.885,-13.0,236.05700000000002,40.92,-14.1,0,-2.6864371130332554,9.886088013176648,-6.391871280537714,20.483041678120657,0.388769396207384,0.48059306689891146
235.62,44.135,-14.0,235.781,44.225,-16.5,235.622,44.316,-14.0,0,-3.682825673594394,8.304341264203178,-10.787623718282724,21.63471314567503,0.34063911623899595,0.38286138470369996
235.309,46.744,-11.5,235.356,46.567,-11.5,235.503,46.651,-13.7,0,-1.9800039968618879,21.23644615642453,-6.616352979742935,28.96945550067754,0.2881296803100293,0.7315173954971917
235.781,44.225,-16.5,235.78,44.403,-16.5,235.622,44.316,-14.0,0,-3.4715874744686968,7.782321750224384,-10.443979818495137,21.750823602151407,0.33175204413836845,0.3568233907571101
235.463,44.773,-11.5,235.622,44.672,-14.0,235.623,44.85,-14.0,0,-5.482888306107517,12.2246432731022,-10.640056006590108,21.25910394553346,0.5149951074973425,0.5743963908648181
235.793,43.509,-16.5,235.631,43.603,-14.1,235.642,43.421,-14.1,0,-1.5408381005712708,8.719978859445952,-9.201860317742984,22.913850039939405,0.16640300841570244,0.3797407416375607
235.461,44.233,-11.5,235.62,44.135,-14.0,235.622,44.316,-14.0,0,-4.345147022307847,10.150984316645802,-10.758388515719112,21.624616686824183,0.40309686645157483,0.46851240432441743
235.81,43.151,-16.5,235.649,43.242,-14.1,235.67000000000002,43.056,-14.2,0,-0.8604172251287318,9.920058984723092,-8.777958130562773,23.369717570696395,0.0977265480917904,0.4238177106283657
235.622,43.956,-14.0,235.78199999999998,44.046,-16.5,235.62,44.135,-14.0,0,-3.0559272358785345,7.9561686880375255,-10.30744540736967,22.010757673984827,0.2955061042337529,0.3604679267094159
234.015,48.696,-11.5,234.197,48.561,-11.5,234.25400000000002,48.682,-14.2,0,3.551931730073182,22.473806395271723,11.460078118218863,33.91649784554215,0.30872998175246436,0.6618562399441852
235.464,45.492,-11.5,235.46699999999998,45.312,-11.5,235.623,45.386,-14.1,0,-7.482853627314557,16.05002016668655,-13.143843169991968,23.759010113060008,0.5609047799506705,0.6728840681386938
235.622,44.316,-14.0,235.78,44.403,-16.5,235.622,44.494,-14.0,0,-4.054644642999142,9.021811549134515,-10.550351731395999,21.617509094172696,0.38374003174310584,0.41642611530272206
235.78,44.403,-16.5,235.779,44.582,-16.5,235.622,44.494,-14.0,0,-3.896156956861641,8.52232703293759,-10.445237884224582,21.61193610232501,0.37252768701020195,0.39343958669508394
235.825,42.973,-16.5,235.67000000000002,43.056,-14.2,235.69,42.873,-14.1,0,0.2694113346518374,4.640163275751072,4.86284851610003,10.991479843531977,0.07658725253787296,0.43366610428700847
235.95999999999998,41.624,-14.4,236.04399999999998,41.732,-16.5,235.902,41.803,-14.4,0,2.337635651187615,4.97170035961533,7.733012806732546,16.158875363026,0.31158589269716336,0.30917171740691995
235.623,44.85,-14.0,235.776,44.94,-16.5,235.627,45.031,-14.1,0,-6.253657079817616,11.840269634079764,-12.965679180894924,22.654949302668996,0.4747367482642625,0.5192616791245388
235.781,43.867,-16.5,235.78199999999998,44.046,-16.5,235.622,43.956,-14.0,0,-2.638074935683574,6.929109597075954,-10.686370143084133,21.911665858709306,0.24588302017783073,0.31522293338722757
235.622,44.494,-14.0,235.779,44.582,-16.5,235.622,44.672,-14.0,0,-4.461484246180224,9.787142575400367,-10.550251951814069,21.478857107673456,0.42245989889650565,0.4548433054814931
235.29500000000002,47.575,-16.5,235.19299999999998,47.741,-16.5,235.091,47.615,-14.3,0,-0.013090784844791752,25.053675729634936,-1.1835526176372628,32.825371027036454,0.01342565244947314,0.7628694099785753
235.799,43.33,-16.5,235.793,43.509,-16.5,235.642,43.421,-14.1,0,-1.266413313298818,8.07716273938461,-9.820969271128249,22.738450826171544,0.12814259932966668,0.354435911757467
235.388,46.389,-11.5,235.414,46.21,-11.5,235.561,46.308,-13.8,0,-3.989991726260238,18.951996705438862,-9.872751710376804,27.241912489645543,0.3962501574121628,0.6929119085398528
235.779,44.582,-16.5,235.777,44.761,-16.5,235.622,44.672,-14.0,0,-4.217840458275046,9.31107128006452,-10.326830302812056,21.532914213255317,0.40807757029368613,0.43160674570120283
235.251,46.919,-11.5,235.309,46.744,-11.5,235.438,46.856,-13.6,0,-1.1665951092073719,22.7663988283654,-4.838261619120335,29.739944465958118,0.22413391946125752,0.7647362994837448
236.07999999999998,41.27,-14.3,236.16899999999998,41.387,-16.5,236.01600000000002,41.447,-14.3,0,2.6693576131072354,5.983986745689981,8.459875880900483,17.64451823152251,0.3251512122743657,0.3395459197991643
234.197,48.561,-11.5,234.368,48.422,-11.5,234.42000000000002,48.553,-14.1,0,2.573187698813792,23.41399313545868,9.97699594693474,33.92445254364668,0.2564562797161081,0.6895391899338461
234.988,47.428,-11.5,235.082,47.26,-11.5,235.188,47.383,-13.7,0,-0.08525197080289748,26.382414650365828,0.9708383187845442,31.37544486290347,0.06357685971369742,0.8409571722950752
235.459,45.672,-11.5,235.623,45.569,-14.1,235.61700000000002,45.743,-14.1,0,-6.52439529492077,15.806079321751685,-12.60991910356428,24.588696229910106,0.5091355106374253,0.6398305464142131
235.469,45.132,-11.5,235.627,45.031,-14.1,235.627,45.212,-14.1,0,-7.372870945384715,14.238217165050775,-13.425905033471608,22.915745629671257,0.5411904257404265,0.6184117767924642
235.869,42.617,-16.5,235.713,42.695,-14.2,235.737,42.515,-14.1,0,0.33875540546783717,5.168000384656794,5.260377314332231,12.64224569876248,0.08607129497474611,0.41917193818321696
235.845,42.795,-16.5,235.69,42.873,-14.1,235.713,42.695,-14.2,0,0.19888425552484615,5.099666312115293,4.346783651367161,12.105908466886916,0.07183562765005283,0.4323425454672445
235.622,44.672,-14.0,235.777,44.761,-16.5,235.623,44.85,-14.0,0,-4.844152494038581,10.46544254209855,-10.668644012201867,21.284029442844734,0.4537462365966051,0.49097323378860935
235.46699999999998,45.312,-11.5,235.627,45.212,-14.1,235.623,45.386,-14.1,0,-7.077408301433011,14.988391085443695,-12.895852277782012,23.630926722992747,0.5403594009597029,0.6314915977189856
235.777,44.761,-16.5,235.776,44.94,-16.5,235.623,44.85,-14.0,0,-4.550627344419789,9.938467296458732,-10.446309472868364,21.339390199856837,0.4353509297947134,0.4650098709441542
235.765,40.729,-13.2,235.66500000000002,40.558,-13.7,235.834,40.575,-14.8,0,-5.995011050127665,8.946135052928803,-13.859793337599768,18.60971197918566,0.4128369295924252,0.4742785666741081
235.091,47.615,-14.3,235.19299999999998,47.741,-16.5,234.99599999999998,47.78,-14.3,0,-0.031160350263284436,25.814675915011776,-2.2083408209179787,32.99000398966034,0.015809949825770553,0.7821556415793005
235.89600000000002,42.439,-16.5,235.869,42.617,-16.5,235.737,42.515,-14.1,0,0.3212534406834167,4.877669462777126,4.916591315769807,13.17186658752459,0.08647307343996138,0.3795528749386608
235.825,42.973,-16.5,235.81,43.151,-16.5,235.67000000000002,43.056,-14.2,0,0.20164860914646388,4.161393053487733,4.045534544653151,10.802582275563424,0.07190512427968751,0.39587207465900087
236.171,41.092,-14.8,236.05700000000002,40.92,-14.1,236.231,40.941,-15.3,0,-0.11035638441013654,8.283608012203619,0.15516224783306143,21.25174703150546,0.2712170022105016,0.3889620626029603
235.845,42.795,-16.5,235.825,42.973,-16.5,235.69,42.873,-14.1,0,0.16051766682899363,4.533959531759182,4.37687392891965,11.586455204053465,0.059845108953342545,0.40252554385541545
234.899,47.95,-14.3,234.989,48.071,-16.5,234.80200000000002,48.108,-14.3,0,-0.059965875251745494,25.166220103553947,-1.2364373598984972,33.861145438082374,0.05683569365457322,0.7428247666250576
235.869,42.617,-16.5,235.845,42.795,-16.5,235.713,42.695,-14.2,0,0.1927413133836025,4.770152867814815,4.669407592900427,12.358218585593818,0.06399156535871632,0.39664614944724647
235.19299999999998,47.741,-16.5,235.09,47.906,-16.5,234.99599999999998,47.78,-14.3,0,-0.006607112115632451,25.18000848939379,-0.9286504006678982,33.245731553072005,0.013393296859452548,0.7570151899866607
234.99599999999998,47.78,-14.3,235.09,47.906,-16.5,234.899,47.95,-14.3,0,-0.05604956032138601,25.676845759976164,-2.322040298877102,33.399795581498594,0.027191002277090193,0.768413545731059
236.01600000000002,41.447,-14.3,236.103,41.559,-16.5,235.95999999999998,41.624,-14.4,0,2.631897490331621,5.394763634699782,8.18095428080855,16.868396732185346,0.33070009652950216,0.32055796835939204
236.245,41.217,-16.5,236.07999999999998,41.27,-14.3,236.171,41.092,-14.8,0,2.147470320005065,6.5136034561903235,7.8524435453716706,18.783656206988553,0.28545656046484985,0.3470061574594843
235.414,46.21,-11.5,235.441,46.031,-11.5,235.577,46.123,-13.8,0,-4.405914615023159,18.49831541485505,-9.742558372482215,26.921035146193653,0.44333934228037514,0.6841114670847742
235.623,45.386,-14.1,235.76999999999998,45.477,-16.5,235.623,45.569,-14.1,0,-6.447315636910698,13.379435363435967,-13.238821160822248,23.72890335762576,0.4792156815754955,0.5607860665291658
234.368,48.422,-11.5,234.49099999999999,48.262,-11.5,234.56,48.407,-13.8,0,0.425773278442681,25.243633076883803,2.0290431871904566,34.792228647461265,0.20239131058895513,0.725057856737592
235.776,44.94,-16.5,235.774,45.119,-16.5,235.627,45.031,-14.1,0,-5.926360042150134,11.275500180845029,-12.8844215721208,22.854214718237394,0.45237372045583873,0.4900774602858402
235.768,45.656,-16.5,235.764,45.835,-16.5,235.61700000000002,45.743,-14.1,0,-5.484752508344626,12.94046402235073,-12.612436871314543,24.628693536448168,0.4275228140218863,0.5221168977704961
235.577,46.123,-13.8,235.441,46.031,-11.5,235.59199999999998,45.948,-13.8,0,-5.162953596084197,16.945619666503045,-11.336647489903243,26.050343230374494,0.44753319475746844,0.6472798143299787
235.772,45.298,-16.5,235.76999999999998,45.477,-16.5,235.623,45.386,-14.1,0,-6.002997860760344,12.359028939253616,-12.882912161617519,23.670978775054067,0.4581486876473391,0.519064172503637
234.888,48.237,-16.5,234.777,48.4,-16.5,234.692,48.276,-14.3,0,0.06910412763438824,22.850518993274516,0.48802340997957394,34.44906180482649,0.11307018738659429,0.6628185645200589
235.441,46.031,-11.5,235.452,45.851,-11.5,235.59199999999998,45.948,-13.8,0,-5.921213157703567,17.45346172175053,-12.056671215295978,25.548193374165038,0.48320189694732957,0.6800830558958205
235.774,45.119,-16.5,235.772,45.298,-16.5,235.627,45.212,-14.1,0,-6.026132881205823,11.894956516102225,-12.88237847795478,23.272300637314927,0.45996711759025694,0.5080253744364307
235.59199999999998,42.439,-11.5,235.626,42.261,-11.5,235.767,42.348,-14.2,0,1.0499483931258247,6.331631211288548,6.157495087740415,13.737645007650286,0.19146378781518386,0.4693156246276289
235.09,47.906,-16.5,234.989,48.071,-16.5,234.899,47.95,-14.3,0,-0.031187847473977567,24.81933897871429,-1.195552688822362,33.656002082987236,0.033705557642193566,0.7370446826993601
235.76999999999998,45.477,-16.5,235.768,45.656,-16.5,235.623,45.569,-14.1,0,-5.844323464547602,12.659108349461725,-12.880855392282285,24.090440937454332,0.4461279436124242,0.5223324768749076
236.245,41.217,-16.5,236.16899999999998,41.387,-16.5,236.07999999999998,41.27,-14.3,0,2.663654305795595,5.570863119955432,9.626650018245883,17.40108645449871,0.284564033183367,0.3205807839667466
234.989,48.071,-16.5,234.888,48.237,-16.5,234.80200000000002,48.108,-14.3,0,-0.07533813990762799,24.020869353584686,-1.2674582614212646,34.03322953502606,0.06885807002087033,0.7053708549937401
235.627,45.031,-14.1,235.774,45.119,-16.5,235.627,45.212,-14.1,0,-6.528731248336171,12.43914016756755,-13.231300637064876,22.91289375828714,0.4856784786151196,0.5397445621293954
234.625,48.547,-16.5,234.446,48.681,-16.5,234.42000000000002,48.553,-14.1,0,2.4297342803331095,19.839631525022494,11.659189933055963,33.41170681096193,0.20727054213596355,0.593112267816664
236.372,40.874,-16.5,236.326,41.049,-16.5,236.231,40.941,-15.3,0,1.0452525514030362,6.272954816776846,6.635224274442592,20.331851899234465,0.17297756413243165,0.3086015339834407
235.66,42.083,-11.5,235.704,41.907,-11.5,235.813,42.029,-13.8,0,2.1213585410717775,6.142709817376638,7.103124147546595,15.055247075946141,0.31290529796437894,0.4125255958606583
235.627,45.212,-14.1,235.772,45.298,-16.5,235.623,45.386,-14.1,0,-6.295699445424497,13.153748990473561,-12.70129883480989,23.621740092726917,0.48745950437216573,0.553864262043256
235.623,45.569,-14.1,235.768,45.656,-16.5,235.61700000000002,45.743,-14.1,0,-5.835567192957975,13.894593416481614,-12.41297391791268,24.580996923595066,0.4621555809774868,0.562090953921569
235.957,42.084,-16.5,235.924,42.261,-16.5,235.814,42.16,-14.3,0,0.8646918673530036,4.6923615534821765,5.454090796130515,14.779166242278421,0.1742684995798295,0.32272470014671
236.16899999999998,41.387,-16.5,236.103,41.559,-16.5,236.01600000000002,41.447,-14.3,0,2.565137812250551,5.206871942255189,8.602688107816917,17.044826364037732,0.30639614614868366,0.3060181359805705
236.326,41.049,-16.5,236.245,41.217,-16.5,236.171,41.092,-14.8,0,2.283773633056495,5.703004276275154,10.226264111583376,17.934668752658126,0.2312279380793792,0.3184996326309776
236.04399999999998,41.732,-16.5,235.999,41.908,-16.5,235.902,41.803,-14.4,0,1.71408425500731,4.609874708369519,6.555048833877009,16.151317232975686,0.27216152701936125,0.287317783960187
234.446,48.681,-16.5,234.252,48.806,-16.5,234.25400000000002,48.682,-14.2,0,3.5381958517411856,18.775584895172166,13.957997909148208,33.01601623123189,0.2526395793320248,0.5678921875344018
236.103,41.559,-16.5,236.04399999999998,41.732,-16.5,235.95999999999998,41.624,-14.4,0,2.3024696773271414,4.779469302475302,7.884823006853196,16.48547552614943,0.30059863217073407,0.2909256611006207
236.05700000000002,40.92,-14.1,236.152,40.789,-15.1,236.231,40.941,-15.3,0,-1.482644952709142,8.371097029236399,-5.165552302048042,21.128644006163142,0.2528212235207711,0.3943585429041886
234.888,48.237,-16.5,234.692,48.276,-14.3,234.80200000000002,48.108,-14.3,0,-0.010106447245134806,24.22828805160853,-0.23346513924667178,34.25749255178383,0.0989375990894138,0.706793502753945
236.152,40.789,-15.1,236.05700000000002,40.92,-14.1,235.98399999999998,40.797,-14.1,0,-2.921537049235093,8.600588144301275,-9.340227914986741,19.917061789767317,0.29134214934120023,0.42883861347642155
234.197,48.561,-11.5,234.42000000000002,48.553,-14.1,234.25400000000002,48.682,-14.2,0,3.1256485770115714,21.99254323380302,11.572547588775699,33.66048337206348,0.2688972539414421,0.6526489391026721
234.42000000000002,48.553,-14.1,234.446,48.681,-16.5,234.25400000000002,48.682,-14.2,0,2.8631210375752656,20.318854883571277,11.758648154773683,33.572966092836516,0.2423655834664416,0.6044905563754372
236.05700000000002,40.92,-14.1,235.872,40.885,-13.0,235.98399999999998,40.797,-14.1,0,-3.4550975240902613,9.477621443164495,-8.986354862393654,19.96347682290154,0.3605605647709263,0.47183336774103846
235.89600000000002,42.439,-16.5,235.737,42.515,-14.1,235.767,42.348,-14.2,0,0.47961659708339843,5.279132806334364,4.980011780002542,13.638222823636,0.1182446312143531,0.39562858022966946
235.814,42.16,-14.3,235.66,42.083,-11.5,235.813,42.029,-13.8,0,1.597935044702166,5.772646784621243,6.548218353564039,14.827356382267453,0.25945431454147316,0.3945356359552761
235.737,42.515,-14.1,235.59199999999998,42.439,-11.5,235.767,42.348,-14.2,0,0.6749519619653119,6.067401499737573,5.341149549844914,13.598844000372395,0.15012504813697813,0.45515580896270924
234.777,48.4,-16.5,234.56,48.407,-13.8,234.692,48.276,-14.3,0,0.1612634766960094,23.18829026209368,1.0001221568464018,34.631395025696776,0.1466146948484367,0.6690629135114573
234.56,48.407,-13.8,234.49099999999999,48.262,-11.5,234.692,48.276,-14.3,0,0.1910037759480362,24.947583004090674,1.059404470687852,34.66480233061739,0.16655704386989623,0.7192065234629477
235.957,42.084,-16.5,235.814,42.16,-14.3,235.813,42.029,-13.8,0,1.2283098112568418,5.029863285774555,6.021761903823744,14.994581161054015,0.2186309258530739,0.34013860748756
236.326,41.049,-16.5,236.171,41.092,-14.8,236.231,40.941,-15.3,0,0.7027412268754574,7.003584983423459,3.659502479114906,20.758479801751406,0.2235643638335533,0.3371149804902617
232.701,49.817,-16.5,232.52100000000002,49.954,-16.5,232.527,49.856,-14.7,0,4.281122612142177,16.946076851876086,11.082972457459883,37.96620875906123,0.38559897791165615,0.4445970716547466
235.362,40.361,-11.5,235.471,40.329,-14.0,235.437,40.531,-11.5,0,-3.336198700343542,9.86426645088847,-5.726204699160974,24.156332433348894,0.5139411757820468,0.4030872937347487
232.301,49.864,-11.5,232.486,49.729,-11.5,232.527,49.856,-14.7,0,5.093585941341412,19.49549277816295,11.540381317945737,37.937430501451225,0.4406486542247757,0.512006767087925
232.411,49.909,-14.0,232.301,49.864,-11.5,232.527,49.856,-14.7,0,4.520520281053016,18.99060674453711,10.651958944155474,38.27077770025817,0.4235686415075739,0.49436840936860216
235.437,40.531,-11.5,235.471,40.329,-14.0,235.589,40.434,-14.4,0,-6.141185759490037,8.896737940122245,-11.983689687790928,21.248569695199535,0.48373237000804387,0.411182410661669
236.098,43.033,-21.5,235.81,43.151,-16.5,235.825,42.973,-16.5,0,0.06591175690658127,3.1755535750285016,3.5575740076858153,10.908059445674382,0.038476469349483296,0.3009554635076108
236.161,42.502,-21.5,235.89600000000002,42.439,-16.5,236.185,42.325,-21.5,0,0.13314971021281158,3.1402385973690414,3.9324276513098653,13.883152810923974,0.049461395946438634,0.23228763693314738
236.082,43.211,-21.5,235.81,43.151,-16.5,236.098,43.033,-21.5,0,0.03761636879954787,2.382266735175044,3.288163936795655,10.518648317967205,0.028084213395750325,0.23500556842852874
236.049,45.699,-21.5,236.053,45.877,-21.5,235.764,45.835,-16.5,0,-3.970022595278839,7.880502881434618,-13.237601658347458,24.241851382514163,0.29483464427926676,0.32210164892917537
236.185,42.325,-21.5,235.89600000000002,42.439,-16.5,235.924,42.261,-16.5,0,0.31969808513872594,3.7864641008252296,4.55353607532831,14.155876730312798,0.08639580973398273,0.27364528061095067
234.037,49.172,-21.5,233.856,49.052,-16.5,234.055,48.93,-16.5,0,4.258991512189016,15.120613711283678,14.890950358372706,33.73400121133733,0.28543293036968304,0.44721622123556437
236.209,42.148,-21.5,236.185,42.325,-21.5,235.924,42.261,-16.5,0,0.2719890418578169,3.0828324687676485,3.96237894791696,14.770203076565082,0.0830846730154122,0.21303924572192542
235.764,45.835,-16.5,235.768,45.656,-16.5,236.049,45.699,-21.5,0,-4.451235792465233,10.01258968173358,-12.3371702895261,24.657120000956425,0.35432651083434663,0.40292063410933654
236.082,43.211,-21.5,235.799,43.33,-16.5,235.81,43.151,-16.5,0,-0.528242953390954,6.590243404615443,-9.221261487378186,23.24711247782109,0.056964159031654825,0.2827927988105403
234.244,49.056,-21.5,234.037,49.172,-21.5,234.055,48.93,-16.5,0,3.9497246061911433,13.145439775030155,16.311400314394962,32.86568652296556,0.24169579495497617,0.3990687609242271
236.067,43.388,-21.5,235.799,43.33,-16.5,236.082,43.211,-21.5,0,-0.4087990289821955,5.069344874953581,-8.714677826393114,23.40978617032301,0.046513518123084345,0.21587320632896206
236.24200000000002,41.972,-21.5,236.209,42.148,-21.5,235.957,42.084,-16.5,0,0.5246320582067547,2.94593458166003,4.751091129294991,15.439628945828815,0.12164804018018212,0.19355781657313934
236.209,42.148,-21.5,235.924,42.261,-16.5,235.957,42.084,-16.5,0,0.579515266542729,3.6725264440192786,5.0095294743316,14.913839948233942,0.12912996340234428,0.2505341733875339
236.24200000000002,41.972,-21.5,235.957,42.084,-16.5,235.999,41.908,-16.5,0,0.945520164388378,3.5354346918029305,5.815907012697323,15.535167162440843,0.17309724765101944,0.23023690476202555
236.049,45.699,-21.5,235.768,45.656,-16.5,236.043,45.522,-21.5,0,-4.248680318361045,7.83641008332589,-13.500304037192606,23.697287627988203,0.3093527770990729,0.327793419812886
236.067,43.388,-21.5,235.793,43.509,-16.5,235.799,43.33,-16.5,0,-0.8132954747474181,5.949475288623767,-9.858471945916342,22.848081619125814,0.08187150350051065,0.2596309580016732
236.27800000000002,41.796,-21.5,236.24200000000002,41.972,-21.5,235.999,41.908,-16.5,0,0.7464365249689991,2.911239563485304,5.047505306094422,16.254517764230542,0.1577684141769825,0.18062243287527754
235.768,45.656,-16.5,235.76999999999998,45.477,-16.5,236.043,45.522,-21.5,0,-4.743679826021557,9.863461040454228,-12.612885409445745,24.126174192374116,0.36936185228909807,0.40579202952029914
236.05700000000002,43.566,-21.5,235.793,43.509,-16.5,236.067,43.388,-21.5,0,-0.6547375672925896,4.49267373512046,-9.372274152282067,23.01996877331859,0.06921911858315087,0.19442423467366354
236.27800000000002,41.796,-21.5,236.04399999999998,41.732,-16.5,236.32299999999998,41.622,-21.5,0,1.0502263596590244,3.03693973202367,5.9357072573448875,16.86629687169625,0.1851407876013587,0.18082224172603206
236.37099999999998,41.448,-21.5,236.103,41.559,-16.5,236.16899999999998,41.387,-16.5,0,1.8889332282396625,4.172791823669303,8.217744652869385,17.341137240873138,0.23685257490370873,0.24104844012030624
236.27800000000002,41.796,-21.5,235.999,41.908,-16.5,236.04399999999998,41.732,-16.5,0,1.240456350564014,3.601941224980915,6.136786768476085,16.337215155608334,0.21147603687758876,0.22191521861713265
236.05,43.744,-21.5,236.046,43.922,-21.5,235.781,43.867,-16.5,0,-1.2560463034028813,3.7513141524017657,-10.133024224620861,22.405460429909155,0.12316714496825104,0.16655343112548357
236.05700000000002,43.566,-21.5,235.788,43.688,-16.5,235.793,43.509,-16.5,0,-1.111235202976561,5.379173040655069,-9.985920993371998,22.660284585113764,0.11044762530098924,0.23654602168201805
236.05700000000002,43.566,-21.5,236.05,43.744,-21.5,235.788,43.688,-16.5,0,-0.931998926779798,4.017926184699491,-9.7559299775602,22.722060842885448,0.09475787165436594,0.1760193872949361
236.048,44.277,-21.5,235.78,44.403,-16.5,235.781,44.225,-16.5,0,-2.6227083319256503,5.492159290775791,-10.482047860870658,21.85840061880308,0.2496367297916142,0.2502959519835241
236.05,43.744,-21.5,235.781,43.867,-16.5,235.788,43.688,-16.5,0,-1.3959472209632695,5.0326898030439455,-9.739540168900632,22.633672653011224,0.1423950108260215,0.22144549459885993
236.32299999999998,41.622,-21.5,236.04399999999998,41.732,-16.5,236.103,41.559,-16.5,0,1.7009545907915327,3.775914815584903,7.487903619771217,16.708022327423407,0.23463147253157907,0.22674342451607923
236.04399999999998,44.455,-21.5,235.78,44.403,-16.5,236.048,44.277,-21.5,0,-2.2181171678942553,4.52124946708522,-10.14190331128843,21.984914490035457,0.21825258981570758,0.2047624717329423
236.035,45.344,-21.5,236.043,45.522,-21.5,235.76999999999998,45.477,-16.5,0,-4.482227984925953,7.725043817806441,-13.746896699615931,23.155548142745243,0.3205051082279722,0.3307606646379398
236.047,44.099,-21.5,236.048,44.277,-21.5,235.781,44.225,-16.5,0,-1.9903990949874708,3.9546282756866566,-10.747766155831933,21.825062757616195,0.18461889728554876,0.18027259958847164
236.32299999999998,41.622,-21.5,236.103,41.559,-16.5,236.37099999999998,41.448,-21.5,0,1.1743134777562123,3.3870356476897023,6.258948072919139,17.680609663561285,0.19554753504895162,0.19193494228616165
236.046,43.922,-21.5,236.047,44.099,-21.5,235.78199999999998,44.046,-16.5,0,-1.6502766920383036,3.6914728066693083,-10.749134336775995,21.970253880504856,0.15283158251019238,0.1671022691500891
236.046,43.922,-21.5,235.78199999999998,44.046,-16.5,235.781,43.867,-16.5,0,-1.9034862332876359,4.81848076659145,-10.724453510161318,22.026514553911746,0.17665012216801537,0.2177865696890521
236.047,44.099,-21.5,235.781,44.225,-16.5,235.78199999999998,44.046,-16.5,0,-2.2319732214699517,5.019043413753212,-10.482044089090245,22.004091876087543,0.21220448827372035,0.22710890740603187
236.04399999999998,44.455,-21.5,235.779,44.582,-16.5,235.78,44.403,-16.5,0,-3.015178777652806,6.170614491540875,-10.482910733016233,21.72302141457248,0.2871988528701077,0.28314862336009167
236.038,44.633,-21.5,235.779,44.582,-16.5,236.04399999999998,44.455,-21.5,0,-2.498265769610293,5.209743843528793,-9.901557006025243,21.967692609677584,0.25196427234619234,0.23631738910666464
236.035,45.344,-21.5,235.76999999999998,45.477,-16.5,235.772,45.298,-16.5,0,-4.8646075082535765,9.667989771559883,-12.619915527278359,23.740257101694098,0.3784931485023705,0.40426195786008373
236.038,44.633,-21.5,235.777,44.761,-16.5,235.779,44.582,-16.5,0,-3.338078036172648,6.92815448178215,-10.363797464446264,21.650764505446368,0.32176707989623227,0.3191581293677261
236.035,45.344,-21.5,235.772,45.298,-16.5,236.03199999999998,45.166,-21.5,0,-4.3311355058449434,7.642971142923199,-13.099411581976142,23.148128365966066,0.3246794444457899,0.3273330115071534
236.034,44.811,-21.5,235.777,44.761,-16.5,236.038,44.633,-21.5,0,-2.8643145020789764,5.846193277851671,-10.14592696494347,21.71718518485733,0.28205136907404815,0.26841674198997423
236.03199999999998,45.166,-21.5,235.772,45.298,-16.5,235.774,45.119,-16.5,0,-4.866002601533779,9.286223768038097,-12.623812110837484,23.34268141065533,0.378465623501402,0.39477795018744494
236.03199999999998,44.988,-21.5,236.03199999999998,45.166,-21.5,235.774,45.119,-16.5,0,-4.1382956768265675,7.311910364085477,-12.71371564319886,22.969624223405624,0.3194433482613805,0.3153724370810126
236.03199999999998,44.988,-21.5,235.776,44.94,-16.5,236.034,44.811,-21.5,0,-3.168813687004859,6.354763442987386,-10.385137147195266,21.462357311194147,0.3049244600870855,0.29536576422075067
236.034,44.811,-21.5,235.776,44.94,-16.5,235.777,44.761,-16.5,0,-3.6674394217368564,7.560227477538271,-10.482894287952291,21.454503882398484,0.34960177114777385,0.35161643196386233
236.03199999999998,44.988,-21.5,235.774,45.119,-16.5,235.776,44.94,-16.5,0,-4.741004435186548,8.723916713640444,-12.625829606029917,22.937169723685543,0.3687164655230999,0.37710092859563427
236.062,40.236,-19.4,236.316,40.319,-20.0,236.086,40.389,-18.2,0,-1.2729566405144763,3.086036166225181,-19.98485515246705,14.14277054521797,0.05612803742115944,0.20738637025027276
236.316,40.319,-20.0,236.062,40.236,-19.4,236.224,40.169,-20.6,0,-0.5055388623523259,2.5636703769019213,-19.59958313013533,15.221806274146495,0.018422203633787663,0.15879144938115441
232.72199999999998,50.072,-21.5,232.541,50.085,-19.0,232.703,49.954,-19.1,0,2.8973812352584507,13.528068421840484,9.581090385001588,38.54707403893297,0.3017065722841919,0.34947110765211653
235.62099999999998,47.373,-18.8,235.825,47.453,-21.5,235.51600000000002,47.54,-18.8,0,-0.02821299663476777,17.43896759169573,3.6315501092672307,30.887423513162105,0.03538282156584629,0.565932322121326
235.825,47.453,-21.5,235.71699999999998,47.615,-21.5,235.51600000000002,47.54,-18.8,0,-0.07817324887815705,16.431016035077565,4.603068623444885,30.909308550781574,0.017588412966007373,0.5329247264847037
235.72199999999998,47.203,-18.8,235.926,47.29,-21.5,235.62099999999998,47.373,-18.8,0,0.08064619395172226,15.65140493688201,2.8396717393654214,30.553905767226638,0.07707212871335407,0.5136431576936236
235.51600000000002,47.54,-18.8,235.71699999999998,47.615,-21.5,235.409,47.703,-18.8,0,0.005209796056587922,19.485085717987666,0.347766724865588,32.43801996466476,0.0037581818620308505,0.6001574659854877
235.71699999999998,47.615,-21.5,235.607,47.777,-21.5,235.409,47.703,-18.8,0,-0.0029290114080428253,18.323162214959257,0.9978224258290211,32.550904575889774,-0.007798578395475074,0.5623646882587668
235.926,47.29,-21.5,235.825,47.453,-21.5,235.62099999999998,47.373,-18.8,0,0.05265721802937584,14.820966968899203,3.5614669338599523,30.6293451005969,0.05455880810210682,0.4853945908679913
235.409,47.703,-18.8,235.607,47.777,-21.5,235.31900000000002,47.843,-18.8,0,0.005405035454236185,20.175341366495704,0.05394208686024626,32.816187919668785,-0.011278710211107226,0.6142853745699219
235.607,47.777,-21.5,235.495,47.938,-21.5,235.31900000000002,47.843,-18.8,0,-0.016165024072044124,18.85151290559089,1.3868798715839077,32.923113945012325,-0.016549597164150828,0.5720653405721818
235.57999999999998,40.297,-16.5,235.74200000000002,40.23,-17.8,235.762,40.409,-16.5,0,-6.179384609055272,4.871537037553285,-19.021465122037114,15.734325837052864,0.3117698885320473,0.29625474889273773
236.338,40.699,-16.5,236.531,40.705,-19.2,236.54399999999998,40.834,-19.2,0,-0.18186475094541626,5.0663498077167075,-1.5232872321507216,22.41689386107734,0.05538216404699472,0.22501256705422212
232.541,50.085,-19.0,232.52100000000002,49.954,-16.5,232.703,49.954,-19.1,0,3.157572905012572,15.065518487187065,9.379438792017407,38.505966770739235,0.335838616009221,0.3896513583331922
234.96800000000002,48.394,-18.8,235.043,48.579,-21.5,234.828,48.531,-18.7,0,0.6175497523149617,16.434820118030157,6.582550572234364,33.98878584195116,0.09200655400691204,0.4829842827629231
236.372,40.874,-16.5,236.338,40.699,-16.5,236.54399999999998,40.834,-19.2,0,-0.40101091680237927,5.624535475460993,-3.317166471497927,21.98046653029033,0.08816932709472697,0.25465455330915066
235.192,48.431,-21.5,235.043,48.579,-21.5,234.96800000000002,48.394,-18.8,0,0.5205878848473093,15.175470677774703,7.6120953953967545,33.59584792270822,0.06695317835954923,0.4511785884304343
232.88400000000001,49.928,-21.5,232.72199999999998,50.072,-21.5,232.703,49.954,-19.1,0,2.513732830497829,12.847119329522462,8.668920746010668,38.60003971027071,0.2891702436263873,0.3314259685708105
235.993,47.118,-21.5,235.72199999999998,47.203,-18.8,235.805,47.022,-18.9,0,-0.29713681988980833,13.726886149456458,-1.6304331428944998,30.23322180628957,0.12161123375560556,0.4551051721990162
235.993,47.118,-21.5,235.926,47.29,-21.5,235.72199999999998,47.203,-18.8,0,-0.29117489525656903,12.994233647723096,-2.0204057325919784,30.35664546556756,0.0958401239602705,0.42943438193667366
233.07299999999998,49.553,-16.5,233.26600000000002,49.426,-16.5,233.247,49.54,-18.9,0,5.014674655742347,15.255145573472552,13.689044815724747,36.088795263146125,0.3658588560206808,0.4211465788935207
233.26600000000002,49.426,-16.5,233.45999999999998,49.299,-16.5,233.44299999999998,49.413,-19.1,0,4.930698591597683,15.380769800290588,13.780754237110234,35.775564374725434,0.35727409382807224,0.42846729011724405
232.52100000000002,49.954,-16.5,232.701,49.817,-16.5,232.703,49.954,-19.1,0,4.016175902135578,15.638769497532804,11.215303674724588,37.882053906931155,0.35748581450739886,0.4111598975227484
235.764,45.835,-16.5,236.053,45.877,-21.5,235.93200000000002,45.97,-19.3,0,-4.406350042894662,8.493277625745122,-14.100228132657897,23.992558265022513,0.30760723438887144,0.3507966249794665
236.38400000000001,40.158,-21.5,236.539,40.291,-21.5,236.316,40.319,-20.0,0,0.4712600433663608,2.1328857982512814,-18.11854323877975,16.80509934721507,-0.031656755330689505,0.12109525975768971
233.424,49.525,-21.5,233.238,49.656,-21.5,233.247,49.54,-18.9,0,3.820083966977966,12.50922429639813,12.827815713196042,36.493171223087785,0.29735307373570924,0.3414434971006103
235.762,40.409,-16.5,235.74200000000002,40.23,-17.8,235.93099999999998,40.322,-18.1,0,-4.707986533557549,4.8154102854580145,-18.381830282582484,16.337923886255503,0.242830372809346,0.28283714653937714
233.623,49.404,-21.5,233.424,49.525,-21.5,233.44299999999998,49.413,-19.1,0,4.377639837045685,12.136411355715577,15.16838289013819,35.01129870743212,0.28827517790744767,0.34537303407313735
234.888,48.237,-16.5,234.989,48.071,-16.5,235.091,48.264,-19.1,0,-0.046666197930299136,22.010096155045712,-1.045472550996429,33.97918131337088,0.05641180294730995,0.6472738428048518
232.885,49.684,-16.5,233.07299999999998,49.553,-16.5,233.062,49.668,-18.9,0,4.705608610291433,15.418984299371127,12.743013299863843,36.792056242517475,0.36876082384148023,0.41745955657707734
236.16899999999998,41.387,-16.5,236.245,41.217,-16.5,236.293,41.326,-18.8,0,2.186772305124807,4.858126066989083,9.363562989694202,17.677407624693785,0.24040188615631683,0.2752174358779739
235.975,40.484,-16.5,235.762,40.409,-16.5,235.93099999999998,40.322,-18.1,0,-5.193471969636979,3.5947378206135574,-21.695778343047323,10.57567310544394,0.23205772666004407,0.32249789087554165
235.74200000000002,40.23,-17.8,235.904,40.163,-19.1,235.93099999999998,40.322,-18.1,0,-3.5847452840679463,3.8423823991158432,-18.57497194149866,16.67332908007893,0.18033694155105326,0.21843571119050753
236.338,40.699,-16.5,236.406,40.536,-18.8,236.531,40.705,-19.2,0,-0.631677779560458,4.856181527723435,-10.568032942925953,20.400704484362038,0.048645670507823015,0.2352315475003277
234.989,48.071,-16.5,235.18099999999998,48.142,-19.3,235.091,48.264,-19.1,0,-0.028637742756175387,21.132956742390885,-1.1158948867442984,33.83675230480318,0.036099882895525806,0.6240687572660388
236.338,40.699,-16.5,236.184,40.566,-16.5,236.406,40.536,-18.8,0,-1.4698993863984346,4.528666608659462,-16.572723190621474,16.112658665480375,0.08065148938092503,0.2753615067384584
236.035,46.942,-21.5,235.805,47.022,-18.9,235.858,46.841,-18.9,0,-0.842307988678797,11.786218978625788,-4.758163811693901,29.50797830386402,0.16139886269518824,0.3997836382744805
233.45999999999998,49.299,-16.5,233.65699999999998,49.175,-16.5,233.638,49.289,-19.0,0,4.961396704527315,15.492045585227935,14.400084151459971,34.98504415415747,0.3440037935648051,0.4414926169180199
233.238,49.656,-21.5,233.058,49.79,-21.5,233.062,49.668,-18.9,0,3.565372764564073,12.596809045179906,11.88011505307147,37.10842468192545,0.2996296840702124,0.33807353255975375
236.184,40.566,-16.5,235.975,40.484,-16.5,236.086,40.389,-18.2,0,-3.322342512367611,3.4597605287145368,-21.208549994633813,10.6013993235007,0.15019142805362246,0.31234305821944996
234.828,48.531,-18.7,234.853,48.705,-21.5,234.648,48.684,-19.0,0,1.6155377766237928,15.032921175334135,12.369129581346936,32.86191442236459,0.12974846603296172,0.4568503780649782
236.035,46.942,-21.5,235.993,47.118,-21.5,235.805,47.022,-18.9,0,-0.8946700992876994,11.039384041464846,-6.101195068064776,29.401544388696365,0.13523167823764418,0.3763045495697231
235.495,47.938,-21.5,235.388,48.101,-21.5,235.23399999999998,48.006,-19.0,0,0.004102487750324461,18.676690860097256,0.5347342348580799,33.33997677323252,-0.00907909319367238,0.5596729740706494
235.72199999999998,47.203,-18.8,235.578,47.074,-16.5,235.805,47.022,-18.9,0,-0.35231758144532527,16.65925478158889,-1.8673402479128178,30.29770128370226,0.13228943047388733,0.5506726355060687
236.245,41.217,-16.5,236.326,41.049,-16.5,236.37900000000002,41.162,-18.9,0,1.8471390099120113,4.984495101023855,9.95920276839557,18.2263758042414,0.19212829240687201,0.27393136173486876
235.904,40.163,-19.1,236.065,40.095,-20.3,236.062,40.236,-19.4,0,-1.5974966016090868,2.703071598562501,-18.558657709846216,17.12119302932816,0.07530223143015477,0.14730349451984884
236.227,40.028,-21.5,236.38400000000001,40.158,-21.5,236.224,40.169,-20.6,0,0.3690787053354349,1.5837616400094707,-18.631698873483316,17.260635784756808,-0.02668385414438914,0.08443378903149272
236.184,40.566,-16.5,236.086,40.389,-18.2,236.28,40.451,-18.7,0,-2.0413937222290404,3.5440774467881675,-20.26437417158371,12.399462649918291,0.09402610236157574,0.2749690362242391
234.777,48.4,-16.5,234.96800000000002,48.394,-18.8,234.828,48.531,-18.7,0,0.7220947013686562,19.05590033014678,6.523648995665499,34.072282994780196,0.10868670359553663,0.5587147735477266
233.829,49.287,-21.5,233.623,49.404,-21.5,233.638,49.289,-19.0,0,4.4209557263413854,11.979261292885575,16.172643810199126,34.029934264351226,0.2730364768826475,0.35086719695680607
236.424,41.274,-21.5,236.37099999999998,41.448,-21.5,236.293,41.326,-18.8,0,1.05583622991081,3.57015350514259,6.671501414612379,18.611298263257538,0.16556946485496343,0.1920357915388167
235.805,47.022,-18.9,235.64600000000002,46.902,-16.5,235.858,46.841,-18.9,0,-0.9707633292422698,14.526645878816087,-5.007760968368995,29.527848271253156,0.17803182053314046,0.49207763085892037
235.043,48.579,-21.5,234.853,48.705,-21.5,234.828,48.531,-18.7,0,1.4203433165300017,13.642429686503048,14.023716452342565,31.9628846421125,0.1005917341639434,0.42625262438341277
232.701,49.817,-16.5,232.885,49.684,-16.5,232.88,49.801,-18.9,0,4.445213848565041,15.577799015284526,12.114913176157355,37.34680550562832,0.3663820302211115,0.4154514741985283
236.065,40.095,-20.3,236.227,40.028,-21.5,236.224,40.169,-20.6,0,-0.10256048704679502,1.6259383351120806,-19.134591893264854,16.890590844810887,-0.0024939410977827705,0.08729087149305062
236.70999999999998,40.616,-21.5,236.709,40.794,-21.5,236.531,40.705,-19.2,0,-0.04921477209019051,3.113698365375265,0.22424141581149115,22.619290789422536,0.0018133323151763186,0.137136847628562
236.38400000000001,40.158,-21.5,236.316,40.319,-20.0,236.224,40.169,-20.6,0,0.23103462733846747,2.0750798743928938,-19.44827414984894,15.583723573183732,-0.01800358851586488,0.1251878228665633
235.49200000000002,47.243,-16.5,235.72199999999998,47.203,-18.8,235.62099999999998,47.373,-18.8,0,0.06704609149972905,18.628204102931218,2.5761569980592895,30.67122910188128,0.08343021146616013,0.6084571361417607
236.531,40.705,-19.2,236.406,40.536,-18.8,236.574,40.557,-20.3,0,-0.23883999137560202,4.091721001748104,-9.589609674604503,20.998003156203936,0.014699382274412117,0.19252442736714467
235.289,48.266,-21.5,235.192,48.431,-21.5,235.091,48.264,-19.1,0,-0.027384515974901887,16.635719379737136,-1.0695310297019418,34.045809480970966,0.03623288307147147,0.4881201527438722
235.578,47.074,-16.5,235.64600000000002,46.902,-16.5,235.805,47.022,-18.9,0,-0.4901661531906584,16.93199241689099,-2.4075376669442186,30.07146788357465,0.16272285486950747,0.5634155017898062
236.52800000000002,41.115,-21.5,236.424,41.274,-21.5,236.37900000000002,41.162,-18.9,0,1.4345773698380315,3.2071752791561594,11.698699957159015,16.862443515587586,0.12591168996144583,0.19073372304082525
235.49200000000002,47.243,-16.5,235.578,47.074,-16.5,235.72199999999998,47.203,-18.8,0,-0.07764004632609599,18.922378570320326,0.45417764978574127,30.56731243967436,0.11281024750247567,0.6198940219961567
235.93200000000002,46.149,-19.2,235.75900000000001,46.013,-16.5,235.93200000000002,45.97,-19.3,0,-4.333052096002438,9.39650135034216,-13.705891890853671,24.56883630950863,0.3111853939198104,0.37915293711874376
235.757,46.192,-16.5,235.75900000000001,46.013,-16.5,235.93200000000002,46.149,-19.2,0,-4.208846139391909,10.826099535356681,-12.68359644351331,25.325098057927207,0.3263156226169144,0.42414478381547926
234.989,48.071,-16.5,235.09,47.906,-16.5,235.23399999999998,48.006,-19.0,0,-0.008842260258243067,23.15827902719849,-0.9858445694921478,33.54055769658515,0.01862629815624066,0.690012947840149
234.625,48.547,-16.5,234.828,48.531,-18.7,234.648,48.684,-19.0,0,1.813789880504723,17.388932955855,11.936155821513953,33.10410696317195,0.15095392713049055,0.5246460578750268
233.058,49.79,-21.5,232.88400000000001,49.928,-21.5,232.88,49.801,-18.9,0,3.209601935200398,12.751596966332801,10.759108122712853,37.74754360014034,0.2977506755115964,0.3364034308208752
235.75900000000001,46.013,-16.5,235.764,45.835,-16.5,235.93200000000002,45.97,-19.3,0,-4.382378938700191,10.899746009887014,-12.264525871602878,25.15709602736284,0.35108351568382506,0.4299072720375019
236.086,40.389,-18.2,236.316,40.319,-20.0,236.28,40.451,-18.7,0,-1.0815382528863444,3.29900271926041,-19.54780532414577,14.123331764385291,0.04823451159005608,0.22414378074552707
235.31900000000002,47.843,-18.8,235.495,47.938,-21.5,235.23399999999998,48.006,-19.0,0,0.010766350074086727,20.20046404254735,-0.25638526745414936,33.19538361762588,-0.009911181339076579,0.6080281432897225
235.64600000000002,46.902,-16.5,235.697,46.726,-16.5,235.858,46.841,-18.9,0,-1.1587033205195616,14.961813666192931,-5.219230096511524,29.314839602932906,0.20731918258422985,0.5098971831420503
236.059,46.765,-21.5,236.035,46.942,-21.5,235.858,46.841,-18.9,0,-1.5512494886024581,9.362521687231245,-8.951528063121366,28.27518924856234,0.16716502781913145,0.3311184671538301
235.697,46.726,-16.5,235.739,46.55,-16.5,235.902,46.661,-19.1,0,-1.673664696441818,13.26383133788227,-6.611960239482734,28.6644989035687,0.24295769006998644,0.4612830514274922
235.975,40.484,-16.5,235.93099999999998,40.322,-18.1,236.086,40.389,-18.2,0,-3.553591644856101,3.8923609233287433,-20.51815462903329,12.722634879400957,0.1648461960891427,0.2925955885659328
235.753,46.371,-16.5,235.757,46.192,-16.5,235.928,46.323,-19.2,0,-3.7805226357529547,11.014952672448965,-12.399955501076434,25.872145778146077,0.2997332177043367,0.4227179408184954
236.539,40.291,-21.5,236.656,40.444,-21.5,236.44,40.41,-20.1,0,0.3466169223701687,2.567012070458154,-14.241134939801839,19.446373005080936,-0.03013316279908552,0.1287880175741045
235.39600000000002,47.41,-16.5,235.62099999999998,47.373,-18.8,235.51600000000002,47.54,-18.8,0,-0.031794396842159164,20.216206927604194,3.374758370291852,31.020760657141793,0.03965099290106856,0.6527378609940909
235.39600000000002,47.41,-16.5,235.49200000000002,47.243,-16.5,235.62099999999998,47.373,-18.8,0,-0.021806166078719616,20.62787332836678,2.0296561804218562,30.93211729276465,0.06469967937806413,0.6678386685772999
236.062,40.236,-19.4,236.065,40.095,-20.3,236.224,40.169,-20.6,0,-0.7459263622416814,2.396658809572035,-18.754452432426717,16.837876590358434,0.030641559675510466,0.1327422813777888
235.739,46.55,-16.5,235.753,46.371,-16.5,235.92000000000002,46.483,-19.1,0,-3.044237226846044,11.6893898003831,-10.93995820480302,26.899050420708228,0.27274105658577946,0.4321750850988584
235.904,40.163,-19.1,236.062,40.236,-19.4,235.93099999999998,40.322,-18.1,0,-2.476167028047938,3.536814825252756,-18.58117591487232,16.58662164440321,0.12183522558978015,0.20211153668721613
236.44,40.41,-20.1,236.656,40.444,-21.5,236.574,40.557,-20.3,0,0.1703238164279309,2.9071096434688974,-13.52930559083066,19.422570913297967,-0.01856642149306182,0.14670538221600304
233.65699999999998,49.175,-16.5,233.856,49.052,-16.5,233.837,49.169,-18.9,0,4.771530838050617,15.732787175271456,14.685987470998299,34.27357014146961,0.32432819879123265,0.4578618279604854
235.928,46.323,-19.2,235.757,46.192,-16.5,235.93200000000002,46.149,-19.2,0,-3.6096322618913823,9.734944576996597,-12.273263176890993,25.714838919593397,0.2890388644526766,0.3755249448785581
235.29500000000002,47.575,-16.5,235.39600000000002,47.41,-16.5,235.51600000000002,47.54,-18.8,0,-0.09080913489174323,21.855610456668707,2.900257187034331,31.28552878037567,0.026216430520569805,0.6993727726517652
235.29500000000002,47.575,-16.5,235.51600000000002,47.54,-18.8,235.409,47.703,-18.8,0,0.0040851621580151,22.119236467435005,0.09895204685085268,32.57173135709316,0.008908127911394783,0.6786245670450266
235.858,46.841,-18.9,235.697,46.726,-16.5,235.902,46.661,-19.1,0,-1.9111255274355323,12.451515789940915,-8.594439983658894,28.28145416662413,0.21518884882659728,0.4394145882667605
232.701,49.817,-16.5,232.88400000000001,49.928,-21.5,232.703,49.954,-19.1,0,3.060765214839325,14.37813856896647,9.333064947925536,38.35460892111169,0.3271458818921189,0.3733406326896487
235.93099999999998,40.322,-18.1,236.062,40.236,-19.4,236.086,40.389,-18.2,0,-2.592719390219462,3.2802818305891925,-20.723479250440107,13.091679136100254,0.1170649624841911,0.2370483605716592
235.902,46.661,-19.1,235.739,46.55,-16.5,235.92000000000002,46.483,-19.1,0,-2.541261431006434,10.95467166156031,-10.214172243795844,27.362010160936833,0.24316057302321117,0.3985480791855137
235.19299999999998,47.741,-16.5,235.29500000000002,47.575,-16.5,235.409,47.703,-18.8,0,-0.000251410373493048,23.39515951546745,-0.9714299525564662,32.777620765741204,0.0044437190323935016,0.7133213749420746
234.037,49.172,-21.5,233.829,49.287,-21.5,233.837,49.169,-18.9,0,4.191910463511772,11.996609449365355,16.556284378488336,33.34522579117839,0.2528366939011024,0.3587527937041508
235.19299999999998,47.741,-16.5,235.409,47.703,-18.8,235.31900000000002,47.843,-18.8,0,0.006266283361636446,22.61607064915512,-0.18989463000683848,32.956403069798895,-0.003360074433502259,0.6857848005843161
235.192,48.431,-21.5,234.96800000000002,48.394,-18.8,235.091,48.264,-19.1,0,0.13738214211872016,17.498666806276322,2.1954692588292133,34.135418116393396,0.05710042914600293,0.5121018946095669
236.326,41.049,-16.5,236.372,40.874,-16.5,236.486,40.989,-18.9,0,0.7501380881042657,5.326127233715918,6.3309702812424575,20.48425102242271,0.13115193423800148,0.2600782680038837
236.059,46.765,-21.5,235.858,46.841,-18.9,235.902,46.661,-19.1,0,-1.6472418358435084,9.983521127665242,-8.290718956724675,28.320698454897574,0.1917399820423502,0.351945744390876
235.92000000000002,46.483,-19.1,235.753,46.371,-16.5,235.928,46.323,-19.2,0,-3.4266299737887738,9.929555875237458,-12.619477342823146,25.93412822188145,0.26697414203179715,0.38026602613563043
234.777,48.4,-16.5,234.888,48.237,-16.5,234.96800000000002,48.394,-18.8,0,0.07978637730601537,20.970549215846418,0.6879553871665429,34.401615542146146,0.09615045909863078,0.60906087628197
235.09,47.906,-16.5,235.19299999999998,47.741,-16.5,235.31900000000002,47.843,-18.8,0,0.004907560471614102,23.57889780871892,-0.7235507059265274,33.1656065795865,0.0024206085847111444,0.7105151499236089
236.07299999999998,46.588,-21.5,236.059,46.765,-21.5,235.902,46.661,-19.1,0,-2.035024572926665,8.024590050712689,-10.48364101508168,27.349896467634565,0.1894405666773039,0.29249348908540657
235.388,48.101,-21.5,235.289,48.266,-21.5,235.18099999999998,48.142,-19.3,0,0.0027903261800165144,17.787510640207792,-0.7755963595237834,33.700687675699854,0.009977491363585327,0.5272978608983407
236.316,40.319,-20.0,236.539,40.291,-21.5,236.44,40.41,-20.1,0,0.2778663000461652,2.5223032982126505,-17.91848986297589,16.41651434849193,-0.021112680102748495,0.14796700213892805
235.18099999999998,48.142,-19.3,234.989,48.071,-16.5,235.23399999999998,48.006,-19.0,0,-0.026730444281185293,21.68121777900941,-1.8103591010085545,33.60656941628931,0.0206416769826848,0.6446735092100444
236.37099999999998,41.448,-21.5,236.16899999999998,41.387,-16.5,236.293,41.326,-18.8,0,1.542566544984936,4.1178692723853025,7.612697879506115,18.025316337387892,0.20998094825251282,0.22874336162553535
234.244,49.056,-21.5,234.055,48.93,-16.5,234.255,48.932,-19.1,0,3.591764817349816,14.514547558434408,14.712330643105975,33.39079093741361,0.2435326508615564,0.433818709548058
236.709,40.794,-21.5,236.656,40.966,-21.5,236.54399999999998,40.834,-19.2,0,0.12342667420383385,2.904672735837498,6.526161186776392,20.893905228634424,0.024432249222903473,0.13910564017783528
236.082,46.41,-21.5,236.07299999999998,46.588,-21.5,235.92000000000002,46.483,-19.1,0,-2.3548430973728993,7.171553689071675,-11.24427245433182,26.65505021062055,0.20521903627484112,0.26734950152568654
236.656,40.966,-21.5,236.52800000000002,41.115,-21.5,236.486,40.989,-18.9,0,0.9001706968516913,2.5565434073032125,13.948705013991251,15.91948283911114,0.06636585807688397,0.1614257754742486
236.07299999999998,46.588,-21.5,235.902,46.661,-19.1,235.92000000000002,46.483,-19.1,0,-2.1843071576219635,8.697723164274057,-9.998636239177742,27.37206663009419,0.2132487319131056,0.31628077256690784
234.648,48.684,-19.0,234.652,48.823,-21.5,234.45499999999998,48.811,-19.1,0,2.4630628169440962,14.125582339681763,14.71725281751053,32.430243675115335,0.16671558278082574,0.43489605963815325
234.853,48.705,-21.5,234.652,48.823,-21.5,234.648,48.684,-19.0,0,2.1539249702532386,12.94861641448204,15.761998163822255,31.702479197706026,0.13609674953217285,0.407823925907464
236.326,41.049,-16.5,236.52800000000002,41.115,-21.5,236.37900000000002,41.162,-18.9,0,1.4121810334226745,4.080914857068676,10.562432258968016,18.00640598555006,0.13857775734425265,0.22713914954936507
236.078,46.232,-21.5,236.082,46.41,-21.5,235.928,46.323,-19.2,0,-2.9043154491058596,6.555531916695898,-13.123275276678115,25.364219685798158,0.21769162193978484,0.2561519926581535
233.65699999999998,49.175,-16.5,233.829,49.287,-21.5,233.638,49.289,-19.0,0,4.986842220354126,13.579039639571304,16.43521397630912,33.781200732306985,0.3030533958301542,0.4007539728620297
233.058,49.79,-21.5,232.885,49.684,-16.5,233.062,49.668,-18.9,0,4.195832007954733,14.031130686007577,12.514276833621079,36.98527569680903,0.33481563614312465,0.37783782272395217
236.406,40.536,-18.8,236.44,40.41,-20.1,236.574,40.557,-20.3,0,-0.12625520279862795,3.5859141028464734,-13.805449085523406,19.111282282069507,0.0016601220749959138,0.18399684460994545
234.446,48.681,-16.5,234.648,48.684,-19.0,234.45499999999998,48.811,-19.1,0,2.8032363228808603,16.224908002799147,14.499823035409467,32.604590661953445,0.19259253458727674,0.49691141756598856
233.238,49.656,-21.5,233.07299999999998,49.553,-16.5,233.247,49.54,-18.9,0,4.61246899176843,13.831589145375467,13.797692888263217,36.19140528060703,0.33389459385976533,0.3806854782994019
232.88400000000001,49.928,-21.5,232.701,49.817,-16.5,232.88,49.801,-18.9,0,3.7759592986576687,14.229368848180709,11.376597947717553,37.660094365256796,0.33135182390844015,0.3762842126137901
233.45999999999998,49.299,-16.5,233.623,49.404,-21.5,233.44299999999998,49.413,-19.1,0,5.003735678100753,13.595989906310814,15.651633840264243,34.7036096908584,0.31933594321392905,0.39042714719870597
234.446,48.681,-16.5,234.625,48.547,-16.5,234.648,48.684,-19.0,0,2.187510035425982,17.97047323940044,11.83108709191238,33.355743221743026,0.1838591772735085,0.5380775028364554
234.625,48.547,-16.5,234.777,48.4,-16.5,234.828,48.531,-18.7,0,1.073356393755419,19.43014103979483,7.630565133906076,34.01896663460526,0.13890947718910923,0.5705649963352296
236.52800000000002,41.115,-21.5,236.326,41.049,-16.5,236.486,40.989,-18.9,0,1.3983135147470167,3.7163847801485956,12.436443831087928,17.0799819199203,0.11600917462724084,0.21833885959202362
233.856,49.052,-16.5,234.037,49.172,-21.5,233.837,49.169,-18.9,0,4.57233269655368,13.8431062806162,16.220158843675957,33.34115975722882,0.2814519037143276,0.41413142238813244
233.424,49.525,-21.5,233.26600000000002,49.426,-16.5,233.44299999999998,49.413,-19.1,0,4.357495992739013,13.956857565158034,13.292446515888232,36.04783839922156,0.3273220545040093,0.38577784419280425
233.26600000000002,49.426,-16.5,233.424,49.525,-21.5,233.247,49.54,-18.9,0,4.232315584205292,14.022000097958513,12.785387462435347,36.370547729675266,0.3305056025950616,0.3841046933620704
234.252,48.806,-16.5,234.446,48.681,-16.5,234.45499999999998,48.811,-19.1,0,3.207877083437038,17.03422371023296,14.11403494505181,32.99179827766744,0.2265051061026452,0.5155457633543664
236.064,46.055,-21.5,235.93200000000002,46.149,-19.2,235.93200000000002,45.97,-19.3,0,-3.5843764859075993,7.407016722887778,-13.46414919529984,24.676432168433813,0.261935686918792,0.2972316631919494
236.064,46.055,-21.5,236.078,46.232,-21.5,235.93200000000002,46.149,-19.2,0,-3.417206452073217,6.326277317522118,-14.497972118987676,24.217494070367835,0.232198232832038,0.25852606802948075
234.055,48.93,-16.5,234.252,48.806,-16.5,234.255,48.932,-19.1,0,3.8344572727186668,16.53891869429581,14.44880971145907,33.34178407204372,0.2646808181161043,0.49516081988925137
234.252,48.806,-16.5,234.45499999999998,48.811,-19.1,234.255,48.932,-19.1,0,3.501738475999272,15.685902912137145,15.102721236016933,32.815039705563656,0.23121434030872692,0.4772013627383482
234.45499999999998,48.811,-19.1,234.44799999999998,48.939,-21.5,234.255,48.932,-19.1,0,3.076208737954983,13.715787726649417,15.257589357008975,32.696770410125424,0.20105057581029678,0.4187322768583385
234.652,48.823,-21.5,234.44799999999998,48.939,-21.5,234.45499999999998,48.811,-19.1,0,2.763408413073268,12.664491404835355,16.196414356729065,31.99979895954523,0.1701196196032626,0.3950848272550665
233.07299999999998,49.553,-16.5,233.238,49.656,-21.5,233.062,49.668,-18.9,0,4.0796037329133075,14.06798778376491,12.16226424439023,36.90379627640177,0.33490174410865714,0.37971124040165904
236.656,40.444,-21.5,236.70999999999998,40.616,-21.5,236.574,40.557,-20.3,0,0.07051192893498952,2.8390784662119652,-6.868046827823093,22.344487995997497,-0.018966676341230056,0.12570860707263354
234.44799999999998,48.939,-21.5,234.244,49.056,-21.5,234.255,48.932,-19.1,0,3.234070096070557,12.446536045337462,16.07469605235908,32.564070847784336,0.2007243147106693,0.38145042478495916
236.053,45.877,-21.5,236.064,46.055,-21.5,235.93200000000002,45.97,-19.3,0,-3.55910036219287,6.5398312363091105,-14.07422194453968,24.08530421972879,0.24892475243257361,0.2687141018714903
236.424,41.274,-21.5,236.245,41.217,-16.5,236.37900000000002,41.162,-18.9,0,1.8962719793652445,4.04697167249433,11.049917153430115,17.176810112223535,0.1762347562510775,0.2361262568791203
236.082,46.41,-21.5,235.92000000000002,46.483,-19.1,235.928,46.323,-19.2,0,-2.9081476209866937,7.761065487379545,-12.451602446494952,25.93347750638319,0.22949846075467084,0.29704076297213744
236.531,40.705,-19.2,236.709,40.794,-21.5,236.54399999999998,40.834,-19.2,0,-0.1062078100122381,3.662086848105675,-1.930752718701882,22.20192813365,0.023657251140435834,0.16420750300268303
233.623,49.404,-21.5,233.45999999999998,49.299,-16.5,233.638,49.289,-19.0,0,4.444036976627377,13.929749359646946,14.082290689950497,35.2245610363001,0.31508538520637225,0.39416973012383
236.406,40.536,-18.8,236.184,40.566,-16.5,236.28,40.451,-18.7,0,-1.2738847542304292,4.003254394698858,-17.99402975338009,15.142954253742332,0.06338408247024899,0.25727689028923256
232.885,49.684,-16.5,233.058,49.79,-21.5,232.88,49.801,-18.9,0,3.8793517738315937,14.179415138047244,11.587768129085058,37.41976304179484,0.3342301858493207,0.3773927901531029
236.078,46.232,-21.5,235.928,46.323,-19.2,235.93200000000002,46.149,-19.2,0,-3.0067599793037556,7.582764815148523,-12.067871235322677,25.752240557217135,0.2447482158710615,0.29179662772244935
233.829,49.287,-21.5,233.65699999999998,49.175,-16.5,233.837,49.169,-18.9,0,4.4381418427705235,13.950491114484347,14.932349257422487,34.32836486041819,0.2967303138359611,0.40523315804803256
236.245,41.217,-16.5,236.424,41.274,-21.5,236.293,41.326,-18.8,0,1.6118827925595902,4.327287125554448,8.690063621839357,18.24014998444744,0.19204218635634354,0.23756136143478215
236.70999999999998,40.616,-21.5,236.531,40.705,-19.2,236.574,40.557,-20.3,0,-0.05438799892746561,3.3000184651314117,-8.329591464166754,21.400404785420875,-0.0016515697788298583,0.1525723157964481
235.09,47.906,-16.5,235.31900000000002,47.843,-18.8,235.23399999999998,48.006,-19.0,0,0.007088207538508699,22.486541078336035,-0.634396695875548,33.31509549488346,0.0018262592909930454,0.6745063430381927
235.388,48.101,-21.5,235.18099999999998,48.142,-19.3,235.23399999999998,48.006,-19.0,0,0.0026008791848458838,19.468810646589205,-1.5560319301102155,33.5213387173189,0.004895149564304354,0.5802839450581894
236.486,40.989,-18.9,236.372,40.874,-16.5,236.54399999999998,40.834,-19.2,0,0.4533453102750604,4.735245320073514,6.088864311576174,20.914815078470127,0.08618064902456402,0.2264425785526021
236.656,40.966,-21.5,236.486,40.989,-18.9,236.54399999999998,40.834,-19.2,0,0.2579552444898786,3.587790119418091,5.611598239691602,20.853298985825205,0.054512576037785546,0.1720741774578949
234.96800000000002,48.394,-18.8,234.888,48.237,-16.5,235.091,48.264,-19.1,0,0.17376073844710124,20.28644356068664,2.3093889663637377,34.14324815672033,0.06969863133227822,0.5936394228563189
235.18099999999998,48.142,-19.3,235.289,48.266,-21.5,235.091,48.264,-19.1,0,-0.011828591470411097,18.51168127758971,-0.8412244191250586,33.88261129840657,0.027629357984238382,0.5458380389600542
236.406,40.536,-18.8,236.28,40.451,-18.7,236.44,40.41,-20.1,0,-0.45833526865897456,3.2938597999190975,-18.121628633753147,15.29365819470172,0.01905576327694208,0.20891614405324413
236.28,40.451,-18.7,236.316,40.319,-20.0,236.44,40.41,-20.1,0,-0.3017641799414889,3.2494017763288294,-17.689671879928596,16.32446644417201,0.010024855767457246,0.19252217080260697
232.541,50.085,-19.0,232.72199999999998,50.072,-21.5,232.56,50.217,-21.5,0,2.403386745630734,12.859851701155849,8.532465383917252,38.9372347726901,0.2808827487587808,0.32886252471784194
236.161,42.502,-21.5,235.869,42.617,-16.5,235.89600000000002,42.439,-16.5,0,0.15831054212469306,3.806689043695413,4.4363699002068415,13.292730425215268,0.05347639758379271,0.29442179140769587
236.137,42.679,-21.5,235.845,42.795,-16.5,235.869,42.617,-16.5,0,0.06290967069457289,3.7214021683406266,4.188535867583198,12.479131834860482,0.03441956750146386,0.3077249565276008
236.161,42.502,-21.5,236.137,42.679,-21.5,235.869,42.617,-16.5,0,0.03853879560558605,3.1102501154453024,3.9013244260963518,12.99826538801031,0.026421018999140088,0.24704292592785868
236.11599999999999,42.856,-21.5,235.825,42.973,-16.5,235.845,42.795,-16.5,0,0.03763993417165179,3.503200770400322,3.8921872049748174,11.685279829684703,0.02993775839025172,0.3099961865790895
236.11599999999999,42.856,-21.5,235.845,42.795,-16.5,236.137,42.679,-21.5,0,-0.007790228368871826,2.9721098881172123,3.6634137941703386,12.178852470699894,0.015670844863964375,0.252934773810665
236.098,43.033,-21.5,235.825,42.973,-16.5,236.11599999999999,42.856,-21.5,0,-0.003974890640710477,2.717795776373023,3.441306271451623,11.35799222528047,0.01689102979021381,0.24849320069462968
236.341,43.524,-26.5,236.067,43.388,-21.5,236.35,43.345,-26.5,0,-0.12085697052059058,1.6137340556894684,-9.576779740703778,23.00969221458294,0.012411236888219197,0.06971341737942016
236.325,43.881,-26.5,236.046,43.922,-21.5,236.05,43.744,-21.5,0,-0.6812730702691315,1.858297882121375,-10.181083537665799,22.388944798412496,0.06638126472323211,0.08233985652437914
236.36700000000002,43.167,-26.5,236.098,43.033,-21.5,236.38400000000001,42.989,-26.5,0,-0.03754827242556834,0.9432926989074191,2.3951126280396124,10.914110311985212,-0.006219771308865011,0.0914600802507783
236.36700000000002,43.167,-26.5,236.082,43.211,-21.5,236.098,43.033,-21.5,0,-0.02201817501055839,1.31233348857137,2.64819069721824,10.536741207526177,0.004023785233731941,0.13071134110525778
236.32,44.06,-26.5,236.046,43.922,-21.5,236.325,43.881,-26.5,0,-0.5310767255585517,1.1468688898414272,-10.0863217688306,22.369064972306155,0.052252431659982085,0.05073579499146417
234.853,48.705,-21.5,235.043,48.579,-21.5,235.102,48.817,-26.5,0,1.0954631729883966,10.011349196515168,14.302099650408941,32.13653664021091,0.07608809329775434,0.31105780686744516
236.38400000000001,42.989,-26.5,236.098,43.033,-21.5,236.11599999999999,42.856,-21.5,0,-0.04519366204342818,1.5416500808921114,2.7993359687008876,11.384592036320413,-0.0035993439824939977,0.14205070087914096
236.35,43.345,-26.5,236.082,43.211,-21.5,236.36700000000002,43.167,-26.5,0,-0.01652010142872853,1.9201135654006938,-8.536296367349678,23.565683019479977,0.0019205315655958807,0.08109738836523547
236.38400000000001,42.989,-26.5,236.11599999999999,42.856,-21.5,236.399,42.81,-26.5,0,-0.04608205976654781,1.122284627647318,2.2852741214835532,11.825883442017755,-0.010444649423014221,0.10001616810678715
236.32,44.06,-26.5,236.047,44.099,-21.5,236.046,43.922,-21.5,0,-0.9407048863317102,1.8403072475853386,-10.796841580825088,21.959266970016337,0.08665065638398099,0.08310721512895626
235.102,48.817,-26.5,235.043,48.579,-21.5,235.288,48.688,-26.5,0,0.7048798060421972,7.919605863067052,13.808223632696125,32.22460975430931,0.05062134672627423,0.24538765183360656
236.35,43.345,-26.5,236.067,43.388,-21.5,236.082,43.211,-21.5,0,-0.14426122871282204,2.7481361924328644,-8.76277574436137,23.407695385716508,0.016263686727430463,0.11689196194341128
236.399,42.81,-26.5,236.11599999999999,42.856,-21.5,236.137,42.679,-21.5,0,-0.05012951895554487,1.7372576106774118,3.027883948162156,12.220334229213478,-0.00474278566997079,0.14851637064080844
236.314,44.596,-26.5,236.038,44.633,-21.5,236.04399999999998,44.455,-21.5,0,-1.5524338291978323,2.844398313764685,-9.948611654926204,21.946154184925362,0.15581433115506743,0.1289490621365652
236.32,44.06,-26.5,236.317,44.239,-26.5,236.047,44.099,-21.5,0,-0.7102578196407187,1.2309780042941978,-10.333921186545034,22.123911089757456,0.06839181977336369,0.05508583132936302
236.308,44.775,-26.5,236.038,44.633,-21.5,236.314,44.596,-26.5,0,-1.2125712246096347,2.0823352477345796,-9.978575241883512,21.866443571597856,0.12137413169058774,0.09471812263834091
236.308,44.775,-26.5,236.034,44.811,-21.5,236.038,44.633,-21.5,0,-1.8204229919182913,3.2949701826641937,-10.192697539909652,21.692355952406743,0.1784243025915561,0.15126954930526992
236.399,42.81,-26.5,236.137,42.679,-21.5,236.416,42.632,-26.5,0,-0.044697109419995704,1.2629929194203344,2.4428298030673545,12.686044360385324,-0.009361782009369806,0.10419000574662696
236.30200000000002,45.132,-26.5,236.304,45.311,-26.5,236.03199999999998,45.166,-21.5,0,-1.932801392394718,3.0077918417950342,-12.458102950379391,23.080271693938393,0.15198766357270324,0.1287074604766412
236.304,45.311,-26.5,236.035,45.344,-21.5,236.03199999999998,45.166,-21.5,0,-2.7325973039824616,4.468326233762817,-12.760214728274121,23.161762915915013,0.21000699088754335,0.19083331052003155
236.314,44.596,-26.5,236.04399999999998,44.455,-21.5,236.314,44.418,-26.5,0,-1.1122661046735198,1.7221755127926965,-10.697063629079551,21.66713216575389,0.10379171514866281,0.07894236727488038
236.317,44.239,-26.5,236.048,44.277,-21.5,236.047,44.099,-21.5,0,-1.1743618346787783,2.0195645706133174,-10.795274843597717,21.827492181169468,0.10839256519558882,0.09181697384571483
233.279,49.895,-26.5,233.238,49.656,-21.5,233.452,49.755,-26.5,0,2.1107913138843784,8.204236923115364,10.793038319120871,37.117020177674895,0.1951821805907317,0.2200994509605331
236.30200000000002,45.132,-26.5,236.03199999999998,45.166,-21.5,236.03199999999998,44.988,-21.5,0,-2.611350109662774,4.268679731120264,-12.376545958673717,22.965683361447653,0.2067446342579535,0.18368526315900308
233.058,49.79,-21.5,233.238,49.656,-21.5,233.279,49.895,-26.5,0,2.887267336801918,9.90922821062841,12.10204835644038,36.80481627789608,0.23821725620137468,0.26809123507956156
236.3,44.954,-26.5,236.30200000000002,45.132,-26.5,236.03199999999998,44.988,-21.5,0,-1.8836525910815358,2.8142221374631182,-12.457495343957802,22.674420422706177,0.14811665434634136,0.12237170503218277
236.753,41.059,-26.5,236.656,40.966,-21.5,236.841,40.894,-26.5,0,0.06070602620024699,1.3221505338564647,9.735746701388535,19.88037353310841,0.007282708351778132,0.06675009616888906
236.3,44.954,-26.5,236.034,44.811,-21.5,236.308,44.775,-26.5,0,-1.3407759639234724,2.426658203244949,-9.741738031157361,21.84047480398562,0.1375134839623285,0.11062417355462548
236.314,44.418,-26.5,236.04399999999998,44.455,-21.5,236.048,44.277,-21.5,0,-1.3482140213020413,2.393656160219656,-10.188978293120023,21.984994832116918,0.13201335602209377,0.10818769167133796
236.314,44.418,-26.5,236.048,44.277,-21.5,236.317,44.239,-26.5,0,-0.8897629911029827,1.4427880467408372,-10.33576758610193,21.99112800642829,0.08582491014356977,0.06505380835942273
236.3,44.954,-26.5,236.03199999999998,44.988,-21.5,236.034,44.811,-21.5,0,-2.0527895905481555,3.678801351089318,-10.431320309837247,21.445244417384096,0.19664562425411916,0.17095453976051525
236.416,42.632,-26.5,236.137,42.679,-21.5,236.161,42.502,-21.5,0,-0.029089137760963505,1.8528712578315893,3.274498768544447,13.053175047794184,0.0019002899633351405,0.1473752052915565
236.304,45.311,-26.5,236.3,45.49,-26.5,236.035,45.344,-21.5,0,-1.8178025701920122,3.208086305905607,-11.67853177954101,23.90562052100369,0.15234474930528993,0.1326752709038567
232.836,50.349,-26.5,232.69799999999998,50.283,-24.0,232.786,50.19,-24.0,0,1.0235894406405248,8.202182615566985,5.812486612573868,39.236678286629086,0.17524032255591937,0.20811092634263154
236.416,42.632,-26.5,236.161,42.502,-21.5,236.434,42.454,-26.5,0,-0.027059892268053977,1.3301465926653204,2.532408102546299,13.562054537235582,-0.0020758653154103303,0.10177371473225522
236.3,45.49,-26.5,236.043,45.522,-21.5,236.035,45.344,-21.5,0,-2.8353829419745002,4.537720658413225,-13.409942560107943,23.22722569889381,0.20762314077183622,0.19328519853169976
234.897,48.935,-26.5,234.853,48.705,-21.5,235.102,48.817,-26.5,0,1.1667978351434445,7.466564889188968,16.43390765304975,31.397961175310996,0.0706861127303833,0.2374068531917191
234.652,48.823,-21.5,234.853,48.705,-21.5,234.897,48.935,-26.5,0,1.6573312727776124,9.689449280513678,16.007597209640778,31.776838130141627,0.10312321013529122,0.30441465553291747
236.434,42.454,-26.5,236.161,42.502,-21.5,236.185,42.325,-21.5,0,0.021074149319696745,1.8790726928175299,3.3158252918321125,13.941694937211594,0.016772908542221604,0.13890033449144942
233.452,49.755,-26.5,233.424,49.525,-21.5,233.635,49.621,-26.5,0,2.4303552389462646,8.124629457897532,12.532902553265252,36.198901960515556,0.1936107277475107,0.2235317167142113
236.325,46.204,-26.5,236.064,46.055,-21.5,236.30700000000002,46.026,-26.5,0,-1.9695420045404497,2.9392772898548483,-14.612579956254109,23.969187736090433,0.13281231557502587,0.1209945981013968
236.078,46.232,-21.5,236.064,46.055,-21.5,236.325,46.204,-26.5,0,-2.459305495625918,4.153507217579146,-14.252066541560971,24.41619445606375,0.16996079705866032,0.16810445095694626
233.238,49.656,-21.5,233.424,49.525,-21.5,233.452,49.755,-26.5,0,3.1007702563827895,9.847562441206895,13.037107559989739,36.14281539851229,0.23751244086339052,0.27134658335561895
236.434,42.454,-26.5,236.185,42.325,-21.5,236.451,42.276,-26.5,0,0.00614546828593372,1.3165985400097528,2.4730794269000853,14.468224574088282,0.011642593241303784,0.09358275353268673
236.204,47.056,-23.8,236.368,47.259,-26.5,236.138,47.235,-23.7,0,-0.29258555389426705,5.870940380857863,-3.2007071857393328,29.9690135020956,0.07282273982390228,0.19701011329428122
236.841,40.894,-26.5,236.656,40.966,-21.5,236.709,40.794,-21.5,0,0.012442394096138919,1.8635752838039428,6.16966128415018,21.53340481141538,0.00488743703688694,0.08661072663915607
236.428,47.085,-26.5,236.368,47.259,-26.5,236.204,47.056,-23.8,0,-0.21734993202834194,4.282834305162638,-2.4286112510661937,29.868862134989826,0.06906940726367441,0.14421376688958246
234.686,49.048,-26.5,234.652,48.823,-21.5,234.897,48.935,-26.5,0,1.5959549183895065,7.336292687296541,17.370091347778168,31.34617235166681,0.09161078527999937,0.23360725138822658
236.297,45.669,-26.5,236.043,45.522,-21.5,236.3,45.49,-26.5,0,-1.8040840539894336,3.291206986728424,-11.802605574023076,24.28004365585933,0.149763257263122,0.1340119797153948
236.064,46.055,-21.5,236.053,45.877,-21.5,236.30700000000002,46.026,-26.5,0,-2.5515413175833626,4.370852691158537,-13.838433734790414,24.26405147153722,0.18146899574513578,0.17798635192253529
236.053,45.877,-21.5,236.298,45.847,-26.5,236.30700000000002,46.026,-26.5,0,-1.906485392426922,3.155880881341611,-13.406342872067036,24.272216415973602,0.13988686453531635,0.12834847195683874
236.451,42.276,-26.5,236.185,42.325,-21.5,236.209,42.148,-21.5,0,0.09716380311824283,1.8266023689576796,3.358272230046964,14.833408679719014,0.03913987912616078,0.12591552661517807
236.297,45.669,-26.5,236.049,45.699,-21.5,236.043,45.522,-21.5,0,-2.689780762899249,4.601034896779011,-13.163548387259098,23.811877355987058,0.2006974946565452,0.191138461491388
234.44799999999998,48.939,-21.5,234.652,48.823,-21.5,234.686,49.048,-26.5,0,2.1347838284782075,9.568520012336897,16.42614461735397,32.03236869706733,0.1295923544074281,0.29815475495746424
236.451,42.276,-26.5,236.209,42.148,-21.5,236.469,42.097,-26.5,0,0.05493363296589357,1.2376874548662904,2.564019299173708,15.350929269005434,0.03095952164929128,0.0821811148046383
236.297,45.669,-26.5,236.298,45.847,-26.5,236.049,45.699,-21.5,0,-1.827048986021107,3.280617006481337,-12.334484286514929,24.439311026854256,0.14539101824512354,0.13262739426288447
236.053,45.877,-21.5,236.049,45.699,-21.5,236.298,45.847,-26.5,0,-2.521147234598604,4.5957506560004,-12.897312568099998,24.382147536435177,0.1920685660707701,0.18636566136960808
234.47199999999998,49.159,-26.5,234.44799999999998,48.939,-21.5,234.686,49.048,-26.5,0,1.9973472196083173,7.272788832616037,17.76974884022856,31.600728979923716,0.11216210275052055,0.229661104336393
236.648,41.22,-26.5,236.424,41.274,-21.5,236.52800000000002,41.115,-21.5,0,0.9398831819104848,2.314036233858798,11.384076354648627,17.14921123765953,0.08496383534189993,0.13535273348492127
233.424,49.525,-21.5,233.623,49.404,-21.5,233.635,49.621,-26.5,0,3.552001860780157,9.606155552478322,15.366783640680488,34.850285989393754,0.23090750521994674,0.2745762281984694
236.24,46.855,-23.8,236.463,46.908,-26.5,236.204,47.056,-23.8,0,-0.7292755902720288,4.279402781668121,-7.1140932973393305,28.701753664588573,0.0968978755606398,0.14956120686122115
236.469,42.097,-26.5,236.209,42.148,-21.5,236.24200000000002,41.972,-21.5,0,0.23930668380735687,1.7109933152618453,4.167583072032556,15.542298162680197,0.06579326364110791,0.11171800566503615
234.244,49.056,-21.5,234.44799999999998,48.939,-21.5,234.47199999999998,49.159,-26.5,0,2.5139537513429464,9.479061360942929,16.29318548282058,32.597571398797854,0.1539471638507757,0.29016300078359974
233.635,49.621,-26.5,233.623,49.404,-21.5,233.839,49.501,-26.5,0,2.938979835777475,7.693990184950938,16.001439369509484,34.38182711696849,0.18348968107480196,0.22292626532283358
236.564,41.387,-26.5,236.424,41.274,-21.5,236.648,41.22,-26.5,0,0.7054203794955067,1.89548430487892,9.210211013205083,17.84914622807807,0.07948023730539379,0.10644177886601167
236.463,46.908,-26.5,236.428,47.085,-26.5,236.204,47.056,-23.8,0,-0.539742031163518,3.5965322111400684,-6.447532233230426,28.98347911756855,0.07794778518063018,0.12466566519599413
236.89499999999998,40.541,-26.5,236.70999999999998,40.616,-21.5,236.656,40.444,-21.5,0,0.14042484705918631,1.939480533290376,-7.224404502290582,22.70803112859285,-0.02395904499190749,0.0844813322502855
233.839,49.501,-26.5,233.829,49.287,-21.5,234.043,49.381,-26.5,0,2.6998884718788325,7.572761687139067,16.015476674981336,33.98024980642448,0.16836475558805045,0.2221084685601934
236.38400000000001,40.158,-21.5,236.35899999999998,39.969,-24.0,236.485,40.048,-24.5,0,0.8476690083401319,0.8527026337082136,-18.500542130317825,18.02247356073166,-0.050785252232229905,0.042088980131374264
233.623,49.404,-21.5,233.829,49.287,-21.5,233.839,49.501,-26.5,0,3.5288335234171417,9.336316047560329,16.37591997911595,33.9377926798457,0.21525256415224023,0.2741430637101804
236.89499999999998,40.541,-26.5,236.656,40.444,-21.5,236.852,40.366,-26.5,0,0.13638611407836554,1.4389068014711643,-6.062956339015841,23.43591978578101,-0.026091169427910555,0.06076859314443633
236.469,42.097,-26.5,236.24200000000002,41.972,-21.5,236.485,41.919,-26.5,0,0.10197554050491148,1.1585396845512637,2.405150675031763,16.296547136409913,0.05308360097133223,0.07186214791301082
234.25799999999998,49.271,-26.5,234.244,49.056,-21.5,234.47199999999998,49.159,-26.5,0,2.324241858086155,7.255778989083637,17.64899629895763,32.17798759129474,0.1314717910774752,0.2249347435606273
236.288,47.43,-26.5,236.043,47.437,-23.8,236.138,47.235,-23.7,0,-0.007928638593773605,7.26732824028622,1.7651084296905957,30.526643060365302,0.04443211846950311,0.23944438689471553
234.037,49.172,-21.5,234.244,49.056,-21.5,234.25799999999998,49.271,-26.5,0,2.9249906124452836,9.309250712707497,16.594588470821794,32.93543565808575,0.17595725320160607,0.2819310582312901
234.043,49.381,-26.5,234.037,49.172,-21.5,234.25799999999998,49.271,-26.5,0,2.7066913417448544,7.271023772321866,17.931646433062458,32.5215368941939,0.15075795635947525,0.2229243231317764
233.829,49.287,-21.5,234.037,49.172,-21.5,234.043,49.381,-26.5,0,3.312997065860756,9.292812788650602,16.7607767403629,33.356064645019075,0.19740031376562303,0.2777552501493657
236.889,40.719,-26.5,236.709,40.794,-21.5,236.70999999999998,40.616,-21.5,0,-0.020461201918632994,1.9242644859858022,-0.18617662322182582,23.133441768935114,-0.011993145979438617,0.0828382226511129
232.974,50.193,-26.5,232.836,50.349,-26.5,232.786,50.19,-24.0,0,0.722829454572093,7.259488855740413,4.608962363017366,39.28470233309847,0.15581092701882027,0.18396925025200167
236.368,47.259,-26.5,236.288,47.43,-26.5,236.138,47.235,-23.7,0,-0.030888886991119743,5.378386971887721,0.7573377524395397,30.38194651713617,0.04881550450226668,0.17816415362150773
236.485,41.919,-26.5,236.24200000000002,41.972,-21.5,236.27800000000002,41.796,-21.5,0,0.3807920220191351,1.6782302158144469,4.495204913325182,16.394019553242572,0.09245342849531996,0.1031884675900178
236.841,40.894,-26.5,236.709,40.794,-21.5,236.889,40.719,-26.5,0,-0.061170916786413745,1.278501251507757,5.368530434157307,22.214790171944827,-0.00969713080442949,0.05756485490754405
232.69799999999998,50.283,-24.0,232.56,50.217,-21.5,232.786,50.19,-24.0,0,1.23870929949063,10.23855460480794,5.608493296163078,39.27267695145078,0.21973945399242004,0.2595635444864151
236.889,40.719,-26.5,236.70999999999998,40.616,-21.5,236.89499999999998,40.541,-26.5,0,-0.01707792646066309,1.3675616600283544,0.2445915410941666,23.53345581549641,-0.01822989524642325,0.057859164370176866
236.485,41.919,-26.5,236.27800000000002,41.796,-21.5,236.501,41.741,-26.5,0,0.15389608966457488,1.202807140122953,2.4049589480501083,17.2381110251236,0.07528236149548057,0.0700959545905937
236.49200000000002,39.909,-26.5,236.635,40.051,-26.5,236.485,40.048,-24.5,0,0.8872815167110831,0.24857473241025604,-18.01583270681715,18.852030094630962,-0.05251629320540344,0.010081041236732289
232.56,50.217,-21.5,232.72199999999998,50.072,-21.5,232.786,50.19,-24.0,0,2.1253207662276656,11.065097080529036,8.70381011035723,38.66965733043398,0.24351249239972866,0.28489410557893224
236.464,46.73,-26.5,236.24,46.855,-23.8,236.251,46.667,-23.8,0,-1.1339919261193026,3.362891580139422,-10.44093928018966,27.243227299999923,0.10568696972161835,0.12334627638429942
236.464,46.73,-26.5,236.463,46.908,-26.5,236.24,46.855,-23.8,0,-1.0251022256457787,2.68398239576994,-11.720319500917704,26.82850369713681,0.08529197417789845,0.10018318724937461
236.524,41.563,-26.5,236.37099999999998,41.448,-21.5,236.564,41.387,-26.5,0,0.42882389328635073,1.7918419075847396,4.79884377711663,18.726037254293885,0.09573876502829004,0.09580437373189295
236.564,41.387,-26.5,236.37099999999998,41.448,-21.5,236.424,41.274,-21.5,0,0.7129248346298629,2.569962836709288,6.342564848199856,18.810525858912683,0.1182165917082151,0.13679807858508317
236.501,41.741,-26.5,236.27800000000002,41.796,-21.5,236.32299999999998,41.622,-21.5,0,0.5824551046090692,1.7986953211158625,5.42142121911786,17.09803632636263,0.11393018736978897,0.10558067022563865
236.501,41.741,-26.5,236.32299999999998,41.622,-21.5,236.524,41.563,-26.5,0,0.2524152377693602,1.4287243787751525,3.0737364428596834,18.11922027775023,0.09157448732666258,0.07898716319105298
236.524,41.563,-26.5,236.32299999999998,41.622,-21.5,236.37099999999998,41.448,-21.5,0,0.682884568615083,2.135796945749722,5.788434730902296,18.008367312346337,0.12414665754398693,0.11880358453864635
235.192,48.431,-21.5,235.375,48.412,-23.8,235.268,48.534,-23.9,0,0.2339519539041629,11.945584962861247,6.692439437153356,33.79481218113084,0.03364065773820981,0.35302089176831436
235.375,48.412,-23.8,235.44799999999998,48.544,-26.5,235.268,48.534,-23.9,0,0.1770279022843459,9.495038948263272,6.888940944619784,33.73768547362065,0.02464649955252141,0.28105113863798575
236.186,47.595,-26.5,235.939,47.603,-23.9,236.043,47.437,-23.8,0,-0.03501393331193618,8.573520148599707,5.5526224448385975,30.513771144697337,0.013904862134833997,0.2823473051072125
236.288,47.43,-26.5,236.186,47.595,-26.5,236.043,47.437,-23.8,0,0.0044049691691106065,6.557208875578755,4.305071930426161,30.525260247873163,0.021995170342144512,0.21607416115455563
235.288,48.688,-26.5,235.043,48.579,-21.5,235.268,48.534,-23.9,0,0.45184851871680365,9.75385888785774,9.524767381065594,33.49215134861616,0.0466561037923354,0.2908173320788037
235.851,48.081,-26.5,235.739,48.244,-26.5,235.618,48.072,-23.9,0,-0.034010383671484366,9.570567598523885,1.9731051639217476,33.17448558168068,-0.020240448273237142,0.28808205026943334
235.95600000000002,47.917,-26.5,235.851,48.081,-26.5,235.72199999999998,47.916,-23.9,0,-0.017546790693288024,9.710089055913352,0.8875465881590348,32.83472145027181,-0.025567370709448506,0.2952870561055917
236.186,47.595,-26.5,236.07299999999998,47.756,-26.5,235.939,47.603,-23.9,0,-0.11896364657629044,7.730318388260447,6.102082848039354,30.62476774573063,-0.002169580461710413,0.25358983930457946
235.851,48.081,-26.5,235.618,48.072,-23.9,235.72199999999998,47.916,-23.9,0,-0.027337581677116526,11.409778075510998,1.3688371200843665,33.00357748860592,-0.024511492281975602,0.3452438750612262
235.939,47.603,-23.9,236.07299999999998,47.756,-26.5,235.834,47.757,-23.9,0,-0.012587337955671657,10.279187147895968,1.6745656810748297,32.224733317430136,-0.009688983816003001,0.3184904469694941
236.07299999999998,47.756,-26.5,235.95600000000002,47.917,-26.5,235.834,47.757,-23.9,0,-0.04963693355119231,9.162633606173014,2.7777599489644693,32.347073464028995,-0.019230738692665825,0.2828090331049855
235.834,47.757,-23.9,235.95600000000002,47.917,-26.5,235.72199999999998,47.916,-23.9,0,-0.046099585312144836,11.16855469747177,2.181735484310664,32.591234388696975,-0.023372108673960126,0.3421949909993998
235.618,48.072,-23.9,235.739,48.244,-26.5,235.51600000000002,48.23,-23.9,0,-0.005682081165266576,11.061503264199798,0.8985386164270288,33.41034274455403,-0.014245229716345991,0.33064222345098454
236.043,47.437,-23.8,235.926,47.29,-21.5,236.138,47.235,-23.7,0,-0.014863996579536489,9.760880373761298,1.437863750489477,30.55869876453793,0.059894223561729895,0.3209412957865614
236.434,46.553,-26.5,236.464,46.73,-26.5,236.251,46.667,-23.8,0,-1.4389888376320175,2.036342934970438,-16.091818919797745,24.01855023710699,0.08818178783182223,0.08447436619399742
236.539,40.291,-21.5,236.75900000000001,40.202,-26.5,236.701,40.328,-23.8,0,0.5814493913843435,1.4045493747063371,-15.072797476262679,19.76303372220296,-0.04170377859006147,0.0689438388401544
236.75900000000001,40.202,-26.5,236.539,40.291,-21.5,236.551,40.154,-23.9,0,0.7505185253085973,1.2288600025327583,-17.350219641354386,18.15146371463735,-0.04633195878703625,0.06475662007052384
235.993,47.118,-21.5,236.204,47.056,-23.8,236.138,47.235,-23.7,0,-0.39504622285195284,8.089616966291437,-3.435636287847842,29.940664176355803,0.09456988625513643,0.2713724109933684
236.434,46.553,-26.5,236.251,46.667,-23.8,236.244,46.503,-23.8,0,-1.472358915647078,2.8064314830454897,-13.11936468599238,25.694533190938117,0.11023098614158831,0.10861599177644851
236.035,46.942,-21.5,236.24,46.855,-23.8,236.204,47.056,-23.8,0,-0.9446535943738903,6.563653250959215,-7.3794009159177705,28.775069708914472,0.12116668221489146,0.22866877386526904
235.739,48.244,-26.5,235.599,48.396,-26.5,235.51600000000002,48.23,-23.9,0,-0.03742461561134687,9.001211561891434,6.682511782075229,33.00747279826159,-0.006524660940421802,0.2723223049345472
236.24,46.855,-23.8,236.059,46.765,-21.5,236.251,46.667,-23.8,0,-1.523392411911577,5.307565474871728,-10.696707601769049,27.267705095904468,0.13872724227481892,0.19445433231140444
235.939,47.603,-23.9,235.825,47.453,-21.5,236.043,47.437,-23.8,0,-0.0062311232742701655,11.313687380817857,5.260827111539246,30.56462390958476,0.023877322336433984,0.3716849638999192
235.51600000000002,48.23,-23.9,235.599,48.396,-26.5,235.375,48.412,-23.8,0,0.020500892314795995,10.442731390281224,2.8370008829546585,33.80294542274965,0.004576400190273723,0.3085212270167003
235.71699999999998,47.615,-21.5,235.825,47.453,-21.5,235.939,47.603,-23.9,0,-0.08070517090757792,13.391626350462976,4.861356470785761,30.83039114465516,0.012856254713180198,0.4358199895008394
236.035,46.942,-21.5,236.059,46.765,-21.5,236.24,46.855,-23.8,0,-1.3004785062143118,6.987958513467995,-8.707973740118554,28.21553071606443,0.1437444535986398,0.24781049372944283
235.71699999999998,47.615,-21.5,235.939,47.603,-23.9,235.834,47.757,-23.9,0,-0.1610120725532443,12.69748207043024,5.3123194950973165,30.963944511111237,-0.004097737333838551,0.41135258439207056
235.825,47.453,-21.5,235.926,47.29,-21.5,236.043,47.437,-23.8,0,0.05241262434817469,11.782371639726183,3.822528485617555,30.556970388833655,0.04672822209490073,0.38717272775660344
235.607,47.777,-21.5,235.71699999999998,47.615,-21.5,235.834,47.757,-23.9,0,-0.009644750294659915,15.246436508291994,1.2518777397337821,32.470060542273686,-0.011530065148272449,0.4689973963875658
235.607,47.777,-21.5,235.834,47.757,-23.9,235.72199999999998,47.916,-23.9,0,-0.03456056247794182,14.232297880855741,1.9345013405346947,32.626437847892646,-0.020681483886018433,0.43568011054508154
235.388,48.101,-21.5,235.495,47.938,-21.5,235.618,48.072,-23.9,0,-0.004573099404799839,15.955592441417583,0.7728093551219253,33.25937820144985,-0.016649225743608866,0.47921232213222625
235.993,47.118,-21.5,236.035,46.942,-21.5,236.204,47.056,-23.8,0,-0.7517569894120029,8.416694311299915,-5.845693329876177,29.363417775038663,0.11790645747628697,0.28754923787088504
236.059,46.765,-21.5,236.07299999999998,46.588,-21.5,236.251,46.667,-23.8,0,-1.6862800592100449,5.941801905223289,-10.261292273248031,27.288349317157973,0.1601888917758686,0.21709012395658872
235.495,47.938,-21.5,235.607,47.777,-21.5,235.72199999999998,47.916,-23.9,0,-0.029361954883382564,15.936597146083049,1.636017479055159,32.85005707154221,-0.021922546149899594,0.4845921538504479
235.289,48.266,-21.5,235.388,48.101,-21.5,235.51600000000002,48.23,-23.9,0,0.008915110754600377,15.245090657851362,-0.553950810393939,33.64815881396263,0.0012297325772965863,0.45257408149914946
235.618,48.072,-23.9,235.495,47.938,-21.5,235.72199999999998,47.916,-23.9,0,-0.018419200803136335,14.602579338664997,1.1158581075375391,33.04176794969218,-0.022920861326660266,0.44142247033852855
235.926,47.29,-21.5,235.993,47.118,-21.5,236.138,47.235,-23.7,0,-0.23723755628531235,10.082761096256194,-1.7602887382866967,30.303510509569634,0.08526805056419086,0.33414478534029274
235.599,48.396,-26.5,235.44799999999998,48.544,-26.5,235.375,48.412,-23.8,0,0.10958077885093771,8.391218926968731,8.38835502534276,33.19303247363824,0.012312828697243863,0.25244614297219214
236.251,46.667,-23.8,236.07299999999998,46.588,-21.5,236.244,46.503,-23.8,0,-2.012759959737409,4.430100028716645,-13.349143197577803,25.665454823852624,0.14818380625033784,0.17171233384595733
235.388,48.101,-21.5,235.618,48.072,-23.9,235.51600000000002,48.23,-23.9,0,0.0009021833425691058,14.26190208459185,0.6479740044908606,33.431923738532724,-0.011694616208216874,0.4260987508770726
232.924,50.07,-24.2,232.88400000000001,49.928,-21.5,233.08100000000002,49.913,-24.0,0,1.9494100752521855,10.133695683487474,8.362827015072298,38.246371930414405,0.23241594412931177,0.2638174355157615
233.115,50.039,-26.5,232.924,50.07,-24.2,233.08100000000002,49.913,-24.0,0,1.6046402706572713,8.276630693952848,8.446328869774119,38.29091488793362,0.18942533171015052,0.2152050835482259
236.244,46.503,-23.8,236.082,46.41,-21.5,236.214,46.32,-23.9,0,-2.6879834962059563,3.7720025326934246,-17.014436581016874,23.009340628914238,0.1560444462887019,0.1623611656956264
235.289,48.266,-21.5,235.51600000000002,48.23,-23.9,235.375,48.412,-23.8,0,0.035071183878476915,13.322675561113817,2.5548992133226935,33.79296095315174,0.01015945177542819,0.3937719321312531
236.635,40.051,-26.5,236.75900000000001,40.202,-26.5,236.551,40.154,-23.9,0,0.6820085294978716,0.7801851996009721,-15.927926000485854,19.87250037464302,-0.04559302497005832,0.037262178617758775
236.36599999999999,46.38,-26.5,236.244,46.503,-23.8,236.214,46.32,-23.9,0,-2.024094261809674,2.58268928568561,-16.732654420916404,23.187041280946747,0.11944130803108756,0.11021600260123965
236.07299999999998,46.588,-21.5,236.082,46.41,-21.5,236.244,46.503,-23.8,0,-1.9149033105528803,5.281887330944421,-11.037174790560542,26.628477662719142,0.1698905658794152,0.19704027667914664
236.36599999999999,46.38,-26.5,236.434,46.553,-26.5,236.244,46.503,-23.8,0,-1.958633491598632,1.651494387337325,-20.558828128142096,19.874936482351224,0.09438022512021232,0.08225768863731557
236.35899999999998,39.969,-24.0,236.49200000000002,39.909,-26.5,236.485,40.048,-24.5,0,0.9326489757352141,0.21091798640237266,-18.642127696574903,18.407083634750826,-0.054163435193235736,0.007118914759950192
233.058,49.79,-21.5,233.279,49.895,-26.5,233.08100000000002,49.913,-24.0,0,2.3447308414297003,9.17132830514988,10.785935710775032,37.40142196105816,0.21697513764425805,0.2441546305384017
232.72199999999998,50.072,-21.5,232.88400000000001,49.928,-21.5,232.924,50.07,-24.2,0,2.21229438870591,11.010104579110966,8.834347035855131,38.330762972940825,0.24974900802873462,0.2860005151912269
236.38400000000001,40.158,-21.5,236.485,40.048,-24.5,236.551,40.154,-23.9,0,0.8176968122978197,1.1501324893262677,-17.634946365329995,18.464474671320083,-0.05106290204189037,0.05794389723551776
235.192,48.431,-21.5,235.289,48.266,-21.5,235.375,48.412,-23.8,0,-0.01325957811470111,13.983342246253187,-0.8540704207374485,34.124066431366856,0.02735251948201871,0.4093015577756309
236.75900000000001,40.202,-26.5,236.852,40.366,-26.5,236.701,40.328,-23.8,0,0.36978192539734545,1.0855118440744527,-12.326986342438659,21.58125123435758,-0.032035771387476625,0.04929328412596734
235.44799999999998,48.544,-26.5,235.288,48.688,-26.5,235.268,48.534,-23.9,0,0.28706362602517677,7.650701080025447,9.803351671721224,33.26543534222239,0.02867629857720418,0.22965472267809242
236.078,46.232,-21.5,236.325,46.204,-26.5,236.214,46.32,-23.9,0,-2.41742843987411,3.2797023909452974,-16.32410752935452,23.215009221044774,0.14616096577663407,0.1395514280441767
236.656,40.444,-21.5,236.539,40.291,-21.5,236.701,40.328,-23.8,0,0.48955060228050756,1.951774098687365,-14.556726937277858,19.662058544194707,-0.037650839954536115,0.09675389946863443
235.043,48.579,-21.5,235.192,48.431,-21.5,235.268,48.534,-23.9,0,0.41311132610570794,12.507108828152964,7.828202621384335,33.73727030136902,0.05158209370528558,0.3702442001231945
236.325,46.204,-26.5,236.36599999999999,46.38,-26.5,236.214,46.32,-23.9,0,-1.8586815489223776,2.0491124677432917,-17.482457559432028,22.33578655953909,0.10504562288436356,0.09054008456665837
236.539,40.291,-21.5,236.38400000000001,40.158,-21.5,236.551,40.154,-23.9,0,0.777377621369416,1.5214967567902196,-18.492989427032114,17.025449221161672,-0.046320345085646454,0.08453342517441957
233.279,49.895,-26.5,233.115,50.039,-26.5,233.08100000000002,49.913,-24.0,0,1.6194560958340944,7.383831758058643,9.384836966394557,37.8351726133185,0.17213403841432243,0.19430427665734412
236.082,46.41,-21.5,236.078,46.232,-21.5,236.214,46.32,-23.9,0,-2.367113743760918,4.925522779730607,-12.941222675365871,25.4673797028656,0.1798681156782917,0.19151854845028898
233.115,50.039,-26.5,232.974,50.193,-26.5,232.924,50.07,-24.2,0,0.865101028322865,7.327123068085929,5.276657845762057,38.91964857006227,0.1630254175797875,0.1874372345407503
232.88400000000001,49.928,-21.5,233.058,49.79,-21.5,233.08100000000002,49.913,-24.0,0,2.824745951975003,10.98357311501384,10.910599179935298,37.50099427191854,0.25842469015017394,0.29163589478821556
236.852,40.366,-26.5,236.656,40.444,-21.5,236.701,40.328,-23.8,0,0.36263515730659046,1.5568048433409927,-11.979816828917194,21.326182504941485,-0.033223629425428565,0.07164177128242719
236.485,40.048,-24.5,236.635,40.051,-26.5,236.551,40.154,-23.9,0,0.8793280505723837,0.690671258968727,-18.061135497119068,18.25197485223594,-0.05196101938851087,0.03455720489580159
232.72199999999998,50.072,-21.5,232.924,50.07,-24.2,232.786,50.19,-24.0,0,1.6217587595235532,10.130789496058068,7.190870587853104,38.805725914146265,0.2247003333167489,0.2599264763195751
232.924,50.07,-24.2,232.974,50.193,-26.5,232.786,50.19,-24.0,0,1.326226606310072,8.170295853450627,7.301985531353885,38.74167680898958,0.1809641971574803,0.20995597075317105
236.227,40.028,-21.5,236.35899999999998,39.969,-24.0,236.38400000000001,40.158,-21.5,0,0.6867736754033343,0.9641920687295527,-18.97654011916552,17.557346585982756,-0.042015531350409405,0.04831667558948261
236.753,41.059,-26.5,236.52800000000002,41.115,-21.5,236.656,40.966,-21.5,0,0.494946096830454,1.7829698924323376,13.636694016161783,16.56000333069693,0.03742261646233819,0.10826460045231455
236.648,41.22,-26.5,236.52800000000002,41.115,-21.5,236.753,41.059,-26.5,0,0.4526610222716219,1.6232262635983268,11.233813889163073,17.67886111588419,0.04184667166608499,0.09217148393398947
236.341,43.524,-26.5,236.05700000000002,43.566,-21.5,236.067,43.388,-21.5,0,-0.29640669810634185,2.3502247094325535,-9.420400237504275,22.99886990418701,0.031068174700579224,0.10162988251943557
236.333,43.703,-26.5,236.05,43.744,-21.5,236.05700000000002,43.566,-21.5,0,-0.47308933638177125,2.0324790345144272,-9.803933855511808,22.693955409886208,0.047744699601141236,0.08894986179284388
236.333,43.703,-26.5,236.05700000000002,43.566,-21.5,236.341,43.524,-26.5,0,-0.237849245562891,1.3534974839808107,-9.706839287406169,22.81103499031922,0.024156897643125796,0.05887842059333361
236.325,43.881,-26.5,236.05,43.744,-21.5,236.333,43.703,-26.5,0,-0.3666698268974295,1.1920493674503667,-9.705187652887773,22.674205682471396,0.037366596419732404,0.052075822664577553
236.434,42.454,-26.5,236.451,42.276,-26.5,236.526,42.369,-29.0,0,-0.01694931678658199,0.6638039009560344,2.076157948574462,14.722768000708811,-0.003429584859202105,0.04652434417203418
236.58499999999998,46.041,-31.5,236.30700000000002,46.026,-26.5,236.571,45.863,-31.5,0,0.023332420728898354,-0.022588971648830114,-13.575600106511331,23.997371204021167,-0.0016575718118774113,-0.0010473935014977582
236.30700000000002,46.026,-26.5,236.298,45.847,-26.5,236.571,45.863,-31.5,0,-0.5930359738556734,0.8899905414074765,-13.07596080806212,24.221128945099007,0.04462828273634769,0.036123600370805926
236.559,45.684,-31.5,236.571,45.863,-31.5,236.298,45.847,-26.5,0,0.05820948377790037,-0.022240625601135235,-13.295882042618452,23.754218922122124,-0.004336500036210267,-0.0010045589475402021
236.325,46.204,-26.5,236.30700000000002,46.026,-26.5,236.58499999999998,46.041,-31.5,0,-0.6651203876994081,0.8391461977244349,-14.281722486636575,23.92380224460757,0.045924344422123814,0.03445326505059533
236.559,45.684,-31.5,236.298,45.847,-26.5,236.297,45.669,-26.5,0,-0.5484765269036199,0.9317676956818556,-12.008576001650766,24.403072279550678,0.04478573558313941,0.037607655909895975
236.325,46.204,-26.5,236.58499999999998,46.041,-31.5,236.599,46.22,-31.5,0,-0.06702597349251126,0.0324749838864975,-13.56809684239915,24.423912456068138,0.004917335489074514,0.0011993153086699375
236.618,42.285,-31.5,236.606,42.464,-31.5,236.526,42.369,-29.0,0,-0.015038426128179957,0.08276088035278184,1.2832045388485938,14.73361788307929,-0.012580270147418884,0.005898967912941011
236.559,45.684,-31.5,236.297,45.669,-26.5,236.55,45.505,-31.5,0,0.05095713526758264,-0.008319114678563798,-12.896081388202134,23.591174298546424,-0.004000832639107669,-0.00038398266419986226
236.738,39.872,-31.5,236.844,40.031,-31.5,236.7,39.964,-29.5,0,0.2775937453975804,-0.3830557197175666,-14.700754724098829,22.047376347829605,-0.019465466545567193,-0.017541031669708954
236.534,44.968,-31.5,236.30200000000002,45.132,-26.5,236.3,44.954,-26.5,0,-0.6250275594663002,0.832343215629273,-12.13658227403269,22.77413434443737,0.050319471815571004,0.035901472217819336
236.55,45.505,-31.5,236.297,45.669,-26.5,236.3,45.49,-26.5,0,-0.5361452571472989,0.9274947720447464,-11.478605426953685,24.292867147496963,0.04564443917380698,0.03765401686924794
236.534,44.968,-31.5,236.538,45.147,-31.5,236.30200000000002,45.132,-26.5,0,-0.08925297709478117,0.09441265475048817,-12.235522033681605,22.786830773574927,0.006973307808870799,0.0040558230633444365
236.538,45.147,-31.5,236.304,45.311,-26.5,236.30200000000002,45.132,-26.5,0,-0.6062518420455784,0.850511472474806,-12.13469273043816,23.18029375217845,0.048786464313283234,0.03613657384421657
236.542,45.326,-31.5,236.3,45.49,-26.5,236.304,45.311,-26.5,0,-0.5481654530589122,0.8964421861256565,-11.354579957619627,23.984882377103624,0.04708403528919688,0.03686633529981112
236.538,45.147,-31.5,236.542,45.326,-31.5,236.304,45.311,-26.5,0,-0.03286329289900315,0.04161128005110905,-12.238322482815477,23.19293664295283,0.0024188121847772033,0.0017643791882946327
236.542,45.326,-31.5,236.55,45.505,-31.5,236.3,45.49,-26.5,0,0.014351522204625431,0.013326809773540518,-12.756959119407682,23.28508683901684,-0.0012914452492710342,0.0005564344434941056
236.416,42.632,-26.5,236.434,42.454,-26.5,236.511,42.548,-28.9,0,-0.030528850682526722,0.6827188484236235,2.1246813849959665,13.746195054559621,-0.010989693010338822,0.05187968473939022
236.606,42.464,-31.5,236.594,42.643,-31.5,236.511,42.548,-28.9,0,-0.013176346876849588,0.125758139250142,1.2693717220112717,13.834981584832121,-0.014748960045204864,0.009803250785503977
236.599,46.22,-31.5,236.649,46.396,-31.5,236.36599999999999,46.38,-26.5,0,-0.15149661712478055,0.04696690055971481,-18.10583960883161,21.649073436851996,0.008299224855590008,0.0020963100694999653
236.93200000000002,40.197,-31.5,236.75900000000001,40.202,-26.5,236.844,40.031,-31.5,0,0.1807423629185632,0.20868829625162746,-12.294702439339801,22.87599192331122,-0.014876289496152143,0.009043009793339838
236.36599999999999,46.38,-26.5,236.325,46.204,-26.5,236.599,46.22,-31.5,0,-0.8230975404121259,0.7539520551226856,-17.227979806829907,22.31557277032467,0.047220202873314625,0.03323076294315383
235.95600000000002,47.917,-26.5,236.07299999999998,47.756,-26.5,236.279,47.825,-29.2,0,-0.05206469210751047,5.748394752579063,3.0446788360136985,32.22790329935633,-0.017928743587000674,0.17803786834988902
236.18200000000002,47.978,-29.3,235.95600000000002,47.917,-26.5,236.279,47.825,-29.2,0,-0.04796366957239799,4.217429633334027,2.557125523835815,32.36939629588114,-0.019569136896075114,0.1300385992009019
235.851,48.081,-26.5,235.95600000000002,47.917,-26.5,236.078,48.121,-29.2,0,-0.023584618001058495,6.214354285936643,1.1648516811655298,32.840726682917406,-0.023406061953084836,0.18891033952175054
235.95600000000002,47.917,-26.5,236.18200000000002,47.978,-29.3,236.078,48.121,-29.2,0,-0.03592248274453474,4.387587274847108,1.774941751995831,32.657201577289975,-0.021651399899949672,0.1341056825092397
236.844,40.031,-31.5,236.75900000000001,40.202,-26.5,236.635,40.051,-26.5,0,0.49454492025150426,0.29358276856922305,-16.3075091804281,20.132528058808123,-0.031524326451180085,0.01369091566762468
236.725,46.567,-31.5,236.434,46.553,-26.5,236.649,46.396,-31.5,0,-0.10385566168387636,-0.002893574788221493,-20.985975408764283,19.281566815082776,0.004914578902186523,-9.416649562257939e-05
236.399,42.81,-26.5,236.416,42.632,-26.5,236.49599999999998,42.726,-28.9,0,-0.03482798280959041,0.6326893610244112,2.024902498748361,12.839915490267657,-0.014121881947031479,0.05212791677654669
236.649,46.396,-31.5,236.434,46.553,-26.5,236.36599999999999,46.38,-26.5,0,-0.8493418031350755,0.5644193348648482,-20.29243587476674,19.972462543432684,0.04145559470561761,0.027926497899899407
236.635,40.051,-26.5,236.615,39.891,-29.0,236.7,39.964,-29.5,0,0.6372094825189163,-0.13336985735205667,-16.753574147781478,20.554455360630882,-0.039980254960493046,-0.007891242299677512
236.594,42.643,-31.5,236.584,42.821,-31.5,236.49599999999998,42.726,-28.9,0,-0.008244933560106594,0.1064864073528505,1.118039286311216,12.912856666410704,-0.014257729011519183,0.009288195407675207
233.287,50.399,-31.5,233.094,50.317,-28.8,233.203,50.185,-28.8,0,0.09312310791411413,1.2846992505821595,3.884594721514442,38.98576526686212,0.023733191255692242,0.032816443450486524
232.997,50.454,-29.0,233.287,50.399,-31.5,233.159,50.558,-31.5,0,-0.027963065208794304,0.012718007620064245,3.557279110232484,39.341204107130594,-0.007877406485466082,0.00034869478335293626
236.279,47.825,-29.2,236.07299999999998,47.756,-26.5,236.36700000000002,47.684,-29.2,0,-0.00815672894905585,3.7652031273640088,0.9211452521130088,32.096022929035904,-0.010519587122800404,0.1170656442710335
236.07299999999998,47.756,-26.5,236.186,47.595,-26.5,236.36700000000002,47.684,-29.2,0,-0.10552690668463499,4.734974640545817,6.367606610396194,30.542578627524563,-0.004394836909287378,0.15588228396273038
233.416,50.24,-31.5,233.287,50.399,-31.5,233.203,50.185,-28.8,0,-0.019094219565814457,-0.04335508189172213,3.685222715346252,38.87265460709728,-0.005205734095227892,-0.0010950817211867361
236.38400000000001,42.989,-26.5,236.399,42.81,-26.5,236.483,42.904,-28.9,0,-0.03181956454133593,0.5309278882937419,1.8585927620107157,11.944680978408542,-0.013428525022667202,0.04758997150260154
236.584,42.821,-31.5,236.575,43.0,-31.5,236.483,42.904,-28.9,0,-0.0054759846421015435,0.054211881689420975,1.0372377417665746,11.996299012191542,-0.0120057299079154,0.005645273773970045
236.36700000000002,43.167,-26.5,236.38400000000001,42.989,-26.5,236.47,43.083,-28.9,0,-0.028222707417780074,0.4181931456697196,1.9618798602972447,11.00670872660956,-0.009831337806520277,0.04101262390997534
236.575,43.0,-31.5,236.565,43.179,-31.5,236.47,43.083,-28.9,0,-0.005932983321810299,0.008144127173571937,1.0900427019666665,11.069935954653687,-0.00902371164971567,0.0016856912977114907
233.555,50.085,-31.5,233.416,50.24,-31.5,233.34199999999998,50.035,-28.7,0,0.00034621522240718905,0.04421312988157395,5.573201671349853,38.30145027966773,2.5063272469463272e-06,0.0011580552204096303
233.416,50.24,-31.5,233.203,50.185,-28.8,233.34199999999998,50.035,-28.7,0,0.2187710321790652,1.3730245943321262,7.368642008909362,38.135374047249705,0.029524422027407626,0.03585122250775221
236.35,43.345,-26.5,236.36700000000002,43.167,-26.5,236.457,43.262,-28.9,0,0.03833614365552901,0.8274495725049273,-8.569596201237147,23.814847065388285,-0.004415236151535212,0.03453471710773385
233.287,50.399,-31.5,232.997,50.454,-29.0,233.094,50.317,-28.8,0,0.09139351301835545,1.2227493568684453,4.454704705365463,39.14247101978861,0.02030391013588166,0.03111187854631664
236.565,43.179,-31.5,236.55599999999998,43.358,-31.5,236.457,43.262,-28.9,0,0.06137228733431293,-0.02233698795533493,-9.64111120157645,23.43013714429803,-0.006243740748343234,-0.0009548589190964701
236.735,47.276,-31.5,236.488,47.379,-28.7,236.55599999999998,47.198,-28.7,0,-0.041167573650013854,0.7535822575003167,-1.0259048106180728,30.15796162273304,0.02205183253516603,0.025165189702146686
235.739,48.244,-26.5,235.851,48.081,-26.5,235.963,48.259,-29.1,0,-0.03559152933179486,6.119242753495107,2.2376669679088472,33.18943929806197,-0.01775678947695595,0.1840820572382761
236.434,46.553,-26.5,236.725,46.567,-31.5,236.627,46.671,-29.3,0,-0.3221143666828928,0.22211627538528847,-17.93661679954851,22.445622986619323,0.017743329842474752,0.009897215218492048
236.341,43.524,-26.5,236.35,43.345,-26.5,236.44400000000002,43.437,-28.9,0,-0.018620424484071876,0.6638944426250342,-9.61010198353658,23.2554257049908,0.0018456236351825006,0.028315529533239462
236.981,40.898,-31.5,236.841,40.894,-26.5,236.95,40.802,-29.2,0,-0.07866366272995146,0.0303697137090993,6.447592466494484,21.847058820673,-0.013170885520615556,0.0014509630406328092
235.801,48.408,-28.8,235.876,48.575,-31.5,235.65699999999998,48.543,-28.8,0,-0.012179948609146807,1.5249939121071663,9.63011862332636,32.56759389324511,-0.0014135195375265279,0.046750685189158106
232.997,50.454,-29.0,232.836,50.349,-26.5,233.094,50.317,-28.8,0,0.32715111801076996,3.733337945949075,4.2946049930294485,39.24262839132938,0.07562110034411401,0.0947095642597051
232.836,50.349,-26.5,232.974,50.193,-26.5,233.094,50.317,-28.8,0,0.516478433179242,5.006789511091286,4.828057771846158,39.043919707947026,0.10630078869130975,0.12765959649400907
236.039,48.432,-31.5,235.876,48.575,-31.5,235.801,48.408,-28.8,0,-0.04149230456545411,0.046057372436971826,10.801938903143846,32.00559891219113,-0.0038738338055793542,0.0014363171171652058
236.735,47.276,-31.5,236.675,47.45,-31.5,236.488,47.379,-28.7,0,-0.032242750576245385,0.04278252384589051,-1.7083053132215653,30.26285405717968,0.012662959183889403,0.0014087087239511254
236.55599999999998,43.358,-31.5,236.549,43.537,-31.5,236.44400000000002,43.437,-28.9,0,0.041827092957393355,-0.04690633345117707,-9.89792747041227,23.124630255092747,-0.0042040881397279045,-0.0020285144223676737
236.333,43.703,-26.5,236.341,43.524,-26.5,236.437,43.617,-28.9,0,-0.08342845909378799,0.5272453402963927,-9.740456832374072,23.040595021251065,0.008367459225992952,0.022630022555946514
235.851,48.081,-26.5,236.078,48.121,-29.2,235.963,48.259,-29.1,0,-0.07408021375272034,4.446906862137654,4.02226384643907,32.840480267384095,-0.019139864994266592,0.1351772842062387
233.715,49.938,-31.5,233.555,50.085,-31.5,233.503,49.895,-28.8,0,0.028061551013386456,0.05180879310298411,9.19865442402066,37.221875903767874,0.0030089500228380225,0.001384841449791442
236.308,44.775,-26.5,236.314,44.596,-26.5,236.40699999999998,44.687,-28.7,0,-0.6197116606731663,0.9606434054657554,-10.011208336112915,22.027884346221917,0.061832154406454294,0.04330827221289561
236.186,47.595,-26.5,236.288,47.43,-26.5,236.449,47.519,-29.1,0,0.00017953507848035555,3.962792035396757,4.563566908121569,30.484758878398623,0.014513895465691555,0.13088537946809367
233.555,50.085,-31.5,233.34199999999998,50.035,-28.7,233.503,49.895,-28.8,0,0.30922854708360864,1.4409822469222113,8.96113075239477,37.447737432203425,0.034384653073414366,0.038312793949671325
236.607,47.012,-28.8,236.777,47.099,-31.5,236.55599999999998,47.198,-28.7,0,-0.12781677648341533,0.536313395418765,-4.810935096321714,29.37311838694346,0.02428431140894192,0.018312278053690942
236.53300000000002,44.432,-31.5,236.529,44.61,-31.5,236.43,44.52,-29.2,0,0.03860735368828395,-0.025613568265108504,-10.285337388609207,22.049661765805148,-0.003753568154596051,-0.0011721652302908478
236.549,43.537,-31.5,236.546,43.716,-31.5,236.437,43.617,-28.9,0,0.032013559131180085,-0.05359527947783716,-10.400877921784002,22.733665451365965,-0.003127409398112414,-0.002356726826512041
236.314,44.418,-26.5,236.317,44.239,-26.5,236.41500000000002,44.329,-28.8,0,-0.4464147284894479,0.6434134731731803,-10.368053521729976,22.147296706004084,0.04290980829289755,0.028724380420183604
236.538,44.074,-31.5,236.53300000000002,44.253,-31.5,236.435,44.162,-29.2,0,0.029686259285641715,-0.011930460218672095,-10.16087029278362,22.396322999118226,-0.0029818069152417184,-0.0005443277367563849
236.325,43.881,-26.5,236.333,43.703,-26.5,236.43,43.794,-28.8,0,-0.15380281085015246,0.4563979547760353,-9.738846543896962,22.8506409160397,0.015542087711832254,0.019693170568441384
235.65699999999998,48.543,-28.8,235.699,48.71,-31.5,235.494,48.68,-28.8,0,0.04512776462758587,1.394496216395098,11.372885334031867,32.46822958307597,0.003854230128775342,0.0428829400974896
236.314,44.596,-26.5,236.314,44.418,-26.5,236.43,44.52,-29.2,0,-0.5400635561707201,0.7486495095131295,-10.730903743995846,21.827319496186078,0.050235761245406546,0.03399147604665678
236.543,43.895,-31.5,236.538,44.074,-31.5,236.438,43.983,-29.2,0,0.03135250741060747,-0.03102259027177354,-10.158245167303761,22.52134676451827,-0.0031707797668423616,-0.0013804742937938823
236.529,44.61,-31.5,236.529,44.789,-31.5,236.40699999999998,44.687,-28.7,0,0.0238217437530542,-0.023903468705757953,-10.76564782270701,21.675080135019527,-0.002205790700751817,-0.0011219894702606608
236.676,41.57,-31.5,236.524,41.563,-26.5,236.62900000000002,41.475,-29.4,0,0.12806479267636228,0.44062520037144415,3.542063397402927,18.836034965116596,0.04155057568607046,0.023383238988255898
236.36700000000002,47.684,-29.2,236.186,47.595,-26.5,236.449,47.519,-29.1,0,-0.041233488577665324,3.0727480992900675,3.1235088761438057,30.800354233185338,0.0038531635799342145,0.10047449125916609
236.777,47.099,-31.5,236.735,47.276,-31.5,236.55599999999998,47.198,-28.7,0,-0.07746556517855674,0.033727565288254845,-4.6565168950760025,29.555636135350582,0.01538189331478338,0.001053141131564375
236.53300000000002,44.253,-31.5,236.53300000000002,44.432,-31.5,236.41500000000002,44.329,-28.8,0,0.01581261189807927,0.009895781365903262,-10.767167006423847,21.95791274498295,-0.001499520250740622,0.0004241323582610873
235.876,48.575,-31.5,235.699,48.71,-31.5,235.65699999999998,48.543,-28.8,0,-0.004435700312747962,0.05380292841264284,12.979942948051239,31.64936010582504,-0.00036703358043663924,0.001700301426647921
236.546,43.716,-31.5,236.543,43.895,-31.5,236.43,43.794,-28.8,0,0.02771325011149373,-0.04318100871728761,-10.401979133156992,22.59371431486121,-0.002750326373834571,-0.0019148301908821985
236.317,44.239,-26.5,236.32,44.06,-26.5,236.435,44.162,-29.2,0,-0.33083237936541526,0.4955558840163733,-10.368089019433427,22.28823306994964,0.031713568755944714,0.021920792045534418
237.031,40.724,-31.5,236.889,40.719,-26.5,236.959,40.631,-28.8,0,0.007190139976084559,0.1252754583226614,0.20044902805074116,23.631345254215518,-0.011034265130086944,0.005267314684978364
236.32,44.06,-26.5,236.325,43.881,-26.5,236.438,43.983,-29.2,0,-0.23459295766868288,0.43392704580227465,-10.12094942911903,22.555162090704854,0.02294088294193277,0.018940701103600077
236.844,40.031,-31.5,236.635,40.051,-26.5,236.7,39.964,-29.5,0,0.4785221902249843,-0.026326393994131878,-16.30756235195122,20.63517644593062,-0.03051660800358806,-0.0020426210887213455
236.89499999999998,40.541,-26.5,237.035,40.545,-31.5,236.959,40.631,-28.8,0,0.01714277411747208,0.25385627552846474,-0.8725471169883292,24.255188019440965,-0.008669047995816902,0.01041957072718422
233.664,49.794,-29.2,233.635,49.621,-26.5,233.856,49.65,-29.2,0,1.0803748091506309,3.5445083698922595,12.49712329970796,35.67689119545281,0.0863116173269535,0.09893728016620697
236.176,48.278,-31.5,236.039,48.432,-31.5,235.963,48.259,-29.1,0,-0.05921919516530193,-0.05794749970230687,6.826870361687744,32.64048939882775,-0.008697925847233206,-0.0017792968883507388
236.406,47.956,-31.5,236.299,48.119,-31.5,236.18200000000002,47.978,-29.3,0,-0.029616980085414503,0.019917515248225447,2.0595509931811105,32.484554708083856,-0.01432222514423569,0.0005927347478573339
233.452,49.755,-26.5,233.635,49.621,-26.5,233.664,49.794,-29.2,0,1.522998976449205,4.864090823337992,12.788718059192526,35.7526083265631,0.11891908770368219,0.13547255665899657
236.3,44.954,-26.5,236.308,44.775,-26.5,236.41,44.868,-28.8,0,-0.6795155449748921,1.1087737210793605,-9.775080477324288,21.949415222897322,0.06945587421558065,0.050231717617083844
236.464,46.73,-26.5,236.434,46.553,-26.5,236.627,46.671,-29.3,0,-0.8005865968743269,0.9546315486149716,-15.858667114678006,24.15548524120745,0.04974743588498344,0.0394136593972381
236.299,48.119,-31.5,236.176,48.278,-31.5,236.078,48.121,-29.2,0,-0.05912506097215444,-0.013737969436021022,4.5860143172528725,32.62729329834893,-0.01290011220090989,-0.0004343821191216785
236.505,47.789,-31.5,236.406,47.956,-31.5,236.279,47.825,-29.2,0,-0.006726545672403997,0.04169250262114021,0.5701269265617093,32.17957525525003,-0.011295462958943906,0.0012723933024516526
236.675,47.45,-31.5,236.595,47.621,-31.5,236.449,47.519,-29.1,0,-0.006899020896724821,-0.043008863147880896,1.5123504136492016,30.635421872927765,0.004953659329176866,-0.0013665041121281862
236.529,44.789,-31.5,236.534,44.968,-31.5,236.41,44.868,-28.8,0,0.06918398184370371,-0.09478223360812302,-11.350966655791996,21.191541622788343,-0.006089654595105731,-0.004474896161763681
236.428,47.085,-26.5,236.607,47.012,-28.8,236.55599999999998,47.198,-28.7,0,-0.2420142818013139,1.680873088509101,-5.027597838625432,29.406882838124417,0.04344665314908786,0.05750501161823745
236.406,47.956,-31.5,236.18200000000002,47.978,-29.3,236.279,47.825,-29.2,0,-0.042334112800121435,1.2331999344009899,2.8013758307330257,32.25798118004865,-0.015280289209778947,0.03813384833269768
236.659,41.749,-31.5,236.501,41.741,-26.5,236.591,41.656,-29.1,0,0.04569382160700804,0.20161017406276335,1.8590457506936104,18.11459364201923,0.034035100353540515,0.011018425923329368
236.524,41.563,-26.5,236.676,41.57,-31.5,236.591,41.656,-29.1,0,0.09125422428856657,0.3672524513726706,2.6941604225176548,18.671072899236776,0.040888696345329524,0.019624023316118247
235.29500000000002,48.825,-28.9,235.301,48.953,-31.5,235.08499999999998,48.945,-28.9,0,0.16179584819854637,1.1271181616223473,16.993485540813165,31.015423011861543,0.009477934384687409,0.03628096075909416
235.102,48.817,-26.5,235.29500000000002,48.825,-28.9,235.08499999999998,48.945,-28.9,0,0.4537648049428799,3.207223010488717,16.83831385364561,31.105421897397846,0.026816799882980698,0.10293237621097452
236.63,42.106,-31.5,236.469,42.097,-26.5,236.55599999999998,42.012,-29.0,0,0.00016346860884313162,0.18856047484755162,1.577701526261194,16.308764590487158,0.007547601791314942,0.011626261813248077
235.494,48.68,-28.8,235.50799999999998,48.837,-31.5,235.29500000000002,48.825,-28.9,0,0.10076418555306824,1.1809921620308628,14.221474974764291,31.83948412443486,0.007017018590018059,0.037033550041135115
233.856,49.65,-29.2,233.839,49.501,-26.5,234.049,49.525,-29.2,0,1.197529387492971,3.385299169437015,14.892642603499414,34.43535944883199,0.080309942169903,0.09793427652908408
236.488,47.379,-28.7,236.368,47.259,-26.5,236.55599999999998,47.198,-28.7,0,-0.07923171773881629,2.254147329982069,-1.252296721009813,30.213949418774035,0.035075954733120474,0.0751753020954335
236.564,41.387,-26.5,236.70999999999998,41.393,-31.5,236.62900000000002,41.475,-29.4,0,0.1624488963521898,0.646559687260214,4.448770464198134,19.321459231931556,0.04070250645102973,0.033525042996463285
236.501,41.741,-26.5,236.659,41.749,-31.5,236.572,41.834,-29.0,0,0.039517052649238014,0.15631259108193676,1.8886414325321823,17.809498890831748,0.029980789692515945,0.008648076128932031
236.643,41.928,-31.5,236.485,41.919,-26.5,236.572,41.834,-29.0,0,0.023234019611367084,0.12227177943758843,1.8649594397093665,17.205598351491346,0.02083894823764341,0.0069877552433726085
235.599,48.396,-26.5,235.801,48.408,-28.8,235.65699999999998,48.543,-28.8,0,-2.210830314795201e-05,4.3927550122778385,9.40692907288299,32.5986737648723,-0.00037210092455049605,0.1345455640112281
236.18200000000002,47.978,-29.3,236.299,48.119,-31.5,236.078,48.121,-29.2,0,-0.03334589315830276,1.2926759301576696,2.0375205059226573,32.675310648470045,-0.01674925167974227,0.03947193029338254
236.485,41.919,-26.5,236.643,41.928,-31.5,236.55599999999998,42.012,-29.0,0,0.01586331184648742,0.1340627228225906,1.8737442045702721,16.902461750180578,0.016308960899549616,0.007850224704732746
236.618,42.285,-31.5,236.451,42.276,-26.5,236.541,42.191,-29.0,0,-0.012229491706071597,0.3037667421284093,1.565871061396706,15.361906876020868,-0.00329681671218525,0.020253212003368045
232.974,50.193,-26.5,233.115,50.039,-26.5,233.203,50.185,-28.8,0,0.6320970484114299,5.163283927764584,5.4741783464255205,38.6166943919841,0.11483819245917425,0.1331147196374045
236.889,40.719,-26.5,237.031,40.724,-31.5,236.95,40.802,-29.2,0,-0.03035395184754136,0.03527530045012679,3.3226688506354947,23.105053995273664,-0.011940762730692962,0.0015297667200722005
235.599,48.396,-26.5,235.739,48.244,-26.5,235.801,48.408,-28.8,0,-0.03893446376318176,5.959856958882976,6.911005982087586,32.98034906966014,-0.006270965515354466,0.18043670180212887
235.44799999999998,48.544,-26.5,235.65699999999998,48.543,-28.8,235.494,48.68,-28.8,0,0.11709675680857845,4.048700281365471,11.170350353958618,32.493817960034406,0.010187644600615175,0.12440785450197336
236.463,46.908,-26.5,236.464,46.73,-26.5,236.638,46.837,-29.2,0,-0.6191224969878366,1.3483632420281046,-11.467745655023656,26.925349191324443,0.05260579632181047,0.05017345507761338
236.791,46.921,-31.5,236.777,47.099,-31.5,236.607,47.012,-28.8,0,-0.09795634925802775,-0.014781908804130755,-9.07492213484155,28.09780773069641,0.010576425838126203,-0.0006429763342294985
236.595,47.621,-31.5,236.505,47.789,-31.5,236.36700000000002,47.684,-29.2,0,-0.030882665759679524,-0.02033267974431246,3.19098942648629,30.898174658111543,-0.004223094812940928,-0.0005933830812541973
236.469,42.097,-26.5,236.63,42.106,-31.5,236.541,42.191,-29.0,0,-0.003987057250495645,0.22629542963167446,1.9154428157509074,15.966734427752499,0.00358005580787872,0.01435189047420757
236.505,47.789,-31.5,236.279,47.825,-29.2,236.36700000000002,47.684,-29.2,0,-0.07648456926139004,1.0346618796735925,5.1167944441587085,30.84031377839988,-0.008700890655300941,0.03379517897986309
236.606,42.464,-31.5,236.434,42.454,-26.5,236.526,42.369,-29.0,0,-0.017885469536413175,0.38044165049534034,1.470293674595922,14.440745349029811,-0.010584031725603509,0.0273956441567021
235.699,48.71,-31.5,235.50799999999998,48.837,-31.5,235.494,48.68,-28.8,0,0.014627600803948445,0.004808571407316293,15.007871448915648,31.25521809225789,0.0009643551980937783,0.00015758502694389887
234.065,49.661,-31.5,233.856,49.65,-29.2,234.049,49.525,-29.2,0,0.43080198641365464,1.07864554018602,15.07740153387552,34.312216235770755,0.028537890484144023,0.031306600150019244
235.288,48.688,-26.5,235.494,48.68,-28.8,235.29500000000002,48.825,-28.9,0,0.26814712429714804,3.518645721262173,14.017617437951145,31.94454419005445,0.018933894311121583,0.10997266333403215
233.635,49.621,-26.5,233.839,49.501,-26.5,233.856,49.65,-29.2,0,1.843515269257428,4.616912453123794,16.238427627093525,33.972511381476124,0.11343244094920181,0.13535830367936863
236.615,39.891,-29.0,236.738,39.872,-31.5,236.7,39.964,-29.5,0,0.4707585535509699,-0.5037226552974198,-16.279714491566267,21.107682577723754,-0.030228696731843155,-0.024622053197147564
236.451,42.276,-26.5,236.618,42.285,-31.5,236.526,42.369,-29.0,0,-0.017725242215892067,0.33602921760662047,1.899791218129593,15.02079156284671,-0.0061270490018372654,0.023030889732209982
236.594,42.643,-31.5,236.416,42.632,-26.5,236.511,42.548,-28.9,0,-0.028549147152003053,0.38534025401839495,1.9877659757825938,13.439093451444336,-0.014150199350574068,0.03031528925127819
233.115,50.039,-26.5,233.279,49.895,-26.5,233.34199999999998,50.035,-28.7,0,1.1730640918950923,5.200555488076323,9.571731586590754,37.43880124043618,0.12225302546065174,0.13829486676042768
233.882,49.796,-31.5,233.664,49.794,-29.2,233.856,49.65,-29.2,0,0.36773789728839495,1.0674329662046578,12.7029137037312,35.63891193843519,0.028902465635762632,0.02981581589437796
236.288,47.43,-26.5,236.368,47.259,-26.5,236.488,47.379,-28.7,0,-0.017708958705913894,3.3682441626690034,1.0090662916025863,30.42662005307423,0.0330369485255071,0.11152245057072459
236.584,42.821,-31.5,236.399,42.81,-26.5,236.49599999999998,42.726,-28.9,0,-0.024833878130377674,0.33134148490436155,1.7594829329843265,12.543812239567558,-0.014426315033844518,0.028456326864495885
235.44799999999998,48.544,-26.5,235.599,48.396,-26.5,235.65699999999998,48.543,-28.8,0,0.0645101545811659,5.638115028438232,8.589940463672141,33.018090592687685,0.0069921754943600015,0.17050411026822518
233.882,49.796,-31.5,233.715,49.938,-31.5,233.664,49.794,-29.2,0,0.01587206357840782,-0.09598470283802493,10.618792524475609,36.48673592615509,0.0014770570417391433,-0.0026308984167982183
236.434,42.454,-26.5,236.606,42.464,-31.5,236.511,42.548,-28.9,0,-0.018139551374408484,0.3911611074809041,1.4090057960203808,14.14591281545799,-0.01218899620049559,0.028905867964994177
233.279,49.895,-26.5,233.452,49.755,-26.5,233.503,49.895,-28.8,0,1.3701868000353246,5.1245626887034135,11.043625111471023,36.68038307232042,0.12383762726217072,0.139100641772693
234.065,49.661,-31.5,233.882,49.796,-31.5,233.856,49.65,-29.2,0,0.05336726627029531,-0.017514876658478593,13.075791003375961,35.29458256871074,0.0040707354584025345,-0.000509663814205058
236.428,47.085,-26.5,236.463,46.908,-26.5,236.607,47.012,-28.8,0,-0.3620161676810936,1.9540465078564735,-6.20081448867974,28.982653239111237,0.05442422629096246,0.06774821170382478
236.575,43.0,-31.5,236.38400000000001,42.989,-26.5,236.483,42.904,-28.9,0,-0.02025816650248458,0.2474707970362681,1.600924870924274,11.644561176391534,-0.012249123684659623,0.02336027643797148
236.791,46.921,-31.5,236.607,47.012,-28.8,236.638,46.837,-29.2,0,-0.19410455227087584,0.27951744085299085,-10.69348004794783,27.333182260843188,0.017677899429195915,0.010216537547600683
236.368,47.259,-26.5,236.428,47.085,-26.5,236.55599999999998,47.198,-28.7,0,-0.14125683871342432,2.636299446608259,-2.1789572797943784,29.961146279595802,0.04801892032013105,0.0885858557520945
233.839,49.501,-26.5,234.043,49.381,-26.5,234.049,49.525,-29.2,0,1.6777997333810135,4.5016192497387895,16.242290776508234,33.627905811453026,0.10317890934305933,0.1333931925646615
235.08499999999998,48.945,-28.9,235.095,49.071,-31.5,234.878,49.06,-28.9,0,0.2078568855831524,1.1203785787054723,17.35510912523669,31.23540854524481,0.01193870635145749,0.035808892422354126
236.039,48.432,-31.5,235.801,48.408,-28.8,235.963,48.259,-29.1,0,-0.0530610045287409,1.4424893282635407,6.7776135238686335,32.83323053349271,-0.008016868988091423,0.04385683604669511
236.416,42.632,-26.5,236.594,42.643,-31.5,236.49599999999998,42.726,-28.9,0,-0.019099347492856952,0.37599017650920624,1.393356798814608,13.218483752470576,-0.01456643252620347,0.03024333100147994
236.565,43.179,-31.5,236.36700000000002,43.167,-26.5,236.47,43.083,-28.9,0,-0.017731720012649266,0.17469844583912458,1.6550215843944045,10.715922830390042,-0.008651733816711658,0.01815847856213338
234.049,49.525,-29.2,234.043,49.381,-26.5,234.24599999999998,49.401,-29.0,0,1.236801982519056,3.330489713756384,16.68212731724025,33.20277344389612,0.07404723992458127,0.0999761696195018
233.34199999999998,50.035,-28.7,233.279,49.895,-26.5,233.503,49.895,-28.8,0,0.8319919133254624,4.027130851893079,8.705799900214322,37.46044452013281,0.09528698504706433,0.10703383415493074
235.288,48.688,-26.5,235.44799999999998,48.544,-26.5,235.494,48.68,-28.8,0,0.19779664227954924,5.1105137747309515,9.984973981108755,33.09437562027571,0.019398236337416823,0.1541869708251718
236.55599999999998,43.358,-31.5,236.35,43.345,-26.5,236.457,43.262,-28.9,0,0.03993304525073565,0.33093532100097234,-8.693622885631058,23.72435234635575,-0.004544929445837183,0.013837901603357801
234.897,48.935,-26.5,235.08499999999998,48.945,-28.9,234.878,49.06,-28.9,0,0.6138160965576586,3.2082554763135884,17.20078795349339,31.372364180698895,0.03556652458521646,0.10207688169512562
234.462,49.414,-31.5,234.25799999999998,49.534,-31.5,234.24599999999998,49.401,-29.0,0,0.06500462677396461,0.07433838168595663,16.594571704869722,33.056606630497846,0.0039032872844726113,0.0022458352621021467
236.546,43.716,-31.5,236.333,43.703,-26.5,236.437,43.617,-28.9,0,-0.03275988984744709,0.17953952316266758,-10.331679824488312,22.70846457013789,0.0030350778924984204,0.0077723739515918894
236.399,42.81,-26.5,236.584,42.821,-31.5,236.483,42.904,-28.9,0,-0.01693391865345212,0.306697590231034,1.299995798545325,12.304287755876942,-0.013926081169072926,0.02702036352674467
236.549,43.537,-31.5,236.341,43.524,-26.5,236.44400000000002,43.437,-28.9,0,0.005229107209312178,0.23989529181061445,-9.99876205593916,23.02835576647506,-0.0005873838534315555,0.010295269277811752
236.529,44.789,-31.5,236.308,44.775,-26.5,236.40699999999998,44.687,-28.7,0,-0.30947656118177963,0.43406927189845884,-10.348997671045865,21.814692998337158,0.02987708135966758,0.019737140431828958
236.607,47.012,-28.8,236.463,46.908,-26.5,236.638,46.837,-29.2,0,-0.461909734685792,1.1084899272482511,-10.693955080056064,27.428989165519177,0.04188866374278906,0.040557706840074294
236.314,44.418,-26.5,236.53300000000002,44.432,-31.5,236.43,44.52,-29.2,0,-0.21411099342735468,0.30173762506802343,-10.23437001221383,22.112761532088683,0.020865383081456582,0.013481768017553478
234.674,49.3,-31.5,234.453,49.287,-28.9,234.666,49.173,-28.9,0,0.3315707477434663,1.0916398836418395,17.81595952614935,31.826621739770616,0.018571673386758077,0.034230036307289734
236.534,44.968,-31.5,236.3,44.954,-26.5,236.41,44.868,-28.8,0,-0.3152825305173529,0.45290216093468544,-10.206180091538933,21.695817239658425,0.030864346345395356,0.020732849984465968
236.53300000000002,44.432,-31.5,236.314,44.418,-26.5,236.41500000000002,44.329,-28.8,0,-0.22779893700504528,0.30384496166233693,-10.68990924106501,21.93777808928511,0.02123779058452964,0.01367125533244443
234.674,49.3,-31.5,234.462,49.414,-31.5,234.453,49.287,-28.9,0,0.024112298472523625,0.033361810909706434,17.832376211871956,32.041276895853876,0.0013407491970792973,0.0010527189222216324
234.886,49.186,-31.5,234.674,49.3,-31.5,234.666,49.173,-28.9,0,-0.008083244073510892,0.004243129658277949,17.844283517536482,31.60463588648868,-0.0004579923947522795,0.00015103261171970606
234.25799999999998,49.534,-31.5,234.065,49.661,-31.5,234.049,49.525,-29.2,0,0.06182202243363055,0.01114014553381157,14.923129671530265,34.18830971648177,0.004131888881297309,0.0003159130651241683
236.32,44.06,-26.5,236.538,44.074,-31.5,236.435,44.162,-29.2,0,-0.12137496059533943,0.18624484309926825,-10.12233366326096,22.452939434155546,0.011852205648662637,0.008133604194030725
236.543,43.895,-31.5,236.325,43.881,-26.5,236.43,43.794,-28.8,0,-0.06768421169734946,0.1662392172710119,-9.634478494383046,22.863836228144912,0.00685277345170803,0.0071211645363854666
234.25799999999998,49.534,-31.5,234.049,49.525,-29.2,234.24599999999998,49.401,-29.0,0,0.45410493143401565,1.1108181906726697,16.88850268563458,33.09908923906554,0.02685339562925199,0.03344680039531762
236.325,43.881,-26.5,236.543,43.895,-31.5,236.438,43.983,-29.2,0,-0.07480841410761227,0.15583658359714328,-9.64943575444147,22.808580477020364,0.0075859167050339295,0.006685858558369564
235.095,49.071,-31.5,234.886,49.186,-31.5,234.878,49.06,-28.9,0,-0.01098638034524948,0.02309571329237477,17.55811826666334,31.35340434529411,-0.000624580980958854,0.0007484898595068714
235.301,48.953,-31.5,235.095,49.071,-31.5,235.08499999999998,48.945,-28.9,0,0.004547302730572668,0.07039872532677624,17.040357076529407,31.217705009236198,0.0002688625910911079,0.002258864652022498
236.38400000000001,42.989,-26.5,236.575,43.0,-31.5,236.47,43.083,-28.9,0,-0.01676949977282061,0.22165811382605763,1.4045958735414672,11.371180936954204,-0.011154524565975378,0.02154314876088047
235.102,48.817,-26.5,235.288,48.688,-26.5,235.29500000000002,48.825,-28.9,0,0.4246823343484331,4.471330773218651,14.053884644389626,32.13371290993676,0.0299787476476795,0.13892186017286515
234.886,49.186,-31.5,234.666,49.173,-28.9,234.878,49.06,-28.9,0,0.26318047516118853,1.085112473843691,17.879682327752235,31.362248188507778,0.01468316442840725,0.03453884468066596
233.203,50.185,-28.8,233.115,50.039,-26.5,233.34199999999998,50.035,-28.7,0,0.6558472554046098,4.0219939064921295,7.147658075507764,38.13178533079706,0.09138946213722106,0.1050109250009332
236.776,46.742,-31.5,236.791,46.921,-31.5,236.638,46.837,-29.2,0,0.006046555771793189,-0.12621812103807914,-13.395873192081105,25.868063433779234,-0.0003957568199114898,-0.004924568256852206
235.50799999999998,48.837,-31.5,235.301,48.953,-31.5,235.29500000000002,48.825,-28.9,0,0.008936249211323128,-0.00924816476097046,17.33083452469886,30.607820777895554,0.000517057512892211,-0.00029695371912797166
234.043,49.381,-26.5,234.25799999999998,49.271,-26.5,234.24599999999998,49.401,-29.0,0,1.67436875469171,4.328598688482029,18.146555454739588,32.24496805076451,0.0921625363750159,0.13383394013025748
236.36700000000002,43.167,-26.5,236.565,43.179,-31.5,236.457,43.262,-28.9,0,-0.013319515085310577,0.1556245461130475,1.317917888831488,10.465615471449837,-0.007304466852027236,0.0165609549025265
234.453,49.287,-28.9,234.47199999999998,49.159,-26.5,234.666,49.173,-28.9,0,0.9651891673805812,3.2109339550339726,17.657492512742916,31.92401324956454,0.05455842619546763,0.10034750134865467
236.35,43.345,-26.5,236.55599999999998,43.358,-31.5,236.44400000000002,43.437,-28.9,0,0.03016151661484793,0.30098135635457024,-9.475563764766648,23.362012380866844,-0.0031770211225872094,0.012767236855449237
234.25799999999998,49.271,-26.5,234.47199999999998,49.159,-26.5,234.453,49.287,-28.9,0,1.4022609669603436,4.236481477390774,17.865488346502126,31.99229779855051,0.07836380492020972,0.13208573496362055
234.897,48.935,-26.5,235.102,48.817,-26.5,235.08499999999998,48.945,-28.9,0,0.6872703530420552,4.245803017170245,16.665535633595425,31.405711179981445,0.041067108247080625,0.13495515619193044
234.462,49.414,-31.5,234.24599999999998,49.401,-29.0,234.453,49.287,-28.9,0,0.42597908605362667,1.1296254976182474,18.02668220825851,32.12837135553988,0.023592762076688967,0.03506776986676725
234.47199999999998,49.159,-26.5,234.686,49.048,-26.5,234.666,49.173,-28.9,0,1.1780259004285032,4.182702021552671,17.99105227767713,31.519087475880134,0.06534465568136372,0.13241596670988767
234.686,49.048,-26.5,234.897,48.935,-26.5,234.878,49.06,-28.9,0,0.9310888447255827,4.177882773393512,17.59655984608925,31.324365274167775,0.05276612284353084,0.13311881786623386
236.725,46.567,-31.5,236.776,46.742,-31.5,236.627,46.671,-29.3,0,0.1929416387634493,-0.21939768616164293,-18.15214597139787,22.329840386764683,-0.010499303464539056,-0.00971953801930531
236.53300000000002,44.253,-31.5,236.317,44.239,-26.5,236.435,44.162,-29.2,0,-0.15747585700464858,0.22180650352690834,-10.401761133573494,22.233396087983188,0.015028934048113713,0.00980853262557437
236.317,44.239,-26.5,236.53300000000002,44.253,-31.5,236.41500000000002,44.329,-28.8,0,-0.18952381401089347,0.26369638522267036,-10.39654063576365,22.1906579247321,0.018127881903387728,0.011702571028853338
236.538,44.074,-31.5,236.32,44.06,-26.5,236.438,43.983,-29.2,0,-0.11299168420236631,0.17152602228345037,-10.679504673935156,22.230981565160576,0.010434429205616528,0.007556129564270863
236.341,43.524,-26.5,236.549,43.537,-31.5,236.437,43.617,-28.9,0,-0.007381429164254738,0.21754334640644155,-9.76657020141549,23.084929005800625,0.000659223033671538,0.009298454910424631
233.094,50.317,-28.8,232.974,50.193,-26.5,233.203,50.185,-28.8,0,0.3036835506022956,3.8809308127574345,3.6258776139260487,38.97773559021967,0.08302489669633557,0.0991271403963838
236.333,43.703,-26.5,236.546,43.716,-31.5,236.43,43.794,-28.8,0,-0.046511090005158705,0.17012674100861033,-10.499085291714891,22.58142234711881,0.004280936733288874,0.007393613443766723
236.529,44.61,-31.5,236.314,44.596,-26.5,236.43,44.52,-29.2,0,-0.252854791148655,0.3348379738794824,-10.774777347399471,21.76621770810157,0.023431152564757363,0.015224322980211378
236.314,44.596,-26.5,236.529,44.61,-31.5,236.40699999999998,44.687,-28.7,0,-0.2841578421819142,0.3972068254563873,-10.344251603879435,21.93658551826212,0.027435966471819825,0.01793857405523251
236.488,47.379,-28.7,236.675,47.45,-31.5,236.449,47.519,-29.1,0,0.004447678795529426,0.819731075164103,2.3070764150276197,30.454600192100756,0.012815896545395382,0.02716478211287581
234.666,49.173,-28.9,234.686,49.048,-26.5,234.878,49.06,-28.9,0,0.7933376207144008,3.1829266019896707,17.72417617372235,31.4900976587503,0.044653037214556046,0.10087341734749954
236.638,46.837,-29.2,236.464,46.73,-26.5,236.627,46.671,-29.3,0,-0.5084343813610841,0.6999794199751306,-14.151294243365257,25.396503046904833,0.035278522844145205,0.02758276900642126
236.308,44.775,-26.5,236.529,44.789,-31.5,236.41,44.868,-28.8,0,-0.3243279628468578,0.43004288404639435,-10.829859742939796,21.523169658521887,0.029922460989167975,0.019826436877510442
234.24599999999998,49.401,-29.0,234.25799999999998,49.271,-26.5,234.453,49.287,-28.9,0,1.1563876371597488,3.2366542994595924,17.852137348640884,32.230071290862504,0.06468407595149832,0.10014500330019757
236.078,48.121,-29.2,236.176,48.278,-31.5,235.963,48.259,-29.1,0,-0.058104603048389276,1.3335693166291958,4.289074241712391,32.846077737564485,-0.013783440151347755,0.04051921880165519
236.595,47.621,-31.5,236.36700000000002,47.684,-29.2,236.449,47.519,-29.1,0,-0.023302760898065437,0.8695806177388088,3.3523379900054913,30.710451344818523,0.0015801841625601085,0.028586735150238227
235.801,48.408,-28.8,235.739,48.244,-26.5,235.963,48.259,-29.1,0,-0.07195490609334562,4.4550044179445925,6.708512615958115,32.83980939793831,-0.011212945642788819,0.1354412194255802
236.776,46.742,-31.5,236.638,46.837,-29.2,236.627,46.671,-29.3,0,-0.09828456224510011,0.055336147441727254,-14.014949068778648,25.367676947262073,0.006890859535022422,0.0022097733511572196
233.715,49.938,-31.5,233.503,49.895,-28.8,233.664,49.794,-29.2,0,0.3469545328970388,1.2223136806636203,10.96243039376301,36.55047613595485,0.03157616777880501,0.03329193575112846
233.503,49.895,-28.8,233.452,49.755,-26.5,233.664,49.794,-29.2,0,0.9954602422425156,3.7701654852887296,10.841404306921564,36.56917157954845,0.09163599749246344,0.10265129160908333
236.288,47.43,-26.5,236.488,47.379,-28.7,236.449,47.519,-29.1,0,-0.005372286557870486,2.6647085412315916,2.0474255541387514,30.54621749024289,0.020126363442555757,0.08791987392304806
236.889,40.719,-26.5,236.89499999999998,40.541,-26.5,236.959,40.631,-28.8,0,0.002706237569381964,0.6186698475917628,-0.041457791110758535,23.8899848227405,-0.014233216140156922,0.02577572409632105
236.841,40.894,-26.5,236.889,40.719,-26.5,236.95,40.802,-29.2,0,-0.06496048944299458,0.48226857413943297,5.096796995255119,22.318872176403744,-0.013148280774446117,0.021629965095235078
236.524,41.563,-26.5,236.564,41.387,-26.5,236.62900000000002,41.475,-29.4,0,0.24523728818025475,0.9815129730402772,4.498756828634214,19.027194742449893,0.05958244075647458,0.05164482133065316
236.501,41.741,-26.5,236.524,41.563,-26.5,236.591,41.656,-29.1,0,0.13131459948375354,0.6796132788987301,2.7607787691261194,18.385630284909922,0.05552752826878027,0.03696211346733789
236.485,41.919,-26.5,236.501,41.741,-26.5,236.572,41.834,-29.0,0,0.06465431779797147,0.49034767045600647,2.0628458737746485,17.509862828318006,0.04089760409075037,0.028029689032469468
236.469,42.097,-26.5,236.485,41.919,-26.5,236.55599999999998,42.012,-29.0,0,0.031549821200758235,0.4829291552853509,2.0398953590047597,16.605932435308063,0.02383765610671434,0.029330305725995015
236.451,42.276,-26.5,236.469,42.097,-26.5,236.541,42.191,-29.0,0,0.004602610715594476,0.575349243355845,2.177333493551515,15.6466206625052,0.00843125131080967,0.03750547737713997
237.035,40.545,-31.5,237.031,40.724,-31.5,236.959,40.631,-28.8,0,0.01861591814946097,-0.1937969424662175,-0.623449119982098,24.00116469196169,-0.004408043742883397,-0.008041722138961592
237.031,40.724,-31.5,236.981,40.898,-31.5,236.95,40.802,-29.2,0,-0.04402616964715429,-0.3875880839814515,5.038517285363312,22.772817032314578,-0.011240925051557734,-0.01698115735487872
236.70999999999998,41.393,-31.5,236.676,41.57,-31.5,236.62900000000002,41.475,-29.4,0,0.07467030699847454,0.10589088667484342,3.5436692947696997,19.104252337574025,0.025366693174587042,0.0055373866993235306
236.676,41.57,-31.5,236.659,41.749,-31.5,236.591,41.656,-29.1,0,0.024422847342251575,-0.11840317055773467,1.8068642787396811,18.392155713430014,0.021738800301788617,-0.00659718586107298
236.659,41.749,-31.5,236.643,41.928,-31.5,236.572,41.834,-29.0,0,0.006405447434875493,-0.2144158869669624,1.6905735543403466,17.505378617149233,0.01171302991620044,-0.012537144623733844
236.643,41.928,-31.5,236.63,42.106,-31.5,236.55599999999998,42.012,-29.0,0,-0.007972520149214428,-0.15117872546825167,1.4049193058635012,16.602516602611047,0.00129781854507574,-0.009389781473475573
236.63,42.106,-31.5,236.618,42.285,-31.5,236.541,42.191,-29.0,0,-0.013909027368626222,-0.02406380705885803,1.296926480764455,15.672371018564604,-0.0072185170508964475,-0.0016220831935169593
236.49200000000002,39.909,-26.5,236.615,39.891,-29.0,236.635,40.051,-26.5,0,0.8225579272110817,-0.12717775311129334,-18.29697439520166,19.113954173398334,-0.04740762679344273,-0.009012519415098019
236.93200000000002,40.197,-31.5,236.852,40.366,-26.5,236.75900000000001,40.202,-26.5,0,0.2415395042311457,0.5639518983736704,-12.657103837465485,22.03753758533719,-0.019614569227627013,0.025220221242909343
236.998,40.368,-31.5,236.89499999999998,40.541,-26.5,236.852,40.366,-26.5,0,0.08316513529099125,0.5868210576997972,-6.469952864428251,24.059895429864355,-0.01251580021721561,0.024223165369170088
236.998,40.368,-31.5,236.852,40.366,-26.5,236.93200000000002,40.197,-31.5,0,0.06608099675072208,0.3202639714912695,-9.568505649491726,23.621219662060042,-0.006161390266484181,0.01359083461252787
237.035,40.545,-31.5,236.89499999999998,40.541,-26.5,236.998,40.368,-31.5,0,0.03561884753078788,0.18139957328394837,-5.811104902993662,24.016653459642896,-0.004050113861275755,0.0075661873928322765
236.89600000000002,41.065,-31.5,236.753,41.059,-26.5,236.841,40.894,-26.5,0,-0.04707727871566604,0.4344133626536051,9.4127491470488,19.862975558303617,-0.0048054806924985516,0.022038264387195947
236.89600000000002,41.065,-31.5,236.841,40.894,-26.5,236.981,40.898,-31.5,0,-0.10710556277321324,-0.07550803198337491,8.935670429807288,20.4601913460192,-0.012495185999237678,-0.0035831669117471925
236.789,41.225,-31.5,236.648,41.22,-26.5,236.753,41.059,-26.5,0,0.17633872336382278,0.713568270972673,10.880058451657263,18.14741283425542,0.017085481496220873,0.03955164656775941
236.789,41.225,-31.5,236.753,41.059,-26.5,236.89600000000002,41.065,-31.5,0,-0.014282685916375918,0.18139331785905038,10.976738555636778,18.374391360511652,-0.0010094032229831591,0.010050838471942132
236.70999999999998,41.393,-31.5,236.564,41.387,-26.5,236.648,41.22,-26.5,0,0.3540383979623362,0.8765645834330875,8.825842904125153,18.216297301849295,0.042121896552892765,0.048273507092340975
236.70999999999998,41.393,-31.5,236.648,41.22,-26.5,236.789,41.225,-31.5,0,0.15435607854979136,0.43759687177991885,8.242387922449936,18.869935207637553,0.020188378870370116,0.02332622740273914
