lon1,lat1,dep1,lon2,lat2,dep2,lon3,lat3,dep3,mesh_idx,strike_slip_rate,dip_slip_rate,strike_slip_rate_kinematic,dip_slip_rate_kinematic,strike_slip_coupling,dip_slip_coupling
232.06,49.636,0.0,232.155,49.468,0.0,232.174,49.619,-3.1,0,-3.0962969930683415,26.866492491737976,-5.585788159940538,40.13158189722214,0.5602521928814133,0.6675794551064207
232.411,49.299,-3.8,232.173,49.109,0.0,232.41500000000002,49.088,-2.1,0,1.3207667438104078,28.782490470477345,2.0749370501057145,38.05205669963482,0.6227001099041582,0.7549250013446471
234.663,43.131,0.0,234.711,42.959,0.0,234.957,43.141,-3.6,0,-1.8558094836637862,21.22453896258576,-3.9084900983618525,24.463124056313006,0.4734759868019701,0.8674559218095093
235.01600000000002,40.553,0.0,235.0,40.375,0.0,235.122,40.45,-3.7,0,2.0403645518255606,11.940719547891673,3.4819940318269573,25.19332047798676,0.6840663567424285,0.4716717506802939
234.215,47.089,-2.3,234.514,47.122,-4.8,234.43099999999998,47.282,-4.8,0,-0.1301607944744332,30.399981419070812,-1.4667313651604061,31.793826956390475,0.069639199382209,0.9560398201890203
232.16500000000002,49.288,0.0,232.173,49.109,0.0,232.411,49.299,-3.8,0,-13.674844532133202,23.352634983201987,-22.165394386635384,31.243144638889902,0.6187638023245332,0.7463499435126291
235.189,41.661,-4.5,234.916,41.672,-2.1,234.963,41.518,-2.0,0,8.183276394431973,10.499934225880692,11.732616054911333,14.935483369075257,0.707569457600383,0.7042845405752104
235.236,41.503,-4.6,235.189,41.661,-4.5,234.963,41.518,-2.0,0,6.420504163218575,11.405803564538834,9.345504632317017,16.722215783459973,0.7002797347037644,0.6827306399597088
235.248,41.188,-4.2,235.276,41.348,-4.6,235.05200000000002,41.214,-2.0,0,4.315601108768563,13.673951075971834,6.038237733798439,19.710111365427622,0.7399547535585865,0.6929893404959511
234.951,42.568,-2.7,234.80700000000002,42.44,0.0,235.09699999999998,42.386,-4.2,0,3.7403801881925207,9.365123409097244,9.272189512260113,12.049683011515953,0.42313540116367926,0.7835233202058879
235.269,40.744,-6.5,235.312,40.919,-6.5,235.058,40.907,0.0,0,-0.45680381898860484,15.116390585350679,-0.2991889721957648,23.015345683407617,0.7261361632682681,0.6546509210632576
234.047,47.495,-2.2,234.162,47.276,-2.5,234.334,47.443,-4.7,0,-0.7663722487551263,30.460297967004006,-9.311352616510888,31.885683360565693,0.08207091748118692,0.9552683803545713
235.269,40.744,-6.5,235.058,40.907,0.0,235.055,40.729,0.0,0,3.4324265462164685,14.852898674708142,4.976237095755977,23.034402981694427,0.7394873477432858,0.6432658522412597
233.725,47.955,-2.3,233.893,48.09,-4.5,233.588,48.137,-2.0,0,-1.3759555543169533,31.44507308809356,-4.328896715705948,34.544267415206896,0.32022248600414915,0.910116534411219
234.162,47.276,-2.5,234.215,47.089,-2.3,234.43099999999998,47.282,-4.8,0,-0.2975647477639742,30.46836757119583,-4.4806481651413,31.726159594426612,0.07345385037496734,0.9602518596384377
235.09300000000002,42.2,-4.3,234.862,42.16,-2.0,234.923,42.001,-2.4,0,4.088028248378274,10.870030248131444,7.829216583467343,14.781861947031047,0.5439239875335788,0.7395312582939005
234.957,43.141,-3.6,234.711,42.959,0.0,235.013,42.979,-4.2,0,-3.551857278207501,19.585096861758945,-8.558264083872047,23.326889237450274,0.4147021779449474,0.8394091654552334
232.155,49.468,0.0,232.16500000000002,49.288,0.0,232.411,49.299,-3.8,0,-13.041156594009111,22.767136038010012,-21.824942804106122,31.74927055242973,0.5994120057308162,0.71582435694229
235.13299999999998,42.007,-4.5,235.09300000000002,42.2,-4.3,234.923,42.001,-2.4,0,3.727014554940811,10.730320670000026,7.216410679199839,15.228872870281805,0.5388919161426666,0.7086422891426883
235.276,41.348,-4.6,235.036,41.366,-2.2,235.05200000000002,41.214,-2.0,0,7.125570712029384,12.58994611864693,9.699474766459701,17.91603861535478,0.748638293083207,0.7023829507076267
234.914,41.826,-2.0,235.166,41.851,-4.5,234.923,42.001,-2.4,0,5.277297335681645,10.92467407411784,8.704446622718962,15.451355982629508,0.62288366410578,0.7098610987172731
233.488,48.49,-4.2,233.24200000000002,48.316,0.0,233.52100000000002,48.295,-2.7,0,1.5504022395755706,31.070883673094308,3.267471032253442,35.62975970187721,0.46968845085663996,0.8716183601964387
233.893,48.09,-4.5,233.786,48.221,-4.6,233.588,48.137,-2.0,0,1.1129642364779695,31.18058487340521,3.2255285668248157,34.881685614758986,0.34092319144680194,0.8936403955477374
233.24200000000002,48.316,0.0,233.488,48.49,-4.2,233.265,48.528,-2.5,0,3.622593880648994,30.339043010556956,7.200948382982332,35.26949551169611,0.5007620614842356,0.8596634472041162
235.166,41.851,-4.5,235.13299999999998,42.007,-4.5,234.923,42.001,-2.4,0,4.968728534084526,10.304595616700844,8.808795703735086,14.963334672323526,0.5805121778946333,0.6921844790035212
232.74200000000002,48.885,-2.5,232.7,48.71,0.0,233.011,48.768,-3.0,0,8.406179507161456,27.89242543613999,13.821952375243082,34.37187215075086,0.6068588342902701,0.8104011369373868
234.663,43.131,0.0,234.957,43.141,-3.6,234.813,43.303,-2.4,0,-1.9290679298807796,21.034696371513476,-3.960219826530931,24.376319506163938,0.48528984721671126,0.8627254543852824
234.535,46.06,-2.0,234.82,45.899,-4.3,234.833,46.068,-4.7,0,-6.2656354387484114,25.77054167135645,-10.444014285289526,27.16775732841219,0.5921398815685781,0.9479346306489573
234.73399999999998,45.343,-2.4,234.92700000000002,45.258,-4.5,234.878,45.435,-4.1,0,-10.24207068753879,22.67525388708583,-13.178012215340551,24.31165389768074,0.7706609865542393,0.9319675326110746
234.82,45.899,-4.3,234.535,46.06,-2.0,234.588,45.868,-2.1,0,-6.190370656245394,26.19445290603212,-9.756418979369279,27.364091753151477,0.626497136810147,0.9567410450984841
234.73399999999998,45.343,-2.4,234.767,45.17,-2.6,234.92700000000002,45.258,-4.5,0,-10.311820689830311,22.734605607214704,-12.970092122940962,24.262046645878275,0.7888145718811016,0.9363903605924195
235.269,40.744,-6.5,235.055,40.729,0.0,235.239,40.568,-6.5,0,0.5902205752368508,14.350280999646904,1.2545422481015294,24.114482045546964,0.7011903727903411,0.5927348825679091
234.80700000000002,42.44,0.0,234.911,42.282,-2.2,235.09699999999998,42.386,-4.2,0,0.10446631915997283,12.105335474957496,0.66262285516774,15.680229088366545,0.4571716428991978,0.77548755520231
235.239,40.568,-6.5,235.055,40.729,0.0,235.01600000000002,40.553,0.0,0,-0.0673404004275321,13.945522331823124,0.32822904515100504,24.497584181233776,0.7107087397852591,0.5665633656334125
234.66899999999998,42.108,0.0,234.699,41.93,0.0,234.923,42.001,-2.4,0,5.651843097516554,11.451285769058085,9.20783945497621,14.874088037354653,0.6317749462806308,0.7729758900989486
234.711,42.959,0.0,234.921,42.84,-2.8,235.013,42.979,-4.2,0,2.654125684411378,9.394506921005977,6.9511137289078135,11.264136176583548,0.4066923935074882,0.8386404751895293
234.916,41.672,-2.1,235.189,41.661,-4.5,235.058,41.755,-3.4,0,4.448380771725749,12.001982193330335,6.755818724606684,17.32073684745106,0.678489313098232,0.6941248135566872
234.862,42.16,-2.0,234.66899999999998,42.108,0.0,234.923,42.001,-2.4,0,4.827009988812568,11.366122271921554,8.437483316503346,14.832171359804562,0.5926074545734752,0.7698563841993274
235.036,41.366,-2.2,235.236,41.503,-4.6,234.963,41.518,-2.0,0,8.200210377666247,11.25991069375877,11.354789084968573,16.068994195578824,0.7327621095274343,0.7010768365315366
232.7,48.71,0.0,232.918,48.602,0.0,233.011,48.768,-3.0,0,9.568108762514408,27.604374469179564,15.985711776163015,33.216227448829606,0.5974761340465548,0.8300699735800459
232.155,49.468,0.0,232.34300000000002,49.605,-6.5,232.174,49.619,-3.1,0,0.7570398162749716,26.203297567132278,1.3201312479431824,39.839522573620826,0.5532812438392063,0.655750627387633
233.918,47.343,0.0,234.162,47.276,-2.5,234.047,47.495,-2.2,0,-0.8999782638224532,30.964462459586073,-8.828264324143461,32.17390370669273,0.10168455770131601,0.962388448933139
234.951,42.568,-2.7,235.09699999999998,42.386,-4.2,235.112,42.551,-4.7,0,2.64651452049681,9.626517509299235,7.564977099144954,12.797662729461706,0.3745127664922311,0.7587510236368883
234.514,47.122,-4.8,234.215,47.089,-2.3,234.377,46.998,-3.3,0,-0.374115443073417,30.07897195616014,-4.496440018494102,31.316948264594586,0.08745782395238902,0.9603203798454354
234.837,45.75,-4.2,234.82,45.899,-4.3,234.588,45.868,-2.1,0,-6.991086420609105,25.362539726945688,-10.455474141477353,26.77115249225788,0.6602370717724856,0.9467546195931549
234.047,47.495,-2.2,234.334,47.443,-4.7,234.225,47.622,-4.5,0,-0.5418062053276685,31.115059999408018,-6.093793436409847,32.86521024433169,0.08888178329168192,0.9467041283875322
234.334,47.443,-4.7,234.162,47.276,-2.5,234.43099999999998,47.282,-4.8,0,-0.329941511661614,31.024514218998227,-5.1410774793276985,32.5614890187643,0.06357761437724772,0.952760383521577
234.90300000000002,45.053,-4.2,234.767,45.17,-2.6,234.709,44.938,-1.9,0,-12.195517430590508,21.147401653019248,-14.965370427768946,22.60367033198223,0.8100654724753787,0.934886968263393
234.92700000000002,45.258,-4.5,235.1,45.327,-6.5,234.878,45.435,-4.1,0,-9.778818958334908,22.105745062630316,-12.945838882877212,24.288342089118604,0.7480910629073088,0.909158250099068
234.933,43.458,-4.2,234.813,43.303,-2.4,235.003,43.296,-4.7,0,-3.0502024576352524,19.87023636300959,-6.27630558297426,23.77366407126226,0.4844649009706064,0.8355425643889555
234.921,42.84,-2.8,235.201,42.842,-6.5,235.013,42.979,-4.2,0,2.0963166729127996,8.823599292212343,6.789192932602958,11.239376763397814,0.33359234095276047,0.791348181267888
234.643,45.671,-2.1,234.837,45.75,-4.2,234.588,45.868,-2.1,0,-5.791829165961602,26.18342548970111,-8.245293245279626,27.447248285093437,0.6922704999785964,0.9534253482144102
232.74200000000002,48.885,-2.5,233.011,48.768,-3.0,232.97899999999998,48.929,-4.8,0,8.3978456493013,26.841949105446144,14.101344385830725,34.300934014166344,0.5942938138001981,0.7813432290628416
233.95,47.654,-2.2,234.047,47.495,-2.2,234.225,47.622,-4.5,0,-0.3954588261211771,31.76056309958855,-3.2512416739109824,33.51542394409456,0.12224783947054232,0.947591089448812
234.422,46.406,-2.0,234.638,46.35,-3.6,234.566,46.524,-3.5,0,-2.3956932637748265,28.321277317632887,-6.402855925422422,29.453782201926963,0.36897892900973756,0.9611148288735546
234.74,43.733,-2.4,234.52100000000002,43.652,0.0,234.736,43.555,-2.3,0,-6.49238464272705,20.055145462817563,-9.616829717427066,22.295227209312145,0.6739173291828248,0.8993843910696223
234.767,45.17,-2.6,234.566,45.053,0.0,234.709,44.938,-1.9,0,-13.099168835931826,21.118886871083664,-15.743352466408176,22.232888952268997,0.8279075378519591,0.949377110284553
235.236,41.503,-4.6,235.036,41.366,-2.2,235.276,41.348,-4.6,0,6.919255105757022,11.818802895520845,9.764772774971448,17.281550774908226,0.7215780331078263,0.683856860413885
234.638,46.35,-3.6,234.736,46.461,-4.7,234.566,46.524,-3.5,0,-2.2751711813402276,28.039504781891296,-6.192838119450535,29.439960159622334,0.35994871487372204,0.9518991080099334
234.909,44.529,-3.8,235.123,44.617,-6.5,234.95999999999998,44.719,-4.4,0,-8.158098007103746,18.29131011772366,-10.78560766567935,21.078182580175508,0.7561505029268989,0.8675909741943469
233.786,48.221,-4.6,233.52100000000002,48.295,-2.7,233.588,48.137,-2.0,0,1.1680472933598731,31.24204085328666,2.9708857766603076,35.14146479355045,0.388431819111536,0.888735481420763
234.12900000000002,47.77,-4.4,234.024,47.926,-4.5,233.84199999999998,47.804,-2.3,0,0.04895804346965435,31.67823150670888,0.2162461154073405,34.16015742601224,0.19285883880789126,0.9272419987565919
234.813,43.303,-2.4,234.933,43.458,-4.2,234.756,43.43,-2.3,0,-1.063428801046008,20.9837846314599,-1.974790935871944,24.432996930591372,0.5340540814516754,0.8585954706203149
235.201,42.842,-6.5,234.921,42.84,-2.8,235.048,42.708,-4.3,0,2.05070226215813,9.076130948400804,6.801250935141184,11.685710440367927,0.3276218814145573,0.7832242631806755
233.50900000000001,48.004,0.0,233.725,47.955,-2.3,233.588,48.137,-2.0,0,-1.114903196274641,32.11176099984742,-3.2987157450254614,34.878231524501146,0.3410882574962639,0.9205231402474935
234.248,46.938,-2.1,234.061,46.813,0.0,234.32,46.758,-2.1,0,-0.7986404606402752,30.041618051762132,-5.201627284309357,30.880305123452814,0.16263958013898733,0.9726483987952834
234.628,44.53,0.0,234.909,44.529,-3.8,234.791,44.646,-2.2,0,-8.403638109680658,19.585530333051405,-10.354268566604475,21.307111998695206,0.8113500160168263,0.9191093336383112
233.95,47.654,-2.2,234.12900000000002,47.77,-4.4,233.84199999999998,47.804,-2.3,0,0.19885403396734466,31.929059314151495,1.1010530486329486,34.01515318476787,0.17514175050228933,0.9385908650289285
232.57999999999998,49.168,-4.2,232.411,49.299,-3.8,232.41500000000002,49.088,-2.1,0,2.2437619784531924,27.84792899270716,3.6377574845466145,37.819178341733895,0.6096401220311872,0.7348208168560822
234.839,44.265,-2.7,235.12,44.262,-6.5,234.936,44.401,-4.1,0,-6.768581202206258,18.732680570410484,-9.321897507675743,22.030514988315787,0.7256149852096995,0.8500595816927812
234.723,46.182,-4.0,234.535,46.06,-2.0,234.833,46.068,-4.7,0,-4.428773333419461,26.873471718434583,-7.930974487964065,28.24869254167968,0.5488244323207238,0.9507101657897316
234.12900000000002,47.77,-4.4,233.95,47.654,-2.2,234.225,47.622,-4.5,0,-0.5354458126045645,31.490961454589325,-4.01004537493494,33.56322497410068,0.13432750443490257,0.9381954616206148
234.061,46.813,0.0,234.125,46.639,0.0,234.32,46.758,-2.1,0,-1.2143157630955077,29.771655589807533,-6.226724733324531,30.513321694954968,0.20447426872246402,0.9754950096125893
234.93,43.644,-4.4,235.13299999999998,43.729,-6.5,234.924,43.814,-4.4,0,-5.448686414626839,17.952348237136235,-9.581911309338366,22.307120446339283,0.5674489897178119,0.8044229005978387
234.72,41.577,0.0,234.805,41.409,0.0,234.963,41.518,-2.0,0,10.673449905693719,10.226165777995243,14.12522219994409,13.826103497826466,0.7636538693265004,0.7405538039911856
234.791,44.646,-2.2,234.909,44.529,-3.8,234.95999999999998,44.719,-4.4,0,-8.627882740093973,18.8651069054765,-10.934149757473094,20.977416579427356,0.7888476575519123,0.8991777380077727
234.911,42.282,-2.2,234.862,42.16,-2.0,235.09300000000002,42.2,-4.3,0,0.9282848474719375,12.100918428377042,2.1952816541451057,16.17561948603384,0.5079845699263088,0.7515052225481141
234.909,44.529,-3.8,234.628,44.53,0.0,234.773,44.422,-2.0,0,-8.768125309162258,19.339810502336245,-10.863296315428897,21.107724961452462,0.8068388192009146,0.9161429423645354
234.628,44.35,0.0,234.635,44.171,0.0,234.839,44.265,-2.7,0,-7.52081523756656,20.12273460194653,-9.430768372623874,21.951076787707848,0.7969855269214376,0.9165999312561426
235.12,44.262,-6.5,234.839,44.265,-2.7,234.987,44.147,-5.0,0,-9.980725359812997,16.14500156844973,-14.181914384907998,19.30403569911458,0.7032843280167372,0.8360750550117428
234.52100000000002,43.652,0.0,234.519,43.473,0.0,234.736,43.555,-2.3,0,-7.070420803126564,19.983146141735194,-10.486928004447833,21.94448263993482,0.6730577424742964,0.910511839945583
235.314,42.136,-6.5,235.281,42.312,-6.5,235.09300000000002,42.2,-4.3,0,3.0321735475200007,9.169930246540046,7.686769319806558,13.973846240569344,0.4150704166549324,0.6623732661162658
234.588,43.302,0.0,234.663,43.131,0.0,234.813,43.303,-2.4,0,-0.27226409327910744,21.869350094432306,-0.4817005028905825,24.60842568887469,0.5490737930325692,0.8885409290533874
234.535,46.06,-2.0,234.348,45.937,0.0,234.588,45.868,-2.1,0,-6.366115648948446,26.589676293334552,-10.046235586900096,27.448602102337485,0.6274218024461754,0.9683460552428038
234.711,42.959,0.0,234.716,42.779,0.0,234.921,42.84,-2.8,0,2.8601801306138728,10.10307418150402,6.8812629334335895,11.848286509656589,0.4427492283523888,0.8566206930317556
234.535,43.831,0.0,234.74,43.733,-2.4,234.755,43.911,-2.5,0,-7.932154464420442,19.386072840221512,-11.03173717632447,21.495115952216466,0.7181026995017885,0.9017423241675081
235.189,41.661,-4.5,235.389,41.785,-6.5,235.166,41.851,-4.5,0,4.0929515413777136,10.522825977174678,6.972131659424775,16.654242222531906,0.6054604796514036,0.6337300625217643
234.93,43.644,-4.4,234.74,43.733,-2.4,234.736,43.555,-2.3,0,-6.025169668656332,19.382640749630113,-9.638358296460183,22.31497255246653,0.6239124014081558,0.86838418159828
234.537,45.231,0.0,234.566,45.053,0.0,234.767,45.17,-2.6,0,-9.652675894665382,23.86884898327737,-11.592342733023454,24.941573629152277,0.8270801341108551,0.9566056143548318
235.122,44.439,-6.5,235.123,44.617,-6.5,234.909,44.529,-3.8,0,-7.640522950300186,17.903078579828023,-10.49487112204929,21.311784264097568,0.7277317219134751,0.8397966795666049
234.699,41.93,0.0,234.708,41.752,0.0,234.914,41.826,-2.0,0,4.9580874961602674,12.627510659323079,7.434209833908795,16.716526696449108,0.6876394752663701,0.7571901186474521
234.563,44.873,0.0,234.588,44.699,0.0,234.78199999999998,44.79,-2.1,0,-10.285046934073577,22.550131710225454,-12.141172972177863,23.793578214665324,0.8426356323046336,0.9473103108855468
233.011,48.768,-3.0,233.209,48.92,-6.5,232.97899999999998,48.929,-4.8,0,7.650291109909758,26.22899050668007,13.38137368618273,34.473823867021906,0.5704286252188284,0.759641932087153
232.489,48.823,0.0,232.7,48.71,0.0,232.74200000000002,48.885,-2.5,0,9.309239432118671,27.96043295735229,14.892573997597147,34.12193472522473,0.6238471875913157,0.8182872054548312
233.52100000000002,48.295,-2.7,233.786,48.221,-4.6,233.685,48.379,-4.9,0,0.8974904226698206,30.69286466292605,2.201670049198862,35.2920076810668,0.4008763844009281,0.8693226538262614
234.916,41.672,-2.1,234.72,41.577,0.0,234.963,41.518,-2.0,0,8.973293833915085,10.930047532011193,12.283750597907073,14.898959023783874,0.7404241503504717,0.7347299051679639
234.477,46.235,-2.0,234.535,46.06,-2.0,234.723,46.182,-4.0,0,-3.6423042849773615,27.656648783178724,-6.844629173956356,28.762660350690958,0.5229843591992429,0.9610724952288349
235.126,44.795,-6.5,235.125,44.972,-6.5,234.911,44.883,-3.8,0,-10.950978761019616,19.374412731719442,-14.4301498856783,22.242299101050268,0.7530019301873162,0.8696075525303697
234.805,41.409,0.0,234.872,41.236,0.0,235.036,41.366,-2.2,0,9.816922168543766,11.720082730345943,12.744541023770054,16.016326593577162,0.7800784017943314,0.7318314012459591
234.813,43.303,-2.4,234.957,43.141,-3.6,235.003,43.296,-4.7,0,-1.7573330870338484,20.3264136085641,-3.885501079176848,24.37329733352557,0.4503559124112401,0.8336998925239004
234.477,46.235,-2.0,234.289,46.112,0.0,234.535,46.06,-2.0,0,-3.8862105506950027,27.941007040266395,-7.148004584964223,28.77856026895475,0.5369680987143083,0.9705488569062867
233.688,47.666,0.0,233.804,47.505,0.0,233.95,47.654,-2.2,0,-0.19141159296282656,32.43708636081351,-1.0967807284446636,33.94301424982372,0.17815420295708792,0.9555835619791543
234.498,45.408,0.0,234.537,45.231,0.0,234.73399999999998,45.343,-2.4,0,-8.290312970462033,24.95812395336441,-10.176974077177828,25.958443776014846,0.8079257593355121,0.9611083230202733
235.17700000000002,43.019,-6.5,235.159,43.196,-6.5,234.957,43.141,-3.6,0,-2.753458852295114,18.225471453062607,-8.075157596724452,23.475626888659946,0.34051118370022215,0.7760206618044279
233.50900000000001,48.004,0.0,233.589,47.833,0.0,233.725,47.955,-2.3,0,-2.2937568317988,31.72372885458082,-7.415660131831366,33.993530166891546,0.31034104434972254,0.9331248868061935
235.389,41.785,-6.5,235.35,41.961,-6.5,235.166,41.851,-4.5,0,4.408233628896028,9.393360780509074,8.265180047125767,15.450707643212127,0.5486367735579766,0.6110066746467613
234.125,46.639,0.0,234.36700000000002,46.584,-2.0,234.32,46.758,-2.1,0,-1.6154586278492677,29.285175285826064,-6.986933019133225,30.09033502137622,0.23729205410306603,0.973001788089342
234.535,43.831,0.0,234.52100000000002,43.652,0.0,234.74,43.733,-2.4,0,-8.583636073867119,19.244335151513493,-11.914400286775702,21.06291189133286,0.719494439172347,0.9135481745663095
233.918,47.343,0.0,233.957,47.165,0.0,234.162,47.276,-2.5,0,-1.4760086427093628,28.972689160089143,-14.228524218400903,29.933114997975338,0.1034291122060069,0.9679072193826633
234.399,45.761,0.0,234.451,45.585,0.0,234.643,45.671,-2.1,0,-6.158750904536122,26.582116648142385,-8.277798734770425,27.437682280907737,0.7356050879826245,0.9684912032384927
234.125,46.639,0.0,234.17700000000002,46.463,0.0,234.36700000000002,46.584,-2.0,0,-2.324582167205666,28.901522979044685,-8.20674312553988,29.609763944429154,0.28914048225112116,0.9758484961935916
233.997,46.987,0.0,234.061,46.813,0.0,234.248,46.938,-2.1,0,-0.8151343008154905,30.174582214434228,-6.209102382313873,30.954842423991842,0.14424742109371366,0.9746381242668207
235.423,41.609,-6.5,235.389,41.785,-6.5,235.189,41.661,-4.5,0,4.686665002388411,10.068357136182412,7.9025317255197365,16.560681949552617,0.6082153944861136,0.6093616668504844
234.289,46.112,0.0,234.348,45.937,0.0,234.535,46.06,-2.0,0,-4.275805863081243,27.8503892481047,-7.162927669003054,28.607907568815325,0.5897937339805773,0.9732121406784707
234.23000000000002,46.287,0.0,234.289,46.112,0.0,234.477,46.235,-2.0,0,-3.555253179560809,28.314725926318946,-7.141783563551943,29.039006902073517,0.4939807629814984,0.9747683081070753
232.918,48.602,0.0,233.183,48.63,-2.8,233.011,48.768,-3.0,0,6.193109923387084,28.997590915134566,10.739015003337808,35.09983659441225,0.5750012949354882,0.8252824478197296
235.13299999999998,42.007,-4.5,235.314,42.136,-6.5,235.09300000000002,42.2,-4.3,0,3.0857729916710817,9.991296339309393,6.784525411108916,15.025471012834714,0.4780500954059093,0.6697662765582588
234.951,41.067,0.0,235.184,41.056,-3.3,235.05200000000002,41.214,-2.0,0,8.038418380923984,13.235830943392273,10.600351094672646,18.643096305421807,0.7731447568033599,0.7093744674115953
234.519,43.473,0.0,234.588,43.302,0.0,234.756,43.43,-2.3,0,-0.7753924655915493,22.074079235144563,-1.2408747645078932,24.445312548894336,0.6176954999643719,0.9028618655912565
232.918,48.602,0.0,233.089,48.464,0.0,233.183,48.63,-2.8,0,4.797399927698722,30.135106457235885,8.49595184953483,35.47505840454163,0.5625411489172906,0.8487700146121591
232.309,48.956,0.0,232.489,48.823,0.0,232.57299999999998,48.99,-2.5,0,6.261141435573058,29.209140519538003,9.817074667122462,36.29883787438017,0.6354497643821302,0.8034474619252181
232.848,49.185,-6.5,232.678,49.324,-6.5,232.57999999999998,49.168,-4.2,0,5.140748446285182,25.379554508511017,8.893367320971263,36.796436443815836,0.5757992616378766,0.6880855136863827
232.678,49.324,-6.5,232.50900000000001,49.463,-6.5,232.411,49.299,-3.8,0,5.006395450521547,25.035118999409764,8.78300505011574,37.29354802331126,0.5677245039157789,0.6694701502322808
235.35,41.961,-6.5,235.314,42.136,-6.5,235.13299999999998,42.007,-4.5,0,3.734760549893809,9.218222957215145,7.985603865158623,14.730712721594301,0.48533533372402543,0.6304317637221679
235.14600000000002,43.373,-6.5,235.14,43.551,-6.5,234.933,43.458,-4.2,0,-4.297290567882165,17.490144319090685,-9.63240094381726,22.526936778497216,0.44496429637018375,0.7760121364824644
234.708,41.752,0.0,234.916,41.672,-2.1,234.914,41.826,-2.0,0,3.644312687206988,13.155456952371186,5.406285244761193,17.806080375932254,0.7014566923609102,0.7400081995514782
234.893,46.74,-6.5,234.832,46.913,-6.5,234.64600000000002,46.791,-4.8,0,-0.9680886697014385,28.08949760666502,-5.352343011220491,30.251538723995424,0.17324283689131692,0.9281112889168341
234.971,46.389,-6.5,234.94299999999998,46.566,-6.5,234.736,46.461,-4.7,0,-3.7600482731911087,25.70368397465693,-10.672024181841046,27.947856598865183,0.3477694309803421,0.9188618628487629
235.125,44.972,-6.5,235.113,45.15,-6.5,234.90300000000002,45.053,-4.2,0,-9.903191835490903,20.722870729613824,-13.025766828426725,23.48143156699999,0.753312030939152,0.881269742752666
234.688,47.254,-6.5,234.594,47.42,-6.5,234.43099999999998,47.282,-4.8,0,-0.07220506567489524,29.873559006928655,0.22148069131169912,31.975690478080523,0.040852480062779806,0.9342127801539023
234.49200000000002,47.584,-6.5,234.389,47.747,-6.5,234.225,47.622,-4.5,0,-0.16582176277675986,30.851327886905075,-2.149937707440948,33.41196850192737,0.07792506012827859,0.9232781482076567
234.389,47.747,-6.5,234.287,47.911,-6.5,234.12900000000002,47.77,-4.4,0,-0.2960362741746139,30.795347119617883,-2.3722967199654406,33.78267222754309,0.12690402088544825,0.9114655975607565
234.287,47.911,-6.5,234.173,48.072,-6.5,234.024,47.926,-4.5,0,-0.05419915467227409,30.647237496199196,-0.33091740729989993,34.24011822756647,0.19098907435174,0.8949096981638445
234.769,47.085,-6.5,234.688,47.254,-6.5,234.514,47.122,-4.8,0,-0.1775154608611624,29.42568415231971,-1.9660074998531059,31.491827739804286,0.06096563505524624,0.9342860877143105
234.594,47.42,-6.5,234.49200000000002,47.584,-6.5,234.334,47.443,-4.7,0,-0.11369128065194402,30.69505353411917,-2.408058511790234,32.96686034892485,0.046633963008713905,0.9310161135260484
234.04500000000002,48.227,-6.5,233.902,48.378,-6.5,233.786,48.221,-4.6,0,1.5511929919674203,29.598191260294538,4.588758894035838,34.71476029393684,0.334724880058794,0.8522490869999467
232.57999999999998,49.168,-4.2,232.678,49.324,-6.5,232.411,49.299,-3.8,0,2.541831658381673,26.495451937501734,4.2912814056521515,37.83521653654484,0.5866947018382865,0.698650962280817
234.389,47.747,-6.5,234.12900000000002,47.77,-4.4,234.225,47.622,-4.5,0,-0.42143911550863533,31.000210121432545,-3.8227332963382636,33.48724540832766,0.11105501050414239,0.925652980287583
234.708,41.752,0.0,234.72,41.577,0.0,234.916,41.672,-2.1,0,5.550674475965101,13.038394413874652,7.762345630410948,17.429274869263566,0.7334316846068831,0.7490309063787892
234.893,46.74,-6.5,234.64600000000002,46.791,-4.8,234.70600000000002,46.618,-4.8,0,-1.2662312981849577,28.11035579897921,-5.668658554028848,30.019268144073727,0.21659339570285152,0.9359265282685506
234.769,47.085,-6.5,234.514,47.122,-4.8,234.595,46.953,-4.9,0,-0.38722332936206333,29.250661935706,-4.314747465138286,31.06207464523388,0.08462612454350993,0.9415121203700546
235.1,45.327,-6.5,235.086,45.504,-6.5,234.878,45.435,-4.1,0,-9.325147563743696,22.062880258739593,-12.734938586325956,24.534991710805606,0.7244107993479373,0.8981285239102811
233.739,48.518,-6.5,233.56799999999998,48.656,-6.5,233.488,48.49,-4.2,0,4.245535741383747,27.904525445679035,9.208432969825372,34.674616876015634,0.4591858937844183,0.8040657872797927
235.405,41.082,-6.5,235.44799999999998,41.256,-6.5,235.248,41.188,-4.2,0,-0.5006309516332436,13.832190364151312,-0.47030845814813915,20.85150575297996,0.6980861033987226,0.6619346545051694
235.04399999999998,45.859,-6.5,235.02100000000002,46.036,-6.5,234.82,45.899,-4.3,0,-6.990800153797053,24.063783482831965,-11.451644319244092,26.36479060724497,0.6017452815195794,0.9116482493549971
235.065,45.682,-6.5,235.04399999999998,45.859,-6.5,234.837,45.75,-4.2,0,-7.7989010445426254,23.50031561582577,-11.750387961265595,25.83488789167551,0.6549467180079546,0.9085593305369359
235.086,45.504,-6.5,235.065,45.682,-6.5,234.858,45.586,-4.2,0,-8.297992309943359,22.992555213958468,-11.774489539741214,25.40651983474775,0.6960476379220362,0.9039083009292723
234.36700000000002,46.584,-2.0,234.17700000000002,46.463,0.0,234.422,46.406,-2.0,0,-2.5445790376986297,28.695440981612066,-7.699805766467566,29.485293279909808,0.3325455078065781,0.9729298837280947
234.17700000000002,46.463,0.0,234.23000000000002,46.287,0.0,234.422,46.406,-2.0,0,-3.142020957754629,28.5130040549922,-8.07125425879028,29.217277432180925,0.39052874960171,0.9756318030401588
235.451,41.433,-6.5,235.423,41.609,-6.5,235.236,41.503,-4.6,0,4.6429879706319435,10.939064091849271,7.359145508766829,17.668042948987534,0.6476303271150335,0.6193792158658827
234.334,47.443,-4.7,234.49200000000002,47.584,-6.5,234.225,47.622,-4.5,0,-0.4368533646881033,30.549676031703846,-6.392480693301437,32.672599781983656,0.06828734940794222,0.9349641815362939
234.858,45.586,-4.2,235.065,45.682,-6.5,234.837,45.75,-4.2,0,-8.159184160744092,23.730603252496337,-11.665912335157962,25.730393982171066,0.6909296568526762,0.9213762856367829
235.405,41.082,-6.5,235.248,41.188,-4.2,235.184,41.056,-3.3,0,3.0953084896186223,14.170144532967846,4.515159411476105,20.80085260886858,0.7251632721356327,0.6800685268073632
234.399,45.761,0.0,234.643,45.671,-2.1,234.588,45.868,-2.1,0,-6.060863553932948,26.572741233673163,-8.534087962461687,27.510786368236126,0.7016052490333495,0.9655242322791073
234.575,44.008,0.0,234.535,43.831,0.0,234.755,43.911,-2.5,0,-11.171608115238998,17.40060012332406,-14.778344740727547,19.011277577309585,0.7552623878054526,0.9151704952391444
234.80700000000002,42.44,0.0,234.709,42.284,0.0,234.911,42.282,-2.2,0,-1.3466441627870855,12.666058198069248,-2.262783856862967,15.850815500788237,0.5102588127623419,0.8012484278132797
235.35,41.961,-6.5,235.13299999999998,42.007,-4.5,235.166,41.851,-4.5,0,4.399958381350292,9.681216955725034,8.33403766346106,15.115655015872079,0.5443170394763822,0.6441302878335253
234.725,42.6,0.0,234.80700000000002,42.44,0.0,234.951,42.568,-2.7,0,5.189576755476663,7.49543323137578,11.868585804152843,9.213319467609182,0.45079280533732025,0.8206513542248779
234.498,45.408,0.0,234.73399999999998,45.343,-2.4,234.674,45.523,-2.1,0,-8.798504745773743,24.661116767738022,-11.099020900120589,25.73455512980767,0.7860241446543915,0.9578730919152924
234.23000000000002,46.287,0.0,234.477,46.235,-2.0,234.422,46.406,-2.0,0,-3.244682065586398,28.337278706228396,-7.384759536123806,29.14055654435579,0.43668312105196144,0.9721157270892153
235.04399999999998,45.859,-6.5,234.82,45.899,-4.3,234.837,45.75,-4.2,0,-6.742870224235144,24.69340927324797,-10.314764054965487,26.685257796281398,0.6442093456380767,0.9244568773836247
234.839,44.265,-2.7,234.635,44.171,0.0,234.787,44.08,-2.7,0,-12.100098404520368,16.29168868093975,-15.72212761677622,18.085687800069422,0.7691605866932193,0.9006700302277934
234.858,45.586,-4.2,234.643,45.671,-2.1,234.674,45.523,-2.1,0,-7.497531083913292,25.129148395193535,-10.037877240533561,26.446236588615513,0.7385108301528137,0.9496556705130357
234.643,45.671,-2.1,234.858,45.586,-4.2,234.837,45.75,-4.2,0,-8.598147260167677,24.289845884712307,-11.952678717362101,25.73280984732041,0.7118249080410634,0.9432839071045065
234.588,43.302,0.0,234.813,43.303,-2.4,234.756,43.43,-2.3,0,-1.0560457580242035,21.644527323481395,-1.8532620321700577,24.469564969476195,0.5650938375029715,0.8843782549470358
235.423,41.609,-6.5,235.189,41.661,-4.5,235.236,41.503,-4.6,0,5.572877955972491,10.634363464172662,8.712721990950087,16.71478100892537,0.6533891316271201,0.6370212300037106
235.048,42.708,-4.3,234.951,42.568,-2.7,235.112,42.551,-4.7,0,2.742246243649331,9.076991382512162,8.2138695296739,11.819880893337512,0.35603356567388117,0.7748740603631633
235.09300000000002,42.2,-4.3,235.281,42.312,-6.5,235.09699999999998,42.386,-4.2,0,1.554305703659533,10.472676278505045,4.271239366555392,15.084296879599577,0.40575602989971604,0.6996402224017478
234.348,45.937,0.0,234.399,45.761,0.0,234.588,45.868,-2.1,0,-5.710175927809307,27.04791283830107,-8.400676654418739,27.840916669911657,0.6721018688344983,0.9711996216450834
233.957,47.165,0.0,233.997,46.987,0.0,234.215,47.089,-2.3,0,-0.9903483195537233,29.447850530188635,-10.19846633074189,30.284797276287016,0.11168239449185961,0.9722517662140528
233.209,48.92,-6.5,233.011,48.768,-3.0,233.2,48.754,-4.4,0,6.668126034295093,26.892803146730145,11.859603285561539,34.84862298505038,0.5607712926024757,0.7706194007278414
234.911,42.282,-2.2,234.709,42.284,0.0,234.862,42.16,-2.0,0,1.173216218328963,12.66706411923963,2.55649858512416,16.183280163761538,0.5356218053766022,0.7857128903300284
235.13299999999998,43.729,-6.5,235.128,43.906,-6.5,234.924,43.814,-4.4,0,-5.506676034532249,17.221627460280775,-9.758915745383064,22.17541906084007,0.5631555884074725,0.7761839552740546
233.24200000000002,48.316,0.0,233.376,48.16,0.0,233.52100000000002,48.295,-2.7,0,0.9378347956165299,31.844120384852452,2.0424819874972338,35.55116513810819,0.45207734288045165,0.895399076665303
235.086,45.504,-6.5,234.858,45.586,-4.2,234.878,45.435,-4.1,0,-7.382776623962113,23.894719280112604,-10.04363064639476,26.03627736544498,0.7255051660940692,0.9168552968739349
234.594,47.42,-6.5,234.334,47.443,-4.7,234.43099999999998,47.282,-4.8,0,-0.24739777155477718,30.541108632997812,-5.145430787091563,32.47682142998489,0.04754834462584031,0.9403406945508727
234.643,45.671,-2.1,234.451,45.585,0.0,234.674,45.523,-2.1,0,-7.8297485234281385,25.47720318131044,-10.31169456189778,26.466830127512658,0.7519965459169001,0.9622178923339879
235.125,44.972,-6.5,234.90300000000002,45.053,-4.2,234.911,44.883,-3.8,0,-6.89190824543998,22.66694487551024,-8.802258935530016,25.289207432855182,0.7735971127815358,0.895380763008772
234.94299999999998,46.566,-6.5,234.893,46.74,-6.5,234.70600000000002,46.618,-4.8,0,-1.8841317479890425,27.188955097152913,-7.131204362012745,29.455813951642433,0.2577597985284654,0.9223973633081013
234.997,46.213,-6.5,234.723,46.182,-4.0,234.833,46.068,-4.7,0,-4.146076581787914,26.261830028955995,-7.872923116999225,28.22489661220188,0.5157378167039125,0.9295840651846271
234.73399999999998,45.343,-2.4,234.537,45.231,0.0,234.767,45.17,-2.6,0,-10.736435316731361,23.133544120359637,-13.181776284146345,24.28058858532903,0.8090301629723536,0.9522927928379705
235.14,43.551,-6.5,235.13299999999998,43.729,-6.5,234.93,43.644,-4.4,0,-4.818813349072799,17.351043718600028,-9.51036691347393,22.42229339692429,0.5054402335181658,0.7734062708834109
235.184,41.056,-3.3,235.248,41.188,-4.2,235.05200000000002,41.214,-2.0,0,5.47619744168546,13.814246764643753,7.491343621996776,19.736226369925305,0.752699511377636,0.6991121063477094
234.12900000000002,47.77,-4.4,234.287,47.911,-6.5,234.024,47.926,-4.5,0,0.09574124135447223,31.105532917550974,0.5255691710426742,34.078512786935995,0.1681868217776222,0.9126389585467531
233.997,46.987,0.0,234.248,46.938,-2.1,234.215,47.089,-2.3,0,-0.6348577253284073,30.232406973386606,-6.092902532006434,31.123793006716735,0.11631017034637504,0.9712160310850019
234.911,44.883,-3.8,234.90300000000002,45.053,-4.2,234.709,44.938,-1.9,0,-6.913975278269646,23.580052964916153,-8.495000567476477,25.491477703257644,0.805411336333677,0.9243854330002824
234.514,47.122,-4.8,234.688,47.254,-6.5,234.43099999999998,47.282,-4.8,0,-0.11498020556342615,29.93362403331428,-1.1100560030818958,31.766383069523876,0.05305469113593442,0.9422175462562061
234.162,47.276,-2.5,233.957,47.165,0.0,234.215,47.089,-2.3,0,-0.4364531629838176,30.674421146577323,-5.368130890403769,31.689523500155573,0.09400303925876159,0.9678594229839156
235.058,40.907,0.0,235.312,40.919,-6.5,235.184,41.056,-3.3,0,3.953836362132146,14.808547693742621,5.588480370858207,21.739997325118793,0.7443193717616453,0.6799060454667522
233.089,48.464,0.0,233.24200000000002,48.316,0.0,233.265,48.528,-2.5,0,2.7903546939874557,31.107557125451617,5.304103617119711,35.74451365267758,0.5228915705866339,0.8697556246396686
234.832,46.913,-6.5,234.769,47.085,-6.5,234.595,46.953,-4.9,0,-0.5596953708963586,28.637344428159526,-4.95876392836097,30.726432466711934,0.10671228274987872,0.9317756612981267
235.239,40.568,-6.5,235.01600000000002,40.553,0.0,235.122,40.45,-3.7,0,0.3038167232730392,12.768580662575559,0.9351404714447824,24.904786324769475,0.6790971606508448,0.5098985172666214
234.924,43.814,-4.4,235.128,43.906,-6.5,234.933,43.993,-4.4,0,-7.098916507498095,17.210395258249548,-11.437048461268049,21.270777119950438,0.6197863450312832,0.8087622761879916
233.688,47.666,0.0,233.95,47.654,-2.2,233.84199999999998,47.804,-2.3,0,0.14360771649100523,32.34350363249246,0.6930607241502287,34.128462226299014,0.19857814630647186,0.9476283560257851
234.511,46.679,-3.5,234.64600000000002,46.791,-4.8,234.44,46.87,-3.4,0,-1.289417578055458,28.727788054315052,-7.215529811215333,30.01918349976776,0.18067368142971876,0.9566697235930497
234.951,41.067,0.0,235.058,40.907,0.0,235.184,41.056,-3.3,0,12.486264963521926,10.196213636807869,16.342365356217577,14.596087933928771,0.7724082987789134,0.6989788076403233
234.699,41.93,0.0,234.914,41.826,-2.0,234.923,42.001,-2.4,0,5.725164896794996,11.432613091828463,9.07840668901676,15.32894159464206,0.6475366612110909,0.7485362019537826
234.839,44.265,-2.7,234.787,44.08,-2.7,234.987,44.147,-5.0,0,-11.531577464873648,15.682608026663992,-15.758484028110473,18.037240330141117,0.731280495904422,0.8692549197538085
233.804,47.505,0.0,234.047,47.495,-2.2,233.95,47.654,-2.2,0,-0.5031848754754399,32.08047978395563,-3.538262316200946,33.562658831119634,0.14276184652874166,0.9557984494384462
232.848,49.185,-6.5,232.57999999999998,49.168,-4.2,232.813,49.027,-4.7,0,5.056167226905071,26.28332116393243,8.561418909125445,36.65550621681679,0.5881793878171735,0.7155319927012143
234.74,43.733,-2.4,234.93,43.644,-4.4,234.924,43.814,-4.4,0,-5.974894144044038,18.999035189593453,-9.544344079436684,22.302564916056426,0.6248456657576017,0.8516258273589428
235.201,42.842,-6.5,235.17700000000002,43.019,-6.5,235.013,42.979,-4.2,0,1.900512083159573,8.12239429803184,6.8308304506253705,10.742020319913934,0.30057422829072156,0.7633008535872062
234.575,44.008,0.0,234.755,43.911,-2.5,234.787,44.08,-2.7,0,-9.279784931491218,18.629928685184698,-12.367559589379738,20.64364121691098,0.7496444691210699,0.9023152112692955
234.32,46.758,-2.1,234.511,46.679,-3.5,234.44,46.87,-3.4,0,-1.3139482007304661,29.022924103855534,-7.28043566278339,30.094812486114655,0.18485532117394324,0.9641128287444296
234.933,43.458,-4.2,235.14,43.551,-6.5,234.93,43.644,-4.4,0,-3.930548837401416,18.62427582346517,-7.710522174055043,23.171389869380903,0.5083112130869675,0.8034065282852936
235.226,42.665,-6.5,235.048,42.708,-4.3,235.112,42.551,-4.7,0,2.3077064664921463,8.64984419035188,7.922022634145861,11.685143573600328,0.31331802853197943,0.7480086299386915
233.589,47.833,0.0,233.688,47.666,0.0,233.84199999999998,47.804,-2.3,0,-0.9827839758844824,32.283247002478404,-4.107920557357399,34.113164279219596,0.24071715566331886,0.9462866339672061
232.57999999999998,49.168,-4.2,232.57299999999998,48.99,-2.5,232.813,49.027,-4.7,0,4.965917579350535,27.53914107715336,8.125977769442605,36.71305960719509,0.6084251752898473,0.7487065085674156
234.024,47.926,-4.5,233.725,47.955,-2.3,233.84199999999998,47.804,-2.3,0,0.14229433749014908,31.87606286835987,0.5536779933692735,34.39200095084248,0.2411041605517517,0.9267252856346082
234.451,45.585,0.0,234.498,45.408,0.0,234.674,45.523,-2.1,0,-7.108754745559946,25.881369030218476,-9.05098095798962,26.796715287679522,0.7777091781570165,0.965506242464689
234.957,43.141,-3.6,235.159,43.196,-6.5,235.003,43.296,-4.7,0,-2.0082325870904585,19.288643686841546,-5.155448461079217,24.21247755551589,0.3883028696474312,0.7963106299172344
235.14600000000002,43.373,-6.5,234.933,43.458,-4.2,235.003,43.296,-4.7,0,-2.9262717872343313,18.876303403947453,-6.623412062910802,23.668253049461256,0.4403696825424748,0.7971849434128663
232.489,48.823,0.0,232.74200000000002,48.885,-2.5,232.57299999999998,48.99,-2.5,0,8.039164328693055,28.11286256957113,12.810871702518906,35.145021561170864,0.6259742762997182,0.7986629776586661
235.128,43.906,-6.5,235.124,44.084,-6.5,234.933,43.993,-4.4,0,-6.085094116005021,17.233512971603034,-9.889402193755444,21.990369966444305,0.6144259466678142,0.7832755752592869
234.64600000000002,46.791,-4.8,234.832,46.913,-6.5,234.595,46.953,-4.9,0,-0.6285297574082033,28.818395091754525,-4.221436600651927,30.66642315477749,0.14040846511193544,0.9394265218564786
234.024,47.926,-4.5,234.173,48.072,-6.5,233.893,48.09,-4.5,0,0.37373219039073746,30.839174921976962,1.514480564733054,34.433338320171984,0.23957601122526456,0.8954348186851228
235.12,44.262,-6.5,235.122,44.439,-6.5,234.936,44.401,-4.1,0,-7.438542479975923,17.523899324117416,-10.61876599257846,21.38712339242248,0.7000939828635007,0.8190528546351002
234.04500000000002,48.227,-6.5,233.786,48.221,-4.6,233.893,48.09,-4.5,0,1.2593081415778635,30.322171227516712,3.9975184776175507,34.61692696121965,0.3115476009421073,0.8756514802686507
233.725,47.955,-2.3,233.589,47.833,0.0,233.84199999999998,47.804,-2.3,0,0.08178345703158761,32.36986705104597,0.2756603335610439,34.55957032373165,0.26539282322916186,0.9365313561027268
233.725,47.955,-2.3,234.024,47.926,-4.5,233.893,48.09,-4.5,0,0.33360494742968155,31.517459012699366,1.220080653247539,34.530614001594614,0.2648587062270327,0.9125795169694425
234.933,43.458,-4.2,234.93,43.644,-4.4,234.736,43.555,-2.3,0,-4.340268197274847,19.692371348885185,-7.606331182504391,23.170377606195032,0.5691369045886081,0.849642895202229
234.635,44.171,0.0,234.575,44.008,0.0,234.787,44.08,-2.7,0,-13.287328381480311,15.399416636786723,-17.07777403530075,16.84125903991975,0.7775519697860162,0.9142803118803733
234.588,44.699,0.0,234.628,44.53,0.0,234.791,44.646,-2.2,0,-8.41686836239883,22.94641527870634,-10.012063071936463,24.430022897611316,0.8356190262402348,0.9388422915385766
233.52100000000002,48.295,-2.7,233.376,48.16,0.0,233.588,48.137,-2.0,0,0.8247644621786865,31.82495458918116,1.9633269507006732,35.34096049327804,0.4131264245720571,0.9002307581987058
234.736,46.461,-4.7,234.94299999999998,46.566,-6.5,234.70600000000002,46.618,-4.8,0,-2.377134050190589,27.21394894384833,-7.644283090600531,29.17003839191946,0.30502326235346544,0.9322847146823692
235.02100000000002,46.036,-6.5,234.997,46.213,-6.5,234.833,46.068,-4.7,0,-6.076456022263788,24.50494983958621,-11.271146623019913,26.84609058417413,0.5310141787336401,0.9117097638040202
234.422,46.406,-2.0,234.477,46.235,-2.0,234.638,46.35,-3.6,0,-3.058125015079443,28.08478815852492,-7.100144514700688,29.112998250560253,0.4254831462321532,0.9642651886826771
235.166,41.851,-4.5,234.914,41.826,-2.0,235.058,41.755,-3.4,0,3.8453667062900436,11.77118982423346,6.208532576036703,16.97442813129291,0.6423090294110028,0.6953705196655988
234.971,46.389,-6.5,234.736,46.461,-4.7,234.826,46.311,-5.1,0,-3.004114413132226,26.76205942838583,-7.453155294824992,28.840069302899764,0.3939086360263926,0.9271298906996863
234.878,45.435,-4.1,234.858,45.586,-4.2,234.674,45.523,-2.1,0,-7.778155081444077,24.53334533380047,-10.29789057418268,26.08968281879894,0.7467989668772237,0.9397053876841039
234.921,42.84,-2.8,234.716,42.779,0.0,234.869,42.696,-2.0,0,2.7479723395489435,10.124289067332791,7.001100158813301,12.117322776790218,0.4201047870322163,0.8400630397276976
233.739,48.518,-6.5,233.488,48.49,-4.2,233.685,48.379,-4.9,0,2.4606723067588288,29.202420193937378,5.570913846105178,35.21249497956174,0.43869891530822,0.8287733058241247
234.173,48.072,-6.5,234.04500000000002,48.227,-6.5,233.893,48.09,-4.5,0,0.6035835073000071,30.242140550645896,2.226085346798037,34.57049560402099,0.2654203786838566,0.8745505317419188
234.73399999999998,45.343,-2.4,234.878,45.435,-4.1,234.674,45.523,-2.1,0,-8.439251822634944,24.30588690944928,-10.86835444005133,25.71545617061852,0.7688720472862557,0.9446158052953959
235.312,40.919,-6.5,235.405,41.082,-6.5,235.184,41.056,-3.3,0,-4.698027704316571,14.052798629707562,-6.283562282330223,20.85207680888862,0.7167931479923315,0.6715644960359636
234.805,41.409,0.0,235.036,41.366,-2.2,234.963,41.518,-2.0,0,9.006340677001893,11.62752016674013,11.9756151150752,16.00384288774336,0.7623175463606914,0.7268508329841729
235.036,41.366,-2.2,234.872,41.236,0.0,235.05200000000002,41.214,-2.0,0,7.589797012547425,13.121855225315917,9.962665663488423,18.15677888169276,0.7758799235784264,0.7223209294111491
234.911,42.282,-2.2,235.09300000000002,42.2,-4.3,235.09699999999998,42.386,-4.2,0,1.9145998895159546,11.142405581811168,4.638410445198502,15.17774833607271,0.45326680318247853,0.7388122426241946
234.723,46.182,-4.0,234.997,46.213,-6.5,234.826,46.311,-5.1,0,-5.29324814742938,25.41520543653583,-10.99200071845424,27.338299891874897,0.4749115457571805,0.9287948684466399
233.488,48.49,-4.2,233.52100000000002,48.295,-2.7,233.685,48.379,-4.9,0,2.6998371795743417,30.056192652211887,6.064321340322267,35.0987714780588,0.44254438921336753,0.8558594817033162
234.709,42.284,0.0,234.66899999999998,42.108,0.0,234.862,42.16,-2.0,0,1.60865036230793,13.055677603306773,3.1229031829313953,16.47565268177877,0.5771373172810901,0.7950092381765297
234.78199999999998,44.79,-2.1,234.588,44.699,0.0,234.791,44.646,-2.2,0,-12.7162638532836,20.236690033328696,-15.267880986508523,21.629743559727107,0.8292261617690087,0.934941917597346
233.804,47.505,0.0,233.918,47.343,0.0,234.047,47.495,-2.2,0,-0.19322081617770973,32.2936812601276,-1.498143622805701,33.561629017639,0.12939334016221862,0.9621870812502575
235.44799999999998,41.256,-6.5,235.451,41.433,-6.5,235.276,41.348,-4.6,0,2.6207201316988975,12.498500918303986,4.09730421093343,19.54361884532136,0.6745930753665063,0.6388387638464945
234.755,43.911,-2.5,234.924,43.814,-4.4,234.933,43.993,-4.4,0,-7.668932032505641,18.18312497290167,-11.400436063894944,21.26747073696066,0.6718152467106238,0.8547307940775294
234.767,45.17,-2.6,234.90300000000002,45.053,-4.2,234.92700000000002,45.258,-4.5,0,-11.74503028568689,21.211370683110122,-14.786331268500025,22.895433771570634,0.7888207329305528,0.9256386617433814
234.755,43.911,-2.5,234.74,43.733,-2.4,234.924,43.814,-4.4,0,-7.428675717955523,18.74870886130267,-11.02438454907923,21.523666824134864,0.6728725745452332,0.8708675247513915
233.786,48.221,-4.6,233.902,48.378,-6.5,233.685,48.379,-4.9,0,1.3391014993939607,29.843847822294546,3.515874523129414,35.04254930502905,0.37645824311379694,0.8512502453293703
235.248,41.188,-4.2,235.44799999999998,41.256,-6.5,235.276,41.348,-4.6,0,3.7701619581107324,13.094934296164508,5.562455193683405,19.653823319818798,0.7050083325173927,0.6654901321188812
235.451,41.433,-6.5,235.236,41.503,-4.6,235.276,41.348,-4.6,0,6.195480312149955,11.17847855162947,9.266391348894075,17.275711171003593,0.6819356059959575,0.647054129794545
235.281,42.312,-6.5,235.253,42.489,-6.5,235.09699999999998,42.386,-4.2,0,2.34316609383422,9.129744951821746,7.2147316435896585,13.333984746537169,0.3485291135155706,0.6918822293300032
235.048,42.708,-4.3,234.921,42.84,-2.8,234.869,42.696,-2.0,0,2.3958287517014165,9.752097877318228,6.878421462994339,12.090762738679132,0.3759106571630288,0.8120772433286229
234.563,44.873,0.0,234.78199999999998,44.79,-2.1,234.709,44.938,-1.9,0,-5.652370650499959,24.6067930847202,-6.6954617736490825,26.035737038765518,0.8355458480899537,0.9447399798018624
235.226,42.665,-6.5,235.201,42.842,-6.5,235.048,42.708,-4.3,0,1.8298225332111202,8.645939920023242,6.9372434009481765,11.733494461593068,0.288543247960285,0.7445631291994789
234.78199999999998,44.79,-2.1,234.911,44.883,-3.8,234.709,44.938,-1.9,0,-5.49221640132153,24.065102627986562,-6.656608662835215,25.90918642775184,0.8152002833862599,0.9282993231790749
234.595,46.953,-4.9,234.514,47.122,-4.8,234.377,46.998,-3.3,0,-0.4083422882125205,29.69568715087369,-4.332576460165118,31.132754276349893,0.09364255210931774,0.9536609025735852
234.248,46.938,-2.1,234.32,46.758,-2.1,234.44,46.87,-3.4,0,-0.7203083411464729,29.818750348781162,-4.939107435353563,30.82426131344126,0.15093841666370741,0.9671612789308984
234.951,42.568,-2.7,235.048,42.708,-4.3,234.869,42.696,-2.0,0,3.0378568570896203,9.165703751358219,8.466196384054655,11.517042880231912,0.3805804452354574,0.8021574636343276
234.477,46.235,-2.0,234.723,46.182,-4.0,234.638,46.35,-3.6,0,-4.481965519483512,26.990057605938468,-9.450023116934915,28.178113755296213,0.46899009993781987,0.9573279536229661
232.309,48.956,0.0,232.57299999999998,48.99,-2.5,232.41500000000002,49.088,-2.1,0,4.160053423804996,29.20745374539543,6.541495508275247,37.17177690641688,0.632113382383504,0.7844250808355261
233.39100000000002,48.789,-6.5,233.209,48.92,-6.5,233.2,48.754,-4.4,0,5.996057225902625,26.330024550861413,11.139140681846213,34.98878319254469,0.5367231467243395,0.7514533380194125
233.025,49.051,-6.5,232.848,49.185,-6.5,232.813,49.027,-4.7,0,5.903684261087311,25.47377816375285,10.27141401497801,35.98632857552635,0.5729541482465034,0.7064112487342881
232.74200000000002,48.885,-2.5,232.97899999999998,48.929,-4.8,232.813,49.027,-4.7,0,7.601732509923648,26.75059184716602,12.687678105879833,35.05303596202832,0.5977005830702885,0.7618374871414024
234.628,44.35,0.0,234.839,44.265,-2.7,234.773,44.422,-2.0,0,-6.753466676892118,20.34189969315293,-8.471697924133665,22.295480091863183,0.7967408406729729,0.9122636263562126
232.173,49.109,0.0,232.309,48.956,0.0,232.41500000000002,49.088,-2.1,0,1.373165655815723,29.80708508920768,2.1110979550492948,37.891488407908895,0.6365650872369324,0.7853345565655496
235.126,44.795,-6.5,234.911,44.883,-3.8,234.95999999999998,44.719,-4.4,0,-11.183151756909137,19.46356475648038,-14.481553681284883,22.069164196210398,0.7668377884420527,0.8806133580383525
233.56799999999998,48.656,-6.5,233.39100000000002,48.789,-6.5,233.37099999999998,48.628,-4.5,0,5.253364215743153,27.008678165173308,10.430134838260324,34.772272261462284,0.5020121491187508,0.775851426661791
234.32,46.758,-2.1,234.36700000000002,46.584,-2.0,234.511,46.679,-3.5,0,-1.5058222368571947,29.08325846838519,-6.636498830319255,30.06805283005668,0.22982850532948618,0.966957445343274
234.736,46.461,-4.7,234.638,46.35,-3.6,234.826,46.311,-5.1,0,-3.102645312031205,27.263367186491546,-7.585377580143952,28.882096757607748,0.4014644944143952,0.94330305882562
234.716,42.779,0.0,234.725,42.6,0.0,234.869,42.696,-2.0,0,3.05056796439383,10.552843991432422,7.229873097127296,12.522149649380452,0.44971404659271746,0.8469367697272043
234.736,43.555,-2.3,234.519,43.473,0.0,234.756,43.43,-2.3,0,-4.172496049434475,21.022959630152666,-6.656351117613596,23.46767392748552,0.625199523497068,0.8956797624241958
235.123,44.617,-6.5,235.126,44.795,-6.5,234.95999999999998,44.719,-4.4,0,-7.944735880798902,17.914487903351898,-10.734992984924105,21.04990237277167,0.7398736838393941,0.8508261272513149
235.122,44.439,-6.5,234.909,44.529,-3.8,234.936,44.401,-4.1,0,-7.221420557192089,18.577471919800743,-9.752750222893738,21.71312277476609,0.7401061888574809,0.8553593702414425
233.902,48.378,-6.5,233.739,48.518,-6.5,233.685,48.379,-4.9,0,3.28277500287331,28.460997729015144,8.179978043221316,34.48563087318281,0.39927219375663825,0.8247701592760399
233.488,48.49,-4.2,233.56799999999998,48.656,-6.5,233.37099999999998,48.628,-4.5,0,3.4365490717636984,28.555204762648444,6.9763268967292,35.38686555447682,0.4901061251213649,0.806231996722954
234.628,44.53,0.0,234.628,44.35,0.0,234.773,44.422,-2.0,0,-8.442855334618043,19.931240962038437,-10.268402447688487,21.441217506734674,0.8218807644190199,0.9294976965799211
233.376,48.16,0.0,233.50900000000001,48.004,0.0,233.588,48.137,-2.0,0,0.7328379469318008,32.22443355752707,1.8623007021255624,35.18245677605791,0.3867951435668136,0.9157037930743268
234.787,44.08,-2.7,234.755,43.911,-2.5,234.933,43.993,-4.4,0,-8.576854599420376,18.16928195382597,-12.058387222822162,20.817234233328264,0.7105444648868512,0.872597929536516
234.90300000000002,45.053,-4.2,235.113,45.15,-6.5,234.92700000000002,45.258,-4.5,0,-11.025448983153668,20.801159345145734,-14.300428942519808,23.033752031052785,0.7647617230294257,0.9019978795753667
234.70600000000002,46.618,-4.8,234.64600000000002,46.791,-4.8,234.511,46.679,-3.5,0,-1.338587101704986,28.56727389361894,-5.934823046933833,30.038756481629484,0.22223050813335007,0.9506081187691893
234.725,42.6,0.0,234.951,42.568,-2.7,234.869,42.696,-2.0,0,3.540754674523856,9.6145330452777,8.722734596611872,11.735259817853034,0.4277983582121464,0.8247178894026314
234.872,41.236,0.0,234.951,41.067,0.0,235.05200000000002,41.214,-2.0,0,10.865006174044925,11.535542944455342,13.967277118737087,15.960235539380022,0.7873464767576058,0.7226541160193483
233.209,48.92,-6.5,233.025,49.051,-6.5,232.97899999999998,48.929,-4.8,0,6.3705541406541055,25.637331224416236,11.326160473001028,35.32143456785039,0.5609008253584115,0.7245337696292639
234.914,41.826,-2.0,234.916,41.672,-2.1,235.058,41.755,-3.4,0,3.220814336866512,12.699746804854886,4.947093311974498,17.77726694773719,0.6801826825435999,0.7156507202817782
234.36700000000002,46.584,-2.0,234.422,46.406,-2.0,234.566,46.524,-3.5,0,-2.395780569749248,28.479158818093726,-7.428021563556367,29.464658300914024,0.3220536497511452,0.9661997599140608
233.183,48.63,-2.8,233.089,48.464,0.0,233.265,48.528,-2.5,0,3.5025459303115247,30.32044084447802,6.433491084232324,35.76651385623846,0.5416723224732475,0.8470840615629095
233.37099999999998,48.628,-4.5,233.39100000000002,48.789,-6.5,233.2,48.754,-4.4,0,5.042832328477858,27.498763418729183,9.514328161907798,35.222611529031354,0.5281657698590292,0.779796302353176
234.566,45.053,0.0,234.563,44.873,0.0,234.709,44.938,-1.9,0,-13.389511642022411,21.02875246100961,-15.817575902817946,22.02032609686155,0.8428545531434196,0.9545284805850885
234.987,44.147,-5.0,234.787,44.08,-2.7,234.933,43.993,-4.4,0,-7.450392132681898,18.39472768017585,-10.620241745369455,21.556858302065365,0.7008194823713285,0.853065518860483
232.57299999999998,48.99,-2.5,232.57999999999998,49.168,-4.2,232.41500000000002,49.088,-2.1,0,4.210437116270303,28.214439790392,6.765704131558431,37.164633691031376,0.618792403736416,0.7577505982825234
232.57299999999998,48.99,-2.5,232.74200000000002,48.885,-2.5,232.813,49.027,-4.7,0,8.01690977536216,27.08154849514996,13.068145660859184,35.082124946916664,0.6120309256065077,0.7705955117892673
235.124,44.084,-6.5,235.12,44.262,-6.5,234.987,44.147,-5.0,0,-6.445207861098527,17.265400464573933,-9.896776690790205,21.86004907381549,0.6505807463546055,0.7894247590665254
234.78199999999998,44.79,-2.1,234.791,44.646,-2.2,234.95999999999998,44.719,-4.4,0,-11.95162327289108,19.999119111517572,-14.787533649844015,21.867081166553177,0.8038806828714192,0.9136647397396528
235.159,43.196,-6.5,235.14600000000002,43.373,-6.5,235.003,43.296,-4.7,0,-3.321068893642959,17.75669069540715,-8.735521466666583,23.057762672372633,0.37924895473861286,0.7697107074035915
234.64600000000002,46.791,-4.8,234.595,46.953,-4.9,234.44,46.87,-3.4,0,-0.6852615482417682,29.249294884422152,-4.701559649079577,30.696377479017187,0.14322367567262118,0.9525812174588846
235.253,42.489,-6.5,235.226,42.665,-6.5,235.112,42.551,-4.7,0,1.9528604203775393,8.86687168375366,7.069278680869559,12.516064169191964,0.3009823695520742,0.71625724789143
234.997,46.213,-6.5,234.971,46.389,-6.5,234.826,46.311,-5.1,0,-4.832112738585343,25.065001815430126,-10.919414023391681,27.443216437923656,0.43581916192320796,0.9123206478595878
235.189,41.661,-4.5,235.166,41.851,-4.5,235.058,41.755,-3.4,0,4.574232830752887,11.130064908008022,7.361446270372511,16.66517861010101,0.6394001108420331,0.6696199425819931
234.82,45.899,-4.3,235.02100000000002,46.036,-6.5,234.833,46.068,-4.7,0,-6.326013629894962,24.901493180116262,-10.700467373722812,26.90447477028615,0.5824479278053395,0.9246241133573598
235.113,45.15,-6.5,235.1,45.327,-6.5,234.92700000000002,45.258,-4.5,0,-9.619557346369008,21.367520486692722,-12.852277332732903,24.029226356734945,0.740973013789221,0.888038585298273
235.17700000000002,43.019,-6.5,234.957,43.141,-3.6,235.013,42.979,-4.2,0,-3.0166281814729405,18.51206608970439,-8.633530222689203,23.312829952574404,0.34918555674722185,0.7937922355648219
233.011,48.768,-3.0,233.183,48.63,-2.8,233.2,48.754,-4.4,0,6.293217172327566,28.050071939491154,11.153711228544156,34.90362789639079,0.5626290100400343,0.8027064603079768
234.839,44.265,-2.7,234.936,44.401,-4.1,234.773,44.422,-2.0,0,-6.662530543558619,19.78903974935935,-8.631484862409067,22.236482867980797,0.771459757769696,0.8897771718594906
235.124,44.084,-6.5,234.987,44.147,-5.0,234.933,43.993,-4.4,0,-6.7457401998166695,17.621811194608494,-10.268483403959692,21.741443666931815,0.6561860731539942,0.8101721578060798
235.09699999999998,42.386,-4.2,235.253,42.489,-6.5,235.112,42.551,-4.7,0,2.232145432623628,9.368867201925598,7.024974486584796,13.099573480598195,0.34333982846661865,0.7222829011313324
235.1,40.384,-3.3,235.2,40.393,-6.5,235.122,40.45,-3.7,0,0.7593397912506149,11.055930731386336,1.7657177686762964,25.576754894714014,0.6370407154306637,0.4294799994235186
232.122,49.693,-3.3,232.06,49.636,0.0,232.174,49.619,-3.1,0,0.27510956117973623,26.74436640854692,0.45735292919717807,41.26005280180102,0.54214505630937,0.6461386726214893
234.215,47.089,-2.3,234.248,46.938,-2.1,234.377,46.998,-3.3,0,-0.5175611645956343,30.098215996279112,-5.2720991912861095,31.14083374118418,0.10634226817478461,0.9663598418762593
234.736,46.461,-4.7,234.70600000000002,46.618,-4.8,234.566,46.524,-3.5,0,-2.4944801462677337,27.67960626334402,-7.966424856885304,29.172069634246395,0.30956277931423815,0.9483176751980898
234.911,44.883,-3.8,234.78199999999998,44.79,-2.1,234.95999999999998,44.719,-4.4,0,-11.634843587170241,20.204113964767757,-14.51342942224312,22.19533561904182,0.7968394212463371,0.9093180406615454
232.97899999999998,48.929,-4.8,233.025,49.051,-6.5,232.813,49.027,-4.7,0,7.450255047502575,25.616172223769976,12.847146740651311,34.978932493802944,0.5785562775057359,0.7309471638959489
234.933,43.458,-4.2,234.736,43.555,-2.3,234.756,43.43,-2.3,0,-3.8317602005864915,20.341633659323474,-6.693570908724368,23.499484671809,0.5708326019355136,0.8654073685750688
233.183,48.63,-2.8,233.37099999999998,48.628,-4.5,233.2,48.754,-4.4,0,5.073698785418931,28.409519661738713,9.36096435185665,35.25338624125634,0.5401083391096829,0.8050202628399996
234.566,46.524,-3.5,234.70600000000002,46.618,-4.8,234.511,46.679,-3.5,0,-1.5892672931912801,28.543631785991224,-5.845628279459699,29.891764146702645,0.267645405604826,0.9544699566446155
234.595,46.953,-4.9,234.377,46.998,-3.3,234.44,46.87,-3.4,0,-0.559313489769892,29.612604340474732,-4.749893447077554,30.914418827686866,0.11879205273516671,0.9576728339074055
234.638,46.35,-3.6,234.723,46.182,-4.0,234.826,46.311,-5.1,0,-4.311135225482608,26.617874784546316,-9.368701992408475,28.144941999333447,0.45368749248139517,0.9450861049365742
234.36700000000002,46.584,-2.0,234.566,46.524,-3.5,234.511,46.679,-3.5,0,-1.6565355711303302,28.853917932237156,-6.0764703072413475,29.945224410745332,0.2714374792439761,0.9632008834338988
233.265,48.528,-2.5,233.488,48.49,-4.2,233.37099999999998,48.628,-4.5,0,3.3242001096235754,29.484686146621527,6.522381681177237,35.52239492352686,0.5070094723122773,0.8293747746674858
234.936,44.401,-4.1,234.909,44.529,-3.8,234.773,44.422,-2.0,0,-7.520264605586833,19.339123620244873,-9.687981473903477,21.723622553973357,0.775908109077449,0.8900809004169801
233.183,48.63,-2.8,233.265,48.528,-2.5,233.37099999999998,48.628,-4.5,0,3.823229451364425,29.387058805985003,7.165503938466782,35.57734889389816,0.5310907600960261,0.8252827150599956
234.377,46.998,-3.3,234.248,46.938,-2.1,234.44,46.87,-3.4,0,-0.5916026453781477,29.870531029005416,-5.020508862780446,30.96133345216273,0.1230851766616165,0.964573468582728
235.2,40.393,-6.5,235.239,40.568,-6.5,235.122,40.45,-3.7,0,-0.4420104576246651,11.92878209007298,-0.14069480139428947,25.22185706326914,0.6412703246512478,0.4697806242340472
232.34300000000002,49.605,-6.5,232.184,49.75,-6.5,232.174,49.619,-3.1,0,3.6645543964946494,24.870409941215375,6.9274876381166655,39.80672403891068,0.5261219377192783,0.6226451100822116
235.0,40.375,0.0,235.1,40.384,-3.3,235.122,40.45,-3.7,0,0.8579667373061928,11.130305682813237,1.852717461771249,25.734692623176073,0.6577589455520051,0.429714870968083
232.184,49.75,-6.5,232.122,49.693,-3.3,232.174,49.619,-3.1,0,0.36597921581058274,25.85451020985074,0.6456781187796601,41.13779659670931,0.5268670292662808,0.6264107127347973
232.34300000000002,49.605,-6.5,232.155,49.468,0.0,232.411,49.299,-3.8,0,-2.714560316300045,26.65064691488888,-4.805892951456304,39.29344349559253,0.5714350335365619,0.6764979047334873
232.50900000000001,49.463,-6.5,232.34300000000002,49.605,-6.5,232.411,49.299,-3.8,0,4.5216152929364135,24.862337607572368,8.06407151285958,37.73009941545832,0.5581798471396638,0.6570157102154911
233.05200000000002,49.335,-11.5,232.678,49.324,-6.5,232.848,49.185,-6.5,0,4.955537039443061,23.6185373334183,9.204892076970422,37.040241863428506,0.5364221080782623,0.6359747450569457
233.05200000000002,49.335,-11.5,232.858,49.463,-11.5,232.678,49.324,-6.5,0,6.64380879179186,21.575107220152848,13.044845167016504,36.16805414501411,0.5082387616795426,0.5947249093066506
235.2,40.393,-6.5,235.281,40.377,-9.0,235.30700000000002,40.454,-9.0,0,-2.1693966068436543,10.647722779683237,-3.0608034455558766,25.200251201773682,0.5883483316344067,0.41840395595460994
235.281,40.377,-9.0,235.362,40.361,-11.5,235.30700000000002,40.454,-9.0,0,-2.1943696627914644,10.302045017950359,-3.254019143704568,25.180024921836903,0.5596301700585209,0.404951591778364
232.34300000000002,49.605,-6.5,232.67000000000002,49.595,-11.5,232.486,49.729,-11.5,0,5.596096579271458,21.68430951472817,11.393889251160907,37.87126655569762,0.48995923949769143,0.5704972503560526
232.858,49.463,-11.5,232.50900000000001,49.463,-6.5,232.678,49.324,-6.5,0,4.833115323229307,23.367587576555433,9.081730283541113,37.61922609666883,0.5302283593518473,0.6193170174544499
232.858,49.463,-11.5,232.67000000000002,49.595,-11.5,232.50900000000001,49.463,-6.5,0,6.046141875594889,21.667481161072054,12.016821899043611,37.07790133078605,0.5019774311304379,0.5824323667369075
234.601,48.098,-11.5,234.392,48.043,-8.7,234.497,47.876,-8.7,0,-0.18145967423748466,28.8218463092469,-1.5852062156859716,34.081916292581134,0.11945733476140771,0.8454433026474811
232.67000000000002,49.595,-11.5,232.34300000000002,49.605,-6.5,232.50900000000001,49.463,-6.5,0,4.339960832658458,23.22750805609615,8.349674019892497,38.33474479806296,0.5176485256025921,0.6039186878213365
234.699,47.931,-11.5,234.601,48.098,-11.5,234.497,47.876,-8.7,0,-0.21482793968651911,28.375105333948174,-2.4851953446635378,33.87570319956405,0.08904349145193215,0.8373969376000447
235.611,41.343,-8.7,235.821,41.375,-11.5,235.601,41.536,-8.8,0,2.6931453335419593,9.802072432417607,5.13933023589604,18.736651889482886,0.5479980622881415,0.5227858011489794
234.699,47.931,-11.5,234.497,47.876,-8.7,234.591,47.714,-8.7,0,-0.181942843706838,29.16558251996739,-2.7995606423180703,33.620900851491704,0.06637711445644365,0.8673075919716562
234.79000000000002,47.762,-11.5,234.699,47.931,-11.5,234.591,47.714,-8.7,0,-0.15944600588425917,28.66922276599789,-3.728725268641643,33.3802305134767,0.043477255874939634,0.8586755931770106
235.293,43.465,-8.8,235.14600000000002,43.373,-6.5,235.34199999999998,43.238,-9.3,0,-2.879040209033024,15.88927840898937,-8.884252797921746,23.050051895529165,0.3230727274195425,0.6887774671140872
235.821,41.375,-11.5,235.798,41.554,-11.5,235.601,41.536,-8.8,0,2.681984238209951,8.688983837925688,5.5603263526055,18.218357984441354,0.5023782009157791,0.47689232114034386
234.49099999999999,48.262,-11.5,234.274,48.21,-8.8,234.392,48.043,-8.7,0,0.2948392564668791,28.179107289342056,1.533336455398052,34.47270140221435,0.18429802470692172,0.8171255264764331
234.79000000000002,47.762,-11.5,234.591,47.714,-8.7,234.689,47.543,-8.7,0,-0.09030126292206458,29.326004722616453,-3.0009348936404265,33.226751632006575,0.030259711468515787,0.8824461190231094
234.882,47.593,-11.5,234.79000000000002,47.762,-11.5,234.689,47.543,-8.7,0,-0.05840419259928551,28.798956018733364,-3.59485571388468,33.0109243726205,0.016139417792449474,0.8722265669299207
234.601,48.098,-11.5,234.49099999999999,48.262,-11.5,234.392,48.043,-8.7,0,-0.05297280646899467,27.808176168743145,-0.4293868630465312,34.35566131738952,0.14819306229222545,0.8091257500629331
235.483,43.335,-11.5,235.293,43.465,-8.8,235.34199999999998,43.238,-9.3,0,-2.3904684099708176,14.384823988494492,-8.935565676774473,23.059694263627662,0.2666320769937869,0.6231343493581197
234.887,47.204,-8.7,235.082,47.26,-11.5,234.793,47.377,-8.7,0,-0.1086884366975137,28.1513259531246,0.2661633262274279,31.76931131647553,0.035023828184609924,0.8862167968465827
235.082,47.26,-11.5,234.988,47.428,-11.5,234.793,47.377,-8.7,0,-0.11095825773314508,27.83613435868859,0.8072109049714626,31.89849260124557,0.022297177814440777,0.8728259968936654
234.969,47.028,-8.7,235.17000000000002,47.09,-11.5,234.887,47.204,-8.7,0,-0.23128236363475088,27.403645527142178,-1.6888198102363603,31.25785170157325,0.0781358247206098,0.876661153110612
235.281,42.312,-6.5,235.314,42.136,-6.5,235.49200000000002,42.189,-9.3,0,2.5085682821805486,8.469352012096854,7.231448213835449,14.131273377385043,0.36718840245071027,0.6058808588831599
234.368,48.422,-11.5,234.137,48.377,-8.8,234.274,48.21,-8.8,0,0.712282035873585,27.270764913094382,2.7597691634832113,34.79950888511845,0.2525476735356095,0.7832299753488412
235.281,42.312,-6.5,235.49200000000002,42.189,-9.3,235.461,42.355,-9.3,0,2.061056078292986,8.062829157364309,6.985844125961563,13.80568246789477,0.3159050908758722,0.5913755744406963
234.793,47.377,-8.7,234.882,47.593,-11.5,234.689,47.543,-8.7,0,-0.029441519683523175,29.30560045045693,-1.737906706837613,32.93958460468705,0.015700251463432527,0.889525825548164
235.601,41.536,-8.8,235.75,41.73,-11.5,235.55700000000002,41.719,-8.7,0,3.4112247288759483,8.178265341991933,7.031461087328012,16.877328288877635,0.500121083006367,0.4856849718148429
235.798,41.554,-11.5,235.75,41.73,-11.5,235.601,41.536,-8.8,0,3.7153327582666043,7.64274016518983,7.929268928893663,16.686007866895295,0.4811105077006302,0.45881760066053284
234.988,47.428,-11.5,234.882,47.593,-11.5,234.793,47.377,-8.7,0,-0.017255832895865957,28.71828511712801,-1.244894233246411,32.794986428265645,0.011601582521156673,0.8755096334044655
235.17000000000002,47.09,-11.5,235.082,47.26,-11.5,234.887,47.204,-8.7,0,-0.13360605578513435,27.147754909424915,-0.2383537572486727,31.45829219858998,0.058350417820515435,0.8630785346687602
235.046,46.843,-8.8,235.251,46.919,-11.5,234.969,47.028,-8.7,0,-0.6772535480063521,26.292680302590824,-4.219296268220127,30.5302237991638,0.14138645304818764,0.8608653514105828
234.49099999999999,48.262,-11.5,234.368,48.422,-11.5,234.274,48.21,-8.8,0,0.39810128339205864,26.899741015646587,1.8043625815303859,34.695068466589824,0.21273593261532617,0.774919162654468
235.55700000000002,41.719,-8.7,235.704,41.907,-11.5,235.523,41.862,-8.7,0,3.3052803343186503,7.577833187267124,7.54171988811936,15.791319320432166,0.4524321379362375,0.482544626763429
235.75,41.73,-11.5,235.704,41.907,-11.5,235.55700000000002,41.719,-8.7,0,3.252090564752582,7.111648777393792,7.663825534879749,15.89834393989787,0.437438192528468,0.44952123841513386
235.251,46.919,-11.5,235.17000000000002,47.09,-11.5,234.969,47.028,-8.7,0,-0.2647969421300999,26.20380376425139,-1.360408205044859,30.969594180667663,0.11400408809941565,0.8459733006761113
235.253,42.489,-6.5,235.281,42.312,-6.5,235.461,42.355,-9.3,0,1.921246042388071,8.515336666942263,6.802304225082565,13.466294821745493,0.3058514171792992,0.6400987361427639
235.253,42.489,-6.5,235.461,42.355,-9.3,235.43200000000002,42.53,-9.3,0,1.5834248989728097,8.067861414262106,6.666905743282257,13.084020489271978,0.2607366022148143,0.6251352638514205
235.53,40.696,-11.5,235.269,40.744,-6.5,235.369,40.642,-9.0,0,-2.880045857016512,13.311967852545932,-4.095817236034009,22.980384596295565,0.6314333960407356,0.5759677552484258
235.1,46.677,-8.7,235.309,46.744,-11.5,235.046,46.843,-8.8,0,-0.9677358519841043,25.431728581489786,-4.08357893320407,30.130351243041076,0.21524254732225595,0.8432864812878155
235.152,46.476,-8.9,235.356,46.567,-11.5,235.1,46.677,-8.7,0,-2.893198032198579,23.48133849145098,-9.538076846709643,28.377608978590352,0.2958099692917949,0.8261454248383967
235.309,46.744,-11.5,235.251,46.919,-11.5,235.046,46.843,-8.8,0,-1.0193573647767922,24.80987449839859,-5.09644911229854,30.09256778544343,0.18358573257948405,0.823863983939348
235.226,42.665,-6.5,235.43200000000002,42.53,-9.3,235.404,42.706,-9.3,0,1.3174100396691533,7.90343993854752,6.543258832496747,12.249334730070444,0.22522574622093977,0.6544179850500226
235.226,42.665,-6.5,235.253,42.489,-6.5,235.43200000000002,42.53,-9.3,0,1.5837637734178716,8.365950882194788,6.704654245788561,12.619002573232763,0.2607087187236479,0.6715228644346098
235.589,41.146,-8.9,235.791,41.197,-11.5,235.611,41.343,-8.7,0,-0.29982505388158875,11.624566620944636,-0.2425609727057747,20.38394343880563,0.5778934931219492,0.5689638147083256
235.356,46.567,-11.5,235.309,46.744,-11.5,235.1,46.677,-8.7,0,-1.8489508496115108,23.57856372470235,-6.897787434649132,29.313679462962657,0.25623644946476826,0.8032100782236954
235.38,42.89,-9.3,235.201,42.842,-6.5,235.404,42.706,-9.3,0,1.1755970431533054,7.681773185751299,6.17456801543014,11.532462442297344,0.21466975967543483,0.6752825242986467
235.201,42.842,-6.5,235.226,42.665,-6.5,235.404,42.706,-9.3,0,1.4070923797564514,8.123805915880164,6.525600290303203,11.817542205094838,0.24024057075857413,0.6961885296496922
235.72199999999998,41.026,-11.5,235.589,41.146,-8.9,235.495,40.956,-8.9,0,-3.7815395835591037,12.466828396594398,-5.9368649581621185,20.511345929196736,0.6037198401048982,0.6054208910813234
235.35899999999998,43.059,-9.3,235.17700000000002,43.019,-6.5,235.38,42.89,-9.3,0,1.2614656597938387,7.242009078204419,6.076994540455473,10.684948883202935,0.22950442765142315,0.6865050445749716
235.17700000000002,43.019,-6.5,235.201,42.842,-6.5,235.38,42.89,-9.3,0,1.43501004176569,7.7094491194543355,6.425677371000091,10.955059504219577,0.24613546679878365,0.7121824555962737
235.791,41.197,-11.5,235.821,41.375,-11.5,235.611,41.343,-8.7,0,-0.18826360366954253,10.463745738537146,-0.08622661075918359,19.963104284817206,0.5334680135714728,0.5230701226100438
235.34199999999998,43.238,-9.3,235.159,43.196,-6.5,235.35899999999998,43.059,-9.3,0,-2.1916970068878854,16.144274631830093,-8.28520356074884,23.43070042672238,0.2640573537160057,0.6885086496714609
235.269,40.744,-6.5,235.53,40.696,-11.5,235.453,40.839,-9.1,0,-3.006801704464597,13.571558793746304,-4.288424331508622,22.596309794225093,0.6369888327725913,0.5975212639347206
234.137,48.377,-8.8,234.197,48.561,-11.5,233.963,48.531,-8.9,0,2.9641137841448866,25.711615809628217,9.206814399997501,34.166415988381,0.32008456382006023,0.7519313672837581
235.22899999999998,45.96,-8.9,235.441,46.031,-11.5,235.20499999999998,46.135,-8.9,0,-5.4198506868726914,21.41295209111229,-10.558746043477353,26.70615278714162,0.5031361178755421,0.7996480904733348
235.441,46.031,-11.5,235.414,46.21,-11.5,235.20499999999998,46.135,-8.9,0,-4.735994323186852,20.7693767485642,-10.046023648557885,27.039268169847027,0.46107289096080245,0.7657658123477867
235.159,43.196,-6.5,235.17700000000002,43.019,-6.5,235.35899999999998,43.059,-9.3,0,-2.2316134905158598,16.944062874414673,-8.109754570179433,23.5406192931637,0.27491826995635943,0.7193420333182454
235.20499999999998,46.135,-8.9,235.414,46.21,-11.5,235.179,46.314,-8.9,0,-4.673534068765964,22.00764174119819,-10.336634516485496,27.226311351318927,0.44261059363348176,0.8063004038153566
235.414,46.21,-11.5,235.388,46.389,-11.5,235.179,46.314,-8.9,0,-4.168546642572322,21.28465033468978,-10.183072681913728,27.42088494970872,0.4001037416031159,0.77408100535699
235.179,46.314,-8.9,235.388,46.389,-11.5,235.152,46.476,-8.9,0,-3.7321836067772107,22.71672625534582,-9.751942362761895,27.859172307260394,0.37378192748806605,0.8136607913247903
235.388,46.389,-11.5,235.356,46.567,-11.5,235.152,46.476,-8.9,0,-3.1632513934386632,22.15591523443533,-9.242818850681555,28.172809341123667,0.3331003115295196,0.7846898211984126
235.452,45.851,-11.5,235.441,46.031,-11.5,235.22899999999998,45.96,-8.9,0,-6.447628352777451,19.53298643132369,-12.372312100161466,25.60649456361427,0.5121792470798066,0.7603401266652131
234.368,48.422,-11.5,234.197,48.561,-11.5,234.137,48.377,-8.8,0,2.7285387871797604,25.05832917460469,9.777667045028313,33.807374970443725,0.27734389616923794,0.7406292503621057
235.452,45.851,-11.5,235.22899999999998,45.96,-8.9,235.245,45.778,-8.9,0,-6.673605228647388,20.54127801031572,-11.840562539570797,25.73133459944644,0.554082612761525,0.7961168735230487
235.14600000000002,43.373,-6.5,235.159,43.196,-6.5,235.34199999999998,43.238,-9.3,0,-2.8171544452021537,16.652883185079006,-8.765819680341536,23.158072410630822,0.32057120445436244,0.7186132423200621
233.05200000000002,49.335,-11.5,232.848,49.185,-6.5,233.049,49.181,-8.9,0,5.837030328801621,22.907819489407867,11.095643902843289,36.309564544103964,0.5246017383197353,0.6292883779957027
235.589,41.146,-8.9,235.405,41.082,-6.5,235.495,40.956,-8.9,0,-3.820156418156121,13.151658411618024,-5.569959108141546,20.669062890686064,0.6511860811857065,0.6340512485787796
235.459,45.672,-11.5,235.452,45.851,-11.5,235.245,45.778,-8.9,0,-7.291315424888072,18.938548795230684,-12.922469939997033,24.895067068579618,0.5553277223286147,0.7582800072129886
235.459,45.672,-11.5,235.245,45.778,-8.9,235.25900000000001,45.6,-8.9,0,-7.298848694476299,20.021107484818373,-12.084831582522781,25.192735318733728,0.5944275841621,0.792570345212841
235.44799999999998,41.256,-6.5,235.589,41.146,-8.9,235.611,41.343,-8.7,0,0.03272490459057912,12.37812718814456,0.30552461961883637,20.403525593063705,0.6278600972514006,0.605437738366194
232.34300000000002,49.605,-6.5,232.486,49.729,-11.5,232.29399999999998,49.76,-8.9,0,4.639520548974631,22.444552358808384,9.373290906109764,38.65314286202596,0.4933224305683483,0.5785314468951374
235.464,45.492,-11.5,235.459,45.672,-11.5,235.25900000000001,45.6,-8.9,0,-7.874267672872717,18.40874112480012,-13.19632302454145,24.31985115439819,0.5878767417286761,0.7545166297810563
235.483,43.335,-11.5,235.475,43.514,-11.5,235.293,43.465,-8.8,0,-2.5646285820058363,13.302769584433069,-9.481244232143979,22.766841301270745,0.2694970930374046,0.5835443984208937
235.464,45.492,-11.5,235.25900000000001,45.6,-8.9,235.26999999999998,45.42,-8.9,0,-7.926800400238998,19.369807208262987,-12.526455274976442,24.54879746062864,0.6236149183287306,0.7868899318004253
235.293,43.465,-8.8,235.475,43.514,-11.5,235.288,43.633,-8.8,0,-3.231297211942403,13.915505868944889,-9.800805765341238,22.538607965356007,0.328566834968121,0.6166799489063323
235.475,43.514,-11.5,235.465,43.694,-11.5,235.288,43.633,-8.8,0,-2.9804494845704204,12.974564139834044,-9.241505197663557,22.737303457465913,0.32130851112721964,0.5698066637554391
235.451,41.433,-6.5,235.611,41.343,-8.7,235.601,41.536,-8.8,0,3.1635991804711274,10.609478687256814,5.494715295348527,18.658727806679423,0.5987540486801851,0.5683350626488244
235.62900000000002,40.86,-11.5,235.72199999999998,41.026,-11.5,235.495,40.956,-8.9,0,-4.4551400566876955,12.346576181412415,-7.239169513576201,20.58530345683556,0.5853180004148149,0.5968818510169482
235.46699999999998,45.312,-11.5,235.464,45.492,-11.5,235.26999999999998,45.42,-8.9,0,-8.328775643059027,17.81344916351073,-13.458407536628954,23.74051016796122,0.6102642342727063,0.74789077831615
234.94299999999998,46.566,-6.5,235.152,46.476,-8.9,235.1,46.677,-8.7,0,-2.9414691708005067,24.90635586852,-9.702567925896268,28.46452690736887,0.29694167655015036,0.8739406981991608
235.704,41.907,-11.5,235.66,42.083,-11.5,235.505,42.02,-9.0,0,2.571504199805368,6.816659618723701,7.416096742702933,14.883317014964348,0.3615866186366029,0.46254361992169235
233.902,48.378,-6.5,234.137,48.377,-8.8,233.963,48.531,-8.9,0,3.061341784019452,27.16364659460085,8.949105724313329,34.22967231326096,0.3401864385932547,0.7930262365812054
235.46699999999998,45.312,-11.5,235.26999999999998,45.42,-8.9,235.27800000000002,45.242,-8.9,0,-8.412423711452453,18.667779373941848,-12.922765373320981,23.91298226679523,0.6422229180112816,0.778457323224907
235.465,43.694,-11.5,235.461,43.874,-11.5,235.28199999999998,43.815,-8.8,0,-3.7768048080597385,12.565327597303336,-9.987299131614776,22.269531768233435,0.37703418816658973,0.5633803699189188
235.469,45.132,-11.5,235.46699999999998,45.312,-11.5,235.27800000000002,45.242,-8.9,0,-8.564933389635634,17.19113874452421,-13.585299809069461,23.23392536906075,0.6221271111179909,0.737370666536308
234.197,48.561,-11.5,234.015,48.696,-11.5,233.963,48.531,-8.9,0,3.838355519350217,24.08032387092072,11.277122074023632,33.802515829741665,0.338849701726783,0.7116458609110144
235.02100000000002,46.036,-6.5,235.04399999999998,45.859,-6.5,235.22899999999998,45.96,-8.9,0,-6.507132073112374,23.217081144408922,-11.168333823199912,26.4464414669807,0.5731642676941914,0.8764244195116887
233.963,48.531,-8.9,234.015,48.696,-11.5,233.788,48.668,-8.9,0,3.9137433164569955,24.832418690741548,10.283508648525533,34.32560972176638,0.3789079324190283,0.7226629863370962
235.466,44.952,-11.5,235.285,45.061,-8.9,235.286,44.882,-8.9,0,-9.07335834444514,16.936966249170347,-13.836263286780376,22.520239987319943,0.6481705561484448,0.7495009116342298
235.461,43.874,-11.5,235.461,44.053,-11.5,235.281,43.989,-8.8,0,-4.511783180788404,12.429671491599045,-10.474645149097299,21.898989941515154,0.42978745399170765,0.5667276031111507
234.997,46.213,-6.5,235.02100000000002,46.036,-6.5,235.20499999999998,46.135,-8.9,0,-5.686348493574762,23.749524714990976,-11.012041079903995,26.9403544892705,0.5075529856113258,0.8801340837857222
235.461,44.053,-11.5,235.461,44.233,-11.5,235.28,44.168,-8.8,0,-5.042003581568891,12.714671526195533,-10.474543045514451,21.753735434351114,0.4806268270421609,0.583650969823588
235.02100000000002,46.036,-6.5,235.22899999999998,45.96,-8.9,235.20499999999998,46.135,-8.9,0,-5.851222763065627,22.964910388557925,-10.842400420111751,26.74157957096461,0.5300186836621991,0.8571092816607028
235.22899999999998,45.96,-8.9,235.04399999999998,45.859,-6.5,235.245,45.778,-8.9,0,-7.220917296616481,22.00983561413989,-12.116799659280588,25.749392980971006,0.5868369704841746,0.8530773047422157
234.137,48.377,-8.8,234.04500000000002,48.227,-6.5,234.274,48.21,-8.8,0,0.6875805900877878,28.684745994848477,2.4970663330993386,34.83130005408957,0.2694506790635767,0.8231751781645233
234.997,46.213,-6.5,235.20499999999998,46.135,-8.9,235.179,46.314,-8.9,0,-4.988472218436605,23.526528104275002,-10.618313349982891,27.261405914665044,0.46096078527935813,0.8614273503648123
235.465,43.694,-11.5,235.28199999999998,43.815,-8.8,235.288,43.633,-8.8,0,-3.7519180139188766,13.667825553219556,-9.731686761479452,22.43861629981606,0.3843448965242812,0.6083500023795614
234.971,46.389,-6.5,234.997,46.213,-6.5,235.179,46.314,-8.9,0,-4.66383985889311,24.340831311073266,-10.68051518665208,27.504404698013698,0.4289314803439767,0.8836720508173036
235.437,40.531,-11.5,235.239,40.568,-6.5,235.30700000000002,40.454,-9.0,0,-2.0406057739650016,11.967343150635848,-2.8215717101781763,24.338014596502646,0.6010850360208513,0.48802506864016576
235.461,44.053,-11.5,235.28,44.168,-8.8,235.281,43.989,-8.8,0,-5.091172626116366,13.560064836836188,-10.336740046227348,21.87403096483004,0.49169973288894386,0.6191506772926907
235.469,45.132,-11.5,235.27800000000002,45.242,-8.9,235.285,45.061,-8.9,0,-8.611053828122987,17.976042623875387,-13.076654553412933,23.399682729521416,0.6501014123977704,0.7658972002904776
235.461,43.874,-11.5,235.281,43.989,-8.8,235.28199999999998,43.815,-8.8,0,-4.555065907666374,13.409088161523291,-10.332659185977604,22.019440961250652,0.43980379434176364,0.6081813133469955
234.971,46.389,-6.5,235.179,46.314,-8.9,235.152,46.476,-8.9,0,-3.927782094096929,24.20840082677504,-10.03342831856165,27.902382266890083,0.3835417915217149,0.8662358540885234
235.461,44.233,-11.5,235.461,44.413,-11.5,235.28,44.348,-8.9,0,-5.528101117869622,13.230665938323842,-10.47448857619537,21.59591649099481,0.5272464760580463,0.6118806152633753
235.04399999999998,45.859,-6.5,235.065,45.682,-6.5,235.245,45.778,-8.9,0,-7.290590119385272,22.63003783630682,-11.471256549895536,25.89396291305053,0.6260217980700192,0.8724869521919202
234.94299999999998,46.566,-6.5,234.971,46.389,-6.5,235.152,46.476,-8.9,0,-3.6451105781363906,24.918550774217884,-10.389322538454309,28.03604843155882,0.34472970692433436,0.8877022297225746
235.314,42.136,-6.5,235.35,41.961,-6.5,235.505,42.02,-9.0,0,3.179904100085769,8.523368624925748,7.555002134516599,14.867761946724272,0.43842012421387405,0.5781565717689526
235.466,44.952,-11.5,235.469,45.132,-11.5,235.285,45.061,-8.9,0,-8.970155744612208,16.24826256895131,-14.209129369701941,22.414337647055167,0.6236201067299219,0.7221233500047075
233.902,48.378,-6.5,234.04500000000002,48.227,-6.5,234.137,48.377,-8.8,0,1.542518582406437,28.649829201872624,4.845716283590009,34.783416428234105,0.3150515355039174,0.8232491902827646
234.893,46.74,-6.5,235.1,46.677,-8.7,235.046,46.843,-8.8,0,-0.9948359725073987,26.76576380337486,-4.3596011755703366,30.21013407526987,0.21061750272762708,0.8853271666432518
235.461,44.413,-11.5,235.462,44.593,-11.5,235.28199999999998,44.525,-8.9,0,-6.002305664394986,13.806257409401097,-10.592829089713533,21.39663317464648,0.5662789749682656,0.644572240349956
235.72199999999998,41.026,-11.5,235.791,41.197,-11.5,235.589,41.146,-8.9,0,-2.7252848255348296,11.666168749169023,-4.546770969110838,20.408866495472495,0.5601232650016537,0.5696370167738108
235.461,44.233,-11.5,235.28,44.348,-8.9,235.28,44.168,-8.8,0,-5.213281345572717,14.174340016515123,-9.639925883593989,22.048067595072496,0.5401772781912502,0.642173092836201
235.245,45.778,-8.9,235.065,45.682,-6.5,235.25900000000001,45.6,-8.9,0,-7.909072968302491,21.435143131506873,-12.351653251826558,25.208962665484993,0.6312407359363659,0.8486161904134588
235.28,44.348,-8.9,235.461,44.413,-11.5,235.28199999999998,44.525,-8.9,0,-6.226327797550543,14.384622045260253,-10.6980760368196,21.394304879055596,0.5815911364344328,0.671719555262631
234.274,48.21,-8.8,234.173,48.072,-6.5,234.392,48.043,-8.7,0,0.248642218194398,29.381569816501468,1.2038230848317024,34.49958982208471,0.19697835071766723,0.8514006299457276
233.788,48.668,-8.9,233.824,48.823,-11.5,233.607,48.799,-8.9,0,4.942868917986872,23.970284649501444,11.556352913074898,34.4062047603538,0.42627242926595543,0.6957347805982249
235.462,44.593,-11.5,235.463,44.773,-11.5,235.28300000000002,44.702,-8.9,0,-6.31887320755921,14.387576906414212,-10.592344645721596,21.253451182480703,0.59629760394317,0.6763659942961024
235.25900000000001,45.6,-8.9,235.086,45.504,-6.5,235.26999999999998,45.42,-8.9,0,-8.587324443294836,20.731624405791642,-12.78262189001686,24.566448463352597,0.6630960639411054,0.8422051815839569
235.065,45.682,-6.5,235.086,45.504,-6.5,235.25900000000001,45.6,-8.9,0,-7.758380920895114,22.113943338926056,-11.501412031696528,25.46464567821708,0.6650713208805948,0.8669613456671879
235.463,44.773,-11.5,235.466,44.952,-11.5,235.286,44.882,-8.9,0,-8.846110927105988,15.504302744657444,-14.207187058560947,21.97870933884584,0.6153502284473388,0.7023936127966174
235.462,44.593,-11.5,235.28300000000002,44.702,-8.9,235.28199999999998,44.525,-8.9,0,-6.497774451061966,14.97217087888804,-10.577658206068591,21.313856967666737,0.6140058758960072,0.7019097174889447
234.832,46.913,-6.5,234.893,46.74,-6.5,235.046,46.843,-8.8,0,-0.9324940697531795,27.459114467578708,-5.076899460169567,30.346278032401862,0.17204210625324418,0.9043884130416907
233.739,48.518,-6.5,233.963,48.531,-8.9,233.788,48.668,-8.9,0,4.061300671687073,26.32332935555759,10.058151724353767,34.37812040974781,0.40206059248609266,0.7649881536502716
234.893,46.74,-6.5,234.94299999999998,46.566,-6.5,235.1,46.677,-8.7,0,-1.7924456369035149,26.47972817366376,-6.856843172958314,29.545578421991852,0.2525137207228535,0.8954544272070117
234.015,48.696,-11.5,233.824,48.823,-11.5,233.788,48.668,-8.9,0,5.0870241577957325,23.07018056219295,13.000293128135159,33.663096105582575,0.39003118563512357,0.6844161088035573
235.463,44.773,-11.5,235.286,44.882,-8.9,235.28300000000002,44.702,-8.9,0,-9.216411110403563,15.920711069814594,-14.325778978012174,21.764951780480004,0.6364633155250975,0.7286062636235846
233.739,48.518,-6.5,233.902,48.378,-6.5,233.963,48.531,-8.9,0,3.229219817613953,27.549034936988463,8.394206176410506,34.58634834249368,0.38265568941354483,0.7959419258747202
235.523,41.862,-8.7,235.704,41.907,-11.5,235.505,42.02,-9.0,0,3.033487496846765,7.351747884799327,7.576401769780674,15.245805887841868,0.4150338262295781,0.48597342501470553
234.04500000000002,48.227,-6.5,234.173,48.072,-6.5,234.274,48.21,-8.8,0,0.6158306443341153,29.477138029750837,2.48457781958259,34.64109679465149,0.24254633601314657,0.8506467801587273
235.44799999999998,41.256,-6.5,235.405,41.082,-6.5,235.589,41.146,-8.9,0,-0.7493085297677876,13.27520888024185,-0.8696552862262479,20.853360007499305,0.6591717227147641,0.6350720919973841
234.769,47.085,-6.5,234.969,47.028,-8.7,234.887,47.204,-8.7,0,-0.22759661116290075,28.40166752395665,-1.9444285882475612,31.37224156832516,0.07416240416097516,0.9052152947960466
233.56799999999998,48.656,-6.5,233.788,48.668,-8.9,233.607,48.799,-8.9,0,5.140699376708194,25.42589506875635,11.347978272471408,34.437099187081515,0.4515046215028837,0.7374325527204436
235.423,41.609,-6.5,235.451,41.433,-6.5,235.601,41.536,-8.8,0,4.055348215208777,10.186634160688751,6.929658245510069,17.746958227161343,0.6023639218906045,0.5742466190434355
234.392,48.043,-8.7,234.287,47.911,-6.5,234.497,47.876,-8.7,0,-0.2311417239366471,29.809008683447395,-1.8376425511577992,34.06286130002412,0.12966135525869288,0.8749466165074984
234.832,46.913,-6.5,235.046,46.843,-8.8,234.969,47.028,-8.7,0,-0.6626048146819442,27.48375010632758,-4.427024887135506,30.638426739844956,0.13496209031009634,0.8967039105757139
235.086,45.504,-6.5,235.1,45.327,-6.5,235.26999999999998,45.42,-8.9,0,-8.740862662857051,21.170733266327932,-12.469840457877996,24.575376061486978,0.6923788140371787,0.8599660712942008
235.285,45.061,-8.9,235.125,44.972,-6.5,235.286,44.882,-8.9,0,-9.86816384956702,18.257572276501563,-14.067782296828135,22.538172264135103,0.6943876465501497,0.8079965388036672
235.437,40.531,-11.5,235.53,40.696,-11.5,235.369,40.642,-9.0,0,-4.7227261021023486,12.09414789852466,-7.5651433528708765,22.47684946465708,0.5840282513098147,0.5336498136707556
235.26999999999998,45.42,-8.9,235.1,45.327,-6.5,235.27800000000002,45.242,-8.9,0,-9.11973429284575,20.003511094559286,-13.171569068809525,23.9275309188636,0.6841511501152089,0.8342570594214368
235.423,41.609,-6.5,235.601,41.536,-8.8,235.55700000000002,41.719,-8.7,0,4.053087569990409,9.203749691778425,7.434291776948811,17.007246675888837,0.5602288200077108,0.5420508990432378
235.451,41.433,-6.5,235.44799999999998,41.256,-6.5,235.611,41.343,-8.7,0,2.214509108514967,11.862517216047767,3.7076105392956435,19.586994297116206,0.6355698217475891,0.6049099011968201
233.56799999999998,48.656,-6.5,233.739,48.518,-6.5,233.788,48.668,-8.9,0,4.163423627471574,26.758966256288033,9.44605556854194,34.76059584759501,0.43892363521879896,0.7690482201301574
235.1,45.327,-6.5,235.113,45.15,-6.5,235.27800000000002,45.242,-8.9,0,-9.045977586110324,20.533082204840344,-12.614921725942423,24.081118449333584,0.7088866147905898,0.8511073663548436
233.824,48.823,-11.5,233.632,48.952,-11.5,233.607,48.799,-8.9,0,5.550183242960568,22.550214979876543,12.841869528989616,34.1988076194655,0.43095795757258304,0.6583153289633381
234.173,48.072,-6.5,234.287,47.911,-6.5,234.392,48.043,-8.7,0,-0.0038641563138992387,30.016836575662804,-0.07706120454544241,34.32165161274395,0.17108230139302397,0.8743844127808751
234.688,47.254,-6.5,234.887,47.204,-8.7,234.793,47.377,-8.7,0,-0.10151834423824264,29.020077289503142,0.020678753079481638,31.893456473536347,0.03660152665506576,0.9099234323658212
235.269,40.744,-6.5,235.239,40.568,-6.5,235.369,40.642,-9.0,0,0.267008712166337,13.539342934701738,0.8716715855638881,23.7167506493617,0.6581200040047314,0.5684021253753253
235.312,40.919,-6.5,235.269,40.744,-6.5,235.453,40.839,-9.1,0,-0.777889899862505,14.338803605447195,-0.7691457402848414,22.612068893831548,0.6808955788489803,0.6318409520138953
234.769,47.085,-6.5,234.832,46.913,-6.5,234.969,47.028,-8.7,0,-0.531290091076061,28.15264499916244,-4.694193384440496,30.852671711588698,0.10256512843709818,0.9122718490292073
235.27800000000002,45.242,-8.9,235.113,45.15,-6.5,235.285,45.061,-8.9,0,-9.352668385094846,19.316667127569154,-13.318038411745281,23.417310542168323,0.6944025392049641,0.823034465902683
233.607,48.799,-8.9,233.632,48.952,-11.5,233.42000000000002,48.929,-8.9,0,5.660414017807646,23.227672724581083,12.197828860000891,34.64376182039724,0.46273233768648575,0.6693413794315013
235.113,45.15,-6.5,235.125,44.972,-6.5,235.285,45.061,-8.9,0,-9.222812837858026,19.812807762713906,-12.765974469714724,23.578553658395542,0.7146748104494159,0.8386117445211853
234.287,47.911,-6.5,234.389,47.747,-6.5,234.497,47.876,-8.7,0,-0.22461126074492135,30.27491478437311,-2.120797991935941,33.8676051976952,0.10832154186416029,0.8937853480682171
233.632,48.952,-11.5,233.439,49.079,-11.5,233.42000000000002,48.929,-8.9,0,6.087749060877094,21.913559473795083,13.165885663746998,34.53588228465837,0.46123863420955274,0.6332696857230854
235.389,41.785,-6.5,235.55700000000002,41.719,-8.7,235.523,41.862,-8.7,0,3.963855765823612,8.48286313342595,7.946672149660117,15.908826138442919,0.5129345797845499,0.5355665443665903
235.125,44.972,-6.5,235.126,44.795,-6.5,235.286,44.882,-8.9,0,-10.179557448474332,18.4227569474754,-14.175655069745488,22.314337040325352,0.7114997007443892,0.8236584264901472
235.389,41.785,-6.5,235.423,41.609,-6.5,235.55700000000002,41.719,-8.7,0,4.054965086212058,9.269632450614903,7.462079381292426,16.621529345708296,0.5587623385667435,0.5592144306273509
235.126,44.795,-6.5,235.123,44.617,-6.5,235.28300000000002,44.702,-8.9,0,-7.53879727478816,17.035151546316914,-10.76577251831398,21.118700593183007,0.7000411140317621,0.8063202597958535
235.497,43.155,-11.5,235.34199999999998,43.238,-9.3,235.35899999999998,43.059,-9.3,0,-1.772529605421614,14.70018798454745,-8.314969681119024,23.45220753574104,0.21281482283648295,0.6262011073300741
235.123,44.617,-6.5,235.122,44.439,-6.5,235.28199999999998,44.525,-8.9,0,-7.148260352912152,16.7881494421391,-10.530294414336495,21.379428433675116,0.6785189724166822,0.7848658285933429
233.39100000000002,48.789,-6.5,233.56799999999998,48.656,-6.5,233.607,48.799,-8.9,0,5.158202477706107,25.91674265254506,10.633622881984637,34.8773519903456,0.4834696036119625,0.7421332940756894
233.439,49.079,-11.5,233.24599999999998,49.207,-11.5,233.232,49.058,-8.9,0,6.291020090546158,21.469088254590577,13.039296749102963,35.04087852261827,0.48134536242370085,0.6112683110354605
235.122,44.439,-6.5,235.12,44.262,-6.5,235.28,44.348,-8.9,0,-6.901385114095796,16.35284816147679,-10.651560528827517,21.461790796671494,0.6474685853072127,0.761504866737657
234.594,47.42,-6.5,234.793,47.377,-8.7,234.689,47.543,-8.7,0,-0.0517423385210211,29.9756830563571,-1.969886549254337,32.92741970496922,0.02496902974020621,0.910244675600845
234.688,47.254,-6.5,234.769,47.085,-6.5,234.887,47.204,-8.7,0,-0.1699170199898764,29.00178481786913,-1.70195121720025,31.625079188676118,0.05459028058129987,0.9169944540811718
235.286,44.882,-8.9,235.126,44.795,-6.5,235.28300000000002,44.702,-8.9,0,-10.077650885967655,17.27190265805755,-14.554677047036776,21.780687118338506,0.685994320903671,0.7906611540840168
234.497,47.876,-8.7,234.389,47.747,-6.5,234.591,47.714,-8.7,0,-0.22718969855623225,29.995979653502584,-3.0473774180504627,33.58743687658473,0.07560295276885692,0.8929396216706613
235.405,41.082,-6.5,235.312,40.919,-6.5,235.495,40.956,-8.9,0,-4.747757867354116,13.563225078550518,-6.674066948801396,20.78174204975094,0.680565776628936,0.6500607383212255
235.28300000000002,44.702,-8.9,235.123,44.617,-6.5,235.28199999999998,44.525,-8.9,0,-7.046479340486811,16.403020130319923,-10.545726361524785,21.312910178749746,0.6679190389055959,0.7692201007875366
233.24599999999998,49.207,-11.5,233.05200000000002,49.335,-11.5,233.049,49.181,-8.9,0,6.474700207232126,21.11339642785733,13.116254219106096,35.446396938812306,0.49256731996928477,0.5940505278189502
235.12,44.262,-6.5,235.124,44.084,-6.5,235.28,44.168,-8.8,0,-6.026704752738798,16.22025249143884,-9.924595673067472,21.941808213585844,0.6065711878372486,0.7387331610243685
235.122,44.439,-6.5,235.28,44.348,-8.9,235.28199999999998,44.525,-8.9,0,-6.8259380875072315,15.92822236824874,-10.666052682735469,21.395632933080364,0.6395842227062375,0.7439804883158369
233.39100000000002,48.789,-6.5,233.607,48.799,-8.9,233.42000000000002,48.929,-8.9,0,5.891696915304891,24.692843937855745,11.999085018830199,34.676761766045246,0.4896246364418303,0.7110016579735277
233.42000000000002,48.929,-8.9,233.439,49.079,-11.5,233.232,49.058,-8.9,0,6.074147346957076,22.65118248162928,12.399938475450474,35.03230631397917,0.488596095381172,0.6452679753546435
235.537,42.797,-11.5,235.38,42.89,-9.3,235.404,42.706,-9.3,0,0.8629257964552495,7.075641837757239,5.795328714421657,11.649705932435097,0.17264964567346142,0.6173788288744086
235.49200000000002,42.189,-9.3,235.314,42.136,-6.5,235.505,42.02,-9.0,0,2.625916471250258,8.109640281673057,7.186864865870859,14.58911931796257,0.38397868410642305,0.5615815927592067
234.389,47.747,-6.5,234.49200000000002,47.584,-6.5,234.591,47.714,-8.7,0,-0.11535156101161284,30.42569178380923,-1.9055213626133387,33.516786228023264,0.06138579069922761,0.907665588585521
235.28,44.168,-8.8,235.124,44.084,-6.5,235.281,43.989,-8.8,0,-5.731959694916629,15.238894606806292,-10.305190948635598,21.849975275229127,0.5554211428956178,0.6968302126415382
235.461,42.355,-9.3,235.59199999999998,42.439,-11.5,235.43200000000002,42.53,-9.3,0,1.2674945776468545,7.378525979603597,6.289781260848315,13.223712621831368,0.22392136173103952,0.5667648539347313
235.35,41.961,-6.5,235.389,41.785,-6.5,235.523,41.862,-8.7,0,3.8464730093635726,8.706642068724605,7.853479202969027,15.591728889612227,0.5050276129012896,0.5615441874382363
235.124,44.084,-6.5,235.128,43.906,-6.5,235.281,43.989,-8.8,0,-5.539347738231712,15.94185971071073,-9.922334993917588,22.09191884936871,0.5573500610693134,0.7210643527725769
235.43200000000002,42.53,-9.3,235.562,42.618,-11.5,235.404,42.706,-9.3,0,1.0080037512206934,7.268955271183073,6.167930078988462,12.381033443846746,0.18657589664740834,0.5968730565164566
234.594,47.42,-6.5,234.688,47.254,-6.5,234.793,47.377,-8.7,0,-0.08476585068542541,29.50486264568726,0.4812450847180898,32.122141965102834,0.031172718466471405,0.918526253569818
235.517,42.976,-11.5,235.35899999999998,43.059,-9.3,235.38,42.89,-9.3,0,0.9167744161464634,6.65763495490765,5.6920466834753825,10.795104710351495,0.18270930483777048,0.6264763734961352
235.14,43.551,-6.5,235.14600000000002,43.373,-6.5,235.293,43.465,-8.8,0,-3.7472313291699013,16.269933741464232,-9.666411805784833,22.63976098768947,0.386529376442216,0.7181237808970742
235.53,40.696,-11.5,235.62900000000002,40.86,-11.5,235.453,40.839,-9.1,0,-5.020338770771092,12.500574078522067,-8.045182985917563,21.15282412550126,0.5922736313383565,0.5873110383348694
235.281,43.989,-8.8,235.128,43.906,-6.5,235.28199999999998,43.815,-8.8,0,-5.197369516004171,15.067113666054896,-10.301520270261875,22.00054564490887,0.5035032565633493,0.6842213371763615
235.517,42.976,-11.5,235.497,43.155,-11.5,235.35899999999998,43.059,-9.3,0,0.8396982726475051,6.143225884483159,5.3752300339292844,10.437980985439111,0.17641740739183454,0.5982278427610678
233.209,48.92,-6.5,233.39100000000002,48.789,-6.5,233.42000000000002,48.929,-8.9,0,5.874109160197879,25.19910866727875,11.33740979226783,35.114698864425264,0.5166188373206709,0.716477687450762
235.128,43.906,-6.5,235.13299999999998,43.729,-6.5,235.28199999999998,43.815,-8.8,0,-4.940036756514708,15.906534587138887,-9.792831886441249,22.299405002088108,0.5033203748087578,0.7127494513491908
235.49200000000002,42.189,-9.3,235.626,42.261,-11.5,235.461,42.355,-9.3,0,1.710105466430724,7.320009339699551,6.605002910139035,13.954534618552998,0.2789786128013444,0.5319188930724248
234.591,47.714,-8.7,234.49200000000002,47.584,-6.5,234.689,47.543,-8.7,0,-0.12690335922974666,30.048260601515306,-3.2393744317116138,33.20444301840901,0.03916588515251695,0.9048319117567785
235.14,43.551,-6.5,235.293,43.465,-8.8,235.288,43.633,-8.8,0,-3.813505457401611,15.473776271585301,-9.76991594848191,22.53493348040149,0.38914813168614726,0.6860582397362609
235.497,43.155,-11.5,235.483,43.335,-11.5,235.34199999999998,43.238,-9.3,0,-1.8642626561123197,13.75449785644061,-8.727161353334793,23.231884122668504,0.2130163479810767,0.5913593409501723
235.28,44.348,-8.9,235.12,44.262,-6.5,235.28,44.168,-8.8,0,-5.7906837351062315,15.847727522126894,-9.607609061557952,22.030223348495838,0.6021304251684336,0.7188162280259537
235.13299999999998,43.729,-6.5,235.14,43.551,-6.5,235.288,43.633,-8.8,0,-4.250970414810677,16.076283768935255,-9.544037283328564,22.551434959324652,0.44416344652685175,0.7123151337441413
235.66,42.083,-11.5,235.626,42.261,-11.5,235.49200000000002,42.189,-9.3,0,1.7895330999987669,6.942024129841753,6.517759145730736,14.409580964104265,0.2932255119033949,0.48814527870932595
235.626,42.261,-11.5,235.59199999999998,42.439,-11.5,235.461,42.355,-9.3,0,1.372883862331417,6.970471108972662,6.469668421442037,13.538744233238958,0.23241395998868802,0.5230604827576739
235.537,42.797,-11.5,235.517,42.976,-11.5,235.38,42.89,-9.3,0,0.7215613975827393,6.624069108120872,5.401144858464448,11.318026098189591,0.1569244395711931,0.5954526493721529
234.49200000000002,47.584,-6.5,234.594,47.42,-6.5,234.689,47.543,-8.7,0,-0.07517637892867614,30.353434131317105,-2.166540971300414,33.13537606472324,0.034060086883760415,0.9159446209308348
233.209,48.92,-6.5,233.42000000000002,48.929,-8.9,233.232,49.058,-8.9,0,6.324332669850525,24.108887401703356,12.208421491611102,35.05813888699038,0.516687677251259,0.6864077980585377
235.59199999999998,42.439,-11.5,235.562,42.618,-11.5,235.43200000000002,42.53,-9.3,0,0.9987318422148578,7.0021612808005615,6.125664409747856,12.79777821642125,0.18525913165859137,0.5566483146626419
235.562,42.618,-11.5,235.537,42.797,-11.5,235.404,42.706,-9.3,0,0.7817697463648969,6.900385286816336,5.751463535475182,12.068098074799906,0.15940033378133903,0.5819638769008993
233.025,49.051,-6.5,233.209,48.92,-6.5,233.232,49.058,-8.9,0,6.216369990894313,24.65644365980022,11.511312909363228,35.511693099983205,0.5385473803879014,0.6929788545567478
235.28199999999998,43.815,-8.8,235.13299999999998,43.729,-6.5,235.288,43.633,-8.8,0,-4.348032496818646,15.289662828028565,-9.701144575046953,22.421795531814297,0.44699212042415337,0.6812815419065038
232.848,49.185,-6.5,233.025,49.051,-6.5,233.049,49.181,-8.9,0,5.7685801063351025,24.471136048533094,10.465647796594554,36.32130894181972,0.5495086186788505,0.6722266543974608
233.232,49.058,-8.9,233.24599999999998,49.207,-11.5,233.049,49.181,-8.9,0,6.4339022340881575,22.14933091470466,12.725843247487532,35.35391866424702,0.5043936625385801,0.6250078272442018
235.239,40.568,-6.5,235.437,40.531,-11.5,235.369,40.642,-9.0,0,-2.1794335049156945,12.649526950909367,-3.0165889364615452,23.986244295175524,0.6138715915701647,0.5238538769895925
233.025,49.051,-6.5,233.232,49.058,-8.9,233.049,49.181,-8.9,0,6.70104692232014,23.600399963640022,12.540245304030687,35.40110343350612,0.5330795771356005,0.6651889810517315
235.495,40.956,-8.9,235.312,40.919,-6.5,235.453,40.839,-9.1,0,-3.7982997688416105,13.741915959241153,-5.366604341388211,21.53103659697274,0.6647133365955548,0.6355184622208346
235.62900000000002,40.86,-11.5,235.495,40.956,-8.9,235.453,40.839,-9.1,0,-3.783184924038883,13.151321656288149,-5.7444213033941764,21.445699642052517,0.6170299124672529,0.6103637199600958
232.24200000000002,49.807,-9.0,232.184,49.75,-6.5,232.29399999999998,49.76,-8.9,0,4.454967495690661,22.930184513507772,9.049351554504243,39.35111407609264,0.49057906575674415,0.5804916307283354
235.35,41.961,-6.5,235.523,41.862,-8.7,235.505,42.02,-9.0,0,3.487508108053927,8.131409292775649,7.935194581726051,15.08516849113252,0.4546684159142761,0.5430546077513955
235.66,42.083,-11.5,235.49200000000002,42.189,-9.3,235.505,42.02,-9.0,0,2.233854448767149,7.3385619010409,6.797959658071676,14.749937596948627,0.3465713982022288,0.5030636618210093
235.239,40.568,-6.5,235.2,40.393,-6.5,235.30700000000002,40.454,-9.0,0,-0.5712344985008063,11.676895610699287,-0.3480917496205507,24.920956954230576,0.6178978540642299,0.46535191227665434
232.184,49.75,-6.5,232.34300000000002,49.605,-6.5,232.29399999999998,49.76,-8.9,0,3.595143652818633,23.706479098672258,7.060739769531567,39.50475129108024,0.5065626536884498,0.5979446226741926
235.362,40.361,-11.5,235.437,40.531,-11.5,235.30700000000002,40.454,-9.0,0,-3.401245801536897,10.737840306459217,-5.481062397509078,24.340678036386663,0.5556153728473805,0.43648471664046307
232.486,49.729,-11.5,232.301,49.864,-11.5,232.29399999999998,49.76,-8.9,0,5.345831317093051,21.156769967610494,11.423169056568954,38.45058531993915,0.46693185325860115,0.5480487275692252
232.301,49.864,-11.5,232.24200000000002,49.807,-9.0,232.29399999999998,49.76,-8.9,0,4.349322089433453,22.005016434448653,9.180248768759645,39.32136526069005,0.47221021028387655,0.5574186180425891
236.184,40.566,-16.5,236.152,40.789,-15.1,235.957,40.658,-14.8,0,-3.3808227274453158,6.507116383263499,-15.063373716932063,17.063854488872195,0.21275198464855938,0.37548768019983203
235.66500000000002,40.558,-13.7,235.437,40.531,-11.5,235.589,40.434,-14.4,0,-7.412163129851341,8.523353772417618,-14.968774469330896,18.693030538275472,0.47689716138446636,0.4480497631068554
235.791,41.197,-11.5,235.953,41.067,-13.0,236.07999999999998,41.27,-14.3,0,1.2889005561416507,9.291270894001688,3.361989432898838,20.11034723683892,0.4253835836896301,0.4610844738659387
236.184,40.566,-16.5,236.338,40.699,-16.5,236.152,40.789,-15.1,0,-2.4912045203906343,5.295766965315988,-16.08995230780701,15.942421201183315,0.14617667059055475,0.3264294494730397
235.821,41.375,-11.5,235.791,41.197,-11.5,236.07999999999998,41.27,-14.3,0,-0.42200216934266976,9.150174311252988,-0.6415434177464476,19.910350074896627,0.44939474282631725,0.4584507907394486
235.57999999999998,40.297,-16.5,235.762,40.409,-16.5,235.589,40.434,-14.4,0,-7.149930329478316,5.699663124656714,-18.66148885469528,15.865578503291616,0.37050343298387955,0.3476180218112577
234.252,48.806,-16.5,234.055,48.93,-16.5,234.015,48.696,-11.5,0,4.443355888069469,19.260010344050162,14.25195003049804,33.34577215036521,0.31073874950539015,0.5766676883261492
234.055,48.93,-16.5,233.824,48.823,-11.5,234.015,48.696,-11.5,0,4.719662354697295,20.85680276888709,13.267236807859366,33.93262136204643,0.35457459160260785,0.6136926390793531
235.29500000000002,47.575,-16.5,235.091,47.615,-14.3,235.188,47.383,-13.7,0,0.0016539283777707657,25.569042018542884,-0.985349090676495,32.62590485476979,-0.004056493888294759,0.7833320866896935
232.701,49.817,-16.5,232.486,49.729,-11.5,232.67000000000002,49.595,-11.5,0,5.14898199135145,19.214219902238828,11.672279680270798,37.647166000958954,0.44019064472634206,0.5083818486676208
232.885,49.684,-16.5,232.701,49.817,-16.5,232.67000000000002,49.595,-11.5,0,4.955169330021105,17.82400617163041,11.948803925001986,37.39196606772656,0.4138735558468759,0.4748088860705685
235.091,47.615,-14.3,234.988,47.428,-11.5,235.188,47.383,-13.7,0,-0.14967186546212913,26.340584454698412,2.6295271474141497,31.9702582510086,0.003743091910120115,0.8242787746909028
235.64600000000002,46.902,-16.5,235.578,47.074,-16.5,235.438,46.856,-13.6,0,-0.506057759163513,19.538044190865076,-2.622834329800156,30.40014015482149,0.15151872596595722,0.6426745477845042
232.885,49.684,-16.5,232.67000000000002,49.595,-11.5,232.858,49.463,-11.5,0,5.519552429561024,19.127849789248963,12.30668101357623,37.020773327396505,0.44757531844038323,0.51481183647861
235.438,46.856,-13.6,235.578,47.074,-16.5,235.356,47.067,-13.7,0,-0.37211700482593557,21.501829699197433,-1.9452171888999885,30.640799892413114,0.1321628699029468,0.701831572161445
232.885,49.684,-16.5,232.858,49.463,-11.5,233.07299999999998,49.553,-16.5,0,5.271601355205646,17.703580487910827,12.580890118124508,36.759491899585655,0.4181956576207582,0.4798615538756612
234.055,48.93,-16.5,233.856,49.052,-16.5,233.824,48.823,-11.5,0,5.120187841165923,18.667010415091866,14.638682020381502,33.653502505065475,0.34883269356135027,0.5536304192888521
233.856,49.052,-16.5,233.632,48.952,-11.5,233.824,48.823,-11.5,0,5.140382123383665,20.36816753497586,13.096083504032116,34.493649363640564,0.39139483056997987,0.5893854911164812
233.07299999999998,49.553,-16.5,232.858,49.463,-11.5,233.05200000000002,49.335,-11.5,0,6.0163587475947535,18.975109017783716,13.34448160664277,36.23676396074414,0.4499898870888696,0.5219104209846476
233.26600000000002,49.426,-16.5,233.05200000000002,49.335,-11.5,233.24599999999998,49.207,-11.5,0,5.969529589304679,19.083734856286775,13.352459984657742,35.80072732224105,0.4461580614490799,0.5314795456189025
233.26600000000002,49.426,-16.5,233.07299999999998,49.553,-16.5,233.05200000000002,49.335,-11.5,0,5.656844028935006,17.554241529493332,13.53234878125102,36.00144423603352,0.4172439951337515,0.4859869624332215
233.45999999999998,49.299,-16.5,233.26600000000002,49.426,-16.5,233.24599999999998,49.207,-11.5,0,5.611492721047391,17.69061198727353,13.621993238946423,35.5300382352858,0.411111644056651,0.49644071768004217
233.45999999999998,49.299,-16.5,233.24599999999998,49.207,-11.5,233.439,49.079,-11.5,0,5.806709087029708,19.398515151065578,13.277544624953578,35.38845060593371,0.43635415490584045,0.546743706456098
233.856,49.052,-16.5,233.65699999999998,49.175,-16.5,233.632,48.952,-11.5,0,5.500176891378574,18.21818275284881,14.517302343752139,34.210914715863666,0.37799064130229365,0.5313370231906557
233.65699999999998,49.175,-16.5,233.45999999999998,49.299,-16.5,233.439,49.079,-11.5,0,5.6881300182114245,17.872828668945868,14.238539701488985,34.81190510170808,0.3986504857096805,0.5120837567117196
233.65699999999998,49.175,-16.5,233.439,49.079,-11.5,233.632,48.952,-11.5,0,5.624764858677738,19.786251924351262,13.410730063343646,34.86045416063961,0.41840021519469706,0.5663231630260253
235.872,40.885,-13.0,235.62900000000002,40.86,-11.5,235.765,40.729,-13.2,0,-6.020985783094599,10.096124683567673,-12.05096510068688,18.628730287351008,0.48126246978287707,0.5374792976507945
235.762,40.409,-16.5,235.66500000000002,40.558,-13.7,235.589,40.434,-14.4,0,-6.422496762540573,7.50122589867183,-15.64197918199062,18.2754706563222,0.3935610623024525,0.40198810601787077
236.07999999999998,41.27,-14.3,235.953,41.067,-13.0,236.171,41.092,-14.8,0,1.7197510718094973,8.032774501092542,5.34209791941484,19.77417922545243,0.34512633925411335,0.4056102577898141
235.872,40.885,-13.0,235.765,40.729,-13.2,235.98399999999998,40.797,-14.1,0,-5.34550320806466,9.061425688882464,-12.778652163172666,18.168602003950316,0.40189251728966024,0.49398611365137435
235.821,41.375,-11.5,236.07999999999998,41.27,-14.3,236.01600000000002,41.447,-14.3,0,3.4026254000996246,6.931059451180357,8.80044701121966,17.404557141037913,0.3973976069953665,0.3981414392372888
235.999,41.908,-16.5,235.704,41.907,-11.5,235.902,41.803,-14.4,0,2.0272275440679013,5.252145022410708,6.843777265779607,15.7081037280918,0.30877162070881553,0.33693969433359794
235.704,41.907,-11.5,235.999,41.908,-16.5,235.813,42.029,-13.8,0,1.7507792279516738,5.3648433743675685,6.309933883075104,15.552648320797516,0.2917214615476723,0.34825928208678153
235.503,46.651,-13.7,235.697,46.726,-16.5,235.438,46.856,-13.6,0,-1.3710593330538892,18.929841125219433,-5.882657906093538,29.490740460127988,0.217719547717518,0.6409085749365697
235.697,46.726,-16.5,235.64600000000002,46.902,-16.5,235.438,46.856,-13.6,0,-1.1194872935201365,18.206370640503007,-5.456108809127709,29.722364827596024,0.18833056841733883,0.6119997521272031
235.578,47.074,-16.5,235.49200000000002,47.243,-16.5,235.356,47.067,-13.7,0,-0.1089193920019837,21.39399340226126,0.28347467331891885,30.97949166721928,0.09134655535106319,0.6911257736949501
235.356,47.067,-13.7,235.49200000000002,47.243,-16.5,235.27800000000002,47.225,-13.7,0,-0.14921294770930646,23.104858471456232,-0.2234520182488211,31.17185968303668,0.07271692392945606,0.7417138428302458
235.975,40.484,-16.5,236.184,40.566,-16.5,235.957,40.658,-14.8,0,-4.45013425128836,3.923424221370898,-20.755367162998255,10.516548449113245,0.2080309372906927,0.36051080235159133
235.53,40.696,-11.5,235.437,40.531,-11.5,235.66500000000002,40.558,-13.7,0,-4.460907165074185,11.213689784997115,-7.9278545013180235,22.116867268304233,0.5234953113533596,0.5023896179828435
235.537,46.492,-13.8,235.739,46.55,-16.5,235.503,46.651,-13.7,0,-2.534159435809539,17.063528164948632,-9.025092051220092,28.20572486326686,0.2716328718164377,0.6030896740419333
235.27800000000002,47.225,-13.7,235.39600000000002,47.41,-16.5,235.188,47.383,-13.7,0,-0.10696873834400301,24.284601962528484,1.6394122248887602,31.5615129586255,0.028025902410144226,0.7700430883982841
235.49200000000002,47.243,-16.5,235.39600000000002,47.41,-16.5,235.27800000000002,47.225,-13.7,0,-0.07495711226161136,22.827444713490923,1.891045231394136,31.36401881351741,0.041938672356631825,0.7285528159174196
235.739,46.55,-16.5,235.697,46.726,-16.5,235.503,46.651,-13.7,0,-1.7434576035197578,16.447554803351466,-6.8593012761513705,28.965785696543193,0.24168545242996967,0.5663616276086687
235.72199999999998,41.026,-11.5,235.62900000000002,40.86,-11.5,235.872,40.885,-13.0,0,-4.161761174658224,11.371493734352297,-7.673823100087958,20.304009307360587,0.513906976649428,0.5570090785344809
235.767,42.348,-14.2,235.626,42.261,-11.5,235.814,42.16,-14.3,0,1.1881663481714473,5.719947787079883,6.318874255500305,13.981941945023948,0.2049297507716368,0.41609080086607064
235.924,42.261,-16.5,235.767,42.348,-14.2,235.814,42.16,-14.3,0,0.9173171627183557,4.9605115402824875,5.9736538719631085,14.04759847995959,0.16940046737255468,0.3596446206161585
235.39600000000002,47.41,-16.5,235.29500000000002,47.575,-16.5,235.188,47.383,-13.7,0,-0.15065666531512745,23.90799746095004,2.7819020707717783,31.73443874155936,0.005175343970280222,0.7540539465736125
235.765,40.729,-13.2,235.957,40.658,-14.8,235.98399999999998,40.797,-14.1,0,-5.288812807439005,8.262570136440672,-14.197621753782812,17.548911078941835,0.3576754965348149,0.46515711279997013
234.882,47.593,-11.5,235.091,47.615,-14.3,234.99599999999998,47.78,-14.3,0,0.005684011669359825,27.111072289488327,-2.4276185403317356,32.98939572880546,-0.0025048237511247472,0.8215272107272549
235.798,41.554,-11.5,235.821,41.375,-11.5,236.01600000000002,41.447,-14.3,0,2.1183114719725356,7.7034279388441975,5.099495249166722,18.419711078230335,0.4358318284170572,0.41803959038759986
234.79000000000002,47.762,-11.5,234.882,47.593,-11.5,234.99599999999998,47.78,-14.3,0,-0.02681261953885349,27.71251135912302,-3.3311257403783223,33.09928858956176,0.008218253749677717,0.8370073430132365
234.79000000000002,47.762,-11.5,234.99599999999998,47.78,-14.3,234.899,47.95,-14.3,0,-0.03860138272491583,27.013829182259926,-2.5326827190442316,33.38879054374331,0.01624177313617606,0.8087809505815167
235.953,41.067,-13.0,235.72199999999998,41.026,-11.5,235.872,40.885,-13.0,0,-2.969936190212884,10.719662966356928,-5.984626473828968,20.457367241540027,0.46352286093700334,0.5215018619371148
235.791,41.197,-11.5,235.72199999999998,41.026,-11.5,235.953,41.067,-13.0,0,-2.629277763000599,10.67776936719399,-4.984321926165762,20.214708361812157,0.4921778978553781,0.5261427131153319
234.882,47.593,-11.5,234.988,47.428,-11.5,235.091,47.615,-14.3,0,-0.003249002292866011,27.69470875686983,-0.9810300665374196,32.867169572177346,0.0011526527391323333,0.8423768481700293
234.699,47.931,-11.5,234.79000000000002,47.762,-11.5,234.899,47.95,-14.3,0,-0.12464568651968662,27.46962963374214,-3.465093375187152,33.49585374225727,0.03705894499659749,0.8198304246575515
235.764,45.835,-16.5,235.59199999999998,45.948,-13.8,235.61700000000002,45.743,-14.1,0,-5.582713121039202,14.408643305780995,-12.571202756138653,25.08390631793772,0.43580460983691033,0.5712162339463293
236.338,40.699,-16.5,236.372,40.874,-16.5,236.152,40.789,-15.1,0,-0.5667300344145934,6.934532928589857,-2.928231035422158,21.955175872568873,0.14508684283632475,0.31410466157515227
235.59199999999998,45.948,-13.8,235.452,45.851,-11.5,235.61700000000002,45.743,-14.1,0,-6.207831020380063,16.376180289856286,-12.77400439169007,25.09911006302943,0.4773889333635651,0.6494342917104323
234.699,47.931,-11.5,234.899,47.95,-14.3,234.80200000000002,48.108,-14.3,0,-0.07131560864379546,26.626025097222648,-1.4386424290723845,33.869555048654384,0.053818284683275514,0.7858216826682871
235.798,41.554,-11.5,236.01600000000002,41.447,-14.3,235.95999999999998,41.624,-14.4,0,3.251053701207438,6.162569040915334,8.530271894341453,16.64611921232469,0.39111030479879383,0.3706277904606859
235.753,46.371,-16.5,235.739,46.55,-16.5,235.537,46.492,-13.8,0,-3.275625790893764,14.67319888077684,-11.220729450141416,27.106209787686936,0.28486469034113854,0.538984572101517
235.753,46.371,-16.5,235.537,46.492,-13.8,235.561,46.308,-13.8,0,-3.2637354989425615,16.12583792249072,-9.961988707194571,27.481053449053704,0.31895725169585765,0.5842452537119333
234.601,48.098,-11.5,234.699,47.931,-11.5,234.80200000000002,48.108,-14.3,0,-0.17540356430445825,27.024077424413527,-2.2221103610550728,34.01468095051678,0.08231726497557003,0.7941856211625283
235.53,40.696,-11.5,235.66500000000002,40.558,-13.7,235.765,40.729,-13.2,0,-6.570473928872924,9.883762773923168,-12.960505412989477,19.086825997591106,0.4870060995624224,0.512012421310645
232.52100000000002,49.954,-16.5,232.411,49.909,-14.0,232.527,49.856,-14.7,0,4.323707059394419,17.821411394981226,10.840060494189201,38.3096993145216,0.39802358543547306,0.4631761085551316
235.75,41.73,-11.5,235.95999999999998,41.624,-14.4,235.902,41.803,-14.4,0,2.8464517917156416,5.678098905383354,8.012548660229484,15.983490045706475,0.3657869208541761,0.3566871381415083
235.75,41.73,-11.5,235.798,41.554,-11.5,235.95999999999998,41.624,-14.4,0,2.9909317912586286,6.53597725787395,7.4857466919909115,16.701912083943654,0.4116587278714652,0.3921991199283346
235.957,40.658,-14.8,236.152,40.789,-15.1,235.98399999999998,40.797,-14.1,0,-4.378171084078096,7.172044345352955,-14.88016799440851,16.763249452851667,0.28209240573805716,0.4222398758718932
235.62900000000002,40.86,-11.5,235.53,40.696,-11.5,235.765,40.729,-13.2,0,-4.721424755927917,11.648658254500983,-8.444333113816725,20.936149568895317,0.5280346812248723,0.5524794609256842
235.66500000000002,40.558,-13.7,235.762,40.409,-16.5,235.834,40.575,-14.8,0,-7.014040017480099,6.187261064967325,-18.71466934818099,14.594152038962292,0.3636118022793959,0.41338335280343996
235.762,40.409,-16.5,235.975,40.484,-16.5,235.834,40.575,-14.8,0,-6.243379965655804,4.098205920373999,-21.278979646875342,10.53167896972029,0.286295162613707,0.37403893044169373
234.49099999999999,48.262,-11.5,234.601,48.098,-11.5,234.692,48.276,-14.3,0,-0.011529642798581216,26.24265532497388,-0.16520499926398102,34.50158398403761,0.1391096408229316,0.7602531710643794
235.757,46.192,-16.5,235.753,46.371,-16.5,235.561,46.308,-13.8,0,-4.2321321459224635,13.833515034957427,-12.6839892698599,26.018108907449733,0.3269862126727656,0.5287356670350005
235.757,46.192,-16.5,235.561,46.308,-13.8,235.577,46.123,-13.8,0,-4.152628377661623,15.432008675354211,-11.145740641778147,26.602092410781783,0.3643080852122188,0.5771055518805687
234.252,48.806,-16.5,234.015,48.696,-11.5,234.25400000000002,48.682,-14.2,0,4.0508999867767335,20.42809592908165,13.448112971371415,33.45045124179312,0.3000661414906514,0.6098512778765478
235.975,40.484,-16.5,235.957,40.658,-14.8,235.834,40.575,-14.8,0,-5.1927560288205115,6.179830206968488,-17.738714720522125,15.150647812134068,0.28170921051605724,0.3991559967923938
234.692,48.276,-14.3,234.601,48.098,-11.5,234.80200000000002,48.108,-14.3,0,-0.03526672556109797,25.894684446652803,-0.4319642794050953,34.31581988407837,0.10453312447319335,0.754234673328043
234.56,48.407,-13.8,234.625,48.547,-16.5,234.42000000000002,48.553,-14.1,0,1.7409050488082645,21.726696967423884,8.84765309382584,34.025018560541405,0.19506033556709146,0.6379404900065877
235.704,41.907,-11.5,235.75,41.73,-11.5,235.902,41.803,-14.4,0,2.601943043043667,6.120708747157516,7.238157107582111,15.911999663146815,0.372222895582067,0.38692189453103126
232.486,49.729,-11.5,232.701,49.817,-16.5,232.527,49.856,-14.7,0,4.892729138121701,18.38540093269444,11.679753919680762,37.84479875413051,0.41807754924040597,0.48380611573247023
235.953,41.067,-13.0,236.05700000000002,40.92,-14.1,236.171,41.092,-14.8,0,-0.7116504163150438,8.996233120651842,-1.6427850249634446,21.004188450018347,0.3367254238138273,0.42671581227108424
235.999,41.908,-16.5,235.957,42.084,-16.5,235.813,42.029,-13.8,0,1.3559944562648105,4.534823109746494,6.230318032451152,15.217891214990686,0.23086417611258903,0.301570345903912
235.626,42.261,-11.5,235.66,42.083,-11.5,235.814,42.16,-14.3,0,1.4611897785315584,6.156017054275545,6.157358156304838,14.551490864725253,0.25508556182834996,0.42911003627765393
235.75900000000001,46.013,-16.5,235.757,46.192,-16.5,235.577,46.123,-13.8,0,-4.83340853850276,13.539453948263809,-12.961771431353586,25.459135168561367,0.36580249545272037,0.5285800716640986
235.251,46.919,-11.5,235.438,46.856,-13.6,235.356,47.067,-13.7,0,-0.4409665476664116,23.25369692604744,-2.252636785272305,30.62139520271736,0.1467869375252406,0.7592019583738131
235.75900000000001,46.013,-16.5,235.577,46.123,-13.8,235.59199999999998,45.948,-13.8,0,-4.612969372154905,15.160420776291447,-11.181209594607996,26.189305229538938,0.4037535137510356,0.5757403613213566
234.368,48.422,-11.5,234.56,48.407,-13.8,234.42000000000002,48.553,-14.1,0,1.8444750611919072,23.46077011469157,8.463638659961436,34.199288255907454,0.2160748521910189,0.685422365940134
235.924,42.261,-16.5,235.89600000000002,42.439,-16.5,235.767,42.348,-14.2,0,0.552335170702692,4.776099136085438,4.982971822368654,13.916802467497632,0.12917462116229964,0.3503032469922299
235.356,46.567,-11.5,235.537,46.492,-13.8,235.503,46.651,-13.7,0,-2.6896378642776297,19.582476145120072,-9.193226408789869,28.30352554149192,0.2835873031548113,0.6901134327458742
235.622,43.956,-14.0,235.461,43.874,-11.5,235.626,43.781,-14.0,0,-3.0988290349587415,9.633657839052058,-10.021093482944153,22.2390939002851,0.30821582133784636,0.4321398517534892
235.69,42.873,-14.1,235.537,42.797,-11.5,235.713,42.695,-14.2,0,0.37593499157729,5.798024835088299,4.669522726912959,11.963116360454109,0.10427880890463799,0.4951913805038888
235.713,42.695,-14.2,235.562,42.618,-11.5,235.737,42.515,-14.1,0,0.5529288540527546,5.861706806202779,5.562867129870028,12.497656513727406,0.11989650855112079,0.47912494418958634
235.67000000000002,43.056,-14.2,235.517,42.976,-11.5,235.69,42.873,-14.1,0,0.46877447198956385,5.2872709578044494,5.170833505101257,10.831714313384907,0.10961921829550932,0.49899664922328285
234.777,48.4,-16.5,234.625,48.547,-16.5,234.56,48.407,-13.8,0,1.2009639259326705,21.521429330902023,7.466905428314007,34.17288958988273,0.15896336896838525,0.6292105692638988
235.642,43.421,-14.1,235.483,43.335,-11.5,235.649,43.242,-14.1,0,-1.6459052349550334,10.888312454681433,-9.652037307945918,22.84902411616433,0.16984726285119545,0.47567208856097315
235.957,40.658,-14.8,235.765,40.729,-13.2,235.834,40.575,-14.8,0,-6.437582845335057,7.010485505929873,-17.273886581877605,15.113680374058482,0.36116306026421136,0.4558535515566415
235.537,42.797,-11.5,235.562,42.618,-11.5,235.713,42.695,-14.2,0,0.5568146408873795,6.21495493920084,5.396890711907872,12.153258616073288,0.12552831904947695,0.5218356797384529
235.764,45.835,-16.5,235.75900000000001,46.013,-16.5,235.59199999999998,45.948,-13.8,0,-5.094206210881652,13.478510575988022,-12.530666958879277,25.274695955241683,0.39872366369419304,0.530026531569412
235.649,43.242,-14.1,235.497,43.155,-11.5,235.67000000000002,43.056,-14.2,0,-1.168730256350251,11.53738267616956,-8.714819688823255,23.384560553627708,0.13385988963784828,0.4925965226718076
235.517,42.976,-11.5,235.537,42.797,-11.5,235.69,42.873,-14.1,0,0.5002710206805391,5.952848127644525,5.045033412238041,11.39423036410949,0.12153121445956812,0.5330940629730867
235.497,43.155,-11.5,235.517,42.976,-11.5,235.67000000000002,43.056,-14.2,0,0.5959408893920718,5.48486374808468,5.015367144052561,10.500595940863548,0.13819937371959332,0.5325859290443962
235.475,43.514,-11.5,235.483,43.335,-11.5,235.642,43.421,-14.1,0,-2.0359965128944846,11.514965482183083,-9.512903630782176,22.824854987372603,0.21312868017788691,0.5036285999027161
235.461,44.053,-11.5,235.461,43.874,-11.5,235.622,43.956,-14.0,0,-3.8223164408813624,10.486361329940342,-10.506487441818166,21.930409957280204,0.36286659415146516,0.4771635569344608
235.309,46.744,-11.5,235.503,46.651,-13.7,235.438,46.856,-13.6,0,-1.4357523240041177,21.357387688625384,-6.1303685842202,29.564668733064178,0.21980915734598888,0.7214396230148795
235.562,42.618,-11.5,235.59199999999998,42.439,-11.5,235.737,42.515,-14.1,0,0.7555445892044603,6.307254761974526,5.778564341380871,12.895016058110912,0.15186727321267557,0.49868233789150235
236.152,40.789,-15.1,236.372,40.874,-16.5,236.231,40.941,-15.3,0,-1.187077291953218,7.12255399087296,-5.6264610072940116,21.028917263349996,0.1858540038213708,0.3365738793294221
235.781,43.867,-16.5,235.622,43.956,-14.0,235.626,43.781,-14.0,0,-2.5490194154494623,7.799308411283012,-10.050599385053914,22.265562503961064,0.2526697094514118,0.34917963138514885
235.17000000000002,47.09,-11.5,235.356,47.067,-13.7,235.27800000000002,47.225,-13.7,0,-0.16717477920784968,24.653458691973846,-0.47955272767578627,31.148034576307253,0.08351701020063187,0.7917312896633796
235.631,43.603,-14.1,235.475,43.514,-11.5,235.642,43.421,-14.1,0,-1.956222952316417,10.4265514668241,-9.174601605302641,22.910836628156176,0.21221405276136965,0.4541487269892584
235.465,43.694,-11.5,235.475,43.514,-11.5,235.631,43.603,-14.1,0,-2.43664708160102,11.105707774234059,-9.272539891128574,22.788930739164343,0.2616580175704301,0.48639287246971974
235.082,47.26,-11.5,235.27800000000002,47.225,-13.7,235.188,47.383,-13.7,0,-0.09584337027305363,25.67750740063332,1.3883226438133534,31.54983346945847,0.03682573337693888,0.8142624421318029
235.461,43.874,-11.5,235.465,43.694,-11.5,235.626,43.781,-14.0,0,-3.1408087604348904,10.634659867858824,-10.01904507467107,22.297856027452255,0.31239641188696354,0.4759512778485195
235.466,44.952,-11.5,235.623,44.85,-14.0,235.627,45.031,-14.1,0,-7.197843050040117,13.559254782513376,-13.224908693112013,22.62837092932819,0.5361126116899753,0.5957805738658757
235.799,43.33,-16.5,235.642,43.421,-14.1,235.649,43.242,-14.1,0,-1.2722682245122232,9.161099142721238,-9.680993758587377,22.848343843478048,0.13081899238796899,0.40004007653111834
235.471,40.329,-14.0,235.57999999999998,40.297,-16.5,235.589,40.434,-14.4,0,-5.931542609972899,7.374797065118071,-13.473760184835726,21.002236096002925,0.416885187993175,0.3430960781488994
235.537,46.492,-13.8,235.388,46.389,-11.5,235.561,46.308,-13.8,0,-3.561019716816964,18.55114595153916,-10.207247446312898,27.534600218283224,0.34018090732801454,0.671349382124362
235.461,44.413,-11.5,235.461,44.233,-11.5,235.622,44.316,-14.0,0,-4.836718519542353,11.311888336707948,-10.506487283166592,21.643279598280984,0.45981090918457157,0.5217301850482372
235.483,43.335,-11.5,235.497,43.155,-11.5,235.649,43.242,-14.1,0,-1.5082058602895194,12.193457280862065,-8.755187896271252,23.28571374491274,0.17172248428994796,0.5228633583805374
235.788,43.688,-16.5,235.781,43.867,-16.5,235.626,43.781,-14.0,0,-2.007053946863356,7.04737993733093,-9.704042101222313,22.499565554450825,0.20587424118851505,0.3121265941536424
235.459,45.672,-11.5,235.464,45.492,-11.5,235.623,45.569,-14.1,0,-7.130127180202114,16.64697511332043,-12.949803090474674,24.393737858381307,0.5416817400653948,0.6796067831444224
235.78199999999998,44.046,-16.5,235.781,44.225,-16.5,235.62,44.135,-14.0,0,-3.0472186738896774,7.086350133427729,-10.445037585967782,21.865410857303658,0.29104655334413354,0.32296474051927243
235.461,44.053,-11.5,235.622,43.956,-14.0,235.62,44.135,-14.0,0,-3.67858447114876,9.698202575104167,-10.27868228379073,21.98521045774946,0.35703956605833814,0.44007639170726454
235.793,43.509,-16.5,235.788,43.688,-16.5,235.631,43.603,-14.1,0,-1.6622344632789283,7.3850819358440125,-9.949766346356455,22.511096074078424,0.1661651526591037,0.3270229323001525
235.462,44.593,-11.5,235.461,44.413,-11.5,235.622,44.494,-14.0,0,-5.331817539126877,11.97431798909199,-10.624719919116217,21.44172847548252,0.5014475621429472,0.5576228082399673
235.626,43.781,-14.0,235.465,43.694,-11.5,235.631,43.603,-14.1,0,-2.790992234052888,9.69800421264907,-10.696865953688302,22.065470500123254,0.2598897629279602,0.4384999862899796
235.452,45.851,-11.5,235.459,45.672,-11.5,235.61700000000002,45.743,-14.1,0,-6.6207820682392775,17.118324001289498,-12.670928844673846,24.97866434055629,0.5135714409255209,0.6824600902743557
235.461,44.233,-11.5,235.461,44.053,-11.5,235.62,44.135,-14.0,0,-4.3443352417491585,10.7675661370384,-10.506284337326946,21.79254608988863,0.41275436928062065,0.49311465442120206
235.463,44.773,-11.5,235.462,44.593,-11.5,235.622,44.672,-14.0,0,-5.6849020915258395,12.656506653439456,-10.624134007290124,21.30066231733906,0.5348179811997359,0.5934507330872582
235.461,44.413,-11.5,235.622,44.316,-14.0,235.622,44.494,-14.0,0,-4.737378607265705,10.72079163468211,-10.52147809412979,21.577826090833312,0.4497938962943122,0.4959003454590291
235.464,45.492,-11.5,235.623,45.386,-14.1,235.623,45.569,-14.1,0,-7.25935188003492,15.301973864446637,-13.503710237222023,23.7984249403372,0.529107215979167,0.6399821049610128
235.788,43.688,-16.5,235.626,43.781,-14.0,235.631,43.603,-14.1,0,-2.2535354880067615,7.893790484297741,-10.739161665060564,22.062339392760407,0.20889751894207564,0.35672769650373815
235.082,47.26,-11.5,235.17000000000002,47.09,-11.5,235.27800000000002,47.225,-13.7,0,-0.12936032752532767,25.8032004815937,0.012248662027168677,31.360582136075926,0.061108121122825744,0.8230391224077206
235.561,46.308,-13.8,235.414,46.21,-11.5,235.577,46.123,-13.8,0,-4.577503704784754,17.68230980959716,-11.377412667050596,26.632701038007696,0.3938574819248182,0.6611178153354219
235.46699999999998,45.312,-11.5,235.469,45.132,-11.5,235.627,45.212,-14.1,0,-7.720185845135034,15.494545817129667,-13.348543290507763,23.294309107905836,0.5698241664277784,0.662209235066987
235.356,46.567,-11.5,235.388,46.389,-11.5,235.537,46.492,-13.8,0,-2.9541548524447228,20.202488701926246,-8.981089371112343,28.21227710462674,0.319230429325473,0.7140951797571713
235.17000000000002,47.09,-11.5,235.251,46.919,-11.5,235.356,47.067,-13.7,0,-0.24633627150837395,24.685595620962534,-1.1031032691781064,30.915401865623153,0.1159467591723499,0.7984665393569201
235.469,45.132,-11.5,235.466,44.952,-11.5,235.627,45.031,-14.1,0,-8.058392315021424,14.575622492747335,-13.97675528724572,22.4629222041846,0.5686725186437107,0.6456527112796556
235.462,44.593,-11.5,235.622,44.494,-14.0,235.622,44.672,-14.0,0,-5.140679196559036,11.45342117256418,-10.521580552821433,21.437430297487168,0.4882514340472455,0.5334242270674792
235.466,44.952,-11.5,235.463,44.773,-11.5,235.623,44.85,-14.0,0,-7.899651554735248,13.798475884005509,-13.978192081503732,22.001574438060768,0.5576318741445481,0.6236643731974458
235.81,43.151,-16.5,235.799,43.33,-16.5,235.649,43.242,-14.1,0,-0.9118486263028242,8.70661281480648,-9.185430434479471,23.131805626204056,0.0988772290360129,0.37550946386180045
235.953,41.067,-13.0,235.872,40.885,-13.0,236.05700000000002,40.92,-14.1,0,-2.6707912243522247,9.779305279996024,-6.408227607727042,20.44525237592873,0.38739754885981953,0.4757444565656232
235.62,44.135,-14.0,235.781,44.225,-16.5,235.622,44.316,-14.0,0,-3.7076357269758096,8.161467496800304,-10.78816797589026,21.615153796653615,0.34305708056552847,0.37648662899342394
235.309,46.744,-11.5,235.356,46.567,-11.5,235.503,46.651,-13.7,0,-1.792746677980995,21.57275538816719,-6.635175922046631,29.25968532397008,0.2569986102585944,0.7359636957894861
235.781,44.225,-16.5,235.78,44.403,-16.5,235.622,44.316,-14.0,0,-3.4997269492786804,7.625959354977644,-10.445155414790179,21.730587342093116,0.3345278366154699,0.34984550949379806
235.463,44.773,-11.5,235.622,44.672,-14.0,235.623,44.85,-14.0,0,-5.5126985467118335,12.086482629380262,-10.640082020974106,21.23537555270076,0.5178617486264285,0.5684285565851622
235.793,43.509,-16.5,235.631,43.603,-14.1,235.642,43.421,-14.1,0,-1.5507568253497352,8.626245271200547,-9.203537335055756,22.899898425518842,0.16758497899951216,0.37569914344414973
235.461,44.233,-11.5,235.62,44.135,-14.0,235.622,44.316,-14.0,0,-4.365816467679363,10.016591069331257,-10.758322752841664,21.60503799326817,0.40517247040508725,0.4626089680722299
235.81,43.151,-16.5,235.649,43.242,-14.1,235.67000000000002,43.056,-14.2,0,-0.8791752174773454,9.835427519095393,-8.77978580489679,23.358587931503834,0.0999346429943653,0.4202330998115519
235.622,43.956,-14.0,235.78199999999998,44.046,-16.5,235.62,44.135,-14.0,0,-3.074279999293549,7.83435591825077,-10.308406466521703,21.99260540754817,0.297425583712669,0.3551101609547011
234.015,48.696,-11.5,234.197,48.561,-11.5,234.25400000000002,48.682,-14.2,0,3.5811564389218757,22.53261629279437,11.491100614936329,33.95830203739814,0.3102012840125042,0.6627646983241047
235.464,45.492,-11.5,235.46699999999998,45.312,-11.5,235.623,45.386,-14.1,0,-7.5361605742378455,16.11643165765934,-13.219100118613483,23.813171211286857,0.5613564456205193,0.6739430015769099
235.622,44.316,-14.0,235.78,44.403,-16.5,235.622,44.494,-14.0,0,-4.083673819650513,8.860499530027095,-10.551111880486445,21.59656927512046,0.38657437768725966,0.4092413471100326
235.78,44.403,-16.5,235.779,44.582,-16.5,235.622,44.494,-14.0,0,-3.9283213819365983,8.353001437177374,-10.446416658501704,21.590319679196142,0.37565087635207,0.38586980349338373
235.825,42.973,-16.5,235.67000000000002,43.056,-14.2,235.69,42.873,-14.1,0,0.2991455963614319,4.56249842759836,4.823766863313807,10.872153396692312,0.07963236515058379,0.4304621367373593
235.95999999999998,41.624,-14.4,236.04399999999998,41.732,-16.5,235.902,41.803,-14.4,0,2.343386088434267,4.892291524552936,7.684320033872382,16.107023128127736,0.31495575588457747,0.3050017135751038
235.623,44.85,-14.0,235.776,44.94,-16.5,235.627,45.031,-14.1,0,-6.325408663604321,11.71012713813126,-13.022562413848433,22.627395396447003,0.4777124098945769,0.5138833604887763
235.781,43.867,-16.5,235.78199999999998,44.046,-16.5,235.622,43.956,-14.0,0,-2.656558744043995,6.815871683797516,-10.687340291831447,21.894187955031043,0.24773861097441544,0.3101789982997643
235.622,44.494,-14.0,235.779,44.582,-16.5,235.622,44.672,-14.0,0,-4.493659701702517,9.621156670095463,-10.55101019261842,21.456536883545255,0.42555788540378703,0.44745870080881095
235.29500000000002,47.575,-16.5,235.19299999999998,47.741,-16.5,235.091,47.615,-14.3,0,0.015808342532025284,24.98134477658595,-1.1674091494628378,32.83207758731574,-0.014309827172162896,0.7604752949897663
235.799,43.33,-16.5,235.793,43.509,-16.5,235.642,43.421,-14.1,0,-1.2810125194124244,7.981968499361009,-9.822570942322443,22.72517108023203,0.129707122765383,0.35027426246162924
235.388,46.389,-11.5,235.414,46.21,-11.5,235.561,46.308,-13.8,0,-3.859697861794759,19.30440813350396,-9.925494261771895,27.46543561039335,0.37934809808209713,0.7003678136301336
235.779,44.582,-16.5,235.777,44.761,-16.5,235.622,44.672,-14.0,0,-4.251743025753707,9.143639905945308,-10.328138145165113,21.509920390455235,0.41136847328605897,0.4241709183235133
235.251,46.919,-11.5,235.309,46.744,-11.5,235.438,46.856,-13.6,0,-0.9909306961700735,23.07105733356388,-4.836058554312899,30.064175506406993,0.18588669620928774,0.7668032906604073
236.07999999999998,41.27,-14.3,236.16899999999998,41.387,-16.5,236.01600000000002,41.447,-14.3,0,2.6702273285420435,5.912620606931208,8.411098256483626,17.61168616335698,0.32730504738873695,0.3356703636844041
234.197,48.561,-11.5,234.368,48.422,-11.5,234.42000000000002,48.553,-14.1,0,2.5706290537120076,23.479093231509133,10.005127081209068,33.961261600263356,0.2552868476670787,0.6907161464851052
234.988,47.428,-11.5,235.082,47.26,-11.5,235.188,47.383,-13.7,0,-0.11782620312372327,26.657584893447822,1.051360070291567,31.788737592820233,0.021502905638587862,0.8389080142596521
235.459,45.672,-11.5,235.623,45.569,-14.1,235.61700000000002,45.743,-14.1,0,-6.539426336368541,15.973357969368244,-12.676585970331864,24.691091613813345,0.5069549923355562,0.6439581354820776
235.469,45.132,-11.5,235.627,45.031,-14.1,235.627,45.212,-14.1,0,-7.445363887733566,14.188244985638097,-13.495030232027773,22.920295412386345,0.5434403571453521,0.615801577256241
235.869,42.617,-16.5,235.713,42.695,-14.2,235.737,42.515,-14.1,0,0.3736185556509092,5.096843731888316,5.219687261833883,12.540963070709495,0.09055006364515275,0.4162079741128683
235.845,42.795,-16.5,235.69,42.873,-14.1,235.713,42.695,-14.2,0,0.23054586008923864,5.025315276855291,4.313452461515624,11.993389131214627,0.07567241994536052,0.42939750246504754
235.622,44.672,-14.0,235.777,44.761,-16.5,235.623,44.85,-14.0,0,-4.877644197686931,10.31189669888356,-10.669268545325579,21.260319988590936,0.45691134583816484,0.48419560201933304
235.46699999999998,45.312,-11.5,235.627,45.212,-14.1,235.623,45.386,-14.1,0,-7.135945874228946,15.009533223493913,-12.964382043122882,23.668833720539492,0.5416361737025649,0.6311346519505753
235.777,44.761,-16.5,235.776,44.94,-16.5,235.623,44.85,-14.0,0,-4.584340561899664,9.791069495065637,-10.447493977941633,21.315001258333652,0.438568161353216,0.45854834460263766
235.765,40.729,-13.2,235.66500000000002,40.558,-13.7,235.834,40.575,-14.8,0,-5.930899065443912,8.834699764971539,-13.867611664400698,18.58497030764785,0.4095264816023016,0.46898709693378815
235.091,47.615,-14.3,235.19299999999998,47.741,-16.5,234.99599999999998,47.78,-14.3,0,0.023112551138471313,25.756862537360362,-2.1932504670401656,33.00048636418216,-0.010432886639936885,0.780137824084105
235.89600000000002,42.439,-16.5,235.869,42.617,-16.5,235.737,42.515,-14.1,0,0.3511924574294592,4.805502726707408,4.875932674758019,13.07430170453489,0.09105146990460863,0.3763442262898843
235.825,42.973,-16.5,235.81,43.151,-16.5,235.67000000000002,43.056,-14.2,0,0.22543841954123084,4.080086180275648,4.011603130926119,10.677021577597003,0.07457852744987493,0.392262861840066
236.171,41.092,-14.8,236.05700000000002,40.92,-14.1,236.231,40.941,-15.3,0,-0.11268664305824032,8.174805357782,0.12037044931449259,21.21987958387072,0.27083958338632874,0.38395813136408136
235.845,42.795,-16.5,235.825,42.973,-16.5,235.69,42.873,-14.1,0,0.18999794357634822,4.459448956366953,4.33978721216144,11.470314301633692,0.0632373440444218,0.3992691071179981
234.899,47.95,-14.3,234.989,48.071,-16.5,234.80200000000002,48.108,-14.3,0,-0.046768599089173385,25.185736535910724,-1.218962191743195,33.88373305405382,0.04373050529312139,0.7429233921992604
235.869,42.617,-16.5,235.845,42.795,-16.5,235.713,42.695,-14.2,0,0.2244853910831208,4.699229340721365,4.630113220903468,12.251513262915353,0.06804245572172597,0.3935536191229068
235.19299999999998,47.741,-16.5,235.09,47.906,-16.5,234.99599999999998,47.78,-14.3,0,0.008950470546458611,25.13978306276443,-0.9113996193582317,33.25859604681999,-0.008033174631431075,0.75549843177515
234.99599999999998,47.78,-14.3,235.09,47.906,-16.5,234.899,47.95,-14.3,0,-0.014621720064276908,25.654304491590032,-2.3061197856930455,33.416672905696906,0.007701179126450253,0.7673523332957866
236.01600000000002,41.447,-14.3,236.103,41.559,-16.5,235.95999999999998,41.624,-14.4,0,2.6350379857609427,5.321605542029584,8.131923682145242,16.8263106916028,0.3335062086047242,0.3166308086262487
236.245,41.217,-16.5,236.07999999999998,41.27,-14.3,236.171,41.092,-14.8,0,2.144664534510509,6.4348221205996845,7.8047431295156855,18.758012199911462,0.2867844814675103,0.3428479186306433
235.414,46.21,-11.5,235.441,46.031,-11.5,235.577,46.123,-13.8,0,-4.335565255982538,18.82779706613433,-9.796011114280518,27.11290272754273,0.43214764878293266,0.6916896463762372
235.623,45.386,-14.1,235.76999999999998,45.477,-16.5,235.623,45.569,-14.1,0,-6.482460419533946,13.454986896701934,-13.295788236754124,23.796238912093887,0.4793008732938727,0.5622474745551165
234.368,48.422,-11.5,234.49099999999999,48.262,-11.5,234.56,48.407,-13.8,0,0.41905647855348516,25.308029894609867,2.0476153142527487,34.82814009115681,0.19758601381563387,0.7261898617439186
235.776,44.94,-16.5,235.774,45.119,-16.5,235.627,45.031,-14.1,0,-5.991637292311494,11.16732828518433,-12.934843258476576,22.842537468961737,0.4552044217472679,0.48534521027128436
235.768,45.656,-16.5,235.764,45.835,-16.5,235.61700000000002,45.743,-14.1,0,-5.48421085257964,13.113489289859894,-12.661333262208146,24.744725985184647,0.4250567193939835,0.5267395935770564
235.577,46.123,-13.8,235.441,46.031,-11.5,235.59199999999998,45.948,-13.8,0,-5.107389468023047,17.245111282604828,-11.39613318467125,26.222390568122666,0.43906117512382153,0.6546852190178714
235.772,45.298,-16.5,235.76999999999998,45.477,-16.5,235.623,45.386,-14.1,0,-6.044033706573017,12.388964587635478,-12.933128914914406,23.722826166094535,0.45906231358414684,0.5190309394846818
234.888,48.237,-16.5,234.777,48.4,-16.5,234.692,48.276,-14.3,0,0.06675972954362419,22.93616276176998,0.5095196276658882,34.47997595934642,0.10872241750528422,0.6647298779837502
235.441,46.031,-11.5,235.452,45.851,-11.5,235.59199999999998,45.948,-13.8,0,-5.883471456915201,17.727812396720065,-12.126462026640326,25.70286246507061,0.4762103144190018,0.6868505928569241
235.774,45.119,-16.5,235.772,45.298,-16.5,235.627,45.212,-14.1,0,-6.081521394121301,11.85290544073643,-12.932612273246026,23.29259885763845,0.4620290592710185,0.505545247315688
235.59199999999998,42.439,-11.5,235.626,42.261,-11.5,235.767,42.348,-14.2,0,1.0831822895300602,6.25352357767412,6.120759696270909,13.648480699720437,0.19620540074748638,0.4662722761535999
235.09,47.906,-16.5,234.989,48.071,-16.5,234.899,47.95,-14.3,0,-0.017247407570568852,24.822403329406512,-1.1773921383364723,33.67535467113435,0.018801930102694254,0.7367164414800285
235.76999999999998,45.477,-16.5,235.768,45.656,-16.5,235.623,45.569,-14.1,0,-5.866508723793096,12.762548333867487,-12.930882805103678,24.174400351882905,0.44552110060282646,0.5247507076297355
236.245,41.217,-16.5,236.16899999999998,41.387,-16.5,236.07999999999998,41.27,-14.3,0,2.667483805104154,5.503336155889082,9.57461753882832,17.376492876609348,0.28663213949621347,0.31675164130199096
234.989,48.071,-16.5,234.888,48.237,-16.5,234.80200000000002,48.108,-14.3,0,-0.0663303089876211,24.06909871187682,-1.2483992039563567,34.05883426108218,0.05970951285165615,0.7062745160989092
235.627,45.031,-14.1,235.774,45.119,-16.5,235.627,45.212,-14.1,0,-6.593839292964161,12.370871528802965,-13.287770356108869,22.9167493778846,0.48810749450281116,0.5364009901596833
234.625,48.547,-16.5,234.446,48.681,-16.5,234.42000000000002,48.553,-14.1,0,2.454664515744489,19.927729771860935,11.693461840462481,33.44586469710784,0.20863932054520543,0.5951355368005578
236.372,40.874,-16.5,236.326,41.049,-16.5,236.231,40.941,-15.3,0,1.0396541628427283,6.1758511583529145,6.586857199491504,20.31604666743712,0.1730364411379325,0.30380112290857114
235.66,42.083,-11.5,235.704,41.907,-11.5,235.813,42.029,-13.8,0,2.1332238534359926,6.05189834328753,7.063186166439152,14.984785471170596,0.3163278988732113,0.40820826711696134
235.627,45.212,-14.1,235.772,45.298,-16.5,235.623,45.386,-14.1,0,-6.34726717401199,13.156020676624113,-12.75719399735679,23.658584981879336,0.4889270793508942,0.5528837930030677
235.623,45.569,-14.1,235.768,45.656,-16.5,235.61700000000002,45.743,-14.1,0,-5.848240325274266,14.044113403451298,-12.466858017420922,24.682054323902893,0.4604701497514592,0.5658655752594787
235.957,42.084,-16.5,235.924,42.261,-16.5,235.814,42.16,-14.3,0,0.8820602282330935,4.6100652942592,5.410994478418246,14.700004925242695,0.17902613456024646,0.31879062456810187
236.16899999999998,41.387,-16.5,236.103,41.559,-16.5,236.01600000000002,41.447,-14.3,0,2.570323349452177,5.1392268793828055,8.551416024810436,17.008765636387295,0.3092053579414454,0.30230431302461813
236.326,41.049,-16.5,236.245,41.217,-16.5,236.171,41.092,-14.8,0,2.2833488600141862,5.627984634820733,10.174414426082393,17.920368512637168,0.23235173390566236,0.3142613849858581
236.04399999999998,41.732,-16.5,235.999,41.908,-16.5,235.902,41.803,-14.4,0,1.7206308204503373,4.528728537189075,6.508125841204162,16.092300029145747,0.2760784962416244,0.2832049466412918
234.446,48.681,-16.5,234.252,48.806,-16.5,234.25400000000002,48.682,-14.2,0,3.598460186462574,18.848434213159287,13.996026382188052,33.05393274524485,0.2560523497530683,0.5694278955750555
236.103,41.559,-16.5,236.04399999999998,41.732,-16.5,235.95999999999998,41.624,-14.4,0,2.3088315447378243,4.70656135687015,7.834327262669703,16.43888550928412,0.3039868853644697,0.28704371020558167
236.05700000000002,40.92,-14.1,236.152,40.789,-15.1,236.231,40.941,-15.3,0,-1.4728090743771054,8.251941005350341,-5.192825053402061,21.093800044033244,0.2516941802160866,0.3889372213274936
234.888,48.237,-16.5,234.692,48.276,-14.3,234.80200000000002,48.108,-14.3,0,-0.009564489808041194,24.28908047213659,-0.21423516361260475,34.28578400107496,0.09135355562363671,0.7080097458081207
236.152,40.789,-15.1,236.05700000000002,40.92,-14.1,235.98399999999998,40.797,-14.1,0,-2.8962100859504316,8.482334967319286,-9.3582199470506,19.88071230201453,0.2895854968460999,0.42327400414492244
234.197,48.561,-11.5,234.42000000000002,48.553,-14.1,234.25400000000002,48.682,-14.2,0,3.1466591419720817,22.060037567199867,11.604184660097845,33.69862057447358,0.2697609920406794,0.6539090425320749
234.42000000000002,48.553,-14.1,234.446,48.681,-16.5,234.25400000000002,48.682,-14.2,0,2.8968691483801354,20.396569924693278,11.792610649588198,33.61030029365202,0.24433618219970984,0.6061226634624242
236.05700000000002,40.92,-14.1,235.872,40.885,-13.0,235.98399999999998,40.797,-14.1,0,-3.427881650329083,9.365118113873535,-9.000683410929497,19.927485468452673,0.3586764542275327,0.4666094739349755
235.89600000000002,42.439,-16.5,235.737,42.515,-14.1,235.767,42.348,-14.2,0,0.509007564346398,5.202956306310079,4.942002097310933,13.54433557210811,0.12309518292054043,0.3923511151312196
235.814,42.16,-14.3,235.66,42.083,-11.5,235.813,42.029,-13.8,0,1.6151751526986184,5.683812380481429,6.50772215087764,14.752417753332338,0.2635901861499467,0.390372392938709
235.737,42.515,-14.1,235.59199999999998,42.439,-11.5,235.767,42.348,-14.2,0,0.7088191799438119,5.99053006425346,5.306627553635053,13.50436185109939,0.15500631301047935,0.45220696989633175
234.777,48.4,-16.5,234.56,48.407,-13.8,234.692,48.276,-14.3,0,0.15901451015094742,23.275714414734814,1.0211921416392435,34.665078452712976,0.1431520444298629,0.6709593348605274
234.56,48.407,-13.8,234.49099999999999,48.262,-11.5,234.692,48.276,-14.3,0,0.18657489684713713,25.01451807821008,1.0779464965988588,34.6983697125128,0.16090573394766375,0.7204726613282455
235.957,42.084,-16.5,235.814,42.16,-14.3,235.813,42.029,-13.8,0,1.244241800724225,4.943454189696464,5.978768366286118,14.919797736500243,0.22314567975739905,0.3359817765668271
236.326,41.049,-16.5,236.171,41.092,-14.8,236.231,40.941,-15.3,0,0.6969213623875351,6.905674996056235,3.6161327559696304,20.73171787018643,0.22392096912558207,0.3324404582658676
232.701,49.817,-16.5,232.52100000000002,49.954,-16.5,232.527,49.856,-14.7,0,4.308123603625665,17.080747971280367,11.124572263029258,38.06560394324452,0.3864876975323795,0.4467855621791727
235.362,40.361,-11.5,235.471,40.329,-14.0,235.437,40.531,-11.5,0,-3.2917868274825337,9.769076787050981,-5.735457583321306,24.149914844794722,0.5103802904060648,0.399662126528155
232.301,49.864,-11.5,232.486,49.729,-11.5,232.527,49.856,-14.7,0,5.118558596423299,19.67000776462478,11.580142446402947,38.03773913244763,0.44109740212622844,0.5149970004026848
232.411,49.909,-14.0,232.301,49.864,-11.5,232.527,49.856,-14.7,0,4.552181801008098,19.150303002866945,10.69047577514409,38.373703308175436,0.4248398068408507,0.4969405182531178
235.437,40.531,-11.5,235.471,40.329,-14.0,235.589,40.434,-14.4,0,-6.075561802659683,8.793143335485961,-11.992297556161105,21.237312540124144,0.480000692873161,0.4070497410295405
236.098,43.033,-21.5,235.81,43.151,-16.5,235.825,42.973,-16.5,0,0.087464762448702,3.1031715458159645,3.518594328788936,10.782977078660934,0.04115507299781008,0.2970417272264344
236.161,42.502,-21.5,235.89600000000002,42.439,-16.5,236.185,42.325,-21.5,0,0.14492537282942872,3.080339896301676,3.885216819238849,13.79083509012142,0.053037611351830535,0.22921188785752947
236.082,43.211,-21.5,235.81,43.151,-16.5,236.098,43.033,-21.5,0,0.05629882554019316,2.316648603693926,3.245118864997778,10.390360514999145,0.030565795054896934,0.2310135795407011
236.049,45.699,-21.5,236.053,45.877,-21.5,235.764,45.835,-16.5,0,-3.962030640270915,8.007152031729966,-13.262112961992528,24.36697140791178,0.29305410319180497,0.3257522478902497
236.185,42.325,-21.5,235.89600000000002,42.439,-16.5,235.924,42.261,-16.5,0,0.3360102285521322,3.7174279205354765,4.507766395955343,14.067848589611486,0.0907507989125563,0.27025062554280416
234.037,49.172,-21.5,233.856,49.052,-16.5,234.055,48.93,-16.5,0,4.379638541609142,15.203213872569311,14.935397735163079,33.78438511265748,0.292490011295703,0.44900865952170055
236.209,42.148,-21.5,236.185,42.325,-21.5,235.924,42.261,-16.5,0,0.27985978384419913,3.020715005050694,3.915389948485057,14.686358761428409,0.0871847638960371,0.20997006227106263
235.764,45.835,-16.5,235.768,45.656,-16.5,236.049,45.699,-21.5,0,-4.451239473150358,10.145147636909957,-12.368214614056662,24.770431744045045,0.35272483582141234,0.4065170308715019
236.082,43.211,-21.5,235.799,43.33,-16.5,235.81,43.151,-16.5,0,-0.549965796054378,6.4929109917722245,-9.224008013961623,23.23536395995515,0.05933629654399994,0.2785824831974515
234.244,49.056,-21.5,234.037,49.172,-21.5,234.055,48.93,-16.5,0,4.076176135558559,13.21672423394449,16.35930195444501,32.911447300223514,0.2485628471523881,0.4006832919538157
236.067,43.388,-21.5,235.799,43.33,-16.5,236.082,43.211,-21.5,0,-0.42986689172266257,4.972480256818261,-8.718229891940453,23.397538767630337,0.048932986162301836,0.2116926587873793
236.24200000000002,41.972,-21.5,236.209,42.148,-21.5,235.957,42.084,-16.5,0,0.532262643073859,2.884431655304996,4.700458336763546,15.36672986276514,0.1261535114049128,0.19054215012274647
236.209,42.148,-21.5,235.924,42.261,-16.5,235.957,42.084,-16.5,0,0.5920658215359872,3.600709148763803,4.961853421189488,14.835600585877785,0.13374345118949643,0.24700345683390548
236.24200000000002,41.972,-21.5,235.957,42.084,-16.5,235.999,41.908,-16.5,0,0.9564822139168939,3.464514955093736,5.765115484191,15.467877419107197,0.17774619374186643,0.22669639701428063
236.049,45.699,-21.5,235.768,45.656,-16.5,236.043,45.522,-21.5,0,-4.258012856456993,7.907936882190314,-13.525412644147153,23.790493809031446,0.30893923979705,0.32953830314225574
236.067,43.388,-21.5,235.793,43.509,-16.5,235.799,43.33,-16.5,0,-0.8339939737431181,5.850655442295178,-9.860879120937724,22.834869388451864,0.08401073109494339,0.2552854195778248
236.27800000000002,41.796,-21.5,236.24200000000002,41.972,-21.5,235.999,41.908,-16.5,0,0.7532701313669227,2.8528516008570524,4.996062721385044,16.190919439838638,0.16244642372069162,0.17777259260601605
235.768,45.656,-16.5,235.76999999999998,45.477,-16.5,236.043,45.522,-21.5,0,-4.7617616113799475,9.93099246278341,-12.645528769907504,24.20740713537443,0.369260092624631,0.40720093827820986
236.05700000000002,43.566,-21.5,235.793,43.509,-16.5,236.067,43.388,-21.5,0,-0.676340581056701,4.396500991503371,-9.375498820183367,23.006235686412438,0.0715576627078214,0.19020851327572447
236.27800000000002,41.796,-21.5,236.04399999999998,41.732,-16.5,236.32299999999998,41.622,-21.5,0,1.0593097811594003,2.9840803214580394,5.881733143470953,16.813914521058337,0.18967830280641146,0.17817466560363435
236.37099999999998,41.448,-21.5,236.103,41.559,-16.5,236.16899999999998,41.387,-16.5,0,1.8995578032280813,4.115613824060598,8.162544596467171,17.306341656733025,0.24031584135642958,0.237946263828055
236.27800000000002,41.796,-21.5,235.999,41.908,-16.5,236.04399999999998,41.732,-16.5,0,1.2491105676574648,3.534440586568052,6.0855683479998675,16.27922918053102,0.21593223141259782,0.21851761450828736
236.05,43.744,-21.5,236.046,43.922,-21.5,235.781,43.867,-16.5,0,-1.2781282830288045,3.651140819232795,-10.135776559474067,22.38885700879642,0.12542104619562658,0.16208357638663973
236.05700000000002,43.566,-21.5,235.788,43.688,-16.5,235.793,43.509,-16.5,0,-1.1306693559636938,5.280225530754252,-9.988253579175336,22.64566627501293,0.11246012150619308,0.23216974916228036
236.05700000000002,43.566,-21.5,236.05,43.744,-21.5,235.788,43.688,-16.5,0,-0.9534590610741458,3.9222108970352982,-9.758938223579463,22.706886587170374,0.09701849530798687,0.1717831790271007
236.048,44.277,-21.5,235.78,44.403,-16.5,235.781,44.225,-16.5,0,-2.6529274674839414,5.340666169881012,-10.484033832402048,21.83819892214595,0.25256163888411726,0.24348429985148518
236.05,43.744,-21.5,235.781,43.867,-16.5,235.788,43.688,-16.5,0,-1.4147299241281959,4.929981033981866,-9.742050713367888,22.617692660614395,0.14441438386978006,0.21692040642496427
236.32299999999998,41.622,-21.5,236.04399999999998,41.732,-16.5,236.103,41.559,-16.5,0,1.7121030790752176,3.7155285139819196,7.4333478948368565,16.662692794635433,0.2386911383562101,0.22356108483814097
236.04399999999998,44.455,-21.5,235.78,44.403,-16.5,236.048,44.277,-21.5,0,-2.2489733907512273,4.371393041018969,-10.144737851722354,21.9641698599642,0.2212971538207593,0.19803544143768675
236.035,45.344,-21.5,236.043,45.522,-21.5,235.76999999999998,45.477,-16.5,0,-4.507008264301311,7.737374093256571,-13.772108955549427,23.21680141983416,0.32127261008624974,0.3303475873237158
236.047,44.099,-21.5,236.048,44.277,-21.5,235.781,44.225,-16.5,0,-2.0186985129532258,3.8250332361765493,-10.75004047690166,21.80562866141527,0.18729620942181532,0.17439439056121728
236.32299999999998,41.622,-21.5,236.103,41.559,-16.5,236.37099999999998,41.448,-21.5,0,1.1827580217164295,3.337505091427609,6.204579748193822,17.63754830894061,0.19962859301441352,0.18939423359865834
236.046,43.922,-21.5,236.047,44.099,-21.5,235.78199999999998,44.046,-16.5,0,-1.6752740099494141,3.5800782385788765,-10.751413823182645,21.952195713074175,0.1552246160555306,0.1620633678701828
236.046,43.922,-21.5,235.78199999999998,44.046,-16.5,235.781,43.867,-16.5,0,-1.9260963172164889,4.706974905552513,-10.726231365799975,22.009052132106547,0.17884801225064845,0.2127753277565219
236.047,44.099,-21.5,235.781,44.225,-16.5,235.78199999999998,44.046,-16.5,0,-2.2576616438718653,4.88847488738764,-10.484023719561947,21.985268787645964,0.21473036977341153,0.22125860341697906
236.04399999999998,44.455,-21.5,235.779,44.582,-16.5,235.78,44.403,-16.5,0,-3.049603442930114,6.0038454656766875,-10.484892271938577,21.70143039916161,0.2904857256604772,0.2756352015446802
236.038,44.633,-21.5,235.779,44.582,-16.5,236.04399999999998,44.455,-21.5,0,-2.5320031483414955,5.047780877122049,-9.904645971136901,21.94558845252959,0.2553277049914686,0.22907859173382933
236.035,45.344,-21.5,235.76999999999998,45.477,-16.5,235.772,45.298,-16.5,0,-4.898294476142194,9.66767902097753,-12.6530760596379,23.78967318783641,0.37967034569550595,0.40329461087590296
236.038,44.633,-21.5,235.777,44.761,-16.5,235.779,44.582,-16.5,0,-3.3745186184054274,6.758684084859322,-10.365895999178406,21.62778780026602,0.3252505871884095,0.3115588523569459
236.035,45.344,-21.5,235.772,45.298,-16.5,236.03199999999998,45.166,-21.5,0,-4.3683835939467945,7.594721575917511,-13.12276214120256,23.17828725026544,0.32651116795020985,0.32470076520659835
236.034,44.811,-21.5,235.777,44.761,-16.5,236.038,44.633,-21.5,0,-2.900248627418321,5.687297755652966,-10.14877896725946,21.693657582199705,0.28552475961656626,0.26130359278997334
236.03199999999998,45.166,-21.5,235.772,45.298,-16.5,235.774,45.119,-16.5,0,-4.912788934061111,9.219473800804813,-12.657282736831327,23.360206024768644,0.3807007871576849,0.39145309553222934
236.03199999999998,44.988,-21.5,236.03199999999998,45.166,-21.5,235.774,45.119,-16.5,0,-4.185618475024687,7.207572481188369,-12.736603351565272,22.968337837335042,0.32214195484795816,0.3107089881806042
236.03199999999998,44.988,-21.5,235.776,44.94,-16.5,236.034,44.811,-21.5,0,-3.203449461169599,6.214681468187798,-10.387732138366857,21.437414021588836,0.3081863479716798,0.28913779423686603
236.034,44.811,-21.5,235.776,44.94,-16.5,235.777,44.761,-16.5,0,-3.7036584750191652,7.405691290415577,-10.484860623820452,21.43012352525544,0.3530082326554206,0.3447355761732663
236.03199999999998,44.988,-21.5,235.774,45.119,-16.5,235.776,44.94,-16.5,0,-4.797361015946468,8.598883869236163,-12.659486080358334,22.92277142082052,0.37171084897195567,0.37170949466954667
236.062,40.236,-19.4,236.316,40.319,-20.0,236.086,40.389,-18.2,0,-1.1998186750785886,2.9742605283552743,-20.00614622169141,14.112035386563832,0.05305655238672636,0.2007853628531451
236.316,40.319,-20.0,236.062,40.236,-19.4,236.224,40.169,-20.6,0,-0.4382457720953867,2.449774377528216,-19.626245847194298,15.192852911275523,0.0156057319295194,0.1525105444326811
232.72199999999998,50.072,-21.5,232.541,50.085,-19.0,232.703,49.954,-19.1,0,2.9359831886097627,13.602123974521945,9.623253395859283,38.65067660532301,0.3044519721566213,0.3502884576370885
235.62099999999998,47.373,-18.8,235.825,47.453,-21.5,235.51600000000002,47.54,-18.8,0,-0.11625478202745776,17.559463443627585,3.8021065582538807,31.272251349446044,0.01097399176768644,0.5627776956299142
235.825,47.453,-21.5,235.71699999999998,47.615,-21.5,235.51600000000002,47.54,-18.8,0,-0.1768243462509001,16.545922276493226,4.794939684361557,31.29918811024664,-0.0035766294474102083,0.5299037516567865
235.72199999999998,47.203,-18.8,235.926,47.29,-21.5,235.62099999999998,47.373,-18.8,0,0.012395329876264264,15.755155698578559,2.996531770875105,30.911017692077728,0.05178707123860375,0.5109816863802873
235.51600000000002,47.54,-18.8,235.71699999999998,47.615,-21.5,235.409,47.703,-18.8,0,-0.007436017565729265,19.396067744277172,0.37066098050607366,32.438772885249755,-0.017644040832972968,0.5972840554405698
235.71699999999998,47.615,-21.5,235.607,47.777,-21.5,235.409,47.703,-18.8,0,-0.026214395550706957,18.247893799705523,1.022878169373877,32.553196406248794,-0.02558366976060976,0.5598959776530689
235.926,47.29,-21.5,235.825,47.453,-21.5,235.62099999999998,47.373,-18.8,0,-0.025823699650912385,14.912647051425337,3.7362467419629475,30.993776907839937,0.031828869168699404,0.4825412308294089
235.409,47.703,-18.8,235.607,47.777,-21.5,235.31900000000002,47.843,-18.8,0,-0.0012467804866523392,20.117390324246564,0.07773266359115638,32.82312932593385,-0.02840119510750609,0.6123030231182498
235.607,47.777,-21.5,235.495,47.938,-21.5,235.31900000000002,47.843,-18.8,0,-0.04060676471556949,18.813380624499906,1.4130343240948626,32.93105925495806,-0.030030649314018984,0.5706834985878287
235.57999999999998,40.297,-16.5,235.74200000000002,40.23,-17.8,235.762,40.409,-16.5,0,-6.077161054724934,4.7498382502377225,-19.034452565147433,15.717928516364495,0.3071332283463145,0.2900198470984952
236.338,40.699,-16.5,236.531,40.705,-19.2,236.54399999999998,40.834,-19.2,0,-0.17948034966359286,4.956987981937495,-1.5698165475749875,22.394323141325316,0.054664649092920896,0.22023004878325272
232.541,50.085,-19.0,232.52100000000002,49.954,-16.5,232.703,49.954,-19.1,0,3.1939254306524876,15.16094194731295,9.419368468452232,38.60971711503501,0.33827346390415647,0.3908858135542792
234.96800000000002,48.394,-18.8,235.043,48.579,-21.5,234.828,48.531,-18.7,0,0.6260335450831586,16.556925110949074,6.616293535066913,34.01807947665986,0.09297877641648498,0.4861480142605604
236.372,40.874,-16.5,236.338,40.699,-16.5,236.54399999999998,40.834,-19.2,0,-0.39851472651817604,5.5136263442310005,-3.3590874313190398,21.951376656656464,0.08758795877657094,0.2497270748167755
235.192,48.431,-21.5,235.043,48.579,-21.5,234.96800000000002,48.394,-18.8,0,0.5282430784812672,15.295050597435363,7.647807336831439,33.62129038467921,0.06780876605636546,0.45437746056281714
232.88400000000001,49.928,-21.5,232.72199999999998,50.072,-21.5,232.703,49.954,-19.1,0,2.53878246878146,12.91928922714082,8.708907389924011,38.701509745695915,0.2907628981511215,0.33230270316729765
235.993,47.118,-21.5,235.72199999999998,47.203,-18.8,235.805,47.022,-18.9,0,-0.25660748507558223,13.84259473097214,-1.5291770499935957,30.577133911201635,0.0974280209420834,0.45366551852144216
235.993,47.118,-21.5,235.926,47.29,-21.5,235.72199999999998,47.203,-18.8,0,-0.2453550829838466,13.09050794774634,-1.9149069042852531,30.71512563402458,0.07342025955346235,0.42740960692724855
233.07299999999998,49.553,-16.5,233.26600000000002,49.426,-16.5,233.247,49.54,-18.9,0,5.0585514210945,15.432035973616856,13.734687935249742,36.166053334859086,0.36767262256003225,0.42519888595012145
233.26600000000002,49.426,-16.5,233.45999999999998,49.299,-16.5,233.44299999999998,49.413,-19.1,0,5.005551654715573,15.552343473674,13.825456140150536,35.84652829123303,0.36136504019392757,0.43249057759117987
232.52100000000002,49.954,-16.5,232.701,49.817,-16.5,232.703,49.954,-19.1,0,4.044765118729419,15.753228775835339,11.258687308630408,37.980908353274515,0.3585998079493108,0.4129378483976675
235.764,45.835,-16.5,236.053,45.877,-21.5,235.93200000000002,45.97,-19.3,0,-4.38552519222773,8.65528580548559,-14.134499430783073,24.132609510032555,0.30471617437063225,0.3555953745183468
236.38400000000001,40.158,-21.5,236.539,40.291,-21.5,236.316,40.319,-20.0,0,0.5109658088724511,2.0387565511495587,-18.152884761460342,16.77326439613995,-0.03333605482096372,0.11621944952651897
233.424,49.525,-21.5,233.238,49.656,-21.5,233.247,49.54,-18.9,0,3.859220562781835,12.651549521522414,12.874503938507413,36.57122380203895,0.2992164992386222,0.3446741393041852
235.762,40.409,-16.5,235.74200000000002,40.23,-17.8,235.93099999999998,40.322,-18.1,0,-4.610817821591142,4.683105960637603,-18.397718160445123,16.318539983683152,0.23837620378634983,0.2760949604682929
233.623,49.404,-21.5,233.424,49.525,-21.5,233.44299999999998,49.413,-19.1,0,4.456748476227795,12.275589666496384,15.218723804521943,35.079355033527825,0.2923987682297285,0.34876072951192194
234.888,48.237,-16.5,234.989,48.071,-16.5,235.091,48.264,-19.1,0,-0.042954864336305645,22.078949954613833,-1.0235048431295901,34.005091539918126,0.05018062684861706,0.6488100061958009
232.885,49.684,-16.5,233.07299999999998,49.553,-16.5,233.062,49.668,-18.9,0,4.725783732125188,15.58329103774374,12.787704179785925,36.876774381148905,0.3689043318332866,0.4209576087227087
236.16899999999998,41.387,-16.5,236.245,41.217,-16.5,236.293,41.326,-18.8,0,2.194703346414693,4.795770887522857,9.308874055489795,17.652719547599816,0.24295724270646832,0.2717435724753866
235.975,40.484,-16.5,235.762,40.409,-16.5,235.93099999999998,40.322,-18.1,0,-5.09713256100201,3.501838814139023,-21.70325620543943,10.548791660171645,0.22804401375952485,0.3157511778948416
235.74200000000002,40.23,-17.8,235.904,40.163,-19.1,235.93099999999998,40.322,-18.1,0,-3.4851234108953872,3.7018577742683583,-18.59525808385669,16.655035088440812,0.17580357803249835,0.21144457413379394
236.338,40.699,-16.5,236.406,40.536,-18.8,236.531,40.705,-19.2,0,-0.6123307372271838,4.743395400194011,-10.602261988763615,20.365752517617466,0.0473968302177538,0.22998864855135157
234.989,48.071,-16.5,235.18099999999998,48.142,-19.3,235.091,48.264,-19.1,0,-0.025057635681395796,21.195324124806866,-1.092661398224294,33.86061113801978,0.02973208148432822,0.625461482262659
236.338,40.699,-16.5,236.184,40.566,-16.5,236.406,40.536,-18.8,0,-1.4304955592683295,4.423658570016159,-16.592459089931936,16.072910772794053,0.07880632744121073,0.26946551803018043
236.035,46.942,-21.5,235.805,47.022,-18.9,235.858,46.841,-18.9,0,-0.7428243375607972,11.92632154797085,-4.69488345440093,29.828366185751342,0.1399410400166975,0.40010699618216716
233.45999999999998,49.299,-16.5,233.65699999999998,49.175,-16.5,233.638,49.289,-19.0,0,5.066534517179861,15.636444305350532,14.44483309176118,35.048516885891175,0.35004650395153397,0.44488889779597507
233.238,49.656,-21.5,233.058,49.79,-21.5,233.062,49.668,-18.9,0,3.5829490362823826,12.719737356459602,11.925800283807158,37.19381644424244,0.29988645785906465,0.3406203041110417
236.184,40.566,-16.5,235.975,40.484,-16.5,236.086,40.389,-18.2,0,-3.2459570164130116,3.371184647501366,-21.216278605348634,10.567029001534138,0.14702120474702196,0.305643738456067
234.828,48.531,-18.7,234.853,48.705,-21.5,234.648,48.684,-19.0,0,1.6507633686019,15.140986307905541,12.408936513986744,32.89117940811022,0.13208997593300026,0.4597129291031641
236.035,46.942,-21.5,235.993,47.118,-21.5,235.805,47.022,-18.9,0,-0.7726814694936033,11.150970867106462,-6.044887011049404,29.739158995451227,0.11461093342436249,0.3756433289039363
235.495,47.938,-21.5,235.388,48.101,-21.5,235.23399999999998,48.006,-19.0,0,-0.0055418908092988535,18.690323984729332,0.5617882444307973,33.35479488879192,-0.017637783916203062,0.5597729729057741
235.72199999999998,47.203,-18.8,235.578,47.074,-16.5,235.805,47.022,-18.9,0,-0.2982210454207095,16.812366954064757,-1.7826800070995716,30.64580903546714,0.10344780047727371,0.5493769485650083
236.245,41.217,-16.5,236.326,41.049,-16.5,236.37900000000002,41.162,-18.9,0,1.8505601836387298,4.914977439615536,9.904663537852173,18.211966816681382,0.19371208454620348,0.27008406405000407
235.904,40.163,-19.1,236.065,40.095,-20.3,236.062,40.236,-19.4,0,-1.509819642030297,2.561710736388765,-18.58566891672794,17.101477414697058,0.07140322598360366,0.14040237312214582
236.227,40.028,-21.5,236.38400000000001,40.158,-21.5,236.224,40.169,-20.6,0,0.4227052133185045,1.4728822726926631,-18.667334297255593,17.236043372217985,-0.028923881837976336,0.07900956468431025
236.184,40.566,-16.5,236.086,40.389,-18.2,236.28,40.451,-18.7,0,-1.9760497747514831,3.4477829094252987,-20.27760277513042,12.362949442298117,0.09128453647598182,0.268466361561514
234.777,48.4,-16.5,234.96800000000002,48.394,-18.8,234.828,48.531,-18.7,0,0.7219532198098461,19.169163316043203,6.554561428267973,34.10146890266007,0.10832538974797652,0.561559737430977
233.829,49.287,-21.5,233.623,49.404,-21.5,233.638,49.289,-19.0,0,4.535837988317432,12.099146486040848,16.223662730266145,34.08989063552713,0.2791301409815915,0.3538452797341173
236.424,41.274,-21.5,236.37099999999998,41.448,-21.5,236.293,41.326,-18.8,0,1.0634961060845942,3.5219466618461266,6.615382693497139,18.57953078256722,0.16884066957878976,0.18951730720343746
235.805,47.022,-18.9,235.64600000000002,46.902,-16.5,235.858,46.841,-18.9,0,-0.846988015950498,14.707883555435362,-4.960603247208841,29.85047442926701,0.15239703229115875,0.49280862095390726
235.043,48.579,-21.5,234.853,48.705,-21.5,234.828,48.531,-18.7,0,1.4540559816511769,13.752944622665893,14.065582721608447,31.98679339168048,0.10263189915619562,0.42937093627461764
232.701,49.817,-16.5,232.885,49.684,-16.5,232.88,49.801,-18.9,0,4.4604018660428615,15.717733704551799,12.159272543283805,37.438514050562844,0.3661879211224367,0.418092231052331
236.065,40.095,-20.3,236.227,40.028,-21.5,236.224,40.169,-20.6,0,-0.03452925015498601,1.5029446652480958,-19.167701578534235,16.868263213009442,-0.005356341053273732,0.08123614373175704
236.70999999999998,40.616,-21.5,236.709,40.794,-21.5,236.531,40.705,-19.2,0,-0.04980793509349217,3.031463145539853,0.1692201644887632,22.60392427213978,0.001234437137523135,0.13356884627151436
236.38400000000001,40.158,-21.5,236.316,40.319,-20.0,236.224,40.169,-20.6,0,0.2841510400805564,1.9729059746045374,-19.479069028969434,15.553191383254457,-0.020187729988828444,0.11964577434452689
235.49200000000002,47.243,-16.5,235.72199999999998,47.203,-18.8,235.62099999999998,47.373,-18.8,0,-0.006750800753567542,18.76804482788947,2.7161402338787717,31.035448543345467,0.05341966340662101,0.6058140075414221
236.531,40.705,-19.2,236.406,40.536,-18.8,236.574,40.557,-20.3,0,-0.222398894383887,3.986516444694604,-9.629515814977651,20.966360565714737,0.01355766238615688,0.18775604034060608
235.289,48.266,-21.5,235.192,48.431,-21.5,235.091,48.264,-19.1,0,-0.028463597021950705,16.739810864242962,-1.0415209796626357,34.073529656229475,0.03509652126230213,0.4907517522575007
235.578,47.074,-16.5,235.64600000000002,46.902,-16.5,235.805,47.022,-18.9,0,-0.4200618724238081,17.115843427574877,-2.337024888915195,30.405336788131798,0.1332297847312369,0.5632813470527778
236.52800000000002,41.115,-21.5,236.424,41.274,-21.5,236.37900000000002,41.162,-18.9,0,1.449667516574599,3.159510515989981,11.638000993169129,16.856340318278313,0.12813692594688986,0.18786946646381408
235.49200000000002,47.243,-16.5,235.578,47.074,-16.5,235.72199999999998,47.203,-18.8,0,-0.08949679248530533,19.084365642252678,0.5607025935228762,30.92483592331302,0.08095104403510697,0.6179755867474063
235.93200000000002,46.149,-19.2,235.75900000000001,46.013,-16.5,235.93200000000002,45.97,-19.3,0,-4.28514434177744,9.609048310236536,-13.743466198661668,24.735771485058276,0.30604318073403497,0.38534772044873866
235.757,46.192,-16.5,235.75900000000001,46.013,-16.5,235.93200000000002,46.149,-19.2,0,-4.144079984459312,11.076050604184564,-12.72064489546515,25.506708158320777,0.3193060944634602,0.4311158248731201
234.989,48.071,-16.5,235.09,47.906,-16.5,235.23399999999998,48.006,-19.0,0,-0.0009735310900484861,23.168626249978146,-0.9650749192515633,33.55902493236413,0.006031295499387889,0.6899284124566344
234.625,48.547,-16.5,234.828,48.531,-18.7,234.648,48.684,-19.0,0,1.8403351284760305,17.494481238321313,11.973182508533261,33.13413149911703,0.1526136115386168,0.527347132019959
233.058,49.79,-21.5,232.88400000000001,49.928,-21.5,232.88,49.801,-18.9,0,3.223550444214743,12.847636392646718,10.803224465849215,37.84041803433603,0.2978041206770259,0.33806596498726543
235.75900000000001,46.013,-16.5,235.764,45.835,-16.5,235.93200000000002,45.97,-19.3,0,-4.35391428872334,11.110471909975109,-12.299120193650555,25.30772494506376,0.34688304688107996,0.4358511727426738
236.086,40.389,-18.2,236.316,40.319,-20.0,236.28,40.451,-18.7,0,-1.0191507134523736,3.1937599397183005,-19.56823174232278,14.089019511178051,0.04559627530914479,0.21780223539796892
235.31900000000002,47.843,-18.8,235.495,47.938,-21.5,235.23399999999998,48.006,-19.0,0,0.008380208054567918,20.187761634798935,-0.23169543092229894,33.20845185185071,-0.022048479604422837,0.6073455449691174
235.64600000000002,46.902,-16.5,235.697,46.726,-16.5,235.858,46.841,-18.9,0,-1.032613115643841,15.181402633724042,-5.182100689168919,29.62207768633049,0.18198099883136395,0.5120576626443555
236.059,46.765,-21.5,236.035,46.942,-21.5,235.858,46.841,-18.9,0,-1.400413516641156,9.497771419447657,-8.928138433433773,28.585241961220632,0.1494306159453455,0.33215910268680954
235.697,46.726,-16.5,235.739,46.55,-16.5,235.902,46.661,-19.1,0,-1.5501562899888897,13.517125522886417,-6.591171857267124,28.941686749684795,0.22288870728825988,0.46571058436543455
235.975,40.484,-16.5,235.93099999999998,40.322,-18.1,236.086,40.389,-18.2,0,-3.4663776357608027,3.7849545062772014,-20.530695698212128,12.6934355961846,0.16115171335590087,0.2857108591102437
235.753,46.371,-16.5,235.757,46.192,-16.5,235.928,46.323,-19.2,0,-3.6715914631114583,11.284986331884886,-12.434708763392827,26.08568839287923,0.28908666143883655,0.42977853780131714
236.539,40.291,-21.5,236.656,40.444,-21.5,236.44,40.41,-20.1,0,0.3710580828939909,2.4788235755216737,-14.28151829949283,19.414833906706264,-0.03136719211558489,0.12462239561331673
235.39600000000002,47.41,-16.5,235.62099999999998,47.373,-18.8,235.51600000000002,47.54,-18.8,0,-0.12709340515625714,20.372865094140106,3.5289041224541826,31.41332563050814,0.011010556270655713,0.6496006721063147
235.39600000000002,47.41,-16.5,235.49200000000002,47.243,-16.5,235.62099999999998,47.373,-18.8,0,-0.08357382180772469,20.792481754686463,2.1587386312998724,31.315669522340244,0.03295480778284235,0.6649576388694899
236.062,40.236,-19.4,236.065,40.095,-20.3,236.224,40.169,-20.6,0,-0.670308394480654,2.265707712654595,-18.78376123129874,16.815113710142057,0.02736752796897552,0.12620937404851582
235.739,46.55,-16.5,235.753,46.371,-16.5,235.92000000000002,46.483,-19.1,0,-2.899531734778263,11.959808044209463,-10.96158377813002,27.144682154498277,0.25777487224748546,0.43835504921856927
235.904,40.163,-19.1,236.062,40.236,-19.4,235.93099999999998,40.322,-18.1,0,-2.3848240550459185,3.3978589809985245,-18.603873589905987,16.56543198121758,0.11774200079967075,0.19508481418158133
236.44,40.41,-20.1,236.656,40.444,-21.5,236.574,40.557,-20.3,0,0.19233822225627242,2.8178969413327355,-13.56836222013959,19.388437593307877,-0.019752936843806693,0.14243766853759865
233.65699999999998,49.175,-16.5,233.856,49.052,-16.5,233.837,49.169,-18.9,0,4.891813907129291,15.841536548231062,14.730125818940227,34.32994075292412,0.3313469696640328,0.460321924211639
235.928,46.323,-19.2,235.757,46.192,-16.5,235.93200000000002,46.149,-19.2,0,-3.529269381356212,9.978883368204903,-12.300763518507647,25.91508212085115,0.2808855401791311,0.38220758574303015
235.29500000000002,47.575,-16.5,235.39600000000002,47.41,-16.5,235.51600000000002,47.54,-18.8,0,-0.17382524987933146,22.045355156927716,3.044337914487002,31.697171204644903,-0.0028040721537322846,0.6963622683462762
235.29500000000002,47.575,-16.5,235.51600000000002,47.54,-18.8,235.409,47.703,-18.8,0,-0.003268220165334406,22.031008487867798,0.11880151410980666,32.57397357437084,-0.016077794385809856,0.6757881277077696
235.858,46.841,-18.9,235.697,46.726,-16.5,235.902,46.661,-19.1,0,-1.7413778867287533,12.665845896141608,-8.586538456227991,28.57542736247275,0.19410552688690796,0.44240909841269227
232.701,49.817,-16.5,232.88400000000001,49.928,-21.5,232.703,49.954,-19.1,0,3.080796417054107,14.47941365755072,9.372804819776489,38.453499249623704,0.3278677428103226,0.3748968616862901
235.93099999999998,40.322,-18.1,236.062,40.236,-19.4,236.086,40.389,-18.2,0,-2.503938949214022,3.168213171741261,-20.740406480605913,13.063602805566234,0.11334244578025783,0.23010120597137274
235.902,46.661,-19.1,235.739,46.55,-16.5,235.92000000000002,46.483,-19.1,0,-2.3913986690727222,11.194230337615236,-10.222403568634128,27.624561002397183,0.22703596957989935,0.40350545975190716
235.19299999999998,47.741,-16.5,235.29500000000002,47.575,-16.5,235.409,47.703,-18.8,0,0.01846128787944555,23.321445472086026,-0.952600517791609,32.78385963638471,-0.01983815995318305,0.7108795244351152
234.037,49.172,-21.5,233.829,49.287,-21.5,233.837,49.169,-18.9,0,4.324689092047247,12.089550091438875,16.606774404014523,33.398069243213655,0.2599296634279726,0.3610130043256363
235.19299999999998,47.741,-16.5,235.409,47.703,-18.8,235.31900000000002,47.843,-18.8,0,0.004645331778440497,22.558771662325313,-0.16908572331017524,32.96481592258096,-0.02340257917347168,0.6838149351858058
235.192,48.431,-21.5,234.96800000000002,48.394,-18.8,235.091,48.264,-19.1,0,0.13453052004618696,17.61054291795355,2.2249236658396683,34.16291304045361,0.05628323227852484,0.5149513468999507
236.326,41.049,-16.5,236.372,40.874,-16.5,236.486,40.989,-18.9,0,0.7459020516241992,5.237111924567812,6.279486009229004,20.468414598869487,0.1316147011685642,0.25572839072774933
236.059,46.765,-21.5,235.858,46.841,-18.9,235.902,46.661,-19.1,0,-1.5087798913023795,10.153132922226465,-8.266925004837042,28.61459252535417,0.17407290003320142,0.35422302694970803
235.92000000000002,46.483,-19.1,235.753,46.371,-16.5,235.928,46.323,-19.2,0,-3.297757309748338,10.177587188770833,-12.650002780097818,26.164354410526222,0.25515799926911625,0.38651623096549237
234.777,48.4,-16.5,234.888,48.237,-16.5,234.96800000000002,48.394,-18.8,0,0.07761107370713038,21.072316283412945,0.7120407579253083,34.43239591847149,0.0936294537204031,0.6114824721626222
235.09,47.906,-16.5,235.19299999999998,47.741,-16.5,235.31900000000002,47.843,-18.8,0,0.013297028329632015,23.54122024014609,-0.7037369896226604,33.17770514363857,-0.01626363921359393,0.7090865471917233
236.07299999999998,46.588,-21.5,236.059,46.765,-21.5,235.902,46.661,-19.1,0,-1.8969961434227742,8.183675797822108,-10.476545236980314,27.629323116835618,0.17532266583547496,0.2952574318556455
235.388,48.101,-21.5,235.289,48.266,-21.5,235.18099999999998,48.142,-19.3,0,0.0022703658812398423,17.85176277703921,-0.7481219001772423,33.72238378993324,0.00569683256649153,0.5288225770135916
236.316,40.319,-20.0,236.539,40.291,-21.5,236.44,40.41,-20.1,0,0.31598474835348567,2.4295437120431607,-17.95013659607875,16.381461982103183,-0.022756712599319037,0.1429905800454373
235.18099999999998,48.142,-19.3,234.989,48.071,-16.5,235.23399999999998,48.006,-19.0,0,-0.014790744840479788,21.717303220299303,-1.7881284450237018,33.62767763519474,0.011637549941606486,0.6453238568244318
236.37099999999998,41.448,-21.5,236.16899999999998,41.387,-16.5,236.293,41.326,-18.8,0,1.5511574849606755,4.062712486192926,7.557645301962708,17.99313557957109,0.2132365998205506,0.22579938492349547
234.244,49.056,-21.5,234.055,48.93,-16.5,234.255,48.932,-19.1,0,3.698684891426735,14.58446938338804,14.756611077031472,33.435760352487385,0.24988022399491946,0.4353170433496845
236.709,40.794,-21.5,236.656,40.966,-21.5,236.54399999999998,40.834,-19.2,0,0.11991829800442083,2.8367069140656693,6.467331421034544,20.887814246907226,0.02456302298791426,0.1358762494411628
236.082,46.41,-21.5,236.07299999999998,46.588,-21.5,235.92000000000002,46.483,-19.1,0,-2.2472776268729415,7.349344448415977,-11.244933369998527,26.903185853950514,0.19470309830622476,0.2715287102352134
236.656,40.966,-21.5,236.52800000000002,41.115,-21.5,236.486,40.989,-18.9,0,0.9085073924026182,2.5087748155022247,13.88963251990447,15.930112468399017,0.06749520831597268,0.1583939455023858
236.07299999999998,46.588,-21.5,235.902,46.661,-19.1,235.92000000000002,46.483,-19.1,0,-2.059266715989608,8.891254963277769,-9.992877829013455,27.63534007678346,0.19968571190474702,0.32029965630251944
234.648,48.684,-19.0,234.652,48.823,-21.5,234.45499999999998,48.811,-19.1,0,2.527178892428435,14.211702195860804,14.76057032746668,32.463065884774366,0.1704271826248413,0.4370849616594327
234.853,48.705,-21.5,234.652,48.823,-21.5,234.648,48.684,-19.0,0,2.211485219188464,13.041142133208352,15.806807157655864,31.73050918067419,0.13923179673694527,0.41035525711608845
236.326,41.049,-16.5,236.52800000000002,41.115,-21.5,236.37900000000002,41.162,-18.9,0,1.4180687203948568,4.018195051791695,10.505126525488492,17.997747240633657,0.1401548270166305,0.22361768479954
236.078,46.232,-21.5,236.082,46.41,-21.5,235.928,46.323,-19.2,0,-2.820660602434375,6.736226357577434,-13.140644066975643,25.58111774852353,0.21029372294053422,0.26112691921938774
233.65699999999998,49.175,-16.5,233.829,49.287,-21.5,233.638,49.289,-19.0,0,5.113825007467807,13.700046142667151,16.484717169325084,33.839042003303035,0.3096906255100419,0.40371565511769075
233.058,49.79,-21.5,232.885,49.684,-16.5,233.062,49.668,-18.9,0,4.211979312740095,14.166472791780103,12.560318356955072,37.072102041049,0.33477900079539014,0.3805918421844998
236.406,40.536,-18.8,236.44,40.41,-20.1,236.574,40.557,-20.3,0,-0.09912764241244755,3.4837144207352795,-13.840168657734978,19.076497025960965,0.00024742991250114346,0.17904483852448774
234.446,48.681,-16.5,234.648,48.684,-19.0,234.45499999999998,48.811,-19.1,0,2.863128098455881,16.310983709809737,14.540811752817163,32.63810049037649,0.1960051239356612,0.4990182462676801
233.238,49.656,-21.5,233.07299999999998,49.553,-16.5,233.247,49.54,-18.9,0,4.647149184408157,13.986987220635438,13.845413838635757,36.27038054112847,0.3351209369427843,0.3841930745047426
232.88400000000001,49.928,-21.5,232.701,49.817,-16.5,232.88,49.801,-18.9,0,3.7937257364175396,14.338741183551319,11.42106149313825,37.754442604320985,0.33157172442913263,0.37815096510236795
233.45999999999998,49.299,-16.5,233.623,49.404,-21.5,233.44299999999998,49.413,-19.1,0,5.099140135360248,13.744461800428608,15.70102413251487,34.76925039303718,0.3242574747498921,0.39405111050598834
234.446,48.681,-16.5,234.625,48.547,-16.5,234.648,48.684,-19.0,0,2.2225254738732962,18.06638928624359,11.867672396266585,33.38934959500199,0.18610668120104967,0.5403973984584184
234.625,48.547,-16.5,234.777,48.4,-16.5,234.828,48.531,-18.7,0,1.0786649421115986,19.539437015704962,7.661877876371365,34.050265948809084,0.1390707451078632,0.5732532153786435
236.52800000000002,41.115,-21.5,236.326,41.049,-16.5,236.486,40.989,-18.9,0,1.403857823221362,3.6554073790270145,12.379056490692001,17.08066307642133,0.11720901375453213,0.21470871985798584
233.856,49.052,-16.5,234.037,49.172,-21.5,233.837,49.169,-18.9,0,4.706390729817568,13.934491788917267,16.26804545681955,33.39273543022483,0.2887041841042703,0.4162620179739155
233.424,49.525,-21.5,233.26600000000002,49.426,-16.5,233.44299999999998,49.413,-19.1,0,4.419695620389877,14.118891149260435,13.3379569043883,36.12121734388491,0.3307328609976443,0.389564086469746
233.26600000000002,49.426,-16.5,233.424,49.525,-21.5,233.247,49.54,-18.9,0,4.282600196989125,14.185779165009665,12.83017942384583,36.44674871474672,0.3331392056696462,0.3878712911105976
234.252,48.806,-16.5,234.446,48.681,-16.5,234.45499999999998,48.811,-19.1,0,3.2767451226558104,17.11135896392888,14.154199416524616,33.02920466349305,0.23054150840479756,0.5172771180888008
236.064,46.055,-21.5,235.93200000000002,46.149,-19.2,235.93200000000002,45.97,-19.3,0,-3.542984010697943,7.585799766325468,-13.488838449200255,24.84655503661915,0.25767265533653666,0.30253795923122956
236.064,46.055,-21.5,236.078,46.232,-21.5,235.93200000000002,46.149,-19.2,0,-3.3626214951048823,6.4952781942390425,-14.52557386333589,24.40213110554207,0.22736479613176255,0.2636067585767366
234.055,48.93,-16.5,234.252,48.806,-16.5,234.255,48.932,-19.1,0,3.9305294933710133,16.608342895670823,14.490499716442521,33.38526121122778,0.27035588112698367,0.49658088343843293
234.252,48.806,-16.5,234.45499999999998,48.811,-19.1,234.255,48.932,-19.1,0,3.5910450940219945,15.7570450400384,15.14562424217947,32.8542159014463,0.23627275991380756,0.47877675559473987
234.45499999999998,48.811,-19.1,234.44799999999998,48.939,-21.5,234.255,48.932,-19.1,0,3.1670295941810993,13.785917033220532,15.30262970402877,32.73532348837985,0.2062346356962014,0.4203585884146726
234.652,48.823,-21.5,234.44799999999998,48.939,-21.5,234.45499999999998,48.811,-19.1,0,2.8456413645457497,12.738245031322304,16.242917092151583,32.03362462553427,0.174549696595478,0.39694328244172306
233.07299999999998,49.553,-16.5,233.238,49.656,-21.5,233.062,49.668,-18.9,0,4.104074933655869,14.220380056415806,12.20673140212469,36.98697658397012,0.3355708759138224,0.3830090512612392
236.656,40.444,-21.5,236.70999999999998,40.616,-21.5,236.574,40.557,-20.3,0,0.08014083927547479,2.7549464306591402,-6.918014653992088,22.320546190530948,-0.019913975201685384,0.12209010293005434
234.44799999999998,48.939,-21.5,234.244,49.056,-21.5,234.255,48.932,-19.1,0,3.340160513158004,12.511072722538884,16.122247848736666,32.604536198780885,0.20656491655165235,0.38293896952530354
236.053,45.877,-21.5,236.064,46.055,-21.5,235.93200000000002,45.97,-19.3,0,-3.5330824120775985,6.685110416135801,-14.097777461919346,24.238902704418,0.24605783388199406,0.2731304854343744
236.424,41.274,-21.5,236.245,41.217,-16.5,236.37900000000002,41.162,-18.9,0,1.908344902824281,3.991100255916094,10.991672132674566,17.164302077763637,0.17851395947090054,0.23284344482414804
236.082,46.41,-21.5,235.92000000000002,46.483,-19.1,235.928,46.323,-19.2,0,-2.7998467512343854,7.96379574323738,-12.46884980994918,26.16565951295657,0.2196198965520222,0.3022290419312202
236.531,40.705,-19.2,236.709,40.794,-21.5,236.54399999999998,40.834,-19.2,0,-0.10684619749923649,3.5749553933349025,-1.9815367689843129,22.17750570878377,0.023318736024565013,0.1603622525970676
233.623,49.404,-21.5,233.45999999999998,49.299,-16.5,233.638,49.289,-19.0,0,4.539522777123276,14.074534328836833,14.12832905274685,35.29025791894044,0.3206757914209271,0.3976227031073096
236.406,40.536,-18.8,236.184,40.566,-16.5,236.28,40.451,-18.7,0,-1.2255973118134524,3.899481090283754,-18.013490678828646,15.104692763705842,0.06124234587727715,0.25121812682045
232.885,49.684,-16.5,233.058,49.79,-21.5,232.88,49.801,-18.9,0,3.8934777158097966,14.306983808777892,11.631985777140317,37.509852260191295,0.3340935251663739,0.37984960852627986
236.078,46.232,-21.5,235.928,46.323,-19.2,235.93200000000002,46.149,-19.2,0,-2.938679345772653,7.784627245452518,-12.082018097843445,25.954533022102353,0.2379707681407818,0.29743887194845153
233.829,49.287,-21.5,233.65699999999998,49.175,-16.5,233.837,49.169,-18.9,0,4.558668302116924,14.064257285151145,14.978897257036685,34.38625241429201,0.3037057721428227,0.4079170285818959
236.245,41.217,-16.5,236.424,41.274,-21.5,236.293,41.326,-18.8,0,1.6202249208636654,4.268880538614847,8.633945006751674,18.216836671730192,0.1946482267477864,0.23438657365335291
236.70999999999998,40.616,-21.5,236.531,40.705,-19.2,236.574,40.557,-20.3,0,-0.044639650985345086,3.2109183505421575,-8.374579847153626,21.369235608731714,-0.002506276342563403,0.14857644636288464
235.09,47.906,-16.5,235.31900000000002,47.843,-18.8,235.23399999999998,48.006,-19.0,0,0.011026455362242189,22.473061409394987,-0.6126800483897252,33.32969875517071,-0.012613009405879868,0.6737718256071344
235.388,48.101,-21.5,235.18099999999998,48.142,-19.3,235.23399999999998,48.006,-19.0,0,0.009254668955864343,19.507393459768213,-1.5308762264126834,33.54112785945931,-0.002326987005276675,0.5810503077163695
236.486,40.989,-18.9,236.372,40.874,-16.5,236.54399999999998,40.834,-19.2,0,0.4490666869784851,4.645728626185243,6.035786267054192,20.902757713830226,0.08631885497748859,0.2221666197734835
236.656,40.966,-21.5,236.486,40.989,-18.9,236.54399999999998,40.834,-19.2,0,0.25482731649430257,3.5144651629489685,5.5549787950740495,20.84041755844791,0.054999478861523524,0.16857605188245595
234.96800000000002,48.394,-18.8,234.888,48.237,-16.5,235.091,48.264,-19.1,0,0.16567877164459416,20.38269551132086,2.335844585353076,34.1701011928197,0.06671796223806421,0.5959914536989748
235.18099999999998,48.142,-19.3,235.289,48.266,-21.5,235.091,48.264,-19.1,0,-0.012111070301000143,18.59329464027338,-0.8147544790626995,33.907168577588855,0.02414005523594395,0.5478244937099427
236.406,40.536,-18.8,236.28,40.451,-18.7,236.44,40.41,-20.1,0,-0.41625280326699104,3.1972590802549155,-18.14553914039587,15.254967154100711,0.01721519095302187,0.2033302078623966
236.28,40.451,-18.7,236.316,40.319,-20.0,236.44,40.41,-20.1,0,-0.255461283569848,3.1440411719549988,-17.71704249395117,16.28980776893853,0.007987610561688844,0.18682589441427722
232.541,50.085,-19.0,232.72199999999998,50.072,-21.5,232.56,50.217,-21.5,0,2.45146945777111,12.921178302572008,8.573116183477357,39.04482220449195,0.28526935484407656,0.3293516707546834
236.161,42.502,-21.5,235.869,42.617,-16.5,235.89600000000002,42.439,-16.5,0,0.17929811476038188,3.741065315410111,4.3907563406062025,13.195958380091298,0.05741038962369793,0.291135987382072
236.137,42.679,-21.5,235.845,42.795,-16.5,235.869,42.617,-16.5,0,0.08670400927144743,3.6564966396801117,4.144276007961963,12.37311530815424,0.03788652130622393,0.30439434327520565
236.161,42.502,-21.5,236.137,42.679,-21.5,235.869,42.617,-16.5,0,0.05443792171849607,3.0519416175781053,3.8538801010996337,12.89747262244586,0.029511406423862137,0.24389181942305077
236.11599999999999,42.856,-21.5,235.825,42.973,-16.5,235.845,42.795,-16.5,0,0.06166068524164133,3.4356865063003243,3.8500919553235917,11.569816811910641,0.032979252858704365,0.3064282309616921
236.11599999999999,42.856,-21.5,235.845,42.795,-16.5,236.137,42.679,-21.5,0,0.010769194859581,2.9129195441880107,3.6174704782373226,12.068804079872791,0.018416441589377427,0.24957606246542557
236.098,43.033,-21.5,235.825,42.973,-16.5,236.11599999999999,42.856,-21.5,0,0.015490967895928518,2.6556656724202825,3.3970455358861784,11.23871738162228,0.01945421797905434,0.24481673186872413
236.341,43.524,-26.5,236.067,43.388,-21.5,236.35,43.345,-26.5,0,-0.14334778536312137,1.5531510571890226,-9.58149293725711,22.99659230171568,0.01473222968918309,0.06703522166229839
236.325,43.881,-26.5,236.046,43.922,-21.5,236.05,43.744,-21.5,0,-0.7040425807765858,1.7820947812104737,-10.184869665624603,22.3723632719215,0.06866891799460893,0.0789089069138031
236.36700000000002,43.167,-26.5,236.098,43.033,-21.5,236.38400000000001,42.989,-26.5,0,-0.030069441242175504,0.9100978600684516,2.3415140335338833,10.790580695614693,-0.004951657292069891,0.08890279822227688
236.36700000000002,43.167,-26.5,236.082,43.211,-21.5,236.098,43.033,-21.5,0,-0.009631440813628793,1.2672880528764123,2.598533331906367,10.408992182538753,0.0060240578372988286,0.12745611686361488
236.32,44.06,-26.5,236.046,43.922,-21.5,236.325,43.881,-26.5,0,-0.5506196938530629,1.085633937676247,-10.090732012610474,22.351712378274442,0.054240800389238786,0.04797597858102657
234.853,48.705,-21.5,235.043,48.579,-21.5,235.102,48.817,-26.5,0,1.1327294902877265,10.110380206831753,14.347940340911176,32.16061802427684,0.07838640544885406,0.3138797234864582
236.38400000000001,42.989,-26.5,236.098,43.033,-21.5,236.11599999999999,42.856,-21.5,0,-0.03479144284536765,1.4985083688068008,2.7484453541499363,11.265917007182196,-0.0020283737976995613,0.13903877853801352
236.35,43.345,-26.5,236.082,43.211,-21.5,236.36700000000002,43.167,-26.5,0,-0.03340341646225088,1.8579062025435693,-8.541534704206583,23.55418948234265,0.00383278760683116,0.0784096464457337
236.38400000000001,42.989,-26.5,236.11599999999999,42.856,-21.5,236.399,42.81,-26.5,0,-0.04264067054546396,1.0904057579600197,2.2331993849107334,11.710198213959387,-0.009781434407521187,0.09769579327404428
236.32,44.06,-26.5,236.047,44.099,-21.5,236.046,43.922,-21.5,0,-0.9639497222556688,1.7568169931275852,-10.800143101021519,21.94119830979652,0.08885032860440896,0.07929588922119099
235.102,48.817,-26.5,235.043,48.579,-21.5,235.288,48.688,-26.5,0,0.7341024232825186,8.009937473376896,13.855347360644014,32.246637004993474,0.052525460800071415,0.24799673169210665
236.35,43.345,-26.5,236.067,43.388,-21.5,236.082,43.211,-21.5,0,-0.16534082817925552,2.670510639353212,-8.76737305868896,23.395519792240634,0.01863310785193703,0.11352293010053943
236.399,42.81,-26.5,236.11599999999999,42.856,-21.5,236.137,42.679,-21.5,0,-0.04286158362656654,1.6960766366734619,2.975382070364617,12.110969751973641,-0.0034203620177128864,0.1458086940586647
236.314,44.596,-26.5,236.038,44.633,-21.5,236.04399999999998,44.455,-21.5,0,-1.581882539893253,2.721394601596397,-9.952717080061873,21.924098548940307,0.15871669170646324,0.12340279129484434
236.32,44.06,-26.5,236.317,44.239,-26.5,236.047,44.099,-21.5,0,-0.7295474813089861,1.1613379283012566,-10.33814937160723,22.105120024762144,0.0702951719336347,0.051928549071509914
236.308,44.775,-26.5,236.038,44.633,-21.5,236.314,44.596,-26.5,0,-1.2394569837167664,1.983786827412056,-9.983204649166836,21.843589233555164,0.1239993857196639,0.09026378832524111
236.308,44.775,-26.5,236.034,44.811,-21.5,236.038,44.633,-21.5,0,-1.8525408928640072,3.170860544941436,-10.196558499484027,21.66887115385289,0.1814951991323134,0.1456551890510074
236.399,42.81,-26.5,236.137,42.679,-21.5,236.416,42.632,-26.5,0,-0.04505546258407928,1.232698865111562,2.3895979502974853,12.579426701544634,-0.008967933375390733,0.10216426856326158
236.30200000000002,45.132,-26.5,236.304,45.311,-26.5,236.03199999999998,45.166,-21.5,0,-1.9564684528469207,2.9482539125161913,-12.448094765751385,23.099085291940273,0.1537616398551226,0.12599005010788927
236.304,45.311,-26.5,236.035,45.344,-21.5,236.03199999999998,45.166,-21.5,0,-2.7583124571292577,4.416043577706477,-12.761566769462306,23.193055369395257,0.21166839726549247,0.18827055181544972
236.314,44.596,-26.5,236.04399999999998,44.455,-21.5,236.314,44.418,-26.5,0,-1.1377263815297354,1.6310014377923598,-10.700957697821295,21.645503656266712,0.10614330782327243,0.07475747651410183
236.317,44.239,-26.5,236.048,44.277,-21.5,236.047,44.099,-21.5,0,-1.198879257595832,1.9231787222359522,-10.79856738672558,21.80803780005708,0.11068908250896982,0.08740960583761687
233.279,49.895,-26.5,233.238,49.656,-21.5,233.452,49.755,-26.5,0,2.1226773713954326,8.273454828827683,10.840185708689628,37.20122259753483,0.19543757485238522,0.22149467639072837
236.30200000000002,45.132,-26.5,236.03199999999998,45.166,-21.5,236.03199999999998,44.988,-21.5,0,-2.645753174033035,4.177131946587299,-12.37758423993185,22.965196346055663,0.20915960708793696,0.17963992729547953
233.058,49.79,-21.5,233.238,49.656,-21.5,233.279,49.895,-26.5,0,2.9001176772666644,9.991050753626688,12.150905375922955,36.88972793527326,0.23830223998472697,0.26971018079418374
236.3,44.954,-26.5,236.30200000000002,45.132,-26.5,236.03199999999998,44.988,-21.5,0,-1.9148575272794066,2.7285840165978392,-12.447301342646206,22.66144507962222,0.15048063320869837,0.11862347260279327
236.753,41.059,-26.5,236.656,40.966,-21.5,236.841,40.894,-26.5,0,0.06300155121723734,1.2867129359002427,9.670929302072295,19.883269723924087,0.007889273708418534,0.064960797047135
236.3,44.954,-26.5,236.034,44.811,-21.5,236.308,44.775,-26.5,0,-1.3676407437793512,2.3295387424224123,-9.746645452721282,21.816285944921177,0.14018102152240514,0.10627575796447383
236.314,44.418,-26.5,236.04399999999998,44.455,-21.5,236.048,44.277,-21.5,0,-1.3746244662899703,2.281548936459688,-10.192827590212687,21.96426054651164,0.13459088061597788,0.1031168191865166
236.314,44.418,-26.5,236.048,44.277,-21.5,236.317,44.239,-26.5,0,-0.9108753023993985,1.3615461651694918,-10.340009128144743,21.970945932467345,0.08787285539981247,0.06136371311005427
236.3,44.954,-26.5,236.03199999999998,44.988,-21.5,236.034,44.811,-21.5,0,-2.0840954778594813,3.565285946087034,-10.434910927938986,21.420325922752625,0.1995652496604022,0.16583702585242155
236.416,42.632,-26.5,236.137,42.679,-21.5,236.161,42.502,-21.5,0,-0.025424105318928178,1.812984819829843,3.2205907798260967,12.95313216917009,0.003333906534552863,0.14496578400130408
236.304,45.311,-26.5,236.3,45.49,-26.5,236.035,45.344,-21.5,0,-1.831705306880727,3.1804027299391633,-11.66716371643546,23.955931555158347,0.1534101248697152,0.13124515379379775
232.836,50.349,-26.5,232.69799999999998,50.283,-24.0,232.786,50.19,-24.0,0,1.0657561233405004,8.227118190145177,5.85078716784516,39.34752845057467,0.18155285288004736,0.2080601621790617
236.416,42.632,-26.5,236.161,42.502,-21.5,236.434,42.454,-26.5,0,-0.030674341496444234,1.301250222113844,2.4787314096285513,13.46416815607941,-0.0014407161735719202,0.10006340705719016
236.3,45.49,-26.5,236.043,45.522,-21.5,236.035,45.344,-21.5,0,-2.851517801955074,4.529769816201876,-13.413278829607023,23.290322078859116,0.20843923405580272,0.19240799850612164
234.897,48.935,-26.5,234.853,48.705,-21.5,235.102,48.817,-26.5,0,1.2080459010225892,7.54076259366209,16.48417625371924,31.42222122048352,0.07289951692513148,0.23955899904190991
234.652,48.823,-21.5,234.853,48.705,-21.5,234.897,48.935,-26.5,0,1.711716497536002,9.769868694006984,16.055926050020144,31.80473615561708,0.10610320440942206,0.30664852636616396
236.434,42.454,-26.5,236.161,42.502,-21.5,236.185,42.325,-21.5,0,0.021709073706096163,1.83964621300068,3.2622570721908914,13.850079359383898,0.01873367522790667,0.13675362660018067
233.452,49.755,-26.5,233.424,49.525,-21.5,233.635,49.621,-26.5,0,2.463200127360104,8.21375163977297,12.58275733385629,36.27446248272197,0.19542120874348234,0.22558684374856722
236.325,46.204,-26.5,236.064,46.055,-21.5,236.30700000000002,46.026,-26.5,0,-1.9460845692931248,3.0263543524322425,-14.61766420447237,24.147782303231363,0.13080886722014254,0.12378204530756362
236.078,46.232,-21.5,236.064,46.055,-21.5,236.325,46.204,-26.5,0,-2.4191826306283133,4.27400811189832,-14.263712125834996,24.606299955285255,0.16652511098546316,0.17178471202109108
233.238,49.656,-21.5,233.424,49.525,-21.5,233.452,49.755,-26.5,0,3.1314047234539353,9.952807043668134,13.086797738536957,36.220258741882574,0.23889803781252059,0.2737338708771974
236.434,42.454,-26.5,236.185,42.325,-21.5,236.451,42.276,-26.5,0,0.0009424281533028012,1.2892945093377426,2.420033839129502,14.378472810051534,0.013045384045058792,0.09218891833414494
236.204,47.056,-23.8,236.368,47.259,-26.5,236.138,47.235,-23.7,0,-0.2537135750831004,5.914843026609215,-3.0760149933786174,30.316099449015283,0.061026212363383375,0.19602263918904733
236.841,40.894,-26.5,236.656,40.966,-21.5,236.709,40.794,-21.5,0,0.0097076236450422,1.812627366845079,6.107208821149868,21.52734392810015,0.005046784297146124,0.08425953990691518
236.428,47.085,-26.5,236.368,47.259,-26.5,236.204,47.056,-23.8,0,-0.1928659227019713,4.314654664257367,-2.2881884955448584,30.20079304501516,0.05988131668689409,0.14354171172777466
234.686,49.048,-26.5,234.652,48.823,-21.5,234.897,48.935,-26.5,0,1.6541628780443263,7.392937935920948,17.422355195207267,31.37527516448519,0.09458889919768172,0.23516794950409003
236.297,45.669,-26.5,236.043,45.522,-21.5,236.3,45.49,-26.5,0,-1.8102561775349888,3.2999766005073212,-11.790946639467439,24.36237036231871,0.15013699546701556,0.13396967422931078
236.064,46.055,-21.5,236.053,45.877,-21.5,236.30700000000002,46.026,-26.5,0,-2.5316212270357767,4.476900390036217,-13.846706441450909,24.422616266023304,0.17945695367222644,0.1812828402669287
236.053,45.877,-21.5,236.298,45.847,-26.5,236.30700000000002,46.026,-26.5,0,-1.8967136768292465,3.2279409856201613,-13.402541446543307,24.41889880472046,0.1388530041588002,0.13062923563251594
236.451,42.276,-26.5,236.185,42.325,-21.5,236.209,42.148,-21.5,0,0.09668593994573724,1.7879684540596081,3.3050557263859446,14.750217177111523,0.0419516843206654,0.12400756130791916
236.297,45.669,-26.5,236.049,45.699,-21.5,236.043,45.522,-21.5,0,-2.6951973336855857,4.637003583123169,-13.166804101798224,23.906886585469167,0.20067379772667593,0.1919358222824091
234.44799999999998,48.939,-21.5,234.652,48.823,-21.5,234.686,49.048,-26.5,0,2.2101343305459835,9.631255442492607,16.475954134759604,32.06603193227301,0.1336627704412932,0.2997702877782317
236.451,42.276,-26.5,236.209,42.148,-21.5,236.469,42.097,-26.5,0,0.05045470445500099,1.2131890286137317,2.5106685216244102,15.269909089365768,0.033476086166960115,0.08110485290116377
236.297,45.669,-26.5,236.298,45.847,-26.5,236.049,45.699,-21.5,0,-1.8261146675763649,3.324548917203443,-12.324652982593555,24.55377101498468,0.1451063229142556,0.13388791148032453
236.053,45.877,-21.5,236.049,45.699,-21.5,236.298,45.847,-26.5,0,-2.5155951881635175,4.672298076878689,-12.899747248252606,24.508995523787124,0.19115498349457136,0.1886291530042136
234.47199999999998,49.159,-26.5,234.44799999999998,48.939,-21.5,234.686,49.048,-26.5,0,2.0788200286113847,7.317388922443833,17.823607535190924,31.635590779241454,0.11630564180829102,0.23079410090071556
236.648,41.22,-26.5,236.424,41.274,-21.5,236.52800000000002,41.115,-21.5,0,0.9587850412034783,2.2791243210486605,11.320245556435935,17.14411740705802,0.08738791725846322,0.13328382520730478
233.424,49.525,-21.5,233.623,49.404,-21.5,233.635,49.621,-26.5,0,3.6194587929583033,9.717413275835222,15.419999504135404,34.91802672564528,0.2344015654640742,0.2773126492759449
236.24,46.855,-23.8,236.463,46.908,-26.5,236.204,47.056,-23.8,0,-0.6648751300988043,4.320992978772802,-7.035990876654939,29.018418367658846,0.08768017765232042,0.14923016313293272
236.469,42.097,-26.5,236.209,42.148,-21.5,236.24200000000002,41.972,-21.5,0,0.24204598946418449,1.675452496631814,4.110949181495641,15.470340313083199,0.06952702016300424,0.11006933995493721
234.244,49.056,-21.5,234.44799999999998,48.939,-21.5,234.47199999999998,49.159,-26.5,0,2.6111243796762316,9.533729986918415,16.343891090587274,32.63793471493561,0.15930575317574777,0.2914615217581706
233.635,49.621,-26.5,233.623,49.404,-21.5,233.839,49.501,-26.5,0,3.011552509249618,7.782840801925953,16.057071326602536,34.44567786268517,0.18730752288275332,0.22516457146015798
236.564,41.387,-26.5,236.424,41.274,-21.5,236.648,41.22,-26.5,0,0.724976671574335,1.8713807322359406,9.145064526765026,17.83296032809534,0.08250874565253195,0.10506655972542246
236.463,46.908,-26.5,236.428,47.085,-26.5,236.204,47.056,-23.8,0,-0.48859677423342956,3.626133499467731,-6.3535481099929605,29.310443794576244,0.06995472266533809,0.12415313217096352
236.89499999999998,40.541,-26.5,236.70999999999998,40.616,-21.5,236.656,40.444,-21.5,0,0.14795935290903084,1.8760451617023737,-7.278104462376604,22.682741277303705,-0.024866702176003057,0.0817838712294828
233.839,49.501,-26.5,233.829,49.287,-21.5,234.043,49.381,-26.5,0,2.7961634050419453,7.650097725155438,16.07003590935362,34.03769188760887,0.17371599701579765,0.22405768403404877
236.38400000000001,40.158,-21.5,236.35899999999998,39.969,-24.0,236.485,40.048,-24.5,0,0.8835532548796764,0.7645484440798833,-18.542312997501313,17.99728988586282,-0.052236822911612905,0.03796605398876216
233.623,49.404,-21.5,233.829,49.287,-21.5,233.839,49.501,-26.5,0,3.631018448734052,9.43582016654136,16.42988496251235,33.99746811427589,0.22067252157783396,0.2766609701491986
236.89499999999998,40.541,-26.5,236.656,40.444,-21.5,236.852,40.366,-26.5,0,0.14266743584668437,1.388117489617077,-6.12068103770568,23.41772370085863,-0.027039709296517788,0.05866246699955225
236.469,42.097,-26.5,236.24200000000002,41.972,-21.5,236.485,41.919,-26.5,0,0.0988041272714566,1.1383653889853749,2.3525981193990333,16.22332544926286,0.05671311290957301,0.07109221349367725
234.25799999999998,49.271,-26.5,234.244,49.056,-21.5,234.47199999999998,49.159,-26.5,0,2.4265434451105277,7.3006091677942795,17.703906480821523,32.21958076097607,0.1367606770617496,0.22602860723478818
236.288,47.43,-26.5,236.043,47.437,-23.8,236.138,47.235,-23.7,0,-0.02790288958006281,7.315654101105776,1.9504953343501548,30.882118272269366,0.031552823812568694,0.23807779512096663
234.037,49.172,-21.5,234.244,49.056,-21.5,234.25799999999998,49.271,-26.5,0,3.041312160790202,9.369957669859573,16.646750501693788,32.98182699637106,0.18229201500086797,0.2833820768993714
234.043,49.381,-26.5,234.037,49.172,-21.5,234.25799999999998,49.271,-26.5,0,2.8217745791307003,7.328161113015586,17.988116532585853,32.569162612050846,0.1566047983132768,0.22437441116050358
233.829,49.287,-21.5,234.037,49.172,-21.5,234.043,49.381,-26.5,0,3.4337441826782342,9.371907241502639,16.81422697390214,33.40873794090497,0.20385742049839697,0.27972638185014254
236.889,40.719,-26.5,236.709,40.794,-21.5,236.70999999999998,40.616,-21.5,0,-0.021744269007438515,1.8636571899577838,-0.24544887660093195,23.11759041209075,-0.012595069217467638,0.08026062188520834
232.974,50.193,-26.5,232.836,50.349,-26.5,232.786,50.19,-24.0,0,0.7513081981716577,7.276284019790373,4.6445490889683265,39.39459984306334,0.16101249680649615,0.1838061722730139
236.368,47.259,-26.5,236.288,47.43,-26.5,236.138,47.235,-23.7,0,-0.03577601627436606,5.417837611936181,0.9370288497052961,30.728975286974098,0.03820264848123786,0.17727552354792023
236.485,41.919,-26.5,236.24200000000002,41.972,-21.5,236.27800000000002,41.796,-21.5,0,0.38670485743892313,1.6469925418338418,4.438088727246196,16.331331042456554,0.09688850677590195,0.10178998915349474
236.841,40.894,-26.5,236.709,40.794,-21.5,236.889,40.719,-26.5,0,-0.06532963439452023,1.2337016579543456,5.304662739211508,22.211404097218264,-0.010064172384073061,0.05555672234532494
232.69799999999998,50.283,-24.0,232.56,50.217,-21.5,232.786,50.19,-24.0,0,1.279050009269144,10.27600376018779,5.644108253287158,39.38390373842521,0.22570906283755268,0.2596462667672472
236.889,40.719,-26.5,236.70999999999998,40.616,-21.5,236.89499999999998,40.541,-26.5,0,-0.018190218990386267,1.3175474279517123,0.18284378500808884,23.523541653385763,-0.01910882308747135,0.05575986897233339
236.485,41.919,-26.5,236.27800000000002,41.796,-21.5,236.501,41.741,-26.5,0,0.15244826991562904,1.1866086428049611,2.352344796842317,17.173202462050256,0.07966701089525934,0.0695086923862841
236.49200000000002,39.909,-26.5,236.635,40.051,-26.5,236.485,40.048,-24.5,0,0.9076085685209812,0.18860534663723086,-18.063989687508666,18.827820511289687,-0.05334436202122554,0.00741045657108274
232.56,50.217,-21.5,232.72199999999998,50.072,-21.5,232.786,50.19,-24.0,0,2.174717463753516,11.108638378619007,8.746706545075702,38.77602295777657,0.24812236511201552,0.28509468207329924
236.464,46.73,-26.5,236.24,46.855,-23.8,236.251,46.667,-23.8,0,-1.0627684669938362,3.411875959975453,-10.400665086047077,27.533691590325688,0.09855047923158015,0.12373041831020017
236.464,46.73,-26.5,236.463,46.908,-26.5,236.24,46.855,-23.8,0,-0.9566780400428548,2.713882125208751,-11.686497527283489,27.13467509086418,0.07914807703413103,0.100042040257654
236.524,41.563,-26.5,236.37099999999998,41.448,-21.5,236.564,41.387,-26.5,0,0.4376097027225117,1.7734779476188258,4.739629018238162,18.685490968409255,0.09975350784713334,0.09489246447766134
236.564,41.387,-26.5,236.37099999999998,41.448,-21.5,236.424,41.274,-21.5,0,0.7236222450828046,2.537197273004801,6.283110874495989,18.778485076979507,0.1217426338030851,0.13509805665947924
236.501,41.741,-26.5,236.27800000000002,41.796,-21.5,236.32299999999998,41.622,-21.5,0,0.5937350522605171,1.771641865921095,5.362179356460416,17.046634083043188,0.11859638667846595,0.10432786441890235
236.501,41.741,-26.5,236.32299999999998,41.622,-21.5,236.524,41.563,-26.5,0,0.2547772821982601,1.4139726555931493,3.018763989329301,18.06468560913521,0.0960921758662119,0.07837755071503738
236.524,41.563,-26.5,236.32299999999998,41.622,-21.5,236.37099999999998,41.448,-21.5,0,0.6948634280110954,2.108963064595444,5.729254474119585,17.96619794400428,0.12849052960705484,0.11747517461905646
235.192,48.431,-21.5,235.375,48.412,-23.8,235.268,48.534,-23.9,0,0.24168335523464182,12.054571436129342,6.730631962918036,33.81795637189781,0.034813819326053236,0.3559709521067656
235.375,48.412,-23.8,235.44799999999998,48.544,-26.5,235.268,48.534,-23.9,0,0.18705338226432297,9.592768663984588,6.92951388496196,33.76035494246538,0.02610241814179952,0.2837236079877266
236.186,47.595,-26.5,235.939,47.603,-23.9,236.043,47.437,-23.8,0,-0.10453208915422983,8.631481600002044,5.787460014953012,30.876696156764034,0.0012923703144567785,0.2807689847377996
236.288,47.43,-26.5,236.186,47.595,-26.5,236.043,47.437,-23.8,0,-0.041096747751191834,6.605251541727774,4.530314634344235,30.882186569204848,0.010925543064881603,0.21498614802984092
235.288,48.688,-26.5,235.043,48.579,-21.5,235.268,48.534,-23.9,0,0.47128621742162996,9.85991251704779,9.567127775248938,33.516885437982694,0.048523810497256,0.2937404630085336
235.851,48.081,-26.5,235.739,48.244,-26.5,235.618,48.072,-23.9,0,-0.04184441448816075,9.598785373080856,2.0098766229000056,33.18710358781767,-0.02282832933077802,0.28874260377696487
235.95600000000002,47.917,-26.5,235.851,48.081,-26.5,235.72199999999998,47.916,-23.9,0,-0.02570805834186121,9.707303574093627,0.9229719134884569,32.84232442323051,-0.031143394625987402,0.2950266656942091
236.186,47.595,-26.5,236.07299999999998,47.756,-26.5,235.939,47.603,-23.9,0,-0.18348442141700866,7.792465414349445,6.353338661562553,30.99923440464717,-0.012509784049883605,0.2524248340744431
235.851,48.081,-26.5,235.618,48.072,-23.9,235.72199999999998,47.916,-23.9,0,-0.03801892623920197,11.417284450124454,1.4031911931607652,33.01357166124555,-0.02963118755768712,0.34526780933223195
235.939,47.603,-23.9,236.07299999999998,47.756,-26.5,235.834,47.757,-23.9,0,-0.03470056386250977,10.23569221346591,1.7069952977285698,32.22206308536419,-0.020754795257581157,0.3170146657797637
236.07299999999998,47.756,-26.5,235.95600000000002,47.917,-26.5,235.834,47.757,-23.9,0,-0.07638666257787464,9.136710070528247,2.812361489341809,32.346339304271716,-0.027648251339407993,0.2818862033004135
235.834,47.757,-23.9,235.95600000000002,47.917,-26.5,235.72199999999998,47.916,-23.9,0,-0.06847759391190462,11.143215302252527,2.2151694751889455,32.59421133243765,-0.03178917147395688,0.34126183419107364
235.618,48.072,-23.9,235.739,48.244,-26.5,235.51600000000002,48.23,-23.9,0,-0.010354471220493064,11.107049696420367,0.9336645896237741,33.42698412389365,-0.016271895318972447,0.33176592014375134
236.043,47.437,-23.8,235.926,47.29,-21.5,236.138,47.235,-23.7,0,-0.035930024207176864,9.820957912669062,1.605420849012134,30.914522078196555,0.043295519451050826,0.3190129227958819
236.434,46.553,-26.5,236.464,46.73,-26.5,236.251,46.667,-23.8,0,-1.3704008375463326,2.073463174408967,-16.106475582595955,24.294735124959868,0.08354581652726034,0.08494471828446366
236.539,40.291,-21.5,236.75900000000001,40.202,-26.5,236.701,40.328,-23.8,0,0.5983891906801373,1.3457228846938816,-15.119449607978936,19.732031438605613,-0.04258894400836996,0.06622500150180381
236.75900000000001,40.202,-26.5,236.539,40.291,-21.5,236.551,40.154,-23.9,0,0.7708759872715759,1.1686436711605968,-17.39354749684034,18.118203056507696,-0.047249484786524264,0.06181612077659232
235.993,47.118,-21.5,236.204,47.056,-23.8,236.138,47.235,-23.7,0,-0.3413757684416655,8.152057783392282,-3.3278821139945975,30.2847048970413,0.0790960599283107,0.27016759096113796
236.434,46.553,-26.5,236.251,46.667,-23.8,236.244,46.503,-23.8,0,-1.4061470490902392,2.8684262459808174,-13.108183499406149,25.95693389608923,0.10480868115770692,0.10984973722467622
236.035,46.942,-21.5,236.24,46.855,-23.8,236.204,47.056,-23.8,0,-0.8489802451720388,6.634915653580067,-7.318364261730796,29.097115889207355,0.10780001724568176,0.228433287234173
235.739,48.244,-26.5,235.599,48.396,-26.5,235.51600000000002,48.23,-23.9,0,-0.04083612481584663,9.058539975711742,6.72239420702118,33.02078719531053,-0.006764548133823328,0.27389520916037546
236.24,46.855,-23.8,236.059,46.765,-21.5,236.251,46.667,-23.8,0,-1.414415036435257,5.393817358318938,-10.67303572287172,27.561281739232818,0.12796378067781633,0.19540537760070154
235.939,47.603,-23.9,235.825,47.453,-21.5,236.043,47.437,-23.8,0,-0.09101303872971311,11.382309372857678,5.478259704069405,30.929594588849355,0.0076282894277827995,0.3693827073357321
235.51600000000002,48.23,-23.9,235.599,48.396,-26.5,235.375,48.412,-23.8,0,0.01967728780514505,10.522875797467218,2.873994204148559,33.824077455766826,0.004870122898781938,0.3106479157225687
235.71699999999998,47.615,-21.5,235.825,47.453,-21.5,235.939,47.603,-23.9,0,-0.1661867570722298,13.480960896481275,5.069828122589435,31.213770993024603,-0.004441832648695347,0.43322489824638605
236.035,46.942,-21.5,236.059,46.765,-21.5,236.24,46.855,-23.8,0,-1.1845922758049057,7.083801953161914,-8.668809272937875,28.523644970886487,0.12983971420581458,0.24837024218456463
235.71699999999998,47.615,-21.5,235.939,47.603,-23.9,235.834,47.757,-23.9,0,-0.24112908969651872,12.794816559820287,5.5350558752440016,31.359722395826786,-0.018483405411994516,0.4091799456957655
235.825,47.453,-21.5,235.926,47.29,-21.5,236.043,47.437,-23.8,0,-0.015422333388640342,11.851013174351946,4.0141083507176525,30.915478471117638,0.028306748108593224,0.38475474984131924
235.607,47.777,-21.5,235.71699999999998,47.615,-21.5,235.834,47.757,-23.9,0,-0.03297134963478448,15.181115358174639,1.2800566007098624,32.47093378719387,-0.02611046912491863,0.4668328925489266
235.607,47.777,-21.5,235.834,47.757,-23.9,235.72199999999998,47.916,-23.9,0,-0.061329131749959145,14.189376745201502,1.964750922263022,32.629705778860014,-0.03194682660118161,0.43419440840267187
235.388,48.101,-21.5,235.495,47.938,-21.5,235.618,48.072,-23.9,0,-0.014316076859158297,15.972485120790862,0.8028198076925985,33.27312861242128,-0.02320395006192155,0.47944288190192
235.993,47.118,-21.5,236.035,46.942,-21.5,236.204,47.056,-23.8,0,-0.6580904869132023,8.49600828456574,-5.772869932822513,29.69885502730038,0.10151555483269695,0.28680189910601755
236.059,46.765,-21.5,236.07299999999998,46.588,-21.5,236.251,46.667,-23.8,0,-1.579647054242887,6.057414493041764,-10.239767842004245,27.56630836808682,0.14915716066054197,0.21903546533281232
235.495,47.938,-21.5,235.607,47.777,-21.5,235.72199999999998,47.916,-23.9,0,-0.05224393151161474,15.90564725574201,1.6652664746157733,32.8568374487964,-0.03266720795343591,0.48344333287268826
235.289,48.266,-21.5,235.388,48.101,-21.5,235.51600000000002,48.23,-23.9,0,0.006968135425484558,15.31194246661819,-0.5236770162326252,33.669331336518624,-0.0015099120262381457,0.45421900607928467
235.618,48.072,-23.9,235.495,47.938,-21.5,235.72199999999998,47.916,-23.9,0,-0.031443783998730525,14.599387337402185,1.1469542288075854,33.05197589384726,-0.030380158346530513,0.4410912357504361
235.926,47.29,-21.5,235.993,47.118,-21.5,236.138,47.235,-23.7,0,-0.20423265875559102,10.153291439235845,-1.6380816889795078,30.657475303591283,0.06724244981459512,0.33240428061080807
235.599,48.396,-26.5,235.44799999999998,48.544,-26.5,235.375,48.412,-23.8,0,0.1192174518945381,8.472975608442681,8.430512124313335,33.210846087783295,0.013508907134683454,0.2547354281670639
236.251,46.667,-23.8,236.07299999999998,46.588,-21.5,236.244,46.503,-23.8,0,-1.9113759615468005,4.531301266517674,-13.352975613014696,25.92902147891669,0.13994173639837953,0.17380988553482452
235.388,48.101,-21.5,235.618,48.072,-23.9,235.51600000000002,48.23,-23.9,0,-0.0052966821065608335,14.305478406717116,0.679870848642322,33.44870482218293,-0.015400243237776967,0.427115886696354
232.924,50.07,-24.2,232.88400000000001,49.928,-21.5,233.08100000000002,49.913,-24.0,0,1.9652884831640072,10.182599910231898,8.404156219636711,38.34409017172425,0.23324444196377186,0.26436234391009633
233.115,50.039,-26.5,232.924,50.07,-24.2,233.08100000000002,49.913,-24.0,0,1.6197819849323198,8.305804891920413,8.489662577540965,38.38842755236168,0.19035512426051143,0.2153765606657326
236.244,46.503,-23.8,236.082,46.41,-21.5,236.214,46.32,-23.9,0,-2.5986703749085502,3.881635111390941,-17.053237428528767,23.239471367814566,0.15003277849914803,0.16543751445716892
235.289,48.266,-21.5,235.51600000000002,48.23,-23.9,235.375,48.412,-23.8,0,0.03129481790618135,13.409319140944648,2.5889873738721114,33.814382247896205,0.009563555770204306,0.39603809520159033
236.635,40.051,-26.5,236.75900000000001,40.202,-26.5,236.551,40.154,-23.9,0,0.6970346955677388,0.7294314738187351,-15.977397567500702,19.8459266123873,-0.04632334942140005,0.034992110045942465
236.36599999999999,46.38,-26.5,236.244,46.503,-23.8,236.214,46.32,-23.9,0,-1.962537980068316,2.6600356633579727,-16.758560245381148,23.418594107588223,0.11525561612696218,0.11239721325763118
236.07299999999998,46.588,-21.5,236.082,46.41,-21.5,236.244,46.503,-23.8,0,-1.8307171327847962,5.4141819948089225,-11.024382144338531,26.876668404648285,0.16164416165036471,0.20015089400608854
236.36599999999999,46.38,-26.5,236.434,46.553,-26.5,236.244,46.503,-23.8,0,-1.892988985356672,1.6994187126105622,-20.62244926919996,20.113405615704,0.0907132575285003,0.08356432016264004
236.35899999999998,39.969,-24.0,236.49200000000002,39.909,-26.5,236.485,40.048,-24.5,0,0.9617455516122958,0.13527852711812247,-18.6879704235904,18.38424018446789,-0.055313730860329494,0.0037189941892864678
233.058,49.79,-21.5,233.279,49.895,-26.5,233.08100000000002,49.913,-24.0,0,2.3544541511158066,9.229649341781196,10.833107809456225,37.49100398935694,0.21695866694067595,0.24512067695221373
232.72199999999998,50.072,-21.5,232.88400000000001,49.928,-21.5,232.924,50.07,-24.2,0,2.237962987588344,11.060362044695413,8.876539524575401,38.4312172198066,0.2515453658231523,0.28646600576801734
236.38400000000001,40.158,-21.5,236.485,40.048,-24.5,236.551,40.154,-23.9,0,0.8478509640709389,1.0680934434525693,-17.67732263560856,18.43749668657678,-0.05232073912181204,0.05411081704321867
235.192,48.431,-21.5,235.289,48.266,-21.5,235.375,48.412,-23.8,0,-0.015239984634262805,14.090169201027223,-0.8232468376869377,34.152171007027945,0.027483126886807006,0.4120558562602207
236.75900000000001,40.202,-26.5,236.852,40.366,-26.5,236.701,40.328,-23.8,0,0.38078260048412976,1.0430942544174566,-12.380269879190593,21.554580063916987,-0.03285189501868213,0.047438556609150216
235.44799999999998,48.544,-26.5,235.288,48.688,-26.5,235.268,48.534,-23.9,0,0.3042858560492158,7.740597943086973,9.847618477092295,33.287285751569684,0.03033498980221001,0.23217648269059224
236.078,46.232,-21.5,236.325,46.204,-26.5,236.214,46.32,-23.9,0,-2.3670521964586566,3.381731825776777,-16.349263460334292,23.41984777238385,0.14247007908078121,0.14271354767243458
236.656,40.444,-21.5,236.539,40.291,-21.5,236.701,40.328,-23.8,0,0.5088024902057349,1.8807070348365638,-14.600389135404441,19.62919818644869,-0.0386600110590304,0.09342807428704786
235.043,48.579,-21.5,235.192,48.431,-21.5,235.268,48.534,-23.9,0,0.42593019946881405,12.624096757327118,7.866744582035363,33.762297448116094,0.05309128648278062,0.3734100414886137
236.325,46.204,-26.5,236.36599999999999,46.38,-26.5,236.214,46.32,-23.9,0,-1.8173032033666923,2.117100190437976,-17.509726807512514,22.549761624426708,0.10225403238397926,0.09268801653840437
236.539,40.291,-21.5,236.38400000000001,40.158,-21.5,236.551,40.154,-23.9,0,0.8084776703785358,1.4425306451013753,-18.531144441526124,16.992713726676087,-0.047607608634513444,0.08051972923652899
233.279,49.895,-26.5,233.115,50.039,-26.5,233.08100000000002,49.913,-24.0,0,1.6284550305425056,7.414058278097118,9.430737731058109,37.92809343596801,0.17233442896267942,0.19461022696391259
236.082,46.41,-21.5,236.078,46.232,-21.5,236.214,46.32,-23.9,0,-2.3016175999522477,5.066860317205195,-12.94674923067436,25.685113273741997,0.17410609578679337,0.19545771609073098
233.115,50.039,-26.5,232.974,50.193,-26.5,232.924,50.07,-24.2,0,0.8813510118415196,7.342438741241819,5.313199870164321,39.02320110253654,0.16516123189368415,0.18727949389032905
232.88400000000001,49.928,-21.5,233.058,49.79,-21.5,233.08100000000002,49.913,-24.0,0,2.837950287856309,11.055536847206618,10.956754355174198,37.592921840211645,0.25855805858364744,0.2928013063985403
236.852,40.366,-26.5,236.656,40.444,-21.5,236.701,40.328,-23.8,0,0.37549413030907813,1.5009615363469129,-12.030239317162057,21.29686669801268,-0.0341297894880936,0.06917102484204207
236.485,40.048,-24.5,236.635,40.051,-26.5,236.551,40.154,-23.9,0,0.900884724268537,0.6290814989509702,-18.106662072243182,18.22379414250087,-0.0528566866314478,0.03166582546331518
232.72199999999998,50.072,-21.5,232.924,50.07,-24.2,232.786,50.19,-24.0,0,1.6525016747992705,10.167075383951284,7.230143378885074,38.91058537271371,0.2278839490044172,0.2600548162470916
232.924,50.07,-24.2,232.974,50.193,-26.5,232.786,50.19,-24.0,0,1.3574640731153913,8.190479278816591,7.343498074799291,38.84607259627826,0.18438246454402868,0.20983477021813388
236.227,40.028,-21.5,236.35899999999998,39.969,-24.0,236.38400000000001,40.158,-21.5,0,0.7332286187449709,0.8628567888485797,-19.015626893026308,17.533240152104007,-0.04389968909470188,0.04350242721212767
236.753,41.059,-26.5,236.52800000000002,41.115,-21.5,236.656,40.966,-21.5,0,0.506369413512669,1.7467200536514718,13.574548682831736,16.572336505400017,0.03867537859054448,0.10606295028787135
236.648,41.22,-26.5,236.52800000000002,41.115,-21.5,236.753,41.059,-26.5,0,0.467390187846699,1.5943590400571335,11.168593930169678,17.678899382922225,0.043664123348514355,0.09050553307510822
236.341,43.524,-26.5,236.05700000000002,43.566,-21.5,236.067,43.388,-21.5,0,-0.32013733891158,2.2744844035319414,-9.424665813082768,22.985190260846707,0.03358871650775232,0.09828703047659984
236.333,43.703,-26.5,236.05,43.744,-21.5,236.05700000000002,43.566,-21.5,0,-0.4967879306963291,1.9584202141698084,-9.80797771439967,22.67882363914819,0.05019593921336872,0.08564488548126369
236.333,43.703,-26.5,236.05700000000002,43.566,-21.5,236.341,43.524,-26.5,0,-0.26095484729483404,1.295462777048158,-9.711489953149012,22.79652647699662,0.02654987226967974,0.05629275419604452
236.325,43.881,-26.5,236.05,43.744,-21.5,236.333,43.703,-26.5,0,-0.3877462409843077,1.1344709097735457,-9.709859379310785,22.658316351854452,0.039581810494594485,0.04950255579122116
236.434,42.454,-26.5,236.451,42.276,-26.5,236.526,42.369,-29.0,0,-0.02612754651884886,0.653182173363583,2.0190225219866704,14.630969478639514,-0.003425261643314034,0.04606551157595467
236.58499999999998,46.041,-31.5,236.30700000000002,46.026,-26.5,236.571,45.863,-31.5,0,0.019032505121708846,-0.0033843126713745935,-13.543504093892576,24.156707558072362,-0.0012840259564894701,-0.00018593042293804052
236.30700000000002,46.026,-26.5,236.298,45.847,-26.5,236.571,45.863,-31.5,0,-0.5920334209062967,0.9221670417114046,-13.050709370595978,24.36752668545634,0.04456493891802087,0.03730224582626488
236.559,45.684,-31.5,236.571,45.863,-31.5,236.298,45.847,-26.5,0,0.05460633292962357,-0.007049861796726624,-13.26131631737561,23.88140424978665,-0.0039922766910113995,-0.00030219787568657564
236.325,46.204,-26.5,236.30700000000002,46.026,-26.5,236.58499999999998,46.041,-31.5,0,-0.6602803754251927,0.8767632216574882,-14.265266241725861,24.10301798762964,0.045533242632010085,0.03581396313485259
236.559,45.684,-31.5,236.298,45.847,-26.5,236.297,45.669,-26.5,0,-0.5495600262477861,0.9507393658591814,-11.977640231592307,24.516474696405684,0.04494671877913644,0.03827711055302764
236.325,46.204,-26.5,236.58499999999998,46.041,-31.5,236.599,46.22,-31.5,0,-0.07040142045391479,0.0505934385695184,-13.536478400713644,24.615093201290943,0.0052034182794746895,0.0019669988380842485
236.618,42.285,-31.5,236.606,42.464,-31.5,236.526,42.369,-29.0,0,-0.02616890605177577,0.08995783922318584,1.2245795103488888,14.640467424356444,-0.01405781496309141,0.006482952699831569
236.559,45.684,-31.5,236.297,45.669,-26.5,236.55,45.505,-31.5,0,0.04750476408665116,-0.0007033886728585745,-12.858757110069444,23.686040430735012,-0.0036455848253407826,-1.677816085698225e-05
236.738,39.872,-31.5,236.844,40.031,-31.5,236.7,39.964,-29.5,0,0.2786198646761985,-0.39132954148886895,-14.760606732781127,22.030764750362096,-0.019691070669990304,-0.017816896723402392
236.534,44.968,-31.5,236.30200000000002,45.132,-26.5,236.3,44.954,-26.5,0,-0.6437803695100108,0.7917815087581724,-12.105607271176737,22.76011235403486,0.051933535756328336,0.03411533362751895
236.55,45.505,-31.5,236.297,45.669,-26.5,236.3,45.49,-26.5,0,-0.5397874383813804,0.9290925407139906,-11.445992129002658,24.3738027719125,0.046063030901695785,0.03763893386157904
236.534,44.968,-31.5,236.538,45.147,-31.5,236.30200000000002,45.132,-26.5,0,-0.10166207180047863,0.08040422889387075,-12.19481989325223,22.784859411850526,0.008073975399016399,0.003413275348509454
236.538,45.147,-31.5,236.304,45.311,-26.5,236.30200000000002,45.132,-26.5,0,-0.6201253715944586,0.8206377560584539,-12.103738583818341,23.198239065675963,0.050020151650600767,0.03480526056037659
236.542,45.326,-31.5,236.3,45.49,-26.5,236.304,45.311,-26.5,0,-0.5559010844152151,0.8806409438180656,-11.322266573317307,24.03375795793656,0.047873349802949876,0.036146518596816245
236.538,45.147,-31.5,236.542,45.326,-31.5,236.304,45.311,-26.5,0,-0.041404852353194334,0.03295738558414891,-12.197909529397656,23.222972571807006,0.0032150007043500618,0.001379916444799604
236.542,45.326,-31.5,236.55,45.505,-31.5,236.3,45.49,-26.5,0,0.009066255123268703,0.012262300344932782,-12.718288642787982,23.34792425810457,-0.0007822988052521214,0.0005262227400930378
236.416,42.632,-26.5,236.434,42.454,-26.5,236.511,42.548,-28.9,0,-0.039241075272884736,0.6692303782882885,2.066803597313168,13.646480318155199,-0.011802781680067943,0.05105206410824493
236.606,42.464,-31.5,236.594,42.643,-31.5,236.511,42.548,-28.9,0,-0.024782158276320465,0.12892267232830604,1.2106480764950902,13.733098407740016,-0.017106105369661357,0.010012077288941127
236.599,46.22,-31.5,236.649,46.396,-31.5,236.36599999999999,46.38,-26.5,0,-0.1551687885085246,0.054878802840602786,-18.11640128588506,21.87440388501952,0.00847951115446776,0.0024470136961395107
236.93200000000002,40.197,-31.5,236.75900000000001,40.202,-26.5,236.844,40.031,-31.5,0,0.18504747220616957,0.19824380627987645,-12.354456579072775,22.855907955107256,-0.015434864216756236,0.00859369039002786
236.36599999999999,46.38,-26.5,236.325,46.204,-26.5,236.599,46.22,-31.5,0,-0.8107693332767774,0.786077624838089,-17.238393194946546,22.52719175905218,0.04635690050537938,0.0343541132694286
235.95600000000002,47.917,-26.5,236.07299999999998,47.756,-26.5,236.279,47.825,-29.2,0,-0.07311651002154664,5.740366326555055,3.0825685913783865,32.22567763901385,-0.024188458767078137,0.17770282829555697
236.18200000000002,47.978,-29.3,235.95600000000002,47.917,-26.5,236.279,47.825,-29.2,0,-0.061069454481079956,4.218679220479503,2.597233981019718,32.36956835375986,-0.024197624374241257,0.13000574072352733
235.851,48.081,-26.5,235.95600000000002,47.917,-26.5,236.078,48.121,-29.2,0,-0.029352900716617687,6.221881722439387,1.203921707319921,32.84878746830702,-0.02680548690734603,0.18901407303160367
235.95600000000002,47.917,-26.5,236.18200000000002,47.978,-29.3,236.078,48.121,-29.2,0,-0.043230284563989765,4.392453737790582,1.8156236549215876,32.66218484175858,-0.0250944473585937,0.13417013248719173
236.844,40.031,-31.5,236.75900000000001,40.202,-26.5,236.635,40.051,-26.5,0,0.5027054976288322,0.26792891176478123,-16.360922425929004,20.10482046615232,-0.03203051482525752,0.012559265738857564
236.725,46.567,-31.5,236.434,46.553,-26.5,236.649,46.396,-31.5,0,-0.11165754444781291,-0.007567714444119465,-21.032773900696085,19.53481488380485,0.0052867094292358835,-0.000334385333586651
236.399,42.81,-26.5,236.416,42.632,-26.5,236.49599999999998,42.726,-28.9,0,-0.04078435971512259,0.61716694132961,1.9673623562557907,12.731408549264813,-0.015074947870700146,0.05098071238511792
236.649,46.396,-31.5,236.434,46.553,-26.5,236.36599999999999,46.38,-26.5,0,-0.8303324936201769,0.5812305053414122,-20.338131745636403,20.211903304899312,0.040346124485376104,0.028384060751625688
236.635,40.051,-26.5,236.615,39.891,-29.0,236.7,39.964,-29.5,0,0.6463250143275592,-0.16810010071906195,-16.8077293640782,20.532816418632844,-0.04042357873172436,-0.009297177332083748
236.594,42.643,-31.5,236.584,42.821,-31.5,236.49599999999998,42.726,-28.9,0,-0.018092527406022914,0.10705481816935802,1.0603559779353873,12.801958104268437,-0.01670729582595636,0.009217779285763665
233.287,50.399,-31.5,233.094,50.317,-28.8,233.203,50.185,-28.8,0,0.10914275604889245,1.2803805386414027,3.923875534460694,39.09284168297515,0.027796130064490415,0.03260756677294461
232.997,50.454,-29.0,233.287,50.399,-31.5,233.159,50.558,-31.5,0,-0.003002313484772971,0.03169086328395564,3.5980800440414358,39.45406935983277,-0.0006236246808718521,0.0008412962058093789
236.279,47.825,-29.2,236.07299999999998,47.756,-26.5,236.36700000000002,47.684,-29.2,0,-0.014616991997676295,3.766306405674072,0.9603856585258406,32.09236745538381,-0.01654019155714799,0.11703001475049418
236.07299999999998,47.756,-26.5,236.186,47.595,-26.5,236.36700000000002,47.684,-29.2,0,-0.15369950982551225,4.783411395258715,6.636009547835382,30.910760861879567,-0.011983049108417018,0.1555144675750181
233.416,50.24,-31.5,233.287,50.399,-31.5,233.203,50.185,-28.8,0,-0.009071413869109497,-0.054272980905201655,3.725030530389968,38.97777435037233,-0.002294562240423251,-0.0013747486286934544
236.38400000000001,42.989,-26.5,236.399,42.81,-26.5,236.483,42.904,-28.9,0,-0.03396283345116588,0.5138512481157214,1.8021161340805918,11.827067644319726,-0.013895103930279876,0.04619900495885018
236.584,42.821,-31.5,236.575,43.0,-31.5,236.483,42.904,-28.9,0,-0.012479531773570269,0.05322757151032436,0.9801489958285856,11.876667777644371,-0.013831153666302668,0.005418866688754045
236.36700000000002,43.167,-26.5,236.38400000000001,42.989,-26.5,236.47,43.083,-28.9,0,-0.026139491297716592,0.40003426316650254,1.9038142127062088,10.881348806489228,-0.009422513538653381,0.03946748234183024
236.575,43.0,-31.5,236.565,43.179,-31.5,236.47,43.083,-28.9,0,-0.009718403876376189,0.006246143903952309,1.0322193949164955,10.942226123259502,-0.009789828759881021,0.0014242121940570961
233.555,50.085,-31.5,233.416,50.24,-31.5,233.34199999999998,50.035,-28.7,0,0.0017721606118136501,0.025471522045365885,5.616943459793005,38.39838224773854,0.0003712941924236338,0.0006616401204291853
233.416,50.24,-31.5,233.203,50.185,-28.8,233.34199999999998,50.035,-28.7,0,0.22863683408599716,1.3591915216064003,7.416009519894623,38.23270385301229,0.030808586122268812,0.03538938378038561
236.35,43.345,-26.5,236.36700000000002,43.167,-26.5,236.457,43.262,-28.9,0,0.026612992001156695,0.7902633353284945,-8.575554582123061,23.803179633702328,-0.0031185383540411346,0.03294353467971264
233.287,50.399,-31.5,232.997,50.454,-29.0,233.094,50.317,-28.8,0,0.11844255047967236,1.230536708070977,4.496268311260751,39.25243115757404,0.026374544969377717,0.0312193816115493
236.565,43.179,-31.5,236.55599999999998,43.358,-31.5,236.457,43.262,-28.9,0,0.05781519573278609,-0.026469776218979498,-9.647317889651163,23.418179735630858,-0.005945359707733272,-0.0011291844994004918
236.735,47.276,-31.5,236.488,47.379,-28.7,236.55599999999998,47.198,-28.7,0,-0.0353249256746089,0.7763207383132769,-0.8371820297997523,30.49992461623503,0.01868048485001553,0.025604196843697438
235.739,48.244,-26.5,235.851,48.081,-26.5,235.963,48.259,-29.1,0,-0.039760248377914115,6.1450565752378,2.277908087178462,33.202280217191436,-0.018970319649889118,0.18472778427691197
236.434,46.553,-26.5,236.725,46.567,-31.5,236.627,46.671,-29.3,0,-0.31949582351838596,0.21749578956421275,-17.950212262716,22.718226835304264,0.017552193365718918,0.009558125543918657
236.341,43.524,-26.5,236.35,43.345,-26.5,236.44400000000002,43.437,-28.9,0,-0.036812200121958044,0.629337982051192,-9.615535822716396,23.24210564072287,0.0037063811605313017,0.02680283248790305
236.981,40.898,-31.5,236.841,40.894,-26.5,236.95,40.802,-29.2,0,-0.08209658004884038,0.012881546800738317,6.379007402719893,21.84713399016718,-0.013645714260569198,0.0006036938211508277
235.801,48.408,-28.8,235.876,48.575,-31.5,235.65699999999998,48.543,-28.8,0,-0.004914201405784909,1.5443597218075442,9.679010724614859,32.58038616137065,-0.0006876572126725569,0.047312541061443066
232.997,50.454,-29.0,232.836,50.349,-26.5,233.094,50.317,-28.8,0,0.35875377452865065,3.7465151894167756,4.333296477267603,39.35430120140169,0.08253363420045333,0.0947446223454637
232.836,50.349,-26.5,232.974,50.193,-26.5,233.094,50.317,-28.8,0,0.5453035506137365,5.014837516443871,4.866493581156534,39.152766728045165,0.11165538477938401,0.12746441179298
236.039,48.432,-31.5,235.876,48.575,-31.5,235.801,48.408,-28.8,0,-0.036854521901366906,0.047467036614102946,10.852209049577048,32.01355347308695,-0.0034837566947959033,0.0014768519546076607
236.735,47.276,-31.5,236.675,47.45,-31.5,236.488,47.379,-28.7,0,-0.025221408262977245,0.0689545277638845,-1.5194959996285178,30.622101706270257,0.009979325238038326,0.0022550812740089626
236.55599999999998,43.358,-31.5,236.549,43.537,-31.5,236.44400000000002,43.437,-28.9,0,0.03162846423767686,-0.046656620487771874,-9.904001638049891,23.111240415436413,-0.003205150896137815,-0.0020114652899949747
236.333,43.703,-26.5,236.341,43.524,-26.5,236.437,43.617,-28.9,0,-0.10261011807857845,0.49667300406945925,-9.745833633297735,23.025851275303268,0.010347679257491683,0.02127890574956053
235.851,48.081,-26.5,236.078,48.121,-29.2,235.963,48.259,-29.1,0,-0.08156250072993987,4.46111886755902,4.0643332836095265,32.84842217424074,-0.020726531209779887,0.1355271057575109
233.715,49.938,-31.5,233.555,50.085,-31.5,233.503,49.895,-28.8,0,0.02037948587766157,0.039603182681897414,9.250182607480461,37.30798225774441,0.0022226201189478895,0.0010545688858309514
236.308,44.775,-26.5,236.314,44.596,-26.5,236.40699999999998,44.687,-28.7,0,-0.6394326096022634,0.9034977423756869,-10.01654227371381,22.004755611615423,0.06375455060592461,0.04073784727004658
236.186,47.595,-26.5,236.288,47.43,-26.5,236.449,47.519,-29.1,0,-0.0335156131701696,4.0034609846963445,4.805546800508365,30.83715379896394,0.006513468207747285,0.13060090444357292
233.555,50.085,-31.5,233.34199999999998,50.035,-28.7,233.503,49.895,-28.8,0,0.30703403013107217,1.4323937417364165,9.01119382255095,37.53695707870932,0.03403389217026707,0.03799295793475278
236.607,47.012,-28.8,236.777,47.099,-31.5,236.55599999999998,47.198,-28.7,0,-0.11812033349122593,0.5440242641876314,-4.667679742495125,29.703732062470433,0.02238212773720679,0.018365367764689392
236.53300000000002,44.432,-31.5,236.529,44.61,-31.5,236.43,44.52,-29.2,0,0.033052224736842745,-0.019675305911503956,-10.291269410278375,22.0278098276207,-0.003195708922080067,-0.0008995223466288278
236.549,43.537,-31.5,236.546,43.716,-31.5,236.437,43.617,-28.9,0,0.019825555311922313,-0.04719015642098581,-10.40664893655476,22.718750076960745,-0.0019447051606678754,-0.002066734980154596
236.314,44.418,-26.5,236.317,44.239,-26.5,236.41500000000002,44.329,-28.8,0,-0.4604209725915444,0.6001298222434246,-10.372993917137677,22.126857922727964,0.04427633124207628,0.026767569808818732
236.538,44.074,-31.5,236.53300000000002,44.253,-31.5,236.435,44.162,-29.2,0,0.02726717504680717,0.0027674092544511487,-10.166869461002108,22.377285919754627,-0.002678658959893592,0.00012000726805493889
236.325,43.881,-26.5,236.333,43.703,-26.5,236.43,43.794,-28.8,0,-0.17058511440840926,0.42796950135385026,-9.74424434254361,22.83454219258698,0.017309879751495914,0.01842845742830885
235.65699999999998,48.543,-28.8,235.699,48.71,-31.5,235.494,48.68,-28.8,0,0.052858521531636254,1.4201106315517533,11.423599853523848,32.48446568746829,0.004487970073882635,0.04363744754572237
236.314,44.596,-26.5,236.314,44.418,-26.5,236.43,44.52,-29.2,0,-0.5574366191292913,0.6999571337956034,-10.735530791606578,21.80536933654578,0.05184047630463055,0.03176753237875689
236.543,43.895,-31.5,236.538,44.074,-31.5,236.438,43.983,-29.2,0,0.026479122572874048,-0.015282526138768283,-10.164230888563011,22.503718504035163,-0.0026215556596502175,-0.0006720927106541592
236.529,44.61,-31.5,236.529,44.789,-31.5,236.40699999999998,44.687,-28.7,0,0.014163972198611563,-0.025732260571198203,-10.771046171303183,21.6517291614431,-0.0013083918204271708,-0.0012036417177070226
236.676,41.57,-31.5,236.524,41.563,-26.5,236.62900000000002,41.475,-29.4,0,0.13659697386440595,0.4514464226574129,3.479693281293976,18.790027895809175,0.04541347542565417,0.023968476525071697
236.36700000000002,47.684,-29.2,236.186,47.595,-26.5,236.449,47.519,-29.1,0,-0.06019565433069513,3.114732667840952,3.3569879185487856,31.176126094790668,-0.002811779589654515,0.10052676187876439
236.777,47.099,-31.5,236.735,47.276,-31.5,236.55599999999998,47.198,-28.7,0,-0.07014764213183224,0.04695853652651555,-4.504254002611507,29.899957411308108,0.013987310941427212,0.0015101123783553625
236.53300000000002,44.253,-31.5,236.53300000000002,44.432,-31.5,236.41500000000002,44.329,-28.8,0,0.012426425603407823,0.018774401861394906,-10.772595741217586,21.937348021890685,-0.001141724131695529,0.0008337103953727483
235.876,48.575,-31.5,235.699,48.71,-31.5,235.65699999999998,48.543,-28.8,0,0.0010621504354045254,0.06091155044777694,13.032187713348542,31.659920717065383,2.1290323025481063e-05,0.0019180986152474576
236.546,43.716,-31.5,236.543,43.895,-31.5,236.43,43.794,-28.8,0,0.01823885651439567,-0.03147101391943169,-10.407748276286327,22.577405773291886,-0.0017912070593103673,-0.0013878013461553348
236.317,44.239,-26.5,236.32,44.06,-26.5,236.435,44.162,-29.2,0,-0.3433351572581536,0.46200950389069667,-10.373056310107373,22.26915962046357,0.03296318622186963,0.020407015436368577
237.031,40.724,-31.5,236.889,40.719,-26.5,236.959,40.631,-28.8,0,0.005804069367588533,0.10338383230388393,0.133837404563252,23.619528740445503,-0.012124010583073216,0.0043054322601560335
236.32,44.06,-26.5,236.325,43.881,-26.5,236.438,43.983,-29.2,0,-0.2484587018317702,0.40545183868907164,-10.126107690061957,22.53753701838147,0.02436591525762058,0.01766375664608042
236.844,40.031,-31.5,236.635,40.051,-26.5,236.7,39.964,-29.5,0,0.48453035983362785,-0.04849197190179738,-16.363001403697467,20.611452188425005,-0.030903299309954262,-0.002956170218464881
236.89499999999998,40.541,-26.5,237.035,40.545,-31.5,236.959,40.631,-28.8,0,0.016548722826556672,0.23247649210034965,-0.9386463560190634,24.245935726778157,-0.009893764546831217,0.00950544287000814
233.664,49.794,-29.2,233.635,49.621,-26.5,233.856,49.65,-29.2,0,1.0992697291857956,3.584846678599666,12.55077286051817,35.74913788276374,0.08745097237416949,0.09990324997980257
236.176,48.278,-31.5,236.039,48.432,-31.5,235.963,48.259,-29.1,0,-0.05990238855775128,-0.06051475589159106,6.875019141098205,32.64818357762076,-0.008872752913966192,-0.001854975043533543
236.406,47.956,-31.5,236.299,48.119,-31.5,236.18200000000002,47.978,-29.3,0,-0.03377433353638468,0.02809033565122459,2.104843777344172,32.48699610063814,-0.016601272902876395,0.000851738575868745
233.452,49.755,-26.5,233.635,49.621,-26.5,233.664,49.794,-29.2,0,1.5394730441690316,4.9118906993185405,12.842245234902324,35.827556514109524,0.11970590406485213,0.13656612518311398
236.3,44.954,-26.5,236.308,44.775,-26.5,236.41,44.868,-28.8,0,-0.6996475735725274,1.0511740534490248,-9.780707069475056,21.925001439491197,0.07145558463056982,0.04765747689758766
236.464,46.73,-26.5,236.434,46.553,-26.5,236.627,46.671,-29.3,0,-0.770118493769669,0.9643217784204304,-15.858022196168484,24.43533392109886,0.04765733988514149,0.03930214791083247
236.299,48.119,-31.5,236.176,48.278,-31.5,236.078,48.121,-29.2,0,-0.06384915321175985,-0.013486626631313043,4.632621110615373,32.632206217694545,-0.014041770696738778,-0.00042053969708110274
236.505,47.789,-31.5,236.406,47.956,-31.5,236.279,47.825,-29.2,0,-0.007996430380591585,0.06045690615749647,0.6144245524296323,32.177927587778086,-0.0145446862562307,0.0018622268199463168
236.675,47.45,-31.5,236.595,47.621,-31.5,236.449,47.519,-29.1,0,-0.008309142026630906,-0.012492372032106966,1.7429874642593326,31.00159090557254,0.0015650931619312406,-0.0003593660786686933
236.529,44.789,-31.5,236.534,44.968,-31.5,236.41,44.868,-28.8,0,0.05756913085789569,-0.09856550125656463,-11.355701282760876,21.166676337832627,-0.005064310091849215,-0.004650373449562571
236.428,47.085,-26.5,236.607,47.012,-28.8,236.55599999999998,47.198,-28.7,0,-0.21959804172517627,1.695218709730738,-4.898477838868885,29.740209571516765,0.039133587004142004,0.0572757015007547
236.406,47.956,-31.5,236.18200000000002,47.978,-29.3,236.279,47.825,-29.2,0,-0.05177744238449415,1.2437947028729426,2.844628817702393,32.2564363552144,-0.018649680088876863,0.03844538259825925
236.659,41.749,-31.5,236.501,41.741,-26.5,236.591,41.656,-29.1,0,0.04657527385936312,0.21622493800221015,1.8012370874052692,18.05409912038064,0.0379203119520569,0.011945451842029407
236.524,41.563,-26.5,236.676,41.57,-31.5,236.591,41.656,-29.1,0,0.09627784074124876,0.37962306705829096,2.633999295665376,18.619080263039677,0.0448620970781882,0.020335473694215817
235.29500000000002,48.825,-28.9,235.301,48.953,-31.5,235.08499999999998,48.945,-28.9,0,0.15967582956613172,1.146332067255855,17.049738533143653,31.035231596834983,0.00928840040989938,0.036863669635673474
235.102,48.817,-26.5,235.29500000000002,48.825,-28.9,235.08499999999998,48.945,-28.9,0,0.468137747273011,3.249329525227824,16.892422271799703,31.125857277828054,0.02753703938619067,0.10419912813038393
236.63,42.106,-31.5,236.469,42.097,-26.5,236.55599999999998,42.012,-29.0,0,-0.00589813829315007,0.1958832189316631,1.5207129317828105,16.230027042857813,0.00926272257105922,0.012333833601003843
235.494,48.68,-28.8,235.50799999999998,48.837,-31.5,235.29500000000002,48.825,-28.9,0,0.10387326018462599,1.2063361711578051,14.27487153102662,31.85755610396233,0.007179167443916564,0.03779649126104327
233.856,49.65,-29.2,233.839,49.501,-26.5,234.049,49.525,-29.2,0,1.2423587880829314,3.427897864264775,14.949845127509974,34.49750917333613,0.08298473525063284,0.09902719546210867
236.488,47.379,-28.7,236.368,47.259,-26.5,236.55599999999998,47.198,-28.7,0,-0.06945268152698829,2.2815632037670226,-1.0780567896909226,30.56046666015275,0.029204220138341095,0.07512878657865275
236.564,41.387,-26.5,236.70999999999998,41.393,-31.5,236.62900000000002,41.475,-29.4,0,0.17325621822102488,0.6511772647843183,4.384760248747639,19.28430058242691,0.04414191898834098,0.033721571615139764
236.501,41.741,-26.5,236.659,41.749,-31.5,236.572,41.834,-29.0,0,0.03982530023260906,0.17080681785084983,1.8306956553522014,17.746211382188704,0.03369076750339198,0.00961620560572837
236.643,41.928,-31.5,236.485,41.919,-26.5,236.572,41.834,-29.0,0,0.02152103900025209,0.13495566756634522,1.806926185152406,17.136457564146866,0.02393569577563603,0.007938147507201279
235.599,48.396,-26.5,235.801,48.408,-28.8,235.65699999999998,48.543,-28.8,0,0.008781980901049598,4.437128127369588,9.452819870375968,32.61166405789595,0.0005874309089958921,0.13582253275235412
236.18200000000002,47.978,-29.3,236.299,48.119,-31.5,236.078,48.121,-29.2,0,-0.03750756448391698,1.2983104989818435,2.081742396577919,32.68073306328213,-0.018827029218744643,0.03962162575654239
236.485,41.919,-26.5,236.643,41.928,-31.5,236.55599999999998,42.012,-29.0,0,0.012978474776251211,0.14514005936956345,1.8155833481416153,16.83047653683451,0.018994717037039647,0.00874095931440709
236.618,42.285,-31.5,236.451,42.276,-26.5,236.541,42.191,-29.0,0,-0.02145619400530207,0.3051986119663004,1.5088085129883382,15.274643553900404,-0.003134950539205855,0.02057641143591802
232.974,50.193,-26.5,233.115,50.039,-26.5,233.203,50.185,-28.8,0,0.6477222385027628,5.165166980166456,5.513289314676271,38.71905722903999,0.11706342530284898,0.13277758645791918
236.889,40.719,-26.5,237.031,40.724,-31.5,236.95,40.802,-29.2,0,-0.03433777463397685,0.01521226403994072,3.254728395685305,23.10039437695795,-0.012899201891605207,0.00062135647836817
235.599,48.396,-26.5,235.739,48.244,-26.5,235.801,48.408,-28.8,0,-0.036900533047811164,6.00585483718456,6.953938881004917,32.99363308702288,-0.005841765683906951,0.18171550202201522
235.44799999999998,48.544,-26.5,235.65699999999998,48.543,-28.8,235.494,48.68,-28.8,0,0.1311415301867179,4.102404539855068,11.218323343781787,32.51034720684598,0.011397546687807488,0.125973362716466
236.463,46.908,-26.5,236.464,46.73,-26.5,236.638,46.837,-29.2,0,-0.5857371885511562,1.354933232950195,-11.417485746000565,27.231339209534433,0.049547711590929626,0.04978946086158333
236.791,46.921,-31.5,236.777,47.099,-31.5,236.607,47.012,-28.8,0,-0.09798000180668867,-0.01796410360658025,-8.97508462476788,28.429734561268294,0.010527223150560861,-0.0007032591553502387
236.595,47.621,-31.5,236.505,47.789,-31.5,236.36700000000002,47.684,-29.2,0,-0.03881234340564027,0.006509641249590313,3.445749028491216,31.28229582411852,-0.007873896403662033,0.00028971424270937376
236.469,42.097,-26.5,236.63,42.106,-31.5,236.541,42.191,-29.0,0,-0.010731238786208953,0.23159602467578905,1.8566985189255547,15.88641059366688,0.004771471707012183,0.014940124038095907
236.505,47.789,-31.5,236.279,47.825,-29.2,236.36700000000002,47.684,-29.2,0,-0.09569358957012114,1.0642443916854079,5.391501376764479,31.22383940834981,-0.012955302505431374,0.03432937037801569
236.606,42.464,-31.5,236.434,42.454,-26.5,236.526,42.369,-29.0,0,-0.028584084011145157,0.377331838931317,1.4136981400252466,14.344629887870099,-0.011672785169532724,0.02731784264186975
235.699,48.71,-31.5,235.50799999999998,48.837,-31.5,235.494,48.68,-28.8,0,0.014455878226347809,0.015234966860659924,15.062275373572444,31.268578534760763,0.0009200190290180475,0.00048359886897175795
234.065,49.661,-31.5,233.856,49.65,-29.2,234.049,49.525,-29.2,0,0.45493938154519925,1.097977476351741,15.137152612042911,34.373732324552236,0.030021149785600273,0.03182898544312995
235.288,48.688,-26.5,235.494,48.68,-28.8,235.29500000000002,48.825,-28.9,0,0.2828703951039024,3.5707167865686094,14.068592649025454,31.96314501795321,0.01988516522983101,0.11151917692447937
233.635,49.621,-26.5,233.839,49.501,-26.5,233.856,49.65,-29.2,0,1.8914572505078087,4.671956330949332,16.297480260921407,34.03551427081954,0.1159305014402293,0.1367754117308337
236.615,39.891,-29.0,236.738,39.872,-31.5,236.7,39.964,-29.5,0,0.4748156978676098,-0.5245660152086481,-16.337297713130084,21.08980664847845,-0.0304907299293686,-0.025385407307278535
236.451,42.276,-26.5,236.618,42.285,-31.5,236.526,42.369,-29.0,0,-0.027633228611926533,0.3357848623782816,1.8406963544300652,14.93203062876566,-0.006433447098590643,0.02321745058794854
236.594,42.643,-31.5,236.416,42.632,-26.5,236.511,42.548,-28.9,0,-0.03866872072319899,0.37928690137995136,1.9271271412020496,13.336928988993122,-0.015850918580409625,0.02988007682940048
233.115,50.039,-26.5,233.279,49.895,-26.5,233.34199999999998,50.035,-28.7,0,1.1800634211162078,5.211795219795299,9.620094582012506,37.53026380318821,0.12246423503769367,0.13824931155361742
233.882,49.796,-31.5,233.664,49.794,-29.2,233.856,49.65,-29.2,0,0.3719317822403763,1.0822483271844638,12.759385559604766,35.710812994897594,0.02911808766452839,0.03018842762223915
236.288,47.43,-26.5,236.368,47.259,-26.5,236.488,47.379,-28.7,0,-0.022279992015431606,3.4025765135108723,1.2053856269967902,30.775394019704642,0.025410040153831245,0.11125476639520859
236.584,42.821,-31.5,236.399,42.81,-26.5,236.49599999999998,42.726,-28.9,0,-0.0319568357502909,0.3232729386224727,1.700079257380679,12.432334504997954,-0.01599750057447615,0.027749472376903114
235.44799999999998,48.544,-26.5,235.599,48.396,-26.5,235.65699999999998,48.543,-28.8,0,0.0751262007318793,5.700374997670968,8.6347353455297,33.03528385822419,0.008236771561645404,0.1722683077280316
233.882,49.796,-31.5,233.715,49.938,-31.5,233.664,49.794,-29.2,0,0.008527095011748932,-0.09753669651849373,10.672638260775592,36.56491935744693,0.0008134676323312781,-0.0026614379991184577
236.434,42.454,-26.5,236.606,42.464,-31.5,236.511,42.548,-28.9,0,-0.028798063593109335,0.386855327032285,1.352816069264378,14.046642863173957,-0.01356237135410452,0.028700980637232594
233.279,49.895,-26.5,233.452,49.755,-26.5,233.503,49.895,-28.8,0,1.3743880503952977,5.155657372075379,11.094285212392716,36.76374273711977,0.12368971282131898,0.13965281071575503
234.065,49.661,-31.5,233.882,49.796,-31.5,233.856,49.65,-29.2,0,0.05799003752171248,-0.009555968417747557,13.133486816545558,35.362507068189224,0.00441931033620492,-0.0002743438354283687
236.428,47.085,-26.5,236.463,46.908,-26.5,236.607,47.012,-28.8,0,-0.333151966570011,1.9665248247483484,-6.091025941393092,29.304432614764433,0.04980368079346385,0.06735449174625117
236.575,43.0,-31.5,236.38400000000001,42.989,-26.5,236.483,42.904,-28.9,0,-0.023663650827678587,0.23807961633553965,1.5424439098814844,11.52400504492357,-0.013083529609693926,0.022488451387146825
236.791,46.921,-31.5,236.607,47.012,-28.8,236.638,46.837,-29.2,0,-0.1897467852786537,0.2727955526796999,-10.618068237910055,27.654736266716526,0.01720365628724317,0.009868817491074067
236.368,47.259,-26.5,236.428,47.085,-26.5,236.55599999999998,47.198,-28.7,0,-0.12532474939754823,2.659746580035182,-2.022104983392307,30.29668098937962,0.04169796194449537,0.08827776112893061
233.839,49.501,-26.5,234.043,49.381,-26.5,234.049,49.525,-29.2,0,1.747676705430303,4.551745867043314,16.300133038716957,33.68469473125529,0.10706509530930579,0.13469229524020926
235.08499999999998,48.945,-28.9,235.095,49.071,-31.5,234.878,49.06,-28.9,0,0.2077919514786353,1.1298176406478946,17.412818500428966,31.260994119899607,0.011864674270244511,0.036064488806816945
236.039,48.432,-31.5,235.801,48.408,-28.8,235.963,48.259,-29.1,0,-0.05139391319503735,1.452623660004016,6.8246110109930465,32.8439941442254,-0.0077905370651523125,0.04413679654344129
236.416,42.632,-26.5,236.594,42.643,-31.5,236.49599999999998,42.726,-28.9,0,-0.02825617776943858,0.3689958571209408,1.337287243041061,13.110710659959295,-0.016302519176975762,0.029705629032703698
236.565,43.179,-31.5,236.36700000000002,43.167,-26.5,236.47,43.083,-28.9,0,-0.01738758392087743,0.16447773366489657,1.5953910438520325,10.58743219113586,-0.008457601370348488,0.01722489087490729
234.049,49.525,-29.2,234.043,49.381,-26.5,234.24599999999998,49.401,-29.0,0,1.3028031226862782,3.364606930937374,16.741174709878333,33.25548043836099,0.07770403773618334,0.1008618231105828
233.34199999999998,50.035,-28.7,233.279,49.895,-26.5,233.503,49.895,-28.8,0,0.833699337794955,4.037870910330516,8.752668649199592,37.549759561408216,0.09505671627225125,0.1070704357814916
235.288,48.688,-26.5,235.44799999999998,48.544,-26.5,235.494,48.68,-28.8,0,0.21225432237532627,5.178859773661836,10.03169161972728,33.115922685831165,0.020758871341461226,0.15612638336527407
236.55599999999998,43.358,-31.5,236.35,43.345,-26.5,236.457,43.262,-28.9,0,0.029894203094470394,0.31045950623542956,-8.699930053259834,23.712204505588574,-0.003448037493728244,0.012961196561544387
234.897,48.935,-26.5,235.08499999999998,48.945,-28.9,234.878,49.06,-28.9,0,0.6335752722086434,3.238377020750366,17.256360509294254,31.398639265541945,0.03654892501995395,0.10292917985187292
234.462,49.414,-31.5,234.25799999999998,49.534,-31.5,234.24599999999998,49.401,-29.0,0,0.09337486743389214,0.07388472303314741,16.656027400199704,33.10579086794145,0.005599846157007344,0.0022210934810716915
236.546,43.716,-31.5,236.333,43.703,-26.5,236.437,43.617,-28.9,0,-0.048829140049128236,0.16854253366848757,-10.337083633985657,22.69311573450709,0.004611640138553647,0.007279427478644809
236.399,42.81,-26.5,236.584,42.821,-31.5,236.483,42.904,-28.9,0,-0.023111230631919128,0.29796252278891416,1.244703759863171,12.1877262094213,-0.015306253388225478,0.02624540799151213
236.549,43.537,-31.5,236.341,43.524,-26.5,236.44400000000002,43.437,-28.9,0,-0.010702134437062761,0.22386029007025438,-10.004375349202007,23.014476454872536,0.0009865483916628346,0.009588234715286265
236.529,44.789,-31.5,236.308,44.775,-26.5,236.40699999999998,44.687,-28.7,0,-0.3252029446732778,0.4032567332672636,-10.354411674763341,21.791016319763855,0.03136854760644217,0.018340142113285742
236.607,47.012,-28.8,236.463,46.908,-26.5,236.638,46.837,-29.2,0,-0.43509603739543273,1.1114628512458156,-10.629654455498322,27.750077835232048,0.03926304872982508,0.04014718276505651
236.314,44.418,-26.5,236.53300000000002,44.432,-31.5,236.43,44.52,-29.2,0,-0.22425515870268858,0.2817223614172487,-10.239914410862966,22.091395039621744,0.0218640504163915,0.01257851130277127
234.674,49.3,-31.5,234.453,49.287,-28.9,234.666,49.173,-28.9,0,0.36031565342673916,1.089916868783756,17.876372186634267,31.86417444251336,0.020105148559407822,0.034116679948528524
236.534,44.968,-31.5,236.3,44.954,-26.5,236.41,44.868,-28.8,0,-0.3309364270073889,0.4223531330382434,-10.211787499436738,21.670834853580033,0.03237135305527575,0.01935493722306079
236.53300000000002,44.432,-31.5,236.314,44.418,-26.5,236.41500000000002,44.329,-28.8,0,-0.23772114022521562,0.28418150930261993,-10.694978926210524,21.916790586348952,0.022184793928499487,0.012775369411150457
234.674,49.3,-31.5,234.462,49.414,-31.5,234.453,49.287,-28.9,0,0.04608090689752549,0.024443929673574977,17.894419815538093,32.081757069632296,0.002567314577352879,0.0007562090294952428
234.886,49.186,-31.5,234.674,49.3,-31.5,234.666,49.173,-28.9,0,-0.002238244586362002,-0.0071726800652623,17.905208450821696,31.638644501726063,-0.00013538528658189154,-0.0002298530949459774
234.25799999999998,49.534,-31.5,234.065,49.661,-31.5,234.049,49.525,-29.2,0,0.08181550416239135,0.018342645086770887,14.983078988288064,34.24681705211756,0.005459491579914761,0.000528983394076461
236.32,44.06,-26.5,236.538,44.074,-31.5,236.435,44.162,-29.2,0,-0.1293165488599585,0.17755031860156933,-10.127931619053655,22.434386443784504,0.012695231839014068,0.007743598310151485
236.543,43.895,-31.5,236.325,43.881,-26.5,236.43,43.794,-28.8,0,-0.07949997151400415,0.15780705017888055,-9.640385434347834,22.847295695113502,0.008135633431564203,0.006745541747401138
234.25799999999998,49.534,-31.5,234.049,49.525,-29.2,234.24599999999998,49.401,-29.0,0,0.49499467476912823,1.1246308105344924,16.950002048207427,33.151079908233235,0.029165673923842946,0.03381562025385299
236.325,43.881,-26.5,236.543,43.895,-31.5,236.438,43.983,-29.2,0,-0.08510330026440609,0.1489624298896854,-9.65537311392923,22.791547621657884,0.008714749577294878,0.006379410771656342
235.095,49.071,-31.5,234.886,49.186,-31.5,234.878,49.06,-28.9,0,-0.018844748621845184,0.016829220263417467,17.617633439682987,31.38155722230512,-0.001085369433677935,0.0005313053508092319
235.301,48.953,-31.5,235.095,49.071,-31.5,235.08499999999998,48.945,-28.9,0,-0.007996906614707396,0.0732542316495652,17.098297428001093,31.240442221892387,-0.0004913540808413975,0.002336521909965903
236.38400000000001,42.989,-26.5,236.575,43.0,-31.5,236.47,43.083,-28.9,0,-0.019264360824599563,0.21184550336217559,1.3480903468586973,11.246742429056667,-0.011657114243522693,0.020638627723462748
235.102,48.817,-26.5,235.288,48.688,-26.5,235.29500000000002,48.825,-28.9,0,0.4427671446649088,4.531427815197887,14.104491208315036,32.15567358261875,0.031118600643775886,0.14067537928707396
234.886,49.186,-31.5,234.666,49.173,-28.9,234.878,49.06,-28.9,0,0.27469301348101266,1.0855622322075764,17.939021706928447,31.393232986305243,0.01525437134437033,0.03449865324466694
233.203,50.185,-28.8,233.115,50.039,-26.5,233.34199999999998,50.035,-28.7,0,0.6663548161943472,4.0196279548616065,7.19172471008548,38.22905651756536,0.09244286827637646,0.10466487540816728
236.776,46.742,-31.5,236.791,46.921,-31.5,236.638,46.837,-29.2,0,-0.007170311351790332,-0.14177646006566114,-13.34657640789488,26.18086322726213,0.0005713853846634807,-0.005409171407411268
235.50799999999998,48.837,-31.5,235.301,48.953,-31.5,235.29500000000002,48.825,-28.9,0,-0.0006572966630988832,-0.0005225630086829787,17.38776034990058,30.623507309006484,-6.523664864173707e-05,-2.0783954066796673e-05
234.043,49.381,-26.5,234.25799999999998,49.271,-26.5,234.24599999999998,49.401,-29.0,0,1.7608939260727041,4.364846529249514,18.20615946098324,32.291973556043004,0.09657198051303001,0.13477432555001984
236.36700000000002,43.167,-26.5,236.565,43.179,-31.5,236.457,43.262,-28.9,0,-0.012887353638264288,0.14518733660898472,1.2623278954476689,10.332358544191152,-0.006777176472814901,0.015634309503555627
234.453,49.287,-28.9,234.47199999999998,49.159,-26.5,234.666,49.173,-28.9,0,1.0194370390840974,3.226586581520064,17.715704575897167,31.962266857782552,0.05740599248093962,0.10069923061886775
236.35,43.345,-26.5,236.55599999999998,43.358,-31.5,236.44400000000002,43.437,-28.9,0,0.017292537093844294,0.28168820005105705,-9.48146569313299,23.34919606248353,-0.0018654582348611374,0.011928853715856863
234.25799999999998,49.271,-26.5,234.47199999999998,49.159,-26.5,234.453,49.287,-28.9,0,1.4776261622786417,4.261890571217743,17.923552488025674,32.03346568934654,0.08227068467090334,0.1326994176509057
234.897,48.935,-26.5,235.102,48.817,-26.5,235.08499999999998,48.945,-28.9,0,0.7104883601435478,4.292449252764646,16.719136919346678,31.4297916774959,0.042270357427454185,0.13631391534701293
234.462,49.414,-31.5,234.24599999999998,49.401,-29.0,234.453,49.287,-28.9,0,0.4691689846293418,1.1340159860333787,18.088536104068478,32.1719073979529,0.02589402400261941,0.03514719819651075
234.47199999999998,49.159,-26.5,234.686,49.048,-26.5,234.666,49.173,-28.9,0,1.2340082159756016,4.206393173400507,18.048124964787064,31.55361103225865,0.06818830994558132,0.13299975623409235
234.686,49.048,-26.5,234.897,48.935,-26.5,234.878,49.06,-28.9,0,0.9667274795955155,4.210292986302842,17.652098633778074,31.353194963472866,0.05456229322751858,0.13400564037954996
236.725,46.567,-31.5,236.776,46.742,-31.5,236.627,46.671,-29.3,0,0.16994709155867155,-0.23742733069681607,-18.1598947183846,22.616686539684657,-0.009169707410741787,-0.010348881229155848
236.53300000000002,44.253,-31.5,236.317,44.239,-26.5,236.435,44.162,-29.2,0,-0.16515232877364114,0.20995542589189362,-10.4071271329923,22.213833915881537,0.015812979421313413,0.00927400381402751
236.317,44.239,-26.5,236.53300000000002,44.253,-31.5,236.41500000000002,44.329,-28.8,0,-0.1978474064498041,0.2480055140944899,-10.401879332953527,22.170661479932377,0.018965740827782084,0.010994136156427147
236.538,44.074,-31.5,236.32,44.06,-26.5,236.438,43.983,-29.2,0,-0.12218005945493988,0.16386852734105037,-10.68464204613484,22.212753102381313,0.011353478010550087,0.007208215909381926
236.341,43.524,-26.5,236.549,43.537,-31.5,236.437,43.617,-28.9,0,-0.02326408932098741,0.20312995877088919,-9.77233063020769,23.070641071292883,0.002282798318120915,0.008663969856622024
233.094,50.317,-28.8,232.974,50.193,-26.5,233.203,50.185,-28.8,0,0.3190602541887491,3.879739749670121,3.661683865281275,39.084520550410225,0.08667841497983358,0.09879619865816869
236.333,43.703,-26.5,236.546,43.716,-31.5,236.43,43.794,-28.8,0,-0.06194968633000295,0.16028328465277975,-10.504367463508544,22.565571289082,0.005783245654902249,0.00694955520758246
236.529,44.61,-31.5,236.314,44.596,-26.5,236.43,44.52,-29.2,0,-0.2658414937687567,0.31114391400872365,-10.779785565592718,21.743773187096025,0.02462928484307224,0.014140833538448779
236.314,44.596,-26.5,236.529,44.61,-31.5,236.40699999999998,44.687,-28.7,0,-0.29821452997789166,0.3689858337183193,-10.349663782303509,21.91381344417016,0.02877605215284865,0.01666023682121051
236.488,47.379,-28.7,236.675,47.45,-31.5,236.449,47.519,-29.1,0,-0.001600458936608587,0.8508873704902454,2.5385325074984237,30.802930307073666,0.008599772062881055,0.027839147364693742
234.666,49.173,-28.9,234.686,49.048,-26.5,234.878,49.06,-28.9,0,0.82818727699739,3.2018084709869767,17.78135811349803,31.521813658821735,0.046425608101188946,0.1013477313975269
236.638,46.837,-29.2,236.464,46.73,-26.5,236.627,46.671,-29.3,0,-0.4898616041560589,0.6980784071296315,-14.125800934936603,25.693305641885424,0.033858109816486,0.02715441870973766
236.308,44.775,-26.5,236.529,44.789,-31.5,236.41,44.868,-28.8,0,-0.34104716202686824,0.3995877921631814,-10.834751555660475,21.498903367638988,0.03144153315738954,0.01843093619484432
234.24599999999998,49.401,-29.0,234.25799999999998,49.271,-26.5,234.453,49.287,-28.9,0,1.2261977048385462,3.258671654155324,17.911743851377118,32.27435320313315,0.06833707618986981,0.10068710857965649
236.078,48.121,-29.2,236.176,48.278,-31.5,235.963,48.259,-29.1,0,-0.06143561699112803,1.3384032773471992,4.334561603269688,32.8542375516628,-0.014579822560032782,0.040642237757344706
236.595,47.621,-31.5,236.36700000000002,47.684,-29.2,236.449,47.519,-29.1,0,-0.03502108860952676,0.902711298973565,3.6011103470523604,31.079401222308107,-0.002930393733025782,0.029291218439446612
235.801,48.408,-28.8,235.739,48.244,-26.5,235.963,48.259,-29.1,0,-0.0727542619417395,4.4836236354193915,6.752356671828437,32.85032634737663,-0.01121460905569919,0.13623024704055653
236.776,46.742,-31.5,236.638,46.837,-29.2,236.627,46.671,-29.3,0,-0.10493288313851906,0.040858531372606297,-13.977390071106406,25.666057350400738,0.007339041166652766,0.0016384335172152289
233.715,49.938,-31.5,233.503,49.895,-28.8,233.664,49.794,-29.2,0,0.3419292583479978,1.2255968261199892,11.016204104911898,36.63102389750086,0.0310058844677873,0.03331933739371545
233.503,49.895,-28.8,233.452,49.755,-26.5,233.664,49.794,-29.2,0,0.9993216032352137,3.797409238591835,10.89240192893356,36.64986098733765,0.09159428986482021,0.10319466925554353
236.288,47.43,-26.5,236.488,47.379,-28.7,236.449,47.519,-29.1,0,-0.015811431871452265,2.7006753189919155,2.263835181524554,30.90116336510529,0.013506364588700744,0.08797957989799665
236.889,40.719,-26.5,236.89499999999998,40.541,-26.5,236.959,40.631,-28.8,0,0.0014171321740536608,0.5859784298873312,-0.10615665159605214,23.879836677287614,-0.015279696279187339,0.024398493353429793
236.841,40.894,-26.5,236.889,40.719,-26.5,236.95,40.802,-29.2,0,-0.06915585451984681,0.45335577119536696,5.030164765708747,22.316205945693497,-0.013728028634472499,0.020313786549572173
236.524,41.563,-26.5,236.564,41.387,-26.5,236.62900000000002,41.475,-29.4,0,0.25566886595640465,0.9799902179805954,4.436482439262221,18.986382475096462,0.06345110847066111,0.05157939430167981
236.501,41.741,-26.5,236.524,41.563,-26.5,236.591,41.656,-29.1,0,0.13489427510547003,0.6830538605349683,2.7025951018304966,18.33017453195521,0.059766185313730597,0.03727807537712337
236.485,41.919,-26.5,236.501,41.741,-26.5,236.572,41.834,-29.0,0,0.06359314243146917,0.49359095405731324,2.006709834979006,17.443575264011656,0.04473101304245035,0.028458883821483306
236.469,42.097,-26.5,236.485,41.919,-26.5,236.55599999999998,42.012,-29.0,0,0.027410213818204174,0.48204519913311467,1.9835805231151085,16.53092815045278,0.02658034017139541,0.029597537028436375
236.451,42.276,-26.5,236.469,42.097,-26.5,236.541,42.191,-29.0,0,-0.002541243435982932,0.5691254678587665,2.120000275680553,15.563644638969123,0.009743959415507417,0.03743585770090837
237.035,40.545,-31.5,237.031,40.724,-31.5,236.959,40.631,-28.8,0,0.018058956051260167,-0.20584231966241284,-0.6913613295212713,23.990198696064425,-0.005741489828817571,-0.008601674424226777
237.031,40.724,-31.5,236.981,40.898,-31.5,236.95,40.802,-29.2,0,-0.04846948052102991,-0.3974466309980132,4.968644326795342,22.771874595102645,-0.012163554251373837,-0.017480754309452482
236.70999999999998,41.393,-31.5,236.676,41.57,-31.5,236.62900000000002,41.475,-29.4,0,0.08430386652391865,0.12389273079233369,3.4792588475699517,19.06207823583884,0.028810924028726568,0.006426723938571487
236.676,41.57,-31.5,236.659,41.749,-31.5,236.591,41.656,-29.1,0,0.027202120369022066,-0.09400509560986761,1.7468450825368222,18.335143512002247,0.02538291374976754,-0.005230899912801603
236.659,41.749,-31.5,236.643,41.928,-31.5,236.572,41.834,-29.0,0,0.006356847754882411,-0.19000284357486494,1.630728911440002,17.439239157310823,0.014705515670979386,-0.011013031477396783
236.643,41.928,-31.5,236.63,42.106,-31.5,236.55599999999998,42.012,-29.0,0,-0.01256425898980645,-0.13178423470031814,1.3460407566036565,16.526757319277948,0.0029483123048503097,-0.008035354082866509
236.63,42.106,-31.5,236.618,42.285,-31.5,236.541,42.191,-29.0,0,-0.02244942822326485,-0.011179207689943871,1.2383987796841893,15.587702615574699,-0.007224029767643494,-0.0006246797497100544
236.49200000000002,39.909,-26.5,236.615,39.891,-29.0,236.635,40.051,-26.5,0,0.8371113218297201,-0.17341540165293548,-18.347974249591232,19.090170849376847,-0.04800483507983969,-0.01099513243858467
236.93200000000002,40.197,-31.5,236.852,40.366,-26.5,236.75900000000001,40.202,-26.5,0,0.24971098055100543,0.5421999150676197,-12.71379902428518,22.01086260028889,-0.020380727073278412,0.024262313554052516
236.998,40.368,-31.5,236.89499999999998,40.541,-26.5,236.852,40.366,-26.5,0,0.08826374184109312,0.5626989561501085,-6.5319124725340885,24.041510166573232,-0.013588064158166215,0.023209248835805007
236.998,40.368,-31.5,236.852,40.366,-26.5,236.93200000000002,40.197,-31.5,0,0.07211009599158216,0.30976638806126716,-9.630073982112577,23.59975432674365,-0.0071067011321865985,0.013109244148778182
237.035,40.545,-31.5,236.89499999999998,40.541,-26.5,236.998,40.368,-31.5,0,0.04046124849897891,0.16699089695394606,-5.875192524717221,23.997183558273832,-0.005303809800834163,0.006922287787147301
236.89600000000002,41.065,-31.5,236.753,41.059,-26.5,236.841,40.894,-26.5,0,-0.04330170855148504,0.4169052710907105,9.344738470612654,19.86590137156807,-0.004275666871011857,0.021108948087647746
236.89600000000002,41.065,-31.5,236.841,40.894,-26.5,236.981,40.898,-31.5,0,-0.10719764122057,-0.08632928435150311,8.866382499317993,20.465482750780723,-0.012536861112443825,-0.0041761096424804646
236.789,41.225,-31.5,236.648,41.22,-26.5,236.753,41.059,-26.5,0,0.19364792637189795,0.702495109685145,10.811356790950612,18.14777907224942,0.018900326108545834,0.038871817980150554
236.789,41.225,-31.5,236.753,41.059,-26.5,236.89600000000002,41.065,-31.5,0,-0.0013856733142762483,0.1765514244885353,10.906985414704636,18.37955097503601,0.00018098516564340163,0.009701736281209907
236.70999999999998,41.393,-31.5,236.564,41.387,-26.5,236.648,41.22,-26.5,0,0.3765965887537317,0.8725307923412421,8.756873674189535,18.199671485379668,0.045169964677147484,0.0479886015004155
236.70999999999998,41.393,-31.5,236.648,41.22,-26.5,236.789,41.225,-31.5,0,0.17297522511705518,0.4394041266454199,8.172549843479658,18.855023989721587,0.02267042273991063,0.023326020232405143
