name,lon1,lat1,lon2,lat2,dip,res,other3,other6,rake,rakeSig,rakeTog,other7,other8,other9,locking_depth,locking_depth_sig,locking_depth_flag,dip_sig,dip_flag,ss_rate,ss_rate_sig,ss_rate_flag,ds_rate,ds_rate_sig,ds_rate_flag,ts_rate,ts_rate_sig,ts_rate_flag,resolution_override,resolution_other,mesh_file_index,mesh_flag,patch_slip_file,patch_slip_flag,ss_rate_bound_flag,ss_rate_bound_min,ss_rate_bound_max,ds_rate_bound_flag,ds_rate_bound_min,ds_rate_bound_max,ts_rate_bound_flag,ts_rate_bound_min,ts_rate_bound_max
Almanor                                                            ,238.871,40.201,238.8463,40.2424,90,100,0,0,0,0,0,0,0,0,15,5,0,1,0,0,1,0,0,1,0,0,1,0,0,0,-1,0,0,0,0,-1,1,0,-1,1,0,-1,1
Almanor                                                            ,238.8463,40.2424,238.8401,40.2885,90,100,0,0,0,0,0,0,0,0,15,5,0,1,0,0,1,0,0,1,0,0,1,0,0,0,-1,0,0,0,0,-1,1,0,-1,1,0,-1,1
Almanor                                                            ,238.8401,40.2885,238.7655,40.385,90,100,0,0,0,0,0,0,0,0,15,5,0,1,0,0,1,0,0,1,0,0,1,0,0,0,-1,0,0,0,0,-1,1,0,-1,1,0,-1,1
Almanor                                                            ,238.7655,40.385,238.7452,40.491,90,100,0,0,0,0,0,0,0,0,15,5,0,1,0,0,1,0,0,1,0,0,1,0,0,0,-1,0,0,0,0,-1,1,0,-1,1,0,-1,1
Arlington - Shutler Butte                                          ,239.8691,45.6519,239.8283,45.6725,90,100,0,0,0,0,0,0,0,0,15,5,0,1,0,0,1,0,0,1,0,0,1,0,0,0,-1,0,0,0,0,-1,1,0,-1,1,0,-1,1
Arlington - Shutler Butte                                          ,239.8283,45.6725,239.7474,45.7265,90,100,0,0,0,0,0,0,0,0,15,5,0,1,0,0,1,0,0,1,0,0,1,0,0,0,-1,0,0,0,0,-1,1,0,-1,1,0,-1,1
Arlington - Shutler Butte                                          ,239.7474,45.7265,239.6657,45.7846,90,100,0,0,0,0,0,0,0,0,15,5,0,1,0,0,1,0,0,1,0,0,1,0,0,0,-1,0,0,0,0,-1,1,0,-1,1,0,-1,1
Arlington - Shutler Butte                                          ,239.6657,45.7846,239.6124,45.8169,90,100,0,0,0,0,0,0,0,0,15,5,0,1,0,0,1,0,0,1,0,0,1,0,0,0,-1,0,0,0,0,-1,1,0,-1,1,0,-1,1
Arlington - Shutler Butte                                          ,239.6124,45.8169,239.5454,45.8504,90,100,0,0,0,0,0,0,0,0,15,5,0,1,0,0,1,0,0,1,0,0,1,0,0,0,-1,0,0,0,0,-1,1,0,-1,1,0,-1,1
Arlington - Shutler Butte                                          ,239.5454,45.8504,239.5004,45.88,90,100,0,0,0,0,0,0,0,0,15,5,0,1,0,0,1,0,0,1,0,0,1,0,0,0,-1,0,0,0,0,-1,1,0,-1,1,0,-1,1
Arlington - Shutler Butte                                          ,239.5004,45.88,239.4867,45.8922,90,100,0,0,0,0,0,0,0,0,15,5,0,1,0,0,1,0,0,1,0,0,1,0,0,0,-1,0,0,0,0,-1,1,0,-1,1,0,-1,1
Arlington - Shutler Butte                                          ,239.4867,45.8922,239.4582,45.9252,90,100,0,0,0,0,0,0,0,0,15,5,0,1,0,0,1,0,0,1,0,0,1,0,0,0,-1,0,0,0,0,-1,1,0,-1,1,0,-1,1
Arlington - Shutler Butte                                          ,239.4582,45.9252,239.4419,45.9633,90,100,0,0,0,0,0,0,0,0,15,5,0,1,0,0,1,0,0,1,0,0,1,0,0,0,-1,0,0,0,0,-1,1,0,-1,1,0,-1,1
Arlington - Shutler Butte                                          ,239.4419,45.9633,239.4214,45.9981,90,100,0,0,0,0,0,0,0,0,15,5,0,1,0,0,1,0,0,1,0,0,1,0,0,0,-1,0,0,0,0,-1,1,0,-1,1,0,-1,1
Arlington - Shutler Butte                                          ,239.4214,45.9981,239.404,46.0247,90,100,0,0,0,0,0,0,0,0,15,5,0,1,0,0,1,0,0,1,0,0,1,0,0,0,-1,0,0,0,0,-1,1,0,-1,1,0,-1,1
Blue Ridge - Gate Creek                                            ,238.2481,45.6906,238.268,45.6338,50,100,0,0,0,0,0,0,0,0,15,5,0,1,0,0,1,0,0,1,0,0,1,0,0,0,-1,0,0,0,0,-1,1,0,-1,1,0,-1,1
Blue Ridge - Gate Creek                                            ,238.268,45.6338,238.2744,45.5525,50,100,0,0,0,0,0,0,0,0,15,5,0,1,0,0,1,0,0,1,0,0,1,0,0,0,-1,0,0,0,0,-1,1,0,-1,1,0,-1,1
Blue Ridge - Gate Creek                                            ,238.2744,45.5525,238.2839,45.4866,50,100,0,0,0,0,0,0,0,0,15,5,0,1,0,0,1,0,0,1,0,0,1,0,0,0,-1,0,0,0,0,-1,1,0,-1,1,0,-1,1
Blue Ridge - Gate Creek                                            ,238.2839,45.4866,238.303,45.4464,50,100,0,0,0,0,0,0,0,0,15,5,0,1,0,0,1,0,0,1,0,0,1,0,0,0,-1,0,0,0,0,-1,1,0,-1,1,0,-1,1
Canyon River                                                       ,236.3007,47.3061,236.3038,47.3107,60,100,0,0,0,0,0,0,0,0,15,5,0,1,0,0,1,0,0,1,0,0,1,0,0,0,-1,0,0,0,0,-1,1,0,-1,1,0,-1,1
Canyon River                                                       ,236.3038,47.3107,236.3215,47.3212,60,100,0,0,0,0,0,0,0,0,15,5,0,1,0,0,1,0,0,1,0,0,1,0,0,0,-1,0,0,0,0,-1,1,0,-1,1,0,-1,1
Canyon River                                                       ,236.3215,47.3212,236.3319,47.327,60,100,0,0,0,0,0,0,0,0,15,5,0,1,0,0,1,0,0,1,0,0,1,0,0,0,-1,0,0,0,0,-1,1,0,-1,1,0,-1,1
Canyon River                                                       ,236.3319,47.327,236.343,47.33,60,100,0,0,0,0,0,0,0,0,15,5,0,1,0,0,1,0,0,1,0,0,1,0,0,0,-1,0,0,0,0,-1,1,0,-1,1,0,-1,1
Canyon River                                                       ,236.343,47.33,236.3513,47.3415,60,100,0,0,0,0,0,0,0,0,15,5,0,1,0,0,1,0,0,1,0,0,1,0,0,0,-1,0,0,0,0,-1,1,0,-1,1,0,-1,1
Canyon River                                                       ,236.3513,47.3415,236.382,47.3481,60,100,0,0,0,0,0,0,0,0,15,5,0,1,0,0,1,0,0,1,0,0,1,0,0,0,-1,0,0,0,0,-1,1,0,-1,1,0,-1,1
Canyon River                                                       ,236.382,47.3481,236.392,47.3477,60,100,0,0,0,0,0,0,0,0,15,5,0,1,0,0,1,0,0,1,0,0,1,0,0,0,-1,0,0,0,0,-1,1,0,-1,1,0,-1,1
Canyon River                                                       ,236.392,47.3477,236.4034,47.3452,60,100,0,0,0,0,0,0,0,0,15,5,0,1,0,0,1,0,0,1,0,0,1,0,0,0,-1,0,0,0,0,-1,1,0,-1,1,0,-1,1
Canyon River                                                       ,236.4034,47.3452,236.4248,47.348,60,100,0,0,0,0,0,0,0,0,15,5,0,1,0,0,1,0,0,1,0,0,1,0,0,0,-1,0,0,0,0,-1,1,0,-1,1,0,-1,1
Canyon River                                                       ,236.4248,47.348,236.4931,47.3771,60,100,0,0,0,0,0,0,0,0,15,5,0,1,0,0,1,0,0,1,0,0,1,0,0,0,-1,0,0,0,0,-1,1,0,-1,1,0,-1,1
Canyon River                                                       ,236.4931,47.3771,236.5218,47.3868,60,100,0,0,0,0,0,0,0,0,15,5,0,1,0,0,1,0,0,1,0,0,1,0,0,0,-1,0,0,0,0,-1,1,0,-1,1,0,-1,1
Canyon River                                                       ,236.5218,47.3868,236.5264,47.3913,60,100,0,0,0,0,0,0,0,0,15,5,0,1,0,0,1,0,0,1,0,0,1,0,0,0,-1,0,0,0,0,-1,1,0,-1,1,0,-1,1
Canyon River                                                       ,236.5264,47.3913,236.5324,47.3939,60,100,0,0,0,0,0,0,0,0,15,5,0,1,0,0,1,0,0,1,0,0,1,0,0,0,-1,0,0,0,0,-1,1,0,-1,1,0,-1,1
Canyon River                                                       ,236.5324,47.3939,236.5431,47.3978,60,100,0,0,0,0,0,0,0,0,15,5,0,1,0,0,1,0,0,1,0,0,1,0,0,0,-1,0,0,0,0,-1,1,0,-1,1,0,-1,1
Canyon River                                                       ,236.5431,47.3978,236.5623,47.3988,60,100,0,0,0,0,0,0,0,0,15,5,0,1,0,0,1,0,0,1,0,0,1,0,0,0,-1,0,0,0,0,-1,1,0,-1,1,0,-1,1
Canyon River                                                       ,236.5623,47.3988,236.5807,47.4041,60,100,0,0,0,0,0,0,0,0,15,5,0,1,0,0,1,0,0,1,0,0,1,0,0,0,-1,0,0,0,0,-1,1,0,-1,1,0,-1,1
Canyon River                                                       ,236.5807,47.4041,236.584,47.4066,60,100,0,0,0,0,0,0,0,0,15,5,0,1,0,0,1,0,0,1,0,0,1,0,0,0,-1,0,0,0,0,-1,1,0,-1,1,0,-1,1
Canyon River - Price Lake (northeast)                              ,236.7008,47.4172,236.7138,47.4211,60,100,0,0,0,0,0,0,0,0,15,5,0,1,0,0,1,0,0,1,0,0,1,0,0,0,-1,0,0,0,0,-1,1,0,-1,1,0,-1,1
Canyon River - Price Lake (northeast)                              ,236.7138,47.4211,236.7366,47.4276,60,100,0,0,0,0,0,0,0,0,15,5,0,1,0,0,1,0,0,1,0,0,1,0,0,0,-1,0,0,0,0,-1,1,0,-1,1,0,-1,1
Canyon River - Price Lake (northeast)                              ,236.7366,47.4276,236.7628,47.4395,60,100,0,0,0,0,0,0,0,0,15,5,0,1,0,0,1,0,0,1,0,0,1,0,0,0,-1,0,0,0,0,-1,1,0,-1,1,0,-1,1
Canyon River - Price Lake (northeast)                              ,236.7628,47.4395,236.7821,47.4446,60,100,0,0,0,0,0,0,0,0,15,5,0,1,0,0,1,0,0,1,0,0,1,0,0,0,-1,0,0,0,0,-1,1,0,-1,1,0,-1,1
Canyon River - Price Lake (northeast)                              ,236.7821,47.4446,236.8222,47.4611,60,100,0,0,0,0,0,0,0,0,15,5,0,1,0,0,1,0,0,1,0,0,1,0,0,0,-1,0,0,0,0,-1,1,0,-1,1,0,-1,1
Canyon River - Price Lake (northeast)                              ,236.8222,47.4611,236.8344,47.4686,60,100,0,0,0,0,0,0,0,0,15,5,0,1,0,0,1,0,0,1,0,0,1,0,0,0,-1,0,0,0,0,-1,1,0,-1,1,0,-1,1
Canyon River - Price Lake (northeast)                              ,236.8344,47.4686,236.8416,47.4756,60,100,0,0,0,0,0,0,0,0,15,5,0,1,0,0,1,0,0,1,0,0,1,0,0,0,-1,0,0,0,0,-1,1,0,-1,1,0,-1,1
Cedar Mountain - Mahogany Mountain                                 ,237.8837,42.1986,237.9349,42.1142,60,100,0,0,0,0,0,0,0,0,15,5,0,1,0,0,1,0,0,1,0,0,1,0,0,0,-1,0,0,0,0,-1,1,0,-1,1,0,-1,1
Cedar Mountain - Mahogany Mountain                                 ,237.9349,42.1142,237.986,42.0297,60,100,0,0,0,0,0,0,0,0,15,5,0,1,0,0,1,0,0,1,0,0,1,0,0,0,-1,0,0,0,0,-1,1,0,-1,1,0,-1,1
Cedar Mountain - Mahogany Mountain                                 ,237.986,42.0297,238.037,41.9453,60,100,0,0,0,0,0,0,0,0,15,5,0,1,0,0,1,0,0,1,0,0,1,0,0,0,-1,0,0,0,0,-1,1,0,-1,1,0,-1,1
Cedar Mountain - Mahogany Mountain                                 ,238.037,41.9453,238.0553,41.8199,60,100,0,0,0,0,0,0,0,0,15,5,0,1,0,0,1,0,0,1,0,0,1,0,0,0,-1,0,0,0,0,-1,1,0,-1,1,0,-1,1
Cedar Mountain - Mahogany Mountain                                 ,238.0553,41.8199,238.0698,41.7218,60,100,0,0,0,0,0,0,0,0,15,5,0,1,0,0,1,0,0,1,0,0,1,0,0,0,-1,0,0,0,0,-1,1,0,-1,1,0,-1,1
Cedar Mountain - Mahogany Mountain                                 ,238.0698,41.7218,238.0842,41.6237,60,100,0,0,0,0,0,0,0,0,15,5,0,1,0,0,1,0,0,1,0,0,1,0,0,0,-1,0,0,0,0,-1,1,0,-1,1,0,-1,1
Cedar Mountain - Mahogany Mountain                                 ,238.0842,41.6237,238.0986,41.5257,60,100,0,0,0,0,0,0,0,0,15,5,0,1,0,0,1,0,0,1,0,0,1,0,0,0,-1,0,0,0,0,-1,1,0,-1,1,0,-1,1
Chemult Graben (east)                                              ,238.4209,43.4265,238.3469,43.388,130,100,0,0,0,0,0,0,0,0,15,5,0,1,0,0,1,0,0,1,0,0,1,0,0,0,-1,0,0,0,0,-1,1,0,-1,1,0,-1,1
Chemult Graben (east)                                              ,238.3469,43.388,238.2727,43.3281,130,100,0,0,0,0,0,0,0,0,15,5,0,1,0,0,1,0,0,1,0,0,1,0,0,0,-1,0,0,0,0,-1,1,0,-1,1,0,-1,1
Cottonwood Mountain (east)                                         ,242.6664,43.9262,242.6404,43.9644,130,100,0,0,0,0,0,0,0,0,15,5,0,1,0,0,1,0,0,1,0,0,1,0,0,0,-1,0,0,0,0,-1,1,0,-1,1,0,-1,1
Cottonwood Mountain (east)                                         ,242.6404,43.9644,242.5926,44.019,130,100,0,0,0,0,0,0,0,0,15,5,0,1,0,0,1,0,0,1,0,0,1,0,0,0,-1,0,0,0,0,-1,1,0,-1,1,0,-1,1
Cottonwood Mountain (east)                                         ,242.5926,44.019,242.5662,44.0654,130,100,0,0,0,0,0,0,0,0,15,5,0,1,0,0,1,0,0,1,0,0,1,0,0,0,-1,0,0,0,0,-1,1,0,-1,1,0,-1,1
Cottonwood Mountain (east)                                         ,242.5662,44.0654,242.5239,44.0978,130,100,0,0,0,0,0,0,0,0,15,5,0,1,0,0,1,0,0,1,0,0,1,0,0,0,-1,0,0,0,0,-1,1,0,-1,1,0,-1,1
Cottonwood Mountain (east)                                         ,242.5239,44.0978,242.4938,44.1374,130,100,0,0,0,0,0,0,0,0,15,5,0,1,0,0,1,0,0,1,0,0,1,0,0,0,-1,0,0,0,0,-1,1,0,-1,1,0,-1,1
Cottonwood Mountain (east)                                         ,242.4938,44.1374,242.4702,44.1575,130,100,0,0,0,0,0,0,0,0,15,5,0,1,0,0,1,0,0,1,0,0,1,0,0,0,-1,0,0,0,0,-1,1,0,-1,1,0,-1,1
Cottonwood Mountain (east)                                         ,242.4702,44.1575,242.4558,44.1923,130,100,0,0,0,0,0,0,0,0,15,5,0,1,0,0,1,0,0,1,0,0,1,0,0,0,-1,0,0,0,0,-1,1,0,-1,1,0,-1,1
Cottonwood Mountain (east)                                         ,242.4558,44.1923,242.4152,44.2578,130,100,0,0,0,0,0,0,0,0,15,5,0,1,0,0,1,0,0,1,0,0,1,0,0,0,-1,0,0,0,0,-1,1,0,-1,1,0,-1,1
Davis Creek                                                        ,239.6347,41.788,239.6673,41.7055,50,100,0,0,0,0,0,0,0,0,15,5,0,1,0,0,1,0,0,1,0,0,1,0,0,0,-1,0,0,0,0,-1,1,0,-1,1,0,-1,1
Davis Creek                                                        ,239.6673,41.7055,239.6997,41.623,50,100,0,0,0,0,0,0,0,0,15,5,0,1,0,0,1,0,0,1,0,0,1,0,0,0,-1,0,0,0,0,-1,1,0,-1,1,0,-1,1
Devils Mountain                                                    ,238.326,48.2499,238.2483,48.2688,120,100,0,0,0,0,0,0,0,0,15,5,0,1,0,0,1,0,0,1,0,0,1,0,0,0,-1,0,0,0,0,-1,1,0,-1,1,0,-1,1
Devils Mountain                                                    ,238.2483,48.2688,238.0913,48.2875,120,100,0,0,0,0,0,0,0,0,15,5,0,1,0,0,1,0,0,1,0,0,1,0,0,0,-1,0,0,0,0,-1,1,0,-1,1,0,-1,1
Devils Mountain                                                    ,238.0913,48.2875,237.9988,48.3169,120,100,0,0,0,0,0,0,0,0,15,5,0,1,0,0,1,0,0,1,0,0,1,0,0,0,-1,0,0,0,0,-1,1,0,-1,1,0,-1,1
Devils Mountain                                                    ,237.9988,48.3169,237.919,48.3299,120,100,0,0,0,0,0,0,0,0,15,5,0,1,0,0,1,0,0,1,0,0,1,0,0,0,-1,0,0,0,0,-1,1,0,-1,1,0,-1,1
Devils Mountain                                                    ,237.919,48.3299,237.8715,48.3355,120,100,0,0,0,0,0,0,0,0,15,5,0,1,0,0,1,0,0,1,0,0,1,0,0,0,-1,0,0,0,0,-1,1,0,-1,1,0,-1,1
Devils Mountain                                                    ,237.8715,48.3355,237.8534,48.3414,120,100,0,0,0,0,0,0,0,0,15,5,0,1,0,0,1,0,0,1,0,0,1,0,0,0,-1,0,0,0,0,-1,1,0,-1,1,0,-1,1
Devils Mountain                                                    ,237.8534,48.3414,237.8294,48.3422,120,100,0,0,0,0,0,0,0,0,15,5,0,1,0,0,1,0,0,1,0,0,1,0,0,0,-1,0,0,0,0,-1,1,0,-1,1,0,-1,1
Devils Mountain                                                    ,237.8294,48.3422,237.7922,48.3467,120,100,0,0,0,0,0,0,0,0,15,5,0,1,0,0,1,0,0,1,0,0,1,0,0,0,-1,0,0,0,0,-1,1,0,-1,1,0,-1,1
Devils Mountain                                                    ,237.7922,48.3467,237.743,48.3493,120,100,0,0,0,0,0,0,0,0,15,5,0,1,0,0,1,0,0,1,0,0,1,0,0,0,-1,0,0,0,0,-1,1,0,-1,1,0,-1,1
Devils Mountain                                                    ,237.743,48.3493,237.693,48.3563,120,100,0,0,0,0,0,0,0,0,15,5,0,1,0,0,1,0,0,1,0,0,1,0,0,0,-1,0,0,0,0,-1,1,0,-1,1,0,-1,1
Devils Mountain                                                    ,237.693,48.3563,237.6643,48.3577,120,100,0,0,0,0,0,0,0,0,15,5,0,1,0,0,1,0,0,1,0,0,1,0,0,0,-1,0,0,0,0,-1,1,0,-1,1,0,-1,1
Devils Mountain                                                    ,237.6643,48.3577,237.5003,48.3587,120,100,0,0,0,0,0,0,0,0,15,5,0,1,0,0,1,0,0,1,0,0,1,0,0,0,-1,0,0,0,0,-1,1,0,-1,1,0,-1,1
Entiat                                                             ,239.2932,47.9377,239.335,47.88,60,100,0,0,0,0,0,0,0,0,15,5,0,1,0,0,1,0,0,1,0,0,1,0,0,0,-1,0,0,0,0,-1,1,0,-1,1,0,-1,1
Entiat                                                             ,239.335,47.88,239.3795,47.8205,60,100,0,0,0,0,0,0,0,0,15,5,0,1,0,0,1,0,0,1,0,0,1,0,0,0,-1,0,0,0,0,-1,1,0,-1,1,0,-1,1
Entiat                                                             ,239.3795,47.8205,239.4093,47.7867,60,100,0,0,0,0,0,0,0,0,15,5,0,1,0,0,1,0,0,1,0,0,1,0,0,0,-1,0,0,0,0,-1,1,0,-1,1,0,-1,1
Entiat                                                             ,239.4093,47.7867,239.4528,47.7372,60,100,0,0,0,0,0,0,0,0,15,5,0,1,0,0,1,0,0,1,0,0,1,0,0,0,-1,0,0,0,0,-1,1,0,-1,1,0,-1,1
Entiat                                                             ,239.4528,47.7372,239.4947,47.6831,60,100,0,0,0,0,0,0,0,0,15,5,0,1,0,0,1,0,0,1,0,0,1,0,0,0,-1,0,0,0,0,-1,1,0,-1,1,0,-1,1
Entiat                                                             ,239.4947,47.6831,239.5316,47.6476,60,100,0,0,0,0,0,0,0,0,15,5,0,1,0,0,1,0,0,1,0,0,1,0,0,0,-1,0,0,0,0,-1,1,0,-1,1,0,-1,1
Entiat                                                             ,239.5316,47.6476,239.546,47.6305,60,100,0,0,0,0,0,0,0,0,15,5,0,1,0,0,1,0,0,1,0,0,1,0,0,0,-1,0,0,0,0,-1,1,0,-1,1,0,-1,1
Entiat                                                             ,239.546,47.6305,239.588,47.5817,60,100,0,0,0,0,0,0,0,0,15,5,0,1,0,0,1,0,0,1,0,0,1,0,0,0,-1,0,0,0,0,-1,1,0,-1,1,0,-1,1
Entiat                                                             ,239.588,47.5817,239.6017,47.5496,60,100,0,0,0,0,0,0,0,0,15,5,0,1,0,0,1,0,0,1,0,0,1,0,0,0,-1,0,0,0,0,-1,1,0,-1,1,0,-1,1
Entiat                                                             ,239.6017,47.5496,239.6161,47.5207,60,100,0,0,0,0,0,0,0,0,15,5,0,1,0,0,1,0,0,1,0,0,1,0,0,0,-1,0,0,0,0,-1,1,0,-1,1,0,-1,1
Entiat                                                             ,239.6161,47.5207,239.6687,47.4756,60,100,0,0,0,0,0,0,0,0,15,5,0,1,0,0,1,0,0,1,0,0,1,0,0,0,-1,0,0,0,0,-1,1,0,-1,1,0,-1,1
Gales Creek (Chehalem Valley)                                      ,236.8225,45.4527,236.8266,45.4327,90,100,0,0,0,0,0,0,0,0,15,5,0,1,0,0,1,0,0,1,0,0,1,0,0,0,-1,0,0,0,0,-1,1,0,-1,1,0,-1,1
Gales Creek (Chehalem Valley)                                      ,236.8266,45.4327,236.8338,45.4206,90,100,0,0,0,0,0,0,0,0,15,5,0,1,0,0,1,0,0,1,0,0,1,0,0,0,-1,0,0,0,0,-1,1,0,-1,1,0,-1,1
Gales Creek (Chehalem Valley)                                      ,236.8338,45.4206,236.8385,45.4156,90,100,0,0,0,0,0,0,0,0,15,5,0,1,0,0,1,0,0,1,0,0,1,0,0,0,-1,0,0,0,0,-1,1,0,-1,1,0,-1,1
Gales Creek (Chehalem Valley)                                      ,236.8385,45.4156,236.851,45.3965,90,100,0,0,0,0,0,0,0,0,15,5,0,1,0,0,1,0,0,1,0,0,1,0,0,0,-1,0,0,0,0,-1,1,0,-1,1,0,-1,1
Gales Creek (Chehalem Valley)                                      ,236.851,45.3965,236.8913,45.3744,90,100,0,0,0,0,0,0,0,0,15,5,0,1,0,0,1,0,0,1,0,0,1,0,0,0,-1,0,0,0,0,-1,1,0,-1,1,0,-1,1
Gales Creek (Chehalem Valley)                                      ,236.8913,45.3744,236.8991,45.351,90,100,0,0,0,0,0,0,0,0,15,5,0,1,0,0,1,0,0,1,0,0,1,0,0,0,-1,0,0,0,0,-1,1,0,-1,1,0,-1,1
Gales Creek (Chehalem Valley)                                      ,236.8991,45.351,236.9115,45.3335,90,100,0,0,0,0,0,0,0,0,15,5,0,1,0,0,1,0,0,1,0,0,1,0,0,0,-1,0,0,0,0,-1,1,0,-1,1,0,-1,1
Gales Creek (Chehalem Valley)                                      ,236.9115,45.3335,236.9276,45.3222,90,100,0,0,0,0,0,0,0,0,15,5,0,1,0,0,1,0,0,1,0,0,1,0,0,0,-1,0,0,0,0,-1,1,0,-1,1,0,-1,1
Gales Creek (Chehalem Valley)                                      ,236.9276,45.3222,236.9768,45.3055,90,100,0,0,0,0,0,0,0,0,15,5,0,1,0,0,1,0,0,1,0,0,1,0,0,0,-1,0,0,0,0,-1,1,0,-1,1,0,-1,1
Gales Creek (Chehalem Valley)                                      ,236.9768,45.3055,237.0172,45.2871,90,100,0,0,0,0,0,0,0,0,15,5,0,1,0,0,1,0,0,1,0,0,1,0,0,0,-1,0,0,0,0,-1,1,0,-1,1,0,-1,1
Gales Creek (Parsons Creek)                                        ,236.5502,45.8621,236.6931,45.6634,90,100,0,0,0,0,0,0,0,0,15,5,0,1,0,0,1,0,0,1,0,0,1,0,0,0,-1,0,0,0,0,-1,1,0,-1,1,0,-1,1
Gales Creek (Parsons Creek)                                        ,236.6931,45.6634,236.7038,45.6473,90,100,0,0,0,0,0,0,0,0,15,5,0,1,0,0,1,0,0,1,0,0,1,0,0,0,-1,0,0,0,0,-1,1,0,-1,1,0,-1,1
Gales Creek (Parsons Creek)                                        ,236.7038,45.6473,236.7269,45.6078,90,100,0,0,0,0,0,0,0,0,15,5,0,1,0,0,1,0,0,1,0,0,1,0,0,0,-1,0,0,0,0,-1,1,0,-1,1,0,-1,1
Gales Creek (Parsons Creek)                                        ,236.7269,45.6078,236.7352,45.5933,90,100,0,0,0,0,0,0,0,0,15,5,0,1,0,0,1,0,0,1,0,0,1,0,0,0,-1,0,0,0,0,-1,1,0,-1,1,0,-1,1
Gales Creek (Parsons Creek)                                        ,236.7352,45.5933,236.7453,45.5738,90,100,0,0,0,0,0,0,0,0,15,5,0,1,0,0,1,0,0,1,0,0,1,0,0,0,-1,0,0,0,0,-1,1,0,-1,1,0,-1,1
Gales Creek (Parsons Creek)                                        ,236.7453,45.5738,236.7685,45.5376,90,100,0,0,0,0,0,0,0,0,15,5,0,1,0,0,1,0,0,1,0,0,1,0,0,0,-1,0,0,0,0,-1,1,0,-1,1,0,-1,1
Gales Creek (Parsons Creek)                                        ,236.7685,45.5376,236.7863,45.5185,90,100,0,0,0,0,0,0,0,0,15,5,0,1,0,0,1,0,0,1,0,0,1,0,0,0,-1,0,0,0,0,-1,1,0,-1,1,0,-1,1
Gales Creek (Parsons Creek)                                        ,236.7863,45.5185,236.7875,45.5101,90,100,0,0,0,0,0,0,0,0,15,5,0,1,0,0,1,0,0,1,0,0,1,0,0,0,-1,0,0,0,0,-1,1,0,-1,1,0,-1,1
Goose Lake                                                         ,239.6338,42.2382,239.6537,42.1549,58,100,0,0,0,0,0,0,0,0,15,5,0,1,0,0,1,0,0,1,0,0,1,0,0,0,-1,0,0,0,0,-1,1,0,-1,1,0,-1,1
Goose Lake                                                         ,239.6537,42.1549,239.694,42.0726,58,100,0,0,0,0,0,0,0,0,15,5,0,1,0,0,1,0,0,1,0,0,1,0,0,0,-1,0,0,0,0,-1,1,0,-1,1,0,-1,1
Goose Lake                                                         ,239.694,42.0726,239.7095,41.9851,58,100,0,0,0,0,0,0,0,0,15,5,0,1,0,0,1,0,0,1,0,0,1,0,0,0,-1,0,0,0,0,-1,1,0,-1,1,0,-1,1
Goose Lake                                                         ,239.7095,41.9851,239.6843,41.9247,122,100,0,0,0,0,0,0,0,0,15,5,0,1,0,0,1,0,0,1,0,0,1,0,0,0,-1,0,0,0,0,-1,1,0,-1,1,0,-1,1
Hat Creek                                                          ,238.5444,40.9349,238.5621,40.883,60,100,0,0,0,0,0,0,0,0,15,5,0,1,0,0,1,0,0,1,0,0,1,0,0,0,-1,0,0,0,0,-1,1,0,-1,1,0,-1,1
Hat Creek                                                          ,238.5621,40.883,238.5583,40.8534,120,100,0,0,0,0,0,0,0,0,15,5,0,1,0,0,1,0,0,1,0,0,1,0,0,0,-1,0,0,0,0,-1,1,0,-1,1,0,-1,1
Hat Creek                                                          ,238.5583,40.8534,238.5772,40.8116,60,100,0,0,0,0,0,0,0,0,15,5,0,1,0,0,1,0,0,1,0,0,1,0,0,0,-1,0,0,0,0,-1,1,0,-1,1,0,-1,1
Hat Creek                                                          ,238.5772,40.8116,238.588,40.7606,60,100,0,0,0,0,0,0,0,0,15,5,0,1,0,0,1,0,0,1,0,0,1,0,0,0,-1,0,0,0,0,-1,1,0,-1,1,0,-1,1
Hat Creek                                                          ,238.588,40.7606,238.5892,40.7114,60,100,0,0,0,0,0,0,0,0,15,5,0,1,0,0,1,0,0,1,0,0,1,0,0,0,-1,0,0,0,0,-1,1,0,-1,1,0,-1,1
Hat Creek                                                          ,238.5892,40.7114,238.6045,40.6558,60,100,0,0,0,0,0,0,0,0,15,5,0,1,0,0,1,0,0,1,0,0,1,0,0,0,-1,0,0,0,0,-1,1,0,-1,1,0,-1,1
Hat Creek                                                          ,238.6045,40.6558,238.7074,40.5666,60,100,0,0,0,0,0,0,0,0,15,5,0,1,0,0,1,0,0,1,0,0,1,0,0,0,-1,0,0,0,0,-1,1,0,-1,1,0,-1,1
Horse Heaven Hills                                                 ,239.6532,46.0589,239.688,46.0643,120,100,0,0,0,0,0,0,0,0,15,5,0,1,0,0,1,0,0,1,0,0,1,0,0,0,-1,0,0,0,0,-1,1,0,-1,1,0,-1,1
Horse Heaven Hills                                                 ,239.688,46.0643,239.7026,46.0657,120,100,0,0,0,0,0,0,0,0,15,5,0,1,0,0,1,0,0,1,0,0,1,0,0,0,-1,0,0,0,0,-1,1,0,-1,1,0,-1,1
Horse Heaven Hills                                                 ,239.7026,46.0657,239.7329,46.0801,120,100,0,0,0,0,0,0,0,0,15,5,0,1,0,0,1,0,0,1,0,0,1,0,0,0,-1,0,0,0,0,-1,1,0,-1,1,0,-1,1
Horse Heaven Hills                                                 ,239.7329,46.0801,239.7485,46.0845,120,100,0,0,0,0,0,0,0,0,15,5,0,1,0,0,1,0,0,1,0,0,1,0,0,0,-1,0,0,0,0,-1,1,0,-1,1,0,-1,1
Horse Heaven Hills                                                 ,239.7485,46.0845,239.7604,46.0906,120,100,0,0,0,0,0,0,0,0,15,5,0,1,0,0,1,0,0,1,0,0,1,0,0,0,-1,0,0,0,0,-1,1,0,-1,1,0,-1,1
Horse Heaven Hills                                                 ,239.7604,46.0906,239.8369,46.1138,120,100,0,0,0,0,0,0,0,0,15,5,0,1,0,0,1,0,0,1,0,0,1,0,0,0,-1,0,0,0,0,-1,1,0,-1,1,0,-1,1
Horse Heaven Hills                                                 ,239.8369,46.1138,239.8701,46.127,120,100,0,0,0,0,0,0,0,0,15,5,0,1,0,0,1,0,0,1,0,0,1,0,0,0,-1,0,0,0,0,-1,1,0,-1,1,0,-1,1
Horse Heaven Hills                                                 ,239.8701,46.127,239.8768,46.1311,120,100,0,0,0,0,0,0,0,0,15,5,0,1,0,0,1,0,0,1,0,0,1,0,0,0,-1,0,0,0,0,-1,1,0,-1,1,0,-1,1
Horse Heaven Hills                                                 ,239.8768,46.1311,239.9109,46.1379,120,100,0,0,0,0,0,0,0,0,15,5,0,1,0,0,1,0,0,1,0,0,1,0,0,0,-1,0,0,0,0,-1,1,0,-1,1,0,-1,1
Horse Heaven Hills                                                 ,239.9109,46.1379,239.9311,46.1347,120,100,0,0,0,0,0,0,0,0,15,5,0,1,0,0,1,0,0,1,0,0,1,0,0,0,-1,0,0,0,0,-1,1,0,-1,1,0,-1,1
Horse Heaven Hills                                                 ,239.9311,46.1347,239.9454,46.1359,120,100,0,0,0,0,0,0,0,0,15,5,0,1,0,0,1,0,0,1,0,0,1,0,0,0,-1,0,0,0,0,-1,1,0,-1,1,0,-1,1
Horse Heaven Hills                                                 ,239.9454,46.1359,239.9703,46.1424,120,100,0,0,0,0,0,0,0,0,15,5,0,1,0,0,1,0,0,1,0,0,1,0,0,0,-1,0,0,0,0,-1,1,0,-1,1,0,-1,1
Horse Heaven Hills                                                 ,239.9703,46.1424,240.0258,46.1509,120,100,0,0,0,0,0,0,0,0,15,5,0,1,0,0,1,0,0,1,0,0,1,0,0,0,-1,0,0,0,0,-1,1,0,-1,1,0,-1,1
Horse Heaven Hills                                                 ,240.0258,46.1509,240.0392,46.1513,120,100,0,0,0,0,0,0,0,0,15,5,0,1,0,0,1,0,0,1,0,0,1,0,0,0,-1,0,0,0,0,-1,1,0,-1,1,0,-1,1
Horse Heaven Hills                                                 ,240.0392,46.1513,240.0723,46.1621,120,100,0,0,0,0,0,0,0,0,15,5,0,1,0,0,1,0,0,1,0,0,1,0,0,0,-1,0,0,0,0,-1,1,0,-1,1,0,-1,1
Horse Heaven Hills                                                 ,240.0723,46.1621,240.0984,46.1654,120,100,0,0,0,0,0,0,0,0,15,5,0,1,0,0,1,0,0,1,0,0,1,0,0,0,-1,0,0,0,0,-1,1,0,-1,1,0,-1,1
Horse Heaven Hills                                                 ,240.0984,46.1654,240.131,46.1823,120,100,0,0,0,0,0,0,0,0,15,5,0,1,0,0,1,0,0,1,0,0,1,0,0,0,-1,0,0,0,0,-1,1,0,-1,1,0,-1,1
Horse Heaven Hills                                                 ,240.131,46.1823,240.1465,46.1847,120,100,0,0,0,0,0,0,0,0,15,5,0,1,0,0,1,0,0,1,0,0,1,0,0,0,-1,0,0,0,0,-1,1,0,-1,1,0,-1,1
Horse Heaven Hills                                                 ,240.1465,46.1847,240.1579,46.1838,120,100,0,0,0,0,0,0,0,0,15,5,0,1,0,0,1,0,0,1,0,0,1,0,0,0,-1,0,0,0,0,-1,1,0,-1,1,0,-1,1
Horse Heaven Hills                                                 ,240.1579,46.1838,240.1793,46.1863,120,100,0,0,0,0,0,0,0,0,15,5,0,1,0,0,1,0,0,1,0,0,1,0,0,0,-1,0,0,0,0,-1,1,0,-1,1,0,-1,1
Horse Heaven Hills                                                 ,240.1793,46.1863,240.2033,46.1927,120,100,0,0,0,0,0,0,0,0,15,5,0,1,0,0,1,0,0,1,0,0,1,0,0,0,-1,0,0,0,0,-1,1,0,-1,1,0,-1,1
Horse Heaven Hills                                                 ,240.2033,46.1927,240.2137,46.1968,120,100,0,0,0,0,0,0,0,0,15,5,0,1,0,0,1,0,0,1,0,0,1,0,0,0,-1,0,0,0,0,-1,1,0,-1,1,0,-1,1
Horse Heaven Hills                                                 ,240.2137,46.1968,240.2246,46.198,120,100,0,0,0,0,0,0,0,0,15,5,0,1,0,0,1,0,0,1,0,0,1,0,0,0,-1,0,0,0,0,-1,1,0,-1,1,0,-1,1
Horse Heaven Hills                                                 ,240.2246,46.198,240.2438,46.203,120,100,0,0,0,0,0,0,0,0,15,5,0,1,0,0,1,0,0,1,0,0,1,0,0,0,-1,0,0,0,0,-1,1,0,-1,1,0,-1,1
Horse Heaven Hills                                                 ,240.2438,46.203,240.2929,46.2216,120,100,0,0,0,0,0,0,0,0,15,5,0,1,0,0,1,0,0,1,0,0,1,0,0,0,-1,0,0,0,0,-1,1,0,-1,1,0,-1,1
Horse Heaven Hills                                                 ,240.2929,46.2216,240.3073,46.2231,120,100,0,0,0,0,0,0,0,0,15,5,0,1,0,0,1,0,0,1,0,0,1,0,0,0,-1,0,0,0,0,-1,1,0,-1,1,0,-1,1
Horse Heaven Hills                                                 ,240.3073,46.2231,240.3585,46.2414,120,100,0,0,0,0,0,0,0,0,15,5,0,1,0,0,1,0,0,1,0,0,1,0,0,0,-1,0,0,0,0,-1,1,0,-1,1,0,-1,1
Horse Heaven Hills                                                 ,240.3585,46.2414,240.3998,46.2512,120,100,0,0,0,0,0,0,0,0,15,5,0,1,0,0,1,0,0,1,0,0,1,0,0,0,-1,0,0,0,0,-1,1,0,-1,1,0,-1,1
Horse Heaven Hills                                                 ,240.3998,46.2512,240.4233,46.2539,120,100,0,0,0,0,0,0,0,0,15,5,0,1,0,0,1,0,0,1,0,0,1,0,0,0,-1,0,0,0,0,-1,1,0,-1,1,0,-1,1
Horse Heaven Hills - Wallula                                       ,240.451,46.2676,240.5112,46.2401,60,100,0,0,0,0,0,0,0,0,15,5,0,1,0,0,1,0,0,1,0,0,1,0,0,0,-1,0,0,0,0,-1,1,0,-1,1,0,-1,1
Horse Heaven Hills - Wallula                                       ,240.5112,46.2401,240.5304,46.2371,60,100,0,0,0,0,0,0,0,0,15,5,0,1,0,0,1,0,0,1,0,0,1,0,0,0,-1,0,0,0,0,-1,1,0,-1,1,0,-1,1
Horse Heaven Hills - Wallula                                       ,240.5304,46.2371,240.5627,46.2257,60,100,0,0,0,0,0,0,0,0,15,5,0,1,0,0,1,0,0,1,0,0,1,0,0,0,-1,0,0,0,0,-1,1,0,-1,1,0,-1,1
Horse Heaven Hills - Wallula                                       ,240.5627,46.2257,240.6111,46.2161,60,100,0,0,0,0,0,0,0,0,15,5,0,1,0,0,1,0,0,1,0,0,1,0,0,0,-1,0,0,0,0,-1,1,0,-1,1,0,-1,1
Horse Heaven Hills - Wallula                                       ,240.6111,46.2161,240.6504,46.204,60,100,0,0,0,0,0,0,0,0,15,5,0,1,0,0,1,0,0,1,0,0,1,0,0,0,-1,0,0,0,0,-1,1,0,-1,1,0,-1,1
Horse Heaven Hills - Wallula                                       ,240.6504,46.204,240.6697,46.1955,60,100,0,0,0,0,0,0,0,0,15,5,0,1,0,0,1,0,0,1,0,0,1,0,0,0,-1,0,0,0,0,-1,1,0,-1,1,0,-1,1
Horse Heaven Hills - Wallula                                       ,240.6697,46.1955,240.6951,46.1753,60,100,0,0,0,0,0,0,0,0,15,5,0,1,0,0,1,0,0,1,0,0,1,0,0,0,-1,0,0,0,0,-1,1,0,-1,1,0,-1,1
Horse Heaven Hills - Wallula                                       ,240.6951,46.1753,240.7167,46.1646,60,100,0,0,0,0,0,0,0,0,15,5,0,1,0,0,1,0,0,1,0,0,1,0,0,0,-1,0,0,0,0,-1,1,0,-1,1,0,-1,1
Horse Heaven Hills - Wallula                                       ,240.7167,46.1646,240.756,46.1487,60,100,0,0,0,0,0,0,0,0,15,5,0,1,0,0,1,0,0,1,0,0,1,0,0,0,-1,0,0,0,0,-1,1,0,-1,1,0,-1,1
Horse Heaven Hills - Wallula                                       ,240.756,46.1487,240.7967,46.1272,60,100,0,0,0,0,0,0,0,0,15,5,0,1,0,0,1,0,0,1,0,0,1,0,0,0,-1,0,0,0,0,-1,1,0,-1,1,0,-1,1
Horse Heaven Hills - Wallula                                       ,240.7967,46.1272,240.8132,46.1217,60,100,0,0,0,0,0,0,0,0,15,5,0,1,0,0,1,0,0,1,0,0,1,0,0,0,-1,0,0,0,0,-1,1,0,-1,1,0,-1,1
Horse Heaven Hills - Wallula                                       ,240.8132,46.1217,240.8361,46.1176,60,100,0,0,0,0,0,0,0,0,15,5,0,1,0,0,1,0,0,1,0,0,1,0,0,0,-1,0,0,0,0,-1,1,0,-1,1,0,-1,1
Horse Heaven Hills - Wallula                                       ,240.8361,46.1176,240.85,46.1136,60,100,0,0,0,0,0,0,0,0,15,5,0,1,0,0,1,0,0,1,0,0,1,0,0,0,-1,0,0,0,0,-1,1,0,-1,1,0,-1,1
Horse Heaven Hills - Wallula                                       ,240.85,46.1136,240.8694,46.1123,60,100,0,0,0,0,0,0,0,0,15,5,0,1,0,0,1,0,0,1,0,0,1,0,0,0,-1,0,0,0,0,-1,1,0,-1,1,0,-1,1
Horse Heaven Hills - Wallula                                       ,240.8694,46.1123,240.9247,46.1016,60,100,0,0,0,0,0,0,0,0,15,5,0,1,0,0,1,0,0,1,0,0,1,0,0,0,-1,0,0,0,0,-1,1,0,-1,1,0,-1,1
Horse Heaven Hills - Wallula                                       ,240.9247,46.1016,241.0305,46.0667,60,100,0,0,0,0,0,0,0,0,15,5,0,1,0,0,1,0,0,1,0,0,1,0,0,0,-1,0,0,0,0,-1,1,0,-1,1,0,-1,1
Jess Valley                                                        ,239.7467,41.0459,239.7232,41.1121,130,100,0,0,0,0,0,0,0,0,15,5,0,1,0,0,1,0,0,1,0,0,1,0,0,0,-1,0,0,0,0,-1,1,0,-1,1,0,-1,1
Jess Valley                                                        ,239.7232,41.1121,239.6997,41.1783,130,100,0,0,0,0,0,0,0,0,15,5,0,1,0,0,1,0,0,1,0,0,1,0,0,0,-1,0,0,0,0,-1,1,0,-1,1,0,-1,1
Jess Valley                                                        ,239.6997,41.1783,239.6603,41.2272,130,100,0,0,0,0,0,0,0,0,15,5,0,1,0,0,1,0,0,1,0,0,1,0,0,0,-1,0,0,0,0,-1,1,0,-1,1,0,-1,1
Jess Valley                                                        ,239.6603,41.2272,239.6879,41.2805,50,100,0,0,0,0,0,0,0,0,15,5,0,1,0,0,1,0,0,1,0,0,1,0,0,0,-1,0,0,0,0,-1,1,0,-1,1,0,-1,1
Jess Valley                                                        ,239.6879,41.2805,239.6675,41.3053,130,100,0,0,0,0,0,0,0,0,15,5,0,1,0,0,1,0,0,1,0,0,1,0,0,0,-1,0,0,0,0,-1,1,0,-1,1,0,-1,1
Jess Valley                                                        ,239.6675,41.3053,239.685,41.3583,50,100,0,0,0,0,0,0,0,0,15,5,0,1,0,0,1,0,0,1,0,0,1,0,0,0,-1,0,0,0,0,-1,1,0,-1,1,0,-1,1
Juniper Mountain                                                   ,242.3227,44.2397,242.3084,44.2375,90,100,0,0,0,0,0,0,0,0,15,5,0,1,0,0,1,0,0,1,0,0,1,0,0,0,-1,0,0,0,0,-1,1,0,-1,1,0,-1,1
Juniper Mountain                                                   ,242.3084,44.2375,242.2776,44.2362,90,100,0,0,0,0,0,0,0,0,15,5,0,1,0,0,1,0,0,1,0,0,1,0,0,0,-1,0,0,0,0,-1,1,0,-1,1,0,-1,1
Juniper Mountain                                                   ,242.2776,44.2362,242.2597,44.2345,90,100,0,0,0,0,0,0,0,0,15,5,0,1,0,0,1,0,0,1,0,0,1,0,0,0,-1,0,0,0,0,-1,1,0,-1,1,0,-1,1
Juniper Mountain                                                   ,242.2597,44.2345,242.2346,44.2319,90,100,0,0,0,0,0,0,0,0,15,5,0,1,0,0,1,0,0,1,0,0,1,0,0,0,-1,0,0,0,0,-1,1,0,-1,1,0,-1,1
Juniper Mountain                                                   ,242.2346,44.2319,242.2156,44.2332,90,100,0,0,0,0,0,0,0,0,15,5,0,1,0,0,1,0,0,1,0,0,1,0,0,0,-1,0,0,0,0,-1,1,0,-1,1,0,-1,1
Juniper Mountain                                                   ,242.2156,44.2332,242.195,44.237,90,100,0,0,0,0,0,0,0,0,15,5,0,1,0,0,1,0,0,1,0,0,1,0,0,0,-1,0,0,0,0,-1,1,0,-1,1,0,-1,1
Juniper Mountain                                                   ,242.195,44.237,242.1872,44.2405,90,100,0,0,0,0,0,0,0,0,15,5,0,1,0,0,1,0,0,1,0,0,1,0,0,0,-1,0,0,0,0,-1,1,0,-1,1,0,-1,1
Juniper Mountain                                                   ,242.1872,44.2405,242.1772,44.2422,90,100,0,0,0,0,0,0,0,0,15,5,0,1,0,0,1,0,0,1,0,0,1,0,0,0,-1,0,0,0,0,-1,1,0,-1,1,0,-1,1
Juniper Mountain                                                   ,242.1772,44.2422,242.1545,44.2423,90,100,0,0,0,0,0,0,0,0,15,5,0,1,0,0,1,0,0,1,0,0,1,0,0,0,-1,0,0,0,0,-1,1,0,-1,1,0,-1,1
Juniper Mountain                                                   ,242.1545,44.2423,242.135,44.2493,90,100,0,0,0,0,0,0,0,0,15,5,0,1,0,0,1,0,0,1,0,0,1,0,0,0,-1,0,0,0,0,-1,1,0,-1,1,0,-1,1
Juniper Mountain                                                   ,242.135,44.2493,242.1235,44.2568,90,100,0,0,0,0,0,0,0,0,15,5,0,1,0,0,1,0,0,1,0,0,1,0,0,0,-1,0,0,0,0,-1,1,0,-1,1,0,-1,1
"Klamath Graben (west, center)                                      ",237.8296,42.7772,237.8179,42.8888,130,100,0,0,0,0,0,0,0,0,15,5,0,1,0,0,1,0,0,1,0,0,1,0,0,0,-1,0,0,0,0,-1,1,0,-1,1,0,-1,1
"Klamath Graben (west, center)                                      ",237.8179,42.8888,237.8062,43.0004,130,100,0,0,0,0,0,0,0,0,15,5,0,1,0,0,1,0,0,1,0,0,1,0,0,0,-1,0,0,0,0,-1,1,0,-1,1,0,-1,1
Manastash Ridge                                                    ,239.1167,46.9927,239.1364,46.9901,24,100,0,0,0,0,0,0,0,0,15,5,0,1,0,0,1,0,0,1,0,0,1,0,0,0,-1,0,0,0,0,-1,1,0,-1,1,0,-1,1
Manastash Ridge                                                    ,239.1364,46.9901,239.1456,46.9873,24,100,0,0,0,0,0,0,0,0,15,5,0,1,0,0,1,0,0,1,0,0,1,0,0,0,-1,0,0,0,0,-1,1,0,-1,1,0,-1,1
Manastash Ridge                                                    ,239.1456,46.9873,239.1603,46.9805,24,100,0,0,0,0,0,0,0,0,15,5,0,1,0,0,1,0,0,1,0,0,1,0,0,0,-1,0,0,0,0,-1,1,0,-1,1,0,-1,1
Manastash Ridge                                                    ,239.1603,46.9805,239.1839,46.9633,24,100,0,0,0,0,0,0,0,0,15,5,0,1,0,0,1,0,0,1,0,0,1,0,0,0,-1,0,0,0,0,-1,1,0,-1,1,0,-1,1
Manastash Ridge                                                    ,239.1839,46.9633,239.197,46.9567,24,100,0,0,0,0,0,0,0,0,15,5,0,1,0,0,1,0,0,1,0,0,1,0,0,0,-1,0,0,0,0,-1,1,0,-1,1,0,-1,1
Manastash Ridge                                                    ,239.197,46.9567,239.205,46.9545,24,100,0,0,0,0,0,0,0,0,15,5,0,1,0,0,1,0,0,1,0,0,1,0,0,0,-1,0,0,0,0,-1,1,0,-1,1,0,-1,1
Manastash Ridge                                                    ,239.205,46.9545,239.2489,46.9544,24,100,0,0,0,0,0,0,0,0,15,5,0,1,0,0,1,0,0,1,0,0,1,0,0,0,-1,0,0,0,0,-1,1,0,-1,1,0,-1,1
Manastash Ridge                                                    ,239.2489,46.9544,239.2558,46.9578,24,100,0,0,0,0,0,0,0,0,15,5,0,1,0,0,1,0,0,1,0,0,1,0,0,0,-1,0,0,0,0,-1,1,0,-1,1,0,-1,1
Manastash Ridge                                                    ,239.2558,46.9578,239.3036,46.9599,24,100,0,0,0,0,0,0,0,0,15,5,0,1,0,0,1,0,0,1,0,0,1,0,0,0,-1,0,0,0,0,-1,1,0,-1,1,0,-1,1
Manastash Ridge                                                    ,239.3036,46.9599,239.3267,46.9642,24,100,0,0,0,0,0,0,0,0,15,5,0,1,0,0,1,0,0,1,0,0,1,0,0,0,-1,0,0,0,0,-1,1,0,-1,1,0,-1,1
Manastash Ridge                                                    ,239.3267,46.9642,239.3338,46.961,24,100,0,0,0,0,0,0,0,0,15,5,0,1,0,0,1,0,0,1,0,0,1,0,0,0,-1,0,0,0,0,-1,1,0,-1,1,0,-1,1
Manastash Ridge                                                    ,239.3338,46.961,239.3597,46.9593,24,100,0,0,0,0,0,0,0,0,15,5,0,1,0,0,1,0,0,1,0,0,1,0,0,0,-1,0,0,0,0,-1,1,0,-1,1,0,-1,1
Manastash Ridge                                                    ,239.3597,46.9593,239.3681,46.962,24,100,0,0,0,0,0,0,0,0,15,5,0,1,0,0,1,0,0,1,0,0,1,0,0,0,-1,0,0,0,0,-1,1,0,-1,1,0,-1,1
Manastash Ridge                                                    ,239.3681,46.962,239.3882,46.9622,24,100,0,0,0,0,0,0,0,0,15,5,0,1,0,0,1,0,0,1,0,0,1,0,0,0,-1,0,0,0,0,-1,1,0,-1,1,0,-1,1
Manastash Ridge                                                    ,239.3882,46.9622,239.4057,46.9576,24,100,0,0,0,0,0,0,0,0,15,5,0,1,0,0,1,0,0,1,0,0,1,0,0,0,-1,0,0,0,0,-1,1,0,-1,1,0,-1,1
Manastash Ridge                                                    ,239.4057,46.9576,239.4594,46.9317,24,100,0,0,0,0,0,0,0,0,15,5,0,1,0,0,1,0,0,1,0,0,1,0,0,0,-1,0,0,0,0,-1,1,0,-1,1,0,-1,1
Manastash Ridge                                                    ,239.4594,46.9317,239.5236,46.9247,24,100,0,0,0,0,0,0,0,0,15,5,0,1,0,0,1,0,0,1,0,0,1,0,0,0,-1,0,0,0,0,-1,1,0,-1,1,0,-1,1
Metolius                                                           ,238.4096,44.6253,238.3989,44.5999,130,100,0,0,0,0,0,0,0,0,15,5,0,1,0,0,1,0,0,1,0,0,1,0,0,0,-1,0,0,0,0,-1,1,0,-1,1,0,-1,1
Metolius                                                           ,238.3989,44.5999,238.3799,44.5313,130,100,0,0,0,0,0,0,0,0,15,5,0,1,0,0,1,0,0,1,0,0,1,0,0,0,-1,0,0,0,0,-1,1,0,-1,1,0,-1,1
Metolius                                                           ,238.3799,44.5313,238.3846,44.4787,50,100,0,0,0,0,0,0,0,0,15,5,0,1,0,0,1,0,0,1,0,0,1,0,0,0,-1,0,0,0,0,-1,1,0,-1,1,0,-1,1
Metolius                                                           ,238.3846,44.4787,238.4316,44.3863,50,100,0,0,0,0,0,0,0,0,15,5,0,1,0,0,1,0,0,1,0,0,1,0,0,0,-1,0,0,0,0,-1,1,0,-1,1,0,-1,1
Metolius                                                           ,238.4316,44.3863,238.4783,44.2938,50,100,0,0,0,0,0,0,0,0,15,5,0,1,0,0,1,0,0,1,0,0,1,0,0,0,-1,0,0,0,0,-1,1,0,-1,1,0,-1,1
Metolius                                                           ,238.4783,44.2938,238.5024,44.2578,50,100,0,0,0,0,0,0,0,0,15,5,0,1,0,0,1,0,0,1,0,0,1,0,0,0,-1,0,0,0,0,-1,1,0,-1,1,0,-1,1
Metolius                                                           ,238.5024,44.2578,238.5418,44.2135,50,100,0,0,0,0,0,0,0,0,15,5,0,1,0,0,1,0,0,1,0,0,1,0,0,0,-1,0,0,0,0,-1,1,0,-1,1,0,-1,1
Metolius                                                           ,238.5418,44.2135,238.5451,44.2009,50,100,0,0,0,0,0,0,0,0,15,5,0,1,0,0,1,0,0,1,0,0,1,0,0,0,-1,0,0,0,0,-1,1,0,-1,1,0,-1,1
Metolius                                                           ,238.5451,44.2009,238.5786,44.1553,50,100,0,0,0,0,0,0,0,0,15,5,0,1,0,0,1,0,0,1,0,0,1,0,0,0,-1,0,0,0,0,-1,1,0,-1,1,0,-1,1
Metolius                                                           ,238.5786,44.1553,238.6212,44.0821,50,100,0,0,0,0,0,0,0,0,15,5,0,1,0,0,1,0,0,1,0,0,1,0,0,0,-1,0,0,0,0,-1,1,0,-1,1,0,-1,1
Metolius                                                           ,238.6212,44.0821,238.6616,44.0386,50,100,0,0,0,0,0,0,0,0,15,5,0,1,0,0,1,0,0,1,0,0,1,0,0,0,-1,0,0,0,0,-1,1,0,-1,1,0,-1,1
Mount Angel                                                        ,237.3294,44.9999,237.2488,45.0398,120,100,0,0,0,0,0,0,0,0,15,5,0,1,0,0,1,0,0,1,0,0,1,0,0,0,-1,0,0,0,0,-1,1,0,-1,1,0,-1,1
Mount Angel                                                        ,237.2488,45.0398,237.1927,45.0663,120,100,0,0,0,0,0,0,0,0,15,5,0,1,0,0,1,0,0,1,0,0,1,0,0,0,-1,0,0,0,0,-1,1,0,-1,1,0,-1,1
Mount Angel                                                        ,237.1927,45.0663,237.1718,45.0867,120,100,0,0,0,0,0,0,0,0,15,5,0,1,0,0,1,0,0,1,0,0,1,0,0,0,-1,0,0,0,0,-1,1,0,-1,1,0,-1,1
Mount Angel                                                        ,237.1718,45.0867,237.1584,45.1081,120,100,0,0,0,0,0,0,0,0,15,5,0,1,0,0,1,0,0,1,0,0,1,0,0,0,-1,0,0,0,0,-1,1,0,-1,1,0,-1,1
Mount Angel                                                        ,237.1584,45.1081,237.1446,45.1248,120,100,0,0,0,0,0,0,0,0,15,5,0,1,0,0,1,0,0,1,0,0,1,0,0,0,-1,0,0,0,0,-1,1,0,-1,1,0,-1,1
Olympia                                                            ,236.6647,47.3418,236.7175,47.3189,60,100,0,0,0,0,0,0,0,0,15,5,0,1,0,0,1,0,0,1,0,0,1,0,0,0,-1,0,0,0,0,-1,1,0,-1,1,0,-1,1
Olympia                                                            ,236.7175,47.3189,236.7393,47.3045,60,100,0,0,0,0,0,0,0,0,15,5,0,1,0,0,1,0,0,1,0,0,1,0,0,0,-1,0,0,0,0,-1,1,0,-1,1,0,-1,1
Olympia                                                            ,236.7393,47.3045,236.7652,47.2833,60,100,0,0,0,0,0,0,0,0,15,5,0,1,0,0,1,0,0,1,0,0,1,0,0,0,-1,0,0,0,0,-1,1,0,-1,1,0,-1,1
Olympia                                                            ,236.7652,47.2833,236.8002,47.2519,60,100,0,0,0,0,0,0,0,0,15,5,0,1,0,0,1,0,0,1,0,0,1,0,0,0,-1,0,0,0,0,-1,1,0,-1,1,0,-1,1
Olympia                                                            ,236.8002,47.2519,236.8297,47.2219,60,100,0,0,0,0,0,0,0,0,15,5,0,1,0,0,1,0,0,1,0,0,1,0,0,0,-1,0,0,0,0,-1,1,0,-1,1,0,-1,1
Olympia                                                            ,236.8297,47.2219,236.8696,47.1906,60,100,0,0,0,0,0,0,0,0,15,5,0,1,0,0,1,0,0,1,0,0,1,0,0,0,-1,0,0,0,0,-1,1,0,-1,1,0,-1,1
Olympia                                                            ,236.8696,47.1906,236.9398,47.1536,60,100,0,0,0,0,0,0,0,0,15,5,0,1,0,0,1,0,0,1,0,0,1,0,0,0,-1,0,0,0,0,-1,1,0,-1,1,0,-1,1
Olympia                                                            ,236.9398,47.1536,237.0121,47.1064,60,100,0,0,0,0,0,0,0,0,15,5,0,1,0,0,1,0,0,1,0,0,1,0,0,0,-1,0,0,0,0,-1,1,0,-1,1,0,-1,1
Olympia                                                            ,237.0121,47.1064,237.0338,47.0904,60,100,0,0,0,0,0,0,0,0,15,5,0,1,0,0,1,0,0,1,0,0,1,0,0,0,-1,0,0,0,0,-1,1,0,-1,1,0,-1,1
Olympia                                                            ,237.0338,47.0904,237.0596,47.0752,60,100,0,0,0,0,0,0,0,0,15,5,0,1,0,0,1,0,0,1,0,0,1,0,0,0,-1,0,0,0,0,-1,1,0,-1,1,0,-1,1
Olympia                                                            ,237.0596,47.0752,237.0879,47.0558,60,100,0,0,0,0,0,0,0,0,15,5,0,1,0,0,1,0,0,1,0,0,1,0,0,0,-1,0,0,0,0,-1,1,0,-1,1,0,-1,1
Olympia                                                            ,237.0879,47.0558,237.1394,47.0227,60,100,0,0,0,0,0,0,0,0,15,5,0,1,0,0,1,0,0,1,0,0,1,0,0,0,-1,0,0,0,0,-1,1,0,-1,1,0,-1,1
Olympia                                                            ,237.1394,47.0227,237.1541,47.0184,60,100,0,0,0,0,0,0,0,0,15,5,0,1,0,0,1,0,0,1,0,0,1,0,0,0,-1,0,0,0,0,-1,1,0,-1,1,0,-1,1
Olympia                                                            ,237.1541,47.0184,237.2041,46.9847,60,100,0,0,0,0,0,0,0,0,15,5,0,1,0,0,1,0,0,1,0,0,1,0,0,0,-1,0,0,0,0,-1,1,0,-1,1,0,-1,1
Olympia                                                            ,237.2041,46.9847,237.2572,46.9439,60,100,0,0,0,0,0,0,0,0,15,5,0,1,0,0,1,0,0,1,0,0,1,0,0,0,-1,0,0,0,0,-1,1,0,-1,1,0,-1,1
Olympia                                                            ,237.2572,46.9439,237.2883,46.9224,60,100,0,0,0,0,0,0,0,0,15,5,0,1,0,0,1,0,0,1,0,0,1,0,0,0,-1,0,0,0,0,-1,1,0,-1,1,0,-1,1
Olympia                                                            ,237.2883,46.9224,237.3372,46.8973,60,100,0,0,0,0,0,0,0,0,15,5,0,1,0,0,1,0,0,1,0,0,1,0,0,0,-1,0,0,0,0,-1,1,0,-1,1,0,-1,1
Olympia                                                            ,237.3372,46.8973,237.3984,46.8642,60,100,0,0,0,0,0,0,0,0,15,5,0,1,0,0,1,0,0,1,0,0,1,0,0,0,-1,0,0,0,0,-1,1,0,-1,1,0,-1,1
Olympia                                                            ,237.3984,46.8642,237.4378,46.8427,60,100,0,0,0,0,0,0,0,0,15,5,0,1,0,0,1,0,0,1,0,0,1,0,0,0,-1,0,0,0,0,-1,1,0,-1,1,0,-1,1
Olympia                                                            ,237.4378,46.8427,237.4616,46.8283,60,100,0,0,0,0,0,0,0,0,15,5,0,1,0,0,1,0,0,1,0,0,1,0,0,0,-1,0,0,0,0,-1,1,0,-1,1,0,-1,1
Olympia                                                            ,237.4616,46.8283,237.4717,46.8141,60,100,0,0,0,0,0,0,0,0,15,5,0,1,0,0,1,0,0,1,0,0,1,0,0,0,-1,0,0,0,0,-1,1,0,-1,1,0,-1,1
Pondosa (proxy)                                                    ,238.4967,40.9968,238.4531,41.0644,130,100,0,0,0,0,0,0,0,0,15,5,0,1,0,0,1,0,0,1,0,0,1,0,0,0,-1,0,0,0,0,-1,1,0,-1,1,0,-1,1
Pondosa (proxy)                                                    ,238.4531,41.0644,238.4094,41.1319,130,100,0,0,0,0,0,0,0,0,15,5,0,1,0,0,1,0,0,1,0,0,1,0,0,0,-1,0,0,0,0,-1,1,0,-1,1,0,-1,1
Pondosa (proxy)                                                    ,238.4094,41.1319,238.3378,41.2245,130,100,0,0,0,0,0,0,0,0,15,5,0,1,0,0,1,0,0,1,0,0,1,0,0,0,-1,0,0,0,0,-1,1,0,-1,1,0,-1,1
Pondosa (proxy)                                                    ,238.3378,41.2245,238.2661,41.3171,130,100,0,0,0,0,0,0,0,0,15,5,0,1,0,0,1,0,0,1,0,0,1,0,0,0,-1,0,0,0,0,-1,1,0,-1,1,0,-1,1
Pondosa (proxy)                                                    ,238.2661,41.3171,238.1901,41.4094,130,100,0,0,0,0,0,0,0,0,15,5,0,1,0,0,1,0,0,1,0,0,1,0,0,0,-1,0,0,0,0,-1,1,0,-1,1,0,-1,1
Pondosa (proxy)                                                    ,238.1901,41.4094,238.1139,41.5017,130,100,0,0,0,0,0,0,0,0,15,5,0,1,0,0,1,0,0,1,0,0,1,0,0,0,-1,0,0,0,0,-1,1,0,-1,1,0,-1,1
Red Bluff                                                          ,237.9649,40.2871,237.8427,40.2217,60,100,0,0,0,0,0,0,0,0,15,5,0,1,0,0,1,0,0,1,0,0,1,0,0,0,-1,0,0,0,0,-1,1,0,-1,1,0,-1,1
Red Bluff                                                          ,237.8427,40.2217,237.8104,40.1996,60,100,0,0,0,0,0,0,0,0,15,5,0,1,0,0,1,0,0,1,0,0,1,0,0,0,-1,0,0,0,0,-1,1,0,-1,1,0,-1,1
Red Bluff                                                          ,237.8104,40.1996,237.7665,40.1825,60,100,0,0,0,0,0,0,0,0,15,5,0,1,0,0,1,0,0,1,0,0,1,0,0,0,-1,0,0,0,0,-1,1,0,-1,1,0,-1,1
Red Bluff                                                          ,237.7665,40.1825,237.719,40.1709,60,100,0,0,0,0,0,0,0,0,15,5,0,1,0,0,1,0,0,1,0,0,1,0,0,0,-1,0,0,0,0,-1,1,0,-1,1,0,-1,1
Red Bluff                                                          ,237.719,40.1709,237.6378,40.1088,60,100,0,0,0,0,0,0,0,0,15,5,0,1,0,0,1,0,0,1,0,0,1,0,0,0,-1,0,0,0,0,-1,1,0,-1,1,0,-1,1
Red Bluff                                                          ,237.6378,40.1088,237.6011,40.0892,60,100,0,0,0,0,0,0,0,0,15,5,0,1,0,0,1,0,0,1,0,0,1,0,0,0,-1,0,0,0,0,-1,1,0,-1,1,0,-1,1
SWIF (N)a                                                          ,238.2114,47.3802,238.1212,47.5583,90,100,0,0,0,0,0,0,0,0,15,5,0,1,0,0,1,0,0,1,0,0,1,0,0,0,-1,0,0,0,0,-1,1,0,-1,1,0,-1,1
SWIF (N)b                                                          ,238.1212,47.5583,238.0727,47.6518,90,100,0,0,0,0,0,0,0,0,15,5,0,1,0,0,1,0,0,1,0,0,1,0,0,0,-1,0,0,0,0,-1,1,0,-1,1,0,-1,1
SWIF ext                                                           ,237.0392,48.2868,236.9249,48.4278,90,100,0,0,0,0,0,0,0,0,15,5,0,1,0,0,1,0,0,1,0,0,1,0,0,0,-1,0,0,0,0,-1,1,0,-1,1,0,-1,1
Saddle Hill (Langley Hill)                                         ,235.9358,47.1238,235.9228,47.1215,60,100,0,0,0,0,0,0,0,0,15,5,0,1,0,0,1,0,0,1,0,0,1,0,0,0,-1,0,0,0,0,-1,1,0,-1,1,0,-1,1
Saddle Hill (Langley Hill)                                         ,235.9228,47.1215,235.9049,47.1176,60,100,0,0,0,0,0,0,0,0,15,5,0,1,0,0,1,0,0,1,0,0,1,0,0,0,-1,0,0,0,0,-1,1,0,-1,1,0,-1,1
Saddle Hill (Langley Hill)                                         ,235.9049,47.1176,235.8906,47.1135,60,100,0,0,0,0,0,0,0,0,15,5,0,1,0,0,1,0,0,1,0,0,1,0,0,0,-1,0,0,0,0,-1,1,0,-1,1,0,-1,1
Saddle Hill (Langley Hill)                                         ,235.8906,47.1135,235.8636,47.1066,60,100,0,0,0,0,0,0,0,0,15,5,0,1,0,0,1,0,0,1,0,0,1,0,0,0,-1,0,0,0,0,-1,1,0,-1,1,0,-1,1
Saddle Hill (Langley Hill)                                         ,235.8636,47.1066,235.834,47.0981,60,100,0,0,0,0,0,0,0,0,15,5,0,1,0,0,1,0,0,1,0,0,1,0,0,0,-1,0,0,0,0,-1,1,0,-1,1,0,-1,1
Saddle Mountains                                                   ,239.7138,46.8989,239.7998,46.8853,37,100,0,0,0,0,0,0,0,0,15,5,0,1,0,0,1,0,0,1,0,0,1,0,0,0,-1,0,0,0,0,-1,1,0,-1,1,0,-1,1
Saddle Mountains                                                   ,239.7998,46.8853,239.8201,46.8712,37,100,0,0,0,0,0,0,0,0,15,5,0,1,0,0,1,0,0,1,0,0,1,0,0,0,-1,0,0,0,0,-1,1,0,-1,1,0,-1,1
Saddle Mountains                                                   ,239.8201,46.8712,239.8903,46.8541,37,100,0,0,0,0,0,0,0,0,15,5,0,1,0,0,1,0,0,1,0,0,1,0,0,0,-1,0,0,0,0,-1,1,0,-1,1,0,-1,1
Saddle Mountains                                                   ,239.8903,46.8541,239.9246,46.8484,37,100,0,0,0,0,0,0,0,0,15,5,0,1,0,0,1,0,0,1,0,0,1,0,0,0,-1,0,0,0,0,-1,1,0,-1,1,0,-1,1
Saddle Mountains                                                   ,239.9246,46.8484,239.9637,46.8507,37,100,0,0,0,0,0,0,0,0,15,5,0,1,0,0,1,0,0,1,0,0,1,0,0,0,-1,0,0,0,0,-1,1,0,-1,1,0,-1,1
Saddle Mountains                                                   ,239.9637,46.8507,240.0048,46.8484,37,100,0,0,0,0,0,0,0,0,15,5,0,1,0,0,1,0,0,1,0,0,1,0,0,0,-1,0,0,0,0,-1,1,0,-1,1,0,-1,1
Saddle Mountains                                                   ,240.0048,46.8484,240.0443,46.8261,37,100,0,0,0,0,0,0,0,0,15,5,0,1,0,0,1,0,0,1,0,0,1,0,0,0,-1,0,0,0,0,-1,1,0,-1,1,0,-1,1
Saddle Mountains                                                   ,240.0443,46.8261,240.0804,46.8143,37,100,0,0,0,0,0,0,0,0,15,5,0,1,0,0,1,0,0,1,0,0,1,0,0,0,-1,0,0,0,0,-1,1,0,-1,1,0,-1,1
Saddle Mountains                                                   ,240.0804,46.8143,240.1112,46.8202,37,100,0,0,0,0,0,0,0,0,15,5,0,1,0,0,1,0,0,1,0,0,1,0,0,0,-1,0,0,0,0,-1,1,0,-1,1,0,-1,1
Saddle Mountains                                                   ,240.1112,46.8202,240.26,46.8229,37,100,0,0,0,0,0,0,0,0,15,5,0,1,0,0,1,0,0,1,0,0,1,0,0,0,-1,0,0,0,0,-1,1,0,-1,1,0,-1,1
Saddle Mountains                                                   ,240.26,46.8229,240.4161,46.8182,37,100,0,0,0,0,0,0,0,0,15,5,0,1,0,0,1,0,0,1,0,0,1,0,0,0,-1,0,0,0,0,-1,1,0,-1,1,0,-1,1
Saddle Mountains                                                   ,240.4161,46.8182,240.4352,46.822,37,100,0,0,0,0,0,0,0,0,15,5,0,1,0,0,1,0,0,1,0,0,1,0,0,0,-1,0,0,0,0,-1,1,0,-1,1,0,-1,1
Saddle Mountains                                                   ,240.4352,46.822,240.4746,46.815,37,100,0,0,0,0,0,0,0,0,15,5,0,1,0,0,1,0,0,1,0,0,1,0,0,0,-1,0,0,0,0,-1,1,0,-1,1,0,-1,1
Saddle Mountains                                                   ,240.4746,46.815,240.5002,46.8179,37,100,0,0,0,0,0,0,0,0,15,5,0,1,0,0,1,0,0,1,0,0,1,0,0,0,-1,0,0,0,0,-1,1,0,-1,1,0,-1,1
Saddle Mountains                                                   ,240.5002,46.8179,240.5192,46.811,37,100,0,0,0,0,0,0,0,0,15,5,0,1,0,0,1,0,0,1,0,0,1,0,0,0,-1,0,0,0,0,-1,1,0,-1,1,0,-1,1
Saddle Mountains                                                   ,240.5192,46.811,240.6013,46.8,37,100,0,0,0,0,0,0,0,0,15,5,0,1,0,0,1,0,0,1,0,0,1,0,0,0,-1,0,0,0,0,-1,1,0,-1,1,0,-1,1
Saddle Mountains                                                   ,240.6013,46.8,240.6997,46.7771,37,100,0,0,0,0,0,0,0,0,15,5,0,1,0,0,1,0,0,1,0,0,1,0,0,0,-1,0,0,0,0,-1,1,0,-1,1,0,-1,1
Saddle Mountains                                                   ,240.6997,46.7771,240.7704,46.7576,37,100,0,0,0,0,0,0,0,0,15,5,0,1,0,0,1,0,0,1,0,0,1,0,0,0,-1,0,0,0,0,-1,1,0,-1,1,0,-1,1
Saddle Mountains                                                   ,240.7704,46.7576,240.8387,46.7186,37,100,0,0,0,0,0,0,0,0,15,5,0,1,0,0,1,0,0,1,0,0,1,0,0,0,-1,0,0,0,0,-1,1,0,-1,1,0,-1,1
Santa Rosa Range (center)                                          ,242.2508,42.2408,242.2473,42.2225,130,100,0,0,0,0,0,0,0,0,15,5,0,1,0,0,1,0,0,1,0,0,1,0,0,0,-1,0,0,0,0,-1,1,0,-1,1,0,-1,1
Santa Rosa Range (north)                                           ,242.6613,42.6164,242.6495,42.6071,130,100,0,0,0,0,0,0,0,0,15,5,0,1,0,0,1,0,0,1,0,0,1,0,0,0,-1,0,0,0,0,-1,1,0,-1,1,0,-1,1
Santa Rosa Range (north)                                           ,242.6495,42.6071,242.5929,42.5903,130,100,0,0,0,0,0,0,0,0,15,5,0,1,0,0,1,0,0,1,0,0,1,0,0,0,-1,0,0,0,0,-1,1,0,-1,1,0,-1,1
Santa Rosa Range (north)                                           ,242.5929,42.5903,242.5619,42.5742,130,100,0,0,0,0,0,0,0,0,15,5,0,1,0,0,1,0,0,1,0,0,1,0,0,0,-1,0,0,0,0,-1,1,0,-1,1,0,-1,1
Santa Rosa Range (north)                                           ,242.5619,42.5742,242.5161,42.5613,130,100,0,0,0,0,0,0,0,0,15,5,0,1,0,0,1,0,0,1,0,0,1,0,0,0,-1,0,0,0,0,-1,1,0,-1,1,0,-1,1
Santa Rosa Range (north)                                           ,242.5161,42.5613,242.4929,42.5513,130,100,0,0,0,0,0,0,0,0,15,5,0,1,0,0,1,0,0,1,0,0,1,0,0,0,-1,0,0,0,0,-1,1,0,-1,1,0,-1,1
Santa Rosa Range (north)                                           ,242.4929,42.5513,242.4768,42.5429,130,100,0,0,0,0,0,0,0,0,15,5,0,1,0,0,1,0,0,1,0,0,1,0,0,0,-1,0,0,0,0,-1,1,0,-1,1,0,-1,1
Santa Rosa Range (north)                                           ,242.4768,42.5429,242.4603,42.5323,130,100,0,0,0,0,0,0,0,0,15,5,0,1,0,0,1,0,0,1,0,0,1,0,0,0,-1,0,0,0,0,-1,1,0,-1,1,0,-1,1
Santa Rosa Range (north)                                           ,242.4603,42.5323,242.4336,42.5049,130,100,0,0,0,0,0,0,0,0,15,5,0,1,0,0,1,0,0,1,0,0,1,0,0,0,-1,0,0,0,0,-1,1,0,-1,1,0,-1,1
Santa Rosa Range (north)                                           ,242.4336,42.5049,242.4079,42.4965,130,100,0,0,0,0,0,0,0,0,15,5,0,1,0,0,1,0,0,1,0,0,1,0,0,0,-1,0,0,0,0,-1,1,0,-1,1,0,-1,1
Santa Rosa Range (north)                                           ,242.4079,42.4965,242.3835,42.481,130,100,0,0,0,0,0,0,0,0,15,5,0,1,0,0,1,0,0,1,0,0,1,0,0,0,-1,0,0,0,0,-1,1,0,-1,1,0,-1,1
Santa Rosa Range (north)                                           ,242.3835,42.481,242.3628,42.4563,130,100,0,0,0,0,0,0,0,0,15,5,0,1,0,0,1,0,0,1,0,0,1,0,0,0,-1,0,0,0,0,-1,1,0,-1,1,0,-1,1
Santa Rosa Range (north)                                           ,242.3628,42.4563,242.3529,42.4513,130,100,0,0,0,0,0,0,0,0,15,5,0,1,0,0,1,0,0,1,0,0,1,0,0,0,-1,0,0,0,0,-1,1,0,-1,1,0,-1,1
Santa Rosa Range (north)                                           ,242.3529,42.4513,242.3315,42.421,130,100,0,0,0,0,0,0,0,0,15,5,0,1,0,0,1,0,0,1,0,0,1,0,0,0,-1,0,0,0,0,-1,1,0,-1,1,0,-1,1
Santa Rosa Range (north)                                           ,242.3315,42.421,242.3004,42.3906,130,100,0,0,0,0,0,0,0,0,15,5,0,1,0,0,1,0,0,1,0,0,1,0,0,0,-1,0,0,0,0,-1,1,0,-1,1,0,-1,1
Santa Rosa Range (south)                                           ,242.2401,42.1333,242.2447,42.1115,50,100,0,0,0,0,0,0,0,0,15,5,0,1,0,0,1,0,0,1,0,0,1,0,0,0,-1,0,0,0,0,-1,1,0,-1,1,0,-1,1
Santa Rosa Range (south)                                           ,242.2447,42.1115,242.2381,42.0949,130,100,0,0,0,0,0,0,0,0,15,5,0,1,0,0,1,0,0,1,0,0,1,0,0,0,-1,0,0,0,0,-1,1,0,-1,1,0,-1,1
Santa Rosa Range (south)                                           ,242.2381,42.0949,242.2421,42.0797,50,100,0,0,0,0,0,0,0,0,15,5,0,1,0,0,1,0,0,1,0,0,1,0,0,0,-1,0,0,0,0,-1,1,0,-1,1,0,-1,1
Santa Rosa Range (south)                                           ,242.2421,42.0797,242.2453,42.0753,50,100,0,0,0,0,0,0,0,0,15,5,0,1,0,0,1,0,0,1,0,0,1,0,0,0,-1,0,0,0,0,-1,1,0,-1,1,0,-1,1
Santa Rosa Range (south)                                           ,242.2453,42.0753,242.249,42.0706,50,100,0,0,0,0,0,0,0,0,15,5,0,1,0,0,1,0,0,1,0,0,1,0,0,0,-1,0,0,0,0,-1,1,0,-1,1,0,-1,1
Santa Rosa Range (south)                                           ,242.249,42.0706,242.252,42.0569,50,100,0,0,0,0,0,0,0,0,15,5,0,1,0,0,1,0,0,1,0,0,1,0,0,0,-1,0,0,0,0,-1,1,0,-1,1,0,-1,1
Santa Rosa Range (south)                                           ,242.252,42.0569,242.2506,42.0523,130,100,0,0,0,0,0,0,0,0,15,5,0,1,0,0,1,0,0,1,0,0,1,0,0,0,-1,0,0,0,0,-1,1,0,-1,1,0,-1,1
Santa Rosa Range (south)                                           ,242.2506,42.0523,242.2484,42.047,130,100,0,0,0,0,0,0,0,0,15,5,0,1,0,0,1,0,0,1,0,0,1,0,0,0,-1,0,0,0,0,-1,1,0,-1,1,0,-1,1
Santa Rosa Range (south)                                           ,242.2484,42.047,242.2548,42.0379,50,100,0,0,0,0,0,0,0,0,15,5,0,1,0,0,1,0,0,1,0,0,1,0,0,0,-1,0,0,0,0,-1,1,0,-1,1,0,-1,1
Santa Rosa Range (south)                                           ,242.2548,42.0379,242.2577,42.0361,50,100,0,0,0,0,0,0,0,0,15,5,0,1,0,0,1,0,0,1,0,0,1,0,0,0,-1,0,0,0,0,-1,1,0,-1,1,0,-1,1
Santa Rosa Range (south)                                           ,242.2577,42.0361,242.2664,42.0351,50,100,0,0,0,0,0,0,0,0,15,5,0,1,0,0,1,0,0,1,0,0,1,0,0,0,-1,0,0,0,0,-1,1,0,-1,1,0,-1,1
Santa Rosa Range (south)                                           ,242.2664,42.0351,242.2809,42.0224,50,100,0,0,0,0,0,0,0,0,15,5,0,1,0,0,1,0,0,1,0,0,1,0,0,0,-1,0,0,0,0,-1,1,0,-1,1,0,-1,1
Santa Rosa Range (south)                                           ,242.2809,42.0224,242.2985,41.9979,50,100,0,0,0,0,0,0,0,0,15,5,0,1,0,0,1,0,0,1,0,0,1,0,0,0,-1,0,0,0,0,-1,1,0,-1,1,0,-1,1
Santa Rosa Range (south)                                           ,242.2985,41.9979,242.3011,41.9852,50,100,0,0,0,0,0,0,0,0,15,5,0,1,0,0,1,0,0,1,0,0,1,0,0,0,-1,0,0,0,0,-1,1,0,-1,1,0,-1,1
Santa Rosa Range (south)                                           ,242.3011,41.9852,242.2973,41.9797,130,100,0,0,0,0,0,0,0,0,15,5,0,1,0,0,1,0,0,1,0,0,1,0,0,0,-1,0,0,0,0,-1,1,0,-1,1,0,-1,1
Santa Rosa Range (south)                                           ,242.2973,41.9797,242.3074,41.9569,50,100,0,0,0,0,0,0,0,0,15,5,0,1,0,0,1,0,0,1,0,0,1,0,0,0,-1,0,0,0,0,-1,1,0,-1,1,0,-1,1
Santa Rosa Range (south)                                           ,242.3074,41.9569,242.3007,41.9237,130,100,0,0,0,0,0,0,0,0,15,5,0,1,0,0,1,0,0,1,0,0,1,0,0,0,-1,0,0,0,0,-1,1,0,-1,1,0,-1,1
Santa Rosa Range (south)                                           ,242.3007,41.9237,242.2928,41.91,130,100,0,0,0,0,0,0,0,0,15,5,0,1,0,0,1,0,0,1,0,0,1,0,0,0,-1,0,0,0,0,-1,1,0,-1,1,0,-1,1
Santa Rosa Range (south)                                           ,242.2928,41.91,242.3039,41.8995,50,100,0,0,0,0,0,0,0,0,15,5,0,1,0,0,1,0,0,1,0,0,1,0,0,0,-1,0,0,0,0,-1,1,0,-1,1,0,-1,1
Santa Rosa Range (south)                                           ,242.3039,41.8995,242.3161,41.8763,50,100,0,0,0,0,0,0,0,0,15,5,0,1,0,0,1,0,0,1,0,0,1,0,0,0,-1,0,0,0,0,-1,1,0,-1,1,0,-1,1
Santa Rosa Range (south)                                           ,242.3161,41.8763,242.3064,41.8579,130,100,0,0,0,0,0,0,0,0,15,5,0,1,0,0,1,0,0,1,0,0,1,0,0,0,-1,0,0,0,0,-1,1,0,-1,1,0,-1,1
Santa Rosa Range (south)                                           ,242.3064,41.8579,242.3074,41.8437,50,100,0,0,0,0,0,0,0,0,15,5,0,1,0,0,1,0,0,1,0,0,1,0,0,0,-1,0,0,0,0,-1,1,0,-1,1,0,-1,1
Santa Rosa Range (south)                                           ,242.3074,41.8437,242.311,41.8328,50,100,0,0,0,0,0,0,0,0,15,5,0,1,0,0,1,0,0,1,0,0,1,0,0,0,-1,0,0,0,0,-1,1,0,-1,1,0,-1,1
Santa Rosa Range (south)                                           ,242.311,41.8328,242.3203,41.8243,50,100,0,0,0,0,0,0,0,0,15,5,0,1,0,0,1,0,0,1,0,0,1,0,0,0,-1,0,0,0,0,-1,1,0,-1,1,0,-1,1
Santa Rosa Range (south)                                           ,242.3203,41.8243,242.3343,41.771,50,100,0,0,0,0,0,0,0,0,15,5,0,1,0,0,1,0,0,1,0,0,1,0,0,0,-1,0,0,0,0,-1,1,0,-1,1,0,-1,1
Santa Rosa Range (south)                                           ,242.3343,41.771,242.3336,41.7611,130,100,0,0,0,0,0,0,0,0,15,5,0,1,0,0,1,0,0,1,0,0,1,0,0,0,-1,0,0,0,0,-1,1,0,-1,1,0,-1,1
Santa Rosa Range (south)                                           ,242.3336,41.7611,242.3244,41.753,130,100,0,0,0,0,0,0,0,0,15,5,0,1,0,0,1,0,0,1,0,0,1,0,0,0,-1,0,0,0,0,-1,1,0,-1,1,0,-1,1
Santa Rosa Range (south)                                           ,242.3244,41.753,242.3165,41.7348,130,100,0,0,0,0,0,0,0,0,15,5,0,1,0,0,1,0,0,1,0,0,1,0,0,0,-1,0,0,0,0,-1,1,0,-1,1,0,-1,1
Santa Rosa Range (south)                                           ,242.3165,41.7348,242.3001,41.7227,130,100,0,0,0,0,0,0,0,0,15,5,0,1,0,0,1,0,0,1,0,0,1,0,0,0,-1,0,0,0,0,-1,1,0,-1,1,0,-1,1
Santa Rosa Range (south)                                           ,242.3001,41.7227,242.2781,41.7213,130,100,0,0,0,0,0,0,0,0,15,5,0,1,0,0,1,0,0,1,0,0,1,0,0,0,-1,0,0,0,0,-1,1,0,-1,1,0,-1,1
Santa Rosa Range (south)                                           ,242.2781,41.7213,242.2627,41.7003,130,100,0,0,0,0,0,0,0,0,15,5,0,1,0,0,1,0,0,1,0,0,1,0,0,0,-1,0,0,0,0,-1,1,0,-1,1,0,-1,1
Santa Rosa Range (south)                                           ,242.2627,41.7003,242.2633,41.6635,50,100,0,0,0,0,0,0,0,0,15,5,0,1,0,0,1,0,0,1,0,0,1,0,0,0,-1,0,0,0,0,-1,1,0,-1,1,0,-1,1
Santa Rosa Range (south)                                           ,242.2633,41.6635,242.254,41.6376,130,100,0,0,0,0,0,0,0,0,15,5,0,1,0,0,1,0,0,1,0,0,1,0,0,0,-1,0,0,0,0,-1,1,0,-1,1,0,-1,1
Santa Rosa Range (south)                                           ,242.254,41.6376,242.2488,41.5918,130,100,0,0,0,0,0,0,0,0,15,5,0,1,0,0,1,0,0,1,0,0,1,0,0,0,-1,0,0,0,0,-1,1,0,-1,1,0,-1,1
Santa Rosa Range (south)                                           ,242.2488,41.5918,242.2395,41.5669,130,100,0,0,0,0,0,0,0,0,15,5,0,1,0,0,1,0,0,1,0,0,1,0,0,0,-1,0,0,0,0,-1,1,0,-1,1,0,-1,1
Santa Rosa Range (south)                                           ,242.2395,41.5669,242.2502,41.5558,50,100,0,0,0,0,0,0,0,0,15,5,0,1,0,0,1,0,0,1,0,0,1,0,0,0,-1,0,0,0,0,-1,1,0,-1,1,0,-1,1
Santa Rosa Range (south)                                           ,242.2502,41.5558,242.2722,41.5287,50,100,0,0,0,0,0,0,0,0,15,5,0,1,0,0,1,0,0,1,0,0,1,0,0,0,-1,0,0,0,0,-1,1,0,-1,1,0,-1,1
Santa Rosa Range (south)                                           ,242.2722,41.5287,242.267,41.5037,130,100,0,0,0,0,0,0,0,0,15,5,0,1,0,0,1,0,0,1,0,0,1,0,0,0,-1,0,0,0,0,-1,1,0,-1,1,0,-1,1
Santa Rosa Range (south)                                           ,242.267,41.5037,242.2393,41.4681,130,100,0,0,0,0,0,0,0,0,15,5,0,1,0,0,1,0,0,1,0,0,1,0,0,0,-1,0,0,0,0,-1,1,0,-1,1,0,-1,1
Santa Rosa Range (south)                                           ,242.2393,41.4681,242.2356,41.4347,130,100,0,0,0,0,0,0,0,0,15,5,0,1,0,0,1,0,0,1,0,0,1,0,0,0,-1,0,0,0,0,-1,1,0,-1,1,0,-1,1
Seattle (east)                                                     ,237.8758,47.5311,237.909,47.5273,60,100,0,0,0,0,0,0,0,0,15,5,0,1,0,0,1,0,0,1,0,0,1,0,0,0,-1,0,0,0,0,-1,1,0,-1,1,0,-1,1
Seattle (east)                                                     ,237.909,47.5273,237.9348,47.5267,60,100,0,0,0,0,0,0,0,0,15,5,0,1,0,0,1,0,0,1,0,0,1,0,0,0,-1,0,0,0,0,-1,1,0,-1,1,0,-1,1
Seattle (east)                                                     ,237.9348,47.5267,237.9517,47.5277,60,100,0,0,0,0,0,0,0,0,15,5,0,1,0,0,1,0,0,1,0,0,1,0,0,0,-1,0,0,0,0,-1,1,0,-1,1,0,-1,1
Seattle (east)                                                     ,237.9517,47.5277,237.9758,47.5331,60,100,0,0,0,0,0,0,0,0,15,5,0,1,0,0,1,0,0,1,0,0,1,0,0,0,-1,0,0,0,0,-1,1,0,-1,1,0,-1,1
Seattle (east)                                                     ,237.7552,47.5376,237.8758,47.5311,60,100,0,0,0,0,0,0,0,0,15,5,0,1,0,0,1,0,0,1,0,0,1,0,0,0,-1,0,0,0,0,-1,1,0,-1,1,0,-1,1
Sea Ext                                                    ,237.9758,47.5331,238.0527,47.547,90,100,0,0,0,0,0,0,0,0,15,5,0,1,0,0,1,0,0,1,0,0,1,0,0,0,-1,0,0,0,0,-1,1,0,-1,1,0,-1,1
Seattle (south)                                                    ,237.163,47.5545,237.1824,47.555,60,100,0,0,0,0,0,0,0,0,15,5,0,1,0,0,1,0,0,1,0,0,1,0,0,0,-1,0,0,0,0,-1,1,0,-1,1,0,-1,1
Seattle (south)                                                    ,237.1824,47.555,237.213,47.5564,60,100,0,0,0,0,0,0,0,0,15,5,0,1,0,0,1,0,0,1,0,0,1,0,0,0,-1,0,0,0,0,-1,1,0,-1,1,0,-1,1
Seattle (south)                                                    ,237.213,47.5564,237.2349,47.5589,60,100,0,0,0,0,0,0,0,0,15,5,0,1,0,0,1,0,0,1,0,0,1,0,0,0,-1,0,0,0,0,-1,1,0,-1,1,0,-1,1
Seattle (south)                                                    ,237.2349,47.5589,237.2482,47.5609,60,100,0,0,0,0,0,0,0,0,15,5,0,1,0,0,1,0,0,1,0,0,1,0,0,0,-1,0,0,0,0,-1,1,0,-1,1,0,-1,1
Seattle (south)                                                    ,237.2482,47.5609,237.2864,47.5598,60,100,0,0,0,0,0,0,0,0,15,5,0,1,0,0,1,0,0,1,0,0,1,0,0,0,-1,0,0,0,0,-1,1,0,-1,1,0,-1,1
Seattle (south)                                                    ,237.2864,47.5598,237.3092,47.558,60,100,0,0,0,0,0,0,0,0,15,5,0,1,0,0,1,0,0,1,0,0,1,0,0,0,-1,0,0,0,0,-1,1,0,-1,1,0,-1,1
Seattle (south)                                                    ,237.3092,47.558,237.3255,47.5574,60,100,0,0,0,0,0,0,0,0,15,5,0,1,0,0,1,0,0,1,0,0,1,0,0,0,-1,0,0,0,0,-1,1,0,-1,1,0,-1,1
Seattle (south)                                                    ,237.3255,47.5574,237.3481,47.56,60,100,0,0,0,0,0,0,0,0,15,5,0,1,0,0,1,0,0,1,0,0,1,0,0,0,-1,0,0,0,0,-1,1,0,-1,1,0,-1,1
Seattle (south)                                                    ,237.3481,47.56,237.3653,47.5597,60,100,0,0,0,0,0,0,0,0,15,5,0,1,0,0,1,0,0,1,0,0,1,0,0,0,-1,0,0,0,0,-1,1,0,-1,1,0,-1,1
Seattle (south)                                                    ,237.3653,47.5597,237.4106,47.5549,60,100,0,0,0,0,0,0,0,0,15,5,0,1,0,0,1,0,0,1,0,0,1,0,0,0,-1,0,0,0,0,-1,1,0,-1,1,0,-1,1
Seattle (south)                                                    ,237.4106,47.5549,237.4885,47.5584,60,100,0,0,0,0,0,0,0,0,15,5,0,1,0,0,1,0,0,1,0,0,1,0,0,0,-1,0,0,0,0,-1,1,0,-1,1,0,-1,1
Seattle (south)                                                    ,237.4885,47.5584,237.5364,47.5564,60,100,0,0,0,0,0,0,0,0,15,5,0,1,0,0,1,0,0,1,0,0,1,0,0,0,-1,0,0,0,0,-1,1,0,-1,1,0,-1,1
Seattle (south)                                                    ,237.5364,47.5564,237.5921,47.5451,60,100,0,0,0,0,0,0,0,0,15,5,0,1,0,0,1,0,0,1,0,0,1,0,0,0,-1,0,0,0,0,-1,1,0,-1,1,0,-1,1
Seattle (south)                                                    ,237.5921,47.5451,237.6372,47.5279,60,100,0,0,0,0,0,0,0,0,15,5,0,1,0,0,1,0,0,1,0,0,1,0,0,0,-1,0,0,0,0,-1,1,0,-1,1,0,-1,1
Seattle (south)                                                    ,237.6372,47.5279,237.6543,47.5172,60,100,0,0,0,0,0,0,0,0,15,5,0,1,0,0,1,0,0,1,0,0,1,0,0,0,-1,0,0,0,0,-1,1,0,-1,1,0,-1,1
Seattle (south)                                                    ,237.6543,47.5172,237.6748,47.5153,60,100,0,0,0,0,0,0,0,0,15,5,0,1,0,0,1,0,0,1,0,0,1,0,0,0,-1,0,0,0,0,-1,1,0,-1,1,0,-1,1
Seattle (south)                                                    ,237.6748,47.5153,237.6945,47.5172,60,100,0,0,0,0,0,0,0,0,15,5,0,1,0,0,1,0,0,1,0,0,1,0,0,0,-1,0,0,0,0,-1,1,0,-1,1,0,-1,1
Seattle (south)                                                    ,237.6945,47.5172,237.7047,47.52,60,100,0,0,0,0,0,0,0,0,15,5,0,1,0,0,1,0,0,1,0,0,1,0,0,0,-1,0,0,0,0,-1,1,0,-1,1,0,-1,1
Seattle (south)                                                    ,237.7047,47.52,237.7299,47.5307,60,100,0,0,0,0,0,0,0,0,15,5,0,1,0,0,1,0,0,1,0,0,1,0,0,0,-1,0,0,0,0,-1,1,0,-1,1,0,-1,1
Seattle (south)                                                    ,237.7299,47.5307,237.7552,47.5376,60,100,0,0,0,0,0,0,0,0,15,5,0,1,0,0,1,0,0,1,0,0,1,0,0,0,-1,0,0,0,0,-1,1,0,-1,1,0,-1,1
Sea Ext                                                    ,238.0527,47.547,238.1212,47.5583,90,100,0,0,0,0,0,0,0,0,15,5,0,1,0,0,1,0,0,1,0,0,1,0,0,0,-1,0,0,0,0,-1,1,0,-1,1,0,-1,1
Skinner Flat                                                       ,239.0319,40.0885,238.9594,40.1151,90,100,0,0,0,0,0,0,0,0,15,5,0,1,0,0,1,0,0,1,0,0,1,0,0,0,-1,0,0,0,0,-1,1,0,-1,1,0,-1,1
Skinner Flat                                                       ,238.9594,40.1151,238.9192,40.1523,90,100,0,0,0,0,0,0,0,0,15,5,0,1,0,0,1,0,0,1,0,0,1,0,0,0,-1,0,0,0,0,-1,1,0,-1,1,0,-1,1
Sky Lakes                                                          ,237.8524,42.2572,237.8115,42.3367,130,100,0,0,0,0,0,0,0,0,15,5,0,1,0,0,1,0,0,1,0,0,1,0,0,0,-1,0,0,0,0,-1,1,0,-1,1,0,-1,1
Sky Lakes                                                          ,237.8115,42.3367,237.7895,42.3492,130,100,0,0,0,0,0,0,0,0,15,5,0,1,0,0,1,0,0,1,0,0,1,0,0,0,-1,0,0,0,0,-1,1,0,-1,1,0,-1,1
Sky Lakes                                                          ,237.7895,42.3492,237.7877,42.3772,130,100,0,0,0,0,0,0,0,0,15,5,0,1,0,0,1,0,0,1,0,0,1,0,0,0,-1,0,0,0,0,-1,1,0,-1,1,0,-1,1
Sky Lakes                                                          ,237.7877,42.3772,237.7736,42.4177,130,100,0,0,0,0,0,0,0,0,15,5,0,1,0,0,1,0,0,1,0,0,1,0,0,0,-1,0,0,0,0,-1,1,0,-1,1,0,-1,1
Sky Lakes                                                          ,237.7736,42.4177,237.768,42.4845,130,100,0,0,0,0,0,0,0,0,15,5,0,1,0,0,1,0,0,1,0,0,1,0,0,0,-1,0,0,0,0,-1,1,0,-1,1,0,-1,1
Sky Lakes                                                          ,237.768,42.4845,237.759,42.5166,130,100,0,0,0,0,0,0,0,0,15,5,0,1,0,0,1,0,0,1,0,0,1,0,0,0,-1,0,0,0,0,-1,1,0,-1,1,0,-1,1
Sky Lakes                                                          ,237.759,42.5166,237.7574,42.5451,130,100,0,0,0,0,0,0,0,0,15,5,0,1,0,0,1,0,0,1,0,0,1,0,0,0,-1,0,0,0,0,-1,1,0,-1,1,0,-1,1
Sky Lakes                                                          ,237.7574,42.5451,237.7631,42.5892,50,100,0,0,0,0,0,0,0,0,15,5,0,1,0,0,1,0,0,1,0,0,1,0,0,0,-1,0,0,0,0,-1,1,0,-1,1,0,-1,1
Southeast Newberry                                                 ,239.0358,43.6688,239.1487,43.5723,50,100,0,0,0,0,0,0,0,0,15,5,0,1,0,0,1,0,0,1,0,0,1,0,0,0,-1,0,0,0,0,-1,1,0,-1,1,0,-1,1
Southeast Newberry                                                 ,239.1487,43.5723,239.2613,43.4757,50,100,0,0,0,0,0,0,0,0,15,5,0,1,0,0,1,0,0,1,0,0,1,0,0,0,-1,0,0,0,0,-1,1,0,-1,1,0,-1,1
Southeast Newberry                                                 ,239.2613,43.4757,239.3467,43.3639,50,100,0,0,0,0,0,0,0,0,15,5,0,1,0,0,1,0,0,1,0,0,1,0,0,0,-1,0,0,0,0,-1,1,0,-1,1,0,-1,1
Southeast Newberry                                                 ,239.3467,43.3639,239.4317,43.2521,50,100,0,0,0,0,0,0,0,0,15,5,0,1,0,0,1,0,0,1,0,0,1,0,0,0,-1,0,0,0,0,-1,1,0,-1,1,0,-1,1
Southern Whidbey Island (north)                                    ,238.0727,47.6518,238.012,47.7498,90,100,0,0,0,0,0,0,0,0,15,5,0,1,0,0,1,0,0,1,0,0,1,0,0,0,-1,0,0,0,0,-1,1,0,-1,1,0,-1,1
Southern Whidbey Island (north)                                    ,238.012,47.7498,237.9511,47.8141,90,100,0,0,0,0,0,0,0,0,15,5,0,1,0,0,1,0,0,1,0,0,1,0,0,0,-1,0,0,0,0,-1,1,0,-1,1,0,-1,1
Southern Whidbey Island (north)                                    ,237.9511,47.8141,237.8908,47.8421,90,100,0,0,0,0,0,0,0,0,15,5,0,1,0,0,1,0,0,1,0,0,1,0,0,0,-1,0,0,0,0,-1,1,0,-1,1,0,-1,1
Southern Whidbey Island (north)                                    ,237.8908,47.8421,237.8245,47.8621,90,100,0,0,0,0,0,0,0,0,15,5,0,1,0,0,1,0,0,1,0,0,1,0,0,0,-1,0,0,0,0,-1,1,0,-1,1,0,-1,1
Southern Whidbey Island (north)                                    ,237.8245,47.8621,237.748,47.8995,90,100,0,0,0,0,0,0,0,0,15,5,0,1,0,0,1,0,0,1,0,0,1,0,0,0,-1,0,0,0,0,-1,1,0,-1,1,0,-1,1
Southern Whidbey Island (north)                                    ,237.748,47.8995,237.7027,47.9383,90,100,0,0,0,0,0,0,0,0,15,5,0,1,0,0,1,0,0,1,0,0,1,0,0,0,-1,0,0,0,0,-1,1,0,-1,1,0,-1,1
Southern Whidbey Island (north)                                    ,237.7027,47.9383,237.6009,47.9952,90,100,0,0,0,0,0,0,0,0,15,5,0,1,0,0,1,0,0,1,0,0,1,0,0,0,-1,0,0,0,0,-1,1,0,-1,1,0,-1,1
Southern Whidbey Island (north)                                    ,237.6009,47.9952,237.4851,48.0934,90,100,0,0,0,0,0,0,0,0,15,5,0,1,0,0,1,0,0,1,0,0,1,0,0,0,-1,0,0,0,0,-1,1,0,-1,1,0,-1,1
Southern Whidbey Island (north)                                    ,237.4851,48.0934,237.3969,48.1313,90,100,0,0,0,0,0,0,0,0,15,5,0,1,0,0,1,0,0,1,0,0,1,0,0,0,-1,0,0,0,0,-1,1,0,-1,1,0,-1,1
Southern Whidbey Island (north)                                    ,237.3969,48.1313,237.3636,48.1534,90,100,0,0,0,0,0,0,0,0,15,5,0,1,0,0,1,0,0,1,0,0,1,0,0,0,-1,0,0,0,0,-1,1,0,-1,1,0,-1,1
Southern Whidbey Island (north)                                    ,237.3636,48.1534,237.26,48.1866,90,100,0,0,0,0,0,0,0,0,15,5,0,1,0,0,1,0,0,1,0,0,1,0,0,0,-1,0,0,0,0,-1,1,0,-1,1,0,-1,1
Southern Whidbey Island (north)                                    ,237.26,48.1866,237.1563,48.2198,90,100,0,0,0,0,0,0,0,0,15,5,0,1,0,0,1,0,0,1,0,0,1,0,0,0,-1,0,0,0,0,-1,1,0,-1,1,0,-1,1
Southern Whidbey Island (north)                                    ,237.1563,48.2198,237.0779,48.2571,90,100,0,0,0,0,0,0,0,0,15,5,0,1,0,0,1,0,0,1,0,0,1,0,0,0,-1,0,0,0,0,-1,1,0,-1,1,0,-1,1
Southern Whidbey Island (north)                                    ,237.0779,48.2571,237.0392,48.2868,90,100,0,0,0,0,0,0,0,0,15,5,0,1,0,0,1,0,0,1,0,0,1,0,0,0,-1,0,0,0,0,-1,1,0,-1,1,0,-1,1
Southwest Newberry                                                 ,238.8765,43.5922,238.8559,43.5714,50,100,0,0,0,0,0,0,0,0,15,5,0,1,0,0,1,0,0,1,0,0,1,0,0,0,-1,0,0,0,0,-1,1,0,-1,1,0,-1,1
Southwest Newberry                                                 ,238.8559,43.5714,238.7626,43.5107,50,100,0,0,0,0,0,0,0,0,15,5,0,1,0,0,1,0,0,1,0,0,1,0,0,0,-1,0,0,0,0,-1,1,0,-1,1,0,-1,1
Southwest Newberry                                                 ,238.7626,43.5107,238.7119,43.4998,50,100,0,0,0,0,0,0,0,0,15,5,0,1,0,0,1,0,0,1,0,0,1,0,0,0,-1,0,0,0,0,-1,1,0,-1,1,0,-1,1
Southwest Newberry                                                 ,238.7119,43.4998,238.6275,43.455,50,100,0,0,0,0,0,0,0,0,15,5,0,1,0,0,1,0,0,1,0,0,1,0,0,0,-1,0,0,0,0,-1,1,0,-1,1,0,-1,1
Southwest Newberry                                                 ,238.6275,43.455,238.5433,43.4102,50,100,0,0,0,0,0,0,0,0,15,5,0,1,0,0,1,0,0,1,0,0,1,0,0,0,-1,0,0,0,0,-1,1,0,-1,1,0,-1,1
Steens (center)                                                    ,241.4619,42.5555,241.4784,42.6105,50,100,0,0,0,0,0,0,0,0,15,5,0,1,0,0,1,0,0,1,0,0,1,0,0,0,-1,0,0,0,0,-1,1,0,-1,1,0,-1,1
Steens (center)                                                    ,241.4784,42.6105,241.5022,42.6667,50,100,0,0,0,0,0,0,0,0,15,5,0,1,0,0,1,0,0,1,0,0,1,0,0,0,-1,0,0,0,0,-1,1,0,-1,1,0,-1,1
Steens (north)                                                     ,241.4958,42.7163,241.5209,42.7641,50,100,0,0,0,0,0,0,0,0,15,5,0,1,0,0,1,0,0,1,0,0,1,0,0,0,-1,0,0,0,0,-1,1,0,-1,1,0,-1,1
Steens (north)                                                     ,241.5209,42.7641,241.5369,42.7852,50,100,0,0,0,0,0,0,0,0,15,5,0,1,0,0,1,0,0,1,0,0,1,0,0,0,-1,0,0,0,0,-1,1,0,-1,1,0,-1,1
Steens (north)                                                     ,241.5369,42.7852,241.5511,42.8221,50,100,0,0,0,0,0,0,0,0,15,5,0,1,0,0,1,0,0,1,0,0,1,0,0,0,-1,0,0,0,0,-1,1,0,-1,1,0,-1,1
Steens (north)                                                     ,241.5511,42.8221,241.5749,42.8457,50,100,0,0,0,0,0,0,0,0,15,5,0,1,0,0,1,0,0,1,0,0,1,0,0,0,-1,0,0,0,0,-1,1,0,-1,1,0,-1,1
Steens (north)                                                     ,241.5749,42.8457,241.598,42.8719,50,100,0,0,0,0,0,0,0,0,15,5,0,1,0,0,1,0,0,1,0,0,1,0,0,0,-1,0,0,0,0,-1,1,0,-1,1,0,-1,1
Steens (north)                                                     ,241.598,42.8719,241.6134,42.8895,50,100,0,0,0,0,0,0,0,0,15,5,0,1,0,0,1,0,0,1,0,0,1,0,0,0,-1,0,0,0,0,-1,1,0,-1,1,0,-1,1
Steens (north)                                                     ,241.6134,42.8895,241.6249,42.9083,50,100,0,0,0,0,0,0,0,0,15,5,0,1,0,0,1,0,0,1,0,0,1,0,0,0,-1,0,0,0,0,-1,1,0,-1,1,0,-1,1
Steens (north)                                                     ,241.6249,42.9083,241.6659,42.9488,50,100,0,0,0,0,0,0,0,0,15,5,0,1,0,0,1,0,0,1,0,0,1,0,0,0,-1,0,0,0,0,-1,1,0,-1,1,0,-1,1
Steens (north)                                                     ,241.6659,42.9488,241.7139,43.0076,50,100,0,0,0,0,0,0,0,0,15,5,0,1,0,0,1,0,0,1,0,0,1,0,0,0,-1,0,0,0,0,-1,1,0,-1,1,0,-1,1
Steens (north)                                                     ,241.7139,43.0076,241.7302,43.0366,50,100,0,0,0,0,0,0,0,0,15,5,0,1,0,0,1,0,0,1,0,0,1,0,0,0,-1,0,0,0,0,-1,1,0,-1,1,0,-1,1
Steens (north)                                                     ,241.7302,43.0366,241.7519,43.0534,50,100,0,0,0,0,0,0,0,0,15,5,0,1,0,0,1,0,0,1,0,0,1,0,0,0,-1,0,0,0,0,-1,1,0,-1,1,0,-1,1
Steens (south)                                                     ,241.2469,41.7496,241.2361,41.7593,130,100,0,0,0,0,0,0,0,0,15,5,0,1,0,0,1,0,0,1,0,0,1,0,0,0,-1,0,0,0,0,-1,1,0,-1,1,0,-1,1
Steens (south)                                                     ,241.2361,41.7593,241.2327,41.7697,130,100,0,0,0,0,0,0,0,0,15,5,0,1,0,0,1,0,0,1,0,0,1,0,0,0,-1,0,0,0,0,-1,1,0,-1,1,0,-1,1
Steens (south)                                                     ,241.2327,41.7697,241.2211,41.7829,130,100,0,0,0,0,0,0,0,0,15,5,0,1,0,0,1,0,0,1,0,0,1,0,0,0,-1,0,0,0,0,-1,1,0,-1,1,0,-1,1
Steens (south)                                                     ,241.2211,41.7829,241.2272,41.8052,50,100,0,0,0,0,0,0,0,0,15,5,0,1,0,0,1,0,0,1,0,0,1,0,0,0,-1,0,0,0,0,-1,1,0,-1,1,0,-1,1
Steens (south)                                                     ,241.2272,41.8052,241.2358,41.828,50,100,0,0,0,0,0,0,0,0,15,5,0,1,0,0,1,0,0,1,0,0,1,0,0,0,-1,0,0,0,0,-1,1,0,-1,1,0,-1,1
Steens (south)                                                     ,241.2358,41.828,241.2421,41.8425,50,100,0,0,0,0,0,0,0,0,15,5,0,1,0,0,1,0,0,1,0,0,1,0,0,0,-1,0,0,0,0,-1,1,0,-1,1,0,-1,1
Steens (south)                                                     ,241.2421,41.8425,241.2422,41.8572,50,100,0,0,0,0,0,0,0,0,15,5,0,1,0,0,1,0,0,1,0,0,1,0,0,0,-1,0,0,0,0,-1,1,0,-1,1,0,-1,1
Steens (south)                                                     ,241.2422,41.8572,241.2542,41.896,50,100,0,0,0,0,0,0,0,0,15,5,0,1,0,0,1,0,0,1,0,0,1,0,0,0,-1,0,0,0,0,-1,1,0,-1,1,0,-1,1
Steens (south)                                                     ,241.2542,41.896,241.2839,41.926,50,100,0,0,0,0,0,0,0,0,15,5,0,1,0,0,1,0,0,1,0,0,1,0,0,0,-1,0,0,0,0,-1,1,0,-1,1,0,-1,1
Steens (south)                                                     ,241.2839,41.926,241.2887,41.9388,50,100,0,0,0,0,0,0,0,0,15,5,0,1,0,0,1,0,0,1,0,0,1,0,0,0,-1,0,0,0,0,-1,1,0,-1,1,0,-1,1
Steens (south)                                                     ,241.2887,41.9388,241.3044,41.9524,50,100,0,0,0,0,0,0,0,0,15,5,0,1,0,0,1,0,0,1,0,0,1,0,0,0,-1,0,0,0,0,-1,1,0,-1,1,0,-1,1
Steens (south)                                                     ,241.3044,41.9524,241.323,41.9622,50,100,0,0,0,0,0,0,0,0,15,5,0,1,0,0,1,0,0,1,0,0,1,0,0,0,-1,0,0,0,0,-1,1,0,-1,1,0,-1,1
Steens (south)                                                     ,241.323,41.9622,241.3271,41.9736,50,100,0,0,0,0,0,0,0,0,15,5,0,1,0,0,1,0,0,1,0,0,1,0,0,0,-1,0,0,0,0,-1,1,0,-1,1,0,-1,1
Steens (south)                                                     ,241.3271,41.9736,241.3433,41.9851,50,100,0,0,0,0,0,0,0,0,15,5,0,1,0,0,1,0,0,1,0,0,1,0,0,0,-1,0,0,0,0,-1,1,0,-1,1,0,-1,1
Steens (south)                                                     ,241.3433,41.9851,241.3548,42.0001,50,100,0,0,0,0,0,0,0,0,15,5,0,1,0,0,1,0,0,1,0,0,1,0,0,0,-1,0,0,0,0,-1,1,0,-1,1,0,-1,1
Steens (south)                                                     ,241.3548,42.0001,241.3664,42.0197,50,100,0,0,0,0,0,0,0,0,15,5,0,1,0,0,1,0,0,1,0,0,1,0,0,0,-1,0,0,0,0,-1,1,0,-1,1,0,-1,1
Steens (south)                                                     ,241.3664,42.0197,241.3795,42.0293,50,100,0,0,0,0,0,0,0,0,15,5,0,1,0,0,1,0,0,1,0,0,1,0,0,0,-1,0,0,0,0,-1,1,0,-1,1,0,-1,1
Steens (south)                                                     ,241.3795,42.0293,241.3993,42.0734,50,100,0,0,0,0,0,0,0,0,15,5,0,1,0,0,1,0,0,1,0,0,1,0,0,0,-1,0,0,0,0,-1,1,0,-1,1,0,-1,1
Steens (south)                                                     ,241.3993,42.0734,241.4252,42.0928,50,100,0,0,0,0,0,0,0,0,15,5,0,1,0,0,1,0,0,1,0,0,1,0,0,0,-1,0,0,0,0,-1,1,0,-1,1,0,-1,1
Steens (south)                                                     ,241.4252,42.0928,241.3956,42.1237,130,100,0,0,0,0,0,0,0,0,15,5,0,1,0,0,1,0,0,1,0,0,1,0,0,0,-1,0,0,0,0,-1,1,0,-1,1,0,-1,1
Steens (south)                                                     ,241.3956,42.1237,241.3935,42.1672,130,100,0,0,0,0,0,0,0,0,15,5,0,1,0,0,1,0,0,1,0,0,1,0,0,0,-1,0,0,0,0,-1,1,0,-1,1,0,-1,1
Steens (south)                                                     ,241.3935,42.1672,241.3661,42.1902,130,100,0,0,0,0,0,0,0,0,15,5,0,1,0,0,1,0,0,1,0,0,1,0,0,0,-1,0,0,0,0,-1,1,0,-1,1,0,-1,1
Steens (south)                                                     ,241.3661,42.1902,241.349,42.2186,130,100,0,0,0,0,0,0,0,0,15,5,0,1,0,0,1,0,0,1,0,0,1,0,0,0,-1,0,0,0,0,-1,1,0,-1,1,0,-1,1
Steens (south)                                                     ,241.349,42.2186,241.3381,42.2463,130,100,0,0,0,0,0,0,0,0,15,5,0,1,0,0,1,0,0,1,0,0,1,0,0,0,-1,0,0,0,0,-1,1,0,-1,1,0,-1,1
Steens (south)                                                     ,241.3381,42.2463,241.3292,42.323,130,100,0,0,0,0,0,0,0,0,15,5,0,1,0,0,1,0,0,1,0,0,1,0,0,0,-1,0,0,0,0,-1,1,0,-1,1,0,-1,1
Steens (south)                                                     ,241.3292,42.323,241.3295,42.3349,50,100,0,0,0,0,0,0,0,0,15,5,0,1,0,0,1,0,0,1,0,0,1,0,0,0,-1,0,0,0,0,-1,1,0,-1,1,0,-1,1
Steens (south)                                                     ,241.3295,42.3349,241.3339,42.3516,50,100,0,0,0,0,0,0,0,0,15,5,0,1,0,0,1,0,0,1,0,0,1,0,0,0,-1,0,0,0,0,-1,1,0,-1,1,0,-1,1
Steens (south)                                                     ,241.3339,42.3516,241.3457,42.3707,50,100,0,0,0,0,0,0,0,0,15,5,0,1,0,0,1,0,0,1,0,0,1,0,0,0,-1,0,0,0,0,-1,1,0,-1,1,0,-1,1
Steens (south)                                                     ,241.3457,42.3707,241.3487,42.3768,50,100,0,0,0,0,0,0,0,0,15,5,0,1,0,0,1,0,0,1,0,0,1,0,0,0,-1,0,0,0,0,-1,1,0,-1,1,0,-1,1
Steens (south)                                                     ,241.3487,42.3768,241.3533,42.3958,50,100,0,0,0,0,0,0,0,0,15,5,0,1,0,0,1,0,0,1,0,0,1,0,0,0,-1,0,0,0,0,-1,1,0,-1,1,0,-1,1
Steens (south)                                                     ,241.3533,42.3958,241.3581,42.4008,50,100,0,0,0,0,0,0,0,0,15,5,0,1,0,0,1,0,0,1,0,0,1,0,0,0,-1,0,0,0,0,-1,1,0,-1,1,0,-1,1
Steens (south)                                                     ,241.3581,42.4008,241.3607,42.4257,50,100,0,0,0,0,0,0,0,0,15,5,0,1,0,0,1,0,0,1,0,0,1,0,0,0,-1,0,0,0,0,-1,1,0,-1,1,0,-1,1
"Susanville - Eagle Lake (unnamed, proxy)                           ",239.3837,40.4701,239.3166,40.5298,90,100,0,0,0,0,0,0,0,0,15,5,0,1,0,0,1,0,0,1,0,0,1,0,0,0,-1,0,0,0,0,-1,1,0,-1,1,0,-1,1
"Susanville - Eagle Lake (unnamed, proxy)                           ",239.3166,40.5298,239.2494,40.5896,90,100,0,0,0,0,0,0,0,0,15,5,0,1,0,0,1,0,0,1,0,0,1,0,0,0,-1,0,0,0,0,-1,1,0,-1,1,0,-1,1
Tacoma                                                             ,237.4878,47.3751,237.3619,47.3804,120,100,0,0,0,0,0,0,0,0,15,5,0,1,0,0,1,0,0,1,0,0,1,0,0,0,-1,0,0,0,0,-1,1,0,-1,1,0,-1,1
Tacoma                                                             ,237.3619,47.3804,237.3459,47.3774,120,100,0,0,0,0,0,0,0,0,15,5,0,1,0,0,1,0,0,1,0,0,1,0,0,0,-1,0,0,0,0,-1,1,0,-1,1,0,-1,1
Tacoma                                                             ,237.3459,47.3774,237.3283,47.3742,120,100,0,0,0,0,0,0,0,0,15,5,0,1,0,0,1,0,0,1,0,0,1,0,0,0,-1,0,0,0,0,-1,1,0,-1,1,0,-1,1
Tacoma                                                             ,237.3283,47.3742,237.292,47.3703,120,100,0,0,0,0,0,0,0,0,15,5,0,1,0,0,1,0,0,1,0,0,1,0,0,0,-1,0,0,0,0,-1,1,0,-1,1,0,-1,1
Tacoma                                                             ,237.292,47.3703,237.1938,47.365,120,100,0,0,0,0,0,0,0,0,15,5,0,1,0,0,1,0,0,1,0,0,1,0,0,0,-1,0,0,0,0,-1,1,0,-1,1,0,-1,1
Tacoma                                                             ,237.1938,47.365,237.173,47.3647,120,100,0,0,0,0,0,0,0,0,15,5,0,1,0,0,1,0,0,1,0,0,1,0,0,0,-1,0,0,0,0,-1,1,0,-1,1,0,-1,1
Tacoma                                                             ,237.173,47.3647,237.155,47.3684,120,100,0,0,0,0,0,0,0,0,15,5,0,1,0,0,1,0,0,1,0,0,1,0,0,0,-1,0,0,0,0,-1,1,0,-1,1,0,-1,1
Tacoma                                                             ,237.155,47.3684,237.137,47.3683,120,100,0,0,0,0,0,0,0,0,15,5,0,1,0,0,1,0,0,1,0,0,1,0,0,0,-1,0,0,0,0,-1,1,0,-1,1,0,-1,1
Tacoma                                                             ,237.137,47.3683,237.1227,47.3712,120,100,0,0,0,0,0,0,0,0,15,5,0,1,0,0,1,0,0,1,0,0,1,0,0,0,-1,0,0,0,0,-1,1,0,-1,1,0,-1,1
Tacoma                                                             ,237.1227,47.3712,237.1016,47.3734,120,100,0,0,0,0,0,0,0,0,15,5,0,1,0,0,1,0,0,1,0,0,1,0,0,0,-1,0,0,0,0,-1,1,0,-1,1,0,-1,1
Tacoma                                                             ,237.1016,47.3734,237.0717,47.3744,120,100,0,0,0,0,0,0,0,0,15,5,0,1,0,0,1,0,0,1,0,0,1,0,0,0,-1,0,0,0,0,-1,1,0,-1,1,0,-1,1
Tacoma                                                             ,237.0717,47.3744,237.0348,47.3736,120,100,0,0,0,0,0,0,0,0,15,5,0,1,0,0,1,0,0,1,0,0,1,0,0,0,-1,0,0,0,0,-1,1,0,-1,1,0,-1,1
Tac Ext                                                            ,237.0348,47.3736,236.8242,47.3719,90,100,0,0,0,0,0,0,0,0,15,5,0,1,0,0,1,0,0,1,0,0,1,0,0,0,-1,0,0,0,0,-1,1,0,-1,1,0,-1,1
Tac Ext                                                            ,237.4878,47.3751,237.8913,47.3798,90,100,0,0,0,0,0,0,0,0,15,5,0,1,0,0,1,0,0,1,0,0,1,0,0,0,-1,0,0,0,0,-1,1,0,-1,1,0,-1,1
Tac Ext                                                            ,236.8242,47.3719,236.6135,47.3703,90,100,0,0,0,0,0,0,0,0,15,5,0,1,0,0,1,0,0,1,0,0,1,0,0,0,-1,0,0,0,0,-1,1,0,-1,1,0,-1,1
Tac Ext                                                            ,237.8913,47.3798,238.2114,47.3802,90,100,0,0,0,0,0,0,0,0,15,5,0,1,0,0,1,0,0,1,0,0,1,0,0,0,-1,0,0,0,0,-1,1,0,-1,1,0,-1,1
Trench                                                             ,235.016,40.5532,235.0555,40.7291,20,100,0,0,0,0,0,0,0,0,0,5,0,1,0,0,1,0,0,1,0,0,1,0,0,0,0,1,0,0,0,-1,1,0,-1,1,0,-1,1
Trench                                                             ,235.0555,40.7291,235.0581,40.907,20,100,0,0,0,0,0,0,0,0,0,5,0,1,0,0,1,0,0,1,0,0,1,0,0,0,0,1,0,0,0,-1,1,0,-1,1,0,-1,1
Trench                                                             ,235.0581,40.907,234.9514,41.0675,160,100,0,0,0,0,0,0,0,0,0,5,0,1,0,0,1,0,0,1,0,0,1,0,0,0,0,1,0,0,0,-1,1,0,-1,1,0,-1,1
Trench                                                             ,234.9514,41.0675,234.8721,41.2364,160,100,0,0,0,0,0,0,0,0,0,5,0,1,0,0,1,0,0,1,0,0,1,0,0,0,0,1,0,0,0,-1,1,0,-1,1,0,-1,1
Trench                                                             ,234.8721,41.2364,234.8053,41.4089,160,100,0,0,0,0,0,0,0,0,0,5,0,1,0,0,1,0,0,1,0,0,1,0,0,0,0,1,0,0,0,-1,1,0,-1,1,0,-1,1
Trench                                                             ,234.8053,41.4089,234.7201,41.5767,160,100,0,0,0,0,0,0,0,0,0,5,0,1,0,0,1,0,0,1,0,0,1,0,0,0,0,1,0,0,0,-1,1,0,-1,1,0,-1,1
Trench                                                             ,234.7201,41.5767,234.7082,41.7518,160,100,0,0,0,0,0,0,0,0,0,5,0,1,0,0,1,0,0,1,0,0,1,0,0,0,0,1,0,0,0,-1,1,0,-1,1,0,-1,1
Trench                                                             ,234.7082,41.7518,234.6991,41.9297,160,100,0,0,0,0,0,0,0,0,0,5,0,1,0,0,1,0,0,1,0,0,1,0,0,0,0,1,0,0,0,-1,1,0,-1,1,0,-1,1
Trench                                                             ,234.6991,41.9297,234.6688,42.1079,160,100,0,0,0,0,0,0,0,0,0,5,0,1,0,0,1,0,0,1,0,0,1,0,0,0,0,1,0,0,0,-1,1,0,-1,1,0,-1,1
Trench                                                             ,234.6688,42.1079,234.7093,42.2839,20,100,0,0,0,0,0,0,0,0,0,5,0,1,0,0,1,0,0,1,0,0,1,0,0,0,0,1,0,0,0,-1,1,0,-1,1,0,-1,1
Trench                                                             ,234.7093,42.2839,234.8067,42.4398,20,100,0,0,0,0,0,0,0,0,0,5,0,1,0,0,1,0,0,1,0,0,1,0,0,0,0,1,0,0,0,-1,1,0,-1,1,0,-1,1
Trench                                                             ,234.8067,42.4398,234.7245,42.5997,160,100,0,0,0,0,0,0,0,0,0,5,0,1,0,0,1,0,0,1,0,0,1,0,0,0,0,1,0,0,0,-1,1,0,-1,1,0,-1,1
Trench                                                             ,234.7245,42.5997,234.7164,42.7792,160,100,0,0,0,0,0,0,0,0,0,5,0,1,0,0,1,0,0,1,0,0,1,0,0,0,0,1,0,0,0,-1,1,0,-1,1,0,-1,1
Trench                                                             ,234.7164,42.7792,234.711,42.9588,160,100,0,0,0,0,0,0,0,0,0,5,0,1,0,0,1,0,0,1,0,0,1,0,0,0,0,1,0,0,0,-1,1,0,-1,1,0,-1,1
Trench                                                             ,234.711,42.9588,234.6635,43.1307,160,100,0,0,0,0,0,0,0,0,0,5,0,1,0,0,1,0,0,1,0,0,1,0,0,0,0,1,0,0,0,-1,1,0,-1,1,0,-1,1
Trench                                                             ,234.6635,43.1307,234.5879,43.3016,160,100,0,0,0,0,0,0,0,0,0,5,0,1,0,0,1,0,0,1,0,0,1,0,0,0,0,1,0,0,0,-1,1,0,-1,1,0,-1,1
Trench                                                             ,234.5879,43.3016,234.5194,43.4728,160,100,0,0,0,0,0,0,0,0,0,5,0,1,0,0,1,0,0,1,0,0,1,0,0,0,0,1,0,0,0,-1,1,0,-1,1,0,-1,1
Trench                                                             ,234.5194,43.4728,234.5208,43.6524,20,100,0,0,0,0,0,0,0,0,0,5,0,1,0,0,1,0,0,1,0,0,1,0,0,0,0,1,0,0,0,-1,1,0,-1,1,0,-1,1
Trench                                                             ,234.5208,43.6524,234.5351,43.8314,20,100,0,0,0,0,0,0,0,0,0,5,0,1,0,0,1,0,0,1,0,0,1,0,0,0,0,1,0,0,0,-1,1,0,-1,1,0,-1,1
Trench                                                             ,234.5351,43.8314,234.5754,44.0079,20,100,0,0,0,0,0,0,0,0,0,5,0,1,0,0,1,0,0,1,0,0,1,0,0,0,0,1,0,0,0,-1,1,0,-1,1,0,-1,1
Trench                                                             ,234.5754,44.0079,234.6349,44.1706,20,100,0,0,0,0,0,0,0,0,0,5,0,1,0,0,1,0,0,1,0,0,1,0,0,0,0,1,0,0,0,-1,1,0,-1,1,0,-1,1
Trench                                                             ,234.6349,44.1706,234.6276,44.3502,160,100,0,0,0,0,0,0,0,0,0,5,0,1,0,0,1,0,0,1,0,0,1,0,0,0,0,1,0,0,0,-1,1,0,-1,1,0,-1,1
Trench                                                             ,234.6276,44.3502,234.628,44.5299,20,100,0,0,0,0,0,0,0,0,0,5,0,1,0,0,1,0,0,1,0,0,1,0,0,0,0,1,0,0,0,-1,1,0,-1,1,0,-1,1
Trench                                                             ,234.5879,44.6989,234.563,44.8732,160,100,0,0,0,0,0,0,0,0,0,5,0,1,0,0,1,0,0,1,0,0,1,0,0,0,0,1,0,0,0,-1,1,0,-1,1,0,-1,1
Trench                                                             ,234.563,44.8732,234.566,45.0529,20,100,0,0,0,0,0,0,0,0,0,5,0,1,0,0,1,0,0,1,0,0,1,0,0,0,0,1,0,0,0,-1,1,0,-1,1,0,-1,1
Trench                                                             ,234.5368,45.2309,234.4978,45.4085,160,100,0,0,0,0,0,0,0,0,0,5,0,1,0,0,1,0,0,1,0,0,1,0,0,0,0,1,0,0,0,-1,1,0,-1,1,0,-1,1
Trench                                                             ,234.4978,45.4085,234.4505,45.585,160,100,0,0,0,0,0,0,0,0,0,5,0,1,0,0,1,0,0,1,0,0,1,0,0,0,0,1,0,0,0,-1,1,0,-1,1,0,-1,1
Trench                                                             ,234.4505,45.585,234.399,45.7611,160,100,0,0,0,0,0,0,0,0,0,5,0,1,0,0,1,0,0,1,0,0,1,0,0,0,0,1,0,0,0,-1,1,0,-1,1,0,-1,1
Trench                                                             ,234.399,45.7611,234.3479,45.9372,160,100,0,0,0,0,0,0,0,0,0,5,0,1,0,0,1,0,0,1,0,0,1,0,0,0,0,1,0,0,0,-1,1,0,-1,1,0,-1,1
Trench                                                             ,234.3479,45.9372,234.2889,46.1121,160,100,0,0,0,0,0,0,0,0,0,5,0,1,0,0,1,0,0,1,0,0,1,0,0,0,0,1,0,0,0,-1,1,0,-1,1,0,-1,1
Trench                                                             ,234.2889,46.1121,234.2295,46.287,160,100,0,0,0,0,0,0,0,0,0,5,0,1,0,0,1,0,0,1,0,0,1,0,0,0,0,1,0,0,0,-1,1,0,-1,1,0,-1,1
Trench                                                             ,234.2295,46.287,234.1773,46.463,160,100,0,0,0,0,0,0,0,0,0,5,0,1,0,0,1,0,0,1,0,0,1,0,0,0,0,1,0,0,0,-1,1,0,-1,1,0,-1,1
Trench                                                             ,234.1773,46.463,234.1253,46.6391,160,100,0,0,0,0,0,0,0,0,0,5,0,1,0,0,1,0,0,1,0,0,1,0,0,0,0,1,0,0,0,-1,1,0,-1,1,0,-1,1
Trench                                                             ,234.1253,46.6391,234.0605,46.8132,160,100,0,0,0,0,0,0,0,0,0,5,0,1,0,0,1,0,0,1,0,0,1,0,0,0,0,1,0,0,0,-1,1,0,-1,1,0,-1,1
Trench                                                             ,234.0605,46.8132,233.9967,46.9875,160,100,0,0,0,0,0,0,0,0,0,5,0,1,0,0,1,0,0,1,0,0,1,0,0,0,0,1,0,0,0,-1,1,0,-1,1,0,-1,1
Trench                                                             ,233.9967,46.9875,233.9574,47.1651,160,100,0,0,0,0,0,0,0,0,0,5,0,1,0,0,1,0,0,1,0,0,1,0,0,0,0,1,0,0,0,-1,1,0,-1,1,0,-1,1
Trench                                                             ,233.9182,47.3427,233.8042,47.5047,160,100,0,0,0,0,0,0,0,0,0,5,0,1,0,0,1,0,0,1,0,0,1,0,0,0,0,1,0,0,0,-1,1,0,-1,1,0,-1,1
Trench                                                             ,233.8042,47.5047,233.688,47.6664,160,100,0,0,0,0,0,0,0,0,0,5,0,1,0,0,1,0,0,1,0,0,1,0,0,0,0,1,0,0,0,-1,1,0,-1,1,0,-1,1
Trench                                                             ,233.688,47.6664,233.5895,47.8329,160,100,0,0,0,0,0,0,0,0,0,5,0,1,0,0,1,0,0,1,0,0,1,0,0,0,0,1,0,0,0,-1,1,0,-1,1,0,-1,1
Trench                                                             ,233.5895,47.8329,233.5086,48.004,160,100,0,0,0,0,0,0,0,0,0,5,0,1,0,0,1,0,0,1,0,0,1,0,0,0,0,1,0,0,0,-1,1,0,-1,1,0,-1,1
Trench                                                             ,233.5086,48.004,233.3765,48.1604,160,100,0,0,0,0,0,0,0,0,0,5,0,1,0,0,1,0,0,1,0,0,1,0,0,0,0,1,0,0,0,-1,1,0,-1,1,0,-1,1
Trench                                                             ,233.3765,48.1604,233.2424,48.3163,160,100,0,0,0,0,0,0,0,0,0,5,0,1,0,0,1,0,0,1,0,0,1,0,0,0,0,1,0,0,0,-1,1,0,-1,1,0,-1,1
Trench                                                             ,233.2424,48.3163,233.0889,48.4642,160,100,0,0,0,0,0,0,0,0,0,5,0,1,0,0,1,0,0,1,0,0,1,0,0,0,0,1,0,0,0,-1,1,0,-1,1,0,-1,1
Trench                                                             ,233.0889,48.4642,232.9185,48.6023,160,100,0,0,0,0,0,0,0,0,0,5,0,1,0,0,1,0,0,1,0,0,1,0,0,0,0,1,0,0,0,-1,1,0,-1,1,0,-1,1
Trench                                                             ,232.9185,48.6023,232.7003,48.7095,160,100,0,0,0,0,0,0,0,0,0,5,0,1,0,0,1,0,0,1,0,0,1,0,0,0,0,1,0,0,0,-1,1,0,-1,1,0,-1,1
Trench                                                             ,232.7003,48.7095,232.489,48.823,160,100,0,0,0,0,0,0,0,0,0,5,0,1,0,0,1,0,0,1,0,0,1,0,0,0,0,1,0,0,0,-1,1,0,-1,1,0,-1,1
Trench                                                             ,232.489,48.823,232.3095,48.9559,160,100,0,0,0,0,0,0,0,0,0,5,0,1,0,0,1,0,0,1,0,0,1,0,0,0,0,1,0,0,0,-1,1,0,-1,1,0,-1,1
Trench                                                             ,232.3095,48.9559,232.1726,49.1089,160,100,0,0,0,0,0,0,0,0,0,5,0,1,0,0,1,0,0,1,0,0,1,0,0,0,0,1,0,0,0,-1,1,0,-1,1,0,-1,1
Trench                                                             ,232.1726,49.1089,232.1647,49.2884,160,100,0,0,0,0,0,0,0,0,0,5,0,1,0,0,1,0,0,1,0,0,1,0,0,0,0,1,0,0,0,-1,1,0,-1,1,0,-1,1
Trench                                                             ,232.1647,49.2884,232.1548,49.4678,160,100,0,0,0,0,0,0,0,0,0,5,0,1,0,0,1,0,0,1,0,0,1,0,0,0,0,1,0,0,0,-1,1,0,-1,1,0,-1,1
TrenchConN                                                         ,232.1548,49.4678,231.9833,49.6838,160,100,0,0,0,0,0,0,0,0,0,5,0,1,0,0,1,0,0,1,0,0,1,0,0,0,-1,0,0,0,0,-1,1,0,-1,1,0,-1,1
TrenchConS                                                         ,235.016,40.5532,234.987,40.3427,20,100,0,0,0,0,0,0,0,0,0,5,0,1,0,0,1,0,0,1,0,0,1,0,0,0,-1,0,0,0,0,-1,1,0,-1,1,0,-1,1
Trencha                                                            ,233.9574,47.1651,233.9416,47.2316,160,100,0,0,0,0,0,0,0,0,0,5,0,1,0,0,1,0,0,1,0,0,1,0,0,0,0,1,0,0,0,-1,1,0,-1,1,0,-1,1
Trencha                                                            ,234.566,45.0529,234.549,45.1507,160,100,0,0,0,0,0,0,0,0,0,5,0,1,0,0,1,0,0,1,0,0,1,0,0,0,0,1,0,0,0,-1,1,0,-1,1,0,-1,1
Trenchb                                                            ,233.9416,47.2316,233.9182,47.3427,160,100,0,0,0,0,0,0,0,0,0,5,0,1,0,0,1,0,0,1,0,0,1,0,0,0,0,1,0,0,0,-1,1,0,-1,1,0,-1,1
Trenchb                                                            ,234.549,45.1507,234.5368,45.2309,160,100,0,0,0,0,0,0,0,0,0,5,0,1,0,0,1,0,0,1,0,0,1,0,0,0,0,1,0,0,0,-1,1,0,-1,1,0,-1,1
Twin Lakes - Multorpor Mountain Graben                             ,238.2933,45.3053,238.2982,45.2708,50,100,0,0,0,0,0,0,0,0,15,5,0,1,0,0,1,0,0,1,0,0,1,0,0,0,-1,0,0,0,0,-1,1,0,-1,1,0,-1,1
Twin Lakes - Multorpor Mountain Graben                             ,238.2982,45.2708,238.2852,45.1675,130,100,0,0,0,0,0,0,0,0,15,5,0,1,0,0,1,0,0,1,0,0,1,0,0,0,-1,0,0,0,0,-1,1,0,-1,1,0,-1,1
Wallula (northeast)                                                ,241.08,46.0571,241.1278,46.0484,60,100,0,0,0,0,0,0,0,0,15,5,0,1,0,0,1,0,0,1,0,0,1,0,0,0,-1,0,0,0,0,-1,1,0,-1,1,0,-1,1
Wallula (northeast)                                                ,241.1278,46.0484,241.158,46.049,60,100,0,0,0,0,0,0,0,0,15,5,0,1,0,0,1,0,0,1,0,0,1,0,0,0,-1,0,0,0,0,-1,1,0,-1,1,0,-1,1
Wallula (northeast)                                                ,241.158,46.049,241.1726,46.0437,60,100,0,0,0,0,0,0,0,0,15,5,0,1,0,0,1,0,0,1,0,0,1,0,0,0,-1,0,0,0,0,-1,1,0,-1,1,0,-1,1
Wallula (northeast)                                                ,241.1726,46.0437,241.1846,46.0424,60,100,0,0,0,0,0,0,0,0,15,5,0,1,0,0,1,0,0,1,0,0,1,0,0,0,-1,0,0,0,0,-1,1,0,-1,1,0,-1,1
Wallula (northeast)                                                ,241.1846,46.0424,241.2023,46.0338,60,100,0,0,0,0,0,0,0,0,15,5,0,1,0,0,1,0,0,1,0,0,1,0,0,0,-1,0,0,0,0,-1,1,0,-1,1,0,-1,1
Wallula (northeast)                                                ,241.2023,46.0338,241.2239,46.0283,60,100,0,0,0,0,0,0,0,0,15,5,0,1,0,0,1,0,0,1,0,0,1,0,0,0,-1,0,0,0,0,-1,1,0,-1,1,0,-1,1
Wallula (northeast)                                                ,241.2239,46.0283,241.2697,46.0138,60,100,0,0,0,0,0,0,0,0,15,5,0,1,0,0,1,0,0,1,0,0,1,0,0,0,-1,0,0,0,0,-1,1,0,-1,1,0,-1,1
Wallula (northeast)                                                ,241.2697,46.0138,241.3104,46.0013,60,100,0,0,0,0,0,0,0,0,15,5,0,1,0,0,1,0,0,1,0,0,1,0,0,0,-1,0,0,0,0,-1,1,0,-1,1,0,-1,1
Wallula (northeast)                                                ,241.3104,46.0013,241.3632,45.9854,60,100,0,0,0,0,0,0,0,0,15,5,0,1,0,0,1,0,0,1,0,0,1,0,0,0,-1,0,0,0,0,-1,1,0,-1,1,0,-1,1
Wallula (northeast)                                                ,241.3632,45.9854,241.4346,45.9698,60,100,0,0,0,0,0,0,0,0,15,5,0,1,0,0,1,0,0,1,0,0,1,0,0,0,-1,0,0,0,0,-1,1,0,-1,1,0,-1,1
Wallula (northeast)                                                ,241.4346,45.9698,241.5335,45.9472,60,100,0,0,0,0,0,0,0,0,15,5,0,1,0,0,1,0,0,1,0,0,1,0,0,0,-1,0,0,0,0,-1,1,0,-1,1,0,-1,1
Warm Springs Valley                                                ,239.7024,40.2463,239.7889,40.2038,90,100,0,0,0,0,0,0,0,0,15,5,0,1,0,0,1,0,0,1,0,0,1,0,0,0,-1,0,0,0,0,-1,1,0,-1,1,0,-1,1
Warm Springs Valley                                                ,239.7889,40.2038,239.8341,40.1564,90,100,0,0,0,0,0,0,0,0,15,5,0,1,0,0,1,0,0,1,0,0,1,0,0,0,-1,0,0,0,0,-1,1,0,-1,1,0,-1,1
Warm Springs Valley                                                ,239.8341,40.1564,239.9689,40.0831,90,100,0,0,0,0,0,0,0,0,15,5,0,1,0,0,1,0,0,1,0,0,1,0,0,0,-1,0,0,0,0,-1,1,0,-1,1,0,-1,1
Warm Springs Valley                                                ,239.9689,40.0831,240.0675,40.0396,90,100,0,0,0,0,0,0,0,0,15,5,0,1,0,0,1,0,0,1,0,0,1,0,0,0,-1,0,0,0,0,-1,1,0,-1,1,0,-1,1
Warm Springs Valley                                                ,240.0675,40.0396,240.0785,40.0349,90,100,0,0,0,0,0,0,0,0,15,5,0,1,0,0,1,0,0,1,0,0,1,0,0,0,-1,0,0,0,0,-1,1,0,-1,1,0,-1,1
Warm Springs Valley                                                ,240.0785,40.0349,240.1017,40.0182,90,100,0,0,0,0,0,0,0,0,15,5,0,1,0,0,1,0,0,1,0,0,1,0,0,0,-1,0,0,0,0,-1,1,0,-1,1,0,-1,1
Warm Springs Valley                                                ,240.1017,40.0182,240.1459,39.9963,90,100,0,0,0,0,0,0,0,0,15,5,0,1,0,0,1,0,0,1,0,0,1,0,0,0,-1,0,0,0,0,-1,1,0,-1,1,0,-1,1
Warm Springs Valley                                                ,240.1459,39.9963,240.2495,39.9109,90,100,0,0,0,0,0,0,0,0,15,5,0,1,0,0,1,0,0,1,0,0,1,0,0,0,-1,0,0,0,0,-1,1,0,-1,1,0,-1,1
West Baker Valley (center)                                         ,242.1711,44.7557,242.159,44.7602,130,100,0,0,0,0,0,0,0,0,15,5,0,1,0,0,1,0,0,1,0,0,1,0,0,0,-1,0,0,0,0,-1,1,0,-1,1,0,-1,1
West Baker Valley (center)                                         ,242.159,44.7602,242.1389,44.7711,130,100,0,0,0,0,0,0,0,0,15,5,0,1,0,0,1,0,0,1,0,0,1,0,0,0,-1,0,0,0,0,-1,1,0,-1,1,0,-1,1
West Baker Valley (center)                                         ,242.1389,44.7711,242.1309,44.7791,130,100,0,0,0,0,0,0,0,0,15,5,0,1,0,0,1,0,0,1,0,0,1,0,0,0,-1,0,0,0,0,-1,1,0,-1,1,0,-1,1
West Baker Valley (center)                                         ,242.1309,44.7791,242.1157,44.7868,130,100,0,0,0,0,0,0,0,0,15,5,0,1,0,0,1,0,0,1,0,0,1,0,0,0,-1,0,0,0,0,-1,1,0,-1,1,0,-1,1
West Baker Valley (center)                                         ,242.1157,44.7868,242.1061,44.7962,130,100,0,0,0,0,0,0,0,0,15,5,0,1,0,0,1,0,0,1,0,0,1,0,0,0,-1,0,0,0,0,-1,1,0,-1,1,0,-1,1
West Baker Valley (center)                                         ,242.1061,44.7962,242.0996,44.798,130,100,0,0,0,0,0,0,0,0,15,5,0,1,0,0,1,0,0,1,0,0,1,0,0,0,-1,0,0,0,0,-1,1,0,-1,1,0,-1,1
West Baker Valley (center)                                         ,242.0996,44.798,242.0791,44.7981,130,100,0,0,0,0,0,0,0,0,15,5,0,1,0,0,1,0,0,1,0,0,1,0,0,0,-1,0,0,0,0,-1,1,0,-1,1,0,-1,1
West Baker Valley (center)                                         ,242.0791,44.7981,242.0595,44.7967,130,100,0,0,0,0,0,0,0,0,15,5,0,1,0,0,1,0,0,1,0,0,1,0,0,0,-1,0,0,0,0,-1,1,0,-1,1,0,-1,1
West Baker Valley (center)                                         ,242.0595,44.7967,241.9949,44.8197,130,100,0,0,0,0,0,0,0,0,15,5,0,1,0,0,1,0,0,1,0,0,1,0,0,0,-1,0,0,0,0,-1,1,0,-1,1,0,-1,1
West Baker Valley (center)                                         ,241.9949,44.8197,241.9721,44.8478,130,100,0,0,0,0,0,0,0,0,15,5,0,1,0,0,1,0,0,1,0,0,1,0,0,0,-1,0,0,0,0,-1,1,0,-1,1,0,-1,1
West Baker Valley (center)                                         ,241.9721,44.8478,241.9839,44.8652,50,100,0,0,0,0,0,0,0,0,15,5,0,1,0,0,1,0,0,1,0,0,1,0,0,0,-1,0,0,0,0,-1,1,0,-1,1,0,-1,1
West Baker Valley (center)                                         ,241.9839,44.8652,241.9814,44.8827,130,100,0,0,0,0,0,0,0,0,15,5,0,1,0,0,1,0,0,1,0,0,1,0,0,0,-1,0,0,0,0,-1,1,0,-1,1,0,-1,1
West Grand Ronde Valley                                            ,241.9724,45.2292,241.9585,45.2603,130,100,0,0,0,0,0,0,0,0,15,5,0,1,0,0,1,0,0,1,0,0,1,0,0,0,-1,0,0,0,0,-1,1,0,-1,1,0,-1,1
West Grand Ronde Valley                                            ,241.9585,45.2603,241.9307,45.2737,130,100,0,0,0,0,0,0,0,0,15,5,0,1,0,0,1,0,0,1,0,0,1,0,0,0,-1,0,0,0,0,-1,1,0,-1,1,0,-1,1
West Grand Ronde Valley                                            ,241.9307,45.2737,241.8992,45.3003,130,100,0,0,0,0,0,0,0,0,15,5,0,1,0,0,1,0,0,1,0,0,1,0,0,0,-1,0,0,0,0,-1,1,0,-1,1,0,-1,1
West Grand Ronde Valley                                            ,241.8992,45.3003,241.8828,45.3483,130,100,0,0,0,0,0,0,0,0,15,5,0,1,0,0,1,0,0,1,0,0,1,0,0,0,-1,0,0,0,0,-1,1,0,-1,1,0,-1,1
West Grand Ronde Valley                                            ,241.8828,45.3483,241.8916,45.3802,50,100,0,0,0,0,0,0,0,0,15,5,0,1,0,0,1,0,0,1,0,0,1,0,0,0,-1,0,0,0,0,-1,1,0,-1,1,0,-1,1
West Grand Ronde Valley                                            ,241.8916,45.3802,241.9017,45.4033,50,100,0,0,0,0,0,0,0,0,15,5,0,1,0,0,1,0,0,1,0,0,1,0,0,0,-1,0,0,0,0,-1,1,0,-1,1,0,-1,1
West Grand Ronde Valley                                            ,241.9017,45.4033,241.927,45.4299,50,100,0,0,0,0,0,0,0,0,15,5,0,1,0,0,1,0,0,1,0,0,1,0,0,0,-1,0,0,0,0,-1,1,0,-1,1,0,-1,1
West Grand Ronde Valley                                            ,241.927,45.4299,241.9409,45.4529,50,100,0,0,0,0,0,0,0,0,15,5,0,1,0,0,1,0,0,1,0,0,1,0,0,0,-1,0,0,0,0,-1,1,0,-1,1,0,-1,1
West Grand Ronde Valley                                            ,241.9409,45.4529,241.9244,45.4759,130,100,0,0,0,0,0,0,0,0,15,5,0,1,0,0,1,0,0,1,0,0,1,0,0,0,-1,0,0,0,0,-1,1,0,-1,1,0,-1,1
West Grand Ronde Valley                                            ,241.9244,45.4759,241.9169,45.5007,130,100,0,0,0,0,0,0,0,0,15,5,0,1,0,0,1,0,0,1,0,0,1,0,0,0,-1,0,0,0,0,-1,1,0,-1,1,0,-1,1
West Grand Ronde Valley                                            ,241.9169,45.5007,241.908,45.5573,130,100,0,0,0,0,0,0,0,0,15,5,0,1,0,0,1,0,0,1,0,0,1,0,0,0,-1,0,0,0,0,-1,1,0,-1,1,0,-1,1
West Grand Ronde Valley                                            ,241.908,45.5573,241.8916,45.5688,130,100,0,0,0,0,0,0,0,0,15,5,0,1,0,0,1,0,0,1,0,0,1,0,0,0,-1,0,0,0,0,-1,1,0,-1,1,0,-1,1
West Grand Ronde Valley                                            ,241.8916,45.5688,241.879,45.6051,130,100,0,0,0,0,0,0,0,0,15,5,0,1,0,0,1,0,0,1,0,0,1,0,0,0,-1,0,0,0,0,-1,1,0,-1,1,0,-1,1
Willapa Bay (north)                                                ,235.9452,46.735,235.9544,46.7157,60,100,0,0,0,0,0,0,0,0,15,5,0,1,0,0,1,0,0,1,0,0,1,0,0,0,-1,0,0,0,0,-1,1,0,-1,1,0,-1,1
Willapa Bay (north)                                                ,235.9544,46.7157,235.9857,46.6847,60,100,0,0,0,0,0,0,0,0,15,5,0,1,0,0,1,0,0,1,0,0,1,0,0,0,-1,0,0,0,0,-1,1,0,-1,1,0,-1,1
Willapa Bay (north)                                                ,235.9857,46.6847,236.0088,46.658,60,100,0,0,0,0,0,0,0,0,15,5,0,1,0,0,1,0,0,1,0,0,1,0,0,0,-1,0,0,0,0,-1,1,0,-1,1,0,-1,1
Willapa Bay (north)                                                ,236.0088,46.658,236.0394,46.5984,60,100,0,0,0,0,0,0,0,0,15,5,0,1,0,0,1,0,0,1,0,0,1,0,0,0,-1,0,0,0,0,-1,1,0,-1,1,0,-1,1
Willapa Bay (north)                                                ,236.0394,46.5984,236.0474,46.5669,60,100,0,0,0,0,0,0,0,0,15,5,0,1,0,0,1,0,0,1,0,0,1,0,0,0,-1,0,0,0,0,-1,1,0,-1,1,0,-1,1
Willapa Bay (north)                                                ,236.0474,46.5669,236.0637,46.535,60,100,0,0,0,0,0,0,0,0,15,5,0,1,0,0,1,0,0,1,0,0,1,0,0,0,-1,0,0,0,0,-1,1,0,-1,1,0,-1,1
Winter Rim                                                         ,239.5075,42.5633,239.4887,42.583,130,100,0,0,0,0,0,0,0,0,15,5,0,1,0,0,1,0,0,1,0,0,1,0,0,0,-1,0,0,0,0,-1,1,0,-1,1,0,-1,1
Winter Rim                                                         ,239.4887,42.583,239.4808,42.6205,130,100,0,0,0,0,0,0,0,0,15,5,0,1,0,0,1,0,0,1,0,0,1,0,0,0,-1,0,0,0,0,-1,1,0,-1,1,0,-1,1
Winter Rim                                                         ,239.4808,42.6205,239.469,42.6515,130,100,0,0,0,0,0,0,0,0,15,5,0,1,0,0,1,0,0,1,0,0,1,0,0,0,-1,0,0,0,0,-1,1,0,-1,1,0,-1,1
Winter Rim                                                         ,239.469,42.6515,239.4574,42.672,130,100,0,0,0,0,0,0,0,0,15,5,0,1,0,0,1,0,0,1,0,0,1,0,0,0,-1,0,0,0,0,-1,1,0,-1,1,0,-1,1
Winter Rim                                                         ,239.4574,42.672,239.3997,42.7236,130,100,0,0,0,0,0,0,0,0,15,5,0,1,0,0,1,0,0,1,0,0,1,0,0,0,-1,0,0,0,0,-1,1,0,-1,1,0,-1,1
Winter Rim                                                         ,239.3997,42.7236,239.327,42.7101,130,100,0,0,0,0,0,0,0,0,15,5,0,1,0,0,1,0,0,1,0,0,1,0,0,0,-1,0,0,0,0,-1,1,0,-1,1,0,-1,1
Winter Rim                                                         ,239.327,42.7101,239.2541,42.7149,130,100,0,0,0,0,0,0,0,0,15,5,0,1,0,0,1,0,0,1,0,0,1,0,0,0,-1,0,0,0,0,-1,1,0,-1,1,0,-1,1
Winter Rim                                                         ,239.2541,42.7149,239.2173,42.7548,130,100,0,0,0,0,0,0,0,0,15,5,0,1,0,0,1,0,0,1,0,0,1,0,0,0,-1,0,0,0,0,-1,1,0,-1,1,0,-1,1
Winter Rim                                                         ,239.2173,42.7548,239.197,42.8225,130,100,0,0,0,0,0,0,0,0,15,5,0,1,0,0,1,0,0,1,0,0,1,0,0,0,-1,0,0,0,0,-1,1,0,-1,1,0,-1,1
Winter Rim                                                         ,239.197,42.8225,239.1831,42.9091,130,100,0,0,0,0,0,0,0,0,15,5,0,1,0,0,1,0,0,1,0,0,1,0,0,0,-1,0,0,0,0,-1,1,0,-1,1,0,-1,1
Winter Rim                                                         ,239.1831,42.9091,239.1937,42.9321,50,100,0,0,0,0,0,0,0,0,15,5,0,1,0,0,1,0,0,1,0,0,1,0,0,0,-1,0,0,0,0,-1,1,0,-1,1,0,-1,1
Winter Rim                                                         ,239.1937,42.9321,239.2003,42.9455,50,100,0,0,0,0,0,0,0,0,15,5,0,1,0,0,1,0,0,1,0,0,1,0,0,0,-1,0,0,0,0,-1,1,0,-1,1,0,-1,1
Winter Rim                                                         ,239.2003,42.9455,239.2189,42.9739,50,100,0,0,0,0,0,0,0,0,15,5,0,1,0,0,1,0,0,1,0,0,1,0,0,0,-1,0,0,0,0,-1,1,0,-1,1,0,-1,1
Winter Rim                                                         ,239.2189,42.9739,239.2214,43.0002,50,100,0,0,0,0,0,0,0,0,15,5,0,1,0,0,1,0,0,1,0,0,1,0,0,0,-1,0,0,0,0,-1,1,0,-1,1,0,-1,1
Winter Rim                                                         ,239.2214,43.0002,239.2239,43.0064,50,100,0,0,0,0,0,0,0,0,15,5,0,1,0,0,1,0,0,1,0,0,1,0,0,0,-1,0,0,0,0,-1,1,0,-1,1,0,-1,1
XEOLXELEK-Elk Lake                                                 ,236.2004,48.6094,236.2655,48.5933,45,100,0,0,0,0,0,0,0,0,15,5,0,1,0,0,1,0,0,1,0,0,1,0,0,0,-1,0,0,0,0,-1,1,0,-1,1,0,-1,1
XEOLXELEK-Elk Lake                                                 ,236.2655,48.5933,236.326,48.5793,45,100,0,0,0,0,0,0,0,0,15,5,0,1,0,0,1,0,0,1,0,0,1,0,0,0,-1,0,0,0,0,-1,1,0,-1,1,0,-1,1
XEOLXELEK-Elk Lake                                                 ,236.326,48.5793,236.4026,48.5667,45,100,0,0,0,0,0,0,0,0,15,5,0,1,0,0,1,0,0,1,0,0,1,0,0,0,-1,0,0,0,0,-1,1,0,-1,1,0,-1,1
XEOLXELEK-Elk Lake                                                 ,236.4026,48.5667,236.4633,48.5537,45,100,0,0,0,0,0,0,0,0,15,5,0,1,0,0,1,0,0,1,0,0,1,0,0,0,-1,0,0,0,0,-1,1,0,-1,1,0,-1,1
XEOLXELEK-Elk Lake                                                 ,236.4633,48.5537,236.4967,48.5545,45,100,0,0,0,0,0,0,0,0,15,5,0,1,0,0,1,0,0,1,0,0,1,0,0,0,-1,0,0,0,0,-1,1,0,-1,1,0,-1,1
XEOLXELEK-Elk Lake                                                 ,236.4967,48.5545,236.5173,48.55,45,100,0,0,0,0,0,0,0,0,15,5,0,1,0,0,1,0,0,1,0,0,1,0,0,0,-1,0,0,0,0,-1,1,0,-1,1,0,-1,1
XEOLXELEK-Elk Lake                                                 ,236.5173,48.55,236.5403,48.5472,45,100,0,0,0,0,0,0,0,0,15,5,0,1,0,0,1,0,0,1,0,0,1,0,0,0,-1,0,0,0,0,-1,1,0,-1,1,0,-1,1
XEOLXELEK-Elk Lake                                                 ,236.5403,48.5472,236.5625,48.5464,45,100,0,0,0,0,0,0,0,0,15,5,0,1,0,0,1,0,0,1,0,0,1,0,0,0,-1,0,0,0,0,-1,1,0,-1,1,0,-1,1
XEOLXELEK-Elk Lake                                                 ,236.5625,48.5464,236.5827,48.5389,45,100,0,0,0,0,0,0,0,0,15,5,0,1,0,0,1,0,0,1,0,0,1,0,0,0,-1,0,0,0,0,-1,1,0,-1,1,0,-1,1
XEOLXELEK-Elk Lake                                                 ,236.5827,48.5389,236.6056,48.5288,45,100,0,0,0,0,0,0,0,0,15,5,0,1,0,0,1,0,0,1,0,0,1,0,0,0,-1,0,0,0,0,-1,1,0,-1,1,0,-1,1
XEOLXELEK-Elk Lake                                                 ,236.6056,48.5288,236.6925,48.5121,45,100,0,0,0,0,0,0,0,0,15,5,0,1,0,0,1,0,0,1,0,0,1,0,0,0,-1,0,0,0,0,-1,1,0,-1,1,0,-1,1
XEOLXELEK-Elk Lake                                                 ,236.6925,48.5121,236.8049,48.4868,45,100,0,0,0,0,0,0,0,0,15,5,0,1,0,0,1,0,0,1,0,0,1,0,0,0,-1,0,0,0,0,-1,1,0,-1,1,0,-1,1
XEOLXELEK-Elk Lake                                                 ,236.8049,48.4868,236.9249,48.4278,45,100,0,0,0,0,0,0,0,0,15,5,0,1,0,0,1,0,0,1,0,0,1,0,0,0,-1,0,0,0,0,-1,1,0,-1,1,0,-1,1
XEOLXELEK-Elk Lake                                                 ,236.9249,48.4278,237.148,48.369,45,100,0,0,0,0,0,0,0,0,15,5,0,1,0,0,1,0,0,1,0,0,1,0,0,0,-1,0,0,0,0,-1,1,0,-1,1,0,-1,1
XLF extension                                                      ,237.2041,48.361,237.148,48.369,90,100,0,0,0,0,0,0,0,0,15,5,0,1,0,0,1,0,0,1,0,0,1,0,0,0,-1,0,0,0,0,-1,1,0,-1,1,0,-1,1
XLF extension                                                      ,236.2004,48.6094,235.9889,48.7093,90,100,0,0,0,0,0,0,0,0,15,5,0,1,0,0,1,0,0,1,0,0,1,0,0,0,-1,0,0,0,0,-1,1,0,-1,1,0,-1,1
arl-juna                                                           ,239.8691,45.6519,240.9963,44.9544,90,100,0,0,0,0,0,0,0,0,15,5,0,1,0,0,1,0,0,1,0,0,1,0,0,0,-1,0,0,0,0,-1,1,0,-1,1,0,-1,1
arl-junb                                                           ,240.9963,44.9544,242.1235,44.2568,90,100,0,0,0,0,0,0,0,0,15,5,0,1,0,0,1,0,0,1,0,0,1,0,0,0,-1,0,0,0,0,-1,1,0,-1,1,0,-1,1
asdf                                                               ,243.121,36.535,243.108,36.563,90,100,0,0,0,0,0,0,0,0,10,5,0,1,0,0,1,0,0,1,0,0,1,0,0,0,-1,0,0,0,0,-1,1,0,-1,1,0,-1,1
asdf                                                               ,242.561,33.734,242.611,33.669,90,100,0,0,0,0,0,0,0,0,15,5,0,1,0,0,1,0,0,1,0,0,1,0,0,0,-1,0,0,0,0,-1,1,0,-1,1,0,-1,1
asdf                                                               ,243.177,33.959,243.202,33.951,90,100,0,0,0,0,0,0,0,0,10,5,0,1,0,0,1,0,0,1,0,0,1,0,0,0,-1,0,0,0,0,-1,1,0,-1,1,0,-1,1
asdf                                                               ,242.52,34.254,242.47,34.311,90,100,0,0,0,0,0,0,0,0,15,5,0,1,0,0,1,0,0,1,0,0,1,0,0,0,-1,0,0,0,0,-1,1,0,-1,1,0,-1,1
asdf                                                               ,240.969,34.986,240.993,35.029,75,100,0,0,0,0,0,0,0,0,15,5,0,1,0,0,1,0,0,1,0,0,1,0,0,0,-1,0,0,0,0,-1,1,0,-1,1,0,-1,1
asdf                                                               ,240.695,34.932,240.594,34.942,60,100,0,0,0,0,0,0,0,0,15,5,0,1,0,0,1,0,0,1,0,0,1,0,0,0,-1,0,0,0,0,-1,1,0,-1,1,0,-1,1
asdf                                                               ,242.731,34.318,242.696,34.316,90,100,0,0,0,0,0,0,0,0,15,5,0,1,0,0,1,0,0,1,0,0,1,0,0,0,-1,0,0,0,0,-1,1,0,-1,1,0,-1,1
asdf                                                               ,241.659,33.249,241.835,33.203,90,100,0,0,0,0,0,0,0,0,15,5,0,1,0,0,1,0,0,1,0,0,1,0,0,0,-1,0,0,0,0,-1,1,0,-1,1,0,-1,1
asdf                                                               ,241.931,34.028,241.952,33.997,90,100,0,0,0,0,0,0,0,0,15,5,0,1,0,0,1,0,0,1,0,0,1,0,0,0,-1,0,0,0,0,-1,1,0,-1,1,0,-1,1
asdf                                                               ,242.403,33.854,242.452,33.815,90,100,0,0,0,0,0,0,0,0,15,5,0,1,0,0,1,0,0,1,0,0,1,0,0,0,-1,0,0,0,0,-1,1,0,-1,1,0,-1,1
asdf                                                               ,241.448,34.021,241.459,34.032,90,100,0,0,0,0,0,0,0,0,15,5,0,1,0,0,1,0,0,1,0,0,1,0,0,0,-1,0,0,0,0,-1,1,0,-1,1,0,-1,1
asdf                                                               ,241.525,34.036,241.566,34.052,90,100,0,0,0,0,0,0,0,0,15,5,0,1,0,0,1,0,0,1,0,0,1,0,0,0,-1,0,0,0,0,-1,1,0,-1,1,0,-1,1
asdf                                                               ,241.716,34.111,241.733,34.115,90,100,0,0,0,0,0,0,0,0,15,5,0,1,0,0,1,0,0,1,0,0,1,0,0,0,-1,0,0,0,0,-1,1,0,-1,1,0,-1,1
asdf                                                               ,243.063,34.99,243.115,34.954,90,100,0,0,0,0,0,0,0,0,5,5,0,1,0,0,1,0,0,1,0,0,1,0,0,0,-1,0,0,0,0,-1,1,0,-1,1,0,-1,1
asdf                                                               ,242.587,35.451,242.448,35.486,90,100,0,0,0,0,0,0,0,0,5,5,0,1,0,0,1,0,0,1,0,0,1,0,0,0,-1,0,0,0,0,-1,1,0,-1,1,0,-1,1
asdf                                                               ,243.608,35.596,243.643,35.246,90,100,0,0,0,0,0,0,0,0,10,5,0,1,0,0,1,0,0,1,0,0,1,0,0,0,-1,0,0,0,0,-1,1,0,-1,1,0,-1,1
asdf                                                               ,243.818,35.067,243.749,34.961,90,100,0,0,0,0,0,0,0,0,10,5,0,1,0,0,1,0,0,1,0,0,1,0,0,0,-1,0,0,0,0,-1,1,0,-1,1,0,-1,1
asdf                                                               ,244.123,34.443,244.021,34.116,90,100,0,0,0,0,0,0,0,0,10,5,0,1,0,0,1,0,0,1,0,0,1,0,0,0,-1,0,0,0,0,-1,1,0,-1,1,0,-1,1
asdf                                                               ,242.346,35.61,242.448,35.486,90,100,0,0,0,0,0,0,0,0,10,5,0,1,0,0,1,0,0,1,0,0,1,0,0,0,-1,0,0,0,0,-1,1,0,-1,1,0,-1,1
asdf                                                               ,242.525,36.498,242.592,36.436,90,100,0,0,0,0,0,0,0,0,10,5,0,1,0,0,1,0,0,1,0,0,1,0,0,0,-1,0,0,0,0,-1,1,0,-1,1,0,-1,1
asdf                                                               ,241.98,36.507,241.967,36.41,90,100,0,0,0,0,0,0,0,0,10,5,0,1,0,0,1,0,0,1,0,0,1,0,0,0,-1,0,0,0,0,-1,1,0,-1,1,0,-1,1
asdf                                                               ,243.457,33.471,243.451,33.513,90,100,0,0,0,0,0,0,0,0,15,5,0,1,0,0,1,0,0,1,0,0,1,0,0,0,-1,0,0,0,0,-1,1,0,-1,1,0,-1,1
asdf                                                               ,244.423,32.851,244.522,32.807,90,100,0,0,0,0,0,0,0,0,2.5,5,0,1,0,0,1,0,0,1,0,0,1,0,0,0,-1,0,0,0,0,-1,1,0,-1,1,0,-1,1
asdf                                                               ,243.959,32.787,244.106,32.653,90,100,0,0,0,0,0,0,0,0,15,5,0,1,0,0,1,0,0,1,0,0,1,1,0,0,-1,0,0,0,0,-1,1,0,-1,1,0,-1,1
asdf                                                               ,242.403,35.11,241.986,35.271,90,100,0,0,0,0,0,0,0,0,10,5,0,1,0,0,1,0,0,1,0,0,1,0,0,0,-1,0,0,0,0,-1,1,0,-1,1,0,-1,1
asdf                                                               ,242.346,35.61,242.171,35.834,90,100,0,0,0,0,0,0,0,0,10,5,0,1,0,0,1,0,0,1,0,0,1,0,0,0,-1,0,0,0,0,-1,1,0,-1,1,0,-1,1
asdf                                                               ,242.119,35.897,242.046,35.973,90,100,0,0,0,0,0,0,0,0,10,5,0,1,0,0,1,0,0,1,0,0,1,0,0,0,-1,0,0,0,0,-1,1,0,-1,1,0,-1,1
asdf                                                               ,241.995,35.77,242.105,35.88,75,100,0,0,0,0,0,0,0,0,15,5,0,1,0,0,1,0,0,1,0,0,1,0,0,0,-1,0,0,0,0,-1,1,0,-1,1,0,-1,1
asdf                                                               ,243.987,34.143,244.021,34.116,90,100,0,0,0,0,0,0,0,0,15,5,0,1,0,0,1,0,0,1,0,0,1,0,0,0,-1,0,0,0,0,-1,1,0,-1,1,0,-1,1
asdf                                                               ,243.309,35.179,243.517,34.814,90,100,0,0,0,0,0,0,0,0,10,5,0,1,0,0,1,0,0,1,0,0,1,0,0,0,-1,0,0,0,0,-1,1,0,-1,1,0,-1,1
asdf                                                               ,243.579,34.17,243.58,34.131,90,100,0,0,0,0,0,0,0,0,15,5,0,1,0,0,1,0,0,1,0,0,1,0,0,0,-1,0,0,0,0,-1,1,0,-1,1,0,-1,1
asdf                                                               ,243.475,34.31,243.565,34.309,90,100,0,0,0,0,0,0,0,0,15,5,0,1,0,0,1,0,0,1,0,0,1,0,0,0,-1,0,0,0,0,-1,1,0,-1,1,0,-1,1
asdf                                                               ,243.126,34.367,243.143,34.377,90,100,0,0,0,0,0,0,0,0,15,5,0,1,0,0,1,0,0,1,0,0,1,0,0,0,-1,0,0,0,0,-1,1,0,-1,1,0,-1,1
asdf                                                               ,243.143,34.377,243.2,34.337,90,100,0,0,0,0,0,0,0,0,15,5,0,1,0,0,1,0,0,1,0,0,1,0,0,0,-1,0,0,0,0,-1,1,0,-1,1,0,-1,1
asdf                                                               ,243.032,35.489,242.992,35.609,90,100,0,0,0,0,0,0,0,0,10,5,0,1,0,0,1,0,0,1,0,0,1,0,0,0,-1,0,0,0,0,-1,1,0,-1,1,0,-1,1
asdf                                                               ,242.537,34.312,242.47,34.311,90,100,0,0,0,0,0,0,0,0,15,5,0,1,0,0,1,0,0,1,0,0,1,0,0,0,-1,0,0,0,0,-1,1,0,-1,1,0,-1,1
asdf                                                               ,244.302,32.886,244.336,32.899,90,100,0,0,0,0,0,0,0,0,15,5,0,1,0,0,1,0,0,1,0,0,1,0,0,0,-1,0,0,0,0,-1,1,0,-1,1,0,-1,1
asdf                                                               ,244.465,32.872,244.446,32.899,90,100,0,0,0,0,0,0,0,0,2.5,5,0,1,0,0,1,0,0,1,0,0,1,0,0,0,-1,0,0,0,0,-1,1,0,-1,1,0,-1,1
asdf                                                               ,242.556,34.18,242.614,34.195,90,100,0,0,0,0,0,0,0,0,15,5,0,1,0,0,1,0,0,1,0,0,1,0,0,0,-1,0,0,0,0,-1,1,0,-1,1,0,-1,1
asdf                                                               ,241.125,34.716,241.103,34.811,90,100,0,0,0,0,0,0,0,0,15,5,0,1,0,0,1,0,0,1,0,0,1,0,0,0,-1,0,0,0,0,-1,1,0,-1,1,0,-1,1
asdf                                                               ,241.095,34.383,241.229,34.372,90,100,0,0,0,0,0,0,0,0,15,5,0,1,0,0,1,0,0,1,0,0,1,0,0,0,-1,0,0,0,0,-1,1,0,-1,1,0,-1,1
asdf                                                               ,241.562,34.335,241.525,34.387,90,100,0,0,0,0,0,0,0,0,15,5,0,1,0,0,1,0,0,1,0,0,1,0,0,0,-1,0,0,0,0,-1,1,0,-1,1,0,-1,1
asdf                                                               ,240.836,34.533,241.028,34.582,90,100,0,0,0,0,0,0,0,0,15,5,0,1,0,0,1,0,0,1,0,0,1,0,0,0,-1,0,0,0,0,-1,1,0,-1,1,0,-1,1
asdf                                                               ,241.443,33.972,241.448,34.021,90,100,0,0,0,0,0,0,0,0,15,5,0,1,0,0,1,0,0,1,0,0,1,0,0,0,-1,0,0,0,0,-1,1,0,-1,1,0,-1,1
asdf                                                               ,241.616,34.04,241.611,34.074,90,100,0,0,0,0,0,0,0,0,15,5,0,1,0,0,1,0,0,1,0,0,1,0,0,0,-1,0,0,0,0,-1,1,0,-1,1,0,-1,1
asdf                                                               ,241.798,33.96,241.956,33.895,90,100,0,0,0,0,0,0,0,0,15,5,0,1,0,0,1,0,0,1,0,0,1,0,0,0,-1,0,0,0,0,-1,1,0,-1,1,0,-1,1
asdf                                                               ,241.611,34.074,241.664,34.034,90,100,0,0,0,0,0,0,0,0,15,5,0,1,0,0,1,0,0,1,0,0,1,0,0,0,-1,0,0,0,0,-1,1,0,-1,1,0,-1,1
asdf                                                               ,242.084,33.892,242.148,33.931,90,100,0,0,0,0,0,0,0,0,15,5,0,1,0,0,1,0,0,1,0,0,1,0,0,0,-1,0,0,0,0,-1,1,0,-1,1,0,-1,1
asdf                                                               ,240.485,34.252,240.568,34.236,90,100,0,0,0,0,0,0,0,0,15,5,0,1,0,0,1,0,0,1,0,0,1,0,0,0,-1,0,0,0,0,-1,1,0,-1,1,0,-1,1
asdf                                                               ,240.094,34.013,240.126,34.033,90,100,0,0,0,0,0,0,0,0,15,5,0,1,0,0,1,0,0,1,0,0,1,0,0,0,-1,0,0,0,0,-1,1,0,-1,1,0,-1,1
asdf                                                               ,240.74,33.985,240.772,33.941,90,100,0,0,0,0,0,0,0,0,15,5,0,1,0,0,1,0,0,1,0,0,1,0,0,0,-1,0,0,0,0,-1,1,0,-1,1,0,-1,1
asdf                                                               ,240.519,33.956,240.485,33.989,90,100,0,0,0,0,0,0,0,0,15,5,0,1,0,0,1,0,0,1,0,0,1,0,0,0,-1,0,0,0,0,-1,1,0,-1,1,0,-1,1
asdf                                                               ,239.88,34.251,239.467,34.095,90,100,0,0,0,0,0,0,0,0,15,5,0,1,0,0,1,0,0,1,0,0,1,0,0,0,-1,0,0,0,0,-1,1,0,-1,1,0,-1,1
asdf                                                               ,239.693,34.514,239.357,34.46,90,100,0,0,0,0,0,0,0,0,15,5,0,1,0,0,1,0,0,1,0,0,1,0,0,0,-1,0,0,0,0,-1,1,0,-1,1,0,-1,1
asdf                                                               ,241.971,35.298,241.977,35.284,90,100,0,0,0,0,0,0,0,0,10,5,0,1,0,0,1,0,0,1,0,0,1,0,0,0,-1,0,0,0,0,-1,1,0,-1,1,0,-1,1
asdf                                                               ,241.977,35.284,241.986,35.271,90,100,0,0,0,0,0,0,0,0,10,5,0,1,0,0,1,0,0,1,0,0,1,0,0,0,-1,0,0,0,0,-1,1,0,-1,1,0,-1,1
asdf                                                               ,241.493,34.701,241.498,34.699,90,100,0,0,0,0,0,0,0,0,15,5,0,1,0,0,1,0,0,1,0,0,1,0,0,0,-1,0,0,0,0,-1,1,0,-1,1,0,-1,1
asdf                                                               ,241.21,34.621,241.235,34.617,90,100,0,0,0,0,0,0,0,0,15,5,0,1,0,0,1,0,0,1,0,0,1,0,0,0,-1,0,0,0,0,-1,1,0,-1,1,0,-1,1
asdf                                                               ,240.021,34.306,240.035,34.318,90,100,0,0,0,0,0,0,0,0,15,5,0,1,0,0,1,0,0,1,0,0,1,0,0,0,-1,0,0,0,0,-1,1,0,-1,1,0,-1,1
asdf                                                               ,241.861,34.119,241.862,34.118,90,100,0,0,0,0,0,0,0,0,15,5,0,1,0,0,1,0,0,1,0,0,1,0,0,0,-1,0,0,0,0,-1,1,0,-1,1,0,-1,1
asdf                                                               ,243.544,32.992,243.556,32.988,90,100,0,0,0,0,0,0,0,0,15,5,0,1,0,0,1,0,0,1,0,0,1,0,0,0,-1,0,0,0,0,-1,1,0,-1,1,0,-1,1
asdf                                                               ,242.101,33.581,242.117,33.572,90,100,0,0,0,0,0,0,0,0,15,5,0,1,0,0,1,0,0,1,0,0,1,0,0,0,-1,0,0,0,0,-1,1,0,-1,1,0,-1,1
asdf                                                               ,242.133,33.02,242.144,33.003,90,100,0,0,0,0,0,0,0,0,15,5,0,1,0,0,1,0,0,1,0,0,1,0,0,0,-1,0,0,0,0,-1,1,0,-1,1,0,-1,1
asdf                                                               ,242.556,32.455,242.57,32.449,90,100,0,0,0,0,0,0,0,0,15,5,0,1,0,0,1,0,0,1,0,0,1,0,0,0,-1,0,0,0,0,-1,1,0,-1,1,0,-1,1
asdf                                                               ,242.06,37.483,242.347,37.296,90,100,0,0,0,0,0,0,0,0,10,5,0,1,0,0,1,0,0,1,0,0,1,0,0,0,-1,0,0,0,0,-1,1,0,-1,1,0,-1,1
asdf                                                               ,242.048,36.925,241.946,37.15,90,100,0,0,0,0,0,0,0,0,10,5,0,1,0,0,1,0,0,1,0,0,1,0,0,0,-1,0,0,0,0,-1,1,0,-1,1,0,-1,1
asdf                                                               ,245.344,31.826,245.479,31.655,90,100,0,0,0,0,0,0,0,0,15,5,0,1,0,0,1,0,0,1,0,0,1,0,0,0,-1,0,0,0,0,-1,1,0,-1,1,0,-1,1
asdf                                                               ,242.918,32.58,242.868,32.707,90,100,0,0,0,0,0,0,0,0,15,5,0,1,0,0,1,0,0,1,0,0,1,0,0,0,-1,0,0,0,0,-1,1,0,-1,1,0,-1,1
asdf                                                               ,243.677,31.527,244.239,31.325,90,100,0,0,0,0,0,0,0,0,15,5,0,1,0,0,1,0,0,1,0,0,1,0,0,0,-1,0,0,0,0,-1,1,0,-1,1,0,-1,1
asdf                                                               ,243.165,31.89,243.361,31.581,90,100,0,0,0,0,0,0,0,0,15,5,0,1,0,0,1,0,0,1,0,0,1,0,0,0,-1,0,0,0,0,-1,1,0,-1,1,0,-1,1
asdf                                                               ,241.511,34.328,241.562,34.335,90,100,0,0,0,0,0,0,0,0,15,5,0,1,0,0,1,0,0,1,0,0,1,0,0,0,-1,0,0,0,0,-1,1,0,-1,1,0,-1,1
asdf                                                               ,243.58,34.131,243.712,34.143,90,100,0,0,0,0,0,0,0,0,15,5,0,1,0,0,1,0,0,1,0,0,1,0,0,0,-1,0,0,0,0,-1,1,0,-1,1,0,-1,1
asdf                                                               ,237.231,38.539,237.307,38.576,90,100,0,0,0,0,0,0,0,0,15,5,0,1,0,0,1,0,0,1,0,0,1,0,0,0,-1,0,0,0,0,-1,1,0,-1,1,0,-1,1
asdf                                                               ,237.594,38.053,237.661,38.088,90,100,0,0,0,0,0,0,0,0,15,5,0,1,0,0,1,0,0,1,0,0,1,0,0,0,-1,0,0,0,0,-1,1,0,-1,1,0,-1,1
asdf                                                               ,237.967,37.859,238.025,37.888,90,100,0,0,0,0,0,0,0,0,15,5,0,1,0,0,1,0,0,1,0,0,1,0,0,0,-1,0,0,0,0,-1,1,0,-1,1,0,-1,1
asdf                                                               ,236.997,38.855,236.987,38.877,90,100,0,0,0,0,0,0,0,0,15,5,0,1,0,0,1,0,0,1,0,0,1,0,0,0,-1,0,0,0,0,-1,1,0,-1,1,0,-1,1
asdf                                                               ,238.208,37.435,238.193,37.445,90,100,0,0,0,0,0,0,0,0,15,5,0,1,0,0,1,0,0,1,0,0,1,0,0,0,-1,0,0,0,0,-1,1,0,-1,1,0,-1,1
asdf                                                               ,237.755,38.164,237.967,37.859,90,100,0,0,0,0,0,0,0,0,15,5,0,1,0,0,1,0,0,1,0,0,1,0,0,0,-1,0,0,0,0,-1,1,0,-1,1,0,-1,1
asdf                                                               ,237.318,38.779,237.631,38.412,90,100,0,0,0,0,0,0,0,0,15,5,0,1,0,0,1,0,0,1,0,0,1,0,0,0,-1,0,0,0,0,-1,1,0,-1,1,0,-1,1
asdf                                                               ,238.296,36.15,238.256,36.208,90,100,0,0,0,0,0,0,0,0,15,5,0,1,0,0,1,0,0,1,0,0,1,0,0,0,-1,0,0,0,0,-1,1,0,-1,1,0,-1,1
asdf                                                               ,237.838,36.805,237.865,36.815,90,100,0,0,0,0,0,0,0,0,15,5,0,1,0,0,1,0,0,1,0,0,1,0,0,0,-1,0,0,0,0,-1,1,0,-1,1,0,-1,1
asdf                                                               ,237.326,37.894,237.302,37.931,90,100,0,0,0,0,0,0,0,0,15,5,0,1,0,0,1,0,0,1,0,0,1,0,0,0,-1,0,0,0,0,-1,1,0,-1,1,0,-1,1
asdf                                                               ,237.51,37.668,237.826,37.325,90,100,0,0,0,0,0,0,0,0,15,5,0,1,0,0,1,0,0,1,0,0,1,0,0,0,-1,0,0,0,0,-1,1,0,-1,1,0,-1,1
asdf                                                               ,237.302,37.931,237.3,37.936,90,100,0,0,0,0,0,0,0,0,15,5,0,1,0,0,1,0,0,1,0,0,1,0,0,0,-1,0,0,0,0,-1,1,0,-1,1,0,-1,1
asdf                                                               ,237.403,37.81,237.406,37.815,90,100,0,0,0,0,0,0,0,0,15,5,0,1,0,0,1,0,0,1,0,0,1,0,0,0,-1,0,0,0,0,-1,1,0,-1,1,0,-1,1
asdf                                                               ,237.403,37.81,237.51,37.668,90,100,0,0,0,0,0,0,0,0,15,5,0,1,0,0,1,0,0,1,0,0,1,0,0,0,-1,0,0,0,0,-1,1,0,-1,1,0,-1,1
asdf                                                               ,236.502,38.783,236.958,38.329,90,100,0,0,0,0,0,0,0,0,15,5,0,1,0,0,1,0,0,1,0,0,1,0,0,0,-1,0,0,0,0,-1,1,0,-1,1,0,-1,1
asdf                                                               ,236.215,39.115,236.502,38.783,90,100,0,0,0,0,0,0,0,0,15,5,0,1,0,0,1,0,0,1,0,0,1,0,0,0,-1,0,0,0,0,-1,1,0,-1,1,0,-1,1
asdf                                                               ,236.145,39.251,236.215,39.115,90,100,0,0,0,0,0,0,0,0,15,5,0,1,0,0,1,0,0,1,0,0,1,0,0,0,-1,0,0,0,0,-1,1,0,-1,1,0,-1,1
asdf                                                               ,236.081,39.411,236.145,39.251,90,100,0,0,0,0,0,0,0,0,15,5,0,1,0,0,1,0,0,1,0,0,1,0,0,0,-1,0,0,0,0,-1,1,0,-1,1,0,-1,1
asdf                                                               ,236.005,39.673,236.081,39.411,90,100,0,0,0,0,0,0,0,0,15,5,0,1,0,0,1,0,0,1,0,0,1,0,0,0,-1,0,0,0,0,-1,1,0,-1,1,0,-1,1
asdf                                                               ,235.974,39.884,236.005,39.673,90,100,0,0,0,0,0,0,0,0,15,5,0,1,0,0,1,0,0,1,0,0,1,0,0,0,-1,0,0,0,0,-1,1,0,-1,1,0,-1,1
asdf                                                               ,235.8953,40.0763,235.974,39.884,90,100,0,0,0,0,0,0,0,0,15,5,0,1,0,0,1,0,0,1,0,0,1,0,0,0,-1,0,0,0,0,-1,1,0,-1,1,0,-1,1
asdf                                                               ,237.867,37.734,237.911,37.679,90,100,0,0,0,0,0,0,0,0,15,5,0,1,0,0,1,0,0,1,0,0,1,0,0,0,-1,0,0,0,0,-1,1,0,-1,1,0,-1,1
asdf                                                               ,241.947,34.14,242.025,34.164,90,100,0,0,0,0,0,0,0,0,15,5,0,1,0,0,1,0,0,1,0,0,1,0,0,0,-1,0,0,0,0,-1,1,0,-1,1,0,-1,1
asdf2                                                              ,243.601,35.603,243.608,35.596,90,100,0,0,0,0,0,0,0,0,10,5,0,1,0,0,1,0,0,1,0,0,1,0,0,0,-1,0,0,0,0,-1,1,0,-1,1,0,-1,1
asdfa                                                              ,238.319,36.949,238.389,36.902,90,100,0,0,0,0,0,0,0,0,5,5,0,1,0,0,1,0,0,1,0,0,1,0,0,0,-1,0,0,0,0,-1,1,0,-1,1,0,-1,1
asdfa                                                              ,241.573,37.793,241.596,37.434,90,100,0,0,0,0,0,0,0,0,10,5,0,1,0,0,1,0,0,1,0,0,1,0,0,0,-1,0,0,0,0,-1,1,0,-1,1,0,-1,1
asdfa                                                              ,238.599,36.836,238.624,36.806,90,100,0,0,0,0,0,0,0,0,0,5,0,1,0,0,1,0,0,1,0,0,1,0,0,0,-1,0,0,0,0,-1,1,0,-1,1,0,-1,1
asdfa                                                              ,237.911,37.679,237.952,37.639,90,100,0,0,0,0,0,0,0,0,15,5,0,1,0,0,1,0,0,1,0,0,1,0,0,0,-1,0,0,0,0,-1,1,0,-1,1,0,-1,1
asdfa                                                              ,238.028,37.558,238.075,37.498,90,100,0,0,0,0,0,0,0,0,15,5,0,1,0,0,1,0,0,1,0,0,1,0,0,0,-1,0,0,0,0,-1,1,0,-1,1,0,-1,1
asdfa                                                              ,242.255,34.033,242.223,34.082,90,100,0,0,0,0,0,0,0,0,15,5,0,1,0,0,1,0,0,1,0,0,1,0,0,0,-1,0,0,0,0,-1,1,0,-1,1,0,-1,1
asdfa                                                              ,240.79,34.864,240.936,34.846,90,100,0,0,0,0,0,0,0,0,15,5,0,1,0,0,1,0,0,1,0,0,1,0,0,0,-1,0,0,0,0,-1,1,0,-1,1,0,-1,1
asdfaa                                                             ,237.137,38.993,236.923,39.243,90,100,0,0,0,0,0,0,0,0,15,5,0,1,0,0,1,0,0,1,0,0,1,0,0,0,-1,0,0,0,0,-1,1,0,-1,1,0,-1,1
asdfaaa                                                            ,239.313,34.606,239.335,34.533,90,100,0,0,0,0,0,0,0,0,15,5,0,1,0,0,1,0,0,1,0,0,1,0,0,0,-1,0,0,0,0,-1,1,0,-1,1,0,-1,1
asdfaaaa                                                           ,237.594,38.053,237.63,38.008,90,100,0,0,0,0,0,0,0,0,15,5,0,1,0,0,1,0,0,1,0,0,1,0,0,0,-1,0,0,0,0,-1,1,0,-1,1,0,-1,1
asdfaaab                                                           ,237.63,38.008,237.64,37.995,90,100,0,0,0,0,0,0,0,0,15,5,0,1,0,0,1,0,0,1,0,0,1,0,0,0,-1,0,0,0,0,-1,1,0,-1,1,0,-1,1
asdfaab                                                            ,239.335,34.533,239.357,34.46,90,100,0,0,0,0,0,0,0,0,15,5,0,1,0,0,1,0,0,1,0,0,1,0,0,0,-1,0,0,0,0,-1,1,0,-1,1,0,-1,1
asdfaab                                                            ,237.64,37.995,237.661,37.97,90,100,0,0,0,0,0,0,0,0,15,5,0,1,0,0,1,0,0,1,0,0,1,0,0,0,-1,0,0,0,0,-1,1,0,-1,1,0,-1,1
asdfab                                                             ,236.923,39.243,236.71,39.493,90,100,0,0,0,0,0,0,0,0,15,5,0,1,0,0,1,0,0,1,0,0,1,0,0,0,-1,0,0,0,0,-1,1,0,-1,1,0,-1,1
asdfaba                                                            ,239.357,34.46,239.379,34.387,90,100,0,0,0,0,0,0,0,0,15,5,0,1,0,0,1,0,0,1,0,0,1,0,0,0,-1,0,0,0,0,-1,1,0,-1,1,0,-1,1
asdfaba                                                            ,237.661,37.97,237.7,37.929,90,100,0,0,0,0,0,0,0,0,15,5,0,1,0,0,1,0,0,1,0,0,1,0,0,0,-1,0,0,0,0,-1,1,0,-1,1,0,-1,1
asdfabb                                                            ,239.379,34.387,239.401,34.314,90,100,0,0,0,0,0,0,0,0,15,5,0,1,0,0,1,0,0,1,0,0,1,0,0,0,-1,0,0,0,0,-1,1,0,-1,1,0,-1,1
asdfabbaa                                                          ,237.7,37.929,237.714,37.91,90,100,0,0,0,0,0,0,0,0,15,5,0,1,0,0,1,0,0,1,0,0,1,0,0,0,-1,0,0,0,0,-1,1,0,-1,1,0,-1,1
asdfabbab                                                          ,237.714,37.91,237.721,37.902,90,100,0,0,0,0,0,0,0,0,15,5,0,1,0,0,1,0,0,1,0,0,1,0,0,0,-1,0,0,0,0,-1,1,0,-1,1,0,-1,1
asdfabbba                                                          ,237.721,37.902,237.734,37.886,90,100,0,0,0,0,0,0,0,0,15,5,0,1,0,0,1,0,0,1,0,0,1,0,0,0,-1,0,0,0,0,-1,1,0,-1,1,0,-1,1
asdfabbbb                                                          ,237.734,37.886,237.763,37.845,90,100,0,0,0,0,0,0,0,0,15,5,0,1,0,0,1,0,0,1,0,0,1,0,0,0,-1,0,0,0,0,-1,1,0,-1,1,0,-1,1
asdfb                                                              ,236.71,39.493,236.283,39.991,90,100,0,0,0,0,0,0,0,0,15,5,0,1,0,0,1,0,0,1,0,0,1,1,0,0,-1,0,0,0,0,-1,1,0,-1,1,0,-1,1
asdfb                                                              ,238.389,36.902,238.467,36.841,90,100,0,0,0,0,0,0,0,0,5,5,0,1,0,0,1,0,0,1,0,0,1,0,0,0,-1,0,0,0,0,-1,1,0,-1,1,0,-1,1
asdfb                                                              ,241.596,37.434,241.671,37.236,90,100,0,0,0,0,0,0,0,0,10,5,0,1,0,0,1,0,0,1,0,0,1,0,0,0,-1,0,0,0,0,-1,1,0,-1,1,0,-1,1
asdfb                                                              ,242.223,34.082,242.191,34.131,90,100,0,0,0,0,0,0,0,0,15,5,0,1,0,0,1,0,0,1,0,0,1,0,0,0,-1,0,0,0,0,-1,1,0,-1,1,0,-1,1
asdfb                                                              ,240.936,34.846,241.103,34.811,90,100,0,0,0,0,0,0,0,0,15,5,0,1,0,0,1,0,0,1,0,0,1,0,0,0,-1,0,0,0,0,-1,1,0,-1,1,0,-1,1
asdfba                                                             ,238.075,37.498,238.115,37.452,90,100,0,0,0,0,0,0,0,0,15,5,0,1,0,0,1,0,0,1,0,0,1,0,0,0,-1,0,0,0,0,-1,1,0,-1,1,0,-1,1
asdfba                                                             ,237.763,37.845,237.775,37.83,90,100,0,0,0,0,0,0,0,0,15,5,0,1,0,0,1,0,0,1,0,0,1,0,0,0,-1,0,0,0,0,-1,1,0,-1,1,0,-1,1
asdfba                                                             ,237.952,37.639,237.995,37.597,90,100,0,0,0,0,0,0,0,0,15,5,0,1,0,0,1,0,0,1,0,0,1,0,0,0,-1,0,0,0,0,-1,1,0,-1,1,0,-1,1
asdfbaa                                                            ,239.401,34.314,239.423,34.241,90,100,0,0,0,0,0,0,0,0,15,5,0,1,0,0,1,0,0,1,0,0,1,0,0,0,-1,0,0,0,0,-1,1,0,-1,1,0,-1,1
asdfbaa                                                            ,238.624,36.806,238.665,36.763,90,100,0,0,0,0,0,0,0,0,0,5,0,1,0,0,1,0,0,1,0,0,1,0,0,0,-1,0,0,0,0,-1,1,0,-1,1,0,-1,1
asdfbab                                                            ,239.423,34.241,239.445,34.168,90,100,0,0,0,0,0,0,0,0,15,5,0,1,0,0,1,0,0,1,0,0,1,0,0,0,-1,0,0,0,0,-1,1,0,-1,1,0,-1,1
asdfbab                                                            ,238.665,36.763,238.739,36.704,90,100,0,0,0,0,0,0,0,0,0,5,0,1,0,0,1,0,0,1,0,0,1,0,0,0,-1,0,0,0,0,-1,1,0,-1,1,0,-1,1
asdfbb                                                             ,237.995,37.597,238.028,37.558,90,100,0,0,0,0,0,0,0,0,15,5,0,1,0,0,1,0,0,1,0,0,1,0,0,0,-1,0,0,0,0,-1,1,0,-1,1,0,-1,1
asdfbba                                                            ,239.445,34.168,239.467,34.095,90,100,0,0,0,0,0,0,0,0,15,5,0,1,0,0,1,0,0,1,0,0,1,0,0,0,-1,0,0,0,0,-1,1,0,-1,1,0,-1,1
asdfbba                                                            ,238.739,36.704,238.895,36.555,90,100,0,0,0,0,0,0,0,0,0,5,0,1,0,0,1,0,0,1,0,0,1,0,0,0,-1,0,0,0,0,-1,1,0,-1,1,0,-1,1
asdfbba                                                            ,237.775,37.83,237.824,37.785,90,100,0,0,0,0,0,0,0,0,15,5,0,1,0,0,1,0,0,1,0,0,1,0,0,0,-1,0,0,0,0,-1,1,0,-1,1,0,-1,1
asdfbbaaa                                                          ,238.115,37.452,238.145,37.416,90,100,0,0,0,0,0,0,0,0,15,5,0,1,0,0,1,0,0,1,0,0,1,0,0,0,-1,0,0,0,0,-1,1,0,-1,1,0,-1,1
asdfbbaab                                                          ,238.145,37.416,238.161,37.379,90,100,0,0,0,0,0,0,0,0,15,5,0,1,0,0,1,0,0,1,0,0,1,0,0,0,-1,0,0,0,0,-1,1,0,-1,1,0,-1,1
asdfbbaba                                                          ,238.161,37.379,238.169,37.349,90,100,0,0,0,0,0,0,0,0,15,5,0,1,0,0,1,0,0,1,0,0,1,0,0,0,-1,0,0,0,0,-1,1,0,-1,1,0,-1,1
asdfbbabbaa                                                        ,238.169,37.349,238.175,37.328,90,100,0,0,0,0,0,0,0,0,15,5,0,1,0,0,1,0,0,1,0,0,1,0,0,0,-1,0,0,0,0,-1,1,0,-1,1,0,-1,1
asdfbbabbab                                                        ,238.175,37.328,238.186,37.314,90,100,0,0,0,0,0,0,0,0,15,5,0,1,0,0,1,0,0,1,0,0,1,0,0,0,-1,0,0,0,0,-1,1,0,-1,1,0,-1,1
asdfbbabbba                                                        ,238.186,37.314,238.197,37.305,90,100,0,0,0,0,0,0,0,0,15,5,0,1,0,0,1,0,0,1,0,0,1,0,0,0,-1,0,0,0,0,-1,1,0,-1,1,0,-1,1
asdfbbabbbb                                                        ,238.197,37.305,238.225,37.288,90,100,0,0,0,0,0,0,0,0,15,5,0,1,0,0,1,0,0,1,0,0,1,0,0,0,-1,0,0,0,0,-1,1,0,-1,1,0,-1,1
asdfbbb                                                            ,239.467,34.095,239.489,34.022,90,100,0,0,0,0,0,0,0,0,15,5,0,1,0,0,1,0,0,1,0,0,1,0,0,0,-1,0,0,0,0,-1,1,0,-1,1,0,-1,1
asdfbbb                                                            ,238.895,36.555,238.887,36.526,90,100,0,0,0,0,0,0,0,0,0,5,0,1,0,0,1,0,0,1,0,0,1,0,0,0,-1,0,0,0,0,-1,1,0,-1,1,0,-1,1
asdfbbb                                                            ,237.824,37.785,237.867,37.734,90,100,0,0,0,0,0,0,0,0,15,5,0,1,0,0,1,0,0,1,0,0,1,0,0,0,-1,0,0,0,0,-1,1,0,-1,1,0,-1,1
asdfbbbaaa                                                         ,238.225,37.288,238.24,37.278,90,100,0,0,0,0,0,0,0,0,15,5,0,1,0,0,1,0,0,1,0,0,1,0,0,0,-1,0,0,0,0,-1,1,0,-1,1,0,-1,1
asdfbbbaab                                                         ,238.24,37.278,238.269,37.252,90,100,0,0,0,0,0,0,0,0,15,5,0,1,0,0,1,0,0,1,0,0,1,0,0,0,-1,0,0,0,0,-1,1,0,-1,1,0,-1,1
asdfbbbaba                                                         ,238.269,37.252,238.288,37.242,90,100,0,0,0,0,0,0,0,0,15,5,0,1,0,0,1,0,0,1,0,0,1,0,0,0,-1,0,0,0,0,-1,1,0,-1,1,0,-1,1
asdfbbbabb                                                         ,238.288,37.242,238.332,37.233,90,100,0,0,0,0,0,0,0,0,15,5,0,1,0,0,1,0,0,1,0,0,1,0,0,0,-1,0,0,0,0,-1,1,0,-1,1,0,-1,1
asdfbbbb                                                           ,238.332,37.233,238.353,37.224,90,100,0,0,0,0,0,0,0,0,15,5,0,1,0,0,1,0,0,1,0,0,1,0,0,0,-1,0,0,0,0,-1,1,0,-1,1,0,-1,1
bra                                                                ,247.764,42.286,247.087,43.873,90,100,0,0,0,0,0,0,0,0,15,5,0,1,0,0,1,0,0,1,0,0,1,0,0,0,-1,0,0,0,0,-1,1,0,-1,1,0,-1,1
brb                                                                ,247.087,43.873,245.927,44.722,90,100,0,0,0,0,0,0,0,0,15,5,0,1,0,0,1,0,0,1,0,0,1,0,0,0,-1,0,0,0,0,-1,1,0,-1,1,0,-1,1
cf011                                                              ,235.1964,49.3084,235.1699,49.32,90,100,0,0,0,0,0,0,0,0,15,5,0,1,0,0,1,0,0,1,0,0,1,0,0,0,-1,0,0,0,0,-1,1,0,-1,1,0,-1,1
cf011                                                              ,235.1699,49.32,235.1559,49.3288,90,100,0,0,0,0,0,0,0,0,15,5,0,1,0,0,1,0,0,1,0,0,1,0,0,0,-1,0,0,0,0,-1,1,0,-1,1,0,-1,1
cf011                                                              ,235.1559,49.3288,235.1399,49.3361,90,100,0,0,0,0,0,0,0,0,15,5,0,1,0,0,1,0,0,1,0,0,1,0,0,0,-1,0,0,0,0,-1,1,0,-1,1,0,-1,1
cf011                                                              ,235.1399,49.3361,235.1286,49.3418,90,100,0,0,0,0,0,0,0,0,15,5,0,1,0,0,1,0,0,1,0,0,1,0,0,0,-1,0,0,0,0,-1,1,0,-1,1,0,-1,1
cf011                                                              ,235.1286,49.3418,235.105,49.3563,90,100,0,0,0,0,0,0,0,0,15,5,0,1,0,0,1,0,0,1,0,0,1,0,0,0,-1,0,0,0,0,-1,1,0,-1,1,0,-1,1
cf011                                                              ,235.105,49.3563,235.0856,49.3739,90,100,0,0,0,0,0,0,0,0,15,5,0,1,0,0,1,0,0,1,0,0,1,0,0,0,-1,0,0,0,0,-1,1,0,-1,1,0,-1,1
cf011                                                              ,235.0856,49.3739,235.0675,49.3899,90,100,0,0,0,0,0,0,0,0,15,5,0,1,0,0,1,0,0,1,0,0,1,0,0,0,-1,0,0,0,0,-1,1,0,-1,1,0,-1,1
cf011                                                              ,235.0675,49.3899,235.0533,49.4007,90,100,0,0,0,0,0,0,0,0,15,5,0,1,0,0,1,0,0,1,0,0,1,0,0,0,-1,0,0,0,0,-1,1,0,-1,1,0,-1,1
cf011                                                              ,235.0533,49.4007,235.0384,49.4127,90,100,0,0,0,0,0,0,0,0,15,5,0,1,0,0,1,0,0,1,0,0,1,0,0,0,-1,0,0,0,0,-1,1,0,-1,1,0,-1,1
cf011                                                              ,235.0384,49.4127,235.0112,49.431,90,100,0,0,0,0,0,0,0,0,15,5,0,1,0,0,1,0,0,1,0,0,1,0,0,0,-1,0,0,0,0,-1,1,0,-1,1,0,-1,1
cf011                                                              ,235.0112,49.431,234.9954,49.4421,90,100,0,0,0,0,0,0,0,0,15,5,0,1,0,0,1,0,0,1,0,0,1,0,0,0,-1,0,0,0,0,-1,1,0,-1,1,0,-1,1
cf011                                                              ,234.9954,49.4421,234.9852,49.452,90,100,0,0,0,0,0,0,0,0,15,5,0,1,0,0,1,0,0,1,0,0,1,0,0,0,-1,0,0,0,0,-1,1,0,-1,1,0,-1,1
cf011                                                              ,234.9852,49.452,234.9743,49.4595,90,100,0,0,0,0,0,0,0,0,15,5,0,1,0,0,1,0,0,1,0,0,1,0,0,0,-1,0,0,0,0,-1,1,0,-1,1,0,-1,1
cf011                                                              ,234.9743,49.4595,234.9519,49.4745,90,100,0,0,0,0,0,0,0,0,15,5,0,1,0,0,1,0,0,1,0,0,1,0,0,0,-1,0,0,0,0,-1,1,0,-1,1,0,-1,1
cf011                                                              ,234.9519,49.4745,234.9388,49.4835,90,100,0,0,0,0,0,0,0,0,15,5,0,1,0,0,1,0,0,1,0,0,1,0,0,0,-1,0,0,0,0,-1,1,0,-1,1,0,-1,1
cf011                                                              ,234.9388,49.4835,234.9275,49.4894,90,100,0,0,0,0,0,0,0,0,15,5,0,1,0,0,1,0,0,1,0,0,1,0,0,0,-1,0,0,0,0,-1,1,0,-1,1,0,-1,1
cf011                                                              ,234.9275,49.4894,234.9166,49.4956,90,100,0,0,0,0,0,0,0,0,15,5,0,1,0,0,1,0,0,1,0,0,1,0,0,0,-1,0,0,0,0,-1,1,0,-1,1,0,-1,1
cf011                                                              ,234.9166,49.4956,234.9056,49.502,90,100,0,0,0,0,0,0,0,0,15,5,0,1,0,0,1,0,0,1,0,0,1,0,0,0,-1,0,0,0,0,-1,1,0,-1,1,0,-1,1
cf011                                                              ,234.9056,49.502,234.8997,49.5055,90,100,0,0,0,0,0,0,0,0,15,5,0,1,0,0,1,0,0,1,0,0,1,0,0,0,-1,0,0,0,0,-1,1,0,-1,1,0,-1,1
cf011                                                              ,234.8997,49.5055,234.8851,49.5121,90,100,0,0,0,0,0,0,0,0,15,5,0,1,0,0,1,0,0,1,0,0,1,0,0,0,-1,0,0,0,0,-1,1,0,-1,1,0,-1,1
cf011                                                              ,234.8851,49.5121,234.8732,49.5176,90,100,0,0,0,0,0,0,0,0,15,5,0,1,0,0,1,0,0,1,0,0,1,0,0,0,-1,0,0,0,0,-1,1,0,-1,1,0,-1,1
cf011                                                              ,234.8732,49.5176,234.8534,49.5311,90,100,0,0,0,0,0,0,0,0,15,5,0,1,0,0,1,0,0,1,0,0,1,0,0,0,-1,0,0,0,0,-1,1,0,-1,1,0,-1,1
cf011                                                              ,234.8534,49.5311,234.8466,49.5392,90,100,0,0,0,0,0,0,0,0,15,5,0,1,0,0,1,0,0,1,0,0,1,0,0,0,-1,0,0,0,0,-1,1,0,-1,1,0,-1,1
cf011                                                              ,234.8466,49.5392,234.838,49.5484,90,100,0,0,0,0,0,0,0,0,15,5,0,1,0,0,1,0,0,1,0,0,1,0,0,0,-1,0,0,0,0,-1,1,0,-1,1,0,-1,1
cf011                                                              ,234.838,49.5484,234.8287,49.5545,90,100,0,0,0,0,0,0,0,0,15,5,0,1,0,0,1,0,0,1,0,0,1,0,0,0,-1,0,0,0,0,-1,1,0,-1,1,0,-1,1
cf011                                                              ,234.8287,49.5545,234.8233,49.5646,90,100,0,0,0,0,0,0,0,0,15,5,0,1,0,0,1,0,0,1,0,0,1,0,0,0,-1,0,0,0,0,-1,1,0,-1,1,0,-1,1
cf011                                                              ,234.8233,49.5646,234.8096,49.5775,90,100,0,0,0,0,0,0,0,0,15,5,0,1,0,0,1,0,0,1,0,0,1,0,0,0,-1,0,0,0,0,-1,1,0,-1,1,0,-1,1
cf011                                                              ,234.8096,49.5775,234.8005,49.5826,90,100,0,0,0,0,0,0,0,0,15,5,0,1,0,0,1,0,0,1,0,0,1,0,0,0,-1,0,0,0,0,-1,1,0,-1,1,0,-1,1
cf011                                                              ,234.8005,49.5826,234.7844,49.5904,90,100,0,0,0,0,0,0,0,0,15,5,0,1,0,0,1,0,0,1,0,0,1,0,0,0,-1,0,0,0,0,-1,1,0,-1,1,0,-1,1
cf011                                                              ,234.7844,49.5904,234.7775,49.5951,90,100,0,0,0,0,0,0,0,0,15,5,0,1,0,0,1,0,0,1,0,0,1,0,0,0,-1,0,0,0,0,-1,1,0,-1,1,0,-1,1
cf011                                                              ,234.7775,49.5951,234.766,49.601,90,100,0,0,0,0,0,0,0,0,15,5,0,1,0,0,1,0,0,1,0,0,1,0,0,0,-1,0,0,0,0,-1,1,0,-1,1,0,-1,1
cf011                                                              ,234.766,49.601,234.7549,49.6066,90,100,0,0,0,0,0,0,0,0,15,5,0,1,0,0,1,0,0,1,0,0,1,0,0,0,-1,0,0,0,0,-1,1,0,-1,1,0,-1,1
cf011                                                              ,234.7549,49.6066,234.7499,49.6146,90,100,0,0,0,0,0,0,0,0,15,5,0,1,0,0,1,0,0,1,0,0,1,0,0,0,-1,0,0,0,0,-1,1,0,-1,1,0,-1,1
cf011                                                              ,234.7499,49.6146,234.7421,49.6247,90,100,0,0,0,0,0,0,0,0,15,5,0,1,0,0,1,0,0,1,0,0,1,0,0,0,-1,0,0,0,0,-1,1,0,-1,1,0,-1,1
cf011                                                              ,234.7421,49.6247,234.7244,49.6405,90,100,0,0,0,0,0,0,0,0,15,5,0,1,0,0,1,0,0,1,0,0,1,0,0,0,-1,0,0,0,0,-1,1,0,-1,1,0,-1,1
cf011                                                              ,234.7244,49.6405,234.7145,49.6478,90,100,0,0,0,0,0,0,0,0,15,5,0,1,0,0,1,0,0,1,0,0,1,0,0,0,-1,0,0,0,0,-1,1,0,-1,1,0,-1,1
cf011                                                              ,234.7145,49.6478,234.7083,49.653,90,100,0,0,0,0,0,0,0,0,15,5,0,1,0,0,1,0,0,1,0,0,1,0,0,0,-1,0,0,0,0,-1,1,0,-1,1,0,-1,1
cf011                                                              ,234.7083,49.653,234.7007,49.6607,90,100,0,0,0,0,0,0,0,0,15,5,0,1,0,0,1,0,0,1,0,0,1,0,0,0,-1,0,0,0,0,-1,1,0,-1,1,0,-1,1
cf011                                                              ,234.7007,49.6607,234.6911,49.6666,90,100,0,0,0,0,0,0,0,0,15,5,0,1,0,0,1,0,0,1,0,0,1,0,0,0,-1,0,0,0,0,-1,1,0,-1,1,0,-1,1
cf011                                                              ,234.6911,49.6666,234.679,49.6736,90,100,0,0,0,0,0,0,0,0,15,5,0,1,0,0,1,0,0,1,0,0,1,0,0,0,-1,0,0,0,0,-1,1,0,-1,1,0,-1,1
cf011                                                              ,234.679,49.6736,234.6685,49.6775,90,100,0,0,0,0,0,0,0,0,15,5,0,1,0,0,1,0,0,1,0,0,1,0,0,0,-1,0,0,0,0,-1,1,0,-1,1,0,-1,1
cf011                                                              ,234.6685,49.6775,234.6526,49.6817,90,100,0,0,0,0,0,0,0,0,15,5,0,1,0,0,1,0,0,1,0,0,1,0,0,0,-1,0,0,0,0,-1,1,0,-1,1,0,-1,1
cf011                                                              ,234.6526,49.6817,234.6455,49.6855,90,100,0,0,0,0,0,0,0,0,15,5,0,1,0,0,1,0,0,1,0,0,1,0,0,0,-1,0,0,0,0,-1,1,0,-1,1,0,-1,1
cf011                                                              ,234.6455,49.6855,234.6376,49.6899,90,100,0,0,0,0,0,0,0,0,15,5,0,1,0,0,1,0,0,1,0,0,1,0,0,0,-1,0,0,0,0,-1,1,0,-1,1,0,-1,1
cf011                                                              ,234.6376,49.6899,234.6242,49.695,90,100,0,0,0,0,0,0,0,0,15,5,0,1,0,0,1,0,0,1,0,0,1,0,0,0,-1,0,0,0,0,-1,1,0,-1,1,0,-1,1
cf343                                                              ,234.2288,50.0295,234.1428,50.0465,90,100,0,0,0,0,0,0,0,0,15,5,0,1,0,0,1,0,0,1,0,0,1,0,0,0,-1,0,0,0,0,-1,1,0,-1,1,0,-1,1
cf343                                                              ,234.1428,50.0465,234.0975,50.0605,90,100,0,0,0,0,0,0,0,0,15,5,0,1,0,0,1,0,0,1,0,0,1,0,0,0,-1,0,0,0,0,-1,1,0,-1,1,0,-1,1
cf343                                                              ,234.0975,50.0605,234.0012,50.0853,90,100,0,0,0,0,0,0,0,0,15,5,0,1,0,0,1,0,0,1,0,0,1,0,0,0,-1,0,0,0,0,-1,1,0,-1,1,0,-1,1
cf343                                                              ,234.0012,50.0853,233.8661,50.126,90,100,0,0,0,0,0,0,0,0,15,5,0,1,0,0,1,0,0,1,0,0,1,0,0,0,-1,0,0,0,0,-1,1,0,-1,1,0,-1,1
cf343                                                              ,233.8661,50.126,233.7846,50.1386,90,100,0,0,0,0,0,0,0,0,15,5,0,1,0,0,1,0,0,1,0,0,1,0,0,0,-1,0,0,0,0,-1,1,0,-1,1,0,-1,1
cf343                                                              ,233.7846,50.1386,233.7118,50.1601,90,100,0,0,0,0,0,0,0,0,15,5,0,1,0,0,1,0,0,1,0,0,1,0,0,0,-1,0,0,0,0,-1,1,0,-1,1,0,-1,1
cf343                                                              ,233.7118,50.1601,233.618,50.1815,90,100,0,0,0,0,0,0,0,0,15,5,0,1,0,0,1,0,0,1,0,0,1,0,0,0,-1,0,0,0,0,-1,1,0,-1,1,0,-1,1
cf343                                                              ,233.618,50.1815,233.518,50.2094,90,100,0,0,0,0,0,0,0,0,15,5,0,1,0,0,1,0,0,1,0,0,1,0,0,0,-1,0,0,0,0,-1,1,0,-1,1,0,-1,1
cf343                                                              ,233.518,50.2094,233.3454,50.2452,90,100,0,0,0,0,0,0,0,0,15,5,0,1,0,0,1,0,0,1,0,0,1,0,0,0,-1,0,0,0,0,-1,1,0,-1,1,0,-1,1
cf343                                                              ,233.3454,50.2452,233.2366,50.2571,90,100,0,0,0,0,0,0,0,0,15,5,0,1,0,0,1,0,0,1,0,0,1,0,0,0,-1,0,0,0,0,-1,1,0,-1,1,0,-1,1
cf343                                                              ,233.2366,50.2571,233.0167,50.3227,90,100,0,0,0,0,0,0,0,0,15,5,0,1,0,0,1,0,0,1,0,0,1,0,0,0,-1,0,0,0,0,-1,1,0,-1,1,0,-1,1
cf343                                                              ,233.0167,50.3227,232.7981,50.3655,90,100,0,0,0,0,0,0,0,0,15,5,0,1,0,0,1,0,0,1,0,0,1,0,0,0,-1,0,0,0,0,-1,1,0,-1,1,0,-1,1
cf349                                                              ,234.6242,49.695,234.5912,49.6947,90,100,0,0,0,0,0,0,0,0,15,5,0,1,0,0,1,0,0,1,0,0,1,0,0,0,-1,0,0,0,0,-1,1,0,-1,1,0,-1,1
cf349                                                              ,234.5912,49.6947,234.552,49.7057,90,100,0,0,0,0,0,0,0,0,15,5,0,1,0,0,1,0,0,1,0,0,1,0,0,0,-1,0,0,0,0,-1,1,0,-1,1,0,-1,1
cf349                                                              ,234.552,49.7057,234.4926,49.7133,90,100,0,0,0,0,0,0,0,0,15,5,0,1,0,0,1,0,0,1,0,0,1,0,0,0,-1,0,0,0,0,-1,1,0,-1,1,0,-1,1
cf349                                                              ,234.4926,49.7133,234.4385,49.7317,90,100,0,0,0,0,0,0,0,0,15,5,0,1,0,0,1,0,0,1,0,0,1,0,0,0,-1,0,0,0,0,-1,1,0,-1,1,0,-1,1
cf349                                                              ,234.4385,49.7317,234.3908,49.783,90,100,0,0,0,0,0,0,0,0,15,5,0,1,0,0,1,0,0,1,0,0,1,0,0,0,-1,0,0,0,0,-1,1,0,-1,1,0,-1,1
cf349                                                              ,234.3908,49.783,234.3867,49.8171,90,100,0,0,0,0,0,0,0,0,15,5,0,1,0,0,1,0,0,1,0,0,1,0,0,0,-1,0,0,0,0,-1,1,0,-1,1,0,-1,1
cf349                                                              ,234.3867,49.8171,234.3306,49.9064,90,100,0,0,0,0,0,0,0,0,15,5,0,1,0,0,1,0,0,1,0,0,1,0,0,0,-1,0,0,0,0,-1,1,0,-1,1,0,-1,1
cf349                                                              ,234.3306,49.9064,234.2438,50.001,90,100,0,0,0,0,0,0,0,0,15,5,0,1,0,0,1,0,0,1,0,0,1,0,0,0,-1,0,0,0,0,-1,1,0,-1,1,0,-1,1
cf349                                                              ,234.2438,50.001,234.2288,50.0295,90,100,0,0,0,0,0,0,0,0,15,5,0,1,0,0,1,0,0,1,0,0,1,0,0,0,-1,0,0,0,0,-1,1,0,-1,1,0,-1,1
cfm_camp_rock_complete_trace_part1_s                               ,243.381,34.768,243.472,34.668,90,0,0,0,0,0,0,0,0,0,5,1,0,0,0,0,1,0,0,1,0,0,1,0,0,0,-1,0,0,0,0,-1,1,0,-1,1,0,-1,1
cfm_camp_rock_complete_trace_part2_s                               ,243.333,34.836,243.381,34.768,90,0,0,0,0,0,0,0,0,0,5,1,0,0,0,0,1,0,0,1,0,0,1,0,0,0,-1,0,0,0,0,-1,1,0,-1,1,0,-1,1
cfm_camp_rock_complete_trace_part3_s                               ,243.233,34.922,243.333,34.836,90,0,0,0,0,0,0,0,0,0,5,1,0,0,0,0,1,0,0,1,0,0,1,0,0,0,-1,0,0,0,0,-1,1,0,-1,1,0,-1,1
cfm_camp_rock_complete_trace_part4_s                               ,243.115,34.954,243.233,34.922,90,0,0,0,0,0,0,0,0,0,5,1,0,0,0,0,1,0,0,1,0,0,1,0,0,0,-1,0,0,0,0,-1,1,0,-1,1,0,-1,1
cfm_cucamonga_extruded_truncated_at_sa_trace_part1_s               ,242.292,34.123,242.372,34.165,131.9,0,0,0,0,0,0,0,0,0,15,1,0,0,0,0,1,0,0,1,0,0,1,0,0,0,-1,0,0,0,0,-1,1,0,-1,1,0,-1,1
cfm_cucamonga_extruded_truncated_at_sa_trace_part2_s               ,242.372,34.165,242.441,34.174,136.5,0,0,0,0,0,0,0,0,0,15,1,0,0,0,0,1,0,0,1,0,0,1,0,0,0,-1,0,0,0,0,-1,1,0,-1,1,0,-1,1
cfm_cucamonga_extruded_truncated_at_sa_trace_part3_s               ,242.441,34.174,242.489,34.175,136.4,0,0,0,0,0,0,0,0,0,15,1,0,0,0,0,1,0,0,1,0,0,1,0,0,0,-1,0,0,0,0,-1,1,0,-1,1,0,-1,1
cfm_cucamonga_extruded_truncated_at_sa_trace_part4_s               ,242.489,34.175,242.556,34.18,136.3,0,0,0,0,0,0,0,0,0,15,1,0,0,0,0,1,0,0,1,0,0,1,0,0,0,-1,0,0,0,0,-1,1,0,-1,1,0,-1,1
cfm_death_valley_split_complete_trace_part10_s                     ,243.276,36.003,243.292,35.926,90,0,0,0,0,0,0,0,0,0,10,1,0,0,0,0,1,0,0,1,0,0,1,0,0,0,-1,0,0,0,0,-1,1,0,-1,1,0,-1,1
cfm_death_valley_split_complete_trace_part11_s                     ,243.292,35.926,243.336,35.877,90,0,0,0,0,0,0,0,0,0,10,1,0,0,0,0,1,0,0,1,0,0,1,0,0,0,-1,0,0,0,0,-1,1,0,-1,1,0,-1,1
cfm_death_valley_split_complete_trace_part12_s                     ,243.336,35.877,243.384,35.846,90,0,0,0,0,0,0,0,0,0,10,1,0,0,0,0,1,0,0,1,0,0,1,0,0,0,-1,0,0,0,0,-1,1,0,-1,1,0,-1,1
cfm_death_valley_split_complete_trace_part13_s                     ,243.384,35.846,243.399,35.791,90,0,0,0,0,0,0,0,0,0,10,1,0,0,0,0,1,0,0,1,0,0,1,1,0,0,-1,0,0,0,0,-1,1,0,-1,1,0,-1,1
cfm_death_valley_split_complete_trace_part14_s                     ,243.399,35.791,243.445,35.723,90,0,0,0,0,0,0,0,0,0,10,1,0,0,0,0,1,0,0,1,0,0,1,0,0,0,-1,0,0,0,0,-1,1,0,-1,1,0,-1,1
cfm_death_valley_split_complete_trace_part15_s                     ,243.445,35.723,243.484,35.703,90,0,0,0,0,0,0,0,0,0,10,1,0,0,0,0,1,0,0,1,0,0,1,0,0,0,-1,0,0,0,0,-1,1,0,-1,1,0,-1,1
cfm_death_valley_split_complete_trace_part16_s                     ,243.484,35.703,243.516,35.675,90,0,0,0,0,0,0,0,0,0,10,1,0,0,0,0,1,0,0,1,0,0,1,0,0,0,-1,0,0,0,0,-1,1,0,-1,1,0,-1,1
cfm_death_valley_split_complete_trace_part17_s                     ,243.516,35.675,243.551,35.627,90,0,0,0,0,0,0,0,0,0,10,1,0,0,0,0,1,0,0,1,0,0,1,0,0,0,-1,0,0,0,0,-1,1,0,-1,1,0,-1,1
cfm_death_valley_split_complete_trace_part18_s                     ,243.551,35.627,243.601,35.603,90,0,0,0,0,0,0,0,0,0,10,1,0,0,0,0,1,0,0,1,0,0,1,0,0,0,-1,0,0,0,0,-1,1,0,-1,1,0,-1,1
cfm_death_valley_split_complete_trace_part19_s                     ,243.242,36.153,243.243,36.054,90,0,0,0,0,0,0,0,0,0,10,1,0,0,0,0,1,0,0,1,0,0,1,0,0,0,-1,0,0,0,0,-1,1,0,-1,1,0,-1,1
cfm_death_valley_split_complete_trace_part1_s                      ,243.121,36.535,243.156,36.447,90,0,0,0,0,0,0,0,0,0,10,1,0,0,0,0,1,0,0,1,0,0,1,0,0,0,-1,0,0,0,0,-1,1,0,-1,1,0,-1,1
cfm_death_valley_split_complete_trace_part2_s                      ,243.156,36.447,243.173,36.398,90,0,0,0,0,0,0,0,0,0,10,1,0,0,0,0,1,0,0,1,0,0,1,0,0,0,-1,0,0,0,0,-1,1,0,-1,1,0,-1,1
cfm_death_valley_split_complete_trace_part3_s                      ,243.173,36.398,243.214,36.336,90,0,0,0,0,0,0,0,0,0,10,1,0,0,0,0,1,0,0,1,0,0,1,0,0,0,-1,0,0,0,0,-1,1,0,-1,1,0,-1,1
cfm_death_valley_split_complete_trace_part4_s                      ,243.214,36.336,243.229,36.301,90,0,0,0,0,0,0,0,0,0,10,1,0,0,0,0,1,0,0,1,0,0,1,0,0,0,-1,0,0,0,0,-1,1,0,-1,1,0,-1,1
cfm_death_valley_split_complete_trace_part5_s                      ,243.229,36.301,243.23,36.263,90,0,0,0,0,0,0,0,0,0,10,1,0,0,0,0,1,0,0,1,0,0,1,0,0,0,-1,0,0,0,0,-1,1,0,-1,1,0,-1,1
cfm_death_valley_split_complete_trace_part6_s                      ,243.23,36.263,243.242,36.153,90,0,0,0,0,0,0,0,0,0,10,1,0,0,0,0,1,0,0,1,0,0,1,0,0,0,-1,0,0,0,0,-1,1,0,-1,1,0,-1,1
cfm_death_valley_split_complete_trace_part9_s                      ,243.243,36.054,243.276,36.003,90,0,0,0,0,0,0,0,0,0,10,1,0,0,0,0,1,0,0,1,0,0,1,0,0,0,-1,0,0,0,0,-1,1,0,-1,1,0,-1,1
cfm_east_montebello_complete_trace_part1_s                         ,241.862,34.118,241.883,34.086,90,0,0,0,0,0,0,0,0,0,15,1,0,0,0,0,1,0,0,1,0,0,1,1,0,0,-1,0,0,0,0,-1,1,0,-1,1,0,-1,1
cfm_east_montebello_complete_trace_part2_s                         ,241.883,34.086,241.931,34.028,90,0,0,0,0,0,0,0,0,0,15,1,0,0,0,0,1,0,0,1,0,0,1,0,0,0,-1,0,0,0,0,-1,1,0,-1,1,0,-1,1
cfm_east_north_frontal_zone_smooth_extruded_trace_part1_s          ,243.411,34.321,243.475,34.31,41.9,0,0,0,0,0,0,0,0,0,15,1,0,0,0,0,1,0,0,1,1,0,1,0,0,0,-1,0,0,0,0,-1,1,0,-1,1,0,-1,1
cfm_east_north_frontal_zone_smooth_extruded_trace_part2_s          ,243.357,34.34,243.411,34.321,41.1,0,0,0,0,0,0,0,0,0,15,1,0,0,0,0,1,0,0,1,1,0,1,0,0,0,-1,0,0,0,0,-1,1,0,-1,1,0,-1,1
cfm_east_north_frontal_zone_smooth_extruded_trace_part3_s          ,243.29,34.346,243.357,34.34,38.8,0,0,0,0,0,0,0,0,0,15,1,0,0,0,0,1,0,0,1,0,0,1,0,0,0,-1,0,0,0,0,-1,1,0,-1,1,0,-1,1
cfm_east_north_frontal_zone_smooth_extruded_trace_part4_s          ,243.2,34.337,243.29,34.346,41.5,0,0,0,0,0,0,0,0,0,15,1,0,0,0,0,1,0,0,1,0,0,1,0,0,0,-1,0,0,0,0,-1,1,0,-1,1,0,-1,1
cfm_eureka_peak_west_deception_canyon_extruded_trace_part1_s_2a    ,243.58,34.131,243.638,34.066,90,0,0,0,0,0,0,0,0,0,15,1,0,0,0,0,1,0,0,1,0,0,1,0,0,0,-1,0,0,0,0,-1,1,0,-1,1,0,-1,1
cfm_eureka_peak_west_deception_canyon_extruded_trace_part1_s_2b    ,243.638,34.066,243.671,34.008,90,0,0,0,0,0,0,0,0,0,15,1,0,0,0,0,1,0,0,1,0,0,1,1,0,0,-1,0,0,0,0,-1,1,0,-1,1,0,-1,1
cfm_furnace_creek_long_complete_trace_part10_s_2                   ,243.012,36.625,243.056,36.595,90,0,0,0,0,0,0,0,0,0,10,1,0,0,0,0,1,0,0,1,0,0,1,0,0,0,-1,0,0,0,0,-1,1,0,-1,1,0,-1,1
cfm_furnace_creek_long_complete_trace_part11_s_2                   ,243.056,36.595,243.108,36.563,90,0,0,0,0,0,0,0,0,0,10,1,0,0,0,0,1,0,0,1,0,0,1,0,0,0,-1,0,0,0,0,-1,1,0,-1,1,0,-1,1
cfm_furnace_creek_long_complete_trace_part1_s_2a                   ,242.347,37.296,242.452,37.188,90,0,0,0,0,0,0,0,0,0,10,1,0,0,0,0,1,0,0,1,0,0,1,0,0,0,-1,0,0,0,0,-1,1,0,-1,1,0,-1,1
cfm_furnace_creek_long_complete_trace_part1_s_2b                   ,242.452,37.188,242.557,37.08,90,0,0,0,0,0,0,0,0,0,10,1,0,0,0,0,1,0,0,1,0,0,1,0,0,0,-1,0,0,0,0,-1,1,0,-1,1,0,-1,1
cfm_furnace_creek_long_complete_trace_part2_s_2                    ,242.557,37.08,242.593,37.054,90,0,0,0,0,0,0,0,0,0,10,1,0,0,0,0,1,0,0,1,0,0,1,0,0,0,-1,0,0,0,0,-1,1,0,-1,1,0,-1,1
cfm_furnace_creek_long_complete_trace_part3_s_2                    ,242.593,37.054,242.687,36.96,90,0,0,0,0,0,0,0,0,0,10,1,0,0,0,0,1,0,0,1,0,0,1,0,0,0,-1,0,0,0,0,-1,1,0,-1,1,0,-1,1
cfm_furnace_creek_long_complete_trace_part4_s_2                    ,242.687,36.96,242.717,36.914,90,0,0,0,0,0,0,0,0,0,10,1,0,0,0,0,1,0,0,1,0,0,1,0,0,0,-1,0,0,0,0,-1,1,0,-1,1,0,-1,1
cfm_furnace_creek_long_complete_trace_part5_s_2                    ,242.717,36.914,242.755,36.878,90,0,0,0,0,0,0,0,0,0,10,1,0,0,0,0,1,0,0,1,0,0,1,0,0,0,-1,0,0,0,0,-1,1,0,-1,1,0,-1,1
cfm_furnace_creek_long_complete_trace_part6_s_2                    ,242.755,36.878,242.82,36.799,90,0,0,0,0,0,0,0,0,0,10,1,0,0,0,0,1,0,0,1,0,0,1,0,0,0,-1,0,0,0,0,-1,1,0,-1,1,0,-1,1
cfm_furnace_creek_long_complete_trace_part7_s_2                    ,242.82,36.799,242.844,36.76,90,0,0,0,0,0,0,0,0,0,10,1,0,0,0,0,1,0,0,1,0,0,1,0,0,0,-1,0,0,0,0,-1,1,0,-1,1,0,-1,1
cfm_furnace_creek_long_complete_trace_part8_s_2                    ,242.844,36.76,242.9,36.709,90,0,0,0,0,0,0,0,0,0,10,1,0,0,0,0,1,0,0,1,0,0,1,0,0,0,-1,0,0,0,0,-1,1,0,-1,1,0,-1,1
cfm_furnace_creek_long_complete_trace_part9_s_2                    ,242.9,36.709,243.012,36.625,90,0,0,0,0,0,0,0,0,0,10,1,0,0,0,0,1,0,0,1,0,0,1,0,0,0,-1,0,0,0,0,-1,1,0,-1,1,0,-1,1
cfm_landers_detailed_complete_trace_part10_s                       ,243.664,34.478,243.672,34.435,90,0,0,0,0,0,0,0,0,0,5,1,0,0,0,0,1,0,0,1,0,0,1,0,0,0,-1,0,0,0,0,-1,1,0,-1,1,0,-1,1
cfm_landers_detailed_complete_trace_part11_s                       ,243.551,34.586,243.664,34.478,90,0,0,0,0,0,0,0,0,0,5,1,0,0,0,0,1,0,0,1,0,0,1,0,0,0,-1,0,0,0,0,-1,1,0,-1,1,0,-1,1
cfm_landers_detailed_complete_trace_part1_s                        ,243.472,34.668,243.551,34.586,90,0,0,0,0,0,0,0,0,0,5,1,0,0,0,0,1,0,0,1,0,0,1,1,0,0,-1,0,0,0,0,-1,1,0,-1,1,0,-1,1
cfm_landers_detailed_complete_trace_part2_s                        ,243.573,34.202,243.579,34.17,90,0,0,0,0,0,0,0,0,0,15,1,0,0,0,0,1,0,0,1,0,0,1,0,0,0,-1,0,0,0,0,-1,1,0,-1,1,0,-1,1
cfm_landers_detailed_complete_trace_part3_s                        ,243.571,34.275,243.573,34.202,90,0,0,0,0,0,0,0,0,0,15,1,0,0,0,0,1,0,0,1,0,0,1,0,0,0,-1,0,0,0,0,-1,1,0,-1,1,0,-1,1
cfm_landers_detailed_complete_trace_part4_s                        ,243.565,34.309,243.571,34.275,90,0,0,0,0,0,0,0,0,0,15,1,0,0,0,0,1,0,0,1,0,0,1,0,0,0,-1,0,0,0,0,-1,1,0,-1,1,0,-1,1
cfm_landers_detailed_complete_trace_part6_s                        ,243.777,34.296,243.803,34.231,90,0,0,0,0,0,0,0,0,0,5,1,0,0,0,0,1,0,0,1,0,0,1,0,0,0,-1,0,0,0,0,-1,1,0,-1,1,0,-1,1
cfm_landers_detailed_complete_trace_part7_s                        ,243.729,34.389,243.751,34.335,90,0,0,0,0,0,0,0,0,0,5,1,0,0,0,0,1,0,0,1,0,0,1,0,0,0,-1,0,0,0,0,-1,1,0,-1,1,0,-1,1
cfm_landers_detailed_complete_trace_part8_s                        ,243.751,34.335,243.777,34.296,90,0,0,0,0,0,0,0,0,0,5,1,0,0,0,0,1,0,0,1,0,0,1,0,0,0,-1,0,0,0,0,-1,1,0,-1,1,0,-1,1
cfm_landers_detailed_complete_trace_part9_s                        ,243.672,34.435,243.729,34.389,90,0,0,0,0,0,0,0,0,0,5,1,0,0,0,0,1,0,0,1,0,0,1,0,0,0,-1,0,0,0,0,-1,1,0,-1,1,0,-1,1
cfm_newport_inglewood_rose_conyon_complete_trace_part10_s          ,242.39,33.31,242.443,33.264,90,0,0,0,0,0,0,0,0,0,15,1,0,0,0,0,1,0,0,1,0,0,1,0,0,0,-1,0,0,0,0,-1,1,0,-1,1,0,-1,1
cfm_newport_inglewood_rose_conyon_complete_trace_part11_s          ,242.293,33.414,242.39,33.31,90,0,0,0,0,0,0,0,0,0,15,1,0,0,0,0,1,0,0,1,0,0,1,0,0,0,-1,0,0,0,0,-1,1,0,-1,1,0,-1,1
cfm_newport_inglewood_rose_conyon_complete_trace_part12_s          ,242.246,33.46,242.293,33.414,90,0,0,0,0,0,0,0,0,0,15,1,0,0,0,0,1,0,0,1,0,0,1,0,0,0,-1,0,0,0,0,-1,1,0,-1,1,0,-1,1
cfm_newport_inglewood_rose_conyon_complete_trace_part13_saaa       ,242.209,33.503,242.218,33.495,90,0,0,0,0,0,0,0,0,0,15,1,0,0,0,0,1,0,0,1,0,0,1,0,0,0,-1,0,0,0,0,-1,1,0,-1,1,0,-1,1
cfm_newport_inglewood_rose_conyon_complete_trace_part13_saab       ,242.218,33.495,242.225,33.486,90,0,0,0,0,0,0,0,0,0,15,1,0,0,0,0,1,0,0,1,0,0,1,0,0,0,-1,0,0,0,0,-1,1,0,-1,1,0,-1,1
cfm_newport_inglewood_rose_conyon_complete_trace_part13_sab        ,242.225,33.486,242.236,33.473,90,0,0,0,0,0,0,0,0,0,15,1,0,0,0,0,1,0,0,1,0,0,1,0,0,0,-1,0,0,0,0,-1,1,0,-1,1,0,-1,1
cfm_newport_inglewood_rose_conyon_complete_trace_part13_sb         ,242.236,33.473,242.246,33.46,90,0,0,0,0,0,0,0,0,0,15,1,0,0,0,0,1,0,0,1,0,0,1,0,0,0,-1,0,0,0,0,-1,1,0,-1,1,0,-1,1
cfm_newport_inglewood_rose_conyon_complete_trace_part14_sa         ,242.117,33.572,242.184,33.525,90,0,0,0,0,0,0,0,0,0,15,1,0,0,0,0,1,0,0,1,0,0,1,0,0,0,-1,0,0,0,0,-1,1,0,-1,1,0,-1,1
cfm_newport_inglewood_rose_conyon_complete_trace_part14_sb         ,242.184,33.525,242.209,33.503,90,0,0,0,0,0,0,0,0,0,15,1,0,0,0,0,1,0,0,1,0,0,1,0,0,0,-1,0,0,0,0,-1,1,0,-1,1,0,-1,1
cfm_newport_inglewood_rose_conyon_complete_trace_part1_s           ,242.812,32.764,242.868,32.707,90,0,0,0,0,0,0,0,0,0,15,1,0,0,0,0,1,0,0,1,0,0,1,0,0,0,-1,0,0,0,0,-1,1,0,-1,1,0,-1,1
cfm_newport_inglewood_rose_conyon_complete_trace_part2_s           ,242.777,32.828,242.812,32.764,90,0,0,0,0,0,0,0,0,0,15,1,0,0,0,0,1,0,0,1,0,0,1,0,0,0,-1,0,0,0,0,-1,1,0,-1,1,0,-1,1
cfm_newport_inglewood_rose_conyon_complete_trace_part3_s           ,242.739,32.858,242.777,32.828,90,0,0,0,0,0,0,0,0,0,15,1,0,0,0,0,1,0,0,1,0,0,1,0,0,0,-1,0,0,0,0,-1,1,0,-1,1,0,-1,1
cfm_newport_inglewood_rose_conyon_complete_trace_part4_s           ,242.692,32.965,242.739,32.858,90,0,0,0,0,0,0,0,0,0,15,1,0,0,0,0,1,0,0,1,0,0,1,0,0,0,-1,0,0,0,0,-1,1,0,-1,1,0,-1,1
cfm_newport_inglewood_rose_conyon_complete_trace_part5_s           ,242.682,33.008,242.692,32.965,90,0,0,0,0,0,0,0,0,0,15,1,0,0,0,0,1,0,0,1,0,0,1,0,0,0,-1,0,0,0,0,-1,1,0,-1,1,0,-1,1
cfm_newport_inglewood_rose_conyon_complete_trace_part6_s           ,242.624,33.085,242.682,33.008,90,0,0,0,0,0,0,0,0,0,15,1,0,0,0,0,1,0,0,1,0,0,1,0,0,0,-1,0,0,0,0,-1,1,0,-1,1,0,-1,1
cfm_newport_inglewood_rose_conyon_complete_trace_part7_s           ,242.575,33.13,242.624,33.085,90,0,0,0,0,0,0,0,0,0,15,1,0,0,0,0,1,0,0,1,0,0,1,0,0,0,-1,0,0,0,0,-1,1,0,-1,1,0,-1,1
cfm_newport_inglewood_rose_conyon_complete_trace_part8_s           ,242.513,33.222,242.575,33.13,90,0,0,0,0,0,0,0,0,0,15,1,0,0,0,0,1,0,0,1,0,0,1,0,0,0,-1,0,0,0,0,-1,1,0,-1,1,0,-1,1
cfm_newport_inglewood_rose_conyon_complete_trace_part9_s           ,242.443,33.264,242.513,33.222,90,0,0,0,0,0,0,0,0,0,15,1,0,0,0,0,1,0,0,1,0,0,1,0,0,0,-1,0,0,0,0,-1,1,0,-1,1,0,-1,1
cfm_palos_verdes_extruded_trace_part10_s_2                         ,241.92,33.483,241.94,33.445,90,0,0,0,0,0,0,0,0,0,15,1,0,0,0,0,1,0,0,1,0,0,1,0,0,0,-1,0,0,0,0,-1,1,0,-1,1,0,-1,1
cfm_palos_verdes_extruded_trace_part11_s_2                         ,241.94,33.445,242.014,33.356,90,0,0,0,0,0,0,0,0,0,15,1,0,0,0,0,1,0,0,1,0,0,1,0,0,0,-1,0,0,0,0,-1,1,0,-1,1,0,-1,1
cfm_palos_verdes_extruded_trace_part12_s_2                         ,242.057,33.32,242.083,33.282,90,0,0,0,0,0,0,0,0,0,15,1,0,0,0,0,1,0,0,1,0,0,1,0,0,0,-1,0,0,0,0,-1,1,0,-1,1,0,-1,1
cfm_palos_verdes_extruded_trace_part13_s_2                         ,242.014,33.356,242.057,33.32,90,0,0,0,0,0,0,0,0,0,15,1,0,0,0,0,1,0,0,1,0,0,1,0,0,0,-1,0,0,0,0,-1,1,0,-1,1,0,-1,1
cfm_palos_verdes_extruded_trace_part1_s_2                          ,241.443,33.972,241.504,33.904,90,0,0,0,0,0,0,0,0,0,15,1,0,0,0,0,1,0,0,1,0,0,1,1,0,0,-1,0,0,0,0,-1,1,0,-1,1,0,-1,1
cfm_palos_verdes_extruded_trace_part2_s_2                          ,241.504,33.904,241.561,33.865,90,0,0,0,0,0,0,0,0,0,15,1,0,0,0,0,1,0,0,1,0,0,1,0,0,0,-1,0,0,0,0,-1,1,0,-1,1,0,-1,1
cfm_palos_verdes_extruded_trace_part3_s_2                          ,241.561,33.865,241.6,33.819,90,0,0,0,0,0,0,0,0,0,15,1,0,0,0,0,1,0,0,1,0,0,1,0,0,0,-1,0,0,0,0,-1,1,0,-1,1,0,-1,1
cfm_palos_verdes_extruded_trace_part4_s_2                          ,241.6,33.819,241.666,33.791,90,0,0,0,0,0,0,0,0,0,15,1,0,0,0,0,1,0,0,1,0,0,1,0,0,0,-1,0,0,0,0,-1,1,0,-1,1,0,-1,1
cfm_palos_verdes_extruded_trace_part5_s_2                          ,241.666,33.791,241.746,33.749,90,0,0,0,0,0,0,0,0,0,15,1,0,0,0,0,1,0,0,1,0,0,1,0,0,0,-1,0,0,0,0,-1,1,0,-1,1,0,-1,1
cfm_palos_verdes_extruded_trace_part6_s_2                          ,241.746,33.749,241.767,33.694,90,0,0,0,0,0,0,0,0,0,15,1,0,0,0,0,1,0,0,1,0,0,1,0,0,0,-1,0,0,0,0,-1,1,0,-1,1,0,-1,1
cfm_palos_verdes_extruded_trace_part7_s_2                          ,241.854,33.585,241.881,33.547,90,0,0,0,0,0,0,0,0,0,15,1,0,0,0,0,1,0,0,1,0,0,1,0,0,0,-1,0,0,0,0,-1,1,0,-1,1,0,-1,1
cfm_palos_verdes_extruded_trace_part8_s_2                          ,241.767,33.694,241.854,33.585,90,0,0,0,0,0,0,0,0,0,15,1,0,0,0,0,1,0,0,1,0,0,1,0,0,0,-1,0,0,0,0,-1,1,0,-1,1,0,-1,1
cfm_palos_verdes_extruded_trace_part9_s_2                          ,241.881,33.547,241.92,33.483,90,0,0,0,0,0,0,0,0,0,15,1,0,0,0,0,1,0,0,1,0,0,1,0,0,0,-1,0,0,0,0,-1,1,0,-1,1,0,-1,1
cfm_panamint_valley_low_dip_truncated_at_garlock_trace_part10_s    ,242.772,36.237,242.797,36.195,90,0,0,0,0,0,0,0,0,0,10,1,0,0,0,0,1,0,0,1,0,0,1,0,0,0,-1,0,0,0,0,-1,1,0,-1,1,0,-1,1
cfm_panamint_valley_low_dip_truncated_at_garlock_trace_part11_s    ,242.706,36.283,242.772,36.237,90,0,0,0,0,0,0,0,0,0,10,1,0,0,0,0,1,0,0,1,0,0,1,0,0,0,-1,0,0,0,0,-1,1,0,-1,1,0,-1,1
cfm_panamint_valley_low_dip_truncated_at_garlock_trace_part12_s    ,242.677,36.315,242.706,36.283,90,0,0,0,0,0,0,0,0,0,10,1,0,0,0,0,1,0,0,1,0,0,1,0,0,0,-1,0,0,0,0,-1,1,0,-1,1,0,-1,1
cfm_panamint_valley_low_dip_truncated_at_garlock_trace_part13_s    ,242.64,36.366,242.677,36.315,90,0,0,0,0,0,0,0,0,0,10,1,0,0,0,0,1,0,0,1,0,0,1,0,0,0,-1,0,0,0,0,-1,1,0,-1,1,0,-1,1
cfm_panamint_valley_low_dip_truncated_at_garlock_trace_part14_s    ,242.592,36.436,242.64,36.366,90,0,0,0,0,0,0,0,0,0,10,1,0,0,0,0,1,0,0,1,0,0,1,0,0,0,-1,0,0,0,0,-1,1,0,-1,1,0,-1,1
cfm_panamint_valley_low_dip_truncated_at_garlock_trace_part15_0_s  ,242.78,35.997,242.793,36.041,90,0,0,0,0,0,0,0,0,0,10,1,0,0,0,0,1,0,0,1,0,0,1,0,0,0,-1,0,0,0,0,-1,1,0,-1,1,0,-1,1
cfm_panamint_valley_low_dip_truncated_at_garlock_trace_part3_s     ,242.886,35.748,242.952,35.686,90,0,0,0,0,0,0,0,0,0,10,1,0,0,0,0,1,0,0,1,0,0,1,0,0,0,-1,0,0,0,0,-1,1,0,-1,1,0,-1,1
cfm_panamint_valley_low_dip_truncated_at_garlock_trace_part4_s     ,242.862,35.795,242.886,35.748,90,0,0,0,0,0,0,0,0,0,10,1,0,0,0,0,1,0,0,1,0,0,1,0,0,0,-1,0,0,0,0,-1,1,0,-1,1,0,-1,1
cfm_panamint_valley_low_dip_truncated_at_garlock_trace_part5_s     ,242.815,35.894,242.862,35.795,90,0,0,0,0,0,0,0,0,0,10,1,0,0,0,0,1,0,0,1,0,0,1,0,0,0,-1,0,0,0,0,-1,1,0,-1,1,0,-1,1
cfm_panamint_valley_low_dip_truncated_at_garlock_trace_part6_0_s   ,242.78,35.997,242.815,35.894,90,0,0,0,0,0,0,0,0,0,10,1,0,0,0,0,1,0,0,1,0,0,1,0,0,0,-1,0,0,0,0,-1,1,0,-1,1,0,-1,1
cfm_panamint_valley_low_dip_truncated_at_garlock_trace_part7_s     ,242.793,36.041,242.807,36.079,90,0,0,0,0,0,0,0,0,0,10,1,0,0,0,0,1,0,0,1,0,0,1,0,0,0,-1,0,0,0,0,-1,1,0,-1,1,0,-1,1
cfm_panamint_valley_low_dip_truncated_at_garlock_trace_part8_s     ,242.79,36.126,242.807,36.079,90,0,0,0,0,0,0,0,0,0,10,1,0,0,0,0,1,0,0,1,0,0,1,0,0,0,-1,0,0,0,0,-1,1,0,-1,1,0,-1,1
cfm_panamint_valley_low_dip_truncated_at_garlock_trace_part9_s     ,242.79,36.126,242.797,36.195,90,0,0,0,0,0,0,0,0,0,10,1,0,0,0,0,1,0,0,1,0,0,1,0,0,0,-1,0,0,0,0,-1,1,0,-1,1,0,-1,1
cfm_pine_mountain_complete_trace_part6_s_2                         ,241.028,34.582,241.109,34.618,137.3,0,0,0,0,0,0,0,0,0,15,1,0,0,0,0,1,0,0,1,0,0,1,0,0,0,-1,0,0,0,0,-1,1,0,-1,1,0,-1,1
cfm_pine_mountain_complete_trace_part7_s_2                         ,241.157,34.623,241.21,34.621,129.1,0,0,0,0,0,0,0,0,0,15,1,0,0,0,0,1,0,0,1,0,0,1,0,0,0,-1,0,0,0,0,-1,1,0,-1,1,0,-1,1
cfm_pine_mountain_complete_trace_part8_s_2                         ,241.109,34.618,241.157,34.623,130.9,0,0,0,0,0,0,0,0,0,15,1,0,0,0,0,1,0,0,1,0,0,1,0,0,0,-1,0,0,0,0,-1,1,0,-1,1,0,-1,1
cfm_pleito_truncated_complete_trace_part1_s_2                      ,240.695,34.932,240.804,34.94,61.6,0,0,0,0,0,0,0,0,0,15,1,0,0,0,0,1,0,0,1,0,0,1,0,0,0,-1,0,0,0,0,-1,1,0,-1,1,0,-1,1
cfm_pleito_truncated_complete_trace_part2_s_2                      ,240.804,34.94,240.884,34.985,48,0,0,0,0,0,0,0,0,0,15,1,0,0,0,0,1,0,0,1,0,0,1,0,0,0,-1,0,0,0,0,-1,1,0,-1,1,0,-1,1
cfm_pleito_truncated_complete_trace_part3_s_2                      ,240.884,34.985,240.969,34.986,43.1,0,0,0,0,0,0,0,0,0,15,1,0,0,0,0,1,0,0,1,0,0,1,0,0,0,-1,0,0,0,0,-1,1,0,-1,1,0,-1,1
cfm_san_andreas_mojave_extruded_trace_part1_s                      ,241.993,34.512,242.47,34.311,90,0,0,0,0,0,0,0,0,0,15,1,0,0,0,0,1,0,0,1,0,0,1,0,0,0,-1,0,0,0,0,-1,1,0,-1,1,0,-1,1
cfm_san_andreas_mojave_extruded_trace_part2_s                      ,241.498,34.699,241.993,34.512,90,0,0,0,0,0,0,0,0,0,15,1,0,0,0,0,1,0,0,1,0,0,1,0,0,0,-1,0,0,0,0,-1,1,0,-1,1,0,-1,1
cfm_san_bernardino_valley_san_jacinto_complete_trace_part2_sa      ,242.52,34.254,242.566,34.232,90,0,0,0,0,0,0,0,0,0,15,1,0,0,0,0,1,0,0,1,0,0,1,0,0,0,-1,0,0,0,0,-1,1,0,-1,1,0,-1,1
cfm_san_bernardino_valley_san_jacinto_complete_trace_part2_sb      ,242.566,34.232,242.614,34.195,90,0,0,0,0,0,0,0,0,0,15,1,0,0,0,0,1,0,0,1,0,0,1,0,0,0,-1,0,0,0,0,-1,1,0,-1,1,0,-1,1
cfm_san_bernardino_valley_san_jacinto_complete_trace_part3_s       ,242.614,34.195,242.636,34.161,90,0,0,0,0,0,0,0,0,0,15,1,0,0,0,0,1,0,0,1,0,0,1,0,0,0,-1,0,0,0,0,-1,1,0,-1,1,0,-1,1
cfm_san_bernardino_valley_san_jacinto_complete_trace_part5_s       ,242.656,34.12,242.778,34.008,90,0,0,0,0,0,0,0,0,0,15,1,0,0,0,0,1,0,0,1,0,0,1,1,0,0,-1,0,0,0,0,-1,1,0,-1,1,0,-1,1
cfm_san_bernardino_valley_san_jacinto_complete_trace_part6_s       ,242.636,34.161,242.656,34.12,90,0,0,0,0,0,0,0,0,0,15,1,0,0,0,0,1,0,0,1,0,0,1,0,0,0,-1,0,0,0,0,-1,1,0,-1,1,0,-1,1
cfm_santa_cruz_catalina_ridge_fault_zone_trace_part10_s            ,241.152,33.528,241.202,33.5,90,0,0,0,0,0,0,0,0,0,15,1,0,0,0,0,1,0,0,1,0,0,1,0,0,0,-1,0,0,0,0,-1,1,0,-1,1,0,-1,1
cfm_santa_cruz_catalina_ridge_fault_zone_trace_part11_s            ,241.202,33.5,241.265,33.416,90,0,0,0,0,0,0,0,0,0,15,1,0,0,0,0,1,0,0,1,0,0,1,0,0,0,-1,0,0,0,0,-1,1,0,-1,1,0,-1,1
cfm_santa_cruz_catalina_ridge_fault_zone_trace_part12_s            ,241.265,33.416,241.354,33.36,90,0,0,0,0,0,0,0,0,0,15,1,0,0,0,0,1,0,0,1,0,0,1,0,0,0,-1,0,0,0,0,-1,1,0,-1,1,0,-1,1
cfm_santa_cruz_catalina_ridge_fault_zone_trace_part13_s            ,241.484,33.301,241.659,33.249,90,0,0,0,0,0,0,0,0,0,15,1,0,0,0,0,1,0,0,1,0,0,1,0,0,0,-1,0,0,0,0,-1,1,0,-1,1,0,-1,1
cfm_santa_cruz_catalina_ridge_fault_zone_trace_part14_s            ,241.354,33.36,241.484,33.301,90,0,0,0,0,0,0,0,0,0,15,1,0,0,0,0,1,0,0,1,0,0,1,0,0,0,-1,0,0,0,0,-1,1,0,-1,1,0,-1,1
cfm_santa_cruz_catalina_ridge_fault_zone_trace_part1_s             ,240.519,33.956,240.637,33.893,90,0,0,0,0,0,0,0,0,0,15,1,0,0,0,0,1,0,0,1,0,0,1,0,0,0,-1,0,0,0,0,-1,1,0,-1,1,0,-1,1
cfm_santa_cruz_catalina_ridge_fault_zone_trace_part2_s             ,240.637,33.893,240.721,33.844,90,0,0,0,0,0,0,0,0,0,15,1,0,0,0,0,1,0,0,1,0,0,1,0,0,0,-1,0,0,0,0,-1,1,0,-1,1,0,-1,1
cfm_santa_cruz_catalina_ridge_fault_zone_trace_part3_s             ,240.721,33.844,240.797,33.791,90,0,0,0,0,0,0,0,0,0,15,1,0,0,0,0,1,0,0,1,0,0,1,0,0,0,-1,0,0,0,0,-1,1,0,-1,1,0,-1,1
cfm_santa_cruz_catalina_ridge_fault_zone_trace_part4_s             ,240.797,33.791,240.866,33.747,90,0,0,0,0,0,0,0,0,0,15,1,0,0,0,0,1,0,0,1,0,0,1,0,0,0,-1,0,0,0,0,-1,1,0,-1,1,0,-1,1
cfm_santa_cruz_catalina_ridge_fault_zone_trace_part5_s             ,240.866,33.747,240.908,33.716,90,0,0,0,0,0,0,0,0,0,15,1,0,0,0,0,1,0,0,1,0,0,1,0,0,0,-1,0,0,0,0,-1,1,0,-1,1,0,-1,1
cfm_santa_cruz_catalina_ridge_fault_zone_trace_part6_s             ,240.908,33.716,240.951,33.686,90,0,0,0,0,0,0,0,0,0,15,1,0,0,0,0,1,0,0,1,0,0,1,0,0,0,-1,0,0,0,0,-1,1,0,-1,1,0,-1,1
cfm_santa_cruz_catalina_ridge_fault_zone_trace_part7_s             ,240.951,33.686,240.99,33.652,90,0,0,0,0,0,0,0,0,0,15,1,0,0,0,0,1,0,0,1,0,0,1,0,0,0,-1,0,0,0,0,-1,1,0,-1,1,0,-1,1
cfm_santa_cruz_catalina_ridge_fault_zone_trace_part8_s             ,240.99,33.652,241.142,33.564,90,0,0,0,0,0,0,0,0,0,15,1,0,0,0,0,1,0,0,1,0,0,1,0,0,0,-1,0,0,0,0,-1,1,0,-1,1,0,-1,1
cfm_santa_cruz_catalina_ridge_fault_zone_trace_part9_s             ,241.142,33.564,241.152,33.528,90,0,0,0,0,0,0,0,0,0,15,1,0,0,0,0,1,0,0,1,0,0,1,0,0,0,-1,0,0,0,0,-1,1,0,-1,1,0,-1,1
cfm_sierra_madre_extruded_complete_trace_part10_s_2                ,242.15,34.153,242.191,34.131,123.6,0,0,0,0,0,0,0,0,0,15,1,0,0,0,0,1,0,0,1,0,0,1,0,0,0,-1,0,0,0,0,-1,1,0,-1,1,0,-1,1
cfm_sierra_madre_extruded_complete_trace_part2_s_2                 ,241.562,34.335,241.702,34.284,111.4,0,0,0,0,0,0,0,0,0,15,1,0,0,0,0,1,0,0,1,0,0,1,0,0,0,-1,0,0,0,0,-1,1,0,-1,1,0,-1,1
cfm_sierra_madre_extruded_complete_trace_part3_s_2                 ,241.702,34.284,241.786,34.213,118.1,0,0,0,0,0,0,0,0,0,15,1,0,0,0,0,1,0,0,1,0,0,1,0,0,0,-1,0,0,0,0,-1,1,0,-1,1,0,-1,1
cfm_sierra_madre_extruded_complete_trace_part4_s_2                 ,241.786,34.213,241.888,34.201,123.4,0,0,0,0,0,0,0,0,0,15,1,0,0,0,0,1,0,0,1,0,0,1,0,0,0,-1,0,0,0,0,-1,1,0,-1,1,0,-1,1
cfm_sierra_madre_extruded_complete_trace_part5_s_2                 ,241.888,34.201,241.932,34.176,120.9,0,0,0,0,0,0,0,0,0,15,1,0,0,0,0,1,0,0,1,0,0,1,0,0,0,-1,0,0,0,0,-1,1,0,-1,1,0,-1,1
cfm_sierra_madre_extruded_complete_trace_part6_s_2                 ,241.932,34.176,241.997,34.175,126.5,0,0,0,0,0,0,0,0,0,15,1,0,0,0,0,1,0,0,1,0,0,1,0,0,0,-1,0,0,0,0,-1,1,0,-1,1,0,-1,1
cfm_sierra_madre_extruded_complete_trace_part7_s_2a                ,241.997,34.175,242.025,34.164,119.6,0,0,0,0,0,0,0,0,0,15,1,0,0,0,0,1,0,0,1,0,0,1,0,0,0,-1,0,0,0,0,-1,1,0,-1,1,0,-1,1
cfm_sierra_madre_extruded_complete_trace_part7_s_2b                ,242.025,34.164,242.06,34.15,119.6,0,0,0,0,0,0,0,0,0,15,1,0,0,0,0,1,0,0,1,0,0,1,0,0,0,-1,0,0,0,0,-1,1,0,-1,1,0,-1,1
cfm_sierra_madre_extruded_complete_trace_part8_s_2                 ,242.06,34.15,242.15,34.153,126.4,0,0,0,0,0,0,0,0,0,15,1,0,0,0,0,1,0,0,1,0,0,1,0,0,0,-1,0,0,0,0,-1,1,0,-1,1,0,-1,1
cfm_sierra_madre_extruded_complete_trace_part9_s_2                 ,242.191,34.131,242.292,34.123,134.2,0,0,0,0,0,0,0,0,0,15,1,0,0,0,0,1,0,0,1,0,0,1,0,0,0,-1,0,0,0,0,-1,1,0,-1,1,0,-1,1
cfm_temecula_elsinore_short_complete_trace_part1_s                 ,242.934,33.42,242.969,33.386,90,0,0,0,0,0,0,0,0,0,15,1,0,0,0,0,1,0,0,1,0,0,1,0,0,0,-1,0,0,0,0,-1,1,0,-1,1,0,-1,1
cfm_temecula_elsinore_short_complete_trace_part2_s                 ,242.844,33.487,242.934,33.42,90,0,0,0,0,0,0,0,0,0,15,1,0,0,0,0,1,0,0,1,0,0,1,0,0,0,-1,0,0,0,0,-1,1,0,-1,1,0,-1,1
cfm_temecula_elsinore_short_complete_trace_part3_s                 ,242.804,33.519,242.844,33.487,90,0,0,0,0,0,0,0,0,0,15,1,0,0,0,0,1,0,0,1,0,0,1,0,0,0,-1,0,0,0,0,-1,1,0,-1,1,0,-1,1
cfm_temecula_elsinore_short_complete_trace_part4_s                 ,242.762,33.571,242.804,33.519,90,0,0,0,0,0,0,0,0,0,15,1,0,0,0,0,1,0,0,1,0,0,1,0,0,0,-1,0,0,0,0,-1,1,0,-1,1,0,-1,1
cfm_temecula_elsinore_short_complete_trace_part5_s                 ,242.611,33.669,242.646,33.646,90,0,0,0,0,0,0,0,0,0,15,1,0,0,0,0,1,0,0,1,0,0,1,0,0,0,-1,0,0,0,0,-1,1,0,-1,1,0,-1,1
cfm_temecula_elsinore_short_complete_trace_part6_s                 ,242.646,33.646,242.762,33.571,90,0,0,0,0,0,0,0,0,0,15,1,0,0,0,0,1,0,0,1,0,0,1,0,0,0,-1,0,0,0,0,-1,1,0,-1,1,0,-1,1
cfma_anza_san_jacinto_extruded_90dip_trace_part5_s                 ,243.104,33.743,243.159,33.702,90,0,0,0,0,0,0,0,0,0,15,1,0,0,0,0,1,0,0,1,0,0,1,0,0,0,-1,0,0,0,0,-1,1,0,-1,1,0,-1,1
cfma_anza_san_jacinto_extruded_90dip_trace_part6_s                 ,243.159,33.702,243.451,33.513,90,0,0,0,0,0,0,0,0,0,15,1,0,0,0,0,1,0,0,1,0,0,1,0,0,0,-1,0,0,0,0,-1,1,0,-1,1,0,-1,1
cfma_banning_complete_trace_part4_s                                ,243.202,33.951,243.246,33.945,90,0,0,0,0,0,0,0,0,0,10,1,0,0,0,0,1,0,0,1,0,0,1,0,0,0,-1,0,0,0,0,-1,1,0,-1,1,0,-1,1
cfma_banning_complete_trace_part6_s                                ,243.246,33.945,243.307,33.95,90,0,0,0,0,0,0,0,0,0,10,1,0,0,0,0,1,0,0,1,0,0,1,0,0,0,-1,0,0,0,0,-1,1,0,-1,1,0,-1,1
cfma_banning_complete_trace_part7_s                                ,243.307,33.95,243.406,33.935,90,0,0,0,0,0,0,0,0,0,10,1,0,0,0,0,1,0,0,1,0,0,1,0,0,0,-1,0,0,0,0,-1,1,0,-1,1,0,-1,1
cfma_banning_complete_trace_part8_s                                ,243.502,33.9,243.611,33.852,90,0,0,0,0,0,0,0,0,0,10,1,0,0,0,0,1,0,0,1,0,0,1,0,0,0,-1,0,0,0,0,-1,1,0,-1,1,0,-1,1
cfma_banning_complete_trace_part9_s                                ,243.406,33.935,243.502,33.9,90,0,0,0,0,0,0,0,0,0,10,1,0,0,0,0,1,0,0,1,0,0,1,0,0,0,-1,0,0,0,0,-1,1,0,-1,1,0,-1,1
cfma_blackwater_extruded_90_trace_part1_s                          ,242.587,35.451,242.687,35.368,90,0,0,0,0,0,0,0,0,0,5,1,0,0,0,0,1,0,0,1,0,0,1,0,0,0,-1,0,0,0,0,-1,1,0,-1,1,0,-1,1
cfma_blackwater_extruded_90_trace_part2_s                          ,242.687,35.368,242.786,35.229,90,0,0,0,0,0,0,0,0,0,5,1,0,0,0,0,1,0,0,1,0,0,1,1,0,0,-1,0,0,0,0,-1,1,0,-1,1,0,-1,1
cfma_blackwater_extruded_90_trace_part3_sa                         ,242.872,35.108,242.967,35.049,90,0,0,0,0,0,0,0,0,0,5,1,0,0,0,0,1,0,0,1,0,1,1,0,0,0,-1,0,0,0,0,-1,1,0,-1,1,0,-1,1
cfma_blackwater_extruded_90_trace_part3_sb                         ,242.967,35.049,243.063,34.99,90,0,0,0,0,0,0,0,0,0,5,1,0,0,0,0,1,0,0,1,0,1,1,0,0,0,-1,0,0,0,0,-1,1,0,-1,1,0,-1,1
cfma_blackwater_extruded_90_trace_part4_s                          ,242.786,35.229,242.872,35.108,90,0,0,0,0,0,0,0,0,0,5,1,0,0,0,0,1,0,0,1,0,0,1,0,0,0,-1,0,0,0,0,-1,1,0,-1,1,0,-1,1
cfma_borrego_san_jacinto_extruded_90dip_trace_part1_s              ,243.795,33.208,243.836,33.184,90,0,0,0,0,0,0,0,0,0,15,1,0,0,0,0,1,0,0,1,0,0,1,0,0,0,-1,0,0,0,0,-1,1,0,-1,1,0,-1,1
cfma_borrego_san_jacinto_extruded_90dip_trace_part2_s              ,243.836,33.184,243.871,33.145,90,0,0,0,0,0,0,0,0,0,15,1,0,0,0,0,1,0,0,1,0,0,1,0,0,0,-1,0,0,0,0,-1,1,0,-1,1,0,-1,1
cfma_borrego_san_jacinto_extruded_90dip_trace_part3_s              ,243.871,33.145,243.942,33.099,90,0,0,0,0,0,0,0,0,0,15,1,0,0,0,0,1,0,0,1,0,0,1,0,0,0,-1,0,0,0,0,-1,1,0,-1,1,0,-1,1
cfma_borrego_san_jacinto_extruded_90dip_trace_part4_s              ,243.989,33.031,244.057,33.003,90,0,0,0,0,0,0,0,0,0,15,1,0,0,0,0,1,0,0,1,0,0,1,0,0,0,-1,0,0,0,0,-1,1,0,-1,1,0,-1,1
cfma_borrego_san_jacinto_extruded_90dip_trace_part5_s              ,243.942,33.099,243.989,33.031,90,0,0,0,0,0,0,0,0,0,15,1,0,0,0,0,1,0,0,1,0,0,1,0,0,0,-1,0,0,0,0,-1,1,0,-1,1,0,-1,1
cfma_brawley_seismic_zone_complete_trace_part1_saa                 ,244.171,33.423,244.286,33.329,90,0,0,0,0,0,0,0,0,0,10,1,0,0,0,0,1,0,0,1,0,0,1,0,0,0,-1,0,0,0,0,-1,1,0,-1,1,0,-1,1
cfma_brawley_seismic_zone_complete_trace_part1_saba                ,244.286,33.329,244.33,33.243,90,0,0,0,0,0,0,0,0,0,10,1,0,0,0,0,1,0,0,1,0,0,1,0,0,0,-1,0,0,0,0,-1,1,0,-1,1,0,-1,1
cfma_brawley_seismic_zone_complete_trace_part1_sabb                ,244.33,33.243,244.374,33.151,90,0,0,0,0,0,0,0,0,0,5,1,0,0,0,0,1,0,0,1,0,0,1,0,0,0,-1,0,0,0,0,-1,1,0,-1,1,0,-1,1
cfma_brawley_seismic_zone_complete_trace_part1_sba                 ,244.374,33.151,244.423,33.017,90,0,0,0,0,0,0,0,0,0,5,1,0,0,0,0,1,0,0,1,0,0,1,0,0,0,-1,0,0,0,0,-1,1,0,-1,1,0,-1,1
cfma_brawley_seismic_zone_complete_trace_part1_sbb                 ,244.423,33.017,244.446,32.899,90,0,0,0,0,0,0,0,0,0,2.5,1,0,0,0,0,1,0,0,1,0,0,1,0,0,0,-1,0,0,0,0,-1,1,0,-1,1,0,-1,1
cfma_carrizo_extruded_1_trace_part1_s                              ,241.144,34.792,241.493,34.701,90,0,0,0,0,0,0,0,0,0,15,1,0,0,0,0,1,0,0,1,0,0,1,0,0,0,-1,0,0,0,0,-1,1,0,-1,1,0,-1,1
cfma_carrizo_extruded_1_trace_part3_s                              ,240.594,34.942,240.79,34.864,90,0,0,0,0,0,0,0,0,0,25,1,0,0,0,0,1,0,0,1,0,0,1,0,0,0,-1,0,0,0,0,-1,1,0,-1,1,0,-1,1
cfma_carrizo_extruded_1_trace_part4_saa                            ,240.333,35.134,240.399,35.085,90,0,0,0,0,0,0,0,0,0,22,1,0,0,0,0,1,0,0,1,0,0,1,0,0,0,-1,0,0,0,0,-1,1,0,-1,1,0,-1,1
cfma_carrizo_extruded_1_trace_part4_sab                            ,240.399,35.085,240.464,35.037,90,0,0,0,0,0,0,0,0,0,22,1,0,0,0,0,1,0,0,1,0,0,1,0,0,0,-1,0,0,0,0,-1,1,0,-1,1,0,-1,1
cfma_carrizo_extruded_1_trace_part4_sba                            ,240.464,35.037,240.529,34.988,90,0,0,0,0,0,0,0,0,0,22,1,0,0,0,0,1,0,0,1,0,0,1,0,0,0,-1,0,0,0,0,-1,1,0,-1,1,0,-1,1
cfma_carrizo_extruded_1_trace_part4_sbb                            ,240.529,34.988,240.594,34.942,90,0,0,0,0,0,0,0,0,0,22,1,0,0,0,0,1,0,0,1,0,0,1,0,0,0,-1,0,0,0,0,-1,1,0,-1,1,0,-1,1
cfma_carrizo_extruded_1_trace_part5_saa                            ,240.14,35.307,240.188,35.264,90,0,0,0,0,0,0,0,0,0,22,1,0,0,0,0,1,0,0,1,0,0,1,0,0,0,-1,0,0,0,0,-1,1,0,-1,1,0,-1,1
cfma_carrizo_extruded_1_trace_part5_sab                            ,240.188,35.264,240.236,35.221,90,0,0,0,0,0,0,0,0,0,22,1,0,0,0,0,1,0,0,1,0,0,1,0,0,0,-1,0,0,0,0,-1,1,0,-1,1,0,-1,1
cfma_carrizo_extruded_1_trace_part5_sba                            ,240.236,35.221,240.284,35.177,90,0,0,0,0,0,0,0,0,0,22,1,0,0,0,0,1,0,0,1,0,0,1,0,0,0,-1,0,0,0,0,-1,1,0,-1,1,0,-1,1
cfma_carrizo_extruded_1_trace_part5_sbb                            ,240.284,35.177,240.333,35.134,90,0,0,0,0,0,0,0,0,0,22,1,0,0,0,0,1,0,0,1,0,0,1,0,0,0,-1,0,0,0,0,-1,1,0,-1,1,0,-1,1
cfma_cerro_prieto_extruded_90_trace_part10_s                       ,245.199,31.965,245.251,31.926,90,0,0,0,0,0,0,0,0,0,15,1,0,0,0,0,1,0,0,1,0,0,1,0,0,0,-1,0,0,0,0,-1,1,0,-1,1,0,-1,1
cfma_cerro_prieto_extruded_90_trace_part1_s                        ,244.106,32.653,244.251,32.566,90,0,0,0,0,0,0,0,0,0,15,1,0,0,0,0,1,0,0,1,0,0,1,0,0,0,-1,0,0,0,0,-1,1,0,-1,1,0,-1,1
cfma_cerro_prieto_extruded_90_trace_part2_s                        ,244.251,32.566,244.435,32.391,90,0,0,0,0,0,0,0,0,0,15,1,0,0,0,0,1,0,0,1,0,0,1,0,0,0,-1,0,0,0,0,-1,1,0,-1,1,0,-1,1
cfma_cerro_prieto_extruded_90_trace_part3_s                        ,244.435,32.391,244.546,32.315,90,0,0,0,0,0,0,0,0,0,15,1,0,0,0,0,1,0,0,1,0,0,1,0,0,0,-1,0,0,0,0,-1,1,0,-1,1,0,-1,1
cfma_cerro_prieto_extruded_90_trace_part4_s                        ,244.546,32.315,245.007,32.136,90,0,0,0,0,0,0,0,0,0,15,1,0,0,0,0,1,0,0,1,0,0,1,0,0,0,-1,0,0,0,0,-1,1,0,-1,1,0,-1,1
cfma_cerro_prieto_extruded_90_trace_part5_s                        ,245.007,32.136,245.064,32.079,90,0,0,0,0,0,0,0,0,0,15,1,0,0,0,0,1,0,0,1,0,0,1,0,0,0,-1,0,0,0,0,-1,1,0,-1,1,0,-1,1
cfma_cerro_prieto_extruded_90_trace_part6_s                        ,245.064,32.079,245.106,32.057,90,0,0,0,0,0,0,0,0,0,15,1,0,0,0,0,1,0,0,1,0,0,1,0,0,0,-1,0,0,0,0,-1,1,0,-1,1,0,-1,1
cfma_cerro_prieto_extruded_90_trace_part7_s                        ,245.106,32.057,245.147,32.013,90,0,0,0,0,0,0,0,0,0,15,1,0,0,0,0,1,0,0,1,0,0,1,0,0,0,-1,0,0,0,0,-1,1,0,-1,1,0,-1,1
cfma_cerro_prieto_extruded_90_trace_part8_s                        ,245.251,31.926,245.344,31.826,90,0,0,0,0,0,0,0,0,0,15,1,0,0,0,0,1,0,0,1,0,0,1,0,0,0,-1,0,0,0,0,-1,1,0,-1,1,0,-1,1
cfma_cerro_prieto_extruded_90_trace_part9_s                        ,245.147,32.013,245.199,31.965,90,0,0,0,0,0,0,0,0,0,15,1,0,0,0,0,1,0,0,1,0,0,1,0,0,0,-1,0,0,0,0,-1,1,0,-1,1,0,-1,1
cfma_chino_extruded_65_upper_complete_trace_part2_s                ,242.352,33.909,242.403,33.854,53,0,0,0,0,0,0,0,0,0,15,1,0,0,0,0,1,0,0,1,0,0,1,0,0,0,-1,0,0,0,0,-1,1,0,-1,1,0,-1,1
cfma_chino_extruded_65_upper_complete_trace_part3_s                ,242.292,33.967,242.352,33.909,61.2,0,0,0,0,0,0,0,0,0,15,1,0,0,0,0,1,0,0,1,0,0,1,0,0,0,-1,0,0,0,0,-1,1,0,-1,1,0,-1,1
cfma_chino_extruded_65_upper_complete_trace_part4_sa               ,242.255,34.033,242.274,34,67.3,0,0,0,0,0,0,0,0,0,15,1,0,0,0,0,1,0,0,1,0,0,1,1,0,0,-1,0,0,0,0,-1,1,0,-1,1,0,-1,1
cfma_chino_extruded_65_upper_complete_trace_part4_sb               ,242.274,34,242.292,33.967,67.3,0,0,0,0,0,0,0,0,0,15,1,0,0,0,0,1,0,0,1,0,0,1,0,0,0,-1,0,0,0,0,-1,1,0,-1,1,0,-1,1
cfma_cleghorn_extruded_1_trace_part2_sa                            ,242.649,34.288,242.665,34.306,90,0,0,0,0,0,0,0,0,0,15,1,0,0,0,0,1,0,0,1,0,0,1,0,0,0,-1,0,0,0,0,-1,1,0,-1,1,0,-1,1
cfma_cleghorn_extruded_1_trace_part2_sb                            ,242.665,34.306,242.696,34.316,90,0,0,0,0,0,0,0,0,0,15,1,0,0,0,0,1,0,0,1,0,0,1,0,0,0,-1,0,0,0,0,-1,1,0,-1,1,0,-1,1
cfma_cleghorn_extruded_1_trace_part3_s                             ,242.612,34.286,242.649,34.288,90,0,0,0,0,0,0,0,0,0,15,1,0,0,0,0,1,0,0,1,0,0,1,0,0,0,-1,0,0,0,0,-1,1,0,-1,1,0,-1,1
cfma_cleghorn_extruded_1_trace_part4_s                             ,242.537,34.312,242.612,34.286,90,0,0,0,0,0,0,0,0,0,15,1,0,0,0,0,1,0,0,1,0,0,1,0,0,0,-1,0,0,0,0,-1,1,0,-1,1,0,-1,1
cfma_coronado_banks_complete_trace_part10_s                        ,242.426,32.927,242.48,32.867,90,0,0,0,0,0,0,0,0,0,15,1,0,0,0,0,1,0,0,1,0,0,1,0,0,0,-1,0,0,0,0,-1,1,0,-1,1,0,-1,1
cfma_coronado_banks_complete_trace_part11_s                        ,242.384,32.954,242.426,32.927,90,0,0,0,0,0,0,0,0,0,15,1,0,0,0,0,1,0,0,1,0,0,1,0,0,0,-1,0,0,0,0,-1,1,0,-1,1,0,-1,1
cfma_coronado_banks_complete_trace_part12_s                        ,242.313,33.029,242.384,32.954,90,0,0,0,0,0,0,0,0,0,15,1,0,0,0,0,1,0,0,1,0,0,1,0,0,0,-1,0,0,0,0,-1,1,0,-1,1,0,-1,1
cfma_coronado_banks_complete_trace_part13_s                        ,242.258,33.075,242.313,33.029,90,0,0,0,0,0,0,0,0,0,15,1,0,0,0,0,1,0,0,1,0,0,1,0,0,0,-1,0,0,0,0,-1,1,0,-1,1,0,-1,1
cfma_coronado_banks_complete_trace_part14_s                        ,242.083,33.282,242.162,33.208,90,0,0,0,0,0,0,0,0,0,15,1,0,0,0,0,1,0,0,1,0,0,1,0,0,0,-1,0,0,0,0,-1,1,0,-1,1,0,-1,1
cfma_coronado_banks_complete_trace_part15_s                        ,242.162,33.208,242.258,33.075,90,0,0,0,0,0,0,0,0,0,15,1,0,0,0,0,1,0,0,1,0,0,1,0,0,0,-1,0,0,0,0,-1,1,0,-1,1,0,-1,1
cfma_coronado_banks_complete_trace_part1_sa                        ,242.734,32.497,242.95,32.194,90,0,0,0,0,0,0,0,0,0,15,1,0,0,0,0,1,0,0,1,0,0,1,0,0,0,-1,0,0,0,0,-1,1,0,-1,1,0,-1,1
cfma_coronado_banks_complete_trace_part1_sb                        ,242.95,32.194,243.165,31.89,90,0,0,0,0,0,0,0,0,0,15,1,0,0,0,0,1,0,0,1,0,0,1,0,0,0,-1,0,0,0,0,-1,1,0,-1,1,0,-1,1
cfma_coronado_banks_complete_trace_part2_s                         ,242.702,32.554,242.734,32.497,90,0,0,0,0,0,0,0,0,0,15,1,0,0,0,0,1,0,0,1,0,0,1,0,0,0,-1,0,0,0,0,-1,1,0,-1,1,0,-1,1
cfma_coronado_banks_complete_trace_part3_s                         ,242.685,32.596,242.702,32.554,90,0,0,0,0,0,0,0,0,0,15,1,0,0,0,0,1,0,0,1,0,0,1,0,0,0,-1,0,0,0,0,-1,1,0,-1,1,0,-1,1
cfma_coronado_banks_complete_trace_part4_s                         ,242.656,32.626,242.685,32.596,90,0,0,0,0,0,0,0,0,0,15,1,0,0,0,0,1,0,0,1,0,0,1,0,0,0,-1,0,0,0,0,-1,1,0,-1,1,0,-1,1
cfma_coronado_banks_complete_trace_part5_s                         ,242.587,32.68,242.656,32.626,90,0,0,0,0,0,0,0,0,0,15,1,0,0,0,0,1,0,0,1,0,0,1,0,0,0,-1,0,0,0,0,-1,1,0,-1,1,0,-1,1
cfma_coronado_banks_complete_trace_part6_s                         ,242.567,32.725,242.587,32.68,90,0,0,0,0,0,0,0,0,0,15,1,0,0,0,0,1,0,0,1,0,0,1,0,0,0,-1,0,0,0,0,-1,1,0,-1,1,0,-1,1
cfma_coronado_banks_complete_trace_part7_s                         ,242.533,32.754,242.567,32.725,90,0,0,0,0,0,0,0,0,0,15,1,0,0,0,0,1,0,0,1,0,0,1,0,0,0,-1,0,0,0,0,-1,1,0,-1,1,0,-1,1
cfma_coronado_banks_complete_trace_part8_s                         ,242.493,32.81,242.533,32.754,90,0,0,0,0,0,0,0,0,0,15,1,0,0,0,0,1,0,0,1,0,0,1,0,0,0,-1,0,0,0,0,-1,1,0,-1,1,0,-1,1
cfma_coronado_banks_complete_trace_part9_s                         ,242.48,32.867,242.493,32.81,90,0,0,0,0,0,0,0,0,0,15,1,0,0,0,0,1,0,0,1,0,0,1,0,0,0,-1,0,0,0,0,-1,1,0,-1,1,0,-1,1
cfma_coyote_creek_san_jacinto_extruded_90dip_trace_part1_s         ,243.457,33.471,243.53,33.422,90,0,0,0,0,0,0,0,0,0,15,1,0,0,0,0,1,0,0,1,0,0,1,0,0,0,-1,0,0,0,0,-1,1,0,-1,1,0,-1,1
cfma_coyote_creek_san_jacinto_extruded_90dip_trace_part2_s         ,243.717,33.265,243.795,33.208,90,0,0,0,0,0,0,0,0,0,15,1,0,0,0,0,1,0,0,1,0,0,1,0,0,0,-1,0,0,0,0,-1,1,0,-1,1,0,-1,1
cfma_coyote_creek_san_jacinto_extruded_90dip_trace_part3_s         ,243.53,33.422,243.717,33.265,90,0,0,0,0,0,0,0,0,0,15,1,0,0,0,0,1,0,0,1,0,0,1,0,0,0,-1,0,0,0,0,-1,1,0,-1,1,0,-1,1
cfma_coyote_moutain_elsinore_extrapolated_trace_part1_s            ,243.556,32.988,243.687,32.969,90,0,0,0,0,0,0,0,0,0,15,1,0,0,0,0,1,0,0,1,0,0,1,0,0,0,-1,0,0,0,0,-1,1,0,-1,1,0,-1,1
cfma_coyote_moutain_elsinore_extrapolated_trace_part2_s            ,243.687,32.969,243.755,32.891,90,0,0,0,0,0,0,0,0,0,15,1,0,0,0,0,1,0,0,1,0,0,1,0,0,0,-1,0,0,0,0,-1,1,0,-1,1,0,-1,1
cfma_coyote_moutain_elsinore_extrapolated_trace_part3_s            ,243.755,32.891,243.822,32.839,90,0,0,0,0,0,0,0,0,0,15,1,0,0,0,0,1,0,0,1,0,0,1,0,0,0,-1,0,0,0,0,-1,1,0,-1,1,0,-1,1
cfma_coyote_moutain_elsinore_extrapolated_trace_part4_s            ,243.822,32.839,243.901,32.816,90,0,0,0,0,0,0,0,0,0,15,1,0,0,0,0,1,0,0,1,0,0,1,0,0,0,-1,0,0,0,0,-1,1,0,-1,1,0,-1,1
cfma_coyote_moutain_elsinore_extrapolated_trace_part5_s            ,243.901,32.816,243.959,32.787,90,0,0,0,0,0,0,0,0,0,15,1,0,0,0,0,1,0,0,1,0,0,1,0,0,0,-1,0,0,0,0,-1,1,0,-1,1,0,-1,1
cfma_dume_connected_complete_trace_part1_s                         ,241.305,33.985,241.448,34.021,138.6,0,0,0,0,0,0,0,0,0,15,1,0,0,0,0,1,0,0,1,0,0,1,0,0,0,-1,0,0,0,0,-1,1,0,-1,1,0,-1,1
cfma_dume_connected_complete_trace_part2_s                         ,241.257,33.975,241.305,33.985,133.9,0,0,0,0,0,0,0,0,0,15,1,0,0,0,0,1,0,0,1,0,0,1,0,0,0,-1,0,0,0,0,-1,1,0,-1,1,0,-1,1
cfma_dume_connected_complete_trace_part3_s                         ,241.181,33.96,241.257,33.975,134.3,0,0,0,0,0,0,0,0,0,15,1,0,0,0,0,1,0,0,1,0,0,1,0,0,0,-1,0,0,0,0,-1,1,0,-1,1,0,-1,1
cfma_dume_connected_complete_trace_part4_s                         ,241.065,33.949,241.181,33.96,134.4,0,0,0,0,0,0,0,0,0,15,1,0,0,0,0,1,0,0,1,0,0,1,0,0,0,-1,0,0,0,0,-1,1,0,-1,1,0,-1,1
cfma_dume_connected_complete_trace_part5_s                         ,240.98,33.972,241.065,33.949,131.8,0,0,0,0,0,0,0,0,0,15,1,0,0,0,0,1,0,0,1,0,0,1,0,0,0,-1,0,0,0,0,-1,1,0,-1,1,0,-1,1
cfma_dume_connected_complete_trace_part6_s                         ,240.855,33.977,240.98,33.972,134.7,0,0,0,0,0,0,0,0,0,15,1,0,0,0,0,1,0,0,1,0,0,1,0,0,0,-1,0,0,0,0,-1,1,0,-1,1,0,-1,1
cfma_dume_connected_complete_trace_part7_s                         ,240.772,33.941,240.855,33.977,130.1,0,0,0,0,0,0,0,0,0,15,1,0,0,0,0,1,0,0,1,0,0,1,0,0,0,-1,0,0,0,0,-1,1,0,-1,1,0,-1,1
cfma_garlock_complete_trace_part10_s                               ,242.448,35.486,242.705,35.543,90,0,0,0,0,0,0,0,0,0,10,1,0,0,0,0,1,0,0,1,0,0,1,0,0,0,-1,0,0,0,0,-1,1,0,-1,1,0,-1,1
cfma_garlock_complete_trace_part11_s                               ,242.705,35.543,242.861,35.585,90,0,0,0,0,0,0,0,0,0,10,1,0,0,0,0,1,0,0,1,0,0,1,0,0,0,-1,0,0,0,0,-1,1,0,-1,1,0,-1,1
cfma_garlock_complete_trace_part12_saaa                            ,242.992,35.609,243.111,35.603,90,0,0,0,0,0,0,0,0,0,10,1,0,0,0,0,1,0,0,1,0,0,1,0,0,0,-1,0,0,0,0,-1,1,0,-1,1,0,-1,1
cfma_garlock_complete_trace_part12_saab                            ,243.111,35.603,243.213,35.607,90,0,0,0,0,0,0,0,0,0,10,1,0,0,0,0,1,0,0,1,0,0,1,0,0,0,-1,0,0,0,0,-1,1,0,-1,1,0,-1,1
cfma_garlock_complete_trace_part12_sab                             ,243.213,35.607,243.301,35.6,90,0,0,0,0,0,0,0,0,0,10,1,0,0,0,0,1,0,0,1,0,0,1,0,0,0,-1,0,0,0,0,-1,1,0,-1,1,0,-1,1
cfma_garlock_complete_trace_part12_sb                              ,243.301,35.6,243.608,35.596,90,0,0,0,0,0,0,0,0,0,10,1,0,0,0,0,1,0,0,1,0,0,1,0,0,0,-1,0,0,0,0,-1,1,0,-1,1,0,-1,1
cfma_garlock_complete_trace_part13_s                               ,242.861,35.585,242.992,35.609,90,0,0,0,0,0,0,0,0,0,10,1,0,0,0,0,1,0,0,1,0,0,1,0,0,0,-1,0,0,0,0,-1,1,0,-1,1,0,-1,1
cfma_garlock_complete_trace_part1_s                                ,241.103,34.811,241.169,34.845,90,0,0,0,0,0,0,0,0,0,15,1,0,0,0,0,1,0,0,1,0,0,1,0,0,0,-1,0,0,0,0,-1,1,0,-1,1,0,-1,1
cfma_garlock_complete_trace_part2_s                                ,241.169,34.845,241.282,34.911,90,0,0,0,0,0,0,0,0,0,15,1,0,0,0,0,1,0,0,1,0,0,1,0,0,0,-1,0,0,0,0,-1,1,0,-1,1,0,-1,1
cfma_garlock_complete_trace_part3_s                                ,241.282,34.911,241.525,34.996,90,0,0,0,0,0,0,0,0,0,15,1,0,0,0,0,1,0,0,1,0,0,1,0,0,0,-1,0,0,0,0,-1,1,0,-1,1,0,-1,1
cfma_garlock_complete_trace_part4_s                                ,241.525,34.996,241.652,35.081,90,0,0,0,0,0,0,0,0,0,15,1,0,0,0,0,1,0,0,1,0,0,1,0,0,0,-1,0,0,0,0,-1,1,0,-1,1,0,-1,1
cfma_garlock_complete_trace_part5_s                                ,241.91,35.209,241.986,35.271,90,0,0,0,0,0,0,0,0,0,15,1,0,0,0,0,1,0,0,1,0,0,1,0,0,0,-1,0,0,0,0,-1,1,0,-1,1,0,-1,1
cfma_garlock_complete_trace_part6_s                                ,241.652,35.081,241.91,35.209,90,0,0,0,0,0,0,0,0,0,15,1,0,0,0,0,1,0,0,1,0,0,1,0,0,0,-1,0,0,0,0,-1,1,0,-1,1,0,-1,1
cfma_garlock_complete_trace_part7_s                                ,241.977,35.284,242.187,35.398,90,0,0,0,0,0,0,0,0,0,15,1,0,0,0,0,1,0,0,1,0,0,1,0,0,0,-1,0,0,0,0,-1,1,0,-1,1,0,-1,1
cfma_garlock_complete_trace_part8_s                                ,242.187,35.398,242.309,35.441,90,0,0,0,0,0,0,0,0,0,15,1,0,0,0,0,1,0,0,1,0,0,1,0,0,0,-1,0,0,0,0,-1,1,0,-1,1,0,-1,1
cfma_garlock_complete_trace_part9_s                                ,242.309,35.441,242.448,35.486,90,0,0,0,0,0,0,0,0,0,15,1,0,0,0,0,1,0,0,1,0,0,1,0,0,0,-1,0,0,0,0,-1,1,0,-1,1,0,-1,1
cfma_glen_ivy_complete_trace_part1_s                               ,242.41,33.831,242.452,33.815,90,0,0,0,0,0,0,0,0,0,15,1,0,0,0,0,1,0,0,1,0,0,1,0,0,0,-1,0,0,0,0,-1,1,0,-1,1,0,-1,1
cfma_glen_ivy_complete_trace_part2_s                               ,242.452,33.815,242.499,33.782,90,0,0,0,0,0,0,0,0,0,15,1,0,0,0,0,1,0,0,1,0,0,1,1,0,0,-1,0,0,0,0,-1,1,0,-1,1,0,-1,1
cfma_glen_ivy_complete_trace_part3_s                               ,242.499,33.782,242.561,33.734,90,0,0,0,0,0,0,0,0,0,15,1,0,0,0,0,1,0,0,1,0,0,1,0,0,0,-1,0,0,0,0,-1,1,0,-1,1,0,-1,1
cfma_goldstone_lake_extruded_90_trace_part1_s                      ,243.032,35.489,243.075,35.455,90,0,0,0,0,0,0,0,0,0,10,1,0,0,0,0,1,0,0,1,0,0,1,0,0,0,-1,0,0,0,0,-1,1,0,-1,1,0,-1,1
cfma_goldstone_lake_extruded_90_trace_part2_s                      ,243.075,35.455,243.118,35.397,90,0,0,0,0,0,0,0,0,0,10,1,0,0,0,0,1,0,0,1,0,0,1,0,0,0,-1,0,0,0,0,-1,1,0,-1,1,0,-1,1
cfma_goldstone_lake_extruded_90_trace_part3_s                      ,243.262,35.226,243.309,35.179,90,0,0,0,0,0,0,0,0,0,10,1,0,0,0,0,1,0,0,1,0,0,1,0,0,0,-1,0,0,0,0,-1,1,0,-1,1,0,-1,1
cfma_goldstone_lake_extruded_90_trace_part4_s                      ,243.118,35.397,243.262,35.226,90,0,0,0,0,0,0,0,0,0,10,1,0,0,0,0,1,0,0,1,0,0,1,1,0,0,-1,0,0,0,0,-1,1,0,-1,1,0,-1,1
cfma_helendale_south_lockhart_extruded_90_trace_part3_sa           ,243.072,34.765,243.317,34.635,90,0,0,0,0,0,0,0,0,0,10,1,0,0,0,0,1,0,0,1,0,0,1,0,0,0,-1,0,0,0,0,-1,1,0,-1,1,0,-1,1
cfma_helendale_south_lockhart_extruded_90_trace_part3_sba          ,243.317,34.635,243.423,34.565,90,0,0,0,0,0,0,0,0,0,10,1,0,0,0,0,1,0,0,1,0,0,1,0,0,0,-1,0,0,0,0,-1,1,0,-1,1,0,-1,1
cfma_helendale_south_lockhart_extruded_90_trace_part3_sbb          ,243.423,34.565,243.489,34.468,90,0,0,0,0,0,0,0,0,0,10,1,0,0,0,0,1,0,0,1,0,0,1,1,0,0,-1,0,0,0,0,-1,1,0,-1,1,0,-1,1
cfma_helendale_south_lockhart_extruded_90_trace_part4_s            ,242.919,34.868,243.072,34.765,90,0,0,0,0,0,0,0,0,0,10,1,0,0,0,0,1,0,0,1,0,0,1,0,0,0,-1,0,0,0,0,-1,1,0,-1,1,0,-1,1
cfma_helendale_south_lockhart_extruded_90_trace_part5_s            ,242.793,34.929,242.919,34.868,90,0,0,0,0,0,0,0,0,0,10,1,0,0,0,0,1,0,0,1,0,0,1,0,0,0,-1,0,0,0,0,-1,1,0,-1,1,0,-1,1
cfma_helendale_south_lockhart_extruded_90_trace_part6_s            ,242.628,35.008,242.793,34.929,90,0,0,0,0,0,0,0,0,0,10,1,0,0,0,0,1,0,0,1,0,0,1,0,0,0,-1,0,0,0,0,-1,1,0,-1,1,0,-1,1
cfma_helendale_south_lockhart_extruded_90_trace_part7_s            ,242.488,35.076,242.628,35.008,90,0,0,0,0,0,0,0,0,0,10,1,0,0,0,0,1,0,0,1,0,0,1,0,0,0,-1,0,0,0,0,-1,1,0,-1,1,0,-1,1
cfma_helendale_south_lockhart_extruded_90_trace_part8_s            ,242.403,35.11,242.488,35.076,90,0,0,0,0,0,0,0,0,0,10,1,0,0,0,0,1,0,0,1,0,0,1,0,0,0,-1,0,0,0,0,-1,1,0,-1,1,0,-1,1
cfma_hosgri_san_simeon_extrapolated_complete_trace_part10_s_2      ,238.842,35.604,238.909,35.504,90,0,0,0,0,0,0,0,0,0,15,1,0,0,0,0,1,0,0,1,0,0,1,0,0,0,-1,0,0,0,0,-1,1,0,-1,1,0,-1,1
cfma_hosgri_san_simeon_extrapolated_complete_trace_part11_s_2      ,238.909,35.504,238.936,35.456,90,0,0,0,0,0,0,0,0,0,15,1,0,0,0,0,1,0,0,1,0,0,1,0,0,0,-1,0,0,0,0,-1,1,0,-1,1,0,-1,1
cfma_hosgri_san_simeon_extrapolated_complete_trace_part12_s_2      ,238.936,35.456,238.954,35.423,90,0,0,0,0,0,0,0,0,0,15,1,0,0,0,0,1,0,0,1,0,0,1,0,0,0,-1,0,0,0,0,-1,1,0,-1,1,0,-1,1
cfma_hosgri_san_simeon_extrapolated_complete_trace_part13_s_2      ,238.998,35.356,239.04,35.273,90,0,0,0,0,0,0,0,0,0,15,1,0,0,0,0,1,0,0,1,0,0,1,0,0,0,-1,0,0,0,0,-1,1,0,-1,1,0,-1,1
cfma_hosgri_san_simeon_extrapolated_complete_trace_part14_s_2      ,238.954,35.423,238.998,35.356,90,0,0,0,0,0,0,0,0,0,15,1,0,0,0,0,1,0,0,1,0,0,1,0,0,0,-1,0,0,0,0,-1,1,0,-1,1,0,-1,1
cfma_hosgri_san_simeon_extrapolated_complete_trace_part15_s_2      ,239.04,35.273,239.084,35.194,90,0,0,0,0,0,0,0,0,0,15,1,0,0,0,0,1,0,0,1,0,0,1,0,0,0,-1,0,0,0,0,-1,1,0,-1,1,0,-1,1
cfma_hosgri_san_simeon_extrapolated_complete_trace_part16_s_2      ,239.084,35.194,239.121,35.145,90,0,0,0,0,0,0,0,0,0,15,1,0,0,0,0,1,0,0,1,0,0,1,0,0,0,-1,0,0,0,0,-1,1,0,-1,1,0,-1,1
cfma_hosgri_san_simeon_extrapolated_complete_trace_part17_s_2      ,239.121,35.145,239.134,35.11,90,0,0,0,0,0,0,0,0,0,15,1,0,0,0,0,1,0,0,1,0,0,1,0,0,0,-1,0,0,0,0,-1,1,0,-1,1,0,-1,1
cfma_hosgri_san_simeon_extrapolated_complete_trace_part18_s_2      ,239.134,35.11,239.166,35.049,90,0,0,0,0,0,0,0,0,0,15,1,0,0,0,0,1,0,0,1,0,0,1,0,0,0,-1,0,0,0,0,-1,1,0,-1,1,0,-1,1
cfma_hosgri_san_simeon_extrapolated_complete_trace_part19_s_2      ,239.166,35.049,239.195,34.977,90,0,0,0,0,0,0,0,0,0,15,1,0,0,0,0,1,0,0,1,0,0,1,0,0,0,-1,0,0,0,0,-1,1,0,-1,1,0,-1,1
cfma_hosgri_san_simeon_extrapolated_complete_trace_part1_s_2       ,238.296,36.15,238.439,35.97,90,0,0,0,0,0,0,0,0,0,15,1,0,0,0,0,1,0,0,1,0,0,1,0,0,0,-1,0,0,0,0,-1,1,0,-1,1,0,-1,1
cfma_hosgri_san_simeon_extrapolated_complete_trace_part20_s_2      ,239.195,34.977,239.205,34.936,90,0,0,0,0,0,0,0,0,0,15,1,0,0,0,0,1,0,0,1,0,0,1,0,0,0,-1,0,0,0,0,-1,1,0,-1,1,0,-1,1
cfma_hosgri_san_simeon_extrapolated_complete_trace_part21_s_2      ,239.205,34.936,239.234,34.895,90,0,0,0,0,0,0,0,0,0,15,1,0,0,0,0,1,0,0,1,0,0,1,0,0,0,-1,0,0,0,0,-1,1,0,-1,1,0,-1,1
cfma_hosgri_san_simeon_extrapolated_complete_trace_part22_s_2      ,239.234,34.895,239.254,34.857,90,0,0,0,0,0,0,0,0,0,15,1,0,0,0,0,1,0,0,1,0,0,1,0,0,0,-1,0,0,0,0,-1,1,0,-1,1,0,-1,1
cfma_hosgri_san_simeon_extrapolated_complete_trace_part23_s_2      ,239.254,34.857,239.267,34.797,90,0,0,0,0,0,0,0,0,0,15,1,0,0,0,0,1,0,0,1,0,0,1,0,0,0,-1,0,0,0,0,-1,1,0,-1,1,0,-1,1
cfma_hosgri_san_simeon_extrapolated_complete_trace_part24_s_2      ,239.308,34.709,239.312,34.665,90,0,0,0,0,0,0,0,0,0,15,1,0,0,0,0,1,0,0,1,0,0,1,0,0,0,-1,0,0,0,0,-1,1,0,-1,1,0,-1,1
cfma_hosgri_san_simeon_extrapolated_complete_trace_part25_s_2      ,239.267,34.797,239.308,34.709,90,0,0,0,0,0,0,0,0,0,15,1,0,0,0,0,1,0,0,1,0,0,1,0,0,0,-1,0,0,0,0,-1,1,0,-1,1,0,-1,1
cfma_hosgri_san_simeon_extrapolated_complete_trace_part26_s_2      ,238.681,35.77,238.714,35.746,90,0,0,0,0,0,0,0,0,0,15,1,0,0,0,0,1,0,0,1,0,0,1,0,0,0,-1,0,0,0,0,-1,1,0,-1,1,0,-1,1
cfma_hosgri_san_simeon_extrapolated_complete_trace_part27_s_2      ,238.635,35.794,238.681,35.77,90,0,0,0,0,0,0,0,0,0,15,1,0,0,0,0,1,0,0,1,0,0,1,0,0,0,-1,0,0,0,0,-1,1,0,-1,1,0,-1,1
cfma_hosgri_san_simeon_extrapolated_complete_trace_part28_s_2      ,239.313,34.606,239.312,34.665,90,0,0,0,0,0,0,0,0,0,15,1,0,0,0,0,1,0,0,1,0,0,1,0,0,0,-1,0,0,0,0,-1,1,0,-1,1,0,-1,1
cfma_hosgri_san_simeon_extrapolated_complete_trace_part2_s_2       ,238.439,35.97,238.483,35.93,90,0,0,0,0,0,0,0,0,0,15,1,0,0,0,0,1,0,0,1,0,0,1,0,0,0,-1,0,0,0,0,-1,1,0,-1,1,0,-1,1
cfma_hosgri_san_simeon_extrapolated_complete_trace_part3_s_2       ,238.483,35.93,238.506,35.896,90,0,0,0,0,0,0,0,0,0,15,1,0,0,0,0,1,0,0,1,0,0,1,0,0,0,-1,0,0,0,0,-1,1,0,-1,1,0,-1,1
cfma_hosgri_san_simeon_extrapolated_complete_trace_part4_s_2       ,238.506,35.896,238.547,35.864,90,0,0,0,0,0,0,0,0,0,15,1,0,0,0,0,1,0,0,1,0,0,1,0,0,0,-1,0,0,0,0,-1,1,0,-1,1,0,-1,1
cfma_hosgri_san_simeon_extrapolated_complete_trace_part5_s_2       ,238.547,35.864,238.582,35.837,90,0,0,0,0,0,0,0,0,0,15,1,0,0,0,0,1,0,0,1,0,0,1,0,0,0,-1,0,0,0,0,-1,1,0,-1,1,0,-1,1
cfma_hosgri_san_simeon_extrapolated_complete_trace_part6_s_2       ,238.582,35.837,238.635,35.794,90,0,0,0,0,0,0,0,0,0,15,1,0,0,0,0,1,0,0,1,0,0,1,0,0,0,-1,0,0,0,0,-1,1,0,-1,1,0,-1,1
cfma_hosgri_san_simeon_extrapolated_complete_trace_part7_s_2       ,238.714,35.746,238.759,35.702,90,0,0,0,0,0,0,0,0,0,15,1,0,0,0,0,1,0,0,1,0,0,1,0,0,0,-1,0,0,0,0,-1,1,0,-1,1,0,-1,1
cfma_hosgri_san_simeon_extrapolated_complete_trace_part8_s_2       ,238.759,35.702,238.806,35.654,90,0,0,0,0,0,0,0,0,0,15,1,0,0,0,0,1,0,0,1,0,0,1,0,0,0,-1,0,0,0,0,-1,1,0,-1,1,0,-1,1
cfma_hosgri_san_simeon_extrapolated_complete_trace_part9_s_2       ,238.806,35.654,238.842,35.604,90,0,0,0,0,0,0,0,0,0,15,1,0,0,0,0,1,0,0,1,0,0,1,0,0,0,-1,0,0,0,0,-1,1,0,-1,1,0,-1,1
cfma_hunter_mountain_complete_trace_part1_s                        ,242.048,36.925,242.106,36.773,90,0,0,0,0,0,0,0,0,0,10,1,0,0,0,0,1,0,0,1,0,0,1,0,0,0,-1,0,0,0,0,-1,1,0,-1,1,0,-1,1
cfma_hunter_mountain_complete_trace_part2_s                        ,242.106,36.773,242.139,36.739,90,0,0,0,0,0,0,0,0,0,10,1,0,0,0,0,1,0,0,1,0,0,1,0,0,0,-1,0,0,0,0,-1,1,0,-1,1,0,-1,1
cfma_hunter_mountain_complete_trace_part3_s                        ,242.139,36.739,242.18,36.674,90,0,0,0,0,0,0,0,0,0,10,1,0,0,0,0,1,0,0,1,0,0,1,0,0,0,-1,0,0,0,0,-1,1,0,-1,1,0,-1,1
cfma_hunter_mountain_complete_trace_part4_s                        ,242.18,36.674,242.294,36.636,90,0,0,0,0,0,0,0,0,0,10,1,0,0,0,0,1,0,0,1,0,0,1,0,0,0,-1,0,0,0,0,-1,1,0,-1,1,0,-1,1
cfma_hunter_mountain_complete_trace_part5_s                        ,242.294,36.636,242.342,36.615,90,0,0,0,0,0,0,0,0,0,10,1,0,0,0,0,1,0,0,1,0,0,1,0,0,0,-1,0,0,0,0,-1,1,0,-1,1,0,-1,1
cfma_hunter_mountain_complete_trace_part6_s                        ,242.342,36.615,242.388,36.574,90,0,0,0,0,0,0,0,0,0,10,1,0,0,0,0,1,0,0,1,0,0,1,0,0,0,-1,0,0,0,0,-1,1,0,-1,1,0,-1,1
cfma_hunter_mountain_complete_trace_part7_s                        ,242.388,36.574,242.437,36.54,90,0,0,0,0,0,0,0,0,0,10,1,0,0,0,0,1,0,0,1,0,0,1,0,0,0,-1,0,0,0,0,-1,1,0,-1,1,0,-1,1
cfma_hunter_mountain_complete_trace_part8_s                        ,242.437,36.54,242.525,36.498,90,0,0,0,0,0,0,0,0,0,10,1,0,0,0,0,1,0,0,1,0,0,1,0,0,0,-1,0,0,0,0,-1,1,0,-1,1,0,-1,1
cfma_imperial_extrapolated_trace_0_part5_s                         ,244.465,32.872,244.522,32.807,90,0,0,0,0,0,0,0,0,0,2.5,1,0,0,0,0,1,0,0,1,0,0,1,0,0,0,-1,0,0,0,0,-1,1,0,-1,1,0,-1,1
cfma_julian_elsinore_extrapolated_trace_part10_s_2                 ,243.496,33.026,243.544,32.992,90,0,0,0,0,0,0,0,0,0,15,1,0,0,0,0,1,0,0,1,0,0,1,0,0,0,-1,0,0,0,0,-1,1,0,-1,1,0,-1,1
cfma_julian_elsinore_extrapolated_trace_part1_s_2                  ,242.969,33.386,242.998,33.357,90,0,0,0,0,0,0,0,0,0,15,1,0,0,0,0,1,0,0,1,0,0,1,0,0,0,-1,0,0,0,0,-1,1,0,-1,1,0,-1,1
cfma_julian_elsinore_extrapolated_trace_part2_s_2                  ,242.998,33.357,243.048,33.334,90,0,0,0,0,0,0,0,0,0,15,1,0,0,0,0,1,0,0,1,0,0,1,0,0,0,-1,0,0,0,0,-1,1,0,-1,1,0,-1,1
cfma_julian_elsinore_extrapolated_trace_part3_s_2                  ,243.048,33.334,243.156,33.281,90,0,0,0,0,0,0,0,0,0,15,1,0,0,0,0,1,0,0,1,0,0,1,0,0,0,-1,0,0,0,0,-1,1,0,-1,1,0,-1,1
cfma_julian_elsinore_extrapolated_trace_part4_s_2                  ,243.156,33.281,243.209,33.248,90,0,0,0,0,0,0,0,0,0,15,1,0,0,0,0,1,0,0,1,0,0,1,0,0,0,-1,0,0,0,0,-1,1,0,-1,1,0,-1,1
cfma_julian_elsinore_extrapolated_trace_part5_s_2                  ,243.209,33.248,243.268,33.204,90,0,0,0,0,0,0,0,0,0,15,1,0,0,0,0,1,0,0,1,0,0,1,0,0,0,-1,0,0,0,0,-1,1,0,-1,1,0,-1,1
cfma_julian_elsinore_extrapolated_trace_part6_s_2                  ,243.268,33.204,243.31,33.169,90,0,0,0,0,0,0,0,0,0,15,1,0,0,0,0,1,0,0,1,0,0,1,0,0,0,-1,0,0,0,0,-1,1,0,-1,1,0,-1,1
cfma_julian_elsinore_extrapolated_trace_part7_s_2                  ,243.31,33.169,243.372,33.124,90,0,0,0,0,0,0,0,0,0,15,1,0,0,0,0,1,0,0,1,0,0,1,0,0,0,-1,0,0,0,0,-1,1,0,-1,1,0,-1,1
cfma_julian_elsinore_extrapolated_trace_part8_s_2                  ,243.372,33.124,243.447,33.071,90,0,0,0,0,0,0,0,0,0,15,1,0,0,0,0,1,0,0,1,0,0,1,0,0,0,-1,0,0,0,0,-1,1,0,-1,1,0,-1,1
cfma_julian_elsinore_extrapolated_trace_part9_s_2                  ,243.447,33.071,243.496,33.026,90,0,0,0,0,0,0,0,0,0,15,1,0,0,0,0,1,0,0,1,0,0,1,0,0,0,-1,0,0,0,0,-1,1,0,-1,1,0,-1,1
cfma_little_lake_complete_trace_part2_s_2                          ,242.171,35.834,242.119,35.897,90,0,0,0,0,0,0,0,0,0,10,1,0,0,0,0,1,0,0,1,0,0,1,0,0,0,-1,0,0,0,0,-1,1,0,-1,1,0,-1,1
cfma_lower_pitas_point_montalvo_complete_trace_part4_s_2           ,239.939,34.277,240.021,34.306,159.4,0,0,0,0,0,0,0,0,0,15,1,0,0,0,0,1,0,0,1,0,0,1,0,0,0,-1,0,0,0,0,-1,1,0,-1,1,0,-1,1
cfma_lower_pitas_point_montalvo_complete_trace_part5_s_2           ,239.88,34.251,239.939,34.277,160.7,0,0,0,0,0,0,0,0,0,15,1,0,0,0,0,1,0,0,1,0,0,1,0,0,0,-1,0,0,0,0,-1,1,0,-1,1,0,-1,1
cfma_ludlow_extruded_90_trace_part1_s                              ,243.749,34.961,243.797,34.909,90,0,0,0,0,0,0,0,0,0,10,1,0,0,0,0,1,0,0,1,0,0,1,0,0,0,-1,0,0,0,0,-1,1,0,-1,1,0,-1,1
cfma_ludlow_extruded_90_trace_part2_s                              ,243.783,34.826,243.797,34.909,90,0,0,0,0,0,0,0,0,0,10,1,0,0,0,0,1,0,0,1,0,0,1,0,0,0,-1,0,0,0,0,-1,1,0,-1,1,0,-1,1
cfma_ludlow_extruded_90_trace_part3_s                              ,243.783,34.826,243.811,34.785,90,0,0,0,0,0,0,0,0,0,10,1,0,0,0,0,1,0,0,1,0,0,1,0,0,0,-1,0,0,0,0,-1,1,0,-1,1,0,-1,1
cfma_ludlow_extruded_90_trace_part4_s                              ,243.839,34.707,244.123,34.443,90,0,0,0,0,0,0,0,0,0,10,1,0,0,0,0,1,0,0,1,0,0,1,0,0,0,-1,0,0,0,0,-1,1,0,-1,1,0,-1,1
cfma_ludlow_extruded_90_trace_part5_s                              ,243.811,34.785,243.839,34.707,90,0,0,0,0,0,0,0,0,0,10,1,0,0,0,0,1,0,0,1,0,0,1,0,0,0,-1,0,0,0,0,-1,1,0,-1,1,0,-1,1
cfma_newport_inglewood_complete_trace_part1_s                      ,241.616,34.04,241.64,33.989,90,0,0,0,0,0,0,0,0,0,15,1,0,0,0,0,1,0,0,1,0,0,1,0,0,0,-1,0,0,0,0,-1,1,0,-1,1,0,-1,1
cfma_newport_inglewood_complete_trace_part2_s                      ,241.64,33.989,241.671,33.948,90,0,0,0,0,0,0,0,0,0,15,1,0,0,0,0,1,0,0,1,0,0,1,0,0,0,-1,0,0,0,0,-1,1,0,-1,1,0,-1,1
cfma_newport_inglewood_complete_trace_part3_s                      ,241.671,33.948,241.749,33.877,90,0,0,0,0,0,0,0,0,0,15,1,0,0,0,0,1,0,0,1,0,0,1,0,0,0,-1,0,0,0,0,-1,1,0,-1,1,0,-1,1
cfma_newport_inglewood_complete_trace_part4_s                      ,241.749,33.877,241.794,33.827,90,0,0,0,0,0,0,0,0,0,15,1,0,0,0,0,1,0,0,1,0,0,1,0,0,0,-1,0,0,0,0,-1,1,0,-1,1,0,-1,1
cfma_newport_inglewood_complete_trace_part5_s                      ,241.794,33.827,241.85,33.789,90,0,0,0,0,0,0,0,0,0,15,1,0,0,0,0,1,0,0,1,0,0,1,0,0,0,-1,0,0,0,0,-1,1,0,-1,1,0,-1,1
cfma_newport_inglewood_complete_trace_part6_s                      ,241.85,33.789,241.937,33.718,90,0,0,0,0,0,0,0,0,0,15,1,0,0,0,0,1,0,0,1,0,0,1,0,0,0,-1,0,0,0,0,-1,1,0,-1,1,0,-1,1
cfma_newport_inglewood_complete_trace_part7_s                      ,241.937,33.718,242.007,33.674,90,0,0,0,0,0,0,0,0,0,15,1,0,0,0,0,1,0,0,1,0,0,1,0,0,0,-1,0,0,0,0,-1,1,0,-1,1,0,-1,1
cfma_newport_inglewood_complete_trace_part8_s                      ,242.007,33.674,242.101,33.581,90,0,0,0,0,0,0,0,0,0,15,1,0,0,0,0,1,0,0,1,0,0,1,0,0,0,-1,0,0,0,0,-1,1,0,-1,1,0,-1,1
cfma_north_san_gabriel_extruded_60_trace_part1_s_2                 ,241.125,34.716,241.184,34.664,114,0,0,0,0,0,0,0,0,0,15,1,0,0,0,0,1,0,0,1,0,0,1,0,0,0,-1,0,0,0,0,-1,1,0,-1,1,0,-1,1
cfma_north_san_gabriel_extruded_60_trace_part2_s_2                 ,241.184,34.664,241.235,34.617,114.3,0,0,0,0,0,0,0,0,0,15,1,0,0,0,0,1,0,0,1,0,0,1,0,0,0,-1,0,0,0,0,-1,1,0,-1,1,0,-1,1
cfma_north_san_gabriel_extruded_60_trace_part3_s_2                 ,241.235,34.617,241.304,34.562,112.4,0,0,0,0,0,0,0,0,0,15,1,0,0,0,0,1,0,0,1,0,0,1,0,0,0,-1,0,0,0,0,-1,1,0,-1,1,0,-1,1
cfma_north_san_gabriel_extruded_60_trace_part4_s_2                 ,241.356,34.516,241.439,34.438,116.4,0,0,0,0,0,0,0,0,0,10,1,0,0,0,0,1,0,0,1,0,0,1,0,0,0,-1,0,0,0,0,-1,1,0,-1,1,0,-1,1
cfma_north_san_gabriel_extruded_60_trace_part5_s_2                 ,241.304,34.562,241.356,34.516,113.2,0,0,0,0,0,0,0,0,0,10,1,0,0,0,0,1,0,0,1,0,0,1,0,0,0,-1,0,0,0,0,-1,1,0,-1,1,0,-1,1
cfma_oak_ridge_off_extrapolated_trace_part1_s_2                    ,240.035,34.318,240.134,34.314,90,0,0,0,0,0,0,0,0,0,15,1,0,0,0,0,1,0,0,1,0,0,1,0,0,0,-1,0,0,0,0,-1,1,0,-1,1,0,-1,1
cfma_oak_ridge_off_extrapolated_trace_part2_s_2                    ,240.134,34.314,240.207,34.296,90,0,0,0,0,0,0,0,0,0,15,1,0,0,0,0,1,0,0,1,0,0,1,0,0,0,-1,0,0,0,0,-1,1,0,-1,1,0,-1,1
cfma_oak_ridge_off_extrapolated_trace_part3_s_2                    ,240.207,34.296,240.259,34.264,90,0,0,0,0,0,0,0,0,0,15,1,0,0,0,0,1,0,0,1,0,0,1,0,0,0,-1,0,0,0,0,-1,1,0,-1,1,0,-1,1
cfma_oak_ridge_off_extrapolated_trace_part4_s_2                    ,240.259,34.264,240.322,34.254,32.6,0,0,0,0,0,0,0,0,0,15,1,0,0,0,0,1,0,0,1,0,0,1,0,0,0,-1,0,0,0,0,-1,1,0,-1,1,0,-1,1
cfma_oak_ridge_off_extrapolated_trace_part5_s_2                    ,240.649,34.233,240.727,34.253,34.5,0,0,0,0,0,0,0,0,0,15,1,0,0,0,0,1,0,0,1,0,0,1,0,0,0,-1,0,0,0,0,-1,1,0,-1,1,0,-1,1
cfma_oak_ridge_off_extrapolated_trace_part6_s_2                    ,240.568,34.236,240.649,34.233,32.1,0,0,0,0,0,0,0,0,0,15,1,0,0,0,0,1,0,0,1,0,0,1,0,0,0,-1,0,0,0,0,-1,1,0,-1,1,0,-1,1
cfma_oak_ridge_off_extrapolated_trace_part8_s_2                    ,240.322,34.254,240.394,34.263,32.7,0,0,0,0,0,0,0,0,0,15,1,0,0,0,0,1,0,0,1,0,0,1,0,0,0,-1,0,0,0,0,-1,1,0,-1,1,0,-1,1
cfma_oak_ridge_off_extrapolated_trace_part9_s_2                    ,240.394,34.263,240.485,34.252,32.8,0,0,0,0,0,0,0,0,0,15,1,0,0,0,0,1,0,0,1,0,0,1,0,0,0,-1,0,0,0,0,-1,1,0,-1,1,0,-1,1
cfma_oakridge_on_complete_trace_part3_s_2                          ,241.015,34.347,241.095,34.383,90,0,0,0,0,0,0,0,0,0,15,1,0,0,0,0,1,0,0,1,0,0,1,0,0,0,-1,0,0,0,0,-1,1,0,-1,1,0,-1,1
cfma_oakridge_on_complete_trace_part4_s_2                          ,240.957,34.351,241.015,34.347,68,0,0,0,0,0,0,0,0,0,15,1,0,0,0,0,1,0,0,1,0,0,1,0,0,0,-1,0,0,0,0,-1,1,0,-1,1,0,-1,1
cfma_oakridge_on_complete_trace_part5_s_2                          ,240.907,34.317,240.957,34.351,90,0,0,0,0,0,0,0,0,0,15,1,0,0,0,0,1,0,0,1,0,0,1,0,0,0,-1,0,0,0,0,-1,1,0,-1,1,0,-1,1
cfma_oakridge_on_complete_trace_part6_s_2                          ,240.727,34.253,240.801,34.264,90,0,0,0,0,0,0,0,0,0,15,1,0,0,0,0,1,0,0,1,0,0,1,0,0,0,-1,0,0,0,0,-1,1,0,-1,1,0,-1,1
cfma_oakridge_on_complete_trace_part7_s_2                          ,240.801,34.264,240.907,34.317,90,0,0,0,0,0,0,0,0,0,15,1,0,0,0,0,1,0,0,1,0,0,1,0,0,0,-1,0,0,0,0,-1,1,0,-1,1,0,-1,1
cfma_owens_valley_complete_trace_part1_s                           ,241.671,37.236,241.803,36.933,90,0,0,0,0,0,0,0,0,0,10,1,0,0,0,0,1,0,0,1,0,0,1,0,0,0,-1,0,0,0,0,-1,1,0,-1,1,0,-1,1
cfma_owens_valley_complete_trace_part2_s                           ,241.84,36.852,241.881,36.776,90,0,0,0,0,0,0,0,0,0,10,1,0,0,0,0,1,0,0,1,0,0,1,0,0,0,-1,0,0,0,0,-1,1,0,-1,1,0,-1,1
cfma_owens_valley_complete_trace_part3_s                           ,241.803,36.933,241.84,36.852,90,0,0,0,0,0,0,0,0,0,10,1,0,0,0,0,1,0,0,1,0,0,1,0,0,0,-1,0,0,0,0,-1,1,0,-1,1,0,-1,1
cfma_owens_valley_complete_trace_part4_s                           ,241.881,36.776,241.917,36.696,90,0,0,0,0,0,0,0,0,0,10,1,0,0,0,0,1,0,0,1,0,0,1,0,0,0,-1,0,0,0,0,-1,1,0,-1,1,0,-1,1
cfma_owens_valley_complete_trace_part5_s                           ,241.917,36.696,241.93,36.637,90,0,0,0,0,0,0,0,0,0,10,1,0,0,0,0,1,0,0,1,0,0,1,0,0,0,-1,0,0,0,0,-1,1,0,-1,1,0,-1,1
cfma_owens_valley_complete_trace_part6_s                           ,241.957,36.554,241.98,36.507,90,0,0,0,0,0,0,0,0,0,10,1,0,0,0,0,1,0,0,1,0,0,1,0,0,0,-1,0,0,0,0,-1,1,0,-1,1,0,-1,1
cfma_owens_valley_complete_trace_part7_s                           ,241.93,36.637,241.957,36.554,90,0,0,0,0,0,0,0,0,0,10,1,0,0,0,0,1,0,0,1,0,0,1,0,0,0,-1,0,0,0,0,-1,1,0,-1,1,0,-1,1
cfma_pinto_mountain_extruded_90_trace_part7_s                      ,243.712,34.143,243.765,34.145,90,0,0,0,0,0,0,0,0,0,15,1,0,0,0,0,1,0,0,1,0,0,1,0,0,0,-1,0,0,0,0,-1,1,0,-1,1,0,-1,1
cfma_pinto_mountain_extruded_90_trace_part8_s                      ,243.849,34.142,244.021,34.116,90,0,0,0,0,0,0,0,0,0,15,1,0,0,0,0,1,0,0,1,0,0,1,0,0,0,-1,0,0,0,0,-1,1,0,-1,1,0,-1,1
cfma_pinto_mountain_extruded_90_trace_part9_s                      ,243.765,34.145,243.849,34.142,90,0,0,0,0,0,0,0,0,0,15,1,0,0,0,0,1,0,0,1,0,0,1,0,0,0,-1,0,0,0,0,-1,1,0,-1,1,0,-1,1
cfma_pisgah_bullion_mesquite_lake_extruded_90_trace_part1_s        ,243.517,34.814,243.553,34.767,90,0,0,0,0,0,0,0,0,0,10,1,0,0,0,0,1,0,0,1,0,0,1,0,0,0,-1,0,0,0,0,-1,1,0,-1,1,0,-1,1
cfma_pisgah_bullion_mesquite_lake_extruded_90_trace_part2_s        ,243.553,34.767,243.602,34.685,90,0,0,0,0,0,0,0,0,0,10,1,0,0,0,0,1,0,0,1,0,0,1,0,0,0,-1,0,0,0,0,-1,1,0,-1,1,0,-1,1
cfma_pisgah_bullion_mesquite_lake_extruded_90_trace_part3_s        ,243.602,34.685,243.616,34.636,90,0,0,0,0,0,0,0,0,0,10,1,0,0,0,0,1,0,0,1,0,0,1,0,0,0,-1,0,0,0,0,-1,1,0,-1,1,0,-1,1
cfma_pisgah_bullion_mesquite_lake_extruded_90_trace_part4_s        ,243.616,34.636,243.626,34.587,90,0,0,0,0,0,0,0,0,0,10,1,0,0,0,0,1,0,0,1,0,0,1,0,0,0,-1,0,0,0,0,-1,1,0,-1,1,0,-1,1
cfma_pisgah_bullion_mesquite_lake_extruded_90_trace_part5_s        ,243.626,34.587,243.742,34.489,90,0,0,0,0,0,0,0,0,0,10,1,0,0,0,0,1,0,0,1,0,0,1,1,0,0,-1,0,0,0,0,-1,1,0,-1,1,0,-1,1
cfma_pisgah_bullion_mesquite_lake_extruded_90_trace_part6_s        ,243.742,34.489,243.873,34.359,90,0,0,0,0,0,0,0,0,0,10,1,0,0,0,0,1,0,0,1,0,0,1,0,0,0,-1,0,0,0,0,-1,1,0,-1,1,0,-1,1
cfma_pisgah_bullion_mesquite_lake_extruded_90_trace_part7_s        ,243.91,34.247,243.987,34.143,90,0,0,0,0,0,0,0,0,0,10,1,0,0,0,0,1,0,0,1,0,0,1,0,0,0,-1,0,0,0,0,-1,1,0,-1,1,0,-1,1
cfma_pisgah_bullion_mesquite_lake_extruded_90_trace_part8_s        ,243.873,34.359,243.91,34.247,90,0,0,0,0,0,0,0,0,0,10,1,0,0,0,0,1,0,0,1,0,0,1,0,0,0,-1,0,0,0,0,-1,1,0,-1,1,0,-1,1
cfma_puente_hills_complete_trace_part2_s                           ,241.664,34.034,241.736,33.992,143.9,0,0,0,0,0,0,0,0,0,15,1,0,0,0,0,1,0,0,1,0,0,1,0,0,0,-1,0,0,0,0,-1,1,0,-1,1,0,-1,1
cfma_puente_hills_complete_trace_part3_s                           ,241.736,33.992,241.798,33.96,145.1,0,0,0,0,0,0,0,0,0,15,1,0,0,0,0,1,0,0,1,0,0,1,0,0,0,-1,0,0,0,0,-1,1,0,-1,1,0,-1,1
cfma_puente_hills_complete_trace_part7_s                           ,241.956,33.895,242.033,33.876,147,0,0,0,0,0,0,0,0,0,15,1,0,0,0,0,1,0,0,1,0,0,1,0,0,0,-1,0,0,0,0,-1,1,0,-1,1,0,-1,1
cfma_puente_hills_complete_trace_part8_s                           ,242.033,33.876,242.084,33.892,147.6,0,0,0,0,0,0,0,0,0,15,1,0,0,0,0,1,0,0,1,0,0,1,0,0,0,-1,0,0,0,0,-1,1,0,-1,1,0,-1,1
cfma_raymond_complete_trace_part2_s                                ,241.877,34.12,241.947,34.14,90,0,0,0,0,0,0,0,0,0,15,1,0,0,0,0,1,0,0,1,0,0,1,0,0,0,-1,0,0,0,0,-1,1,0,-1,1,0,-1,1
cfma_raymond_complete_trace_part3_s                                ,241.733,34.115,241.778,34.123,90,0,0,0,0,0,0,0,0,0,15,1,0,0,0,0,1,0,0,1,0,0,1,0,0,0,-1,0,0,0,0,-1,1,0,-1,1,0,-1,1
cfma_raymond_complete_trace_part4_sa                               ,241.778,34.123,241.806,34.132,90,0,0,0,0,0,0,0,0,0,15,1,0,0,0,0,1,0,0,1,0,0,1,0,0,0,-1,0,0,0,0,-1,1,0,-1,1,0,-1,1
cfma_raymond_complete_trace_part4_sba                              ,241.806,34.132,241.838,34.128,90,0,0,0,0,0,0,0,0,0,15,1,0,0,0,0,1,0,0,1,0,0,1,0,0,0,-1,0,0,0,0,-1,1,0,-1,1,0,-1,1
cfma_raymond_complete_trace_part4_sbba                             ,241.838,34.128,241.861,34.119,90,0,0,0,0,0,0,0,0,0,15,1,0,0,0,0,1,0,0,1,0,0,1,0,0,0,-1,0,0,0,0,-1,1,0,-1,1,0,-1,1
cfma_raymond_complete_trace_part4_sbbb                             ,241.861,34.119,241.877,34.12,90,0,0,0,0,0,0,0,0,0,15,1,0,0,0,0,1,0,0,1,0,0,1,0,0,0,-1,0,0,0,0,-1,1,0,-1,1,0,-1,1
cfma_red_pass_extruded_90_trace_part1_s                            ,243.699,35.173,243.818,35.067,90,0,0,0,0,0,0,0,0,0,10,1,0,0,0,0,1,0,0,1,0,0,1,0,0,0,-1,0,0,0,0,-1,1,0,-1,1,0,-1,1
cfma_red_pass_extruded_90_trace_part2_s                            ,243.643,35.246,243.699,35.173,90,0,0,0,0,0,0,0,0,0,10,1,0,0,0,0,1,0,0,1,0,0,1,0,0,0,-1,0,0,0,0,-1,1,0,-1,1,0,-1,1
cfma_sa_cholame_extrapolated_complete_trace_part1_saaa             ,239.707,35.745,239.761,35.694,90,0,0,0,0,0,0,0,0,0,22,1,0,0,0,0,1,0,0,1,0,0,1,0,0,0,-1,0,0,0,0,-1,1,0,-1,1,0,-1,1
cfma_sa_cholame_extrapolated_complete_trace_part1_saab             ,239.761,35.694,239.815,35.639,90,0,0,0,0,0,0,0,0,0,22,1,0,0,0,0,1,0,0,1,0,0,1,0,0,0,-1,0,0,0,0,-1,1,0,-1,1,0,-1,1
cfma_sa_cholame_extrapolated_complete_trace_part1_saba             ,239.815,35.639,239.869,35.583,90,0,0,0,0,0,0,0,0,0,22,1,0,0,0,0,1,0,0,1,0,0,1,0,0,0,-1,0,0,0,0,-1,1,0,-1,1,0,-1,1
cfma_sa_cholame_extrapolated_complete_trace_part1_sabb             ,239.869,35.583,239.923,35.528,90,0,0,0,0,0,0,0,0,0,22,1,0,0,0,0,1,0,0,1,0,0,1,0,0,0,-1,0,0,0,0,-1,1,0,-1,1,0,-1,1
cfma_sa_cholame_extrapolated_complete_trace_part1_sbaa             ,239.923,35.528,239.977,35.473,90,0,0,0,0,0,0,0,0,0,22,1,0,0,0,0,1,0,0,1,0,0,1,0,0,0,-1,0,0,0,0,-1,1,0,-1,1,0,-1,1
cfma_sa_cholame_extrapolated_complete_trace_part1_sbab             ,239.977,35.473,240.031,35.418,90,0,0,0,0,0,0,0,0,0,22,1,0,0,0,0,1,0,0,1,0,0,1,0,0,0,-1,0,0,0,0,-1,1,0,-1,1,0,-1,1
cfma_sa_cholame_extrapolated_complete_trace_part1_sbb              ,240.031,35.418,240.14,35.307,90,0,0,0,0,0,0,0,0,0,22,1,0,0,0,0,1,0,0,1,0,0,1,0,0,0,-1,0,0,0,0,-1,1,0,-1,1,0,-1,1
cfma_sa_parkfield_extruded_90dip_trace_part1_saa                   ,239.44,36.002,239.496,35.957,90,0,0,0,0,0,0,0,0,0,0,1,0,0,0,0,1,0,0,1,0,0,1,0,0,0,-1,0,0,0,0,-1,1,0,-1,1,0,-1,1
cfma_sa_parkfield_extruded_90dip_trace_part1_saba                  ,239.496,35.957,239.536,35.924,90,0,0,0,0,0,0,0,0,0,0,1,0,0,0,0,1,0,0,1,0,0,1,0,0,0,-1,0,0,0,0,-1,1,0,-1,1,0,-1,1
cfma_sa_parkfield_extruded_90dip_trace_part1_sabb                  ,239.536,35.924,239.585,35.877,90,0,0,0,0,0,0,0,0,0,0,1,0,0,0,0,1,0,0,1,0,0,1,0,0,0,-1,0,0,0,0,-1,1,0,-1,1,0,-1,1
cfma_sa_parkfield_extruded_90dip_trace_part1_sbaa                  ,239.585,35.877,239.611,35.855,90,0,0,0,0,0,0,0,0,0,0,1,0,0,0,0,1,0,0,1,0,0,1,0,0,0,-1,0,0,0,0,-1,1,0,-1,1,0,-1,1
cfma_sa_parkfield_extruded_90dip_trace_part1_sbab                  ,239.611,35.855,239.646,35.825,90,0,0,0,0,0,0,0,0,0,0,1,0,0,0,0,1,0,0,1,0,0,1,0,0,0,-1,0,0,0,0,-1,1,0,-1,1,0,-1,1
cfma_sa_parkfield_extruded_90dip_trace_part1_sbb                   ,239.646,35.825,239.707,35.745,90,0,0,0,0,0,0,0,0,0,0,1,0,0,0,0,1,0,0,1,0,0,1,0,0,0,-1,0,0,0,0,-1,1,0,-1,1,0,-1,1
cfma_san_andreas_coachella_alt2_complete_trace_part1_s             ,243.611,33.852,243.876,33.699,90,0,0,0,0,0,0,0,0,0,10,1,0,0,0,0,1,0,0,1,0,0,1,0,0,0,-1,0,0,0,0,-1,1,0,-1,1,0,-1,1
cfma_san_andreas_coachella_alt2_complete_trace_part2_s             ,243.876,33.699,243.903,33.671,90,0,0,0,0,0,0,0,0,0,10,1,0,0,0,0,1,0,0,1,0,0,1,0,0,0,-1,0,0,0,0,-1,1,0,-1,1,0,-1,1
cfma_san_andreas_coachella_alt2_complete_trace_part3_s             ,243.903,33.671,243.945,33.638,90,0,0,0,0,0,0,0,0,0,10,1,0,0,0,0,1,0,0,1,0,0,1,0,0,0,-1,0,0,0,0,-1,1,0,-1,1,0,-1,1
cfma_san_andreas_coachella_alt2_complete_trace_part4_s             ,243.945,33.638,243.976,33.612,90,0,0,0,0,0,0,0,0,0,10,1,0,0,0,0,1,0,0,1,0,0,1,0,0,0,-1,0,0,0,0,-1,1,0,-1,1,0,-1,1
cfma_san_andreas_coachella_alt2_complete_trace_part5_sa            ,243.976,33.612,244.063,33.522,90,0,0,0,0,0,0,0,0,0,10,1,0,0,0,0,1,0,0,1,0,0,1,0,0,0,-1,0,0,0,0,-1,1,0,-1,1,0,-1,1
cfma_san_andreas_coachella_alt2_complete_trace_part5_sb            ,244.063,33.522,244.171,33.423,90,0,0,0,0,0,0,0,0,0,10,1,0,0,0,0,1,0,0,1,0,0,1,0,0,0,-1,0,0,0,0,-1,1,0,-1,1,0,-1,1
cfma_san_andreas_san_bernardino_alt2_complete_trace_part10_s       ,242.613,34.232,242.695,34.188,90,0,0,0,0,0,0,0,0,0,10,1,0,0,0,0,1,0,0,1,0,0,1,0,0,0,-1,0,0,0,0,-1,1,0,-1,1,0,-1,1
cfma_san_andreas_san_bernardino_alt2_complete_trace_part11_s       ,242.549,34.273,242.613,34.232,90,0,0,0,0,0,0,0,0,0,15,1,0,0,0,0,1,0,0,1,0,0,1,0,0,0,-1,0,0,0,0,-1,1,0,-1,1,0,-1,1
cfma_san_andreas_san_bernardino_alt2_complete_trace_part2_s        ,243.113,34.019,243.177,33.959,90,0,0,0,0,0,0,0,0,0,10,1,0,0,0,0,1,0,0,1,0,0,1,0,0,0,-1,0,0,0,0,-1,1,0,-1,1,0,-1,1
cfma_san_andreas_san_bernardino_alt2_complete_trace_part3_sa       ,243.053,34.049,243.083,34.034,90,0,0,0,0,0,0,0,0,0,10,1,0,0,0,0,1,0,0,1,0,0,1,0,0,0,-1,0,0,0,0,-1,1,0,-1,1,0,-1,1
cfma_san_andreas_san_bernardino_alt2_complete_trace_part3_sba      ,243.083,34.034,243.098,34.026,90,0,0,0,0,0,0,0,0,0,10,1,0,0,0,0,1,0,0,1,0,0,1,0,0,0,-1,0,0,0,0,-1,1,0,-1,1,0,-1,1
cfma_san_andreas_san_bernardino_alt2_complete_trace_part3_sbb      ,243.098,34.026,243.113,34.019,90,0,0,0,0,0,0,0,0,0,10,1,0,0,0,0,1,0,0,1,0,0,1,0,0,0,-1,0,0,0,0,-1,1,0,-1,1,0,-1,1
cfma_san_andreas_san_bernardino_alt2_complete_trace_part4_s        ,242.985,34.07,243.053,34.049,90,0,0,0,0,0,0,0,0,0,10,1,0,0,0,0,1,0,0,1,0,0,1,0,0,0,-1,0,0,0,0,-1,1,0,-1,1,0,-1,1
cfma_san_andreas_san_bernardino_alt2_complete_trace_part5_s        ,242.93,34.091,242.985,34.07,90,0,0,0,0,0,0,0,0,0,10,1,0,0,0,0,1,0,0,1,0,0,1,0,0,0,-1,0,0,0,0,-1,1,0,-1,1,0,-1,1
cfma_san_andreas_san_bernardino_alt2_complete_trace_part6_s        ,242.883,34.102,242.93,34.091,90,0,0,0,0,0,0,0,0,0,10,1,0,0,0,0,1,0,0,1,0,0,1,0,0,0,-1,0,0,0,0,-1,1,0,-1,1,0,-1,1
cfma_san_andreas_san_bernardino_alt2_complete_trace_part7_s        ,242.813,34.137,242.883,34.102,90,0,0,0,0,0,0,0,0,0,10,1,0,0,0,0,1,0,0,1,0,0,1,0,0,0,-1,0,0,0,0,-1,1,0,-1,1,0,-1,1
cfma_san_andreas_san_bernardino_alt2_complete_trace_part8_s        ,242.754,34.161,242.813,34.137,90,0,0,0,0,0,0,0,0,0,10,1,0,0,0,0,1,0,0,1,0,0,1,0,0,0,-1,0,0,0,0,-1,1,0,-1,1,0,-1,1
cfma_san_andreas_san_bernardino_alt2_complete_trace_part9_s        ,242.695,34.188,242.754,34.161,90,0,0,0,0,0,0,0,0,0,10,1,0,0,0,0,1,0,0,1,0,0,1,0,0,0,-1,0,0,0,0,-1,1,0,-1,1,0,-1,1
cfma_san_diego_trough_complete_trace_part10_s                      ,242.369,32.736,242.396,32.685,90,0,0,0,0,0,0,0,0,0,15,1,0,0,0,0,1,0,0,1,0,0,1,0,0,0,-1,0,0,0,0,-1,1,0,-1,1,0,-1,1
cfma_san_diego_trough_complete_trace_part11_s                      ,242.396,32.685,242.455,32.604,90,0,0,0,0,0,0,0,0,0,15,1,0,0,0,0,1,0,0,1,0,0,1,0,0,0,-1,0,0,0,0,-1,1,0,-1,1,0,-1,1
cfma_san_diego_trough_complete_trace_part12_s                      ,242.455,32.604,242.533,32.489,90,0,0,0,0,0,0,0,0,0,15,1,0,0,0,0,1,0,0,1,0,0,1,0,0,0,-1,0,0,0,0,-1,1,0,-1,1,0,-1,1
cfma_san_diego_trough_complete_trace_part14_s                      ,242.533,32.489,242.556,32.455,90,0,0,0,0,0,0,0,0,0,15,1,0,0,0,0,1,0,0,1,0,0,1,0,0,0,-1,0,0,0,0,-1,1,0,-1,1,0,-1,1
cfma_san_diego_trough_complete_trace_part15_s                      ,242.57,32.449,242.595,32.415,90,0,0,0,0,0,0,0,0,0,15,1,0,0,0,0,1,0,0,1,0,0,1,0,0,0,-1,0,0,0,0,-1,1,0,-1,1,0,-1,1
cfma_san_diego_trough_complete_trace_part16_s                      ,242.595,32.415,242.647,32.32,90,0,0,0,0,0,0,0,0,0,15,1,0,0,0,0,1,0,0,1,0,0,1,0,0,0,-1,0,0,0,0,-1,1,0,-1,1,0,-1,1
cfma_san_diego_trough_complete_trace_part17_s                      ,242.647,32.32,242.67,32.265,90,0,0,0,0,0,0,0,0,0,15,1,0,0,0,0,1,0,0,1,0,0,1,0,0,0,-1,0,0,0,0,-1,1,0,-1,1,0,-1,1
cfma_san_diego_trough_complete_trace_part18_s                      ,242.67,32.265,242.756,32.169,90,0,0,0,0,0,0,0,0,0,15,1,0,0,0,0,1,0,0,1,0,0,1,0,0,0,-1,0,0,0,0,-1,1,0,-1,1,0,-1,1
cfma_san_diego_trough_complete_trace_part19_s                      ,242.756,32.169,242.785,32.142,90,0,0,0,0,0,0,0,0,0,15,1,0,0,0,0,1,0,0,1,0,0,1,0,0,0,-1,0,0,0,0,-1,1,0,-1,1,0,-1,1
cfma_san_diego_trough_complete_trace_part1_s                       ,241.835,33.203,241.907,33.191,90,0,0,0,0,0,0,0,0,0,15,1,0,0,0,0,1,0,0,1,0,0,1,0,0,0,-1,0,0,0,0,-1,1,0,-1,1,0,-1,1
cfma_san_diego_trough_complete_trace_part20_s                      ,242.785,32.142,242.832,32.07,90,0,0,0,0,0,0,0,0,0,15,1,0,0,0,0,1,0,0,1,0,0,1,0,0,0,-1,0,0,0,0,-1,1,0,-1,1,0,-1,1
cfma_san_diego_trough_complete_trace_part21_s                      ,242.832,32.07,242.889,32.023,90,0,0,0,0,0,0,0,0,0,15,1,0,0,0,0,1,0,0,1,0,0,1,0,0,0,-1,0,0,0,0,-1,1,0,-1,1,0,-1,1
cfma_san_diego_trough_complete_trace_part22_s                      ,242.965,31.873,242.998,31.827,90,0,0,0,0,0,0,0,0,0,15,1,0,0,0,0,1,0,0,1,0,0,1,0,0,0,-1,0,0,0,0,-1,1,0,-1,1,0,-1,1
cfma_san_diego_trough_complete_trace_part23_s                      ,242.998,31.827,243.034,31.8,90,0,0,0,0,0,0,0,0,0,15,1,0,0,0,0,1,0,0,1,0,0,1,0,0,0,-1,0,0,0,0,-1,1,0,-1,1,0,-1,1
cfma_san_diego_trough_complete_trace_part24_s                      ,243.034,31.8,243.103,31.755,90,0,0,0,0,0,0,0,0,0,15,1,0,0,0,0,1,0,0,1,0,0,1,0,0,0,-1,0,0,0,0,-1,1,0,-1,1,0,-1,1
cfma_san_diego_trough_complete_trace_part25_s                      ,243.103,31.755,243.156,31.711,90,0,0,0,0,0,0,0,0,0,15,1,0,0,0,0,1,0,0,1,0,0,1,0,0,0,-1,0,0,0,0,-1,1,0,-1,1,0,-1,1
cfma_san_diego_trough_complete_trace_part26_s                      ,243.156,31.711,243.199,31.686,90,0,0,0,0,0,0,0,0,0,15,1,0,0,0,0,1,0,0,1,0,0,1,0,0,0,-1,0,0,0,0,-1,1,0,-1,1,0,-1,1
cfma_san_diego_trough_complete_trace_part27_s                      ,243.199,31.686,243.226,31.655,90,0,0,0,0,0,0,0,0,0,15,1,0,0,0,0,1,0,0,1,0,0,1,0,0,0,-1,0,0,0,0,-1,1,0,-1,1,0,-1,1
cfma_san_diego_trough_complete_trace_part28_s                      ,243.226,31.655,243.294,31.603,90,0,0,0,0,0,0,0,0,0,15,1,0,0,0,0,1,0,0,1,0,0,1,0,0,0,-1,0,0,0,0,-1,1,0,-1,1,0,-1,1
cfma_san_diego_trough_complete_trace_part29_s                      ,243.294,31.603,243.361,31.581,90,0,0,0,0,0,0,0,0,0,15,1,0,0,0,0,1,0,0,1,0,0,1,0,0,0,-1,0,0,0,0,-1,1,0,-1,1,0,-1,1
cfma_san_diego_trough_complete_trace_part2_s                       ,241.907,33.191,241.977,33.166,90,0,0,0,0,0,0,0,0,0,15,1,0,0,0,0,1,0,0,1,0,0,1,0,0,0,-1,0,0,0,0,-1,1,0,-1,1,0,-1,1
cfma_san_diego_trough_complete_trace_part30_s                      ,243.546,31.571,243.611,31.553,90,0,0,0,0,0,0,0,0,0,15,1,0,0,0,0,1,0,0,1,0,0,1,0,0,0,-1,0,0,0,0,-1,1,0,-1,1,0,-1,1
cfma_san_diego_trough_complete_trace_part31_s                      ,243.611,31.553,243.677,31.527,90,0,0,0,0,0,0,0,0,0,15,1,0,0,0,0,1,0,0,1,0,0,1,0,0,0,-1,0,0,0,0,-1,1,0,-1,1,0,-1,1
cfma_san_diego_trough_complete_trace_part32_s                      ,243.361,31.581,243.471,31.58,90,0,0,0,0,0,0,0,0,0,15,1,0,0,0,0,1,0,0,1,0,0,1,0,0,0,-1,0,0,0,0,-1,1,0,-1,1,0,-1,1
cfma_san_diego_trough_complete_trace_part33_s                      ,243.471,31.58,243.546,31.571,90,0,0,0,0,0,0,0,0,0,15,1,0,0,0,0,1,0,0,1,0,0,1,0,0,0,-1,0,0,0,0,-1,1,0,-1,1,0,-1,1
cfma_san_diego_trough_complete_trace_part34_s                      ,242.889,32.023,242.916,31.983,90,0,0,0,0,0,0,0,0,0,15,1,0,0,0,0,1,0,0,1,0,0,1,0,0,0,-1,0,0,0,0,-1,1,0,-1,1,0,-1,1
cfma_san_diego_trough_complete_trace_part35_s                      ,242.916,31.983,242.965,31.873,90,0,0,0,0,0,0,0,0,0,15,1,0,0,0,0,1,0,0,1,0,0,1,0,0,0,-1,0,0,0,0,-1,1,0,-1,1,0,-1,1
cfma_san_diego_trough_complete_trace_part3_s                       ,241.977,33.166,242.042,33.114,90,0,0,0,0,0,0,0,0,0,15,1,0,0,0,0,1,0,0,1,0,0,1,0,0,0,-1,0,0,0,0,-1,1,0,-1,1,0,-1,1
cfma_san_diego_trough_complete_trace_part4_s                       ,242.042,33.114,242.133,33.02,90,0,0,0,0,0,0,0,0,0,15,1,0,0,0,0,1,0,0,1,0,0,1,0,0,0,-1,0,0,0,0,-1,1,0,-1,1,0,-1,1
cfma_san_diego_trough_complete_trace_part6_s                       ,242.144,33.003,242.172,32.975,90,0,0,0,0,0,0,0,0,0,15,1,0,0,0,0,1,0,0,1,0,0,1,0,0,0,-1,0,0,0,0,-1,1,0,-1,1,0,-1,1
cfma_san_diego_trough_complete_trace_part7_s                       ,242.172,32.975,242.23,32.935,90,0,0,0,0,0,0,0,0,0,15,1,0,0,0,0,1,0,0,1,0,0,1,0,0,0,-1,0,0,0,0,-1,1,0,-1,1,0,-1,1
cfma_san_diego_trough_complete_trace_part8_s                       ,242.23,32.935,242.301,32.83,90,0,0,0,0,0,0,0,0,0,15,1,0,0,0,0,1,0,0,1,0,0,1,0,0,0,-1,0,0,0,0,-1,1,0,-1,1,0,-1,1
cfma_san_diego_trough_complete_trace_part9_s                       ,242.301,32.83,242.369,32.736,90,0,0,0,0,0,0,0,0,0,15,1,0,0,0,0,1,0,0,1,0,0,1,0,0,0,-1,0,0,0,0,-1,1,0,-1,1,0,-1,1
cfma_san_jacinto_valley_san_jacinto_extruded_90dip_trace_part1_s   ,242.778,34.008,242.928,33.894,90,0,0,0,0,0,0,0,0,0,15,1,0,0,0,0,1,0,0,1,0,0,1,1,0,0,-1,0,0,0,0,-1,1,0,-1,1,0,-1,1
cfma_san_jacinto_valley_san_jacinto_extruded_90dip_trace_part2_s   ,242.928,33.894,242.988,33.847,90,0,0,0,0,0,0,0,0,0,15,1,0,0,0,0,1,0,0,1,0,0,1,0,0,0,-1,0,0,0,0,-1,1,0,-1,1,0,-1,1
cfma_san_jacinto_valley_san_jacinto_extruded_90dip_trace_part3_s   ,243.073,33.791,243.104,33.743,90,0,0,0,0,0,0,0,0,0,15,1,0,0,0,0,1,0,0,1,0,0,1,0,0,0,-1,0,0,0,0,-1,1,0,-1,1,0,-1,1
cfma_san_jacinto_valley_san_jacinto_extruded_90dip_trace_part4_s   ,242.988,33.847,243.073,33.791,90,0,0,0,0,0,0,0,0,0,15,1,0,0,0,0,1,0,0,1,0,0,1,0,0,0,-1,0,0,0,0,-1,1,0,-1,1,0,-1,1
cfma_santa_cruz_extruded_90_0_trace_part1_s                        ,240.653,33.98,240.74,33.985,90,0,0,0,0,0,0,0,0,0,15,1,0,0,0,0,1,0,0,1,0,0,1,0,0,0,-1,0,0,0,0,-1,1,0,-1,1,0,-1,1
cfma_santa_cruz_extruded_90_0_trace_part2_s                        ,240.485,33.989,240.653,33.98,90,0,0,0,0,0,0,0,0,0,15,1,0,0,0,0,1,0,0,1,0,0,1,0,0,0,-1,0,0,0,0,-1,1,0,-1,1,0,-1,1
cfma_santa_cruz_extruded_90_0_trace_part3_s                        ,240.388,33.987,240.485,33.989,90,0,0,0,0,0,0,0,0,0,15,1,0,0,0,0,1,0,0,1,0,0,1,0,0,0,-1,0,0,0,0,-1,1,0,-1,1,0,-1,1
cfma_santa_cruz_extruded_90_0_trace_part4_s                        ,240.275,34.007,240.388,33.987,90,0,0,0,0,0,0,0,0,0,15,1,0,0,0,0,1,0,0,1,0,0,1,0,0,0,-1,0,0,0,0,-1,1,0,-1,1,0,-1,1
cfma_santa_cruz_extruded_90_0_trace_part5_s                        ,240.222,34.017,240.275,34.007,90,0,0,0,0,0,0,0,0,0,15,1,0,0,0,0,1,0,0,1,0,0,1,0,0,0,-1,0,0,0,0,-1,1,0,-1,1,0,-1,1
cfma_santa_cruz_extruded_90_0_trace_part6_s                        ,240.126,34.033,240.222,34.017,90,0,0,0,0,0,0,0,0,0,15,1,0,0,0,0,1,0,0,1,0,0,1,0,0,0,-1,0,0,0,0,-1,1,0,-1,1,0,-1,1
cfma_santa_monica_complete_trace_part2_s_2                         ,241.459,34.032,241.525,34.036,116.5,0,0,0,0,0,0,0,0,0,15,1,0,0,0,0,1,0,0,1,0,0,1,0,0,0,-1,0,0,0,0,-1,1,0,-1,1,0,-1,1
cfma_santa_monica_complete_trace_part4_s_2                         ,241.611,34.074,241.716,34.111,133.6,0,0,0,0,0,0,0,0,0,15,1,0,0,0,0,1,0,0,1,0,0,1,0,0,0,-1,0,0,0,0,-1,1,0,-1,1,0,-1,1
cfma_santa_monica_complete_trace_part5_s_2                         ,241.566,34.052,241.611,34.074,135.7,0,0,0,0,0,0,0,0,0,15,1,0,0,0,0,1,0,0,1,0,0,1,0,0,0,-1,0,0,0,0,-1,1,0,-1,1,0,-1,1
cfma_santa_rosa_island_extruded_0_trace_part1_s                    ,240.034,33.987,240.094,34.013,90,0,0,0,0,0,0,0,0,0,15,1,0,0,0,0,1,0,0,1,0,0,1,0,0,0,-1,0,0,0,0,-1,1,0,-1,1,0,-1,1
cfma_santa_rosa_island_extruded_0_trace_part2_s                    ,239.889,33.973,240.034,33.987,90,0,0,0,0,0,0,0,0,0,15,1,0,0,0,0,1,0,0,1,0,0,1,0,0,0,-1,0,0,0,0,-1,1,0,-1,1,0,-1,1
cfma_santa_rosa_island_extruded_0_trace_part3_s                    ,239.82,33.974,239.889,33.973,90,0,0,0,0,0,0,0,0,0,15,1,0,0,0,0,1,0,0,1,0,0,1,0,0,0,-1,0,0,0,0,-1,1,0,-1,1,0,-1,1
cfma_santa_rosa_island_extruded_0_trace_part4_s                    ,239.77,33.985,239.82,33.974,90,0,0,0,0,0,0,0,0,0,15,1,0,0,0,0,1,0,0,1,0,0,1,0,0,0,-1,0,0,0,0,-1,1,0,-1,1,0,-1,1
cfma_santa_rosa_island_extruded_0_trace_part5_s                    ,239.569,33.991,239.642,33.989,90,0,0,0,0,0,0,0,0,0,15,1,0,0,0,0,1,0,0,1,0,0,1,0,0,0,-1,0,0,0,0,-1,1,0,-1,1,0,-1,1
cfma_santa_rosa_island_extruded_0_trace_part6_s                    ,239.489,34.022,239.569,33.991,90,0,0,0,0,0,0,0,0,0,15,1,0,0,0,0,1,0,0,1,0,0,1,0,0,0,-1,0,0,0,0,-1,1,0,-1,1,0,-1,1
cfma_santa_rosa_island_extruded_0_trace_part7_s                    ,239.7,33.986,239.77,33.985,90,0,0,0,0,0,0,0,0,0,15,1,0,0,0,0,1,0,0,1,0,0,1,0,0,0,-1,0,0,0,0,-1,1,0,-1,1,0,-1,1
cfma_santa_rosa_island_extruded_0_trace_part8_s                    ,239.642,33.989,239.7,33.986,90,0,0,0,0,0,0,0,0,0,15,1,0,0,0,0,1,0,0,1,0,0,1,0,0,0,-1,0,0,0,0,-1,1,0,-1,1,0,-1,1
cfma_santa_susana_complete_trace_part1_s                           ,241.229,34.372,241.267,34.344,127.8,0,0,0,0,0,0,0,0,0,15,1,0,0,0,0,1,0,0,1,0,0,1,0,0,0,-1,0,0,0,0,-1,1,0,-1,1,0,-1,1
cfma_santa_susana_complete_trace_part2_s                           ,241.267,34.344,241.319,34.355,133.4,0,0,0,0,0,0,0,0,0,15,1,0,0,0,0,1,0,0,1,0,0,1,0,0,0,-1,0,0,0,0,-1,1,0,-1,1,0,-1,1
cfma_santa_susana_complete_trace_part3_s                           ,241.319,34.355,241.388,34.31,121.2,0,0,0,0,0,0,0,0,0,15,1,0,0,0,0,1,0,0,1,0,0,1,0,0,0,-1,0,0,0,0,-1,1,0,-1,1,0,-1,1
cfma_santa_susana_complete_trace_part4_s                           ,241.388,34.31,241.453,34.302,126,0,0,0,0,0,0,0,0,0,15,1,0,0,0,0,1,0,0,1,0,0,1,0,0,0,-1,0,0,0,0,-1,1,0,-1,1,0,-1,1
cfma_santa_susana_complete_trace_part5_s                           ,241.453,34.302,241.511,34.328,124.5,0,0,0,0,0,0,0,0,0,15,1,0,0,0,0,1,0,0,1,0,0,1,0,0,0,-1,0,0,0,0,-1,1,0,-1,1,0,-1,1
cfma_santa_ynez_extruded_70dip_trace_part10_s                      ,240.065,34.549,240.133,34.555,90,0,0,0,0,0,0,0,0,0,15,1,0,0,0,0,1,0,0,1,0,0,1,0,0,0,-1,0,0,0,0,-1,1,0,-1,1,0,-1,1
cfma_santa_ynez_extruded_70dip_trace_part11_s                      ,240.023,34.562,240.065,34.549,90,0,0,0,0,0,0,0,0,0,15,1,0,0,0,0,1,0,0,1,0,0,1,0,0,0,-1,0,0,0,0,-1,1,0,-1,1,0,-1,1
cfma_santa_ynez_extruded_70dip_trace_part12_s                      ,239.969,34.564,240.023,34.562,90,0,0,0,0,0,0,0,0,0,15,1,0,0,0,0,1,0,0,1,0,0,1,0,0,0,-1,0,0,0,0,-1,1,0,-1,1,0,-1,1
cfma_santa_ynez_extruded_70dip_trace_part13_s                      ,239.88,34.546,239.969,34.564,90,0,0,0,0,0,0,0,0,0,15,1,0,0,0,0,1,0,0,1,0,0,1,0,0,0,-1,0,0,0,0,-1,1,0,-1,1,0,-1,1
cfma_santa_ynez_extruded_70dip_trace_part14_s                      ,239.792,34.526,239.88,34.546,90,0,0,0,0,0,0,0,0,0,15,1,0,0,0,0,1,0,0,1,0,0,1,0,0,0,-1,0,0,0,0,-1,1,0,-1,1,0,-1,1
cfma_santa_ynez_extruded_70dip_trace_part15_s                      ,239.737,34.516,239.792,34.526,90,0,0,0,0,0,0,0,0,0,15,1,0,0,0,0,1,0,0,1,0,0,1,0,0,0,-1,0,0,0,0,-1,1,0,-1,1,0,-1,1
cfma_santa_ynez_extruded_70dip_trace_part16_s                      ,239.693,34.514,239.737,34.516,90,0,0,0,0,0,0,0,0,0,15,1,0,0,0,0,1,0,0,1,0,0,1,0,0,0,-1,0,0,0,0,-1,1,0,-1,1,0,-1,1
cfma_santa_ynez_extruded_70dip_trace_part17_s                      ,240.268,34.522,240.364,34.501,69.7,0,0,0,0,0,0,0,0,0,15,1,0,0,0,0,1,0,0,1,0,0,1,0,0,0,-1,0,0,0,0,-1,1,0,-1,1,0,-1,1
cfma_santa_ynez_extruded_70dip_trace_part18_s                      ,240.194,34.55,240.268,34.522,90,0,0,0,0,0,0,0,0,0,15,1,0,0,0,0,1,0,0,1,0,0,1,0,0,0,-1,0,0,0,0,-1,1,0,-1,1,0,-1,1
cfma_santa_ynez_extruded_70dip_trace_part3_s                       ,240.77,34.531,240.836,34.533,90,0,0,0,0,0,0,0,0,0,15,1,0,0,0,0,1,0,0,1,0,0,1,0,0,0,-1,0,0,0,0,-1,1,0,-1,1,0,-1,1
cfma_santa_ynez_extruded_70dip_trace_part4_s                       ,240.68,34.508,240.77,34.531,90,0,0,0,0,0,0,0,0,0,15,1,0,0,0,0,1,0,0,1,0,0,1,0,0,0,-1,0,0,0,0,-1,1,0,-1,1,0,-1,1
cfma_santa_ynez_extruded_70dip_trace_part5_s                       ,240.447,34.49,240.499,34.491,69.4,0,0,0,0,0,0,0,0,0,15,1,0,0,0,0,1,0,0,1,0,0,1,0,0,0,-1,0,0,0,0,-1,1,0,-1,1,0,-1,1
cfma_santa_ynez_extruded_70dip_trace_part6_s                       ,240.565,34.5,240.68,34.508,90,0,0,0,0,0,0,0,0,0,15,1,0,0,0,0,1,0,0,1,0,0,1,0,0,0,-1,0,0,0,0,-1,1,0,-1,1,0,-1,1
cfma_santa_ynez_extruded_70dip_trace_part7_s                       ,240.499,34.491,240.565,34.5,90,0,0,0,0,0,0,0,0,0,15,1,0,0,0,0,1,0,0,1,0,0,1,0,0,0,-1,0,0,0,0,-1,1,0,-1,1,0,-1,1
cfma_santa_ynez_extruded_70dip_trace_part8_s                       ,240.364,34.501,240.447,34.49,69.3,0,0,0,0,0,0,0,0,0,15,1,0,0,0,0,1,0,0,1,0,0,1,0,0,0,-1,0,0,0,0,-1,1,0,-1,1,0,-1,1
cfma_santa_ynez_extruded_70dip_trace_part9_s                       ,240.133,34.555,240.194,34.55,70,0,0,0,0,0,0,0,0,0,15,1,0,0,0,0,1,0,0,1,0,0,1,0,0,0,-1,0,0,0,0,-1,1,0,-1,1,0,-1,1
cfma_scodie_lineament_extruded_68_deep_trace_part1_s               ,241.893,35.674,241.995,35.77,75,0,0,0,0,0,0,0,0,0,15,1,0,0,0,0,1,0,0,1,0,0,1,0,0,0,-1,0,0,0,0,-1,1,0,-1,1,0,-1,1
cfma_sierra_nevada_truncated_at_garlock_trace_part11_s             ,241.967,36.41,241.977,36.35,90,0,0,0,0,0,0,0,0,0,10,1,0,0,0,0,1,0,0,1,0,0,1,0,0,0,-1,0,0,0,0,-1,1,0,-1,1,0,-1,1
cfma_sierra_nevada_truncated_at_garlock_trace_part12_s             ,241.96,36.295,241.977,36.35,90,0,0,0,0,0,0,0,0,0,10,1,0,0,0,0,1,0,0,1,0,0,1,0,0,0,-1,0,0,0,0,-1,1,0,-1,1,0,-1,1
cfma_sierra_nevada_truncated_at_garlock_trace_part13_s             ,241.966,35.54,241.996,35.57,90,0,0,0,0,0,0,0,0,0,10,1,0,0,0,0,1,0,0,1,0,0,1,0,0,0,-1,0,0,0,0,-1,1,0,-1,1,0,-1,1
cfma_sierra_nevada_truncated_at_garlock_trace_part14_s             ,241.949,35.428,241.966,35.54,90,0,0,0,0,0,0,0,0,0,10,1,0,0,0,0,1,0,0,1,0,0,1,0,0,0,-1,0,0,0,0,-1,1,0,-1,1,0,-1,1
cfma_sierra_nevada_truncated_at_garlock_trace_part15_s             ,241.991,36.126,242.015,36.082,90,0,0,0,0,0,0,0,0,0,10,1,0,0,0,0,1,0,0,1,0,0,1,0,0,0,-1,0,0,0,0,-1,1,0,-1,1,0,-1,1
cfma_sierra_nevada_truncated_at_garlock_trace_part16_s             ,242.015,36.082,242.046,35.973,90,0,0,0,0,0,0,0,0,0,10,1,0,0,0,0,1,0,0,1,0,0,1,0,0,0,-1,0,0,0,0,-1,1,0,-1,1,0,-1,1
cfma_sierra_nevada_truncated_at_garlock_trace_part1_s              ,241.96,35.349,241.971,35.298,90,0,0,0,0,0,0,0,0,0,10,1,0,0,0,0,1,0,0,1,0,0,1,0,0,0,-1,0,0,0,0,-1,1,0,-1,1,0,-1,1
cfma_sierra_nevada_truncated_at_garlock_trace_part2_s              ,241.949,35.428,241.96,35.349,90,0,0,0,0,0,0,0,0,0,10,1,0,0,0,0,1,0,0,1,0,0,1,0,0,0,-1,0,0,0,0,-1,1,0,-1,1,0,-1,1
cfma_sierra_nevada_truncated_at_garlock_trace_part3_s              ,242.091,35.612,242.131,35.686,90,0,0,0,0,0,0,0,0,0,10,1,0,0,0,0,1,0,0,1,0,0,1,0,0,0,-1,0,0,0,0,-1,1,0,-1,1,0,-1,1
cfma_sierra_nevada_truncated_at_garlock_trace_part4_s              ,241.996,35.57,242.091,35.612,90,0,0,0,0,0,0,0,0,0,10,1,0,0,0,0,1,0,0,1,0,0,1,0,0,0,-1,0,0,0,0,-1,1,0,-1,1,0,-1,1
cfma_sierra_nevada_truncated_at_garlock_trace_part5_s              ,242.096,35.761,242.131,35.686,90,0,0,0,0,0,0,0,0,0,10,1,0,0,0,0,1,0,0,1,0,0,1,0,0,0,-1,0,0,0,0,-1,1,0,-1,1,0,-1,1
cfma_sierra_nevada_truncated_at_garlock_trace_part6_s              ,242.096,35.761,242.105,35.88,90,0,0,0,0,0,0,0,0,0,10,1,0,0,0,0,1,0,0,1,0,0,1,0,0,0,-1,0,0,0,0,-1,1,0,-1,1,0,-1,1
cfma_sierra_nevada_truncated_at_garlock_trace_part7_s              ,242.046,35.973,242.105,35.88,90,0,0,0,0,0,0,0,0,0,10,1,0,0,0,0,1,0,0,1,0,0,1,0,0,0,-1,0,0,0,0,-1,1,0,-1,1,0,-1,1
cfma_sierra_nevada_truncated_at_garlock_trace_part8_s              ,241.991,36.126,242.01,36.221,90,0,0,0,0,0,0,0,0,0,10,1,0,0,0,0,1,0,0,1,0,0,1,0,0,0,-1,0,0,0,0,-1,1,0,-1,1,0,-1,1
cfma_sierra_nevada_truncated_at_garlock_trace_part9_s              ,241.96,36.295,242.01,36.221,90,0,0,0,0,0,0,0,0,0,10,1,0,0,0,0,1,0,0,1,0,0,1,0,0,0,-1,0,0,0,0,-1,1,0,-1,1,0,-1,1
cfma_south_san_gabriel_extruded_60_trace_part11_s_2                ,241.439,34.438,241.525,34.387,111,0,0,0,0,0,0,0,0,0,15,1,0,0,0,0,1,0,0,1,0,0,1,0,0,0,-1,0,0,0,0,-1,1,0,-1,1,0,-1,1
cfma_superstition_hills_san_jacinto_extruded_90dip_trace_part2_s   ,244.336,32.899,244.423,32.851,90,0,0,0,0,0,0,0,0,0,10,1,0,0,0,0,1,0,0,1,0,0,1,0,0,0,-1,0,0,0,0,-1,1,0,-1,1,0,-1,1
cfma_superstition_mountain_san_jacinto_extruded_90dip_trace_part1_s,244.057,33.003,244.191,32.928,90,0,0,0,0,0,0,0,0,0,15,1,0,0,0,0,1,0,0,1,0,0,1,0,0,0,-1,0,0,0,0,-1,1,0,-1,1,0,-1,1
cfma_superstition_mountain_san_jacinto_extruded_90dip_trace_part2_s,244.191,32.928,244.302,32.886,90,0,0,0,0,0,0,0,0,0,15,1,0,0,0,0,1,0,0,1,0,0,1,0,0,0,-1,0,0,0,0,-1,1,0,-1,1,0,-1,1
cfma_west_north_frontal_zone_extruded_1_trace_0_part1_s            ,242.731,34.318,242.799,34.371,55.9,0,0,0,0,0,0,0,0,0,15,1,0,0,0,0,1,0,0,1,0,0,1,0,0,0,-1,0,0,0,0,-1,1,0,-1,1,0,-1,1
cfma_west_north_frontal_zone_extruded_1_trace_0_part2_s            ,242.855,34.444,242.94,34.422,48.5,0,0,0,0,0,0,0,0,0,15,1,0,0,0,0,1,0,0,1,0,0,1,0,0,0,-1,0,0,0,0,-1,1,0,-1,1,0,-1,1
cfma_west_north_frontal_zone_extruded_1_trace_0_part3_s            ,242.94,34.422,243.011,34.382,53.8,0,0,0,0,0,0,0,0,0,15,1,0,0,0,0,1,0,0,1,0,0,1,0,0,0,-1,0,0,0,0,-1,1,0,-1,1,0,-1,1
cfma_west_north_frontal_zone_extruded_1_trace_0_part4_s            ,243.011,34.382,243.062,34.365,50.1,0,0,0,0,0,0,0,0,0,15,1,0,0,0,0,1,0,0,1,0,0,1,0,0,0,-1,0,0,0,0,-1,1,0,-1,1,0,-1,1
cfma_west_north_frontal_zone_extruded_1_trace_0_part8              ,242.799,34.371,242.855,34.444,50.9,0,0,0,0,0,0,0,0,0,15,1,0,0,0,0,1,0,0,1,0,0,1,0,0,0,-1,0,0,0,0,-1,1,0,-1,1,0,-1,1
cfma_west_north_frontal_zone_extruded_1_trace_part1_s              ,243.062,34.365,243.126,34.367,44,0,0,0,0,0,0,0,0,0,15,1,0,0,0,0,1,0,0,1,0,0,1,0,0,0,-1,0,0,0,0,-1,1,0,-1,1,0,-1,1
cfma_white_wolf_long_complete_trace_part1_s                        ,241.513,35.373,241.893,35.674,75,0,0,0,0,0,0,0,0,0,15,1,0,0,0,0,1,0,0,1,0,0,1,0,0,0,-1,0,0,0,0,-1,1,0,-1,1,0,-1,1
cfma_white_wolf_long_complete_trace_part2_s                        ,241.462,35.322,241.513,35.373,75,0,0,0,0,0,0,0,0,0,15,1,0,0,0,0,1,0,0,1,0,0,1,0,0,0,-1,0,0,0,0,-1,1,0,-1,1,0,-1,1
cfma_white_wolf_long_complete_trace_part3_s                        ,241.398,35.269,241.462,35.322,75,0,0,0,0,0,0,0,0,0,15,1,0,0,0,0,1,0,0,1,0,0,1,0,0,0,-1,0,0,0,0,-1,1,0,-1,1,0,-1,1
cfma_white_wolf_long_complete_trace_part4_s                        ,241.328,35.234,241.398,35.269,75,0,0,0,0,0,0,0,0,0,15,1,0,0,0,0,1,0,0,1,0,0,1,0,0,0,-1,0,0,0,0,-1,1,0,-1,1,0,-1,1
cfma_white_wolf_long_complete_trace_part5_s                        ,241.265,35.211,241.328,35.234,75,0,0,0,0,0,0,0,0,0,15,1,0,0,0,0,1,0,0,1,0,0,1,0,0,0,-1,0,0,0,0,-1,1,0,-1,1,0,-1,1
cfma_white_wolf_long_complete_trace_part6_s                        ,241.221,35.179,241.265,35.211,75,0,0,0,0,0,0,0,0,0,15,1,0,0,0,0,1,0,0,1,0,0,1,0,0,0,-1,0,0,0,0,-1,1,0,-1,1,0,-1,1
cfma_white_wolf_long_complete_trace_part7_s                        ,241.189,35.148,241.221,35.179,75,0,0,0,0,0,0,0,0,0,15,1,0,0,0,0,1,0,0,1,0,0,1,0,0,0,-1,0,0,0,0,-1,1,0,-1,1,0,-1,1
cfma_white_wolf_long_complete_trace_part8_s                        ,240.993,35.029,241.189,35.148,75,0,0,0,0,0,0,0,0,0,15,1,0,0,0,0,1,0,0,1,0,0,1,0,0,0,-1,0,0,0,0,-1,1,0,-1,1,0,-1,1
cfma_whittier_2_complete_trace_part1_s                             ,242.364,33.853,242.41,33.831,90,0,0,0,0,0,0,0,0,0,15,1,0,0,0,0,1,0,0,1,0,0,1,0,0,0,-1,0,0,0,0,-1,1,0,-1,1,0,-1,1
cfma_whittier_2_complete_trace_part2_s                             ,242.283,33.875,242.364,33.853,90,0,0,0,0,0,0,0,0,0,15,1,0,0,0,0,1,0,0,1,0,0,1,0,0,0,-1,0,0,0,0,-1,1,0,-1,1,0,-1,1
cfma_whittier_2_complete_trace_part3_s                             ,242.208,33.909,242.283,33.875,90,0,0,0,0,0,0,0,0,0,15,1,0,0,0,0,1,0,0,1,0,0,1,0,0,0,-1,0,0,0,0,-1,1,0,-1,1,0,-1,1
cfma_whittier_2_complete_trace_part4_s                             ,242.148,33.931,242.208,33.909,90,0,0,0,0,0,0,0,0,0,15,1,0,0,0,0,1,0,0,1,0,0,1,0,0,0,-1,0,0,0,0,-1,1,0,-1,1,0,-1,1
cfma_whittier_2_complete_trace_part5_s                             ,242.008,33.973,242.148,33.931,90,0,0,0,0,0,0,0,0,0,15,1,0,0,0,0,1,0,0,1,0,0,1,0,0,0,-1,0,0,0,0,-1,1,0,-1,1,0,-1,1
cfma_whittier_2_complete_trace_part6_s                             ,241.952,33.997,242.008,33.973,110.9,0,0,0,0,0,0,0,0,0,15,1,0,0,0,0,1,0,0,1,0,0,1,0,0,0,-1,0,0,0,0,-1,1,0,-1,1,0,-1,1
cnsbaaaa                                                           ,241.62,37.951,242.069,37.909,90,100,0,0,0,0,0,0,0,0,15,5,0,1,0,0,1,0,0,1,0,0,1,0,0,0,-1,0,0,0,0,-1,1,0,-1,1,0,-1,1
cnsbaaab                                                           ,242.069,37.909,242.282,37.895,90,100,0,0,0,0,0,0,0,0,15,5,0,1,0,0,1,0,0,1,0,0,1,0,0,0,-1,0,0,0,0,-1,1,0,-1,1,0,-1,1
cnsbaab                                                            ,242.282,37.895,242.607,38.161,90,100,0,0,0,0,0,0,0,0,15,5,0,1,0,0,1,0,0,1,0,0,1,0,0,0,-1,0,0,0,0,-1,1,0,-1,1,0,-1,1
cnsbaba                                                            ,242.607,38.161,242.798,38.989,90,100,0,0,0,0,0,0,0,0,15,5,0,1,0,0,1,0,0,1,0,0,1,0,0,0,-1,0,0,0,0,-1,1,0,-1,1,0,-1,1
cnsbabbaa                                                          ,242.798,38.989,242.969,39.317,90,100,0,0,0,0,0,0,0,0,15,5,0,1,0,0,1,0,0,1,0,0,1,0,0,0,-1,0,0,0,0,-1,1,0,-1,1,0,-1,1
cnsbabbab                                                          ,242.969,39.317,243.427,39.86,90,100,0,0,0,0,0,0,0,0,15,5,0,1,0,0,1,0,0,1,0,0,1,0,0,0,-1,0,0,0,0,-1,1,0,-1,1,0,-1,1
cnsbabbba                                                          ,243.427,39.86,243.641,40.787,90,100,0,0,0,0,0,0,0,0,15,5,0,1,0,0,1,0,0,1,0,0,1,0,0,0,-1,0,0,0,0,-1,1,0,-1,1,0,-1,1
cnsbabbbb                                                          ,243.641,40.787,243.922,41.387,90,100,0,0,0,0,0,0,0,0,15,5,0,1,0,0,1,0,0,1,0,0,1,0,0,0,-1,0,0,0,0,-1,1,0,-1,1,0,-1,1
cnsbba                                                             ,243.922,41.387,243.899,42.731,90,100,0,0,0,0,0,0,0,0,15,5,0,1,0,0,1,0,0,1,0,0,1,0,0,0,-1,0,0,0,0,-1,1,0,-1,1,0,-1,1
cnsbbba                                                            ,243.899,42.731,244.281,44.093,90,100,0,0,0,0,0,0,0,0,15,5,0,1,0,0,1,0,0,1,0,0,1,0,0,0,-1,0,0,0,0,-1,1,0,-1,1,0,-1,1
cnsbbbb                                                            ,244.281,44.093,244.4962,44.8862,90,100,0,0,0,0,0,0,0,0,15,5,0,1,0,0,1,0,0,1,0,0,1,0,0,0,-1,0,0,0,0,-1,1,0,-1,1,0,-1,1
conn                                                               ,241.927,38.415,242.069,37.909,90,100,0,0,0,0,0,0,0,0,15,5,0,1,0,0,1,0,0,1,0,0,1,0,0,0,-1,0,0,0,0,-1,1,0,-1,1,0,-1,1
connect                                                            ,237.9649,40.2871,238.7452,40.491,90,100,0,0,0,0,0,0,0,0,15,5,0,1,0,0,1,0,0,1,0,0,1,0,0,0,-1,0,0,0,0,-1,1,0,-1,1,0,-1,1
connect                                                            ,238.7452,40.491,238.7074,40.5666,90,100,0,0,0,0,0,0,0,0,15,5,0,1,0,0,1,0,0,1,0,0,1,0,0,0,-1,0,0,0,0,-1,1,0,-1,1,0,-1,1
connect                                                            ,238.9192,40.1523,238.871,40.201,90,100,0,0,0,0,0,0,0,0,15,5,0,1,0,0,1,0,0,1,0,0,1,0,0,0,-1,0,0,0,0,-1,1,0,-1,1,0,-1,1
connect                                                            ,239.248,39.8988,239.0319,40.0885,90,100,0,0,0,0,0,0,0,0,15,5,0,1,0,0,1,0,0,1,0,0,1,0,0,0,-1,0,0,0,0,-1,1,0,-1,1,0,-1,1
connect                                                            ,238.0986,41.5257,238.1139,41.5017,90,100,0,0,0,0,0,0,0,0,15,5,0,1,0,0,1,0,0,1,0,0,1,0,0,0,-1,0,0,0,0,-1,1,0,-1,1,0,-1,1
connect                                                            ,238.4967,40.9968,238.5444,40.9349,90,100,0,0,0,0,0,0,0,0,15,5,0,1,0,0,1,0,0,1,0,0,1,0,0,0,-1,0,0,0,0,-1,1,0,-1,1,0,-1,1
connect                                                            ,237.8837,42.1986,237.8524,42.2572,90,100,0,0,0,0,0,0,0,0,15,5,0,1,0,0,1,0,0,1,0,0,1,0,0,0,-1,0,0,0,0,-1,1,0,-1,1,0,-1,1
connect                                                            ,237.7631,42.5892,237.8296,42.7772,50,100,0,0,0,0,0,0,0,0,15,5,0,1,0,0,1,0,0,1,0,0,1,0,0,0,-1,0,0,0,0,-1,1,0,-1,1,0,-1,1
connect                                                            ,239.4317,43.2521,239.2239,43.0064,90,100,0,0,0,0,0,0,0,0,15,5,0,1,0,0,1,0,0,1,0,0,1,0,0,0,-1,0,0,0,0,-1,1,0,-1,1,0,-1,1
connect                                                            ,239.0358,43.6688,238.6616,44.0386,50,100,0,0,0,0,0,0,0,0,15,5,0,1,0,0,1,0,0,1,0,0,1,0,0,0,-1,0,0,0,0,-1,1,0,-1,1,0,-1,1
connect                                                            ,239.5075,42.5633,239.6338,42.2382,90,100,0,0,0,0,0,0,0,0,15,5,0,1,0,0,1,0,0,1,0,0,1,0,0,0,-1,0,0,0,0,-1,1,0,-1,1,0,-1,1
connect                                                            ,238.8765,43.5922,239.0358,43.6688,90,100,0,0,0,0,0,0,0,0,15,5,0,1,0,0,1,0,0,1,0,0,1,0,0,0,-1,0,0,0,0,-1,1,0,-1,1,0,-1,1
connect                                                            ,237.7816,43.1342,238.2727,43.3281,90,100,0,0,0,0,0,0,0,0,15,5,0,1,0,0,1,0,0,1,0,0,1,0,0,0,-1,0,0,0,0,-1,1,0,-1,1,0,-1,1
connect                                                            ,238.4209,43.4265,238.5433,43.4102,90,100,0,0,0,0,0,0,0,0,15,5,0,1,0,0,1,0,0,1,0,0,1,0,0,0,-1,0,0,0,0,-1,1,0,-1,1,0,-1,1
connect                                                            ,238.4096,44.6253,238.2852,45.1675,50,100,0,0,0,0,0,0,0,0,15,5,0,1,0,0,1,0,0,1,0,0,1,0,0,0,-1,0,0,0,0,-1,1,0,-1,1,0,-1,1
connect                                                            ,238.2933,45.3053,238.303,45.4464,130,100,0,0,0,0,0,0,0,0,15,5,0,1,0,0,1,0,0,1,0,0,1,0,0,0,-1,0,0,0,0,-1,1,0,-1,1,0,-1,1
connect                                                            ,238.7202,45.9616,239.404,46.0247,90,100,0,0,0,0,0,0,0,0,15,5,0,1,0,0,1,0,0,1,0,0,1,0,0,0,-1,0,0,0,0,-1,1,0,-1,1,0,-1,1
connect                                                            ,239.404,46.0247,239.6532,46.0589,90,100,0,0,0,0,0,0,0,0,15,5,0,1,0,0,1,0,0,1,0,0,1,0,0,0,-1,0,0,0,0,-1,1,0,-1,1,0,-1,1
connect                                                            ,240.4233,46.2539,240.451,46.2676,90,100,0,0,0,0,0,0,0,0,15,5,0,1,0,0,1,0,0,1,0,0,1,0,0,0,-1,0,0,0,0,-1,1,0,-1,1,0,-1,1
connect                                                            ,239.7024,40.2463,239.3837,40.4701,90,100,0,0,0,0,0,0,0,0,15,5,0,1,0,0,1,0,0,1,0,0,1,0,0,0,-1,0,0,0,0,-1,1,0,-1,1,0,-1,1
connect                                                            ,240.07,40.023,240.0675,40.0396,90,100,0,0,0,0,0,0,0,0,15,5,0,1,0,0,1,0,0,1,0,0,1,0,0,0,-1,0,0,0,0,-1,1,0,-1,1,0,-1,1
connect                                                            ,240.707,39.673,240.2495,39.9109,90,100,0,0,0,0,0,0,0,0,15,5,0,1,0,0,1,0,0,1,0,0,1,0,0,0,-1,0,0,0,0,-1,1,0,-1,1,0,-1,1
connect                                                            ,239.2494,40.5896,239.7549,40.891,90,100,0,0,0,0,0,0,0,0,15,5,0,1,0,0,1,0,0,1,0,0,1,0,0,0,-1,0,0,0,0,-1,1,0,-1,1,0,-1,1
connect                                                            ,238.7655,40.385,239.2494,40.5896,90,100,0,0,0,0,0,0,0,0,15,5,0,1,0,0,1,0,0,1,0,0,1,0,0,0,-1,0,0,0,0,-1,1,0,-1,1,0,-1,1
connect                                                            ,239.7549,40.891,239.7467,41.0459,90,100,0,0,0,0,0,0,0,0,15,5,0,1,0,0,1,0,0,1,0,0,1,0,0,0,-1,0,0,0,0,-1,1,0,-1,1,0,-1,1
connect                                                            ,239.685,41.3583,239.6997,41.623,90,100,0,0,0,0,0,0,0,0,15,5,0,1,0,0,1,0,0,1,0,0,1,0,0,0,-1,0,0,0,0,-1,1,0,-1,1,0,-1,1
connect                                                            ,239.6347,41.788,239.6843,41.9247,90,100,0,0,0,0,0,0,0,0,15,5,0,1,0,0,1,0,0,1,0,0,1,0,0,0,-1,0,0,0,0,-1,1,0,-1,1,0,-1,1
connect                                                            ,241.9814,44.8827,241.9724,45.2292,130,100,0,0,0,0,0,0,0,0,15,5,0,1,0,0,1,0,0,1,0,0,1,0,0,0,-1,0,0,0,0,-1,1,0,-1,1,0,-1,1
connect                                                            ,242.4152,44.2578,242.1711,44.7557,130,100,0,0,0,0,0,0,0,0,15,5,0,1,0,0,1,0,0,1,0,0,1,0,0,0,-1,0,0,0,0,-1,1,0,-1,1,0,-1,1
connect                                                            ,241.7519,43.0534,242.6664,43.9262,90,100,0,0,0,0,0,0,0,0,15,5,0,1,0,0,1,0,0,1,0,0,1,0,0,0,-1,0,0,0,0,-1,1,0,-1,1,0,-1,1
connect                                                            ,241.879,45.6051,241.5335,45.9472,90,100,0,0,0,0,0,0,0,0,15,5,0,1,0,0,1,0,0,1,0,0,1,0,0,0,-1,0,0,0,0,-1,1,0,-1,1,0,-1,1
connect                                                            ,241.3607,42.4257,241.4619,42.5555,50,100,0,0,0,0,0,0,0,0,15,5,0,1,0,0,1,0,0,1,0,0,1,0,0,0,-1,0,0,0,0,-1,1,0,-1,1,0,-1,1
connect                                                            ,241.5022,42.6667,241.4958,42.7163,130,100,0,0,0,0,0,0,0,0,15,5,0,1,0,0,1,0,0,1,0,0,1,0,0,0,-1,0,0,0,0,-1,1,0,-1,1,0,-1,1
connect                                                            ,239.7467,41.0459,241.2469,41.7496,90,100,0,0,0,0,0,0,0,0,15,5,0,1,0,0,1,0,0,1,0,0,1,0,0,0,-1,0,0,0,0,-1,1,0,-1,1,0,-1,1
connect                                                            ,242.6613,42.6164,243.899,42.731,90,100,0,0,0,0,0,0,0,0,15,5,0,1,0,0,1,0,0,1,0,0,1,0,0,0,-1,0,0,0,0,-1,1,0,-1,1,0,-1,1
connect                                                            ,242.2508,42.2408,242.3004,42.3906,130,100,0,0,0,0,0,0,0,0,15,5,0,1,0,0,1,0,0,1,0,0,1,0,0,0,-1,0,0,0,0,-1,1,0,-1,1,0,-1,1
connect                                                            ,242.197,41.029,242.2356,41.4347,90,100,0,0,0,0,0,0,0,0,15,5,0,1,0,0,1,0,0,1,0,0,1,0,0,0,-1,0,0,0,0,-1,1,0,-1,1,0,-1,1
connect                                                            ,242.2401,42.1333,242.2473,42.2225,130,100,0,0,0,0,0,0,0,0,15,5,0,1,0,0,1,0,0,1,0,0,1,0,0,0,-1,0,0,0,0,-1,1,0,-1,1,0,-1,1
connect                                                            ,241.908,45.5573,244.4962,44.8862,90,100,0,0,0,0,0,0,0,0,15,5,0,1,0,0,1,0,0,1,0,0,1,0,0,0,-1,0,0,0,0,-1,1,0,-1,1,0,-1,1
connect                                                            ,241.0305,46.0667,241.08,46.0571,60,100,0,0,0,0,0,0,0,0,15,5,0,1,0,0,1,0,0,1,0,0,1,0,0,0,-1,0,0,0,0,-1,1,0,-1,1,0,-1,1
connect                                                            ,239.7138,46.8989,239.5236,46.9247,30,100,0,0,0,0,0,0,0,0,15,5,0,1,0,0,1,0,0,1,0,0,1,0,0,0,-1,0,0,0,0,-1,1,0,-1,1,0,-1,1
connect                                                            ,237.0172,45.2871,237.1446,45.1248,90,100,0,0,0,0,0,0,0,0,15,5,0,1,0,0,1,0,0,1,0,0,1,0,0,0,-1,0,0,0,0,-1,1,0,-1,1,0,-1,1
connect                                                            ,236.0637,46.535,236.5502,45.8621,90,100,0,0,0,0,0,0,0,0,15,5,0,1,0,0,1,0,0,1,0,0,1,0,0,0,-1,0,0,0,0,-1,1,0,-1,1,0,-1,1
connect                                                            ,235.834,47.0981,235.9452,46.735,90,100,0,0,0,0,0,0,0,0,15,5,0,1,0,0,1,0,0,1,0,0,1,0,0,0,-1,0,0,0,0,-1,1,0,-1,1,0,-1,1
connect                                                            ,236.8225,45.4527,236.7875,45.5101,90,100,0,0,0,0,0,0,0,0,15,5,0,1,0,0,1,0,0,1,0,0,1,0,0,0,-1,0,0,0,0,-1,1,0,-1,1,0,-1,1
connect                                                            ,235.9358,47.1238,236.3007,47.3061,60,100,0,0,0,0,0,0,0,0,15,5,0,1,0,0,1,0,0,1,0,0,1,0,0,0,-1,0,0,0,0,-1,1,0,-1,1,0,-1,1
connect                                                            ,236.584,47.4066,236.7008,47.4172,60,100,0,0,0,0,0,0,0,0,15,5,0,1,0,0,1,0,0,1,0,0,1,0,0,0,-1,0,0,0,0,-1,1,0,-1,1,0,-1,1
connect                                                            ,237.4717,46.8141,238.7202,45.9616,90,100,0,0,0,0,0,0,0,0,15,5,0,1,0,0,1,0,0,1,0,0,1,0,0,0,-1,0,0,0,0,-1,1,0,-1,1,0,-1,1
connect                                                            ,239.6687,47.4756,240.26,46.8229,90,100,0,0,0,0,0,0,0,0,15,5,0,1,0,0,1,0,0,1,0,0,1,0,0,0,-1,0,0,0,0,-1,1,0,-1,1,0,-1,1
connect                                                            ,238.56,47.2313,238.2114,47.3802,90,100,0,0,0,0,0,0,0,0,15,5,0,1,0,0,1,0,0,1,0,0,1,0,0,0,-1,0,0,0,0,-1,1,0,-1,1,0,-1,1
connect                                                            ,236.283,39.991,235.8953,40.0763,90,100,0,0,0,0,0,0,0,0,15,5,0,1,0,0,1,0,0,1,0,0,1,0,0,0,-1,0,0,0,0,-1,1,0,-1,1,0,-1,1
connect                                                            ,236.3647,39.9885,236.283,39.991,90,100,0,0,0,0,0,0,0,0,15,5,0,1,0,0,1,0,0,1,0,0,1,0,0,0,-1,0,0,0,0,-1,1,0,-1,1,0,-1,1
connect                                                            ,236.5488,39.9702,236.6927,39.9882,90,100,0,0,0,0,0,0,0,0,15,5,0,1,0,0,1,0,0,1,0,0,1,0,0,0,-1,0,0,0,0,-1,1,0,-1,1,0,-1,1
connecta                                                           ,237.8062,43.0004,237.7816,43.1342,90,100,0,0,0,0,0,0,0,0,15,5,0,1,0,0,1,0,0,1,0,0,1,0,0,0,-1,0,0,0,0,-1,1,0,-1,1,0,-1,1
connecta                                                           ,238.2481,45.6906,238.194,45.8922,90,100,0,0,0,0,0,0,0,0,15,5,0,1,0,0,1,0,0,1,0,0,1,0,0,0,-1,0,0,0,0,-1,1,0,-1,1,0,-1,1
connecta                                                           ,238.326,48.2499,238.6218,48.1584,90,100,0,0,0,0,0,0,0,0,15,5,0,1,0,0,1,0,0,1,0,0,1,0,0,0,-1,0,0,0,0,-1,1,0,-1,1,0,-1,1
connecta                                                           ,236.5502,45.8621,237.3807,45.844,90,100,0,0,0,0,0,0,0,0,15,5,0,1,0,0,1,0,0,1,0,0,1,0,0,0,-1,0,0,0,0,-1,1,0,-1,1,0,-1,1
connecta                                                           ,237.3294,44.9999,237.3687,44.8272,90,100,0,0,0,0,0,0,0,0,15,5,0,1,0,0,1,0,0,1,0,0,1,0,0,0,-1,0,0,0,0,-1,1,0,-1,1,0,-1,1
connecta                                                           ,236.6927,39.9882,236.7795,39.9961,90,100,0,0,0,0,0,0,0,0,15,5,0,1,0,0,1,0,0,1,0,0,1,0,0,0,-1,0,0,0,0,-1,1,0,-1,1,0,-1,1
connecta                                                           ,236.6647,47.3418,236.6135,47.3703,90,100,0,0,0,0,0,0,0,0,15,5,0,1,0,0,1,0,0,1,0,0,1,0,0,0,-1,0,0,0,0,-1,1,0,-1,1,0,-1,1
connectaa                                                          ,236.8416,47.4756,236.915,47.5027,60,100,0,0,0,0,0,0,0,0,15,5,0,1,0,0,1,0,0,1,0,0,1,0,0,0,-1,0,0,0,0,-1,1,0,-1,1,0,-1,1
connectaa                                                          ,239.1167,46.9927,238.8022,47.1219,90,100,0,0,0,0,0,0,0,0,15,5,0,1,0,0,1,0,0,1,0,0,1,0,0,0,-1,0,0,0,0,-1,1,0,-1,1,0,-1,1
connectaa                                                          ,237.3294,44.9999,237.6066,44.8584,90,100,0,0,0,0,0,0,0,0,15,5,0,1,0,0,1,0,0,1,0,0,1,0,0,0,-1,0,0,0,0,-1,1,0,-1,1,0,-1,1
connectab                                                          ,238.8022,47.1219,238.56,47.2313,90,100,0,0,0,0,0,0,0,0,15,5,0,1,0,0,1,0,0,1,0,0,1,0,0,0,-1,0,0,0,0,-1,1,0,-1,1,0,-1,1
connectab                                                          ,237.6066,44.8584,237.9776,44.657,90,100,0,0,0,0,0,0,0,0,15,5,0,1,0,0,1,0,0,1,0,0,1,0,0,0,-1,0,0,0,0,-1,1,0,-1,1,0,-1,1
connectab                                                          ,237.2041,48.361,237.2783,48.3562,120,100,0,0,0,0,0,0,0,0,15,5,0,1,0,0,1,0,0,1,0,0,1,0,0,0,-1,0,0,0,0,-1,1,0,-1,1,0,-1,1
connectaba                                                         ,236.915,47.5027,236.965,47.5187,60,100,0,0,0,0,0,0,0,0,15,5,0,1,0,0,1,0,0,1,0,0,1,0,0,0,-1,0,0,0,0,-1,1,0,-1,1,0,-1,1
connectb                                                           ,237.7816,43.1342,237.757,43.2681,90,100,0,0,0,0,0,0,0,0,15,5,0,1,0,0,1,0,0,1,0,0,1,0,0,0,-1,0,0,0,0,-1,1,0,-1,1,0,-1,1
connectb                                                           ,238.194,45.8922,238.7202,45.9616,90,100,0,0,0,0,0,0,0,0,15,5,0,1,0,0,1,0,0,1,0,0,1,0,0,0,-1,0,0,0,0,-1,1,0,-1,1,0,-1,1
connectb                                                           ,238.6218,48.1584,239.2932,47.9377,90,100,0,0,0,0,0,0,0,0,15,5,0,1,0,0,1,0,0,1,0,0,1,0,0,0,-1,0,0,0,0,-1,1,0,-1,1,0,-1,1
connectb                                                           ,237.3807,45.844,238.194,45.8922,90,100,0,0,0,0,0,0,0,0,15,5,0,1,0,0,1,0,0,1,0,0,1,0,0,0,-1,0,0,0,0,-1,1,0,-1,1,0,-1,1
connectb                                                           ,237.3687,44.8272,237.757,43.2681,90,100,0,0,0,0,0,0,0,0,15,5,0,1,0,0,1,0,0,1,0,0,1,0,0,0,-1,0,0,0,0,-1,1,0,-1,1,0,-1,1
connectb                                                           ,236.7795,39.9961,237.6011,40.0892,90,100,0,0,0,0,0,0,0,0,15,5,0,1,0,0,1,0,0,1,0,0,1,0,0,0,-1,0,0,0,0,-1,1,0,-1,1,0,-1,1
connectb                                                           ,236.6135,47.3703,236.5623,47.3988,90,100,0,0,0,0,0,0,0,0,15,5,0,1,0,0,1,0,0,1,0,0,1,0,0,0,-1,0,0,0,0,-1,1,0,-1,1,0,-1,1
connectb                                                           ,237.2783,48.3562,237.5003,48.3587,120,100,0,0,0,0,0,0,0,0,15,5,0,1,0,0,1,0,0,1,0,0,1,0,0,0,-1,0,0,0,0,-1,1,0,-1,1,0,-1,1
connectba                                                          ,237.0002,47.5283,237.0791,47.5454,60,100,0,0,0,0,0,0,0,0,15,5,0,1,0,0,1,0,0,1,0,0,1,0,0,0,-1,0,0,0,0,-1,1,0,-1,1,0,-1,1
connectba                                                          ,237.9776,44.657,238.2095,44.5336,90,100,0,0,0,0,0,0,0,0,15,5,0,1,0,0,1,0,0,1,0,0,1,0,0,0,-1,0,0,0,0,-1,1,0,-1,1,0,-1,1
connectbb                                                          ,237.0791,47.5454,237.163,47.5545,60,100,0,0,0,0,0,0,0,0,15,5,0,1,0,0,1,0,0,1,0,0,1,0,0,0,-1,0,0,0,0,-1,1,0,-1,1,0,-1,1
connectbb                                                          ,238.2095,44.5336,238.4783,44.2938,90,100,0,0,0,0,0,0,0,0,15,5,0,1,0,0,1,0,0,1,0,0,1,0,0,0,-1,0,0,0,0,-1,1,0,-1,1,0,-1,1
connector                                                          ,236.3647,39.9885,236.5488,39.9702,90,100,0,0,0,0,0,0,0,0,15,5,0,1,0,0,1,0,0,1,0,0,1,0,0,0,-1,0,0,0,0,-1,1,0,-1,1,0,-1,1
connectsoutha                                                      ,243.671,34.008,243.817,33.794,90,100,0,0,0,0,0,0,0,0,15,5,0,1,0,0,1,0,0,1,0,0,1,0,0,0,-1,0,0,0,0,-1,1,0,-1,1,0,-1,1
connectsouthb                                                      ,243.817,33.794,243.876,33.699,90,100,0,0,0,0,0,0,0,0,15,5,0,1,0,0,1,0,0,1,0,0,1,0,0,0,-1,0,0,0,0,-1,1,0,-1,1,0,-1,1
deathvalley4                                                       ,241.62,37.951,242.06,37.483,90,100,0,0,0,0,0,0,0,0,10,5,4,5,0,0,0,0,0,0,0,0,0,0,0,0,-1,0,0,0,0,-1,1,0,-1,1,0,-1,1
deepspringsvalley1                                                 ,241.946,37.15,242.06,37.483,90,100,0,0,0,0,0,0,0,0,10,5,4,5,0,0,0,0,0,0,0,0,0,0,0,0,-1,0,0,0,0,-1,1,0,-1,1,0,-1,1
denali-kodiakaa                                                    ,209.492,63.711,209.4,62.608,90,100,0,0,0,0,0,0,0,0,15,5,0,1,0,0,1,0,0,1,0,0,1,0,0,0,-1,0,0,0,0,-1,1,0,-1,1,0,-1,1
denali-kodiakaba                                                   ,209.4,62.608,208.434,60.657,90,100,0,0,0,0,0,0,0,0,15,5,0,1,0,0,1,0,0,1,0,0,1,0,0,0,-1,0,0,0,0,-1,1,0,-1,1,0,-1,1
denali-kodiakabba                                                  ,208.434,60.657,208.59,59.489,90,100,0,0,0,0,0,0,0,0,15,5,0,1,0,0,1,0,0,1,0,0,1,0,0,0,-1,0,0,0,0,-1,1,0,-1,1,0,-1,1
denali-kodiakabbb                                                  ,208.59,59.489,207.716,58.454,90,100,0,0,0,0,0,0,0,0,15,5,0,1,0,0,1,0,0,1,0,0,1,0,0,0,-1,0,0,0,0,-1,1,0,-1,1,0,-1,1
denali-kodiakbaa                                                   ,207.716,58.454,205.692,57.659,90,100,0,0,0,0,0,0,0,0,15,5,0,1,0,0,1,0,0,1,0,0,1,0,0,0,-1,0,0,0,0,-1,1,0,-1,1,0,-1,1
denali-kodiakbab                                                   ,205.692,57.659,204.726,56.937,90,100,0,0,0,0,0,0,0,0,15,5,0,1,0,0,1,0,0,1,0,0,1,0,0,0,-1,0,0,0,0,-1,1,0,-1,1,0,-1,1
denali-kodiakbba                                                   ,204.726,56.937,204.587,56.187,90,100,0,0,0,0,0,0,0,0,15,5,0,1,0,0,1,0,0,1,0,0,1,0,0,0,-1,0,0,0,0,-1,1,0,-1,1,0,-1,1
denali-kodiakbbb                                                   ,204.587,56.187,205.741,55.151,90,100,0,0,0,0,0,0,0,0,15,5,0,1,0,0,1,0,0,1,0,0,1,0,0,0,-1,0,0,0,0,-1,1,0,-1,1,0,-1,1
denali01aa                                                         ,225.797,54.707,225.194,57.521,90,100,0,0,0,0,0,0,0,0,15,5,0,1,0,0,1,0,0,1,0,0,1,0,0,0,-1,0,0,0,0,-1,1,0,-1,1,0,-1,1
denali01ab                                                         ,225.194,57.521,224.057,60.147,90,100,0,0,0,0,0,0,0,0,15,5,0,1,0,0,1,0,0,1,0,0,1,0,0,0,-1,0,0,0,0,-1,1,0,-1,1,0,-1,1
denali01b                                                          ,224.057,60.147,222.559,61.965,90,100,0,0,0,0,0,0,0,0,15,5,0,1,0,0,1,0,0,1,0,0,1,0,0,0,-1,0,0,0,0,-1,1,0,-1,1,0,-1,1
denali02aaa                                                        ,222.559,61.965,222.003,62.47,90,100,0,0,0,0,0,0,0,0,15,5,0,1,0,0,1,0,0,1,0,0,1,0,0,0,-1,0,0,0,0,-1,1,0,-1,1,0,-1,1
denali02aab                                                        ,222.003,62.47,220.706,63.482,90,100,0,0,0,0,0,0,0,0,15,5,0,1,0,0,1,0,0,1,0,0,1,0,0,0,-1,0,0,0,0,-1,1,0,-1,1,0,-1,1
denali02aba                                                        ,220.706,63.482,219.408,63.895,90,100,0,0,0,0,0,0,0,0,15,5,0,1,0,0,1,0,0,1,0,0,1,0,0,0,-1,0,0,0,0,-1,1,0,-1,1,0,-1,1
denali02abb                                                        ,219.408,63.895,215.63,64.712,90,100,0,0,0,0,0,0,0,0,15,5,0,1,0,0,1,0,0,1,0,0,1,0,0,0,-1,0,0,0,0,-1,1,0,-1,1,0,-1,1
denali02ba                                                         ,215.63,64.712,211.259,64.64,90,100,0,0,0,0,0,0,0,0,15,5,0,1,0,0,1,0,0,1,0,0,1,0,0,0,-1,0,0,0,0,-1,1,0,-1,1,0,-1,1
denali02bba                                                        ,211.259,64.64,209.757,64.382,90,100,0,0,0,0,0,0,0,0,15,5,0,1,0,0,1,0,0,1,0,0,1,0,0,0,-1,0,0,0,0,-1,1,0,-1,1,0,-1,1
denali02bbb                                                        ,209.757,64.382,209.492,63.711,90,100,0,0,0,0,0,0,0,0,15,5,0,1,0,0,1,0,0,1,0,0,1,0,0,0,-1,0,0,0,0,-1,1,0,-1,1,0,-1,1
dmg                                                                ,237.996,37.177,237.826,37.325,90,1,0,0,0,0,0,0,0,0,15,1,0,0,0,0,0,0,1,1,0,0,1,0,0,0,-1,0,0,0,0,-1,1,0,-1,1,0,-1,1
dmg                                                                ,237.231,38.539,237.387,38.332,90,1,0,0,0,0,0,0,0,0,15,1,0,0,0,0,0,0,1,1,0,0,1,0,0,0,-1,0,0,0,0,-1,1,0,-1,1,0,-1,1
dmg                                                                ,237.387,38.332,237.661,38.088,90,1,0,0,0,0,0,0,0,0,15,1,0,0,0,0,0,0,1,1,0,0,1,0,0,0,-1,0,0,0,0,-1,1,0,-1,1,0,-1,1
dmg                                                                ,238.193,37.445,238.167,37.51,90,1,0,0,0,0,0,0,0,0,15,1,0,0,0,0,0,0,1,1,0,0,1,0,0,0,-1,0,0,0,0,-1,1,0,-1,1,0,-1,1
dmg                                                                ,238.167,37.51,238.149,37.538,90,1,0,0,0,0,0,0,0,0,15,1,0,0,0,0,0,0,1,1,0,0,1,0,0,0,-1,0,0,0,0,-1,1,0,-1,1,0,-1,1
dmg                                                                ,238.149,37.538,238.139,37.569,90,1,0,0,0,0,0,0,0,0,15,1,0,0,0,0,0,0,1,1,0,0,1,0,0,0,-1,0,0,0,0,-1,1,0,-1,1,0,-1,1
dmg                                                                ,238.139,37.569,238.067,37.694,90,1,0,0,0,0,0,0,0,0,15,1,0,0,0,0,0,0,1,1,0,0,1,0,0,0,-1,0,0,0,0,-1,1,0,-1,1,0,-1,1
dmg                                                                ,238.067,37.694,238.062,37.715,90,1,0,0,0,0,0,0,0,0,15,1,0,0,0,0,0,0,1,1,0,0,1,0,0,0,-1,0,0,0,0,-1,1,0,-1,1,0,-1,1
dmg                                                                ,238.062,37.715,238.001,37.8,90,1,0,0,0,0,0,0,0,0,15,1,0,0,0,0,0,0,1,1,0,0,1,0,0,0,-1,0,0,0,0,-1,1,0,-1,1,0,-1,1
dmg                                                                ,238.001,37.8,237.967,37.859,90,1,0,0,0,0,0,0,0,0,15,1,0,0,0,0,0,0,1,1,0,0,1,0,0,0,-1,0,0,0,0,-1,1,0,-1,1,0,-1,1
dmg                                                                ,238.025,37.888,237.906,38.062,90,1,0,0,0,0,0,0,0,0,15,1,0,0,0,0,0,0,1,1,0,0,1,0,0,0,-1,0,0,0,0,-1,1,0,-1,1,0,-1,1
dmg                                                                ,237.906,38.062,237.803,38.453,90,1,0,0,0,0,0,0,0,0,15,1,0,0,0,0,0,0,1,1,0,0,1,0,0,0,-1,0,0,0,0,-1,1,0,-1,1,0,-1,1
dmg                                                                ,237.865,36.815,237.606,37.291,90,1,0,0,0,0,0,0,0,0,15,1,0,0,0,0,0,0,1,1,0,0,1,0,0,0,-1,0,0,0,0,-1,1,0,-1,1,0,-1,1
dmg                                                                ,237.755,38.164,237.711,38.234,90,1,0,0,0,0,0,0,0,0,15,1,0,0,0,0,0,0,1,1,0,0,1,0,0,0,-1,0,0,0,0,-1,1,0,-1,1,0,-1,1
dmg                                                                ,237.711,38.234,237.631,38.412,90,1,0,0,0,0,0,0,0,0,15,1,0,0,0,0,0,0,1,1,0,0,1,0,0,0,-1,0,0,0,0,-1,1,0,-1,1,0,-1,1
dmg                                                                ,237.307,38.576,236.997,38.855,90,1,0,0,0,0,0,0,0,0,15,1,0,0,0,0,0,0,1,1,0,0,1,0,0,0,-1,0,0,0,0,-1,1,0,-1,1,0,-1,1
dmg                                                                ,237.803,38.453,237.496,38.933,90,1,0,0,0,0,0,0,0,0,15,1,0,0,0,0,0,0,1,1,0,0,1,0,0,0,-1,0,0,0,0,-1,1,0,-1,1,0,-1,1
dmg                                                                ,237.318,38.779,237.137,38.993,90,1,0,0,0,0,0,0,0,0,15,1,0,0,0,0,0,0,1,1,0,0,1,0,0,0,-1,0,0,0,0,-1,1,0,-1,1,0,-1,1
dmg                                                                ,238.353,37.224,238.295,37.339,90,1,0,0,0,0,0,0,0,0,10,1,0,0,0,0,0,0,1,1,0,0,1,0,0,0,-1,0,0,0,0,-1,1,0,-1,1,0,-1,1
dmg                                                                ,238.295,37.339,238.208,37.435,90,1,0,0,0,0,0,0,0,0,15,1,0,0,0,0,0,0,1,1,0,0,1,0,0,0,-1,0,0,0,0,-1,1,0,-1,1,0,-1,1
dmga                                                               ,237.606,37.291,237.466,37.593,90,1,0,0,0,0,0,0,0,0,15,1,0,0,0,0,0,0,1,1,0,0,1,0,0,0,-1,0,0,0,0,-1,1,0,-1,1,0,-1,1
dmga                                                               ,237.496,38.933,237.222,39.249,90,1,0,0,0,0,0,0,0,0,15,1,0,0,0,0,0,0,1,1,0,0,1,0,0,0,-1,0,0,0,0,-1,1,0,-1,1,0,-1,1
dmga                                                               ,236.948,39.566,236.749,39.766,90,1,0,0,0,0,0,0,0,0,15,1,0,0,0,0,0,0,1,1,0,0,1,0,0,0,-1,0,0,0,0,-1,1,0,-1,1,0,-1,1
dmga                                                               ,236.987,38.877,236.846,39.108,90,1,0,0,0,0,0,0,0,0,15,1,0,0,0,0,0,0,1,1,0,0,1,0,0,0,-1,0,0,0,0,-1,1,0,-1,1,0,-1,1
dmga                                                               ,238.467,36.841,238.567,36.781,90,1,0,0,0,0,0,0,0,0,5,1,0,0,0,0,0,0,1,1,0,0,1,0,0,0,-1,0,0,0,0,-1,1,0,-1,1,0,-1,1
dmga                                                               ,238.319,36.949,238.151,37.066,90,1,0,0,0,0,0,0,0,0,5,1,0,0,0,0,0,0,1,1,0,0,1,0,0,0,-1,0,0,0,0,-1,1,0,-1,1,0,-1,1
dmga                                                               ,238.256,36.208,238.199,36.274,90,1,0,0,0,0,0,0,0,0,15,1,0,0,0,0,0,0,1,1,0,0,1,0,0,0,-1,0,0,0,0,-1,1,0,-1,1,0,-1,1
dmgaa                                                              ,237.406,37.815,237.3,37.936,90,1,0,0,0,0,0,0,0,0,15,1,0,0,0,0,0,0,1,1,0,0,1,0,0,0,-1,0,0,0,0,-1,1,0,-1,1,0,-1,1
dmgaa                                                              ,236.706,39.339,236.6,39.502,90,1,0,0,0,0,0,0,0,0,15,1,0,0,0,0,0,0,1,1,0,0,1,0,0,0,-1,0,0,0,0,-1,1,0,-1,1,0,-1,1
dmgaa                                                              ,239.163,36.255,239.206,36.221,90,1,0,0,0,0,0,0,0,0,0,1,0,0,0,0,0,0,1,1,0,0,1,0,0,0,-1,0,0,0,0,-1,1,0,-1,1,0,-1,1
dmgaa                                                              ,238.14,36.354,238.054,36.477,90,1,0,0,0,0,0,0,0,0,15,1,0,0,0,0,0,0,1,1,0,0,1,0,0,0,-1,0,0,0,0,-1,1,0,-1,1,0,-1,1
dmgaa                                                              ,238.599,36.836,238.564,36.929,90,1,0,0,0,0,0,0,0,0,10,1,0,0,0,0,0,0,1,1,0,0,1,0,0,0,-1,0,0,0,0,-1,1,0,-1,1,0,-1,1
dmgaaa                                                             ,238.887,36.526,238.939,36.471,90,1,0,0,0,0,0,0,0,0,0,1,0,0,0,0,0,0,1,1,0,0,1,0,0,0,-1,0,0,0,0,-1,1,0,-1,1,0,-1,1
dmgaaa                                                             ,238.5,37.044,238.482,37.076,90,1,0,0,0,0,0,0,0,0,10,1,0,0,0,0,0,0,1,1,0,0,1,0,0,0,-1,0,0,0,0,-1,1,0,-1,1,0,-1,1
dmgaab                                                             ,238.939,36.471,238.959,36.451,90,1,0,0,0,0,0,0,0,0,0,1,0,0,0,0,0,0,1,1,0,0,1,0,0,0,-1,0,0,0,0,-1,1,0,-1,1,0,-1,1
dmgaab                                                             ,238.482,37.076,238.461,37.108,90,1,0,0,0,0,0,0,0,0,10,1,0,0,0,0,0,0,1,1,0,0,1,0,0,0,-1,0,0,0,0,-1,1,0,-1,1,0,-1,1
dmgab                                                              ,237.3,37.936,237.182,38.072,90,1,0,0,0,0,0,0,0,0,15,1,0,0,0,0,0,0,1,1,0,0,1,0,0,0,-1,0,0,0,0,-1,1,0,-1,1,0,-1,1
dmgab                                                              ,236.6,39.502,236.494,39.666,90,1,0,0,0,0,0,0,0,0,15,1,0,0,0,0,0,0,1,1,0,0,1,0,0,0,-1,0,0,0,0,-1,1,0,-1,1,0,-1,1
dmgab                                                              ,238.959,36.451,238.975,36.438,90,1,0,0,0,0,0,0,0,0,0,1,0,0,0,0,0,0,1,1,0,0,1,0,0,0,-1,0,0,0,0,-1,1,0,-1,1,0,-1,1
dmgab                                                              ,239.206,36.221,239.284,36.148,90,1,0,0,0,0,0,0,0,0,0,1,0,0,0,0,0,0,1,1,0,0,1,0,0,0,-1,0,0,0,0,-1,1,0,-1,1,0,-1,1
dmgab                                                              ,238.461,37.108,238.435,37.138,90,1,0,0,0,0,0,0,0,0,10,1,0,0,0,0,0,0,1,1,0,0,1,0,0,0,-1,0,0,0,0,-1,1,0,-1,1,0,-1,1
dmgab                                                              ,238.564,36.929,238.539,36.976,90,1,0,0,0,0,0,0,0,0,10,1,0,0,0,0,0,0,1,1,0,0,1,0,0,0,-1,0,0,0,0,-1,1,0,-1,1,0,-1,1
dmgaba                                                             ,238.054,36.477,238.022,36.508,90,1,0,0,0,0,0,0,0,0,15,1,0,0,0,0,0,0,1,1,0,0,1,0,0,0,-1,0,0,0,0,-1,1,0,-1,1,0,-1,1
dmgabb                                                             ,238.022,36.508,237.969,36.582,90,1,0,0,0,0,0,0,0,0,15,1,0,0,0,0,0,0,1,1,0,0,1,0,0,0,-1,0,0,0,0,-1,1,0,-1,1,0,-1,1
dmgb                                                               ,237.182,38.072,236.958,38.329,90,1,0,0,0,0,0,0,0,0,15,1,0,0,0,0,0,0,1,1,0,0,1,0,0,0,-1,0,0,0,0,-1,1,0,-1,1,0,-1,1
dmgb                                                               ,237.222,39.249,236.948,39.566,90,1,0,0,0,0,0,0,0,0,15,1,0,0,0,0,0,0,1,1,0,0,1,0,0,0,-1,0,0,0,0,-1,1,0,-1,1,0,-1,1
dmgb                                                               ,236.846,39.108,236.706,39.339,90,1,0,0,0,0,0,0,0,0,15,1,0,0,0,0,0,0,1,1,0,0,1,0,0,0,-1,0,0,0,0,-1,1,0,-1,1,0,-1,1
dmgb                                                               ,238.151,37.066,237.996,37.177,90,1,0,0,0,0,0,0,0,0,5,1,0,0,0,0,0,0,1,1,0,0,1,0,0,0,-1,0,0,0,0,-1,1,0,-1,1,0,-1,1
dmgb                                                               ,237.969,36.582,237.838,36.805,90,1,0,0,0,0,0,0,0,0,15,1,0,0,0,0,0,0,1,1,0,0,1,0,0,0,-1,0,0,0,0,-1,1,0,-1,1,0,-1,1
dmgb                                                               ,238.199,36.274,238.14,36.354,90,1,0,0,0,0,0,0,0,0,15,1,0,0,0,0,0,0,1,1,0,0,1,0,0,0,-1,0,0,0,0,-1,1,0,-1,1,0,-1,1
dmgb                                                               ,238.539,36.976,238.5,37.044,90,1,0,0,0,0,0,0,0,0,10,1,0,0,0,0,0,0,1,1,0,0,1,0,0,0,-1,0,0,0,0,-1,1,0,-1,1,0,-1,1
dmgba                                                              ,237.466,37.593,237.396,37.743,90,1,0,0,0,0,0,0,0,0,15,1,0,0,0,0,0,0,1,1,0,0,1,0,0,0,-1,0,0,0,0,-1,1,0,-1,1,0,-1,1
dmgba                                                              ,236.494,39.666,236.389,39.829,90,1,0,0,0,0,0,0,0,0,15,1,0,0,0,0,0,0,1,1,0,0,1,0,0,0,-1,0,0,0,0,-1,1,0,-1,1,0,-1,1
dmgba                                                              ,239.284,36.148,239.362,36.075,90,1,0,0,0,0,0,0,0,0,0,1,0,0,0,0,0,0,1,1,0,0,1,0,0,0,-1,0,0,0,0,-1,1,0,-1,1,0,-1,1
dmgba                                                              ,238.567,36.781,238.71,36.68,90,1,0,0,0,0,0,0,0,0,0,1,0,0,0,0,0,0,1,1,0,0,1,0,0,0,-1,0,0,0,0,-1,1,0,-1,1,0,-1,1
dmgba                                                              ,236.749,39.766,236.5488,39.9702,90,1,0,0,0,0,0,0,0,0,15,1,0,0,0,0,0,0,1,1,0,0,1,1,0,0,-1,0,0,0,0,-1,1,0,-1,1,0,-1,1
dmgbaa                                                             ,238.975,36.438,239.047,36.36,90,1,0,0,0,0,0,0,0,0,0,1,0,0,0,0,0,0,1,1,0,0,1,0,0,0,-1,0,0,0,0,-1,1,0,-1,1,0,-1,1
dmgbaa                                                             ,238.435,37.138,238.406,37.164,90,1,0,0,0,0,0,0,0,0,10,1,0,0,0,0,0,0,1,1,0,0,1,0,0,0,-1,0,0,0,0,-1,1,0,-1,1,0,-1,1
dmgbab                                                             ,239.047,36.36,239.113,36.306,90,1,0,0,0,0,0,0,0,0,0,1,0,0,0,0,0,0,1,1,0,0,1,0,0,0,-1,0,0,0,0,-1,1,0,-1,1,0,-1,1
dmgbab                                                             ,238.406,37.164,238.393,37.179,90,1,0,0,0,0,0,0,0,0,10,1,0,0,0,0,0,0,1,1,0,0,1,0,0,0,-1,0,0,0,0,-1,1,0,-1,1,0,-1,1
dmgbb                                                              ,237.396,37.743,237.326,37.894,90,1,0,0,0,0,0,0,0,0,15,1,0,0,0,0,0,0,1,1,0,0,1,0,0,0,-1,0,0,0,0,-1,1,0,-1,1,0,-1,1
dmgbb                                                              ,236.389,39.829,236.283,39.991,90,1,0,0,0,0,0,0,0,0,15,1,0,0,0,0,0,0,1,1,0,0,1,0,0,0,-1,0,0,0,0,-1,1,0,-1,1,0,-1,1
dmgbb                                                              ,239.113,36.306,239.163,36.255,90,1,0,0,0,0,0,0,0,0,0,1,0,0,0,0,0,0,1,1,0,0,1,0,0,0,-1,0,0,0,0,-1,1,0,-1,1,0,-1,1
dmgbb                                                              ,239.362,36.075,239.44,36.002,90,1,0,0,0,0,0,0,0,0,0,1,0,0,0,0,0,0,1,1,0,0,1,0,0,0,-1,0,0,0,0,-1,1,0,-1,1,0,-1,1
dmgbb                                                              ,238.71,36.68,238.887,36.526,90,1,0,0,0,0,0,0,0,0,0,1,0,0,0,0,0,0,1,1,0,0,1,0,0,0,-1,0,0,0,0,-1,1,0,-1,1,0,-1,1
dmgbba                                                             ,238.393,37.179,238.371,37.202,90,1,0,0,0,0,0,0,0,0,10,1,0,0,0,0,0,0,1,1,0,0,1,0,0,0,-1,0,0,0,0,-1,1,0,-1,1,0,-1,1
dmgbbb                                                             ,238.371,37.202,238.353,37.224,90,1,0,0,0,0,0,0,0,0,10,1,0,0,0,0,0,0,1,1,0,0,1,0,0,0,-1,0,0,0,0,-1,1,0,-1,1,0,-1,1
eastern_closure1aba                                                ,232.175,69.405,250.611,65.507,90,100000,0,0,0,0,0,0,0,0,15,5,0,5,0,0,0,0,0,0,0,0,0,0,0,0,-1,0,0,0,0,-1,1,0,-1,1,0,-1,1
eastern_closure1abb                                                ,250.611,65.507,280.706,60.979,90,100000,0,0,0,0,0,0,0,0,15,5,0,5,0,0,0,0,0,0,0,0,0,0,0,0,-1,0,0,0,0,-1,1,0,-1,1,0,-1,1
eastern_closure1ba                                                 ,280.706,60.979,298.844,60.114,90,100000,0,0,0,0,0,0,0,0,15,5,0,5,0,0,0,0,0,0,0,0,0,0,0,0,-1,0,0,0,0,-1,1,0,-1,1,0,-1,1
eastern_closure1bb                                                 ,298.844,60.114,325.661,58.239,90,100000,0,0,0,0,0,0,0,0,15,5,0,5,0,0,0,0,0,0,0,0,0,0,0,0,-1,0,0,0,0,-1,1,0,-1,1,0,-1,1
eastern_closure2                                                   ,274.413,-13.347,325.661,58.239,90,100000,0,0,0,0,0,0,0,0,15,5,0,5,0,0,0,0,0,0,0,0,0,0,0,0,-1,0,0,0,0,-1,1,0,-1,1,0,-1,1
eastern_closure3                                                   ,260.639,5.079,274.413,-13.347,90,100000,0,0,0,0,0,0,0,0,15,5,0,5,0,0,0,0,0,0,0,0,0,0,0,0,-1,0,0,0,0,-1,1,0,-1,1,0,-1,1
etahoeaa                                                           ,240.852,38.057,240.808,38.351,90,100,0,0,0,0,0,0,0,0,15,5,0,1,0,0,1,0,0,1,0,0,1,0,0,0,-1,0,0,0,0,-1,1,0,-1,1,0,-1,1
etahoeab                                                           ,240.808,38.351,240.79,38.961,90,100,0,0,0,0,0,0,0,0,15,5,0,1,0,0,1,0,0,1,0,0,1,0,0,0,-1,0,0,0,0,-1,1,0,-1,1,0,-1,1
etahoeba                                                           ,240.79,38.961,240.735,39.295,90,100,0,0,0,0,0,0,0,0,15,5,0,1,0,0,1,0,0,1,0,0,1,0,0,0,-1,0,0,0,0,-1,1,0,-1,1,0,-1,1
etahoebb                                                           ,240.735,39.295,240.707,39.673,90,100,0,0,0,0,0,0,0,0,15,5,0,1,0,0,1,0,0,1,0,0,1,0,0,0,-1,0,0,0,0,-1,1,0,-1,1,0,-1,1
garlockextension                                                   ,243.608,35.596,245.884,36.033,90,100,0,0,0,0,0,0,0,0,15,5,0,1,0,0,1,0,0,1,0,0,1,0,0,0,-1,0,0,0,0,-1,1,0,-1,1,0,-1,1
j_valley                                                           ,243.489,34.468,243.565,34.309,90,100,0,0,0,0,0,0,0,0,10,5,0,1,0,0,1,0,0,1,0,0,1,0,0,0,-1,0,0,0,0,-1,1,0,-1,1,0,-1,1
jdfaaaaa                                                           ,235.8953,40.0763,235.7624,40.1632,90,100,0,0,0,0,0,0,0,0,5,5,0,1,0,0,1,0,0,1,0,0,1,0,0,0,-1,0,0,0,0,-1,1,0,-1,1,0,-1,1
jdfaaaab                                                           ,235.7624,40.1632,235.558,40.26,90,100,0,0,0,0,0,0,0,0,5,5,0,1,0,0,1,0,0,1,0,0,1,0,0,0,-1,0,0,0,0,-1,1,0,-1,1,0,-1,1
jdfaaab                                                            ,235.558,40.26,235.24,40.303,90,100,0,0,0,0,0,0,0,0,5,5,0,1,0,0,1,0,0,1,0,0,1,0,0,0,-1,0,0,0,0,-1,1,0,-1,1,0,-1,1
jdfaaba                                                            ,235.24,40.303,234.987,40.3427,90,100,0,0,0,0,0,0,0,0,5,5,0,1,0,0,1,0,0,1,0,0,1,0,0,0,-1,0,0,0,0,-1,1,0,-1,1,0,-1,1
jdfaabb                                                            ,234.987,40.3427,234.735,40.381,90,100,0,0,0,0,0,0,0,0,5,5,0,1,0,0,1,0,0,1,0,0,1,0,0,0,-1,0,0,0,0,-1,1,0,-1,1,0,-1,1
jdfab                                                              ,234.735,40.381,233.987,40.418,90,100,0,0,0,0,0,0,0,0,5,5,0,1,0,0,1,0,0,1,0,0,1,0,0,0,-1,0,0,0,0,-1,1,0,-1,1,0,-1,1
jdfaba                                                             ,230.948,49.068,230.226,46.802,90,100,0,0,0,0,0,0,0,0,5,5,0,1,0,0,1,0,0,1,0,0,1,0,0,0,-1,0,0,0,0,-1,1,0,-1,1,0,-1,1
jdfabb                                                             ,230.226,46.802,229.517,44.594,90,100,0,0,0,0,0,0,0,0,5,5,0,1,0,0,1,0,0,1,0,0,1,0,0,0,-1,0,0,0,0,-1,1,0,-1,1,0,-1,1
jdfb                                                               ,233.987,40.418,232.405,40.445,90,100,0,0,0,0,0,0,0,0,5,5,0,1,0,0,1,0,0,1,0,0,1,0,0,0,-1,0,0,0,0,-1,1,0,-1,1,0,-1,1
jdfba                                                              ,229.517,44.594,233.335,43.044,90,100,0,0,0,0,0,0,0,0,5,5,0,1,0,0,1,0,0,1,0,0,1,0,0,0,-1,0,0,0,0,-1,1,0,-1,1,0,-1,1
jdfbb                                                              ,233.335,43.044,232.405,40.445,90,100,0,0,0,0,0,0,0,0,5,5,0,1,0,0,1,0,0,1,0,0,1,0,0,0,-1,0,0,0,0,-1,1,0,-1,1,0,-1,1
jun con                                                            ,242.3227,44.2397,242.4152,44.2578,90,100,0,0,0,0,0,0,0,0,15,5,0,1,0,0,1,0,0,1,0,0,1,0,0,0,-1,0,0,0,0,-1,1,0,-1,1,0,-1,1
mohawk-valleyaaa                                                   ,240.507,38.498,240.177,38.731,90,100,0,0,0,0,0,0,0,0,15,5,0,1,0,0,1,0,0,1,0,0,1,0,0,0,-1,0,0,0,0,-1,1,0,-1,1,0,-1,1
mohawk-valleyaaba                                                  ,240.177,38.731,240.004,38.85,90,100,0,0,0,0,0,0,0,0,15,5,0,1,0,0,1,0,0,1,0,0,1,0,0,0,-1,0,0,0,0,-1,1,0,-1,1,0,-1,1
mohawk-valleyaabb                                                  ,240.004,38.85,239.785,39.148,90,100,0,0,0,0,0,0,0,0,15,5,0,1,0,0,1,0,0,1,0,0,1,0,0,0,-1,0,0,0,0,-1,1,0,-1,1,0,-1,1
mohawk-valleyabaa                                                  ,239.785,39.148,239.741,39.258,90,100,0,0,0,0,0,0,0,0,15,5,0,1,0,0,1,0,0,1,0,0,1,0,0,0,-1,0,0,0,0,-1,1,0,-1,1,0,-1,1
mohawk-valleyabab                                                  ,239.741,39.258,239.559,39.6364,90,100,0,0,0,0,0,0,0,0,15,5,0,1,0,0,1,0,0,1,0,0,1,0,0,0,-1,0,0,0,0,-1,1,0,-1,1,0,-1,1
mohawk-valleyabbaa                                                 ,239.559,39.6364,239.248,39.8988,90,100,0,0,0,0,0,0,0,0,10,5,0,1,0,0,1,0,0,1,0,0,1,0,0,0,-1,0,0,0,0,-1,1,0,-1,1,0,-1,1
nam-okhotsk                                                        ,163.856,55.292,162.313,72.56,90,100,0,0,0,0,0,0,0,0,15,5,0,1,0,0,1,0,0,1,0,0,1,0,0,0,-1,0,0,0,0,-1,1,0,-1,1,0,-1,1
nevada02aa                                                         ,247.764,42.286,248.03,41.178,90,100,0,0,0,0,0,0,0,0,15,5,4,5,0,-2.5,1,0,0,0,0,0,0,0,0,0,-1,0,0,0,0,-1,1,0,-1,1,0,-1,1
nevada02aba                                                        ,248.03,41.178,248.163,40.625,90,100,0,0,0,0,0,0,0,0,15,5,4,5,0,-2.5,1,0,0,0,0,0,0,0,0,0,-1,0,0,0,0,-1,1,0,-1,1,0,-1,1
nevada02abb                                                        ,248.163,40.625,248.418,40.143,90,100,0,0,0,0,0,0,0,0,15,5,4,5,0,-2.5,1,0,0,0,0,0,0,0,0,0,-1,0,0,0,0,-1,1,0,-1,1,0,-1,1
nevada02baaa                                                       ,248.418,40.143,248.217,39.9,90,100,0,0,0,0,0,0,0,0,15,5,4,5,0,-2.5,1,0,0,0,0,0,0,0,0,0,-1,0,0,0,0,-1,1,0,-1,1,0,-1,1
nevada02baab                                                       ,248.217,39.9,248.054,39.166,90,100,0,0,0,0,0,0,0,0,15,5,4,5,0,-2.5,1,0,0,0,0,0,0,0,0,0,-1,0,0,0,0,-1,1,0,-1,1,0,-1,1
nevada02baba                                                       ,248.054,39.166,247.934,38.714,90,100,0,0,0,0,0,0,0,0,15,5,4,5,0,-2.5,1,0,0,0,0,0,0,0,0,0,-1,0,0,0,0,-1,1,0,-1,1,0,-1,1
nevada02babb                                                       ,247.934,38.714,247.813,38.262,90,100,0,0,0,0,0,0,0,0,15,5,4,5,0,-2.5,1,0,0,0,0,0,0,0,0,0,-1,0,0,0,0,-1,1,0,-1,1,0,-1,1
nevada02bba                                                        ,247.813,38.262,247,37.709,90,100,0,0,0,0,0,0,0,0,15,5,4,5,0,-2.5,1,0,0,0,0,0,0,0,0,0,-1,0,0,0,0,-1,1,0,-1,1,0,-1,1
nevada02bbbaa                                                      ,247,37.709,246.771,37.489,90,100,0,0,0,0,0,0,0,0,15,5,4,5,0,-2.5,1,0,0,0,0,0,0,0,0,0,-1,0,0,0,0,-1,1,0,-1,1,0,-1,1
nevada02bbbab                                                      ,246.771,37.489,246.704,37.018,90,100,0,0,0,0,0,0,0,0,15,5,4,5,0,-2.5,1,0,0,0,0,0,0,0,0,0,-1,0,0,0,0,-1,1,0,-1,1,0,-1,1
nevada02bbbbaa                                                     ,246.704,37.018,246.435,36.86,90,100,0,0,0,0,0,0,0,0,15,5,4,5,0,-2.5,1,0,0,0,0,0,0,0,0,0,-1,0,0,0,0,-1,1,0,-1,1,0,-1,1
nevada02bbbbab                                                     ,246.435,36.86,246.126,36.368,90,100,0,0,0,0,0,0,0,0,15,5,4,5,0,-2.5,1,0,0,0,0,0,0,0,0,0,-1,0,0,0,0,-1,1,0,-1,1,0,-1,1
nevada02bbbbb                                                      ,246.126,36.368,245.884,36.033,90,100,0,0,0,0,0,0,0,0,15,5,4,5,0,-2.5,1,0,0,0,0,0,0,0,0,0,-1,0,0,0,0,-1,1,0,-1,1,0,-1,1
newport1bbba                                                       ,242.918,32.58,243.579,31.953,90,100,0,0,0,0,0,0,0,0,15,5,0,5,0,0,0,0,0,0,0,0,1,0,0,0,-1,0,0,0,0,-1,1,0,-1,1,0,-1,1
newport1bbbb                                                       ,243.579,31.953,244.239,31.325,90,100,0,0,0,0,0,0,0,0,15,5,0,5,0,0,0,0,0,0,0,0,0,0,0,0,-1,0,0,0,0,-1,1,0,-1,1,0,-1,1
nootka                                                             ,230.948,49.068,231.725,49.881,90,100,0,0,0,0,0,0,0,0,5,5,0,1,0,0,1,0,0,3,1,0,1,0,0,0,-1,0,0,0,0,-1,1,0,-1,1,0,-1,1
npole                                                              ,232.175,69.405,162.313,72.56,90,100,0,0,0,0,0,0,0,0,15,5,0,1,0,0,1,0,0,1,0,0,1,0,0,0,-1,0,0,0,0,-1,1,0,-1,1,0,-1,1
owensvalleynorth1aa                                                ,220.823,60.284,225.797,54.707,90,100,0,0,0,0,0,0,0,0,15,5,0,5,0,0,0,0,0,0,0,0,0,0,0,0,-1,0,0,0,0,-1,1,0,-1,1,0,-1,1
owensvalleynorth1abaa                                              ,225.797,54.707,227.225,53.142,90,100,0,0,0,0,0,0,0,0,15,5,0,5,0,0,0,0,0,0,0,0,0,0,0,0,-1,0,0,0,0,-1,1,0,-1,1,0,-1,1
owensvalleynorth1ababaaaaaa                                        ,227.225,53.142,227.553,52.888,90,100,0,0,0,0,0,0,0,0,15,5,0,5,0,0,0,0,0,0,0,0,0,0,0,0,-1,0,0,0,0,-1,1,0,-1,1,0,-1,1
owensvalleynorth1ababaaaaab                                        ,227.553,52.888,227.882,52.635,90,100,0,0,0,0,0,0,0,0,15,5,0,5,0,0,0,0,0,0,0,0,0,0,0,0,-1,0,0,0,0,-1,1,0,-1,1,0,-1,1
owensvalleynorth1ababaaaaba                                        ,227.882,52.635,228.21,52.381,90,100,0,0,0,0,0,0,0,0,15,5,0,5,0,0,0,0,0,0,0,0,0,0,0,0,-1,0,0,0,0,-1,1,0,-1,1,0,-1,1
owensvalleynorth1ababaaaabb                                        ,228.21,52.381,228.538,52.127,90,100,0,0,0,0,0,0,0,0,15,5,0,5,0,0,0,0,0,0,0,0,0,0,0,0,-1,0,0,0,0,-1,1,0,-1,1,0,-1,1
owensvalleynorth1ababaaaba                                         ,228.538,52.127,228.855,51.864,90,100,0,0,0,0,0,0,0,0,15,5,0,5,0,0,0,0,0,0,0,0,0,0,0,0,-1,0,0,0,0,-1,1,0,-1,1,0,-1,1
owensvalleynorth1ababaaabb                                         ,228.855,51.864,229.172,51.602,90,100,0,0,0,0,0,0,0,0,15,5,0,5,0,0,0,0,0,0,0,0,0,0,0,0,-1,0,0,0,0,-1,1,0,-1,1,0,-1,1
owensvalleynorth1ababaabaa                                         ,229.172,51.602,229.493,51.38,125,100,0,0,0,0,0,0,0,0,15,5,0,5,0,0,0,0,0,0,0,0,0,0,0,0,-1,0,0,0,0,-1,1,0,-1,1,0,-1,1
owensvalleynorth1ababaabab                                         ,229.493,51.38,229.815,51.159,130,100,0,0,0,0,0,0,0,0,15,5,0,5,0,0,0,0,0,0,0,0,0,0,0,0,-1,0,0,0,0,-1,1,0,-1,1,0,-1,1
owensvalleynorth1ababaabba                                         ,229.815,51.159,230.136,50.937,135,100,0,0,0,0,0,0,0,0,15,5,0,5,0,0,0,0,0,0,0,0,0,0,0,0,-1,0,0,0,0,-1,1,0,-1,1,0,-1,1
owensvalleynorth1ababaabbb                                         ,230.136,50.937,230.457,50.715,140,100,0,0,0,0,0,0,0,0,15,5,0,5,0,0,0,0,0,0,0,0,0,0,0,0,-1,0,0,0,0,-1,1,0,-1,1,0,-1,1
owensvalleynorth1abababaa                                          ,230.457,50.715,230.774,50.507,145,100,0,0,0,0,0,0,0,0,15,5,0,5,0,0,0,0,0,0,0,0,0,0,0,0,-1,0,0,0,0,-1,1,0,-1,1,0,-1,1
owensvalleynorth1abababab                                          ,230.774,50.507,231.091,50.298,150,100,0,0,0,0,0,0,0,0,15,5,0,5,0,0,0,0,0,0,0,0,0,0,0,0,-1,0,0,0,0,-1,1,0,-1,1,0,-1,1
owensvalleynorth1abababba                                          ,231.091,50.298,231.408,50.09,150,100,0,0,0,0,0,0,0,0,15,5,0,5,0,0,0,0,0,0,0,0,0,0,0,0,-1,0,0,0,0,-1,1,0,-1,1,0,-1,1
owensvalleynorth1abababbb                                          ,231.408,50.09,231.725,49.881,150,100,0,0,0,0,0,0,0,0,15,5,0,5,0,0,0,0,0,0,0,0,0,0,0,0,-1,0,0,0,0,-1,1,0,-1,1,0,-1,1
owensvalleynorth1bbaba                                             ,240.707,39.673,241.074,39.101,90,100,0,0,0,0,0,0,0,0,15,5,0,5,0,0,0,0,0,0,0,0,0,0,0,0,-1,0,0,0,0,-1,1,0,-1,1,0,-1,1
owensvalleynorth1bbabb                                             ,241.074,39.101,241.234,38.767,90,100,0,0,0,0,0,0,0,0,15,5,0,5,0,0,0,0,0,0,0,0,0,0,0,0,-1,0,0,0,0,-1,1,0,-1,1,0,-1,1
owensvalleynorth1bbbaaa                                            ,241.234,38.767,241.236,38.659,90,100,0,0,0,0,0,0,0,0,15,5,0,5,0,0,0,0,0,0,0,0,0,0,0,0,-1,0,0,0,0,-1,1,0,-1,1,0,-1,1
owensvalleynorth1bbbaab                                            ,241.236,38.659,241.247,38.622,90,100,0,0,0,0,0,0,0,0,15,5,0,5,0,0,0,0,0,0,0,0,0,0,0,0,-1,0,0,0,0,-1,1,0,-1,1,0,-1,1
owensvalleynorth1bbbab                                             ,241.247,38.622,241.447,38.356,90,100,0,0,0,0,0,0,0,0,15,5,0,5,0,0,0,0,0,0,0,0,0,0,0,0,-1,0,0,0,0,-1,1,0,-1,1,0,-1,1
owensvalleynorth1bbbb                                              ,241.447,38.356,241.62,37.951,90,100,0,0,0,0,0,0,0,0,15,5,0,5,0,0,0,0,0,0,0,0,0,0,0,0,-1,0,0,0,0,-1,1,0,-1,1,0,-1,1
owensvalleynorth2                                                  ,241.62,37.951,241.573,37.793,90,100,0,0,0,0,0,0,0,0,10,5,4,5,0,0,0,0,0,0,0,0,0,0,0,0,-1,0,0,0,0,-1,1,0,-1,1,0,-1,1
owlbbba                                                            ,244.4962,44.8862,245.7642,44.7366,90,100,0,0,0,0,0,0,0,0,15,5,0,1,0,0,1,0,0,1,0,0,1,0,0,0,-1,0,0,0,0,-1,1,0,-1,1,0,-1,1
owlbbbb                                                            ,245.7642,44.7366,245.927,44.722,90,100,0,0,0,0,0,0,0,0,15,5,0,1,0,0,1,0,0,1,0,0,1,0,0,0,-1,0,0,0,0,-1,1,0,-1,1,0,-1,1
pac_to_saf_northern_closure1a                                      ,191.226,51.571,198.233,53.204,160,100000,0,0,0,0,0,0,0,0,35,5,0,5,0,0,0,0,0,0,0,0,0,0,0,0,-1,0,0,0,0,-1,1,0,-1,1,0,-1,1
pac_to_saf_northern_closure1ba                                     ,198.233,53.204,205.741,55.151,160,100000,0,0,0,0,0,0,0,0,35,5,0,5,0,0,0,0,0,0,0,0,0,0,0,0,-1,0,0,0,0,-1,1,0,-1,1,0,-1,1
pac_to_saf_northern_closure1bb                                     ,205.741,55.151,207.177,55.61,160,100000,0,0,0,0,0,0,0,0,35,5,0,5,0,0,0,0,0,0,0,0,0,0,0,0,-1,0,0,0,0,-1,1,0,-1,1,0,-1,1
pacific6a                                                          ,244.239,31.325,245.328,29.522,90,100,0,0,0,0,0,0,0,0,15,5,0,5,0,0,0,0,0,0,0,0,0,0,0,0,-1,0,0,0,0,-1,1,0,-1,1,0,-1,1
pacific6b                                                          ,245.328,29.522,259.341,1.742,90,100,0,0,0,0,0,0,0,0,15,5,0,5,0,0,0,0,0,0,0,0,0,0,0,0,-1,0,0,0,0,-1,1,0,-1,1,0,-1,1
projCANa                                                           ,232.7981,50.3655,231.7295,50.528,90,100,0,0,0,0,0,0,0,0,15,5,0,1,0,0,1,0,0,1,0,0,1,0,0,0,-1,0,0,0,0,-1,1,0,-1,1,0,-1,1
projCANaaaa                                                        ,235.1964,49.3084,235.8248,48.8224,90,100,0,0,0,0,0,0,0,0,15,5,0,1,0,0,1,0,0,1,0,0,1,0,0,0,-1,0,0,0,0,-1,1,0,-1,1,0,-1,1
projCANaaab                                                        ,235.8248,48.8224,235.9889,48.7093,90,100,0,0,0,0,0,0,0,0,15,5,0,1,0,0,1,0,0,1,0,0,1,0,0,0,-1,0,0,0,0,-1,1,0,-1,1,0,-1,1
projCANb                                                           ,231.7295,50.528,230.457,50.715,90,100,0,0,0,0,0,0,0,0,15,5,0,1,0,0,1,0,0,1,0,0,1,0,0,0,-1,0,0,0,0,-1,1,0,-1,1,0,-1,1
pv_sa                                                              ,242.952,35.686,243.07,35.639,90,100,0,0,0,0,0,0,0,0,10,5,0,1,0,0,1,0,0,1,0,0,1,0,0,0,-1,0,0,0,0,-1,1,0,-1,1,0,-1,1
pv_sb                                                              ,243.07,35.639,243.111,35.603,90,100,0,0,0,0,0,0,0,0,10,5,0,1,0,0,1,0,0,1,0,0,1,0,0,0,-1,0,0,0,0,-1,1,0,-1,1,0,-1,1
s_hidalgo                                                          ,243.803,34.231,243.849,34.142,90,100,0,0,0,0,0,0,0,0,5,5,0,1,0,0,1,0,0,1,0,0,1,0,0,0,-1,0,0,0,0,-1,1,0,-1,1,0,-1,1
sad                                                                ,242.47,34.311,242.549,34.273,90,100,0,0,0,0,0,0,0,0,15,5,0,1,0,0,1,0,0,1,0,0,1,0,0,0,-1,0,0,0,0,-1,1,0,-1,1,0,-1,1
saf_connect                                                        ,241.103,34.811,241.144,34.792,90,100,0,0,0,0,0,0,0,0,15,5,0,1,0,0,1,0,0,1,0,0,1,0,0,0,-1,0,0,0,0,-1,1,0,-1,1,0,-1,1
saf_to_ov_closure1aa                                               ,207.177,55.61,208.317,56.018,160,100000,0,0,0,0,0,0,0,0,35,5,0,5,0,0,0,0,0,0,0,0,0,0,0,0,-1,0,0,0,0,-1,1,0,-1,1,0,-1,1
saf_to_ov_closure1ab                                               ,208.317,56.018,211.394,57.198,160,100000,0,0,0,0,0,0,0,0,35,5,0,5,0,0,0,0,0,0,0,0,0,0,0,0,-1,0,0,0,0,-1,1,0,-1,1,0,-1,1
saf_to_ov_closure1ba                                               ,211.394,57.198,215.06,59.649,160,100000,0,0,0,0,0,0,0,0,35,5,0,5,0,0,0,0,0,0,0,0,0,0,0,0,-1,0,0,0,0,-1,1,0,-1,1,0,-1,1
saf_to_ov_closure1bb                                               ,215.06,59.649,220.823,60.284,160,100000,0,0,0,0,0,0,0,0,35,5,0,5,0,0,0,0,0,0,0,0,0,0,0,0,-1,0,0,0,0,-1,1,0,-1,1,0,-1,1
saf_to_pac_southern_closure1                                       ,259.341,1.742,260.639,5.079,90,100000,0,0,0,0,0,0,0,0,15,5,0,5,0,0,0,0,0,0,0,0,0,0,0,0,-1,0,0,0,0,-1,1,0,-1,1,0,-1,1
sanandreas19                                                       ,245.479,31.655,247.749,29.024,90,100,0,0,0,0,0,0,0,0,15,5,0,5,0,0,0,0,0,0,0,0,0,0,0,0,-1,0,0,0,0,-1,1,0,-1,1,0,-1,1
sanandreas20                                                       ,247.749,29.024,260.639,5.079,90,100,0,0,0,0,0,0,0,0,15,5,0,5,0,0,0,0,0,0,0,0,0,0,0,0,-1,0,0,0,0,-1,1,0,-1,1,0,-1,1
tahoeaaaaa                                                         ,241.324,37.551,241.367,37.445,90,100,0,0,0,0,0,0,0,0,15,5,0,1,0,0,1,0,0,1,0,0,1,0,0,0,-1,0,0,0,0,-1,1,0,-1,1,0,-1,1
tahoeaaaaba                                                        ,241.367,37.445,241.365,37.266,90,100,0,0,0,0,0,0,0,0,15,5,0,1,0,0,1,0,0,1,0,0,1,0,0,0,-1,0,0,0,0,-1,1,0,-1,1,0,-1,1
tahoeaaaabb                                                        ,241.365,37.266,241.656,36.828,90,100,0,0,0,0,0,0,0,0,15,5,0,1,0,0,1,0,0,1,0,0,1,0,0,0,-1,0,0,0,0,-1,1,0,-1,1,0,-1,1
tahoeaaab                                                          ,241.656,36.828,241.967,36.41,90,100,0,0,0,0,0,0,0,0,15,5,0,1,0,0,1,0,0,1,0,0,1,0,0,0,-1,0,0,0,0,-1,1,0,-1,1,0,-1,1
tahoeaabaa                                                         ,241.324,37.551,241.152,37.635,90,100,0,0,0,0,0,0,0,0,15,5,0,1,0,0,1,0,0,1,0,0,1,0,0,0,-1,0,0,0,0,-1,1,0,-1,1,0,-1,1
tahoeaabab                                                         ,241.152,37.635,240.957,37.73,90,100,0,0,0,0,0,0,0,0,15,5,0,1,0,0,1,0,0,1,0,0,1,0,0,0,-1,0,0,0,0,-1,1,0,-1,1,0,-1,1
tahoeaabb                                                          ,240.957,37.73,240.901,37.794,90,100,0,0,0,0,0,0,0,0,15,5,0,1,0,0,1,0,0,1,0,0,1,0,0,0,-1,0,0,0,0,-1,1,0,-1,1,0,-1,1
tahoeaba                                                           ,240.901,37.794,240.872,37.954,90,100,0,0,0,0,0,0,0,0,15,5,0,1,0,0,1,0,0,1,0,0,1,0,0,0,-1,0,0,0,0,-1,1,0,-1,1,0,-1,1
tahoeabba                                                          ,240.872,37.954,240.852,38.057,90,100,0,0,0,0,0,0,0,0,15,5,0,1,0,0,1,0,0,1,0,0,1,0,0,0,-1,0,0,0,0,-1,1,0,-1,1,0,-1,1
tahoeabbbaa                                                        ,240.852,38.057,240.75,38.198,90,100,0,0,0,0,0,0,0,0,15,5,0,1,0,0,1,0,0,1,0,0,1,0,0,0,-1,0,0,0,0,-1,1,0,-1,1,0,-1,1
tahoeabbbab                                                        ,240.75,38.198,240.615,38.319,90,100,0,0,0,0,0,0,0,0,15,5,0,1,0,0,1,0,0,1,0,0,1,0,0,0,-1,0,0,0,0,-1,1,0,-1,1,0,-1,1
tahoeabbbb                                                         ,240.615,38.319,240.507,38.498,90,100,0,0,0,0,0,0,0,0,15,5,0,1,0,0,1,0,0,1,0,0,1,0,0,0,-1,0,0,0,0,-1,1,0,-1,1,0,-1,1
tahoebaa                                                           ,240.507,38.498,240.354,38.88,90,100,0,0,0,0,0,0,0,0,15,5,0,1,0,0,1,0,0,1,0,0,1,0,0,0,-1,0,0,0,0,-1,1,0,-1,1,0,-1,1
tahoebaba                                                          ,240.354,38.88,240.305,39.013,90,100,0,0,0,0,0,0,0,0,15,5,0,1,0,0,1,0,0,1,0,0,1,0,0,0,-1,0,0,0,0,-1,1,0,-1,1,0,-1,1
tahoebabb                                                          ,240.305,39.013,240.257,39.145,90,100,0,0,0,0,0,0,0,0,15,5,0,1,0,0,1,0,0,1,0,0,1,0,0,0,-1,0,0,0,0,-1,1,0,-1,1,0,-1,1
tahoebbaa                                                          ,240.257,39.145,240.174,39.409,90,100,0,0,0,0,0,0,0,0,15,5,0,1,0,0,1,0,0,1,0,0,1,0,0,0,-1,0,0,0,0,-1,1,0,-1,1,0,-1,1
tahoebbab                                                          ,240.174,39.409,240.133,39.619,90,100,0,0,0,0,0,0,0,0,15,5,0,1,0,0,1,0,0,1,0,0,1,0,0,0,-1,0,0,0,0,-1,1,0,-1,1,0,-1,1
tahoebbb                                                           ,240.133,39.619,240.07,40.023,90,100,0,0,0,0,0,0,0,0,15,5,0,1,0,0,1,0,0,1,0,0,1,0,0,0,-1,0,0,0,0,-1,1,0,-1,1,0,-1,1
testsjfa                                                           ,244.522,32.807,244.72,32.592,90,100,0,0,0,0,0,0,0,0,5,5,0,1,0,0,1,0,0,1,0,0,1,0,0,0,-1,0,0,0,0,-1,1,0,-1,1,0,-1,1
testsjfb                                                           ,244.72,32.592,245.007,32.136,90,100,0,0,0,0,0,0,0,0,5,5,0,1,0,0,1,0,0,1,0,0,1,0,0,0,-1,0,0,0,0,-1,1,0,-1,1,0,-1,1
trenchConNb                                                        ,231.7986,49.8386,231.9833,49.6838,160,100,0,0,0,0,0,0,0,0,0,5,0,1,0,0,1,0,0,1,0,0,1,0,0,0,-1,0,0,0,0,-1,1,0,-1,1,0,-1,1
trenchConNb                                                        ,231.7986,49.8386,231.725,49.881,90,100,0,0,0,0,0,0,0,0,15,5,0,1,0,0,1,0,0,1,0,0,1,0,0,0,-1,0,0,0,0,-1,1,0,-1,1,0,-1,1
tst                                                                ,236.965,47.5187,237.0002,47.5283,60,100,0,0,0,0,0,0,0,0,15,5,0,1,0,0,1,0,0,1,0,0,1,0,0,0,-1,0,0,0,0,-1,1,0,-1,1,0,-1,1
wcnsbaaaba                                                         ,241.927,38.415,241.823,38.693,90,100,0,0,0,0,0,0,0,0,15,5,0,1,0,0,1,0,0,1,0,0,1,0,0,0,-1,0,0,0,0,-1,1,0,-1,1,0,-1,1
wcnsbaaabb                                                         ,241.823,38.693,241.833,38.96,90,100,0,0,0,0,0,0,0,0,15,5,0,1,0,0,1,0,0,1,0,0,1,0,0,0,-1,0,0,0,0,-1,1,0,-1,1,0,-1,1
wcnsbaabaa                                                         ,241.833,38.96,241.856,39.198,60,100,0,0,0,0,0,0,0,0,15,5,0,1,0,0,1,0,0,1,0,0,1,0,0,0,-1,0,0,0,0,-1,1,0,-1,1,0,-1,1
wcnsbaabab                                                         ,241.856,39.198,241.894,39.354,60,100,0,0,0,0,0,0,0,0,15,5,0,1,0,0,1,0,0,1,0,0,1,0,0,0,-1,0,0,0,0,-1,1,0,-1,1,0,-1,1
wcnsbaabba                                                         ,241.894,39.354,241.868,39.503,120,100,0,0,0,0,0,0,0,0,15,5,0,1,0,0,1,0,0,1,0,0,1,0,0,0,-1,0,0,0,0,-1,1,0,-1,1,0,-1,1
wcnsbaabbb                                                         ,241.868,39.503,241.872,39.733,60,100,0,0,0,0,0,0,0,0,15,5,0,1,0,0,1,0,0,1,0,0,1,0,0,0,-1,0,0,0,0,-1,1,0,-1,1,0,-1,1
wcnsbaba                                                           ,241.872,39.733,242.318,40.19,30,100,0,0,0,0,0,0,0,0,15,5,0,1,0,0,1,0,0,1,0,0,1,0,0,0,-1,0,0,0,0,-1,1,0,-1,1,0,-1,1
wcnsbabb                                                           ,242.318,40.19,242.491,40.464,45,100,0,0,0,0,0,0,0,0,15,5,0,1,0,0,1,0,0,1,0,0,1,0,0,0,-1,0,0,0,0,-1,1,0,-1,1,0,-1,1
wcnsbbaaa                                                          ,242.491,40.464,242.197,41.029,90,100,0,0,0,0,0,0,0,0,15,5,0,1,0,0,1,0,0,1,0,0,1,0,0,0,-1,0,0,0,0,-1,1,0,-1,1,0,-1,1
western_closure1aaa                                                ,162.871,-57.774,180.29,-36.871,90,100000,0,0,0,0,0,0,0,0,15,5,0,5,0,0,0,0,0,0,0,0,0,0,0,0,-1,0,0,0,0,-1,1,0,-1,1,0,-1,1
western_closure1aab                                                ,162.871,-57.774,204.097,-69.387,90,100000,0,0,0,0,0,0,0,0,15,5,0,5,0,0,0,0,0,0,0,0,0,0,0,0,-1,0,0,0,0,-1,1,0,-1,1,0,-1,1
western_closure1ab                                                 ,204.097,-69.387,252.514,-42.884,90,100000,0,0,0,0,0,0,0,0,15,5,0,5,0,0,0,0,0,0,0,0,0,0,0,0,-1,0,0,0,0,-1,1,0,-1,1,0,-1,1
western_closure1b                                                  ,252.514,-42.884,259.341,1.742,90,100000,0,0,0,0,0,0,0,0,15,5,0,5,0,0,0,0,0,0,0,0,0,0,0,0,-1,0,0,0,0,-1,1,0,-1,1,0,-1,1
western_closure2a                                                  ,145.025,41.058,163.856,55.292,90,100000,0,0,0,0,0,0,0,0,15,5,0,5,0,0,0,0,0,0,0,0,0,0,0,0,-1,0,0,0,0,-1,1,0,-1,1,0,-1,1
western_closure2ba                                                 ,142.758,34.025,145.025,41.058,90,100000,0,0,0,0,0,0,0,0,15,5,0,5,0,0,0,0,0,0,0,0,0,0,0,0,-1,0,0,0,0,-1,1,0,-1,1,0,-1,1
western_closure2bba                                                ,131.169,29.806,142.758,34.025,90,100000,0,0,0,0,0,0,0,0,15,5,0,5,0,0,0,0,0,0,0,0,0,0,0,0,-1,0,0,0,0,-1,1,0,-1,1,0,-1,1
western_closure2bbba                                               ,124.044,0.015,131.169,29.806,90,100000,0,0,0,0,0,0,0,0,15,5,0,5,0,0,0,0,0,0,0,0,0,0,0,0,-1,0,0,0,0,-1,1,0,-1,1,0,-1,1
western_closure2bbbbaa                                             ,124.044,0.015,144.44,-1.873,90,100000,0,0,0,0,0,0,0,0,15,5,0,5,0,0,0,0,0,0,0,0,0,0,0,0,-1,0,0,0,0,-1,1,0,-1,1,0,-1,1
western_closure2bbbbab                                             ,144.44,-1.873,164.764,-7.061,90,100000,0,0,0,0,0,0,0,0,15,5,0,5,0,0,0,0,0,0,0,0,0,0,0,0,-1,0,0,0,0,-1,1,0,-1,1,0,-1,1
western_closure2bbbbb                                              ,164.764,-7.061,180.29,-36.871,90,100000,0,0,0,0,0,0,0,0,15,5,0,5,0,0,0,0,0,0,0,0,0,0,0,0,-1,0,0,0,0,-1,1,0,-1,1,0,-1,1
western_closure3a                                                  ,163.856,55.292,179.964,50.482,90,100000,0,0,0,0,0,0,0,0,15,5,0,5,0,0,0,0,0,0,0,0,0,0,0,0,-1,0,0,0,0,-1,1,0,-1,1,0,-1,1
western_closure3b                                                  ,179.964,50.482,191.226,51.571,160,100000,0,0,0,0,0,0,0,0,35,5,0,5,0,0,0,0,0,0,0,0,0,0,0,0,-1,0,0,0,0,-1,1,0,-1,1,0,-1,1
yftb end                                                           ,240.8387,46.7186,241.5335,45.9472,90,100,0,0,0,0,0,0,0,0,15,5,0,1,0,0,1,0,0,1,0,0,1,0,0,0,-1,0,0,0,0,-1,1,0,-1,1,0,-1,1
Alvin Canyon                                                       ,234.6934,44.5701,234.8278,44.5389,90,100,0,0,0,0,0,0,0,0,15,5,0,1,0,0,1,0,0,1,0,0,1,0,0,0,-1,0,0,0,0,-1,1,0,-1,1,0,-1,1
Alvin Canyon                                                       ,234.8278,44.5389,234.9621,44.5075,90,100,0,0,0,0,0,0,0,0,15,5,0,1,0,0,1,0,0,1,0,0,1,0,0,0,-1,0,0,0,0,-1,1,0,-1,1,0,-1,1
Alvin Canyon                                                       ,234.9621,44.5075,235.0963,44.476,90,100,0,0,0,0,0,0,0,0,15,5,0,1,0,0,1,0,0,1,0,0,1,0,0,0,-1,0,0,0,0,-1,1,0,-1,1,0,-1,1
Alvin Canyon                                                       ,235.0963,44.476,235.1371,44.4593,90,100,0,0,0,0,0,0,0,0,15,5,0,1,0,0,1,0,0,1,0,0,1,0,0,0,-1,0,0,0,0,-1,1,0,-1,1,0,-1,1
Alvin Canyon                                                       ,235.1371,44.4593,235.2394,44.4291,90,100,0,0,0,0,0,0,0,0,15,5,0,1,0,0,1,0,0,1,0,0,1,0,0,0,-1,0,0,0,0,-1,1,0,-1,1,0,-1,1
Alvin Canyon                                                       ,235.2394,44.4291,235.3533,44.41,90,100,0,0,0,0,0,0,0,0,15,5,0,1,0,0,1,0,0,1,0,0,1,0,0,0,-1,0,0,0,0,-1,1,0,-1,1,0,-1,1
Alvin Canyon                                                       ,235.3533,44.41,235.4181,44.3915,90,100,0,0,0,0,0,0,0,0,15,5,0,1,0,0,1,0,0,1,0,0,1,0,0,0,-1,0,0,0,0,-1,1,0,-1,1,0,-1,1
Alvin Canyon                                                       ,234.6389,44.5881,234.612,44.5967,90,100,0,0,0,0,0,0,0,0,15,5,0,1,0,0,1,0,0,1,0,0,1,0,0,0,-1,0,0,0,0,-1,1,0,-1,1,0,-1,1
Alvin Canyonb                                                      ,234.6389,44.5881,234.6934,44.5701,90,100,0,0,0,0,0,0,0,0,15,5,0,1,0,0,1,0,0,1,0,0,1,0,0,0,-1,0,0,0,0,-1,1,0,-1,1,0,-1,1
Eaton Roughs                                                       ,236.6933,39.9988,236.6816,40.0556,90,100,0,0,0,0,0,0,0,0,15,5,0,1,0,0,1,0,0,1,0,0,1,0,0,0,-1,0,0,0,0,-1,1,0,-1,1,0,-1,1
Eaton Roughs                                                       ,236.6816,40.0556,236.6315,40.1267,90,100,0,0,0,0,0,0,0,0,15,5,0,1,0,0,1,0,0,1,0,0,1,0,0,0,-1,0,0,0,0,-1,1,0,-1,1,0,-1,1
Eaton Roughs                                                       ,236.6315,40.1267,236.5896,40.2131,90,100,0,0,0,0,0,0,0,0,15,5,0,1,0,0,1,0,0,1,0,0,1,0,0,0,-1,0,0,0,0,-1,1,0,-1,1,0,-1,1
Eaton Roughs                                                       ,236.5896,40.2131,236.5112,40.3071,90,100,0,0,0,0,0,0,0,0,15,5,0,1,0,0,1,0,0,1,0,0,1,0,0,0,-1,0,0,0,0,-1,1,0,-1,1,0,-1,1
Eaton Roughs                                                       ,236.5112,40.3071,236.4433,40.3649,90,100,0,0,0,0,0,0,0,0,15,5,0,1,0,0,1,0,0,1,0,0,1,0,0,0,-1,0,0,0,0,-1,1,0,-1,1,0,-1,1
Eaton Roughs                                                       ,236.4433,40.3649,236.4155,40.4185,90,100,0,0,0,0,0,0,0,0,15,5,0,1,0,0,1,0,0,1,0,0,1,0,0,0,-1,0,0,0,0,-1,1,0,-1,1,0,-1,1
Eaton Roughs                                                       ,236.4155,40.4185,236.3193,40.5205,90,100,0,0,0,0,0,0,0,0,15,5,0,1,0,0,1,0,0,1,0,0,1,0,0,0,-1,0,0,0,0,-1,1,0,-1,1,0,-1,1
Eaton Roughs                                                       ,236.3193,40.5205,236.2811,40.5696,90,100,0,0,0,0,0,0,0,0,15,5,0,1,0,0,1,0,0,1,0,0,1,0,0,0,-1,0,0,0,0,-1,1,0,-1,1,0,-1,1
Eaton Roughs                                                       ,236.2811,40.5696,236.2251,40.6233,90,100,0,0,0,0,0,0,0,0,15,5,0,1,0,0,1,0,0,1,0,0,1,0,0,0,-1,0,0,0,0,-1,1,0,-1,1,0,-1,1
Eaton Roughs                                                       ,236.2251,40.6233,236.1691,40.6771,90,100,0,0,0,0,0,0,0,0,15,5,0,1,0,0,1,0,0,1,0,0,1,0,0,0,-1,0,0,0,0,-1,1,0,-1,1,0,-1,1
corvallisaa                                                        ,235.4181,44.3915,235.6979,44.3196,90,100,0,0,0,0,0,0,0,0,15,5,0,1,0,0,1,0,0,1,0,0,1,0,0,0,-1,0,0,0,0,-1,1,0,-1,1,0,-1,1
corvallisaba                                                       ,235.6979,44.3196,235.8653,44.2513,90,100,0,0,0,0,0,0,0,0,15,5,0,1,0,0,1,0,0,1,0,0,1,0,0,0,-1,0,0,0,0,-1,1,0,-1,1,0,-1,1
corvallisabba                                                      ,235.8653,44.2513,236.1703,44.3366,90,100,0,0,0,0,0,0,0,0,15,5,0,1,0,0,1,0,0,1,0,0,1,0,0,0,-1,0,0,0,0,-1,1,0,-1,1,0,-1,1
corvallisabbb                                                      ,236.1703,44.3366,236.4394,44.4305,90,100,0,0,0,0,0,0,0,0,15,5,0,1,0,0,1,0,0,1,0,0,1,0,0,0,-1,0,0,0,0,-1,1,0,-1,1,0,-1,1
corvallisba                                                        ,236.4394,44.4305,236.7623,44.6438,90,100,0,0,0,0,0,0,0,0,15,5,0,1,0,0,1,0,0,1,0,0,1,0,0,0,-1,0,0,0,0,-1,1,0,-1,1,0,-1,1
corvallisbb                                                        ,236.7623,44.6438,237.2488,45.0398,90,100,0,0,0,0,0,0,0,0,15,5,0,1,0,0,1,0,0,1,0,0,1,0,0,0,-1,0,0,0,0,-1,1,0,-1,1,0,-1,1
eaton roughs                                                       ,236.6927,39.9882,236.6933,39.9988,90,100,0,0,0,0,0,0,0,0,15,5,0,1,0,0,1,0,0,1,0,0,1,1,0,0,-1,0,0,0,0,-1,1,0,-1,1,0,-1,1
nitinatCon                                                         ,233.9943,47.2206,233.9416,47.2316,90,100,0,0,0,0,0,0,0,0,15,5,0,1,0,0,1,0,0,1,0,0,1,0,0,0,-1,0,0,0,0,-1,1,0,-1,1,0,-1,1
nitinataa                                                          ,235.834,47.0981,235.4111,47.0271,90,100,0,0,0,0,0,0,0,0,15,5,0,1,0,0,1,0,0,1,0,0,1,0,0,0,-1,0,0,0,0,-1,1,0,-1,1,0,-1,1
nitinatab                                                          ,235.4111,47.0271,234.9746,47.0249,90,100,0,0,0,0,0,0,0,0,15,5,0,1,0,0,1,0,0,1,0,0,1,0,0,0,-1,0,0,0,0,-1,1,0,-1,1,0,-1,1
nitinatba                                                          ,234.9746,47.0249,234.5155,47.102,90,100,0,0,0,0,0,0,0,0,15,5,0,1,0,0,1,0,0,1,0,0,1,0,0,0,-1,0,0,0,0,-1,1,0,-1,1,0,-1,1
nitinatbb                                                          ,234.5155,47.102,233.9943,47.2206,90,100,0,0,0,0,0,0,0,0,15,5,0,1,0,0,1,0,0,1,0,0,1,0,0,0,-1,0,0,0,0,-1,1,0,-1,1,0,-1,1
Trencha                                                            ,234.628,44.5299,234.612,44.5967,160,100,0,0,0,0,0,0,0,0,0,5,0,1,0,0,1,0,0,1,0,0,1,0,0,0,0,1,0,0,0,-1,1,0,-1,1,0,-1,1
Trenchb                                                            ,234.612,44.5967,234.5879,44.6989,160,100,0,0,0,0,0,0,0,0,0,5,0,1,0,0,1,0,0,1,0,0,1,0,0,0,0,1,0,0,0,-1,1,0,-1,1,0,-1,1
Big Lagoon                                                         ,235.9382,41.0523,235.9191,41.0835,90,100,0,0,0,0,0,0,0,0,15,5,0,1,0,0,1,0,0,1,0,0,1,0,0,0,-1,0,0,0,0,-1,1,0,-1,1,0,-1,1
Big Lagoon                                                         ,235.9191,41.0835,235.9084,41.1149,90,100,0,0,0,0,0,0,0,0,15,5,0,1,0,0,1,0,0,1,0,0,1,0,0,0,-1,0,0,0,0,-1,1,0,-1,1,0,-1,1
Big Lagoon                                                         ,235.9084,41.1149,235.8981,41.1443,90,100,0,0,0,0,0,0,0,0,15,5,0,1,0,0,1,0,0,1,0,0,1,0,0,0,-1,0,0,0,0,-1,1,0,-1,1,0,-1,1
Big Lagoon                                                         ,235.8981,41.1443,235.8894,41.1927,90,100,0,0,0,0,0,0,0,0,15,5,0,1,0,0,1,0,0,1,0,0,1,0,0,0,-1,0,0,0,0,-1,1,0,-1,1,0,-1,1
Big Lagoon                                                         ,235.8894,41.1927,235.8684,41.2235,90,100,0,0,0,0,0,0,0,0,15,5,0,1,0,0,1,0,0,1,0,0,1,0,0,0,-1,0,0,0,0,-1,1,0,-1,1,0,-1,1
Big Lagoon                                                         ,235.8684,41.2235,235.8267,41.286,90,100,0,0,0,0,0,0,0,0,15,5,0,1,0,0,1,0,0,1,0,0,1,0,0,0,-1,0,0,0,0,-1,1,0,-1,1,0,-1,1
Big Lagoon                                                         ,235.8267,41.286,235.785,41.3485,90,100,0,0,0,0,0,0,0,0,15,5,0,1,0,0,1,0,0,1,0,0,1,0,0,0,-1,0,0,0,0,-1,1,0,-1,1,0,-1,1
Big Lagoon                                                         ,235.785,41.3485,235.755,41.4036,90,100,0,0,0,0,0,0,0,0,15,5,0,1,0,0,1,0,0,1,0,0,1,0,0,0,-1,0,0,0,0,-1,1,0,-1,1,0,-1,1
Big Lagoon                                                         ,235.755,41.4036,235.7266,41.468,90,100,0,0,0,0,0,0,0,0,15,5,0,1,0,0,1,0,0,1,0,0,1,0,0,0,-1,0,0,0,0,-1,1,0,-1,1,0,-1,1
Big Lagoon                                                         ,235.7266,41.468,235.6421,41.5592,90,100,0,0,0,0,0,0,0,0,15,5,0,1,0,0,1,0,0,1,0,0,1,0,0,0,-1,0,0,0,0,-1,1,0,-1,1,0,-1,1
Big Lagoon                                                         ,235.6421,41.5592,235.5736,41.6559,90,100,0,0,0,0,0,0,0,0,15,5,0,1,0,0,1,0,0,1,0,0,1,0,0,0,-1,0,0,0,0,-1,1,0,-1,1,0,-1,1
Big Lagoon                                                         ,235.5736,41.6559,235.5549,41.777,90,100,0,0,0,0,0,0,0,0,15,5,0,1,0,0,1,0,0,1,0,0,1,0,0,0,-1,0,0,0,0,-1,1,0,-1,1,0,-1,1
Big Lagoon                                                         ,235.5549,41.777,235.5362,41.8981,90,100,0,0,0,0,0,0,0,0,15,5,0,1,0,0,1,0,0,1,0,0,1,0,0,0,-1,0,0,0,0,-1,1,0,-1,1,0,-1,1
Big Lagoon                                                         ,235.5362,41.8981,235.4896,41.9464,90,100,0,0,0,0,0,0,0,0,15,5,0,1,0,0,1,0,0,1,0,0,1,0,0,0,-1,0,0,0,0,-1,1,0,-1,1,0,-1,1
Big Lagoon                                                         ,235.4896,41.9464,235.4052,41.9964,90,100,0,0,0,0,0,0,0,0,15,5,0,1,0,0,1,0,0,1,0,0,1,0,0,0,-1,0,0,0,0,-1,1,0,-1,1,0,-1,1
Big Lagoon                                                         ,235.4052,41.9964,235.357,42.0512,90,100,0,0,0,0,0,0,0,0,15,5,0,1,0,0,1,0,0,1,0,0,1,0,0,0,-1,0,0,0,0,-1,1,0,-1,1,0,-1,1
Big Lagoon                                                         ,235.357,42.0512,235.3215,42.144,90,100,0,0,0,0,0,0,0,0,15,5,0,1,0,0,1,0,0,1,0,0,1,0,0,0,-1,0,0,0,0,-1,1,0,-1,1,0,-1,1
Big Lagoon                                                         ,235.3215,42.144,235.2905,42.252,90,100,0,0,0,0,0,0,0,0,15,5,0,1,0,0,1,0,0,1,0,0,1,0,0,0,-1,0,0,0,0,-1,1,0,-1,1,0,-1,1
Big Lagoon                                                         ,235.2905,42.252,235.2508,42.3346,90,100,0,0,0,0,0,0,0,0,15,5,0,1,0,0,1,0,0,1,0,0,1,0,0,0,-1,0,0,0,0,-1,1,0,-1,1,0,-1,1
Big Lagoon                                                         ,235.2508,42.3346,234.8643,42.8459,90,100,0,0,0,0,0,0,0,0,0,5,0,1,0,0,1,0,0,1,0,0,1,0,0,0,-1,0,0,0,0,-1,1,0,-1,1,0,-1,1
Big Lagoon                                                         ,235.9382,41.0523,235.9713,40.9821,90,100,0,0,0,0,0,0,0,0,15,5,0,1,0,0,1,0,0,1,0,0,1,0,0,0,-1,0,0,0,0,-1,1,0,-1,1,0,-1,1
BigLagoonCon                                                       ,234.8643,42.8459,234.711,42.9588,90,100,0,0,0,0,0,0,0,0,0,5,0,1,0,0,1,0,0,1,0,0,1,0,0,0,-1,0,0,0,0,-1,1,0,-1,1,0,-1,1
Trinidad                                                           ,236.0779,40.8543,236.0006,40.9365,90,100,0,0,0,0,0,0,0,0,15,5,0,1,0,0,1,0,0,1,0,0,1,0,0,0,-1,0,0,0,0,-1,1,0,-1,1,0,-1,1
Trinidad                                                           ,236.0006,40.9365,235.9713,40.9821,90,100,0,0,0,0,0,0,0,0,15,5,0,1,0,0,1,0,0,1,0,0,1,0,0,0,-1,0,0,0,0,-1,1,0,-1,1,0,-1,1
Trinidad-ER                                                        ,236.1691,40.6771,236.0779,40.8543,90,100,0,0,0,0,0,0,0,0,15,5,0,1,0,0,1,0,0,1,0,0,1,0,0,0,-1,0,0,0,0,-1,1,0,-1,1,0,-1,1
qff faulta                                                         ,238.6218,48.1584,238.5644,48.6798,90,100,0,0,0,0,0,0,0,0,15,5,0,1,0,0,1,0,0,1,0,0,1,0,0,0,-1,0,0,0,0,-1,1,0,-1,1,0,-1,1
qff faultb                                                         ,238.5644,48.6798,238.29,49.217,90,100,0,0,0,0,0,0,0,0,15,5,0,1,0,0,1,0,0,1,0,0,1,0,0,0,-1,0,0,0,0,-1,1,0,-1,1,0,-1,1
inland BCaab                                                       ,238.29,49.217,237.83,49.76,90,100,0,0,0,0,0,0,0,0,15,5,0,1,0,0,1,0,0,1,0,0,1,0,0,0,-1,0,0,0,0,-1,1,0,-1,1,0,-1,1
inland BCaab                                                       ,237.83,49.76,235.6565,50.9465,90,100,0,0,0,0,0,0,0,0,15,5,0,1,0,0,1,0,0,1,0,0,1,0,0,0,-1,0,0,0,0,-1,1,0,-1,1,0,-1,1
inland BCab                                                        ,235.6565,50.9465,234.9056,51.2734,90,100,0,0,0,0,0,0,0,0,15,5,0,1,0,0,1,0,0,1,0,0,1,0,0,0,-1,0,0,0,0,-1,1,0,-1,1,0,-1,1
inland BCba                                                        ,234.9056,51.2734,232.7304,51.6691,90,100,0,0,0,0,0,0,0,0,15,5,0,1,0,0,1,0,0,1,0,0,1,0,0,0,-1,0,0,0,0,-1,1,0,-1,1,0,-1,1
inland BCbb                                                        ,232.7304,51.6691,229.815,51.159,90,100,0,0,0,0,0,0,0,0,15,5,0,1,0,0,1,0,0,1,0,0,1,0,0,0,-1,0,0,0,0,-1,1,0,-1,1,0,-1,1
