lon1,lat1,dep1,lon2,lat2,dep2,lon3,lat3,dep3,mesh_idx,strike_slip_rate,dip_slip_rate,strike_slip_rate_kinematic,dip_slip_rate_kinematic,strike_slip_coupling,dip_slip_coupling
232.06,49.636,0.0,232.155,49.468,0.0,232.174,49.619,-3.1,0,0.18849575579370376,0.4598910230216878,0.2602954489755387,30.157689689787404,0.7258765027245588,0.013740168565007146
232.411,49.299,-3.8,232.173,49.109,0.0,232.41500000000002,49.088,-2.1,0,4.731505032460777,2.591073927386033,6.163445888878277,28.23448517111372,0.7679749629940962,0.09091856842743813
234.663,43.131,0.0,234.711,42.959,0.0,234.957,43.141,-3.6,0,-4.120884862613552,20.311867516618694,-5.753253144631881,26.648095030181693,0.7163728594271872,0.7623826107378198
235.01600000000002,40.553,0.0,235.0,40.375,0.0,235.122,40.45,-3.7,0,-14.10786775810715,-9.29894387502003,-14.552263796520919,22.90103919578514,0.9694807396995673,-0.4064873552987042
234.215,47.089,-2.3,234.514,47.122,-4.8,234.43099999999998,47.282,-4.8,0,0.030957870176916123,27.52257460339526,0.1126404134677248,28.20769415478727,0.1323899657502342,0.9757133125973289
232.16500000000002,49.288,0.0,232.173,49.109,0.0,232.411,49.299,-3.8,0,-9.747086360033746,1.7986127329896597,-12.767840874925344,26.006674373948016,0.7632704098878359,0.06836133309018932
235.189,41.661,-4.5,234.916,41.672,-2.1,234.963,41.518,-2.0,0,-2.6395217769655046,16.031552832349877,-3.3965786139722915,26.56178689411707,0.7757471997574317,0.6034587109831815
235.236,41.503,-4.6,235.189,41.661,-4.5,234.963,41.518,-2.0,0,-5.396669497896374,16.04232098018794,-6.836627025557224,25.861875589678533,0.7888097838371786,0.6201798142392512
235.248,41.188,-4.2,235.276,41.348,-4.6,235.05200000000002,41.214,-2.0,0,-10.378415238271575,15.481838349722604,-11.34720234536475,24.140043865887286,0.9145601770031582,0.6411229288220155
234.951,42.568,-2.7,234.80700000000002,42.44,0.0,235.09699999999998,42.386,-4.2,0,-4.095874414170927,14.148854397390245,-6.157822918507787,26.462583520052263,0.6652200749346665,0.5349369770952249
235.269,40.744,-6.5,235.312,40.919,-6.5,235.058,40.907,0.0,0,-17.149385534598792,7.038287702226465,-17.646394252567312,20.261963016273448,0.9718449860534101,0.34688888103351545
234.047,47.495,-2.2,234.162,47.276,-2.5,234.334,47.443,-4.7,0,-0.9378500458247446,27.10504886358031,-3.2443797071599185,28.118920361950792,0.29311841458370896,0.96393955393839
235.269,40.744,-6.5,235.058,40.907,0.0,235.055,40.729,0.0,0,-12.549331068449767,5.643017919719467,-12.873472114034705,23.956767544375857,0.9748290782199017,0.23508705925708454
233.725,47.955,-2.3,233.893,48.09,-4.5,233.588,48.137,-2.0,0,0.6515047513619442,23.13229916603347,0.9877696073904225,28.482153219498613,0.6570444869483112,0.8119990245642834
234.162,47.276,-2.5,234.215,47.089,-2.3,234.43099999999998,47.282,-4.8,0,-0.3487532257302034,27.4269170345375,-2.4640209010801897,28.12928964289172,0.14806457926611435,0.9750306489411508
235.09300000000002,42.2,-4.3,234.862,42.16,-2.0,234.923,42.001,-2.4,0,-6.406712748455793,13.048254662419252,-9.516346991211424,25.17425042098334,0.6730712730701902,0.5185178804352781
234.957,43.141,-3.6,234.711,42.959,0.0,235.013,42.979,-4.2,0,-7.381413386092805,18.102950245813194,-10.697284047673982,25.055295524132553,0.6900886703972046,0.7226591421404285
232.155,49.468,0.0,232.16500000000002,49.288,0.0,232.411,49.299,-3.8,0,-9.439745936927295,0.7603697137452491,-12.489357840977778,26.172547011238308,0.7557289364269625,0.028006270842900503
235.13299999999998,42.007,-4.5,235.09300000000002,42.2,-4.3,234.923,42.001,-2.4,0,-6.558181685142229,13.097218021388688,-10.016827661759642,24.953304576592508,0.6544869037270076,0.5249965794357363
235.276,41.348,-4.6,235.036,41.366,-2.2,235.05200000000002,41.214,-2.0,0,-6.099391421159318,16.580329462567516,-6.793823066398836,25.81908067938884,0.8975750511475509,0.641978959029323
234.914,41.826,-2.0,235.166,41.851,-4.5,234.923,42.001,-2.4,0,-5.590618402123134,14.012925383967797,-8.08053782493116,25.608446963954016,0.6913880764360243,0.5472561927601999
233.488,48.49,-4.2,233.24200000000002,48.316,0.0,233.52100000000002,48.295,-2.7,0,5.053873058562065,18.462048668096987,7.0684174789731244,27.799927201840003,0.7150072334210449,0.6637775438972656
233.893,48.09,-4.5,233.786,48.221,-4.6,233.588,48.137,-2.0,0,4.807016460989609,21.294648721528418,7.002170553903415,27.695842792056443,0.6860593220078898,0.768641836223875
233.24200000000002,48.316,0.0,233.488,48.49,-4.2,233.265,48.528,-2.5,0,7.310679136949725,16.55464134186088,10.078778374749078,26.87450845365385,0.7253406151148443,0.6156397266673252
235.166,41.851,-4.5,235.13299999999998,42.007,-4.5,234.923,42.001,-2.4,0,-4.868678968038519,13.93638933894784,-7.338311689258855,25.843065644710336,0.6628902376489147,0.5393240443084026
232.74200000000002,48.885,-2.5,232.7,48.71,0.0,233.011,48.768,-3.0,0,11.347418197341026,8.645212703729396,14.866068880665493,24.65292131286255,0.7633356608185139,0.35027083005481524
234.663,43.131,0.0,234.957,43.141,-3.6,234.813,43.303,-2.4,0,-4.130543004640845,21.31676329526711,-5.7466209273976325,26.672868176963867,0.7187856425348744,0.7993062262538932
234.535,46.06,-2.0,234.82,45.899,-4.3,234.833,46.068,-4.7,0,-2.98248982351063,25.769920264924473,-7.94589873531439,26.750615200606276,0.37650440159020643,0.9633205924549373
234.73399999999998,45.343,-2.4,234.92700000000002,45.258,-4.5,234.878,45.435,-4.1,0,-8.07001585227032,24.526574039263906,-10.716335640624216,25.61826544859771,0.7530614410521314,0.9573900279475854
234.82,45.899,-4.3,234.535,46.06,-2.0,234.588,45.868,-2.1,0,-3.053623719243231,26.114911965390682,-7.121155219690909,26.98333631522248,0.4300051864836411,0.9678017962927384
234.73399999999998,45.343,-2.4,234.767,45.17,-2.6,234.92700000000002,45.258,-4.5,0,-8.14455079387845,24.714068637331998,-10.4196857550712,25.72587391746587,0.7816367185628914,0.9606780683164967
235.269,40.744,-6.5,235.055,40.729,0.0,235.239,40.568,-6.5,0,-15.7768940787964,0.17752275037308404,-16.18373521987885,21.669561491717364,0.9748716766272417,0.007652176370111271
234.80700000000002,42.44,0.0,234.911,42.282,-2.2,235.09699999999998,42.386,-4.2,0,-13.413165915565184,9.450128737239394,-20.032783702286054,18.092150225768897,0.669707587714328,0.5226837555393954
235.239,40.568,-6.5,235.055,40.729,0.0,235.01600000000002,40.553,0.0,0,-16.802220092858477,-2.5126510319557056,-17.231074554799715,20.739418118006732,0.9751234185816374,-0.1217448868619042
234.66899999999998,42.108,0.0,234.699,41.93,0.0,234.923,42.001,-2.4,0,-6.117822602069943,13.121132352877375,-8.560794646881948,25.52886346669346,0.7144205963872561,0.5142032425342842
234.711,42.959,0.0,234.921,42.84,-2.8,235.013,42.979,-4.2,0,-7.5615381354400695,17.021020367359654,-11.014042504084124,24.889461694071258,0.6866457908723697,0.6840466457540689
234.916,41.672,-2.1,235.189,41.661,-4.5,235.058,41.755,-3.4,0,-8.093117934724198,14.390429108492722,-10.93523493817331,24.43176100954568,0.7397935299206186,0.5889502027232065
234.862,42.16,-2.0,234.66899999999998,42.108,0.0,234.923,42.001,-2.4,0,-6.612340650079534,12.919475254338604,-9.425760658860252,25.227636495340796,0.7013891190961389,0.5123748496418189
235.036,41.366,-2.2,235.236,41.503,-4.6,234.963,41.518,-2.0,0,-3.490622108683471,16.72511922164371,-4.1587179202876605,26.41926772753024,0.8386003356589444,0.6329099216464598
232.7,48.71,0.0,232.918,48.602,0.0,233.011,48.768,-3.0,0,12.457578302520975,10.176102119164787,16.497778824260763,23.584148130242347,0.7551000251057364,0.4311216452019313
232.155,49.468,0.0,232.34300000000002,49.605,-6.5,232.174,49.619,-3.1,0,3.8747706593615754,0.08655207304480762,5.321564158358356,29.20083612911558,0.7281521918856826,0.0014435214700708695
233.918,47.343,0.0,234.162,47.276,-2.5,234.047,47.495,-2.2,0,-0.6426300826533958,27.299523904517102,-2.6477854209405436,28.254553212433116,0.2473849945444765,0.9661919581506588
234.951,42.568,-2.7,235.09699999999998,42.386,-4.2,235.112,42.551,-4.7,0,-5.67050821030368,13.743969004539636,-8.864105926045244,25.573000588450874,0.6397827875810121,0.537640005731974
234.514,47.122,-4.8,234.215,47.089,-2.3,234.377,46.998,-3.3,0,-0.13136978866184226,27.47321250586062,-2.492253267892746,28.073218588548507,0.05997655096886331,0.9786291775283147
234.837,45.75,-4.2,234.82,45.899,-4.3,234.588,45.868,-2.1,0,-4.089362860600698,25.701155067191742,-7.918258624859135,26.71990081293059,0.5171762656956475,0.9618577494121846
234.047,47.495,-2.2,234.334,47.443,-4.7,234.225,47.622,-4.5,0,-0.2007105599903724,26.961118456912406,-0.5392417554910445,28.339039998893334,0.39367982970644155,0.9513689338626078
234.334,47.443,-4.7,234.162,47.276,-2.5,234.43099999999998,47.282,-4.8,0,0.09507116080930772,27.366600136261486,0.3188369470006176,28.264956284638778,0.25466609861936823,0.9682150525709418
234.90300000000002,45.053,-4.2,234.767,45.17,-2.6,234.709,44.938,-1.9,0,-10.292116603708775,23.800424158725736,-12.517560228720868,24.719908299179338,0.8221680708419218,0.9628153853914647
234.92700000000002,45.258,-4.5,235.1,45.327,-6.5,234.878,45.435,-4.1,0,-7.8150273975151805,24.235898355668226,-10.668064877876397,25.61820508514338,0.7324890351552829,0.9460347895280575
234.933,43.458,-4.2,234.813,43.303,-2.4,235.003,43.296,-4.7,0,-5.737379091161514,21.567948804148497,-8.154794507356801,26.04865740951317,0.7034602113687368,0.8280437351903233
234.921,42.84,-2.8,235.201,42.842,-6.5,235.013,42.979,-4.2,0,-6.522169453488079,16.14222548700331,-10.053707251159508,25.243682368200126,0.6487674982261705,0.6395723813416648
234.643,45.671,-2.1,234.837,45.75,-4.2,234.588,45.868,-2.1,0,-3.1966622843349026,26.369258775121846,-5.59161602435486,27.310150615482193,0.572514315477945,0.9655373884226321
232.74200000000002,48.885,-2.5,233.011,48.768,-3.0,232.97899999999998,48.929,-4.8,0,11.434323495519463,6.965955477875075,14.938700555609774,24.613234863165662,0.7653985544005618,0.2824885086134336
233.95,47.654,-2.2,234.047,47.495,-2.2,234.225,47.622,-4.5,0,0.8534656227271648,26.673223534692333,1.9560153428949079,28.303346339624788,0.43146163078689553,0.9423873018389577
234.422,46.406,-2.0,234.638,46.35,-3.6,234.566,46.524,-3.5,0,-0.06450562970513278,27.05610658794774,-4.017349702090101,27.72910426579771,0.020475252742574623,0.9757214377923537
234.74,43.733,-2.4,234.52100000000002,43.652,0.0,234.736,43.555,-2.3,0,-9.449274438565737,22.60738122903715,-12.001059757022727,24.58274135572757,0.7873565158134608,0.9196961889377812
234.767,45.17,-2.6,234.566,45.053,0.0,234.709,44.938,-1.9,0,-11.041168811581516,23.633094190888706,-13.178566854328125,24.419246358979436,0.8378086825473795,0.9678238663243814
235.236,41.503,-4.6,235.036,41.366,-2.2,235.276,41.348,-4.6,0,-5.299160222965595,16.7607632812228,-6.1817491656743435,25.99167771177052,0.8568163806958603,0.644680837184337
234.638,46.35,-3.6,234.736,46.461,-4.7,234.566,46.524,-3.5,0,-0.12087760252112122,26.945138836628775,-3.9702024207850144,27.726540843189007,0.03467091373320277,0.9718091255633595
234.909,44.529,-3.8,235.123,44.617,-6.5,234.95999999999998,44.719,-4.4,0,-10.234125350482708,22.99726957029286,-13.032579731022,24.317886307109106,0.7851012380510576,0.9456842033139052
233.786,48.221,-4.6,233.52100000000002,48.295,-2.7,233.588,48.137,-2.0,0,4.743857997146472,20.56129326476078,6.825363025223188,27.768346853747854,0.6947850031780454,0.7401849402561009
234.12900000000002,47.77,-4.4,234.024,47.926,-4.5,233.84199999999998,47.804,-2.3,0,2.7416492155017465,24.888812799508138,4.690014497643047,28.024713964983263,0.5831009342991156,0.8880398651135873
234.813,43.303,-2.4,234.933,43.458,-4.2,234.756,43.43,-2.3,0,-2.524810153319111,23.136691247101673,-3.4685484400423547,27.07036715654523,0.7277595333906304,0.8547579384531205
235.201,42.842,-6.5,234.921,42.84,-2.8,235.048,42.708,-4.3,0,-6.4465926721304205,15.313730703295965,-10.0338255773761,25.224836727798177,0.6425496233673598,0.6072259460305427
233.50900000000001,48.004,0.0,233.725,47.955,-2.3,233.588,48.137,-2.0,0,1.2590817305046083,23.611746217162466,1.9747042225045437,28.560979192211704,0.6369536199489396,0.8265528016767258
234.248,46.938,-2.1,234.061,46.813,0.0,234.32,46.758,-2.1,0,0.22794372506238905,27.529500081599164,-2.7649789621941494,28.033844525291812,-0.0751536942070271,0.9820063282894681
234.628,44.53,0.0,234.909,44.529,-3.8,234.791,44.646,-2.2,0,-10.781244277591561,23.586134541219288,-12.723841045096911,24.525623662625797,0.847253958805563,0.9617020192211441
233.95,47.654,-2.2,234.12900000000002,47.77,-4.4,233.84199999999998,47.804,-2.3,0,2.917722485456357,25.442966187146798,5.524159526888034,27.862735742415634,0.5269000688960253,0.9131091973700344
232.57999999999998,49.168,-4.2,232.411,49.299,-3.8,232.41500000000002,49.088,-2.1,0,5.54636721926617,1.92134706754226,7.209403335267973,27.95620391518807,0.7694977614280643,0.06783436301905763
234.839,44.265,-2.7,235.12,44.262,-6.5,234.936,44.401,-4.1,0,-8.638275821177654,23.514146713864463,-11.387919578678872,25.081248392242536,0.7583598840788285,0.9375148016858812
234.723,46.182,-4.0,234.535,46.06,-2.0,234.833,46.068,-4.7,0,-1.5775923110471455,26.459027019686733,-5.4894279326663735,27.39455877309024,0.2893855126836804,0.9658315027141415
234.12900000000002,47.77,-4.4,233.95,47.654,-2.2,234.225,47.622,-4.5,0,0.6180904139673068,26.23466777242736,1.2125870320405756,28.35559133668238,0.5021848519009843,0.9251781168808698
234.061,46.813,0.0,234.125,46.639,0.0,234.32,46.758,-2.1,0,0.357869618319066,27.42005088875043,-3.5780369118728963,27.920502977108605,-0.09423542138561472,0.9820706609434839
234.93,43.644,-4.4,235.13299999999998,43.729,-6.5,234.924,43.814,-4.4,0,-7.970105336826716,21.76735476383267,-11.68207815752967,24.695079570826152,0.6820823457178832,0.8814536262750078
234.72,41.577,0.0,234.805,41.409,0.0,234.963,41.518,-2.0,0,-0.5554557131003951,15.962040160109533,-0.6640639799012362,26.791344948651847,0.8315055402808031,0.5956583767155301
234.791,44.646,-2.2,234.909,44.529,-3.8,234.95999999999998,44.719,-4.4,0,-10.930725205088859,23.131985787717458,-13.298750828710283,24.204534754266838,0.8218243073037128,0.9556892101830138
234.911,42.282,-2.2,234.862,42.16,-2.0,235.09300000000002,42.2,-4.3,0,-11.940501745334231,10.390123931687581,-17.831312315286933,20.16267862086887,0.6697278190304478,0.5155993761376234
234.909,44.529,-3.8,234.628,44.53,0.0,234.773,44.422,-2.0,0,-11.24584915675472,23.23694714637883,-13.312227519267356,24.186283771737138,0.8447049144233064,0.9607572587775217
234.628,44.35,0.0,234.635,44.171,0.0,234.839,44.265,-2.7,0,-9.884701707155516,23.91066485705642,-11.738814406653095,24.933595023727783,0.8419956520236833,0.9589887142294012
235.12,44.262,-6.5,234.839,44.265,-2.7,234.987,44.147,-5.0,0,-12.427751635451143,20.185315559293716,-16.86665785290567,21.69852695230346,0.7366607985139182,0.930251738702781
234.52100000000002,43.652,0.0,234.519,43.473,0.0,234.736,43.555,-2.3,0,-10.343790532432713,21.948069674908695,-13.0200371450529,24.036320053757294,0.7944669053916283,0.9131878089404686
235.314,42.136,-6.5,235.281,42.312,-6.5,235.09300000000002,42.2,-4.3,0,-4.5849338928304775,13.225091823039707,-7.833904871717472,25.755404152909236,0.5849268996499051,0.5135392813584099
234.588,43.302,0.0,234.663,43.131,0.0,234.813,43.303,-2.4,0,-1.49102165772765,22.698452045673967,-1.9965326252692073,27.224410512490145,0.7469426074950436,0.8338803730398163
234.535,46.06,-2.0,234.348,45.937,0.0,234.588,45.868,-2.1,0,-2.9181802941145234,26.27894980295705,-7.183846943743486,26.993048986014074,0.40762933750330194,0.9735348405656916
234.711,42.959,0.0,234.716,42.779,0.0,234.921,42.84,-2.8,0,-8.4043989475361,16.358104020153952,-11.98823370436003,24.417754575609983,0.701221581776398,0.6701816993389333
234.535,43.831,0.0,234.74,43.733,-2.4,234.755,43.911,-2.5,0,-10.859579393292613,22.324648246242678,-13.556315251200036,23.817626580533563,0.801031949370662,0.9373496770921619
235.189,41.661,-4.5,235.389,41.785,-6.5,235.166,41.851,-4.5,0,-6.346051710524491,14.264748010686695,-9.48714742351353,25.03304101469253,0.6683623754000703,0.569750373226053
234.93,43.644,-4.4,234.74,43.733,-2.4,234.736,43.555,-2.3,0,-8.946274082697748,22.258852248800064,-11.910370485693733,24.601268986203344,0.7510741017127253,0.9048238052102331
234.537,45.231,0.0,234.566,45.053,0.0,234.767,45.17,-2.6,0,-7.131561373345567,25.600866184040687,-8.627078431896525,26.40353006989485,0.8266898154672528,0.9696185078656439
235.122,44.439,-6.5,235.123,44.617,-6.5,234.909,44.529,-3.8,0,-9.525279517859895,22.925020365646645,-12.650325465433546,24.484136968738525,0.7527498497326218,0.936305394580125
234.699,41.93,0.0,234.708,41.752,0.0,234.914,41.826,-2.0,0,-8.43926249334906,13.071066700099358,-11.45414891179669,24.290739560329776,0.7366177304446164,0.5382244282581767
234.563,44.873,0.0,234.588,44.699,0.0,234.78199999999998,44.79,-2.1,0,-7.925160557349826,25.285473727801822,-9.122826355551133,26.097798585076525,0.8686888728883009,0.9688910780254273
233.011,48.768,-3.0,233.209,48.92,-6.5,232.97899999999998,48.929,-4.8,0,10.883521035258571,6.557668690871758,14.333722815572589,24.969493602987427,0.7592298358699794,0.26201230499229766
232.489,48.823,0.0,232.7,48.71,0.0,232.74200000000002,48.885,-2.5,0,11.985492062384191,8.094421330971581,15.68322915715866,24.154545977971562,0.7642865999970022,0.33472808527626896
233.52100000000002,48.295,-2.7,233.786,48.221,-4.6,233.685,48.379,-4.9,0,4.362345475194031,19.261427116052086,6.112018969091689,27.933406726468114,0.7134454861517504,0.6892125296907569
234.916,41.672,-2.1,234.72,41.577,0.0,234.963,41.518,-2.0,0,-2.8035575622797,15.701439494552158,-3.5059709009818825,26.565960947924417,0.7986000898959282,0.5909466682033208
234.477,46.235,-2.0,234.535,46.06,-2.0,234.723,46.182,-4.0,0,-0.9512397239053231,26.856766304364555,-4.310756033298222,27.63129113522463,0.2237081994646876,0.9719550377913729
235.126,44.795,-6.5,235.125,44.972,-6.5,234.911,44.883,-3.8,0,-9.572297708684484,23.303491430957223,-12.373526884468095,24.724893286481496,0.773419440593743,0.9424958663017025
234.805,41.409,0.0,234.872,41.236,0.0,235.036,41.366,-2.2,0,-2.912505028529823,16.26235401634239,-3.273622132752905,26.555499404159157,0.8891902908542091,0.6121943149967731
234.813,43.303,-2.4,234.957,43.141,-3.6,235.003,43.296,-4.7,0,-3.8692469998526446,21.256398122022798,-5.555669057056079,26.71336844930004,0.6963165448150023,0.7957946600659952
234.477,46.235,-2.0,234.289,46.112,0.0,234.535,46.06,-2.0,0,-0.9858424667256773,26.964790199310496,-4.389220752598192,27.631376313090065,0.2277714578181048,0.9758641182526748
233.688,47.666,0.0,233.804,47.505,0.0,233.95,47.654,-2.2,0,1.6781074953858308,26.362043610838832,3.9796118416042034,28.127356863843172,0.42010055969733995,0.9372033703073304
234.498,45.408,0.0,234.537,45.231,0.0,234.73399999999998,45.343,-2.4,0,-5.628999407195914,26.07192294560235,-7.168186288829563,26.86748674145725,0.7854371285762288,0.9704040379184264
235.17700000000002,43.019,-6.5,235.159,43.196,-6.5,234.957,43.141,-3.6,0,-6.442149313068188,17.939606954380018,-9.998058354021303,25.342000902420814,0.6442284570487422,0.7079357354517282
233.50900000000001,48.004,0.0,233.589,47.833,0.0,233.725,47.955,-2.3,0,-0.8088972250904085,24.572745074455106,-1.3608615275326734,28.532700966829687,0.5955548653517189,0.8610973823468355
235.389,41.785,-6.5,235.35,41.961,-6.5,235.166,41.851,-4.5,0,-4.273710091990119,14.040100305220207,-6.97613604836679,25.879468671808233,0.6117009552586997,0.5424390771087187
234.125,46.639,0.0,234.36700000000002,46.584,-2.0,234.32,46.758,-2.1,0,0.4000187138269847,27.273926545683864,-4.357289146022307,27.780349996074513,-0.08701644343131355,0.98176584834791
234.535,43.831,0.0,234.52100000000002,43.652,0.0,234.74,43.733,-2.4,0,-11.827184296676306,21.663498671067394,-14.590665596936013,23.174649941802492,0.8105845564345401,0.934836337241339
233.918,47.343,0.0,233.957,47.165,0.0,234.162,47.276,-2.5,0,-1.1240316691889116,26.5767466841127,-7.389696149126692,27.334874514382733,0.15410842220141788,0.9722613081575104
234.399,45.761,0.0,234.451,45.585,0.0,234.643,45.671,-2.1,0,-3.342995220314793,26.6291482654753,-5.291102749309083,27.374103948100625,0.6326780958028856,0.9727855583886652
234.125,46.639,0.0,234.17700000000002,46.463,0.0,234.36700000000002,46.584,-2.0,0,0.4181627749622261,27.069657257119125,-5.367141464253095,27.58148270843799,-0.07399918949118445,0.9814365143788762
233.997,46.987,0.0,234.061,46.813,0.0,234.248,46.938,-2.1,0,0.22643169302625096,27.446272341931888,-3.596972966410654,27.969890446072426,-0.05748315523447831,0.981274965493676
235.423,41.609,-6.5,235.389,41.785,-6.5,235.189,41.661,-4.5,0,-5.237147221834032,14.874836834482393,-7.6693425188201445,25.612557760201312,0.6820817210416287,0.5806316126147297
234.289,46.112,0.0,234.348,45.937,0.0,234.535,46.06,-2.0,0,-1.359821967117402,26.96916213360901,-4.27903108880815,27.632069746262708,0.3205715913954051,0.9759986946036069
234.23000000000002,46.287,0.0,234.289,46.112,0.0,234.477,46.235,-2.0,0,-0.6152034721586185,27.067611244908726,-4.29472633334737,27.67604383886738,0.14700039401533985,0.9780056169138839
232.918,48.602,0.0,233.183,48.63,-2.8,233.011,48.768,-3.0,0,9.509604357495613,11.702685545028466,12.655533088501175,25.871073026109187,0.7514338036610342,0.45196295961455424
235.13299999999998,42.007,-4.5,235.314,42.136,-6.5,235.09300000000002,42.2,-4.3,0,-6.020035191109085,13.0045372939566,-9.871744773474333,25.009858853470035,0.6095453009552013,0.5200395221684119
234.951,41.067,0.0,235.184,41.056,-3.3,235.05200000000002,41.214,-2.0,0,-5.858112098943168,15.165440866089842,-6.181106892535745,26.04535482830383,0.9476771033528364,0.582009313105624
234.519,43.473,0.0,234.588,43.302,0.0,234.756,43.43,-2.3,0,-2.181959623497956,23.97223305806117,-2.820341283866018,27.18948186436657,0.7737826378704359,0.8817753490918178
232.918,48.602,0.0,233.089,48.464,0.0,233.183,48.63,-2.8,0,8.206131430807215,14.192293810858137,11.089276461715471,26.541276749449516,0.7400720898082939,0.5344150755944208
232.309,48.956,0.0,232.489,48.823,0.0,232.57299999999998,48.99,-2.5,0,9.223133854279636,6.361408069163023,12.007034009717934,26.229755018191966,0.7683191577486985,0.24205798756384642
232.848,49.185,-6.5,232.678,49.324,-6.5,232.57999999999998,49.168,-4.2,0,8.271951401523216,0.7044015573923853,10.873978277494484,26.724310186390106,0.7606895827091348,0.025389682652937416
232.678,49.324,-6.5,232.50900000000001,49.463,-6.5,232.411,49.299,-3.8,0,8.095415638665981,-0.21125500346531725,10.74607738158383,26.871156812147294,0.7533151528883273,-0.009066389068777578
235.35,41.961,-6.5,235.314,42.136,-6.5,235.13299999999998,42.007,-4.5,0,-4.323312397921421,13.455225414037487,-7.37516706809539,25.818767038375967,0.5855367128375122,0.5211263847521612
235.14600000000002,43.373,-6.5,235.14,43.551,-6.5,234.933,43.458,-4.2,0,-7.633059266310778,20.02941579053289,-11.683512671815421,24.622571430543182,0.6531524354026697,0.8134628614485049
234.708,41.752,0.0,234.916,41.672,-2.1,234.914,41.826,-2.0,0,-10.368508263494883,12.884199449919642,-13.845818621393498,22.96918893745307,0.7487411446554676,0.5609776524226442
234.893,46.74,-6.5,234.832,46.913,-6.5,234.64600000000002,46.791,-4.8,0,-0.23140201302589453,26.87292002594552,-3.6174840021443053,27.829823502789772,0.06849387995831771,0.9656202545902173
234.971,46.389,-6.5,234.94299999999998,46.566,-6.5,234.736,46.461,-4.7,0,-0.769317591179321,25.395070887585486,-8.551007187408672,26.63562006933349,0.091654195429005,0.9534143296146842
235.125,44.972,-6.5,235.113,45.15,-6.5,234.90300000000002,45.053,-4.2,0,-8.284864884303417,23.965309518546654,-10.836075560453157,25.446695612066414,0.7643713820111854,0.9417708044733405
234.688,47.254,-6.5,234.594,47.42,-6.5,234.43099999999998,47.282,-4.8,0,0.40224754300734517,27.075506745359256,1.2584484272116487,28.17627695348748,0.30874676433978215,0.9609336343532516
234.49200000000002,47.584,-6.5,234.389,47.747,-6.5,234.225,47.622,-4.5,0,1.3446530730284814,25.995760714659152,2.5567585396256494,28.214012024088866,0.5215252195779175,0.921361055660839
234.389,47.747,-6.5,234.287,47.911,-6.5,234.12900000000002,47.77,-4.4,0,1.4147313360384925,24.938227110677794,2.32616986191597,28.285730138124492,0.6040731774242545,0.8816126976938664
234.287,47.911,-6.5,234.173,48.072,-6.5,234.024,47.926,-4.5,0,2.652247629049785,23.192325593504293,3.9731964632027594,28.13718633665774,0.6655891252922705,0.8241571961481218
234.769,47.085,-6.5,234.688,47.254,-6.5,234.514,47.122,-4.8,0,-0.11675619665913914,27.221628819694022,-0.6362781256636438,28.14931118734394,0.20732514646417877,0.9670491811969543
234.594,47.42,-6.5,234.49200000000002,47.584,-6.5,234.334,47.443,-4.7,0,1.0055193027648905,26.677998046065717,2.3863240108206636,28.15859881741011,0.41610507368958166,0.9474137713772496
234.04500000000002,48.227,-6.5,233.902,48.378,-6.5,233.786,48.221,-4.6,0,5.679910383171042,18.463342229338032,7.8356951295994755,27.403248223536018,0.7243200744224257,0.6734219805299317
232.57999999999998,49.168,-4.2,232.678,49.324,-6.5,232.411,49.299,-3.8,0,5.768834148834275,0.6410169880642651,7.5573924081278685,27.890542296335774,0.763399525114079,0.021955478927245715
234.389,47.747,-6.5,234.12900000000002,47.77,-4.4,234.225,47.622,-4.5,0,0.6654771717871016,25.86313280666384,1.205258687276487,28.33257499202154,0.5437337192508186,0.9128174403911508
234.708,41.752,0.0,234.72,41.577,0.0,234.916,41.672,-2.1,0,-8.568412373835315,13.861090332325828,-11.017554248106052,24.459547213147147,0.777515332845472,0.5666855103631875
234.893,46.74,-6.5,234.64600000000002,46.791,-4.8,234.70600000000002,46.618,-4.8,0,-0.08873869312011404,26.91256953283037,-3.7912056029689936,27.788761471327724,0.027874359149523513,0.9684707229476434
234.769,47.085,-6.5,234.514,47.122,-4.8,234.595,46.953,-4.9,0,-0.3123721854627678,27.230243259694493,-2.6304833059278927,28.008223111168363,0.12521314699244512,0.9722290240924034
235.1,45.327,-6.5,235.086,45.504,-6.5,234.878,45.435,-4.1,0,-7.355941739518813,24.082511750201075,-10.546287990373969,25.683261200286722,0.6974156776464698,0.9376567954029545
233.739,48.518,-6.5,233.56799999999998,48.656,-6.5,233.488,48.49,-4.2,0,8.350948529666862,13.126134809546501,11.317032167131579,26.312326781660584,0.7377172468378289,0.4982723534333217
235.405,41.082,-6.5,235.44799999999998,41.256,-6.5,235.248,41.188,-4.2,0,-16.310301181141426,12.486282036631916,-17.6227391820579,19.94347340827586,0.925521966511317,0.6258370266934958
235.04399999999998,45.859,-6.5,235.02100000000002,46.036,-6.5,234.82,45.899,-4.3,0,-4.1103379206931,24.686391500928245,-9.261301568573714,26.290358862876403,0.44437323808056317,0.9389552749420126
235.065,45.682,-6.5,235.04399999999998,45.859,-6.5,234.837,45.75,-4.2,0,-5.282289895086279,24.516070008322597,-9.547008878855486,26.150589298529255,0.5535560592962889,0.9374654648929522
235.086,45.504,-6.5,235.065,45.682,-6.5,234.858,45.586,-4.2,0,-6.106083462853984,24.456159288657506,-9.558849810504999,26.101046950428987,0.6388349409508164,0.9369570884156975
234.36700000000002,46.584,-2.0,234.17700000000002,46.463,0.0,234.422,46.406,-2.0,0,0.21582464512848978,27.081979715832702,-4.979676567375023,27.623897896771084,-0.03929667989368614,0.9803753813462986
234.17700000000002,46.463,0.0,234.23000000000002,46.287,0.0,234.422,46.406,-2.0,0,-0.024553653373133096,27.010667230124678,-5.209270656577932,27.563611076643625,0.008445772356460815,0.9799309251207272
235.451,41.433,-6.5,235.423,41.609,-6.5,235.236,41.503,-4.6,0,-6.576542786850291,15.665269498467842,-8.498279341693689,25.301721776072633,0.7733717519487838,0.6189754701587805
234.334,47.443,-4.7,234.49200000000002,47.584,-6.5,234.225,47.622,-4.5,0,-0.4184524644251537,26.66181452678735,-0.9708330199675892,28.276313481608952,0.4435828444301762,0.9428959263425969
234.858,45.586,-4.2,235.065,45.682,-6.5,234.837,45.75,-4.2,0,-5.716724393893679,24.822285530479725,-9.341593301039975,26.212017363355542,0.6121775821575648,0.9469626998960426
235.405,41.082,-6.5,235.248,41.188,-4.2,235.184,41.056,-3.3,0,-12.045980747729555,14.092736949130055,-12.746662974542115,23.44137554383758,0.945011583934114,0.6009397875750352
234.399,45.761,0.0,234.643,45.671,-2.1,234.588,45.868,-2.1,0,-3.220015871731174,26.535395219367462,-5.6688079559713,27.311384989363262,0.5690404870651007,0.9715813448415671
234.575,44.008,0.0,234.535,43.831,0.0,234.755,43.911,-2.5,0,-14.62390735027666,19.81851333075105,-17.753060868673362,20.90979357382079,0.8236991791219038,0.9478331471787433
234.80700000000002,42.44,0.0,234.709,42.284,0.0,234.911,42.282,-2.2,0,-16.210416598164535,6.953156329968788,-23.338377960061216,13.470082703783008,0.6947524685757643,0.5167143467294235
235.35,41.961,-6.5,235.13299999999998,42.007,-4.5,235.166,41.851,-4.5,0,-4.523565658821175,13.884125706173696,-7.263770139264704,25.832988759859745,0.6220278787726459,0.5374383823877814
234.725,42.6,0.0,234.80700000000002,42.44,0.0,234.951,42.568,-2.7,0,-0.26497562491096915,14.998596759341357,-0.38514879261466817,27.177369315363755,0.6885700364263412,0.5521853137362943
234.498,45.408,0.0,234.73399999999998,45.343,-2.4,234.674,45.523,-2.1,0,-6.174212986454746,25.735842248230867,-8.235316592322128,26.56886975698267,0.749918796543475,0.9686565841314256
234.23000000000002,46.287,0.0,234.477,46.235,-2.0,234.422,46.406,-2.0,0,-0.30824993337988355,27.03343058279387,-4.648457254933202,27.63369270892499,0.0701251604475662,0.9782684036700035
235.04399999999998,45.859,-6.5,234.82,45.899,-4.3,234.837,45.75,-4.2,0,-4.115215141832934,25.30296775349,-8.002602369516207,26.692482531094228,0.5147608467167214,0.9479176012288483
234.839,44.265,-2.7,234.635,44.171,0.0,234.787,44.08,-2.7,0,-15.343984484181215,19.172182452558957,-18.763013271868964,20.1328739537424,0.8177039032504941,0.9522879198402336
234.858,45.586,-4.2,234.643,45.671,-2.1,234.674,45.523,-2.1,0,-4.937721905653639,25.888229487470902,-7.35827882204152,26.856472683219764,0.6713741972009576,0.963945349082726
234.643,45.671,-2.1,234.858,45.586,-4.2,234.837,45.75,-4.2,0,-5.9061914581262185,25.15569365202561,-9.416213858789742,26.199489829509567,0.6275743710603704,0.9601519207589507
234.588,43.302,0.0,234.813,43.303,-2.4,234.756,43.43,-2.3,0,-2.5850575752845217,23.24934249676525,-3.44638571702961,27.090641111315072,0.7500942882346869,0.8583042970843456
235.423,41.609,-6.5,235.189,41.661,-4.5,235.236,41.503,-4.6,0,-5.14105412898194,15.75720409714073,-6.868392508739728,25.82510870935024,0.7477768462451113,0.6100101755907843
235.048,42.708,-4.3,234.951,42.568,-2.7,235.112,42.551,-4.7,0,-4.783818298390861,14.557984806504653,-7.428889257854138,26.068696702063228,0.6440400841308913,0.558639002340482
235.09300000000002,42.2,-4.3,235.281,42.312,-6.5,235.09699999999998,42.386,-4.2,0,-8.532144247636456,11.915453107513843,-13.99238071452481,23.041222145663923,0.609773655640391,0.5172648139584081
234.348,45.937,0.0,234.399,45.761,0.0,234.588,45.868,-2.1,0,-2.6846642557986367,26.68478411306972,-5.447437830981549,27.389868833824835,0.4942932503159677,0.9742501093080778
233.957,47.165,0.0,233.997,46.987,0.0,234.215,47.089,-2.3,0,-0.16672623983764528,26.71576088810581,-7.2314245095810925,27.29945775181951,0.02558155571661873,0.9786158635765968
233.209,48.92,-6.5,233.011,48.768,-3.0,233.2,48.754,-4.4,0,10.019317173172382,7.960548149740135,13.25590925881891,25.541742766214604,0.7557741879653228,0.3110768429122135
234.911,42.282,-2.2,234.709,42.284,0.0,234.862,42.16,-2.0,0,-12.503167427818958,10.22681091607869,-18.02286642436147,20.034920725115406,0.6938598758272175,0.5108344509371122
235.13299999999998,43.729,-6.5,235.128,43.906,-6.5,234.924,43.814,-4.4,0,-7.700333593305675,21.585270512804335,-11.81967207255823,24.642749130342942,0.6512626253491968,0.875921925730294
233.24200000000002,48.316,0.0,233.376,48.16,0.0,233.52100000000002,48.295,-2.7,0,4.317117247446911,20.406978248967857,6.246285400965418,27.9712931227682,0.6912492802815257,0.7293172904290589
235.086,45.504,-6.5,234.858,45.586,-4.2,234.878,45.435,-4.1,0,-5.233743714271091,25.297634990121903,-7.656432763323167,26.725103785232776,0.6835926160837388,0.9465749128021823
234.594,47.42,-6.5,234.334,47.443,-4.7,234.43099999999998,47.282,-4.8,0,0.05674233443071753,27.11909673128924,0.13101801402915747,28.232011169031864,0.32859540027914746,0.9605791338804746
234.643,45.671,-2.1,234.451,45.585,0.0,234.674,45.523,-2.1,0,-5.03276747454412,26.03697008522132,-7.430420991265223,26.839952358390626,0.6777718420751653,0.970085180823726
235.125,44.972,-6.5,234.90300000000002,45.053,-4.2,234.911,44.883,-3.8,0,-4.871259382746578,25.642198359840087,-6.150269997911277,26.99380625552603,0.7917480425400574,0.9499244665545622
234.94299999999998,46.566,-6.5,234.893,46.74,-6.5,234.70600000000002,46.618,-4.8,0,-0.2878818863603419,26.414741214992915,-5.23567774683805,27.525204994061845,0.05795797382480917,0.9596549608938867
234.997,46.213,-6.5,234.723,46.182,-4.0,234.833,46.068,-4.7,0,-1.4989915235799331,26.074015802214827,-5.677463557682035,27.344882484184325,0.2657910584744341,0.9534990361413069
234.73399999999998,45.343,-2.4,234.537,45.231,0.0,234.767,45.17,-2.6,0,-8.341382742221047,24.90481195784794,-10.43028632575328,25.74500100127119,0.799776289641209,0.9673802032239471
235.14,43.551,-6.5,235.13299999999998,43.729,-6.5,234.93,43.644,-4.4,0,-7.507055082773728,21.001383827232086,-11.546372903474559,24.72330467395509,0.6499661414040607,0.8494556714513107
235.184,41.056,-3.3,235.248,41.188,-4.2,235.05200000000002,41.214,-2.0,0,-9.155903166211454,15.218161554994659,-9.7424706119536,24.81900696947288,0.9397487085395662,0.6129249320842372
234.12900000000002,47.77,-4.4,234.287,47.911,-6.5,234.024,47.926,-4.5,0,2.971286214723279,24.327401051515956,4.783718223667632,27.99640425344148,0.6194058467169262,0.8688835946458388
233.997,46.987,0.0,234.248,46.938,-2.1,234.215,47.089,-2.3,0,0.06347048491291504,27.43636914223379,-3.6170226416588314,27.98085635505504,-0.012309696931440278,0.9805384762516787
234.911,44.883,-3.8,234.90300000000002,45.053,-4.2,234.709,44.938,-1.9,0,-4.615583892714859,26.030886165843356,-5.594571980370116,27.103086499930527,0.8248278230031677,0.960447576398494
234.514,47.122,-4.8,234.688,47.254,-6.5,234.43099999999998,47.282,-4.8,0,0.059102826727289,27.310808177546278,0.20061320494826695,28.18176415590316,0.21991316528820917,0.9690983411270815
234.162,47.276,-2.5,233.957,47.165,0.0,234.215,47.089,-2.3,0,-0.27492053746592077,27.459248937002837,-3.034669975294708,28.12129529456727,0.09590935063233579,0.9764545506890487
235.058,40.907,0.0,235.312,40.919,-6.5,235.184,41.056,-3.3,0,-11.558826709282494,11.689724434845505,-11.965738272459252,24.246129411763413,0.9659926660802864,0.48179201433758473
233.089,48.464,0.0,233.24200000000002,48.316,0.0,233.265,48.528,-2.5,0,6.298908691525108,17.15202966949607,8.726561298890154,27.383203119423612,0.7219203931306406,0.6260837851681181
234.832,46.913,-6.5,234.769,47.085,-6.5,234.595,46.953,-4.9,0,-0.38827693894476417,27.01957452350634,-3.2962077720372385,27.910827547428283,0.12282427642816994,0.9680744239418636
235.239,40.568,-6.5,235.01600000000002,40.553,0.0,235.122,40.45,-3.7,0,-16.083403837118126,-6.604752833599681,-16.552859446400277,21.267651522375026,0.9716530597176498,-0.3110619848936478
234.924,43.814,-4.4,235.128,43.906,-6.5,234.933,43.993,-4.4,0,-9.477336284837412,21.337406905836986,-13.742669961408048,23.659850473847406,0.6894520811412085,0.9018396416578102
233.688,47.666,0.0,233.95,47.654,-2.2,233.84199999999998,47.804,-2.3,0,2.6258464357001405,25.697068457081155,5.346772086689542,27.926837483940055,0.49006825704890605,0.9201073162810596
234.511,46.679,-3.5,234.64600000000002,46.791,-4.8,234.44,46.87,-3.4,0,0.17127233357648908,27.042827754768382,-4.979099990131061,27.642938158409663,-0.03043181973868944,0.9782918898915758
234.951,41.067,0.0,235.058,40.907,0.0,235.184,41.056,-3.3,0,2.4945831039998962,13.731452601081335,2.5944065176441597,26.722771657704705,0.9616990796331064,0.5135889688016682
234.699,41.93,0.0,234.914,41.826,-2.0,234.923,42.001,-2.4,0,-5.996921866096038,13.60196050148414,-8.396336737155849,25.545487616406113,0.7138983679723745,0.5325956073534738
234.839,44.265,-2.7,234.787,44.08,-2.7,234.987,44.147,-5.0,0,-14.521218374109953,18.914919376288132,-18.70609183110873,20.098394595333104,0.7761713124169851,0.9411136913283954
233.804,47.505,0.0,234.047,47.495,-2.2,233.95,47.654,-2.2,0,0.7340383172248147,26.832123576281504,1.8796859736879519,28.32570391103272,0.38604305550780127,0.9472496992614445
232.848,49.185,-6.5,232.57999999999998,49.168,-4.2,232.813,49.027,-4.7,0,8.210096616972846,2.1127329358445763,10.711849399632385,26.764982077009428,0.7664622346254294,0.07811805862026126
234.74,43.733,-2.4,234.93,43.644,-4.4,234.924,43.814,-4.4,0,-8.641398884403355,22.391533757802495,-11.750551979463811,24.69368590007624,0.7353054223718876,0.9067978758215558
235.201,42.842,-6.5,235.17700000000002,43.019,-6.5,235.013,42.979,-4.2,0,-5.748239868206852,16.398068407699096,-9.141914084713928,25.606581320456932,0.6287130057455373,0.6404399267168811
234.575,44.008,0.0,234.755,43.911,-2.5,234.787,44.08,-2.7,0,-12.196421247053753,21.783755805526017,-15.029688344961631,22.99499631395915,0.8114280257051744,0.9473454168124281
234.32,46.758,-2.1,234.511,46.679,-3.5,234.44,46.87,-3.4,0,0.30697426063559774,27.145231188045297,-4.891705405627633,27.68339252731588,-0.05857310430097363,0.980559694682103
234.933,43.458,-4.2,235.14,43.551,-6.5,234.93,43.644,-4.4,0,-6.542536525857814,21.761860137770977,-9.626523587464597,25.53381625869084,0.679465777875884,0.8522950035651501
235.226,42.665,-6.5,235.048,42.708,-4.3,235.112,42.551,-4.7,0,-4.491262760524135,14.53811408902738,-7.25292981410152,26.121967329813636,0.6192564658413983,0.5566710631792157
233.589,47.833,0.0,233.688,47.666,0.0,233.84199999999998,47.804,-2.3,0,0.7469865780669411,25.747906540106577,1.434335077672447,28.433967393089254,0.5180104559354353,0.905466811557489
232.57999999999998,49.168,-4.2,232.57299999999998,48.99,-2.5,232.813,49.027,-4.7,0,8.117758122031594,3.497464530235558,10.5163703243658,26.830875033869983,0.771999768477041,0.1296487972193821
234.024,47.926,-4.5,233.725,47.955,-2.3,233.84199999999998,47.804,-2.3,0,3.019338003398799,24.398899993738347,5.020190658836939,27.995232900876886,0.6004315198016306,0.8714443442757709
234.451,45.585,0.0,234.498,45.408,0.0,234.674,45.523,-2.1,0,-4.3522883789960956,26.412894172131942,-6.034129879235984,27.183415071540132,0.7217041694188323,0.9716623140125291
234.957,43.141,-3.6,235.159,43.196,-6.5,235.003,43.296,-4.7,0,-4.554015691399746,19.95325061124618,-6.860418657764761,26.409219865999468,0.6636200364640146,0.7555851222098644
235.14600000000002,43.373,-6.5,234.933,43.458,-4.2,235.003,43.296,-4.7,0,-5.657215188261413,20.91887375367258,-8.438575727842071,25.929147771877666,0.6702157376151671,0.8067976049481268
232.489,48.823,0.0,232.74200000000002,48.885,-2.5,232.57299999999998,48.99,-2.5,0,10.860186772486996,6.495811702549926,14.112500486997435,25.116621357683705,0.7696319747838566,0.2581520551642443
235.128,43.906,-6.5,235.124,44.084,-6.5,234.933,43.993,-4.4,0,-7.912785198965665,22.0744293240184,-11.960002443772556,24.639677374149073,0.6613600982784775,0.8958785843394514
234.64600000000002,46.791,-4.8,234.832,46.913,-6.5,234.595,46.953,-4.9,0,-0.12484795503114259,27.189224854652977,-2.5055089690928796,27.97843413778356,0.05670334937894658,0.971796971243341
234.024,47.926,-4.5,234.173,48.072,-6.5,233.893,48.09,-4.5,0,3.733963978388299,22.540329879867432,5.533173763171095,27.895919166048547,0.6736935841162353,0.8078729047393367
235.12,44.262,-6.5,235.122,44.439,-6.5,234.936,44.401,-4.1,0,-9.242121069947153,22.595455709725606,-12.783627019531242,24.373847135542576,0.7227308352779624,0.9270201045524218
234.04500000000002,48.227,-6.5,233.786,48.221,-4.6,233.893,48.09,-4.5,0,5.275965510650628,20.27765336600644,7.469449326897366,27.484890031655418,0.7057181443739016,0.7375188989838105
233.725,47.955,-2.3,233.589,47.833,0.0,233.84199999999998,47.804,-2.3,0,2.831399392216677,24.76168123098251,4.94480698978949,28.08530600901506,0.571894877182753,0.8815639319165512
233.725,47.955,-2.3,234.024,47.926,-4.5,233.893,48.09,-4.5,0,3.518542413288423,23.34795685344077,5.454739478249608,27.933511922473315,0.6441514056989266,0.8357080226684613
234.933,43.458,-4.2,234.93,43.644,-4.4,234.736,43.555,-2.3,0,-6.992013407361429,22.505627364815123,-9.62394029352037,25.549222872672686,0.7264364208617681,0.8809152372309955
234.635,44.171,0.0,234.575,44.008,0.0,234.787,44.08,-2.7,0,-16.88704116592235,17.68156402918475,-20.302846756153563,18.52566145436181,0.831700977975188,0.9544445943293159
234.588,44.699,0.0,234.628,44.53,0.0,234.791,44.646,-2.2,0,-5.870536528078391,25.92678188566002,-6.755531062883723,26.80876848083554,0.8689496280062572,0.9671162788488309
233.52100000000002,48.295,-2.7,233.376,48.16,0.0,233.588,48.137,-2.0,0,4.195915621970195,21.176354808878493,6.153779686476665,27.966339079500685,0.6817901692233921,0.7569656085662605
234.736,46.461,-4.7,234.94299999999998,46.566,-6.5,234.70600000000002,46.618,-4.8,0,-0.23856563379921322,26.433759509090063,-5.596043843995144,27.43758274687393,0.04548639179421385,0.9634087916431628
235.02100000000002,46.036,-6.5,234.997,46.213,-6.5,234.833,46.068,-4.7,0,-2.852212376364343,24.807659551131774,-9.115138743280774,26.381490999064482,0.31380510337085527,0.9403094115077286
234.422,46.406,-2.0,234.477,46.235,-2.0,234.638,46.35,-3.6,0,-0.31885621965716854,26.949516123312655,-4.574809181873434,27.62166773419616,0.07340745023695563,0.9756556647093545
235.166,41.851,-4.5,234.914,41.826,-2.0,235.058,41.755,-3.4,0,-8.2297571539188,13.612530455595131,-11.713803610328466,24.120300493671017,0.7023025413377817,0.5643664833111525
234.971,46.389,-6.5,234.736,46.461,-4.7,234.826,46.311,-5.1,0,-0.5941906918533516,26.258239782663825,-5.393891738236693,27.4491540453351,0.11269108232633418,0.9565987855265072
234.878,45.435,-4.1,234.858,45.586,-4.2,234.674,45.523,-2.1,0,-5.396287968069585,25.638576078947537,-7.7084806045485905,26.727458290794743,0.7001991278091588,0.9592580532318572
234.921,42.84,-2.8,234.716,42.779,0.0,234.869,42.696,-2.0,0,-7.8338197874069815,15.49348752507599,-11.374163713087587,24.677651415504968,0.6889139035650648,0.628104968941273
233.739,48.518,-6.5,233.488,48.49,-4.2,233.685,48.379,-4.9,0,6.310450822136037,15.614187881669668,8.60313897614619,27.281615938774394,0.7332913025276454,0.5718417879237823
234.173,48.072,-6.5,234.04500000000002,48.227,-6.5,233.893,48.09,-4.5,0,4.235383935653766,20.912576257511425,6.003805923284132,27.82027872592696,0.7044632664167806,0.7514928890574645
234.73399999999998,45.343,-2.4,234.878,45.435,-4.1,234.674,45.523,-2.1,0,-6.0311008893155265,25.56604632846541,-8.198197083746432,26.562825183191514,0.7357718037871632,0.9624792244574821
235.312,40.919,-6.5,235.405,41.082,-6.5,235.184,41.056,-3.3,0,-21.404960468430527,7.805039511968808,-22.358710909150826,14.369461610752492,0.9573611792103219,0.5427483910037252
234.805,41.409,0.0,235.036,41.366,-2.2,234.963,41.518,-2.0,0,-3.501425318810174,16.356629486362372,-4.0868080939234375,26.45610391097116,0.8561765636517165,0.6180932997118811
235.036,41.366,-2.2,234.872,41.236,0.0,235.05200000000002,41.214,-2.0,0,-6.564095968654563,15.963481166089865,-7.21022873650065,25.744541417439322,0.9102574429936217,0.6198555068718821
234.911,42.282,-2.2,235.09300000000002,42.2,-4.3,235.09699999999998,42.386,-4.2,0,-9.165848918022455,11.890729204836056,-14.144528609265539,22.94469777738398,0.6480639603338021,0.5184575500163761
234.723,46.182,-4.0,234.997,46.213,-6.5,234.826,46.311,-5.1,0,-1.7750168994098523,25.32952919690066,-8.734165617382079,26.539613270241425,0.2045952316709218,0.954382727714835
233.488,48.49,-4.2,233.52100000000002,48.295,-2.7,233.685,48.379,-4.9,0,6.592450491891949,17.32205318295808,9.113910153835567,27.13313236245356,0.723182638727089,0.6380117842785701
234.709,42.284,0.0,234.66899999999998,42.108,0.0,234.862,42.16,-2.0,0,-12.458999501778731,10.301810790460962,-17.610626657414677,20.39908136353191,0.7075774341850343,0.505419101462352
234.78199999999998,44.79,-2.1,234.588,44.699,0.0,234.791,44.646,-2.2,0,-10.94488187665701,23.671019545241766,-12.725871830098836,24.509221614352,0.8600002711824465,0.9658132283610541
233.804,47.505,0.0,233.918,47.343,0.0,234.047,47.495,-2.2,0,1.1250513995372753,26.97007004859388,3.6984656109823284,28.137786667252108,0.30176868960875347,0.9584824838245611
235.44799999999998,41.256,-6.5,235.451,41.433,-6.5,235.276,41.348,-4.6,0,-10.983654032203987,15.037267686664052,-12.739640184697077,23.41446045740473,0.8620386597164156,0.6420328704144309
234.755,43.911,-2.5,234.924,43.814,-4.4,234.933,43.993,-4.4,0,-10.295197938714239,21.842687962289187,-13.806539206012062,23.651220378227727,0.7455608904473959,0.9235466682435561
234.767,45.17,-2.6,234.90300000000002,45.053,-4.2,234.92700000000002,45.258,-4.5,0,-9.865920513582921,23.724838543203678,-12.447103571937376,24.77416019499524,0.792572468434896,0.9576504400335155
234.755,43.911,-2.5,234.74,43.733,-2.4,234.924,43.814,-4.4,0,-10.24128495668924,22.043494172730654,-13.438943266188826,23.851127954721406,0.7619796807236523,0.9242360102087434
233.786,48.221,-4.6,233.902,48.378,-6.5,233.685,48.379,-4.9,0,5.094547115846053,18.11903149019947,7.026119125320344,27.648388019249943,0.724661662231648,0.6549561360112819
235.248,41.188,-4.2,235.44799999999998,41.256,-6.5,235.276,41.348,-4.6,0,-10.191774662093511,15.577510688615254,-11.291530490680664,24.148563296000162,0.902511433961931,0.6448704824538499
235.451,41.433,-6.5,235.236,41.503,-4.6,235.276,41.348,-4.6,0,-5.08040926014742,16.631261509371544,-6.1067633219455715,25.982235562635857,0.8313859651787839,0.6399327440388198
235.281,42.312,-6.5,235.253,42.489,-6.5,235.09699999999998,42.386,-4.2,0,-5.050622546922935,13.299460282117188,-8.561645770667724,25.642629810661163,0.5898079733530791,0.5187316699625117
235.048,42.708,-4.3,234.921,42.84,-2.8,234.869,42.696,-2.0,0,-7.19366716113047,15.105081923771419,-10.789668955263437,24.899938091126963,0.6668561691609419,0.6068499914748724
234.563,44.873,0.0,234.78199999999998,44.79,-2.1,234.709,44.938,-1.9,0,-2.8989993576277415,26.61680805459783,-3.3773556548936696,27.50448189763995,0.8582606895836051,0.9677422043400579
235.226,42.665,-6.5,235.201,42.842,-6.5,235.048,42.708,-4.3,0,-5.512628514299652,14.680639402777157,-8.994990727086932,25.577137392088034,0.6128603994700905,0.5740610188749964
234.78199999999998,44.79,-2.1,234.911,44.883,-3.8,234.709,44.938,-1.9,0,-2.953896416403157,26.428402409597755,-3.517874508822313,27.450963237367063,0.8394428010309621,0.9627595938703402
234.595,46.953,-4.9,234.514,47.122,-4.8,234.377,46.998,-3.3,0,-0.13886806396023457,27.41350665412779,-2.46614292559077,28.050847872022935,0.06365918935377554,0.9772830155460795
234.248,46.938,-2.1,234.32,46.758,-2.1,234.44,46.87,-3.4,0,0.16466059781499942,27.488521730480798,-2.696732731746554,28.008183054822496,-0.053673552754584,0.9814455116950921
234.951,42.568,-2.7,235.048,42.708,-4.3,234.869,42.696,-2.0,0,-4.9204576066244545,15.064937834102457,-7.418944990155314,26.096693311371162,0.6633769174357176,0.5775062303338913
234.477,46.235,-2.0,234.723,46.182,-4.0,234.638,46.35,-3.6,0,-0.9963317027929429,26.327437506192734,-6.916810832359715,27.102360442185415,0.14625625904849288,0.9713947218545649
232.309,48.956,0.0,232.57299999999998,48.99,-2.5,232.41500000000002,49.088,-2.1,0,7.353029387485547,4.871077494264225,9.543347347563534,27.22363841040191,0.7707076355209629,0.17833941256839456
233.39100000000002,48.789,-6.5,233.209,48.92,-6.5,233.2,48.754,-4.4,0,9.467524122363388,7.554215170757135,12.650513450990795,25.844671359460683,0.7482850966775803,0.29161818264792483
233.025,49.051,-6.5,232.848,49.185,-6.5,232.813,49.027,-4.7,0,9.059024443453332,2.4599030084697295,11.91759047103556,26.211748457805022,0.7600941968980167,0.09305766847501604
232.74200000000002,48.885,-2.5,232.97899999999998,48.929,-4.8,232.813,49.027,-4.7,0,10.645125099961714,5.301916684640273,13.85287158496538,25.255224632483326,0.7684416178522947,0.2093329111126688
234.628,44.35,0.0,234.839,44.265,-2.7,234.773,44.422,-2.0,0,-8.891220580025358,24.415524228329005,-10.601096599224299,25.467466535019042,0.8386343071983768,0.9587065273547447
232.173,49.109,0.0,232.309,48.956,0.0,232.41500000000002,49.088,-2.1,0,4.848087477183703,4.510389737142427,6.320894956009303,28.18562146417722,0.7674040235733561,0.1593964400308977
235.126,44.795,-6.5,234.911,44.883,-3.8,234.95999999999998,44.719,-4.4,0,-9.773507999633509,23.449117080131543,-12.333459914027465,24.730960693067715,0.7922699351779564,0.9481599208183947
233.56799999999998,48.656,-6.5,233.39100000000002,48.789,-6.5,233.37099999999998,48.628,-4.5,0,9.034848826935894,10.281801953407891,12.173687019878447,26.006569212893442,0.7420208517882207,0.3946991967363454
234.32,46.758,-2.1,234.36700000000002,46.584,-2.0,234.511,46.679,-3.5,0,0.31733447712775514,27.24484423032434,-4.208429199045387,27.781528256465492,-0.07056874720786585,0.9806791930225579
234.736,46.461,-4.7,234.638,46.35,-3.6,234.826,46.311,-5.1,0,-0.4726085431048759,26.534153961780614,-5.36110144775105,27.46837326657237,0.09098591683094061,0.965976967625788
234.716,42.779,0.0,234.725,42.6,0.0,234.869,42.696,-2.0,0,-7.991381125437417,14.86383019996103,-11.45006457732988,24.630301952992284,0.6981403286885579,0.6038138518813327
234.736,43.555,-2.3,234.519,43.473,0.0,234.756,43.43,-2.3,0,-6.757717640063628,23.138578255459652,-8.750714359740641,25.871375912128897,0.7722631810976067,0.8944457327844643
235.123,44.617,-6.5,235.126,44.795,-6.5,234.95999999999998,44.719,-4.4,0,-9.865542101409032,22.91294826274959,-12.91417868469632,24.395707493913015,0.7637215832559512,0.9392020459313332
235.122,44.439,-6.5,234.909,44.529,-3.8,234.936,44.401,-4.1,0,-9.128720293234693,23.420325820155607,-11.852949917723347,24.879922495043957,0.769973797553317,0.9413262964560635
233.902,48.378,-6.5,233.739,48.518,-6.5,233.685,48.379,-4.9,0,7.761005079826546,15.422680584954536,10.566553574699519,26.543104847933744,0.7341767319648969,0.5805486866270677
233.488,48.49,-4.2,233.56799999999998,48.656,-6.5,233.37099999999998,48.628,-4.5,0,7.145087463507471,13.066994130609473,9.655139653987106,27.002656537969102,0.7399151024350533,0.48335465843322356
234.628,44.53,0.0,234.628,44.35,0.0,234.773,44.422,-2.0,0,-10.948183981091251,23.643648516716084,-12.710133224172491,24.519068948829762,0.8613302402414943,0.9643095910782
233.376,48.16,0.0,233.50900000000001,48.004,0.0,233.588,48.137,-2.0,0,4.032771202271739,22.37840883146746,6.1726854350409175,27.945053499315033,0.6532633157400795,0.8006030658773081
234.787,44.08,-2.7,234.755,43.911,-2.5,234.933,43.993,-4.4,0,-11.264962836438194,21.728707490780398,-14.584477400893487,23.213614902622,0.7722937888381448,0.9360453695480527
234.90300000000002,45.053,-4.2,235.113,45.15,-6.5,234.92700000000002,45.258,-4.5,0,-9.320984033971252,23.597245777475436,-12.114631558116205,24.898784203143727,0.7692828803414443,0.9477212221958452
234.70600000000002,46.618,-4.8,234.64600000000002,46.791,-4.8,234.511,46.679,-3.5,0,0.08528573886211169,27.098878581388888,-3.860152187659729,27.790618174946466,-0.017301589482584635,0.9751086988318421
234.725,42.6,0.0,234.951,42.568,-2.7,234.869,42.696,-2.0,0,-5.347532795502811,14.920425919014006,-7.814142259463225,25.97625539223732,0.6845425679542965,0.5746928204428239
234.872,41.236,0.0,234.951,41.067,0.0,235.05200000000002,41.214,-2.0,0,-1.374762169016211,15.74835988328097,-1.4698844707185117,26.71892831246685,0.9347435644367554,0.5891630772327195
233.209,48.92,-6.5,233.025,49.051,-6.5,232.97899999999998,48.929,-4.8,0,9.613132179410188,4.554703280287375,12.727429792117716,25.81281272830996,0.7552321081323795,0.17574074066566886
234.914,41.826,-2.0,234.916,41.672,-2.1,235.058,41.755,-3.4,0,-10.17679342360141,13.118724285126035,-13.854693137581897,22.936310719838026,0.7343933811215418,0.5719723927694739
234.36700000000002,46.584,-2.0,234.422,46.406,-2.0,234.566,46.524,-3.5,0,0.16599861281507816,27.027450285367618,-4.909427339143328,27.615076871365048,-0.02984179636369663,0.9787148590916316
233.183,48.63,-2.8,233.089,48.464,0.0,233.265,48.528,-2.5,0,6.993461087393453,14.9693117959767,9.489710949313805,27.151884324617384,0.7370188535710441,0.5509710723124404
233.37099999999998,48.628,-4.5,233.39100000000002,48.789,-6.5,233.2,48.754,-4.4,0,8.608851357695338,10.005570212376965,11.522604050716774,26.333677859137254,0.7470388908896095,0.3793440097912342
234.566,45.053,0.0,234.563,44.873,0.0,234.709,44.938,-1.9,0,-11.286677307800138,23.689130272028486,-13.14785851865432,24.420243596547586,0.8584431769592822,0.9700815642463003
234.987,44.147,-5.0,234.787,44.08,-2.7,234.933,43.993,-4.4,0,-9.697848768340911,22.559327087156664,-12.91410351315277,24.211691161692656,0.7508077929637278,0.9317588292135174
232.57299999999998,48.99,-2.5,232.57999999999998,49.168,-4.2,232.41500000000002,49.088,-2.1,0,7.397986689124674,3.412344421681047,9.57925333557544,27.211559944386686,0.7724400903459765,0.12467972093511187
232.57299999999998,48.99,-2.5,232.74200000000002,48.885,-2.5,232.813,49.027,-4.7,0,10.93090410455514,5.014239020334426,14.167408986157795,25.097652638838298,0.7715891494045516,0.19919467471805724
235.124,44.084,-6.5,235.12,44.262,-6.5,234.987,44.147,-5.0,0,-8.077890385507626,22.434054491383364,-11.950844281429035,24.69364463856435,0.6756609069440886,0.908478229088024
234.78199999999998,44.79,-2.1,234.791,44.646,-2.2,234.95999999999998,44.719,-4.4,0,-10.35669961450091,23.709971019273517,-12.402924289334134,24.707982149800806,0.8349244456146806,0.9596130068699412
235.159,43.196,-6.5,235.14600000000002,43.373,-6.5,235.003,43.296,-4.7,0,-6.899937732467083,19.03180983726073,-10.692049521824245,25.04850817833139,0.645170781849653,0.7598087058699063
234.64600000000002,46.791,-4.8,234.595,46.953,-4.9,234.44,46.87,-3.4,0,0.0031200466505626524,27.344134371633732,-2.7705785151839244,27.979875230718356,0.005616125816397946,0.9772817321955027
235.253,42.489,-6.5,235.226,42.665,-6.5,235.112,42.551,-4.7,0,-5.176084470345964,13.769569721713376,-8.679311100402824,25.660797962709545,0.5963563625262474,0.5366867465526534
234.997,46.213,-6.5,234.971,46.389,-6.5,234.826,46.311,-5.1,0,-1.5475726777141228,25.054368069074926,-8.8037568190869,26.522085847805485,0.1771032282689082,0.9446369595010699
235.189,41.661,-4.5,235.166,41.851,-4.5,235.058,41.755,-3.4,0,-6.696459017152908,14.442371912891536,-9.545688765864146,25.02284755894624,0.7010553877389941,0.5771123601204524
234.82,45.899,-4.3,235.02100000000002,46.036,-6.5,234.833,46.068,-4.7,0,-3.2965209164985945,25.221956777671423,-8.433038694692684,26.593201798836304,0.39174877602570374,0.9484069988307752
235.113,45.15,-6.5,235.1,45.327,-6.5,234.92700000000002,45.258,-4.5,0,-7.861308444456655,23.99496339615793,-10.680098012260125,25.57663441705713,0.7359151436183707,0.93814399958986
235.17700000000002,43.019,-6.5,234.957,43.141,-3.6,235.013,42.979,-4.2,0,-6.97241532891366,17.43884744120362,-10.647214579889656,25.05371733543563,0.6548223627996748,0.6961292987491924
233.011,48.768,-3.0,233.183,48.63,-2.8,233.2,48.754,-4.4,0,9.684001764102561,10.36650671794926,12.852650015026036,25.723007217038862,0.7534301416727341,0.40251807980235244
234.839,44.265,-2.7,234.936,44.401,-4.1,234.773,44.422,-2.0,0,-8.668495358591857,24.186471643633666,-10.69478944614444,25.40917475274434,0.8104135426272583,0.9518848643513192
235.124,44.084,-6.5,234.987,44.147,-5.0,234.933,43.993,-4.4,0,-8.659577622537578,22.326307059598015,-12.423901051712033,24.43910667636529,0.6967970388605832,0.913541800478786
235.09699999999998,42.386,-4.2,235.253,42.489,-6.5,235.112,42.551,-4.7,0,-5.6236819907738465,13.454434029239733,-9.223020715331515,25.444554592318752,0.6097426309901814,0.5289024720482467
235.1,40.384,-3.3,235.2,40.393,-6.5,235.122,40.45,-3.7,0,-15.126300920309953,-11.068214177037413,-15.700178497219461,22.04355588807133,0.9634674612819213,-0.5024888858445885
232.122,49.693,-3.3,232.06,49.636,0.0,232.174,49.619,-3.1,0,3.3399875240263666,0.536759662847561,4.689760483382787,30.184744039178938,0.7122077602361715,0.01616883961738736
234.215,47.089,-2.3,234.248,46.938,-2.1,234.377,46.998,-3.3,0,0.0034310870337399962,27.464658724097042,-3.037280463714467,28.012558708738673,0.005122320103778931,0.9804411234263785
234.736,46.461,-4.7,234.70600000000002,46.618,-4.8,234.566,46.524,-3.5,0,-0.0396806849110977,26.648982648267424,-5.72257660553943,27.427021865375828,0.010027004932637468,0.9716272260704671
234.911,44.883,-3.8,234.78199999999998,44.79,-2.1,234.95999999999998,44.719,-4.4,0,-10.035392683485764,23.78908988306492,-12.167897370270037,24.84266571859507,0.8246309668904908,0.9575929352827453
232.97899999999998,48.929,-4.8,233.025,49.051,-6.5,232.813,49.027,-4.7,0,10.56991538321855,3.955582832080582,13.858370323175482,25.234133395422603,0.7626599129741372,0.15605140601793402
234.933,43.458,-4.2,234.736,43.555,-2.3,234.756,43.43,-2.3,0,-6.417357013741282,22.69864706211882,-8.677840551812967,25.88453636494559,0.7394608305020637,0.876978177487375
233.183,48.63,-2.8,233.37099999999998,48.628,-4.5,233.2,48.754,-4.4,0,8.607084950675672,11.507887111113535,11.50775646563535,26.352196383321427,0.7478905550897367,0.43618374161648593
234.566,46.524,-3.5,234.70600000000002,46.618,-4.8,234.511,46.679,-3.5,0,0.10451235435325475,27.119417059953744,-3.6841994047335334,27.798369486171268,-0.023363430210540805,0.9755728280714562
234.595,46.953,-4.9,234.377,46.998,-3.3,234.44,46.87,-3.4,0,-0.008750860231919557,27.419754302759642,-2.7525415272621387,28.007417956032164,0.010074379204102125,0.9790203646275611
234.638,46.35,-3.6,234.723,46.182,-4.0,234.826,46.311,-5.1,0,-1.030000171420182,26.124636396139927,-7.013302877207106,27.064982287930178,0.1488943257124912,0.9652406642350527
234.36700000000002,46.584,-2.0,234.566,46.524,-3.5,234.511,46.679,-3.5,0,0.19988731605158166,27.2300604180133,-3.744805664196072,27.820073889742602,-0.04818488433006094,0.9787879783887397
233.265,48.528,-2.5,233.488,48.49,-4.2,233.37099999999998,48.628,-4.5,0,6.951735461341831,14.435879390139714,9.420655301980862,27.11222759675887,0.7378812326490292,0.5319872824175079
234.936,44.401,-4.1,234.909,44.529,-3.8,234.773,44.422,-2.0,0,-9.651702921002695,23.710906675840885,-11.878099595430438,24.888047233997987,0.812440399851411,0.9527049868610693
233.183,48.63,-2.8,233.265,48.528,-2.5,233.37099999999998,48.628,-4.5,0,7.369025120234351,13.519026865166506,9.925370746978341,26.950903179274817,0.7424352997963144,0.5011694023550466
234.377,46.998,-3.3,234.248,46.938,-2.1,234.44,46.87,-3.4,0,0.07379235350271626,27.468734322968892,-2.8513214547694403,28.0073050357505,-0.019046740267475024,0.9807711607394098
235.2,40.393,-6.5,235.239,40.568,-6.5,235.122,40.45,-3.7,0,-16.624946222803043,-8.637752621357919,-17.197932757645642,20.74590119612736,0.9666977787832124,-0.4168164474796651
232.34300000000002,49.605,-6.5,232.184,49.75,-6.5,232.174,49.619,-3.1,0,6.580391362363102,0.11450452542082802,9.284428211024718,28.45080405269316,0.7086985660488423,0.002407281301827908
235.0,40.375,0.0,235.1,40.384,-3.3,235.122,40.45,-3.7,0,-15.30004360894441,-10.906195577167333,-15.85563813838331,21.999805928881166,0.964979306405663,-0.4961466690182795
232.184,49.75,-6.5,232.122,49.693,-3.3,232.174,49.619,-3.1,0,3.352866644508359,0.4447894182861976,4.764561700342454,30.06549575428041,0.70367201004779,0.0131680502677105
232.34300000000002,49.605,-6.5,232.155,49.468,0.0,232.411,49.299,-3.8,0,0.5881479427825206,0.014813445580923087,0.790242662538784,29.676530427986762,0.7449495374116705,-0.0008391738494746854
232.50900000000001,49.463,-6.5,232.34300000000002,49.605,-6.5,232.411,49.299,-3.8,0,7.579565314979036,-0.3660412631094353,10.194777327417658,27.119880496183704,0.7434517646585475,-0.014862849681802306
233.05200000000002,49.335,-11.5,232.678,49.324,-6.5,232.848,49.185,-6.5,0,8.086970430105707,-0.3066525077916647,10.950829049445872,26.95363211718214,0.7383613352134913,-0.012388775881759743
233.05200000000002,49.335,-11.5,232.858,49.463,-11.5,232.678,49.324,-6.5,0,9.776830543164602,-1.0184482807379143,13.614199155379376,25.806862760438953,0.7179673621492842,-0.0405575491939888
235.2,40.393,-6.5,235.281,40.377,-9.0,235.30700000000002,40.454,-9.0,0,-18.344027842345103,-9.787006504298484,-19.172709352965047,18.679109832892383,0.9567918139411536,-0.5243853983117701
235.281,40.377,-9.0,235.362,40.361,-11.5,235.30700000000002,40.454,-9.0,0,-18.202118182112077,-10.185577926766554,-19.143483069642997,18.687336867432823,0.9508385968060042,-0.5454559363479616
232.34300000000002,49.605,-6.5,232.67000000000002,49.595,-11.5,232.486,49.729,-11.5,0,8.567550558947161,-0.6614743254430099,12.326391744700672,26.7673196698924,0.694909423469894,-0.02618268772380074
232.858,49.463,-11.5,232.50900000000001,49.463,-6.5,232.678,49.324,-6.5,0,7.933547106972198,-0.9261149875293081,10.81895568533524,27.152534410086922,0.7331891991960447,-0.03531808991487547
232.858,49.463,-11.5,232.67000000000002,49.595,-11.5,232.50900000000001,49.463,-6.5,0,9.130726958439809,-1.1344735616905066,12.825006261545967,26.35546929962517,0.7117956300680395,-0.044331348974961195
234.601,48.098,-11.5,234.392,48.043,-8.7,234.497,47.876,-8.7,0,1.8577109729635488,21.024103364171882,2.6047578212814706,28.36512530603123,0.7096290883862646,0.7410606088012612
232.67000000000002,49.595,-11.5,232.34300000000002,49.605,-6.5,232.50900000000001,49.463,-6.5,0,7.366509369995457,-0.7994905980975641,10.247791845098472,27.51952402359527,0.7187281467341904,-0.030470469254964407
234.699,47.931,-11.5,234.601,48.098,-11.5,234.497,47.876,-8.7,0,1.2725298295472738,20.92917769867834,1.7891959014820564,28.417232516990488,0.7058433254240879,0.7363598590543875
235.611,41.343,-8.7,235.821,41.375,-11.5,235.601,41.536,-8.8,0,-7.447910334640128,14.00481971041566,-10.001653806290207,24.74564823018318,0.7442597022739992,0.565747045768006
234.699,47.931,-11.5,234.497,47.876,-8.7,234.591,47.714,-8.7,0,1.0891073898239036,23.210008743563087,1.6329827554511827,28.401354525293648,0.6605098526810009,0.8171394303759459
234.79000000000002,47.762,-11.5,234.699,47.931,-11.5,234.591,47.714,-8.7,0,0.5216498522289645,23.076921830020076,0.7809482929831173,28.427261432212532,0.6544371410904765,0.8117024405704291
235.293,43.465,-8.8,235.14600000000002,43.373,-6.5,235.34199999999998,43.238,-9.3,0,-6.2535363969210005,17.971855096071156,-10.716590802230904,25.108858196514525,0.5832463227524174,0.7157054100313546
235.821,41.375,-11.5,235.798,41.554,-11.5,235.601,41.536,-8.8,0,-6.00019616091187,13.16150001855131,-9.053913525953114,25.13442181522133,0.6621047551966659,0.5234292965025138
234.49099999999999,48.262,-11.5,234.274,48.21,-8.8,234.392,48.043,-8.7,0,3.7816957690591333,18.178047241789073,5.117751500193329,28.052185757406686,0.7373474233587176,0.6477620841607271
234.79000000000002,47.762,-11.5,234.591,47.714,-8.7,234.689,47.543,-8.7,0,0.9025644407061375,24.772611034965458,1.5089285681446682,28.375428306288477,0.5905749387611295,0.8729852226489729
234.882,47.593,-11.5,234.79000000000002,47.762,-11.5,234.689,47.543,-8.7,0,0.5585166111801121,24.58602463342582,0.9374572324752517,28.386803392384806,0.5838194979847264,0.8660504760034978
234.601,48.098,-11.5,234.49099999999999,48.262,-11.5,234.392,48.043,-8.7,0,2.5495414040087954,18.22210687392578,3.4513999143985217,28.30270131536811,0.7362242897015824,0.6436021418245471
235.483,43.335,-11.5,235.293,43.465,-8.8,235.34199999999998,43.238,-9.3,0,-5.723431908049381,16.44280526352618,-10.679779573659843,25.0987050206017,0.535546308900089,0.6550252277149835
234.887,47.204,-8.7,235.082,47.26,-11.5,234.793,47.377,-8.7,0,0.38432562576524504,26.213337177630706,0.9407095213783432,28.287287044164387,0.39659202977815605,0.926669085251019
235.082,47.26,-11.5,234.988,47.428,-11.5,234.793,47.377,-8.7,0,0.609862719251808,25.64519300921034,1.3151513448308059,28.28974241938473,0.4556244588293896,0.9064881687747783
234.969,47.028,-8.7,235.17000000000002,47.09,-11.5,234.887,47.204,-8.7,0,-0.23151803784900693,26.196738822893877,-0.7652463546787054,28.223301674488432,0.3170436068135874,0.9281906957099435
235.281,42.312,-6.5,235.314,42.136,-6.5,235.49200000000002,42.189,-9.3,0,-4.089666580267089,12.950504161119616,-7.763163688977954,25.872951481569338,0.5263281807563668,0.5005011267453248
234.368,48.422,-11.5,234.137,48.377,-8.8,234.274,48.21,-8.8,0,4.5174344256946135,15.195286231656969,6.05204357192612,27.904699326515946,0.745366447366496,0.5441289114491968
235.281,42.312,-6.5,235.49200000000002,42.189,-9.3,235.461,42.355,-9.3,0,-3.885870718567402,12.76818805624552,-7.751285662416411,25.887272275552554,0.5008874401605135,0.49315455221532434
234.793,47.377,-8.7,234.882,47.593,-11.5,234.689,47.543,-8.7,0,1.3516981947646878,25.64483061632203,2.6397252564727687,28.26005480562381,0.5076473634714764,0.9074298638637636
235.601,41.536,-8.8,235.75,41.73,-11.5,235.55700000000002,41.719,-8.7,0,-4.206639782950487,13.203395526212002,-7.284280246286311,25.80451754009482,0.576426790199962,0.5114641897776545
235.798,41.554,-11.5,235.75,41.73,-11.5,235.601,41.536,-8.8,0,-3.201319156429307,13.020457873876262,-5.527014160051344,26.19363172708283,0.5777873185069028,0.49687125055875697
234.988,47.428,-11.5,234.882,47.593,-11.5,234.793,47.377,-8.7,0,1.5327508560076146,25.27238378278359,3.002203671058046,28.198287154122603,0.5068720987942404,0.8961972175862295
235.17000000000002,47.09,-11.5,235.082,47.26,-11.5,234.887,47.204,-8.7,0,0.17352691516737875,25.761789811977852,0.4310404099797793,28.26133823791256,0.3793259220216725,0.9115373275321065
235.046,46.843,-8.8,235.251,46.919,-11.5,234.969,47.028,-8.7,0,-0.7482943723763816,25.729539977321664,-3.032451241663775,27.98799287353033,0.25032483662260996,0.9193069620272223
234.49099999999999,48.262,-11.5,234.368,48.422,-11.5,234.274,48.21,-8.8,0,3.906357823028921,15.196752333843232,5.2241553423318,28.05818320719362,0.7463667636436752,0.5412434109733395
235.55700000000002,41.719,-8.7,235.704,41.907,-11.5,235.523,41.862,-8.7,0,-3.1679463296865493,12.592415788357975,-6.4256973358197556,26.098695522835023,0.4916777367250681,0.4822938829452451
235.75,41.73,-11.5,235.704,41.907,-11.5,235.55700000000002,41.719,-8.7,0,-2.7856834516251197,12.175726276101797,-5.848593796440934,26.204625017673756,0.4747696549229279,0.46442002850291536
235.251,46.919,-11.5,235.17000000000002,47.09,-11.5,234.969,47.028,-8.7,0,-0.15681444970133215,25.490707564798782,-0.534361696134372,28.192773640108562,0.31085644578226096,0.9041480125749155
235.253,42.489,-6.5,235.281,42.312,-6.5,235.461,42.355,-9.3,0,-4.589992460240023,13.019863971146107,-8.49718692412559,25.689470802980992,0.539962786718926,0.5068109380309608
235.253,42.489,-6.5,235.461,42.355,-9.3,235.43200000000002,42.53,-9.3,0,-4.300547480472173,12.96310298281536,-8.279622377978239,25.775636043055734,0.5191932345205162,0.5028777656501049
235.53,40.696,-11.5,235.269,40.744,-6.5,235.369,40.642,-9.0,0,-19.318379459060264,0.46157046578214694,-19.976772226719522,17.463378934192914,0.9670512829728566,0.025822620101718062
235.1,46.677,-8.7,235.309,46.744,-11.5,235.046,46.843,-8.8,0,-0.5755679494518973,25.267026550952874,-2.8660020172401452,27.970689847722426,0.2041706874741566,0.9033373857390246
235.152,46.476,-8.9,235.356,46.567,-11.5,235.1,46.677,-8.7,0,-1.4823299138577006,23.724149310343606,-7.951925554795398,26.885570144641058,0.1874944524926902,0.882396707649641
235.309,46.744,-11.5,235.251,46.919,-11.5,235.046,46.843,-8.8,0,-0.987754883148887,24.669051782928328,-3.92285896965587,27.839894467030803,0.2540381788255491,0.8861005862134081
235.226,42.665,-6.5,235.43200000000002,42.53,-9.3,235.404,42.706,-9.3,0,-4.561269356100925,13.425821747601914,-8.450520676683436,25.77400139979892,0.5396157922287124,0.5208718241910437
235.226,42.665,-6.5,235.253,42.489,-6.5,235.43200000000002,42.53,-9.3,0,-4.801802532803755,13.42257486589874,-8.6224841959896,25.70281696400354,0.5567908094110987,0.5222311152204726
235.589,41.146,-8.9,235.791,41.197,-11.5,235.611,41.343,-8.7,0,-13.990621782304103,12.253375497170648,-16.30819596591908,21.021379331036222,0.85782884596521,0.5826581054353579
235.356,46.567,-11.5,235.309,46.744,-11.5,235.1,46.677,-8.7,0,-1.2067205076673269,23.751235499216406,-5.572364905528012,27.518935040981226,0.21793220171409194,0.8630763523992849
235.38,42.89,-9.3,235.201,42.842,-6.5,235.404,42.706,-9.3,0,-5.127638146729709,14.134812226424629,-9.170039256380733,25.57137686200661,0.5590171647192224,0.5527199358749103
235.201,42.842,-6.5,235.226,42.665,-6.5,235.404,42.706,-9.3,0,-5.128032205186503,14.143729163323606,-8.931524728775248,25.650442017027636,0.5740603319837843,0.551409063348605
235.72199999999998,41.026,-11.5,235.589,41.146,-8.9,235.495,40.956,-8.9,0,-19.763312323087035,8.297818588756721,-21.354598303029057,15.725938913784507,0.9254917846893393,0.5272697648835281
235.35899999999998,43.059,-9.3,235.17700000000002,43.019,-6.5,235.38,42.89,-9.3,0,-5.362161052375603,15.314294316325935,-9.329225472717532,25.560007872853745,0.5745460291749472,0.5991020743815957
235.17700000000002,43.019,-6.5,235.201,42.842,-6.5,235.38,42.89,-9.3,0,-5.358725133515706,15.331001566589961,-9.077681051359654,25.646065739490005,0.5901701193713014,0.5977835872289919
235.791,41.197,-11.5,235.821,41.375,-11.5,235.611,41.343,-8.7,0,-12.60158899777191,11.908863972705383,-15.901064032895569,21.350194193084175,0.7923844725243743,0.5575433568728484
235.34199999999998,43.238,-9.3,235.159,43.196,-6.5,235.35899999999998,43.059,-9.3,0,-5.862720201632452,16.540105004433396,-10.062870651258926,25.324892162885348,0.5823394464963381,0.6530610792617022
235.269,40.744,-6.5,235.53,40.696,-11.5,235.453,40.839,-9.1,0,-19.45172199267168,2.8662038052284844,-20.141872223197712,17.291142970764522,0.9657449030063433,0.1651821026095341
234.137,48.377,-8.8,234.197,48.561,-11.5,233.963,48.531,-8.9,0,8.189346414727405,11.86184768941382,11.080222067518125,26.40238169020307,0.7385970768743131,0.4486633861396047
235.22899999999998,45.96,-8.9,235.441,46.031,-11.5,235.20499999999998,46.135,-8.9,0,-3.122961265943559,22.224603717920928,-8.895986942247546,26.43703033625789,0.35128490865591827,0.8405617268315704
235.441,46.031,-11.5,235.414,46.21,-11.5,235.20499999999998,46.135,-8.9,0,-2.6045249264089865,21.4133818103782,-8.506082407866813,26.5808475593427,0.3064380455003641,0.8054852936561383
235.159,43.196,-6.5,235.17700000000002,43.019,-6.5,235.35899999999998,43.059,-9.3,0,-5.977243855252958,16.601664690412914,-9.927314166268147,25.37148531063047,0.6019005391169555,0.6543215938069369
235.20499999999998,46.135,-8.9,235.414,46.21,-11.5,235.179,46.314,-8.9,0,-2.323389388371048,22.56105254498583,-8.693097393704502,26.555663255967197,0.2677747317198476,0.8495010152990649
235.414,46.21,-11.5,235.388,46.389,-11.5,235.179,46.314,-8.9,0,-2.099366927658509,21.756906198874276,-8.657126804346454,26.579735281117955,0.24297982655601613,0.8184797105004726
235.179,46.314,-8.9,235.388,46.389,-11.5,235.152,46.476,-8.9,0,-1.7021935258401784,23.10545462175651,-8.145260122952838,26.775578369964414,0.20978725815349528,0.8628865511136787
235.388,46.389,-11.5,235.356,46.567,-11.5,235.152,46.476,-8.9,0,-1.6437368714824214,22.51560730981732,-7.77010313437161,26.902457201886534,0.21232130511673133,0.8368985300484626
235.452,45.851,-11.5,235.441,46.031,-11.5,235.22899999999998,45.96,-8.9,0,-4.156284906579796,20.582034469694726,-10.805583613036703,25.675691809946777,0.38463394579123794,0.8014832942464984
234.368,48.422,-11.5,234.197,48.561,-11.5,234.137,48.377,-8.8,0,8.503141897701903,11.64421212119149,11.478964946320087,26.201574288892616,0.7401789730231408,0.4438489687867399
235.452,45.851,-11.5,235.22899999999998,45.96,-8.9,235.245,45.778,-8.9,0,-4.4711383165038585,21.79379601163872,-10.158303917460877,25.93432090489607,0.4401402788016501,0.8402361732171951
235.14600000000002,43.373,-6.5,235.159,43.196,-6.5,235.34199999999998,43.238,-9.3,0,-6.443448183127451,17.897557433610736,-10.63238649554048,25.129841178338715,0.6057835938810352,0.7121728936201491
233.05200000000002,49.335,-11.5,232.848,49.185,-6.5,233.049,49.181,-8.9,0,8.985459622194417,-0.0046297295684398524,12.307614254541402,26.32830218306077,0.7299190687720928,-0.0011247333342706864
235.589,41.146,-8.9,235.405,41.082,-6.5,235.495,40.956,-8.9,0,-20.06022503670789,8.834102192673614,-21.403572284601438,15.74897402202149,0.937250267963489,0.5605774569015194
235.459,45.672,-11.5,235.452,45.851,-11.5,235.245,45.778,-8.9,0,-5.2568686152980515,20.514925028506543,-11.359400056671376,25.392159904894505,0.46262124748107714,0.8077874036035758
235.459,45.672,-11.5,235.245,45.778,-8.9,235.25900000000001,45.6,-8.9,0,-5.385629103407856,21.824229630946363,-10.392489510135029,25.803224221690975,0.5180541568345451,0.845688750112033
235.44799999999998,41.256,-6.5,235.589,41.146,-8.9,235.611,41.343,-8.7,0,-14.235689431520456,13.02140204104591,-16.222322640283007,21.154575386444964,0.8774872914554154,0.6153121588867089
232.34300000000002,49.605,-6.5,232.486,49.729,-11.5,232.29399999999998,49.76,-8.9,0,7.529403596592673,-0.21816131278891843,10.903896242046091,27.424383662368612,0.6903908250962763,-0.009517092176179695
235.464,45.492,-11.5,235.459,45.672,-11.5,235.25900000000001,45.6,-8.9,0,-6.127073894474983,20.66048835557466,-11.641212868990987,25.225420784272465,0.5260629291577347,0.8189039172948546
235.483,43.335,-11.5,235.475,43.514,-11.5,235.293,43.465,-8.8,0,-5.639156714040011,16.106799098781643,-11.231753319908371,24.862588863784538,0.5016780158380924,0.6477140923937587
235.464,45.492,-11.5,235.25900000000001,45.6,-8.9,235.26999999999998,45.42,-8.9,0,-6.2545079987357255,21.866429349298873,-10.836284187131284,25.580502323023445,0.5769074040463267,0.8547098440554255
235.293,43.465,-8.8,235.475,43.514,-11.5,235.288,43.633,-8.8,0,-6.032000000891555,17.449920891373615,-11.631552663541314,24.716112260884763,0.518226141508044,0.7059249817272064
235.475,43.514,-11.5,235.465,43.694,-11.5,235.288,43.633,-8.8,0,-5.192635536029008,17.148559618612424,-10.965092982150306,25.043485860063143,0.4731235477580053,0.6846419748759611
235.451,41.433,-6.5,235.611,41.343,-8.7,235.601,41.536,-8.8,0,-7.870856954274178,14.858547871793167,-10.153952067129417,24.746018093304244,0.7747826033654396,0.6002532840027569
235.62900000000002,40.86,-11.5,235.72199999999998,41.026,-11.5,235.495,40.956,-8.9,0,-20.689434505950594,6.386248969735964,-22.10247804657744,14.592746629436476,0.9360785114739487,0.43713341944282075
235.46699999999998,45.312,-11.5,235.464,45.492,-11.5,235.26999999999998,45.42,-8.9,0,-6.81790872375981,20.883956548415114,-11.91641140176079,25.056595238332037,0.571812080696491,0.8333480777978085
234.94299999999998,46.566,-6.5,235.152,46.476,-8.9,235.1,46.677,-8.7,0,-1.0946858620496767,24.885391692498924,-7.917328728043369,26.93211392259932,0.13972436941556612,0.9239953533923048
235.704,41.907,-11.5,235.66,42.083,-11.5,235.505,42.02,-9.0,0,-2.5106205397358994,11.757768467159792,-6.098056170966981,26.221884152744693,0.4104226580385144,0.4481873126178179
233.902,48.378,-6.5,234.137,48.377,-8.8,233.963,48.531,-8.9,0,8.15928302740717,14.044601534494246,11.012372949882772,26.442648602703283,0.7404610768584035,0.5306044473940094
235.46699999999998,45.312,-11.5,235.26999999999998,45.42,-8.9,235.27800000000002,45.242,-8.9,0,-6.937081632702204,21.96783011075841,-11.24291236212678,25.363868117731528,0.6166853247172067,0.866014381139848
235.465,43.694,-11.5,235.461,43.874,-11.5,235.28199999999998,43.815,-8.8,0,-5.25748129753882,17.808952943515024,-11.787032896018935,24.712614486417188,0.4455932874042777,0.7205398915546957
235.469,45.132,-11.5,235.46699999999998,45.312,-11.5,235.27800000000002,45.242,-8.9,0,-7.230452300648686,21.169572004834592,-12.052790132451822,24.950587534336513,0.5995208989917892,0.8483425776856911
234.197,48.561,-11.5,234.015,48.696,-11.5,233.963,48.531,-8.9,0,9.128806698874005,9.258549901429646,12.571151323909765,25.76636690696163,0.7257551682755073,0.35859587192819753
235.02100000000002,46.036,-6.5,235.04399999999998,45.859,-6.5,235.22899999999998,45.96,-8.9,0,-3.879409415307063,24.0225418783724,-9.188175327950624,26.350986416282034,0.42261428947726554,0.911581366677864
233.963,48.531,-8.9,234.015,48.696,-11.5,233.788,48.668,-8.9,0,8.611834057827913,9.394486715679466,11.852628461818728,26.140873179840426,0.7262189354438776,0.35861450585776106
235.466,44.952,-11.5,235.285,45.061,-8.9,235.286,44.882,-8.9,0,-7.8718396763293645,21.955068339045614,-12.221010388634365,24.823711837524044,0.6437403726504236,0.8843538801557046
235.461,43.874,-11.5,235.461,44.053,-11.5,235.281,43.989,-8.8,0,-5.352433324249205,18.485111119945525,-12.329072460544953,24.49403305407845,0.43365838317554634,0.7545790726799219
234.997,46.213,-6.5,235.02100000000002,46.036,-6.5,235.20499999999998,46.135,-8.9,0,-2.7681290719149385,24.225982952910716,-9.048424235619592,26.44855148391693,0.30664458936092587,0.9159177191244563
235.461,44.053,-11.5,235.461,44.233,-11.5,235.28,44.168,-8.8,0,-5.540750671585723,19.395203852397945,-12.329238987064713,24.543164495025096,0.4488909432799744,0.7901510593158568
235.02100000000002,46.036,-6.5,235.22899999999998,45.96,-8.9,235.20499999999998,46.135,-8.9,0,-3.2310454761878256,23.67250817131363,-8.970496303639642,26.44303799471789,0.3606457346033715,0.8951608133723378
235.22899999999998,45.96,-8.9,235.04399999999998,45.859,-6.5,235.245,45.778,-8.9,0,-4.765555463002619,23.147203059975844,-10.230424133038525,25.931671146939287,0.4659803211758266,0.8925532050441463
234.137,48.377,-8.8,234.04500000000002,48.227,-6.5,234.274,48.21,-8.8,0,4.426821280023781,17.585289119427216,5.9905838086323255,27.94321916870662,0.7379460653381135,0.6289836060529155
234.997,46.213,-6.5,235.20499999999998,46.135,-8.9,235.179,46.314,-8.9,0,-2.240295064976599,23.953887788286682,-8.76715264898911,26.561132099074115,0.2563175217948886,0.9017897766078723
235.465,43.694,-11.5,235.28199999999998,43.815,-8.8,235.288,43.633,-8.8,0,-5.705842581492784,18.406402792896046,-11.554890420859017,24.814768822474086,0.4934033552601245,0.7416693598182492
234.971,46.389,-6.5,234.997,46.213,-6.5,235.179,46.314,-8.9,0,-1.7507704568642486,24.551679581915135,-8.74121269692559,26.60155893056617,0.20136675144617236,0.9229084421840015
235.437,40.531,-11.5,235.239,40.568,-6.5,235.30700000000002,40.454,-9.0,0,-18.23301351647701,-6.552856080130943,-18.9394506740627,18.742543474875735,0.9627111368586043,-0.35013567794356154
235.461,44.053,-11.5,235.28,44.168,-8.8,235.281,43.989,-8.8,0,-5.9078833728790965,19.813950461010275,-12.225048569902476,24.58504305736013,0.482802641786948,0.805856980392669
235.469,45.132,-11.5,235.27800000000002,45.242,-8.9,235.285,45.061,-8.9,0,-7.282361411707046,22.143355466590894,-11.39932848091879,25.25401124470551,0.6384674738121243,0.8767364701810516
235.461,43.874,-11.5,235.281,43.989,-8.8,235.28199999999998,43.815,-8.8,0,-5.838187705899731,19.00409622493002,-12.221094731683475,24.538505350583478,0.477292830886018,0.7743809303964596
234.971,46.389,-6.5,235.179,46.314,-8.9,235.152,46.476,-8.9,0,-1.4584428166568155,24.411855075399185,-8.219434959267517,26.786603875380138,0.1785786915113706,0.9113165779979668
235.461,44.233,-11.5,235.461,44.413,-11.5,235.28,44.348,-8.9,0,-6.031761459232616,20.24157790432664,-12.329174229268347,24.57875409855439,0.48870417777018793,0.823442662762148
235.04399999999998,45.859,-6.5,235.065,45.682,-6.5,235.245,45.778,-8.9,0,-4.9969209820750535,23.862625217021314,-9.474490174455646,26.210794363309823,0.5275307328754585,0.9103588396810319
234.94299999999998,46.566,-6.5,234.971,46.389,-6.5,235.152,46.476,-8.9,0,-1.130037438073559,24.907103212401694,-8.47720967992245,26.737631288354983,0.1346935222745478,0.9315218007810346
235.314,42.136,-6.5,235.35,41.961,-6.5,235.505,42.02,-9.0,0,-3.8734112644781002,13.097867521068933,-7.308837902368651,25.960136772247537,0.5291678538926835,0.5044531469045995
235.466,44.952,-11.5,235.469,45.132,-11.5,235.285,45.061,-8.9,0,-7.774005882966695,21.144748178335345,-12.73404103145782,24.567961301068486,0.6100966688597543,0.8605512222958516
233.902,48.378,-6.5,234.04500000000002,48.227,-6.5,234.137,48.377,-8.8,0,5.8266205052594895,16.81387111444312,7.898586029217396,27.475024001589073,0.7370269278318606,0.6115665869878278
234.893,46.74,-6.5,235.1,46.677,-8.7,235.046,46.843,-8.8,0,-0.41460161606592966,26.23113924845141,-2.9437078217859494,27.982239382716415,0.1450307613636533,0.9374226470359313
235.461,44.413,-11.5,235.462,44.593,-11.5,235.28199999999998,44.525,-8.9,0,-6.700957451154787,20.847724527535075,-12.464186564572337,24.563565079483404,0.537110940699218,0.8486278803372117
235.72199999999998,41.026,-11.5,235.791,41.197,-11.5,235.589,41.146,-8.9,0,-17.771683603995477,9.448437640818296,-20.077330843917434,17.375017138595265,0.8851540825461516,0.5434657498804697
235.461,44.233,-11.5,235.28,44.348,-8.9,235.28,44.168,-8.8,0,-5.883026357686699,20.92795695434269,-11.433881919777864,25.012943487442193,0.514023151993064,0.8366079376886675
235.245,45.778,-8.9,235.065,45.682,-6.5,235.25900000000001,45.6,-8.9,0,-5.804989117842739,23.057543737048338,-10.462141354886164,25.799738392999032,0.5548169672937147,0.893647826030131
235.28,44.348,-8.9,235.461,44.413,-11.5,235.28199999999998,44.525,-8.9,0,-7.071908763362397,21.081535092472453,-12.635552461849393,24.460063868697368,0.5592212219993682,0.8617981108085162
234.274,48.21,-8.8,234.173,48.072,-6.5,234.392,48.043,-8.7,0,3.6041945699001907,20.324573582661436,4.998273788743589,28.099750797475934,0.7195073487593608,0.7231136641626169
233.788,48.668,-8.9,233.824,48.823,-11.5,233.607,48.799,-8.9,0,9.145502602194796,7.047365616278479,12.767604272715387,25.802850934108406,0.7160275455553402,0.2722732479425216
235.462,44.593,-11.5,235.463,44.773,-11.5,235.28300000000002,44.702,-8.9,0,-7.220994484810454,21.252702698049877,-12.463967641937419,24.614510814351057,0.5788745947944136,0.8633216456897764
235.25900000000001,45.6,-8.9,235.086,45.504,-6.5,235.26999999999998,45.42,-8.9,0,-6.764351897409958,22.952082760027256,-10.903074569689707,25.581132246574185,0.6202390102017191,0.8971695108332033
235.065,45.682,-6.5,235.086,45.504,-6.5,235.25900000000001,45.6,-8.9,0,-5.766512553401846,23.84897145210325,-9.48768644294206,26.17093807074015,0.6077138514273717,0.9112307490597783
235.463,44.773,-11.5,235.466,44.952,-11.5,235.286,44.882,-8.9,0,-7.695484943198146,21.258187379283683,-12.736301485570223,24.52506687394129,0.6037875818047802,0.8666887087262716
235.462,44.593,-11.5,235.28300000000002,44.702,-8.9,235.28199999999998,44.525,-8.9,0,-7.532104952155939,21.59725170651379,-12.497937353805948,24.583870724683244,0.6022258011506808,0.8784343969528935
234.832,46.913,-6.5,234.893,46.74,-6.5,235.046,46.843,-8.8,0,-0.454217391461442,26.593008901898045,-3.5454669580156306,27.94271895299839,0.13210860535463287,0.951702176083384
233.739,48.518,-6.5,233.963,48.531,-8.9,233.788,48.668,-8.9,0,8.683790078949908,11.454510904580184,11.803763690224162,26.169295917593324,0.7353648192388013,0.4370230497438303
234.893,46.74,-6.5,234.94299999999998,46.566,-6.5,235.1,46.677,-8.7,0,-0.5622404906458137,26.034884135213076,-5.164486684168747,27.618985705872205,0.11143789005509512,0.9426428599937433
234.015,48.696,-11.5,233.824,48.823,-11.5,233.788,48.668,-8.9,0,9.827628581593157,6.997017299762516,13.816626409063288,25.207996777101357,0.7109705111584236,0.2767252283879075
235.463,44.773,-11.5,235.286,44.882,-8.9,235.28300000000002,44.702,-8.9,0,-8.073029535298234,21.700187343343284,-12.76571591873828,24.496292871577197,0.6319988645713274,0.8857741751199777
233.739,48.518,-6.5,233.902,48.378,-6.5,233.963,48.531,-8.9,0,7.840418473874087,13.82765542125293,10.615738435095082,26.635576788252262,0.7381996306142774,0.518569978677734
235.523,41.862,-8.7,235.704,41.907,-11.5,235.505,42.02,-9.0,0,-2.881576011435719,12.322214288746986,-6.272065125505243,26.16604125296054,0.4581269158541128,0.47073425154278875
234.04500000000002,48.227,-6.5,234.173,48.072,-6.5,234.274,48.21,-8.8,0,4.40047653370069,19.651481092909393,6.070978100304417,27.90612698103955,0.7237146503603115,0.7039604658661509
235.44799999999998,41.256,-6.5,235.405,41.082,-6.5,235.589,41.146,-8.9,0,-16.117265283552197,12.212054773145182,-17.56603729456632,20.002723818065554,0.9175136505992141,0.6102688721636201
234.769,47.085,-6.5,234.969,47.028,-8.7,234.887,47.204,-8.7,0,-0.2041888325590932,26.85500172482712,-0.8350859494260909,28.256231868021466,0.26021670497628513,0.9504130342556641
233.56799999999998,48.656,-6.5,233.788,48.668,-8.9,233.607,48.799,-8.9,0,9.297776804469013,8.863945929335575,12.723247616953145,25.812125677192,0.7305358791899558,0.3426246076983891
235.423,41.609,-6.5,235.451,41.433,-6.5,235.601,41.536,-8.8,0,-6.19548586087214,15.119250902690714,-8.43305634148902,25.415526185392466,0.7340675353998571,0.594705315889335
234.392,48.043,-8.7,234.287,47.911,-6.5,234.497,47.876,-8.7,0,1.7400664997377042,22.82938093462794,2.5438141308876983,28.37974065625962,0.6803740207525459,0.8043358295934312
234.832,46.913,-6.5,235.046,46.843,-8.8,234.969,47.028,-8.7,0,-0.5562373857127563,26.539164426265852,-3.045551560827427,28.024961457869807,0.18704363950436265,0.9469885887709957
235.086,45.504,-6.5,235.1,45.327,-6.5,235.26999999999998,45.42,-8.9,0,-6.963101267935506,23.544289736354216,-10.477160752307562,25.74926750975854,0.6644201397818071,0.914327391744131
235.285,45.061,-8.9,235.125,44.972,-6.5,235.286,44.882,-8.9,0,-8.609877132946128,22.676010423515187,-12.281094034445633,24.83056890785138,0.7007704046182294,0.9131786023037292
235.437,40.531,-11.5,235.53,40.696,-11.5,235.369,40.642,-9.0,0,-21.266931691049606,-2.000159018212368,-22.15274011752918,14.514988520315494,0.9600211879878058,-0.13853607082444166
235.26999999999998,45.42,-8.9,235.1,45.327,-6.5,235.27800000000002,45.242,-8.9,0,-7.5215157621587405,22.90564360130876,-11.307700708259986,25.362577003159842,0.6649295580286916,0.9030747235853093
235.423,41.609,-6.5,235.601,41.536,-8.8,235.55700000000002,41.719,-8.7,0,-4.8258711854616925,14.412285664967868,-7.362194165887281,25.782035062080233,0.6545725355775309,0.5588244897845493
235.451,41.433,-6.5,235.44799999999998,41.256,-6.5,235.611,41.343,-8.7,0,-10.692819785090158,14.693441828383095,-12.681307291778925,23.487410848554134,0.8430410348976832,0.6253939418120589
233.56799999999998,48.656,-6.5,233.739,48.518,-6.5,233.788,48.668,-8.9,0,8.36863452433943,11.23356967330929,11.370058795817357,26.392630698537097,0.7357760326104422,0.4249390230136974
235.1,45.327,-6.5,235.113,45.15,-6.5,235.27800000000002,45.242,-8.9,0,-7.448139902937872,23.571876259350685,-10.618196731028114,25.65423471898564,0.7012098921754034,0.9187926046639764
233.824,48.823,-11.5,233.632,48.952,-11.5,233.607,48.799,-8.9,0,9.569010036019776,4.968410919094631,13.644358435781598,25.388309729742062,0.7010374541712179,0.1948063581840835
234.173,48.072,-6.5,234.287,47.911,-6.5,234.392,48.043,-8.7,0,2.8052613703966096,22.19523477085263,4.0395080141002655,28.22236827763687,0.6923665623665901,0.7863213707679769
234.688,47.254,-6.5,234.887,47.204,-8.7,234.793,47.377,-8.7,0,0.31763871118788484,26.81435036450563,0.8730950851615269,28.321007689758012,0.34934028950097507,0.9467984663915835
235.269,40.744,-6.5,235.239,40.568,-6.5,235.369,40.642,-9.0,0,-15.661777422455188,-1.3317619642069767,-16.125553875330027,21.259067341117106,0.9712499063549458,-0.06314519173385853
235.312,40.919,-6.5,235.269,40.744,-6.5,235.453,40.839,-9.1,0,-17.02444083982679,6.194840603999968,-17.576889484614078,19.941004565310013,0.9685780908834535,0.31020279825612884
234.769,47.085,-6.5,234.832,46.913,-6.5,234.969,47.028,-8.7,0,-0.6003304855432279,26.82325034563001,-3.228110551697121,28.035030272802985,0.19051641535701308,0.9567827859124793
235.27800000000002,45.242,-8.9,235.113,45.15,-6.5,235.285,45.061,-8.9,0,-7.926365130053935,22.960650861593578,-11.462202152920504,25.255250210767834,0.6912396501440532,0.9090924464658379
233.607,48.799,-8.9,233.632,48.952,-11.5,233.42000000000002,48.929,-8.9,0,9.38675017279881,4.752811697335465,13.196486783151991,25.660206449145566,0.7110647417236077,0.18434971104598963
235.113,45.15,-6.5,235.125,44.972,-6.5,235.285,45.061,-8.9,0,-7.7621361678821446,23.576742926159817,-10.768641786683162,25.555064613435427,0.720528576380554,0.9225488605458556
234.287,47.911,-6.5,234.389,47.747,-6.5,234.497,47.876,-8.7,0,1.5374582669086312,24.22921497896387,2.3928382137533433,28.372035097210258,0.6383381506372994,0.8539297863645775
233.632,48.952,-11.5,233.439,49.079,-11.5,233.42000000000002,48.929,-8.9,0,9.650622987488362,2.903684304736328,13.830962345309851,25.359372024452853,0.6974963967776537,0.11361495031654938
235.389,41.785,-6.5,235.55700000000002,41.719,-8.7,235.523,41.862,-8.7,0,-3.6752071816432577,13.648753674040664,-6.484813431523065,26.085897068908814,0.5655110492708646,0.52306030694819
235.125,44.972,-6.5,235.126,44.795,-6.5,235.286,44.882,-8.9,0,-8.923821319310708,22.927556289643803,-12.307737001009794,24.80154529503229,0.7247846314841195,0.924402900527008
235.389,41.785,-6.5,235.423,41.609,-6.5,235.55700000000002,41.719,-8.7,0,-4.781405952072791,14.246438861291374,-7.602982295010186,25.747370405637128,0.6279588895272246,0.5531556901913322
235.126,44.795,-6.5,235.123,44.617,-6.5,235.28300000000002,44.702,-8.9,0,-9.194536958075757,22.580551404037397,-12.857662250853785,24.47069770361744,0.714816870043441,0.9227217232469013
235.497,43.155,-11.5,235.34199999999998,43.238,-9.3,235.35899999999998,43.059,-9.3,0,-5.391317893919571,15.130685655877459,-10.003004092364243,25.32497107833491,0.5386215438640646,0.5973500022280998
235.123,44.617,-6.5,235.122,44.439,-6.5,235.28199999999998,44.525,-8.9,0,-8.679598385709454,22.48924703647884,-12.585008391691787,24.561649850608347,0.689364947135176,0.915588244604651
233.39100000000002,48.789,-6.5,233.56799999999998,48.656,-6.5,233.607,48.799,-8.9,0,8.983470146508742,8.548499863074815,12.216284902779437,26.091029561230407,0.7351827828496865,0.3268866350665574
233.439,49.079,-11.5,233.24599999999998,49.207,-11.5,233.232,49.058,-8.9,0,9.576414967267992,1.07447608136212,13.686517190127717,25.509672642100302,0.6994553715926017,0.04123620576373654
235.122,44.439,-6.5,235.12,44.262,-6.5,235.28,44.348,-8.9,0,-8.317914002900496,22.067409008068864,-12.72334335640878,24.4397723757262,0.6534257221951328,0.9028944758792707
234.594,47.42,-6.5,234.793,47.377,-8.7,234.689,47.543,-8.7,0,1.1589427127685272,26.428539103365846,2.583757131312094,28.27901950980486,0.44379174839933627,0.934553032214936
234.688,47.254,-6.5,234.769,47.085,-6.5,234.887,47.204,-8.7,0,-0.1424631600173652,27.047977050457547,-0.5685740311503977,28.289676203613894,0.27467657075546076,0.9561109443022221
235.286,44.882,-8.9,235.126,44.795,-6.5,235.28300000000002,44.702,-8.9,0,-8.925005753201457,22.3961913271697,-12.824930750986415,24.503852548002484,0.6955980648711593,0.9139368697621784
234.497,47.876,-8.7,234.389,47.747,-6.5,234.591,47.714,-8.7,0,0.9839863398343132,24.627963888991015,1.5726221148719404,28.408523080030697,0.6188431733405318,0.8668801605660071
235.405,41.082,-6.5,235.312,40.919,-6.5,235.495,40.956,-8.9,0,-21.318638106918318,7.340599153069268,-22.30933420604576,14.379224394814832,0.9556086146222749,0.5100567639088203
235.28300000000002,44.702,-8.9,235.123,44.617,-6.5,235.28199999999998,44.525,-8.9,0,-8.472310733098494,22.35415047282511,-12.557588058257483,24.59140416796629,0.6743312942433309,0.908975034009544
233.24599999999998,49.207,-11.5,233.05200000000002,49.335,-11.5,233.049,49.181,-8.9,0,9.64702937393094,-0.30227734213582297,13.692076148079755,25.564182799654787,0.7043513646178302,-0.012758452028911212
235.12,44.262,-6.5,235.124,44.084,-6.5,235.28,44.168,-8.8,0,-7.333672350178708,21.93474871311897,-11.899353563484105,24.79333448392866,0.6159629481456761,0.884668972380931
235.122,44.439,-6.5,235.28,44.348,-8.9,235.28199999999998,44.525,-8.9,0,-8.115173631654278,21.9565820295262,-12.695155225247476,24.470249644347376,0.6388691912887379,0.8972292856378572
233.39100000000002,48.789,-6.5,233.607,48.799,-8.9,233.42000000000002,48.929,-8.9,0,9.601449987885788,6.348887940937744,13.154968765361204,25.671618587049835,0.7296781585832492,0.2465042428996725
233.42000000000002,48.929,-8.9,233.439,49.079,-11.5,233.232,49.058,-8.9,0,9.466085519813017,2.604226010231124,13.296461631883448,25.683827792583408,0.7117035762497131,0.10053048120810973
235.537,42.797,-11.5,235.38,42.89,-9.3,235.404,42.706,-9.3,0,-4.680981381432878,13.22985446031006,-9.110585037324363,25.571616420499964,0.5135523073170083,0.5172558462258952
235.49200000000002,42.189,-9.3,235.314,42.136,-6.5,235.505,42.02,-9.0,0,-3.7222381557951105,12.720433924015506,-7.5094864237135255,25.909818263844308,0.4949607737027449,0.49084875597746125
234.389,47.747,-6.5,234.49200000000002,47.584,-6.5,234.591,47.714,-8.7,0,1.486897535008746,25.55020781154166,2.622356258853129,28.325250927499326,0.5626345795518185,0.9020056382353585
235.28,44.168,-8.8,235.124,44.084,-6.5,235.281,43.989,-8.8,0,-6.944156341270098,21.026113002850455,-12.284457466609862,24.56986663679853,0.56490557138454,0.8557219129955073
235.461,42.355,-9.3,235.59199999999998,42.439,-11.5,235.43200000000002,42.53,-9.3,0,-3.81046884787068,12.390883115699049,-8.21984790814945,25.774461332278364,0.4632340129259847,0.4806204578768691
235.35,41.961,-6.5,235.389,41.785,-6.5,235.523,41.862,-8.7,0,-3.88206483535618,13.580586621218101,-6.912568066177865,26.009235772724253,0.5605369196745685,0.522016479425045
235.124,44.084,-6.5,235.128,43.906,-6.5,235.281,43.989,-8.8,0,-7.026094157146971,21.339821696767082,-11.898986017391252,24.750831923586915,0.5901473439354518,0.8621528266664291
235.43200000000002,42.53,-9.3,235.562,42.618,-11.5,235.404,42.706,-9.3,0,-4.109648340261156,12.747456516537259,-8.391183133100082,25.773325470814264,0.48951070461642093,0.4944894638387949
234.594,47.42,-6.5,234.688,47.254,-6.5,234.793,47.377,-8.7,0,0.5043270170038107,26.879893084042834,1.324138085661989,28.327979430375592,0.37112345221123066,0.9488788877816313
235.517,42.976,-11.5,235.35899999999998,43.059,-9.3,235.38,42.89,-9.3,0,-4.92509834079803,14.118097855345065,-9.269047917512118,25.556296243144004,0.531040345673144,0.5523197845872173
235.14,43.551,-6.5,235.14600000000002,43.373,-6.5,235.293,43.465,-8.8,0,-7.01950381003298,19.05785897451681,-11.620214317815954,24.746774467183172,0.6038323708690059,0.7700844753053361
235.53,40.696,-11.5,235.62900000000002,40.86,-11.5,235.453,40.839,-9.1,0,-21.536104113477958,3.154641347894885,-22.563081459249016,13.814693145864588,0.9544935444034559,0.22767029572711378
235.281,43.989,-8.8,235.128,43.906,-6.5,235.28199999999998,43.815,-8.8,0,-6.779972213442926,20.354636671566503,-12.279837791049736,24.529512890315466,0.5517749626850256,0.829756218947032
235.517,42.976,-11.5,235.497,43.155,-11.5,235.35899999999998,43.059,-9.3,0,-4.934610726708808,14.037422224499064,-9.557280457919784,25.461501987487807,0.5159500040121845,0.5511814492236042
233.209,48.92,-6.5,233.39100000000002,48.789,-6.5,233.42000000000002,48.929,-8.9,0,9.369036548556167,5.902806696586874,12.690596190316255,25.94059946831006,0.7381137782459348,0.22678145327005952
235.128,43.906,-6.5,235.13299999999998,43.729,-6.5,235.28199999999998,43.815,-8.8,0,-6.8700666861054565,20.7432864076802,-11.756909153724848,24.779388224840822,0.5840374292234268,0.8370869927811553
235.49200000000002,42.189,-9.3,235.626,42.261,-11.5,235.461,42.355,-9.3,0,-3.387489122078377,12.168763547828183,-7.690604842337233,25.882209687729997,0.4399064370393922,0.47001351997013213
234.591,47.714,-8.7,234.49200000000002,47.584,-6.5,234.689,47.543,-8.7,0,0.7912151926991321,25.823193161596265,1.4508297983643548,28.392056643602196,0.5371352262035874,0.9095012136327557
235.14,43.551,-6.5,235.293,43.465,-8.8,235.288,43.633,-8.8,0,-6.708548667015474,18.966744509170816,-11.690767440560393,24.727950571702138,0.5735406658994094,0.7669690147604037
235.497,43.155,-11.5,235.483,43.335,-11.5,235.34199999999998,43.238,-9.3,0,-5.3679509279486854,14.978424124302771,-10.405486398290897,25.172639361985276,0.5154851408945433,0.594894992802555
235.28,44.348,-8.9,235.12,44.262,-6.5,235.28,44.168,-8.8,0,-6.882412833115253,21.989449939417224,-11.493143588597267,25.007138216650993,0.5984257413395478,0.8792807494375388
235.13299999999998,43.729,-6.5,235.14,43.551,-6.5,235.288,43.633,-8.8,0,-6.799615384292943,20.054324147336224,-11.483540825451062,24.858897022635446,0.5918390186964954,0.8066952142548002
235.66,42.083,-11.5,235.626,42.261,-11.5,235.49200000000002,42.189,-9.3,0,-3.0582992477100888,11.707802773174102,-7.554770239067288,25.886622764722816,0.40406493314141195,0.45208233543591414
235.626,42.261,-11.5,235.59199999999998,42.439,-11.5,235.461,42.355,-9.3,0,-3.209771582413684,12.018678111877543,-7.562130124312436,25.93887564191388,0.42394407260650263,0.46318250948713696
235.537,42.797,-11.5,235.517,42.976,-11.5,235.38,42.89,-9.3,0,-4.804947714101698,13.095256250691529,-9.552565079526733,25.418193122907752,0.5027021034338758,0.5150523472017802
234.49200000000002,47.584,-6.5,234.594,47.42,-6.5,234.689,47.543,-8.7,0,1.1621296503225855,26.410301948961685,2.4505403845943157,28.319054500787097,0.4691911126309714,0.9325876554111943
233.209,48.92,-6.5,233.42000000000002,48.929,-8.9,233.232,49.058,-8.9,0,9.715534075073045,3.9251845718781646,13.256891279143096,25.691018843879164,0.7326984929326054,0.15197362979848159
235.59199999999998,42.439,-11.5,235.562,42.618,-11.5,235.43200000000002,42.53,-9.3,0,-3.68839470980142,12.26468132024568,-8.15038459105627,25.815338006597628,0.45221610415015795,0.4749471512205504
235.562,42.618,-11.5,235.537,42.797,-11.5,235.404,42.706,-9.3,0,-4.252302229451968,12.565433234762674,-8.851992084478507,25.626666438032302,0.4801062199169942,0.4901875875022956
233.025,49.051,-6.5,233.209,48.92,-6.5,233.232,49.058,-8.9,0,9.489824571028732,3.4288158644587865,12.769375707032767,25.97503781636307,0.7430433503568202,0.13121687012240843
235.28199999999998,43.815,-8.8,235.13299999999998,43.729,-6.5,235.288,43.633,-8.8,0,-6.483546183681413,19.870669052504937,-11.613621402805592,24.81175908353398,0.5579436465308727,0.8008113812881208
232.848,49.185,-6.5,233.025,49.051,-6.5,233.049,49.181,-8.9,0,8.936000590959,1.3909821692536088,11.959317111847847,26.465169257769347,0.7470979853409928,0.051697835330375475
233.232,49.058,-8.9,233.24599999999998,49.207,-11.5,233.049,49.181,-8.9,0,9.654507499190025,0.7961962658746559,13.485235714499424,25.646505302306146,0.7157298201910802,0.03015745396114673
235.239,40.568,-6.5,235.437,40.531,-11.5,235.369,40.642,-9.0,0,-18.44966046371641,-4.158588856860611,-19.10951025494454,18.583617059547432,0.9654800387935993,-0.2243358064268892
233.025,49.051,-6.5,233.232,49.058,-8.9,233.049,49.181,-8.9,0,9.917378724145125,1.8056577391603346,13.447336118073869,25.66972494644876,0.7373510769741286,0.06949733031825961
235.495,40.956,-8.9,235.312,40.919,-6.5,235.453,40.839,-9.1,0,-20.360513867326162,6.630741589814143,-21.18383582659529,15.960040918678061,0.9611463287627086,0.41497405619342065
235.62900000000002,40.86,-11.5,235.495,40.956,-8.9,235.453,40.839,-9.1,0,-20.14650763500753,5.993194675541917,-21.14003200381209,15.978015900771084,0.9530123778877626,0.374584496832465
232.24200000000002,49.807,-9.0,232.184,49.75,-6.5,232.29399999999998,49.76,-8.9,0,7.235886972835932,0.3904703615502303,10.671661131875386,27.80055301201453,0.6779229063613286,0.012403321322205351
235.35,41.961,-6.5,235.523,41.862,-8.7,235.505,42.02,-9.0,0,-3.2906461327760543,13.104631653503006,-6.37299073934842,26.17179495024356,0.5151899196268739,0.5005815475969676
235.66,42.083,-11.5,235.49200000000002,42.189,-9.3,235.505,42.02,-9.0,0,-3.2447706252673925,12.03875488422343,-7.4643424061753905,25.900866142936437,0.4338579298703469,0.4646301329047349
235.239,40.568,-6.5,235.2,40.393,-6.5,235.30700000000002,40.454,-9.0,0,-16.545874710201588,-8.710364539254877,-17.165072113305293,20.562381694439633,0.963941322584857,-0.4240428805238475
232.184,49.75,-6.5,232.34300000000002,49.605,-6.5,232.29399999999998,49.76,-8.9,0,6.472127379738726,0.09014166532202401,9.308346030678544,28.21521632468296,0.6952024647963884,0.0015805028931274176
235.362,40.361,-11.5,235.437,40.531,-11.5,235.30700000000002,40.454,-9.0,0,-19.67887472928643,-7.96678757565301,-20.6660326758101,16.783025091173,0.9522415278020305,-0.47519807090403504
232.486,49.729,-11.5,232.301,49.864,-11.5,232.29399999999998,49.76,-8.9,0,8.141635525900206,0.09501899201542684,12.265903456863501,26.97546568094819,0.663589962082811,0.0019562348509434948
232.301,49.864,-11.5,232.24200000000002,49.807,-9.0,232.29399999999998,49.76,-8.9,0,7.095659856649571,0.41063064101655794,10.703027627523834,27.76920636151007,0.6627966518291752,0.01317980290690481
236.184,40.566,-16.5,236.152,40.789,-15.1,235.957,40.658,-14.8,0,-17.183377159216032,-0.7574972439162465,-25.186387014201383,7.437588573769022,0.682143454236674,-0.10339687332818608
235.66500000000002,40.558,-13.7,235.437,40.531,-11.5,235.589,40.434,-14.4,0,-23.74084607572938,-2.4428572511980136,-25.500162253596727,6.422302481960499,0.9310011236778065,-0.3818112676719134
235.791,41.197,-11.5,235.953,41.067,-13.0,236.07999999999998,41.27,-14.3,0,-8.391632249684097,11.007663142284366,-11.045913962117723,24.093228715213534,0.7595067097065086,0.4566031967065904
236.184,40.566,-16.5,236.338,40.699,-16.5,236.152,40.789,-15.1,0,-13.98303700987384,-0.5853061513859341,-25.48289612142924,6.29034487819257,0.5485820112699301,-0.09478798966836291
235.821,41.375,-11.5,235.791,41.197,-11.5,236.07999999999998,41.27,-14.3,0,-11.543774415174717,10.391142545182008,-15.821506419217208,21.29682922736333,0.729488148258914,0.48763593316964177
235.57999999999998,40.297,-16.5,235.762,40.409,-16.5,235.589,40.434,-14.4,0,-22.89992570156895,-1.0224179071242387,-26.16394550996978,1.8037617967446433,0.8752034945454582,-0.5706155207182492
234.252,48.806,-16.5,234.055,48.93,-16.5,234.015,48.696,-11.5,0,9.501652774757876,4.024860398218309,14.536878466243465,24.977756211261102,0.6532307035370845,0.1603022928679723
234.055,48.93,-16.5,233.824,48.823,-11.5,234.015,48.696,-11.5,0,9.356588307789904,4.64706838744092,13.865998485124,25.405720035703993,0.6744280039122698,0.18203661630711207
235.29500000000002,47.575,-16.5,235.091,47.615,-14.3,235.188,47.383,-13.7,0,1.6908578684797488,21.037840293392435,2.882371452419413,28.1788491281335,0.5836223844510784,0.7463579293072854
232.701,49.817,-16.5,232.486,49.729,-11.5,232.67000000000002,49.595,-11.5,0,8.071647464000662,-0.71246658289559,12.385263791012035,26.63037147126404,0.6514830186056187,-0.028116369223130957
232.885,49.684,-16.5,232.701,49.817,-16.5,232.67000000000002,49.595,-11.5,0,7.866753332979418,-0.9709213181213195,12.529196171487477,26.533919836519942,0.6276007962625136,-0.03782668250737277
235.091,47.615,-14.3,234.988,47.428,-11.5,235.188,47.383,-13.7,0,1.479294369181061,23.279450576974163,2.6640530073286524,28.22189607355491,0.5517697812383673,0.8247499090113655
235.64600000000002,46.902,-16.5,235.578,47.074,-16.5,235.438,46.856,-13.6,0,-0.8430910504287522,18.253642718518673,-2.159221001065781,28.051872852493545,0.39161747383308415,0.650605915422182
232.885,49.684,-16.5,232.67000000000002,49.595,-11.5,232.858,49.463,-11.5,0,8.565287363745783,-1.3250431825871862,12.886331447080744,26.340838322394383,0.6644428648080914,-0.0515120407346126
235.438,46.856,-13.6,235.578,47.074,-16.5,235.356,47.067,-13.7,0,-0.5809698778402905,20.533657911974498,-1.4566557572838974,28.11492642412059,0.40157033079763776,0.7302581741930365
232.885,49.684,-16.5,232.858,49.463,-11.5,233.07299999999998,49.553,-16.5,0,8.27076168015032,-1.4801792327997085,13.029304005815685,26.24098729734792,0.6344963334704754,-0.05749755087944682
234.055,48.93,-16.5,233.856,49.052,-16.5,233.824,48.823,-11.5,0,9.36616195839758,2.55938638933777,14.771860134256842,24.91880272798814,0.6336960486162548,0.10182877678834591
233.856,49.052,-16.5,233.632,48.952,-11.5,233.824,48.823,-11.5,0,9.044673284259664,2.9501898084779254,13.690729504505189,25.600152976533444,0.6603114892643303,0.1143353600974812
233.07299999999998,49.553,-16.5,232.858,49.463,-11.5,233.05200000000002,49.335,-11.5,0,9.11539329519765,-1.4798917901895907,13.677471021270925,25.8888674942488,0.6661958162775958,-0.058211362101618834
233.26600000000002,49.426,-16.5,233.05200000000002,49.335,-11.5,233.24599999999998,49.207,-11.5,0,9.07705691619123,-1.0906523398699026,13.733216494463711,25.807831864152888,0.6606687161880407,-0.043193851514578684
233.26600000000002,49.426,-16.5,233.07299999999998,49.553,-16.5,233.05200000000002,49.335,-11.5,0,8.687573066724903,-1.5349327227714145,13.75936816023303,25.81881333352205,0.6310837563061508,-0.060408681642249246
233.45999999999998,49.299,-16.5,233.26600000000002,49.426,-16.5,233.24599999999998,49.207,-11.5,0,8.664916499529914,-1.0817530790473333,13.874331369351001,25.702197960613237,0.6241910432816375,-0.04296912781461118
233.45999999999998,49.299,-16.5,233.24599999999998,49.207,-11.5,233.439,49.079,-11.5,0,9.001156324715234,-0.12351443318513498,13.728991081756526,25.75424313855563,0.6553209304913155,-0.005683218919524086
233.856,49.052,-16.5,233.65699999999998,49.175,-16.5,233.632,48.952,-11.5,0,9.108143072053364,1.1311115930035402,14.628846820031612,25.105729111651552,0.6222619914051921,0.04417654910271683
233.65699999999998,49.175,-16.5,233.45999999999998,49.299,-16.5,233.439,49.079,-11.5,0,8.917059597070178,-0.1355965925473765,14.373124722644476,25.342229292680024,0.6200469205865627,-0.006213324736476596
233.65699999999998,49.175,-16.5,233.439,49.079,-11.5,233.632,48.952,-11.5,0,9.080240859512683,1.2817707363477,13.874949553114265,25.590749055920764,0.6541130918085521,0.0491944590204609
235.872,40.885,-13.0,235.62900000000002,40.86,-11.5,235.765,40.729,-13.2,0,-22.380181090318914,2.2084569227371595,-24.53783687016551,9.629048758518431,0.9120708959008935,0.22835987818591919
235.762,40.409,-16.5,235.66500000000002,40.558,-13.7,235.589,40.434,-14.4,0,-22.791804085380107,-2.711425867533034,-25.554384553377975,6.060066714932766,0.8918659352872558,-0.44885113803081134
236.07999999999998,41.27,-14.3,235.953,41.067,-13.0,236.171,41.092,-14.8,0,-5.493559102465523,9.539835835928871,-8.009428252545181,25.220059818535482,0.6855682237258931,0.37797266683217673
235.872,40.885,-13.0,235.765,40.729,-13.2,235.98399999999998,40.797,-14.1,0,-21.412442890287195,1.4760778887286514,-24.678796186624933,9.187900404499874,0.867632480891129,0.1595161183197657
235.821,41.375,-11.5,236.07999999999998,41.27,-14.3,236.01600000000002,41.447,-14.3,0,-2.0609524861527118,11.584209767106115,-3.3044460473338546,26.454400210198358,0.6221238304223718,0.4376765833591531
235.999,41.908,-16.5,235.704,41.907,-11.5,235.902,41.803,-14.4,0,-1.8277256641138693,9.451319846903134,-5.800595039190963,26.294430730729353,0.31360621798681293,0.35916167348663813
235.704,41.907,-11.5,235.999,41.908,-16.5,235.813,42.029,-13.8,0,-2.0373358157191492,9.53691055826341,-6.73001790603616,26.08653408067113,0.3015011635338265,0.3653016232121255
235.503,46.651,-13.7,235.697,46.726,-16.5,235.438,46.856,-13.6,0,-1.579152656125505,18.384308975326466,-5.052061723622092,27.62009091940368,0.3130316805536989,0.6655672732310566
235.697,46.726,-16.5,235.64600000000002,46.902,-16.5,235.438,46.856,-13.6,0,-1.6616106923613145,17.127596110565296,-4.7625588796702445,27.68805408586121,0.34924592558487755,0.6185176863466259
235.578,47.074,-16.5,235.49200000000002,47.243,-16.5,235.356,47.067,-13.7,0,0.21036520941917022,19.53324182539554,0.45107419194456533,28.186744657690014,0.4573367361650045,0.6928286846768672
235.356,47.067,-13.7,235.49200000000002,47.243,-16.5,235.27800000000002,47.225,-13.7,0,0.035846314941605235,21.44875989490329,0.06527209430196734,28.2168593957049,0.4650593446810753,0.7600059766393227
235.975,40.484,-16.5,236.184,40.566,-16.5,235.957,40.658,-14.8,0,-18.162458322370778,0.6949892549343417,-26.0987109949578,-2.6612270457419847,0.6957913507142528,-0.2580748675581081
235.53,40.696,-11.5,235.437,40.531,-11.5,235.66500000000002,40.558,-13.7,0,-20.905775523548403,-2.954199594722099,-22.106777455483673,14.345416332054157,0.9456755900410119,-0.2066531197245087
235.537,46.492,-13.8,235.739,46.55,-16.5,235.503,46.651,-13.7,0,-2.1155513139355793,16.55951226839854,-8.002969879188754,26.83685839229338,0.2644794639318605,0.6169862304290725
235.27800000000002,47.225,-13.7,235.39600000000002,47.41,-16.5,235.188,47.383,-13.7,0,0.8898826776956795,21.733092771693457,1.697500998393867,28.223277030957675,0.5201016403042448,0.7698690810069962
235.49200000000002,47.243,-16.5,235.39600000000002,47.41,-16.5,235.27800000000002,47.225,-13.7,0,0.9553955566405224,20.14791739567419,1.8533026331331541,28.18919946807746,0.5123939750719111,0.7145218248665345
235.739,46.55,-16.5,235.697,46.726,-16.5,235.503,46.651,-13.7,0,-1.7379574401180153,15.459517002492921,-6.053934270012597,27.378931238984947,0.28718477941854736,0.5645914668842474
235.72199999999998,41.026,-11.5,235.62900000000002,40.86,-11.5,235.872,40.885,-13.0,0,-20.08933356829355,5.442029144404503,-22.047804374944555,14.515763247260638,0.9111740056945508,0.3743386260199018
235.767,42.348,-14.2,235.626,42.261,-11.5,235.814,42.16,-14.3,0,-2.1881136339773777,10.634120379161134,-6.794008863056998,26.167000752903725,0.32124862952776834,0.4061364180181004
235.924,42.261,-16.5,235.767,42.348,-14.2,235.814,42.16,-14.3,0,-1.804408251052092,9.59633761066019,-6.750439124925013,26.153059767266647,0.26646631298794515,0.3666360114474562
235.39600000000002,47.41,-16.5,235.29500000000002,47.575,-16.5,235.188,47.383,-13.7,0,1.4740498248914893,20.123291424082563,2.596534914922227,28.18292487763687,0.5648155690620706,0.7137622398445145
235.765,40.729,-13.2,235.957,40.658,-14.8,235.98399999999998,40.797,-14.1,0,-21.314169012736034,0.1807576673517306,-25.166976456341303,7.65771565597667,0.8468814970593397,0.02215327523702091
234.882,47.593,-11.5,235.091,47.615,-14.3,234.99599999999998,47.78,-14.3,0,1.0791325678508041,22.080411201940898,1.7164539761724384,28.331603993491903,0.6228115761038189,0.7791940441132437
235.798,41.554,-11.5,235.821,41.375,-11.5,236.01600000000002,41.447,-14.3,0,-5.471509223722239,11.724355576344252,-8.981225799282441,25.133097025132827,0.6086016582483383,0.46625580426579405
234.79000000000002,47.762,-11.5,234.882,47.593,-11.5,234.99599999999998,47.78,-14.3,0,0.6447330227307889,22.57906152439633,0.9995478317188269,28.396404041439126,0.634598120356331,0.795009624669396
234.79000000000002,47.762,-11.5,234.99599999999998,47.78,-14.3,234.899,47.95,-14.3,0,1.0812721927313924,20.32891626787502,1.5799093056045663,28.396917095035462,0.6779888145474283,0.7156866581070591
235.953,41.067,-13.0,235.72199999999998,41.026,-11.5,235.872,40.885,-13.0,0,-17.815853242073093,6.718571409454657,-20.588735855660676,16.53934962195954,0.86530711236336,0.405732330894006
235.791,41.197,-11.5,235.72199999999998,41.026,-11.5,235.953,41.067,-13.0,0,-17.051922858868927,8.401117479810267,-20.0199243051653,17.276294929593057,0.8517291176351907,0.48589774912278133
234.882,47.593,-11.5,234.988,47.428,-11.5,235.091,47.615,-14.3,0,1.7557380987555484,23.6501322968309,3.0626749344497366,28.204074450310706,0.5699056897708431,0.8384344067339078
234.699,47.931,-11.5,234.79000000000002,47.762,-11.5,234.899,47.95,-14.3,0,0.5917474070794635,20.633533031799445,0.843139379349978,28.459808413093505,0.6900639242420422,0.7248386674017574
235.764,45.835,-16.5,235.59199999999998,45.948,-13.8,235.61700000000002,45.743,-14.1,0,-3.850093408095468,15.204572364320702,-11.427787792472458,25.4402025977475,0.3365945952081981,0.5974128473844723
236.338,40.699,-16.5,236.372,40.874,-16.5,236.152,40.789,-15.1,0,-8.202083347842578,0.3136545045551828,-16.12482812736156,20.775423245427195,0.5085043875107925,0.014477070348523906
235.59199999999998,45.948,-13.8,235.452,45.851,-11.5,235.61700000000002,45.743,-14.1,0,-4.294215532974477,17.457276442806936,-11.474133496040292,25.440151341882085,0.3740078920308437,0.6860011660707447
234.699,47.931,-11.5,234.899,47.95,-14.3,234.80200000000002,48.108,-14.3,0,1.77176556251006,17.96604269449468,2.4555679272125133,28.400210726439298,0.717561093414109,0.6323608661970358
235.798,41.554,-11.5,236.01600000000002,41.447,-14.3,235.95999999999998,41.624,-14.4,0,-1.7935920940503054,11.057071178417289,-3.516606393468706,26.575451102423834,0.5079089721318772,0.4158349947584625
235.753,46.371,-16.5,235.739,46.55,-16.5,235.537,46.492,-13.8,0,-2.5212666356435567,13.822093099630003,-10.196211166289238,26.04109965429401,0.24721497232546744,0.5306921575689526
235.753,46.371,-16.5,235.537,46.492,-13.8,235.561,46.308,-13.8,0,-2.147167661920115,15.678518590722957,-8.882148205513964,26.52709560531948,0.24174599035335198,0.5909371357781675
234.601,48.098,-11.5,234.699,47.931,-11.5,234.80200000000002,48.108,-14.3,0,1.3534996711997633,18.15620524448456,1.85063228626354,28.47610584635239,0.7263834297779556,0.6373709823675009
235.53,40.696,-11.5,235.66500000000002,40.558,-13.7,235.765,40.729,-13.2,0,-23.12371494215494,-0.6219208664190045,-24.83769758993646,8.732996217640961,0.9309917205238473,-0.07243867692767787
232.52100000000002,49.954,-16.5,232.411,49.909,-14.0,232.527,49.856,-14.7,0,6.923015741078785,0.24961461352724662,11.660903855040221,26.96794576771896,0.5934081446123426,0.007886804349247607
235.75,41.73,-11.5,235.95999999999998,41.624,-14.4,235.902,41.803,-14.4,0,-1.6960150088520718,10.355578104546105,-4.2045171723036425,26.559254461428495,0.40126019804297214,0.3896523817475589
235.75,41.73,-11.5,235.798,41.554,-11.5,235.95999999999998,41.624,-14.4,0,-2.659293599663562,11.35868104857639,-5.4607476130757036,26.282035534155582,0.4854667453232128,0.4319458209189206
235.957,40.658,-14.8,236.152,40.789,-15.1,235.98399999999998,40.797,-14.1,0,-19.334567653159365,0.19732603236138557,-25.330057850268414,7.053529994450827,0.7632488603342463,0.02638791380234602
235.62900000000002,40.86,-11.5,235.53,40.696,-11.5,235.765,40.729,-13.2,0,-21.135153850912264,1.9258382130809717,-22.51529961749005,13.726596076239703,0.9387058676881227,0.13956067321385715
235.66500000000002,40.558,-13.7,235.762,40.409,-16.5,235.834,40.575,-14.8,0,-22.882946913439394,-0.4044769238321381,-26.228859392885525,1.1261139414433856,0.872394552145422,-0.36705620146273515
235.762,40.409,-16.5,235.975,40.484,-16.5,235.834,40.575,-14.8,0,-20.94794471794627,1.482060071424862,-25.972102785802335,-3.6974608757911334,0.80647305252598,-0.3988030892152887
234.49099999999999,48.262,-11.5,234.601,48.098,-11.5,234.692,48.276,-14.3,0,2.618076868495703,15.249627593866308,3.511750793103353,28.374299989827243,0.7431418230586995,0.5371275362251177
235.757,46.192,-16.5,235.753,46.371,-16.5,235.561,46.308,-13.8,0,-2.732766256419672,13.20598314918137,-11.614454158916402,25.40557411951258,0.23514838795176168,0.5196595496529028
235.757,46.192,-16.5,235.561,46.308,-13.8,235.577,46.123,-13.8,0,-2.518211468181422,15.19806175793497,-10.013700982715235,26.09441163570264,0.2513635631200598,0.5822640010796432
234.252,48.806,-16.5,234.015,48.696,-11.5,234.25400000000002,48.682,-14.2,0,9.497477032620786,5.363642698156612,13.997888750024018,25.25940789355917,0.678068910714776,0.21154375989670995
235.975,40.484,-16.5,235.957,40.658,-14.8,235.834,40.575,-14.8,0,-20.736853615655882,-0.7837514046053686,-26.07155105420825,3.0600806862781376,0.7953082871089099,-0.259376456512889
234.692,48.276,-14.3,234.601,48.098,-11.5,234.80200000000002,48.108,-14.3,0,2.404090450173303,15.257574706966926,3.2448323816190303,28.386429423400365,0.7381565924153152,0.5371867192345827
234.56,48.407,-13.8,234.625,48.547,-16.5,234.42000000000002,48.553,-14.1,0,7.46812301437542,7.963149940034624,10.50400133948558,26.6976385346055,0.710208063488962,0.29770775141864936
235.704,41.907,-11.5,235.75,41.73,-11.5,235.902,41.803,-14.4,0,-2.2786120113875037,10.761130785816492,-5.784855103691669,26.298914906462677,0.3923340196334088,0.40893066787956095
232.486,49.729,-11.5,232.701,49.817,-16.5,232.527,49.856,-14.7,0,7.691237811408075,-0.3129989734826047,12.320983194929827,26.6787127983398,0.6239808319145072,-0.013100285901313843
235.953,41.067,-13.0,236.05700000000002,40.92,-14.1,236.171,41.092,-14.8,0,-11.68983636035102,6.9439509853014725,-15.96370171987257,21.044957132407077,0.7321897216887255,0.32952129161474814
235.999,41.908,-16.5,235.957,42.084,-16.5,235.813,42.029,-13.8,0,-1.4921638129798924,8.456561257399066,-6.215110479390919,26.229195838752545,0.23887618661371013,0.3221055690942283
235.626,42.261,-11.5,235.66,42.083,-11.5,235.814,42.16,-14.3,0,-2.5746113725496804,10.832656390627026,-7.497674475770108,25.93924589798595,0.34255518304407634,0.4173703071406738
235.75900000000001,46.013,-16.5,235.757,46.192,-16.5,235.577,46.123,-13.8,0,-3.0347324811129246,13.276643512600318,-11.892152805400123,25.253403712258958,0.25497480412434576,0.5255299954346634
235.251,46.919,-11.5,235.438,46.856,-13.6,235.356,47.067,-13.7,0,-0.5480572881759654,22.84068064171286,-1.5645162390612661,28.134888110757238,0.35392932037375774,0.8117892300569277
235.75900000000001,46.013,-16.5,235.577,46.123,-13.8,235.59199999999998,45.948,-13.8,0,-2.8925162510838858,15.313659462783226,-10.032049444297122,26.0745446377911,0.28810711992090304,0.5870919647141146
234.368,48.422,-11.5,234.56,48.407,-13.8,234.42000000000002,48.553,-14.1,0,7.524245952465964,9.81992088872903,10.306619085378468,26.837559081470175,0.7292875293278377,0.36535703238182243
235.924,42.261,-16.5,235.89600000000002,42.439,-16.5,235.767,42.348,-14.2,0,-2.124621664859443,9.18976821050488,-8.235757888930195,25.70653795990043,0.25737375385325356,0.35718238715299433
235.356,46.567,-11.5,235.537,46.492,-13.8,235.503,46.651,-13.7,0,-2.0111986646137057,19.65675178566148,-7.987399109594087,26.887702358524976,0.25220035799249013,0.7310288282690528
235.622,43.956,-14.0,235.461,43.874,-11.5,235.626,43.781,-14.0,0,-3.8182948115479096,15.228986617149404,-11.682203461929912,24.76646958706211,0.32630720744951963,0.6147411183893041
235.69,42.873,-14.1,235.537,42.797,-11.5,235.713,42.695,-14.2,0,-4.122116646510044,11.138575071863073,-9.890627367300219,25.266306856054406,0.4164097609785562,0.44062062627258514
235.713,42.695,-14.2,235.562,42.618,-11.5,235.737,42.515,-14.1,0,-3.126020760708468,11.169866216899146,-8.083412491595148,25.87574027614096,0.3862971537825601,0.43144580305466457
235.67000000000002,43.056,-14.2,235.517,42.976,-11.5,235.69,42.873,-14.1,0,-3.8138329484122253,11.78182130868402,-8.701192713081383,25.771675003340462,0.43783923523235246,0.45694526122820983
234.777,48.4,-16.5,234.625,48.547,-16.5,234.56,48.407,-13.8,0,6.66009363799033,8.042400613847473,9.389922667015428,27.105210292174114,0.7083472218688553,0.2961961786940892
235.642,43.421,-14.1,235.483,43.335,-11.5,235.649,43.242,-14.1,0,-4.877835130429424,12.793484341738514,-11.277423613719986,24.821247596689005,0.43207640903134437,0.5152260992356462
235.957,40.658,-14.8,235.765,40.729,-13.2,235.834,40.575,-14.8,0,-22.47107430170656,-0.3177587661462075,-26.10881047943326,3.036764971202862,0.86063967948909,-0.10804100522426928
235.537,42.797,-11.5,235.562,42.618,-11.5,235.713,42.695,-14.2,0,-3.7861515950100806,11.709720259057727,-8.796766543999002,25.67927105506513,0.43005027877020935,0.4558005364186296
235.764,45.835,-16.5,235.75900000000001,46.013,-16.5,235.59199999999998,45.948,-13.8,0,-3.3722960907747783,13.745665745088857,-11.464897660834737,25.43840663744148,0.29384822613645933,0.5401039821820873
235.649,43.242,-14.1,235.497,43.155,-11.5,235.67000000000002,43.056,-14.2,0,-4.576285466894919,12.2174679579735,-10.263600218227268,25.22550617324996,0.44541782085402304,0.4841194855584503
235.517,42.976,-11.5,235.537,42.797,-11.5,235.69,42.873,-14.1,0,-4.327820822079201,12.020889953052972,-9.497306184077061,25.45421434691717,0.45531940945927046,0.4720594563875449
235.497,43.155,-11.5,235.517,42.976,-11.5,235.67000000000002,43.056,-14.2,0,-4.465824316128882,12.732998226175004,-9.501647246288613,25.52466438957761,0.4695674076877337,0.4986606457483742
235.475,43.514,-11.5,235.483,43.335,-11.5,235.642,43.421,-14.1,0,-4.979381559622534,14.158740976051318,-11.169955760354167,24.905726579261334,0.4453293021783558,0.5683238758865053
235.461,44.053,-11.5,235.461,43.874,-11.5,235.622,43.956,-14.0,0,-4.3503368618907405,16.58781101139815,-12.268889435091872,24.516967459329052,0.35405733418061464,0.6764444705411159
235.309,46.744,-11.5,235.503,46.651,-13.7,235.438,46.856,-13.6,0,-1.4849473176705765,21.33101688924235,-5.115432645731978,27.630080523607475,0.2911812046812514,0.7719973207984678
235.562,42.618,-11.5,235.59199999999998,42.439,-11.5,235.737,42.515,-14.1,0,-3.232455467596847,11.521761028482297,-8.095978832523326,25.856341566001134,0.39885431128660903,0.44540081242864477
236.152,40.789,-15.1,236.372,40.874,-16.5,236.231,40.941,-15.3,0,-10.58432539236651,1.976339030546698,-18.811266912114547,18.416116092897653,0.5625454944936294,0.10666104971089442
235.781,43.867,-16.5,235.622,43.956,-14.0,235.626,43.781,-14.0,0,-3.0473934687877176,13.042998917349923,-11.625439241303496,24.79175291585267,0.26157332145617385,0.5259066480250987
235.17000000000002,47.09,-11.5,235.356,47.067,-13.7,235.27800000000002,47.225,-13.7,0,0.008482095329160983,23.60359082560724,0.0038121528586092523,28.221990604438304,0.41841470334436215,0.8362924185742932
235.631,43.603,-14.1,235.475,43.514,-11.5,235.642,43.421,-14.1,0,-4.3009882487945355,13.704656124986094,-10.753376359728662,25.113422580548388,0.3994574378222426,0.5455270614792721
235.465,43.694,-11.5,235.475,43.514,-11.5,235.631,43.603,-14.1,0,-4.477741118665676,15.136392344474316,-10.904198890651,25.084343025902832,0.4101476306768389,0.6032641801058916
235.082,47.26,-11.5,235.27800000000002,47.225,-13.7,235.188,47.383,-13.7,0,0.7919293301909842,23.819089913386826,1.6378853693208466,28.22930300888867,0.4785935042184958,0.8436859879010327
235.461,43.874,-11.5,235.465,43.694,-11.5,235.626,43.781,-14.0,0,-4.392662407262345,15.789887943844759,-11.726206389730198,24.729502395420738,0.3741021327462519,0.6383580848487539
235.466,44.952,-11.5,235.623,44.85,-14.0,235.627,45.031,-14.1,0,-5.991125683378332,19.72453328089564,-11.93502775858158,24.96957158778806,0.5014284758273244,0.7897610647317087
235.799,43.33,-16.5,235.642,43.421,-14.1,235.649,43.242,-14.1,0,-4.245178647412535,10.966485410572512,-11.221213197337118,24.816078659744946,0.37783036554526384,0.4416755752306178
235.471,40.329,-14.0,235.57999999999998,40.297,-16.5,235.589,40.434,-14.4,0,-22.218521420941048,-5.50223887178119,-24.686025376476245,9.082710175146275,0.9000240568176933,-0.606534460099006
235.537,46.492,-13.8,235.388,46.389,-11.5,235.561,46.308,-13.8,0,-2.158073775750242,18.64447951725121,-8.94706484022985,26.544829561376282,0.24141120997144555,0.7022959486175437
235.461,44.413,-11.5,235.461,44.233,-11.5,235.622,44.316,-14.0,0,-4.902236820898849,18.742555173469157,-12.268889413873865,24.620394787318155,0.398973437235453,0.7611222970268658
235.483,43.335,-11.5,235.497,43.155,-11.5,235.649,43.242,-14.1,0,-4.847777233075618,13.48380287129581,-10.350653011360734,25.226955020992754,0.46790213269551034,0.5343190904597561
235.788,43.688,-16.5,235.781,43.867,-16.5,235.626,43.781,-14.0,0,-2.7901223113627416,11.53697122740594,-11.197085818065055,24.952873043494975,0.24862618582640364,0.4621387017772137
235.459,45.672,-11.5,235.464,45.492,-11.5,235.623,45.569,-14.1,0,-5.519045650331035,18.978293592886263,-11.576971663690227,25.32804490992266,0.4763722043851301,0.7491121497999231
235.78199999999998,44.046,-16.5,235.781,44.225,-16.5,235.62,44.135,-14.0,0,-2.6400353937831667,13.578718609123392,-12.019677639238125,24.65297277482297,0.21903777315102876,0.5505853143736148
235.461,44.053,-11.5,235.622,43.956,-14.0,235.62,44.135,-14.0,0,-3.8002886703457026,16.233988532573527,-11.968396944452085,24.686614008859344,0.31695216936111215,0.6574441595816429
235.793,43.509,-16.5,235.788,43.688,-16.5,235.631,43.603,-14.1,0,-3.3597073706461407,10.756675151580897,-11.470617969392432,24.75139655987308,0.29237824562389764,0.4343651859872557
235.462,44.593,-11.5,235.461,44.413,-11.5,235.622,44.494,-14.0,0,-5.585141144142754,19.55840042267545,-12.404277232570745,24.60378136903394,0.4496750476675289,0.7947938595576398
235.626,43.781,-14.0,235.465,43.694,-11.5,235.631,43.603,-14.1,0,-4.471867872649329,14.095963608305228,-12.429244499103323,24.347906938386792,0.35931169329857043,0.5787687463677038
235.452,45.851,-11.5,235.459,45.672,-11.5,235.61700000000002,45.743,-14.1,0,-4.7809428923742265,18.643440540852104,-11.29374634595277,25.508418704167198,0.42306026812542397,0.7306837050173021
235.461,44.233,-11.5,235.461,44.053,-11.5,235.62,44.135,-14.0,0,-4.455598617151578,17.676868111646968,-12.269222808988367,24.574512242494848,0.3625846054373708,0.7191784792951873
235.463,44.773,-11.5,235.462,44.593,-11.5,235.622,44.672,-14.0,0,-6.172111460861641,20.09871155433518,-12.404224594679839,24.657803972199297,0.49702469874320176,0.8149604566486822
235.461,44.413,-11.5,235.622,44.316,-14.0,235.622,44.494,-14.0,0,-4.689942504737679,18.413815084505465,-12.240438118226251,24.650145806620387,0.3825319908889738,0.7468451589068048
235.464,45.492,-11.5,235.623,45.386,-14.1,235.623,45.569,-14.1,0,-5.778333588780744,18.12727987222586,-12.239474799864087,24.978811294901256,0.47170500668682663,0.725493960068303
235.788,43.688,-16.5,235.626,43.781,-14.0,235.631,43.603,-14.1,0,-3.697801690394944,11.95482427316175,-12.385675306994607,24.343296085614355,0.2980593079739823,0.49088848445166444
235.082,47.26,-11.5,235.17000000000002,47.09,-11.5,235.27800000000002,47.225,-13.7,0,0.2207630509634645,24.498344670338717,0.499034413896986,28.239367614624875,0.42602131489668693,0.8674741353212467
235.561,46.308,-13.8,235.414,46.21,-11.5,235.577,46.123,-13.8,0,-2.6637139591242156,17.905366284200266,-10.074702088630474,26.098561901091713,0.26442215937923447,0.6859306885586114
235.46699999999998,45.312,-11.5,235.469,45.132,-11.5,235.627,45.212,-14.1,0,-6.437222428992445,19.876958522607264,-11.991184681990344,25.037779123505736,0.536372070121879,0.7937065316173392
235.356,46.567,-11.5,235.388,46.389,-11.5,235.537,46.492,-13.8,0,-1.8141222930115102,20.422974164402916,-7.701210467276624,26.960135218320545,0.23602804290223997,0.7574744479464499
235.17000000000002,47.09,-11.5,235.251,46.919,-11.5,235.356,47.067,-13.7,0,-0.16269324989732942,24.065621568976553,-0.4658432902385563,28.193303772679826,0.36440361083221867,0.853559973711618
235.469,45.132,-11.5,235.466,44.952,-11.5,235.627,45.031,-14.1,0,-6.865597108531542,19.995971695356616,-12.67382779124856,24.638333058510682,0.5412442061147786,0.8114157982111673
235.462,44.593,-11.5,235.622,44.494,-14.0,235.622,44.672,-14.0,0,-5.318876797946619,19.208777226938285,-12.240271169093923,24.70408188414853,0.4339320912176289,0.7773896375348809
235.466,44.952,-11.5,235.463,44.773,-11.5,235.623,44.85,-14.0,0,-6.712958872540124,20.155735703521366,-12.676980830274672,24.569461417884867,0.529031440260118,0.8202041618491693
235.81,43.151,-16.5,235.799,43.33,-16.5,235.649,43.242,-14.1,0,-3.854687516644591,9.956104700440923,-10.642530918694053,25.03375412687148,0.36169121706200985,0.3974527801483248
235.953,41.067,-13.0,235.872,40.885,-13.0,236.05700000000002,40.92,-14.1,0,-16.730691769725244,5.381631789630395,-20.53660439894363,16.558012150254765,0.8146465074572339,0.3244487233261375
235.62,44.135,-14.0,235.781,44.225,-16.5,235.622,44.316,-14.0,0,-3.2907837119014567,15.238425317952963,-12.452721215459313,24.472906914181245,0.26365099669862085,0.6224685606830985
235.309,46.744,-11.5,235.356,46.567,-11.5,235.503,46.651,-13.7,0,-1.3984582492123172,21.720753596568144,-5.501246228141834,27.531989556088163,0.255104931376741,0.7889053572137648
235.781,44.225,-16.5,235.78,44.403,-16.5,235.622,44.316,-14.0,0,-2.9745609103530515,14.953275410378891,-12.018624554341248,24.71390850360033,0.2468563799827872,0.6048388239925258
235.463,44.773,-11.5,235.622,44.672,-14.0,235.623,44.85,-14.0,0,-5.906984574174626,19.555742201315024,-12.37745999152143,24.6863464383308,0.47666837694856223,0.7919961110720958
235.793,43.509,-16.5,235.631,43.603,-14.1,235.642,43.421,-14.1,0,-3.668585791813415,11.648266783030348,-10.696702621588244,25.09494746632552,0.3424269592424788,0.4639498537194215
235.461,44.233,-11.5,235.62,44.135,-14.0,235.622,44.316,-14.0,0,-4.235971293051266,17.233160554719188,-12.50920068351995,24.46325357805742,0.33803456240040913,0.7042919720415439
235.81,43.151,-16.5,235.649,43.242,-14.1,235.67000000000002,43.056,-14.2,0,-4.030212617077332,10.597205742598367,-10.247269413222206,25.188769088857867,0.39280169128872805,0.4204635960984021
235.622,43.956,-14.0,235.78199999999998,44.046,-16.5,235.62,44.135,-14.0,0,-2.952560168829856,14.08564833162476,-11.911556139123501,24.69163904781447,0.24728286270391533,0.5702687606874046
234.015,48.696,-11.5,234.197,48.561,-11.5,234.25400000000002,48.682,-14.2,0,8.937021449471958,7.441480398485317,12.619477153180151,25.91170326629569,0.7077409541466796,0.2864244444422844
235.464,45.492,-11.5,235.46699999999998,45.312,-11.5,235.623,45.386,-14.1,0,-6.116097837800693,19.43456059885334,-11.854100590941812,25.159640807894988,0.5155340194692334,0.7722699462441817
235.622,44.316,-14.0,235.78,44.403,-16.5,235.622,44.494,-14.0,0,-3.717735024015668,16.576599913450238,-12.184025686219783,24.667787952521678,0.3044881445168345,0.6717911254944533
235.78,44.403,-16.5,235.779,44.582,-16.5,235.622,44.494,-14.0,0,-3.527861574647289,16.150420463781593,-12.019444616017662,24.76755611299013,0.2928604792096668,0.6518544967544586
235.825,42.973,-16.5,235.67000000000002,43.056,-14.2,235.69,42.873,-14.1,0,-3.333612547564313,10.408892672916636,-8.627828786319682,25.76657316666813,0.3858577117922167,0.4037146416272044
235.95999999999998,41.624,-14.4,236.04399999999998,41.732,-16.5,235.902,41.803,-14.4,0,-1.4208127046953507,8.972974780586428,-4.152379030709948,26.59541019918477,0.340153227772205,0.33712662126572157
235.623,44.85,-14.0,235.776,44.94,-16.5,235.627,45.031,-14.1,0,-5.1039258581778375,18.11585571695939,-11.88913252998374,24.978093509776066,0.4287000261205101,0.7250382807329121
235.781,43.867,-16.5,235.78199999999998,44.046,-16.5,235.622,43.956,-14.0,0,-2.713611457592791,12.260353892943908,-12.291118334822155,24.470162339342785,0.2202256356919465,0.5008264055772917
235.622,44.494,-14.0,235.779,44.582,-16.5,235.622,44.672,-14.0,0,-4.332781197217959,17.523044130071046,-12.184192714213559,24.721761689818962,0.3549669200289886,0.7086003956497969
235.29500000000002,47.575,-16.5,235.19299999999998,47.741,-16.5,235.091,47.615,-14.3,0,1.641254823983046,18.96092128076924,2.6184098659775312,28.224318521994178,0.6233977945876941,0.6714737016632656
235.799,43.33,-16.5,235.793,43.509,-16.5,235.642,43.421,-14.1,0,-3.7970281485569988,10.256044722915094,-11.33158990205602,24.7800400186942,0.33458164129638207,0.4136436524339017
235.388,46.389,-11.5,235.414,46.21,-11.5,235.561,46.308,-13.8,0,-2.1402586719359458,19.58333097422702,-8.58917284218943,26.651990132129214,0.24941119929338323,0.734681239500571
235.779,44.582,-16.5,235.777,44.761,-16.5,235.622,44.672,-14.0,0,-4.064766751128383,16.984817712290816,-11.882231453635157,24.890550754683133,0.3414400821156582,0.6821450154030256
235.251,46.919,-11.5,235.309,46.744,-11.5,235.438,46.856,-13.6,0,-1.1573191568609356,22.992550944917042,-3.8531144285656147,27.86046673033517,0.3019613753461105,0.8252569504996643
236.07999999999998,41.27,-14.3,236.16899999999998,41.387,-16.5,236.01600000000002,41.447,-14.3,0,-1.7223134016715589,9.777220898677378,-3.2429657708941058,26.586982602280784,0.5295137542698969,0.36751771704347147
234.197,48.561,-11.5,234.368,48.422,-11.5,234.42000000000002,48.553,-14.1,0,8.394041157706488,9.473500331821905,11.528906499307565,26.333294751618077,0.7274796603529231,0.3591419372659129
234.988,47.428,-11.5,235.082,47.26,-11.5,235.188,47.383,-13.7,0,0.6886196781182833,24.48092523093648,1.3826325761899128,28.271270813858983,0.4913771269051334,0.8658594699766557
235.459,45.672,-11.5,235.623,45.569,-14.1,235.61700000000002,45.743,-14.1,0,-4.8888327653570265,17.833426644924717,-11.380708898871386,25.434868319623277,0.42922058621123166,0.7009260771652124
235.469,45.132,-11.5,235.627,45.031,-14.1,235.627,45.212,-14.1,0,-6.218038661580015,19.263604095927573,-12.237307692576103,24.883053993475635,0.5076236257473906,0.7739707369480666
235.869,42.617,-16.5,235.713,42.695,-14.2,235.737,42.515,-14.1,0,-2.663004203440235,10.12974935451753,-8.008384702224756,25.86824355678427,0.3320461046474508,0.3913209334542335
235.845,42.795,-16.5,235.69,42.873,-14.1,235.713,42.695,-14.2,0,-3.577950824518862,9.997519619734899,-9.834037171119157,25.270984287781516,0.363421938248531,0.3953451857441811
235.622,44.672,-14.0,235.777,44.761,-16.5,235.623,44.85,-14.0,0,-4.932566895185552,17.969002243922137,-12.321929067150606,24.710936974926476,0.39969967469921075,0.7269478089439596
235.46699999999998,45.312,-11.5,235.627,45.212,-14.1,235.623,45.386,-14.1,0,-5.8195715373073496,18.95445844439464,-11.668242706792295,25.211586312400634,0.49827573499854916,0.7516130286250711
235.777,44.761,-16.5,235.776,44.94,-16.5,235.623,44.85,-14.0,0,-4.573551407059115,17.21214085979613,-12.019719407149417,24.881919037063604,0.379890736479822,0.6915052242289326
235.765,40.729,-13.2,235.66500000000002,40.558,-13.7,235.834,40.575,-14.8,0,-22.439510853233887,-1.3246251160656946,-25.0297752710501,8.06389022209985,0.8964949012847807,-0.1656065013933831
235.091,47.615,-14.3,235.19299999999998,47.741,-16.5,234.99599999999998,47.78,-14.3,0,1.1534516579958831,19.55708660845039,1.7754279431044164,28.322838964465276,0.6443424707176604,0.6902283452111504
235.89600000000002,42.439,-16.5,235.869,42.617,-16.5,235.737,42.515,-14.1,0,-2.434026769826833,9.476994907607514,-8.382097004506068,25.717803082548052,0.2898879184075321,0.3682078779953956
235.825,42.973,-16.5,235.81,43.151,-16.5,235.67000000000002,43.056,-14.2,0,-3.6877976594145503,9.64764408998687,-10.073494109394758,25.223174701811487,0.36559912271239603,0.38222427213395677
236.171,41.092,-14.8,236.05700000000002,40.92,-14.1,236.231,40.941,-15.3,0,-9.071075792225706,5.667803895471375,-13.739355308655256,22.517630901238178,0.6600987695945167,0.25125344023980417
235.845,42.795,-16.5,235.825,42.973,-16.5,235.69,42.873,-14.1,0,-3.2937115720136467,9.541118373435296,-9.3713315806066,25.47494160651366,0.35099761745474184,0.3742549118263413
234.899,47.95,-14.3,234.989,48.071,-16.5,234.80200000000002,48.108,-14.3,0,1.816144302340077,15.31144060967509,2.510365197724145,28.397875459481327,0.7196789686138296,0.5388400789871974
235.869,42.617,-16.5,235.845,42.795,-16.5,235.713,42.695,-14.2,0,-2.851979304991573,9.5183391395238,-8.806833145663695,25.60872676170834,0.32338035809508875,0.37140187271656977
235.19299999999998,47.741,-16.5,235.09,47.906,-16.5,234.99599999999998,47.78,-14.3,0,1.8773053966521602,17.432228428941233,2.7879571272578154,28.27492492916562,0.6698730965914522,0.6161777813457322
234.99599999999998,47.78,-14.3,235.09,47.906,-16.5,234.899,47.95,-14.3,0,1.138381237267207,17.691292451509128,1.636854086761188,28.401889313323224,0.6895799544705596,0.6225841115521407
236.01600000000002,41.447,-14.3,236.103,41.559,-16.5,235.95999999999998,41.624,-14.4,0,-1.5571430147325693,9.510437081735546,-3.556245668361356,26.62652791371835,0.43586825069694535,0.35694439510918674
236.245,41.217,-16.5,236.07999999999998,41.27,-14.3,236.171,41.092,-14.8,0,-2.383122864614555,8.662067146384736,-4.138472214366782,26.32464351124704,0.5750503361123547,0.3287842127492642
235.414,46.21,-11.5,235.441,46.031,-11.5,235.577,46.123,-13.8,0,-2.488234169212466,19.278066555691897,-8.439919027807022,26.68726257058028,0.294858115109402,0.7222245683107974
235.623,45.386,-14.1,235.76999999999998,45.477,-16.5,235.623,45.569,-14.1,0,-5.0827926839223565,16.195928881055014,-12.185232650166778,24.98570581687312,0.4166813083905741,0.6479465728064027
234.368,48.422,-11.5,234.49099999999999,48.262,-11.5,234.56,48.407,-13.8,0,3.9250360552103856,12.572578396573851,5.28000321891265,28.140172658570645,0.7419965350607833,0.4463372384837734
235.776,44.94,-16.5,235.774,45.119,-16.5,235.627,45.031,-14.1,0,-4.783326042012156,17.016793505784005,-11.881216031959703,24.997840065779023,0.4020111895920612,0.680469810295891
235.768,45.656,-16.5,235.764,45.835,-16.5,235.61700000000002,45.743,-14.1,0,-3.9223590090365232,14.170645512373737,-11.604481813960756,25.32459091524573,0.33762877150875,0.5592894601775744
235.577,46.123,-13.8,235.441,46.031,-11.5,235.59199999999998,45.948,-13.8,0,-3.161575274045067,17.759263176703772,-10.088782637219346,26.082392574931767,0.3132555177178775,0.6807102123336967
235.772,45.298,-16.5,235.76999999999998,45.477,-16.5,235.623,45.386,-14.1,0,-4.751888209641673,15.663366484887218,-11.88211981653895,25.097151191763274,0.3994222558566197,0.6238313832190961
234.888,48.237,-16.5,234.777,48.4,-16.5,234.692,48.276,-14.3,0,2.764479654450733,10.30912963307043,3.816547337832189,28.31423266370608,0.7221284137903831,0.36365743215919505
235.441,46.031,-11.5,235.452,45.851,-11.5,235.59199999999998,45.948,-13.8,0,-3.835294418037805,18.614090657670346,-10.74137290994705,25.790090362634636,0.35691752589117304,0.7215755649282725
235.774,45.119,-16.5,235.772,45.298,-16.5,235.627,45.212,-14.1,0,-4.8581759429735625,16.432345824538306,-11.88132779404118,25.05538830567206,0.4083472916249678,0.6555690415660561
235.59199999999998,42.439,-11.5,235.626,42.261,-11.5,235.767,42.348,-14.2,0,-2.7605064004032105,11.28485574845754,-7.507424797437849,26.010621142403778,0.3671105689819018,0.43363316493111076
235.09,47.906,-16.5,234.989,48.071,-16.5,234.899,47.95,-14.3,0,1.7823644076397118,15.335029252877314,2.51321561510038,28.371723235880346,0.7053606311688431,0.5401364852003254
235.76999999999998,45.477,-16.5,235.768,45.656,-16.5,235.623,45.569,-14.1,0,-4.451154513196133,14.816608320460224,-11.882234710433,25.15450015417727,0.37416819537196927,0.588744643929693
236.245,41.217,-16.5,236.16899999999998,41.387,-16.5,236.07999999999998,41.27,-14.3,0,-0.6652668214570443,8.823440754950958,-1.2779258671476654,26.69730458216457,0.5172117351314941,0.3302736123533262
234.989,48.071,-16.5,234.888,48.237,-16.5,234.80200000000002,48.108,-14.3,0,1.750989355118523,12.918323921329069,2.4083938525389588,28.423796050379714,0.7233015555209966,0.4540986836836028
235.627,45.031,-14.1,235.774,45.119,-16.5,235.627,45.212,-14.1,0,-5.3739505955720706,17.598779736673873,-12.18323051270053,24.886654164705675,0.440553083309889,0.7069115466239613
234.625,48.547,-16.5,234.446,48.681,-16.5,234.42000000000002,48.553,-14.1,0,8.650413029354231,6.085348869080925,12.637749351662126,25.833086691820526,0.6838650086299298,0.234940437374959
236.372,40.874,-16.5,236.326,41.049,-16.5,236.231,40.941,-15.3,0,-2.7319994100210185,3.923523576787055,-5.503266320594719,25.83313625796199,0.49606225124130066,0.151498927752172
235.66,42.083,-11.5,235.704,41.907,-11.5,235.813,42.029,-13.8,0,-2.123376215410858,10.791649817268722,-6.042891775739879,26.28145678475527,0.35005371321945555,0.41036703457890444
235.627,45.212,-14.1,235.772,45.298,-16.5,235.623,45.386,-14.1,0,-5.07904899818126,17.146243212464004,-11.61400517420045,25.212877048230062,0.4367989686831024,0.6798063034484049
235.623,45.569,-14.1,235.768,45.656,-16.5,235.61700000000002,45.743,-14.1,0,-4.328089878063306,15.712147239781414,-11.32573298663975,25.441167170915932,0.38174180341997827,0.617329143691088
235.957,42.084,-16.5,235.924,42.261,-16.5,235.814,42.16,-14.3,0,-1.7538443296253177,8.710161605927805,-7.503944409901905,25.918271818558154,0.23288860723749025,0.33574928490219996
236.16899999999998,41.387,-16.5,236.103,41.559,-16.5,236.01600000000002,41.447,-14.3,0,-1.2222735750004832,9.045924035516247,-2.717221832689024,26.682051798192433,0.44758298235584326,0.3388017480182227
236.326,41.049,-16.5,236.245,41.217,-16.5,236.171,41.092,-14.8,0,-0.2643652438479421,7.009127308678389,-0.49672676712654606,26.568043176783007,0.5265023972712959,0.263552725578333
236.04399999999998,41.732,-16.5,235.999,41.908,-16.5,235.902,41.803,-14.4,0,-1.605574813615197,8.142559036511802,-5.781909994107995,26.263670643986877,0.27629104239244384,0.3097474699663641
234.446,48.681,-16.5,234.252,48.806,-16.5,234.25400000000002,48.682,-14.2,0,9.43338376098149,4.595545555209175,14.342962620203126,25.02667115211412,0.6572307026290275,0.18288829700037484
236.103,41.559,-16.5,236.04399999999998,41.732,-16.5,235.95999999999998,41.624,-14.4,0,-1.3276369670127826,8.57316760770313,-3.722673493605299,26.620791257134954,0.3545844923530344,0.32180017379647524
236.05700000000002,40.92,-14.1,236.152,40.789,-15.1,236.231,40.941,-15.3,0,-12.68217820451065,3.0498185437784646,-18.803742905979107,18.448917938009807,0.6743633312006745,0.16467683291527094
234.888,48.237,-16.5,234.692,48.276,-14.3,234.80200000000002,48.108,-14.3,0,2.4216324397731204,12.67343668427848,3.298785882258425,28.351017948384857,0.7314222579925936,0.44663640471751515
236.152,40.789,-15.1,236.05700000000002,40.92,-14.1,235.98399999999998,40.797,-14.1,0,-16.630058144897138,1.9963780541414815,-22.263087366072575,14.04610849297428,0.7469223932129748,0.1413011640386632
234.197,48.561,-11.5,234.42000000000002,48.553,-14.1,234.25400000000002,48.682,-14.2,0,8.998459971897725,7.5681280687340085,12.68393406315781,25.85126835928444,0.7089143719260834,0.2920627632697786
234.42000000000002,48.553,-14.1,234.446,48.681,-16.5,234.25400000000002,48.682,-14.2,0,8.730486907100687,6.0723590081738426,12.73316019883867,25.808112024633758,0.6851000599838726,0.23459910244443472
236.05700000000002,40.92,-14.1,235.872,40.885,-13.0,235.98399999999998,40.797,-14.1,0,-18.187820706576364,3.0784926885748054,-22.304358395374148,14.029902984093004,0.8154075906221041,0.21866145817315627
235.89600000000002,42.439,-16.5,235.737,42.515,-14.1,235.767,42.348,-14.2,0,-2.577003406011741,9.840781787791848,-8.628481238688888,25.61279309385064,0.29815063553603205,0.3839277896639429
235.814,42.16,-14.3,235.66,42.083,-11.5,235.813,42.029,-13.8,0,-2.077266554891012,10.291046815526903,-6.605405626513239,26.149536145313967,0.3133891759725391,0.3932768051696346
235.737,42.515,-14.1,235.59199999999998,42.439,-11.5,235.767,42.348,-14.2,0,-3.061961989189423,10.831914607154767,-8.656850571994863,25.63759085872254,0.35323607746362057,0.4222573602408237
234.777,48.4,-16.5,234.56,48.407,-13.8,234.692,48.276,-14.3,0,3.1161692750318752,10.324781485254539,4.278742888478534,28.268393569811447,0.7264419440868015,0.3647838712350996
234.56,48.407,-13.8,234.49099999999999,48.262,-11.5,234.692,48.276,-14.3,0,3.3030466163576753,12.679709161011338,4.448325666909357,28.27269332558843,0.7407672203099721,0.4480706618678748
235.957,42.084,-16.5,235.814,42.16,-14.3,235.813,42.029,-13.8,0,-1.784009209449449,9.16039976750721,-6.886267714100828,26.09250158839327,0.25804359804791793,0.3507729717172024
236.326,41.049,-16.5,236.171,41.092,-14.8,236.231,40.941,-15.3,0,-5.264630308654152,5.689473403910802,-9.399125785597445,24.733534915008704,0.5598881886731343,0.22964702223953232
232.701,49.817,-16.5,232.52100000000002,49.954,-16.5,232.527,49.856,-14.7,0,6.941551845050712,-0.056810831638940865,11.84302998614683,26.85964347905379,0.5858277743007223,-0.0034120048261899166
235.362,40.361,-11.5,235.471,40.329,-14.0,235.437,40.531,-11.5,0,-19.376896915193317,-8.95042735240764,-20.633450939437246,16.581508834432913,0.9391070709800952,-0.5402313672950546
232.301,49.864,-11.5,232.486,49.729,-11.5,232.527,49.856,-14.7,0,7.893551640058807,0.02385933828075686,12.302083874235995,26.71043216612756,0.6414253035417726,-0.0005928999937903438
232.411,49.909,-14.0,232.301,49.864,-11.5,232.527,49.856,-14.7,0,7.219259575323741,0.30492705352812777,11.625911513071173,26.991252512775716,0.6207172354956386,0.00983192356147975
235.437,40.531,-11.5,235.471,40.329,-14.0,235.589,40.434,-14.4,0,-22.52924456215448,-5.211610989541284,-24.21320959379979,10.284044498719206,0.930447845919355,-0.5075486253972215
236.098,43.033,-21.5,235.81,43.151,-16.5,235.825,42.973,-16.5,0,-2.8882652777170135,7.552288409058874,-9.996879063022732,25.308303382885164,0.28842236339485855,0.29812915461623857
236.161,42.502,-21.5,235.89600000000002,42.439,-16.5,236.185,42.325,-21.5,0,-1.383711585073032,6.472559420885239,-8.653283827360656,25.622329205612047,0.15943471170703116,0.2523065439331477
236.082,43.211,-21.5,235.81,43.151,-16.5,236.098,43.033,-21.5,0,-2.348489829418379,6.192971419057529,-9.808904522193245,25.39159376201625,0.23893254202074554,0.24363162723452722
236.049,45.699,-21.5,236.053,45.877,-21.5,235.764,45.835,-16.5,0,-2.708851092277497,8.01728108919435,-12.588777427572342,24.854637317425187,0.21484124144477967,0.3222958811954367
236.185,42.325,-21.5,235.89600000000002,42.439,-16.5,235.924,42.261,-16.5,0,-1.539152526212883,7.541460643525179,-8.16089421552882,25.78930647972396,0.18802059270973043,0.292105531363574
234.037,49.172,-21.5,233.856,49.052,-16.5,234.055,48.93,-16.5,0,8.107428637656433,0.8013045850493364,14.81698772671997,24.981866881061716,0.5467838505118066,0.031288283305105136
236.209,42.148,-21.5,236.185,42.325,-21.5,235.924,42.261,-16.5,0,-1.1934149226368875,6.064297757844328,-8.64734263011352,25.58075960100357,0.13746567972963902,0.23675097575024368
235.764,45.835,-16.5,235.768,45.656,-16.5,236.049,45.699,-21.5,0,-3.1358417796085027,10.787170280399321,-11.527479870591389,25.386524192527816,0.27163266424363364,0.42462771874637983
236.082,43.211,-21.5,235.799,43.33,-16.5,235.81,43.151,-16.5,0,-3.0181049139384446,7.602020607533522,-10.565141793589273,25.12765787093528,0.28516436567875936,0.3022658089326096
234.244,49.056,-21.5,234.037,49.172,-21.5,234.055,48.93,-16.5,0,7.916640665485975,0.5978892790553608,15.806456963877217,24.283099074406277,0.5004690393580828,0.02391324369658914
236.067,43.388,-21.5,235.799,43.33,-16.5,236.082,43.211,-21.5,0,-2.281563706630792,6.271017617361171,-9.939430430776262,25.402233734219188,0.22903824575471082,0.24661508567994636
236.24200000000002,41.972,-21.5,236.209,42.148,-21.5,235.957,42.084,-16.5,0,-0.9544898044854003,5.563167555348308,-7.355212797343288,25.961481241439714,0.12903292043721482,0.21398535008801092
236.209,42.148,-21.5,235.924,42.261,-16.5,235.957,42.084,-16.5,0,-1.2626433499508012,7.074375418343316,-7.433025941587417,25.984684955668442,0.16910568780795035,0.2719309824965107
236.24200000000002,41.972,-21.5,235.957,42.084,-16.5,235.999,41.908,-16.5,0,-1.0571147226221103,6.576293971843104,-6.139519586332536,26.3027024822199,0.1711104531055981,0.24972036851027057
236.049,45.699,-21.5,235.768,45.656,-16.5,236.043,45.522,-21.5,0,-3.0719741982151234,8.79732767649905,-12.867662254334459,24.676263554072463,0.2383587158800093,0.35621185406267825
236.067,43.388,-21.5,235.793,43.509,-16.5,235.799,43.33,-16.5,0,-2.9542587404610323,7.733462850928571,-11.255690971905818,24.883909335335936,0.2619765881680347,0.31052658536242295
236.27800000000002,41.796,-21.5,236.24200000000002,41.972,-21.5,235.999,41.908,-16.5,0,-1.01008561841001,5.136125151837356,-6.925788918901876,26.055426118816094,0.1449958141376899,0.19684913061082868
235.768,45.656,-16.5,235.76999999999998,45.477,-16.5,236.043,45.522,-21.5,0,-3.527821615652684,11.62243701990372,-11.807324512591983,25.224563125528135,0.298331950345521,0.46045232793490315
236.05700000000002,43.566,-21.5,235.793,43.509,-16.5,236.067,43.388,-21.5,0,-2.1500001050927406,6.369522838696877,-10.649992522401337,25.169985131412595,0.20138984351604636,0.25282035215064347
236.27800000000002,41.796,-21.5,236.04399999999998,41.732,-16.5,236.32299999999998,41.622,-21.5,0,-1.079339024981348,5.2166969642203425,-5.5926980419507295,26.35868999713812,0.19195970624321562,0.19767539637324597
236.37099999999998,41.448,-21.5,236.103,41.559,-16.5,236.16899999999998,41.387,-16.5,0,-0.9364540977028037,7.10862311198668,-2.6548387641681757,26.912772336089063,0.3507568443767836,0.26392167877463585
236.27800000000002,41.796,-21.5,235.999,41.908,-16.5,236.04399999999998,41.732,-16.5,0,-1.1899733090511064,6.374081538988294,-5.714678085612956,26.377285610946615,0.20702060194150695,0.2413759619887888
236.05,43.744,-21.5,236.046,43.922,-21.5,235.781,43.867,-16.5,0,-1.4731898693011536,7.093699677074026,-11.483455324482996,24.896689863973897,0.12780398985169794,0.28470664013679353
236.05700000000002,43.566,-21.5,235.788,43.688,-16.5,235.793,43.509,-16.5,0,-2.542213823212026,8.019961073658328,-11.394594491888796,24.882456103205655,0.22260759705072,0.3220752586733846
236.05700000000002,43.566,-21.5,236.05,43.744,-21.5,235.788,43.688,-16.5,0,-1.8100371587596595,6.607175985884116,-11.067496068487948,25.04361118939522,0.16306411819456992,0.2636003497922963
236.048,44.277,-21.5,235.78,44.403,-16.5,235.781,44.225,-16.5,0,-1.952194383058182,11.791368669815602,-11.942683107452378,24.820215791575123,0.16286989942451055,0.47482896242824113
236.05,43.744,-21.5,235.781,43.867,-16.5,235.788,43.688,-16.5,0,-2.0129725069696516,8.588129798114796,-11.12128206111943,25.065384255618696,0.18047393174112197,0.3424023862308251
236.32299999999998,41.622,-21.5,236.04399999999998,41.732,-16.5,236.103,41.559,-16.5,0,-1.0076654751677614,6.705623868886427,-3.6584543119273008,26.754752342636984,0.273660534635712,0.2503978796454282
236.04399999999998,44.455,-21.5,235.78,44.403,-16.5,236.048,44.277,-21.5,0,-1.5468370512589356,10.412726199025627,-11.480865951092586,25.054043141670356,0.13416553579846424,0.41536136736446033
236.035,45.344,-21.5,236.043,45.522,-21.5,235.76999999999998,45.477,-16.5,0,-3.361357621404302,9.717653898307216,-13.13532712923141,24.500915940394314,0.25548886135045346,0.3963080381033838
236.047,44.099,-21.5,236.048,44.277,-21.5,235.781,44.225,-16.5,0,-1.346832723928327,8.966486755970218,-12.16904470697986,24.661837561761608,0.11016023537206136,0.36334580276882533
236.32299999999998,41.622,-21.5,236.103,41.559,-16.5,236.37099999999998,41.448,-21.5,0,-1.3354867550329217,5.5786772414806585,-5.162633356494947,26.449111005309305,0.2577310871219784,0.21070992043803125
236.046,43.922,-21.5,236.047,44.099,-21.5,235.78199999999998,44.046,-16.5,0,-1.3134408611171013,7.818980522973006,-12.169696494097959,24.61497775862398,0.10743937231891243,0.31743127068994764
236.046,43.922,-21.5,235.78199999999998,44.046,-16.5,235.781,43.867,-16.5,0,-1.8420259213628443,9.226631740855375,-12.215598613463165,24.586349969222915,0.15027572171510775,0.37505174943359093
236.047,44.099,-21.5,235.781,44.225,-16.5,235.78199999999998,44.046,-16.5,0,-1.7187845748550277,10.419173844547634,-11.943568065191588,24.77350738420639,0.14334758706793993,0.4203483086132939
236.04399999999998,44.455,-21.5,235.779,44.582,-16.5,235.78,44.403,-16.5,0,-2.4074565423001215,13.101750253140345,-11.944172429369221,24.878657581222086,0.20094647411678634,0.5263677003327761
236.038,44.633,-21.5,235.779,44.582,-16.5,236.04399999999998,44.455,-21.5,0,-1.9178216575882052,11.646719889808121,-11.202985702672507,25.24630059366107,0.17059594341013457,0.4610554802582317
236.035,45.344,-21.5,235.76999999999998,45.477,-16.5,235.772,45.298,-16.5,0,-3.7254828330732184,12.62681208051867,-11.808546015541932,25.200082872297358,0.3149875908835157,0.5007496314812298
236.038,44.633,-21.5,235.777,44.761,-16.5,235.779,44.582,-16.5,0,-2.8954771270175947,14.071386836237386,-11.807925533055762,25.009626436206347,0.2445953637124274,0.5623644705529214
236.035,45.344,-21.5,235.772,45.298,-16.5,236.03199999999998,45.166,-21.5,0,-3.2672734494218165,10.872958877884011,-12.452686900592244,24.836420147938284,0.26190151609482387,0.43746383379192616
236.034,44.811,-21.5,235.777,44.761,-16.5,236.038,44.633,-21.5,0,-2.3941686048604396,12.292540606335914,-11.482469047608806,25.174646521933518,0.20792646071525958,0.4880031100245516
236.03199999999998,45.166,-21.5,235.772,45.298,-16.5,235.774,45.119,-16.5,0,-3.7607116587906977,13.547046779084697,-11.808931972073527,25.163820610806113,0.3179180844397653,0.538042721031932
236.03199999999998,44.988,-21.5,236.03199999999998,45.166,-21.5,235.774,45.119,-16.5,0,-3.0844478728158164,11.79649668296587,-12.038583329531065,25.007179644381935,0.25569335562399703,0.47140957594472827
236.03199999999998,44.988,-21.5,235.776,44.94,-16.5,236.034,44.811,-21.5,0,-2.797107840291961,12.314974868204127,-11.759357915271018,25.097675748154174,0.23730793425055108,0.49037819721672776
236.034,44.811,-21.5,235.776,44.94,-16.5,235.777,44.761,-16.5,0,-3.3742686685384733,14.386808513573802,-11.94628681829374,24.99937384981485,0.28185570762015993,0.5751962915322409
236.03199999999998,44.988,-21.5,235.774,45.119,-16.5,235.776,44.94,-16.5,0,-3.6293456289419033,14.207267356779312,-11.808817700030435,25.11930076237386,0.30676352236727844,0.5652885580712197
236.062,40.236,-19.4,236.316,40.319,-20.0,236.086,40.389,-18.2,0,-9.999595846924942,-0.8657122218684167,-26.07919874172019,1.7284756101026222,0.38313937255215413,-0.5045694960283394
236.316,40.319,-20.0,236.062,40.236,-19.4,236.224,40.169,-20.6,0,-7.122898997816236,-1.6201139374080833,-25.922747443033494,3.105698975762449,0.2744611656032801,-0.5235544017477148
232.72199999999998,50.072,-21.5,232.541,50.085,-19.0,232.703,49.954,-19.1,0,5.028836447547256,0.30764348007865794,10.574051993875182,27.379838522306066,0.47520350164168,0.010198545807759422
235.62099999999998,47.373,-18.8,235.825,47.453,-21.5,235.51600000000002,47.54,-18.8,0,1.6626229459908237,10.621325794557158,3.1126587395407554,28.019656274072474,0.5326091071115665,0.37848741801348623
235.825,47.453,-21.5,235.71699999999998,47.615,-21.5,235.51600000000002,47.54,-18.8,0,2.0693826146678025,8.447545703893216,3.8824879122617126,27.945808721647943,0.5316283013467104,0.3016312187010165
235.72199999999998,47.203,-18.8,235.926,47.29,-21.5,235.62099999999998,47.373,-18.8,0,1.1834932237689268,9.86054029297666,2.4400079952260025,28.032427368636085,0.4839290289730475,0.3512796759478958
235.51600000000002,47.54,-18.8,235.71699999999998,47.615,-21.5,235.409,47.703,-18.8,0,2.0955169429224627,10.680442044779927,3.627403569300574,28.01435328394205,0.5758308749002443,0.3806063757782829
235.71699999999998,47.615,-21.5,235.607,47.777,-21.5,235.409,47.703,-18.8,0,2.3448379019958594,8.382244304213334,4.087446645223454,27.969332418757617,0.571920220049099,0.2989952447510093
235.926,47.29,-21.5,235.825,47.453,-21.5,235.62099999999998,47.373,-18.8,0,1.4562113586109933,7.930377684103493,2.9875622302096527,27.998645678534587,0.4863449855613286,0.28268548951081
235.409,47.703,-18.8,235.607,47.777,-21.5,235.31900000000002,47.843,-18.8,0,2.0484275947539143,10.143622760645531,3.3312392677249942,28.100654517717935,0.6124952096326102,0.3603144487548655
235.607,47.777,-21.5,235.495,47.938,-21.5,235.31900000000002,47.843,-18.8,0,2.651998766155612,7.816298233473256,4.371670613275833,27.983210954546944,0.6046810863598121,0.2786297076852366
235.57999999999998,40.297,-16.5,235.74200000000002,40.23,-17.8,235.762,40.409,-16.5,0,-21.498259021416317,-1.1362157045005636,-26.13377637852573,1.7986413154840886,0.822543899395752,-0.6349196309556919
236.338,40.699,-16.5,236.531,40.705,-19.2,236.54399999999998,40.834,-19.2,0,-3.9642037513280157,-1.1547894988741962,-14.068007587342102,22.31101370658649,0.28159470125312674,-0.05229023341146078
232.541,50.085,-19.0,232.52100000000002,49.954,-16.5,232.703,49.954,-19.1,0,5.468745551005339,0.3379833924575894,10.507291317096858,27.348745261144455,0.5201103294249357,0.011196543100508022
234.96800000000002,48.394,-18.8,235.043,48.579,-21.5,234.828,48.531,-18.7,0,5.205912465505135,4.090934887022761,8.446658348639511,27.259368058025004,0.6152063399921445,0.14959535604357724
236.372,40.874,-16.5,236.338,40.699,-16.5,236.54399999999998,40.834,-19.2,0,-5.72732660423091,-0.011646297301822322,-16.061126910923992,20.96004863755378,0.3564285179055872,-0.0011316393451942161
235.192,48.431,-21.5,235.043,48.579,-21.5,234.96800000000002,48.394,-18.8,0,5.427573151520211,3.388801410038268,9.22101457160047,26.97534828552067,0.5875003258425661,0.12516483696960048
232.88400000000001,49.928,-21.5,232.72199999999998,50.072,-21.5,232.703,49.954,-19.1,0,4.593768950286708,-0.02628835301279925,9.911930437298809,27.63205787884232,0.4630678759642314,-0.0019178903164104625
235.993,47.118,-21.5,235.72199999999998,47.203,-18.8,235.805,47.022,-18.9,0,-0.6995679506122742,8.85027416815683,-1.634791486292567,28.04555527222105,0.42815190292452704,0.3152248873998769
235.993,47.118,-21.5,235.926,47.29,-21.5,235.72199999999998,47.203,-18.8,0,-0.9159462009001039,7.09506244336892,-2.1023101892290263,28.02343918153864,0.43595788520440065,0.2527531874228887
233.07299999999998,49.553,-16.5,233.26600000000002,49.426,-16.5,233.247,49.54,-18.9,0,7.921991976234198,-1.5943404907472138,13.794826007182863,25.93019109449491,0.5739178990346506,-0.06237680025346216
233.26600000000002,49.426,-16.5,233.45999999999998,49.299,-16.5,233.44299999999998,49.413,-19.1,0,7.869701010164357,-1.3952240838933314,13.909942964765554,25.925063984955138,0.5653789991879231,-0.05463913123580422
232.52100000000002,49.954,-16.5,232.701,49.817,-16.5,232.703,49.954,-19.1,0,6.567664313698256,-0.048069822041405336,11.872235365331363,26.8105838365353,0.552863281659072,-0.0029935931134753456
235.764,45.835,-16.5,236.053,45.877,-21.5,235.93200000000002,45.97,-19.3,0,-2.9395611257766774,8.397324818912878,-13.407812232999447,24.448590604311413,0.21892957485848397,0.34320166379365113
236.38400000000001,40.158,-21.5,236.539,40.291,-21.5,236.316,40.319,-20.0,0,-2.339800175405684,-2.3789627991500617,-25.33859344893022,6.211244469916724,0.09207231742386958,-0.38405301359760186
233.424,49.525,-21.5,233.238,49.656,-21.5,233.247,49.54,-18.9,0,6.3244205771258555,-1.4707679242446363,13.046169402193538,26.36929807075125,0.4843761484125023,-0.05653371556502886
235.762,40.409,-16.5,235.74200000000002,40.23,-17.8,235.93099999999998,40.322,-18.1,0,-19.487039698194323,-1.9419497354063027,-25.987360886671162,3.201207818664299,0.7497406556732391,-0.6085601134663677
233.623,49.404,-21.5,233.424,49.525,-21.5,233.44299999999998,49.413,-19.1,0,7.017669397654938,-1.3740856726252026,14.785185586130705,25.264144861269916,0.47423968270284134,-0.05508723750301516
234.888,48.237,-16.5,234.989,48.071,-16.5,235.091,48.264,-19.1,0,1.7462316708978358,9.98126346240618,2.463725415627694,28.356811106902057,0.7051941139515051,0.3515213309455449
232.885,49.684,-16.5,233.07299999999998,49.553,-16.5,233.062,49.668,-18.9,0,7.556529769193093,-1.378384619955168,13.066585643572504,26.317036476149685,0.5779755137513647,-0.053378098237638526
236.16899999999998,41.387,-16.5,236.245,41.217,-16.5,236.293,41.326,-18.8,0,-0.5468095246264829,7.655482947130757,-1.2387495078898816,27.09659830650933,0.43805393280275107,0.28230510941730086
235.975,40.484,-16.5,235.762,40.409,-16.5,235.93099999999998,40.322,-18.1,0,-19.164902013886024,1.8729880292698977,-25.941548537598095,-3.68431595713076,0.7386374682027571,-0.5066348137824024
235.74200000000002,40.23,-17.8,235.904,40.163,-19.1,235.93099999999998,40.322,-18.1,0,-16.91541782843137,-2.338067154674061,-25.908594881959182,3.56169362367225,0.6527029844406071,-0.6579156759420918
236.338,40.699,-16.5,236.406,40.536,-18.8,236.531,40.705,-19.2,0,-6.442698933481534,-1.9260983400755889,-21.876153762936408,14.581089923958203,0.29431050156746524,-0.13290223578519947
234.989,48.071,-16.5,235.18099999999998,48.142,-19.3,235.091,48.264,-19.1,0,1.6223895847168175,9.049624142860514,2.342211335493886,28.350002859125198,0.688881454894811,0.31870138001949544
236.338,40.699,-16.5,236.184,40.566,-16.5,236.406,40.536,-18.8,0,-10.298041991853479,-1.1975462524309548,-25.43889123346225,6.34549120798001,0.40461462146737665,-0.1903543682725821
236.035,46.942,-21.5,235.805,47.022,-18.9,235.858,46.841,-18.9,0,-1.6456613566427052,7.7780245677065505,-4.514260576740249,27.697125245988524,0.36428566836311227,0.28061192453757056
233.45999999999998,49.299,-16.5,233.65699999999998,49.175,-16.5,233.638,49.289,-19.0,0,8.078485018385905,-0.7514446251563363,14.40897002802554,25.510070774371833,0.5602650511243219,-0.030259286804257424
233.238,49.656,-21.5,233.058,49.79,-21.5,233.062,49.668,-18.9,0,6.011010730964221,-1.1854212736876792,12.314766290950441,26.687692399492942,0.48773398750799457,-0.045254971493208264
236.184,40.566,-16.5,235.975,40.484,-16.5,236.086,40.389,-18.2,0,-15.573827364158724,1.0017819854356576,-26.06555173205193,-2.6563692954218077,0.5972969441451296,-0.3743861130687442
234.828,48.531,-18.7,234.853,48.705,-21.5,234.648,48.684,-19.0,0,7.648496725615639,3.173868985126983,12.972919881641646,25.541081648303148,0.5888645897847947,0.12375564442199613
236.035,46.942,-21.5,235.993,47.118,-21.5,235.805,47.022,-18.9,0,-2.225709337968681,6.200457912781939,-5.869688137429058,27.44094772542214,0.37896695373869693,0.22566919552012252
235.495,47.938,-21.5,235.388,48.101,-21.5,235.23399999999998,48.006,-19.0,0,2.258412799429557,6.756073841241214,3.5942482223800134,28.147839948015495,0.6258399225808116,0.2393754572885572
235.72199999999998,47.203,-18.8,235.578,47.074,-16.5,235.805,47.022,-18.9,0,-0.752566246677906,13.196253765843293,-1.685416800187049,28.06457292652376,0.4473513427979492,0.4699327267413713
236.245,41.217,-16.5,236.326,41.049,-16.5,236.37900000000002,41.162,-18.9,0,-0.20555734844469037,6.119872764222589,-0.45800011049637845,26.999872218470273,0.4426900350276901,0.22640784642424777
235.904,40.163,-19.1,236.065,40.095,-20.3,236.062,40.236,-19.4,0,-11.110881166529557,-2.9313214260172487,-25.710671636077485,4.550582054189386,0.43186661275579813,-0.6452389507497447
236.227,40.028,-21.5,236.38400000000001,40.158,-21.5,236.224,40.169,-20.6,0,-3.2269022121303306,-2.910411199990422,-25.43849891557165,5.668778640180673,0.12655644283634693,-0.5143028954593444
236.184,40.566,-16.5,236.086,40.389,-18.2,236.28,40.451,-18.7,0,-12.304114657151404,0.005167533370233925,-26.181563473299377,0.007190516157262294,0.46971854905434657,-0.36016108351403864
234.777,48.4,-16.5,234.96800000000002,48.394,-18.8,234.828,48.531,-18.7,0,5.725718411535565,6.057827676397566,8.52619618883375,27.31812124610436,0.67042475533344,0.22125840410953768
233.829,49.287,-21.5,233.623,49.404,-21.5,233.638,49.289,-19.0,0,7.233501467767025,-0.9950717495995598,15.562160624983203,24.664119169634763,0.4644109144401122,-0.04102180275153947
236.424,41.274,-21.5,236.37099999999998,41.448,-21.5,236.293,41.326,-18.8,0,-1.3066693165433882,5.203170071124079,-4.439373488252738,26.643790095496,0.2935896456200197,0.19508311987215501
235.805,47.022,-18.9,235.64600000000002,46.902,-16.5,235.858,46.841,-18.9,0,-1.750258946833046,11.694985874634918,-4.58438878457104,27.69333290473005,0.3817421071762863,0.4221308321605111
235.043,48.579,-21.5,234.853,48.705,-21.5,234.828,48.531,-18.7,0,8.032786281868265,2.6628357596177357,14.226885607206668,24.806237464518276,0.5638937622410879,0.10688611742044078
232.701,49.817,-16.5,232.885,49.684,-16.5,232.88,49.801,-18.9,0,7.196527791616166,-0.8116448952650748,12.56775909001834,26.558316649237817,0.5722939862423304,-0.03168009784271004
236.065,40.095,-20.3,236.227,40.028,-21.5,236.224,40.169,-20.6,0,-5.397801962916209,-2.7139875482438014,-25.65266037026784,4.638860001220357,0.21010711880579064,-0.586048804791988
236.70999999999998,40.616,-21.5,236.709,40.794,-21.5,236.531,40.705,-19.2,0,-1.255745810519425,-1.710493304642198,-11.5513934631491,23.65730870996446,0.10853036029824818,-0.07268670620420879
236.38400000000001,40.158,-21.5,236.316,40.319,-20.0,236.224,40.169,-20.6,0,-3.9375073132928766,-1.8428922949431326,-25.78842323234604,3.9359667993323875,0.15238490029721405,-0.4696861024213913
235.49200000000002,47.243,-16.5,235.72199999999998,47.203,-18.8,235.62099999999998,47.373,-18.8,0,1.1969093825544135,14.391029272949313,2.3647907950995553,28.073440664080906,0.5045961490891665,0.51224106057058
236.531,40.705,-19.2,236.406,40.536,-18.8,236.574,40.557,-20.3,0,-4.0284076047046335,-2.468605024640777,-20.8607761161367,15.884834180476586,0.19290306114575134,-0.15609574240595872
235.289,48.266,-21.5,235.192,48.431,-21.5,235.091,48.264,-19.1,0,1.3265532022112052,4.364360300063238,2.1559649711886717,28.385247446854933,0.6115238440772199,0.15323873539739447
235.578,47.074,-16.5,235.64600000000002,46.902,-16.5,235.805,47.022,-18.9,0,-0.8679039134792148,14.484472657708164,-2.0893444106806918,28.015106053440903,0.4159623017619886,0.5168352627730114
236.52800000000002,41.115,-21.5,236.424,41.274,-21.5,236.37900000000002,41.162,-18.9,0,0.8784919540491846,4.179266657116209,3.0298191110771313,26.88679762558612,0.29073516944371786,0.15524607734948284
235.49200000000002,47.243,-16.5,235.578,47.074,-16.5,235.72199999999998,47.203,-18.8,0,0.25078860362509425,15.842645706022765,0.5193653846189381,28.131435662345922,0.4771423033087364,0.5628860635218313
235.93200000000002,46.149,-19.2,235.75900000000001,46.013,-16.5,235.93200000000002,45.97,-19.3,0,-2.7614204849970436,8.901074143612819,-12.936172229107424,24.711061313442052,0.21317803577449002,0.35997209930132357
235.757,46.192,-16.5,235.75900000000001,46.013,-16.5,235.93200000000002,46.149,-19.2,0,-2.631781879159129,10.295773074115438,-11.82932472063235,25.282512024621468,0.22221316250860879,0.40701800498845264
234.989,48.071,-16.5,235.09,47.906,-16.5,235.23399999999998,48.006,-19.0,0,1.7925525521547927,12.68300509861894,2.5719482760322983,28.30646298928292,0.6933134265637961,0.4475880697312617
234.625,48.547,-16.5,234.828,48.531,-18.7,234.648,48.684,-19.0,0,8.211193793712424,4.5756241205497625,12.741981311956739,25.745762358829744,0.6437029513113017,0.17717782918258124
233.058,49.79,-21.5,232.88400000000001,49.928,-21.5,232.88,49.801,-18.9,0,5.535727037076096,-0.6635889195338621,11.461680445529362,27.038047284685,0.4826011551251972,-0.025461126795596825
235.75900000000001,46.013,-16.5,235.764,45.835,-16.5,235.93200000000002,45.97,-19.3,0,-2.858621286031648,10.930522769742153,-11.40433831962434,25.458862254278827,0.25033443375255604,0.429084460022859
236.086,40.389,-18.2,236.316,40.319,-20.0,236.28,40.451,-18.7,0,-9.2308075227927,-0.9484093402255254,-26.05042189538166,2.27754368632446,0.354063424921979,-0.4196569231584663
235.31900000000002,47.843,-18.8,235.495,47.938,-21.5,235.23399999999998,48.006,-19.0,0,1.9418636531959341,9.011409423972133,3.0200488528742397,28.193073380245806,0.6400784185401218,0.31899218572636806
235.64600000000002,46.902,-16.5,235.697,46.726,-16.5,235.858,46.841,-18.9,0,-1.6361230000441007,12.966861058900225,-4.688297650668687,27.657529945868653,0.34896452254066596,0.46872492157744855
236.059,46.765,-21.5,236.035,46.942,-21.5,235.858,46.841,-18.9,0,-2.698449135328102,5.483717907933858,-8.534360377405225,26.705498995054413,0.31590994837698494,0.2051690255701551
235.697,46.726,-16.5,235.739,46.55,-16.5,235.902,46.661,-19.1,0,-1.699362171484299,11.529366166180886,-5.982509428078739,27.392354625149615,0.2839111911939731,0.4208187763517523
235.975,40.484,-16.5,235.93099999999998,40.322,-18.1,236.086,40.389,-18.2,0,-16.536808440689864,0.29152883994552165,-26.17668202234237,-0.5822334826703504,0.6315463743485957,-0.4887858981008022
235.753,46.371,-16.5,235.757,46.192,-16.5,235.928,46.323,-19.2,0,-2.480303535640144,10.036508151313237,-11.549497019266603,25.46391108662145,0.21453079693528415,0.39399478671713534
236.539,40.291,-21.5,236.656,40.444,-21.5,236.44,40.41,-20.1,0,-1.5524846375462764,-2.870387256430154,-23.486866313068283,11.4338664401656,0.06587816054331101,-0.2517509371067956
235.39600000000002,47.41,-16.5,235.62099999999998,47.373,-18.8,235.51600000000002,47.54,-18.8,0,1.690501581867697,14.941589116391485,3.039000581643881,28.06997107407699,0.5543936951926978,0.5318387268306726
235.39600000000002,47.41,-16.5,235.49200000000002,47.243,-16.5,235.62099999999998,47.373,-18.8,0,1.022288317107016,16.670455140534333,1.9177164616042486,28.13765797975298,0.53048353686755,0.5921035869847622
236.062,40.236,-19.4,236.065,40.095,-20.3,236.224,40.169,-20.6,0,-8.028860357798237,-2.757888117141759,-25.683756755201074,4.626220142155403,0.3122933081315601,-0.5972647297277798
235.739,46.55,-16.5,235.753,46.371,-16.5,235.92000000000002,46.483,-19.1,0,-2.383282376819814,10.32844139630936,-10.128204896655134,26.09784205587667,0.23512416301740413,0.3956594270097063
235.904,40.163,-19.1,236.062,40.236,-19.4,235.93099999999998,40.322,-18.1,0,-14.045005888331682,-2.447617546483537,-25.84350170711801,3.9206296415420248,0.5432214043382257,-0.6257057952834979
236.44,40.41,-20.1,236.656,40.444,-21.5,236.574,40.557,-20.3,0,-2.2128842830583357,-2.517815232621196,-23.20716409677182,12.048411563180252,0.095141210492547,-0.20970806486420446
233.65699999999998,49.175,-16.5,233.856,49.052,-16.5,233.837,49.169,-18.9,0,8.245005571648514,0.1861614164898869,14.665885087654885,25.189545917271158,0.5618023896278926,0.006577250335711502
235.928,46.323,-19.2,235.757,46.192,-16.5,235.93200000000002,46.149,-19.2,0,-2.307925995359539,8.685171109925028,-11.50204611207035,25.455912208536887,0.20039234104421297,0.34101180531740755
235.29500000000002,47.575,-16.5,235.39600000000002,47.41,-16.5,235.51600000000002,47.54,-18.8,0,1.5468379180521943,16.7129836528984,2.658529589409685,28.138229127255237,0.5792537139660924,0.5935423190745484
235.29500000000002,47.575,-16.5,235.51600000000002,47.54,-18.8,235.409,47.703,-18.8,0,2.1405622122845664,14.691367997592794,3.5554979249129737,28.068504586767794,0.5999149130163074,0.5228998614765391
235.858,46.841,-18.9,235.697,46.726,-16.5,235.902,46.661,-19.1,0,-2.4876980567117695,10.122729692286304,-7.957885647948107,26.87739158119807,0.3124372402629815,0.37652299859803656
232.701,49.817,-16.5,232.88400000000001,49.928,-21.5,232.703,49.954,-19.1,0,5.427943810557462,-0.27364446795372704,10.476649918444258,27.444474116768927,0.5177285956730932,-0.01104132988406847
235.93099999999998,40.322,-18.1,236.062,40.236,-19.4,236.086,40.389,-18.2,0,-14.010308677885396,0.10384606292813942,-26.152308056302573,-0.17649047995127987,0.535471651728817,-0.5546568833111706
235.902,46.661,-19.1,235.739,46.55,-16.5,235.92000000000002,46.483,-19.1,0,-2.387488808064706,9.0159127359758,-9.508297355709459,26.355835380819663,0.2508805876502323,0.34199577900513656
235.19299999999998,47.741,-16.5,235.29500000000002,47.575,-16.5,235.409,47.703,-18.8,0,1.6808958706434616,16.014094248555743,2.6756580196254287,28.19869515265634,0.6250952398050698,0.5674447538892574
234.037,49.172,-21.5,233.829,49.287,-21.5,233.837,49.169,-18.9,0,7.339893598542503,-0.41387682378635304,15.891154517054723,24.349908243235717,0.46149804202759337,-0.017673800215689043
235.19299999999998,47.741,-16.5,235.409,47.703,-18.8,235.31900000000002,47.843,-18.8,0,2.0944323812887267,13.798606454027187,3.260610324438419,28.16120698474859,0.6396588556456934,0.48945264281028217
235.192,48.431,-21.5,234.96800000000002,48.394,-18.8,235.091,48.264,-19.1,0,3.1254502099852703,4.959395132791918,4.914487583513414,28.036176875452323,0.6341010363072227,0.1763976849137772
236.326,41.049,-16.5,236.372,40.874,-16.5,236.486,40.989,-18.9,0,-2.1621482810643404,3.1681613081136404,-5.456704454958732,26.034749100302548,0.3958718461008642,0.12132767566534683
236.059,46.765,-21.5,235.858,46.841,-18.9,235.902,46.661,-19.1,0,-2.318256384551901,6.7586837791056045,-7.826291774376688,26.914985446394397,0.2959349253724362,0.2509879574221799
235.92000000000002,46.483,-19.1,235.753,46.371,-16.5,235.928,46.323,-19.2,0,-2.5161229190700585,8.46030813437449,-11.840817525794723,25.342410491811826,0.21226433797025698,0.3337176466465656
234.777,48.4,-16.5,234.888,48.237,-16.5,234.96800000000002,48.394,-18.8,0,2.7076388906393603,8.096618114439545,3.867513857282674,28.274167466512687,0.6979009271028258,0.2858855525086969
235.09,47.906,-16.5,235.19299999999998,47.741,-16.5,235.31900000000002,47.843,-18.8,0,1.8986871311194293,14.678072032693333,2.844838404875455,28.235074893800146,0.66415533379392,0.5193806809841284
236.07299999999998,46.588,-21.5,236.059,46.765,-21.5,235.902,46.661,-19.1,0,-2.5088338993689576,4.940572129360295,-9.98985609411006,26.163166487772592,0.2508553842814695,0.18873007995029525
235.388,48.101,-21.5,235.289,48.266,-21.5,235.18099999999998,48.142,-19.3,0,1.5351671161630593,5.462986900717319,2.43728251355512,28.322890647217875,0.6263415818667853,0.19230007815449743
236.316,40.319,-20.0,236.539,40.291,-21.5,236.44,40.41,-20.1,0,-3.0772239630622593,-2.0765856244079077,-25.381665517552914,6.133194361689811,0.12097386276952254,-0.33977088249353254
235.18099999999998,48.142,-19.3,234.989,48.071,-16.5,235.23399999999998,48.006,-19.0,0,1.233885804280823,10.18295289374211,1.7836772853636909,28.366486481971627,0.6868088662999997,0.35845469315161527
236.37099999999998,41.448,-21.5,236.16899999999998,41.387,-16.5,236.293,41.326,-18.8,0,-1.2024684448253522,6.492152558818252,-3.434131997402858,26.786421707625195,0.34891713310126204,0.2421542148461308
234.244,49.056,-21.5,234.055,48.93,-16.5,234.255,48.932,-19.1,0,7.882011934294663,1.3135960986223805,14.679705310602046,24.96530762368365,0.5365324715680535,0.051883750008128296
236.709,40.794,-21.5,236.656,40.966,-21.5,236.54399999999998,40.834,-19.2,0,-0.6107351966771175,-0.1240587027465743,-4.256696165136493,26.142899585390857,0.14317322228067533,-0.005035562347434936
236.082,46.41,-21.5,236.07299999999998,46.588,-21.5,235.92000000000002,46.483,-19.1,0,-2.111517638776798,4.7838386834038555,-10.71824056623922,25.838872927162555,0.19672709661346788,0.18504573888183
236.656,40.966,-21.5,236.52800000000002,41.115,-21.5,236.486,40.989,-18.9,0,1.374269709136955,1.8758387024769,6.429404336213492,26.017355629959955,0.21394616080437837,0.07189943380090512
236.07299999999998,46.588,-21.5,235.902,46.661,-19.1,235.92000000000002,46.483,-19.1,0,-2.2074954592066987,6.1341368125377596,-9.448253033673605,26.355744463882544,0.2333638168778195,0.23265096002469768
234.648,48.684,-19.0,234.652,48.823,-21.5,234.45499999999998,48.811,-19.1,0,8.226130049906587,2.385568630197105,14.72444698454202,24.703210577145427,0.5581432023821568,0.09599186009300707
234.853,48.705,-21.5,234.652,48.823,-21.5,234.648,48.684,-19.0,0,8.345995386625788,2.13748342029586,15.498563052172857,24.168428100822197,0.5379395658240983,0.08793364629676423
236.326,41.049,-16.5,236.52800000000002,41.115,-21.5,236.37900000000002,41.162,-18.9,0,0.2800213684178382,4.4148292647937595,0.805361801592742,26.920178601530445,0.35053193667795685,0.16375238343555495
236.078,46.232,-21.5,236.082,46.41,-21.5,235.928,46.323,-19.2,0,-2.067813872061686,4.831705882571583,-12.553333393887002,24.93370757545882,0.1644637481066797,0.19365517183948205
233.65699999999998,49.175,-16.5,233.829,49.287,-21.5,233.638,49.289,-19.0,0,8.143605877718729,-0.6810717959777447,15.837774979112359,24.49595085188369,0.5137919842956823,-0.02854624861873157
233.058,49.79,-21.5,232.885,49.684,-16.5,233.062,49.668,-18.9,0,6.86159741614206,-1.1284053142873531,12.819594576638266,26.43057039226828,0.5348886718817741,-0.043650234814497965
236.406,40.536,-18.8,236.44,40.41,-20.1,236.574,40.557,-20.3,0,-4.085798346632472,-2.6002184275765523,-23.602907012581298,11.331351609330131,0.17287346238399343,-0.2303379989867546
234.446,48.681,-16.5,234.648,48.684,-19.0,234.45499999999998,48.811,-19.1,0,8.972148680191378,3.407620394314212,14.650685303232741,24.82633181289045,0.6118727473734871,0.13662668109748471
233.238,49.656,-21.5,233.07299999999998,49.553,-16.5,233.247,49.54,-18.9,0,7.36700143851091,-1.4902739136050418,13.791644013496983,25.9416501897309,0.5337970048439277,-0.05830339447254233
232.88400000000001,49.928,-21.5,232.701,49.817,-16.5,232.88,49.801,-18.9,0,6.293951683858793,-0.5173893530666712,11.956174498668137,26.812014136505397,0.5260644625492165,-0.02034736443307282
233.45999999999998,49.299,-16.5,233.623,49.404,-21.5,233.44299999999998,49.413,-19.1,0,7.907864921042683,-1.2678610043710552,15.215605543131437,25.031632156374847,0.5193240001531639,-0.05140174841057441
234.446,48.681,-16.5,234.625,48.547,-16.5,234.648,48.684,-19.0,0,8.230042384075576,4.6707345773846285,12.675919387432465,25.806795594094126,0.6486242689801502,0.18038423844040252
234.625,48.547,-16.5,234.777,48.4,-16.5,234.828,48.531,-18.7,0,6.401049042052828,6.204651099534995,9.43639928791736,27.0251181499644,0.6773796645404584,0.2290697123876651
236.52800000000002,41.115,-21.5,236.326,41.049,-16.5,236.486,40.989,-18.9,0,1.1736582854095121,3.4669940341075387,3.6130315077309554,26.688396857881983,0.32536102980625636,0.129665438522949
233.856,49.052,-16.5,234.037,49.172,-21.5,233.837,49.169,-18.9,0,8.140207070523418,0.10518540359237981,15.734917370852797,24.430759701628638,0.5169474088372327,0.0035534679104256765
233.424,49.525,-21.5,233.26600000000002,49.426,-16.5,233.44299999999998,49.413,-19.1,0,7.092166676138717,-1.5270950557741718,13.477154992837189,26.126352943505903,0.5258388783954236,-0.0592345532021124
233.26600000000002,49.426,-16.5,233.424,49.525,-21.5,233.247,49.54,-18.9,0,6.9368078659358385,-1.5772397737128774,13.095526613570774,26.33883078101283,0.52931611163724,-0.06068902626693372
234.252,48.806,-16.5,234.446,48.681,-16.5,234.45499999999998,48.811,-19.1,0,8.92104192463465,3.484995754066103,14.375650202840182,25.024884441144607,0.6200834543869368,0.1385584316158404
236.064,46.055,-21.5,235.93200000000002,46.149,-19.2,235.93200000000002,45.97,-19.3,0,-2.27232878963495,6.59941583050698,-12.833506427563211,24.783562147688883,0.17678032532894702,0.26607130743646856
236.064,46.055,-21.5,236.078,46.232,-21.5,235.93200000000002,46.149,-19.2,0,-2.1860193985335075,5.209569852644983,-13.926086446277058,24.173176616223245,0.15671643896537085,0.21533100368089536
234.055,48.93,-16.5,234.252,48.806,-16.5,234.255,48.932,-19.1,0,8.651349180416798,2.3950758641803005,14.580025632689413,25.007149917480888,0.5929598624657809,0.09499481501892726
234.252,48.806,-16.5,234.45499999999998,48.811,-19.1,234.255,48.932,-19.1,0,8.784283604445479,2.4557372020727266,15.053429522908619,24.673617167558433,0.5831054525394652,0.09881151539379926
234.45499999999998,48.811,-19.1,234.44799999999998,48.939,-21.5,234.255,48.932,-19.1,0,8.005284897256123,1.6663059945272103,15.08496762810182,24.601164620696792,0.5302483098113648,0.06708215150333721
234.652,48.823,-21.5,234.44799999999998,48.939,-21.5,234.45499999999998,48.811,-19.1,0,8.100948552524507,1.6143947762097681,15.773542143109976,24.104205897833918,0.5131266203340974,0.06639766163351722
233.07299999999998,49.553,-16.5,233.238,49.656,-21.5,233.062,49.668,-18.9,0,6.749999098685073,-1.4317734925599193,12.600594430881722,26.562731220188347,0.535318865812655,-0.05479292104996234
236.656,40.444,-21.5,236.70999999999998,40.616,-21.5,236.574,40.557,-20.3,0,-1.209579044035737,-2.6628175311348947,-18.15120739481121,18.894508311159306,0.06645855365214648,-0.1414071771681011
234.44799999999998,48.939,-21.5,234.244,49.056,-21.5,234.255,48.932,-19.1,0,7.63179748353338,0.9800444373214905,15.631646711586535,24.303480529177197,0.48783622377956054,0.03968672539145202
236.053,45.877,-21.5,236.064,46.055,-21.5,235.93200000000002,45.97,-19.3,0,-2.2945801026184,5.973686249443429,-13.51354301927087,24.389141990756706,0.16952012798610877,0.24470727990923524
236.424,41.274,-21.5,236.245,41.217,-16.5,236.37900000000002,41.162,-18.9,0,0.6172370601608984,5.787661728268031,1.654585783718714,27.09549555213505,0.37490916030076027,0.21339097423505768
236.082,46.41,-21.5,235.92000000000002,46.483,-19.1,235.928,46.323,-19.2,0,-2.253651838378945,5.839267663672345,-11.823570673630151,25.317786661874024,0.19034591860558836,0.23052559319100552
236.531,40.705,-19.2,236.709,40.794,-21.5,236.54399999999998,40.834,-19.2,0,-2.3467015328529146,-0.8818877140829485,-14.005037136166912,22.327350662934,0.167399832655287,-0.03993507268696791
233.623,49.404,-21.5,233.45999999999998,49.299,-16.5,233.638,49.289,-19.0,0,7.300163304350591,-1.1381138539105358,14.095143829309325,25.67121578794675,0.5175122122321306,-0.04508587893620123
236.406,40.536,-18.8,236.184,40.566,-16.5,236.28,40.451,-18.7,0,-9.712469319381775,-1.2214701234509762,-25.815454096683652,4.409058383218116,0.37599208516391863,-0.2791367466797672
232.885,49.684,-16.5,233.058,49.79,-21.5,232.88,49.801,-18.9,0,6.478720453065662,-0.9519373079786712,12.140528423512045,26.767787672006918,0.5332875345661942,-0.03655458654007503
236.078,46.232,-21.5,235.928,46.323,-19.2,235.93200000000002,46.149,-19.2,0,-1.9680446708792692,6.178958689706954,-11.444966715870258,25.469091244345833,0.17168440914694044,0.24245228339340988
233.829,49.287,-21.5,233.65699999999998,49.175,-16.5,233.837,49.169,-18.9,0,7.593236483750463,-0.44926802296336377,14.759464906810098,25.152116847254923,0.5140646986813926,-0.018612716073389532
236.245,41.217,-16.5,236.424,41.274,-21.5,236.293,41.326,-18.8,0,-0.7245951775917893,6.241238029321354,-1.9151981979782313,27.064632958131334,0.37655579516755916,0.23038400647802298
236.70999999999998,40.616,-21.5,236.531,40.705,-19.2,236.574,40.557,-20.3,0,-2.350964855444153,-2.0290786774335765,-19.623465219800504,17.4071879980209,0.11962804663947121,-0.11712299536643699
235.09,47.906,-16.5,235.31900000000002,47.843,-18.8,235.23399999999998,48.006,-19.0,0,1.9099059214792842,12.238310110035691,2.8324330064280883,28.251535945200217,0.6710354974200217,0.43265716378830865
235.388,48.101,-21.5,235.18099999999998,48.142,-19.3,235.23399999999998,48.006,-19.0,0,1.2234107798013902,7.425541007671578,1.866557085421043,28.344439779618725,0.6508519148435172,0.26137602466929677
236.486,40.989,-18.9,236.372,40.874,-16.5,236.54399999999998,40.834,-19.2,0,-1.7344857560797553,1.3700968338031168,-5.533315297787269,25.98738317963881,0.31313874870896335,0.05234642661528595
236.656,40.966,-21.5,236.486,40.989,-18.9,236.54399999999998,40.834,-19.2,0,-1.2065180981875239,0.9910000072737222,-5.633102649910292,25.925066261244837,0.2139102186771805,0.037907946895954774
234.96800000000002,48.394,-18.8,234.888,48.237,-16.5,235.091,48.264,-19.1,0,3.544347822321624,7.550710284700423,5.152092903701542,28.03125995159347,0.6861150360698471,0.26888320272486027
235.18099999999998,48.142,-19.3,235.289,48.266,-21.5,235.091,48.264,-19.1,0,1.5793217361364136,6.041062474357551,2.427958798524477,28.347053184554674,0.6469190557918838,0.21256647808568377
236.406,40.536,-18.8,236.28,40.451,-18.7,236.44,40.41,-20.1,0,-6.332200472994059,-1.4192722944307044,-25.705682856858854,4.845488472663918,0.24607946701608496,-0.29465303369103
236.28,40.451,-18.7,236.316,40.319,-20.0,236.44,40.41,-20.1,0,-5.8544025006670015,-2.099097802964285,-25.47522355910164,5.863594903044984,0.2295299619363531,-0.35938132521948385
232.541,50.085,-19.0,232.72199999999998,50.072,-21.5,232.56,50.217,-21.5,0,4.312291404095524,0.6025697322505006,9.768439041101516,27.665008527516548,0.44106121324030756,0.02080050294485921
236.161,42.502,-21.5,235.869,42.617,-16.5,235.89600000000002,42.439,-16.5,0,-1.8096396224430882,7.806135192844438,-8.305984181765268,25.78539942207901,0.2173724249613226,0.3024254512512761
236.137,42.679,-21.5,235.845,42.795,-16.5,235.869,42.617,-16.5,0,-2.1737253631554827,7.786759078984147,-8.730782914553831,25.68791358404306,0.24850226489996247,0.3028303369900609
236.161,42.502,-21.5,236.137,42.679,-21.5,235.869,42.617,-16.5,0,-1.6217354354204512,6.5923481490893385,-8.65908528450079,25.666460714167265,0.18684396503987644,0.25655101671253827
236.11599999999999,42.856,-21.5,235.825,42.973,-16.5,235.845,42.795,-16.5,0,-2.5541407593545573,7.646023629125085,-9.294901432269551,25.531410104412984,0.2743088647384765,0.2991844514287095
236.11599999999999,42.856,-21.5,235.845,42.795,-16.5,236.137,42.679,-21.5,0,-1.9388148201289854,6.450804888952488,-9.085940188767626,25.56174426566534,0.21294178743133632,0.25207552283441664
236.098,43.033,-21.5,235.825,42.973,-16.5,236.11599999999999,42.856,-21.5,0,-2.2126611755132655,6.266377309796999,-9.511924804101746,25.45173263148461,0.23215212287886536,0.24592901320447141
236.341,43.524,-26.5,236.067,43.388,-21.5,236.35,43.345,-26.5,0,-0.9367866449063682,2.4390811315250818,-10.645966245638004,25.066444527836104,0.08771131141809205,0.0971467234606407
236.325,43.881,-26.5,236.046,43.922,-21.5,236.05,43.744,-21.5,0,-0.7649586741169428,3.9999258010835943,-11.38594885415197,24.880675493249008,0.06682441148215659,0.16058804809451202
236.36700000000002,43.167,-26.5,236.098,43.033,-21.5,236.38400000000001,42.989,-26.5,0,-0.9153480742529814,2.424229370332831,-9.516668032234556,25.42357351821613,0.09589955714790856,0.09519163283191596
236.36700000000002,43.167,-26.5,236.082,43.211,-21.5,236.098,43.033,-21.5,0,-1.3775954831464658,3.5646108749729364,-9.708537038953363,25.389659647295844,0.14151883477153204,0.1401885825889803
236.32,44.06,-26.5,236.046,43.922,-21.5,236.325,43.881,-26.5,0,-0.40974123373075216,2.9260140162972306,-11.202442993402304,24.979855571924638,0.0362885356330496,0.11699410981474827
234.853,48.705,-21.5,235.043,48.579,-21.5,235.102,48.817,-26.5,0,6.28521413784016,1.2282083432312563,14.278385513267219,24.93343709770533,0.4395490596949123,0.048891108465600824
236.38400000000001,42.989,-26.5,236.098,43.033,-21.5,236.11599999999999,42.856,-21.5,0,-1.2848299377822088,3.6797086141555018,-9.411146965634131,25.451482953687204,0.13616535387085968,0.1443644634873367
236.35,43.345,-26.5,236.082,43.211,-21.5,236.36700000000002,43.167,-26.5,0,-0.921559344344918,2.4222018295367165,-9.520252646514283,25.476957907203847,0.09649631190442062,0.09491387867260716
236.38400000000001,42.989,-26.5,236.11599999999999,42.856,-21.5,236.399,42.81,-26.5,0,-0.8825900861232373,2.5581509178840567,-9.803394220421694,25.26399368595542,0.08977881074409584,0.10109094128411285
236.32,44.06,-26.5,236.047,44.099,-21.5,236.046,43.922,-21.5,0,-0.6392415497987146,4.4923370680525245,-12.073587141761358,24.60911303646121,0.05258627403173178,0.18236997231720398
235.102,48.817,-26.5,235.043,48.579,-21.5,235.288,48.688,-26.5,0,4.963511911660199,0.6902873848540367,13.821766224413583,25.183818836773217,0.358493077639751,0.02711503862881958
236.35,43.345,-26.5,236.067,43.388,-21.5,236.082,43.211,-21.5,0,-1.3452866751646193,3.589050802993327,-9.84012920917877,25.393630138978587,0.13632617947702494,0.14113569341348897
236.399,42.81,-26.5,236.11599999999999,42.856,-21.5,236.137,42.679,-21.5,0,-1.11805479514687,3.91941694681015,-8.985958725150205,25.56670991453825,0.12408797801099995,0.15308229931406828
236.314,44.596,-26.5,236.038,44.633,-21.5,236.04399999999998,44.455,-21.5,0,-1.0144211694489125,7.2690986442262115,-11.106857968029573,25.221441118634623,0.09090899930785834,0.28798494850369943
236.32,44.06,-26.5,236.317,44.239,-26.5,236.047,44.099,-21.5,0,-0.3742468579221669,3.437729409830698,-11.477431452574635,24.91589960782472,0.032313776020474104,0.13782780583329535
236.308,44.775,-26.5,236.038,44.633,-21.5,236.314,44.596,-26.5,0,-0.7769686643737591,5.451490144881938,-11.063065640922659,25.254707610602928,0.06991212607641578,0.21566919580932503
236.308,44.775,-26.5,236.034,44.811,-21.5,236.038,44.633,-21.5,0,-1.3158453560180445,7.791062192423887,-11.387148653794721,25.147296822878964,0.11513571711773835,0.30957089534649385
236.399,42.81,-26.5,236.137,42.679,-21.5,236.416,42.632,-26.5,0,-0.7690739150676735,2.793581634313227,-9.50905362739157,25.337774683252754,0.08064981941344616,0.1100819722356502
236.30200000000002,45.132,-26.5,236.304,45.311,-26.5,236.03199999999998,45.166,-21.5,0,-1.2804175545904881,4.739718702705367,-12.170524700803618,24.889811775696607,0.10492367251999014,0.19022139092998844
236.304,45.311,-26.5,236.035,45.344,-21.5,236.03199999999998,45.166,-21.5,0,-1.9180266061282274,6.509976286967255,-12.357763057307412,24.833770693621148,0.15485140004779216,0.2618829292038591
236.314,44.596,-26.5,236.04399999999998,44.455,-21.5,236.314,44.418,-26.5,0,-0.637819985178949,4.838203591710537,-11.889769152281822,24.825604846100006,0.053346239215321535,0.19471217962223952
236.317,44.239,-26.5,236.048,44.277,-21.5,236.047,44.099,-21.5,0,-0.6505449987430726,5.297738039430481,-12.07326980712195,24.670830641318673,0.053508166975279145,0.2145487612046238
233.279,49.895,-26.5,233.238,49.656,-21.5,233.452,49.755,-26.5,0,3.754860242668204,-0.8687551853097758,11.35257864215864,26.923252828498335,0.3303851755274893,-0.032818146202287485
236.30200000000002,45.132,-26.5,236.03199999999998,45.166,-21.5,236.03199999999998,44.988,-21.5,0,-1.7809535452190892,7.307192126006311,-11.944068201698958,24.989629897217263,0.1487191307604384,0.2921447186392245
233.058,49.79,-21.5,233.238,49.656,-21.5,233.279,49.895,-26.5,0,4.918173954767362,-0.8965130411901654,12.355661576075024,26.4552419874149,0.3976778399065605,-0.034570759925055435
236.3,44.954,-26.5,236.30200000000002,45.132,-26.5,236.03199999999998,44.988,-21.5,0,-1.1966790768411386,5.308957679382301,-12.172173819589577,24.843430608275426,0.09801886442519472,0.21348349627558968
236.753,41.059,-26.5,236.656,40.966,-21.5,236.841,40.894,-26.5,0,0.04806729558290091,0.07602678969278712,0.8088177940367647,27.76112883288905,0.06038529548050402,0.002603535126820419
236.3,44.954,-26.5,236.034,44.811,-21.5,236.308,44.775,-26.5,0,-0.9310506740897755,5.69141092668,-10.785149325936363,25.43446095817165,0.08599758579305225,0.22356404499891708
236.314,44.418,-26.5,236.04399999999998,44.455,-21.5,236.048,44.277,-21.5,0,-0.783087294920108,6.354173851741967,-11.38503845810531,25.056335407131265,0.06837560797163843,0.25338974505739476
236.314,44.418,-26.5,236.048,44.277,-21.5,236.317,44.239,-26.5,0,-0.45414759624931833,4.151445785008233,-11.47741714636225,24.977284456860993,0.03926669923487239,0.1660511230603906
236.3,44.954,-26.5,236.03199999999998,44.988,-21.5,236.034,44.811,-21.5,0,-1.588425736601747,7.817384906237552,-11.665356216958745,25.08062227988446,0.13575708392241806,0.3114298788043459
236.416,42.632,-26.5,236.137,42.679,-21.5,236.161,42.502,-21.5,0,-0.9271756247083562,4.119095195764539,-8.560268949437297,25.6772429319807,0.10798852473113574,0.1601906884084417
236.304,45.311,-26.5,236.3,45.49,-26.5,236.035,45.344,-21.5,0,-1.2332401235042676,4.207530257302312,-11.339692398991946,25.345095171995943,0.10847085566044556,0.16581900058174392
232.836,50.349,-26.5,232.69799999999998,50.283,-24.0,232.786,50.19,-24.0,0,2.13651445909443,0.4255464748875438,7.587036279513631,28.13319015337976,0.281263177460429,0.014523609995396099
236.416,42.632,-26.5,236.161,42.502,-21.5,236.434,42.454,-26.5,0,-0.6526945273427037,2.925569461054413,-9.365013449964042,25.3559011801066,0.06947762895715885,0.11519997577724152
236.3,45.49,-26.5,236.043,45.522,-21.5,236.035,45.344,-21.5,0,-2.0145686830798786,5.649835682229686,-13.041226965442618,24.552690155391687,0.1541638731682926,0.2298627077993533
234.897,48.935,-26.5,234.853,48.705,-21.5,235.102,48.817,-26.5,0,5.429195375925537,0.5922276162371087,15.799728373502534,24.02875977169666,0.3431623484203876,0.02434074144229726
234.652,48.823,-21.5,234.853,48.705,-21.5,234.897,48.935,-26.5,0,6.596851804838938,1.0263235936839237,15.542992917730645,24.228215248795735,0.423931472269924,0.0419561518763316
236.434,42.454,-26.5,236.161,42.502,-21.5,236.185,42.325,-21.5,0,-0.7780867019834394,4.081543402905404,-8.556016784387236,25.641811219549048,0.0906101262138998,0.15893814392910194
233.452,49.755,-26.5,233.424,49.525,-21.5,233.635,49.621,-26.5,0,4.162850354065861,-1.0722056158142983,12.663660521555824,26.3124993271304,0.3283515198437831,-0.04125849730125477
236.325,46.204,-26.5,236.064,46.055,-21.5,236.30700000000002,46.026,-26.5,0,-1.222826461592514,2.1061175996292096,-14.334132338426134,24.008104814330558,0.08514125413236855,0.08760998201093673
236.078,46.232,-21.5,236.064,46.055,-21.5,236.325,46.204,-26.5,0,-1.576013963209317,2.9874463049591693,-13.85722089896009,24.3194546213618,0.11351955307809591,0.12270899746994732
233.238,49.656,-21.5,233.424,49.525,-21.5,233.452,49.755,-26.5,0,5.197997147231756,-1.1995346164207457,13.08404120149231,26.105727314129467,0.3968909864215072,-0.04657566967638999
236.434,42.454,-26.5,236.185,42.325,-21.5,236.451,42.276,-26.5,0,-0.5474607905031759,2.8091542271526886,-9.498945395467175,25.268930014989607,0.05740722843360742,0.11098169414689739
236.204,47.056,-23.8,236.368,47.259,-26.5,236.138,47.235,-23.7,0,-1.0013850585952888,0.44370454035519497,-3.597536686142142,27.823618718636638,0.2780504227482371,0.015639651054068077
236.841,40.894,-26.5,236.656,40.966,-21.5,236.709,40.794,-21.5,0,-0.30045555447892613,-0.3221105804902623,-4.201707134506854,26.937872542261417,0.07127365428918755,-0.012161323251377464
236.428,47.085,-26.5,236.368,47.259,-26.5,236.204,47.056,-23.8,0,-0.6597732813269898,-0.24419245602461045,-2.9640184711478987,27.87090418908158,0.222202027323199,-0.008993549712684632
234.686,49.048,-26.5,234.652,48.823,-21.5,234.897,48.935,-26.5,0,5.4379062402220795,0.4343953088973971,16.460189582581815,23.643874614806023,0.33000883033845535,0.01802842185280058
236.297,45.669,-26.5,236.043,45.522,-21.5,236.3,45.49,-26.5,0,-1.23363880527375,3.6722661375345127,-11.478108369896937,25.36308166195267,0.10722359822234606,0.14461211858430162
236.064,46.055,-21.5,236.053,45.877,-21.5,236.30700000000002,46.026,-26.5,0,-1.611144731305813,3.6845177425591307,-13.447359333719564,24.519890467829747,0.11958627126873608,0.15009617963941713
236.053,45.877,-21.5,236.298,45.847,-26.5,236.30700000000002,46.026,-26.5,0,-1.2049543865047605,2.694270904651623,-13.12669213021896,24.657317989334253,0.09161056846719517,0.10912803225687571
236.451,42.276,-26.5,236.185,42.325,-21.5,236.209,42.148,-21.5,0,-0.64772652817853,3.761767269890009,-8.551968941353962,25.61009417179352,0.0753699119282835,0.1466446781684242
236.297,45.669,-26.5,236.049,45.699,-21.5,236.043,45.522,-21.5,0,-1.8705761333374564,4.9746121835892785,-12.773527856719628,24.775302222659775,0.1461553890646255,0.20056357813316644
234.44799999999998,48.939,-21.5,234.652,48.823,-21.5,234.686,49.048,-26.5,0,6.422434674558347,0.7244113915262783,15.814332513189123,24.132124788225134,0.4057201336583206,0.02955929530161547
236.451,42.276,-26.5,236.209,42.148,-21.5,236.469,42.097,-26.5,0,-0.4422163727963752,2.4581016913460556,-9.369454030299487,25.28381254986163,0.04693620153931068,0.09703221352393349
236.297,45.669,-26.5,236.298,45.847,-26.5,236.049,45.699,-21.5,0,-1.2159674377577154,3.1970760257917004,-12.033784930388403,25.1712660690973,0.10082988293898154,0.12685320360272717
236.053,45.877,-21.5,236.049,45.699,-21.5,236.298,45.847,-26.5,0,-1.6693501463096878,4.391021118759003,-12.493616313513847,24.982525050437573,0.13335753249976362,0.1755646918290648
234.47199999999998,49.159,-26.5,234.44799999999998,48.939,-21.5,234.686,49.048,-26.5,0,5.2794473994186175,0.18496304686075912,16.709657879434854,23.5503394010597,0.31565684705186026,0.007465291751134339
236.648,41.22,-26.5,236.424,41.274,-21.5,236.52800000000002,41.115,-21.5,0,0.6028369077504906,2.9045179852847247,3.07623918353735,27.18626452410971,0.19656371676515927,0.10668479237033647
233.424,49.525,-21.5,233.623,49.404,-21.5,233.635,49.621,-26.5,0,5.769514766696831,-1.2284660243180203,14.819498882394294,25.143940688453476,0.3889306566323537,-0.049437083158586144
236.24,46.855,-23.8,236.463,46.908,-26.5,236.204,47.056,-23.8,0,-1.5635096254908682,0.20099380264042432,-7.227190337535326,27.0183111462922,0.2160243111059701,0.007262522454252358
236.469,42.097,-26.5,236.209,42.148,-21.5,236.24200000000002,41.972,-21.5,0,-0.494286689082817,3.3044441798912154,-7.262560889679833,25.998916075832803,0.06756763067882768,0.1268719214186435
234.244,49.056,-21.5,234.44799999999998,48.939,-21.5,234.47199999999998,49.159,-26.5,0,6.057039343013355,0.310692246099629,15.669998642144172,24.329912158058004,0.3861936968639243,0.012261847834082483
233.635,49.621,-26.5,233.623,49.404,-21.5,233.839,49.501,-26.5,0,4.816616719851264,-1.0158812313947183,15.224686288487554,24.854176941788523,0.3160126791141474,-0.04134395724596781
236.564,41.387,-26.5,236.424,41.274,-21.5,236.648,41.22,-26.5,0,0.017258222134929745,2.618256205205754,0.1217234367201474,27.191106361577667,0.15651802441459062,0.09616668630451906
236.463,46.908,-26.5,236.428,47.085,-26.5,236.204,47.056,-23.8,0,-1.3148563556569866,-0.30145459148858456,-6.704934760735515,27.16882045023995,0.19581510786777406,-0.011277881924840178
236.89499999999998,40.541,-26.5,236.70999999999998,40.616,-21.5,236.656,40.444,-21.5,0,-0.37887194945848474,-1.8700283526463295,-18.097623721179325,19.30471216347943,0.02080019585166087,-0.09721947971362967
233.839,49.501,-26.5,233.829,49.287,-21.5,234.043,49.381,-26.5,0,4.650132559415574,-0.8202623758064872,15.281865501000556,24.793063136644715,0.3039501375692174,-0.033539839258780464
236.38400000000001,40.158,-21.5,236.35899999999998,39.969,-24.0,236.485,40.048,-24.5,0,-0.6005781233891179,-2.7905422850893795,-25.161441028863305,6.732928009293413,0.023639702287619642,-0.41510363328854843
233.623,49.404,-21.5,233.829,49.287,-21.5,233.839,49.501,-26.5,0,5.847315937624415,-1.013834361355878,15.597186437858431,24.59802102606013,0.3745141180178828,-0.04176876070922954
236.89499999999998,40.541,-26.5,236.656,40.444,-21.5,236.852,40.366,-26.5,0,0.012569027032005277,-1.6516360135002575,-16.838575905070414,20.37344755402824,-0.0008610765393764477,-0.08132576766905349
236.469,42.097,-26.5,236.24200000000002,41.972,-21.5,236.485,41.919,-26.5,0,-0.42842057615174134,2.032629170794415,-9.625539064973434,25.184139442186037,0.044223750532808304,0.0805354440767
234.25799999999998,49.271,-26.5,234.244,49.056,-21.5,234.47199999999998,49.159,-26.5,0,5.02209186150613,-0.13734167533084188,16.569624736461847,23.756138360216006,0.3028095899427313,-0.00620387614777352
236.288,47.43,-26.5,236.043,47.437,-23.8,236.138,47.235,-23.7,0,0.3077580758201252,0.7700605788562623,0.9560634502808583,28.09747719089539,0.32098548851372416,0.02698842969607475
234.037,49.172,-21.5,234.244,49.056,-21.5,234.25799999999998,49.271,-26.5,0,5.8902116870201136,-0.16917433624502806,15.848676490140436,24.307518115258713,0.3713169348523845,-0.007494755241355183
234.043,49.381,-26.5,234.037,49.172,-21.5,234.25799999999998,49.271,-26.5,0,5.0088043184578614,-0.4811425063234661,16.727756060076462,23.74131402516639,0.2991293610516172,-0.02070760346167564
233.829,49.287,-21.5,234.037,49.172,-21.5,234.043,49.381,-26.5,0,5.880797724056209,-0.6323280482425487,15.926467649448014,24.361276076447293,0.36888783107439066,-0.0265028182845252
236.889,40.719,-26.5,236.709,40.794,-21.5,236.70999999999998,40.616,-21.5,0,-0.4681224825511313,-1.3192693904795663,-11.4867739243873,24.23438635277195,0.040620076077477765,-0.05470152068807044
232.974,50.193,-26.5,232.836,50.349,-26.5,232.786,50.19,-24.0,0,1.6923678464552832,0.21127261566146016,6.689989566505618,28.361424608318163,0.2526527555543125,0.0069154229873728615
236.368,47.259,-26.5,236.288,47.43,-26.5,236.138,47.235,-23.7,0,-0.011794393894330839,-0.05085291680319335,-0.04555069262404565,28.094266893133387,0.2603633705097688,-0.0021320343790148877
236.485,41.919,-26.5,236.24200000000002,41.972,-21.5,236.27800000000002,41.796,-21.5,0,-0.5277983686673068,2.9439118380212173,-6.83777409176686,26.136433932386595,0.07662398104638686,0.1124332394222205
236.841,40.894,-26.5,236.709,40.794,-21.5,236.889,40.719,-26.5,0,-0.13915596326308075,-0.8333262168378218,-4.9720743986223574,26.77996745817498,0.027802145106312955,-0.03127957585652498
232.69799999999998,50.283,-24.0,232.56,50.217,-21.5,232.786,50.19,-24.0,0,2.6371882663893724,0.5962104758902186,7.537874528076989,28.152012369266753,0.34946819332891144,0.02041634773292603
236.889,40.719,-26.5,236.70999999999998,40.616,-21.5,236.89499999999998,40.541,-26.5,0,-0.12004772355307848,-1.320873733151581,-10.788850555248999,24.508949948388896,0.011002922477034617,-0.054093897575382126
236.485,41.919,-26.5,236.27800000000002,41.796,-21.5,236.501,41.741,-26.5,0,-0.5691901098170293,1.8992894830187335,-9.618727622748388,25.21610769338107,0.0588794491641297,0.07516643758823605
236.49200000000002,39.909,-26.5,236.635,40.051,-26.5,236.485,40.048,-24.5,0,0.5079487829961615,-2.3273555185277814,-24.713696654243005,8.129335884570779,-0.020697800541776924,-0.2866481224357736
232.56,50.217,-21.5,232.72199999999998,50.072,-21.5,232.786,50.19,-24.0,0,3.808930751603676,0.4720405636705916,9.809625930441928,27.491541022138065,0.38790138022110565,0.01632900754953489
236.464,46.73,-26.5,236.24,46.855,-23.8,236.251,46.667,-23.8,0,-1.737643851189561,0.271213997187656,-10.354890689304192,25.935401023191183,0.16756218678157303,0.010349129116054415
236.464,46.73,-26.5,236.463,46.908,-26.5,236.24,46.855,-23.8,0,-1.8044837294393379,-0.24095511905775618,-11.663992555467583,25.367739014113,0.15449649324273776,-0.009617518204306234
236.524,41.563,-26.5,236.37099999999998,41.448,-21.5,236.564,41.387,-26.5,0,-0.8518188417192533,2.6788819303551126,-6.228080201692965,26.488164131461282,0.13641070928132779,0.10100834849884402
236.564,41.387,-26.5,236.37099999999998,41.448,-21.5,236.424,41.274,-21.5,0,-0.8952365822320276,3.7042111888327702,-4.388751439928949,26.94165280243206,0.2034028959719921,0.13732864471073203
236.501,41.741,-26.5,236.27800000000002,41.796,-21.5,236.32299999999998,41.622,-21.5,0,-0.6020440126365294,3.0276946527809043,-5.510235901536348,26.53910600311771,0.10856936865563406,0.11391203403718794
236.501,41.741,-26.5,236.32299999999998,41.622,-21.5,236.524,41.563,-26.5,0,-0.8079747232129745,2.1913561378197817,-8.644756568233081,25.67412827957076,0.0931581811149185,0.08521899415110781
236.524,41.563,-26.5,236.32299999999998,41.622,-21.5,236.37099999999998,41.448,-21.5,0,-0.8046604078901826,3.437633869200595,-5.086761263592265,26.753912524120743,0.15753934490670685,0.12833557196937162
235.192,48.431,-21.5,235.375,48.412,-23.8,235.268,48.534,-23.9,0,4.07730682171153,1.7254325848860244,8.335507722597043,27.397437272324588,0.4879942377796942,0.06256408087568857
235.375,48.412,-23.8,235.44799999999998,48.544,-26.5,235.268,48.534,-23.9,0,3.396403365998489,0.8920573972692573,8.392014726052093,27.363864149717468,0.4036912433317293,0.03224708514017617
236.186,47.595,-26.5,235.939,47.603,-23.9,236.043,47.437,-23.8,0,1.5790561924710809,1.0752976905054725,4.367679331002651,27.831197293339365,0.36082521120829425,0.03811910357762552
236.288,47.43,-26.5,236.186,47.595,-26.5,236.043,47.437,-23.8,0,0.9427045193423883,0.18991240144179436,3.1654169300958586,27.973778552372806,0.2972315985223033,0.0063732712424812744
235.288,48.688,-26.5,235.043,48.579,-21.5,235.268,48.534,-23.9,0,4.3982818111842334,1.081530012247875,10.515600472595475,26.705178814901803,0.41740924352612757,0.04015574593930246
235.851,48.081,-26.5,235.739,48.244,-26.5,235.618,48.072,-23.9,0,1.7213159411571406,0.5364943843550093,4.379758691211386,27.99308329016723,0.39153294628184926,0.018675691813910687
235.95600000000002,47.917,-26.5,235.851,48.081,-26.5,235.72199999999998,47.916,-23.9,0,1.3660275643962285,0.6036288269930542,3.5050011839570736,28.071164834479582,0.38815779785151555,0.02095746873848709
236.186,47.595,-26.5,236.07299999999998,47.756,-26.5,235.939,47.603,-23.9,0,1.5890508580657503,0.42477160280064913,4.749895521300373,27.792017495080476,0.3338053126445752,0.014788854737417262
235.851,48.081,-26.5,235.618,48.072,-23.9,235.72199999999998,47.916,-23.9,0,1.7729372656033433,1.2755419699210366,3.971718680742077,28.030124808835915,0.44468354423754897,0.04491986373881032
235.939,47.603,-23.9,236.07299999999998,47.756,-26.5,235.834,47.757,-23.9,0,1.7224221841034881,1.3057519223529446,4.324987965514037,27.889287525518178,0.3971949281787171,0.04622781064572238
236.07299999999998,47.756,-26.5,235.95600000000002,47.917,-26.5,235.834,47.757,-23.9,0,1.9007506789711754,0.5765820457909386,5.1719552790097225,27.77171071740988,0.366553850960426,0.020219491842824518
235.834,47.757,-23.9,235.95600000000002,47.917,-26.5,235.72199999999998,47.916,-23.9,0,2.0247667269539695,1.3849661874059604,4.714859976783961,27.881443495757196,0.42816296451783403,0.04905877888553536
235.618,48.072,-23.9,235.739,48.244,-26.5,235.51600000000002,48.23,-23.9,0,1.5727893151919599,1.100888974884668,3.5291106222642554,28.14286086232773,0.44364630706999847,0.038601565644648374
236.043,47.437,-23.8,235.926,47.29,-21.5,236.138,47.235,-23.7,0,0.3196672330790632,2.757226496830118,0.8246025433123627,28.13239966689283,0.38636553330084833,0.09753258347237487
236.434,46.553,-26.5,236.464,46.73,-26.5,236.251,46.667,-23.8,0,-1.8600099483034935,-0.022851240556908108,-15.837509325456114,22.94580019298767,0.11728647156597419,-0.0010760582557687436
236.539,40.291,-21.5,236.75900000000001,40.202,-26.5,236.701,40.328,-23.8,0,0.18895680591641312,-2.0782958114958165,-23.52556850145801,11.401057607195696,-0.008183397728079755,-0.1827615202787085
236.75900000000001,40.202,-26.5,236.539,40.291,-21.5,236.551,40.154,-23.9,0,0.22970201132553686,-1.9078411159010464,-24.689828924035883,8.443887533132207,-0.009469087179781125,-0.22652432076438525
235.993,47.118,-21.5,236.204,47.056,-23.8,236.138,47.235,-23.7,0,-1.2286180359706187,2.245862340653348,-3.6419538564868894,27.831325455175552,0.33704787561270433,0.08035461196718238
236.434,46.553,-26.5,236.251,46.667,-23.8,236.244,46.503,-23.8,0,-1.6429980722469497,0.5390654983184305,-12.905579865353356,24.75285408660556,0.12711203541866078,0.021703283541775437
236.035,46.942,-21.5,236.24,46.855,-23.8,236.204,47.056,-23.8,0,-2.0677236335798272,1.8631571587509075,-7.302874060891341,27.03370262812151,0.28280952080010907,0.06870141829033062
235.739,48.244,-26.5,235.599,48.396,-26.5,235.51600000000002,48.23,-23.9,0,3.1696020305671966,0.5130592145434588,8.248859136844297,27.195448327753017,0.38325023649197054,0.0184582983449147
236.24,46.855,-23.8,236.059,46.765,-21.5,236.251,46.667,-23.8,0,-2.3399811059035893,1.7035689402457148,-10.426281670335833,25.925939632929165,0.22414511666036485,0.06557872522929513
235.939,47.603,-23.9,235.825,47.453,-21.5,236.043,47.437,-23.8,0,1.8473051911998184,3.2260411464737153,4.269144077014737,27.863930763440322,0.4318767748576007,0.11518371759527417
235.51600000000002,48.23,-23.9,235.599,48.396,-26.5,235.375,48.412,-23.8,0,2.2091032101645602,1.0028906765461187,5.112776487136557,28.021562643954283,0.43053879964988995,0.035362252120377725
235.71699999999998,47.615,-21.5,235.825,47.453,-21.5,235.939,47.603,-23.9,0,1.9017809673374124,4.770724647272092,3.9553620028030494,27.93815475134729,0.4796508275193408,0.17009980981361425
236.035,46.942,-21.5,236.059,46.765,-21.5,236.24,46.855,-23.8,0,-2.345304716551733,2.7894113593175884,-8.466128639524111,26.662662460299813,0.27670449023540045,0.10444540992907447
235.71699999999998,47.615,-21.5,235.939,47.603,-23.9,235.834,47.757,-23.9,0,2.012382814514817,3.511438602809382,4.259787677078679,27.916209953100775,0.47117778056555804,0.12510864979640243
235.825,47.453,-21.5,235.926,47.29,-21.5,236.043,47.437,-23.8,0,1.3362199569985682,4.266520250680643,3.0610530685341413,27.991002514050614,0.43568266460921573,0.1518697734698821
235.607,47.777,-21.5,235.71699999999998,47.615,-21.5,235.834,47.757,-23.9,0,2.1606896021412494,4.8925629279639375,4.160048545221162,27.95752898208817,0.5178685442828239,0.17428435443746437
235.607,47.777,-21.5,235.834,47.757,-23.9,235.72199999999998,47.916,-23.9,0,2.355797691258765,3.4953377877239333,4.651114182914254,27.904874857208377,0.5050170432759881,0.12455924098708153
235.388,48.101,-21.5,235.495,47.938,-21.5,235.618,48.072,-23.9,0,2.0930688353222946,4.128957409634232,3.6609962088123638,28.12062624201117,0.569423544149172,0.1461730885576798
235.993,47.118,-21.5,236.035,46.942,-21.5,236.204,47.056,-23.8,0,-1.9468093000364726,3.1344547354548156,-5.79791689825657,27.424324450103953,0.3354692814942193,0.11400743513881188
236.059,46.765,-21.5,236.07299999999998,46.588,-21.5,236.251,46.667,-23.8,0,-2.1605738733393705,2.6731928698480165,-9.927801146041382,26.112503396368254,0.21733261327548653,0.10226607168239066
235.495,47.938,-21.5,235.607,47.777,-21.5,235.72199999999998,47.916,-23.9,0,2.4512954742847377,4.654285031958491,4.441281464963933,27.96672009532051,0.5501707885004503,0.16571228170359112
235.289,48.266,-21.5,235.388,48.101,-21.5,235.51600000000002,48.23,-23.9,0,1.426760695921813,3.3969221832594028,2.497487425525769,28.295343942464193,0.5680134152843607,0.11947769215041075
235.618,48.072,-23.9,235.495,47.938,-21.5,235.72199999999998,47.916,-23.9,0,2.0756113965399487,3.238000800973079,3.906264774290138,28.059947224488006,0.5293639758990868,0.11472432243742796
235.926,47.29,-21.5,235.993,47.118,-21.5,236.138,47.235,-23.7,0,-0.784943372987669,3.6799685770180885,-2.0282725114740536,28.019257589044386,0.3869609668441454,0.1309153799676777
235.599,48.396,-26.5,235.44799999999998,48.544,-26.5,235.375,48.412,-23.8,0,3.5098030954031296,0.5489808956058873,9.577149457192537,26.927121935699986,0.3655846323591739,0.02005040513661485
236.251,46.667,-23.8,236.07299999999998,46.588,-21.5,236.244,46.503,-23.8,0,-2.2361028042067814,1.7586727359997891,-12.968688163403982,24.70898105380308,0.17218068911802717,0.07108373133379137
235.388,48.101,-21.5,235.618,48.072,-23.9,235.51600000000002,48.23,-23.9,0,1.865014095967741,2.7650505009724937,3.4642940607133585,28.161746347462554,0.5359942632859529,0.09758655440729798
232.924,50.07,-24.2,232.88400000000001,49.928,-21.5,233.08100000000002,49.913,-24.0,0,3.685756778211682,-0.30084766306618294,9.594624865876966,27.560674923818283,0.38376241481982915,-0.011664894090289138
233.115,50.039,-26.5,232.924,50.07,-24.2,233.08100000000002,49.913,-24.0,0,3.03124976643826,-0.280374634400213,9.573289317696597,27.61262953115438,0.31628516939436563,-0.01076349681629621
236.244,46.503,-23.8,236.082,46.41,-21.5,236.214,46.32,-23.9,0,-2.222871376205777,1.963130040450088,-16.54871718413146,22.46636103350424,0.13411655082736854,0.08728018726553691
235.289,48.266,-21.5,235.51600000000002,48.23,-23.9,235.375,48.412,-23.8,0,2.6213305513942013,2.226911088867089,5.006285520876147,28.013560360828283,0.5218360147695491,0.07899613150777593
236.635,40.051,-26.5,236.75900000000001,40.202,-26.5,236.551,40.154,-23.9,0,0.5594658754404485,-2.062405159414035,-23.769824048724516,10.717612940719167,-0.023663166272523246,-0.1927801131855816
236.36599999999999,46.38,-26.5,236.244,46.503,-23.8,236.214,46.32,-23.9,0,-1.6685423436527225,1.0166305883597218,-16.40117762921449,22.634516713729393,0.10156580284215931,0.044835323226131193
236.07299999999998,46.588,-21.5,236.082,46.41,-21.5,236.244,46.503,-23.8,0,-1.7936355452531583,2.791319643082564,-10.660590259837598,25.807343406370308,0.16797924991155996,0.10807358793368681
236.36599999999999,46.38,-26.5,236.434,46.553,-26.5,236.244,46.503,-23.8,0,-1.8572042279875616,0.3131692979962381,-20.171084673757047,19.21157413742524,0.09194214782951876,0.016224505384402444
236.35899999999998,39.969,-24.0,236.49200000000002,39.909,-26.5,236.485,40.048,-24.5,0,0.05565060782655552,-2.639790102361153,-25.037464795850124,7.050078388453592,-0.00240636631838497,-0.37488232250943343
233.058,49.79,-21.5,233.279,49.895,-26.5,233.08100000000002,49.913,-24.0,0,4.131837658003794,-0.6435426352930956,11.346218428956565,26.92139756724248,0.3637954479299021,-0.024557005860517955
232.72199999999998,50.072,-21.5,232.88400000000001,49.928,-21.5,232.924,50.07,-24.2,0,4.044824851067814,-0.04392730329816864,9.949917002411482,27.44859059021663,0.40613167213359846,-0.0024307944189865495
236.38400000000001,40.158,-21.5,236.485,40.048,-24.5,236.551,40.154,-23.9,0,-0.287096707988773,-2.81922416354646,-24.84093320158852,7.902468708446001,0.011341483153337955,-0.35737465727219686
235.192,48.431,-21.5,235.289,48.266,-21.5,235.375,48.412,-23.8,0,1.2073146018943566,2.635333050997893,2.2101489423617746,28.429881298918865,0.5427836998214989,0.09221332869118326
236.75900000000001,40.202,-26.5,236.852,40.366,-26.5,236.701,40.328,-23.8,0,0.301519820803694,-1.4714588248438674,-21.59818885204168,14.878305191009972,-0.014061890247253142,-0.09918016468263216
235.44799999999998,48.544,-26.5,235.288,48.688,-26.5,235.268,48.534,-23.9,0,3.61345771667709,0.5326280353894571,10.660741394446475,26.62185737964581,0.3381887138423144,0.019720270719700114
236.078,46.232,-21.5,236.325,46.204,-26.5,236.214,46.32,-23.9,0,-1.6457188187061278,2.00093009876844,-15.960514069763367,22.967430670369126,0.1029267318702847,0.08701045402065237
236.656,40.444,-21.5,236.539,40.291,-21.5,236.701,40.328,-23.8,0,-0.4315731410548728,-2.3316630240483955,-23.449299769566228,11.635749498120973,0.018223820643833506,-0.2009757732931448
235.043,48.579,-21.5,235.192,48.431,-21.5,235.268,48.534,-23.9,0,4.725838873375143,2.0178388683002177,9.273473947871677,27.106481144192546,0.5085522877919598,0.0740278380324108
236.325,46.204,-26.5,236.36599999999999,46.38,-26.5,236.214,46.32,-23.9,0,-1.3289299234984406,0.9287544412053678,-17.211776152598144,21.983083444566642,0.0770729446013948,0.042170283009586536
236.539,40.291,-21.5,236.38400000000001,40.158,-21.5,236.551,40.154,-23.9,0,-0.6697893496834398,-2.118511952746761,-25.302502443193625,6.329944606715166,0.026243858693062533,-0.3355555242538754
233.279,49.895,-26.5,233.115,50.039,-26.5,233.08100000000002,49.913,-24.0,0,2.980498513317423,-0.4321653227371809,10.240230964274819,27.325691422453655,0.2907273985143868,-0.016349646339101895
236.082,46.41,-21.5,236.078,46.232,-21.5,236.214,46.32,-23.9,0,-1.7092254504116178,3.1739078459506476,-12.502762341681795,25.03383553852742,0.136467832162831,0.12667640508165778
233.115,50.039,-26.5,232.974,50.193,-26.5,232.924,50.07,-24.2,0,1.9533573854637127,-0.11684552600361883,7.212953403032652,28.256782751119452,0.27047440956341867,-0.004677842899663822
232.88400000000001,49.928,-21.5,233.058,49.79,-21.5,233.08100000000002,49.913,-24.0,0,4.900189245592316,-0.5769382241382216,11.495296874436049,26.872357860847558,0.42590131405444404,-0.02226751253152717
236.852,40.366,-26.5,236.656,40.444,-21.5,236.701,40.328,-23.8,0,0.03147507975714315,-1.8698860528972145,-21.59144148742438,14.94774693218812,-0.0015900288883837375,-0.12547824099069746
236.485,40.048,-24.5,236.635,40.051,-26.5,236.551,40.154,-23.9,0,0.4384436141703865,-2.151610929071185,-24.85040960659657,7.776588285553901,-0.017804850977383983,-0.27716153412322475
232.72199999999998,50.072,-21.5,232.924,50.07,-24.2,232.786,50.19,-24.0,0,3.1750820298834403,0.1634095995206141,8.70562646857907,27.856559401552662,0.36432946038858316,0.005103547785448944
232.924,50.07,-24.2,232.974,50.193,-26.5,232.786,50.19,-24.0,0,2.578500517666821,0.07516199717238323,8.696683186329604,27.827316764175045,0.2961492680105477,0.0020899355027671354
236.227,40.028,-21.5,236.35899999999998,39.969,-24.0,236.38400000000001,40.158,-21.5,0,-1.737361562243197,-2.796556156448458,-25.407937426485944,5.745013576664776,0.06811396294406556,-0.4875397126348833
236.753,41.059,-26.5,236.52800000000002,41.115,-21.5,236.656,40.966,-21.5,0,0.8425342381354914,1.162369692038343,6.473300846647138,26.854223255180987,0.130314277217102,0.04313435023598126
236.648,41.22,-26.5,236.52800000000002,41.115,-21.5,236.753,41.059,-26.5,0,0.3669819180144253,1.4473143356125222,3.0825358806274235,27.146009468466886,0.11941996928208268,0.05318847769077661
236.341,43.524,-26.5,236.05700000000002,43.566,-21.5,236.067,43.388,-21.5,0,-1.2474498344422265,3.6170739147281075,-10.551432147026905,25.144819177777165,0.11785591719226586,0.1436573412794989
236.333,43.703,-26.5,236.05,43.744,-21.5,236.05700000000002,43.566,-21.5,0,-1.007538447498087,3.725280515839372,-10.969616927561447,25.012965030615653,0.09148710773848868,0.1487515997742922
236.333,43.703,-26.5,236.05700000000002,43.566,-21.5,236.341,43.524,-26.5,0,-0.7585767567429824,2.4953292738129855,-10.786006721323037,25.054417227020473,0.07004892891215131,0.09944632126108469
236.325,43.881,-26.5,236.05,43.744,-21.5,236.333,43.703,-26.5,0,-0.5477490656835575,2.6349582599111785,-10.781381580763512,25.110602303718693,0.05051955954786957,0.10479109942977052
236.434,42.454,-26.5,236.451,42.276,-26.5,236.526,42.369,-29.0,0,-0.27917882515808073,1.4749682633284449,-9.43645130669885,25.79201427677502,0.02948756438689093,0.05708638347802607
236.58499999999998,46.041,-31.5,236.30700000000002,46.026,-26.5,236.571,45.863,-31.5,0,0.0544273357472347,0.08397183717988618,-13.665903667003388,24.238664842182516,-0.003956489399872314,0.003472802551424323
236.30700000000002,46.026,-26.5,236.298,45.847,-26.5,236.571,45.863,-31.5,0,-0.3510964916291188,0.7474294972701544,-13.034455127310114,24.60172060976599,0.02688591658092701,0.030337726690533667
236.559,45.684,-31.5,236.571,45.863,-31.5,236.298,45.847,-26.5,0,0.02727000619303397,0.03709059701281748,-13.391126375855396,24.356355754386804,-0.002012514751240128,0.0015306926243128691
236.325,46.204,-26.5,236.30700000000002,46.026,-26.5,236.58499999999998,46.041,-31.5,0,-0.36663444257573047,0.536479524698849,-14.242333395727506,23.94709687391545,0.025693975551171554,0.02236733856081334
236.559,45.684,-31.5,236.298,45.847,-26.5,236.297,45.669,-26.5,0,-0.3651029703462737,0.8673863012815292,-11.942267034530886,25.14172333844388,0.03050811551448979,0.034449149813107253
236.325,46.204,-26.5,236.58499999999998,46.041,-31.5,236.599,46.22,-31.5,0,0.01886295482526096,0.036217045241520925,-13.651736842345006,24.30605872589048,-0.001364118140007855,0.0014965354624999015
236.618,42.285,-31.5,236.606,42.464,-31.5,236.526,42.369,-29.0,0,-0.07902208710022107,0.22819653891061015,-10.073678674779586,25.453344464115993,0.007879452046667764,0.008962261600092798
236.559,45.684,-31.5,236.297,45.669,-26.5,236.55,45.505,-31.5,0,0.0002701234841839256,-0.05899717886527215,-12.989119596337666,24.555361507854386,-5.234521437934681e-06,-0.002396953203927176
236.738,39.872,-31.5,236.844,40.031,-31.5,236.7,39.964,-29.5,0,0.1754026078547592,-0.4992485235156174,-22.51498840219494,13.145042590271192,-0.007791772806261191,-0.03793681153948469
236.534,44.968,-31.5,236.30200000000002,45.132,-26.5,236.3,44.954,-26.5,0,-0.3275409250673322,1.7144819997338758,-12.082052582548858,24.96180256864446,0.027013958332628662,0.06859940609352345
236.55,45.505,-31.5,236.297,45.669,-26.5,236.3,45.49,-26.5,0,-0.3659381759285832,0.946735061355053,-11.386871695907722,25.39108997707431,0.032054824490012394,0.03722885204753098
236.534,44.968,-31.5,236.538,45.147,-31.5,236.30200000000002,45.132,-26.5,0,-0.006918283647355597,0.2080958152540357,-12.311153956006521,24.84138385285508,0.0005636737348735734,0.008360187138346043
236.538,45.147,-31.5,236.304,45.311,-26.5,236.30200000000002,45.132,-26.5,0,-0.3451950588468682,1.3496595979565744,-12.079736718417152,25.00626641948449,0.028483953641426498,0.053897194947867384
236.542,45.326,-31.5,236.3,45.49,-26.5,236.304,45.311,-26.5,0,-0.3475409776192475,1.0943894801715655,-11.248413020044058,25.4458303206859,0.030802783777642603,0.04294353639475064
236.538,45.147,-31.5,236.542,45.326,-31.5,236.304,45.311,-26.5,0,0.00243864775360242,-0.021325293151413512,-12.310605813087868,24.885366940866398,-0.00019525239918509785,-0.000864022935586413
236.542,45.326,-31.5,236.55,45.505,-31.5,236.3,45.49,-26.5,0,-0.004964442294042102,-0.10222403608192229,-12.854142914855728,24.612048009375357,0.00039327618129510986,-0.004152757971183653
236.416,42.632,-26.5,236.434,42.454,-26.5,236.511,42.548,-28.9,0,-0.3290389929694955,1.5103265179842114,-9.300982305303435,25.783196138014425,0.035284230812356134,0.058485137036763675
236.606,42.464,-31.5,236.594,42.643,-31.5,236.511,42.548,-28.9,0,-0.08100535258561878,0.21770544440406536,-10.076788994385268,25.51559414173527,0.008079624976241602,0.008536166656188652
236.599,46.22,-31.5,236.649,46.396,-31.5,236.36599999999999,46.38,-26.5,0,-0.07976102426064989,-0.10675849358706399,-18.115200858093406,21.160835935267208,0.004405943376450089,-0.005041261176518142
236.93200000000002,40.197,-31.5,236.75900000000001,40.202,-26.5,236.844,40.031,-31.5,0,0.14359667978037252,-0.11432443467006446,-21.110791892249967,15.746540523406818,-0.006820543053359128,-0.0072973235319331526
236.36599999999999,46.38,-26.5,236.325,46.204,-26.5,236.599,46.22,-31.5,0,-0.5337950955651517,0.22152092681886087,-17.144434248698175,21.987643137308776,0.031080040679469585,0.010043129989259965
235.95600000000002,47.917,-26.5,236.07299999999998,47.756,-26.5,236.279,47.825,-29.2,0,1.3163336333759352,-0.3598986640692012,5.247575316887972,27.730004421137643,0.2502236961490265,-0.013353202369643902
236.18200000000002,47.978,-29.3,235.95600000000002,47.917,-26.5,236.279,47.825,-29.2,0,0.900622236912928,-0.4944475027820669,4.725593101933298,27.8264835924677,0.19007677966949985,-0.018053872754938617
235.851,48.081,-26.5,235.95600000000002,47.917,-26.5,236.078,48.121,-29.2,0,0.9575741577120659,-0.27820440032128707,3.5734530437149097,28.048156720259655,0.26690074829001126,-0.010297956837880973
235.95600000000002,47.917,-26.5,236.18200000000002,47.978,-29.3,236.078,48.121,-29.2,0,0.7899915131897668,-0.454882843004847,4.024971272013151,27.963121307241032,0.19563035546421878,-0.016554918496249085
236.844,40.031,-31.5,236.75900000000001,40.202,-26.5,236.635,40.051,-26.5,0,0.49861395403951864,-0.9764668567656473,-23.72222515413322,10.922707284010228,-0.02107671855540457,-0.08955038901251375
236.725,46.567,-31.5,236.434,46.553,-26.5,236.649,46.396,-31.5,0,-0.15752100531533283,-0.18355870516243278,-20.869031109529715,18.44094021533157,0.007551593400142399,-0.009952334837406004
236.399,42.81,-26.5,236.416,42.632,-26.5,236.49599999999998,42.726,-28.9,0,-0.3680015032426306,1.3501460816208384,-9.443504257242143,25.739601879289857,0.038864095774141454,0.05236771318897553
236.649,46.396,-31.5,236.434,46.553,-26.5,236.36599999999999,46.38,-26.5,0,-0.7714850933203004,-0.09990250269609831,-20.103666742811114,19.30483684922786,0.03832271436825327,-0.005206633263498516
236.635,40.051,-26.5,236.615,39.891,-29.0,236.7,39.964,-29.5,0,0.5753688664657615,-1.667838459889342,-23.88639984571591,10.457724664886317,-0.024156278425297453,-0.15960612321430814
236.594,42.643,-31.5,236.584,42.821,-31.5,236.49599999999998,42.726,-28.9,0,-0.05011375762201909,0.059851837699115305,-10.346494453375477,25.38549696166961,0.004876425768229616,0.0023660129816018955
233.287,50.399,-31.5,233.094,50.317,-28.8,233.203,50.185,-28.8,0,0.2269761286530232,-0.10285383390373393,5.900493363227505,28.367477282416967,0.03848364474493108,-0.003724120212612652
232.997,50.454,-29.0,233.287,50.399,-31.5,233.159,50.558,-31.5,0,-0.04036204449954408,0.09967632432359987,5.549943936481207,28.462432714271824,-0.007123683699801511,0.0035082633432437955
236.279,47.825,-29.2,236.07299999999998,47.756,-26.5,236.36700000000002,47.684,-29.2,0,0.5896492563323064,-0.5465746280005683,3.353791793299104,27.986232648710214,0.17532976927844993,-0.019795686207275145
236.07299999999998,47.756,-26.5,236.186,47.595,-26.5,236.36700000000002,47.684,-29.2,0,1.089942054003617,-0.4450950562853059,4.823746758962557,27.77829143713566,0.22547643051593347,-0.016356815733078046
233.416,50.24,-31.5,233.287,50.399,-31.5,233.203,50.185,-28.8,0,-0.049019335107491915,-0.09386645204300642,5.705229082027672,28.392785227323557,-0.00848543043190742,-0.0033131770761568083
236.38400000000001,42.989,-26.5,236.399,42.81,-26.5,236.483,42.904,-28.9,0,-0.40376800298421334,1.1402952674748925,-9.736544843407426,25.631488379781516,0.04134509007683191,0.04440376705280187
236.584,42.821,-31.5,236.575,43.0,-31.5,236.483,42.904,-28.9,0,-0.013981018959427813,-0.09895510840644563,-10.493953947374624,25.32174048072219,0.0013525684102025594,-0.0039010692590607833
236.36700000000002,43.167,-26.5,236.38400000000001,42.989,-26.5,236.47,43.083,-28.9,0,-0.4150816325228227,1.0534760550438185,-9.448868726541725,25.756052286381653,0.04378045571104137,0.040815388152857256
236.575,43.0,-31.5,236.565,43.179,-31.5,236.47,43.083,-28.9,0,-0.0014416136617873517,-0.13058082485296904,-10.35917002505471,25.386199203974854,0.00014813071937379462,-0.005144664380470105
233.555,50.085,-31.5,233.416,50.24,-31.5,233.34199999999998,50.035,-28.7,0,-0.003718999004608176,-0.051703240110438024,7.132468835540622,28.054988964534132,-0.00048532827850878346,-0.0018600093881744736
233.416,50.24,-31.5,233.203,50.185,-28.8,233.34199999999998,50.035,-28.7,0,0.4125785780633979,-0.1406794836791134,8.484808588628857,27.67785642430083,0.04857885440245315,-0.005193001550588527
236.35,43.345,-26.5,236.36700000000002,43.167,-26.5,236.457,43.262,-28.9,0,-0.42499037397936296,1.1035991386371018,-9.451932189109296,25.756177231706893,0.04479934035409736,0.04275631575643995
233.287,50.399,-31.5,232.997,50.454,-29.0,233.094,50.317,-28.8,0,0.21437369560541786,-0.004117222231521361,6.28189279694694,28.309497895142158,0.034156960004925706,-0.0002312688387447237
236.565,43.179,-31.5,236.55599999999998,43.358,-31.5,236.457,43.262,-28.9,0,-0.011249689084070027,-0.03575764931735945,-10.499515251217929,25.33578468113506,0.0010734178510993888,-0.0014220052319437895
236.735,47.276,-31.5,236.488,47.379,-28.7,236.55599999999998,47.198,-28.7,0,-0.11837680719470613,-0.3564902198766811,-2.054975210523885,28.016227369993025,0.05740397390795157,-0.012779631396101606
235.739,48.244,-26.5,235.851,48.081,-26.5,235.963,48.259,-29.1,0,1.1854233333861273,-0.19526481911890906,4.445178781042894,27.988993230622352,0.26566826396702825,-0.007315820303219761
236.434,46.553,-26.5,236.725,46.567,-31.5,236.627,46.671,-29.3,0,-0.43780135677869525,-0.274339734985142,-17.888767468189695,21.42297632329199,0.02445099318616779,-0.012822763411834678
236.341,43.524,-26.5,236.35,43.345,-26.5,236.44400000000002,43.437,-28.9,0,-0.4357818552039586,1.1734099049692646,-10.577694386827162,25.34795340686121,0.04104306899107652,0.04619775566699744
236.981,40.898,-31.5,236.841,40.894,-26.5,236.95,40.802,-29.2,0,0.029300734576588165,-0.5320463403433631,-3.013749881096281,27.43390771578885,-0.00990859722400849,-0.01941574726745063
235.801,48.408,-28.8,235.876,48.575,-31.5,235.65699999999998,48.543,-28.8,0,0.7472572139691239,-0.09931515553853877,10.307858084011091,26.512060239534314,0.07230650329490437,-0.0038308071925023703
232.997,50.454,-29.0,232.836,50.349,-26.5,233.094,50.317,-28.8,0,0.7692965052257079,0.1333144788268703,6.278465549503563,28.313989745329106,0.12240300380959127,0.004444632371452412
232.836,50.349,-26.5,232.974,50.193,-26.5,233.094,50.317,-28.8,0,1.1660237507278135,0.07126452509408975,6.744709307412657,28.198735317708124,0.17266652211626188,0.0021611665502480663
236.039,48.432,-31.5,235.876,48.575,-31.5,235.801,48.408,-28.8,0,0.05726432489996421,0.013076327753271935,11.217499182094848,26.103747029308206,0.005116369802497959,0.00048266733469184584
236.735,47.276,-31.5,236.675,47.45,-31.5,236.488,47.379,-28.7,0,-0.05194886645878649,-0.03555019255675315,-2.7847129524048064,27.95402432290529,0.01850895561009094,-0.001271882016183794
236.55599999999998,43.358,-31.5,236.549,43.537,-31.5,236.44400000000002,43.437,-28.9,0,-0.023081086742194102,0.08233832084057921,-10.77731985134377,25.209804213599917,0.002141144091573688,0.003248830222380872
236.333,43.703,-26.5,236.341,43.524,-26.5,236.437,43.617,-28.9,0,-0.3431519375816146,1.2121158909634695,-10.71727516774348,25.321653904825155,0.03186538423694629,0.04777827101544662
235.851,48.081,-26.5,236.078,48.121,-29.2,235.963,48.259,-29.1,0,1.175340137959281,-0.36348110106411685,5.8907160181891305,27.686592473277024,0.19895318567165296,-0.013395884537719581
233.715,49.938,-31.5,233.555,50.085,-31.5,233.503,49.895,-28.8,0,0.03999203484337746,0.012471056605253541,9.829963094187448,27.195473680929513,0.00405326454960789,0.0004442504318823759
236.308,44.775,-26.5,236.314,44.596,-26.5,236.40699999999998,44.687,-28.7,0,-0.3564405318474624,2.778795667879246,-10.996420362661627,25.458545773293807,0.03225676213048902,0.1090391914671189
236.186,47.595,-26.5,236.288,47.43,-26.5,236.449,47.519,-29.1,0,0.6491399948406398,-0.5377140815768696,3.236910229518303,27.983164064809408,0.20017376260255204,-0.01949311536280405
233.555,50.085,-31.5,233.34199999999998,50.035,-28.7,233.503,49.895,-28.8,0,0.5621255589743444,-0.1343449537741899,9.69805129797765,27.265520905762315,0.057879146995111076,-0.005039067672893327
236.607,47.012,-28.8,236.777,47.099,-31.5,236.55599999999998,47.198,-28.7,0,-0.24697058917676287,-0.29389568288748047,-5.55091487068427,27.486885081646044,0.04436988950952274,-0.010732232619078708
236.53300000000002,44.432,-31.5,236.529,44.61,-31.5,236.43,44.52,-29.2,0,-0.01528310215793533,0.01683471905995863,-11.18785952643001,25.285803526894718,0.0014059038349662268,0.0006680172289590207
236.549,43.537,-31.5,236.546,43.716,-31.5,236.437,43.617,-28.9,0,-0.018677704292287736,0.11324139202783419,-11.326885177148167,24.9920331672337,0.001650007046175474,0.004513857596547308
236.314,44.418,-26.5,236.317,44.239,-26.5,236.41500000000002,44.329,-28.8,0,-0.21385880437811408,2.0878127350686495,-11.411251699896425,25.173100289961482,0.018580942596420718,0.08284682434328774
236.538,44.074,-31.5,236.53300000000002,44.253,-31.5,236.435,44.162,-29.2,0,-0.020244149082142712,-0.061578405226440466,-11.052988608416847,25.249349777088526,0.0018459387642087881,-0.002439281958467871
236.325,43.881,-26.5,236.333,43.703,-26.5,236.43,43.794,-28.8,0,-0.23750469916142433,1.2620788612873357,-10.712708695309445,25.32061100775104,0.02201358193891674,0.04975838609588862
235.65699999999998,48.543,-28.8,235.699,48.71,-31.5,235.494,48.68,-28.8,0,0.7640621291658204,-0.048315289005578604,11.66971420905102,26.03951417096396,0.06528396928822132,-0.0019217669536449563
236.314,44.596,-26.5,236.314,44.418,-26.5,236.43,44.52,-29.2,0,-0.28825546787841416,2.3642818466738307,-11.82039005971696,25.034508780671963,0.024242591083354217,0.09434323266054878
236.543,43.895,-31.5,236.538,44.074,-31.5,236.438,43.983,-29.2,0,-0.007315239119609846,-0.0442848091899649,-11.052230297969835,25.17766993883236,0.0006710713466868074,-0.0017634058192661074
236.529,44.61,-31.5,236.529,44.789,-31.5,236.40699999999998,44.687,-28.7,0,0.008336005845017902,0.10428772290478427,-11.746379046349638,25.08057365974414,-0.0006712059780086817,0.004155821824580718
236.676,41.57,-31.5,236.524,41.563,-26.5,236.62900000000002,41.475,-29.4,0,-0.3033233313490448,0.747171714733446,-7.240840421942071,26.477492148556827,0.04177193973430944,0.028187983002425452
236.36700000000002,47.684,-29.2,236.186,47.595,-26.5,236.449,47.519,-29.1,0,0.288405297156867,-0.5899588175388251,1.8150645573394861,28.10430186944056,0.15841706818904835,-0.02122052751081422
236.777,47.099,-31.5,236.735,47.276,-31.5,236.55599999999998,47.198,-28.7,0,-0.080460601963166,0.009587167499171007,-5.49561579383985,27.512890383491772,0.014548940161401323,0.0003484762496422634
236.53300000000002,44.253,-31.5,236.53300000000002,44.432,-31.5,236.41500000000002,44.329,-28.8,0,-0.035355646194973035,0.04389743288799443,-11.743638579960344,24.97460790219295,0.003027902441895167,0.0017556665434676096
235.876,48.575,-31.5,235.699,48.71,-31.5,235.65699999999998,48.543,-28.8,0,0.04125834148065863,0.014921260935897667,12.92038624552696,25.390418191735307,0.003164834684365699,0.0005747416794839841
236.546,43.716,-31.5,236.543,43.895,-31.5,236.43,43.794,-28.8,0,-0.009650828935210045,0.06112762099581134,-11.328265736663408,25.046466134024108,0.0008542224179447671,0.002427817018330642
236.317,44.239,-26.5,236.32,44.06,-26.5,236.435,44.162,-29.2,0,-0.15785920410363807,1.6072860979424404,-11.407478933434408,25.123664911794634,0.013684349127504774,0.06389333841610356
237.031,40.724,-31.5,236.889,40.719,-26.5,236.959,40.631,-28.8,0,0.08605407389493192,-0.3348540678932923,-10.283545775877514,25.180350664860008,-0.008432350998692632,-0.013328780847495897
236.32,44.06,-26.5,236.325,43.881,-26.5,236.438,43.983,-29.2,0,-0.16411568807506108,1.3431785291042033,-11.131674004056293,25.20833426255232,0.014589853183162109,0.053202783569650726
236.844,40.031,-31.5,236.635,40.051,-26.5,236.7,39.964,-29.5,0,0.4580066697349965,-1.0015974417547788,-23.606811844747444,11.121226764136427,-0.019443316953299743,-0.0901377473658323
236.89499999999998,40.541,-26.5,237.035,40.545,-31.5,236.959,40.631,-28.8,0,0.04950134389470399,-0.10028389049371608,-11.404239127115968,24.637240960960114,-0.004403727529654963,-0.004108344951816394
233.664,49.794,-29.2,233.635,49.621,-26.5,233.856,49.65,-29.2,0,1.8419227251960144,-0.5051695458542365,12.465461875532588,26.070472745111438,0.1475321659342726,-0.019607598596723178
236.176,48.278,-31.5,236.039,48.432,-31.5,235.963,48.259,-29.1,0,0.024610764627562738,0.01832742346513818,7.992244166295901,27.19230165928489,0.003162263671890602,0.0006599867256960882
236.406,47.956,-31.5,236.299,48.119,-31.5,236.18200000000002,47.978,-29.3,0,0.04485097690383949,-0.03373582424429924,4.054102542787642,27.933032272556844,0.01121882975876245,-0.0012225383872727297
233.452,49.755,-26.5,233.635,49.621,-26.5,233.664,49.794,-29.2,0,2.5938491755567887,-0.6403544490368548,12.710265154484864,25.96916469283418,0.20379949167262662,-0.024979104482942157
236.3,44.954,-26.5,236.308,44.775,-26.5,236.41,44.868,-28.8,0,-0.4118056272555352,2.802689680552586,-10.717126434894116,25.578562355039104,0.03826335411782299,0.10945581358518011
236.464,46.73,-26.5,236.434,46.553,-26.5,236.627,46.671,-29.3,0,-1.06617826198829,-0.3555506544853452,-15.774052372135621,23.047633098493968,0.06750034852181407,-0.015477484815900474
236.299,48.119,-31.5,236.176,48.278,-31.5,236.078,48.121,-29.2,0,0.045780095004791105,-0.006491858788272229,6.1615043307266175,27.605210714088994,0.00755096528117886,-0.00025030855947359633
236.505,47.789,-31.5,236.406,47.956,-31.5,236.279,47.825,-29.2,0,0.04060386964296903,-0.05540499622382055,2.8102228550751036,28.05665676112134,0.014603138616196082,-0.0019871261454469883
236.675,47.45,-31.5,236.595,47.621,-31.5,236.449,47.519,-29.1,0,0.0017780664178807918,-0.023506580074211293,0.13908344428900676,28.12667145953767,0.01467209157852514,-0.0008315624389793633
236.529,44.789,-31.5,236.534,44.968,-31.5,236.41,44.868,-28.8,0,0.07086288619211278,-0.08179496381394225,-12.427648491349931,24.75883783930206,-0.005658213118833078,-0.0033000251483399903
236.428,47.085,-26.5,236.607,47.012,-28.8,236.55599999999998,47.198,-28.7,0,-0.6123737746576785,-0.6409437060492293,-5.610093696222066,27.49179205386492,0.10895236006929301,-0.02342576505433766
236.406,47.956,-31.5,236.18200000000002,47.978,-29.3,236.279,47.825,-29.2,0,0.3150716519268815,-0.3003395678746967,4.788590849541878,27.803754732623403,0.06572251503152098,-0.010898429012306494
236.659,41.749,-31.5,236.501,41.741,-26.5,236.591,41.656,-29.1,0,-0.17515370225438381,0.34077786947200805,-9.579788890080401,25.618828511872174,0.0181873539460109,0.01326884426676359
236.524,41.563,-26.5,236.676,41.57,-31.5,236.591,41.656,-29.1,0,-0.28979456972903356,0.6231727618665366,-8.42896683466688,26.100719937137313,0.03427312072258942,0.023843381246161918
235.29500000000002,48.825,-28.9,235.301,48.953,-31.5,235.08499999999998,48.945,-28.9,0,0.8763272837480872,0.0010319931173306332,15.987857374529924,23.87951357845219,0.05470228946113653,3.6484430123179256e-06
235.102,48.817,-26.5,235.29500000000002,48.825,-28.9,235.08499999999998,48.945,-28.9,0,2.474637356058865,0.06794212513431264,15.956560690335824,23.928926632209613,0.15482354405671922,0.0027099872477425995
236.63,42.106,-31.5,236.469,42.097,-26.5,236.55599999999998,42.012,-29.0,0,-0.07379820349355609,0.39846890838966836,-9.961977515193446,25.536362754153757,0.007342016503247182,0.015551018701625495
235.494,48.68,-28.8,235.50799999999998,48.837,-31.5,235.29500000000002,48.825,-28.9,0,0.7774013995306607,-0.01457531527898852,13.881392928277364,25.03797502471734,0.055849081339289675,-0.0006284015571920282
233.856,49.65,-29.2,233.839,49.501,-26.5,234.049,49.525,-29.2,0,1.9959477361140674,-0.49398415181550154,14.261275646133544,25.16430997753705,0.13974098751253364,-0.019846755928791572
236.488,47.379,-28.7,236.368,47.259,-26.5,236.55599999999998,47.198,-28.7,0,-0.284256225344082,-0.6613249652680859,-2.1200763415463584,28.022699835796907,0.13382789129150666,-0.023755915565595545
236.564,41.387,-26.5,236.70999999999998,41.393,-31.5,236.62900000000002,41.475,-29.4,0,-0.3453163018333379,0.9850331185371147,-6.014456167764212,26.885029350726967,0.05728857613123371,0.03659973776574762
236.501,41.741,-26.5,236.659,41.749,-31.5,236.572,41.834,-29.0,0,-0.12139068032971821,0.26059439227417286,-9.533637805451601,25.656492644184183,0.012635077377541559,0.010121256212895903
236.643,41.928,-31.5,236.485,41.919,-26.5,236.572,41.834,-29.0,0,-0.06121558812299732,0.2115854812999878,-9.548181650834081,25.68685358057685,0.006319939440818279,0.008194312740788336
235.599,48.396,-26.5,235.801,48.408,-28.8,235.65699999999998,48.543,-28.8,0,2.081374017558669,-0.09632748778886102,10.257379373612093,26.534530330060292,0.2024041194122987,-0.0038403841090940377
236.18200000000002,47.978,-29.3,236.299,48.119,-31.5,236.078,48.121,-29.2,0,0.2687706567710296,-0.2592705109001623,4.085525366340509,27.95260283093507,0.06570335342185529,-0.009374358455917
236.485,41.919,-26.5,236.643,41.928,-31.5,236.55599999999998,42.012,-29.0,0,-0.053997997041132895,0.24917965211252302,-9.524539501038554,25.714966568702422,0.005583568238320812,0.009643324904443524
236.618,42.285,-31.5,236.451,42.276,-26.5,236.541,42.191,-29.0,0,-0.14003705937131275,0.6930097664896954,-9.965738953046788,25.52557986405595,0.014010608126021165,0.027093951813865227
232.974,50.193,-26.5,233.115,50.039,-26.5,233.203,50.185,-28.8,0,1.3882467817844963,-0.15343766618525426,7.262101638446309,28.048791203658237,0.1909166939174627,-0.005855221643367248
236.889,40.719,-26.5,237.031,40.724,-31.5,236.95,40.802,-29.2,0,0.07108248791763412,-0.4154083509524126,-6.80442002137276,26.49462698142476,-0.010539380912339873,-0.015699927742056804
235.599,48.396,-26.5,235.739,48.244,-26.5,235.801,48.408,-28.8,0,2.210508797024809,-0.04797273088975284,8.302011740940355,27.168452506474516,0.2655398665329935,-0.002055827643004225
235.44799999999998,48.544,-26.5,235.65699999999998,48.543,-28.8,235.494,48.68,-28.8,0,2.1951177561102146,0.002602291220572557,11.625075738177383,26.052686572720646,0.1883642430225117,-7.409897309168023e-05
236.463,46.908,-26.5,236.464,46.73,-26.5,236.638,46.837,-29.2,0,-1.0661376706392054,-0.5316248827637036,-11.593941242732637,25.47273390936907,0.09181974283409679,-0.02094772574676114
236.791,46.921,-31.5,236.777,47.099,-31.5,236.607,47.012,-28.8,0,-0.0690517577018996,0.04965692044587856,-9.613191845473551,26.31140515420403,0.007138772276495095,0.0018867886014379144
236.595,47.621,-31.5,236.505,47.789,-31.5,236.36700000000002,47.684,-29.2,0,0.023012495838121087,-0.043270895281432645,1.629247838375278,28.117770892306737,0.01431266339766818,-0.0015417434487287524
236.469,42.097,-26.5,236.63,42.106,-31.5,236.541,42.191,-29.0,0,-0.08861341956544767,0.5035759207995101,-9.414643080509961,25.778849570455215,0.009351241552417495,0.019479977250791
236.505,47.789,-31.5,236.279,47.825,-29.2,236.36700000000002,47.684,-29.2,0,0.21466430379070106,-0.31863718829835114,3.427355702717257,27.977417775825778,0.06255817450172158,-0.01147495153160762
236.606,42.464,-31.5,236.434,42.454,-26.5,236.526,42.369,-29.0,0,-0.19549076935673762,0.8461092362958894,-10.115667482768494,25.467613661293242,0.01930037419686731,0.0331724317057195
235.699,48.71,-31.5,235.50799999999998,48.837,-31.5,235.494,48.68,-28.8,0,-0.004925035570881324,0.01580190086890392,14.473489305409473,24.65437755674916,-0.00038253100591801524,0.0006395842344303294
234.065,49.661,-31.5,233.856,49.65,-29.2,234.049,49.525,-29.2,0,0.6466305331126483,-0.16217312489356353,14.299321160997648,25.08734192775828,0.045115701265186166,-0.0065385030403339
235.288,48.688,-26.5,235.494,48.68,-28.8,235.29500000000002,48.825,-28.9,0,2.3083743338071168,0.053112553175969295,13.82225227109972,25.10905272897482,0.16664483238024178,0.001974926553518371
233.635,49.621,-26.5,233.839,49.501,-26.5,233.856,49.65,-29.2,0,3.0002424347798113,-0.66142055282994,15.266438892859437,24.55705182037253,0.19626008278906526,-0.02723005537503125
236.615,39.891,-29.0,236.738,39.872,-31.5,236.7,39.964,-29.5,0,0.35523257512716594,-1.190991841928938,-23.47003151850428,11.23312105307514,-0.015163237785735846,-0.10601891893476163
236.451,42.276,-26.5,236.618,42.285,-31.5,236.526,42.369,-29.0,0,-0.1521048066895913,0.7766470197504669,-9.39079582268435,25.777772962725237,0.01616079541098127,0.030074340290162024
236.594,42.643,-31.5,236.416,42.632,-26.5,236.511,42.548,-28.9,0,-0.1918588407492526,0.8003981013597355,-9.121663380935196,25.866244263110893,0.021006195605768458,0.030901286763196027
233.115,50.039,-26.5,233.279,49.895,-26.5,233.34199999999998,50.035,-28.7,0,2.137112628332434,-0.3370943702423342,10.28466140680479,27.055807601260355,0.20753891412896053,-0.012840969016277333
233.882,49.796,-31.5,233.664,49.794,-29.2,233.856,49.65,-29.2,0,0.5807736764393461,-0.13810610881805827,12.50905083300576,26.04943712202255,0.046321016643731214,-0.0053754341560167795
236.288,47.43,-26.5,236.368,47.259,-26.5,236.488,47.379,-28.7,0,0.003717004693065269,-0.6098809021724529,0.02035387679686096,28.11862551105353,0.18109389819778993,-0.021917775292447407
236.584,42.821,-31.5,236.399,42.81,-26.5,236.49599999999998,42.726,-28.9,0,-0.19507387623391376,0.6071188216643262,-9.50123144014377,25.716488277679318,0.020490775817642318,0.023569562257823456
235.44799999999998,48.544,-26.5,235.599,48.396,-26.5,235.65699999999998,48.543,-28.8,0,2.457830166139435,0.07515780050692783,9.626035262615893,26.803286485357262,0.25466736425809977,0.002559325294430173
233.882,49.796,-31.5,233.715,49.938,-31.5,233.664,49.794,-29.2,0,-0.005639233147941431,0.048856868530875834,10.907146010748612,26.754111413448868,-0.0005518032531182733,0.0018258163922650168
236.434,42.454,-26.5,236.606,42.464,-31.5,236.511,42.548,-28.9,0,-0.20714564035084096,0.8485160831930221,-10.223439863096274,25.44018937444423,0.020238307362552242,0.03330519179754652
233.279,49.895,-26.5,233.452,49.755,-26.5,233.503,49.895,-28.8,0,2.4204660334612873,-0.5227100805902067,11.402268075892849,26.5946041928312,0.2120076413843163,-0.02001169082349534
234.065,49.661,-31.5,233.882,49.796,-31.5,233.856,49.65,-29.2,0,0.015616002944156594,0.01946608852061946,12.760129112518293,25.89686839809761,0.0011722284070685375,0.0007477295639679333
236.428,47.085,-26.5,236.463,46.908,-26.5,236.607,47.012,-28.8,0,-0.8170072894396565,-0.6450027457170454,-6.633827367793085,27.22917295569585,0.12294040220643535,-0.023804648298544884
236.575,43.0,-31.5,236.38400000000001,42.989,-26.5,236.483,42.904,-28.9,0,-0.19533083337228432,0.4449455529100563,-9.769737970205497,25.6191076457417,0.019935900733760496,0.01732761272652667
236.791,46.921,-31.5,236.607,47.012,-28.8,236.638,46.837,-29.2,0,-0.3051168696807723,-0.20639767756862049,-11.065371700261345,25.693343618148695,0.027516979877752777,-0.008058696815162344
236.368,47.259,-26.5,236.428,47.085,-26.5,236.55599999999998,47.198,-28.7,0,-0.4463544407610396,-0.6660953935902921,-2.8976954569115847,27.923590251838313,0.15373450727296112,-0.024022330418852742
233.839,49.501,-26.5,234.043,49.381,-26.5,234.049,49.525,-29.2,0,2.8529008159034364,-0.5859824155084068,15.321341415708169,24.533722016315483,0.18595637601210865,-0.02416930418716799
235.08499999999998,48.945,-28.9,235.095,49.071,-31.5,234.878,49.06,-28.9,0,0.869288581258915,0.0011031537721425577,16.21400435635906,23.76346583429807,0.05354796489149496,2.203346553720342e-06
236.039,48.432,-31.5,235.801,48.408,-28.8,235.963,48.259,-29.1,0,0.5570204865865558,-0.15416720204853493,8.003566078049715,27.21254245404133,0.06944848776747539,-0.005757481602815941
236.416,42.632,-26.5,236.594,42.643,-31.5,236.49599999999998,42.726,-28.9,0,-0.21567397161688087,0.7330107497817536,-10.252727433711158,25.428360514329796,0.02100636686753694,0.028784949923122524
236.565,43.179,-31.5,236.36700000000002,43.167,-26.5,236.47,43.083,-28.9,0,-0.2005248273844129,0.43514438011546197,-9.583477056294154,25.69966207627555,0.02085000916579533,0.016885185598777958
234.049,49.525,-29.2,234.043,49.381,-26.5,234.24599999999998,49.401,-29.0,0,2.151726371233547,-0.40693780787291706,15.621451450440004,24.307066133387533,0.1375553991321398,-0.016956667027938133
233.34199999999998,50.035,-28.7,233.279,49.895,-26.5,233.503,49.895,-28.8,0,1.568516489885519,-0.3484176420051113,9.629266077041784,27.280357359739064,0.16266821977553597,-0.013061941195311465
235.288,48.688,-26.5,235.44799999999998,48.544,-26.5,235.494,48.68,-28.8,0,2.4914899749250057,0.14384384545626142,10.70118147010925,26.48896835407077,0.23225605362190277,0.0052280721588222594
236.55599999999998,43.358,-31.5,236.35,43.345,-26.5,236.457,43.262,-28.9,0,-0.20381508713755717,0.5312424981083544,-9.527949991146077,25.72606598848604,0.021308067764214733,0.020596368014727192
234.897,48.935,-26.5,235.08499999999998,48.945,-28.9,234.878,49.06,-28.9,0,2.4426174203922857,0.04877225380699344,16.183098439646713,23.847504635090985,0.15074121029839566,0.001902402835096365
234.462,49.414,-31.5,234.25799999999998,49.534,-31.5,234.24599999999998,49.401,-29.0,0,0.021892493097018188,-0.004639021216789345,15.446687500125279,24.378826236375836,0.0014021366655488272,-0.0002070034957837106
236.546,43.716,-31.5,236.333,43.703,-26.5,236.437,43.617,-28.9,0,-0.153352034537324,0.6099747505154949,-11.309144763375237,25.029937508638426,0.01348655547562282,0.024316691359592597
236.399,42.81,-26.5,236.584,42.821,-31.5,236.483,42.904,-28.9,0,-0.21168564390451844,0.5360281910654986,-10.433664613072754,25.348281844148147,0.020244401727937622,0.021107355533350535
236.549,43.537,-31.5,236.341,43.524,-26.5,236.44400000000002,43.437,-28.9,0,-0.2058577228241621,0.602012990305118,-10.944189953024708,25.171221770427323,0.018733510304612132,0.023860286782081998
236.529,44.789,-31.5,236.308,44.775,-26.5,236.40699999999998,44.687,-28.7,0,-0.16485097596397694,1.3505173668450998,-11.325176877633556,25.29705134099924,0.014500439950871049,0.053328010894192854
236.607,47.012,-28.8,236.463,46.908,-26.5,236.638,46.837,-29.2,0,-0.8772967367761574,-0.5385774050851035,-10.927732501270192,25.793736401142894,0.08015563869893574,-0.02095519696189541
236.314,44.418,-26.5,236.53300000000002,44.432,-31.5,236.43,44.52,-29.2,0,-0.12155614310140886,1.0654276324502958,-11.191343609988316,25.282233029927298,0.010803619296786067,0.042095037458811574
234.674,49.3,-31.5,234.453,49.287,-28.9,234.666,49.173,-28.9,0,0.7793597394650176,-0.0538805100242643,16.465764142153827,23.676354852438198,0.04730458027347274,-0.002346355279748489
236.534,44.968,-31.5,236.3,44.954,-26.5,236.41,44.868,-28.8,0,-0.1618406152593028,1.1874778632634748,-11.154125267282772,25.372079546369648,0.014455411015690867,0.04674598398693109
236.53300000000002,44.432,-31.5,236.314,44.418,-26.5,236.41500000000002,44.329,-28.8,0,-0.1252223985262299,1.0659772879630165,-11.716685940051676,25.01675378870319,0.010620743448970255,0.042561802562683826
234.674,49.3,-31.5,234.462,49.414,-31.5,234.453,49.287,-28.9,0,0.003266794848156489,0.012762559355117113,16.40913364647905,23.73717419957757,0.00021669868980025075,0.0005249170429179049
234.886,49.186,-31.5,234.674,49.3,-31.5,234.666,49.173,-28.9,0,0.004114833571353101,0.02368997169073706,16.465916665242702,23.65028216618791,0.00028336550824005746,0.0009986907997848857
234.25799999999998,49.534,-31.5,234.065,49.661,-31.5,234.049,49.525,-29.2,0,0.0008347749603908748,9.584600523025369e-05,14.165369523786744,25.143246207160203,1.7459772670444516e-05,-5.237929822770826e-06
236.32,44.06,-26.5,236.538,44.074,-31.5,236.435,44.162,-29.2,0,-0.07078053693083701,0.662110421472691,-11.070906244560753,25.23846465325525,0.006320793416919941,0.026192664072431402
236.543,43.895,-31.5,236.325,43.881,-26.5,236.43,43.794,-28.8,0,-0.09337998514426243,0.6161059610133949,-10.535389159650684,25.406743998445066,0.008784129490719045,0.024201780835684562
234.25799999999998,49.534,-31.5,234.049,49.525,-29.2,234.24599999999998,49.401,-29.0,0,0.710681066605628,-0.14994963532843944,15.68063187468493,24.245068078859152,0.04523836567295882,-0.006264442492702029
236.325,43.881,-26.5,236.543,43.895,-31.5,236.438,43.983,-29.2,0,-0.07640740488911364,0.5836725397569514,-10.546179017857444,25.419317344079822,0.00717024563159053,0.02291778972786219
235.095,49.071,-31.5,234.886,49.186,-31.5,234.878,49.06,-28.9,0,0.03116997317525771,0.023245667910378083,16.298257031730948,23.73265561973652,0.0019333940834570021,0.0009853903543953877
235.301,48.953,-31.5,235.095,49.071,-31.5,235.08499999999998,48.945,-28.9,0,0.061262267756505236,0.01749996179469898,15.952853578447158,23.925793713160644,0.003828406157903673,0.0007400858159736616
236.38400000000001,42.989,-26.5,236.575,43.0,-31.5,236.47,43.083,-28.9,0,-0.20561859455412046,0.4211822418214749,-10.19259511210091,25.462345044089687,0.02011192850247341,0.01649911862330697
235.102,48.817,-26.5,235.288,48.688,-26.5,235.29500000000002,48.825,-28.9,0,2.9047444672957816,0.15521967017194818,13.868217623303693,25.107749183432404,0.20905114940444822,0.006007937930621484
234.886,49.186,-31.5,234.666,49.173,-28.9,234.878,49.06,-28.9,0,0.830289932953308,-0.016494063374710044,16.561687494632494,23.563027543279997,0.05010182649643753,-0.0007559004268949716
233.203,50.185,-28.8,233.115,50.039,-26.5,233.34199999999998,50.035,-28.7,0,1.2984803860779324,-0.22487327169320773,8.449372835117599,27.68009886104781,0.15347885778682832,-0.008424487313753464
236.776,46.742,-31.5,236.791,46.921,-31.5,236.638,46.837,-29.2,0,0.03457784894484797,0.04685472441507272,-13.684568058380862,24.36934361427852,-0.0025264272504866305,0.0019266552545981906
235.50799999999998,48.837,-31.5,235.301,48.953,-31.5,235.29500000000002,48.825,-28.9,0,-0.013424443060766423,0.015197804128767815,16.227244349550723,23.679372915652568,-0.0008594406224389569,0.0006505620889703572
234.043,49.381,-26.5,234.25799999999998,49.271,-26.5,234.24599999999998,49.401,-29.0,0,3.061231220839261,-0.41000028151673934,16.763853564509894,23.5438668655979,0.18239958205372053,-0.01769070040439959
236.36700000000002,43.167,-26.5,236.565,43.179,-31.5,236.457,43.262,-28.9,0,-0.22032152531401358,0.45360925361401344,-10.382461812789181,25.388715922782723,0.021147432506276674,0.017816831341875557
234.453,49.287,-28.9,234.47199999999998,49.159,-26.5,234.666,49.173,-28.9,0,2.292143941338044,-0.131368304947917,16.434313343757516,23.72846039218674,0.1393433490770898,-0.005727375234328486
236.35,43.345,-26.5,236.55599999999998,43.358,-31.5,236.44400000000002,43.437,-28.9,0,-0.2193237033025813,0.563404020477891,-10.375618512290593,25.397280660665544,0.02105860028416159,0.022127831388785782
234.25799999999998,49.271,-26.5,234.47199999999998,49.159,-26.5,234.453,49.287,-28.9,0,3.006314707349172,-0.22287051789378215,16.60619066106844,23.622272233541295,0.1808571147826734,-0.00969403774811783
234.897,48.935,-26.5,235.102,48.817,-26.5,235.08499999999998,48.945,-28.9,0,3.1790992250627723,0.1400946967154025,15.840923645590026,24.037578952167618,0.20039547620309292,0.005649703393631799
234.462,49.414,-31.5,234.24599999999998,49.401,-29.0,234.453,49.287,-28.9,0,0.7773231650711292,-0.10654780886529969,16.572018926381507,23.641919665045712,0.04685347203733317,-0.004587967771972866
234.47199999999998,49.159,-26.5,234.686,49.048,-26.5,234.666,49.173,-28.9,0,3.1174947723381394,-0.05152006722951228,16.747478533713146,23.49514867833306,0.18597041632666295,-0.0024255342374410373
234.686,49.048,-26.5,234.897,48.935,-26.5,234.878,49.06,-28.9,0,3.1861134941958524,0.07211722032141148,16.499586504074152,23.63316037993926,0.19288572845075452,0.0028499436535956023
236.725,46.567,-31.5,236.776,46.742,-31.5,236.627,46.671,-29.3,0,0.15997626363108555,-0.040857784485750046,-18.20261987592696,21.143212212394026,-0.008760462856916586,-0.0019187866112692267
236.53300000000002,44.253,-31.5,236.317,44.239,-26.5,236.435,44.162,-29.2,0,-0.0851260366839095,0.7788898948314399,-11.38501492265517,25.137323349902545,0.007407808712736129,0.03094325350445909
236.317,44.239,-26.5,236.53300000000002,44.253,-31.5,236.41500000000002,44.329,-28.8,0,-0.10014819115164149,0.921853917452223,-11.383622665547907,25.155399104256013,0.008723349837488025,0.03660007520556513
236.538,44.074,-31.5,236.32,44.06,-26.5,236.438,43.983,-29.2,0,-0.07416784525706037,0.6176319157412982,-11.696690869341396,24.926172502958373,0.006270314372636757,0.02473597006615612
236.341,43.524,-26.5,236.549,43.537,-31.5,236.437,43.617,-28.9,0,-0.18411599567558332,0.6167541398532511,-10.689293970783186,25.303079665403203,0.017147094179318714,0.024319057087991067
233.094,50.317,-28.8,232.974,50.193,-26.5,233.203,50.185,-28.8,0,0.7954500747637611,-0.094917155939492,5.8405920385313115,28.380227152844544,0.13603040997098192,-0.0036327058908768475
236.333,43.703,-26.5,236.546,43.716,-31.5,236.43,43.794,-28.8,0,-0.1365642324905643,0.6080321569843535,-11.494816085793417,24.959576973381218,0.011807074834064667,0.02430885818754137
236.529,44.61,-31.5,236.314,44.596,-26.5,236.43,44.52,-29.2,0,-0.14229786584646414,1.1607777340372465,-11.810652163670117,25.041797164323363,0.0119983545692974,0.046303975634962996
236.314,44.596,-26.5,236.529,44.61,-31.5,236.40699999999998,44.687,-28.7,0,-0.15624992389425366,1.3264773815651827,-11.32065227045604,25.293225552012778,0.013744026977586277,0.052388201121473646
236.488,47.379,-28.7,236.675,47.45,-31.5,236.449,47.519,-29.1,0,0.05785249008824838,-0.34541272674601037,0.973389563359282,28.10984401737388,0.059458136476365483,-0.01235029970946723
234.666,49.173,-28.9,234.686,49.048,-26.5,234.878,49.06,-28.9,0,2.3940456104323027,-0.01971440084877751,16.530778317726405,23.637931532561442,0.144680136717819,-0.0009999191385146819
236.638,46.837,-29.2,236.464,46.73,-26.5,236.627,46.671,-29.3,0,-0.7895553769269686,-0.42475984023285185,-14.212684835195063,24.086700707951984,0.05547716608025169,-0.017681296667310824
236.308,44.775,-26.5,236.529,44.789,-31.5,236.41,44.868,-28.8,0,-0.16969905524923368,1.2812132009637511,-11.882407972256917,25.04783595879225,0.014230449921147524,0.051092709004256595
234.24599999999998,49.401,-29.0,234.25799999999998,49.271,-26.5,234.453,49.287,-28.9,0,2.2588046997163476,-0.26858137055419257,16.52981268448102,23.697821171986863,0.13650101004840542,-0.01154108220929217
236.078,48.121,-29.2,236.176,48.278,-31.5,235.963,48.259,-29.1,0,0.3934577668430803,-0.2063288863693009,5.960114083473591,27.673912984279383,0.06591346284064925,-0.0075508216937140386
236.595,47.621,-31.5,236.36700000000002,47.684,-29.2,236.449,47.519,-29.1,0,0.10995330208297413,-0.3216386697656981,1.8726741032123524,28.08962591868513,0.05865851315031842,-0.011520865022043998
235.801,48.408,-28.8,235.739,48.244,-26.5,235.963,48.259,-29.1,0,1.6368434571823074,-0.23577451425180973,8.08950496433526,27.211620180423175,0.20180710919210118,-0.008904434568657298
236.776,46.742,-31.5,236.638,46.837,-29.2,236.627,46.671,-29.3,0,-0.17872671267674378,-0.17307472595244447,-14.214841223152039,24.037075875866726,0.012561314064536554,-0.00721126158794359
233.715,49.938,-31.5,233.503,49.895,-28.8,233.664,49.794,-29.2,0,0.5897553536545229,-0.12532987335292828,11.195410082563345,26.651384130436504,0.05258019787611484,-0.0047922837586546205
233.503,49.895,-28.8,233.452,49.755,-26.5,233.664,49.794,-29.2,0,1.7620609006004009,-0.4439661599153361,11.219614122188892,26.653494964535017,0.1568239294640308,-0.016914687829564606
236.288,47.43,-26.5,236.488,47.379,-28.7,236.449,47.519,-29.1,0,0.12983961839452868,-0.6300310684594999,0.8800290596224709,28.130578492612777,0.1472109563137165,-0.022589126662331795
236.889,40.719,-26.5,236.89499999999998,40.541,-26.5,236.959,40.631,-28.8,0,0.033504732003130644,-0.6461607466214682,-10.742490593601321,24.907043403450572,-0.0032061105526652875,-0.026040436909127145
236.841,40.894,-26.5,236.889,40.719,-26.5,236.95,40.802,-29.2,0,-0.0009278907440415103,-0.6544625274876352,-4.928004309402233,26.828836909924824,4.2806514367252245e-05,-0.024469850977452495
236.524,41.563,-26.5,236.564,41.387,-26.5,236.62900000000002,41.475,-29.4,0,-0.4825983659807593,1.5000076199379144,-6.180141501477799,26.885736073227,0.07787379179201101,0.0557223691291714
236.501,41.741,-26.5,236.524,41.563,-26.5,236.591,41.656,-29.1,0,-0.4067456602972454,1.0628321330772712,-8.594773832221552,26.08541316286282,0.047144724363464494,0.04067304243401902
236.485,41.919,-26.5,236.501,41.741,-26.5,236.572,41.834,-29.0,0,-0.22841172568582652,0.7760442931518787,-9.564344556731665,25.6755884360632,0.023716924080288422,0.030142765340315677
236.469,42.097,-26.5,236.485,41.919,-26.5,236.55599999999998,42.012,-29.0,0,-0.16403153790799263,0.8782302910048709,-9.567720811755336,25.729926227429004,0.016996963503718134,0.0340371777818845
236.451,42.276,-26.5,236.469,42.097,-26.5,236.541,42.191,-29.0,0,-0.20350270011554797,1.2105604039111442,-9.308486616768839,25.840585050527054,0.021739731876048305,0.04674477786523007
237.035,40.545,-31.5,237.031,40.724,-31.5,236.959,40.631,-28.8,0,0.0687720123103231,0.17449303908305705,-10.958509372390662,24.914974313112367,-0.006319818189690363,0.00702889781290074
237.031,40.724,-31.5,236.981,40.898,-31.5,236.95,40.802,-29.2,0,0.07923098297400576,-0.328066620625383,-4.564773365065232,27.419364276584517,-0.017467584771313212,-0.011934727275114505
236.70999999999998,41.393,-31.5,236.676,41.57,-31.5,236.62900000000002,41.475,-29.4,0,-0.17082231576375645,0.30923954255510944,-6.985124658990241,26.495782877262016,0.024410989533718962,0.011676005236264341
236.676,41.57,-31.5,236.659,41.749,-31.5,236.591,41.656,-29.1,0,-0.05913021913099313,-0.07335341893942507,-9.376742592627469,25.653183521881907,0.006271939703444826,-0.0028490494284805134
236.659,41.749,-31.5,236.643,41.928,-31.5,236.572,41.834,-29.0,0,0.043142842978939826,-0.30180609909706396,-9.517454415613138,25.667759308590597,-0.004561693108650578,-0.01175254865528496
236.643,41.928,-31.5,236.63,42.106,-31.5,236.55599999999998,42.012,-29.0,0,0.03489026820464279,-0.2058973542824389,-9.920959772456555,25.521393907723116,-0.0035258278517406243,-0.008070963054241589
236.63,42.106,-31.5,236.618,42.285,-31.5,236.541,42.191,-29.0,0,-0.02950404665610219,0.046736376802148406,-10.070630538135639,25.460064825810775,0.002945490920063178,0.001828803543587049
236.49200000000002,39.909,-26.5,236.615,39.891,-29.0,236.635,40.051,-26.5,0,0.5980150572324527,-1.8910136918952731,-24.684764650278925,8.217726802283824,-0.02432794891104733,-0.23032958854377558
236.93200000000002,40.197,-31.5,236.852,40.366,-26.5,236.75900000000001,40.202,-26.5,0,0.2244814249130677,-0.46817027256454613,-21.55388090202301,15.17022142814131,-0.010463887085062554,-0.03099060121705384
236.998,40.368,-31.5,236.89499999999998,40.541,-26.5,236.852,40.366,-26.5,0,0.0655128964713813,-0.23797186690572694,-16.775608042927093,20.912659623229853,-0.0039597404829342184,-0.011472656730468772
236.998,40.368,-31.5,236.852,40.366,-26.5,236.93200000000002,40.197,-31.5,0,-0.01721189506110003,0.34421866590968386,-19.14835856019227,18.544255057741236,0.0008766325116755475,0.01852868934999136
237.035,40.545,-31.5,236.89499999999998,40.541,-26.5,236.998,40.368,-31.5,0,-0.001800099547233633,0.3035658597725255,-16.04187413791364,21.617387753495642,7.948580282741669e-05,0.014026271342160158
236.89600000000002,41.065,-31.5,236.753,41.059,-26.5,236.841,40.894,-26.5,0,0.012467064330248705,-0.2263741216901108,0.8537484922466927,27.754159395554737,0.015258233046290053,-0.00820966514184183
236.89600000000002,41.065,-31.5,236.841,40.894,-26.5,236.981,40.898,-31.5,0,-0.004325967071078607,-0.4889414383204237,0.38279798857386993,27.792372969932423,-0.009975522637545696,-0.01759928214277031
236.789,41.225,-31.5,236.648,41.22,-26.5,236.753,41.059,-26.5,0,0.1613939781263966,0.6003957584728914,3.130126823984593,27.837851406565612,0.051793658632166145,0.021511649791877058
236.789,41.225,-31.5,236.753,41.059,-26.5,236.89600000000002,41.065,-31.5,0,0.045661017234444545,-0.05435562723842604,3.461938145327375,27.72336109204747,0.013337581798249664,-0.001978290719415365
236.70999999999998,41.393,-31.5,236.564,41.387,-26.5,236.648,41.22,-26.5,0,0.012126408106336299,1.275835942932669,0.17573563229073308,27.792541612328016,0.07482871678727805,0.04585075483237719
236.70999999999998,41.393,-31.5,236.648,41.22,-26.5,236.789,41.225,-31.5,0,-0.02062076658154668,0.5767377939986862,-0.490070914335508,27.832682701760255,0.04097906980591735,0.020697676151577745
