lon,lat,corr,other1,name,east_vel,north_vel,east_sig,north_sig,flag,up_vel,up_sig,east_adjust,north_adjust,up_adjust,depth,x,y,z,block_label,model_east_vel,model_north_vel,model_east_vel_residual,model_north_vel_residual,model_east_vel_rotation,model_north_vel_rotation,model_east_elastic_segment,model_north_elastic_segment,model_east_vel_tde,model_north_vel_tde,model_up_vel_tde,model_east_vel_block_strain_rate,model_north_vel_block_strain_rate,model_east_vel_mogi,model_north_vel_mogi,model_up_vel,model_up_vel_residual,model_up_vel_rotation,model_up_elastic_segment,model_up_vel_block_strain_rate,model_up_vel_mogi
234.5990,46.7000,0,0,NGH1_ACO,28.2000,8.6000,4.5000,4.8000,1,0,1,0,0,0,0.0000,-2529731.1063,-3559545.9027,4634052.7573,14,25.2989,13.4440,-2.9011,4.8440,2.6507,6.8324,0.5389,0.4130,-23.1871,-7.0247,2.4474,0.0000,0.0000,0.0000,0.0000,-2.3672,-2.3672,0.0000,-0.0801,0.0000,0.0000
235.0340,45.3020,0,0,NCL1_ACO,20.8000,23.2000,6.5000,6.8000,1,0,1,0,0,0,0.0000,-2566681.4114,-3670234.4923,4526132.6500,14,19.3434,15.7408,-1.4566,-7.4592,2.6824,6.8166,0.4117,-0.0691,-17.0727,-8.8551,2.2200,0.0000,0.0000,0.0000,0.0000,-2.2322,-2.2322,0.0000,0.0122,0.0000,0.0000
234.8060,44.4290,0,0,NNP1_ACO,20.5000,19.8000,4.8000,4.9000,1,0,1,0,0,0,0.0000,-2620711.8899,-3715921.9964,4457369.6693,8,17.4273,18.0746,-3.0727,-1.7254,2.3806,11.1329,0.6623,1.7142,-15.7089,-8.6560,2.4717,0.0000,0.0000,0.0000,0.0000,-1.9022,-1.9022,0.0000,-0.5695,0.0000,0.0000
234.8960,43.5730,0,0,NGH1_ACO,22.1000,16.8000,9.2000,9.7000,1,0,1,0,0,0,0.0000,-2652873.6929,-3774097.3545,4388940.8506,8,15.5060,16.5449,-6.5940,-0.2551,-0.0318,10.9482,0.5250,0.2555,-16.0627,-5.8522,2.1451,0.0000,0.0000,0.0000,0.0000,-2.1221,-2.1221,0.0000,-0.0231,0.0000,0.0000
224.7720,59.5280,0,14,ab44_PAN,2.6710,5.9470,0.0890,0.1060,1,0,1,0,0,0,0.0000,-2292344.5757,-2274172.7061,5487954.6564,11,-0.7312,1.1295,-3.4022,-4.8175,0.6268,0.5369,1.3575,-0.5908,0.0005,-0.0018,-0.0123,0.0000,0.0000,0.0000,0.0000,-0.3531,-0.3531,0.0000,0.3653,0.0000,0.0000
225.3530,56.2450,0,46,ab48_PAN,-1.9630,2.8320,0.1440,0.3800,1,0,1,0,0,0,0.0000,-2486300.5038,-2517127.0725,5294028.0097,47,-2.4988,4.6316,-0.5358,1.7996,-7.3408,-1.9211,-4.8470,-6.5524,0.0050,-0.0003,-0.0199,0.0000,0.0000,0.0000,0.0000,-1.4605,-1.4605,0.0000,1.4804,0.0000,0.0000
226.9320,55.5800,0,14,ab49_PAN,1.0700,3.7340,0.2070,0.1180,1,0,1,0,0,0,0.0000,-2457791.2162,-2629394.9631,5252608.4879,11,0.1949,2.5587,-0.8751,-1.1753,0.4508,0.4634,0.2518,-2.0944,0.0041,-0.0008,-0.0250,0.0000,0.0000,0.0000,0.0000,0.0469,0.0469,0.0000,-0.0219,0.0000,0.0000
225.4550,58.4170,0,14,ab50_PAN,-0.3800,1.0740,0.1030,0.1250,1,0,1,0,0,0,0.0000,-2339289.0466,-2376740.9985,5424313.8224,11,-0.2636,1.4673,0.1164,0.3933,0.5785,0.5138,0.8412,-0.9517,0.0009,-0.0018,-0.0147,0.0000,0.0000,0.0000,0.0000,-0.1555,-0.1555,0.0000,0.1702,0.0000,0.0000
227.0860,56.7980,0,14,ab51_PAN,-3.4730,0.2690,0.1340,0.1690,1,0,1,0,0,0,0.0000,-2374137.4019,-2553624.5420,5327928.7492,11,0.3773,1.6320,3.8503,1.3630,0.5114,0.4582,0.1331,-1.1714,0.0010,-0.0024,-0.0204,0.0000,0.0000,0.0000,0.0000,0.0580,0.0580,0.0000,-0.0377,0.0000,0.0000
228.4010,55.0690,0,14,ais6_PAN,1.5070,1.4730,0.3080,0.3570,1,0,1,0,0,0,0.0000,-2420582.3535,-2726463.3642,5220299.8051,11,0.4039,1.6918,-1.1031,0.2188,0.4350,0.4131,0.0293,-1.2758,0.0018,-0.0029,-0.0306,0.0000,0.0000,0.0000,0.0000,0.0724,0.0724,0.0000,-0.0417,0.0000,0.0000
236.5130,48.3900,0,8,albh_PAN,6.5110,4.3720,0.0680,0.0570,1,0,1,0,0,0,0.0000,-2332979.5871,-3526485.8735,4760825.0431,16,6.5118,3.5744,0.0008,-0.7976,1.5324,0.6438,-1.2248,-0.9422,-3.7547,-1.9883,-0.6950,0.0000,0.0000,0.0000,0.0000,1.5041,1.5041,0.0000,-0.8091,0.0000,0.0000
297.6600,82.4940,0,47,alrt_PAN,-2.5460,-1.8080,0.1720,0.2200,1,0,1,0,0,0,0.0000,386131.8000,-736721.9233,6312883.2163,48,-2.4665,-0.6436,0.0795,1.1644,-2.4509,-0.7881,0.0172,-0.1427,-0.0015,-0.0018,-0.0008,0.0000,0.0000,0.0000,0.0000,-0.0142,-0.0142,0.0000,0.0149,0.0000,0.0000
237.8580,48.1740,0,13,arli_PAN,4.2960,3.0500,0.0890,0.0780,1,0,1,0,0,0,0.0000,-2259093.9074,-3595446.7562,4744850.7671,12,4.3290,3.4144,0.0330,0.3644,4.2904,3.7612,1.5732,0.9623,-1.6119,-0.6155,-0.0151,0.0000,0.0000,0.0000,0.0000,0.1796,0.1796,0.0000,-0.1645,0.0000,0.0000
237.3300,42.1810,0,4,ashl_PAN,-1.9500,6.7510,0.0980,0.0840,1,0,1,0,0,0,0.0000,-2547017.7720,-3971961.0150,4275579.2153,8,-2.5789,6.5951,-0.6289,-0.1559,-3.7333,5.9458,-0.2010,-0.6053,-0.9534,-0.0440,-0.1318,0.0000,0.0000,0.0000,0.0000,0.0146,0.0146,0.0000,0.1172,0.0000,0.0000
242.8460,34.4680,0,28,avry_PAN,-12.3380,13.3290,0.1940,0.1090,1,0,1,0,0,0,0.0000,-2395827.9845,-4670997.5090,3603629.0043,29,-12.9243,14.0705,-0.5863,0.7415,-12.4274,14.4772,0.5141,0.3992,-0.0173,0.0075,-0.0102,0.0000,0.0000,0.0000,0.0000,-0.3462,-0.3462,0.0000,0.3565,0.0000,0.0000
234.8650,48.8350,0,8,bamf_PAN,10.1030,6.8710,0.0850,0.0840,1,0,1,0,0,0,0.0000,-2412079.9884,-3427590.0446,4793521.4694,13,10.7514,7.8642,0.6484,0.9932,5.6724,3.1467,1.0188,-0.7243,-6.0977,-3.9931,-1.7502,0.0000,0.0000,0.0000,0.0000,2.1229,2.1229,0.0000,-0.3728,0.0000,0.0000
242.7950,40.4130,0,17,bamo_PAN,-3.0240,0.8580,0.0570,0.0700,1,0,1,0,0,0,0.0000,-2216440.3074,-4311800.8313,4127967.7102,17,-3.3194,0.4375,-0.2954,-0.4205,-3.0228,0.0388,0.4105,-0.4165,-0.1139,0.0178,-0.0047,0.0000,0.0000,0.0000,0.0000,-0.1077,-0.1077,0.0000,0.1124,0.0000,0.0000
236.5710,48.4290,0,8,bces_PAN,6.1920,3.9210,0.1720,0.1040,1,0,1,0,0,0,0.0000,-2327622.7712,-3526140.4061,4763702.0828,16,6.4620,3.1658,0.2700,-0.7552,1.6078,0.5686,-1.4057,-0.7546,-3.4484,-1.8427,-0.5599,0.0000,0.0000,0.0000,0.0000,2.6200,2.6200,0.0000,-2.0601,0.0000,0.0000
237.3430,49.1040,0,14,bclc_PAN,4.0350,2.6880,0.0960,0.1270,1,0,1,0,0,0,0.0000,-2249461.0030,-3509686.6748,4813146.1750,11,2.4736,2.4391,-1.5614,-0.2489,0.1702,0.1019,-0.9927,-1.5395,-1.3106,-0.7977,-0.0083,0.0000,0.0000,0.0000,0.0000,0.6190,0.6190,0.0000,-0.6107,0.0000,0.0000
236.8530,49.1150,0,14,bcli_PAN,5.5790,3.4500,0.0900,0.0890,1,0,1,0,0,0,0.0000,-2278888.3080,-3489547.1672,4813946.4173,11,3.4853,3.3276,-2.0937,-0.1224,0.1701,0.1191,-1.7194,-2.1524,-1.5959,-1.0562,-0.0659,0.0000,0.0000,0.0000,0.0000,1.5638,1.5638,0.0000,-1.4979,0.0000,0.0000
237.4610,49.2210,0,14,bcmr_PAN,4.1070,2.0250,0.0950,0.1070,1,0,1,0,0,0,0.0000,-2236936.8553,-3506018.8736,4821648.7455,11,1.9432,1.8763,-2.1638,-0.1487,0.1763,0.0977,-0.6021,-1.0573,-1.1648,-0.7213,0.0063,0.0000,0.0000,0.0000,0.0000,0.3019,0.3019,0.0000,-0.3082,0.0000,0.0000
233.1570,50.5440,0,14,bcov_PAN,2.7260,2.8150,0.0650,0.1090,1,0,1,0,0,0,0.0000,-2426331.1789,-3238274.2404,4916385.7066,13,1.7301,2.9429,-0.9959,0.1279,3.5562,1.9205,2.5283,0.2872,-0.7023,-1.3097,-0.5654,0.0000,0.0000,0.0000,0.0000,1.5681,1.5681,0.0000,-1.0027,0.0000,0.0000
232.6250,50.6860,0,14,bcph_PAN,2.3890,2.1940,0.0880,0.1570,1,0,1,0,0,0,0.0000,-2448890.0730,-3205913.3931,4926399.1097,11,0.6145,2.3570,-1.7745,0.1630,0.2378,0.2669,-0.2079,-1.6990,-0.1688,-0.3912,-0.2720,0.0000,0.0000,0.0000,0.0000,0.8456,0.8456,0.0000,-0.5736,0.0000,0.0000
236.2000,48.5590,0,8,bcsm_PAN,7.3740,4.3610,0.2490,0.2560,1,0,1,0,0,0,0.0000,-2344387.4152,-3502004.1103,4773276.2669,16,6.5788,4.8346,-0.7952,0.4736,1.8540,1.0500,-0.6723,-1.2786,-4.0525,-2.5061,-1.0004,0.0000,0.0000,0.0000,0.0000,2.5288,2.5288,0.0000,-1.5284,0.0000,0.0000
236.9110,49.2760,0,14,bcvc_PAN,5.1180,3.0910,0.0940,0.1070,1,0,1,0,0,0,0.0000,-2267960.7339,-3480505.1885,4825638.7353,11,2.4345,2.4921,-2.6835,-0.5989,0.1782,0.1170,-0.8783,-1.4325,-1.3779,-0.9426,-0.0354,0.0000,0.0000,0.0000,0.0000,0.5688,0.5688,0.0000,-0.5334,0.0000,0.0000
237.5210,48.7550,0,14,beli_PAN,4.7440,2.6470,0.0860,0.0930,1,0,1,0,0,0,0.0000,-2254248.4409,-3541324.8847,4787664.7219,13,3.8576,3.0778,-0.8864,0.4308,5.9115,5.0476,3.5462,2.7517,-1.4924,-0.7818,-0.0158,0.0000,0.0000,0.0000,0.0000,2.4116,2.4116,0.0000,-2.3958,0.0000,0.0000
237.8750,47.6170,0,8,bfir_PAN,5.0250,2.6650,0.3040,0.3900,1,0,1,0,0,0,0.0000,-2282448.7967,-3635010.8268,4703347.2380,5,4.4755,3.5620,-0.5495,0.8970,3.0278,2.6370,0.3494,-0.4369,-1.7971,-0.4880,-0.0410,0.0000,0.0000,0.0000,0.0000,0.1176,0.1176,0.0000,-0.0766,0.0000,0.0000
235.7470,47.5390,0,8,bils_PAN,14.1680,10.5610,0.3120,0.3290,1,0,1,0,0,0,0.0000,-2419451.8549,-3553041.0803,4697499.6823,5,13.8241,9.1179,-0.3439,-1.4431,2.8310,4.5297,0.4617,-0.0081,-11.4548,-4.5800,-1.0739,0.0000,0.0000,0.0000,0.0000,1.2202,1.2202,0.0000,-0.1464,0.0000,0.0000
240.3170,48.1320,0,14,brew_PAN,2.0520,1.1210,0.0410,0.0480,1,0,1,0,0,0,0.0000,-2104474.7624,-3692081.9828,4741736.8198,11,0.9660,0.5421,-1.0860,-0.5789,0.1234,-0.0026,-0.2564,-0.3512,-0.5862,-0.1935,0.0455,0.0000,0.0000,0.0000,0.0000,0.0265,0.0265,0.0000,-0.0720,0.0000,0.0000
295.3040,32.3700,0,14,brmu_PAN,0.0180,0.2010,0.1410,0.1150,1,0,1,0,0,0,0.0000,2298668.7611,-4861992.8107,3409032.0176,11,-0.6131,-1.7377,-0.6311,-1.9387,-1.1235,-1.6500,-0.5065,0.0885,-0.0040,-0.0008,0.0007,0.0000,0.0000,0.0000,0.0000,-0.0246,-0.0246,0.0000,0.0239,0.0000,0.0000
236.9840,49.2700,0,14,brn3_PAN,4.9680,3.1980,0.5230,0.5000,1,0,1,0,0,0,0.0000,-2263799.7499,-3483815.6673,4825203.6797,11,2.3494,2.3927,-2.6186,-0.8053,0.1780,0.1145,-0.8248,-1.3692,-1.3466,-0.9090,-0.0283,0.0000,0.0000,0.0000,0.0000,0.5180,0.5180,0.0000,-0.4897,0.0000,0.0000
236.9780,49.2750,0,14,brnb_PAN,4.3390,3.0300,0.2110,0.2120,1,0,1,0,0,0,0.0000,-2263935.0819,-3483225.5123,4825566.2297,11,2.3391,2.3842,-1.9999,-0.6458,0.1783,0.1147,-0.8161,-1.3598,-1.3447,-0.9098,-0.0284,0.0000,0.0000,0.0000,0.0000,0.5115,0.5115,0.0000,-0.4831,0.0000,0.0000
237.8680,47.5540,0,8,bsum_PAN,4.7490,4.0050,0.1940,0.3980,1,0,1,0,0,0,0.0000,-2285642.1269,-3639109.1884,4698624.8887,5,4.4327,3.5511,-0.3163,-0.4539,2.9479,2.6433,0.3305,-0.4352,-1.8153,-0.4726,-0.0446,0.0000,0.0000,0.0000,0.0000,0.1614,0.1614,0.0000,-0.1168,0.0000,0.0000
237.2030,45.4860,0,7,bton_PAN,4.4490,5.4440,0.3120,0.2810,1,0,1,0,0,0,0.0000,-2418048.8508,-3752508.8438,4540492.1092,4,4.7380,6.0801,0.2890,0.6361,3.1398,5.8115,0.5196,0.0231,-2.1178,-0.2916,-0.1905,0.0000,0.0000,0.0000,0.0000,0.2179,0.2179,0.0000,-0.0274,0.0000,0.0000
242.1560,42.7800,0,12,burn_PAN,-1.6660,1.1180,0.0420,0.0530,1,0,1,0,0,0,0.0000,-2182829.3577,-4132408.9709,4324673.8089,10,-2.0981,1.4191,-0.4321,0.3011,-2.4075,1.5463,-0.0993,0.1215,-0.2101,0.0057,0.0028,0.0000,0.0000,0.0000,0.0000,-0.0574,-0.0574,0.0000,0.0546,0.0000,0.0000
235.4370,42.8360,0,4,cabl_PAN,6.1720,13.7010,0.0720,0.0730,1,0,1,0,0,0,0.0000,-2648930.4339,-3845153.3128,4329239.5428,8,4.2372,10.4270,-1.9348,-3.2740,-2.0526,9.8377,0.2133,-0.4015,-6.5030,-0.1878,0.4103,0.0000,0.0000,0.0000,0.0000,-0.3752,-0.3752,0.0000,-0.0350,0.0000,0.0000
239.5690,35.8880,0,41,carh_PAN,-22.4460,28.1230,0.1730,0.1860,1,0,1,0,0,0,0.0000,-2612871.8248,-4448016.5388,3732613.1810,42,-28.0265,34.2781,-5.5805,6.1551,-28.9125,32.7549,-0.8675,-1.5354,-0.0185,0.0123,-0.0193,0.0000,0.0000,0.0000,0.0000,0.0230,0.0230,0.0000,-0.0038,0.0000,0.0000
236.6330,46.1970,0,9,cath_PAN,6.2200,6.8340,0.0790,0.1040,1,0,1,0,0,0,0.0000,-2424082.3570,-3680925.2757,4595537.5422,6,6.6653,6.4777,0.4453,-0.3563,2.6617,5.6073,0.2294,-0.0283,-4.2331,-0.8421,-0.9312,0.0000,0.0000,0.0000,0.0000,1.0162,1.0162,0.0000,-0.0850,0.0000,0.0000
237.8090,47.6140,0,8,cblv_PAN,5.0470,3.4570,0.2230,0.1900,1,0,1,0,0,0,0.0000,-2286765.7071,-3632587.6283,4703122.4931,5,4.5712,3.6109,-0.4758,0.1539,3.0217,2.6958,0.3287,-0.4062,-1.8782,-0.5090,-0.0533,0.0000,0.0000,0.0000,0.0000,0.1459,0.1459,0.0000,-0.0926,0.0000,0.0000
238.1740,47.5270,0,13,ch2m_PAN,4.2720,4.1260,0.4790,0.8960,1,0,1,0,0,0,0.0000,-2267341.5791,-3653145.0530,4696599.2854,12,3.9357,3.3679,-0.3363,-0.7581,2.9282,3.2953,0.4980,0.3148,-1.5055,-0.3874,-0.0047,0.0000,0.0000,0.0000,0.0000,-0.0692,-0.0692,0.0000,0.0739,0.0000,0.0000
237.8810,37.7240,0,43,chab_PAN,-15.4580,19.6520,0.1340,0.1810,1,0,1,0,0,0,0.0000,-2677772.0290,-4265591.4537,3895974.5857,45,-17.2049,20.1697,-1.7469,0.5177,-11.0834,9.6961,6.1585,-10.5057,-0.0370,0.0320,-0.0347,0.0000,0.0000,0.0000,0.0000,0.5034,0.5034,0.0000,-0.4687,0.0000,0.0000
237.2240,48.0110,0,8,chcm_PAN,5.7130,4.1790,0.0870,0.0860,1,0,1,0,0,0,0.0000,-2306038.0202,-3581564.4410,4732751.4477,16,5.4243,3.9459,-0.2887,-0.2331,0.8048,-0.2788,-1.9793,-3.2480,-2.6401,-0.9767,-0.2113,0.0000,0.0000,0.0000,0.0000,0.7519,0.7519,0.0000,-0.5407,0.0000,0.0000
238.2140,43.2240,0,3,chem_PAN,-0.5440,4.6760,0.0820,0.1100,1,0,1,0,0,0,0.0000,-2444027.5744,-3943964.4118,4360759.7268,2,-0.7855,4.9996,-0.2415,0.3236,-1.6200,5.5145,-0.1917,0.5392,-0.6429,-0.0244,-0.0505,0.0000,0.0000,0.0000,0.0000,0.3142,0.3142,0.0000,-0.2638,0.0000,0.0000
237.0900,46.6120,0,9,chst_PAN,4.7380,5.4120,0.4710,0.5990,1,0,1,0,0,0,0.0000,-2376498.2846,-3672101.5817,4627340.2013,6,5.2822,5.6783,0.5442,0.2663,2.6749,5.6065,0.3871,0.3824,-2.9945,-0.4542,-0.3519,0.0000,0.0000,0.0000,0.0000,0.4426,0.4426,0.0000,-0.0907,0.0000,0.0000
265.9110,58.7590,0,14,chur_PAN,0.4420,-1.5570,0.1020,0.1130,1,0,1,0,0,0,0.0000,-235481.1119,-3293998.5897,5444122.8309,11,0.5098,-0.8359,0.0678,0.7211,0.4822,-0.8718,-0.0109,-0.0244,-0.0167,-0.0115,0.0026,0.0000,0.0000,0.0000,0.0000,0.0168,0.0168,0.0000,-0.0194,0.0000,0.0000
237.9920,49.1570,0,14,chwk_PAN,3.8400,1.9850,0.0560,0.0610,1,0,1,0,0,0,0.0000,-2207201.8491,-3531164.1136,4817000.2555,11,1.6164,1.3935,-2.2236,-0.5915,0.1737,0.0791,-0.4478,-0.7520,-0.9949,-0.5624,0.0281,0.0000,0.0000,0.0000,0.0000,0.1624,0.1624,0.0000,-0.1905,0.0000,0.0000
236.0220,45.4870,0,15,chzz_PAN,8.4670,9.5570,0.0950,0.0760,1,0,1,0,0,0,0.0000,-2494833.4087,-3701807.8826,4540570.0220,14,9.0373,9.6591,0.5703,0.1021,2.7669,6.7794,0.3657,0.0877,-6.6361,-2.9674,-1.3434,0.0000,0.0000,0.0000,0.0000,1.3307,1.3307,0.0000,0.0127,0.0000,0.0000
237.9110,42.9760,0,3,clcv_PAN,-0.5290,6.2930,0.2260,0.2350,1,0,1,0,0,0,0.0000,-2474854.4119,-3946939.0893,4340635.7745,2,-1.2958,5.3472,-0.7668,-0.9458,-2.1982,6.0048,-0.1965,0.6860,-0.7059,-0.0284,-0.0691,0.0000,0.0000,0.0000,0.0000,-0.2602,-0.2602,0.0000,0.3293,0.0000,0.0000
237.8640,42.8960,0,3,clhq_PAN,-0.4720,5.0750,0.1950,0.2110,1,0,1,0,0,0,0.0000,-2481312.7122,-3950035.8823,4334126.8111,2,-1.4242,5.4410,-0.9522,0.3660,-2.3814,6.0809,-0.2434,0.6685,-0.7138,-0.0286,-0.0726,0.0000,0.0000,0.0000,0.0000,-0.4181,-0.4181,0.0000,0.4907,0.0000,0.0000
237.9840,42.9230,0,3,clms_PAN,-1.2510,4.5230,0.6340,0.3740,1,0,1,0,0,0,0.0000,-2471951.2702,-3953491.8663,4336324.5315,2,-1.4720,5.4530,-0.2210,0.9300,-2.3122,5.8867,-0.1642,0.4594,-0.6759,-0.0257,-0.0641,0.0000,0.0000,0.0000,0.0000,-0.1140,-0.1140,0.0000,0.1781,0.0000,0.0000
235.8690,48.8200,0,14,clrs_PAN,6.9850,4.5940,0.1110,0.0820,1,0,1,0,0,0,0.0000,-2352354.7737,-3470367.4581,4792424.0407,13,8.0514,5.5956,1.0664,1.0016,5.7367,3.8663,1.3424,0.9599,-3.6571,-2.6892,-1.0014,0.0000,0.0000,0.0000,0.0000,1.0899,1.0899,0.0000,-0.0885,0.0000,0.0000
237.8510,42.9340,0,3,clwz_PAN,0.1330,5.1820,0.1700,0.1900,1,0,1,0,0,0,0.0000,-2480678.7492,-3947038.1739,4337219.6230,2,-1.3131,5.3853,-1.4461,0.2033,-2.2969,6.1019,-0.2613,0.7461,-0.7225,-0.0295,-0.0737,0.0000,0.0000,0.0000,0.0000,-0.4500,-0.4500,0.0000,0.5237,0.0000,0.0000
235.6040,40.4420,0,5,cme5_PAN,-5.5520,31.5500,0.1340,0.1490,1,0,1,0,0,0,0.0000,-2737565.9553,-3998713.0663,4130421.0336,19,-3.3987,23.2657,2.1533,-8.2843,-8.2078,23.3962,0.9750,-0.2123,-5.7841,0.3429,0.8893,0.0000,0.0000,0.0000,0.0000,-0.5752,-0.5752,0.0000,-0.3141,0.0000,0.0000
238.2510,48.5390,0,14,cncr_PAN,3.6440,2.3370,0.0770,0.1130,1,0,1,0,0,0,0.0000,-2218428.7035,-3585080.6705,4771804.9137,11,2.8221,2.0243,-0.8219,-0.3127,0.1429,0.0700,-1.5137,-1.4443,-1.1655,-0.5101,0.0269,0.0000,0.0000,0.0000,0.0000,0.7583,0.7583,0.0000,-0.7852,0.0000,0.0000
237.2030,45.4860,0,7,cobo_PAN,5.7530,6.1980,0.4820,0.4470,1,0,1,0,0,0,0.0000,-2418048.8508,-3752508.8438,4540492.1092,4,4.7380,6.0801,-1.0150,-0.1179,3.1398,5.8115,0.5196,0.0231,-2.1178,-0.2916,-0.1905,0.0000,0.0000,0.0000,0.0000,0.2179,0.2179,0.0000,-0.0274,0.0000,0.0000
236.6950,44.5860,0,4,corv_PAN,4.3890,7.0270,0.0580,0.0650,1,0,1,0,0,0,0.0000,-2490082.6708,-3790067.7634,4469812.7593,8,4.9663,7.2864,0.5773,0.2594,3.0380,7.2523,0.5930,0.4007,-2.5213,-0.4348,-0.5140,0.0000,0.0000,0.0000,0.0000,0.5935,0.5935,0.0000,-0.0795,0.0000,0.0000
237.3140,48.2170,0,13,coup_PAN,5.0090,3.3380,0.1100,0.0780,1,0,1,0,0,0,0.0000,-2291205.1734,-3570837.7756,4748036.2146,12,4.9078,3.7112,-0.1012,0.3732,4.3523,4.5630,1.6901,1.7864,-2.2455,-0.9345,-0.1258,0.0000,0.0000,0.0000,0.0000,-1.0013,-1.0013,0.0000,1.1271,0.0000,0.0000
237.7430,46.8400,0,16,cpxf_PAN,4.7670,4.4140,0.0940,0.0760,1,0,1,0,0,0,0.0000,-2324647.6707,-3683346.3452,4644709.2880,15,4.5511,4.4816,-0.2159,0.0676,2.5974,3.6205,-0.0593,-0.5484,-1.8944,-0.3126,-0.0746,0.0000,0.0000,0.0000,0.0000,0.3757,0.3757,0.0000,-0.3011,0.0000,0.0000
237.7430,46.8400,0,16,cpxx_PAN,4.7770,4.3990,0.0890,0.0790,1,0,1,0,0,0,0.0000,-2324647.6707,-3683346.3452,4644709.2880,15,4.5511,4.4816,-0.2259,0.0826,2.5974,3.6205,-0.0593,-0.5484,-1.8944,-0.3126,-0.0746,0.0000,0.0000,0.0000,0.0000,0.3757,0.3757,0.0000,-0.3011,0.0000,0.0000
239.2490,35.7920,0,41,crbt_PAN,-26.3330,33.2500,0.0560,0.0610,1,0,1,0,0,0,0.0000,-2640867.3993,-4438722.7048,3723964.4991,42,-27.1895,33.6269,-0.8565,0.3769,-29.3156,33.4565,-2.1100,-0.1820,-0.0161,0.0116,-0.0200,0.0000,0.0000,0.0000,0.0000,0.2796,0.2796,0.0000,-0.2596,0.0000,0.0000
237.0870,46.2750,0,9,crok_PAN,4.2340,5.5450,0.0920,0.0820,1,0,1,0,0,0,0.0000,-2391438.0666,-3694761.9929,4601533.3586,6,5.1396,5.8292,0.9056,0.2842,2.6902,5.6065,0.3205,0.2015,-2.7699,-0.4242,-0.2996,0.0000,0.0000,0.0000,0.0000,0.3486,0.3486,0.0000,-0.0490,0.0000,0.0000
237.7640,47.3810,0,10,cski_PAN,4.3360,3.5080,0.0850,0.0820,1,0,1,0,0,0,0.0000,-2299800.9201,-3646938.1334,4685627.9666,7,4.3676,3.8436,0.0316,0.3356,1.3125,2.8443,-1.0938,-0.5479,-1.9612,-0.4514,-0.0713,0.0000,0.0000,0.0000,0.0000,0.3063,0.3063,0.0000,-0.2350,0.0000,0.0000
237.1060,42.3770,0,4,ctpt_PAN,-1.4680,7.3890,0.0950,0.0770,1,0,1,0,0,0,0.0000,-2554568.5849,-3949668.6743,4291695.2559,8,-1.8692,7.0269,-0.4012,-0.3621,-3.1936,6.4068,-0.1961,-0.5685,-1.1283,-0.0516,-0.2043,0.0000,0.0000,0.0000,0.0000,0.0819,0.0819,0.0000,0.1224,0.0000,0.0000
236.7800,47.4230,0,10,cush_PAN,7.0690,5.7330,0.1060,0.1030,1,0,1,0,0,0,0.0000,-2360208.9725,-3604031.0037,4688787.2198,7,7.0899,5.7145,0.0209,-0.0185,1.3407,3.9929,-0.9856,-0.5631,-4.7636,-1.1585,-1.1519,0.0000,0.0000,0.0000,0.0000,0.3699,0.3699,0.0000,0.7820,0.0000,0.0000
237.5040,45.6110,0,7,cvo1_PAN,4.1220,5.3790,0.0820,0.0790,1,0,1,0,0,0,0.0000,-2392974.4784,-3756796.2737,4550220.4743,4,4.4894,5.5967,0.3674,0.2177,3.4469,5.3165,0.7012,-0.0628,-1.7437,-0.2175,-0.1013,0.0000,0.0000,0.0000,0.0000,0.1223,0.1223,0.0000,-0.0211,0.0000,0.0000
236.7560,43.1190,0,4,ddsn_PAN,0.4250,7.3360,0.0610,0.0590,1,0,1,0,0,0,0.0000,-2547963.8644,-3887178.4472,4352249.4559,8,0.4220,7.5017,-0.0030,0.1657,-1.1172,7.1268,0.0990,-0.3038,-1.6383,-0.0710,-0.3714,0.0000,0.0000,0.0000,0.0000,0.2848,0.2848,0.0000,0.0866,0.0000,0.0000
237.3270,45.5070,0,7,dea3_PAN,4.6810,6.0400,0.2290,0.2020,1,0,1,0,0,0,0.0000,-2409023.4261,-3756332.1141,4542127.9862,4,4.5738,5.8534,-0.1072,-0.1866,3.1967,5.6076,0.5554,0.0066,-1.9324,-0.2524,-0.1463,0.0000,0.0000,0.0000,0.0000,0.1728,0.1728,0.0000,-0.0265,0.0000,0.0000
236.0740,47.4690,0,8,deej_PAN,10.2300,7.5670,0.1380,0.1240,1,0,1,0,0,0,0.0000,-2402335.8636,-3571550.8895,4692244.4633,5,11.0481,7.4948,0.8181,-0.0722,2.7612,4.2392,0.4615,-0.1901,-8.7484,-3.0655,-2.0201,0.0000,0.0000,0.0000,0.0000,2.2147,2.2147,0.0000,-0.1946,0.0000,0.0000
264.1340,50.2590,0,14,dubo_PAN,0.0280,-1.4370,0.0580,0.0680,1,0,1,0,0,0,0.0000,-416047.3130,-4049507.1184,4896197.3197,11,0.1239,-0.7828,0.0959,0.6542,0.0975,-0.8152,0.0013,-0.0220,-0.0277,-0.0104,0.0049,0.0000,0.0000,0.0000,0.0000,0.0125,0.0125,0.0000,-0.0175,0.0000,0.0000
232.8770,49.8730,0,8,eliz_PAN,8.1060,5.8710,0.0800,0.0680,1,0,1,0,0,0,0.0000,-2476708.1558,-3272064.2370,4868661.3973,13,7.9803,6.7886,-0.1257,0.9176,4.3584,1.7193,1.4650,-1.5949,-5.0869,-3.4744,0.0189,0.0000,0.0000,0.0000,0.0000,0.7216,0.7216,0.0000,-0.7405,0.0000,0.0000
237.2390,47.4980,0,10,elsr_PAN,5.7630,4.2470,0.1640,0.1200,1,0,1,0,0,0,0.0000,-2327938.1562,-3617658.5000,4694422.4757,7,5.4912,4.3536,-0.2718,0.1066,1.4901,3.4573,-1.0232,-0.1574,-2.9778,-0.7389,-0.3093,0.0000,0.0000,0.0000,0.0000,0.0687,0.0687,0.0000,0.2407,0.0000,0.0000
238.0440,47.2060,0,16,enum_PAN,4.0290,4.9130,0.1310,0.3100,1,0,1,0,0,0,0.0000,-2289515.1546,-3670259.0127,4672437.3295,15,4.1858,3.6670,0.1568,-1.2460,2.9438,3.4232,0.3850,0.0971,-1.6270,-0.3408,-0.0251,0.0000,0.0000,0.0000,0.0000,0.1669,0.1669,0.0000,-0.1418,0.0000,0.0000
237.4310,47.8030,0,8,esm1_PAN,5.2540,3.6870,0.2950,0.2440,1,0,1,0,0,0,0.0000,-2302317.1942,-3604328.0679,4717256.2129,5,5.3609,3.8633,0.1069,0.1763,3.2464,3.0323,0.2824,-0.0799,-2.3969,-0.7510,-0.1498,0.0000,0.0000,0.0000,0.0000,0.2876,0.2876,0.0000,-0.1378,0.0000,0.0000
258.0220,54.7260,0,14,flin_PAN,0.1830,-1.6210,0.0550,0.0820,1,0,1,0,0,0,0.0000,-763134.6794,-3597057.3115,5198380.0958,11,0.4148,-0.5591,0.2318,1.0619,0.3746,-0.6146,-0.0066,-0.0361,-0.0336,-0.0194,0.0056,0.0000,0.0000,0.0000,0.0000,0.0198,0.0198,0.0000,-0.0254,0.0000,0.0000
236.0440,46.2050,0,15,fts1_PAN,10.5320,8.6500,0.2330,0.2650,1,0,1,0,0,0,0.0000,-2461435.0518,-3655279.4093,4596152.8899,14,9.7585,8.8737,-0.7735,0.2237,2.7730,6.7785,0.4708,0.4703,-7.4563,-2.5655,-1.6735,0.0000,0.0000,0.0000,0.0000,1.7743,1.7743,0.0000,-0.1009,0.0000,0.0000
240.6440,40.4170,0,12,garc_PAN,-4.4580,3.4100,0.2420,0.4480,1,0,1,0,0,0,0.0000,-2376573.0201,-4225321.3334,4128306.1625,10,-4.9980,3.1470,-0.5400,-0.2630,-5.1315,2.7658,0.0340,-0.4130,-0.1675,0.0318,-0.0117,0.0000,0.0000,0.0000,0.0000,-0.0221,-0.0221,0.0000,0.0339,0.0000,0.0000
240.6450,40.4170,0,12,garl_PAN,-4.6620,3.3260,0.0540,0.0620,1,0,1,0,0,0,0.0000,-2376499.2740,-4225362.8117,4128306.1625,10,-4.9977,3.1459,-0.3357,-0.1801,-5.1315,2.7650,0.0338,-0.4127,-0.1675,0.0318,-0.0117,0.0000,0.0000,0.0000,0.0000,-0.0221,-0.0221,0.0000,0.0339,0.0000,0.0000
233.8730,49.6810,0,8,gldr_PAN,7.2910,4.3940,0.0960,0.1280,1,0,1,0,0,0,0.0000,-2429062.3275,-3327780.7226,4854882.4016,13,7.2344,5.5645,-0.0566,1.1705,4.6174,2.4348,1.2158,-0.2373,-3.8328,-2.8924,-1.6384,0.0000,0.0000,0.0000,0.0000,1.9864,1.9864,0.0000,-0.3479,0.0000,0.0000
238.7110,46.0200,0,16,glnw_PAN,2.9790,3.1060,0.4970,0.4100,1,0,1,0,0,0,0.0000,-2296380.1240,-3778515.7765,4581900.0769,15,2.6023,3.3115,-0.3767,0.2055,1.8914,2.9857,0.2860,-0.2036,-0.9969,-0.1222,0.0086,0.0000,0.0000,0.0000,0.0000,0.2114,0.2114,0.0000,-0.2200,0.0000,0.0000
238.7110,46.0200,0,16,glwd_PAN,2.6400,3.2250,0.1410,0.2350,1,0,1,0,0,0,0.0000,-2296380.1240,-3778515.7765,4581900.0769,15,2.6023,3.3115,-0.0377,0.0865,1.8914,2.9857,0.2860,-0.2036,-0.9969,-0.1222,0.0086,0.0000,0.0000,0.0000,0.0000,0.2114,0.2114,0.0000,-0.2200,0.0000,0.0000
239.1850,45.8390,0,6,gobs_PAN,2.1510,2.6060,0.1100,0.0620,1,0,1,0,0,0,0.0000,-2272446.2344,-3809795.9399,4567909.2011,3,1.7275,2.8621,-0.4235,0.2561,0.7004,2.7439,-0.2283,-0.0281,-0.7987,-0.0900,0.0165,0.0000,0.0000,0.0000,0.0000,0.0350,0.0350,0.0000,-0.0515,0.0000,0.0000
283.1730,39.0220,0,14,gode_PAN,0.1850,-0.3240,0.0670,0.0750,1,0,1,0,0,0,0.0000,1127358.0511,-4816724.2945,4009062.5284,11,-0.6631,-1.3724,-0.8481,-1.0484,-0.6733,-1.3709,-0.0022,0.0031,-0.0079,-0.0015,0.0014,0.0000,0.0000,0.0000,0.0000,0.0125,0.0125,0.0000,-0.0139,0.0000,0.0000
243.1110,35.4250,0,37,gold_PAN,-4.4680,6.8720,0.1130,0.0740,1,0,1,0,0,0,0.0000,-2346646.5376,-4627694.7709,3690805.1420,38,-5.6688,5.9086,-1.2008,-0.9634,-3.4544,-0.3249,2.2383,-6.2430,-0.0239,0.0095,-0.0101,0.0000,0.0000,0.0000,0.0000,0.3531,0.3531,0.0000,-0.3430,0.0000,0.0000
239.5840,36.3990,0,1,gr8r_PAN,-9.1050,11.6990,0.1910,0.1450,1,0,1,0,0,0,0.0000,-2594749.8183,-4419815.6804,3778472.4682,1,-10.2624,9.1602,-1.1574,-2.5388,-9.9753,7.7574,0.3114,-1.4181,-0.0243,0.0154,-0.0204,0.0000,0.0000,0.0000,0.0000,-0.0867,-0.0867,0.0000,0.1070,0.0000,0.0000
239.5840,36.3990,0,1,gr8v_PAN,-10.9140,6.8450,0.3930,0.5540,1,0,1,0,0,0,0.0000,-2594749.8183,-4419815.6804,3778472.4682,1,-10.2624,9.1602,0.6516,2.3152,-9.9753,7.7574,0.3114,-1.4181,-0.0243,0.0154,-0.0204,0.0000,0.0000,0.0000,0.0000,-0.0867,-0.0867,0.0000,0.1070,0.0000,0.0000
236.9770,46.7950,0,9,grmd_PAN,5.4280,6.1880,0.0980,0.1070,1,0,1,0,0,0,0.0000,-2375669.2424,-3654996.8721,4641286.9958,6,5.9124,5.7405,0.4844,-0.4475,2.6583,5.6067,0.2653,0.4116,-3.5194,-0.5454,-0.5522,0.0000,0.0000,0.0000,0.0000,0.6348,0.6348,0.0000,-0.0827,0.0000,0.0000
237.8730,48.1950,0,13,grp4_PAN,3.6400,3.0280,0.2720,0.2370,1,0,1,0,0,0,0.0000,-2257227.5546,-3594565.0449,4746406.7848,12,4.2908,3.3765,0.6508,0.3485,4.3358,3.7391,1.6321,0.9747,-1.5871,-0.6121,-0.0121,0.0000,0.0000,0.0000,0.0000,0.2253,0.2253,0.0000,-0.2132,0.0000,0.0000
236.7030,42.4340,0,4,gtps_PAN,-1.1020,8.4910,0.0980,0.1340,1,0,1,0,0,0,0.0000,-2579940.6932,-3928032.5319,4296372.6456,8,-1.1739,7.9668,-0.0719,-0.5242,-3.0643,7.2358,-0.2960,-0.6574,-1.5944,-0.0735,-0.4646,0.0000,0.0000,0.0000,0.0000,0.3292,0.3292,0.0000,0.1354,0.0000,0.0000
246.7590,43.2440,0,21,gtrg_PAN,-2.2620,-0.7430,0.0600,0.0530,1,0,1,0,0,0,0.0000,-1830278.3677,-4261933.9973,4362379.0712,21,-2.2737,-0.3874,-0.0117,0.3556,-2.9680,-0.6033,-0.5812,-0.2136,-0.1130,-0.0024,0.0090,0.0000,0.0000,0.0000,0.0000,-0.0890,-0.0890,0.0000,0.0800,0.0000,0.0000
238.6720,45.7830,0,6,gwen_PAN,2.9160,3.3280,0.3310,0.3080,1,0,1,0,0,0,0.0000,-2308786.0584,-3793108.9439,4563571.2921,3,2.0655,3.5807,-0.8505,0.2527,0.6203,3.1394,-0.4734,-0.3345,-0.9718,-0.1068,0.0039,0.0000,0.0000,0.0000,0.0000,0.0410,0.0410,0.0000,-0.0449,0.0000,0.0000
238.2120,47.2910,0,16,hahd_PAN,4.0930,3.4660,0.2150,0.1120,1,0,1,0,0,0,0.0000,-2275089.5945,-3671060.4242,4678849.6621,15,3.9459,3.4931,-0.1471,0.0271,3.0284,3.3131,0.5609,0.1501,-1.4784,-0.3301,-0.0055,0.0000,0.0000,0.0000,0.0000,0.1732,0.1732,0.0000,-0.1677,0.0000,0.0000
238.5300,40.8160,0,4,hcro_PAN,-6.1970,5.3040,0.0730,0.0620,1,0,1,0,0,0,0.0000,-2515749.0363,-4110158.4183,4161965.4041,8,-7.0792,5.3151,-0.8822,0.0111,-7.5389,3.4750,-0.0455,-1.9060,-0.4142,0.0659,-0.0297,0.0000,0.0000,0.0000,0.0000,0.9336,0.9336,0.0000,-0.9039,0.0000,0.0000
236.8910,44.3780,0,4,hlsy_PAN,3.6870,6.6130,0.1090,0.1220,1,0,1,0,0,0,0.0000,-2485950.1128,-3812130.7108,4453320.4401,8,3.8481,7.0266,0.1611,0.4136,2.4651,6.8491,0.5336,0.0971,-1.9166,-0.2746,-0.2895,0.0000,0.0000,0.0000,0.0000,0.2958,0.2958,0.0000,-0.0063,0.0000,0.0000
239.5210,35.8670,0,41,hogs_PAN,-23.6070,30.1470,0.0880,0.1090,1,0,1,0,0,0,0.0000,-2617291.0114,-4447004.7521,3730722.1764,42,-27.4217,33.6044,-3.8147,3.4574,-28.9932,32.8602,-1.5533,-0.7564,-0.0181,0.0122,-0.0194,0.0000,0.0000,0.0000,0.0000,0.0106,0.0106,0.0000,0.0088,0.0000,0.0000
231.8650,50.6400,0,14,holb_PAN,1.5020,2.6680,0.0840,0.0780,1,0,1,0,0,0,0.0000,-2493639.8147,-3176258.9511,4923158.6417,13,1.2622,4.5170,-0.2398,1.8490,3.4150,0.9917,2.2487,-3.5821,-0.0958,0.0568,-0.2416,0.0000,0.0000,0.0000,0.0000,1.2684,1.2684,0.0000,-1.0268,0.0000,0.0000
242.2390,70.7360,0,47,holm_PAN,0.7030,-1.7300,0.0700,0.0950,1,0,1,0,0,0,0.0000,-978499.2906,-1858955.0400,6010921.4567,48,1.2150,-2.9311,0.5120,-1.2011,1.1837,-3.2756,-0.0276,-0.3399,-0.0036,-0.0046,-0.0024,0.0000,0.0000,0.0000,0.0000,0.0083,0.0083,0.0000,-0.0059,0.0000,0.0000
238.1510,44.1200,0,11,husb_PAN,-0.1570,7.3590,0.1340,0.1470,1,0,1,0,0,0,0.0000,-2412079.9187,-3882868.1159,4432782.0973,9,1.2300,4.3170,1.3870,-3.0420,0.8247,4.0480,0.4071,-0.2211,-0.8124,-0.0479,-0.0458,0.0000,0.0000,0.0000,0.0000,0.1353,0.1353,0.0000,-0.0896,0.0000,0.0000
226.4730,68.3060,0,14,invk_PAN,1.7690,-1.5450,0.0820,0.1000,1,0,1,0,0,0,0.0000,-1621000.0043,-1706566.2589,5916446.7421,11,1.1693,0.8198,-0.5997,2.3648,1.0546,0.4791,-0.1129,-0.3382,-0.0017,-0.0025,-0.0044,0.0000,0.0000,0.0000,0.0000,0.0213,0.0213,0.0000,-0.0169,0.0000,0.0000
235.9610,46.3060,0,15,iwac_PAN,10.6510,9.1430,0.3690,0.3450,1,0,1,0,0,0,0.0000,-2462188.5979,-3644990.4209,4603913.9437,14,10.5213,9.1776,-0.1297,0.0346,2.7664,6.7817,0.4717,0.4803,-8.2266,-2.8762,-1.5878,0.0000,0.0000,0.0000,0.0000,1.6919,1.6919,0.0000,-0.1041,0.0000,0.0000
237.0090,45.5230,0,7,jime_PAN,4.9940,7.1650,0.1230,0.1380,1,0,1,0,0,0,0.0000,-2429143.6622,-3741839.8680,4543373.9591,4,5.1487,6.4375,0.1547,-0.7275,3.2101,6.1305,0.5816,0.0794,-2.5202,-0.3864,-0.2957,0.0000,0.0000,0.0000,0.0000,0.3093,0.3093,0.0000,-0.0136,0.0000,0.0000
240.9150,37.7720,0,1,jnpr_PAN,-9.2390,10.0010,0.4140,0.4580,1,0,1,0,0,0,0.0000,-2446659.5950,-4398489.1116,3900192.5366,1,-8.2586,8.6211,0.9804,-1.3799,-10.1054,8.0846,-1.7923,-0.5594,-0.0545,0.0228,-0.0162,0.0000,0.0000,0.0000,0.0000,-1.2872,-1.2872,0.0000,1.3033,0.0000,0.0000
237.5630,48.5620,0,14,jobo_PAN,4.6210,2.7460,0.1500,0.1170,1,0,1,0,0,0,0.0000,-2260289.2841,-3556567.3016,4773496.9197,13,4.3855,3.2933,-0.2355,0.5473,6.1459,5.0776,3.3796,2.5613,-1.6192,-0.7769,-0.0260,0.0000,0.0000,0.0000,0.0000,1.3596,1.3596,0.0000,-1.3336,0.0000,0.0000
237.1040,46.1180,0,9,kels_PAN,4.9740,5.9320,0.2600,0.2330,1,0,1,0,0,0,0.0000,-2397180.8519,-3706044.7166,4589456.1751,6,5.0707,5.9036,0.0967,-0.0284,2.6986,5.6065,0.2638,0.1021,-2.6360,-0.3992,-0.2701,0.0000,0.0000,0.0000,0.0000,0.3182,0.3182,0.0000,-0.0481,0.0000,0.0000
238.2160,42.2240,0,3,kfrc_PAN,-2.4310,5.4280,0.1070,0.1070,1,0,1,0,0,0,0.0000,-2483603.9889,-4008141.9427,4279119.1681,2,-3.0379,5.6092,-0.6069,0.1812,-3.8674,5.5112,-0.2612,-0.0857,-0.5684,-0.0122,-0.0470,0.0000,0.0000,0.0000,0.0000,-0.0325,-0.0325,0.0000,0.0795,0.0000,0.0000
200.3350,22.1260,0,30,kokb_PAN,-58.0670,54.9320,0.1320,0.1030,1,0,1,0,0,0,0.0000,-5530916.8641,-2049790.1010,2398264.0900,31,-58.1371,52.8174,-0.0701,-2.1146,-58.3003,52.9928,-0.1702,0.1720,0.0070,0.0034,0.0014,0.0000,0.0000,0.0000,0.0000,-0.0203,-0.0203,0.0000,0.0188,0.0000,0.0000
237.6790,47.8030,0,8,krmt_PAN,4.2840,3.5270,0.2160,0.2020,1,0,1,0,0,0,0.0000,-2286694.6425,-3614259.6608,4717256.2129,5,4.9161,3.7481,0.6321,0.2211,3.2558,2.8116,0.3350,-0.3199,-1.9954,-0.6166,-0.0707,0.0000,0.0000,0.0000,0.0000,0.0312,0.0312,0.0000,0.0395,0.0000,0.0000
237.2050,47.5470,0,10,ktbw_PAN,5.5880,4.3890,0.0650,0.1010,1,0,1,0,0,0,0.0000,-2327909.1421,-3612900.2826,4698099.8324,7,5.7014,4.3667,0.1134,-0.0223,1.5719,3.4970,-1.0723,-0.0779,-3.0573,-0.7918,-0.3322,0.0000,0.0000,0.0000,0.0000,-0.0027,-0.0027,0.0000,0.3349,0.0000,0.0000
239.5270,35.9000,0,41,land_PAN,-23.3830,30.0380,0.0960,0.1210,1,0,1,0,0,0,0.0000,-2615735.1775,-4445426.1400,3733693.5300,42,-27.8626,33.9480,-4.4796,3.9100,-28.8897,32.8470,-1.0087,-1.1133,-0.0185,0.0123,-0.0194,0.0000,0.0000,0.0000,0.0000,0.0242,0.0242,0.0000,-0.0048,0.0000,0.0000
236.8930,44.6340,0,4,lcso_PAN,4.2290,6.8630,0.0910,0.0850,1,0,1,0,0,0,0.0000,-2474924.0970,-3795512.2009,4473610.3215,8,4.3874,7.1320,0.1584,0.2690,3.1912,6.8450,0.9348,0.0055,-2.1310,-0.2925,-0.3327,0.0000,0.0000,0.0000,0.0000,0.2490,0.2490,0.0000,0.0837,0.0000,0.0000
235.8920,43.9840,0,4,lflo_PAN,5.5480,9.3000,0.1150,0.1490,1,0,1,0,0,0,0.0000,-2569148.4788,-3793475.4073,4421919.4803,8,6.1756,10.4923,0.6276,1.1923,1.2522,8.9031,0.3165,0.4217,-5.2398,-2.0109,-0.8955,0.0000,0.0000,0.0000,0.0000,0.9262,0.9262,0.0000,-0.0306,0.0000,0.0000
239.4610,47.0000,0,13,linh_PAN,2.2670,1.7720,0.0540,0.0580,1,0,1,0,0,0,0.0000,-2206575.7858,-3740198.3287,4656854.2198,12,2.3998,1.7939,0.1328,0.0219,1.8452,1.3967,0.2664,-0.2302,-0.8210,-0.1670,0.0360,0.0000,0.0000,0.0000,0.0000,0.1487,0.1487,0.0000,-0.1847,0.0000,0.0000
238.1690,47.9440,0,13,lkcp_PAN,3.9110,2.7590,0.0660,0.0660,1,0,1,0,0,0,0.0000,-2249572.3723,-3623809.4393,4727766.9941,12,4.2186,3.0759,0.3076,0.3169,3.8153,3.3026,1.0302,0.6986,-1.4335,-0.4718,0.0063,0.0000,0.0000,0.0000,0.0000,0.1647,0.1647,0.0000,-0.1711,0.0000,0.0000
237.2420,47.2190,0,16,lngb_PAN,5.7810,4.9130,0.1470,0.0750,1,0,1,0,0,0,0.0000,-2340090.0918,-3636961.2901,4673418.7056,15,5.6121,4.6162,-0.1689,-0.2968,2.9178,3.9487,0.2705,-0.0867,-2.9648,-0.5808,-0.3190,0.0000,0.0000,0.0000,0.0000,0.5445,0.5445,0.0000,-0.2255,0.0000,0.0000
239.4060,35.8290,0,41,lows_PAN,-25.2540,32.2450,0.0640,0.0670,1,0,1,0,0,0,0.0000,-2627470.1689,-4443871.4547,3727299.0848,42,-26.8184,33.2457,-1.5644,1.0007,-29.1487,33.1124,-2.3131,-0.1452,-0.0172,0.0119,-0.0196,0.0000,0.0000,0.0000,0.0000,0.1259,0.1259,0.0000,-0.1063,0.0000,0.0000
236.9100,44.0510,0,4,lpsb_PAN,2.6850,6.6510,0.0960,0.1120,1,0,1,0,0,0,0.0000,-2498521.3551,-3834186.6318,4427274.0340,8,2.8449,7.0416,0.1599,0.3906,1.5392,6.8100,0.4174,0.0196,-1.7230,-0.2512,-0.2556,0.0000,0.0000,0.0000,0.0000,0.2355,0.2355,0.0000,0.0201,0.0000,0.0000
238.3100,47.6950,0,13,lsig_PAN,3.9770,3.8500,0.0860,0.1010,1,0,1,0,0,0,0.0000,-2251419.9182,-3646783.0078,4709186.0770,12,4.0095,3.1304,0.0325,-0.7196,3.2913,3.0947,0.6587,0.3561,-1.3768,-0.3918,0.0104,0.0000,0.0000,0.0000,0.0000,0.0621,0.0621,0.0000,-0.0725,0.0000,0.0000
235.9460,46.2780,0,15,lwck_PAN,10.6030,10.3510,0.2700,0.2770,1,0,1,0,0,0,0.0000,-2464402.3593,-3646209.3237,4601763.7967,14,10.6224,9.2741,0.0194,-1.0769,2.7650,6.7823,0.4663,0.4511,-8.3237,-2.9429,-1.5566,0.0000,0.0000,0.0000,0.0000,1.6470,1.6470,0.0000,-0.0904,0.0000,0.0000
239.5570,35.8330,0,41,masw_PAN,-23.3400,29.4090,0.0830,0.1140,1,0,1,0,0,0,0.0000,-2615617.6172,-4450556.2223,3727659.4874,42,-26.9765,33.4453,-3.6365,4.0363,-29.0856,32.7812,-2.0910,-0.6761,-0.0180,0.0120,-0.0192,0.0000,0.0000,0.0000,0.0000,-0.0671,-0.0671,0.0000,0.0863,0.0000,0.0000
203.7430,20.7070,0,30,maui_PAN,-57.4190,54.3820,0.1230,0.1030,1,0,1,0,0,0,0.0000,-5451991.6952,-2398138.7560,2251459.1987,31,-57.7081,52.4889,-0.2891,-1.8931,-57.8690,52.6525,-0.1678,0.1597,0.0070,0.0038,0.0014,0.0000,0.0000,0.0000,0.0000,-0.0179,-0.0179,0.0000,0.0165,0.0000,0.0000
237.0440,44.9740,0,15,mcso_PAN,4.3290,6.4890,0.1020,0.1240,1,0,1,0,0,0,0.0000,-2450427.9304,-3779679.5009,4500419.6793,14,4.3701,6.6127,0.0411,0.1237,2.8489,6.7387,0.6008,0.4026,-2.1220,-0.2765,-0.2670,0.0000,0.0000,0.0000,0.0000,0.2295,0.2295,0.0000,0.0375,0.0000,0.0000
238.7780,42.4180,0,3,mdmt_PAN,-2.2950,4.6090,0.0900,0.0820,1,0,1,0,0,0,0.0000,-2436645.9181,-4019896.3506,4295060.1232,2,-2.7596,4.7317,-0.4646,0.1227,-3.3980,4.6013,-0.1810,-0.1272,-0.4574,-0.0032,-0.0299,0.0000,0.0000,0.0000,0.0000,-0.0437,-0.0437,0.0000,0.0735,0.0000,0.0000
255.9850,30.6810,0,14,mdo1_PAN,-0.2700,-0.5450,0.0820,0.1300,1,0,1,0,0,0,0.0000,-1326189.0615,-5313127.7162,3249037.9969,11,-0.9945,-0.4917,-0.7245,0.0533,-0.7839,-0.5461,0.2216,-0.0566,-0.0110,0.0023,-0.0010,0.0000,0.0000,0.0000,0.0000,0.0107,0.0107,0.0000,-0.0097,0.0000,0.0000
235.4110,48.3710,0,8,mkah_PAN,10.8280,7.3710,0.1080,0.1190,1,0,1,0,0,0,0.0000,-2401266.7682,-3482264.4637,4759422.6093,16,10.8919,8.1709,0.0639,0.7999,1.4763,2.0736,-1.1790,-1.6035,-8.2366,-4.4938,-1.7606,0.0000,0.0000,0.0000,0.0000,2.6542,2.6542,0.0000,-0.8936,0.0000,0.0000
204.5440,19.8010,0,30,mkea_PAN,-58.0620,55.1490,0.1120,0.0920,1,0,1,0,0,0,0.0000,-5449639.8819,-2488599.9433,2156999.5229,31,-57.9225,52.3886,0.1395,-2.7604,-58.0818,52.5454,-0.1659,0.1530,0.0066,0.0038,0.0013,0.0000,0.0000,0.0000,0.0000,-0.0166,-0.0166,0.0000,0.0154,0.0000,0.0000
239.6970,41.9020,0,6,modb_PAN,-3.4860,3.8910,0.0690,0.0620,1,0,1,0,0,0,0.0000,-2391278.6921,-4091691.1996,4252552.2696,3,-3.7068,3.0460,-0.2208,-0.8450,-3.5904,2.3490,0.4289,-0.7116,-0.3126,0.0147,-0.0146,0.0000,0.0000,0.0000,0.0000,-0.3580,-0.3580,0.0000,0.3726,0.0000,0.0000
236.3960,46.9830,0,9,mont_PAN,8.3120,7.1030,0.1290,0.1160,1,0,1,0,0,0,0.0000,-2404167.9601,-3618015.6650,4655565.5434,6,8.5998,6.8306,0.2878,-0.2724,2.6080,5.6076,0.2604,0.3343,-6.2522,-1.5573,-1.9835,0.0000,0.0000,0.0000,0.0000,2.0973,2.0973,0.0000,-0.1137,0.0000,0.0000
240.6910,37.1700,0,1,musb_PAN,-9.6120,9.3940,0.0540,0.1010,1,0,1,0,0,0,0.0000,-2483760.4962,-4424380.5610,3847095.2563,1,-9.8383,8.7323,-0.2263,-0.6617,-10.0202,8.0298,-0.1409,-0.7220,-0.0411,0.0194,-0.0171,0.0000,0.0000,0.0000,0.0000,-0.1058,-0.1058,0.0000,0.1229,0.0000,0.0000
235.9140,49.2950,0,14,nano_PAN,6.6360,4.2570,0.1230,0.0640,1,0,1,0,0,0,0.0000,-2327281.3994,-3439190.1205,4827016.0622,13,4.5575,3.5849,-2.0785,-0.6721,5.1678,3.8985,2.6192,1.9329,-2.0089,-1.6193,-0.2462,0.0000,0.0000,0.0000,0.0000,2.0243,2.0243,0.0000,-1.7780,0.0000,0.0000
235.3750,48.2980,0,8,neah_PAN,11.3420,7.7940,0.0870,0.0960,1,0,1,0,0,0,0.0000,-2406897.8585,-3485742.1316,4754029.4438,16,11.7452,8.4618,0.4032,0.6678,1.3348,2.1203,-1.1357,-1.6053,-9.2747,-4.7362,-1.4886,0.0000,0.0000,0.0000,0.0000,2.6660,2.6660,0.0000,-1.1774,0.0000,0.0000
235.9380,44.5850,0,4,newp_PAN,7.6260,9.5370,0.3080,0.2330,1,0,1,0,0,0,0.0000,-2539982.4908,-3756903.2278,4469733.6101,14,7.8658,9.9037,0.2398,0.3667,2.7541,6.7826,0.4158,-0.4950,-5.5275,-2.6261,-0.7104,0.0000,0.0000,0.0000,0.0000,0.7759,0.7759,0.0000,-0.0655,0.0000,0.0000
238.2030,47.4950,0,13,nint_PAN,3.4950,3.1510,0.1770,0.1350,1,0,1,0,0,0,0.0000,-2266874.0408,-3656521.0250,4694197.2198,12,3.8673,3.3958,0.3723,0.2448,2.8613,3.2525,0.4769,0.2312,-1.4828,-0.3745,-0.0027,0.0000,0.0000,0.0000,0.0000,-0.0630,-0.0630,0.0000,0.0657,0.0000,0.0000
284.3760,45.4540,0,14,nrc1_PAN,-0.0130,-1.1650,0.0780,0.0920,1,0,1,0,0,0,0.0000,1108997.3208,-4326782.7538,4537998.1715,11,-0.3957,-1.3939,-0.3827,-0.2289,-0.4161,-1.4015,-0.0115,-0.0047,-0.0090,-0.0029,0.0017,0.0000,0.0000,0.0000,0.0000,0.0123,0.0123,0.0000,-0.0139,0.0000,0.0000
233.3830,49.5920,0,8,ntka_PAN,9.3160,6.9750,0.0610,0.0640,1,0,1,0,0,0,0.0000,-2461927.8487,-3312934.6249,4848476.7608,13,9.2494,6.3617,-0.0666,-0.6133,4.7099,2.0829,1.1861,-0.8861,-5.7256,-3.3927,-0.6854,0.0000,0.0000,0.0000,0.0000,1.2379,1.2379,0.0000,-0.5525,0.0000,0.0000
237.0240,45.3000,0,7,nwbg_PAN,4.7610,6.4290,0.0990,0.0930,1,0,1,0,0,0,0.0000,-2437770.2968,-3757281.7120,4525976.3122,4,4.7628,6.5773,0.0018,0.1483,2.7006,6.1059,0.3049,-0.1252,-2.3671,-0.3462,-0.2858,0.0000,0.0000,0.0000,0.0000,0.4195,0.4195,0.0000,-0.1338,0.0000,0.0000
237.5550,43.7380,0,4,oakr_PAN,1.4880,5.4700,0.1040,0.0940,1,0,1,0,0,0,0.0000,-2468139.7440,-3882422.6006,4402207.6752,8,0.9878,5.6551,-0.5002,0.1851,0.6992,5.4827,0.7137,-0.0965,-1.0023,-0.0759,-0.0977,0.0000,0.0000,0.0000,0.0000,0.3122,0.3122,0.0000,-0.2145,0.0000,0.0000
236.9020,44.0660,0,4,obec_PAN,2.4770,6.6060,0.1010,0.1020,1,0,1,0,0,0,0.0000,-2498423.6688,-3832866.6173,4428471.9855,8,2.9027,7.0573,0.4257,0.4513,1.5811,6.8265,0.4186,0.0255,-1.7402,-0.2563,-0.2597,0.0000,0.0000,0.0000,0.0000,0.2404,0.2404,0.0000,0.0193,0.0000,0.0000
235.8400,46.9520,0,15,ocen_PAN,13.2820,11.9900,0.0870,0.0830,1,0,1,0,0,0,0.0000,-2440577.5686,-3596599.3596,4653214.5491,14,12.8191,9.3475,-0.4629,-2.6425,2.7592,6.7864,0.3576,1.1101,-10.4175,-3.6712,-0.6984,0.0000,0.0000,0.0000,0.0000,1.0302,1.0302,0.0000,-0.3318,0.0000,0.0000
236.9990,44.8970,0,15,odot_PAN,4.5870,6.3870,0.1070,0.1070,1,0,1,0,0,0,0.0000,-2456687.6473,-3782822.6918,4494361.9956,14,4.5544,6.7096,-0.0326,0.3226,2.8445,6.7405,0.4421,0.3131,-2.1520,-0.2821,-0.2910,0.0000,0.0000,0.0000,0.0000,0.1657,0.1657,0.0000,0.1254,0.0000,0.0000
237.0920,46.9610,0,9,olar_PAN,5.5640,5.1730,0.1230,0.1250,1,0,1,0,0,0,0.0000,-2361012.8659,-3648453.1275,4653897.2362,6,6.1346,5.5946,0.5706,0.4216,2.6588,5.6065,-0.1989,0.5458,-3.2769,-0.5339,-0.4416,0.0000,0.0000,0.0000,0.0000,-0.2238,-0.2238,0.0000,0.6654,0.0000,0.0000
237.1050,47.0450,0,16,olmp_PAN,6.5350,5.5510,0.1050,0.1000,1,0,1,0,0,0,0.0000,-2356476.8994,-3643255.7866,4660263.4429,15,6.1133,5.3450,-0.4217,-0.2060,2.7526,4.0384,-0.0659,-0.7430,-3.2948,-0.5636,-0.4444,0.0000,0.0000,0.0000,0.0000,1.1469,1.1469,0.0000,-0.7025,0.0000,0.0000
235.9250,44.5150,0,4,onab_PAN,7.7650,9.7540,0.1240,0.0990,1,0,1,0,0,0,0.0000,-2543892.5123,-3760847.2382,4464189.7807,14,7.7616,9.9791,-0.0034,0.2251,2.7525,6.7831,0.4557,-0.6187,-5.4647,-2.5773,-0.6783,0.0000,0.0000,0.0000,0.0000,0.8052,0.8052,0.0000,-0.1268,0.0000,0.0000
237.6630,48.4180,0,14,otis_PAN,4.2980,3.2020,0.2170,0.1840,1,0,1,0,0,0,0.0000,-2260488.5671,-3570632.1300,4762890.8335,13,4.2779,3.7801,-0.0201,0.5781,6.3254,5.1490,3.6889,2.0952,-1.6414,-0.7263,-0.0241,0.0000,0.0000,0.0000,0.0000,1.5665,1.5665,0.0000,-1.5425,0.0000,0.0000
237.7950,47.4750,0,10,oylr_PAN,4.2200,3.8520,0.1220,0.1340,1,0,1,0,0,0,0.0000,-2293727.3697,-3641672.4336,4692695.1852,7,4.2286,3.7783,0.0086,-0.0737,1.4734,2.8081,-0.8397,-0.4986,-1.9155,-0.4715,-0.0616,0.0000,0.0000,0.0000,0.0000,0.0628,0.0628,0.0000,-0.0011,0.0000,0.0000
240.0640,41.2760,0,6,p017_PAN,-4.1730,3.8480,0.0640,0.0600,1,0,1,0,0,0,0.0000,-2388065.6736,-4146941.7462,4200519.9623,3,-4.3286,2.9914,-0.1556,-0.8566,-4.2649,2.0659,0.3113,-0.9516,-0.2476,0.0260,-0.0124,0.0000,0.0000,0.0000,0.0000,0.1076,0.1076,0.0000,-0.0952,0.0000,0.0000
241.4340,47.0020,0,14,p020_PAN,1.3690,0.7960,0.0410,0.0500,1,0,1,0,0,0,0.0000,-2076420.3421,-3813807.4133,4657005.8019,11,0.7498,0.3817,-0.6192,-0.4143,0.0663,-0.0418,-0.2443,-0.3303,-0.4393,-0.0932,0.0363,0.0000,0.0000,0.0000,0.0000,0.0121,0.0121,0.0000,-0.0484,0.0000,0.0000
241.2700,48.6750,0,14,p021_PAN,1.7650,1.1830,0.0490,0.1050,1,0,1,0,0,0,0.0000,-2021083.7607,-3687000.6312,4781798.6406,11,0.6519,0.3313,-1.1131,-0.8517,0.1504,-0.0360,-0.0803,-0.2074,-0.4212,-0.1600,0.0414,0.0000,0.0000,0.0000,0.0000,0.0031,0.0031,0.0000,-0.0445,0.0000,0.0000
241.9860,45.2320,0,12,p022_PAN,0.7860,1.2370,0.0910,0.1010,1,0,1,0,0,0,0.0000,-2106169.5183,-3958794.8624,4520657.5472,10,0.6433,0.8351,-0.1427,-0.4019,0.3816,1.6835,0.0657,0.8779,-0.3273,-0.0295,0.0205,0.0000,0.0000,0.0000,0.0000,0.3653,0.3653,0.0000,-0.3858,0.0000,0.0000
235.9250,40.8760,0,5,p058_PAN,2.6440,16.9470,0.1870,0.1490,1,0,1,0,0,0,0.0000,-2697513.2622,-3987957.5310,4167009.5264,19,0.5544,17.1458,-2.0896,0.1988,-5.1605,21.7571,2.0908,3.8739,-7.8057,0.7374,-0.1016,0.0000,0.0000,0.0000,0.0000,1.8111,1.8111,0.0000,-1.7095,0.0000,0.0000
236.2740,38.9280,0,30,p059_PAN,-25.1500,36.2810,0.0610,0.0780,1,0,1,0,0,0,0.0000,-2750272.5448,-4119808.4657,4000941.2139,31,-26.2740,33.8835,-1.1240,-2.3975,-28.6180,40.4707,-2.2983,6.5126,-0.0456,0.0745,-0.0796,0.0000,0.0000,0.0000,0.0000,1.3389,1.3389,0.0000,-1.2593,0.0000,0.0000
237.5850,40.9980,0,4,p060_PAN,-5.9110,6.5160,0.0800,0.0740,1,0,1,0,0,0,0.0000,-2576094.2881,-4056927.0383,4177251.8103,8,-5.8552,6.3646,0.0558,-0.1514,-7.0710,5.4210,-0.3034,-1.0292,-0.9124,0.0856,-0.1039,0.0000,0.0000,0.0000,0.0000,0.0118,0.0118,0.0000,0.0921,0.0000,0.0000
235.9860,42.9670,0,4,p061_PAN,1.7940,9.5020,0.1640,0.1360,1,0,1,0,0,0,0.0000,-2606421.8032,-3862143.2717,4339903.9383,8,1.8158,9.3240,0.0218,-0.1780,-1.6208,8.7099,0.0583,-0.4281,-3.4948,-0.1860,-0.5356,0.0000,0.0000,0.0000,0.0000,0.4614,0.4614,0.0000,0.0742,0.0000,0.0000
236.5120,47.9700,0,8,p064_PAN,7.2830,4.9880,0.1210,0.1460,1,0,1,0,0,0,0.0000,-2352234.0524,-3555455.6886,4729702.0277,5,7.8142,5.0417,0.5312,0.0537,3.4163,3.8499,0.8636,0.9318,-5.2615,-2.1236,-1.4377,0.0000,0.0000,0.0000,0.0000,2.2802,2.2802,0.0000,-0.8425,0.0000,0.0000
239.0670,46.8440,0,16,p065_PAN,2.7530,2.3410,0.0640,0.0690,1,0,1,0,0,0,0.0000,-2238752.5657,-3735798.3565,4645013.3531,15,2.9913,2.6029,0.2383,0.2619,2.6547,2.7520,0.6157,0.3252,-0.9523,-0.1762,0.0286,0.0000,0.0000,0.0000,0.0000,-0.0324,-0.0324,0.0000,0.0038,0.0000,0.0000
239.3070,38.8290,0,1,p140_PAN,-9.7130,7.9530,0.0680,0.0670,1,0,1,0,0,0,0.0000,-2531961.3140,-4265495.8764,3992376.2716,1,-10.2563,8.0079,-0.5433,0.0549,-10.4245,7.6888,-0.0653,-0.3672,-0.1029,0.0481,-0.0243,0.0000,0.0000,0.0000,0.0000,0.0540,0.0540,0.0000,-0.0297,0.0000,0.0000
240.3760,41.3580,0,6,p145_PAN,-4.0970,3.3710,0.0530,0.0680,1,0,1,0,0,0,0.0000,-2362474.4890,-4154654.1157,4207364.3686,3,-3.9935,2.7164,0.1035,-0.6546,-4.1683,1.8251,0.0561,-0.9145,-0.2310,0.0232,-0.0105,0.0000,0.0000,0.0000,0.0000,0.2209,0.2209,0.0000,-0.2105,0.0000,0.0000
239.4630,39.3370,0,1,p146_PAN,-9.1340,7.3710,0.0760,0.0780,1,0,1,0,0,0,0.0000,-2502254.1137,-4241718.4293,4036198.7784,1,-9.7547,7.6998,-0.6207,0.3288,-10.4982,7.7275,-0.6059,-0.0249,-0.1375,0.0526,-0.0219,0.0000,0.0000,0.0000,0.0000,-0.0250,-0.0250,0.0000,0.0469,0.0000,0.0000
239.1940,40.4190,0,2,p148_PAN,-6.6740,6.3070,0.0850,0.1140,1,0,1,0,0,0,0.0000,-2482658.1621,-4163706.3945,4128475.3811,0,-6.6073,6.0701,0.0667,-0.2369,-6.7692,7.2474,0.0973,1.1193,-0.2592,0.0579,-0.0206,0.0000,0.0000,0.0000,0.0000,0.2278,0.2278,0.0000,-0.2072,0.0000,0.0000
236.6400,41.8070,0,4,p154_PAN,-1.7390,8.5470,0.0750,0.0860,1,0,1,0,0,0,0.0000,-2609957.0416,-3964226.9271,4244688.5130,8,-2.2108,8.4396,-0.4718,-0.1074,-4.8474,7.3654,-0.5981,-1.0253,-2.0385,-0.0489,-0.5441,0.0000,0.0000,0.0000,0.0000,0.4410,0.4410,0.0000,0.1032,0.0000,0.0000
236.8110,41.2720,0,4,p155_PAN,-3.3030,8.4830,0.0910,0.0880,1,0,1,0,0,0,0.0000,-2619696.7768,-4004994.2482,4200185.8686,8,-3.4336,8.2778,-0.1306,-0.2052,-6.3496,7.0137,-0.5639,-1.2621,-2.3522,-0.0020,-0.6562,0.0000,0.0000,0.0000,0.0000,0.5952,0.5952,0.0000,0.0610,0.0000,0.0000
236.0940,40.0240,0,44,p156_PAN,-19.7700,24.4070,0.1770,0.1430,1,0,1,0,0,0,0.0000,-2720006.0956,-4046880.5943,4094957.3571,44,-15.0671,22.9009,4.7029,-1.5061,-27.4627,24.4107,-11.6665,0.7614,-0.7292,0.7483,-0.3466,0.0000,0.0000,0.0000,0.0000,0.1444,0.1444,0.0000,0.2022,0.0000,0.0000
235.6920,40.2480,0,5,p157_PAN,-18.5950,33.8920,0.2000,0.2400,1,0,1,0,0,0,0.0000,-2739288.1977,-4014442.1553,4113989.0391,19,-9.9195,25.8721,8.6755,-8.0199,-9.5098,22.9470,2.6996,-3.3649,-2.2899,0.4398,0.3055,0.0000,0.0000,0.0000,0.0000,0.8313,0.8313,0.0000,-1.1369,0.0000,0.0000
235.8930,40.4220,0,5,p158_PAN,-3.2500,22.9250,0.1940,0.0950,1,0,1,0,0,0,0.0000,-2718170.0049,-4013663.9722,4128729.1996,19,-4.5912,20.2430,-1.3412,-2.6820,-8.2703,21.9205,0.9654,0.5190,-4.6445,1.1585,-0.8727,0.0000,0.0000,0.0000,0.0000,1.1360,1.1360,0.0000,-0.2634,0.0000,0.0000
235.7170,40.5050,0,5,p159_PAN,-0.5240,26.5120,0.2540,0.0920,1,0,1,0,0,0,0.0000,-2727114.4202,-4000349.3579,4135747.0202,19,-2.4520,21.6482,-1.9280,-4.8638,-7.7479,22.8193,1.0112,0.4915,-6.3071,0.6796,0.3380,0.0000,0.0000,0.0000,0.0000,-0.0814,-0.0814,0.0000,-0.2565,0.0000,0.0000
235.8670,40.5510,0,5,p160_PAN,-0.6120,20.7950,0.2290,0.0840,1,0,1,0,0,0,0.0000,-2714768.1974,-4004725.5074,4139632.6777,19,-2.4106,19.7580,-1.7986,-1.0370,-7.3955,22.0533,1.1989,1.2096,-6.1838,1.0857,-0.2621,0.0000,0.0000,0.0000,0.0000,0.6374,0.6374,0.0000,-0.3752,0.0000,0.0000
235.7870,40.6370,0,5,p161_PAN,2.2820,20.0040,0.3830,0.3210,1,0,1,0,0,0,0.0000,-2716860.4562,-3995788.2801,4146890.0086,19,-0.6112,20.2450,-2.8932,0.2410,-6.8282,22.4619,1.2977,1.3169,-7.5148,0.9000,0.1071,0.0000,0.0000,0.0000,0.0000,0.2751,0.2751,0.0000,-0.3822,0.0000,0.0000
235.7630,40.6910,0,5,p162_PAN,4.0640,20.5290,0.3350,0.1600,1,0,1,0,0,0,0.0000,-2716333.8560,-3991417.0176,4151442.1633,19,0.2422,20.3256,-3.8218,-0.2034,-6.4654,22.5844,1.3843,1.4649,-8.0920,0.7940,0.1892,0.0000,0.0000,0.0000,0.0000,0.2257,0.2257,0.0000,-0.4149,0.0000,0.0000
235.9430,40.2200,0,5,p163_PAN,-14.1460,25.0580,0.1190,0.1010,1,0,1,0,0,0,0.0000,-2722801.1708,-4028068.9637,4111613.5116,19,-8.6284,22.1270,5.5176,-2.9310,-9.6380,21.6652,1.1481,-1.6316,-2.1576,1.1698,-0.6020,0.0000,0.0000,0.0000,0.0000,1.1019,1.1019,0.0000,-0.4999,0.0000,0.0000
236.3070,40.1190,0,5,p164_PAN,-13.9950,15.9960,0.0870,0.0950,1,0,1,0,0,0,0.0000,-2701172.5970,-4051309.6188,4103036.4897,19,-10.3356,16.5066,3.6594,0.5106,-10.2430,19.8056,1.4188,2.2120,-1.3262,1.0870,-0.6307,0.0000,0.0000,0.0000,0.0000,-0.1093,-0.1093,0.0000,0.7399,0.0000,0.0000
236.1470,40.2460,0,5,p165_PAN,-10.8190,18.7340,0.1420,0.1610,1,0,1,0,0,0,0.0000,-2707402.4733,-4036187.9696,4113819.3911,19,-7.7328,18.6730,3.0862,-0.0610,-9.4117,20.6231,0.7196,0.6515,-2.3985,1.2986,-1.0071,0.0000,0.0000,0.0000,0.0000,1.1648,1.1648,0.0000,-0.1577,0.0000,0.0000
236.1370,40.4350,0,5,p166_PAN,-4.5990,16.7360,0.1420,0.1090,1,0,1,0,0,0,0.0000,-2700530.7546,-4024425.1711,4129828.9490,19,-5.1774,17.3213,-0.5784,0.5853,-8.1227,20.6742,1.1129,2.1088,-4.0582,1.2440,-1.1948,0.0000,0.0000,0.0000,0.0000,1.9084,1.9084,0.0000,-0.7136,0.0000,0.0000
236.1200,40.5440,0,5,p167_PAN,-2.7050,15.9060,0.1480,0.1130,1,0,1,0,0,0,0.0000,-2697340.1037,-4017093.8301,4139041.5541,19,-3.9328,16.6477,-1.2278,0.7417,-7.3819,20.7610,1.4368,2.9717,-4.8858,1.1416,-0.8542,0.0000,0.0000,0.0000,0.0000,2.0786,2.0786,0.0000,-1.2243,0.0000,0.0000
236.1190,40.6690,0,5,p168_PAN,-0.5740,15.1850,0.1660,0.1700,1,0,1,0,0,0,0.0000,-2692369.8535,-4009540.5275,4149588.0267,19,-2.4365,15.5074,-1.8625,0.3224,-6.5279,20.7661,1.5880,4.2055,-5.6795,1.0532,-0.5281,0.0000,0.0000,0.0000,0.0000,2.5004,2.5004,0.0000,-1.9723,0.0000,0.0000
236.0320,40.7910,0,5,p169_PAN,1.8150,15.9540,0.1600,0.1370,1,0,1,0,0,0,0.0000,-2693512.0836,-3998110.7335,4159862.3391,19,-0.5556,16.0375,-2.3706,0.0835,-5.7151,21.2106,1.7080,4.3589,-6.8675,0.8141,-0.2845,0.0000,0.0000,0.0000,0.0000,2.2168,2.2168,0.0000,-1.9323,0.0000,0.0000
236.1370,40.8800,0,4,p170_PAN,-0.9360,11.9840,0.2530,0.1980,1,0,1,0,0,0,0.0000,-2682576.8913,-3997669.6975,4167345.6388,8,0.1677,13.4772,1.1037,1.4932,-7.5198,8.3996,-1.4456,-5.6251,-6.2419,0.5474,-0.4061,0.0000,0.0000,0.0000,0.0000,2.3427,2.3427,0.0000,-1.9366,0.0000,0.0000
238.2070,36.4860,0,41,p171_PAN,-28.1510,36.1080,0.0810,0.0970,1,0,1,0,0,0,0.0000,-2697186.6594,-4351303.6777,3786250.3735,42,-28.4662,35.1510,-0.3152,-0.9570,-27.5572,35.7337,0.9254,0.5677,-0.0164,0.0149,-0.0261,0.0000,0.0000,0.0000,0.0000,-0.3923,-0.3923,0.0000,0.4184,0.0000,0.0000
238.8650,36.4260,0,41,p175_PAN,-27.9330,34.8870,0.0680,0.0980,1,0,1,0,0,0,0.0000,-2649087.0167,-4385382.6701,3780887.2340,42,-27.6568,34.5004,0.2762,-0.3866,-27.5024,34.2970,0.1749,-0.2187,-0.0205,0.0153,-0.0232,0.0000,0.0000,0.0000,0.0000,0.0546,0.0546,0.0000,-0.0314,0.0000,0.0000
236.3140,42.0990,0,4,p179_PAN,-0.6120,9.2420,0.0850,0.0860,1,0,1,0,0,0,0.0000,-2620437.8359,-3931261.4137,4268821.9343,8,-0.7990,8.9970,-0.1870,-0.2450,-4.0490,8.0357,-0.7797,-1.1274,-2.4702,0.1661,-0.5866,0.0000,0.0000,0.0000,0.0000,0.4751,0.4751,0.0000,0.1115,0.0000,0.0000
237.6230,37.9150,0,44,p181_PAN,-18.3860,25.1700,0.1180,0.0860,1,0,1,0,0,0,0.0000,-2689982.9178,-4242498.2288,3912742.2790,44,-18.8930,23.8322,-0.5070,-1.3378,-22.1810,27.5589,-3.2486,3.6901,-0.0395,0.0366,-0.0384,0.0000,0.0000,0.0000,0.0000,-0.3556,-0.3556,0.0000,0.3940,0.0000,0.0000
236.8190,38.4950,0,44,p182_PAN,-21.6640,32.9420,0.0820,0.0830,1,0,1,0,0,0,0.0000,-2727431.1915,-4170969.8561,3963392.6145,44,-23.6003,30.6704,-1.9363,-2.2716,-23.7477,25.9058,-0.1017,-4.8208,-0.0456,0.0562,-0.0558,0.0000,0.0000,0.0000,0.0000,1.4061,1.4061,0.0000,-1.3502,0.0000,0.0000
236.9310,38.3140,0,30,p183_PAN,-22.3820,34.1110,0.0590,0.0810,1,0,1,0,0,0,0.0000,-2726090.9394,-4186764.9130,3947629.5691,31,-24.5398,31.5753,-2.1578,-2.5357,-29.0524,40.0729,-4.4728,8.4502,-0.0398,0.0473,-0.0510,0.0000,0.0000,0.0000,0.0000,1.0577,1.0577,0.0000,-1.0066,0.0000,0.0000
236.2910,39.1170,0,44,p184_PAN,-23.4780,31.0800,0.0680,0.0820,1,0,1,0,0,0,0.0000,-2741710.6617,-4109623.0992,4017259.2762,44,-24.2987,30.4088,-0.8207,-0.6712,-25.3253,24.8173,-0.9611,-5.6966,-0.0656,0.1050,-0.0886,0.0000,0.0000,0.0000,0.0000,1.2253,1.2253,0.0000,-1.1367,0.0000,0.0000
236.2510,39.2610,0,44,p185_PAN,-23.2450,30.4750,0.0800,0.1590,1,0,1,0,0,0,0.0000,-2738961.2355,-4099300.0492,4029662.7549,44,-23.7356,29.2504,-0.4906,-1.2246,-25.6674,24.7348,-1.8507,-4.6488,-0.0811,0.1332,-0.0995,0.0000,0.0000,0.0000,0.0000,0.7183,0.7183,0.0000,-0.6189,0.0000,0.0000
236.4820,39.1500,0,44,p186_PAN,-21.1920,26.9610,0.0740,0.1370,1,0,1,0,0,0,0.0000,-2726717.5838,-4116810.2503,4020103.9841,44,-22.1338,26.5851,-0.9418,-0.3759,-25.3486,25.2113,-3.1244,-1.5028,-0.0904,0.1289,-0.0847,0.0000,0.0000,0.0000,0.0000,0.1715,0.1715,0.0000,-0.0868,0.0000,0.0000
236.3970,39.3520,0,44,p187_PAN,-22.8180,24.7920,0.1620,0.1840,1,0,1,0,0,0,0.0000,-2724961.1112,-4100930.3218,4037487.9443,44,-22.0156,25.6480,0.8024,0.8560,-25.8364,25.0360,-3.7004,-0.7954,-0.1204,0.1834,-0.1032,0.0000,0.0000,0.0000,0.0000,-0.1128,-0.1128,0.0000,0.2160,0.0000,0.0000
236.7700,38.6680,0,44,p188_PAN,-20.3600,31.0460,0.0810,0.1900,1,0,1,0,0,0,0.0000,-2724426.8043,-4158606.5660,3978421.9835,44,-22.4937,28.4735,-2.1337,-2.5725,-24.1596,25.8048,-1.6104,-2.7374,-0.0555,0.0688,-0.0603,0.0000,0.0000,0.0000,0.0000,0.9191,0.9191,0.0000,-0.8588,0.0000,0.0000
236.6520,38.9870,0,44,p189_PAN,-20.9220,27.5060,0.1200,0.1010,1,0,1,0,0,0,0.0000,-2720766.8216,-4134419.3943,4006039.8944,44,-21.2941,26.0555,-0.3721,-1.4505,-24.9264,25.5617,-3.5510,-0.5987,-0.0813,0.1049,-0.0721,0.0000,0.0000,0.0000,0.0000,-0.0048,-0.0048,0.0000,0.0769,0.0000,0.0000
236.7960,39.2420,0,43,p190_PAN,-16.9250,17.9990,0.0940,0.0950,1,0,1,0,0,0,0.0000,-2700576.8221,-4126285.2076,4028027.6408,45,-17.1755,18.2190,-0.2505,0.2200,-11.5496,9.3647,5.7682,-9.0189,-0.1423,0.1646,-0.0788,0.0000,0.0000,0.0000,0.0000,-1.8254,-1.8254,0.0000,1.9042,0.0000,0.0000
236.3680,42.2750,0,4,p191_PAN,-1.0190,8.5490,0.1440,0.1120,1,0,1,0,0,0,0.0000,-2609456.5563,-3922792.8886,4283314.5922,8,-0.7513,8.8108,0.2677,0.2618,-3.5450,7.9247,-0.5947,-0.9427,-2.1990,0.0566,-0.5754,0.0000,0.0000,0.0000,0.0000,0.4379,0.4379,0.0000,0.1375,0.0000,0.0000
236.8950,39.3200,0,45,p192_PAN,-15.4020,15.5600,0.0690,0.1100,1,0,1,0,0,0,0.0000,-2690445.5941,-4126348.0422,4034737.3893,46,-15.0602,14.6633,0.3418,-0.8967,-10.2070,11.8303,5.0268,-3.0185,-0.1736,0.1855,-0.0793,0.0000,0.0000,0.0000,0.0000,-1.0698,-1.0698,0.0000,1.1491,0.0000,0.0000
237.0410,38.6650,0,44,p195_PAN,-17.0350,27.0590,0.1270,0.0930,1,0,1,0,0,0,0.0000,-2704840.1747,-4171620.8888,3978161.6673,44,-19.3268,23.5553,-2.2918,-3.5037,-24.0756,26.3627,-4.6811,2.7347,-0.0676,0.0728,-0.0548,0.0000,0.0000,0.0000,0.0000,-0.1141,-0.1141,0.0000,0.1689,0.0000,0.0000
237.2570,38.2980,0,44,p196_PAN,-17.9740,26.5340,0.1210,0.0760,1,0,1,0,0,0,0.0000,-2702821.3421,-4203134.9577,3946234.2533,44,-20.0616,25.3442,-2.0876,-1.1898,-23.1692,26.8070,-3.0588,1.4129,-0.0488,0.0499,-0.0462,0.0000,0.0000,0.0000,0.0000,-0.0048,-0.0048,0.0000,0.0510,0.0000,0.0000
237.2330,38.4290,0,44,p197_PAN,-16.9300,26.8640,0.1140,0.1040,1,0,1,0,0,0,0.0000,-2699691.3996,-4194404.5504,3957649.3372,44,-18.6068,23.6973,-1.6768,-3.1667,-23.4775,26.7577,-4.8146,3.0034,-0.0561,0.0569,-0.0481,0.0000,0.0000,0.0000,0.0000,-0.7938,-0.7938,0.0000,0.8419,0.0000,0.0000
237.3930,38.2600,0,44,p198_PAN,-17.4790,24.5920,0.1440,0.1070,1,0,1,0,0,0,0.0000,-2694246.7458,-4211742.4601,3942919.1450,44,-18.3913,22.5226,-0.9123,-2.0694,-23.0422,27.0865,-4.6006,4.5152,-0.0503,0.0488,-0.0440,0.0000,0.0000,0.0000,0.0000,0.0529,0.0529,0.0000,-0.0089,0.0000,0.0000
237.4970,38.2640,0,43,p199_PAN,-17.1240,21.8640,0.4120,0.1390,1,0,1,0,0,0,0.0000,-2686449.4792,-4216393.7997,3943268.1855,45,-15.8663,19.5392,1.2577,-2.3248,-11.2496,9.5792,4.6698,-10.0093,-0.0530,0.0492,-0.0427,0.0000,0.0000,0.0000,0.0000,-0.2200,-0.2200,0.0000,0.2627,0.0000,0.0000
237.5480,38.2400,0,43,p200_PAN,-16.8830,22.2970,0.2690,0.3020,1,0,1,0,0,0,0.0000,-2683581.4109,-4220176.8325,3941173.6545,45,-15.1709,18.5827,1.7121,-3.7143,-11.2387,9.5947,3.9851,-9.0363,-0.0528,0.0483,-0.0418,0.0000,0.0000,0.0000,0.0000,-0.4935,-0.4935,0.0000,0.5353,0.0000,0.0000
237.0830,38.8660,0,43,p203_PAN,-15.8730,17.3680,0.3520,0.1030,1,0,1,0,0,0,0.0000,-2694180.9510,-4161861.5140,3995578.7069,45,-15.7833,18.3254,0.0897,0.9574,-11.4327,9.4527,4.4420,-8.9666,-0.0914,0.0938,-0.0575,0.0000,0.0000,0.0000,0.0000,-0.9442,-0.9442,0.0000,1.0017,0.0000,0.0000
237.2890,38.6660,0,43,p204_PAN,-12.6850,19.6070,0.0700,0.1010,1,0,1,0,0,0,0.0000,-2686720.8588,-4183231.0280,3978248.4406,45,-14.5593,16.8226,-1.8743,-2.7844,-11.3648,9.5157,3.2715,-7.3806,-0.0770,0.0737,-0.0501,0.0000,0.0000,0.0000,0.0000,-1.6001,-1.6001,0.0000,1.6501,0.0000,0.0000
237.0370,39.3980,0,45,p205_PAN,-14.6000,13.8180,0.0980,0.1290,1,0,1,0,0,0,0.0000,-2677219.6793,-4128390.9362,4041439.6603,46,-13.3833,12.2618,1.2167,-1.5562,-10.6396,12.4826,2.9538,0.0212,-0.2101,0.1996,-0.0772,0.0000,0.0000,0.0000,0.0000,0.3689,0.3689,0.0000,-0.2917,0.0000,0.0000
237.4240,38.7780,0,45,p206_PAN,-11.1400,16.2070,0.0940,0.0890,1,0,1,0,0,0,0.0000,-2672664.7561,-4182988.7144,3987959.3752,46,-13.6298,13.1231,-2.4898,-3.0839,-6.9919,14.2598,6.7309,1.0544,-0.0930,0.0823,-0.0488,0.0000,0.0000,0.0000,0.0000,-0.5247,-0.5247,0.0000,0.5735,0.0000,0.0000
237.2810,39.2600,0,1,p207_PAN,-12.0680,8.3470,0.0920,0.1370,1,0,1,0,0,0,0.0000,-2664867.9868,-4147932.2119,4029576.7073,1,-11.9039,11.5786,0.1641,3.2316,-10.6647,7.1816,1.4132,-4.5452,-0.1741,0.1482,-0.0605,0.0000,0.0000,0.0000,0.0000,0.9304,0.9304,0.0000,-0.8699,0.0000,0.0000
237.6960,39.1090,0,1,p208_PAN,-10.2070,7.9740,0.0670,0.1110,1,0,1,0,0,0,0.0000,-2640420.5422,-4176086.7665,4016569.4493,1,-10.8854,9.7293,-0.6784,1.7553,-10.6054,7.2863,0.4259,-2.5490,-0.1458,0.1060,-0.0462,0.0000,0.0000,0.0000,0.0000,0.3190,0.3190,0.0000,-0.2728,0.0000,0.0000
238.2680,36.8160,0,41,p210_PAN,-27.7850,32.8780,0.0850,0.0760,1,0,1,0,0,0,0.0000,-2681038.4710,-4335553.2194,3815673.2644,42,-26.9528,32.6372,0.8322,-0.2408,-26.5219,35.6007,0.4522,2.9454,-0.0213,0.0181,-0.0273,0.0000,0.0000,0.0000,0.0000,-0.3218,-0.3218,0.0000,0.3491,0.0000,0.0000
238.1370,36.9620,0,41,p212_PAN,-26.1740,32.6680,0.0660,0.1210,1,0,1,0,0,0,0.0000,-2685802.7642,-4321140.0801,3828650.3341,42,-26.1290,31.9380,0.0450,-0.7300,-26.1227,35.8863,0.0286,3.9287,-0.0224,0.0195,-0.0287,0.0000,0.0000,0.0000,0.0000,-0.0464,-0.0464,0.0000,0.0752,0.0000,0.0000
238.0090,37.2020,0,44,p213_PAN,-21.6500,28.5400,0.0710,0.0680,1,0,1,0,0,0,0.0000,-2686929.5537,-4301489.5120,3849928.4426,44,-23.1226,28.1616,-1.4726,-0.3784,-20.4252,28.3507,2.7228,0.1666,-0.0254,0.0225,-0.0307,0.0000,0.0000,0.0000,0.0000,0.3693,0.3693,0.0000,-0.3386,0.0000,0.0000
238.3490,37.1040,0,44,p217_PAN,-20.0050,23.2700,0.0750,0.0840,1,0,1,0,0,0,0.0000,-2664808.3886,-4322957.4782,3841248.0205,44,-18.8459,21.8803,1.1591,-1.3897,-20.0967,29.0470,-1.2239,7.1451,-0.0270,0.0217,-0.0282,0.0000,0.0000,0.0000,0.0000,1.2393,1.2393,0.0000,-1.2111,0.0000,0.0000
238.2860,37.2040,0,44,p218_PAN,-19.9970,23.4150,0.1210,0.1060,1,0,1,0,0,0,0.0000,-2666031.7695,-4314314.9957,3850105.4769,44,-18.7076,20.7047,1.2894,-2.7103,-20.3461,28.9181,-1.6101,8.1904,-0.0284,0.0230,-0.0290,0.0000,0.0000,0.0000,0.0000,2.2590,2.2590,0.0000,-2.2300,0.0000,0.0000
237.9170,37.5390,0,44,p222_PAN,-19.6130,24.7200,0.0810,0.0780,1,0,1,0,0,0,0.0000,-2681758.9887,-4277909.2407,3879692.3482,44,-19.4944,23.5731,0.1186,-1.1469,-21.2284,28.1621,-1.7020,4.5609,-0.0320,0.0281,-0.0333,0.0000,0.0000,0.0000,0.0000,0.6119,0.6119,0.0000,-0.5787,0.0000,0.0000
237.7810,37.8640,0,43,p224_PAN,-15.0130,19.6270,0.0870,0.0880,1,0,1,0,0,0,0.0000,-2680129.3243,-4252844.8634,3908269.2889,45,-16.7474,20.0074,-1.7344,0.3804,-11.1266,9.6657,5.6611,-10.3772,-0.0403,0.0355,-0.0365,0.0000,0.0000,0.0000,0.0000,-0.1926,-0.1926,0.0000,0.2291,0.0000,0.0000
237.9420,37.7140,0,43,p225_PAN,-15.5600,18.3700,0.0600,0.0860,1,0,1,0,0,0,0.0000,-2673590.0218,-4269016.1501,3895095.5017,45,-16.1427,18.4285,-0.5827,0.0585,-11.0748,9.7146,5.1055,-8.7458,-0.0376,0.0319,-0.0341,0.0000,0.0000,0.0000,0.0000,0.5563,0.5563,0.0000,-0.5222,0.0000,0.0000
238.1740,37.3370,0,43,p226_PAN,-19.0390,24.4530,0.1570,0.1020,1,0,1,0,0,0,0.0000,-2669740.0001,-4301490.1521,3861867.7172,45,-18.3089,20.6621,0.7301,-3.7909,-10.9622,9.7849,7.3768,-10.9020,-0.0301,0.0249,-0.0304,0.0000,0.0000,0.0000,0.0000,1.0007,1.0007,0.0000,-0.9703,0.0000,0.0000
238.2100,37.5330,0,1,p227_PAN,-12.1420,13.4130,0.0750,0.1780,1,0,1,0,0,0,0.0000,-2660061.6004,-4291912.5722,3879163.5975,1,-14.0935,14.4880,-1.9515,1.0750,-10.2871,7.4153,3.8419,-7.1010,-0.0356,0.0283,-0.0311,0.0000,0.0000,0.0000,0.0000,0.5312,0.5312,0.0000,-0.5001,0.0000,0.0000
238.3130,37.6020,0,1,p228_PAN,-11.6210,11.5290,0.0880,0.1190,1,0,1,0,0,0,0.0000,-2649885.9737,-4292709.2876,3885241.6604,1,-12.6589,11.7982,-1.0379,0.2692,-10.2913,7.4411,2.4063,-4.3867,-0.0387,0.0297,-0.0306,0.0000,0.0000,0.0000,0.0000,0.3488,0.3488,0.0000,-0.3181,0.0000,0.0000
238.0220,37.7490,0,43,p229_PAN,-13.9710,16.2300,0.0980,0.0940,1,0,1,0,0,0,0.0000,-2666366.1454,-4270725.9150,3898171.7766,45,-14.3687,15.3739,-0.3977,-0.8561,-11.0747,9.7389,3.3339,-5.6678,-0.0398,0.0328,-0.0336,0.0000,0.0000,0.0000,0.0000,0.3863,0.3863,0.0000,-0.3527,0.0000,0.0000
238.0950,36.6220,0,41,p231_PAN,-28.2260,34.8690,0.0660,0.1000,1,0,1,0,0,0,0.0000,-2700929.8157,-4338381.2704,3798391.4417,42,-28.3986,35.0580,-0.1726,0.1890,-27.1818,35.9778,1.2338,0.9039,-0.0171,0.0159,-0.0272,0.0000,0.0000,0.0000,0.0000,-0.5417,-0.5417,0.0000,0.5689,0.0000,0.0000
238.4090,36.8590,0,41,p234_PAN,-26.7590,32.0990,0.0650,0.0680,1,0,1,0,0,0,0.0000,-2668860.0679,-4339697.4006,3819497.8558,42,-24.6945,29.4241,2.0645,-2.6749,-26.3375,35.2931,-1.6199,5.8503,-0.0232,0.0188,-0.0268,0.0000,0.0000,0.0000,0.0000,-0.2144,-0.2144,0.0000,0.2413,0.0000,0.0000
238.4580,37.0080,0,44,p240_PAN,-19.8160,22.8640,0.1030,0.1090,1,0,1,0,0,0,0.0000,-2659942.6687,-4333498.3175,3832733.8537,44,-17.8376,21.1095,1.9784,-1.7545,-19.8425,29.2700,-1.9787,8.1400,-0.0262,0.0206,-0.0272,0.0000,0.0000,0.0000,0.0000,0.4153,0.4153,0.0000,-0.3881,0.0000,0.0000
238.5370,36.9540,0,44,p242_PAN,-19.0820,22.6510,0.0960,0.1100,1,0,1,0,0,0,0.0000,-2655849.3066,-4340241.0079,3827939.9048,44,-16.7180,18.4174,2.3640,-4.2336,-19.6939,29.4316,-2.9500,10.9942,-0.0259,0.0200,-0.0266,0.0000,0.0000,0.0000,0.0000,0.1291,0.1291,0.0000,-0.1025,0.0000,0.0000
238.6450,37.0110,0,1,p244_PAN,-13.6680,10.4740,0.1470,0.0780,1,0,1,0,0,0,0.0000,-2645680.5775,-4341985.2713,3833000.0844,1,-13.4863,11.2092,0.1817,0.7352,-10.1597,7.5241,3.3545,-3.7059,-0.0278,0.0208,-0.0262,0.0000,0.0000,0.0000,0.0000,0.4141,0.4141,0.0000,-0.3878,0.0000,0.0000
238.8120,36.5600,0,41,p247_PAN,-27.8860,34.7150,0.0700,0.0860,1,0,1,0,0,0,0.0000,-2648556.1391,-4375353.8121,3792859.1931,42,-27.5613,34.6008,0.3247,-0.1142,-27.1096,34.4129,0.4735,-0.2043,-0.0219,0.0164,-0.0239,0.0000,0.0000,0.0000,0.0000,0.0768,0.0768,0.0000,-0.0530,0.0000,0.0000
238.9360,36.6120,0,1,p249_PAN,-10.1670,11.5040,0.2350,0.1110,1,0,1,0,0,0,0.0000,-2637303.4752,-4378125.1481,3797499.4442,1,-10.7675,8.1528,-0.6005,-3.3512,-10.0651,7.5966,0.7258,-0.5730,-0.0235,0.0169,-0.0235,0.0000,0.0000,0.0000,0.0000,0.1753,0.1753,0.0000,-0.1518,0.0000,0.0000
238.9420,37.1700,0,1,p252_PAN,-11.1060,8.9620,0.0900,0.0730,1,0,1,0,0,0,0.0000,-2617640.1912,-4346512.3237,3847095.2563,1,-11.5981,8.6355,-0.4921,-0.3265,-10.1644,7.5981,1.4671,-1.0600,-0.0334,0.0227,-0.0252,0.0000,0.0000,0.0000,0.0000,0.3887,0.3887,0.0000,-0.3635,0.0000,0.0000
238.6750,37.5820,0,1,p255_PAN,-10.7220,9.6780,0.0760,0.0800,1,0,1,0,0,0,0.0000,-2623416.4534,-4310523.9722,3883480.4826,1,-11.5284,9.2680,-0.8064,-0.4100,-10.2589,7.5316,1.3113,-1.7653,-0.0417,0.0289,-0.0280,0.0000,0.0000,0.0000,0.0000,0.2735,0.2735,0.0000,-0.2455,0.0000,0.0000
238.3950,37.9320,0,1,p256_PAN,-10.4430,8.9390,0.0640,0.0690,1,0,1,0,0,0,0.0000,-2631968.7823,-4277367.7707,3914232.5870,1,-11.4388,9.7079,-0.9958,0.7689,-10.3432,7.4617,1.1469,-2.2829,-0.0513,0.0367,-0.0313,0.0000,0.0000,0.0000,0.0000,0.2068,0.2068,0.0000,-0.1755,0.0000,0.0000
238.5360,37.7550,0,1,p257_PAN,-11.0630,9.6140,0.0710,0.1170,1,0,1,0,0,0,0.0000,-2627733.6298,-4294125.4759,3898698.9919,1,-11.4978,9.5247,-0.4348,-0.0893,-10.3006,7.4969,1.2432,-2.0602,-0.0460,0.0324,-0.0296,0.0000,0.0000,0.0000,0.0000,0.2256,0.2256,0.0000,-0.1960,0.0000,0.0000
238.8990,37.4330,0,1,p259_PAN,-9.7120,8.8190,0.1140,0.0990,1,0,1,0,0,0,0.0000,-2611752.1705,-4329380.2066,3870344.8280,1,-11.3608,8.7516,-1.6488,-0.0674,-10.2145,7.5874,1.1857,-1.1904,-0.0394,0.0262,-0.0261,0.0000,0.0000,0.0000,0.0000,0.3007,0.3007,0.0000,-0.2745,0.0000,0.0000
238.9160,37.7110,0,1,p260_PAN,-10.1420,7.8790,0.7430,1.1000,1,0,1,0,0,0,0.0000,-2600741.3384,-4314021.5073,3894831.7533,1,-11.0539,8.6340,-0.9119,0.7550,-10.2622,7.5917,0.8394,-1.0729,-0.0477,0.0305,-0.0267,0.0000,0.0000,0.0000,0.0000,0.2158,0.2158,0.0000,-0.1891,0.0000,0.0000
237.7820,38.1530,0,45,p261_PAN,-8.5060,12.6010,0.4050,0.2340,1,0,1,0,0,0,0.0000,-2669511.0509,-4236159.6372,3933575.1854,46,-14.1213,14.4180,-5.6153,1.8170,-3.3135,15.9033,10.8607,1.4405,-0.0529,0.0448,-0.0384,0.0000,0.0000,0.0000,0.0000,-1.3004,-1.3004,0.0000,1.3388,0.0000,0.0000
237.9040,38.0250,0,45,p262_PAN,-11.6450,15.7640,0.1910,0.1380,1,0,1,0,0,0,0.0000,-2665147.5482,-4249268.2046,3922379.3459,46,-13.9074,13.7357,-2.2624,-2.0283,-2.5510,16.4632,11.4052,2.6872,-0.0488,0.0403,-0.0363,0.0000,0.0000,0.0000,0.0000,0.0752,0.0752,0.0000,-0.0389,0.0000,0.0000
237.8050,38.4440,0,45,p264_PAN,-12.4700,10.2370,0.1770,0.3140,1,0,1,0,0,0,0.0000,-2657131.5005,-4220269.9268,3958955.0889,46,-12.2293,11.8711,0.2407,1.6341,-4.9948,16.0089,7.3055,4.0806,-0.0711,0.0571,-0.0399,0.0000,0.0000,0.0000,0.0000,1.5216,1.5216,0.0000,-1.4817,0.0000,0.0000
238.0460,38.5300,0,1,p265_PAN,-10.6500,8.8320,0.0970,0.0970,1,0,1,0,0,0,0.0000,-2636208.6868,-4226362.4339,3966436.1584,1,-10.8423,9.8831,-0.1923,1.0511,-10.4762,7.3742,0.4472,-2.5679,-0.0811,0.0590,-0.0372,0.0000,0.0000,0.0000,0.0000,0.4113,0.4113,0.0000,-0.3741,0.0000,0.0000
238.1560,38.1840,0,1,p266_PAN,-10.3410,9.0550,0.0780,0.0790,1,0,1,0,0,0,0.0000,-2640679.4312,-4251686.0214,3936283.7269,1,-11.3442,10.1704,-1.0032,1.1154,-10.4067,7.4018,0.9978,-2.8134,-0.0602,0.0448,-0.0345,0.0000,0.0000,0.0000,0.0000,0.3604,0.3604,0.0000,-0.3259,0.0000,0.0000
238.1770,38.3800,0,1,p267_PAN,-9.8850,8.7030,0.0930,0.0950,1,0,1,0,0,0,0.0000,-2632005.2283,-4241187.4242,3953381.9918,1,-10.9481,9.5952,-1.0631,0.8922,-10.4394,7.4071,0.5807,-2.2396,-0.0720,0.0515,-0.0350,0.0000,0.0000,0.0000,0.0000,0.2725,0.2725,0.0000,-0.2375,0.0000,0.0000
238.3540,38.4740,0,1,p268_PAN,-11.1870,8.1980,0.1090,0.0780,1,0,1,0,0,0,0.0000,-2615484.1683,-4243770.8011,3961565.7782,1,-10.8300,8.9739,0.3570,0.7759,-10.4416,7.4514,0.4683,-1.5756,-0.0800,0.0531,-0.0333,0.0000,0.0000,0.0000,0.0000,0.1435,0.1435,0.0000,-0.1102,0.0000,0.0000
237.6450,39.0000,0,1,p269_PAN,-8.8660,8.6060,0.0890,0.0870,1,0,1,0,0,0,0.0000,-2648221.1866,-4180182.1265,4007162.7616,1,-10.8905,10.5427,-2.0245,1.9367,-10.5905,7.2734,0.4276,-3.3670,-0.1276,0.0977,-0.0464,0.0000,0.0000,0.0000,0.0000,0.6975,0.6975,0.0000,-0.6511,0.0000,0.0000
237.9450,39.2440,0,1,p270_PAN,-10.2700,7.2100,0.1060,0.0780,1,0,1,0,0,0,0.0000,-2617216.8995,-4179489.6463,4028199.7789,1,-10.6638,8.7306,-0.3938,1.5206,-10.6087,7.3489,0.2230,-1.4869,-0.1679,0.1052,-0.0415,0.0000,0.0000,0.0000,0.0000,0.0828,0.0828,0.0000,-0.0412,0.0000,0.0000
238.2850,38.6570,0,1,p271_PAN,-10.4090,6.9250,0.1080,0.1000,1,0,1,0,0,0,0.0000,-2613927.9525,-4229832.7279,3977467.4373,1,-10.7521,8.9056,-0.3431,1.9806,-10.4792,7.4341,0.3665,-1.5326,-0.0935,0.0611,-0.0345,0.0000,0.0000,0.0000,0.0000,0.1328,0.1328,0.0000,-0.0983,0.0000,0.0000
238.0570,39.1450,0,1,p272_PAN,-9.0960,6.6420,0.1050,0.0890,1,0,1,0,0,0,0.0000,-2612720.5578,-4190497.7379,4019673.0535,1,-10.6364,8.6992,-1.5404,2.0572,-10.5825,7.3770,0.2036,-1.4151,-0.1496,0.0929,-0.0390,0.0000,0.0000,0.0000,0.0000,0.0824,0.0824,0.0000,-0.0434,0.0000,0.0000
238.6120,38.1160,0,1,p273_PAN,-11.1020,8.4720,0.3410,0.3330,1,0,1,0,0,0,0.0000,-2609189.5742,-4276552.5386,3930340.9028,1,-10.9692,8.8566,0.1328,0.3846,-10.3581,7.5159,0.6726,-1.3809,-0.0614,0.0402,-0.0299,0.0000,0.0000,0.0000,0.0000,0.1499,0.1499,0.0000,-0.1200,0.0000,0.0000
238.7850,38.3220,0,1,p275_PAN,-10.1920,8.3580,0.0720,0.0900,1,0,1,0,0,0,0.0000,-2588924.7925,-4272298.3159,3948327.1116,1,-10.7072,8.4923,-0.5152,0.1343,-10.3800,7.5590,0.4002,-0.9773,-0.0730,0.0440,-0.0288,0.0000,0.0000,0.0000,0.0000,0.1128,0.1128,0.0000,-0.0840,0.0000,0.0000
238.9050,38.6450,0,1,p276_PAN,-10.4560,8.0450,0.0810,0.0630,1,0,1,0,0,0,0.0000,-2568434.7873,-4258583.2027,3976425.9469,1,-10.4896,8.2548,-0.0336,0.2098,-10.4263,7.5889,0.1563,-0.7165,-0.0930,0.0506,-0.0279,0.0000,0.0000,0.0000,0.0000,0.0743,0.0743,0.0000,-0.0465,0.0000,0.0000
239.0930,35.9330,0,41,p284_PAN,-26.4980,32.9480,0.0720,0.0910,1,0,1,0,0,0,0.0000,-2648227.7019,-4423639.4863,3736663.6450,42,-27.8634,34.0716,-1.3654,1.1236,-28.9364,33.7981,-1.0565,-0.2857,-0.0166,0.0123,-0.0209,0.0000,0.0000,0.0000,0.0000,0.2221,0.2221,0.0000,-0.2013,0.0000,0.0000
239.0190,36.4170,0,1,p285_PAN,-11.3530,14.2180,0.0800,0.0910,1,0,1,0,0,0,0.0000,-2637596.0795,-4392996.1748,3780082.4053,1,-10.2129,8.0757,1.1401,-6.1423,-10.0235,7.6173,0.2108,-0.4737,-0.0214,0.0154,-0.0226,0.0000,0.0000,0.0000,0.0000,0.0836,0.0836,0.0000,-0.0610,0.0000,0.0000
239.3020,36.0250,0,41,p287_PAN,-26.9830,32.7410,0.0890,0.0890,1,0,1,0,0,0,0.0000,-2629007.3859,-4428105.1665,3744937.4175,42,-27.9296,33.9026,-0.9466,1.1616,-28.5820,33.3404,-0.6338,-0.5752,-0.0186,0.0129,-0.0204,0.0000,0.0000,0.0000,0.0000,0.0983,0.0983,0.0000,-0.0778,0.0000,0.0000
239.1210,36.1400,0,41,p288_PAN,-27.5980,33.3670,0.0740,0.1570,1,0,1,0,0,0,0.0000,-2639119.8058,-4413317.9113,3755266.0526,42,-27.9282,34.1604,-0.3302,0.7934,-28.2911,33.7368,-0.3441,-0.4370,-0.0188,0.0135,-0.0214,0.0000,0.0000,0.0000,0.0000,0.1012,0.1012,0.0000,-0.0798,0.0000,0.0000
239.4570,36.0890,0,1,p293_PAN,-10.1520,14.4090,0.1210,0.0990,1,0,1,0,0,0,0.0000,-2614891.1649,-4431595.6208,3750687.3919,1,-9.7795,8.9596,0.3725,-5.4494,-9.9298,7.7260,-0.1303,-1.2470,-0.0200,0.0134,-0.0201,0.0000,0.0000,0.0000,0.0000,-0.0203,-0.0203,0.0000,0.0404,0.0000,0.0000
239.5600,36.1230,0,1,p294_PAN,-9.5490,14.1350,0.1180,0.1020,1,0,1,0,0,0,0.0000,-2605792.2330,-4434369.5257,3753740.1628,1,-10.0004,9.5297,-0.4514,-4.6053,-9.9277,7.7515,0.0936,-1.7918,-0.0209,0.0136,-0.0198,0.0000,0.0000,0.0000,0.0000,-0.0991,-0.0991,0.0000,0.1189,0.0000,0.0000
239.6360,36.0520,0,1,p296_PAN,-9.7600,15.0100,0.1400,0.0780,1,0,1,0,0,0,0.0000,-2602257.3072,-4441832.1932,3747363.7582,1,-9.9966,10.2563,-0.2366,-4.7537,-9.9089,7.7703,0.1082,-2.4992,-0.0205,0.0132,-0.0194,0.0000,0.0000,0.0000,0.0000,-0.1166,-0.1166,0.0000,0.1360,0.0000,0.0000
239.4480,35.9740,0,41,p297_PAN,-24.0760,31.5430,0.1000,0.1280,1,0,1,0,0,0,0.0000,-2619408.6659,-4437658.8605,3740352.0610,42,-28.0158,33.9485,-3.9398,2.4055,-28.6890,33.0203,-0.6544,-0.9409,-0.0188,0.0127,-0.0198,0.0000,0.0000,0.0000,0.0000,0.0430,0.0430,0.0000,-0.0232,0.0000,0.0000
239.7060,36.0160,0,1,p298_PAN,-9.9670,14.3950,0.1420,0.1050,1,0,1,0,0,0,0.0000,-2598015.8487,-4447040.2790,3744128.4524,1,-9.9881,11.1225,-0.0211,-3.2725,-9.8968,7.7876,0.1117,-3.3479,-0.0205,0.0130,-0.0191,0.0000,0.0000,0.0000,0.0000,-0.1202,-0.1202,0.0000,0.1394,0.0000,0.0000
239.7230,36.3040,0,1,p300_PAN,-7.5800,12.4620,0.4030,0.2110,1,0,1,0,0,0,0.0000,-2587174.7990,-4431501.8579,3769969.4036,1,-10.1594,9.6850,-2.5794,-2.7770,-9.9471,7.7918,0.2361,-1.9079,-0.0238,0.0147,-0.0197,0.0000,0.0000,0.0000,0.0000,-0.1831,-0.1831,0.0000,0.2028,0.0000,0.0000
239.2570,36.8060,0,1,p301_PAN,-9.5260,9.7620,0.1060,0.0940,1,0,1,0,0,0,0.0000,-2606145.8652,-4381755.5744,3814783.5164,1,-10.9370,8.5193,-1.4110,-1.2427,-10.0743,7.6764,0.8913,-0.8615,-0.0286,0.0187,-0.0226,0.0000,0.0000,0.0000,0.0000,0.2110,0.2110,0.0000,-0.1883,0.0000,0.0000
239.3810,36.6350,0,1,p302_PAN,-8.2160,10.7130,0.2540,0.0860,1,0,1,0,0,0,0.0000,-2602443.9883,-4397163.8553,3799550.8655,1,-10.5780,8.6618,-2.3620,-2.0512,-10.0338,7.7072,0.5708,-0.9718,-0.0266,0.0172,-0.0217,0.0000,0.0000,0.0000,0.0000,0.0833,0.0833,0.0000,-0.0616,0.0000,0.0000
239.2950,37.0540,0,1,p303_PAN,-10.4040,10.3040,0.0770,0.1040,1,0,1,0,0,0,0.0000,-2594783.5327,-4369244.9327,3836814.9027,1,-11.0266,8.4689,-0.6226,-1.8351,-10.1154,7.6858,0.9446,-0.8041,-0.0333,0.0211,-0.0230,0.0000,0.0000,0.0000,0.0000,0.2450,0.2450,0.0000,-0.2219,0.0000,0.0000
239.6430,36.7390,0,1,p304_PAN,-10.6220,9.3990,0.1130,0.2270,1,0,1,0,0,0,0.0000,-2578819.9000,-4403059.8019,3808819.2089,1,-10.4922,8.8461,0.1298,-0.5529,-10.0312,7.7720,0.4906,-1.0920,-0.0296,0.0179,-0.0208,0.0000,0.0000,0.0000,0.0000,0.0156,0.0156,0.0000,0.0052,0.0000,0.0000
239.8030,37.3520,0,1,p305_PAN,-10.1390,9.2650,0.0600,0.0830,1,0,1,0,0,0,0.0000,-2545871.4553,-4374771.9924,3863192.9810,1,-10.4528,8.4811,-0.3138,-0.7839,-10.1264,7.8116,0.3688,-0.6928,-0.0424,0.0232,-0.0210,0.0000,0.0000,0.0000,0.0000,0.0772,0.0772,0.0000,-0.0562,0.0000,0.0000
239.3560,37.7950,0,1,p306_PAN,-10.7710,9.0130,0.0620,0.0840,1,0,1,0,0,0,0.0000,-2564622.4494,-4328949.0001,3902212.6682,1,-10.6371,8.3146,0.1339,-0.6984,-10.2410,7.7010,0.4490,-0.6437,-0.0530,0.0301,-0.0240,0.0000,0.0000,0.0000,0.0000,0.1450,0.1450,0.0000,-0.1210,0.0000,0.0000
239.9420,36.9470,0,1,p307_PAN,-13.1160,10.7330,0.0900,0.0990,1,0,1,0,0,0,0.0000,-2548864.8766,-4404460.7571,3827318.2180,1,-10.3463,8.8105,2.7697,-1.9225,-10.0436,7.8458,0.3373,-0.9839,-0.0346,0.0193,-0.0199,0.0000,0.0000,0.0000,0.0000,-0.0170,-0.0170,0.0000,0.0369,0.0000,0.0000
239.0490,38.0900,0,1,p309_PAN,-11.0840,9.1700,0.0830,0.1200,1,0,1,0,0,0,0.0000,-2577413.3670,-4297857.6061,3928067.1831,1,-10.6830,8.3770,0.4010,-0.7930,-10.3179,7.6248,0.4279,-0.7891,-0.0628,0.0368,-0.0264,0.0000,0.0000,0.0000,0.0000,0.1318,0.1318,0.0000,-0.1055,0.0000,0.0000
239.6660,38.7360,0,1,p310_PAN,-9.7700,8.2110,0.0600,0.1220,1,0,1,0,0,0,0.0000,-2508454.8166,-4286864.0695,3984319.5585,1,-10.1724,7.8430,-0.4024,-0.3680,-10.3782,7.7777,-0.1116,-0.1067,-0.0942,0.0414,-0.0218,0.0000,0.0000,0.0000,0.0000,0.0903,0.0903,0.0000,-0.0685,0.0000,0.0000
236.3020,39.5290,0,44,p312_PAN,-22.9420,25.6190,0.1540,0.2130,1,0,1,0,0,0,0.0000,-2724823.8702,-4086010.0108,4052679.1792,44,-21.9376,25.4706,1.0044,-0.1484,-26.2693,24.8400,-4.1765,-0.8869,-0.1552,0.2563,-0.1320,0.0000,0.0000,0.0000,0.0000,-0.1866,-0.1866,0.0000,0.3186,0.0000,0.0000
236.4350,39.5540,0,44,p313_PAN,-22.2190,23.0310,0.1390,0.2240,1,0,1,0,0,0,0.0000,-2714353.8028,-4090850.2433,4054821.7200,44,-20.1747,22.5697,2.0443,-0.4613,-26.2898,25.1144,-5.9179,2.2454,-0.1971,0.2993,-0.1358,0.0000,0.0000,0.0000,0.0000,-0.9892,-0.9892,0.0000,1.1249,0.0000,0.0000
236.4180,39.6860,0,44,p314_PAN,-22.1770,19.9300,0.0680,0.0730,1,0,1,0,0,0,0.0000,-2710393.1218,-4082251.3780,4066121.5272,44,-18.7922,20.8922,3.3848,0.9622,-26.5975,25.0793,-7.5363,3.7720,-0.2690,0.4151,-0.1855,0.0000,0.0000,0.0000,0.0000,-1.4962,-1.4962,0.0000,1.6817,0.0000,0.0000
236.2830,39.8640,0,44,p315_PAN,-21.5230,21.2300,0.0980,0.1270,1,0,1,0,0,0,0.0000,-2712979.0495,-4065326.8867,4081324.9617,44,-17.3743,21.8638,4.1487,0.6338,-27.0436,24.8008,-9.2721,2.3318,-0.3972,0.6052,-0.3022,0.0000,0.0000,0.0000,0.0000,-1.6027,-1.6027,0.0000,1.9049,0.0000,0.0000
235.9140,41.5590,0,4,p316_PAN,-0.1080,10.5130,0.0930,0.1180,1,0,1,0,0,0,0.0000,-2670249.0845,-3946017.9904,4224105.0304,8,1.9937,11.5699,2.1017,1.0569,-5.6186,8.8579,-2.1785,-3.6676,-5.4338,0.9556,-0.1457,0.0000,0.0000,0.0000,0.0000,1.1441,1.1441,0.0000,-0.9984,0.0000,0.0000
236.4480,39.9060,0,45,p317_PAN,-17.2190,14.7820,0.0860,0.1040,1,0,1,0,0,0,0.0000,-2699606.2589,-4070628.4505,4084906.5506,46,-15.1016,16.1235,2.1174,1.3415,-13.6545,9.7766,2.0121,-7.0345,-0.5650,0.6877,-0.3435,0.0000,0.0000,0.0000,0.0000,-2.3813,-2.3813,0.0000,2.7248,0.0000,0.0000
236.6280,39.4520,0,44,p318_PAN,-17.8330,15.5040,0.0750,0.0870,1,0,1,0,0,0,0.0000,-2704524.8996,-4105992.1015,4046075.3072,44,-18.0660,18.8346,-0.2330,3.3306,-26.0014,25.5123,-7.7442,6.4309,-0.1912,0.2468,-0.1066,0.0000,0.0000,0.0000,0.0000,-1.6663,-1.6663,0.0000,1.7730,0.0000,0.0000
236.7050,39.7070,0,45,p319_PAN,-17.2660,10.1880,0.1090,0.2080,1,0,1,0,0,0,0.0000,-2689092.5324,-4094530.7642,4067917.2355,46,-14.5047,13.3827,2.7613,3.1947,-12.4724,10.9575,2.3990,-2.8378,-0.3666,0.4126,-0.1679,0.0000,0.0000,0.0000,0.0000,-0.3894,-0.3894,0.0000,0.5573,0.0000,0.0000
236.8130,39.4930,0,45,p320_PAN,-17.0750,14.6070,0.0770,0.1000,1,0,1,0,0,0,0.0000,-2689667.6497,-4112279.1070,4049592.5650,46,-15.1297,13.7742,1.9453,-0.8328,-11.2195,11.4536,4.1456,-2.5790,-0.2354,0.2585,-0.1010,0.0000,0.0000,0.0000,0.0000,-0.6753,-0.6753,0.0000,0.7764,0.0000,0.0000
236.6050,39.8970,0,45,p321_PAN,-14.9410,16.4860,0.1070,0.1300,1,0,1,0,0,0,0.0000,-2688795.0755,-4078546.1962,4084139.2519,46,-13.8846,13.3765,1.0564,-3.1095,-13.5846,10.4980,0.8887,-3.4901,-0.5887,0.6116,-0.2604,0.0000,0.0000,0.0000,0.0000,-1.4991,-1.4991,0.0000,1.7595,0.0000,0.0000
236.8180,39.9620,0,1,p322_PAN,-10.9900,8.4940,0.0880,0.1530,1,0,1,0,0,0,0.0000,-2671076.7944,-4084633.3091,4089678.5876,1,-11.5241,9.5614,-0.5341,1.0674,-10.8231,7.0644,1.3506,-3.0386,-0.6496,0.5416,-0.1748,0.0000,0.0000,0.0000,0.0000,-0.1825,-0.1825,0.0000,0.3573,0.0000,0.0000
236.3440,40.2570,0,5,p324_PAN,-10.1990,14.6990,0.1170,0.1260,1,0,1,0,0,0,0.0000,-2693071.1187,-4044815.4664,4114752.3928,19,-8.0442,15.3357,2.1548,0.6367,-9.2918,19.6165,0.9348,3.0365,-2.1825,1.2444,-0.8563,0.0000,0.0000,0.0000,0.0000,1.3702,1.3702,0.0000,-0.5139,0.0000,0.0000
236.1170,41.1520,0,4,p325_PAN,-0.5370,11.1670,0.1870,0.1340,1,0,1,0,0,0,0.0000,-2672912.6297,-3980264.1609,4190153.5467,8,0.8028,11.9743,1.3398,0.8073,-6.7513,8.4407,-1.6794,-3.7857,-5.8747,0.2521,-0.6418,0.0000,0.0000,0.0000,0.0000,1.5750,1.5750,0.0000,-0.9331,0.0000,0.0000
236.3010,40.5750,0,4,p326_PAN,-5.0110,9.8640,0.1200,0.1360,1,0,1,0,0,0,0.0000,-2683393.5822,-4023731.0732,4141658.9183,8,-3.4856,13.4295,1.5254,3.5655,-8.3682,8.0625,-0.7186,-6.3957,-4.1639,1.0286,-0.7607,0.0000,0.0000,0.0000,0.0000,2.9007,2.9007,0.0000,-2.1400,0.0000,0.0000
236.5480,40.0820,0,5,p329_PAN,-13.9340,13.1410,0.0880,0.1210,1,0,1,0,0,0,0.0000,-2685567.9722,-4064845.3983,4099891.2200,19,-10.9492,12.4183,2.9848,-0.7227,-10.4439,18.5739,1.5647,5.2498,-1.0594,0.9058,-0.3173,0.0000,0.0000,0.0000,0.0000,-0.5401,-0.5401,0.0000,0.8575,0.0000,0.0000
236.8640,40.3240,0,4,p330_PAN,-8.8760,8.2370,0.1050,0.1170,1,0,1,0,0,0,0.0000,-2653619.1202,-4065058.1316,4120431.9450,8,-7.5085,8.4800,1.3675,0.2430,-9.0312,6.9047,-0.1978,-2.3064,-1.3249,0.7311,-0.2496,0.0000,0.0000,0.0000,0.0000,0.3505,0.3505,0.0000,-0.1010,0.0000,0.0000
236.6760,40.7330,0,4,p331_PAN,-5.5360,9.0290,0.1170,0.1600,1,0,1,0,0,0,0.0000,-2650716.4887,-4031648.9519,4154980.1789,8,-4.4350,8.8575,1.1010,-0.1715,-7.8879,7.2914,-0.7622,-2.2428,-2.6907,0.6767,-0.5572,0.0000,0.0000,0.0000,0.0000,0.6831,0.6831,0.0000,-0.1259,0.0000,0.0000
236.8250,40.5470,0,4,p332_PAN,-7.3310,8.4010,0.1460,0.1160,1,0,1,0,0,0,0.0000,-2647589.9521,-4049797.1103,4139294.9004,8,-5.9593,8.3601,1.3717,-0.0409,-8.4027,6.9849,-0.5480,-2.1008,-1.8954,0.7256,-0.4240,0.0000,0.0000,0.0000,0.0000,0.4987,0.4987,0.0000,-0.0747,0.0000,0.0000
237.0240,39.6210,0,1,p333_PAN,-11.8430,8.8130,0.1190,0.1170,1,0,1,0,0,0,0.0000,-2669574.6090,-4114556.5972,4060559.9216,1,-12.0607,10.7271,-0.2177,1.9141,-10.7478,7.1166,1.6318,-3.8909,-0.3189,0.2804,-0.0995,0.0000,0.0000,0.0000,0.0000,0.2998,0.2998,0.0000,-0.2003,0.0000,0.0000
237.2640,39.4940,0,1,p334_PAN,-10.4060,7.9540,0.1100,0.1150,1,0,1,0,0,0,0.0000,-2657176.9005,-4133263.5820,4049678.3259,1,-11.3859,9.9519,-0.9799,1.9979,-10.7068,7.1773,0.9300,-2.9730,-0.2508,0.1985,-0.0698,0.0000,0.0000,0.0000,0.0000,0.2680,0.2680,0.0000,-0.1982,0.0000,0.0000
237.1260,39.7260,0,1,p335_PAN,-10.7120,7.8810,0.0840,0.1130,1,0,1,0,0,0,0.0000,-2658201.9098,-4113045.8823,4069541.4531,1,-11.2487,9.4405,-0.5367,1.5595,-10.7579,7.1424,0.8718,-2.5911,-0.3810,0.2930,-0.1004,0.0000,0.0000,0.0000,0.0000,0.1146,0.1146,0.0000,-0.0142,0.0000,0.0000
237.5700,39.5280,0,1,p336_PAN,-9.8230,7.4910,0.1140,0.1170,1,0,1,0,0,0,0.0000,-2633775.3719,-4145366.6892,4052593.4615,1,-10.8022,8.8460,-0.9792,1.3550,-10.6881,7.2545,0.3647,-1.7565,-0.2506,0.1650,-0.0557,0.0000,0.0000,0.0000,0.0000,0.0862,0.0862,0.0000,-0.0305,0.0000,0.0000
237.1310,40.2960,0,4,p337_PAN,-9.1860,7.6620,0.1490,0.1340,1,0,1,0,0,0,0.0000,-2635739.6057,-4079070.6735,4118059.0857,8,-8.2033,7.7108,0.9827,0.0488,-9.0906,6.3553,0.0682,-1.7960,-0.9555,0.4405,-0.2037,0.0000,0.0000,0.0000,0.0000,0.2058,0.2058,0.0000,-0.0021,0.0000,0.0000
237.0770,40.7480,0,4,p338_PAN,-6.3640,7.8000,0.0860,0.1120,1,0,1,0,0,0,0.0000,-2621843.9086,-4049188.6001,4156243.2149,8,-5.8530,7.5772,0.5110,-0.2228,-7.8140,6.4664,-0.3879,-1.4225,-1.5731,0.3117,-0.3799,0.0000,0.0000,0.0000,0.0000,0.3258,0.3258,0.0000,0.0541,0.0000,0.0000
237.3320,40.0340,0,1,p339_PAN,-9.3510,7.6580,0.1170,0.1410,1,0,1,0,0,0,0.0000,-2631550.5011,-4104101.3153,4095808.3227,1,-9.9617,7.9412,-0.6107,0.2832,-10.7944,7.1945,-0.2716,-1.0483,-0.5611,0.3017,-0.1052,0.0000,0.0000,0.0000,0.0000,0.3801,0.3801,0.0000,-0.2749,0.0000,0.0000
236.9500,39.4090,0,45,p340_PAN,-10.6070,4.3600,0.2290,0.5140,1,0,1,0,0,0,0.0000,-2683062.0868,-4123670.5584,4042384.2501,46,-14.2189,12.9434,-3.6119,8.5834,-10.7152,12.0830,3.7132,-1.0715,-0.2095,0.2111,-0.0829,0.0000,0.0000,0.0000,0.0000,-0.1299,-0.1299,0.0000,0.2128,0.0000,0.0000
237.3930,40.6510,0,4,p341_PAN,-7.5640,7.1750,0.1020,0.0950,1,0,1,0,0,0,0.0000,-2603259.8976,-4069508.5788,4148070.5507,8,-6.8569,6.8844,0.7071,-0.2906,-8.0668,5.8162,-0.2026,-1.2866,-1.0073,0.2184,-0.1623,0.0000,0.0000,0.0000,0.0000,0.1056,0.1056,0.0000,0.0567,0.0000,0.0000
236.6660,40.8870,0,4,p343_PAN,-4.4850,8.7510,0.1030,0.0970,1,0,1,0,0,0,0.0000,-2645273.6271,-4021841.2263,4167933.7866,8,-3.8421,8.8087,0.6429,0.0577,-7.4525,7.3119,-0.7282,-1.9615,-2.8822,0.4647,-0.5947,0.0000,0.0000,0.0000,0.0000,0.6584,0.6584,0.0000,-0.0636,0.0000,0.0000
237.9720,39.9290,0,1,p344_PAN,-9.3270,7.3590,0.0760,0.0800,1,0,1,0,0,0,0.0000,-2589520.3530,-4139595.8979,4086866.9668,1,-10.0273,7.7096,-0.7003,0.3506,-10.7242,7.3557,-0.3593,-0.5009,-0.3376,0.1469,-0.0454,0.0000,0.0000,0.0000,0.0000,0.0591,0.0591,0.0000,-0.0137,0.0000,0.0000
237.7290,40.2710,0,4,p345_PAN,-8.8770,7.6130,0.0730,0.1740,1,0,1,0,0,0,0.0000,-2593982.4106,-4107876.2975,4115939.6302,8,-9.1401,7.1369,-0.2631,-0.4761,-9.1226,5.1245,0.5581,-2.2022,-0.5407,0.1897,-0.0678,0.0000,0.0000,0.0000,0.0000,0.5816,0.5816,0.0000,-0.5138,0.0000,0.0000
238.1720,40.9060,0,4,p348_PAN,-6.8640,5.7940,0.0990,0.0690,1,0,1,0,0,0,0.0000,-2537930.3011,-4088799.5642,4169529.8743,8,-6.4699,5.3459,0.3941,-0.4481,-7.2995,4.2124,-0.2932,-1.2066,-0.5363,0.0731,-0.0416,0.0000,0.0000,0.0000,0.0000,-0.0333,-0.0333,0.0000,0.0749,0.0000,0.0000
237.6810,40.7310,0,4,p349_PAN,-7.1400,6.8000,0.0720,0.1360,1,0,1,0,0,0,0.0000,-2579672.5140,-4077643.9867,4154811.7526,8,-6.8722,6.2991,0.2678,-0.5009,-7.8220,5.2233,-0.1846,-1.2145,-0.7652,0.1388,-0.0862,0.0000,0.0000,0.0000,0.0000,0.0313,0.0313,0.0000,0.0550,0.0000,0.0000
235.7740,42.2090,0,4,p362_PAN,1.9190,10.2450,0.1250,0.0800,1,0,1,0,0,0,0.0000,-2652757.6198,-3899606.6519,4277884.5745,8,2.5068,10.7688,0.5878,0.5238,-3.7915,9.1455,-1.8566,-2.1857,-4.4417,0.5624,0.0188,0.0000,0.0000,0.0000,0.0000,0.1202,0.1202,0.0000,-0.1390,0.0000,0.0000
235.9460,42.8600,0,4,p363_PAN,1.6940,9.5510,0.1550,0.1710,1,0,1,0,0,0,0.0000,-2613651.3666,-3867030.8627,4331195.0201,8,1.5893,9.4143,-0.1047,-0.1367,-1.9283,8.7921,-0.0256,-0.5519,-3.4920,-0.0703,-0.4754,0.0000,0.0000,0.0000,0.0000,0.3954,0.3954,0.0000,0.0800,0.0000,0.0000
235.5910,43.0900,0,4,p364_PAN,5.8300,12.1530,0.0660,0.0860,1,0,1,0,0,0,0.0000,-2627714.5601,-3836387.4624,4349896.4230,8,4.8596,10.6166,-0.9704,-1.5364,-1.3151,9.5215,0.2624,-0.2090,-6.4371,-0.8862,0.1455,0.0000,0.0000,0.0000,0.0000,-0.1607,-0.1607,0.0000,0.0152,0.0000,0.0000
235.7470,43.3960,0,4,p365_PAN,4.5480,10.4000,0.0720,0.0750,1,0,1,0,0,0,0.0000,-2604146.3628,-3824270.7692,4374668.7037,8,5.4763,10.6896,0.9283,0.2896,-0.4303,9.2010,0.2953,-0.0355,-6.2019,-1.4531,-0.5187,0.0000,0.0000,0.0000,0.0000,0.4867,0.4867,0.0000,0.0320,0.0000,0.0000
236.0200,43.6140,0,4,p366_PAN,3.8750,9.4010,0.1030,0.0970,1,0,1,0,0,0,0.0000,-2576573.6399,-3822805.2504,4392240.8583,8,4.4137,9.7794,0.5387,0.3784,0.2169,8.6401,0.2821,0.0392,-4.4789,-1.1785,-1.0182,0.0000,0.0000,0.0000,0.0000,0.9776,0.9776,0.0000,0.0406,0.0000,0.0000
235.9380,44.5850,0,4,p367_PAN,8.1360,9.9340,0.1140,0.0930,1,0,1,0,0,0,0.0000,-2539982.4908,-3756903.2278,4469733.6101,14,7.8658,9.9037,-0.2702,-0.0303,2.7541,6.7826,0.4158,-0.4950,-5.5275,-2.6261,-0.7104,0.0000,0.0000,0.0000,0.0000,0.7759,0.7759,0.0000,-0.0655,0.0000,0.0000
236.6170,42.5040,0,4,p368_PAN,-0.8470,8.0560,0.0990,0.0770,1,0,1,0,0,0,0.0000,-2582943.5881,-3919769.7520,4302110.9904,8,-0.8975,8.1374,-0.0505,0.0814,-2.8732,7.4127,-0.2822,-0.6536,-1.6936,-0.0711,-0.5233,0.0000,0.0000,0.0000,0.0000,0.3885,0.3885,0.0000,0.1348,0.0000,0.0000
236.5710,43.1400,0,4,p369_PAN,0.5600,7.7960,0.0860,0.0920,1,0,1,0,0,0,0.0000,-2559622.7490,-3877599.6314,4353952.6804,8,0.8084,7.8842,0.2484,0.0882,-1.0738,7.5073,0.1005,-0.2973,-1.9827,-0.0796,-0.5388,0.0000,0.0000,0.0000,0.0000,0.4529,0.4529,0.0000,0.0859,0.0000,0.0000
237.3440,42.1910,0,4,p370_PAN,-2.1810,6.7970,0.0900,0.0750,1,0,1,0,0,0,0.0000,-2545644.4632,-3971954.9203,4276402.6751,8,-2.5676,6.5616,-0.3866,-0.2354,-3.7039,5.9170,-0.1933,-0.6014,-0.9430,-0.0433,-0.1293,0.0000,0.0000,0.0000,0.0000,0.0133,0.0133,0.0000,0.1161,0.0000,0.0000
236.9420,43.3630,0,4,p371_PAN,0.9260,7.1330,0.0780,0.0810,1,0,1,0,0,0,0.0000,-2525198.1610,-3879860.0441,4372003.1734,8,0.8448,7.0498,-0.0812,-0.0832,-0.4097,6.7442,0.2220,-0.2068,-1.4765,-0.0988,-0.2550,0.0000,0.0000,0.0000,0.0000,0.1902,0.1902,0.0000,0.0648,0.0000,0.0000
236.6670,43.6230,0,4,p373_PAN,1.8550,7.5550,0.0890,0.0870,1,0,1,0,0,0,0.0000,-2532862.9427,-3851079.8135,4392964.9493,8,2.1496,7.6520,0.2946,0.0970,0.3045,7.3099,0.2662,-0.0829,-2.1112,-0.2592,-0.4719,0.0000,0.0000,0.0000,0.0000,0.4169,0.4169,0.0000,0.0550,0.0000,0.0000
236.4090,44.3820,0,4,p374_PAN,4.3350,7.8410,0.0910,0.0880,1,0,1,0,0,0,0.0000,-2517759.2547,-3790824.0513,4453638.1543,8,5.2014,8.0818,0.8664,0.2408,2.4332,7.8404,0.2673,0.6065,-3.0355,-0.8479,-0.7844,0.0000,0.0000,0.0000,0.0000,1.0726,1.0726,0.0000,-0.2883,0.0000,0.0000
236.5730,44.6890,0,4,p375_PAN,5.3140,7.4220,0.0830,0.1090,1,0,1,0,0,0,0.0000,-2493716.7260,-3778044.7301,4477957.8346,14,5.3917,7.5413,0.0777,0.1193,2.8076,6.7577,0.4030,-0.1718,-2.9871,-0.6118,-0.7400,0.0000,0.0000,0.0000,0.0000,0.7507,0.7507,0.0000,-0.0107,0.0000,0.0000
236.8980,44.9410,0,15,p376_PAN,4.5670,6.7850,0.0750,0.0770,1,0,1,0,0,0,0.0000,-2461466.4651,-3775593.8414,4497824.5238,14,4.7976,6.8118,0.2306,0.0268,2.8365,6.7446,0.4454,0.2783,-2.4065,-0.3455,-0.3757,0.0000,0.0000,0.0000,0.0000,0.3109,0.3109,0.0000,0.0648,0.0000,0.0000
237.1130,44.0520,0,4,p377_PAN,2.4710,6.2590,0.0800,0.0880,1,0,1,0,0,0,0.0000,-2484879.1508,-3842949.9672,4427353.9068,8,2.5012,6.5802,0.0302,0.3212,1.5583,6.3924,0.5110,-0.0121,-1.4540,-0.1758,-0.1794,0.0000,0.0000,0.0000,0.0000,0.1809,0.1809,0.0000,-0.0015,0.0000,0.0000
237.0690,44.5350,0,4,p378_PAN,3.8980,6.3660,0.0950,0.0740,1,0,1,0,0,0,0.0000,-2467451.9477,-3809578.8804,4465774.4123,8,3.8615,6.6526,-0.0365,0.2866,2.9248,6.4829,0.8167,0.0388,-1.7534,-0.2085,-0.2188,0.0000,0.0000,0.0000,0.0000,0.2428,0.2428,0.0000,-0.0240,0.0000,0.0000
237.4230,44.4970,0,4,p379_PAN,2.9840,5.4720,0.1510,0.1600,1,0,1,0,0,0,0.0000,-2445461.8495,-3827246.1243,4462763.1473,8,3.1143,5.7856,0.1303,0.3136,2.8436,5.7544,1.0663,0.0947,-1.3371,-0.1259,-0.1169,0.0000,0.0000,0.0000,0.0000,0.4181,0.4181,0.0000,-0.3012,0.0000,0.0000
238.2200,42.2600,0,3,p380_PAN,-2.2330,4.7520,0.0620,0.0850,1,0,1,0,0,0,0.0000,-2481907.6697,-4006028.9719,4282080.9961,2,-2.9459,5.5995,-0.7129,0.8475,-3.7863,5.5047,-0.2722,-0.0821,-0.5682,-0.0126,-0.0472,0.0000,0.0000,0.0000,0.0000,-0.0267,-0.0267,0.0000,0.0739,0.0000,0.0000
238.2300,43.1770,0,3,p382_PAN,-0.8110,4.6780,0.0710,0.0750,1,0,1,0,0,0,0.0000,-2444808.7032,-3947686.6136,4356952.1763,2,-0.8903,5.0656,-0.0793,0.3876,-1.7246,5.4886,-0.2016,0.4461,-0.6328,-0.0232,-0.0499,0.0000,0.0000,0.0000,0.0000,0.2198,0.2198,0.0000,-0.1699,0.0000,0.0000
237.7830,44.3420,0,11,p383_PAN,2.2000,4.9450,0.0840,0.0760,1,0,1,0,0,0,0.0000,-2427793.9837,-3852735.8203,4450460.0362,9,2.1823,5.0057,-0.0177,0.0607,1.4076,4.7688,0.2573,-0.1587,-1.0319,-0.0782,-0.0696,0.0000,0.0000,0.0000,0.0000,0.1826,0.1826,0.0000,-0.1130,0.0000,0.0000
237.5170,44.8410,0,11,p384_PAN,3.4470,5.7740,0.1460,0.1000,1,0,1,0,0,0,0.0000,-2424745.8990,-3808581.8928,4489951.3085,9,3.5112,5.5167,0.0642,-0.2573,2.7455,5.2897,0.6461,-0.0912,-1.4118,-0.1358,-0.1025,0.0000,0.0000,0.0000,0.0000,0.4414,0.4414,0.0000,-0.3389,0.0000,0.0000
238.0540,44.4350,0,11,p385_PAN,2.1510,4.2370,0.1320,0.2170,1,0,1,0,0,0,0.0000,-2405718.6389,-3858040.9489,4457845.8170,9,1.9671,4.4404,-0.1839,0.2034,1.6749,4.2380,0.6338,-0.1397,-0.9260,-0.0627,-0.0475,0.0000,0.0000,0.0000,0.0000,0.2027,0.2027,0.0000,-0.1552,0.0000,0.0000
238.4260,44.2970,0,11,p387_PAN,1.2040,3.9170,0.1450,0.1090,1,0,1,0,0,0,0.0000,-2386234.2539,-3882715.2208,4446882.0606,9,1.3240,3.9163,0.1200,-0.0007,1.3179,3.5093,0.7516,-0.3652,-0.7577,-0.0418,-0.0304,0.0000,0.0000,0.0000,0.0000,-0.9721,-0.9721,0.0000,1.0025,0.0000,0.0000
239.6220,42.4690,0,6,p388_PAN,-2.5660,3.9550,0.0690,0.1090,1,0,1,0,0,0,0.0000,-2375234.0024,-4052052.2934,4299242.6201,3,-2.6355,2.9888,-0.0695,-0.9662,-2.9728,2.4069,0.0130,-0.5872,-0.3503,0.0053,-0.0151,0.0000,0.0000,0.0000,0.0000,-0.0795,-0.0795,0.0000,0.0945,0.0000,0.0000
236.1420,45.0220,0,15,p395_PAN,7.4730,9.0350,0.0830,0.0790,1,0,1,0,0,0,0.0000,-2507523.3952,-3737503.7446,4504191.7857,14,7.5930,8.9740,0.1200,-0.0610,2.7740,6.7747,0.3670,-0.0701,-5.1859,-2.1291,-1.3836,0.0000,0.0000,0.0000,0.0000,1.3617,1.3617,0.0000,0.0218,0.0000,0.0000
236.1770,45.3100,0,15,p396_PAN,7.3200,9.0060,0.1050,0.0880,1,0,1,0,0,0,0.0000,-2492605.8376,-3720178.7723,4526757.9460,14,7.8522,8.8372,0.5322,-0.1688,2.7789,6.7733,0.3667,0.0452,-5.4400,-2.1091,-1.5151,0.0000,0.0000,0.0000,0.0000,1.4972,1.4972,0.0000,0.0180,0.0000,0.0000
236.2010,46.4220,0,9,p397_PAN,7.9900,8.3840,0.1260,0.0960,1,0,1,0,0,0,0.0000,-2441708.8336,-3647518.8212,4612809.9768,6,8.9618,7.8194,0.9718,-0.5646,2.6206,5.6078,0.2273,-0.2665,-6.5685,-1.9451,-1.8192,0.0000,0.0000,0.0000,0.0000,2.0536,2.0536,0.0000,-0.2344,0.0000,0.0000
236.0840,46.9260,0,9,p398_PAN,10.7920,8.7680,0.0990,0.0830,1,0,1,0,0,0,0.0000,-2426416.9468,-3608712.0885,4651241.6970,6,10.5885,8.0208,-0.2035,-0.7472,2.5884,5.6078,0.2005,0.1388,-8.2006,-2.5518,-1.6094,0.0000,0.0000,0.0000,0.0000,1.7815,1.7815,0.0000,-0.1721,0.0000,0.0000
236.3870,47.4340,0,8,p399_PAN,9.2500,6.4790,0.1410,0.0930,1,0,1,0,0,0,0.0000,-2384375.4575,-3587007.6027,4689614.2270,5,8.9091,6.5169,-0.3409,0.0379,2.7335,3.9610,0.5186,-0.5902,-6.6942,-1.9656,-2.2525,0.0000,0.0000,0.0000,0.0000,2.6594,2.6594,0.0000,-0.4069,0.0000,0.0000
236.1880,47.5130,0,8,p400_PAN,9.8960,6.6210,0.1520,0.1300,1,0,1,0,0,0,0.0000,-2393219.0058,-3573328.6939,4695548.5619,5,10.2289,6.9687,0.3329,0.3477,2.8228,4.1379,0.4733,-0.1765,-7.8794,-2.6543,-2.3244,0.0000,0.0000,0.0000,0.0000,2.5280,2.5280,0.0000,-0.2037,0.0000,0.0000
235.6940,47.7660,0,8,p402_PAN,13.8020,9.6850,0.0900,0.1480,1,0,1,0,0,0,0.0000,-2412229.0825,-3535400.2540,4714493.3301,5,13.6245,8.9603,-0.1775,-0.7247,3.1143,4.5768,0.5662,0.3011,-11.0765,-4.6845,-1.6142,0.0000,0.0000,0.0000,0.0000,1.7999,1.7999,0.0000,-0.1857,0.0000,0.0000
236.6100,45.1590,0,15,p404_PAN,5.4370,7.8970,0.0670,0.1050,1,0,1,0,0,0,0.0000,-2470977.4578,-3748857.5801,4514940.6097,14,5.8431,7.3340,0.4061,-0.5630,2.8141,6.7562,0.4359,0.1224,-3.4649,-0.7001,-0.8274,0.0000,0.0000,0.0000,0.0000,0.8193,0.8193,0.0000,0.0082,0.0000,0.0000
236.3560,45.6290,0,15,p405_PAN,7.1440,8.3690,0.0970,0.0860,1,0,1,0,0,0,0.0000,-2466969.6118,-3706908.6353,4551619.5761,14,7.4018,7.9855,0.2578,-0.3835,2.7960,6.7663,0.3191,0.2212,-4.9248,-1.4405,-1.3586,0.0000,0.0000,0.0000,0.0000,1.3463,1.3463,0.0000,0.0123,0.0000,0.0000
236.8480,45.1900,0,15,p406_PAN,5.0050,7.1900,0.0710,0.0840,1,0,1,0,0,0,0.0000,-2454047.6228,-3757043.6277,4517369.2461,14,5.0205,6.9169,0.0155,-0.2731,2.8342,6.7467,0.5434,0.2690,-2.7297,-0.4392,-0.4419,0.0000,0.0000,0.0000,0.0000,0.4901,0.4901,0.0000,-0.0482,0.0000,0.0000
236.0690,45.9550,0,15,p407_PAN,11.2620,8.6000,0.1480,0.0810,1,0,1,0,0,0,0.0000,-2471010.7534,-3672957.6336,4576880.9838,14,9.3077,9.0077,-1.9543,0.4077,2.7737,6.7775,0.4297,0.3263,-6.9637,-2.5565,-1.5867,0.0000,0.0000,0.0000,0.0000,1.6256,1.6256,0.0000,-0.0389,0.0000,0.0000
236.6230,46.2010,0,9,p408_PAN,6.4300,7.2680,0.0930,0.1040,1,0,1,0,0,0,0.0000,-2424548.2542,-3680234.2142,4595845.2273,6,6.7126,6.4984,0.2826,-0.7696,2.6608,5.6073,0.2280,-0.0327,-4.2797,-0.8584,-0.9570,0.0000,0.0000,0.0000,0.0000,1.0440,1.0440,0.0000,-0.0870,0.0000,0.0000
236.7610,45.8510,0,7,p409_PAN,5.7720,6.9900,0.0660,0.0910,1,0,1,0,0,0,0.0000,-2431020.5263,-3709475.4747,4568838.1854,4,6.1188,6.6841,0.3468,-0.3059,3.9413,6.5382,1.2548,0.4805,-3.4323,-0.6263,-0.5723,0.0000,0.0000,0.0000,0.0000,0.7011,0.7011,0.0000,-0.1287,0.0000,0.0000
236.9210,46.1110,0,9,p410_PAN,5.4930,7.0380,0.0890,0.1180,1,0,1,0,0,0,0.0000,-2409311.5490,-3698839.1446,4588916.8988,6,5.5380,6.0744,0.0450,-0.9636,2.6860,5.6068,0.2562,0.0427,-3.1082,-0.5104,-0.4220,0.0000,0.0000,0.0000,0.0000,0.4797,0.4797,0.0000,-0.0576,0.0000,0.0000
236.8430,45.5380,0,7,p411_PAN,5.1410,6.8670,0.1020,0.1060,1,0,1,0,0,0,0.0000,-2439323.8476,-3733790.4373,4544541.7369,4,5.5406,6.7930,0.3996,-0.0740,3.2314,6.4034,0.6517,0.1150,-2.9608,-0.5046,-0.4439,0.0000,0.0000,0.0000,0.0000,0.4109,0.4109,0.0000,0.0330,0.0000,0.0000
237.4110,45.2210,0,7,p412_PAN,4.0260,5.9650,0.1010,0.1000,1,0,1,0,0,0,0.0000,-2415695.4822,-3778915.9627,4519796.5602,4,3.8495,5.6856,-0.1765,-0.2794,2.5475,5.4694,0.3948,-0.0189,-1.6969,-0.1973,-0.1242,0.0000,0.0000,0.0000,0.0000,0.1362,0.1362,0.0000,-0.0120,0.0000,0.0000
237.3070,45.8350,0,7,p414_PAN,4.7630,5.7820,0.0830,0.0600,1,0,1,0,0,0,0.0000,-2396250.2886,-3733546.6876,4567599.4951,4,4.8956,5.5241,0.1326,-0.2579,3.9463,5.6405,1.1565,0.4074,-2.1059,-0.2910,-0.1570,0.0000,0.0000,0.0000,0.0000,0.2810,0.2810,0.0000,-0.1239,0.0000,0.0000
236.2700,46.6560,0,9,p415_PAN,7.7910,7.5800,0.1540,0.1080,1,0,1,0,0,0,0.0000,-2426833.2008,-3634758.5267,4630697.8448,6,8.8712,7.3028,1.0802,-0.2772,2.6145,5.6077,0.1993,0.0431,-6.4561,-1.7382,-1.9127,0.0000,0.0000,0.0000,0.0000,2.0393,2.0393,0.0000,-0.1266,0.0000,0.0000
236.7020,46.5750,0,9,p417_PAN,6.1030,6.5260,0.0740,0.0820,1,0,1,0,0,0,0.0000,-2402950.6309,-3658421.0108,4624514.6161,6,6.6989,6.1632,0.5959,-0.3628,2.6490,5.6072,0.2935,0.1987,-4.3434,-0.7547,-1.0373,0.0000,0.0000,0.0000,0.0000,1.1059,1.1059,0.0000,-0.0687,0.0000,0.0000
236.5920,47.2370,0,9,p418_PAN,7.2150,6.4640,0.0790,0.1010,1,0,1,0,0,0,0.0000,-2380390.1364,-3608954.5550,4674777.1370,6,8.0344,6.4381,0.8194,-0.0259,2.6100,5.6074,0.1753,0.4691,-5.5996,-1.2998,-1.7939,0.0000,0.0000,0.0000,0.0000,1.4668,1.4668,0.0000,0.3271,0.0000,0.0000
236.6330,47.4090,0,10,p419_PAN,7.3500,6.1140,0.0840,0.1230,1,0,1,0,0,0,0.0000,-2370077.8756,-3598920.4461,4687734.4152,7,7.8530,5.9327,0.5030,-0.1813,1.3092,4.1644,-1.0594,-0.3797,-5.4843,-1.3886,-1.6524,0.0000,0.0000,0.0000,0.0000,1.2439,1.2439,0.0000,0.4085,0.0000,0.0000
237.1340,46.5890,0,9,p420_PAN,4.9220,5.4240,0.0960,0.0990,1,0,1,0,0,0,0.0000,-2374685.4603,-3675485.4427,4625583.9833,6,5.1358,5.6401,0.2138,0.2161,2.6790,5.6064,0.4038,0.3980,-2.8606,-0.4316,-0.3099,0.0000,0.0000,0.0000,0.0000,0.4037,0.4037,0.0000,-0.0939,0.0000,0.0000
237.5710,46.5320,0,9,p421_PAN,4.4220,5.1860,0.0860,0.1080,1,0,1,0,0,0,0.0000,-2349049.9293,-3697372.5699,4621228.4049,6,4.1338,5.0992,-0.2882,-0.0868,2.7127,5.6053,0.5899,0.8008,-2.0110,-0.2948,-0.1051,0.0000,0.0000,0.0000,0.0000,0.3794,0.3794,0.0000,-0.2744,0.0000,0.0000
237.0590,47.2880,0,16,p423_PAN,6.0540,5.0320,0.0740,0.1130,1,0,1,0,0,0,0.0000,-2348632.2970,-3624742.7158,4678623.5197,15,6.1306,4.9699,0.0766,-0.0621,2.9711,4.0685,0.4036,-0.1638,-3.5631,-0.7376,-0.5356,0.0000,0.0000,0.0000,0.0000,0.7375,0.7375,0.0000,-0.2019,0.0000,0.0000
237.1250,47.8230,0,8,p424_PAN,6.0610,4.0030,0.1260,0.1140,1,0,1,0,0,0,0.0000,-2320639.9830,-3590597.5656,4718748.8440,5,5.9798,4.0550,-0.0812,0.0520,3.2591,3.3047,0.3682,0.2585,-3.0889,-1.0088,-0.3367,0.0000,0.0000,0.0000,0.0000,0.6349,0.6349,0.0000,-0.2982,0.0000,0.0000
237.1550,46.4530,0,9,p425_PAN,5.2530,5.8070,0.1180,0.0760,1,0,1,0,0,0,0.0000,-2379286.4093,-3685569.5311,4615184.1649,6,5.0214,5.6809,-0.2316,-0.1261,2.6868,5.6064,0.3836,0.3346,-2.7182,-0.4092,-0.2743,0.0000,0.0000,0.0000,0.0000,0.3456,0.3456,0.0000,-0.0714,0.0000,0.0000
237.4850,47.8030,0,8,p426_PAN,5.4340,3.7500,0.1020,0.0970,1,0,1,0,0,0,0.0000,-2298919.1730,-3606496.3496,4717256.2129,5,5.2646,3.8413,-0.1694,0.0913,3.2485,2.9843,0.2826,-0.1393,-2.2986,-0.7178,-0.1285,0.0000,0.0000,0.0000,0.0000,0.2306,0.2306,0.0000,-0.1021,0.0000,0.0000
237.6590,45.4300,0,7,p427_PAN,3.5580,5.2090,0.0760,0.0580,1,0,1,0,0,0,0.0000,-2390480.3831,-3775381.9345,4536126.7893,4,3.8945,5.2955,0.3365,0.0865,3.0424,5.0615,0.6613,-0.0632,-1.5134,-0.1708,-0.0746,0.0000,0.0000,0.0000,0.0000,0.1369,0.1369,0.0000,-0.0622,0.0000,0.0000
238.1230,45.6760,0,7,p429_PAN,3.1070,4.5310,0.0760,0.0680,1,0,1,0,0,0,0.0000,-2349521.1541,-3778043.2698,4555270.6681,4,3.8010,3.9245,0.6940,-0.6065,3.6329,4.2979,1.0620,0.5087,-1.2301,-0.1353,-0.0240,0.0000,0.0000,0.0000,0.0000,-0.4466,-0.4466,0.0000,0.4706,0.0000,0.0000
236.5640,47.0040,0,9,p430_PAN,7.0440,6.3620,0.1610,0.1470,1,0,1,0,0,0,0.0000,-2392608.6938,-3623625.2916,4657157.3782,6,7.8490,6.3686,0.8050,0.0066,2.6190,5.6074,0.2426,0.4113,-5.4725,-1.1725,-1.7839,0.0000,0.0000,0.0000,0.0000,1.8916,1.8916,0.0000,-0.1077,0.0000,0.0000
238.0120,46.5720,0,16,p431_PAN,4.0680,4.4520,0.1140,0.0980,1,0,1,0,0,0,0.0000,-2318812.6831,-3712606.0205,4624285.4300,15,3.9990,4.4323,-0.0690,-0.0197,2.3656,3.4442,-0.0940,-0.7553,-1.5394,-0.2328,-0.0299,0.0000,0.0000,0.0000,0.0000,0.4879,0.4879,0.0000,-0.4580,0.0000,0.0000
238.3170,46.6230,0,16,p432_PAN,3.9090,3.3750,0.1010,0.0800,1,0,1,0,0,0,0.0000,-2296853.9804,-3721392.7988,4628179.8681,15,3.6634,3.7577,-0.2456,0.3827,2.4250,3.2442,0.0775,-0.3057,-1.3159,-0.2078,-0.0031,0.0000,0.0000,0.0000,0.0000,0.1556,0.1556,0.0000,-0.1525,0.0000,0.0000
238.9240,47.7400,0,13,p434_PAN,3.0230,2.0900,0.0640,0.0800,1,0,1,0,0,0,0.0000,-2210301.4935,-3667531.1812,4712550.6686,12,3.6343,2.1314,0.6113,0.0414,3.4080,2.1890,0.7899,0.3520,-1.0161,-0.2944,0.0364,0.0000,0.0000,0.0000,0.0000,0.1928,0.1928,0.0000,-0.2292,0.0000,0.0000
236.4970,48.0600,0,8,p435_PAN,7.2250,5.0070,0.1200,0.1150,1,0,1,0,0,0,0.0000,-2349061.0023,-3548640.3148,4736392.6975,16,7.4280,5.1278,0.2030,0.1208,0.8973,0.6646,-1.4976,-2.2897,-5.0331,-2.1734,-1.3090,0.0000,0.0000,0.0000,0.0000,2.4126,2.4126,0.0000,-1.1036,0.0000,0.0000
236.8660,48.0450,0,8,p436_PAN,6.2580,4.6650,0.0810,0.0980,1,0,1,0,0,0,0.0000,-2326835.9553,-3564733.4265,4735278.3970,16,6.0590,4.2611,-0.1990,-0.4039,0.8705,0.1857,-1.6377,-2.6587,-3.5509,-1.4167,-0.5127,0.0000,0.0000,0.0000,0.0000,1.4052,1.4052,0.0000,-0.8925,0.0000,0.0000
237.3300,48.4190,0,14,p438_PAN,5.5090,3.1570,0.1280,0.0640,1,0,1,0,0,0,0.0000,-2281157.7219,-3557364.0828,4762964.5907,13,5.0838,3.9305,-0.4252,0.7735,6.3023,4.9113,3.2192,1.9081,-2.0006,-0.9274,-0.0859,0.0000,0.0000,0.0000,0.0000,0.4412,0.4412,0.0000,-0.3553,0.0000,0.0000
237.0910,48.7080,0,14,p439_PAN,5.4550,3.5400,0.0900,0.0770,1,0,1,0,0,0,0.0000,-2282895.0362,-3527603.3238,4784219.5294,13,5.4414,3.7239,-0.0136,0.1839,5.9403,4.7405,2.4251,2.0779,-1.9262,-1.0613,-0.0939,0.0000,0.0000,0.0000,0.0000,0.7169,0.7169,0.0000,-0.6230,0.0000,0.0000
237.5070,48.8560,0,14,p440_PAN,4.4850,2.5220,0.0630,0.1110,1,0,1,0,0,0,0.0000,-2250576.4506,-3533650.0142,4795057.3175,11,3.5785,3.1933,-0.9065,0.6713,0.1580,0.0961,-2.0016,-2.3229,-1.4189,-0.7743,-0.0101,0.0000,0.0000,0.0000,0.0000,1.8546,1.8546,0.0000,-1.8445,0.0000,0.0000
237.8600,48.9160,0,14,p441_PAN,3.9000,2.1800,0.0800,0.0920,1,0,1,0,0,0,0.0000,-2226090.4730,-3543194.8955,4799441.9050,11,2.3580,2.0004,-1.5420,-0.1796,0.1614,0.0837,-1.0184,-1.2914,-1.1781,-0.6254,0.0178,0.0000,0.0000,0.0000,0.0000,0.4704,0.4704,0.0000,-0.4882,0.0000,0.0000
238.3840,48.2600,0,14,p442_PAN,3.3460,2.5950,0.0820,0.1110,1,0,1,0,0,0,0.0000,-2222255.4225,-3609965.4331,4751218.9878,11,2.8180,2.0902,-0.5280,-0.5048,0.1290,0.0653,-1.4953,-1.5692,-1.1937,-0.4557,0.0271,0.0000,0.0000,0.0000,0.0000,1.0751,1.0751,0.0000,-1.1021,0.0000,0.0000
238.7140,48.5100,0,14,p443_PAN,3.3060,2.3030,0.0970,0.1680,1,0,1,0,0,0,0.0000,-2190639.9723,-3604953.8235,4769670.4188,11,1.8122,1.3143,-1.4938,-0.9887,0.1418,0.0537,-0.7047,-0.8599,-0.9657,-0.4006,0.0398,0.0000,0.0000,0.0000,0.0000,0.2233,0.2233,0.0000,-0.2631,0.0000,0.0000
238.9320,48.7300,0,14,p444_PAN,3.0180,1.6580,0.0840,0.1070,1,0,1,0,0,0,0.0000,-2167440.7871,-3597548.9536,4785832.5736,11,1.3621,0.9839,-1.6559,-0.6741,0.1530,0.0461,-0.3744,-0.5679,-0.8347,-0.3699,0.0438,0.0000,0.0000,0.0000,0.0000,0.0853,0.0853,0.0000,-0.1290,0.0000,0.0000
239.3280,45.5900,0,6,p445_PAN,1.5750,2.6550,0.0700,0.0570,1,0,1,0,0,0,0.0000,-2273035.9169,-3832493.9443,4548587.6213,3,1.2950,2.7827,-0.2800,0.1277,0.4328,2.6337,-0.1368,-0.0774,-0.7255,-0.0716,0.0146,0.0000,0.0000,0.0000,0.0000,0.0029,0.0029,0.0000,-0.0175,0.0000,0.0000
239.9950,45.9110,0,6,p448_PAN,2.0530,1.5190,0.1030,0.0570,1,0,1,0,0,0,0.0000,-2215488.9395,-3836566.1721,4573480.1002,3,1.4520,2.1188,-0.6010,0.5998,0.8039,2.1191,-0.0378,0.0738,-0.6103,-0.0735,0.0253,0.0000,0.0000,0.0000,0.0000,0.0194,0.0194,0.0000,-0.0447,0.0000,0.0000
240.3690,46.2600,0,16,p449_PAN,1.5580,1.5340,0.0520,0.0640,1,0,1,0,0,0,0.0000,-2176584.7371,-3826659.7957,4600380.9790,15,1.7872,1.5722,0.2292,0.0382,2.1610,1.8965,0.9407,0.4077,-0.5669,-0.0834,0.0310,0.0000,0.0000,0.0000,0.0000,-0.2107,-0.2107,0.0000,0.1798,0.0000,0.0000
240.4560,45.9530,0,6,p450_PAN,1.3090,1.7600,0.0480,0.0600,1,0,1,0,0,0,0.0000,-2182894.9773,-3851349.8828,4576726.4567,3,1.3312,1.7217,0.0222,-0.0383,0.8611,1.7633,0.0627,0.1087,-0.5328,-0.0671,0.0274,0.0000,0.0000,0.0000,0.0000,0.0267,0.0267,0.0000,-0.0540,0.0000,0.0000
240.9590,46.7930,0,14,p451_PAN,1.5550,1.0990,0.0420,0.0520,1,0,1,0,0,0,0.0000,-2116198.5946,-3811288.8218,4641134.8274,11,1.1511,0.7761,-0.4039,-0.3229,0.0560,-0.0251,-0.5986,-0.7055,-0.4965,-0.0957,0.0361,0.0000,0.0000,0.0000,0.0000,0.2172,0.2172,0.0000,-0.2533,0.0000,0.0000
240.5130,47.4040,0,14,p452_PAN,1.7590,2.0590,0.0560,0.1820,1,0,1,0,0,0,0.0000,-2121318.6605,-3751403.7827,4687358.3458,11,1.0443,0.5618,-0.7147,-1.4972,0.0868,-0.0095,-0.3825,-0.4285,-0.5749,-0.1427,0.0418,0.0000,0.0000,0.0000,0.0000,0.0537,0.0537,0.0000,-0.0955,0.0000,0.0000
241.2550,47.7590,0,14,p453_PAN,1.5770,0.7430,0.0490,0.0700,1,0,1,0,0,0,0.0000,-2058553.5873,-3753024.3331,4713970.4013,11,0.7132,0.3503,-0.8638,-0.3927,0.1044,-0.0355,-0.1497,-0.2561,-0.4591,-0.1298,0.0408,0.0000,0.0000,0.0000,0.0000,0.0013,0.0013,0.0000,-0.0421,0.0000,0.0000
241.0070,47.9540,0,14,p454_PAN,1.7000,0.9620,0.0510,0.0700,1,0,1,0,0,0,0.0000,-2066990.5808,-3730024.3678,4728511.3530,11,0.7588,0.3866,-0.9412,-0.5754,0.1143,-0.0268,-0.1583,-0.2655,-0.4862,-0.1479,0.0425,0.0000,0.0000,0.0000,0.0000,0.0052,0.0052,0.0000,-0.0477,0.0000,0.0000
238.4930,41.7120,0,3,p672_PAN,-4.3030,4.9690,0.0740,0.0870,1,0,1,0,0,0,0.0000,-2484082.3603,-4052542.5542,4236813.0872,2,-4.3257,5.2703,-0.0227,0.3013,-5.0007,5.0628,-0.1869,-0.2171,-0.4881,0.0096,-0.0331,0.0000,0.0000,0.0000,0.0000,-0.0856,-0.0856,0.0000,0.1187,0.0000,0.0000
238.3870,41.5860,0,3,p673_PAN,-2.6060,5.6130,0.1210,0.1030,1,0,1,0,0,0,0.0000,-2496453.3807,-4055864.7880,4226349.8200,2,-4.6092,5.3959,-2.0032,-0.2171,-5.2901,5.2344,-0.1685,-0.1753,-0.5124,0.0138,-0.0353,0.0000,0.0000,0.0000,0.0000,-0.1177,-0.1177,0.0000,0.1530,0.0000,0.0000
238.5100,41.6160,0,3,p674_PAN,-5.4480,4.6520,0.0730,0.0740,1,0,1,0,0,0,0.0000,-2486584.4321,-4059327.1361,4228842.9298,2,-4.5603,5.2404,0.8877,0.5884,-5.2154,5.0353,-0.1740,-0.2195,-0.4811,0.0143,-0.0321,0.0000,0.0000,0.0000,0.0000,-0.0964,-0.0964,0.0000,0.1284,0.0000,0.0000
240.2540,37.0890,0,1,p725_PAN,-9.8530,9.8120,0.0610,0.0610,1,0,1,0,0,0,0.0000,-2520128.9976,-4410025.8546,3839918.3922,1,-10.1420,8.7633,-0.2890,-1.0487,-10.0428,7.9226,0.1377,-0.8605,-0.0384,0.0198,-0.0188,0.0000,0.0000,0.0000,0.0000,-0.0526,-0.0526,0.0000,0.0713,0.0000,0.0000
236.1090,43.3920,0,4,p732_PAN,2.4080,8.7990,0.0970,0.0970,1,0,1,0,0,0,0.0000,-2580102.7476,-3840901.0778,4374345.6864,8,3.1432,9.2338,0.7352,0.4348,-0.4033,8.4571,0.2267,-0.1143,-3.7732,-0.6624,-0.9597,0.0000,0.0000,0.0000,0.0000,0.9042,0.9042,0.0000,0.0555,0.0000,0.0000
235.5870,42.4420,0,4,p733_PAN,4.0750,12.1810,0.0730,0.0910,1,0,1,0,0,0,0.0000,-2655617.1423,-3876543.9130,4297028.7811,8,3.1461,11.1745,-0.9289,-1.0065,-3.1518,9.5297,-1.3097,-2.0466,-4.9881,0.4018,0.0627,0.0000,0.0000,0.0000,0.0000,0.0558,0.0558,0.0000,-0.1185,0.0000,0.0000
235.7070,42.0770,0,4,p734_PAN,1.5950,11.0800,0.1110,0.0970,1,0,1,0,0,0,0.0000,-2662861.6914,-3904633.9039,4267007.5171,8,3.5032,11.6126,1.9082,0.5326,-4.1728,9.2832,-2.5326,-3.0730,-5.1434,0.7436,0.2203,0.0000,0.0000,0.0000,0.0000,0.4144,0.4144,0.0000,-0.6347,0.0000,0.0000
236.7690,42.6920,0,4,p735_PAN,-0.2840,7.7770,0.1040,0.0870,1,0,1,0,0,0,0.0000,-2564786.0331,-3914779.4042,4317490.7391,8,-0.7082,7.6851,-0.4242,-0.0919,-2.3271,7.1001,-0.1247,-0.5096,-1.4942,-0.0754,-0.3975,0.0000,0.0000,0.0000,0.0000,0.2784,0.2784,0.0000,0.1191,0.0000,0.0000
238.1200,42.5800,0,3,p736_PAN,-1.9110,5.6080,0.0720,0.0880,1,0,1,0,0,0,0.0000,-2476226.1143,-3981320.6986,4308333.9224,2,-2.2580,5.6225,-0.3470,0.0145,-3.0737,5.6666,-0.2073,0.0628,-0.6084,-0.0187,-0.0547,0.0000,0.0000,0.0000,0.0000,-0.0137,-0.0137,0.0000,0.0685,0.0000,0.0000
237.3900,42.7270,0,4,p737_PAN,-1.0310,6.6540,0.1120,0.1030,1,0,1,0,0,0,0.0000,-2520784.0881,-3940124.9660,4320348.8627,8,-1.2968,6.2901,-0.2658,-0.3639,-2.1803,5.8223,0.0364,-0.4249,-0.9199,-0.0429,-0.1295,0.0000,0.0000,0.0000,0.0000,0.0498,0.0498,0.0000,0.0797,0.0000,0.0000
237.5800,41.8310,0,4,p784_PAN,-2.7470,6.3190,0.1170,0.0800,1,0,1,0,0,0,0.0000,-2543617.7825,-4005009.4727,4246676.2488,8,-3.6032,6.1918,-0.8562,-0.1272,-4.7093,5.4312,-0.2696,-0.7255,-0.8365,-0.0351,-0.0873,0.0000,0.0000,0.0000,0.0000,-0.0298,-0.0298,0.0000,0.1171,0.0000,0.0000
236.0190,41.8450,0,4,p786_PAN,0.3360,11.0710,0.0940,0.1690,1,0,1,0,0,0,0.0000,-2651195.1143,-3933371.3524,4247835.4172,8,0.7201,10.0215,0.3841,-1.0495,-4.7975,8.6421,-1.4806,-2.0413,-4.0370,0.6619,-0.4029,0.0000,0.0000,0.0000,0.0000,0.5679,0.5679,0.0000,-0.1649,0.0000,0.0000
236.4270,40.4790,0,4,p793_PAN,-7.0290,9.5580,0.1540,0.1240,1,0,1,0,0,0,0.0000,-2678372.1880,-4035398.5667,4133549.5996,8,-4.6502,12.2876,2.3788,2.7296,-8.6287,7.8034,-0.8451,-5.5562,-3.1333,1.0720,-0.7920,0.0000,0.0000,0.0000,0.0000,2.5286,2.5286,0.0000,-1.7366,0.0000,0.0000
237.0360,39.8460,0,1,p794_PAN,-10.8120,6.4980,0.1570,0.6660,1,0,1,0,0,0,0.0000,-2660015.9540,-4101705.2139,4079789.3235,1,-11.1362,9.1535,-0.3242,2.6555,-10.7858,7.1197,0.8358,-2.4026,-0.4854,0.3687,-0.1313,0.0000,0.0000,0.0000,0.0000,0.0978,0.0978,0.0000,0.0335,0.0000,0.0000
241.2540,47.7590,0,14,p813_PAN,1.6330,0.7690,0.0800,0.1220,1,0,1,0,0,0,0.0000,-2058619.0896,-3752988.4040,4713970.4013,11,0.7134,0.3505,-0.9196,-0.4185,0.1044,-0.0355,-0.1498,-0.2561,-0.4592,-0.1298,0.0408,0.0000,0.0000,0.0000,0.0000,0.0013,0.0013,0.0000,-0.0422,0.0000,0.0000
241.2550,47.7590,0,14,p814_PAN,1.5490,0.6790,0.0830,0.1190,1,0,1,0,0,0,0.0000,-2058553.5873,-3753024.3331,4713970.4013,11,0.7132,0.3503,-0.8358,-0.3287,0.1044,-0.0355,-0.1497,-0.2561,-0.4591,-0.1298,0.0408,0.0000,0.0000,0.0000,0.0000,0.0013,0.0013,0.0000,-0.0421,0.0000,0.0000
235.4430,47.9370,0,8,p816_PAN,15.6570,10.0360,0.0870,0.1050,1,0,1,0,0,0,0.0000,-2419701.7519,-3513195.3403,4727245.8572,5,14.7681,9.5363,-0.8889,-0.4997,3.3147,4.7997,0.7503,0.5653,-12.2036,-5.3020,-0.9323,0.0000,0.0000,0.0000,0.0000,1.2057,1.2057,0.0000,-0.2733,0.0000,0.0000
236.8430,45.5380,0,7,p823_PAN,6.0090,6.9210,0.3780,0.4420,1,0,1,0,0,0,0.0000,-2439323.8476,-3733790.4373,4544541.7369,4,5.5406,6.7930,-0.4684,-0.1280,3.2314,6.4034,0.6517,0.1150,-2.9608,-0.5046,-0.4439,0.0000,0.0000,0.0000,0.0000,0.4109,0.4109,0.0000,0.0330,0.0000,0.0000
235.7950,47.2130,0,8,pabh_PAN,14.7840,11.4620,0.0430,0.0500,1,0,1,0,0,0,0.0000,-2431460.3514,-3577113.7418,4672965.7927,5,13.3947,9.3360,-1.3893,-2.1260,2.4225,4.4871,0.3417,-0.6291,-11.3139,-4.2199,-0.3887,0.0000,0.0000,0.0000,0.0000,0.7764,0.7764,0.0000,-0.3878,0.0000,0.0000
237.4290,47.1720,0,16,pcol_PAN,5.3220,4.4650,0.1270,0.0940,1,0,1,0,0,0,0.0000,-2330270.4879,-3647808.8787,4669869.5163,15,5.1354,4.3452,-0.1866,-0.1198,2.8844,3.8262,0.2536,-0.0373,-2.5047,-0.4816,-0.1908,0.0000,0.0000,0.0000,0.0000,0.3895,0.3895,0.0000,-0.1987,0.0000,0.0000
236.6720,44.9190,0,15,pcs2_PAN,5.2860,7.2910,0.1560,0.2050,1,0,1,0,0,0,0.0000,-2477288.6043,-3767298.1103,4496093.5912,14,5.4385,7.1834,0.1525,-0.1076,2.8175,6.7538,0.3813,0.1091,-3.0022,-0.5388,-0.6678,0.0000,0.0000,0.0000,0.0000,0.6359,0.6359,0.0000,0.0320,0.0000,0.0000
236.6720,44.9190,0,15,pcso_PAN,5.1370,6.9370,0.1780,0.2110,1,0,1,0,0,0,0.0000,-2477288.6043,-3767298.1103,4496093.5912,14,5.4385,7.1834,0.3015,0.2464,2.8175,6.7538,0.3813,0.1091,-3.0022,-0.5388,-0.6678,0.0000,0.0000,0.0000,0.0000,0.6359,0.6359,0.0000,0.0320,0.0000,0.0000
237.3910,45.5970,0,7,pdxa_PAN,4.4240,5.2620,0.0960,0.0910,1,0,1,0,0,0,0.0000,-2400978.1523,-3753005.9500,4549131.9736,4,4.6477,5.7394,0.2237,0.4774,3.4072,5.5023,0.6404,0.0065,-1.8809,-0.2436,-0.1281,0.0000,0.0000,0.0000,0.0000,0.1503,0.1503,0.0000,-0.0222,0.0000,0.0000
237.7180,47.8990,0,8,pfld_PAN,4.8880,3.5080,0.0880,0.0940,1,0,1,0,0,0,0.0000,-2280009.4244,-3609128.1151,4724415.5972,5,4.8127,3.7604,-0.0753,0.2524,3.3784,2.7768,0.4677,-0.3591,-1.9019,-0.6245,-0.0551,0.0000,0.0000,0.0000,0.0000,-0.1399,-0.1399,0.0000,0.1950,0.0000,0.0000
251.8810,34.3020,0,14,pie1_PAN,-0.6300,0.5780,0.0510,0.0580,1,0,1,0,0,0,0.0000,-1635818.9812,-4999179.9903,3588404.5406,11,-0.7540,-0.3036,-0.1240,-0.8816,-0.5915,-0.4060,0.1818,-0.1064,-0.0193,0.0039,-0.0015,0.0000,0.0000,0.0000,0.0000,-0.0043,-0.0043,0.0000,0.0057,0.0000,0.0000
238.3230,46.6000,0,16,pkwd_PAN,3.4860,2.5730,0.1060,0.1670,1,0,1,0,0,0,0.0000,-2297439.7031,-3723214.0931,4626424.0067,15,3.6474,3.7708,0.1614,1.1978,2.4043,3.2403,0.0646,-0.3260,-1.3077,-0.2045,-0.0029,0.0000,0.0000,0.0000,0.0000,0.1644,0.1644,0.0000,-0.1615,0.0000,0.0000
238.3130,43.9910,0,11,pmar_PAN,1.5990,2.8130,0.1220,0.1190,1,0,1,0,0,0,0.0000,-2406328.0870,-3898155.2529,4422479.1942,9,0.8492,4.1208,-0.7498,1.3078,0.4821,3.7306,0.3662,-0.3522,-0.7333,-0.0379,-0.0393,0.0000,0.0000,0.0000,0.0000,0.1030,0.1030,0.0000,-0.0637,0.0000,0.0000
236.5850,48.1010,0,8,pncl_PAN,6.5260,5.2320,0.3030,0.3800,1,0,1,0,0,0,0.0000,-2341740.8332,-3549414.0631,4739436.7957,16,6.8232,4.8792,0.2972,-0.3528,0.9769,0.5504,-1.3594,-2.3699,-4.4869,-1.9589,-0.9792,0.0000,0.0000,0.0000,0.0000,1.8363,1.8363,0.0000,-0.8572,0.0000,0.0000
245.7070,50.8710,0,14,prds_PAN,1.4590,-1.0050,0.0610,0.0840,1,0,1,0,0,0,0.0000,-1653138.1795,-3662488.1956,4939399.3398,11,0.4013,-0.0387,-1.0577,0.9663,0.2537,-0.1916,-0.0064,-0.0818,-0.1412,-0.0712,0.0200,0.0000,0.0000,0.0000,0.0000,0.0163,0.0163,0.0000,-0.0363,0.0000,0.0000
237.3910,47.3910,0,10,prdy_PAN,4.6790,4.1200,0.0930,0.0730,1,0,1,0,0,0,0.0000,-2323053.1222,-3631200.1345,4686380.3981,7,5.2677,3.9253,0.5887,-0.1947,1.3149,3.2798,-1.3382,-0.0511,-2.6147,-0.5945,-0.2106,0.0000,0.0000,0.0000,0.0000,-0.3943,-0.3943,0.0000,0.6049,0.0000,0.0000
237.6800,47.4510,0,10,psea_PAN,5.3080,4.2130,0.2590,0.1770,1,0,1,0,0,0,0.0000,-2302082.7889,-3638722.1167,4690891.9890,7,4.6330,3.8971,-0.6750,-0.3159,1.4284,2.9424,-1.1251,-0.4535,-2.0795,-0.5011,-0.0906,0.0000,0.0000,0.0000,0.0000,0.2420,0.2420,0.0000,-0.1513,0.0000,0.0000
237.5100,42.7550,0,4,pspt_PAN,-0.7100,6.3770,0.0960,0.0810,1,0,1,0,0,0,0.0000,-2511391.9861,-3943614.4994,4322634.2008,8,-1.3363,6.0410,-0.6263,-0.3360,-2.0928,5.5753,0.0974,-0.4272,-0.8539,-0.0385,-0.1099,0.0000,0.0000,0.0000,0.0000,0.0517,0.0517,0.0000,0.0582,0.0000,0.0000
236.5060,48.1170,0,8,ptaa_PAN,6.6690,4.4890,0.1300,0.1390,1,0,1,0,0,0,0.0000,-2345902.1089,-3545078.0112,4740624.0782,16,7.0972,5.1178,0.4282,0.6288,1.0070,0.6529,-1.3046,-2.3195,-4.7856,-2.1454,-1.1678,0.0000,0.0000,0.0000,0.0000,2.0141,2.0141,0.0000,-0.8462,0.0000,0.0000
235.1390,49.2560,0,8,ptal_PAN,7.3840,5.0870,0.1310,0.0710,1,0,1,0,0,0,0.0000,-2375464.0905,-3410092.1741,4824188.3442,13,6.8939,5.4726,-0.4901,0.3856,5.1776,3.3432,1.3454,0.4690,-3.0617,-2.5984,-0.8561,0.0000,0.0000,0.0000,0.0000,1.2103,1.2103,0.0000,-0.3542,0.0000,0.0000
235.5870,48.5440,0,8,ptrf_PAN,8.7620,5.9570,0.1220,0.1100,1,0,1,0,0,0,0.0000,-2382426.1646,-3477752.6848,4772172.8065,16,9.1846,7.0332,0.4226,1.0762,1.8136,1.8453,-1.4424,-1.3559,-5.9287,-3.8320,-2.3420,0.0000,0.0000,0.0000,0.0000,2.2416,2.2416,0.0000,0.1004,0.0000,0.0000
235.7450,41.7830,0,4,ptsg_PAN,2.6380,11.6040,0.0570,0.0780,1,0,1,0,0,0,0.0000,-2672560.6611,-3924444.8535,4242700.0326,8,3.3797,12.0653,0.7417,0.4613,-5.0017,9.2051,-2.6234,-4.0053,-5.7580,1.1451,0.2412,0.0000,0.0000,0.0000,0.0000,0.9990,0.9990,0.0000,-1.2403,0.0000,0.0000
237.9920,47.5000,0,10,pupu_PAN,3.8130,3.4430,0.1770,0.1320,1,0,1,0,0,0,0.0000,-2280107.1702,-3647800.7745,4694572.6391,7,4.0876,3.5804,0.2746,0.1374,1.5228,2.5780,-0.8831,-0.5787,-1.6818,-0.4236,-0.0266,0.0000,0.0000,0.0000,0.0000,0.0670,0.0670,0.0000,-0.0404,0.0000,0.0000
238.8630,36.1610,0,41,qcy2_PAN,-28.1700,34.7670,0.0760,0.1460,1,0,1,0,0,0,0.0000,-2658254.0461,-4400211.0025,3757150.5189,42,-27.9987,34.5103,0.1713,-0.2567,-28.3170,34.3014,-0.3008,-0.2224,-0.0175,0.0134,-0.0223,0.0000,0.0000,0.0000,0.0000,0.0993,0.0993,0.0000,-0.0769,0.0000,0.0000
238.8630,36.1610,0,41,qcyn_PAN,-30.2610,34.7060,0.3860,0.3920,1,0,1,0,0,0,0.0000,-2658254.0461,-4400211.0025,3757150.5189,42,-27.9987,34.5103,2.2623,-0.1957,-28.3170,34.3014,-0.3008,-0.2224,-0.0175,0.0134,-0.0223,0.0000,0.0000,0.0000,0.0000,0.0993,0.0993,0.0000,-0.0769,0.0000,0.0000
234.6690,50.1320,0,14,quad_PAN,4.3820,3.8700,0.0590,0.0860,1,0,1,0,0,0,0.0000,-2360423.9187,-3329924.5585,4887162.0416,11,2.9462,3.2154,-1.4358,-0.6546,0.2164,0.1955,-1.3528,-1.6933,-1.3770,-1.3265,-0.1982,0.0000,0.0000,0.0000,0.0000,1.8125,1.8125,0.0000,-1.6142,0.0000,0.0000
239.0560,39.9750,0,1,quin_PAN,-8.2720,7.1040,0.0760,0.0770,1,0,1,0,0,0,0.0000,-2509055.0716,-4185028.7283,4090785.8234,1,-8.9367,7.5147,-0.6647,0.4107,-10.6410,7.6265,-1.4839,0.0433,-0.2205,0.0684,-0.0234,0.0000,0.0000,0.0000,0.0000,-0.4197,-0.4197,0.0000,0.4431,0.0000,0.0000
238.8520,44.2600,0,6,redm_PAN,0.4690,3.3860,0.0440,0.0650,1,0,1,0,0,0,0.0000,-2358785.0594,-3902806.4952,4443938.1146,3,0.1440,3.3839,-0.3250,-0.0021,-1.0390,3.0006,-0.5440,-0.3535,-0.6390,-0.0297,-0.0169,0.0000,0.0000,0.0000,0.0000,0.0958,0.0958,0.0000,-0.0789,0.0000,0.0000
235.8920,43.7010,0,4,reed_PAN,5.0160,9.9400,0.1500,0.1280,1,0,1,0,0,0,0.0000,-2581364.5910,-3811513.1040,4399235.8619,8,5.5250,10.4212,0.5090,0.4812,0.4500,8.9031,0.3094,0.1294,-5.3844,-1.6474,-0.9249,0.0000,0.0000,0.0000,0.0000,0.8953,0.8953,0.0000,0.0297,0.0000,0.0000
265.1060,74.6910,0,47,reso_PAN,0.4700,-2.3520,0.1550,0.1480,1,0,1,0,0,0,0.0000,-143424.2573,-1675032.6480,6141501.9801,48,-0.4426,-2.3463,-0.9126,0.0057,-0.4538,-2.5127,-0.0078,-0.1627,-0.0033,-0.0038,-0.0009,0.0000,0.0000,0.0000,0.0000,-0.0029,-0.0029,0.0000,0.0038,0.0000,0.0000
237.6250,47.3880,0,10,rpt1_PAN,4.7540,3.7390,0.4120,0.5180,1,0,1,0,0,0,0.0000,-2308335.0992,-3640864.5694,4686154.6836,7,4.6061,3.8908,-0.1479,0.1518,1.3192,3.0066,-1.1184,-0.3865,-2.1684,-0.4977,-0.1091,0.0000,0.0000,0.0000,0.0000,0.4452,0.4452,0.0000,-0.3360,0.0000,0.0000
236.6410,43.2350,0,4,rsbg_PAN,0.8960,7.6450,0.1450,0.1250,1,0,1,0,0,0,0.0000,-2550910.2716,-3874688.8593,4361650.4320,8,0.9849,7.7111,0.0889,0.0661,-0.7981,7.3633,0.1425,-0.2499,-1.9255,-0.0978,-0.4799,0.0000,0.0000,0.0000,0.0000,0.4006,0.4006,0.0000,0.0792,0.0000,0.0000
236.2700,46.6840,0,9,rymd_PAN,8.1400,7.6630,0.1300,0.0990,1,0,1,0,0,0,0.0000,-2425576.3204,-3632876.0500,4632833.1052,6,8.9055,7.2896,0.7655,-0.3734,2.6131,5.6077,0.2080,0.0667,-6.5003,-1.7486,-1.9206,0.0000,0.0000,0.0000,0.0000,2.0423,2.0423,0.0000,-0.1217,0.0000,0.0000
238.4420,37.6670,0,1,s300_PAN,-11.1600,9.5910,0.0620,0.0920,1,0,1,0,0,0,0.0000,-2637905.8378,-4294905.9677,3890962.2178,1,-11.8927,10.2412,-0.7327,0.6502,-10.2925,7.4734,1.6423,-2.7986,-0.0421,0.0308,-0.0299,0.0000,0.0000,0.0000,0.0000,0.2651,0.2651,0.0000,-0.2352,0.0000,0.0000
237.9670,47.5400,0,8,samm_PAN,4.4230,3.4820,0.1360,0.1860,1,0,1,0,0,0,0.0000,-2279959.6767,-3644026.2369,4697574.7061,5,4.2721,3.6557,-0.1509,0.1737,2.9336,2.5551,0.3660,-0.6602,-1.7046,-0.4404,-0.0291,0.0000,0.0000,0.0000,0.0000,0.2694,0.2694,0.0000,-0.2404,0.0000,0.0000
239.2750,46.9510,0,16,sc00_PAN,2.9800,1.9340,0.0720,0.0570,1,0,1,0,0,0,0.0000,-2220739.9575,-3736437.5887,4653138.6879,15,2.4665,2.0135,-0.5135,0.0795,2.7593,2.6154,1.1736,0.7756,-0.8808,-0.1736,0.0333,0.0000,0.0000,0.0000,0.0000,-0.3200,-0.3200,0.0000,0.2866,0.0000,0.0000
236.9920,48.5460,0,14,sc02_PAN,5.7210,3.5750,0.0840,0.0640,1,0,1,0,0,0,0.0000,-2296346.6769,-3534983.1205,4772319.9535,13,6.0212,3.9053,0.3002,0.3303,6.1287,4.6698,2.4035,1.9629,-2.2961,-1.1985,-0.1661,0.0000,0.0000,0.0000,0.0000,0.0502,0.0502,0.0000,0.1159,0.0000,0.0000
236.2960,48.9230,0,14,sc04_PAN,6.3110,4.0790,0.0710,0.0710,1,0,1,0,0,0,0.0000,-2321642.1785,-3480629.1556,4799953.0975,13,6.3794,4.3253,0.0684,0.2463,5.6354,4.1720,1.7609,1.5925,-2.5049,-1.7458,-0.3347,0.0000,0.0000,0.0000,0.0000,0.7669,0.7669,0.0000,-0.4322,0.0000,0.0000
293.1670,54.8320,0,14,sch2_PAN,0.3360,0.2140,0.1240,0.1120,1,0,1,0,0,0,0.0000,1442837.9662,-3371755.2161,5205174.0440,11,-0.1576,-1.5764,-0.4936,-1.7904,-0.1951,-1.6059,-0.0310,-0.0257,-0.0065,-0.0037,0.0012,0.0000,0.0000,0.0000,0.0000,0.0114,0.0114,0.0000,-0.0125,0.0000,0.0000
236.0780,45.9840,0,15,seas_PAN,9.6630,8.6530,0.1190,0.1000,1,0,1,0,0,0,0.0000,-2469140.6673,-3671422.9799,4579120.9996,14,9.2809,8.9357,-0.3821,0.2827,2.7746,6.7772,0.4363,0.3476,-6.9426,-2.5061,-1.6076,0.0000,0.0000,0.0000,0.0000,1.6543,1.6543,0.0000,-0.0467,0.0000,0.0000
237.6910,47.6540,0,8,seat_PAN,4.6060,3.6090,0.0660,0.0690,1,0,1,0,0,0,0.0000,-2292486.6379,-3625094.4201,4706118.0310,5,4.7776,3.6981,0.1716,0.0891,3.0680,2.8009,0.3191,-0.3317,-2.0286,-0.5656,-0.0778,0.0000,0.0000,0.0000,0.0000,0.1604,0.1604,0.0000,-0.0826,0.0000,0.0000
237.7610,48.5040,0,14,sedk_PAN,4.2830,2.3490,0.2410,0.2640,1,0,1,0,0,0,0.0000,-2250561.7759,-3568442.4152,4769228.6466,13,3.9022,3.2177,-0.3808,0.8687,6.2288,5.2189,3.8248,2.6832,-1.4981,-0.6820,-0.0070,0.0000,0.0000,0.0000,0.0000,2.1260,2.1260,0.0000,-2.1190,0.0000,0.0000
237.7760,48.5220,0,14,sedr_PAN,4.3260,2.7280,0.0610,0.0630,1,0,1,0,0,0,0.0000,-2248828.4336,-3567763.7981,4770553.8063,13,3.8734,3.1417,-0.4526,0.4137,6.2083,5.2296,3.8096,2.7635,-1.4747,-0.6756,-0.0045,0.0000,0.0000,0.0000,0.0000,2.2822,2.2822,0.0000,-2.2777,0.0000,0.0000
236.8860,48.0910,0,8,seqm_PAN,6.5440,4.1620,0.1470,0.1460,1,0,1,0,0,0,0.0000,-2323513.8299,-3562360.0105,4738694.5565,16,5.8774,4.2298,-0.6666,0.0678,0.9590,0.1598,-1.5260,-2.6779,-3.3924,-1.3921,-0.4562,0.0000,0.0000,0.0000,0.0000,1.0366,1.0366,0.0000,-0.5804,0.0000,0.0000
238.1160,45.6940,0,7,skco_PAN,3.9170,5.9320,0.2770,0.3560,1,0,1,0,0,0,0.0000,-2349226.6972,-3776540.8491,4556668.1470,4,3.7048,4.0068,-0.2122,-1.9252,3.6737,4.3095,1.2081,0.4400,-1.2392,-0.1374,-0.0243,0.0000,0.0000,0.0000,0.0000,-0.1489,-0.1489,0.0000,0.1731,0.0000,0.0000
238.1160,45.6940,0,7,skma_PAN,3.6740,2.3260,0.2090,0.3020,1,0,1,0,0,0,0.0000,-2349226.6972,-3776540.8491,4556668.1470,4,3.7048,4.0068,0.0308,1.6808,3.6737,4.3095,1.2081,0.4400,-1.2392,-0.1374,-0.0243,0.0000,0.0000,0.0000,0.0000,-0.1489,-0.1489,0.0000,0.1731,0.0000,0.0000
237.7960,37.4170,0,44,slac_PAN,-22.0230,28.3790,0.0790,0.0700,1,0,1,0,0,0,0.0000,-2695183.7921,-4279216.6711,3868932.7301,44,-22.6273,28.9724,-0.6043,0.5934,-20.9836,27.9139,1.6711,-1.0839,-0.0274,0.0254,-0.0334,0.0000,0.0000,0.0000,0.0000,0.5121,0.5121,0.0000,-0.4787,0.0000,0.0000
237.6550,47.5240,0,8,smai_PAN,4.6600,3.7450,0.0910,0.0720,1,0,1,0,0,0,0.0000,-2300470.8050,-3632665.0469,4696374.1539,5,4.4815,3.6611,-0.1785,-0.0839,2.9025,2.8329,0.5307,-0.2924,-2.1097,-0.5358,-0.0947,0.0000,0.0000,0.0000,0.0000,0.1646,0.1646,0.0000,-0.0699,0.0000,0.0000
238.6120,47.3910,0,13,snoq_PAN,2.8610,2.6930,0.1390,0.0940,1,0,1,0,0,0,0.0000,-2245148.9257,-3679877.2434,4686380.3981,12,3.5591,2.9885,0.6981,0.2955,2.6555,2.6493,0.2931,-0.0511,-1.1967,-0.2882,0.0219,0.0000,0.0000,0.0000,0.0000,0.1272,0.1272,0.0000,-0.1492,0.0000,0.0000
242.5760,47.5180,0,14,spn1_PAN,1.2650,0.3350,0.1740,0.2410,1,0,1,0,0,0,0.0000,-1980599.9652,-3817050.4858,4695923.8525,11,0.4980,0.1810,-0.7670,-0.1540,0.0913,-0.0819,-0.0738,-0.1773,-0.3329,-0.0855,0.0341,0.0000,0.0000,0.0000,0.0000,-0.0088,-0.0088,0.0000,-0.0253,0.0000,0.0000
236.8980,48.0820,0,8,sqim_PAN,5.8010,4.4770,0.2020,0.2200,1,0,1,0,0,0,0.0000,-2323174.1654,-3563470.0678,4738026.4177,16,5.8694,4.2235,0.0684,-0.2535,0.9417,0.1442,-1.5541,-2.7061,-3.3736,-1.3732,-0.4480,0.0000,0.0000,0.0000,0.0000,1.0784,1.0784,0.0000,-0.6303,0.0000,0.0000
237.6850,47.6820,0,8,ssho_PAN,4.9160,3.4780,0.0700,0.0600,1,0,1,0,0,0,0.0000,-2291636.5351,-3622910.2510,4708213.5429,5,4.8182,3.7021,-0.0978,0.2241,3.1032,2.8062,0.3144,-0.3188,-2.0294,-0.5771,-0.0776,0.0000,0.0000,0.0000,0.0000,0.1433,0.1433,0.0000,-0.0657,0.0000,0.0000
237.1790,44.8310,0,15,stay_PAN,4.3010,5.9270,0.1260,0.0800,1,0,1,0,0,0,0.0000,-2447595.9234,-3794870.1049,4489163.2343,8,4.1464,6.2851,-0.1546,0.3581,3.7730,6.2566,1.4253,0.1770,-1.7988,-0.2055,-0.1933,0.0000,0.0000,0.0000,0.0000,0.2539,0.2539,0.0000,-0.0606,0.0000,0.0000
237.2660,44.3960,0,4,sthm_PAN,3.5100,5.7680,0.1130,0.1000,1,0,1,0,0,0,0.0000,-2460190.0647,-3827142.3931,4454749.9829,8,3.1353,6.1768,-0.3747,0.4088,2.5457,6.0775,0.8460,0.0506,-1.4356,-0.1499,-0.1478,0.0000,0.0000,0.0000,0.0000,0.2627,0.2627,0.0000,-0.1148,0.0000,0.0000
307.3220,47.5950,0,14,stjo_PAN,-0.6570,0.7840,0.0900,0.0910,1,0,1,0,0,0,0.0000,2603421.5878,-3414758.5277,4701698.8095,11,-0.3129,-1.9160,0.3441,-2.7000,-0.8110,-1.8539,-0.4942,0.0641,-0.0038,-0.0020,0.0007,0.0000,0.0000,0.0000,0.0000,-0.0197,-0.0197,0.0000,0.0190,0.0000,0.0000
236.6710,42.9870,0,4,suhs_PAN,-0.0730,7.4870,0.2200,0.2430,1,0,1,0,0,0,0.0000,-2559230.2394,-3891761.6157,4341530.0955,8,0.1702,7.7375,0.2432,0.2505,-1.4988,7.3016,0.0289,-0.3733,-1.6979,-0.0625,-0.4414,0.0000,0.0000,0.0000,0.0000,0.3436,0.3436,0.0000,0.0978,0.0000,0.0000
238.1790,39.2060,0,1,sutb_PAN,-10.1120,7.1290,0.0680,0.0990,1,0,1,0,0,0,0.0000,-2601533.8667,-4192412.7969,4024928.3152,1,-10.5466,8.4636,-0.4346,1.3346,-10.5831,7.4076,0.1204,-1.1472,-0.1569,0.0912,-0.0370,0.0000,0.0000,0.0000,0.0000,0.0556,0.0556,0.0000,-0.0187,0.0000,0.0000
237.5280,47.2290,0,16,taco_PAN,4.3760,3.9180,0.1100,0.0930,1,0,1,0,0,0,0.0000,-2321468.6505,-3647908.6278,4674173.4466,15,4.9472,4.1002,0.5712,0.1822,2.9410,3.7614,0.3179,0.1319,-2.3241,-0.4707,-0.1464,0.0000,0.0000,0.0000,0.0000,0.3641,0.3641,0.0000,-0.2177,0.0000,0.0000
234.0920,49.1540,0,8,tfno_PAN,10.9060,6.5680,0.1090,0.1050,1,0,1,0,0,0,0.0000,-2442411.6572,-3373067.7282,4816782.2100,13,10.4416,7.5979,-0.4644,1.0299,5.2593,2.5921,1.0840,-0.9692,-6.2663,-4.0367,-1.1075,0.0000,0.0000,0.0000,0.0000,1.6557,1.6557,0.0000,-0.5481,0.0000,0.0000
241.5850,35.1580,0,27,thcp_PAN,-11.1280,12.9970,0.0510,0.0830,1,0,1,0,0,0,0.0000,-2477209.9660,-4578638.5362,3666585.7962,28,-12.6052,13.3568,-1.4772,0.3598,-10.4831,8.7977,2.1413,-4.5685,-0.0192,0.0094,-0.0130,0.0000,0.0000,0.0000,0.0000,1.1616,1.1616,0.0000,-1.1486,0.0000,0.0000
291.1750,76.5370,0,47,thu3_PAN,-2.4400,-2.1540,0.0950,0.0820,1,0,1,0,0,0,0.0000,535487.8857,-1382358.8995,6192470.2711,48,-1.5285,-1.0550,0.9115,1.0990,-1.5310,-1.1710,-0.0000,-0.1132,-0.0025,-0.0028,-0.0005,0.0000,0.0000,0.0000,0.0000,-0.0061,-0.0061,0.0000,0.0066,0.0000,0.0000
237.7120,47.1060,0,16,thun_PAN,4.2810,4.1990,0.0820,0.0660,1,0,1,0,0,0,0.0000,-2315096.5364,-3663819.2908,4664880.2442,15,4.6159,4.0971,0.3349,-0.1019,2.8379,3.6408,0.2273,-0.0748,-2.0053,-0.3815,-0.0862,0.0000,0.0000,0.0000,0.0000,0.2332,0.2332,0.0000,-0.1470,0.0000,0.0000
236.1690,45.4550,0,15,till_PAN,7.4490,8.6670,0.1210,0.0950,1,0,1,0,0,0,0.0000,-2486739.2044,-3710302.5002,4538076.1285,14,8.0905,8.8670,0.6415,0.2000,2.7791,6.7736,0.3602,0.0972,-5.6715,-2.1906,-1.5176,0.0000,0.0000,0.0000,0.0000,1.5040,1.5040,0.0000,0.0135,0.0000,0.0000
237.8130,47.7090,0,8,tri1_PAN,4.4640,3.2630,0.3510,0.3070,1,0,1,0,0,0,0.0000,-2282355.0475,-3626142.6571,4710233.1502,5,4.6414,3.6107,0.1774,0.3477,3.1418,2.6922,0.3518,-0.3836,-1.8514,-0.5348,-0.0481,0.0000,0.0000,0.0000,0.0000,0.0492,0.0492,0.0000,-0.0012,0.0000,0.0000
235.8490,41.0540,0,4,trnd_PAN,3.4230,16.1010,0.1380,0.1070,1,0,1,0,0,0,0.0000,-2695520.3417,-3973643.4308,4181946.8473,19,1.6526,17.0259,-1.7704,0.9249,-3.9634,22.1452,2.3412,4.3859,-7.9572,0.7334,-0.0534,0.0000,0.0000,0.0000,0.0000,1.9435,1.9435,0.0000,-1.8902,0.0000,0.0000
237.0880,46.9840,0,9,tumw_PAN,5.3250,5.2870,0.1340,0.1660,1,0,1,0,0,0,0.0000,-2360252.2962,-3646719.6346,4655641.3593,6,6.2027,5.5373,0.8777,0.2503,2.6575,5.6065,-0.2379,0.6147,-3.3074,-0.5455,-0.4525,0.0000,0.0000,0.0000,0.0000,-0.3355,-0.3355,0.0000,0.7879,0.0000,0.0000
237.0770,47.0160,0,9,twhl_PAN,5.8310,5.3060,0.0700,0.0710,1,0,1,0,0,0,0.0000,-2359538.7657,-3644083.2499,4658066.7173,6,6.2345,5.4747,0.4035,0.1687,2.6552,5.6065,-0.2119,0.6976,-3.3674,-0.5657,-0.4749,0.0000,0.0000,0.0000,0.0000,-0.4166,-0.4166,0.0000,0.8914,0.0000,0.0000
234.4580,48.9260,0,8,uclu_PAN,11.2660,7.3900,0.0620,0.0830,1,0,1,0,0,0,0.0000,-2431938.0953,-3404170.3564,4800172.1580,13,11.2905,8.3628,0.0245,0.9728,5.5469,2.8548,1.0681,-1.1450,-6.8117,-4.3631,-1.3152,0.0000,0.0000,0.0000,0.0000,1.9365,1.9365,0.0000,-0.6213,0.0000,0.0000
237.3330,47.7550,0,8,ufda_PAN,5.7780,3.4940,0.1040,0.0980,1,0,1,0,0,0,0.0000,-2310611.0079,-3603710.4100,4713671.5533,5,5.5272,3.9726,-0.2508,0.4786,3.1819,3.1196,0.2805,-0.0538,-2.6257,-0.7993,-0.2045,0.0000,0.0000,0.0000,0.0000,0.3727,0.3727,0.0000,-0.1682,0.0000,0.0000
237.4840,45.6180,0,7,vcwa_PAN,4.3950,5.2570,0.0950,0.0790,1,0,1,0,0,0,0.0000,-2393986.8605,-3755491.9412,4550764.6228,4,4.5356,5.6259,0.1406,0.3689,3.4616,5.3494,0.6962,-0.0539,-1.7703,-0.2227,-0.1056,0.0000,0.0000,0.0000,0.0000,0.1247,0.1247,0.0000,-0.0192,0.0000,0.0000
237.0090,45.5230,0,7,waco_PAN,5.1740,6.4970,0.1700,0.1650,1,0,1,0,0,0,0.0000,-2429143.6622,-3741839.8680,4543373.9591,4,5.1487,6.4375,-0.0253,-0.0595,3.2101,6.1305,0.5816,0.0794,-2.5202,-0.3864,-0.2957,0.0000,0.0000,0.0000,0.0000,0.3093,0.3093,0.0000,-0.0136,0.0000,0.0000
237.7920,47.9810,0,13,waev_PAN,4.9970,3.7730,0.2840,0.2470,1,0,1,0,0,0,0.0000,-2271740.0378,-3606345.1559,4730520.4026,12,4.5594,3.6493,-0.4376,-0.1237,3.8765,3.8585,1.0926,0.8196,-1.7755,-0.6104,-0.0360,0.0000,0.0000,0.0000,0.0000,-0.1090,-0.1090,0.0000,0.1449,0.0000,0.0000
237.1300,45.1710,0,7,wdbn_PAN,4.8280,6.1170,0.1000,0.0760,1,0,1,0,0,0,0.0000,-2436339.3408,-3770334.4574,4515880.8838,4,4.3855,6.3059,-0.4425,0.1889,2.4131,5.9316,0.1143,-0.0984,-2.0867,-0.2760,-0.2239,0.0000,0.0000,0.0000,0.0000,0.3278,0.3278,0.0000,-0.1039,0.0000,0.0000
237.4370,45.7800,0,7,webg_PAN,4.0860,5.7390,0.1770,0.1240,1,0,1,0,0,0,0.0000,-2390131.7768,-3742667.5942,4563338.7810,4,4.7958,5.8022,0.7098,0.0632,3.8294,5.4267,0.9272,-0.1265,-1.8936,-0.2491,-0.1177,0.0000,0.0000,0.0000,0.0000,0.0617,0.0617,0.0000,0.0560,0.0000,0.0000
237.3040,48.3130,0,13,whd1_PAN,5.0360,4.0310,0.4330,0.4030,1,0,1,0,0,0,0.0000,-2287527.7859,-3563737.9577,4755138.2587,12,4.9858,3.8297,-0.0502,-0.2013,4.5559,4.5778,1.7243,1.6960,-2.1541,-0.9479,-0.1112,0.0000,0.0000,0.0000,0.0000,-0.5307,-0.5307,0.0000,0.6419,0.0000,0.0000
224.7780,60.7510,0,14,whit_PAN,1.4940,2.6700,0.1110,0.1080,1,0,1,0,0,0,0.0000,-2208438.0264,-2191390.2304,5555624.3396,11,0.3786,1.1861,-1.1154,-1.4839,0.6856,0.5367,0.3073,-0.6473,-0.0003,-0.0021,-0.0104,0.0000,0.0000,0.0000,0.0000,0.2177,0.2177,0.0000,-0.2072,0.0000,0.0000
237.8320,52.2370,0,14,will_PAN,0.6770,0.4290,0.0380,0.0500,1,0,1,0,0,0,0.0000,-2076055.5577,-3300807.2251,5033787.4851,11,0.5131,0.4784,-0.1639,0.0494,0.3277,0.0847,0.0134,-0.1874,-0.1988,-0.2063,0.0034,0.0000,0.0000,0.0000,0.0000,0.0783,0.0783,0.0000,-0.0817,0.0000,0.0000
238.4030,45.1310,0,6,wmsg_PAN,2.3150,3.2990,0.0960,0.1180,1,0,1,0,0,0,0.0000,-2353626.7173,-3826214.5107,4512745.8665,3,1.9000,3.7760,-0.4150,0.4770,-0.1037,3.3466,-1.0530,-0.3510,-0.9508,-0.0784,-0.0173,0.0000,0.0000,0.0000,0.0000,0.4096,0.4096,0.0000,-0.3923,0.0000,0.0000
233.3950,50.2120,0,8,wost_PAN,4.1890,3.6130,0.1720,0.2680,1,0,1,0,0,0,0.0000,-2429805.4962,-3271139.4624,4892856.3569,13,4.6230,4.3927,0.4340,0.7797,3.9630,2.0915,1.5075,-0.0905,-2.1675,-2.2107,-1.1692,0.0000,0.0000,0.0000,0.0000,1.6285,1.6285,0.0000,-0.4593,0.0000,0.0000
237.0790,50.1270,0,14,wslb_PAN,4.0210,2.1380,0.1850,0.2220,1,0,1,0,0,0,0.0000,-2218544.4798,-3426593.1519,4886805.8304,11,1.0268,1.1303,-2.9942,-1.0077,0.2211,0.1111,-0.0727,-0.4334,-0.7330,-0.5859,0.0127,0.0000,0.0000,0.0000,0.0000,0.1118,0.1118,0.0000,-0.1244,0.0000,0.0000
237.0790,50.1270,0,14,wslr_PAN,3.9170,1.6550,0.1300,0.1390,1,0,1,0,0,0,0.0000,-2218544.4798,-3426593.1519,4886805.8304,11,1.0268,1.1303,-2.8902,-0.5247,0.2211,0.1111,-0.0727,-0.4334,-0.7330,-0.5859,0.0127,0.0000,0.0000,0.0000,0.0000,0.1118,0.1118,0.0000,-0.1244,0.0000,0.0000
237.2890,41.7320,0,4,ybhb_PAN,-2.5240,7.1370,0.1120,0.0810,1,0,1,0,0,0,0.0000,-2567887.4571,-3998207.1273,4238472.0402,8,-3.5793,6.8561,-1.0553,-0.2809,-5.0095,6.0302,-0.3498,-0.7629,-1.0805,-0.0630,-0.1369,0.0000,0.0000,0.0000,0.0000,0.0185,0.0185,0.0000,0.1184,0.0000,0.0000
245.5190,62.4810,0,14,yell_PAN,0.3610,-1.6980,0.0800,0.0850,1,0,1,0,0,0,0.0000,-1219152.7540,-2677539.1779,5647017.0864,11,0.8688,-0.0857,0.5078,1.6123,0.8253,-0.1851,-0.0301,-0.0841,-0.0134,-0.0153,-0.0019,0.0000,0.0000,0.0000,0.0000,0.0457,0.0457,0.0000,-0.0438,0.0000,0.0000
237.3940,46.9490,0,16,yelm_PAN,4.8410,4.7130,0.0930,0.0710,1,0,1,0,0,0,0.0000,-2342274.7268,-3661668.0495,4652986.9612,15,5.2267,4.8831,0.3857,0.1701,2.6799,3.8491,-0.0540,-0.6194,-2.4928,-0.4145,-0.1956,0.0000,0.0000,0.0000,0.0000,0.6519,0.6519,0.0000,-0.4564,0.0000,0.0000
236.7020,43.6340,0,4,yonc_PAN,1.6170,7.2630,0.1500,0.1370,1,0,1,0,0,0,0.0000,-2530046.9178,-3851921.3351,4393849.8021,8,2.0986,7.5686,0.4816,0.3056,0.3388,7.2379,0.2723,-0.0837,-2.0320,-0.2470,-0.4320,0.0000,0.0000,0.0000,0.0000,0.3779,0.3779,0.0000,0.0541,0.0000,0.0000
237.8120,47.2870,0,16,zse1_PAN,4.5190,4.0290,0.0670,0.0770,1,0,1,0,0,0,0.0000,-2300836.7786,-3655364.4030,4678548.1361,15,4.4332,3.8139,-0.0858,-0.2151,3.0071,3.5753,0.4686,0.1716,-1.8947,-0.4102,-0.0624,0.0000,0.0000,0.0000,0.0000,0.2828,0.2828,0.0000,-0.2204,0.0000,0.0000
235.8590,48.0620,0,8,p403_PAN,10.3160,7.6540,0.1150,0.1240,1,0,1,0,0,0,0.0000,-2388336.5853,-3522126.7493,4736541.2464,5,10.7222,7.2468,0.4062,-0.4072,3.4973,4.4303,0.9966,1.1091,-8.2216,-3.9256,-2.7948,0.0000,0.0000,0.0000,0.0000,3.6662,3.6662,0.0000,-0.8714,0.0000,0.0000
221.1010,59.3400,0,30,ab42_PAN,-21.3100,31.6420,0.2250,0.3010,1,0,1,0,0,0,0.0000,-2446806.1910,-2134560.2892,5477329.9423,31,-12.2460,39.0877,9.0640,7.4457,-13.4547,48.0795,-1.2116,8.9922,0.0029,-0.0005,-0.0106,0.0000,0.0000,0.0000,0.0000,1.0149,1.0149,0.0000,-1.0043,0.0000,0.0000
223.3590,58.1990,0,46,ab43_PAN,-6.0990,9.9460,0.0820,0.1110,1,0,1,0,0,0,0.0000,-2439638.7193,-2303746.9483,5411586.1242,47,-3.9767,7.4039,2.1223,-2.5421,-6.1362,-1.4802,-2.1626,-8.8835,0.0031,-0.0006,-0.0136,0.0000,0.0000,0.0000,0.0000,1.3977,1.3977,0.0000,-1.3841,0.0000,0.0000
227.1330,56.5850,0,14,ab53_PAN,-2.7450,0.0000,0.2460,0.7120,1,0,1,0,0,0,0.0000,-2385500.0071,-2570070.6356,5314929.7367,11,0.3682,1.7048,3.1132,1.7048,0.5013,0.4566,0.1318,-1.2459,0.0013,-0.0023,-0.0212,0.0000,0.0000,0.0000,0.0000,0.0552,0.0552,0.0000,-0.0340,0.0000,0.0000
240.1040,42.1770,0,6,adel_PAN,-2.9460,3.4240,0.3930,0.3290,1,0,1,0,0,0,0.0000,-2351952.8575,-4090832.2392,4275249.7949,3,-3.0035,2.3979,-0.0575,-1.0261,-3.2794,2.0350,0.0158,-0.3743,-0.2918,0.0114,-0.0106,0.0000,0.0000,0.0000,0.0000,-0.0607,-0.0607,0.0000,0.0713,0.0000,0.0000
235.9410,42.5530,0,4,agns_PAN,1.5830,9.9150,0.3340,0.3380,1,0,1,0,0,0,0.0000,-2626948.3616,-3885973.4642,4306124.0115,8,1.0561,9.6206,-0.5269,-0.2944,-2.7990,8.8024,-0.5233,-1.0467,-3.3318,0.2285,-0.4001,0.0000,0.0000,0.0000,0.0000,0.2907,0.2907,0.0000,0.1094,0.0000,0.0000
281.9290,45.9560,0,14,algo_PAN,-0.0170,-1.2690,0.0790,0.0740,1,0,1,0,0,0,0.0000,914999.4298,-4331117.7225,4576958.2453,11,-0.3349,-1.3295,-0.3179,-0.0605,-0.3523,-1.3386,-0.0072,-0.0059,-0.0101,-0.0033,0.0019,0.0000,0.0000,0.0000,0.0000,0.0122,0.0122,0.0000,-0.0141,0.0000,0.0000
242.8650,46.1330,0,14,anat_PAN,2.5000,0.1870,0.1820,0.1060,1,0,1,0,0,0,0.0000,-2012515.9009,-3926883.8704,4590611.5365,11,0.3852,0.1547,-2.1148,-0.0323,0.0214,-0.0920,-0.0667,-0.2016,-0.2970,-0.0451,0.0262,0.0000,0.0000,0.0000,0.0000,-0.0047,-0.0047,0.0000,-0.0215,0.0000,0.0000
241.8330,40.1460,0,12,ante_PAN,-3.8340,1.4560,0.1770,0.2480,1,0,1,0,0,0,0.0000,-2297575.4774,-4290892.5642,4105330.6066,10,-4.9136,1.9399,-1.0796,0.4839,-5.4084,1.8069,-0.3723,-0.1564,-0.1225,0.0234,-0.0081,0.0000,0.0000,0.0000,0.0000,-0.0878,-0.0878,0.0000,0.0959,0.0000,0.0000
239.8170,45.7080,0,6,arln_PAN,1.5260,1.9530,0.0830,0.0840,1,0,1,0,0,0,0.0000,-2235529.9797,-3843647.8352,4557754.7641,3,1.2548,2.3279,-0.2712,0.3749,0.5768,2.2565,-0.0512,-0.0044,-0.6268,-0.0670,0.0213,0.0000,0.0000,0.0000,0.0000,-0.0018,-0.0018,0.0000,-0.0195,0.0000,0.0000
238.6310,43.8210,0,11,asbu_PAN,0.2580,3.8810,0.0750,0.0910,1,0,1,0,0,0,0.0000,-2391475.7969,-3922637.1719,4408867.4954,9,0.2737,3.8963,0.0157,0.0153,0.0337,3.1076,0.3818,-0.7637,-0.6218,-0.0250,-0.0291,0.0000,0.0000,0.0000,0.0000,-0.0795,-0.0795,0.0000,0.1086,0.0000,0.0000
226.2860,59.5890,0,14,atli_PAN,2.5780,3.7520,0.1040,0.1890,1,0,1,0,0,0,0.0000,-2227418.9683,-2329720.8513,5491389.3466,11,0.5967,1.1382,-1.9813,-2.6138,0.6414,0.4855,0.0453,-0.6499,-0.0007,-0.0028,-0.0127,0.0000,0.0000,0.0000,0.0000,0.1604,0.1604,0.0000,-0.1477,0.0000,0.0000
239.7150,47.4040,0,13,axis_PAN,1.6310,1.6340,0.1610,0.2140,1,0,1,0,0,0,0.0000,-2173359.7556,-3721495.7440,4687358.3458,12,2.3592,1.2562,0.7282,-0.3778,2.7092,1.0219,1.1017,-0.0483,-0.7517,-0.1859,0.0417,0.0000,0.0000,0.0000,0.0000,0.6815,0.6815,0.0000,-0.7232,0.0000,0.0000
228.2460,52.5760,0,14,baib_PAN,-6.9550,10.8100,0.2790,0.3710,1,0,1,0,0,0,0.0000,-2576864.3115,-2886726.8415,5056770.7012,11,-2.1730,12.8185,4.7820,2.0085,0.3111,0.4184,2.4622,-12.4069,0.0219,0.0068,-0.0506,0.0000,0.0000,0.0000,0.0000,2.2606,2.2606,0.0000,-2.2100,0.0000,0.0000
291.7780,44.3950,0,14,barh_PAN,0.0680,-0.2330,0.0680,0.0780,1,0,1,0,0,0,0.0000,1688010.1272,-4225030.5723,4454670.5754,11,-0.5552,-1.5727,-0.6232,-1.3397,-0.5967,-1.5760,-0.0350,-0.0010,-0.0065,-0.0023,0.0012,0.0000,0.0000,0.0000,0.0000,0.0123,0.0123,0.0000,-0.0136,0.0000,0.0000
242.1370,42.4120,0,12,basq_PAN,-2.1320,1.1310,0.1620,0.2030,1,0,1,0,0,0,0.0000,-2197136.0834,-4156155.8624,4294567.8409,10,-2.5684,1.2844,-0.4364,0.1534,-2.8267,1.5617,-0.0617,0.2685,-0.1966,0.0088,0.0009,0.0000,0.0000,0.0000,0.0000,0.0430,0.0430,0.0000,-0.0439,0.0000,0.0000
242.7910,40.5160,0,17,batt_PAN,-2.3840,-0.1000,0.1770,0.2020,1,0,1,0,0,0,0.0000,-2213344.6722,-4305039.4702,4136676.4418,17,-3.2699,0.4264,-0.8859,0.5264,-2.9943,0.0395,0.3925,-0.4044,-0.1169,0.0175,-0.0044,0.0000,0.0000,0.0000,0.0000,-0.1070,-0.1070,0.0000,0.1113,0.0000,0.0000
237.2310,48.8990,0,14,bbay_PAN,4.8850,2.7650,0.2720,0.2860,1,0,1,0,0,0,0.0000,-2265623.8296,-3519740.8352,4798200.1394,11,3.9623,3.2786,-0.9227,0.5136,0.1598,0.1058,-2.2301,-2.2625,-1.5725,-0.9103,-0.0385,0.0000,0.0000,0.0000,0.0000,2.2372,2.2372,0.0000,-2.1987,0.0000,0.0000
241.7050,41.4390,0,12,bbut_PAN,-4.4800,1.5540,0.2600,0.2110,1,0,1,0,0,0,0.0000,-2262656.9566,-4203088.6463,4214116.8458,10,-3.5074,1.9136,0.9726,0.3596,-3.9422,1.9102,-0.2603,-0.0205,-0.1745,0.0172,-0.0044,0.0000,0.0000,0.0000,0.0000,-0.0545,-0.0545,0.0000,0.0590,0.0000,0.0000
242.3470,49.3120,0,14,bccg_PAN,1.5510,0.0330,0.1100,0.1100,1,0,1,0,0,0,0.0000,-1926631.7285,-3677018.2630,4828247.9574,11,0.5142,0.2019,-1.0368,0.1689,0.1816,-0.0739,-0.0306,-0.1464,-0.3021,-0.1294,0.0348,0.0000,0.0000,0.0000,0.0000,0.0059,0.0059,0.0000,-0.0406,0.0000,0.0000
231.8900,52.1580,0,14,bcdi_PAN,-1.0280,1.1400,0.0960,0.1770,1,0,1,0,0,0,0.0000,-2410887.6683,-3073614.0828,5028406.1672,11,0.2848,1.5205,1.3128,0.3805,0.3083,0.2924,0.0455,-1.1774,-0.0220,-0.0507,-0.0932,0.0000,0.0000,0.0000,0.0000,0.1702,0.1702,0.0000,-0.0770,0.0000,0.0000
229.9740,58.4260,0,14,bcdl_PAN,0.3780,0.2960,0.0870,0.1360,1,0,1,0,0,0,0.0000,-2144206.1312,-2553011.6798,5424837.5912,11,0.7175,0.8017,0.3395,0.5057,0.6082,0.3589,-0.1047,-0.4348,-0.0046,-0.0080,-0.0157,0.0000,0.0000,0.0000,0.0000,0.1060,0.1060,0.0000,-0.0903,0.0000,0.0000
239.2510,56.2460,0,14,bcfj_PAN,0.7890,-1.2180,0.0960,0.0760,1,0,1,0,0,0,0.0000,-1808867.2657,-3040553.2884,5294089.7590,11,0.6107,0.2257,-0.1783,1.4437,0.5281,0.0349,-0.0404,-0.1396,-0.0421,-0.0512,-0.0051,0.0000,0.0000,0.0000,0.0000,0.0657,0.0657,0.0000,-0.0606,0.0000,0.0000
237.4150,58.8400,0,14,bcfn_PAN,0.2610,-1.1920,0.1100,0.1310,1,0,1,0,0,0,0.0000,-1774364.1582,-2776096.8703,5448786.0540,11,0.7281,0.2983,0.4671,1.4903,0.6539,0.0993,-0.0567,-0.1750,-0.0175,-0.0240,-0.0080,0.0000,0.0000,0.0000,0.0000,0.0761,0.0761,0.0000,-0.0680,0.0000,0.0000
243.9710,50.5090,0,14,bcin_PAN,2.0990,-0.5800,0.2140,0.2610,1,0,1,0,0,0,0.0000,-1776991.2823,-3638696.5713,4913912.9730,11,0.4368,0.0663,-1.6622,0.6463,0.2394,-0.1308,-0.0090,-0.1013,-0.1885,-0.0958,0.0248,0.0000,0.0000,0.0000,0.0000,0.0154,0.0154,0.0000,-0.0403,0.0000,0.0000
237.2040,53.9080,0,14,bcpg_PAN,-0.1820,-0.3060,0.0770,0.0800,1,0,1,0,0,0,0.0000,-2031703.9779,-3153070.8706,5145354.6518,11,0.5143,0.3993,0.6963,0.7053,0.4101,0.1067,-0.0209,-0.1861,-0.0833,-0.1065,-0.0101,0.0000,0.0000,0.0000,0.0000,0.0802,0.0802,0.0000,-0.0701,0.0000,0.0000
229.5650,54.2770,0,14,bcpr_PAN,-0.5170,-0.2160,0.1480,0.3380,1,0,1,0,0,0,0.0000,-2411271.4813,-2829730.3644,5169404.9338,11,0.3773,1.5075,0.8943,1.7235,0.4025,0.3730,0.0256,-1.1286,-0.0004,-0.0060,-0.0398,0.0000,0.0000,0.0000,0.0000,0.0843,0.0843,0.0000,-0.0446,0.0000,0.0000
219.1400,62.4140,0,46,bcrk_PAN,2.1890,1.4810,0.1580,0.1740,1,0,1,0,0,0,0.0000,-2286977.1942,-1861228.5417,5643572.9011,47,-3.3046,4.2387,-5.4936,2.7577,-3.5553,-0.5421,-0.2518,-4.7800,0.0011,-0.0007,-0.0074,0.0000,0.0000,0.0000,0.0000,0.3339,0.3339,0.0000,-0.3265,0.0000,0.0000
237.1400,49.1920,0,14,bcsf_PAN,4.7420,2.7920,0.0870,0.0980,1,0,1,0,0,0,0.0000,-2257868.0142,-3495480.9940,4819543.1435,11,2.4200,2.4291,-2.3220,-0.3629,0.1744,0.1090,-0.9051,-1.4558,-1.3405,-0.8644,-0.0200,0.0000,0.0000,0.0000,0.0000,0.5738,0.5738,0.0000,-0.5538,0.0000,0.0000
240.3560,49.5650,0,14,bcsl_PAN,1.8370,0.8770,0.0610,0.1070,1,0,1,0,0,0,0.0000,-2042652.4046,-3589297.7449,4846531.1630,11,0.6896,0.4365,-1.1474,-0.4405,0.1953,-0.0039,-0.0539,-0.2162,-0.4404,-0.2242,0.0409,0.0000,0.0000,0.0000,0.0000,0.0171,0.0171,0.0000,-0.0580,0.0000,0.0000
228.1930,53.2540,0,14,bcss_PAN,-5.1660,0.4040,0.3160,0.5560,1,0,1,0,0,0,0.0000,-2539464.1132,-2839537.7896,5102205.2703,11,-0.2577,4.6810,4.9083,4.2770,0.3443,0.4202,0.5889,-4.2643,0.0130,0.0035,-0.0443,0.0000,0.0000,0.0000,0.0000,0.2968,0.2968,0.0000,-0.2525,0.0000,0.0000
231.3730,54.5150,0,14,bcte_PAN,0.0740,-0.0170,0.3820,0.4870,1,0,1,0,0,0,0.0000,-2307367.6544,-2887597.6364,5184803.3578,11,0.4825,0.9565,0.4085,0.9735,0.4230,0.3104,-0.0488,-0.6245,-0.0107,-0.0216,-0.0379,0.0000,0.0000,0.0000,0.0000,0.0867,0.0867,0.0000,-0.0488,0.0000,0.0000
237.9360,52.1870,0,14,bcwa_PAN,0.3040,0.2360,0.1020,0.1050,1,0,1,0,0,0,0.0000,-2072391.9107,-3308291.5733,5030382.6988,11,0.5159,0.4747,0.2119,0.2387,0.3253,0.0811,0.0134,-0.1855,-0.2040,-0.2082,0.0047,0.0000,0.0000,0.0000,0.0000,0.0765,0.0765,0.0000,-0.0813,0.0000,0.0000
242.6500,48.9870,0,14,bdry_PAN,1.6480,0.2080,0.0950,0.0900,1,0,1,0,0,0,0.0000,-1919711.2158,-3711421.9653,4804623.5341,11,0.4957,0.1758,-1.1523,-0.0322,0.1650,-0.0845,-0.0337,-0.1441,-0.2971,-0.1162,0.0344,0.0000,0.0000,0.0000,0.0000,0.0023,0.0023,0.0000,-0.0367,0.0000,0.0000
238.6850,44.0570,0,6,bend_PAN,0.7680,3.1240,0.0780,0.1580,1,0,1,0,0,0,0.0000,-2378318.9665,-3909341.5690,4427753.2510,3,0.3130,3.6679,-0.4550,0.5439,-1.2672,3.1294,-0.9349,-0.5099,-0.6454,-0.0286,-0.0245,0.0000,0.0000,0.0000,0.0000,0.4022,0.4022,0.0000,-0.3777,0.0000,0.0000
240.1710,40.7290,0,12,bflo_PAN,-4.8300,1.2800,0.2400,0.3790,1,0,1,0,0,0,0.0000,-2400155.6516,-4185993.6912,4154643.3212,10,-4.7781,3.5286,0.0519,2.2486,-4.7933,3.1469,0.1930,-0.4156,-0.2082,0.0339,-0.0131,0.0000,0.0000,0.0000,0.0000,-0.0474,-0.0474,0.0000,0.0605,0.0000,0.0000
241.0110,47.9330,0,14,bigd_PAN,1.7390,0.9300,0.0880,0.0930,1,0,1,0,0,0,0.0000,-2067569.9598,-3731684.3672,4726948.0330,11,0.7597,0.3865,-0.9793,-0.5435,0.1132,-0.0269,-0.1600,-0.2666,-0.4864,-0.1469,0.0424,0.0000,0.0000,0.0000,0.0000,0.0053,0.0053,0.0000,-0.0477,0.0000,0.0000
233.4110,52.3880,0,14,blcl_PAN,-0.1680,2.0410,0.1240,0.1490,1,0,1,0,0,0,0.0000,-2316403.6361,-3120291.4851,5044046.6596,11,0.3695,0.9335,0.5375,-1.1075,0.3253,0.2395,0.0246,-0.5560,-0.0688,-0.1380,-0.0658,0.0000,0.0000,0.0000,0.0000,0.1581,0.1581,0.0000,-0.0923,0.0000,0.0000
242.0250,46.3170,0,14,bldg_PAN,0.8520,0.9130,0.2010,0.3650,1,0,1,0,0,0,0.0000,-2062942.6040,-3883918.1082,4604758.3436,11,0.5805,0.2693,-0.2715,-0.6437,0.0315,-0.0626,-0.1845,-0.2733,-0.3645,-0.0586,0.0296,0.0000,0.0000,0.0000,0.0000,0.0084,0.0084,0.0000,-0.0380,0.0000,0.0000
240.9070,40.7700,0,12,blrk_PAN,-4.6950,3.5630,0.6430,0.5460,1,0,1,0,0,0,0.0000,-2344741.2517,-4213879.9968,4158095.1524,10,-4.4980,2.7805,0.1970,-0.7825,-4.7228,2.5538,-0.0499,-0.2533,-0.1750,0.0266,-0.0096,0.0000,0.0000,0.0000,0.0000,-0.0296,-0.0296,0.0000,0.0392,0.0000,0.0000
241.9530,40.9490,0,12,blum_PAN,-3.9310,0.2930,0.3010,0.2950,1,0,1,0,0,0,0.0000,-2261306.4824,-4244495.7096,4173140.3793,10,-3.8724,1.7557,0.0586,1.4627,-4.4940,1.7101,-0.4729,-0.0649,-0.1487,0.0194,-0.0053,0.0000,0.0000,0.0000,0.0000,-0.1311,-0.1311,0.0000,0.1363,0.0000,0.0000
238.9510,42.4070,0,3,bly1_PAN,-2.4480,4.3270,0.0940,0.0890,1,0,1,0,0,0,0.0000,-2424922.3315,-4027941.6473,4294157.5697,2,-2.8040,4.4421,-0.3560,0.1151,-3.4137,4.3211,-0.1803,-0.1205,-0.4293,-0.0005,-0.0259,0.0000,0.0000,0.0000,0.0000,-0.0455,-0.0455,0.0000,0.0714,0.0000,0.0000
237.0720,48.0160,0,8,blyn_PAN,5.4650,3.8570,0.6650,0.7630,1,0,1,0,0,0,0.0000,-2315306.9132,-3575087.4798,4733123.1625,16,5.6687,3.9919,0.2037,0.1349,0.8148,-0.0816,-1.8611,-2.9400,-2.9928,-1.1335,-0.3123,0.0000,0.0000,0.0000,0.0000,1.0794,1.0794,0.0000,-0.7671,0.0000,0.0000
229.3630,53.4930,0,14,bnab_PAN,-1.8440,1.2760,0.1290,0.1680,1,0,1,0,0,0,0.0000,-2467071.9174,-2874623.1876,5118051.3035,11,0.2261,2.1104,2.0701,0.8344,0.3627,0.3800,0.1325,-1.7289,0.0041,-0.0016,-0.0485,0.0000,0.0000,0.0000,0.0000,0.1114,0.1114,0.0000,-0.0628,0.0000,0.0000
238.6920,44.0890,0,6,bndm_PAN,1.0900,3.4630,0.1180,0.1440,1,0,1,0,0,0,0.0000,-2376555.9356,-3907518.6644,4430308.2550,3,0.3205,3.6494,-0.7695,0.1864,-1.2320,3.1240,-0.9037,-0.4963,-0.6488,-0.0292,-0.0239,0.0000,0.0000,0.0000,0.0000,0.3467,0.3467,0.0000,-0.3229,0.0000,0.0000
230.0990,53.3310,0,14,bnkb_PAN,-2.5030,0.7570,0.3900,0.4790,1,0,1,0,0,0,0.0000,-2439215.9168,-2917166.0399,5107320.1846,11,0.2860,1.7461,2.7890,0.9891,0.3584,0.3545,0.0726,-1.3852,-0.0002,-0.0064,-0.0542,0.0000,0.0000,0.0000,0.0000,0.1069,0.1069,0.0000,-0.0526,0.0000,0.0000
240.6180,40.2720,0,12,boil_PAN,-4.6370,4.8380,0.5590,0.7580,1,0,1,0,0,0,0.0000,-2383608.4582,-4233332.6263,4116024.4235,10,-5.1981,3.2435,-0.5611,-1.5945,-5.2968,2.7867,0.0620,-0.4898,-0.1608,0.0330,-0.0123,0.0000,0.0000,0.0000,0.0000,-0.0124,-0.0124,0.0000,0.0247,0.0000,0.0000
232.2280,50.1570,0,8,bpeb_PAN,5.4750,4.5560,0.2820,0.3680,1,0,1,0,0,0,0.0000,-2498799.1825,-3224685.2491,4888942.5391,13,1.1385,3.9197,-4.3365,-0.6363,4.0031,1.2527,3.9356,-2.7554,-1.0710,0.0885,0.0450,0.0000,0.0000,0.0000,0.0000,0.6451,0.6451,0.0000,-0.6901,0.0000,0.0000
239.6730,46.8830,0,16,bpkt_PAN,2.2040,1.6330,0.1160,0.1470,1,0,1,0,0,0,0.0000,-2197518.6911,-3756537.5969,4647976.8014,15,2.2132,1.5916,0.0092,-0.0414,2.7099,2.3540,1.2505,0.9084,-0.7538,-0.1461,0.0362,0.0000,0.0000,0.0000,0.0000,-0.6504,-0.6504,0.0000,0.6142,0.0000,0.0000
241.8090,44.4400,0,6,brnt_PAN,-0.2390,0.5970,0.1310,0.2300,1,0,1,0,0,0,0.0000,-2147706.3781,-4006966.6790,4458242.5695,3,-0.3821,0.9870,-0.1431,0.3900,-0.7749,0.7185,-0.0910,-0.2542,-0.3018,-0.0143,0.0134,0.0000,0.0000,0.0000,0.0000,-0.0386,-0.0386,0.0000,0.0253,0.0000,0.0000
238.2910,45.4020,0,7,brsp_PAN,2.9250,3.8570,0.5670,0.5350,1,0,1,0,0,0,0.0000,-2349856.3895,-3803405.2873,4533942.5041,4,2.9149,4.0508,-0.0101,0.1938,3.0139,4.0214,1.1658,0.0727,-1.0669,-0.1021,-0.0179,0.0000,0.0000,0.0000,0.0000,-2.4500,-2.4500,0.0000,2.4679,0.0000,0.0000
242.7340,40.3610,0,17,buff_PAN,-3.0450,0.6790,0.1880,0.2360,1,0,1,0,0,0,0.0000,-2222745.0180,-4312767.0343,4123565.9997,17,-3.3671,0.5084,-0.3221,-0.1706,-3.0373,0.0496,0.4432,-0.4770,-0.1133,0.0182,-0.0050,0.0000,0.0000,0.0000,0.0000,-0.0945,-0.0945,0.0000,0.0995,0.0000,0.0000
240.1610,40.5190,0,12,burr_PAN,-6.8000,4.3680,0.3230,0.2140,1,0,1,0,0,0,0.0000,-2408446.7606,-4198755.3770,4136929.8939,10,-5.0195,3.6594,1.7805,-0.7086,-5.0319,3.1549,0.1832,-0.5410,-0.1956,0.0366,-0.0137,0.0000,0.0000,0.0000,0.0000,-0.0265,-0.0265,0.0000,0.0402,0.0000,0.0000
231.5360,53.0630,0,14,butb_PAN,-0.8200,0.4790,0.2300,0.2590,1,0,1,0,0,0,0.0000,-2380126.6480,-2996091.3945,5089477.8668,11,0.3570,1.2593,1.1770,0.7803,0.3518,0.3047,0.0084,-0.9240,-0.0137,-0.0306,-0.0624,0.0000,0.0000,0.0000,0.0000,0.1154,0.1154,0.0000,-0.0531,0.0000,0.0000
237.5210,48.2150,0,13,cami_PAN,6.9010,2.2450,1.4780,1.4160,1,0,1,0,0,0,0.0000,-2278378.4113,-3579232.0039,4747888.1135,12,4.5717,3.6513,-2.3293,1.4063,4.3600,4.2580,1.7413,1.3972,-1.9530,-0.7905,-0.0680,0.0000,0.0000,0.0000,0.0000,-0.4324,-0.4324,0.0000,0.5004,0.0000,0.0000
239.5660,35.9390,0,1,cand_PAN,-12.7720,17.9150,0.2010,0.1450,1,0,1,0,0,0,0.0000,-2611420.7038,-4445013.2873,3737203.5327,1,-9.4746,9.5629,3.2974,-8.3521,-9.8941,7.7530,-0.4005,-1.8225,-0.0190,0.0126,-0.0194,0.0000,0.0000,0.0000,0.0000,0.0084,0.0084,0.0000,0.0109,0.0000,0.0000
240.7630,40.8330,0,12,casi_PAN,-5.3700,4.4890,0.6200,0.5590,1,0,1,0,0,0,0.0000,-2353089.9448,-4203981.5592,4163395.0357,10,-4.4513,2.8915,0.9187,-1.5975,-4.6556,2.6699,-0.0203,-0.2488,-0.1840,0.0271,-0.0100,0.0000,0.0000,0.0000,0.0000,-0.0283,-0.0283,0.0000,0.0383,0.0000,0.0000
213.0250,61.2040,0,46,cbia_PAN,29.3250,-26.3550,3.9670,4.0160,1,0,1,0,0,0,0.0000,-2571599.5546,-1671612.0133,5580048.4289,47,-6.4534,6.6045,-35.7784,32.9595,-4.2937,0.8215,2.1564,-5.7827,0.0033,-0.0003,-0.0060,0.0000,0.0000,0.0000,0.0000,0.6971,0.6971,0.0000,-0.6911,0.0000,0.0000
242.0210,46.3210,0,14,ccpw_PAN,1.8810,1.3820,0.2130,0.3140,1,0,1,0,0,0,0.0000,-2063062.9243,-3883490.1698,4605065.3560,11,0.5819,0.2699,-1.2991,-1.1121,0.0317,-0.0624,-0.1853,-0.2736,-0.3649,-0.0587,0.0296,0.0000,0.0000,0.0000,0.0000,0.0085,0.0085,0.0000,-0.0381,0.0000,0.0000
212.9520,61.1220,0,46,cgnn_PAN,-15.0090,21.8910,0.2830,0.3390,1,0,1,0,0,0,0.0000,-2580425.8762,-1672676.3708,5575653.1023,47,-6.6165,6.8455,8.3925,-15.0455,-4.3437,0.8377,2.2694,-6.0075,0.0034,-0.0003,-0.0060,0.0000,0.0000,0.0000,0.0000,0.7614,0.7614,0.0000,-0.7554,0.0000,0.0000
240.0100,47.8320,0,14,chel_PAN,2.4460,1.1910,0.0670,0.0810,1,0,1,0,0,0,0.0000,-2136608.1371,-3702205.9343,4719420.3405,11,1.3129,0.7056,-1.1331,-0.4854,0.1083,0.0082,-0.5395,-0.5001,-0.6651,-0.1973,0.0451,0.0000,0.0000,0.0000,0.0000,0.1042,0.1042,0.0000,-0.1492,0.0000,0.0000
238.0050,49.1440,0,14,chlw_PAN,2.1460,2.1650,0.4730,0.3430,1,0,1,0,0,0,0.0000,-2206979.6303,-3532591.6485,4816055.2964,11,1.6261,1.3955,-0.5199,-0.7695,0.1730,0.0786,-0.4565,-0.7566,-0.9966,-0.5602,0.0283,0.0000,0.0000,0.0000,0.0000,0.1643,0.1643,0.0000,-0.1926,0.0000,0.0000
238.8510,43.7510,0,11,cihl_PAN,-0.1620,3.5810,0.0950,0.0950,1,0,1,0,0,0,0.0000,-2379180.8081,-3936397.7619,4403251.3901,9,-0.1742,3.8405,-0.0122,0.2595,-0.1487,2.6765,0.5916,-1.1446,-0.5661,-0.0194,-0.0233,0.0000,0.0000,0.0000,0.0000,-0.5610,-0.5610,0.0000,0.5843,0.0000,0.0000
239.0300,47.2050,0,13,clem_PAN,3.4520,2.6190,0.3000,0.3080,1,0,1,0,0,0,0.0000,-2226059.9363,-3709183.6784,4672361.8290,12,3.1150,2.5115,-0.3370,-0.1075,2.2721,2.0326,0.1427,-0.2605,-0.9856,-0.2184,0.0323,0.0000,0.0000,0.0000,0.0000,0.1796,0.1796,0.0000,-0.2118,0.0000,0.0000
113.5610,22.1210,0,47,coal_PAN,-1095.0360,-0.5010,1560.1700,5.5740,1,0,1,0,0,0,0.0000,-2357875.5181,5406992.9369,2397749.3368,48,7.6291,1.1084,1102.6651,1.6094,8.0406,1.0316,0.4114,-0.0768,0.0001,-0.0000,-0.0002,0.0000,0.0000,0.0000,0.0000,-0.0186,-0.0186,0.0000,0.0188,0.0000,0.0000
242.0970,48.5450,0,14,colv_PAN,1.6150,0.3060,0.0610,0.0860,1,0,1,0,0,0,0.0000,-1972729.6448,-3725366.2493,4772246.3807,11,0.5513,0.2313,-1.0637,-0.0747,0.1433,-0.0651,-0.0566,-0.1716,-0.3514,-0.1247,0.0376,0.0000,0.0000,0.0000,0.0000,-0.0010,-0.0010,0.0000,-0.0366,0.0000,0.0000
239.8190,45.2380,0,6,cond_PAN,0.8950,1.9950,0.0780,0.1190,1,0,1,0,0,0,0.0000,-2254116.3206,-3875915.4743,4521127.1062,3,0.7213,2.4051,-0.1737,0.4101,0.0624,2.2549,-0.0818,-0.1037,-0.5771,-0.0464,0.0142,0.0000,0.0000,0.0000,0.0000,-0.0165,-0.0165,0.0000,0.0023,0.0000,0.0000
240.6580,41.5910,0,6,cott_PAN,-3.6830,2.8340,0.2220,0.2520,1,0,1,0,0,0,0.0000,-2333593.9778,-4151282.2962,4226765.4188,3,-3.6960,2.3424,-0.0130,-0.4916,-3.9082,1.6074,0.0140,-0.7542,-0.2262,0.0191,-0.0084,0.0000,0.0000,0.0000,0.0000,0.1375,0.1375,0.0000,-0.1291,0.0000,0.0000
237.7390,46.0590,0,9,coug_PAN,4.7420,6.8830,0.1870,0.3750,1,0,1,0,0,0,0.0000,-2358482.3306,-3736378.5604,4584908.7026,6,4.0371,5.3096,-0.7049,-1.5734,2.7460,5.6047,0.3554,0.5096,-1.6464,-0.2145,-0.0619,0.0000,0.0000,0.0000,0.0000,0.0820,0.0820,0.0000,-0.0201,0.0000,0.0000
238.7670,43.7220,0,11,cpco_PAN,-0.1480,3.7330,0.1820,0.1910,1,0,1,0,0,0,0.0000,-2386104.6213,-3934810.6405,4400922.7919,9,-0.0533,3.8381,0.0947,0.1051,-0.2302,2.8411,0.4019,-0.9766,-0.5789,-0.0204,-0.0259,0.0000,0.0000,0.0000,0.0000,-0.1484,-0.1484,0.0000,0.1744,0.0000,0.0000
239.6860,47.4300,0,13,cpud_PAN,2.8480,2.8530,0.2100,0.2210,1,0,1,0,0,0,0.0000,-2174169.2644,-3718558.6199,4689313.5171,12,2.3139,1.4047,-0.5341,-1.4483,2.7642,1.0647,1.2097,-0.1500,-0.7594,-0.1900,0.0418,0.0000,0.0000,0.0000,0.0000,0.5723,0.5723,0.0000,-0.6141,0.0000,0.0000
241.4250,43.4160,0,6,cran_PAN,-2.2350,0.8160,0.1760,0.2180,1,0,1,0,0,0,0.0000,-2212274.4955,-4061814.3736,4376283.4703,3,-1.5595,1.2857,0.6755,0.4697,-1.9001,1.0151,-0.0681,-0.2702,-0.2724,-0.0004,0.0040,0.0000,0.0000,0.0000,0.0000,-0.0254,-0.0254,0.0000,0.0214,0.0000,0.0000
237.9460,47.0820,0,16,crbn_PAN,4.9000,4.9170,0.3280,0.3360,1,0,1,0,0,0,0.0000,-2301150.8071,-3674899.5307,4663064.4284,15,4.2855,3.8681,-0.6145,-1.0489,2.8267,3.4875,0.2546,-0.0508,-1.7135,-0.3299,-0.0398,0.0000,0.0000,0.0000,0.0000,0.1575,0.1575,0.0000,-0.1177,0.0000,0.0000
238.2680,46.8710,0,16,cshq_PAN,3.4440,4.0360,0.2260,0.2150,1,0,1,0,0,0,0.0000,-2289478.0761,-3702354.2001,4647065.2005,15,3.8281,3.6394,0.3841,-0.3966,2.6486,3.2763,0.2129,-0.1163,-1.3923,-0.2467,-0.0050,0.0000,0.0000,0.0000,0.0000,0.1091,0.1091,0.0000,-0.1040,0.0000,0.0000
242.3420,49.2580,0,14,cstl_PAN,1.0060,-0.6740,0.4110,0.4830,1,0,1,0,0,0,0.0000,-1929064.0628,-3680879.0329,4824333.4098,11,0.5156,0.2028,-0.4904,0.8768,0.1789,-0.0737,-0.0318,-0.1476,-0.3049,-0.1290,0.0350,0.0000,0.0000,0.0000,0.0000,0.0053,0.0053,0.0000,-0.0403,0.0000,0.0000
238.3130,47.9750,0,13,culm_PAN,3.7960,2.8430,0.1940,0.2580,1,0,1,0,0,0,0.0000,-2239113.6769,-3627274.5967,4730074.0379,12,4.0801,2.7275,0.2841,-0.1155,3.8872,3.0903,1.1265,0.8014,-1.3194,-0.4386,0.0172,0.0000,0.0000,0.0000,0.0000,0.2864,0.2864,0.0000,-0.3036,0.0000,0.0000
240.7240,46.2800,0,16,danp_PAN,1.7560,1.5580,0.1810,0.2590,1,0,1,0,0,0,0.0000,-2152048.0242,-3838671.2373,4601917.4151,15,1.6747,1.2681,-0.0813,-0.2899,2.1872,1.6631,1.0237,0.4720,-0.5112,-0.0771,0.0314,0.0000,0.0000,0.0000,0.0000,0.1693,0.1693,0.0000,-0.2007,0.0000,0.0000
236.6580,43.2110,0,4,dcso_PAN,0.4330,7.6130,0.1200,0.1200,1,0,1,0,0,0,0.0000,-2550764.4782,-3876971.5066,4359706.8680,8,0.8746,7.6798,0.4416,0.0668,-0.8647,7.3284,0.1334,-0.2617,-1.8727,-0.0898,-0.4603,0.0000,0.0000,0.0000,0.0000,0.3794,0.3794,0.0000,0.0809,0.0000,0.0000
242.5790,47.6660,0,14,dea1_PAN,1.2790,0.3370,0.1040,0.1250,1,0,1,0,0,0,0.0000,-1974807.3400,-3806374.3246,4707016.2452,11,0.4996,0.1811,-0.7794,-0.1559,0.0987,-0.0820,-0.0691,-0.1736,-0.3319,-0.0895,0.0345,0.0000,0.0000,0.0000,0.0000,-0.0080,-0.0080,0.0000,-0.0265,0.0000,0.0000
239.5270,40.2040,0,2,diam_PAN,-6.5190,6.3010,0.4250,0.3780,1,0,1,0,0,0,0.0000,-2466256.2603,-4191387.6228,4110255.6265,0,-7.0020,5.8677,-0.4830,-0.4333,-7.3603,6.5452,-0.1480,0.6256,-0.2103,0.0519,-0.0186,0.0000,0.0000,0.0000,0.0000,0.0836,0.0836,0.0000,-0.0650,0.0000,0.0000
242.8360,48.1370,0,14,dmnd_PAN,1.6150,0.0910,0.0840,0.1080,1,0,1,0,0,0,0.0000,-1939982.7709,-3780639.2630,4742107.6615,11,0.4786,0.1582,-1.1364,0.0672,0.1221,-0.0910,-0.0487,-0.1538,-0.3078,-0.0954,0.0341,0.0000,0.0000,0.0000,0.0000,-0.0050,-0.0050,0.0000,-0.0291,0.0000,0.0000
239.8530,40.0260,0,2,doyl_PAN,-6.5080,4.2620,0.4680,0.4360,1,0,1,0,0,0,0.0000,-2448769.6142,-4216373.9283,4095127.5602,0,-7.1000,5.3527,-0.5920,1.0907,-7.8484,5.8576,-0.5713,0.4590,-0.1772,0.0459,-0.0170,0.0000,0.0000,0.0000,0.0000,0.0458,0.0458,0.0000,-0.0288,0.0000,0.0000
240.3750,49.3230,0,14,drao_PAN,1.9510,1.1510,0.0490,0.0680,1,0,1,0,0,0,0.0000,-2051562.6892,-3607737.2315,4829044.8395,11,0.7198,0.4483,-1.2312,-0.7027,0.1832,-0.0046,-0.0704,-0.2302,-0.4662,-0.2227,0.0425,0.0000,0.0000,0.0000,0.0000,0.0144,0.0144,0.0000,-0.0569,0.0000,0.0000
240.1480,40.4010,0,12,dryv_PAN,-4.7580,4.9370,0.1340,0.1480,1,0,1,0,0,0,0.0000,-2413635.1596,-4205589.3818,4126952.2325,10,-5.1908,3.7551,-0.4328,-1.1819,-5.1663,3.1654,0.2132,-0.6277,-0.1887,0.0380,-0.0141,0.0000,0.0000,0.0000,0.0000,-0.0103,-0.0103,0.0000,0.0245,0.0000,0.0000
245.9610,44.3830,0,21,dvcg_PAN,-0.5360,0.0660,0.1660,0.1470,1,0,1,0,0,0,0.0000,-1853760.4376,-4155998.4870,4453717.5794,21,-1.8277,-0.2462,-1.2917,-0.3122,-2.8880,-0.5940,-0.9156,-0.3378,-0.1447,-0.0101,0.0132,0.0000,0.0000,0.0000,0.0000,-0.1859,-0.1859,0.0000,0.1727,0.0000,0.0000
241.8520,47.6560,0,14,dvpt_PAN,1.8700,0.3680,0.0590,0.0750,1,0,1,0,0,0,0.0000,-2023331.9480,-3781735.4715,4706267.7477,11,0.6010,0.2650,-1.2690,-0.1030,0.0989,-0.0565,-0.1075,-0.2146,-0.3945,-0.1068,0.0378,0.0000,0.0000,0.0000,0.0000,-0.0054,-0.0054,0.0000,-0.0323,0.0000,0.0000
237.9200,47.7740,0,8,dwh1_PAN,4.1900,5.1520,0.3090,0.6650,1,0,1,0,0,0,0.0000,-2272739.7822,-3625868.6363,4715090.8768,5,4.4895,3.5309,0.2995,-1.6211,3.2276,2.5970,0.4487,-0.4199,-1.7107,-0.5140,-0.0272,0.0000,0.0000,0.0000,0.0000,-0.0818,-0.0818,0.0000,0.1091,0.0000,0.0000
242.6850,40.9010,0,17,edna_PAN,-3.6910,1.5080,0.2440,0.2230,1,0,1,0,0,0,0.0000,-2208500.0571,-4276143.3135,4169109.8956,17,-3.1391,0.3963,0.5519,-1.1117,-2.8876,0.0582,0.3818,-0.3547,-0.1303,0.0166,-0.0034,0.0000,0.0000,0.0000,0.0000,-0.0911,-0.0911,0.0000,0.0945,0.0000,0.0000
242.0720,45.5650,0,14,elg2_PAN,0.8700,0.4950,0.1410,0.1200,1,0,1,0,0,0,0.0000,-2087884.0122,-3938671.0551,4546642.9520,11,0.3129,0.3338,-0.5571,-0.1612,-0.0064,-0.0642,0.0156,-0.3610,-0.3349,-0.0371,0.0234,0.0000,0.0000,0.0000,0.0000,0.1631,0.1631,0.0000,-0.1865,0.0000,0.0000
242.0720,45.5650,0,14,elgn_PAN,1.6680,1.2630,0.2150,0.1660,1,0,1,0,0,0,0.0000,-2087884.0122,-3938671.0551,4546642.9520,11,0.3129,0.3338,-1.3551,-0.9292,-0.0064,-0.0642,0.0156,-0.3610,-0.3349,-0.0371,0.0234,0.0000,0.0000,0.0000,0.0000,0.1631,0.1631,0.0000,-0.1865,0.0000,0.0000
242.7120,45.4310,0,14,entr_PAN,0.8400,0.1120,0.0880,0.1700,1,0,1,0,0,0,0.0000,-2048628.7374,-3971185.9635,4536204.7794,11,0.3962,0.4035,-0.4438,0.2915,-0.0137,-0.0867,-0.1232,-0.4596,-0.2868,-0.0305,0.0217,0.0000,0.0000,0.0000,0.0000,0.2099,0.2099,0.0000,-0.2316,0.0000,0.0000
240.4550,47.3290,0,14,ephr_PAN,1.9080,0.9650,0.0530,0.0770,1,0,1,0,0,0,0.0000,-2128138.8387,-3754589.1552,4681713.0220,11,1.1146,0.6092,-0.7934,-0.3558,0.0830,-0.0074,-0.4459,-0.4757,-0.5857,-0.1409,0.0414,0.0000,0.0000,0.0000,0.0000,0.0752,0.0752,0.0000,-0.1166,0.0000,0.0000
236.1290,44.8350,0,15,euch_PAN,7.2030,8.5500,0.3450,0.2980,1,0,1,0,0,0,0.0000,-2516550.9948,-3749120.6337,4489478.4804,14,7.2988,8.9903,0.0958,0.4403,2.7717,6.7752,0.3740,-0.1758,-4.9011,-2.0393,-1.2155,0.0000,0.0000,0.0000,0.0000,1.2028,1.2028,0.0000,0.0127,0.0000,0.0000
212.5010,64.9780,0,14,fair_PAN,2.5860,-4.0370,0.1270,0.1420,1,0,1,0,0,0,0.0000,-2271408.4328,-1447102.4966,5769830.9817,11,0.1544,2.4190,-2.4316,6.4560,0.7425,0.9370,0.5870,-1.4816,0.0011,-0.0004,-0.0049,0.0000,0.0000,0.0000,0.0000,-0.0372,-0.0372,0.0000,0.0421,0.0000,0.0000
241.2660,40.5130,0,12,farr_PAN,-5.2540,4.1050,0.3020,0.5670,1,0,1,0,0,0,0.0000,-2327235.4161,-4244800.5518,4136422.9783,10,-4.7298,2.5009,0.5242,-1.6041,-5.0048,2.2643,-0.1241,-0.2623,-0.1509,0.0258,-0.0090,0.0000,0.0000,0.0000,0.0000,-0.0339,-0.0339,0.0000,0.0429,0.0000,0.0000
242.3460,47.6360,0,14,farw_PAN,1.2940,0.3490,0.6090,0.6090,1,0,1,0,0,0,0.0000,-1991413.6543,-3800494.6164,4704770.3227,11,0.5282,0.2056,-0.7658,-0.1434,0.0975,-0.0738,-0.0804,-0.1856,-0.3504,-0.0938,0.0354,0.0000,0.0000,0.0000,0.0000,-0.0077,-0.0077,0.0000,-0.0277,0.0000,0.0000
239.6920,40.0770,0,2,feri_PAN,-7.1480,6.5220,0.4450,0.5360,1,0,1,0,0,0,0.0000,-2458767.3667,-4206327.6837,4099466.0524,0,-7.2008,5.7279,-0.0528,-0.7941,-7.7130,6.1972,-0.3227,0.4203,-0.1894,0.0490,-0.0179,0.0000,0.0000,0.0000,0.0000,0.0398,0.0398,0.0000,-0.0220,0.0000,0.0000
241.9070,40.3320,0,12,fitt_PAN,-4.3200,1.9090,0.2300,0.2370,1,0,1,0,0,0,0.0000,-2285743.7949,-4282076.7634,4121109.7241,10,-4.7102,1.8568,-0.3902,-0.0522,-5.1958,1.7472,-0.3579,-0.1319,-0.1277,0.0224,-0.0074,0.0000,0.0000,0.0000,0.0000,-0.0828,-0.0828,0.0000,0.0902,0.0000,0.0000
240.1800,40.1580,0,12,flan_PAN,-5.7550,4.7220,0.2850,0.2570,1,0,1,0,0,0,0.0000,-2419968.0750,-4222084.3548,4106349.9216,10,-5.6713,4.0259,0.0837,-0.6961,-5.4408,3.1396,0.4020,-0.9257,-0.1715,0.0395,-0.0147,0.0000,0.0000,0.0000,0.0000,0.0690,0.0690,0.0000,-0.0542,0.0000,0.0000
239.7200,40.4180,0,12,flem_PAN,-5.5270,5.0910,0.2590,0.1550,1,0,1,0,0,0,0.0000,-2444365.7891,-4186384.7148,4128390.7725,10,-5.4462,4.5845,0.0808,-0.5065,-5.1632,3.5101,0.4983,-1.1194,-0.2152,0.0450,-0.0166,0.0000,0.0000,0.0000,0.0000,0.0793,0.0793,0.0000,-0.0627,0.0000,0.0000
239.2080,41.1090,0,3,fost_PAN,-6.1290,4.6430,0.4230,0.4600,1,0,1,0,0,0,0.0000,-2456009.4348,-4121302.3933,4186554.1559,2,-5.5827,4.3600,0.5463,-0.2830,-6.3184,3.9048,-0.4144,-0.4921,-0.3212,0.0369,-0.0193,0.0000,0.0000,0.0000,0.0000,-0.0845,-0.0845,0.0000,0.1038,0.0000,0.0000
240.5280,40.5750,0,12,foxr_PAN,-5.9310,4.5790,0.3930,0.7410,1,0,1,0,0,0,0.0000,-2379512.5361,-4210573.9463,4141658.9183,10,-4.8283,3.2087,1.1027,-1.3703,-4.9559,2.8593,0.0534,-0.3811,-0.1809,0.0317,-0.0118,0.0000,0.0000,0.0000,0.0000,-0.0275,-0.0275,0.0000,0.0393,0.0000,0.0000
238.0400,47.0080,0,16,frfx_PAN,3.4950,3.6250,0.2830,0.3320,1,0,1,0,0,0,0.0000,-2298304.6222,-3683776.4435,4657460.5139,15,4.1454,3.8230,0.6504,0.1980,2.7635,3.4258,0.2247,-0.0977,-1.6066,-0.2994,-0.0270,0.0000,0.0000,0.0000,0.0000,0.1366,0.1366,0.0000,-0.1095,0.0000,0.0000
236.9730,48.5310,0,14,frid_PAN,5.7230,3.4580,0.1870,0.2430,1,0,1,0,0,0,0.0000,-2298199.6772,-3535268.8139,4771216.2096,13,6.0581,3.8827,0.3351,0.4247,6.1456,4.6562,2.4380,1.9958,-2.3505,-1.2223,-0.1789,0.0000,0.0000,0.0000,0.0000,-0.0348,-0.0348,0.0000,0.2137,0.0000,0.0000
242.7780,44.2920,0,12,fwbd_PAN,-0.4580,0.3370,0.0930,0.1240,1,0,1,0,0,0,0.0000,-2084896.6262,-4052941.4686,4446484.3384,10,-0.4966,0.9578,-0.0386,0.6208,-0.6759,1.0443,0.0634,0.0973,-0.2427,-0.0108,0.0135,0.0000,0.0000,0.0000,0.0000,-0.0356,-0.0356,0.0000,0.0221,0.0000,0.0000
241.0210,40.6260,0,12,garr_PAN,-3.5410,3.6390,0.4600,0.4710,1,0,1,0,0,0,0.0000,-2341408.0988,-4227665.6046,4145962.2661,10,-4.6497,2.7107,-1.1087,-0.9283,-4.8831,2.4619,-0.0694,-0.2757,-0.1639,0.0269,-0.0095,0.0000,0.0000,0.0000,0.0000,-0.0303,-0.0303,0.0000,0.0398,0.0000,0.0000
236.1980,46.9530,0,9,ghcl_PAN,10.2400,7.9090,0.2110,0.2220,1,0,1,0,0,0,0.0000,-2418012.3368,-3611710.9756,4653290.4089,6,9.7800,7.5226,-0.4600,-0.3864,2.5953,5.6078,0.2363,0.2337,-7.4210,-2.1485,-1.8596,0.0000,0.0000,0.0000,0.0000,1.9932,1.9932,0.0000,-0.1336,0.0000,0.0000
242.4000,40.4620,0,12,golm_PAN,-3.2210,-0.0790,0.3200,0.2940,1,0,1,0,0,0,0.0000,-2244476.7855,-4293288.1139,4132112.3643,10,-4.0889,0.9561,-0.8679,1.0351,-5.0395,1.3494,-0.8284,0.3739,-0.1222,0.0194,-0.0055,0.0000,0.0000,0.0000,0.0000,-0.3539,-0.3539,0.0000,0.3594,0.0000,0.0000
239.1980,45.8290,0,6,goly_PAN,2.1810,2.5680,0.0650,0.0810,1,0,1,0,0,0,0.0000,-2271989.9764,-3810996.1775,4567134.8944,3,1.7009,2.8521,-0.4801,0.2841,0.6899,2.7339,-0.2175,-0.0292,-0.7935,-0.0890,0.0166,0.0000,0.0000,0.0000,0.0000,0.0319,0.0319,0.0000,-0.0485,0.0000,0.0000
240.1510,47.0890,0,14,gorg_PAN,2.2620,1.1990,0.3450,0.2930,1,0,1,0,0,0,0.0000,-2157771.5836,-3760221.1482,4663594.1259,11,1.7394,0.9608,-0.5226,-0.2382,0.0710,0.0033,-1.0244,-0.8184,-0.6441,-0.1392,0.0397,0.0000,0.0000,0.0000,0.0000,0.5251,0.5251,0.0000,-0.5648,0.0000,0.0000
240.9510,40.0870,0,12,gran_PAN,-4.3010,3.6530,0.2240,0.3660,1,0,1,0,0,0,0.0000,-2365405.2177,-4258710.5320,4100316.3564,10,-5.3122,2.9640,-1.0112,-0.6890,-5.4968,2.5183,-0.0438,-0.4761,-0.1408,0.0304,-0.0115,0.0000,0.0000,0.0000,0.0000,-0.0087,-0.0087,0.0000,0.0201,0.0000,0.0000
239.3950,41.3500,0,3,grav_PAN,-5.0310,4.9530,0.7010,0.5470,1,0,1,0,0,0,0.0000,-2433558.4594,-4114103.1866,4206697.0007,2,-4.9619,3.9374,0.0691,-1.0156,-5.7689,3.6018,-0.4928,-0.3633,-0.3142,0.0278,-0.0175,0.0000,0.0000,0.0000,0.0000,-0.1277,-0.1277,0.0000,0.1451,0.0000,0.0000
242.3350,48.1440,0,14,grck_PAN,1.5470,0.2900,0.0970,0.1090,1,0,1,0,0,0,0.0000,-1972697.4602,-3763018.3930,4742626.7791,11,0.5295,0.2067,-1.0175,-0.0833,0.1230,-0.0734,-0.0627,-0.1722,-0.3438,-0.1080,0.0364,0.0000,0.0000,0.0000,0.0000,-0.0045,-0.0045,0.0000,-0.0319,0.0000,0.0000
230.0420,53.8470,0,14,grnb_PAN,-1.3000,0.3770,0.2750,0.3510,1,0,1,0,0,0,0.0000,-2412478.3521,-2879363.5979,5141358.2771,11,0.3545,1.4966,1.6545,1.1196,0.3837,0.3565,0.0309,-1.1320,-0.0017,-0.0081,-0.0461,0.0000,0.0000,0.0000,0.0000,0.0924,0.0924,0.0000,-0.0464,0.0000,0.0000
239.2130,45.3640,0,6,grsv_PAN,1.6450,2.5630,0.0670,0.0790,1,0,1,0,0,0,0.0000,-2289889.2720,-3843307.3752,4530976.3852,3,1.0876,2.9176,-0.5574,0.3546,0.1816,2.7223,-0.1819,-0.1324,-0.7241,-0.0629,0.0091,0.0000,0.0000,0.0000,0.0000,0.0048,0.0048,0.0000,-0.0139,0.0000,0.0000
242.9000,44.8720,0,12,half_PAN,0.3310,0.4500,0.0750,0.1000,1,0,1,0,0,0,0.0000,-2055651.2461,-4017094.7629,4492393.4691,10,0.1003,0.8762,-0.2307,0.4262,-0.0137,0.9458,0.1436,0.0891,-0.2576,-0.0195,0.0176,0.0000,0.0000,0.0000,0.0000,-0.0029,-0.0029,0.0000,-0.0147,0.0000,0.0000
239.2710,40.7830,0,3,heav_PAN,-6.4470,5.3050,0.5100,0.4510,1,0,1,0,0,0,0.0000,-2463608.3709,-4144409.5514,4159189.1910,2,-6.0027,4.6356,0.4443,-0.6694,-7.0478,3.8027,-0.7586,-0.8795,-0.2865,0.0466,-0.0190,0.0000,0.0000,0.0000,0.0000,-0.1015,-0.1015,0.0000,0.1206,0.0000,0.0000
237.1640,47.0490,0,16,hgp1_PAN,5.5660,5.6450,0.3070,0.3080,1,0,1,0,0,0,0.0000,-2352547.6079,-3645407.0486,4660566.3459,15,5.8842,5.1911,0.3182,-0.4539,2.7593,3.9997,-0.0112,-0.6561,-3.1137,-0.5353,-0.3772,0.0000,0.0000,0.0000,0.0000,0.9242,0.9242,0.0000,-0.5470,0.0000,0.0000
240.0630,40.0800,0,12,hony_PAN,-5.5690,4.6010,0.2430,0.2700,1,0,1,0,0,0,0.0000,-2431372.1959,-4221974.3182,4099721.1567,10,-6.2299,4.5067,-0.6609,-0.0943,-5.5334,3.2339,0.8679,-1.3146,-0.1714,0.0418,-0.0156,0.0000,0.0000,0.0000,0.0000,0.1419,0.1419,0.0000,-0.1262,0.0000,0.0000
239.5050,40.5920,0,12,hors_PAN,-5.8050,6.1590,0.4590,0.3080,1,0,1,0,0,0,0.0000,-2453684.1731,-4166360.4939,4143093.7323,10,-5.4187,4.7669,0.3863,-1.3921,-4.9746,3.6832,0.6903,-1.1302,-0.2462,0.0464,-0.0175,0.0000,0.0000,0.0000,0.0000,-0.0627,-0.0627,0.0000,0.0803,0.0000,0.0000
242.5260,41.1540,0,17,hots_PAN,-3.6360,0.1400,0.2620,0.2310,1,0,1,0,0,0,0.0000,-2211843.3959,-4253623.2773,4190320.9028,17,-3.1001,0.5086,0.5359,0.3686,-2.8174,0.0863,0.4243,-0.4383,-0.1416,0.0160,-0.0030,0.0000,0.0000,0.0000,0.0000,-0.1262,-0.1262,0.0000,0.1292,0.0000,0.0000
242.3920,43.8660,0,6,hrpr_PAN,-1.0930,0.4280,0.2060,0.2430,1,0,1,0,0,0,0.0000,-2127415.8224,-4067987.6200,4412474.3743,3,-1.0947,0.8490,-0.0017,0.4210,-1.3999,0.2681,-0.0613,-0.5754,-0.2439,-0.0055,0.0100,0.0000,0.0000,0.0000,0.0000,0.0269,0.0269,0.0000,-0.0369,0.0000,0.0000
239.0340,47.1920,0,13,htch_PAN,3.6250,-0.2760,0.5210,0.7330,1,0,1,0,0,0,0.0000,-2226346.3893,-3710248.0107,4671380.1938,12,3.1054,2.5188,-0.5196,2.7948,2.2446,2.0267,0.1228,-0.2755,-0.9836,-0.2165,0.0322,0.0000,0.0000,0.0000,0.0000,0.1894,0.1894,0.0000,-0.2216,0.0000,0.0000
239.5980,35.8810,0,1,hunt_PAN,-14.7110,19.2980,0.1920,0.1760,1,0,1,0,0,0,0.0000,-2610850.9049,-4449731.7485,3731982.9019,1,-9.1673,9.7405,5.5437,-9.5575,-9.8811,7.7609,-0.6952,-1.9918,-0.0186,0.0123,-0.0192,0.0000,0.0000,0.0000,0.0000,0.0472,0.0472,0.0000,-0.0281,0.0000,0.0000
230.8450,53.5990,0,14,hwkb_PAN,-1.8360,0.1950,0.3490,0.3850,1,0,1,0,0,0,0.0000,-2385917.8148,-2930119.8518,5125050.7604,11,0.3756,1.2997,2.2116,1.1047,0.3753,0.3287,0.0065,-0.9544,-0.0069,-0.0166,-0.0512,0.0000,0.0000,0.0000,0.0000,0.0984,0.0984,0.0000,-0.0472,0.0000,0.0000
247.9580,43.4820,0,14,idbb_PAN,-0.5340,-0.4140,0.2870,0.2060,1,0,1,0,0,0,0.0000,-1733881.2943,-4282465.9727,4381608.4160,11,-0.4293,-0.2945,0.1047,0.1195,-0.1229,-0.2702,0.4066,0.0285,-0.1001,-0.0042,0.0093,0.0000,0.0000,0.0000,0.0000,-0.0628,-0.0628,0.0000,0.0535,0.0000,0.0000
248.2160,43.8200,0,14,idby_PAN,-1.5770,-1.7710,0.0610,0.0850,1,0,1,0,0,0,0.0000,-1704957.8458,-4266153.3782,4408787.3117,11,-0.2357,-0.2720,1.3413,1.4990,-0.1068,-0.2792,0.2295,-0.0012,-0.1007,-0.0059,0.0101,0.0000,0.0000,0.0000,0.0000,-0.0260,-0.0260,0.0000,0.0160,0.0000,0.0000
245.7800,44.5150,0,21,idch_PAN,-5.5200,14.9040,0.1900,0.2210,1,0,1,0,0,0,0.0000,-1862665.8707,-4140753.1824,4464189.7807,21,-1.7448,-0.2630,3.7752,-15.1670,-2.8780,-0.5919,-0.9824,-0.3177,-0.1508,-0.0113,0.0138,0.0000,0.0000,0.0000,0.0000,-0.1725,-0.1725,0.0000,0.1587,0.0000,0.0000
248.8900,43.7460,0,14,iddr_PAN,-1.8810,-0.7880,0.1510,0.1920,1,0,1,0,0,0,0.0000,-1656705.4804,-4291222.4826,4402849.9881,11,-0.1614,-0.2638,1.7196,0.5242,-0.1129,-0.3026,0.1406,-0.0332,-0.0921,-0.0056,0.0095,0.0000,0.0000,0.0000,0.0000,-0.0119,-0.0119,0.0000,0.0024,0.0000,0.0000
247.9480,43.5190,0,14,idif_PAN,-1.7450,-1.5540,0.0700,0.0780,1,0,1,0,0,0,0.0000,-1733566.0004,-4279539.8739,4384591.0700,11,-0.4209,-0.2947,1.3241,1.2593,-0.1210,-0.2698,0.4006,0.0292,-0.1007,-0.0043,0.0094,0.0000,0.0000,0.0000,0.0000,-0.0618,-0.0618,0.0000,0.0524,0.0000,0.0000
248.7030,43.4090,0,14,idir_PAN,0.5620,-0.9150,0.3440,0.3610,1,0,1,0,0,0,0.0000,-1680078.8974,-4309846.3048,4375718.3627,11,-0.2298,-0.2631,-0.7918,0.6519,-0.1291,-0.2961,0.1916,-0.0290,-0.0909,-0.0040,0.0089,0.0000,0.0000,0.0000,0.0000,-0.0171,-0.0171,0.0000,0.0082,0.0000,0.0000
243.8790,45.9400,0,14,idnp_PAN,0.7270,0.2860,0.0680,0.0930,1,0,1,0,0,0,0.0000,-1949504.8124,-3975745.4130,4575721.8948,11,0.2790,0.0958,-0.4480,-0.1902,0.0103,-0.1276,-0.0304,-0.1890,-0.2383,-0.0344,0.0228,0.0000,0.0000,0.0000,0.0000,-0.0138,-0.0138,0.0000,-0.0090,0.0000,0.0000
247.5680,42.8660,0,14,idpo_PAN,-2.7430,-0.2170,0.1400,0.1760,1,0,1,0,0,0,0.0000,-1780864.1470,-4313860.2275,4331683.7707,11,-1.4268,-0.3823,1.3162,-0.1653,-0.1525,-0.2566,1.3718,0.1267,-0.0974,-0.0010,0.0078,0.0000,0.0000,0.0000,0.0000,-0.8421,-0.8421,0.0000,0.8343,0.0000,0.0000
246.1030,45.1920,0,14,idsn_PAN,0.4740,0.4330,0.0830,0.1240,1,0,1,0,0,0,0.0000,-1817797.3451,-4102672.8037,4517525.8870,11,0.0199,-0.2096,-0.4541,-0.6426,-0.0319,-0.2055,0.1016,0.0214,-0.1534,-0.0173,0.0159,0.0000,0.0000,0.0000,0.0000,-0.0326,-0.0326,0.0000,0.0167,0.0000,0.0000
248.4160,42.6860,0,14,idss_PAN,-1.6220,-0.3450,0.1870,0.1990,1,0,1,0,0,0,0.0000,-1721822.1753,-4352377.0015,4317000.6133,11,-0.4305,-0.2621,1.1915,0.0829,-0.1642,-0.2861,0.3527,-0.0231,-0.0864,-0.0009,0.0073,0.0000,0.0000,0.0000,0.0000,-0.0422,-0.0422,0.0000,0.0350,0.0000,0.0000
243.7170,43.6530,0,12,idtd_PAN,-1.7710,-0.2680,0.0790,0.0780,1,0,1,0,0,0,0.0000,-2040030.1979,-4130772.5940,4395377.8028,10,-1.4021,0.3595,0.3689,0.6275,-1.3963,0.2862,0.1922,-0.0698,-0.1864,-0.0034,0.0103,0.0000,0.0000,0.0000,0.0000,0.0353,0.0353,0.0000,-0.0456,0.0000,0.0000
243.0700,47.7140,0,14,inw1_PAN,1.1520,-0.0140,0.1850,0.2230,1,0,1,0,0,0,0.0000,-1940329.6222,-3819640.5281,4710607.0368,11,0.4494,0.1352,-0.7026,0.1492,0.1006,-0.0992,-0.0513,-0.1534,-0.2976,-0.0810,0.0325,0.0000,0.0000,0.0000,0.0000,-0.0080,-0.0080,0.0000,-0.0245,0.0000,0.0000
242.9370,41.1520,0,17,jake_PAN,-3.4300,0.4320,0.3130,0.3800,1,0,1,0,0,0,0.0000,-2181340.7687,-4269510.1789,4190153.5467,17,-2.8937,0.2819,0.5363,-0.1501,-2.8178,0.0137,0.2086,-0.2829,-0.1327,0.0147,-0.0020,0.0000,0.0000,0.0000,0.0000,-0.0446,-0.0446,0.0000,0.0466,0.0000,0.0000
228.8020,52.2930,0,14,jedy_PAN,-4.4880,5.9900,0.4300,0.5730,1,0,1,0,0,0,0.0000,-2565150.6891,-2930354.4112,5037596.2947,11,-1.0868,8.9080,3.4012,2.9180,0.3002,0.3993,1.3645,-8.5177,0.0225,0.0090,-0.0598,0.0000,0.0000,0.0000,0.0000,1.1836,1.1836,0.0000,-1.1238,0.0000,0.0000
242.5620,40.2780,0,17,jers_PAN,-2.8180,0.4620,0.2020,0.1890,1,0,1,0,0,0,0.0000,-2238431.9349,-4311372.0210,4116533.1568,17,-3.3124,0.5996,-0.4944,0.1376,-3.0604,0.0800,0.3657,-0.5388,-0.1137,0.0192,-0.0056,0.0000,0.0000,0.0000,0.0000,0.5027,0.5027,0.0000,-0.4971,0.0000,0.0000
235.9460,48.4330,0,8,jord_PAN,7.7660,5.2290,0.2730,0.3500,1,0,1,0,0,0,0.0000,-2365761.5156,-3500265.1507,4763997.0390,16,8.0414,6.1653,0.2754,0.9363,1.6076,1.3795,-0.8577,-1.4154,-5.5762,-3.3704,-2.1188,0.0000,0.0000,0.0000,0.0000,2.0830,2.0830,0.0000,0.0359,0.0000,0.0000
237.7820,46.2750,0,9,jro1_PAN,4.3170,5.6700,0.0910,0.2520,1,0,1,0,0,0,0.0000,-2346445.6279,-3723497.7006,4601533.3586,6,3.9056,5.1761,-0.4114,-0.4939,2.7393,5.6046,0.5057,0.6575,-1.6719,-0.2290,-0.0575,0.0000,0.0000,0.0000,0.0000,0.2113,0.2113,0.0000,-0.1538,0.0000,0.0000
241.5880,40.9080,0,12,jung_PAN,-4.5470,1.2080,0.2920,0.2310,1,0,1,0,0,0,0.0000,-2289720.0605,-4232629.5950,4169697.8568,10,-4.1665,2.1374,0.3805,0.9294,-4.5483,2.0046,-0.2244,-0.1542,-0.1575,0.0214,-0.0066,0.0000,0.0000,0.0000,0.0000,-0.0477,-0.0477,0.0000,0.0543,0.0000,0.0000
240.9320,40.3230,0,12,juni_PAN,-4.1820,3.6940,0.2810,0.3870,1,0,1,0,0,0,0.0000,-2358591.7471,-4243128.0022,4120347.2170,10,-5.0370,2.8796,-0.8550,-0.8144,-5.2295,2.5336,-0.0399,-0.3755,-0.1526,0.0295,-0.0108,0.0000,0.0000,0.0000,0.0000,-0.0231,-0.0231,0.0000,0.0339,0.0000,0.0000
241.9220,43.7440,0,6,junt_PAN,-0.9710,0.9710,0.1620,0.1840,1,0,1,0,0,0,0.0000,-2165131.0700,-4058680.1797,4402689.4179,3,-1.2268,0.9715,-0.2558,0.0005,-1.5361,0.6312,-0.0476,-0.3362,-0.2617,-0.0041,0.0081,0.0000,0.0000,0.0000,0.0000,-0.0155,-0.0155,0.0000,0.0075,0.0000,0.0000
241.4420,46.6430,0,14,kahl_PAN,2.0120,1.0120,0.3350,0.3720,1,0,1,0,0,0,0.0000,-2089796.2033,-3839651.6427,4629706.0979,11,0.8558,0.4219,-1.1562,-0.5901,0.0482,-0.0421,-0.3762,-0.3852,-0.4314,-0.0788,0.0336,0.0000,0.0000,0.0000,0.0000,0.0496,0.0496,0.0000,-0.0833,0.0000,0.0000
240.5640,48.9560,0,14,kana_PAN,3.5440,1.7270,0.5360,0.6940,1,0,1,0,0,0,0.0000,-2054810.3078,-3641349.3242,4802362.0396,11,0.7400,0.4356,-2.8040,-1.2914,0.1647,-0.0112,-0.0938,-0.2415,-0.4815,-0.2054,0.0437,0.0000,0.0000,0.0000,0.0000,0.0100,0.0100,0.0000,-0.0537,0.0000,0.0000
309.0550,66.9870,0,47,kely_PAN,-1.9850,-1.0260,0.1230,0.1030,1,0,1,0,0,0,0.0000,1568416.4109,-1933035.9412,5860699.0602,48,-0.3748,-0.0598,1.6102,0.9662,-0.3852,-0.0939,-0.0072,-0.0312,-0.0032,-0.0028,0.0002,0.0000,0.0000,0.0000,0.0000,0.0013,0.0013,0.0000,-0.0016,0.0000,0.0000
240.8410,46.1980,0,16,keni_PAN,1.6190,0.8690,0.0740,0.0850,1,0,1,0,0,0,0.0000,-2147411.6342,-3848805.3235,4595614.4656,15,1.3449,1.1057,-0.2741,0.2367,2.1148,1.5861,1.2603,0.5517,-0.4904,-0.0714,0.0305,0.0000,0.0000,0.0000,0.0000,0.2620,0.2620,0.0000,-0.2925,0.0000,0.0000
242.0880,40.0630,0,12,kitt_PAN,-4.6770,2.2200,0.2530,0.2610,1,0,1,0,0,0,0.0000,-2281237.3077,-4306326.3245,4098275.4171,10,-4.7268,1.5642,-0.0498,-0.6558,-5.4977,1.6012,-0.6559,0.0149,-0.1150,0.0221,-0.0076,0.0000,0.0000,0.0000,0.0000,-0.1960,-0.1960,0.0000,0.2036,0.0000,0.0000
242.7280,48.3460,0,14,klsp_PAN,2.4910,1.3000,0.5080,0.5500,1,0,1,0,0,0,0.0000,-1939166.5288,-3761575.5265,4757576.5043,11,0.4900,0.1687,-2.0010,-1.1313,0.1327,-0.0872,-0.0464,-0.1535,-0.3109,-0.1025,0.0347,0.0000,0.0000,0.0000,0.0000,-0.0034,-0.0034,0.0000,-0.0313,0.0000,0.0000
241.4420,46.6430,0,14,klts_PAN,0.9680,1.3250,0.0790,0.1630,1,0,1,0,0,0,0.0000,-2089796.2033,-3839651.6427,4629706.0979,11,0.8558,0.4219,-0.1122,-0.9031,0.0482,-0.0421,-0.3762,-0.3852,-0.4314,-0.0788,0.0336,0.0000,0.0000,0.0000,0.0000,0.0496,0.0496,0.0000,-0.0833,0.0000,0.0000
243.1900,47.7710,0,14,koot_PAN,1.4570,0.7770,0.1710,0.1310,1,0,1,0,0,0,0.0000,-1930210.9076,-3819511.5265,4714866.8075,11,0.4401,0.1253,-1.0169,-0.6517,0.1033,-0.1035,-0.0471,-0.1486,-0.2897,-0.0802,0.0321,0.0000,0.0000,0.0000,0.0000,-0.0076,-0.0076,0.0000,-0.0245,0.0000,0.0000
231.4020,54.0860,0,14,ktmt_PAN,0.2560,0.8160,0.1320,0.1640,1,0,1,0,0,0,0.0000,-2330059.5351,-2919024.1398,5156982.8481,11,0.4460,1.0253,0.1900,0.2093,0.4019,0.3094,-0.0327,-0.6923,-0.0114,-0.0236,-0.0433,0.0000,0.0000,0.0000,0.0000,0.0921,0.0921,0.0000,-0.0488,0.0000,0.0000
241.0300,40.4440,0,12,kumi_PAN,-4.9330,4.2450,0.3630,0.3960,1,0,1,0,0,0,0.0000,-2347110.9090,-4239533.7633,4130590.1893,10,-4.8668,2.7452,0.0662,-1.4998,-5.0894,2.4546,-0.0675,-0.3186,-0.1552,0.0280,-0.0101,0.0000,0.0000,0.0000,0.0000,-0.0281,-0.0281,0.0000,0.0382,0.0000,0.0000
238.6880,43.7520,0,11,kwbu_PAN,0.1010,4.1530,0.1130,0.1100,1,0,1,0,0,0,0.0000,-2390329.8309,-3929547.6834,4403331.6665,9,0.0753,3.8397,-0.0257,-0.3133,-0.1516,2.9959,0.3725,-0.8213,-0.5993,-0.0225,-0.0280,0.0000,0.0000,0.0000,0.0000,-0.0349,-0.0349,0.0000,0.0629,0.0000,0.0000
242.1450,40.4010,0,12,kyle_PAN,-3.5940,1.5120,0.2150,0.4360,1,0,1,0,0,0,0.0000,-2265616.3629,-4287143.4812,4126952.2325,10,-4.4585,1.5332,-0.8645,0.0212,-5.1130,1.5552,-0.5293,0.0011,-0.1252,0.0209,-0.0064,0.0000,0.0000,0.0000,0.0000,-0.1455,-0.1455,0.0000,0.1519,0.0000,0.0000
238.4940,43.6650,0,11,lapn_PAN,0.0010,3.8890,0.0730,0.0730,1,0,1,0,0,0,0.0000,-2407112.6550,-3927127.6794,4396342.6069,9,-0.0075,3.9914,-0.0085,0.1024,-0.3952,3.3760,0.2434,-0.5901,-0.6311,-0.0254,-0.0354,0.0000,0.0000,0.0000,0.0000,0.1396,0.1396,0.0000,-0.1042,0.0000,0.0000
242.1210,46.8200,0,14,lcrs_PAN,1.6150,-0.6840,0.1290,0.2330,1,0,1,0,0,0,0.0000,-2037450.0804,-3851486.4721,4643188.6228,11,0.5656,0.2387,-1.0494,0.9227,0.0567,-0.0659,-0.1421,-0.2316,-0.3668,-0.0730,0.0327,0.0000,0.0000,0.0000,0.0000,-0.0059,-0.0059,0.0000,-0.0268,0.0000,0.0000
239.5570,41.2280,0,3,like_PAN,-4.6660,4.7460,0.2350,0.2420,1,0,1,0,0,0,0.0000,-2426449.4078,-4128680.5222,4196509.4875,2,-5.0099,3.7485,-0.3439,-0.9975,-6.0365,3.3393,-0.7379,-0.4394,-0.2887,0.0302,-0.0161,0.0000,0.0000,0.0000,0.0000,-0.2178,-0.2178,0.0000,0.2339,0.0000,0.0000
239.6530,42.1720,0,6,lkvw_PAN,-4.4420,2.7470,0.2050,0.1690,1,0,1,0,0,0,0.0000,-2384268.8695,-4072514.4049,4274837.9901,3,-3.2520,2.9037,1.1900,0.1567,-3.2966,2.3830,0.2864,-0.5305,-0.3309,0.0098,-0.0150,0.0000,0.0000,0.0000,0.0000,-0.2736,-0.2736,0.0000,0.2886,0.0000,0.0000
239.7150,46.3690,0,16,lmid_PAN,2.0600,2.0320,0.0860,0.1040,1,0,1,0,0,0,0.0000,-2215703.6623,-3794002.2253,4608747.7537,15,2.4854,2.2263,0.4254,0.1943,2.2429,2.3264,0.4678,0.2073,-0.7103,-0.1072,0.0301,0.0000,0.0000,0.0000,0.0000,0.0640,0.0640,0.0000,-0.0941,0.0000,0.0000
240.2480,41.7850,0,6,lngv_PAN,-4.6140,1.8120,0.2280,0.2410,1,0,1,0,0,0,0.0000,-2356124.3269,-4122028.5898,4242865.7677,3,-3.5185,2.3982,1.0955,0.5862,-3.7046,1.9239,0.0752,-0.4916,-0.2612,0.0172,-0.0103,0.0000,0.0000,0.0000,0.0000,-0.0461,-0.0461,0.0000,0.0564,0.0000,0.0000
241.2900,41.4770,0,12,lnrd_PAN,-3.5720,1.7780,0.2140,0.2240,1,0,1,0,0,0,0.0000,-2291697.6857,-4184137.6204,4217281.7730,10,-3.5313,2.2317,0.0407,0.4537,-3.9090,2.2449,-0.1865,-0.0050,-0.1913,0.0183,-0.0058,0.0000,0.0000,0.0000,0.0000,0.0058,0.0058,0.0000,0.0001,0.0000,0.0000
239.3850,40.6610,0,12,lonc_PAN,-5.3260,5.7920,0.4440,0.3350,1,0,1,0,0,0,0.0000,-2459862.0529,-4156915.4095,4148913.6435,10,-5.6458,4.7785,-0.3198,-1.0135,-4.9014,3.7797,1.0079,-1.0462,-0.2634,0.0474,-0.0183,0.0000,0.0000,0.0000,0.0000,-0.1817,-0.1817,0.0000,0.2000,0.0000,0.0000
240.2260,41.0740,0,12,lost_PAN,-4.4960,3.7160,0.3450,0.4670,1,0,1,0,0,0,0.0000,-2383670.1162,-4166505.6731,4183622.6784,10,-4.3588,3.1595,0.1372,-0.5565,-4.3996,3.1026,0.1843,-0.0853,-0.2251,0.0283,-0.0119,0.0000,0.0000,0.0000,0.0000,0.0154,0.0154,0.0000,-0.0035,0.0000,0.0000
238.3530,45.3600,0,6,lson_PAN,2.7100,4.0280,0.4480,0.2770,1,0,1,0,0,0,0.0000,-2347482.5202,-3808774.1570,4530664.0462,3,2.5352,3.8568,-0.1748,-0.1712,0.1446,3.3851,-1.3642,-0.3763,-1.0264,-0.0954,-0.0155,0.0000,0.0000,0.0000,0.0000,0.5903,0.5903,0.0000,-0.5748,0.0000,0.0000
242.8360,47.2820,0,14,ltah_PAN,1.2010,0.5420,0.0460,0.0790,1,0,1,0,0,0,0.0000,-1972072.2885,-3843175.3287,4678171.1964,11,0.4617,0.1540,-0.7393,-0.3880,0.0792,-0.0910,-0.0684,-0.1705,-0.3142,-0.0745,0.0322,0.0000,0.0000,0.0000,0.0000,-0.0101,-0.0101,0.0000,-0.0221,0.0000,0.0000
240.7680,40.5150,0,12,luxo_PAN,-2.8390,2.1550,0.5120,0.5620,1,0,1,0,0,0,0.0000,-2363971.2334,-4224286.7405,4136591.9552,10,-4.8425,2.9851,-2.0035,0.8301,-5.0164,2.6658,-0.0061,-0.3491,-0.1678,0.0298,-0.0109,0.0000,0.0000,0.0000,0.0000,-0.0265,-0.0265,0.0000,0.0374,0.0000,0.0000
240.6220,41.0700,0,12,lvil_PAN,-4.1630,2.5750,0.6220,0.6050,1,0,1,0,0,0,0.0000,-2354959.8689,-4183135.2748,4183287.5529,10,-4.1855,2.8987,-0.0225,0.3237,-4.3908,2.7835,-0.0028,-0.1408,-0.2025,0.0256,-0.0099,0.0000,0.0000,0.0000,0.0000,-0.0104,-0.0104,0.0000,0.0204,0.0000,0.0000
239.3470,47.5980,0,13,lvnw_PAN,1.7670,1.6320,1.1660,1.1880,1,0,1,0,0,0,0.0000,-2189112.9651,-3693785.3225,4701923.6360,12,3.7597,2.1876,1.9927,0.5556,3.1160,1.5649,0.2159,-0.3906,-0.8596,-0.2320,0.0411,0.0000,0.0000,0.0000,0.0000,-0.6597,-0.6597,0.0000,0.6186,0.0000,0.0000
242.9980,46.3730,0,14,lwst_PAN,1.2040,0.1730,0.0840,0.0760,1,0,1,0,0,0,0.0000,-1994647.0780,-3914377.5175,4609054.4742,11,0.3914,0.1374,-0.8126,-0.0356,0.0333,-0.0967,-0.0644,-0.1845,-0.2936,-0.0496,0.0273,0.0000,0.0000,0.0000,0.0000,-0.0095,-0.0095,0.0000,-0.0178,0.0000,0.0000
239.5640,41.0350,0,3,made_PAN,-4.8100,5.4850,0.2210,0.2670,1,0,1,0,0,0,0.0000,-2433092.0919,-4141141.3838,4180354.3359,2,-5.3431,3.8244,-0.5331,-1.6606,-6.4699,3.3280,-0.8518,-0.5315,-0.2750,0.0351,-0.0162,0.0000,0.0000,0.0000,0.0000,-0.2489,-0.2489,0.0000,0.2651,0.0000,0.0000
240.4520,41.6050,0,6,masc_PAN,-3.9670,2.8800,0.2100,0.2630,1,0,1,0,0,0,0.0000,-2347994.8980,-4141966.7349,4227928.9241,3,-3.7282,2.3943,0.2388,-0.4857,-3.8969,1.7664,0.0701,-0.6474,-0.2388,0.0195,-0.0095,0.0000,0.0000,0.0000,0.0000,0.0352,0.0352,0.0000,-0.0257,0.0000,0.0000
242.2160,40.2090,0,12,mcki_PAN,-3.7260,1.9780,0.3230,0.2980,1,0,1,0,0,0,0.0000,-2266735.8639,-4302158.7514,4110680.0000,10,-4.4691,1.4065,-0.7431,-0.5715,-5.3297,1.4979,-0.7432,0.0704,-0.1175,0.0210,-0.0068,0.0000,0.0000,0.0000,0.0000,-0.2473,-0.2473,0.0000,0.2541,0.0000,0.0000
236.8670,45.1970,0,15,mcmv_PAN,6.6100,9.7080,1.1950,1.2450,1,0,1,0,0,0,0.0000,-2452499.9264,-3757395.0222,4517917.4649,14,4.9656,6.8851,-1.6444,-2.8229,2.8359,6.7459,0.5531,0.2869,-2.6828,-0.4261,-0.4208,0.0000,0.0000,0.0000,0.0000,0.4804,0.4804,0.0000,-0.0595,0.0000,0.0000
242.4100,40.1180,0,17,mcoy_PAN,-1.9670,-0.3800,0.4580,0.4680,1,0,1,0,0,0,0.0000,-2255176.9611,-4315590.0274,4102951.5049,17,-3.8955,0.9925,-1.9285,1.3725,-3.1048,0.1068,0.9020,-0.9060,-0.1113,0.0203,-0.0065,0.0000,0.0000,0.0000,0.0000,0.7771,0.7771,0.0000,-0.7706,0.0000,0.0000
238.8700,44.6640,0,6,mdrs_PAN,1.1490,3.5900,0.0680,0.0860,1,0,1,0,0,0,0.0000,-2341300.8598,-3876628.0527,4475982.2036,3,0.5562,3.2887,-0.5928,-0.3013,-0.5964,2.9868,-0.4511,-0.2607,-0.7014,-0.0412,-0.0100,0.0000,0.0000,0.0000,0.0000,0.0510,0.0510,0.0000,-0.0409,0.0000,0.0000
239.2410,36.1870,0,41,mee1_PAN,-10.6700,10.9580,0.1450,0.1550,1,0,1,0,0,0,0.0000,-2628294.4732,-4416186.9791,3759482.9683,42,-27.9372,34.1321,-17.2672,23.1741,-28.1051,33.4740,-0.1479,-0.6720,-0.0200,0.0139,-0.0211,0.0000,0.0000,0.0000,0.0000,0.0555,0.0555,0.0000,-0.0344,0.0000,0.0000
239.2330,36.1810,0,41,mee2_PAN,-28.3370,32.7440,0.1990,0.0970,1,0,1,0,0,0,0.0000,-2629112.4417,-4416158.2145,3758944.7795,42,-27.9377,34.1285,0.3993,1.3845,-28.1263,33.4915,-0.1688,-0.6508,-0.0198,0.0138,-0.0211,0.0000,0.0000,0.0000,0.0000,0.0597,0.0597,0.0000,-0.0386,0.0000,0.0000
235.3030,49.0000,0,8,mgrb_PAN,7.7040,5.2800,0.2730,0.3710,1,0,1,0,0,0,0.0000,-2377939.5855,-3434565.1106,4805571.4843,13,8.3023,6.3345,0.5983,1.0545,5.4930,3.4608,1.1315,0.2758,-3.9408,-3.1495,-1.4682,0.0000,0.0000,0.0000,0.0000,1.7064,1.7064,0.0000,-0.2382,0.0000,0.0000
238.2890,45.3290,0,7,mhtl_PAN,2.7410,3.8680,0.1000,0.1080,1,0,1,0,0,0,0.0000,-2353023.6544,-3808234.4284,4528242.6703,4,2.8181,3.9939,0.0771,0.1259,2.8465,4.0247,1.0787,0.1281,-1.0502,-0.0972,-0.0192,0.0000,0.0000,0.0000,0.0000,-2.3636,-2.3636,0.0000,2.3829,0.0000,0.0000
239.5410,35.9220,0,1,mida_PAN,-13.5790,18.5200,0.2580,0.1790,1,0,1,0,0,0,0.0000,-2613921.9434,-4444829.0419,3735673.7443,1,-9.1935,9.1584,4.3855,-9.3616,-9.8930,7.7468,-0.6808,-1.4241,-0.0187,0.0125,-0.0194,0.0000,0.0000,0.0000,0.0000,0.0191,0.0191,0.0000,0.0004,0.0000,0.0000
241.9360,40.6520,0,12,mill_PAN,-2.4950,1.3640,0.3190,0.3480,1,0,1,0,0,0,0.0000,-2272712.2475,-4262856.0510,4148154.8657,10,-4.3168,1.8253,-1.8218,0.4613,-4.8318,1.7238,-0.3765,-0.1224,-0.1385,0.0210,-0.0063,0.0000,0.0000,0.0000,0.0000,-0.0849,-0.0849,0.0000,0.0912,0.0000,0.0000
240.7260,47.1310,0,14,mlke_PAN,1.8350,1.0560,0.1240,0.1780,1,0,1,0,0,0,0.0000,-2118255.1053,-3778703.0337,4666770.8486,11,1.0090,0.5748,-0.8260,-0.4812,0.0730,-0.0169,-0.3980,-0.4723,-0.5380,-0.1194,0.0394,0.0000,0.0000,0.0000,0.0000,0.0589,0.0589,0.0000,-0.0983,0.0000,0.0000
239.5660,35.9690,0,1,mnmc_PAN,-11.4360,16.8060,0.1990,0.1400,1,0,1,0,0,0,0.0000,-2610429.1400,-4443325.5034,3739902.3567,1,-9.6432,9.6489,1.7928,-7.1571,-9.8995,7.7530,-0.2369,-1.9087,-0.0193,0.0127,-0.0195,0.0000,0.0000,0.0000,0.0000,-0.0139,-0.0139,0.0000,0.0333,0.0000,0.0000
239.9350,40.4470,0,12,morg_PAN,-3.6420,4.4530,0.4650,0.2030,1,0,1,0,0,0,0.0000,-2427592.2377,-4193718.6305,4130843.9135,10,-5.2200,4.0576,-1.5780,-0.3954,-5.1219,3.3370,0.3017,-0.7614,-0.2036,0.0408,-0.0152,0.0000,0.0000,0.0000,0.0000,-0.0032,-0.0032,0.0000,0.0184,0.0000,0.0000
242.9300,40.3030,0,17,moun_PAN,-2.0540,0.3090,0.1720,0.2460,1,0,1,0,0,0,0.0000,-2209877.2125,-4324060.2025,4118652.3928,17,-3.3364,0.3609,-1.2824,0.0519,-3.0532,0.0149,0.3918,-0.3635,-0.1087,0.0175,-0.0046,0.0000,0.0000,0.0000,0.0000,-0.0930,-0.0930,0.0000,0.0976,0.0000,0.0000
236.0860,49.4670,0,14,mrib_PAN,5.7460,3.5450,0.1580,0.1800,1,0,1,0,0,0,0.0000,-2308851.2016,-3434120.1730,4839460.3240,11,2.9660,3.1168,-2.7800,-0.4282,0.1864,0.1459,-1.1953,-1.6942,-1.5844,-1.2767,-0.1225,0.0000,0.0000,0.0000,0.0000,0.9627,0.9627,0.0000,-0.8402,0.0000,0.0000
238.2580,46.7850,0,16,mrsd_PAN,3.1110,3.5500,0.1080,0.1110,1,0,1,0,0,0,0.0000,-2293791.2444,-3707882.2429,4640526.0975,15,3.8007,3.7091,0.6897,0.1591,2.5700,3.2829,0.1552,-0.1912,-1.3860,-0.2350,-0.0064,0.0000,0.0000,0.0000,0.0000,0.1217,0.1217,0.0000,-0.1154,0.0000,0.0000
240.7260,47.1310,0,14,mslk_PAN,1.6340,0.8440,0.1930,0.2480,1,0,1,0,0,0,0.0000,-2118255.1053,-3778703.0337,4666770.8486,11,1.0090,0.5748,-0.6250,-0.2692,0.0730,-0.0169,-0.3980,-0.4723,-0.5380,-0.1194,0.0394,0.0000,0.0000,0.0000,0.0000,0.0589,0.0589,0.0000,-0.0983,0.0000,0.0000
245.8910,46.9290,0,14,msol_PAN,1.1170,-0.3900,0.0470,0.0580,1,0,1,0,0,0,0.0000,-1776188.9412,-3969047.3528,4651469.3826,11,0.2406,-0.0686,-0.8764,0.3214,0.0558,-0.1981,-0.0097,-0.0919,-0.1751,-0.0375,0.0214,0.0000,0.0000,0.0000,0.0000,-0.0083,-0.0083,0.0000,-0.0131,0.0000,0.0000
239.8530,44.5650,0,6,mtcl_PAN,0.6760,2.2960,0.1240,0.1670,1,0,1,0,0,0,0.0000,-2278330.5924,-3922906.2848,4468150.3392,3,-0.0373,2.4341,-0.7133,0.1381,-0.6733,2.2287,-0.1370,-0.1808,-0.4990,-0.0247,0.0047,0.0000,0.0000,0.0000,0.0000,-0.0215,-0.0215,0.0000,0.0168,0.0000,0.0000
245.6730,48.2270,0,14,mtfv_PAN,1.5140,-0.7020,0.0650,0.0680,1,0,1,0,0,0,0.0000,-1747412.5806,-3865232.3634,4748776.6331,11,0.3143,-0.0424,-1.1997,0.6596,0.1214,-0.1904,-0.0123,-0.0934,-0.1807,-0.0547,0.0238,0.0000,0.0000,0.0000,0.0000,-0.0015,-0.0015,0.0000,-0.0222,0.0000,0.0000
250.3130,48.5410,0,14,mtms_PAN,0.9930,-0.8120,0.0570,0.0820,1,0,1,0,0,0,0.0000,-1420219.8198,-3969357.6958,4771952.0752,11,0.2120,-0.2681,-0.7810,0.5439,0.1207,-0.3519,0.0031,-0.0547,-0.0944,-0.0291,0.0143,0.0000,0.0000,0.0000,0.0000,0.0058,0.0058,0.0000,-0.0201,0.0000,0.0000
238.2670,46.8360,0,16,muir_PAN,6.0070,2.8210,0.2500,0.1860,1,0,1,0,0,0,0.0000,-2291035.3300,-3704727.9137,4644405.2002,15,3.8138,3.6626,-2.1932,0.8416,2.6167,3.2770,0.1906,-0.1440,-1.3876,-0.2415,-0.0054,0.0000,0.0000,0.0000,0.0000,0.1125,0.1125,0.0000,-0.1071,0.0000,0.0000
234.4290,49.5510,0,8,myra_PAN,7.6020,5.8250,0.1350,0.1620,1,0,1,0,0,0,0.0000,-2403057.1752,-3360146.5871,4845521.9107,13,6.7470,5.4181,-0.8550,-0.4069,4.7934,2.8339,1.2743,0.0711,-3.2278,-2.6552,-1.0784,0.0000,0.0000,0.0000,0.0000,1.4056,1.4056,0.0000,-0.3272,0.0000,0.0000
236.0690,45.7020,0,15,mznt_PAN,8.7780,8.6570,0.2940,0.2540,1,0,1,0,0,0,0.0000,-2482267.7605,-3689690.2642,4557289.1044,14,8.9962,9.2492,0.2182,0.5922,2.7722,6.7775,0.3793,0.1941,-6.6033,-2.6658,-1.4591,0.0000,0.0000,0.0000,0.0000,1.4603,1.4603,0.0000,-0.0012,0.0000,0.0000
233.9440,50.4030,0,14,ncsb_PAN,2.7400,3.4380,1.0610,1.3080,1,0,1,0,0,0,0.0000,-2388737.4384,-3281066.4378,4906412.9405,13,2.5463,3.1022,-0.1937,-0.3358,3.7495,2.4858,2.4161,0.7607,-1.2129,-1.3772,-0.3212,0.0000,0.0000,0.0000,0.0000,1.6199,1.6199,0.0000,-1.2987,0.0000,0.0000
268.4250,41.7720,0,14,nlib_PAN,0.1420,0.2430,0.0800,0.0720,1,0,1,0,0,0,0.0000,-130524.4110,-4747056.5655,4241788.3969,11,-0.3587,-0.9395,-0.5007,-1.1825,-0.3552,-0.9506,0.0213,-0.0085,-0.0177,-0.0026,0.0028,0.0000,0.0000,0.0000,0.0000,0.0099,0.0099,0.0000,-0.0127,0.0000,0.0000
238.7470,43.7390,0,11,norm_PAN,-0.1060,3.9840,0.0900,0.0980,1,0,1,0,0,0,0.0000,-2386800.4166,-3932861.0286,4402287.9690,9,-0.0033,3.8437,0.1027,-0.1403,-0.1848,2.8803,0.4037,-0.9423,-0.5852,-0.0211,-0.0264,0.0000,0.0000,0.0000,0.0000,-0.1502,-0.1502,0.0000,0.1765,0.0000,0.0000
236.2610,43.9120,0,4,nose_PAN,4.1190,8.9030,0.3040,0.3510,1,0,1,0,0,0,0.0000,-2547748.6476,-3814560.4692,4416158.5928,8,4.1643,8.9219,0.0453,0.0189,1.0862,8.1447,0.2846,0.1775,-3.3628,-0.9547,-0.9618,0.0000,0.0000,0.0000,0.0000,0.9421,0.9421,0.0000,0.0197,0.0000,0.0000
242.9520,48.1780,0,14,nwpt_PAN,1.6420,0.0740,0.1460,0.2000,1,0,1,0,0,0,0.0000,-1930780.9965,-3781535.9644,4745147.2006,11,0.4687,0.1480,-1.1733,0.0740,0.1240,-0.0951,-0.0451,-0.1494,-0.2996,-0.0937,0.0336,0.0000,0.0000,0.0000,0.0000,-0.0047,-0.0047,0.0000,-0.0289,0.0000,0.0000
238.1850,46.9000,0,16,obsr_PAN,4.8880,3.6200,0.2690,0.1630,1,0,1,0,0,0,0.0000,-2293598.7232,-3697034.5511,4649267.8871,15,3.9328,3.7239,-0.9552,0.1039,2.6715,3.3308,0.2002,-0.1323,-1.4614,-0.2608,-0.0119,0.0000,0.0000,0.0000,0.0000,0.1184,0.1184,0.0000,-0.1064,0.0000,0.0000
239.8430,40.7350,0,12,obsv_PAN,-4.3200,3.2980,0.6950,0.8440,1,0,1,0,0,0,0.0000,-2423861.0846,-4171808.8421,4155148.6002,10,-5.0615,4.0136,-0.7415,0.7156,-4.7987,3.4111,0.4929,-0.6405,-0.2301,0.0379,-0.0149,0.0000,0.0000,0.0000,0.0000,-0.1507,-0.1507,0.0000,0.1656,0.0000,0.0000
241.2870,47.3290,0,14,odsa_PAN,1.4090,1.5800,0.1730,0.2570,1,0,1,0,0,0,0.0000,-2073395.4729,-3785095.2239,4681713.0220,11,0.7400,0.3718,-0.6690,-1.2082,0.0828,-0.0366,-0.1979,-0.2976,-0.4593,-0.1108,0.0388,0.0000,0.0000,0.0000,0.0000,0.0050,0.0050,0.0000,-0.0438,0.0000,0.0000
240.4480,48.3730,0,14,okng_PAN,2.1940,0.9480,0.0840,0.0830,1,0,1,0,0,0,0.0000,-2086172.1598,-3679501.0715,4759570.2586,11,0.8622,0.4909,-1.3318,-0.4571,0.1355,-0.0072,-0.1793,-0.3023,-0.5475,-0.1957,0.0453,0.0000,0.0000,0.0000,0.0000,0.0141,0.0141,0.0000,-0.0594,0.0000,0.0000
239.7320,40.9640,0,3,only_PAN,-4.6970,4.6950,0.4050,0.2860,1,0,1,0,0,0,0.0000,-2423548.3992,-4152728.6284,4174399.3049,2,-5.1740,3.7476,-0.4770,-0.9474,-6.6232,3.0557,-1.1945,-0.7267,-0.2547,0.0349,-0.0151,0.0000,0.0000,0.0000,0.0000,-0.5360,-0.5360,0.0000,0.5511,0.0000,0.0000
243.0620,44.0230,0,12,onto_PAN,-0.5510,0.5010,0.1260,0.1510,1,0,1,0,0,0,0.0000,-2074216.3014,-4081791.9274,4425037.0460,10,-0.8018,0.8497,-0.2508,0.3487,-0.9792,0.8151,0.0436,-0.0274,-0.2210,-0.0073,0.0119,0.0000,0.0000,0.0000,0.0000,-0.0154,-0.0154,0.0000,0.0035,0.0000,0.0000
240.9410,44.1640,0,6,ors1_PAN,-0.1550,1.7490,0.1190,0.1070,1,0,1,0,0,0,0.0000,-2218566.3480,-3992697.8146,4436291.1291,3,-0.6581,1.5965,-0.5031,-0.1525,-1.0882,1.3889,-0.0818,-0.1963,-0.3483,-0.0113,0.0079,0.0000,0.0000,0.0000,0.0000,-0.0304,-0.0304,0.0000,0.0225,0.0000,0.0000
240.8320,46.8230,0,14,othl_PAN,1.2390,1.9820,0.1070,0.1350,1,0,1,0,0,0,0.0000,-2123456.7201,-3804466.2996,4643416.7587,11,1.1291,0.7547,-0.1099,-1.2273,0.0575,-0.0207,-0.5558,-0.6749,-0.5158,-0.1005,0.0366,0.0000,0.0000,0.0000,0.0000,0.1853,0.1853,0.0000,-0.2220,0.0000,0.0000
240.8260,46.8280,0,14,otlo_PAN,1.1620,0.9490,0.6280,0.5730,1,0,1,0,0,0,0.0000,-2123657.5759,-3803890.0860,4643796.9568,11,1.1266,0.7534,-0.0354,-0.1956,0.0578,-0.0204,-0.5520,-0.6730,-0.5169,-0.1009,0.0367,0.0000,0.0000,0.0000,0.0000,0.1815,0.1815,0.0000,-0.2182,0.0000,0.0000
242.6700,41.4290,0,17,p013_PAN,-2.8520,0.8840,0.0570,0.0680,1,0,1,0,0,0,0.0000,-2191886.8216,-4241252.6930,4213283.6620,17,-2.8411,0.3886,0.0109,-0.4954,-2.7409,0.0609,0.2472,-0.3419,-0.1470,0.0142,-0.0016,0.0000,0.0000,0.0000,0.0000,-0.0696,-0.0696,0.0000,0.0713,0.0000,0.0000
242.9350,42.9820,0,12,p018_PAN,-1.8050,0.6920,0.0460,0.0570,1,0,1,0,0,0,0.0000,-2119494.0672,-4148101.0354,4341123.6058,10,-1.9615,0.8835,-0.1565,0.1915,-2.1662,0.9176,-0.0146,0.0309,-0.1901,0.0032,0.0057,0.0000,0.0000,0.0000,0.0000,-0.0538,-0.0538,0.0000,0.0480,0.0000,0.0000
243.8970,44.8980,0,12,p023_PAN,0.9320,-0.3120,0.1380,0.1170,1,0,1,0,0,0,0.0000,-1984545.2153,-4050423.9746,4494440.7189,10,-0.0669,0.0356,-0.9989,0.3476,0.0226,0.1409,0.3039,0.1232,-0.2144,-0.0178,0.0171,0.0000,0.0000,0.0000,0.0000,0.1213,0.1213,0.0000,-0.1384,0.0000,0.0000
244.1580,47.5620,0,14,p024_PAN,1.2790,-0.2400,0.1750,0.1380,1,0,1,0,0,0,0.0000,-1872892.9626,-3867028.4536,4699224.8671,11,0.3606,0.0496,-0.9184,0.2896,0.0913,-0.1374,-0.0299,-0.1252,-0.2394,-0.0617,0.0279,0.0000,0.0000,0.0000,0.0000,-0.0080,-0.0080,0.0000,-0.0199,0.0000,0.0000
243.7120,48.7310,0,14,p025_PAN,1.5300,-0.1980,0.0500,0.0600,1,0,1,0,0,0,0.0000,-1860081.7088,-3765574.6486,4785905.8770,11,0.4234,0.0889,-1.1066,0.2869,0.1507,-0.1218,-0.0250,-0.1227,-0.2477,-0.0880,0.0304,0.0000,0.0000,0.0000,0.0000,-0.0001,-0.0001,0.0000,-0.0303,0.0000,0.0000
238.9090,43.1120,0,3,p062_PAN,-1.3520,4.1560,0.0560,0.0690,1,0,1,0,0,0,0.0000,-2400405.8520,-3980611.8366,4351681.5845,2,-1.3103,4.2535,0.0417,0.0975,-1.8307,4.3891,-0.0345,0.1453,-0.4859,-0.0096,-0.0264,0.0000,0.0000,0.0000,0.0000,0.0346,0.0346,0.0000,-0.0082,0.0000,0.0000
239.0540,44.9230,0,6,p063_PAN,1.4150,2.8670,0.0640,0.0570,1,0,1,0,0,0,0.0000,-2318411.0840,-3866734.2044,4496408.3555,3,0.6866,3.0964,-0.7284,0.2294,-0.3064,2.8449,-0.2955,-0.2046,-0.6975,-0.0468,-0.0014,0.0000,0.0000,0.0000,0.0000,0.0168,0.0168,0.0000,-0.0154,0.0000,0.0000
242.1200,40.4330,0,12,p078_PAN,-4.5480,1.6260,0.0960,0.0720,1,0,1,0,0,0,0.0000,-2266408.5808,-4284116.4533,4129659.7706,10,-4.4545,1.5792,0.0935,-0.0468,-5.0771,1.5754,-0.4958,-0.0247,-0.1267,0.0209,-0.0064,0.0000,0.0000,0.0000,0.0000,-0.1322,-0.1322,0.0000,0.1387,0.0000,0.0000
242.5320,40.3210,0,17,p083_PAN,-3.1920,0.7580,0.0940,0.0930,1,0,1,0,0,0,0.0000,-2239263.4199,-4307457.0279,4120177.7572,17,-3.3561,0.6779,-0.1641,-0.0801,-3.0485,0.0853,0.4231,-0.6118,-0.1155,0.0192,-0.0056,0.0000,0.0000,0.0000,0.0000,0.9997,0.9997,0.0000,-0.9941,0.0000,0.0000
240.5230,40.7800,0,12,p137_PAN,-4.7420,3.7010,0.0770,0.1080,1,0,1,0,0,0,0.0000,-2372572.9288,-4197439.0235,4158936.7396,10,-4.5779,3.1336,0.1641,-0.5674,-4.7233,2.8633,0.0469,-0.3000,-0.1923,0.0297,-0.0112,0.0000,0.0000,0.0000,0.0000,-0.0304,-0.0304,0.0000,0.0416,0.0000,0.0000
240.9900,40.2420,0,12,p138_PAN,-5.0150,2.8550,0.0850,0.0870,1,0,1,0,0,0,0.0000,-2357117.8126,-4250603.3347,4113480.0802,10,-5.1171,2.8469,-0.1021,-0.0081,-5.3198,2.4869,-0.0557,-0.3894,-0.1470,0.0294,-0.0108,0.0000,0.0000,0.0000,0.0000,-0.0213,-0.0213,0.0000,0.0321,0.0000,0.0000
239.6140,39.0470,0,1,p141_PAN,-9.5530,7.6770,0.0710,0.0900,1,0,1,0,0,0,0.0000,-2501368.1366,-4265866.6071,4011220.6368,1,-10.0729,7.7060,-0.5199,0.0290,-10.4359,7.7649,-0.2495,0.0126,-0.1135,0.0463,-0.0216,0.0000,0.0000,0.0000,0.0000,0.0945,0.0945,0.0000,-0.0729,0.0000,0.0000
240.1890,39.1240,0,2,p142_PAN,-8.7250,7.4130,0.1290,0.1160,1,0,1,0,0,0,0.0000,-2455750.0279,-4286072.9926,4017862.8105,0,-8.7964,6.1746,-0.0714,-1.2384,-10.4157,5.1487,-1.5104,-1.0643,-0.1089,0.0384,-0.0178,0.0000,0.0000,0.0000,0.0000,-0.3407,-0.3407,0.0000,0.3585,0.0000,0.0000
240.2350,38.7600,0,2,p143_PAN,-9.5250,7.8280,0.1230,0.0850,1,0,1,0,0,0,0.0000,-2464930.5475,-4310114.4024,3986399.7161,0,-9.3734,6.9789,0.1516,-0.8491,-11.4568,5.0516,-1.9930,-1.9624,-0.0905,0.0351,-0.0183,0.0000,0.0000,0.0000,0.0000,0.5058,0.5058,0.0000,-0.4875,0.0000,0.0000
239.1070,39.4670,0,1,p144_PAN,-9.3200,7.4230,0.0800,0.0700,1,0,1,0,0,0,0.0000,-2523852.5430,-4218219.7449,4047362.3493,1,-9.9549,7.8285,-0.6349,0.4055,-10.5506,7.6392,-0.4353,-0.2528,-0.1604,0.0635,-0.0246,0.0000,0.0000,0.0000,0.0000,-0.0112,-0.0112,0.0000,0.0357,0.0000,0.0000
239.7160,39.9370,0,2,p147_PAN,-7.3700,5.8800,0.0770,0.0720,1,0,1,0,0,0,0.0000,-2462049.2488,-4215994.6172,4087548.6964,0,-7.6486,5.9564,-0.2786,0.0764,-8.1131,6.1466,-0.2877,0.1410,-0.1768,0.0491,-0.0182,0.0000,0.0000,0.0000,0.0000,-0.0359,-0.0359,0.0000,0.0541,0.0000,0.0000
239.8950,39.6020,0,2,p149_PAN,-8.1130,6.2080,0.1010,0.0810,1,0,1,0,0,0,0.0000,-2460811.5322,-4244268.9672,4058933.2341,0,-8.2363,6.0663,-0.1233,-0.1417,-9.0624,5.7690,-0.6813,-0.3428,-0.1447,0.0454,-0.0182,0.0000,0.0000,0.0000,0.0000,-0.1704,-0.1704,0.0000,0.1885,0.0000,0.0000
239.9660,39.2920,0,2,p150_PAN,-9.0580,6.9130,0.1090,0.0880,1,0,1,0,0,0,0.0000,-2466505.9750,-4266265.0600,4032329.6213,0,-8.9701,6.3776,0.0879,-0.5354,-9.9471,5.6192,-0.8544,-0.8011,-0.1226,0.0427,-0.0186,0.0000,0.0000,0.0000,0.0000,-0.1184,-0.1184,0.0000,0.1371,0.0000,0.0000
239.9230,40.2890,0,12,p151_PAN,-6.1600,5.1300,0.0650,0.0820,1,0,1,0,0,0,0.0000,-2434170.1760,-4203051.6394,4117465.7172,10,-5.5830,4.3094,0.5770,-0.8206,-5.3016,3.3466,0.4744,-1.0054,-0.1930,0.0427,-0.0157,0.0000,0.0000,0.0000,0.0000,0.0637,0.0637,0.0000,-0.0480,0.0000,0.0000
238.2330,36.2280,0,30,p172_PAN,-29.0300,36.1040,0.0710,0.0910,1,0,1,0,0,0,0.0000,-2704160.3448,-4366978.2407,3763159.4885,31,-29.2994,36.5242,-0.2694,0.4202,-30.9561,39.2690,-1.6427,2.7317,-0.0140,0.0131,-0.0248,0.0000,0.0000,0.0000,0.0000,-0.1905,-0.1905,0.0000,0.2154,0.0000,0.0000
238.7100,35.9460,0,41,p173_PAN,-28.4160,35.7320,0.0630,0.1170,1,0,1,0,0,0,0.0000,-2677298.2223,-4405113.7940,3737833.3500,42,-28.5192,35.2792,-0.1032,-0.4528,-29.0308,34.6359,-0.4971,-0.6553,-0.0145,0.0120,-0.0221,0.0000,0.0000,0.0000,0.0000,0.3013,0.3013,0.0000,-0.2792,0.0000,0.0000
238.9490,36.3020,0,41,p174_PAN,-27.9910,34.7050,0.0650,0.1280,1,0,1,0,0,0,0.0000,-2646869.2793,-4396261.5621,3769790.2802,42,-27.7989,34.4070,0.1921,-0.2980,-27.8536,34.1133,-0.0352,-0.3082,-0.0196,0.0145,-0.0225,0.0000,0.0000,0.0000,0.0000,0.0705,0.0705,0.0000,-0.0480,0.0000,0.0000
237.6430,37.4720,0,41,p176_PAN,-23.7750,31.0280,0.1090,0.0850,1,0,1,0,0,0,0.0000,-2704612.2868,-4268865.1111,3873785.5520,42,-24.5329,31.0012,-0.7579,-0.0268,-24.7469,36.9614,-0.1875,5.9343,-0.0265,0.0259,-0.0349,0.0000,0.0000,0.0000,0.0000,0.0381,0.0381,0.0000,-0.0033,0.0000,0.0000
237.5050,37.5280,0,41,p177_PAN,-23.9090,34.2500,0.2940,0.1240,1,0,1,0,0,0,0.0000,-2712850.8963,-4259143.0869,3878722.9395,42,-25.4040,33.2118,-1.4950,-1.0382,-24.6294,37.2612,0.8003,4.0230,-0.0258,0.0264,-0.0363,0.0000,0.0000,0.0000,0.0000,-0.5713,-0.5713,0.0000,0.6077,0.0000,0.0000
237.6680,37.5350,0,44,p178_PAN,-22.5680,28.8690,0.1250,0.0820,1,0,1,0,0,0,0.0000,-2700469.6949,-4266443.1553,3879339.8525,44,-23.2741,29.3301,-0.7061,0.4611,-21.2931,27.6513,2.0094,-1.7061,-0.0284,0.0272,-0.0351,0.0000,0.0000,0.0000,0.0000,0.3077,0.3077,0.0000,-0.2726,0.0000,0.0000
238.5970,36.2930,0,41,p180_PAN,-28.2380,35.4110,0.0880,0.1080,1,0,1,0,0,0,0.0000,-2674136.3640,-4380422.8686,3768984.1683,42,-28.0366,34.7692,0.2014,-0.6418,-28.0067,34.8827,0.0471,0.0995,-0.0172,0.0141,-0.0238,0.0000,0.0000,0.0000,0.0000,-0.0355,-0.0355,0.0000,0.0592,0.0000,0.0000
237.0920,38.1230,0,30,p193_PAN,-22.8500,33.7070,0.0660,0.0810,1,0,1,0,0,0,0.0000,-2721449.9455,-4205433.4851,3930952.9199,31,-24.7113,31.8205,-1.8613,-1.8865,-29.2077,39.9746,-4.4605,8.1135,-0.0359,0.0406,-0.0462,0.0000,0.0000,0.0000,0.0000,0.6883,0.6883,0.0000,-0.6421,0.0000,0.0000
237.1840,38.1860,0,44,p194_PAN,-20.2290,29.4480,0.0780,0.0770,1,0,1,0,0,0,0.0000,-2712349.6782,-4206162.8236,3936458.4319,44,-22.2360,28.6889,-2.0070,-0.7591,-22.9326,26.6569,-0.6554,-2.0761,-0.0411,0.0441,-0.0459,0.0000,0.0000,0.0000,0.0000,0.5250,0.5250,0.0000,-0.4792,0.0000,0.0000
237.3420,38.5600,0,43,p201_PAN,-13.2940,19.5050,0.0730,0.0940,1,0,1,0,0,0,0.0000,-2686817.1283,-4191903.7479,3969043.7323,45,-15.2203,17.6150,-1.9263,-1.8900,-11.3346,9.5319,3.9548,-8.1489,-0.0692,0.0657,-0.0479,0.0000,0.0000,0.0000,0.0000,-2.1086,-2.1086,0.0000,2.1565,0.0000,0.0000
237.5040,38.4240,0,43,p202_PAN,-15.9990,20.1620,0.3260,0.1920,1,0,1,0,0,0,0.0000,-2680007.9403,-4207417.9791,3957214.0263,45,-14.0951,16.3478,1.9039,-3.8142,-11.2862,9.5813,2.8722,-6.8238,-0.0633,0.0573,-0.0440,0.0000,0.0000,0.0000,0.0000,-1.2462,-1.2462,0.0000,1.2901,0.0000,0.0000
237.8730,37.0690,0,41,p209_PAN,-26.3720,33.9510,0.0960,0.0790,1,0,1,0,0,0,0.0000,-2701877.4907,-4302656.3112,3838145.1450,42,-27.1293,33.0313,-0.7573,-0.9197,-25.8946,36.4612,1.2561,3.4096,-0.0214,0.0203,-0.0307,0.0000,0.0000,0.0000,0.0000,-0.2849,-0.2849,0.0000,0.3157,0.0000,0.0000
238.3020,36.8790,0,41,p211_PAN,-27.0590,31.9950,0.0760,0.0820,1,0,1,0,0,0,0.0000,-2676259.0923,-4333571.0960,3821276.0027,42,-25.7931,31.2359,1.2659,-0.7591,-26.3158,35.5266,-0.5001,4.2718,-0.0226,0.0189,-0.0275,0.0000,0.0000,0.0000,0.0000,-0.1484,-0.1484,0.0000,0.1758,0.0000,0.0000
238.2030,37.0010,0,41,p214_PAN,-24.6880,30.4320,0.0880,0.0970,1,0,1,0,0,0,0.0000,-2679449.5936,-4322015.0737,3832112.6078,42,-24.4027,29.6697,0.2853,-0.7623,-25.9781,35.7424,-1.5517,6.0526,-0.0237,0.0201,-0.0286,0.0000,0.0000,0.0000,0.0000,0.3968,0.3968,0.0000,-0.3683,0.0000,0.0000
238.2370,37.0490,0,44,p215_PAN,-22.5330,27.3950,0.0880,0.0820,1,0,1,0,0,0,0.0000,-2675193.4798,-4320873.2401,3836371.4302,44,-21.8136,26.5295,0.7194,-0.8655,-20.0043,28.8177,1.8342,2.2674,-0.0249,0.0208,-0.0286,0.0000,0.0000,0.0000,0.0000,0.6397,0.6397,0.0000,-0.6111,0.0000,0.0000
238.2740,37.0020,0,44,p216_PAN,-23.1160,28.0560,0.0740,0.0780,1,0,1,0,0,0,0.0000,-2674056.5955,-4325275.1955,3832201.3607,44,-22.1864,27.4413,0.9296,-0.6147,-19.8849,28.8935,2.3259,1.4320,-0.0244,0.0203,-0.0282,0.0000,0.0000,0.0000,0.0000,0.5114,0.5114,0.0000,-0.4833,0.0000,0.0000
237.7150,37.3420,0,41,p219_PAN,-24.8130,32.2790,0.2560,0.1190,1,0,1,0,0,0,0.0000,-2703933.4464,-4279679.9759,3862309.5012,42,-25.4546,31.6500,-0.6416,-0.6290,-25.1178,36.8049,0.3614,5.1310,-0.0246,0.0238,-0.0334,0.0000,0.0000,0.0000,0.0000,-0.0142,-0.0142,0.0000,0.0477,0.0000,0.0000
237.7860,37.3300,0,41,p220_PAN,-23.6800,30.9270,0.0720,0.0980,1,0,1,0,0,0,0.0000,-2699059.2242,-4283711.6630,3861249.1701,42,-24.6691,30.3925,-0.9891,-0.5345,-25.1270,36.6504,-0.4327,6.2341,-0.0253,0.0239,-0.0329,0.0000,0.0000,0.0000,0.0000,0.3653,0.3653,0.0000,-0.3324,0.0000,0.0000
237.9010,37.3370,0,44,p221_PAN,-21.2680,28.0540,0.0840,0.0890,1,0,1,0,0,0,0.0000,-2690205.1375,-4288720.7317,3861867.7172,44,-22.3859,27.9708,-1.1179,-0.0832,-20.7682,28.1293,1.6445,0.1342,-0.0269,0.0243,-0.0322,0.0000,0.0000,0.0000,0.0000,0.4682,0.4682,0.0000,-0.4360,0.0000,0.0000
237.9000,37.7220,0,43,p223_PAN,-15.6450,19.1490,0.0600,0.0760,1,0,1,0,0,0,0.0000,-2676429.6241,-4266594.4039,3895798.7784,45,-16.8527,19.5937,-1.2077,0.4447,-11.0810,9.7018,5.8090,-9.9239,-0.0372,0.0320,-0.0345,0.0000,0.0000,0.0000,0.0000,0.5172,0.5172,0.0000,-0.4827,0.0000,0.0000
238.2140,37.8190,0,1,p230_PAN,-10.5430,9.8460,0.1220,0.0830,1,0,1,0,0,0,0.0000,-2649529.2368,-4275585.5652,3904319.9612,1,-12.2525,11.2852,-1.7095,1.4392,-10.3376,7.4163,1.9597,-3.9032,-0.0448,0.0344,-0.0324,0.0000,0.0000,0.0000,0.0000,0.2849,0.2849,0.0000,-0.2525,0.0000,0.0000
238.4210,36.7240,0,41,p232_PAN,-27.5360,34.2980,0.0610,0.0710,1,0,1,0,0,0,0.0000,-2672656.4860,-4347911.0425,3807483.2023,42,-27.6841,32.2885,-0.1481,-2.0095,-26.7477,35.2670,0.9576,2.9610,-0.0212,0.0174,-0.0262,0.0000,0.0000,0.0000,0.0000,-0.3919,-0.3919,0.0000,0.4181,0.0000,0.0000
238.5800,36.8000,0,44,p233_PAN,-17.8860,26.0210,0.1040,0.0810,1,0,1,0,0,0,0.0000,-2657945.2669,-4350997.3935,3814249.6119,44,-23.4414,25.1624,-5.5554,-0.8586,-19.3263,29.5195,4.1388,4.3387,-0.0237,0.0184,-0.0258,0.0000,0.0000,0.0000,0.0000,0.2545,0.2545,0.0000,-0.2288,0.0000,0.0000
238.4580,36.8140,0,41,p235_PAN,-27.2500,33.5860,0.0830,0.1710,1,0,1,0,0,0,0.0000,-2666716.1914,-4344533.5363,3815495.3241,42,-26.0139,29.6887,1.2361,-3.8973,-26.4577,35.1862,-0.4209,5.4791,-0.0229,0.0184,-0.0264,0.0000,0.0000,0.0000,0.0000,-0.1718,-0.1718,0.0000,0.1982,0.0000,0.0000
238.4460,36.9040,0,44,p236_PAN,-21.7180,25.4660,0.1270,0.0880,1,0,1,0,0,0,0.0000,-2664486.4201,-4338862.3373,3823498.0315,44,-21.2321,25.7322,0.4859,0.2662,-19.6068,29.2455,1.6495,3.4939,-0.0242,0.0194,-0.0268,0.0000,0.0000,0.0000,0.0000,-0.0531,-0.0531,0.0000,0.0800,0.0000,0.0000
238.6130,36.6370,0,41,p237_PAN,-27.8930,34.5700,0.0970,0.0860,1,0,1,0,0,0,0.0000,-2661079.5083,-4361773.1668,3799729.2210,42,-27.4269,33.7775,0.4661,-0.7925,-26.9448,34.8478,0.5036,1.0534,-0.0215,0.0169,-0.0250,0.0000,0.0000,0.0000,0.0000,-0.1428,-0.1428,0.0000,0.1678,0.0000,0.0000
238.5470,36.8490,0,44,p238_PAN,-17.6530,24.6080,0.2410,0.1930,1,0,1,0,0,0,0.0000,-2658747.7450,-4346681.5147,3818608.6078,44,-21.9896,23.6712,-4.3366,-0.9368,-19.4492,29.4521,2.5646,5.7620,-0.0242,0.0189,-0.0261,0.0000,0.0000,0.0000,0.0000,0.4321,0.4321,0.0000,-0.4060,0.0000,0.0000
238.4520,36.9620,0,44,p239_PAN,-20.3690,23.3530,0.0840,0.0890,1,0,1,0,0,0,0.0000,-2662005.5855,-4335840.6732,3828650.3341,44,-19.0326,23.1019,1.3364,-0.2511,-19.7385,29.2578,-0.6806,6.1359,-0.0253,0.0200,-0.0271,0.0000,0.0000,0.0000,0.0000,0.1774,0.1774,0.0000,-0.1503,0.0000,0.0000
238.4260,37.2130,0,1,p241_PAN,-13.3780,13.1500,0.1260,0.1220,1,0,1,0,0,0,0.0000,-2655165.2694,-4320301.1558,3850902.0731,1,-14.4220,15.4328,-1.0440,2.2828,-10.2130,7.4694,4.2389,-7.9866,-0.0300,0.0232,-0.0282,0.0000,0.0000,0.0000,0.0000,1.4555,1.4555,0.0000,-1.4272,0.0000,0.0000
238.6650,36.9180,0,1,p243_PAN,-12.6180,11.1010,0.0900,0.0800,1,0,1,0,0,0,0.0000,-2647396.7580,-4348216.8898,3824742.0497,1,-14.7572,10.3572,-2.1392,-0.7438,-10.1414,7.5291,4.6421,-2.8478,-0.0263,0.0197,-0.0258,0.0000,0.0000,0.0000,0.0000,0.1221,0.1221,0.0000,-0.0963,0.0000,0.0000
240.2940,37.7130,0,1,p245_PAN,-10.0290,9.4290,0.0610,0.1200,1,0,1,0,0,0,0.0000,-2496176.8596,-4375199.2464,3895007.5868,1,-9.8738,8.3846,0.1552,-1.0444,-10.1484,7.9325,-0.2218,-0.4771,-0.0529,0.0250,-0.0189,0.0000,0.0000,0.0000,0.0000,-0.0348,-0.0348,0.0000,0.0536,0.0000,0.0000
238.1310,37.9760,0,1,p248_PAN,-10.5310,10.5710,0.1150,0.0830,1,0,1,0,0,0,0.0000,-2650061.6279,-4262641.1135,3918088.2542,1,-11.8483,11.1827,-1.3173,0.6117,-10.3720,7.3955,1.5263,-3.8257,-0.0500,0.0386,-0.0338,0.0000,0.0000,0.0000,0.0000,0.5340,0.5340,0.0000,-0.5002,0.0000,0.0000
238.7320,36.9500,0,1,p250_PAN,-12.6000,10.6390,0.0990,0.0700,1,0,1,0,0,0,0.0000,-2641201.1146,-4349483.1632,3827584.6622,1,-13.4575,9.2147,-0.8575,-1.4243,-10.1419,7.5458,3.3431,-1.6890,-0.0274,0.0201,-0.0256,0.0000,0.0000,0.0000,0.0000,0.4275,0.4275,0.0000,-0.4020,0.0000,0.0000
238.6520,36.8110,0,1,p251_PAN,-12.4270,14.1030,0.0900,0.0870,1,0,1,0,0,0,0.0000,-2652094.5370,-4353708.5624,3815228.4049,1,-14.7035,9.0730,-2.2765,-5.0300,-10.1233,7.5259,4.6046,-1.5657,-0.0244,0.0186,-0.0255,0.0000,0.0000,0.0000,0.0000,-0.3051,-0.3051,0.0000,0.3306,0.0000,0.0000
238.3470,37.4780,0,1,p253_PAN,-11.9500,11.7530,0.0850,0.0930,1,0,1,0,0,0,0.0000,-2651744.5029,-4301428.5869,3874314.7349,1,-13.1287,12.5326,-1.1787,0.7796,-10.2665,7.4497,2.8977,-5.1103,-0.0356,0.0274,-0.0299,0.0000,0.0000,0.0000,0.0000,0.4683,0.4683,0.0000,-0.4385,0.0000,0.0000
238.5310,37.4900,0,1,p254_PAN,-11.1260,9.9900,0.0740,0.0840,1,0,1,0,0,0,0.0000,-2637493.5631,-4309230.0339,3875372.9732,1,-12.0755,10.2476,-0.9495,0.2576,-10.2541,7.4957,1.8592,-2.7794,-0.0378,0.0275,-0.0287,0.0000,0.0000,0.0000,0.0000,0.3357,0.3357,0.0000,-0.3071,0.0000,0.0000
238.7170,37.3850,0,1,p258_PAN,-10.9370,9.0230,0.1000,0.0810,1,0,1,0,0,0,0.0000,-2627173.9955,-4323831.6408,3866107.6293,1,-11.7720,9.3531,-0.8350,0.3301,-10.2206,7.5421,1.5881,-1.8367,-0.0367,0.0257,-0.0271,0.0000,0.0000,0.0000,0.0000,0.3440,0.3440,0.0000,-0.3169,0.0000,0.0000
237.5710,38.5780,0,45,p263_PAN,-12.1730,14.9880,0.0770,0.1130,1,0,1,0,0,0,0.0000,-2669372.7018,-4201556.2475,3970607.7544,46,-13.0378,13.6312,-0.8648,-1.3568,-5.8102,14.9347,7.3045,1.2374,-0.0769,0.0661,-0.0443,0.0000,0.0000,0.0000,0.0000,-0.6755,-0.6755,0.0000,0.7198,0.0000,0.0000
238.5390,38.2830,0,1,p274_PAN,-10.2980,6.8080,0.4580,0.6090,1,0,1,0,0,0,0.0000,-2608646.1012,-4263434.8709,3944925.8652,1,-10.8828,8.8286,-0.5848,2.0206,-10.3932,7.4977,0.5590,-1.3761,-0.0695,0.0452,-0.0310,0.0000,0.0000,0.0000,0.0000,0.1338,0.1338,0.0000,-0.1028,0.0000,0.0000
237.6330,37.1920,0,30,p277_PAN,-26.6410,35.9500,0.1260,0.0640,1,0,1,0,0,0,0.0000,-2715459.4272,-4284331.6864,3849043.2008,31,-27.5423,34.9855,-0.9013,-0.9645,-30.0727,39.6420,-2.5097,4.6353,-0.0207,0.0212,-0.0329,0.0000,0.0000,0.0000,0.0000,-0.7796,-0.7796,0.0000,0.8126,0.0000,0.0000
238.9380,35.7910,0,41,p279_PAN,-27.9000,34.3520,0.0660,0.0680,1,0,1,0,0,0,0.0000,-2664955.1836,-4424378.5020,3723874.3536,42,-28.1584,34.6949,-0.2584,0.3429,-29.4260,34.1374,-1.2531,-0.5689,-0.0145,0.0114,-0.0209,0.0000,0.0000,0.0000,0.0000,0.3876,0.3876,0.0000,-0.3667,0.0000,0.0000
239.6110,35.8410,0,41,p281_PAN,-20.7370,27.7830,0.1880,0.2480,1,0,1,0,0,0,0.0000,-2611158.5863,-4452570.3922,3728380.2383,42,-27.7839,34.4159,-7.0469,6.6329,-29.0429,32.6627,-1.2407,-1.7652,-0.0183,0.0121,-0.0190,0.0000,0.0000,0.0000,0.0000,0.0219,0.0219,0.0000,-0.0029,0.0000,0.0000
239.6550,35.8380,0,1,p282_PAN,-14.9750,19.6250,0.2010,0.1030,1,0,1,0,0,0,0.0000,-2607837.1095,-4454742.7714,3728109.9652,1,-9.2766,11.0406,5.6984,-8.5844,-9.8688,7.7750,-0.5737,-3.2776,-0.0185,0.0121,-0.0189,0.0000,0.0000,0.0000,0.0000,0.2333,0.2333,0.0000,-0.2144,0.0000,0.0000
239.7150,35.8070,0,1,p283_PAN,-14.3600,19.7390,0.1630,0.1040,1,0,1,0,0,0,0.0000,-2604187.5312,-4459212.4193,3725316.5454,1,-9.5805,14.9146,4.7795,-4.8244,-9.8584,7.7898,-0.2595,-7.1367,-0.0184,0.0119,-0.0186,0.0000,0.0000,0.0000,0.0000,1.0167,1.0167,0.0000,-0.9981,0.0000,0.0000
239.1470,36.5160,0,1,p286_PAN,-10.2790,11.8360,0.1270,0.1620,1,0,1,0,0,0,0.0000,-2624421.9339,-4393263.8779,3788930.3865,1,-10.4522,8.3521,-0.1732,-3.4839,-10.0312,7.6491,0.4445,-0.7192,-0.0235,0.0162,-0.0223,0.0000,0.0000,0.0000,0.0000,0.1085,0.1085,0.0000,-0.0861,0.0000,0.0000
239.2510,36.1070,0,41,p289_PAN,-27.3600,33.1050,0.0740,0.0660,1,0,1,0,0,0,0.0000,-2630204.9166,-4421152.5965,3752303.7293,42,-27.9660,34.0430,-0.6060,0.9380,-28.3475,33.4521,-0.3624,-0.6042,-0.0191,0.0134,-0.0208,0.0000,0.0000,0.0000,0.0000,0.0787,0.0787,0.0000,-0.0579,0.0000,0.0000
239.2720,36.1790,0,1,p290_PAN,-9.8490,11.4170,0.0910,0.1610,1,0,1,0,0,0,0.0000,-2626172.8921,-4418059.5588,3758765.3740,1,-9.7994,8.3958,0.0496,-3.0212,-9.9607,7.6801,-0.1412,-0.7295,-0.0200,0.0138,-0.0210,0.0000,0.0000,0.0000,0.0000,0.0464,0.0464,0.0000,-0.0254,0.0000,0.0000
239.3550,35.9230,0,41,p291_PAN,-25.4560,32.8800,0.0820,0.0730,1,0,1,0,0,0,0.0000,-2628304.2144,-4436263.9337,3735763.7410,42,-27.6235,33.6269,-2.1675,0.7469,-28.8772,33.2242,-1.2359,-0.4151,-0.0178,0.0124,-0.0200,0.0000,0.0000,0.0000,0.0000,0.1314,0.1314,0.0000,-0.1114,0.0000,0.0000
239.5250,36.0070,0,1,p292_PAN,-10.5050,17.1600,0.1620,0.1940,1,0,1,0,0,0,0.0000,-2612349.5096,-4439317.6737,3743319.3950,1,-9.6616,9.3053,0.8434,-7.8547,-9.9096,7.7428,-0.2285,-1.5754,-0.0195,0.0129,-0.0197,0.0000,0.0000,0.0000,0.0000,-0.0217,-0.0217,0.0000,0.0414,0.0000,0.0000
239.2900,36.2570,0,1,p299_PAN,-9.6390,12.2580,0.3670,0.4440,1,0,1,0,0,0,0.0000,-2622169.1301,-4414480.8580,3765758.7906,1,-9.9898,8.4956,-0.3508,-3.7624,-9.9733,7.6846,0.0376,-0.8254,-0.0210,0.0144,-0.0211,0.0000,0.0000,0.0000,0.0000,0.0269,0.0269,0.0000,-0.0058,0.0000,0.0000
240.1600,37.9010,0,1,p308_PAN,-10.1260,8.9440,0.0640,0.0800,1,0,1,0,0,0,0.0000,-2500029.7478,-4358239.9442,3911514.7079,1,-9.9339,8.2341,0.1921,-0.7099,-10.1923,7.8995,-0.2003,-0.3619,-0.0582,0.0274,-0.0195,0.0000,0.0000,0.0000,0.0000,-0.0005,-0.0005,0.0000,0.0201,0.0000,0.0000
239.1330,39.7950,0,1,p346_PAN,-8.8510,7.3690,0.1300,0.0880,1,0,1,0,0,0,0.0000,-2510009.6333,-4199407.4804,4075436.1627,1,-9.5100,7.6542,-0.6590,0.2852,-10.6040,7.6456,-0.8997,-0.0741,-0.1944,0.0655,-0.0233,0.0000,0.0000,0.0000,0.0000,-0.1426,-0.1426,0.0000,0.1658,0.0000,0.0000
239.0520,41.1830,0,3,p347_PAN,-5.0200,5.0380,0.0690,0.0700,1,0,1,0,0,0,0.0000,-2464438.7230,-4109959.3550,4192746.9924,2,-5.4945,4.5700,-0.4745,-0.4680,-6.1594,4.1575,-0.3158,-0.4482,-0.3491,0.0357,-0.0211,0.0000,0.0000,0.0000,0.0000,-0.0761,-0.0761,0.0000,0.0972,0.0000,0.0000
242.7480,45.4280,0,14,p372_PAN,0.6890,0.5020,0.0560,0.0680,1,0,1,0,0,0,0.0000,-2046241.9200,-3972683.5167,4535970.8048,11,0.3935,0.4024,-0.2955,-0.0996,-0.0139,-0.0879,-0.1229,-0.4600,-0.2845,-0.0303,0.0216,0.0000,0.0000,0.0000,0.0000,0.2018,0.2018,0.0000,-0.2234,0.0000,0.0000
240.0480,43.0020,0,6,p381_PAN,-1.3150,2.7000,0.0640,0.0670,1,0,1,0,0,0,0.0000,-2324971.9697,-4034771.9569,4342749.3662,3,-1.8783,2.3624,-0.5633,-0.3376,-2.3786,2.0782,-0.1567,-0.2855,-0.3435,0.0014,-0.0083,0.0000,0.0000,0.0000,0.0000,-0.0325,-0.0325,0.0000,0.0409,0.0000,0.0000
241.0320,44.4030,0,6,p386_PAN,-0.1620,1.7270,0.0530,0.0850,1,0,1,0,0,0,0.0000,-2203240.4416,-3979991.6167,4455305.7974,3,-0.3964,1.5160,-0.2344,-0.2110,-0.8250,1.3186,-0.0722,-0.1820,-0.3565,-0.0153,0.0107,0.0000,0.0000,0.0000,0.0000,-0.0291,-0.0291,0.0000,0.0184,0.0000,0.0000
239.3970,43.8120,0,6,p389_PAN,-0.1830,3.5160,0.0560,0.1010,1,0,1,0,0,0,0.0000,-2339173.5689,-3954853.8711,4408145.7932,3,-0.6738,2.9534,-0.4908,-0.5626,-1.5106,2.5804,-0.3538,-0.3597,-0.4830,-0.0133,-0.0110,0.0000,0.0000,0.0000,0.0000,0.0280,0.0280,0.0000,-0.0170,0.0000,0.0000
241.0720,43.0340,0,6,p390_PAN,-1.6210,1.9820,0.0500,0.0770,1,0,1,0,0,0,0.0000,-2251320.8014,-4073554.2207,4345349.4821,3,-1.9607,1.5474,-0.3397,-0.4346,-2.3230,1.2877,-0.0895,-0.2632,-0.2729,0.0035,-0.0002,0.0000,0.0000,0.0000,0.0000,-0.0323,-0.0323,0.0000,0.0325,0.0000,0.0000
241.5880,42.2550,0,12,p391_PAN,-2.2760,1.6440,0.0710,0.0720,1,0,1,0,0,0,0.0000,-2242449.1360,-4145247.5968,4281669.7322,10,-2.5723,1.7617,-0.2963,0.1177,-3.0169,2.0046,-0.2331,0.2320,-0.2115,0.0108,-0.0017,0.0000,0.0000,0.0000,0.0000,0.0555,0.0555,0.0000,-0.0538,0.0000,0.0000
240.9990,43.4470,0,6,p392_PAN,-1.4880,1.4630,0.0560,0.0710,1,0,1,0,0,0,0.0000,-2241264.7809,-4043182.2736,4378785.3048,3,-1.4810,1.5808,0.0070,0.1178,-1.8722,1.3441,-0.0913,-0.2356,-0.2999,-0.0011,0.0021,0.0000,0.0000,0.0000,0.0000,-0.0325,-0.0325,0.0000,0.0304,0.0000,0.0000
242.1080,43.2340,0,12,p393_PAN,-1.4950,1.0150,0.0610,0.0720,1,0,1,0,0,0,0.0000,-2170191.3739,-4100162.5163,4361569.4655,10,-1.6168,1.3232,-0.1218,0.3082,-1.8916,1.5851,-0.0443,0.2603,-0.2304,0.0016,0.0052,0.0000,0.0000,0.0000,0.0000,0.0555,0.0555,0.0000,-0.0607,0.0000,0.0000
242.2000,44.8350,0,12,p394_PAN,0.3530,0.9250,0.0550,0.0670,1,0,1,0,0,0,0.0000,-2105927.2595,-3994246.4638,4489478.4804,10,0.3618,1.1624,0.0088,0.2374,-0.0664,1.5108,-0.1328,0.3690,-0.2955,-0.0205,0.0172,0.0000,0.0000,0.0000,0.0000,0.3944,0.3944,0.0000,-0.4116,0.0000,0.0000
239.8500,48.4270,0,14,p413_PAN,2.5000,1.2690,0.0610,0.0660,1,0,1,0,0,0,0.0000,-2122207.0435,-3653646.9914,4763554.5960,11,1.0729,0.6827,-1.4271,-0.5863,0.1382,0.0138,-0.2821,-0.4246,-0.6527,-0.2442,0.0468,0.0000,0.0000,0.0000,0.0000,0.0379,0.0379,0.0000,-0.0846,0.0000,0.0000
238.4030,47.0400,0,16,p416_PAN,3.4310,3.3140,0.0810,0.0930,1,0,1,0,0,0,0.0000,-2273556.6808,-3696047.2530,4659884.7823,15,3.7375,3.3891,0.3065,0.0751,2.8080,3.1878,0.3869,0.0568,-1.3164,-0.2581,0.0061,0.0000,0.0000,0.0000,0.0000,0.1180,0.1180,0.0000,-0.1241,0.0000,0.0000
243.0200,46.7980,0,14,p422_PAN,1.2070,0.1540,0.0480,0.0640,1,0,1,0,0,0,0.0000,-1977578.6757,-3884568.2310,4641515.2377,11,0.4192,0.1341,-0.7878,-0.0199,0.0546,-0.0975,-0.0660,-0.1719,-0.2986,-0.0597,0.0295,0.0000,0.0000,0.0000,0.0000,-0.0113,-0.0113,0.0000,-0.0182,0.0000,0.0000
240.1280,44.5330,0,6,p433_PAN,0.1720,2.0710,0.0900,0.1110,1,0,1,0,0,0,0.0000,-2260718.3829,-3935959.5820,4465615.9736,3,-0.1316,2.2114,-0.3036,0.1404,-0.7011,2.0165,-0.1106,-0.1730,-0.4589,-0.0219,0.0068,0.0000,0.0000,0.0000,0.0000,-0.0253,-0.0253,0.0000,0.0185,0.0000,0.0000
237.5410,48.0020,0,8,p437_PAN,5.3180,3.5730,0.1020,0.0730,1,0,1,0,0,0,0.0000,-2286586.0892,-3594895.3955,4732082.2704,16,4.9843,3.9186,-0.3337,0.3456,0.7855,-0.6902,-2.1130,-3.8674,-2.0858,-0.7414,-0.0875,0.0000,0.0000,0.0000,0.0000,-0.2228,-0.2228,0.0000,0.3103,0.0000,0.0000
237.1070,46.1160,0,9,p446_PAN,5.0530,6.3290,0.0850,0.0900,1,0,1,0,0,0,0.0000,-2397073.8004,-3706304.7450,4589302.1032,6,5.0641,5.9024,0.0111,-0.4266,2.6989,5.6065,0.2628,0.1016,-2.6280,-0.3976,-0.2680,0.0000,0.0000,0.0000,0.0000,0.3161,0.3161,0.0000,-0.0481,0.0000,0.0000
240.3100,45.4530,0,6,p447_PAN,0.9690,1.7100,0.0560,0.0690,1,0,1,0,0,0,0.0000,-2212400.3754,-3880324.2363,4537920.2132,3,0.8393,1.9755,-0.1297,0.2655,0.3104,1.8760,-0.0118,-0.0509,-0.5171,-0.0485,0.0204,0.0000,0.0000,0.0000,0.0000,-0.0152,-0.0152,0.0000,-0.0052,0.0000,0.0000
240.3060,37.5630,0,1,p512_PAN,-9.7830,9.2980,0.0810,0.0810,1,0,1,0,0,0,0.0000,-2500303.2254,-4384564.9997,3881806.9254,1,-9.9580,8.4762,-0.1750,-0.8218,-10.1213,7.9354,-0.1143,-0.5644,-0.0490,0.0236,-0.0188,0.0000,0.0000,0.0000,0.0000,-0.0311,-0.0311,0.0000,0.0499,0.0000,0.0000
237.7620,37.0610,0,41,p534_PAN,-27.2640,35.1280,0.0560,0.0690,1,0,1,0,0,0,0.0000,-2710493.8637,-4297867.0998,3837435.7152,42,-27.7342,34.5860,-0.4702,-0.5420,-25.9619,36.7026,1.7924,2.0968,-0.0200,0.0198,-0.0313,0.0000,0.0000,0.0000,0.0000,-0.7913,-0.7913,0.0000,0.8226,0.0000,0.0000
241.0400,37.8920,0,40,p640_PAN,-8.1960,10.8150,0.1060,0.2320,1,0,1,0,0,0,0.0000,-2433097.2230,-4396659.6369,3910725.4317,41,-7.5313,8.0610,0.6647,-2.7540,-5.0233,8.7483,2.5655,0.6642,-0.0574,0.0230,-0.0156,0.0000,0.0000,0.0000,0.0000,-0.8452,-0.8452,0.0000,0.8608,0.0000,0.0000
237.7940,41.2940,0,4,p655_PAN,-4.8360,6.0770,0.1110,0.1220,1,0,1,0,0,0,0.0000,-2549742.8446,-4047982.7691,4202023.1305,8,-5.0911,5.8674,-0.2551,-0.2096,-6.2193,4.9907,-0.3664,-0.9026,-0.7618,0.0258,-0.0677,0.0000,0.0000,0.0000,0.0000,-0.0548,-0.0548,0.0000,0.1225,0.0000,0.0000
237.8040,41.3450,0,4,p656_PAN,-4.5610,5.5660,0.7620,2.6320,1,0,1,0,0,0,0.0000,-2547042.3959,-4045260.9660,4206279.8542,8,-4.9396,5.8447,-0.3786,0.2787,-6.0741,4.9701,-0.3801,-0.8934,-0.7545,0.0189,-0.0663,0.0000,0.0000,0.0000,0.0000,-0.0638,-0.0638,0.0000,0.1301,0.0000,0.0000
237.7060,41.3810,0,4,p657_PAN,-4.4830,6.4120,0.1020,0.0880,1,0,1,0,0,0,0.0000,-2552545.2717,-4038663.6578,4209282.5941,8,-4.7866,6.0305,-0.3036,-0.3815,-5.9778,5.1719,-0.3740,-0.8679,-0.8171,0.0093,-0.0764,0.0000,0.0000,0.0000,0.0000,-0.0459,-0.0459,0.0000,0.1223,0.0000,0.0000
237.8090,41.4790,0,4,p658_PAN,-4.2060,6.0380,0.0950,0.1450,1,0,1,0,0,0,0.0000,-2541441.6011,-4037147.0018,4217448.2967,8,-4.5448,5.8262,-0.3388,-0.2118,-5.6938,4.9598,-0.4041,-0.8692,-0.7450,0.0028,-0.0650,0.0000,0.0000,0.0000,0.0000,-0.0851,-0.0851,0.0000,0.1501,0.0000,0.0000
237.9070,41.4540,0,4,p659_PAN,-4.4860,5.7530,0.1400,0.1470,1,0,1,0,0,0,0.0000,-2535510.1119,-4043046.6496,4215366.3807,8,-4.6276,5.6757,-0.1416,-0.0773,-5.7592,4.7580,-0.4384,-0.9277,-0.6933,0.0101,-0.0572,0.0000,0.0000,0.0000,0.0000,-0.1311,-0.1311,0.0000,0.1883,0.0000,0.0000
237.9320,41.4100,0,4,p660_PAN,-4.7560,5.6580,0.1920,0.1650,1,0,1,0,0,0,0.0000,-2535463.7065,-4046894.6341,4211700.2594,8,-4.7734,5.6263,-0.0174,-0.0317,-5.8826,4.7066,-0.4276,-0.9353,-0.6817,0.0156,-0.0555,0.0000,0.0000,0.0000,0.0000,-0.1243,-0.1243,0.0000,0.1798,0.0000,0.0000
237.6870,41.4640,0,4,p661_PAN,-4.0030,5.9370,0.0930,0.1270,1,0,1,0,0,0,0.0000,-2550622.2535,-4032659.3609,4216199.2434,8,-4.5452,6.0529,-0.5422,0.1159,-5.7435,5.2110,-0.3758,-0.8390,-0.8226,-0.0029,-0.0775,0.0000,0.0000,0.0000,0.0000,-0.0478,-0.0478,0.0000,0.1253,0.0000,0.0000
237.8470,41.5320,0,4,p663_PAN,-4.1560,6.0510,0.1060,0.0950,1,0,1,0,0,0,0.0000,-2536686.2481,-4035527.0248,4221859.3028,8,-4.4255,5.7595,-0.2695,-0.2915,-5.5414,4.8816,-0.3952,-0.8776,-0.7207,-0.0003,-0.0617,0.0000,0.0000,0.0000,0.0000,-0.0993,-0.0993,0.0000,0.1609,0.0000,0.0000
238.5040,40.4730,0,4,p664_PAN,-6.5380,7.7410,0.1600,0.1960,1,0,1,0,0,0,0.0000,-2530585.5575,-4130187.5102,4133042.3816,8,-7.9792,5.8603,-1.4412,-1.8807,-8.5123,3.5286,-0.1668,-2.4183,-0.3664,0.0866,-0.0304,0.0000,0.0000,0.0000,0.0000,0.9517,0.9517,0.0000,-0.9212,0.0000,0.0000
238.4740,40.4560,0,4,p665_PAN,-5.0320,9.0270,0.1270,0.3330,1,0,1,0,0,0,0.0000,-2533388.8737,-4129907.0512,4131605.0180,8,-8.0999,5.9707,-3.0679,-3.0563,-8.5617,3.5904,-0.0924,-2.4696,-0.3695,0.0892,-0.0312,0.0000,0.0000,0.0000,0.0000,0.9948,0.9948,0.0000,-0.9637,0.0000,0.0000
238.4850,40.4650,0,4,p666_PAN,-5.6930,9.0030,0.1420,0.2580,1,0,1,0,0,0,0.0000,-2532256.6688,-4129840.0329,4132366.0205,8,-8.0445,5.9275,-2.3515,-3.0755,-8.5358,3.5677,-0.1225,-2.4479,-0.3688,0.0881,-0.0309,0.0000,0.0000,0.0000,0.0000,0.9686,0.9686,0.0000,-0.9377,0.0000,0.0000
238.5330,40.4660,0,4,p667_PAN,-9.7610,8.8880,0.2550,0.7460,1,0,1,0,0,0,0.0000,-2528758.3246,-4131898.4842,4132450.5701,8,-7.9341,5.7960,1.8269,-3.0920,-8.5310,3.4689,-0.2375,-2.4122,-0.3593,0.0851,-0.0298,0.0000,0.0000,0.0000,0.0000,0.9741,0.9741,0.0000,-0.9443,0.0000,0.0000
238.3960,40.4920,0,4,p669_PAN,-5.9780,6.4160,0.1030,0.0980,1,0,1,0,0,0,0.0000,-2537647.8975,-4124242.6072,4134648.4163,8,-8.0294,6.0374,-2.0514,-0.3786,-8.4629,3.7510,-0.0401,-2.3791,-0.3934,0.0928,-0.0331,0.0000,0.0000,0.0000,0.0000,0.7427,0.7427,0.0000,-0.7095,0.0000,0.0000
238.4230,40.5400,0,4,p670_PAN,-6.2120,5.1560,0.0800,0.1210,1,0,1,0,0,0,0.0000,-2533889.4064,-4122485.5704,4138703.7414,8,-7.8235,5.8098,-1.6115,0.6538,-8.3257,3.6954,-0.1061,-2.2028,-0.3962,0.0884,-0.0324,0.0000,0.0000,0.0000,0.0000,0.5490,0.5490,0.0000,-0.5166,0.0000,0.0000
238.5720,40.4090,0,1,p671_PAN,-9.5760,9.9590,0.1490,0.1280,1,0,1,0,0,0,0.0000,-2528087.6410,-4137124.7524,4127629.2378,1,-8.1313,6.2911,1.4447,-3.6679,-10.7554,7.5059,-2.2819,1.1298,-0.3422,0.0850,-0.0291,0.0000,0.0000,0.0000,0.0000,0.8285,0.8285,0.0000,-0.7994,0.0000,0.0000
237.6450,46.1100,0,9,p687_PAN,4.1140,4.2810,0.1050,0.1420,1,0,1,0,0,0,0.0000,-2362424.0948,-3729055.1960,4588839.8538,6,4.1493,5.3812,0.0353,1.1002,2.7371,5.6050,0.3514,0.4591,-1.7635,-0.2353,-0.0781,0.0000,0.0000,0.0000,0.0000,0.1180,0.1180,0.0000,-0.0400,0.0000,0.0000
237.8360,46.0300,0,9,p688_PAN,4.1930,3.6760,0.1150,0.1210,1,0,1,0,0,0,0.0000,-2353388.4530,-3742330.0417,4582671.7218,6,3.9195,5.2521,-0.2735,1.5761,2.7541,5.6044,0.3798,0.5498,-1.5451,-0.1975,-0.0486,0.0000,0.0000,0.0000,0.0000,0.0587,0.0587,0.0000,-0.0101,0.0000,0.0000
237.6390,46.1900,0,9,p689_PAN,3.8670,5.2050,0.1090,0.0740,1,0,1,0,0,0,0.0000,-2359382.8035,-3723392.0120,4594999.0395,6,4.1331,5.3728,0.2661,0.1678,2.7331,5.6050,0.3984,0.4764,-1.7984,-0.2441,-0.0805,0.0000,0.0000,0.0000,0.0000,0.1504,0.1504,0.0000,-0.0699,0.0000,0.0000
237.8100,46.1800,0,9,p690_PAN,4.3940,5.0440,0.1500,0.1700,1,0,1,0,0,0,0.0000,-2348687.0014,-3731095.6741,4594229.6310,6,3.9007,5.2296,-0.4933,0.1856,2.7456,5.6045,0.4597,0.5902,-1.6148,-0.2153,-0.0526,0.0000,0.0000,0.0000,0.0000,0.1540,0.1540,0.0000,-0.1014,0.0000,0.0000
237.7730,46.2310,0,9,p691_PAN,3.7530,5.3520,0.1210,0.1020,1,0,1,0,0,0,0.0000,-2348914.2389,-3726117.3031,4598152.1510,6,3.9335,5.2275,0.1805,-0.1245,2.7407,5.6046,0.4743,0.6030,-1.6672,-0.2258,-0.0584,0.0000,0.0000,0.0000,0.0000,0.1786,0.1786,0.0000,-0.1202,0.0000,0.0000
237.8160,46.2240,0,9,p692_PAN,4.8490,4.7700,0.1570,0.1340,1,0,1,0,0,0,0.0000,-2346416.3617,-3728354.5158,4597613.9815,6,3.8784,5.1895,-0.9706,0.4195,2.7440,5.6045,0.4882,0.6338,-1.6225,-0.2188,-0.0521,0.0000,0.0000,0.0000,0.0000,0.1835,0.1835,0.0000,-0.1314,0.0000,0.0000
237.7980,46.2100,0,9,p693_PAN,5.6820,4.3610,0.1990,0.2320,1,0,1,0,0,0,0.0000,-2348186.1442,-3728567.6723,4596537.4367,6,3.9069,5.2195,-1.7751,0.8585,2.7434,5.6045,0.4722,0.6051,-1.6357,-0.2200,-0.0545,0.0000,0.0000,0.0000,0.0000,0.1703,0.1703,0.0000,-0.1157,0.0000,0.0000
237.8180,46.3000,0,9,p694_PAN,4.2220,5.7530,0.1140,0.1450,1,0,1,0,0,0,0.0000,-2343036.0252,-3723271.6055,4603453.2905,6,3.8460,5.1022,-0.3760,-0.6508,2.7407,5.6045,0.5384,0.7285,-1.6437,-0.2263,-0.0525,0.0000,0.0000,0.0000,0.0000,0.2482,0.2482,0.0000,-0.1957,0.0000,0.0000
237.8360,46.1990,0,9,p695_PAN,5.6490,4.0840,0.3490,0.2220,1,0,1,0,0,0,0.0000,-2346182.4840,-3730871.1963,4595691.3876,6,3.8608,5.1908,-1.7882,1.1068,2.7466,5.6044,0.4816,0.6271,-1.5959,-0.2135,-0.0493,0.0000,0.0000,0.0000,0.0000,0.1711,0.1711,0.0000,-0.1218,0.0000,0.0000
237.8480,46.1970,0,9,p696_PAN,4.5660,4.5560,0.1460,0.1500,1,0,1,0,0,0,0.0000,-2345486.4095,-3731498.3133,4595537.5422,6,3.8461,5.1804,-0.7199,0.6244,2.7475,5.6044,0.4855,0.6356,-1.5841,-0.2117,-0.0477,0.0000,0.0000,0.0000,0.0000,0.1726,0.1726,0.0000,-0.1249,0.0000,0.0000
237.8390,46.1730,0,9,p698_PAN,4.8400,3.9330,0.1400,0.1040,1,0,1,0,0,0,0.0000,-2347096.9812,-3732759.1097,4593690.9617,6,3.8655,5.2078,-0.9745,1.2748,2.7479,5.6044,0.4678,0.6071,-1.5853,-0.2106,-0.0487,0.0000,0.0000,0.0000,0.0000,0.1546,0.1546,0.0000,-0.1059,0.0000,0.0000
237.7970,46.1900,0,9,p699_PAN,7.7690,6.5330,0.4230,0.7380,1,0,1,0,0,0,0.0000,-2349106.1445,-3729884.1282,4594999.0395,6,3.9146,5.2349,-3.8544,-1.2981,2.7442,5.6045,0.4601,0.5878,-1.6305,-0.2182,-0.0545,0.0000,0.0000,0.0000,0.0000,0.1580,0.1580,0.0000,-0.1034,0.0000,0.0000
237.7830,46.1780,0,9,p700_PAN,3.8880,4.5350,0.1060,0.1020,1,0,1,0,0,0,0.0000,-2350530.4735,-3730124.1426,4594075.7325,6,3.9368,5.2550,0.0488,0.7200,2.7438,5.6046,0.4475,0.5687,-1.6405,-0.2191,-0.0564,0.0000,0.0000,0.0000,0.0000,0.1493,0.1493,0.0000,-0.0929,0.0000,0.0000
237.8670,46.1950,0,9,p701_PAN,4.7520,4.8640,0.1320,0.1070,1,0,1,0,0,0,0.0000,-2344334.1897,-3732411.7402,4595383.6913,6,3.8226,5.1627,-0.9294,0.2987,2.7489,5.6043,0.4924,0.6505,-1.5660,-0.2089,-0.0453,0.0000,0.0000,0.0000,0.0000,0.1762,0.1762,0.0000,-0.1309,0.0000,0.0000
237.6540,46.3000,0,9,p702_PAN,3.8720,5.3210,0.1140,0.1160,1,0,1,0,0,0,0.0000,-2353683.6816,-3716549.7966,4603453.2905,6,4.0806,5.2911,0.2086,-0.0299,2.7291,5.6050,0.4682,0.5665,-1.8197,-0.2526,-0.0798,0.0000,0.0000,0.0000,0.0000,0.1996,0.1996,0.0000,-0.1198,0.0000,0.0000
237.8040,46.1450,0,9,p703_PAN,4.0120,3.7790,0.1040,0.1770,1,0,1,0,0,0,0.0000,-2350572.5971,-3733223.9110,4591535.5990,6,3.9191,5.2541,-0.0929,1.4751,2.7467,5.6045,0.4375,0.5632,-1.6098,-0.2128,-0.0532,0.0000,0.0000,0.0000,0.0000,0.1330,0.1330,0.0000,-0.0798,0.0000,0.0000
237.6890,46.1730,0,9,p705_PAN,3.6640,4.8880,0.1270,0.1260,1,0,1,0,0,0,0.0000,-2356861.2671,-3726601.6392,4593690.9617,6,4.0664,5.3367,0.4024,0.4487,2.7373,5.6049,0.4073,0.5018,-1.7364,-0.2336,-0.0712,0.0000,0.0000,0.0000,0.0000,0.1422,0.1422,0.0000,-0.0710,0.0000,0.0000
239.1720,41.3590,0,3,p730_PAN,-4.5890,4.8640,0.0760,0.0820,1,0,1,0,0,0,0.0000,-2449213.7644,-4104032.9609,4207447.7838,2,-5.0687,4.3127,-0.4797,-0.5513,-5.7584,3.9631,-0.3462,-0.3779,-0.3434,0.0283,-0.0198,0.0000,0.0000,0.0000,0.0000,-0.0849,-0.0849,0.0000,0.1047,0.0000,0.0000
239.5270,41.3330,0,3,p731_PAN,-4.4250,4.5130,0.0780,0.0610,1,0,1,0,0,0,0.0000,-2424706.6677,-4120774.3411,4205278.5718,2,-4.8634,3.7089,-0.4384,-0.8041,-5.8017,3.3879,-0.6400,-0.3486,-0.2984,0.0276,-0.0163,0.0000,0.0000,0.0000,0.0000,-0.2009,-0.2009,0.0000,0.2171,0.0000,0.0000
240.3410,42.5460,0,6,p738_PAN,-2.7610,2.7460,0.1060,0.0760,1,0,1,0,0,0,0.0000,-2321338.2990,-4076514.5991,4305550.9156,3,-2.4993,2.1493,0.2617,-0.5967,-2.8705,1.8521,-0.0776,-0.3047,-0.2936,0.0075,-0.0076,0.0000,0.0000,0.0000,0.0000,-0.0419,-0.0419,0.0000,0.0495,0.0000,0.0000
242.2750,42.0200,0,12,p739_PAN,-2.5080,1.1970,0.0680,0.0720,1,0,1,0,0,0,0.0000,-2200737.4856,-4187346.8918,4262303.6012,10,-2.6447,0.9064,-0.1367,-0.2906,-3.2703,1.4503,-0.4480,0.5324,-0.1776,0.0115,-0.0004,0.0000,0.0000,0.0000,0.0000,-0.3988,-0.3988,0.0000,0.3992,0.0000,0.0000
238.9280,37.6990,0,1,p781_PAN,-10.6930,8.5980,0.1680,0.1980,1,0,1,0,0,0,0.0000,-2600258.7090,-4315264.7060,3893776.6532,1,-11.0528,8.6223,-0.3598,0.0243,-10.2591,7.5947,0.8411,-1.0580,-0.0474,0.0303,-0.0266,0.0000,0.0000,0.0000,0.0000,0.2178,0.2178,0.0000,-0.1912,0.0000,0.0000
238.4190,36.7990,0,41,p787_PAN,-27.1960,33.6000,0.0670,0.0710,1,0,1,0,0,0,0.0000,-2670195.8365,-4343568.1637,3814160.6237,42,-26.7891,31.0459,0.4069,-2.5541,-26.5181,35.2713,0.2932,4.2072,-0.0223,0.0182,-0.0265,0.0000,0.0000,0.0000,0.0000,-0.2962,-0.2962,0.0000,0.3228,0.0000,0.0000
238.5210,36.7440,0,41,p788_PAN,-27.8980,34.4340,0.2860,0.1450,1,0,1,0,0,0,0.0000,-2664369.7027,-4351435.3519,3809264.4864,42,-27.7668,30.7275,0.1312,-3.7065,-26.6496,35.0487,1.1395,4.3034,-0.0223,0.0178,-0.0258,0.0000,0.0000,0.0000,0.0000,-0.1301,-0.1301,0.0000,0.1559,0.0000,0.0000
238.3270,45.3450,0,6,p791_PAN,2.9030,3.9340,0.2070,0.1680,1,0,1,0,0,0,0.0000,-2349833.3643,-3808717.8426,4529492.5783,3,2.6484,3.8990,-0.2546,-0.0350,0.1271,3.4052,-1.4859,-0.3979,-1.0354,-0.0960,-0.0170,0.0000,0.0000,0.0000,0.0000,0.6986,0.6986,0.0000,-0.6816,0.0000,0.0000
237.8630,46.2450,0,9,p792_PAN,5.1460,5.7400,0.2440,0.3680,1,0,1,0,0,0,0.0000,-2342460.6398,-3728850.8691,4599228.2840,6,3.8088,5.1152,-1.3372,-0.6248,2.7464,5.6043,0.5219,0.7035,-1.5843,-0.2144,-0.0460,0.0000,0.0000,0.0000,0.0000,0.2159,0.2159,0.0000,-0.1699,0.0000,0.0000
237.4120,42.4930,0,4,p822_PAN,-0.8160,6.4680,0.3140,0.3490,1,0,1,0,0,0,0.0000,-2528753.2528,-3955926.4118,4301209.6755,8,-1.8864,6.3110,-1.0704,-0.1570,-2.8426,5.7770,-0.0614,-0.4938,-0.8949,-0.0401,-0.1240,0.0000,0.0000,0.0000,0.0000,0.0287,0.0287,0.0000,0.0953,0.0000,0.0000
242.8900,40.0730,0,17,palo_PAN,-2.6370,0.6900,0.2310,0.3070,1,0,1,0,0,0,0.0000,-2220411.8305,-4337198.3646,4099125.8959,17,-3.4648,0.4149,-0.8278,-0.2751,-3.1169,0.0220,0.4508,-0.4110,-0.1030,0.0182,-0.0054,0.0000,0.0000,0.0000,0.0000,-0.1031,-0.1031,0.0000,0.1085,0.0000,0.0000
242.3020,41.3240,0,17,parp_PAN,-3.9280,1.7270,0.2480,0.2340,1,0,1,0,0,0,0.0000,-2222667.3839,-4233916.5977,4204527.4890,17,-3.2726,0.8448,0.6554,-0.8822,-2.7705,0.1259,0.6548,-0.7348,-0.1527,0.0159,-0.0030,0.0000,0.0000,0.0000,0.0000,-0.3697,-0.3697,0.0000,0.3727,0.0000,0.0000
227.4790,53.7150,0,14,pclb_PAN,-1.2170,8.2040,0.1730,0.2200,1,0,1,0,0,0,0.0000,-2546822.7677,-2777324.9881,5132690.4408,11,-0.6077,5.6705,0.6093,-2.5335,0.3627,0.4447,0.9582,-5.2283,0.0122,0.0025,-0.0367,0.0000,0.0000,0.0000,0.0000,0.3125,0.3125,0.0000,-0.2758,0.0000,0.0000
241.2430,45.6660,0,6,pdtn_PAN,1.4130,1.3710,0.2300,0.1030,1,0,1,0,0,0,0.0000,-2140792.0561,-3901018.3744,4554494.0966,3,0.8377,1.1583,-0.5753,-0.2127,0.5612,1.1557,0.1374,0.0437,-0.4139,-0.0463,0.0247,0.0000,0.0000,0.0000,0.0000,0.0266,0.0266,0.0000,-0.0513,0.0000,0.0000
239.6200,40.0340,0,2,penn_PAN,-6.9110,6.9800,0.3270,0.3920,1,0,1,0,0,0,0.0000,-2465606.5017,-4205887.5668,4095808.3227,0,-7.4849,6.0268,-0.5739,-0.9532,-7.8414,6.3491,-0.1668,0.2713,-0.1898,0.0509,-0.0185,0.0000,0.0000,0.0000,0.0000,-0.0117,-0.0117,0.0000,0.0301,0.0000,0.0000
236.5490,48.6490,0,14,pgc5_PAN,6.4300,3.9070,0.0740,0.0670,1,0,1,0,0,0,0.0000,-2318876.7980,-3509958.9670,4779890.1564,13,7.0403,4.2629,0.6103,0.3559,5.9789,4.3530,1.7804,1.7869,-2.8419,-1.6968,-0.3742,0.0000,0.0000,0.0000,0.0000,0.2150,0.2150,0.0000,0.1592,0.0000,0.0000
240.0030,40.8720,0,12,pilg_PAN,-3.5910,4.4590,0.3630,0.3620,1,0,1,0,0,0,0.0000,-2407227.6302,-4169944.7752,4166673.3937,10,-4.7969,3.6023,-1.2059,-0.8567,-4.6371,3.2822,0.3877,-0.3537,-0.2278,0.0336,-0.0136,0.0000,0.0000,0.0000,0.0000,-0.1123,-0.1123,0.0000,0.1259,0.0000,0.0000
238.4360,45.5180,0,6,pkdl_PAN,2.9770,3.6980,0.1250,0.1050,1,0,1,0,0,0,0.0000,-2335413.7695,-3801510.8356,4542984.6306,3,2.3362,3.8498,-0.6408,0.1518,0.3209,3.3212,-0.9924,-0.4275,-1.0229,-0.1011,-0.0091,0.0000,0.0000,0.0000,0.0000,0.3312,0.3312,0.0000,-0.3221,0.0000,0.0000
242.8070,46.7340,0,14,plmn_PAN,1.5700,0.5550,0.1480,0.1370,1,0,1,0,0,0,0.0000,-1994374.1324,-3881798.8127,4636643.3181,11,0.4421,0.1538,-1.1279,-0.4012,0.0517,-0.0900,-0.0785,-0.1831,-0.3120,-0.0607,0.0299,0.0000,0.0000,0.0000,0.0000,-0.0106,-0.0106,0.0000,-0.0193,0.0000,0.0000
240.0330,44.1320,0,6,plna_PAN,-0.2230,2.2890,0.0840,0.0960,1,0,1,0,0,0,0.0000,-2282797.0038,-3959184.8330,4433739.3653,3,-0.5615,2.3168,-0.3385,0.0278,-1.1425,2.0898,-0.1477,-0.2129,-0.4333,-0.0141,0.0010,0.0000,0.0000,0.0000,0.0000,-0.0249,-0.0249,0.0000,0.0238,0.0000,0.0000
245.8860,47.6640,0,14,pls1_PAN,1.3440,-0.1210,0.1690,0.2440,1,0,1,0,0,0,0.0000,-1752011.4730,-3914104.5557,4706866.5572,11,0.2804,-0.0597,-1.0636,0.0613,0.0927,-0.1979,-0.0113,-0.0919,-0.1764,-0.0463,0.0227,0.0000,0.0000,0.0000,0.0000,-0.0044,-0.0044,0.0000,-0.0183,0.0000,0.0000
241.2080,45.6700,0,6,pndl_PAN,0.8800,0.9210,0.2520,0.2440,1,0,1,0,0,0,0.0000,-2143021.5066,-3899431.2467,4554804.7418,3,0.8536,1.1828,-0.0264,0.2618,0.5651,1.1827,0.1293,0.0466,-0.4178,-0.0468,0.0248,0.0000,0.0000,0.0000,0.0000,0.0248,0.0248,0.0000,-0.0496,0.0000,0.0000
239.1530,44.3130,0,6,pnvl_PAN,0.7630,3.2060,0.0920,0.0880,1,0,1,0,0,0,0.0000,-2336140.6634,-3911613.4030,4448154.5441,3,-0.0620,3.0717,-0.8250,-0.1343,-0.9704,2.7686,-0.3241,-0.2771,-0.5843,-0.0259,-0.0092,0.0000,0.0000,0.0000,0.0000,0.0167,0.0167,0.0000,-0.0075,0.0000,0.0000
241.5280,40.3790,0,12,poke_PAN,-4.9880,3.5670,0.2710,0.4810,1,0,1,0,0,0,0.0000,-2312406.2608,-4263890.3362,4125090.0533,10,-4.8129,2.2621,0.1751,-1.3049,-5.1505,2.0530,-0.1995,-0.2337,-0.1382,0.0246,-0.0085,0.0000,0.0000,0.0000,0.0000,-0.0442,-0.0442,0.0000,0.0526,0.0000,0.0000
242.3680,46.4800,0,14,pome_PAN,1.6250,0.4930,0.0750,0.0770,1,0,1,0,0,0,0.0000,-2033570.8678,-3884576.5618,4617250.9053,11,0.5001,0.2040,-1.1249,-0.2890,0.0393,-0.0746,-0.1208,-0.2194,-0.3400,-0.0592,0.0298,0.0000,0.0000,0.0000,0.0000,-0.0053,-0.0053,0.0000,-0.0245,0.0000,0.0000
239.5220,35.9200,0,41,pomm_PAN,-23.0630,28.3740,0.2170,0.1470,1,0,1,0,0,0,0.0000,-2615461.8988,-4444074.3670,3735493.7476,42,-28.0034,34.0552,-4.9404,5.6812,-28.8300,32.8580,-0.8079,-1.2097,-0.0186,0.0124,-0.0195,0.0000,0.0000,0.0000,0.0000,0.0246,0.0246,0.0000,-0.0052,0.0000,0.0000
240.2090,46.2160,0,16,prsr_PAN,1.6510,1.9800,0.0710,0.0840,1,0,1,0,0,0,0.0000,-2189016.8889,-3823631.5363,4596998.8467,15,1.8890,1.7301,0.2380,-0.2499,2.1170,2.0017,0.8208,0.3563,-0.5929,-0.0847,0.0301,0.0000,0.0000,0.0000,0.0000,-0.2729,-0.2729,0.0000,0.2428,0.0000,0.0000
240.3900,45.9390,0,6,ptsn_PAN,1.7640,1.2470,0.1010,0.1300,1,0,1,0,0,0,0.0000,-2187882.4469,-3849804.9630,4575644.6111,3,1.3428,1.7930,-0.4212,0.5460,0.8443,1.8143,0.0438,0.0889,-0.5423,-0.0676,0.0271,0.0000,0.0000,0.0000,0.0000,0.0188,0.0188,0.0000,-0.0458,0.0000,0.0000
237.7400,47.1920,0,16,pylp_PAN,4.6220,4.2640,0.3730,0.3760,1,0,1,0,0,0,0.0000,-2309565.8232,-3659025.0415,4671380.1938,15,4.5886,3.9654,-0.0334,-0.2986,2.9174,3.6225,0.3100,0.0568,-1.9812,-0.3997,-0.0795,0.0000,0.0000,0.0000,0.0000,0.2420,0.2420,0.0000,-0.1624,0.0000,0.0000
239.0340,47.7750,0,13,qmar_PAN,2.9020,1.7190,0.0920,0.1400,1,0,1,0,0,0,0.0000,-2201774.6662,-3669298.7734,4715165.5636,12,3.6718,1.9200,0.7698,0.2010,3.4855,2.0267,0.7795,0.3909,-0.9658,-0.2841,0.0389,0.0000,0.0000,0.0000,0.0000,0.1875,0.1875,0.0000,-0.2263,0.0000,0.0000
240.4710,40.3860,0,12,ratc_PAN,-3.9390,4.8790,0.4910,0.5170,1,0,1,0,0,0,0.0000,-2390420.7107,-4220069.0891,4125682.6308,10,-5.0905,3.3522,-1.1515,-1.5268,-5.1722,2.9052,0.0911,-0.4809,-0.1728,0.0339,-0.0126,0.0000,0.0000,0.0000,0.0000,-0.0178,-0.0178,0.0000,0.0304,0.0000,0.0000
239.6210,40.7430,0,12,rave_PAN,-4.8870,5.0870,0.7120,0.4610,1,0,1,0,0,0,0.0000,-2439713.6443,-4161885.4321,4155822.2346,10,-5.3577,4.3215,-0.4707,-0.7655,-4.7985,3.5898,0.8075,-0.7729,-0.2483,0.0412,-0.0163,0.0000,0.0000,0.0000,0.0000,-0.3295,-0.3295,0.0000,0.3459,0.0000,0.0000
236.6380,42.9540,0,4,rdl2_PAN,0.3090,8.0130,0.3480,0.3200,1,0,1,0,0,0,0.0000,-2562845.9989,-3892374.7986,4338846.6526,8,0.1264,7.8240,-0.1826,-0.1890,-1.5953,7.3695,0.0091,-0.3940,-1.7308,-0.0604,-0.4691,0.0000,0.0000,0.0000,0.0000,0.3684,0.3684,0.0000,0.1008,0.0000,0.0000
239.2420,47.2730,0,13,rdtp_PAN,2.7560,1.5590,0.1800,0.1740,1,0,1,0,0,0,0.0000,-2209482.9050,-3712627.0467,4677492.6153,12,2.9607,2.0725,0.2047,0.5135,2.4220,1.7199,0.3639,-0.1444,-0.9026,-0.2082,0.0366,0.0000,0.0000,0.0000,0.0000,0.1357,0.1357,0.0000,-0.1724,0.0000,0.0000
240.7220,46.2770,0,16,rich_PAN,1.3270,1.3090,0.1150,0.1180,1,0,1,0,0,0,0.0000,-2152299.8537,-3838806.2845,4601686.9854,15,1.6746,1.2664,0.3476,-0.0426,2.1844,1.6644,1.0211,0.4750,-0.5113,-0.0770,0.0314,0.0000,0.0000,0.0000,0.0000,0.1613,0.1613,0.0000,-0.1927,0.0000,0.0000
240.5870,48.9640,0,14,rkd1_PAN,1.6430,0.8850,0.0990,0.0920,1,0,1,0,0,0,0.0000,-2053019.0897,-3641589.7433,4802945.7857,11,0.7349,0.4311,-0.9081,-0.4539,0.1651,-0.0121,-0.0919,-0.2391,-0.4779,-0.2041,0.0436,0.0000,0.0000,0.0000,0.0000,0.0098,0.0098,0.0000,-0.0534,0.0000,0.0000
239.2080,46.7490,0,16,rmrk_PAN,2.9080,2.2030,0.0780,0.1020,1,0,1,0,0,0,0.0000,-2233491.9390,-3747907.2935,4637785.6935,15,2.7609,2.4214,-0.1471,0.2184,2.5731,2.6594,0.7040,0.3966,-0.8918,-0.1586,0.0298,0.0000,0.0000,0.0000,0.0000,0.1050,0.1050,0.0000,-0.1348,0.0000,0.0000
239.4750,35.9000,0,41,rnch_PAN,-24.4040,31.3630,0.1670,0.1270,1,0,1,0,0,0,0.0000,-2619768.6405,-4443050.3436,3733693.5300,42,-27.6331,33.6603,-3.2291,2.2973,-28.9072,32.9611,-1.2560,-0.7115,-0.0182,0.0123,-0.0196,0.0000,0.0000,0.0000,0.0000,0.0523,0.0523,0.0000,-0.0328,0.0000,0.0000
237.6540,47.0200,0,16,roky_PAN,4.0090,3.9000,0.2930,0.2750,1,0,1,0,0,0,0.0000,-2322547.8230,-3667385.1746,4658369.7849,15,4.6868,4.2928,0.6778,0.3928,2.7569,3.6788,0.1384,-0.2434,-2.0683,-0.3706,-0.1004,0.0000,0.0000,0.0000,0.0000,0.2777,0.2777,0.0000,-0.1773,0.0000,0.0000
241.2870,40.8040,0,12,rose_PAN,-4.0210,3.1360,0.2830,0.3840,1,0,1,0,0,0,0.0000,-2315556.5448,-4227173.3169,4160956.0317,10,-4.3768,2.4298,-0.3558,-0.7062,-4.6738,2.2474,-0.1343,-0.2062,-0.1627,0.0238,-0.0080,0.0000,0.0000,0.0000,0.0000,-0.0350,-0.0350,0.0000,0.0430,0.0000,0.0000
241.2660,48.6490,0,14,rpub_PAN,1.6930,-0.1050,0.1190,0.1310,1,0,1,0,0,0,0.0000,-2022384.1205,-3688761.8550,4779890.1564,11,0.6542,0.3323,-1.0388,0.4373,0.1491,-0.0359,-0.0820,-0.2087,-0.4231,-0.1595,0.0415,0.0000,0.0000,0.0000,0.0000,0.0029,0.0029,0.0000,-0.0444,0.0000,0.0000
243.7380,48.2180,0,14,rya1_PAN,1.5370,-0.2280,0.0870,0.1190,1,0,1,0,0,0,0.0000,-1877258.4827,-3804694.5976,4748110.2630,11,0.4104,0.0846,-1.1266,0.3126,0.1249,-0.1227,-0.0306,-0.1279,-0.2549,-0.0794,0.0304,0.0000,0.0000,0.0000,0.0000,-0.0041,-0.0041,0.0000,-0.0263,0.0000,0.0000
241.5760,40.5540,0,12,ryep_PAN,-5.1050,3.5060,0.2470,0.3240,1,0,1,0,0,0,0.0000,-2302825.3736,-4254725.6889,4139885.9975,10,-4.5998,2.1970,0.5052,-1.3090,-4.9507,2.0143,-0.2071,-0.2062,-0.1438,0.0235,-0.0078,0.0000,0.0000,0.0000,0.0000,-0.0453,-0.0453,0.0000,0.0530,0.0000,0.0000
236.2940,47.8170,0,8,sc03_PAN,8.7990,6.3820,0.1020,0.1400,1,0,1,0,0,0,0.0000,-2372745.1844,-3556974.3237,4718301.1150,5,9.4475,6.2177,0.6485,-0.1643,3.2121,4.0437,0.5763,0.4148,-6.8118,-2.5888,-2.4973,0.0000,0.0000,0.0000,0.0000,2.7895,2.7895,0.0000,-0.2923,0.0000,0.0000
241.6450,41.1300,0,12,scho_PAN,-4.3990,1.6990,0.5230,0.5560,1,0,1,0,0,0,0.0000,-2277817.9724,-4220655.9781,4188312.2926,10,-3.8801,2.0399,0.5189,0.3409,-4.2948,1.9586,-0.2502,-0.1009,-0.1644,0.0196,-0.0057,0.0000,0.0000,0.0000,0.0000,-0.0547,-0.0547,0.0000,0.0604,0.0000,0.0000
241.1520,40.3070,0,12,sevn_PAN,-5.2950,3.9750,0.4900,0.5350,1,0,1,0,0,0,0.0000,-2342837.0259,-4253160.7067,4118991.3978,10,-4.9959,2.6564,0.2991,-1.3186,-5.2416,2.3562,-0.1005,-0.3279,-0.1452,0.0277,-0.0100,0.0000,0.0000,0.0000,0.0000,-0.0282,-0.0282,0.0000,0.0382,0.0000,0.0000
242.3710,40.6760,0,12,shep_PAN,-3.6150,0.2260,0.3550,0.3520,1,0,1,0,0,0,0.0000,-2239476.6903,-4278448.0603,4150178.0456,10,-3.7589,0.9280,-0.1439,0.7020,-4.7968,1.3728,-0.9084,0.4261,-0.1296,0.0188,-0.0050,0.0000,0.0000,0.0000,0.0000,-0.4136,-0.4136,0.0000,0.4185,0.0000,0.0000
239.7750,40.5920,0,12,shin_PAN,-5.4910,4.6840,0.0560,0.0590,1,0,1,0,0,0,0.0000,-2434023.4906,-4177876.9051,4143093.7323,10,-5.1512,4.2206,0.3398,-0.4634,-4.9636,3.4658,0.4123,-0.7962,-0.2247,0.0414,-0.0157,0.0000,0.0000,0.0000,0.0000,-0.0590,-0.0590,0.0000,0.0747,0.0000,0.0000
240.9840,41.8680,0,6,shld_PAN,-3.1070,2.3050,0.0530,0.0560,1,0,1,0,0,0,0.0000,-2299997.6586,-4146574.3499,4249739.2147,3,-3.3125,1.9128,-0.2055,-0.3922,-3.5998,1.3557,-0.0653,-0.5725,-0.2220,0.0153,-0.0059,0.0000,0.0000,0.0000,0.0000,0.0285,0.0285,0.0000,-0.0226,0.0000,0.0000
236.8890,47.2160,0,16,shlt_PAN,6.6080,5.6910,0.5700,0.3880,1,0,1,0,0,0,0.0000,-2362586.5677,-3622679.9906,4673192.2556,15,6.8874,5.5149,0.2794,-0.1761,2.8967,4.1797,0.2364,-0.4947,-4.2272,-0.8405,-0.8759,0.0000,0.0000,0.0000,0.0000,1.3218,1.3218,0.0000,-0.4459,0.0000,0.0000
233.7400,49.3480,0,8,shpb_PAN,10.5280,7.0520,0.2090,0.2160,1,0,1,0,0,0,0.0000,-2453427.8151,-3344828.9561,4830855.2733,13,9.9747,7.0292,-0.5533,-0.0228,5.0143,2.3393,1.1849,-0.9261,-6.1454,-3.7638,-0.7859,0.0000,0.0000,0.0000,0.0000,1.3417,1.3417,0.0000,-0.5558,0.0000,0.0000
238.4710,45.4640,0,6,shrk_PAN,1.4860,5.4650,0.2180,0.1850,1,0,1,0,0,0,0.0000,-2335329.0964,-3806584.6441,4538777.6792,3,2.1777,3.7548,0.6917,-1.7102,0.2633,3.2942,-0.9192,-0.3650,-0.9953,-0.0956,-0.0086,0.0000,0.0000,0.0000,0.0000,0.2815,0.2815,0.0000,-0.2729,0.0000,0.0000
239.9650,40.2780,0,12,sked_PAN,-6.1600,5.0290,0.2450,0.1830,1,0,1,0,0,0,0.0000,-2431484.1461,-4205519.1211,4116533.1568,10,-5.5715,4.2324,0.5885,-0.7966,-5.3125,3.3128,0.4489,-0.9616,-0.1899,0.0421,-0.0155,0.0000,0.0000,0.0000,0.0000,0.0536,0.0536,0.0000,-0.0381,0.0000,0.0000
237.6580,48.4330,0,14,skgt_PAN,4.6480,2.8300,0.2030,0.1990,1,0,1,0,0,0,0.0000,-2260133.0094,-3569381.2425,4763997.0390,13,4.2850,3.7389,-0.3630,0.9089,6.3071,5.1454,3.6571,2.1357,-1.6350,-0.7292,-0.0236,0.0000,0.0000,0.0000,0.0000,1.4924,1.4924,0.0000,-1.4688,0.0000,0.0000
241.2920,41.0320,0,12,sknd_PAN,-3.8040,0.8400,0.3250,0.3160,1,0,1,0,0,0,0.0000,-2307215.8137,-4212819.3479,4180102.8447,10,-4.0975,2.3783,-0.2935,1.5383,-4.4147,2.2433,-0.1449,-0.1570,-0.1723,0.0221,-0.0073,0.0000,0.0000,0.0000,0.0000,-0.0335,-0.0335,0.0000,0.0407,0.0000,0.0000
242.0690,41.1600,0,12,slum_PAN,-3.6670,-0.0530,0.3950,0.2540,1,0,1,0,0,0,0.0000,-2245494.6820,-4235458.4376,4190822.9405,10,-3.4900,1.4833,0.1770,1.5363,-4.2520,1.6165,-0.6088,0.1155,-0.1532,0.0177,-0.0042,0.0000,0.0000,0.0000,0.0000,-0.2814,-0.2814,0.0000,0.2856,0.0000,0.0000
321.5400,72.5800,0,47,smm1_PAN,-1770.8950,159.9060,2.8330,2.0200,1,0,1,0,0,0,0.0000,1492672.1678,-1185624.5721,6075407.4460,48,-1.1154,0.7382,1769.7796,-159.1678,-1.1131,0.6700,0.0043,-0.0661,-0.0021,-0.0021,-0.0001,0.0000,0.0000,0.0000,0.0000,-0.0062,-0.0062,0.0000,0.0063,0.0000,0.0000
240.3520,40.6210,0,12,smok_PAN,-5.9080,5.3080,0.2610,0.4030,1,0,1,0,0,0,0.0000,-2390789.6274,-4200353.5878,4145540.5144,10,-4.8243,3.3781,1.0837,-1.9299,-4.9095,3.0011,0.1066,-0.4101,-0.1918,0.0331,-0.0125,0.0000,0.0000,0.0000,0.0000,-0.0313,-0.0313,0.0000,0.0437,0.0000,0.0000
232.8130,54.8240,0,14,smth_PAN,0.0940,0.6110,0.2010,0.1680,1,0,1,0,0,0,0.0000,-2217140.2087,-2922350.9565,5204661.9144,11,0.5271,0.7145,0.4331,0.1035,0.4441,0.2603,-0.0631,-0.4182,-0.0199,-0.0360,-0.0313,0.0000,0.0000,0.0000,0.0000,0.0879,0.0879,0.0000,-0.0566,0.0000,0.0000
243.4490,48.2740,0,14,sndp_PAN,-0.6350,-1.6940,0.4730,0.5630,1,0,1,0,0,0,0.0000,-1894350.1217,-3791024.2289,4752254.6622,11,0.4314,0.1071,1.0664,1.8011,0.1282,-0.1125,-0.0342,-0.1341,-0.2690,-0.0855,0.0316,0.0000,0.0000,0.0000,0.0000,-0.0038,-0.0038,0.0000,-0.0277,0.0000,0.0000
238.3560,46.9150,0,16,snrs_PAN,5.3490,4.3770,0.3620,0.3070,1,0,1,0,0,0,0.0000,-2281916.0200,-3702827.0129,4650406.7404,15,3.7529,3.5081,-1.5961,-0.8689,2.6923,3.2186,0.2744,-0.0456,-1.3350,-0.2439,0.0018,0.0000,0.0000,0.0000,0.0000,0.1012,0.1012,0.0000,-0.1029,0.0000,0.0000
242.2720,40.8530,0,12,sonc_PAN,-4.0750,0.4090,0.3220,0.3440,1,0,1,0,0,0,0.0000,-2240890.0351,-4263203.1594,4165076.4860,10,-3.5822,1.1227,0.4928,0.7137,-4.5973,1.4527,-0.8776,0.3116,-0.1376,0.0185,-0.0047,0.0000,0.0000,0.0000,0.0000,-0.4051,-0.4051,0.0000,0.4097,0.0000,0.0000
242.4970,47.6280,0,14,spkn_PAN,1.5830,0.5520,0.1090,0.1340,1,0,1,0,0,0,0.0000,-1981694.0858,-3806312.3107,4704171.1922,11,0.5090,0.1894,-1.0740,-0.3626,0.0969,-0.0791,-0.0737,-0.1783,-0.3384,-0.0902,0.0347,0.0000,0.0000,0.0000,0.0000,-0.0081,-0.0081,0.0000,-0.0267,0.0000,0.0000
242.7280,47.6770,0,14,spkv_PAN,0.8790,0.2070,0.3910,0.5660,1,0,1,0,0,0,0.0000,-1964487.9254,-3810693.7143,4707839.4268,11,0.4830,0.1664,-0.3960,-0.0406,0.0991,-0.0872,-0.0631,-0.1669,-0.3209,-0.0867,0.0339,0.0000,0.0000,0.0000,0.0000,-0.0081,-0.0081,0.0000,-0.0258,0.0000,0.0000
240.2240,44.8270,0,6,spra_PAN,0.4300,1.9470,0.0800,0.1210,1,0,1,0,0,0,0.0000,-2242711.3571,-3919801.1640,4488847.9664,3,0.1776,2.1122,-0.2524,0.1652,-0.3770,1.9424,-0.0808,-0.1410,-0.4738,-0.0288,0.0114,0.0000,0.0000,0.0000,0.0000,-0.0245,-0.0245,0.0000,0.0131,0.0000,0.0000
242.0250,47.3100,0,14,sprg_PAN,1.3370,0.8590,0.0950,0.1110,1,0,1,0,0,0,0.0000,-2025198.9468,-3812857.8308,4680281.5994,11,0.5785,0.2472,-0.7585,-0.6118,0.0814,-0.0626,-0.1176,-0.2189,-0.3796,-0.0909,0.0357,0.0000,0.0000,0.0000,0.0000,-0.0072,-0.0072,0.0000,-0.0285,0.0000,0.0000
240.4400,40.8440,0,12,squa_PAN,-4.1620,3.0420,0.5570,0.5200,1,0,1,0,0,0,0.0000,-2376357.6372,-4189954.1339,4164319.8961,10,-4.5271,3.1825,-0.3651,0.1405,-4.6534,2.9302,0.0736,-0.2820,-0.1999,0.0297,-0.0114,0.0000,0.0000,0.0000,0.0000,-0.0310,-0.0310,0.0000,0.0424,0.0000,0.0000
240.7930,40.2310,0,12,ston_PAN,-4.9570,4.1570,0.3400,0.3420,1,0,1,0,0,0,0.0000,-2372104.0133,-4243162.9995,4112546.8717,10,-5.1929,3.0673,-0.2359,-1.0897,-5.3380,2.6457,0.0075,-0.4530,-0.1526,0.0314,-0.0117,0.0000,0.0000,0.0000,0.0000,-0.0149,-0.0149,0.0000,0.0266,0.0000,0.0000
321.5420,72.5790,0,47,summ_PAN,-1686.2040,105.6120,0.4560,0.6570,1,0,1,0,0,0,0.0000,1492796.5856,-1185638.4152,6075374.1748,48,-1.1152,0.7383,1685.0888,-104.8737,-1.1130,0.6701,0.0043,-0.0661,-0.0021,-0.0021,-0.0001,0.0000,0.0000,0.0000,0.0000,-0.0062,-0.0062,0.0000,0.0063,0.0000,0.0000
239.9310,41.6620,0,6,supr_PAN,-3.0510,2.4910,0.3910,0.5510,1,0,1,0,0,0,0.0000,-2383452.2787,-4116802.9886,4232663.4463,3,-3.8320,2.7303,-0.7810,0.2393,-3.8465,2.1685,0.2645,-0.5812,-0.2790,0.0194,-0.0128,0.0000,0.0000,0.0000,0.0000,-0.1223,-0.1223,0.0000,0.1351,0.0000,0.0000
239.4370,40.4490,0,12,susa_PAN,-6.0600,5.5550,0.2830,0.3300,1,0,1,0,0,0,0.0000,-2463877.4702,-4172336.3239,4131013.0566,10,-5.9812,5.3117,0.0788,-0.2433,-5.1396,3.7379,1.0811,-1.6245,-0.2395,0.0507,-0.0185,0.0000,0.0000,0.0000,0.0000,0.2162,0.2162,0.0000,-0.1978,0.0000,0.0000
238.7470,43.6430,0,11,svic_PAN,-0.2720,3.9760,0.0790,0.0900,1,0,1,0,0,0,0.0000,-2390623.9204,-3939161.2240,4394573.6522,9,-0.1490,3.7964,0.1230,-0.1796,-0.4454,2.8803,0.2761,-0.8966,-0.5726,-0.0195,-0.0273,0.0000,0.0000,0.0000,0.0000,0.1023,0.1023,0.0000,-0.0750,0.0000,0.0000
238.6450,43.6730,0,11,swnb_PAN,-0.0310,4.0940,0.0750,0.0890,1,0,1,0,0,0,0.0000,-2396435.1390,-3932933.6148,4396985.7025,9,-0.0698,3.8219,-0.0388,-0.2721,-0.3676,3.0802,0.2999,-0.7198,-0.5978,-0.0220,-0.0301,0.0000,0.0000,0.0000,0.0000,0.1332,0.1332,0.0000,-0.1030,0.0000,0.0000
233.3220,49.8930,0,8,tahb_PAN,6.3030,5.0420,0.2090,0.2100,1,0,1,0,0,0,0.0000,-2450205.2408,-3289838.0476,4870093.5679,13,6.9771,5.4153,0.6741,0.3733,4.3455,2.0391,1.2909,-0.6047,-3.9225,-2.7715,-1.4965,0.0000,0.0000,0.0000,0.0000,1.9270,1.9270,0.0000,-0.4305,0.0000,0.0000
242.8240,46.7150,0,14,tay1_PAN,1.2190,0.9380,0.2830,0.3490,1,0,1,0,0,0,0.0000,-1993924.4289,-3883758.0045,4635195.8530,11,0.4387,0.1520,-0.7803,-0.7860,0.0507,-0.0906,-0.0775,-0.1827,-0.3106,-0.0600,0.0297,0.0000,0.0000,0.0000,0.0000,-0.0106,-0.0106,0.0000,-0.0191,0.0000,0.0000
239.6400,35.9170,0,1,tblp_PAN,-12.8340,17.6310,0.1410,0.1940,1,0,1,0,0,0,0.0000,-2606402.6922,-4449620.2141,3735223.7440,1,-9.7611,10.8075,3.0729,-6.8235,-9.8842,7.7713,-0.1040,-3.0487,-0.0192,0.0125,-0.0191,0.0000,0.0000,0.0000,0.0000,0.0683,0.0683,0.0000,-0.0492,0.0000,0.0000
238.8700,45.6080,0,6,tdls_PAN,2.5040,3.4060,0.0790,0.1030,1,0,1,0,0,0,0.0000,-2302859.5537,-3812978.5456,4549987.2470,3,1.6087,3.2507,-0.8953,-0.1553,0.4364,2.9868,-0.3066,-0.1772,-0.8656,-0.0867,0.0065,0.0000,0.0000,0.0000,0.0000,0.0392,0.0392,0.0000,-0.0457,0.0000,0.0000
239.5020,40.8630,0,3,term_PAN,-6.5210,5.3650,0.3640,0.4340,1,0,1,0,0,0,0.0000,-2443929.6847,-4149300.4872,4165917.0208,2,-5.5593,4.0703,0.9617,-1.2947,-6.8586,3.4284,-1.0308,-0.6822,-0.2685,0.0403,-0.0170,0.0000,0.0000,0.0000,0.0000,-0.2879,-0.2879,0.0000,0.3049,0.0000,0.0000
237.8080,46.2190,0,9,tgua_PAN,4.6090,4.8240,0.1250,0.1270,1,0,1,0,0,0,0.0000,-2347150.6583,-3728366.3811,4597229.5328,6,3.8907,5.2021,-0.7183,0.3781,2.7437,5.6045,0.4817,0.6218,-1.6287,-0.2195,-0.0532,0.0000,0.0000,0.0000,0.0000,0.1782,0.1782,0.0000,-0.1250,0.0000,0.0000
237.8260,46.2750,0,9,thar_PAN,4.4020,5.5260,0.0980,0.1060,1,0,1,0,0,0,0.0000,-2343585.4953,-3725298.5434,4601533.3586,6,3.8456,5.1241,-0.5564,-0.4019,2.7424,5.6044,0.5252,0.7029,-1.6283,-0.2226,-0.0512,0.0000,0.0000,0.0000,0.0000,0.2277,0.2277,0.0000,-0.1765,0.0000,0.0000
241.3700,40.6470,0,12,tire_PAN,-4.8410,3.5860,0.1620,0.3170,1,0,1,0,0,0,0.0000,-2314885.0071,-4240515.0062,4147733.2782,10,-4.5462,2.3805,0.2948,-1.2055,-4.8500,2.1804,-0.1503,-0.2244,-0.1535,0.0243,-0.0082,0.0000,0.0000,0.0000,0.0000,-0.0371,-0.0371,0.0000,0.0453,0.0000,0.0000
238.8550,43.6020,0,11,tmbu_PAN,-0.3440,3.6360,0.1020,0.1180,1,0,1,0,0,0,0.0000,-2384820.3755,-3946350.8520,4391275.2351,9,-0.1309,3.8669,0.2131,0.2309,-0.5532,2.6686,0.1245,-1.1814,-0.5467,-0.0170,-0.0247,0.0000,0.0000,0.0000,0.0000,-0.0316,-0.0316,0.0000,0.0562,0.0000,0.0000
254.7670,40.1310,0,14,tmgo_PAN,-0.6760,1.3340,0.1080,0.1560,1,0,1,0,0,0,0.0000,-1279140.8919,-4697326.1189,4104056.2097,11,-0.3410,-0.4566,0.3350,-1.7906,-0.3199,-0.5048,0.0580,-0.0488,-0.0369,0.0006,0.0034,0.0000,0.0000,0.0000,0.0000,-0.0007,-0.0007,0.0000,-0.0027,0.0000,0.0000
236.2320,46.2070,0,15,tpw2_PAN,8.6300,8.0010,0.1100,0.0800,1,0,1,0,0,0,0.0000,-2449338.8738,-3663202.8532,4596306.7129,14,8.5033,7.9370,-0.1267,-0.0640,2.7890,6.7712,0.4580,0.6779,-6.1722,-1.8438,-1.6981,0.0000,0.0000,0.0000,0.0000,1.9033,1.9033,0.0000,-0.2052,0.0000,0.0000
242.2900,49.0980,0,14,trai_PAN,1.6200,0.2170,0.1580,0.2050,1,0,1,0,0,0,0.0000,-1938660.8561,-3691039.3943,4812709.6044,11,0.5226,0.2090,-1.0974,-0.0080,0.1709,-0.0719,-0.0364,-0.1523,-0.3153,-0.1286,0.0357,0.0000,0.0000,0.0000,0.0000,0.0038,0.0038,0.0000,-0.0395,0.0000,0.0000
241.3640,40.2900,0,12,trin_PAN,-4.3540,3.8200,0.3610,0.4730,1,0,1,0,0,0,0.0000,-2327669.5078,-4262872.7525,4117550.4879,10,-4.9560,2.4411,-0.6020,-1.3789,-5.2555,2.1853,-0.1608,-0.2820,-0.1387,0.0261,-0.0093,0.0000,0.0000,0.0000,0.0000,-0.0361,-0.0361,0.0000,0.0454,0.0000,0.0000
237.7760,46.2370,0,9,tstu_PAN,-2.0970,-1.3530,0.2370,0.2810,1,0,1,0,0,0,0.0000,-2348462.3639,-3725832.9172,4598613.3845,6,3.9274,5.2194,6.0244,6.5724,2.7406,5.6046,0.4792,0.6112,-1.6660,-0.2260,-0.0580,0.0000,0.0000,0.0000,0.0000,0.1829,0.1829,0.0000,-0.1249,0.0000,0.0000
239.9770,41.0180,0,12,tule_PAN,-4.9330,5.6730,0.6260,0.6950,1,0,1,0,0,0,0.0000,-2403799.4184,-4159645.6178,4178929.0675,10,-4.6788,3.3735,0.2542,-2.2995,-4.4723,3.3031,0.4452,-0.1017,-0.2388,0.0313,-0.0135,0.0000,0.0000,0.0000,0.0000,-0.0632,-0.0632,0.0000,0.0767,0.0000,0.0000
241.7420,40.4030,0,12,tung_PAN,-4.5310,2.2080,0.0470,0.0600,1,0,1,0,0,0,0.0000,-2295646.2490,-4270975.0592,4127121.4914,10,-4.7145,2.0403,-0.1835,-0.1677,-5.1185,1.8804,-0.2701,-0.1831,-0.1339,0.0231,-0.0077,0.0000,0.0000,0.0000,0.0000,-0.0590,-0.0590,0.0000,0.0667,0.0000,0.0000
239.9170,40.1030,0,2,turt_PAN,-5.8030,5.5660,0.3760,0.3970,1,0,1,0,0,0,0.0000,-2441297.5168,-4214340.6489,4101676.5830,0,-6.5257,4.8732,-0.7227,-0.6928,-7.6233,5.7226,-0.9178,0.8051,-0.1798,0.0443,-0.0164,0.0000,0.0000,0.0000,0.0000,0.1495,0.1495,0.0000,-0.1331,0.0000,0.0000
237.8410,46.2130,0,9,twiw_PAN,3.7820,5.2640,0.1990,0.1530,1,0,1,0,0,0,0.0000,-2345259.1175,-3730125.1623,4596768.1480,6,3.8495,5.1734,0.0675,-0.0906,2.7463,5.6044,0.4921,0.6452,-1.5954,-0.2142,-0.0487,0.0000,0.0000,0.0000,0.0000,0.1823,0.1823,0.0000,-0.1336,0.0000,0.0000
237.7880,46.1980,0,9,twri_PAN,6.1570,4.4840,0.1460,0.3300,1,0,1,0,0,0,0.0000,-2349349.9835,-3728972.2177,4595614.4656,6,3.9240,5.2378,-2.2330,0.7538,2.7432,5.6046,0.4610,0.5870,-1.6418,-0.2203,-0.0559,0.0000,0.0000,0.0000,0.0000,0.1613,0.1613,0.0000,-0.1054,0.0000,0.0000
239.8780,48.3660,0,14,twsp_PAN,2.5940,1.2360,0.1970,0.1970,1,0,1,0,0,0,0.0000,-2122965.1866,-3659068.2469,4759053.4608,11,1.0898,0.6852,-1.5042,-0.5508,0.1351,0.0129,-0.3014,-0.4335,-0.6533,-0.2388,0.0467,0.0000,0.0000,0.0000,0.0000,0.0411,0.0411,0.0000,-0.0878,0.0000,0.0000
241.0630,45.1330,0,6,ukia_PAN,0.5680,1.2910,0.0750,0.1150,1,0,1,0,0,0,0.0000,-2173443.4025,-3931183.6300,4512902.6696,3,0.3896,1.4228,-0.1784,0.1318,-0.0252,1.2947,-0.0137,-0.0962,-0.4011,-0.0319,0.0187,0.0000,0.0000,0.0000,0.0000,-0.0206,-0.0206,0.0000,0.0019,0.0000,0.0000
237.6640,47.6010,0,8,v102_PAN,3.5340,2.4200,0.3130,0.3350,1,0,1,0,0,0,0.0000,-2296522.1809,-3627690.3522,4702148.4496,5,4.7332,3.7226,1.1992,1.3026,3.0001,2.8249,0.3484,-0.3387,-2.0815,-0.5590,-0.0880,0.0000,0.0000,0.0000,0.0000,0.2027,0.2027,0.0000,-0.1147,0.0000,0.0000
242.7110,40.7110,0,17,vlmy_PAN,-4.7370,-0.4170,0.4270,0.3980,1,0,1,0,0,0,0.0000,-2212885.8388,-4289408.1288,4153127.2110,17,-3.2532,0.3985,1.4838,0.8155,-2.9402,0.0536,0.4370,-0.3620,-0.1240,0.0172,-0.0040,0.0000,0.0000,0.0000,0.0000,-0.1171,-0.1171,0.0000,0.1211,0.0000,0.0000
240.2680,46.6370,0,16,vrnt_PAN,2.3820,0.9650,0.1170,0.1020,1,0,1,0,0,0,0.0000,-2168267.5460,-3796449.3407,4629248.2882,15,1.9545,1.4868,-0.4275,0.5218,2.5022,1.9629,1.1532,0.5827,-0.6055,-0.1066,0.0352,0.0000,0.0000,0.0000,0.0000,0.1566,0.1566,0.0000,-0.1918,0.0000,0.0000
240.2200,48.1000,0,14,wabr_PAN,2.5090,1.3120,0.2220,0.2670,1,0,1,0,0,0,0.0000,-2112037.3226,-3690811.8566,4739362.5783,11,1.0228,0.5779,-1.4862,-0.7341,0.1218,0.0008,-0.2948,-0.3787,-0.6063,-0.1984,0.0457,0.0000,0.0000,0.0000,0.0000,0.0350,0.0350,0.0000,-0.0806,0.0000,0.0000
237.0300,46.6750,0,9,wacs_PAN,5.5380,5.6450,0.2210,0.2340,1,0,1,0,0,0,0.0000,-2377572.0551,-3665340.0598,4632146.8922,6,5.5381,5.7206,0.0001,0.0756,2.6677,5.6066,0.3538,0.3779,-3.2243,-0.4920,-0.4319,0.0000,0.0000,0.0000,0.0000,0.5220,0.5220,0.0000,-0.0902,0.0000,0.0000
240.4860,41.2920,0,12,wago_PAN,-4.0770,2.6790,0.2770,0.5880,1,0,1,0,0,0,0.0000,-2356879.7931,-4163396.9480,4201856.1322,10,-3.9443,2.7393,0.1327,0.0603,-4.1431,2.8931,0.0223,0.1302,-0.2211,0.0236,-0.0100,0.0000,0.0000,0.0000,0.0000,0.1422,0.1422,0.0000,-0.1322,0.0000,0.0000
241.7420,46.0920,0,14,wala_PAN,1.6830,0.5370,0.0740,0.0840,1,0,1,0,0,0,0.0000,-2090646.2410,-3889579.2229,4587452.8036,11,0.7198,0.4273,-0.9632,-0.1097,0.0203,-0.0526,-0.3165,-0.4250,-0.3830,-0.0549,0.0284,0.0000,0.0000,0.0000,0.0000,0.0798,0.0798,0.0000,-0.1081,0.0000,0.0000
240.2810,41.2480,0,12,wall_PAN,-4.0040,2.8360,0.3460,0.6530,1,0,1,0,0,0,0.0000,-2373359.9702,-4157738.7170,4198180.8768,10,-4.1289,2.8848,-0.1249,0.0488,-4.2001,3.0583,0.1600,0.1482,-0.2312,0.0253,-0.0112,0.0000,0.0000,0.0000,0.0000,0.1805,0.1805,0.0000,-0.1693,0.0000,0.0000
238.7260,45.2240,0,6,wamc_PAN,2.9030,3.2960,0.1110,0.0860,1,0,1,0,0,0,0.0000,-2328213.8278,-3833156.4088,4520031.3914,3,1.3277,3.3943,-1.5753,0.0983,0.0109,3.0978,-0.4702,-0.2266,-0.8466,-0.0699,-0.0040,0.0000,0.0000,0.0000,0.0000,0.0832,0.0832,0.0000,-0.0792,0.0000,0.0000
288.5070,42.6130,0,14,wes2_PAN,0.1690,-0.4840,0.1560,0.1440,1,0,1,0,0,0,0.0000,1487457.7436,-4443738.2915,4311033.6253,11,-0.5801,-1.5004,-0.7491,-1.0164,-0.6096,-1.5020,-0.0223,0.0006,-0.0071,-0.0021,0.0013,0.0000,0.0000,0.0000,0.0000,0.0125,0.0125,0.0000,-0.0138,0.0000,0.0000
242.1220,40.5580,0,12,wilc_PAN,-3.3060,1.0480,0.2810,0.4060,1,0,1,0,0,0,0.0000,-2262040.8802,-4276221.4517,4140223.7396,10,-4.2953,1.5917,-0.9893,0.5437,-4.9351,1.5738,-0.5088,-0.0383,-0.1309,0.0204,-0.0060,0.0000,0.0000,0.0000,0.0000,-0.1387,-0.1387,0.0000,0.1448,0.0000,0.0000
241.5320,40.0250,0,12,wild_PAN,-4.0010,1.7370,0.2810,0.3510,1,0,1,0,0,0,0.0000,-2324213.0753,-4286375.1934,4095042.4593,10,-5.1345,2.2877,-1.1335,0.5507,-5.5522,2.0498,-0.2936,-0.2636,-0.1242,0.0257,-0.0095,0.0000,0.0000,0.0000,0.0000,-0.0532,-0.0532,0.0000,0.0627,0.0000,0.0000
239.8270,48.4630,0,14,wnth_PAN,2.3520,1.5990,0.1810,0.2160,1,0,1,0,0,0,0.0000,-2122168.7868,-3650206.5584,4766208.4704,11,1.0661,0.6835,-1.2859,-0.9155,0.1400,0.0146,-0.2726,-0.4208,-0.6535,-0.2480,0.0468,0.0000,0.0000,0.0000,0.0000,0.0366,0.0366,0.0000,-0.0834,0.0000,0.0000
233.4300,50.1610,0,8,wosb_PAN,5.0080,4.5750,0.2190,0.1980,1,0,1,0,0,0,0.0000,-2430400.7144,-3276119.6439,4889227.3324,13,4.9638,4.5597,-0.0442,-0.0153,4.0254,2.1166,1.4564,-0.1394,-2.3947,-2.3037,-1.2456,0.0000,0.0000,0.0000,0.0000,1.6811,1.6811,0.0000,-0.4355,0.0000,0.0000
239.5950,41.5570,0,3,wrnr_PAN,-4.5620,4.1090,0.2410,0.2090,1,0,1,0,0,0,0.0000,-2411475.0723,-4109438.0627,4223938.7124,2,-4.2833,3.1920,0.2787,-0.9170,-5.2957,3.2777,-0.7081,0.0639,-0.3043,0.0219,-0.0156,0.0000,0.0000,0.0000,0.0000,-0.1379,-0.1379,0.0000,0.1536,0.0000,0.0000
239.6340,47.4450,0,13,xane_PAN,3.3040,1.9450,0.2550,0.1940,1,0,1,0,0,0,0.0000,-2176922.5420,-3715524.5065,4690441.0613,12,2.2737,2.2139,-1.0303,0.2689,2.7954,1.1414,1.2955,-0.8775,-0.7739,-0.1949,0.0417,0.0000,0.0000,0.0000,0.0000,-0.4773,-0.4773,0.0000,0.4355,0.0000,0.0000
235.9200,44.2930,0,4,yach_PAN,7.6210,9.9840,0.3690,0.2880,1,0,1,0,0,0,0.0000,-2553893.9980,-3774923.3794,4446563.8855,14,7.0739,10.0266,-0.5471,0.0426,2.7506,6.7833,0.7962,-0.9582,-5.1195,-2.2851,-0.7171,0.0000,0.0000,0.0000,0.0000,1.2640,1.2640,0.0000,-0.5469,0.0000,0.0000
239.4950,46.6050,0,16,yaki_PAN,2.6100,2.1070,0.0830,0.0690,1,0,1,0,0,0,0.0000,-2220600.1301,-3769078.7742,4626805.7791,15,2.6341,2.2472,0.0241,0.1402,2.4513,2.4709,0.6050,0.3560,-0.7879,-0.1324,0.0314,0.0000,0.0000,0.0000,0.0000,0.1508,0.1508,0.0000,-0.1822,0.0000,0.0000
239.4700,46.5850,0,16,yaks_PAN,2.6150,1.6040,0.2100,0.2120,1,0,1,0,0,0,0.0000,-2223064.7875,-3769500.4196,4625278.4780,15,2.6660,2.2704,0.0510,0.6664,2.4323,2.4873,0.5600,0.3488,-0.7937,-0.1319,0.0309,0.0000,0.0000,0.0000,0.0000,0.1598,0.1598,0.0000,-0.1908,0.0000,0.0000
239.4950,46.6050,0,16,yawa_PAN,2.1640,2.1370,0.1640,0.1790,1,0,1,0,0,0,0.0000,-2220600.1301,-3769078.7742,4626805.7791,15,2.6341,2.2472,0.4701,0.1102,2.4513,2.4709,0.6050,0.3560,-0.7879,-0.1324,0.0314,0.0000,0.0000,0.0000,0.0000,0.1508,0.1508,0.0000,-0.1822,0.0000,0.0000
237.4090,46.9410,0,16,ycs2_PAN,5.9820,4.7160,0.8460,1.0740,1,0,1,0,0,0,0.0000,-2341665.9436,-3662828.4735,4652379.9978,15,5.1955,4.8714,-0.7865,0.1554,2.6734,3.8393,-0.0632,-0.6240,-2.4590,-0.4080,-0.1875,0.0000,0.0000,0.0000,0.0000,0.6464,0.6464,0.0000,-0.4589,0.0000,0.0000
238.2560,45.3790,0,7,yocr_PAN,2.9830,4.1190,0.3790,0.3630,1,0,1,0,0,0,0.0000,-2353136.6984,-3803516.6022,4532147.4598,4,3.0989,4.1484,0.1159,0.0294,2.9594,4.0790,0.9397,0.0335,-1.0792,-0.1028,-0.0202,0.0000,0.0000,0.0000,0.0000,-2.1899,-2.1899,0.0000,2.2101,0.0000,0.0000
216.9760,61.3840,0,46,zina_PAN,-25.6820,24.3190,0.1480,0.2200,1,0,1,0,0,0,0.0000,-2436291.3658,-1834277.7285,5589656.6135,47,-6.6691,12.1732,19.0129,-12.1458,-4.1629,-0.0595,2.5039,-12.2322,0.0024,-0.0004,-0.0073,0.0000,0.0000,0.0000,0.0000,2.6456,2.6456,0.0000,-2.6383,0.0000,0.0000
239.7400,46.9790,0,13,crbi_PAN,2.1550,1.6190,2.9460,1.2990,1,0,1,0,0,0,0.0000,-2189196.8835,-3752372.8096,4655262.2659,12,2.0756,1.4060,-0.0794,-0.2130,1.8047,0.9850,0.4685,-0.2707,-0.7394,-0.1503,0.0376,0.0000,0.0000,0.0000,0.0000,0.2575,0.2575,0.0000,-0.2951,0.0000,0.0000
239.4550,47.1870,0,13,qury_PAN,2.8050,2.1280,0.3020,0.7190,1,0,1,0,0,0,0.0000,-2199231.4073,-3726857.6035,4671002.5778,12,2.6169,1.7389,-0.1881,-0.3891,2.2432,1.4056,0.4545,-0.1490,-0.8282,-0.1843,0.0380,0.0000,0.0000,0.0000,0.0000,0.1741,0.1741,0.0000,-0.2121,0.0000,0.0000
240.0330,47.0240,0,13,vntg_PAN,1.4740,1.4690,0.3500,0.0740,1,0,1,0,0,0,0.0000,-2168152.4407,-3760350.2391,4658672.8298,12,1.6569,0.8600,0.1829,-0.6090,1.9034,0.5526,0.9152,-0.1674,-0.6687,-0.1399,0.0390,0.0000,0.0000,0.0000,0.0000,0.6788,0.6788,0.0000,-0.7177,0.0000,0.0000
239.4710,46.8400,0,16,wena_PAN,2.1030,2.0810,0.2120,0.1170,1,0,1,0,0,0,0.0000,-2212520.2522,-3751770.4121,4644709.2880,15,2.4409,1.9294,0.3379,-0.1516,2.6646,2.4867,1.0340,0.7099,-0.8104,-0.1526,0.0342,0.0000,0.0000,0.0000,0.0000,-0.3823,-0.3823,0.0000,0.3481,0.0000,0.0000
231.8580,51.6470,0,14,calv_PAN,0.0130,-0.0360,0.8860,1.3680,1,0,1,0,0,0,0.0000,-2440205.3697,-3107415.4485,4993367.4455,11,0.2192,1.9515,0.2062,1.9875,0.2827,0.2935,0.0873,-1.6076,-0.0238,-0.0504,-0.1243,0.0000,0.0000,0.0000,0.0000,0.2424,0.2424,0.0000,-0.1181,0.0000,0.0000
240.0200,43.5900,0,6,0047_GPS,-2.0690,1.3570,0.1820,0.1790,1,0,1,0,0,0,0.0000,-2304550.9724,-3994819.0797,4390309.4193,3,-1.1605,2.3591,0.9085,1.0021,-1.7359,2.0998,-0.1871,-0.2536,-0.3884,-0.0057,-0.0046,0.0000,0.0000,0.0000,0.0000,-0.0242,-0.0242,0.0000,0.0288,0.0000,0.0000
239.7500,40.1300,0,2,02EX_GPS,-7.1240,4.5750,0.2980,0.2690,1,0,1,0,0,0,0.0000,-2452596.6657,-4205536.9596,4103971.2399,0,-6.8273,5.3826,0.2967,0.8076,-7.5569,6.0749,-0.5391,0.6449,-0.1905,0.0474,-0.0173,0.0000,0.0000,0.0000,0.0000,0.1109,0.1109,0.0000,-0.0936,0.0000,0.0000
238.9600,40.3000,0,2,02FS_GPS,-6.5750,5.9050,0.2090,0.1790,1,0,1,0,0,0,0.0000,-2504058.2628,-4160870.1680,4118398.1258,0,-7.7400,6.5890,-1.1650,0.6840,-7.1305,7.7406,0.8799,1.0829,-0.2704,0.0687,-0.0234,0.0000,0.0000,0.0000,0.0000,-0.2823,-0.2823,0.0000,0.3057,0.0000,0.0000
238.9600,41.5100,0,3,02SS_GPS,-7.6520,4.9050,0.2090,0.2390,1,0,1,0,0,0,0.0000,-2458656.0995,-4085427.6315,4220028.7575,2,-4.7829,4.6055,2.8691,-0.2995,-5.4292,4.3065,-0.2615,-0.3218,-0.3848,0.0228,-0.0228,0.0000,0.0000,0.0000,0.0000,-0.0756,-0.0756,0.0000,0.0984,0.0000,0.0000
240.3600,38.3300,0,1,1008_GPS,-8.1560,8.3510,0.3580,0.2690,1,0,1,0,0,0,0.0000,-2470247.8966,-4341362.8828,3949024.5771,1,-9.5078,7.6466,-1.3518,-0.7044,-10.2492,7.9487,-0.6692,0.2719,-0.0722,0.0302,-0.0183,0.0000,0.0000,0.0000,0.0000,0.1011,0.1011,0.0000,-0.0828,0.0000,0.0000
240.3000,39.2800,0,19,10BB_GPS,-7.7640,6.3530,0.2390,0.2690,1,0,1,0,0,0,0.0000,-2442012.8191,-4281304.2308,4031297.4259,20,-8.2147,5.7764,-0.4507,-0.5766,-8.8490,5.9443,-0.5189,0.1300,-0.1154,0.0378,-0.0168,0.0000,0.0000,0.0000,0.0000,-0.4960,-0.4960,0.0000,0.5128,0.0000,0.0000
241.8600,39.5400,0,12,3756_GPS,-6.8050,3.5880,0.2390,0.2690,1,0,1,0,0,0,0.0000,-2315902.8711,-4330022.4130,4053621.9922,10,-3.6631,1.7761,3.1419,-1.8119,-6.0954,1.7852,-2.3310,-0.0149,-0.1012,0.0240,-0.0097,0.0000,0.0000,0.0000,0.0000,-1.4083,-1.4083,0.0000,1.4180,0.0000,0.0000
240.3400,39.8500,0,19,43JD_GPS,-5.8020,4.0520,0.1490,0.1490,1,0,1,0,0,0,0.0000,-2419056.9650,-4247946.4517,4080130.6113,20,-6.4576,4.6299,-0.6556,0.5779,-6.5590,5.8240,0.0452,1.1558,-0.1465,0.0382,-0.0149,0.0000,0.0000,0.0000,0.0000,0.2620,0.2620,0.0000,-0.2471,0.0000,0.0000
242.7300,39.9800,0,17,61RB_GPS,0.3160,0.0490,0.2680,0.2690,1,0,1,0,0,0,0.0000,-2235560.4962,-4336889.2251,4091211.6272,17,-3.6706,0.5580,-3.9866,0.5090,-3.1427,0.0503,0.6304,-0.5267,-0.1026,0.0190,-0.0060,0.0000,0.0000,0.0000,0.0000,-0.1853,-0.1853,0.0000,0.1913,0.0000,0.0000
240.6500,40.6500,0,12,64HJ_GPS,-1.7920,-5.8610,0.2980,0.2690,1,0,1,0,0,0,0.0000,-2367882.2642,-4210901.9513,4147986.2345,10,-4.7036,3.0587,-2.9116,8.9197,-4.8668,2.7609,0.0163,-0.3276,-0.1796,0.0298,-0.0110,0.0000,0.0000,0.0000,0.0000,-0.0287,-0.0287,0.0000,0.0397,0.0000,0.0000
242.3900,38.8800,0,17,6683_GPS,-3.3300,0.4640,0.2390,0.2390,1,0,1,0,0,0,0.0000,-2297239.6690,-4392346.8695,3996790.0048,17,-3.8779,0.7027,-0.5479,0.2387,-3.4468,0.1104,0.5079,-0.6128,-0.0767,0.0205,-0.0095,0.0000,0.0000,0.0000,0.0000,-0.0909,-0.0909,0.0000,0.1005,0.0000,0.0000
243.2900,41.2200,0,17,6FMK_GPS,-3.4020,-0.1770,0.2090,0.2090,1,0,1,0,0,0,0.0000,-2152758.2865,-4278422.9920,4195840.7886,17,-2.8148,0.1609,0.5872,0.3379,-2.7989,-0.0487,0.1437,-0.2229,-0.1278,0.0133,-0.0010,0.0000,0.0000,0.0000,0.0000,-0.0277,-0.0277,0.0000,0.0286,0.0000,0.0000
243.1700,39.9700,0,17,79JR_GPS,-1.0480,1.8280,0.2680,0.2690,1,0,1,0,0,0,0.0000,-2202512.2353,-4354566.1644,4090359.9884,17,-3.3414,0.2299,-2.2934,-1.5981,-3.1454,-0.0275,0.2927,-0.2746,-0.0967,0.0172,-0.0050,0.0000,0.0000,0.0000,0.0000,-0.0575,-0.0575,0.0000,0.0625,0.0000,0.0000
239.3100,43.1700,0,3,7MIR_GPS,-1.6490,2.3920,0.2680,0.2690,1,0,1,0,0,0,0.0000,-2370238.3211,-3993523.8648,4356384.8434,2,-1.3260,3.4841,0.3230,1.0921,-1.6808,3.7395,0.0787,0.2611,-0.4335,-0.0056,-0.0177,0.0000,0.0000,0.0000,0.0000,-0.0560,-0.0560,0.0000,0.0737,0.0000,0.0000
239.8600,39.3600,0,2,A210_GPS,-10.3930,6.5710,0.2090,0.2090,1,0,1,0,0,0,0.0000,-2471989.8544,-4257552.9558,4038175.3862,0,-9.1099,6.5136,1.2831,-0.0574,-9.7588,5.8428,-0.5197,-0.7157,-0.1293,0.0449,-0.0191,0.0000,0.0000,0.0000,0.0000,-0.1008,-0.1008,0.0000,0.1200,0.0000,0.0000
240.2300,39.1000,0,2,A250_GPS,-10.0880,6.1560,0.2090,0.1790,1,0,1,0,0,0,0.0000,-2453517.7763,-4289289.7024,4015793.3004,0,-8.7807,6.1285,1.3073,-0.0275,-10.4822,5.0622,-1.5944,-1.1041,-0.1071,0.0377,-0.0176,0.0000,0.0000,0.0000,0.0000,-0.3916,-0.3916,0.0000,0.4092,0.0000,0.0000
240.3500,39.2200,0,19,A255_GPS,-6.3660,8.7510,0.2390,0.2390,1,0,1,0,0,0,0.0000,-2440362.8197,-4287100.1173,4026133.7973,20,-8.1897,5.7759,-1.8237,-2.9751,-9.0865,5.7939,-0.7854,-0.0190,-0.1113,0.0369,-0.0167,0.0000,0.0000,0.0000,0.0000,-0.5116,-0.5116,0.0000,0.5283,0.0000,0.0000
240.5900,39.3500,0,19,A275_GPS,-6.9320,5.3420,0.1790,0.2090,1,0,1,0,0,0,0.0000,-2417891.6700,-4289315.8280,4037316.0715,20,-6.5397,5.1329,0.3923,-0.2091,-8.5504,5.0719,-1.8971,-0.0956,-0.1136,0.0346,-0.0152,0.0000,0.0000,0.0000,0.0000,-1.2479,-1.2479,0.0000,1.2631,0.0000,0.0000
240.8100,39.4300,0,40,A290_GPS,-4.9050,5.2330,0.1790,0.2090,1,0,1,0,0,0,0.0000,-2398652.4736,-4293642.7561,4044187.1440,41,-6.7887,4.6933,-1.8837,-0.5397,2.4189,9.6168,9.3211,4.8911,-0.1134,0.0324,-0.0140,0.0000,0.0000,0.0000,0.0000,0.3066,0.3066,0.0000,-0.2926,0.0000,0.0000
240.9200,39.4600,0,12,A295_GPS,-4.4930,2.5280,0.2680,0.2390,1,0,1,0,0,0,0.0000,-2389375.3436,-4296388.7339,4046761.7642,10,-5.7781,4.4932,-1.2851,1.9652,-6.2087,2.5433,-0.3177,-1.9812,-0.1128,0.0313,-0.0134,0.0000,0.0000,0.0000,0.0000,1.3966,1.3966,0.0000,-1.3832,0.0000,0.0000
240.0800,38.7800,0,1,A300_GPS,-11.0330,9.2620,0.1490,0.1490,1,0,1,0,0,0,0.0000,-2475887.2695,-4302224.0394,3988132.6464,1,-9.8632,7.0954,1.1698,-2.1666,-10.3503,7.8798,-0.3944,0.7475,-0.0928,0.0369,-0.0191,0.0000,0.0000,0.0000,0.0000,0.6272,0.6272,0.0000,-0.6081,0.0000,0.0000
241.9300,38.6900,0,17,A435_GPS,-3.7880,2.7850,0.2980,0.2690,1,0,1,0,0,0,0.0000,-2338653.0407,-4385432.8685,3980330.6361,17,-4.8618,1.5080,-1.0738,-1.2770,-3.4999,0.1917,1.4369,-1.3386,-0.0750,0.0223,-0.0113,0.0000,0.0000,0.0000,0.0000,-0.7322,-0.7322,0.0000,0.7435,0.0000,0.0000
241.8700,39.0000,0,17,AGGI_GPS,-4.3610,1.9870,0.2090,0.1790,1,0,1,0,0,0,0.0000,-2333056.4261,-4363925.5007,4007162.7616,17,-3.2610,1.2880,1.1000,-0.6990,-3.4146,0.2023,-0.0694,-1.1091,-0.0842,0.0234,-0.0109,0.0000,0.0000,0.0000,0.0000,2.9598,2.9598,0.0000,-2.9488,0.0000,0.0000
239.9800,41.5500,0,6,ALKA_GPS,-2.6570,3.8660,0.2090,0.2390,1,0,1,0,0,0,0.0000,-2384065.5614,-4125995.9087,4223356.5587,3,-3.9946,2.7629,-1.3376,-1.1031,-3.9676,2.1307,0.2960,-0.6537,-0.2691,0.0214,-0.0126,0.0000,0.0000,0.0000,0.0000,-0.1008,-0.1008,0.0000,0.1134,0.0000,0.0000
239.5000,41.5100,0,3,ALTU_GPS,-4.8220,3.3880,0.2250,0.1960,1,0,1,0,0,0,0.0000,-2420043.2252,-4108418.1306,4220028.7575,2,-4.5138,3.5672,0.3082,0.1792,-5.4051,3.4317,-0.5795,-0.1586,-0.3118,0.0231,-0.0165,0.0000,0.0000,0.0000,0.0000,-0.1576,-0.1576,0.0000,0.1741,0.0000,0.0000
241.0800,38.3300,0,40,AURO_GPS,-5.5960,6.7210,0.3880,0.2390,1,0,1,0,0,0,0.0000,-2415499.1170,-4372061.3407,3949024.5771,41,-6.4661,7.2617,-0.8701,0.5407,-2.8936,8.5972,3.6419,1.3101,-0.0694,0.0255,-0.0150,0.0000,0.0000,0.0000,0.0000,-0.3555,-0.3555,0.0000,0.3705,0.0000,0.0000
241.0600,39.5100,0,12,B200_GPS,-6.0760,3.5220,0.1790,0.1790,1,0,1,0,0,0,0.0000,-2377160.4043,-4299122.1291,4051050.3321,10,-5.4214,3.8294,0.6546,0.3074,-6.1481,2.4304,-0.6142,-1.4291,-0.1125,0.0301,-0.0127,0.0000,0.0000,0.0000,0.0000,0.5556,0.5556,0.0000,-0.5429,0.0000,0.0000
241.1300,39.4900,0,12,B210_GPS,-5.7720,2.4190,0.2390,0.2090,1,0,1,0,0,0,0.0000,-2372588.8717,-4303261.2445,4049335.2750,10,-5.3656,3.6274,0.4064,1.2084,-6.1689,2.3740,-0.6929,-1.2829,-0.1105,0.0294,-0.0125,0.0000,0.0000,0.0000,0.0000,0.4088,0.4088,0.0000,-0.3963,0.0000,0.0000
241.3500,39.4000,0,12,B220_GPS,-8.0630,2.5100,0.2390,0.2090,1,0,1,0,0,0,0.0000,-2359094.8558,-4317916.1749,4041611.4150,10,-5.2761,3.0786,2.7869,0.5686,-6.2654,2.1966,-0.8858,-0.9096,-0.1035,0.0275,-0.0118,0.0000,0.0000,0.0000,0.0000,0.1306,0.1306,0.0000,-0.1187,0.0000,0.0000
241.8300,39.2900,0,12,B270_GPS,-4.2340,1.3890,0.2680,0.2090,1,0,1,0,0,0,0.0000,-2326497.6207,-4344360.1788,4032157.6010,10,-3.8391,1.8079,0.3949,0.4189,-6.3794,1.8094,-2.4469,-0.0226,-0.0935,0.0241,-0.0104,0.0000,0.0000,0.0000,0.0000,-1.2299,-1.2299,0.0000,1.2403,0.0000,0.0000
241.9800,39.2700,0,17,B280_GPS,-2.7230,0.4830,0.2390,0.2090,1,0,1,0,0,0,0.0000,-2315777.2211,-4351678.2833,4030437.1280,17,-2.9189,1.4150,-0.1959,0.9320,-3.3399,0.1828,-0.3299,-1.2553,-0.0912,0.0231,-0.0100,0.0000,0.0000,0.0000,0.0000,1.6743,1.6743,0.0000,-1.6643,0.0000,0.0000
242.0500,39.3000,0,17,B285_GPS,-2.0140,4.5790,0.5970,0.4780,1,0,1,0,0,0,0.0000,-2309469.4851,-4352639.5172,4033017.6533,17,-3.2183,1.2567,-1.2043,-3.3223,-3.3315,0.1705,-0.0219,-1.1090,-0.0913,0.0228,-0.0097,0.0000,0.0000,0.0000,0.0000,0.5405,0.5405,0.0000,-0.5308,0.0000,0.0000
242.1400,39.2800,0,17,B290_GPS,-4.9090,-0.2250,0.2390,0.2090,1,0,1,0,0,0,0.0000,-2303287.2658,-4357506.2015,4031297.4259,17,-3.5925,1.0303,1.3165,1.2553,-3.3368,0.1546,0.3455,-0.8980,-0.0898,0.0222,-0.0095,0.0000,0.0000,0.0000,0.0000,0.0062,0.0062,0.0000,0.0032,0.0000,0.0000
240.7600,38.9900,0,19,B300_GPS,-8.0550,5.3350,0.1190,0.1190,1,0,1,0,0,0,0.0000,-2417497.9244,-4318520.9599,4006299.0359,20,-6.6393,6.0162,1.4157,0.6812,-9.9859,4.5605,-3.2515,-1.4872,-0.0951,0.0314,-0.0152,0.0000,0.0000,0.0000,0.0000,-2.7148,-2.7148,0.0000,2.7301,0.0000,0.0000
241.8600,39.6700,0,12,B387_GPS,-5.8910,3.4880,0.2390,0.2690,1,0,1,0,0,0,0.0000,-2311559.1769,-4321901.0478,4064753.0018,10,-3.6205,1.6564,2.2705,-1.8316,-5.9479,1.7852,-2.2219,0.1048,-0.1055,0.0240,-0.0094,0.0000,0.0000,0.0000,0.0000,-1.3111,-1.3111,0.0000,1.3204,0.0000,0.0000
244.8900,41.1000,0,21,B428_GPS,-2.2770,-0.5560,0.2390,0.2690,1,0,1,0,0,0,0.0000,-2036183.0636,-4344811.1807,4185800.4966,21,-2.9514,-0.3757,-0.6744,0.1803,-3.0916,-0.5814,-0.0392,-0.2153,-0.1010,0.0096,0.0013,0.0000,0.0000,0.0000,0.0000,-0.0181,-0.0181,0.0000,0.0168,0.0000,0.0000
242.8000,40.4100,0,17,BAMO_GPS,-4.4320,1.4460,0.1790,0.1790,1,0,1,0,0,0,0.0000,-2216162.8174,-4312186.4682,4127713.8577,17,-3.3210,0.4328,1.1110,-1.0132,-3.0236,0.0379,0.4110,-0.4127,-0.1137,0.0178,-0.0047,0.0000,0.0000,0.0000,0.0000,-0.1084,-0.1084,0.0000,0.1131,0.0000,0.0000
243.1300,40.6100,0,17,BATT_GPS,-3.0820,0.5300,0.1790,0.1790,1,0,1,0,0,0,0.0000,-2184764.2994,-4311999.9108,4144612.5496,17,-3.0833,0.2331,-0.0013,-0.2969,-2.9682,-0.0204,0.2291,-0.2695,-0.1140,0.0160,-0.0033,0.0000,0.0000,0.0000,0.0000,-0.0472,-0.0472,0.0000,0.0505,0.0000,0.0000
241.9700,40.9400,0,12,BELL_GPS,-4.3470,1.2830,0.2980,0.2390,1,0,1,0,0,0,0.0000,-2260355.0366,-4245745.0380,4172384.8866,10,-3.8638,1.7382,0.4832,0.4552,-4.5039,1.6964,-0.4922,-0.0611,-0.1480,0.0194,-0.0053,0.0000,0.0000,0.0000,0.0000,-0.1395,-0.1395,0.0000,0.1447,0.0000,0.0000
243.5800,40.6600,0,17,BEOW_GPS,-3.0380,0.3090,0.2390,0.2690,1,0,1,0,0,0,0.0000,-2149220.7649,-4325785.0933,4148829.3399,17,-2.9978,-0.0357,0.0402,-0.3447,-2.9546,-0.1000,0.1517,-0.0786,-0.1085,0.0143,-0.0022,0.0000,0.0000,0.0000,0.0000,-0.0241,-0.0241,0.0000,0.0262,0.0000,0.0000
239.6600,40.5600,0,12,BISC_GPS,-7.5880,3.9790,0.2980,0.2990,1,0,1,0,0,0,0.0000,-2443572.5787,-4174979.4738,4140392.6031,10,-5.2697,4.4748,2.3183,0.4958,-5.0045,3.5584,0.4960,-0.9604,-0.2308,0.0440,-0.0165,0.0000,0.0000,0.0000,0.0000,-0.0328,-0.0328,0.0000,0.0494,0.0000,0.0000
240.9400,39.5800,0,12,BLAB_GPS,-4.5790,3.4270,0.1490,0.1190,1,0,1,0,0,0,0.0000,-2383753.4681,-4289804.5540,4057049.1436,10,-5.7667,3.9831,-1.1877,0.5561,-6.0721,2.5272,-0.1876,-1.4872,-0.1178,0.0312,-0.0130,0.0000,0.0000,0.0000,0.0000,0.6500,0.6500,0.0000,-0.6370,0.0000,0.0000
241.8000,41.4500,0,12,BLAC_GPS,-2.6070,1.0900,0.2390,0.2990,1,0,1,0,0,0,0.0000,-2255302.5048,-4206121.3962,4215033.1996,10,-3.4663,1.8036,-0.8593,0.7136,-3.9277,1.8336,-0.2895,0.0132,-0.1718,0.0168,-0.0041,0.0000,0.0000,0.0000,0.0000,-0.0685,-0.0685,0.0000,0.0726,0.0000,0.0000
242.1900,42.3100,0,12,BLMT_GPS,-4.1800,1.4730,0.1790,0.2090,1,0,1,0,0,0,0.0000,-2196853.9869,-4164942.1990,4286191.8413,10,-2.6995,1.0783,1.4805,-0.3947,-2.9418,1.5189,-0.0514,0.4311,-0.1910,0.0095,0.0006,0.0000,0.0000,0.0000,0.0000,0.3691,0.3691,0.0000,-0.3697,0.0000,0.0000
244.0800,40.7700,0,21,BNKS_GPS,-3.3830,0.7850,0.2680,0.2690,1,0,1,0,0,0,0.0000,-2107904.2170,-4337203.7048,4158095.1524,21,-3.0261,-0.2898,0.3569,-1.0748,-3.1070,-0.5717,0.0234,-0.2944,-0.1043,0.0125,-0.0009,0.0000,0.0000,0.0000,0.0000,-0.0178,-0.0178,0.0000,0.0188,0.0000,0.0000
242.5300,39.0100,0,17,BNTA_GPS,-3.2050,0.4580,0.1790,0.1790,1,0,1,0,0,0,0.0000,-2282311.2898,-4389889.6676,4008026.3652,17,-3.7219,0.5897,-0.5169,0.1317,-3.4108,0.0856,0.3901,-0.5241,-0.0790,0.0200,-0.0089,0.0000,0.0000,0.0000,0.0000,-0.0802,-0.0802,0.0000,0.0891,0.0000,0.0000
241.5400,39.3300,0,12,BORA_GPS,-4.5540,2.5020,0.1790,0.2090,1,0,1,0,0,0,0.0000,-2347114.4734,-4330053.2762,4035597.0730,10,-5.1244,2.6387,-0.5704,0.1367,-6.3403,2.0433,-1.1175,-0.6214,-0.0983,0.0260,-0.0113,0.0000,0.0000,0.0000,0.0000,-0.0808,-0.0808,0.0000,0.0921,0.0000,0.0000
241.4200,41.8300,0,12,BRAM_GPS,-2.1000,1.1070,0.2390,0.2690,1,0,1,0,0,0,0.0000,-2269725.2977,-4166430.4481,4246593.4413,10,-3.1750,1.9982,-1.0750,0.8912,-3.5044,2.1401,-0.1286,0.1271,-0.2008,0.0148,-0.0041,0.0000,0.0000,0.0000,0.0000,-0.0347,-0.0347,0.0000,0.0387,0.0000,0.0000
239.4000,43.8100,0,6,BROT_GPS,-0.7770,2.4850,0.1660,0.1600,1,0,1,0,0,0,0.0000,-2339044.8165,-3955108.7874,4407985.4002,3,-0.6773,2.9504,0.0997,0.4654,-1.5127,2.5781,-0.3531,-0.3590,-0.4823,-0.0132,-0.0109,0.0000,0.0000,0.0000,0.0000,0.0277,0.0277,0.0000,-0.0168,0.0000,0.0000
242.1900,39.1500,0,17,BUFF_GPS,-3.5180,1.1730,0.1790,0.1790,1,0,1,0,0,0,0.0000,-2303745.1470,-4367593.5841,4020103.9841,17,-3.7818,0.8938,-0.2638,-0.2792,-3.3726,0.1457,0.4947,-0.7699,-0.0856,0.0219,-0.0096,0.0000,0.0000,0.0000,0.0000,-0.0809,-0.0809,0.0000,0.0905,0.0000,0.0000
240.0800,40.5500,0,12,BURR_GPS,-5.6520,2.4620,0.2090,0.2390,1,0,1,0,0,0,0.0000,-2413263.4095,-4193405.7263,4139548.2353,10,-5.0154,3.7514,0.6366,1.2894,-4.9997,3.2202,0.2178,-0.5685,-0.2021,0.0373,-0.0141,0.0000,0.0000,0.0000,0.0000,-0.0314,-0.0314,0.0000,0.0455,0.0000,0.0000
242.4300,41.0100,0,17,BUTN_GPS,-1.9990,-0.5380,0.2390,0.2690,1,0,1,0,0,0,0.0000,-2223834.5689,-4259233.4370,4178258.2257,17,-3.3114,0.6139,-1.3124,1.1519,-2.8575,0.1033,0.5930,-0.5277,-0.1392,0.0171,-0.0037,0.0000,0.0000,0.0000,0.0000,-0.2080,-0.2080,0.0000,0.2118,0.0000,0.0000
241.6900,39.2700,0,12,BX46_GPS,-4.8480,2.3950,0.2680,0.1790,1,0,1,0,0,0,0.0000,-2337773.2870,-4339901.3903,4030437.1280,10,-4.7045,2.2755,0.1435,-0.1195,-6.4050,1.9223,-1.6060,-0.3781,-0.0945,0.0249,-0.0109,0.0000,0.0000,0.0000,0.0000,-0.3986,-0.3986,0.0000,0.4095,0.0000,0.0000
242.2900,39.2600,0,17,C200_GPS,-2.4980,-0.0310,0.1790,0.1790,1,0,1,0,0,0,0.0000,-2292525.6591,-4364766.7892,4029576.7073,17,-3.7528,0.8300,-1.2548,0.8610,-3.3421,0.1281,0.4984,-0.7234,-0.0877,0.0214,-0.0090,0.0000,0.0000,0.0000,0.0000,-0.1019,-0.1019,0.0000,0.1109,0.0000,0.0000
242.5900,39.3600,0,17,C220_GPS,-2.4620,0.4550,0.3580,0.2690,1,0,1,0,0,0,0.0000,-2266399.3711,-4370460.4908,4038175.3862,17,-3.6378,0.6104,-1.1758,0.1554,-3.3142,0.0750,0.4110,-0.5554,-0.0874,0.0200,-0.0080,0.0000,0.0000,0.0000,0.0000,-0.0798,-0.0798,0.0000,0.0878,0.0000,0.0000
242.8600,39.4900,0,17,C240_GPS,-2.4260,0.0430,0.1790,0.1790,1,0,1,0,0,0,0.0000,-2241593.6503,-4372927.3033,4049335.2750,17,-3.5170,0.4146,-1.0910,0.3716,-3.2781,0.0273,0.3270,-0.4061,-0.0881,0.0188,-0.0069,0.0000,0.0000,0.0000,0.0000,-0.0851,-0.0851,0.0000,0.0921,0.0000,0.0000
243.0600,39.4000,0,21,C260_GPS,-2.8190,0.7340,0.2680,0.1790,1,0,1,0,0,0,0.0000,-2229194.6333,-4386390.3062,4041611.4150,21,-3.4544,0.1675,-0.6354,-0.5665,-3.1855,-0.5593,0.3529,-0.7448,-0.0840,0.0180,-0.0066,0.0000,0.0000,0.0000,0.0000,-0.1346,-0.1346,0.0000,0.1412,0.0000,0.0000
243.3800,39.4800,0,21,C280_GPS,-3.1830,-0.9820,0.2390,0.1790,1,0,1,0,0,0,0.0000,-2202131.0854,-4393722.7473,4048477.5613,21,-3.3967,-0.0436,-0.2137,0.9384,-3.1826,-0.5632,0.2971,-0.5365,-0.0830,0.0168,-0.0057,0.0000,0.0000,0.0000,0.0000,-0.0557,-0.0557,0.0000,0.0614,0.0000,0.0000
242.1200,38.7600,0,17,C300_GPS,-3.9650,1.2760,0.1190,0.1190,1,0,1,0,0,0,0.0000,-2321821.8371,-4388862.2811,3986399.7161,17,-4.3204,0.9863,-0.3554,-0.2897,-3.4802,0.1581,0.9157,-0.8497,-0.0756,0.0215,-0.0106,0.0000,0.0000,0.0000,0.0000,-0.2454,-0.2454,0.0000,0.2560,0.0000,0.0000
242.2000,40.9100,0,12,C344_GPS,-2.2300,-1.0270,0.3880,0.2690,1,0,1,0,0,0,0.0000,-2244311.9441,-4256716.3733,4169865.8343,10,-3.5684,1.3296,-1.3384,2.3566,-4.5338,1.5108,-0.8242,0.1627,-0.1412,0.0185,-0.0047,0.0000,0.0000,0.0000,0.0000,-0.3807,-0.3807,0.0000,0.3854,0.0000,0.0000
239.3800,44.3100,0,6,C753_GPS,-0.7230,2.2890,0.2980,0.3280,1,0,1,0,0,0,0.0000,-2320743.5832,-3921038.6531,4447915.9798,3,-0.1759,2.8649,0.5471,0.5759,-0.9663,2.5936,-0.2471,-0.2484,-0.5432,-0.0230,-0.0051,0.0000,0.0000,0.0000,0.0000,-0.0035,-0.0035,0.0000,0.0086,0.0000,0.0000
243.8400,40.7100,0,21,CARL_GPS,-2.0100,1.1960,0.3580,0.3280,1,0,1,0,0,0,0.0000,-2127971.8832,-4332242.0535,4153042.9706,21,-3.0476,-0.2241,-1.0376,-1.4201,-3.1092,-0.5688,0.0445,-0.3581,-0.1061,0.0134,-0.0015,0.0000,0.0000,0.0000,0.0000,-0.0178,-0.0178,0.0000,0.0193,0.0000,0.0000
249.3200,39.1900,0,14,CAST_GPS,-0.7720,-0.0550,0.1060,0.1010,1,0,1,0,0,0,0.0000,-1742828.6489,-4617135.7493,4023550.3270,11,-0.5044,-0.1941,0.2676,-0.1391,-0.3414,-0.3175,0.2108,-0.1288,-0.0478,0.0054,0.0011,0.0000,0.0000,0.0000,0.0000,-0.0169,-0.0169,0.0000,0.0158,0.0000,0.0000
247.1400,40.6800,0,21,CEDA_GPS,-3.3010,-0.5290,0.0940,0.0940,1,0,1,0,0,0,0.0000,-1875906.5225,-4449556.1567,4150515.1715,21,-2.8781,-0.4431,0.4229,0.0859,-3.1332,-0.6077,-0.1816,-0.1709,-0.0735,0.0064,0.0023,0.0000,0.0000,0.0000,0.0000,-0.0285,-0.0285,0.0000,0.0261,0.0000,0.0000
239.7400,41.5500,0,6,CEDR_GPS,-5.3790,4.0760,0.2680,0.2690,1,0,1,0,0,0,0.0000,-2401327.5268,-4115973.3902,4223356.5587,3,-4.2876,3.1163,1.0914,-0.9597,-3.9738,2.3159,0.6035,-0.8223,-0.2898,0.0218,-0.0144,0.0000,0.0000,0.0000,0.0000,-0.3833,-0.3833,0.0000,0.3977,0.0000,0.0000
240.8000,39.3600,0,40,CHIL_GPS,-5.4130,2.8330,0.1490,0.1490,1,0,1,0,0,0,0.0000,-2401810.4968,-4297533.8683,4038175.3862,41,-7.0503,4.8945,-1.6373,2.0615,2.0781,9.6545,9.2389,4.7277,-0.1105,0.0323,-0.0142,0.0000,0.0000,0.0000,0.0000,-0.4784,-0.4784,0.0000,0.4926,0.0000,0.0000
240.1200,39.5100,0,2,CHLK_GPS,-9.4560,3.8610,0.1490,0.1490,1,0,1,0,0,0,0.0000,-2447369.1352,-4259545.3965,4051050.3321,0,-8.0506,5.7857,1.4054,1.9247,-9.3125,5.2943,-1.1295,-0.5327,-0.1324,0.0413,-0.0171,0.0000,0.0000,0.0000,0.0000,-0.4770,-0.4770,0.0000,0.4942,0.0000,0.0000
239.6100,38.0300,0,1,CMBB_GPS,-11.4290,7.8470,0.1150,0.1140,1,0,1,0,0,0,0.0000,-2537288.4331,-4326433.3176,3922817.0512,1,-10.3645,8.1934,1.0645,0.3464,-10.2610,7.7639,0.1655,-0.4617,-0.0620,0.0321,-0.0226,0.0000,0.0000,0.0000,0.0000,0.0879,0.0879,0.0000,-0.0653,0.0000,0.0000
239.1300,41.4300,0,3,CNBY_GPS,-5.7460,5.2990,0.2090,0.2390,1,0,1,0,0,0,0.0000,-2449544.4783,-4097758.1615,4213366.9862,2,-4.9239,4.3577,0.8221,-0.9413,-5.6008,4.0311,-0.3232,-0.3525,-0.3538,0.0259,-0.0204,0.0000,0.0000,0.0000,0.0000,-0.0820,-0.0820,0.0000,0.1024,0.0000,0.0000
240.8200,38.0800,0,1,CNWY_GPS,-6.9430,9.8320,0.2980,0.2390,1,0,1,0,0,0,0.0000,-2443691.7504,-4376057.7547,3927192.4601,1,-7.4302,8.1646,-0.4872,-1.6674,-10.1666,8.0614,-2.6735,-0.1286,-0.0629,0.0254,-0.0164,0.0000,0.0000,0.0000,0.0000,-1.6183,-1.6183,0.0000,1.6346,0.0000,0.0000
247.8800,40.6500,0,21,COON_GPS,-2.4550,-0.5150,0.1010,0.1050,1,0,1,0,0,0,0.0000,-1819101.7698,-4475425.1654,4147986.2345,21,-2.4175,-0.3753,0.0375,0.1397,-3.1402,-0.6162,-0.6546,-0.2462,-0.0681,0.0054,0.0027,0.0000,0.0000,0.0000,0.0000,-0.1537,-0.1537,0.0000,0.1510,0.0000,0.0000
244.9900,40.6600,0,21,CRTS_GPS,-2.2180,-0.9610,0.1790,0.1790,1,0,1,0,0,0,0.0000,-2042126.8861,-4377360.4320,4148829.3399,21,-3.0195,-0.3709,-0.8015,0.5901,-3.1198,-0.5826,-0.0089,-0.2222,-0.0915,0.0105,0.0002,0.0000,0.0000,0.0000,0.0000,-0.0175,-0.0175,0.0000,0.0173,0.0000,0.0000
240.5300,41.9000,0,6,CTNP_GPS,-2.2720,2.3440,0.2390,0.2990,1,0,1,0,0,0,0.0000,-2331613.6647,-4126152.6107,4252386.8372,3,-3.3182,2.1453,-1.0462,-0.1987,-3.5729,1.7062,-0.0062,-0.4545,-0.2485,0.0155,-0.0083,0.0000,0.0000,0.0000,0.0000,-0.0291,-0.0291,0.0000,0.0374,0.0000,0.0000
242.9600,40.0000,0,17,CUSG_GPS,-2.3630,-1.0620,0.2090,0.2090,1,0,1,0,0,0,0.0000,-2217483.7734,-4344556.1129,4092914.5310,17,-3.4400,0.3722,-1.0770,1.4342,-3.1371,0.0096,0.4030,-0.3806,-0.1001,0.0180,-0.0054,0.0000,0.0000,0.0000,0.0000,-0.0818,-0.0818,0.0000,0.0872,0.0000,0.0000
243.8400,40.0800,0,21,D100_GPS,-3.8800,-0.4040,0.1190,0.1190,1,0,1,0,0,0,0.0000,-2147975.6360,-4372966.7922,4099721.1567,21,-3.1820,-0.2248,0.6980,0.1792,-3.1485,-0.5688,0.1254,-0.3588,-0.0918,0.0147,-0.0033,0.0000,0.0000,0.0000,0.0000,-0.0236,-0.0236,0.0000,0.0269,0.0000,0.0000
243.6900,39.5300,0,21,D200_GPS,-3.0520,-0.3960,0.1790,0.1490,1,0,1,0,0,0,0.0000,-2176759.9051,-4402404.3973,4052764.8956,21,-3.3132,-0.1647,-0.2612,0.2313,-3.1815,-0.5670,0.2132,-0.4181,-0.0814,0.0157,-0.0049,0.0000,0.0000,0.0000,0.0000,-0.0248,-0.0248,0.0000,0.0297,0.0000,0.0000
244.0200,39.5400,0,21,D220_GPS,-6.3230,-0.6120,0.2980,0.2090,1,0,1,0,0,0,0.0000,-2151058.0230,-4414232.6159,4053621.9922,21,-3.2542,-0.2338,3.0688,0.3782,-3.1829,-0.5710,0.1502,-0.3518,-0.0789,0.0147,-0.0042,0.0000,0.0000,0.0000,0.0000,-0.0166,-0.0166,0.0000,0.0208,0.0000,0.0000
244.2000,39.3800,0,21,D240_GPS,-4.0260,-1.3210,0.2980,0.1790,1,0,1,0,0,0,0.0000,-2142098.1205,-4431142.7902,4039893.6467,21,-3.2524,-0.2502,0.7736,1.0708,-3.1939,-0.5732,0.1330,-0.3371,-0.0745,0.0142,-0.0042,0.0000,0.0000,0.0000,0.0000,-0.0138,-0.0138,0.0000,0.0181,0.0000,0.0000
244.4400,39.4000,0,21,D260_GPS,-3.3040,-0.6330,0.2390,0.1790,1,0,1,0,0,0,0.0000,-2122909.6908,-4438804.2395,4041611.4150,21,-3.2263,-0.2790,0.0777,0.3540,-3.1942,-0.5760,0.1053,-0.3105,-0.0732,0.0135,-0.0037,0.0000,0.0000,0.0000,0.0000,-0.0133,-0.0133,0.0000,0.0170,0.0000,0.0000
244.9200,39.4200,0,21,D280_GPS,-3.6620,-2.2570,0.2390,0.2090,1,0,1,0,0,0,0.0000,-2085051.0530,-4455155.0664,4043328.6908,21,-3.1879,-0.3233,0.4741,1.9337,-3.1961,-0.5818,0.0623,-0.2707,-0.0704,0.0123,-0.0029,0.0000,0.0000,0.0000,0.0000,-0.0132,-0.0132,0.0000,0.0161,0.0000,0.0000
243.2500,39.0600,0,21,D300_GPS,-4.2390,-0.9750,0.1490,0.1490,1,0,1,0,0,0,0.0000,-2225392.4191,-4415097.6539,4012342.5514,21,-3.4592,-0.0272,0.7798,0.9478,-3.2075,-0.5617,0.3264,-0.5516,-0.0748,0.0172,-0.0069,0.0000,0.0000,0.0000,0.0000,-0.0339,-0.0339,0.0000,0.0408,0.0000,0.0000
240.9100,38.0500,0,40,DECH_GPS,-11.1390,8.4280,0.1490,0.1490,1,0,1,0,0,0,0.0000,-2437814.2337,-4381687.1848,3924567.5734,41,-7.5780,8.1751,3.5610,-0.2529,-4.2690,9.2392,3.3709,1.0394,-0.0618,0.0247,-0.0160,0.0000,0.0000,0.0000,0.0000,-1.5564,-1.5564,0.0000,1.5724,0.0000,0.0000
239.0600,39.8200,0,1,DORF_GPS,-8.2150,4.8010,0.3580,0.2990,1,0,1,0,0,0,0.0000,-2514443.5128,-4194680.4831,4077570.4687,1,-9.5103,7.7085,-1.2953,2.9075,-10.6145,7.6275,-0.9026,-0.1492,-0.2017,0.0682,-0.0239,0.0000,0.0000,0.0000,0.0000,-0.1431,-0.1431,0.0000,0.1670,0.0000,0.0000
238.9100,44.2100,0,6,DRYX_GPS,1.5230,6.9070,0.2390,0.2390,1,0,1,0,0,0,0.0000,-2356834.7504,-3908511.7957,4439956.8651,3,0.0227,3.3346,-1.5003,-3.5724,-1.0916,2.9559,-0.4957,-0.3512,-0.6186,-0.0274,-0.0161,0.0000,0.0000,0.0000,0.0000,0.0801,0.0801,0.0000,-0.0639,0.0000,0.0000
241.9600,37.7400,0,21,DYER_GPS,-5.2020,3.0020,0.1320,0.1320,1,0,1,0,0,0,0.0000,-2367058.0442,-4444300.8455,3897380.8733,21,-4.1500,2.6824,1.0520,-0.3196,-3.2797,-0.5458,0.9229,-3.2470,-0.0527,0.0188,-0.0125,0.0000,0.0000,0.0000,0.0000,0.2255,0.2255,0.0000,-0.2130,0.0000,0.0000
245.3500,39.9000,0,21,E100_GPS,-4.1730,-0.3790,0.1490,0.1490,1,0,1,0,0,0,0.0000,-2037357.5767,-4439734.5428,4084395.0293,21,-3.1072,-0.3697,1.0658,0.0093,-3.1694,-0.5869,0.0130,-0.2281,-0.0753,0.0109,-0.0012,0.0000,0.0000,0.0000,0.0000,-0.0152,-0.0152,0.0000,0.0164,0.0000,0.0000
245.0500,39.2900,0,21,E200_GPS,-3.8660,0.0360,0.1490,0.1490,1,0,1,0,0,0,0.0000,-2078801.7762,-4468180.8062,4032157.6010,21,-3.1941,-0.3280,0.6719,-0.3640,-3.2049,-0.5833,0.0568,-0.2673,-0.0676,0.0120,-0.0029,0.0000,0.0000,0.0000,0.0000,-0.0129,-0.0129,0.0000,0.0158,0.0000,0.0000
245.3400,39.0300,0,21,E220_GPS,-4.6710,-0.4790,0.2390,0.1790,1,0,1,0,0,0,0.0000,-2063772.8066,-4495227.7462,4009753.2061,21,-3.2026,-0.3395,1.4684,0.1395,-3.2226,-0.5867,0.0422,-0.2587,-0.0622,0.0115,-0.0030,0.0000,0.0000,0.0000,0.0000,-0.0128,-0.0128,0.0000,0.0158,0.0000,0.0000
245.5500,39.0700,0,21,E240_GPS,-1.3490,-0.1900,0.2390,0.1790,1,0,1,0,0,0,0.0000,-2046123.9702,-4500212.2617,4013205.4220,21,-3.1858,-0.3556,-1.8368,-0.1656,-3.2215,-0.5892,0.0260,-0.2446,-0.0617,0.0110,-0.0026,0.0000,0.0000,0.0000,0.0000,-0.0134,-0.0134,0.0000,0.0160,0.0000,0.0000
245.7600,39.1000,0,21,E259_GPS,-3.1290,-1.1010,0.3580,0.2390,1,0,1,0,0,0,0.0000,-2028753.1331,-4505764.7913,4015793.3004,21,-3.1700,-0.3700,-0.0410,0.7310,-3.2210,-0.5917,0.0100,-0.2323,-0.0611,0.0106,-0.0023,0.0000,0.0000,0.0000,0.0000,-0.0140,-0.0140,0.0000,0.0162,0.0000,0.0000
246.1100,39.0400,0,21,E280_GPS,-4.8070,-2.4190,0.2980,0.2090,1,0,1,0,0,0,0.0000,-2002893.2865,-4521916.1523,4010616.4434,21,-3.1518,-0.3891,1.6552,2.0299,-3.2270,-0.5958,-0.0165,-0.2167,-0.0587,0.0100,-0.0019,0.0000,0.0000,0.0000,0.0000,-0.0151,-0.0151,0.0000,0.0171,0.0000,0.0000
244.8700,38.8900,0,21,E300_GPS,-3.8250,-0.8550,0.1490,0.1490,1,0,1,0,0,0,0.0000,-2104732.0629,-4487004.3832,3997655.0714,21,-3.2479,-0.2954,0.5771,0.5596,-3.2281,-0.5812,0.0822,-0.2983,-0.0624,0.0125,-0.0040,0.0000,0.0000,0.0000,0.0000,-0.0115,-0.0115,0.0000,0.0155,0.0000,0.0000
239.3900,40.4500,0,2,E843_GPS,-6.2230,4.0890,0.3280,0.2690,1,0,1,0,0,0,0.0000,-2467262.5152,-4170251.7364,4131097.6263,0,-5.9738,5.6203,0.2492,1.5313,-6.6646,6.8341,-0.4472,1.1620,-0.2437,0.0518,-0.0188,0.0000,0.0000,0.0000,0.0000,0.2247,0.2247,0.0000,-0.2059,0.0000,0.0000
240.5200,39.5500,0,19,EARN_GPS,-8.6170,3.8440,0.1190,0.1190,1,0,1,0,0,0,0.0000,-2416180.1137,-4274064.2764,4054478.9654,20,-6.7707,4.6805,1.8463,0.8365,-7.7519,5.2825,-0.8561,0.5662,-0.1251,0.0359,-0.0149,0.0000,0.0000,0.0000,0.0000,-0.4211,-0.4211,0.0000,0.4361,0.0000,0.0000
245.0600,39.3500,0,21,EGAN_GPS,-3.0580,-0.5640,0.1190,0.1190,1,0,1,0,0,0,0.0000,-2076240.2782,-4464712.3880,4037316.0715,21,-3.1869,-0.3312,-0.1289,0.2328,-3.2013,-0.5834,0.0541,-0.2642,-0.0684,0.0120,-0.0028,0.0000,0.0000,0.0000,0.0000,-0.0131,-0.0131,0.0000,0.0159,0.0000,0.0000
244.1800,40.9100,0,21,ELKO_GPS,-4.1590,-0.0200,0.1190,0.1190,1,0,1,0,0,0,0.0000,-2095899.6932,-4331717.3109,4169865.8343,21,-2.9936,-0.3074,1.1654,-0.2874,-3.0989,-0.5729,0.0008,-0.2773,-0.1061,0.0119,-0.0003,0.0000,0.0000,0.0000,0.0000,-0.0166,-0.0166,0.0000,0.0170,0.0000,0.0000
239.4600,43.3900,0,6,F091_GPS,-0.3120,3.7860,0.2680,0.2990,1,0,1,0,0,0,0.0000,-2351257.9996,-3985279.1785,4374184.1697,3,-1.0186,2.9329,-0.7066,-0.8531,-1.9703,2.5319,-0.5181,-0.3941,-0.4336,-0.0069,-0.0137,0.0000,0.0000,0.0000,0.0000,0.1145,0.1145,0.0000,-0.1008,0.0000,0.0000
246.4200,39.5500,0,21,F100_GPS,-2.2240,-1.4360,0.1490,0.1490,1,0,1,0,0,0,0.0000,-1964039.2564,-4499789.0595,4054478.9654,21,-3.0837,-0.4152,-0.8597,1.0208,-3.1979,-0.5994,-0.0507,-0.1933,-0.0636,0.0091,-0.0006,0.0000,0.0000,0.0000,0.0000,-0.0170,-0.0170,0.0000,0.0176,0.0000,0.0000
246.3700,39.0800,0,21,F200_GPS,-3.8810,-0.7330,0.2680,0.2090,1,0,1,0,0,0,0.0000,-1981230.1515,-4528392.1287,4014068.1704,21,-3.1280,-0.4038,0.7530,0.3292,-3.2262,-0.5988,-0.0402,-0.2045,-0.0580,0.0095,-0.0015,0.0000,0.0000,0.0000,0.0000,-0.0164,-0.0164,0.0000,0.0179,0.0000,0.0000
246.6200,39.0200,0,21,F220_GPS,-4.0680,-0.2470,0.2980,0.2090,1,0,1,0,0,0,0.0000,-1963119.5137,-4540849.6378,4008889.8467,21,-3.1076,-0.4151,0.9604,-0.1681,-3.2315,-0.6017,-0.0677,-0.1957,-0.0563,0.0091,-0.0014,0.0000,0.0000,0.0000,0.0000,-0.0182,-0.0182,0.0000,0.0196,0.0000,0.0000
246.9500,39.2800,0,21,F250_GPS,-1.8110,-1.7650,0.2680,0.1790,1,0,1,0,0,0,0.0000,-1929791.0630,-4535294.8061,4031297.4259,21,-3.0454,-0.4337,-1.2344,1.3313,-3.2179,-0.6055,-0.1148,-0.1802,-0.0578,0.0084,-0.0006,0.0000,0.0000,0.0000,0.0000,-0.0218,-0.0218,0.0000,0.0223,0.0000,0.0000
247.1600,39.3200,0,21,F270_GPS,-2.1900,0.3230,0.2680,0.2090,1,0,1,0,0,0,0.0000,-1912062.5226,-4539742.5665,4034737.3893,21,-3.0014,-0.4432,-0.8114,-0.7662,-3.2169,-0.6079,-0.1582,-0.1728,-0.0573,0.0081,-0.0003,0.0000,0.0000,0.0000,0.0000,-0.0262,-0.0262,0.0000,0.0265,0.0000,0.0000
241.8500,39.2300,0,12,F279_GPS,-3.4380,1.3880,0.1790,0.1790,1,0,1,0,0,0,0.0000,-2326971.8172,-4348892.6451,4026994.7089,10,-3.5832,1.7570,-0.1452,0.3690,-6.4470,1.7932,-2.7724,0.0124,-0.0914,0.0239,-0.0105,0.0000,0.0000,0.0000,0.0000,-1.6191,-1.6191,0.0000,1.6296,0.0000,0.0000
247.4500,39.3700,0,21,F280_GPS,-1.8600,0.3070,0.2980,0.2090,1,0,1,0,0,0,0.0000,-1887709.4517,-4546108.6838,4039034.5780,21,-2.9030,-0.4566,-1.0430,-0.7636,-3.2158,-0.6113,-0.2563,-0.1623,-0.0566,0.0076,0.0000,0.0000,0.0000,0.0000,0.0000,-0.0403,-0.0403,0.0000,0.0403,0.0000,0.0000
246.3300,38.7900,0,21,F300_GPS,-2.9170,-0.3310,0.1490,0.1490,1,0,1,0,0,0,0.0000,-1992522.2704,-4545557.6121,3988998.9294,21,-3.1523,-0.3966,-0.2353,-0.0656,-3.2436,-0.5983,-0.0365,-0.2113,-0.0548,0.0096,-0.0021,0.0000,0.0000,0.0000,0.0000,-0.0165,-0.0165,0.0000,0.0185,0.0000,0.0000
240.8000,39.9400,0,12,FLRN_GPS,-5.8530,2.7330,0.1190,0.1190,1,0,1,0,0,0,0.0000,-2381745.0093,-4261630.9058,4087804.3245,10,-5.5643,3.3046,0.2887,0.5716,-5.6679,2.6400,0.0343,-0.6969,-0.1379,0.0324,-0.0125,0.0000,0.0000,0.0000,0.0000,0.0365,0.0365,0.0000,-0.0239,0.0000,0.0000
241.5700,37.7100,0,40,FLS2_GPS,-7.4190,6.5000,0.3580,0.3280,1,0,1,0,0,0,0.0000,-2398225.5717,-4429879.9114,3894743.8349,41,-6.1949,6.2111,1.2241,-0.2889,-5.8627,6.7464,0.3848,0.5154,-0.0526,0.0200,-0.0138,0.0000,0.0000,0.0000,0.0000,-0.4096,-0.4096,0.0000,0.4233,0.0000,0.0000
246.1900,39.3700,0,21,FOOT_GPS,-3.4610,-0.3070,0.1010,0.0960,1,0,1,0,0,0,0.0000,-1987219.1055,-4503499.9018,4039034.5780,21,-3.1172,-0.4007,0.3438,-0.0937,-3.2074,-0.5967,-0.0277,-0.2057,-0.0625,0.0097,-0.0012,0.0000,0.0000,0.0000,0.0000,-0.0157,-0.0157,0.0000,0.0169,0.0000,0.0000
238.7100,41.1000,0,3,FRAZ_GPS,-9.9160,7.5140,0.2680,0.2690,1,0,1,0,0,0,0.0000,-2492079.0192,-4100361.9141,4185800.4966,2,-5.6733,5.0085,4.2427,-2.5055,-6.3632,4.7114,-0.2857,-0.3408,-0.4042,0.0437,-0.0261,0.0000,0.0000,0.0000,0.0000,-0.0148,-0.0148,0.0000,0.0409,0.0000,0.0000
239.8200,39.9200,0,2,FUSG_GPS,-8.3390,3.8720,0.3580,0.2690,1,0,1,0,0,0,0.0000,-2455002.1551,-4221504.8592,4086099.9258,0,-7.5228,5.7080,0.8162,1.8360,-8.1548,5.9272,-0.4614,0.1723,-0.1707,0.0470,-0.0176,0.0000,0.0000,0.0000,0.0000,-0.0504,-0.0504,0.0000,0.0680,0.0000,0.0000
247.8500,39.6000,0,21,G101_GPS,-3.5010,-0.0160,0.2390,0.2090,1,0,1,0,0,0,0.0000,-1849797.8409,-4544122.6454,4058761.9778,21,-2.5607,-0.4816,0.9403,-0.4656,-3.2045,-0.6158,-0.5867,-0.1411,-0.0572,0.0068,0.0008,0.0000,0.0000,0.0000,0.0000,-0.1303,-0.1303,0.0000,0.1296,0.0000,0.0000
247.7600,39.1400,0,21,G200_GPS,-2.6620,-0.6110,0.2390,0.1790,1,0,1,0,0,0,0.0000,-1869206.7839,-4571226.3633,4019242.0922,21,-2.5745,-0.4673,0.0875,0.1437,-3.2319,-0.6148,-0.6045,-0.1548,-0.0530,0.0073,-0.0001,0.0000,0.0000,0.0000,0.0000,-0.1401,-0.1401,0.0000,0.1401,0.0000,0.0000
247.9600,39.0800,0,21,G220_GPS,-5.7530,-0.4220,0.2090,0.2090,1,0,1,0,0,0,0.0000,-1854817.2428,-4581622.1124,4014068.1704,21,-1.9145,-0.4166,3.8385,0.0054,-3.2369,-0.6171,-1.2708,-0.2075,-0.0516,0.0071,0.0000,0.0000,0.0000,0.0000,0.0000,-0.6587,-0.6587,0.0000,0.6587,0.0000,0.0000
248.2600,38.9000,0,14,G250_GPS,-5.2500,0.9600,0.2090,0.1790,1,0,1,0,0,0,0.0000,-1835464.4625,-4602962.0189,3998520.0163,11,-1.0410,-0.1011,4.2090,-1.0611,-0.3523,-0.2807,0.7377,-0.1864,-0.0489,0.0068,-0.0000,0.0000,0.0000,0.0000,0.0000,-0.1445,-0.1445,0.0000,0.1445,0.0000,0.0000
241.8100,40.1200,0,12,G298_GPS,-5.1480,1.1900,0.2680,0.2690,1,0,1,0,0,0,0.0000,-2300177.5773,-4291611.4398,4103121.4732,10,-4.9456,1.9660,0.2024,0.7760,-5.4384,1.8255,-0.3707,-0.1641,-0.1221,0.0236,-0.0083,0.0000,0.0000,0.0000,0.0000,-0.0871,-0.0871,0.0000,0.0954,0.0000,0.0000
247.4100,38.6000,0,21,G300_GPS,-3.3520,-0.5910,0.1490,0.1490,1,0,1,0,0,0,0.0000,-1911562.4783,-4594493.9546,3972518.8048,21,-2.8785,-0.4398,0.4735,0.1512,-3.2621,-0.6108,-0.3346,-0.1791,-0.0490,0.0080,-0.0012,0.0000,0.0000,0.0000,0.0000,-0.0583,-0.0583,0.0000,0.0595,0.0000,0.0000
242.0800,38.9700,0,17,GABB_GPS,-4.2380,1.2290,0.1320,0.1320,1,0,1,0,0,0,0.0000,-2318028.2833,-4374300.5950,4004571.2185,17,-3.9983,0.8866,0.2397,-0.3424,-3.4224,0.1652,0.6573,-0.7436,-0.0815,0.0222,-0.0103,0.0000,0.0000,0.0000,0.0000,-0.1002,-0.1002,0.0000,0.1105,0.0000,0.0000
240.6400,40.4200,0,12,GARL_GPS,-5.4170,2.7400,0.1190,0.1190,1,0,1,0,0,0,0.0000,-2376762.0130,-4224967.0077,4128559.9886,10,-4.9952,3.1500,0.4218,0.4100,-5.1282,2.7690,0.0349,-0.4128,-0.1678,0.0318,-0.0117,0.0000,0.0000,0.0000,0.0000,-0.0222,-0.0222,0.0000,0.0340,0.0000,0.0000
242.5300,40.9400,0,17,GOLC_GPS,-2.6980,0.6580,0.2680,0.2690,1,0,1,0,0,0,0.0000,-2218750.4857,-4267634.2512,4172384.8866,17,-3.2505,0.5040,-0.5525,-0.1540,-2.8769,0.0856,0.5084,-0.4354,-0.1347,0.0170,-0.0037,0.0000,0.0000,0.0000,0.0000,-0.1478,-0.1478,0.0000,0.1515,0.0000,0.0000
245.8200,40.6400,0,21,GOSH_GPS,-3.6250,-0.3680,0.0950,0.0940,1,0,1,0,0,0,0.0000,-1979096.4491,-4407803.7186,4147143.0027,21,-2.9939,-0.4096,0.6311,-0.0416,-3.1266,-0.5924,-0.0494,-0.1915,-0.0833,0.0087,0.0011,0.0000,0.0000,0.0000,0.0000,-0.0180,-0.0180,0.0000,0.0169,0.0000,0.0000
240.5200,42.0200,0,6,GUAN_GPS,-4.2600,1.8440,0.2680,0.2990,1,0,1,0,0,0,0.0000,-2327945.7606,-4117983.4882,4262303.6012,3,-3.1621,2.1074,1.0979,0.2634,-3.4419,1.7139,-0.0249,-0.4074,-0.2549,0.0140,-0.0080,0.0000,0.0000,0.0000,0.0000,-0.0374,-0.0374,0.0000,0.0454,0.0000,0.0000
248.9800,39.2900,0,14,H100_GPS,-0.7460,-0.7820,0.1490,0.1490,1,0,1,0,0,0,0.0000,-1767674.8440,-4600150.2353,4032157.6010,11,-0.5637,-0.1736,0.1823,0.6084,-0.3353,-0.3057,0.2782,-0.1378,-0.0498,0.0057,0.0010,0.0000,0.0000,0.0000,0.0000,-0.0248,-0.0248,0.0000,0.0238,0.0000,0.0000
239.8200,38.6300,0,1,H112_GPS,-10.3700,8.8720,0.2090,0.2390,1,0,1,0,0,0,0.0000,-2500624.8607,-4299955.4923,3975123.8386,1,-10.1460,7.7681,0.2240,-1.1039,-10.3469,7.8157,-0.1134,0.0094,-0.0875,0.0382,-0.0209,0.0000,0.0000,0.0000,0.0000,0.1151,0.1151,0.0000,-0.0942,0.0000,0.0000
240.9200,38.1600,0,40,H130_GPS,-11.2270,7.1280,0.3280,0.2690,1,0,1,0,0,0,0.0000,-2433382.9005,-4375519.6969,3934186.8922,41,-7.4304,7.9996,3.7966,0.8716,-3.7341,9.2014,3.7612,1.1765,-0.0649,0.0254,-0.0159,0.0000,0.0000,0.0000,0.0000,-1.6021,-1.6021,0.0000,1.6179,0.0000,0.0000
248.8900,38.8300,0,14,H200_GPS,-2.1080,-0.1770,0.2680,0.1790,1,0,1,0,0,0,0.0000,-1786500.4047,-4627419.1717,3992462.8458,11,-0.5857,-0.1557,1.5223,0.0213,-0.3578,-0.3026,0.2742,-0.1530,-0.0463,0.0061,0.0003,0.0000,0.0000,0.0000,0.0000,-0.0231,-0.0231,0.0000,0.0228,0.0000,0.0000
248.6400,38.4800,0,14,H300_GPS,-1.2680,2.5380,0.2090,0.1790,1,0,1,0,0,0,0.0000,-1815523.4633,-4642207.0607,3962087.7857,11,-0.6423,-0.1224,0.6257,-2.6604,-0.3744,-0.2939,0.3123,-0.1780,-0.0443,0.0065,-0.0003,0.0000,0.0000,0.0000,0.0000,-0.0277,-0.0277,0.0000,0.0280,0.0000,0.0000
248.6300,40.5100,0,14,HEBE_GPS,-0.9340,-0.2390,0.1000,0.0990,1,0,1,0,0,0,0.0000,-1764052.4048,-4508278.2094,4136169.5034,11,-0.7602,-0.2713,0.1738,-0.0323,-0.2734,-0.2936,0.5491,-0.0270,-0.0623,0.0047,0.0028,0.0000,0.0000,0.0000,0.0000,-0.0917,-0.0917,0.0000,0.0888,0.0000,0.0000
238.9800,39.7300,0,1,HELI_GPS,-7.6310,4.6040,0.3580,0.2690,1,0,1,0,0,0,0.0000,-2523595.5800,-4196649.4297,4069883.3366,1,-9.7669,7.7583,-2.1359,3.1543,-10.6061,7.6076,-0.6434,-0.2216,-0.1958,0.0708,-0.0250,0.0000,0.0000,0.0000,0.0000,-0.0589,-0.0589,0.0000,0.0839,0.0000,0.0000
244.3800,40.9500,0,21,HELO_GPS,-3.3380,-1.7300,0.2680,0.2990,1,0,1,0,0,0,0.0000,-2079507.1342,-4336381.0192,4173224.3165,21,-2.9850,-0.3337,0.3530,1.3963,-3.0977,-0.5753,-0.0083,-0.2529,-0.1043,0.0112,0.0001,0.0000,0.0000,0.0000,0.0000,-0.0172,-0.0172,0.0000,0.0171,0.0000,0.0000
241.1800,38.2800,0,40,HICK_GPS,-6.6930,7.1170,0.2980,0.2990,1,0,1,0,0,0,0.0000,-2409525.0993,-4379288.1796,3944664.1551,41,-6.1813,6.8608,0.5117,-0.2562,-3.1272,8.2195,3.1217,1.3341,-0.0675,0.0246,-0.0147,0.0000,0.0000,0.0000,0.0000,0.0779,0.0779,0.0000,-0.0633,0.0000,0.0000
238.7300,41.4800,0,3,HLNB_GPS,-4.6760,2.5140,0.1190,0.1190,1,0,1,0,0,0,0.0000,-2476182.8057,-4077413.1190,4217531.5567,2,-4.8779,4.9474,-0.2019,2.4334,-5.5086,4.6790,-0.2049,-0.2916,-0.4258,0.0232,-0.0266,0.0000,0.0000,0.0000,0.0000,-0.0836,-0.0836,0.0000,0.1101,0.0000,0.0000
241.4600,38.0300,0,40,HNTO_GPS,-0.4950,6.1050,0.2980,0.2990,1,0,1,0,0,0,0.0000,-2396295.7544,-4406089.4796,3922817.0512,41,-6.3917,5.5602,-5.8967,-0.5448,-4.3175,7.1620,2.1342,1.5798,-0.0600,0.0220,-0.0139,0.0000,0.0000,0.0000,0.0000,0.7281,0.7281,0.0000,-0.7142,0.0000,0.0000
241.1900,37.9800,0,40,HORU_GPS,-9.7230,10.3170,0.2390,0.2390,1,0,1,0,0,0,0.0000,-2418681.0704,-4397746.2238,3918438.6549,41,-6.7187,7.3975,3.0043,-2.9195,-4.5825,8.1818,2.1956,0.7613,-0.0594,0.0229,-0.0149,0.0000,0.0000,0.0000,0.0000,-0.2373,-0.2373,0.0000,0.2523,0.0000,0.0000
239.3000,41.4900,0,3,HOTC_GPS,-2.6240,3.2920,0.2680,0.2690,1,0,1,0,0,0,0.0000,-2435121.4531,-4101211.9444,4218364.0854,2,-4.7192,4.0427,-2.0952,0.7507,-5.4583,3.7557,-0.4049,-0.3108,-0.3342,0.0238,-0.0185,0.0000,0.0000,0.0000,0.0000,-0.1018,-0.1018,0.0000,0.1203,0.0000,0.0000
240.0100,40.2400,0,12,HP26_GPS,-5.7300,3.4820,0.2030,0.1950,1,0,1,0,0,0,0.0000,-2429544.5368,-4209791.2320,4113310.4172,10,-5.6385,4.2095,0.0915,0.7275,-5.3539,3.2766,0.4696,-0.9745,-0.1849,0.0416,-0.0154,0.0000,0.0000,0.0000,0.0000,0.0594,0.0594,0.0000,-0.0440,0.0000,0.0000
240.3500,40.9200,0,12,HSPR_GPS,-3.8900,3.1510,0.2680,0.2390,1,0,1,0,0,0,0.0000,-2380201.5637,-4181412.0099,4170705.6454,10,-4.4721,3.2191,-0.5821,0.0681,-4.5701,3.0027,0.1110,-0.2460,-0.2090,0.0295,-0.0116,0.0000,0.0000,0.0000,0.0000,-0.0296,-0.0296,0.0000,0.0413,0.0000,0.0000
239.0700,44.2600,0,6,HSTN_GPS,0.0430,3.0010,0.2390,0.2390,1,0,1,0,0,0,0.0000,-2343918.5541,-3911752.9711,4443938.1146,3,-0.0663,3.1615,-0.1093,0.1605,-1.0312,2.8326,-0.3719,-0.3030,-0.5930,-0.0259,-0.0117,0.0000,0.0000,0.0000,0.0000,0.0321,0.0321,0.0000,-0.0204,0.0000,0.0000
239.5000,40.6300,0,12,HUSG_GPS,-5.2950,5.3850,0.2390,0.2090,1,0,1,0,0,0,0.0000,-2452652.5919,-4163777.8497,4146299.6447,10,-5.4304,4.6971,-0.1354,-0.6879,-4.9317,3.6872,0.7486,-1.0557,-0.2499,0.0458,-0.0175,0.0000,0.0000,0.0000,0.0000,-0.1493,-0.1493,0.0000,0.1668,0.0000,0.0000
238.6500,42.4100,0,3,J288_GPS,-1.3880,2.9170,0.2390,0.2990,1,0,1,0,0,0,0.0000,-2445932.3455,-4014954.9153,4294403.7364,2,-2.7535,4.9427,-1.3655,2.0257,-3.4231,4.8086,-0.1901,-0.1289,-0.4795,-0.0053,-0.0332,0.0000,0.0000,0.0000,0.0000,-0.0427,-0.0427,0.0000,0.0758,0.0000,0.0000
241.7500,40.9400,0,12,J74X_GPS,-4.6660,0.0930,0.4470,0.2690,1,0,1,0,0,0,0.0000,-2276640.8244,-4237034.6206,4172384.8866,10,-4.0534,1.9766,0.6126,1.8836,-4.5084,1.8739,-0.3010,-0.1230,-0.1540,0.0204,-0.0060,0.0000,0.0000,0.0000,0.0000,-0.0659,-0.0659,0.0000,0.0718,0.0000,0.0000
240.5300,38.3600,0,1,JNCT_GPS,-6.4380,8.7440,0.2980,0.2090,1,0,1,0,0,0,0.0000,-2456338.3784,-4346872.3684,3951639.3870,1,-8.7934,7.3655,-2.3554,-1.3785,-10.2397,7.9904,-1.3736,0.5956,-0.0727,0.0292,-0.0174,0.0000,0.0000,0.0000,0.0000,0.2078,0.2078,0.0000,-0.1904,0.0000,0.0000
240.0700,42.9300,0,6,JUNI_GPS,-1.9520,2.8520,0.1510,0.1520,1,0,1,0,0,0,0.0000,-2326143.5757,-4040390.6527,4336894.1537,3,-1.9768,2.3479,-0.0248,-0.5041,-2.4568,2.0612,-0.1430,-0.2889,-0.3370,0.0022,-0.0085,0.0000,0.0000,0.0000,0.0000,-0.0342,-0.0342,0.0000,0.0426,0.0000,0.0000
242.3200,40.1600,0,17,K102_GPS,-3.7000,-0.4330,0.2680,0.2690,1,0,1,0,0,0,0.0000,-2260555.3426,-4309377.7068,4106519.7899,17,-4.4758,1.2692,-0.7758,1.7022,-3.0933,0.1228,1.4966,-1.1671,-0.1141,0.0206,-0.0066,0.0000,0.0000,0.0000,0.0000,1.2912,1.2912,0.0000,-1.2845,0.0000,0.0000
239.3600,43.2900,0,3,L091_GPS,-1.3320,2.6900,0.2680,0.2990,1,0,1,0,0,0,0.0000,-2362097.2537,-3987731.8512,4366101.5458,2,-0.9147,3.2730,0.4173,0.5830,-1.4088,3.6585,-0.0567,0.3920,-0.4374,-0.0066,-0.0161,0.0000,0.0000,0.0000,0.0000,-0.8973,-0.8973,0.0000,0.9133,0.0000,0.0000
243.1400,40.4000,0,17,LEWI_GPS,-2.8690,-0.6920,0.1020,0.0970,1,0,1,0,0,0,0.0000,-2190860.3803,-4325904.0740,4126867.6012,17,-3.1820,0.2405,-0.3130,0.9325,-3.0264,-0.0222,0.2638,-0.2792,-0.1082,0.0165,-0.0039,0.0000,0.0000,0.0000,0.0000,-0.0525,-0.0525,0.0000,0.0564,0.0000,0.0000
241.7700,38.5300,0,12,LIZZ_GPS,-3.7180,3.2920,0.1790,0.1790,1,0,1,0,0,0,0.0000,-2356138.7869,-4388661.0350,3966436.1584,10,-5.0647,2.5842,-1.3467,-0.7078,-7.2415,1.8578,-2.1052,-0.7491,-0.0716,0.0226,-0.0121,0.0000,0.0000,0.0000,0.0000,-0.4813,-0.4813,0.0000,0.4935,0.0000,0.0000
243.0200,40.3600,0,17,LL92_GPS,-3.3190,0.4350,0.1790,0.2090,1,0,1,0,0,0,0.0000,-2201222.2792,-4323872.5418,4123481.3181,17,-3.2520,0.3012,0.0670,-0.1338,-3.0375,-0.0010,0.3235,-0.3192,-0.1089,0.0170,-0.0043,0.0000,0.0000,0.0000,0.0000,-0.0704,-0.0704,0.0000,0.0746,0.0000,0.0000
241.4400,40.0700,0,12,LOLA_GPS,-6.1850,2.1060,0.1790,0.1790,1,0,1,0,0,0,0.0000,-2329554.3869,-4279811.4759,4098870.7653,10,-5.1404,2.3937,1.0446,0.2877,-5.5033,2.1240,-0.2350,-0.2961,-0.1279,0.0263,-0.0097,0.0000,0.0000,0.0000,0.0000,-0.0408,-0.0408,0.0000,0.0505,0.0000,0.0000
241.0100,42.7200,0,6,LOOP_GPS,-3.4420,0.5240,0.2390,0.2090,1,0,1,0,0,0,0.0000,-2267235.1647,-4091884.6110,4319777.3669,3,-2.3156,1.6150,1.1264,1.0910,-2.6676,1.3356,-0.0915,-0.2860,-0.2605,0.0067,-0.0023,0.0000,0.0000,0.0000,0.0000,-0.0343,-0.0343,0.0000,0.0366,0.0000,0.0000
242.3600,40.0300,0,17,LOWE_GPS,-4.4100,0.2660,0.1790,0.1790,1,0,1,0,0,0,0.0000,-2261862.9410,-4319197.8140,4095467.9514,17,-4.1293,1.0691,0.2807,0.8031,-3.1292,0.1157,1.1094,-0.9741,-0.1094,0.0207,-0.0069,0.0000,0.0000,0.0000,0.0000,0.8713,0.8713,0.0000,-0.8644,0.0000,0.0000
241.2300,38.4200,0,40,LUCK_GPS,-6.7740,6.3150,0.3280,0.2390,1,0,1,0,0,0,0.0000,-2401056.3318,-4372927.3196,3956865.7559,41,-6.1041,6.0651,0.6699,-0.2499,-2.4432,8.0307,3.7323,1.9405,-0.0714,0.0251,-0.0143,0.0000,0.0000,0.0000,0.0000,0.8385,0.8385,0.0000,-0.8242,0.0000,0.0000
238.8500,39.6300,0,1,LUMP_GPS,-7.5520,6.4090,0.4180,0.2690,1,0,1,0,0,0,0.0000,-2536781.5022,-4196985.4956,4061330.3019,1,-9.9578,7.8292,-2.4058,1.4202,-10.6001,7.5752,-0.4516,-0.3289,-0.1907,0.0750,-0.0268,0.0000,0.0000,0.0000,0.0000,-0.0191,-0.0191,0.0000,0.0458,0.0000,0.0000
239.5800,44.4000,0,6,M753_GPS,0.4060,3.0820,0.2980,0.3880,1,0,1,0,0,0,0.0000,-2303501.9757,-3923085.8765,4455067.5993,3,-0.1473,2.6784,-0.5533,-0.4036,-0.8616,2.4393,-0.1927,-0.2161,-0.5216,-0.0230,-0.0009,0.0000,0.0000,0.0000,0.0000,-0.0142,-0.0142,0.0000,0.0151,0.0000,0.0000
240.2100,39.3700,0,19,MAGU_GPS,-9.5620,6.0570,0.1190,0.1190,1,0,1,0,0,0,0.0000,-2445585.7883,-4271962.2296,4039034.5780,20,-8.1918,5.8304,1.3702,-0.2266,-8.4939,6.2150,-0.1800,0.3451,-0.1221,0.0395,-0.0170,0.0000,0.0000,0.0000,0.0000,-0.4929,-0.4929,0.0000,0.5099,0.0000,0.0000
238.6000,41.0500,0,3,MCAR_GPS,-10.1310,3.8180,0.2980,0.2990,1,0,1,0,0,0,0.0000,-2501848.7432,-4098686.2026,4181611.6200,2,-5.6881,4.9332,4.4429,1.1152,-6.4816,4.8895,-0.3692,-0.0922,-0.4242,0.0485,-0.0282,0.0000,0.0000,0.0000,0.0000,0.2818,0.2818,0.0000,-0.2536,0.0000,0.0000
242.4000,40.1100,0,17,MCOY_GPS,-4.7990,1.0640,0.1790,0.1790,1,0,1,0,0,0,0.0000,-2256195.5303,-4315704.0054,4102271.5815,17,-3.9740,1.0453,0.8250,-0.0187,-3.1071,0.1086,0.9782,-0.9570,-0.1112,0.0203,-0.0066,0.0000,0.0000,0.0000,0.0000,0.8452,0.8452,0.0000,-0.8387,0.0000,0.0000
241.5800,42.6600,0,12,MICK_GPS,-2.9970,1.5000,0.1790,0.1790,1,0,1,0,0,0,0.0000,-2228567.7631,-4118213.2863,4314876.1877,10,-2.3179,1.3541,0.6791,-0.1459,-2.5562,2.0110,-0.0092,0.6497,-0.2291,0.0072,0.0001,0.0000,0.0000,0.0000,0.0000,0.0170,0.0170,0.0000,-0.0171,0.0000,0.0000
243.9000,40.1500,0,21,MINE_GPS,-3.5690,0.2860,0.1020,0.1020,1,0,1,0,0,0,0.0000,-2141189.9527,-4370712.4852,4105670.3983,21,-3.1631,-0.2398,0.4059,-0.5258,-3.1445,-0.5695,0.1114,-0.3441,-0.0927,0.0144,-0.0030,0.0000,0.0000,0.0000,0.0000,-0.0223,-0.0223,0.0000,0.0252,0.0000,0.0000
241.9400,39.2000,0,17,MN54_GPS,-4.7340,1.5840,0.1790,0.1790,1,0,1,0,0,0,0.0000,-2321129.2502,-4354402.5638,4024411.6064,17,-2.9327,1.4393,1.8013,-0.1447,-3.3593,0.1899,-0.3371,-1.2726,-0.0895,0.0233,-0.0103,0.0000,0.0000,0.0000,0.0000,2.4173,2.4173,0.0000,-2.4070,0.0000,0.0000
241.7200,39.4000,0,12,MOND_GPS,-5.5310,1.5940,0.2090,0.2090,1,0,1,0,0,0,0.0000,-2331161.9741,-4333060.4060,4041611.4150,10,-4.6245,2.1808,0.9065,0.5868,-6.2570,1.8981,-1.5341,-0.3075,-0.0984,0.0249,-0.0105,0.0000,0.0000,0.0000,0.0000,-0.4533,-0.4533,0.0000,0.4638,0.0000,0.0000
243.2800,39.1500,0,21,MONI_GPS,-3.7270,0.2230,0.1190,0.1190,1,0,1,0,0,0,0.0000,-2220243.8019,-4410627.2658,4020103.9841,21,-3.4422,-0.0352,0.2848,-0.2582,-3.2022,-0.5620,0.3165,-0.5439,-0.0765,0.0171,-0.0067,0.0000,0.0000,0.0000,0.0000,-0.0362,-0.0362,0.0000,0.0428,0.0000,0.0000
245.2000,41.1100,0,21,MOOR_GPS,-2.6500,-1.9720,0.2980,0.2990,1,0,1,0,0,0,0.0000,-2012339.2187,-4355101.0910,4186637.8895,21,-2.9450,-0.3917,-0.2950,1.5803,-3.0931,-0.5851,-0.0505,-0.2023,-0.0976,0.0089,0.0017,0.0000,0.0000,0.0000,0.0000,-0.0184,-0.0184,0.0000,0.0168,0.0000,0.0000
241.1500,41.8900,0,6,N067_GPS,-2.4180,2.7180,0.2390,0.2690,1,0,1,0,0,0,0.0000,-2287186.8405,-4151791.0359,4251559.5976,3,-3.2560,1.8141,-0.8380,-0.9039,-3.5732,1.2275,-0.1021,-0.6015,-0.2151,0.0148,-0.0050,0.0000,0.0000,0.0000,0.0000,0.0479,0.0479,0.0000,-0.0429,0.0000,0.0000
239.3300,40.4200,0,2,N843_GPS,-6.1310,4.1910,0.4180,0.2690,1,0,1,0,0,0,0.0000,-2472731.2496,-4169525.6384,4128559.9886,0,-6.3152,5.8394,-0.1842,1.6484,-6.7554,6.9606,-0.1940,1.0673,-0.2462,0.0540,-0.0194,0.0000,0.0000,0.0000,0.0000,0.2147,0.2147,0.0000,-0.1953,0.0000,0.0000
242.4900,39.6900,0,17,NEWS_GPS,-4.4900,0.4670,0.1430,0.1450,1,0,1,0,0,0,0.0000,-2263243.0979,-4345797.4939,4066463.6090,17,-3.8496,0.8483,0.6404,0.3813,-3.2231,0.0927,0.7240,-0.7760,-0.0976,0.0204,-0.0074,0.0000,0.0000,0.0000,0.0000,-0.2302,-0.2302,0.0000,0.2376,0.0000,0.0000
240.7600,41.8800,0,6,OBSD_GPS,-1.6530,1.7350,0.2090,0.2390,1,0,1,0,0,0,0.0000,-2315756.4091,-4136774.0132,4250732.2285,3,-3.3223,2.0121,-1.6693,0.2771,-3.5904,1.5286,-0.0340,-0.4989,-0.2342,0.0155,-0.0070,0.0000,0.0000,0.0000,0.0000,-0.0070,-0.0070,0.0000,0.0140,0.0000,0.0000
239.4100,42.2000,0,3,OREG_GPS,-3.4410,2.6880,0.2680,0.2990,1,0,1,0,0,0,0.0000,-2400456.1181,-4060566.9368,4277143.6776,2,-3.2341,3.6374,0.2069,0.9494,-3.8577,3.5775,-0.2655,-0.0677,-0.3582,0.0078,-0.0179,0.0000,0.0000,0.0000,0.0000,-0.0782,-0.0782,0.0000,0.0961,0.0000,0.0000
238.5000,39.5500,0,1,ORVB_GPS,-10.7900,7.0220,0.1190,0.1190,1,0,1,0,0,0,0.0000,-2565332.3646,-4186241.9472,4054478.9654,1,-10.1787,7.9605,0.6113,0.9385,-10.6157,7.4879,-0.2383,-0.5624,-0.1987,0.0899,-0.0317,0.0000,0.0000,0.0000,0.0000,0.0092,0.0092,0.0000,0.0224,0.0000,0.0000
238.7200,41.7100,0,3,OVRP_GPS,-6.1540,3.6140,0.1190,0.1190,1,0,1,0,0,0,0.0000,-2468083.9361,-4062478.7948,4236647.1635,2,-4.3423,4.9386,1.8117,1.3246,-4.9924,4.6952,-0.2119,-0.2566,-0.4382,0.0132,-0.0277,0.0000,0.0000,0.0000,0.0000,-0.0725,-0.0725,0.0000,0.1002,0.0000,0.0000
240.5300,40.5800,0,12,P19A_GPS,-2.8100,2.1440,0.2680,0.2690,1,0,1,0,0,0,0.0000,-2379187.7379,-4210342.3243,4142080.9603,10,-4.8215,3.2047,-2.0115,1.0607,-4.9501,2.8576,0.0525,-0.3787,-0.1811,0.0316,-0.0118,0.0000,0.0000,0.0000,0.0000,-0.0277,-0.0277,0.0000,0.0394,0.0000,0.0000
240.2200,41.0000,0,12,P515_GPS,-5.6930,2.6570,0.2090,0.2390,1,0,1,0,0,0,0.0000,-2386788.1075,-4170942.3181,4177419.5589,10,-4.4523,3.2563,1.2407,0.5993,-4.4839,3.1074,0.1897,-0.1784,-0.2213,0.0295,-0.0121,0.0000,0.0000,0.0000,0.0000,-0.0216,-0.0216,0.0000,0.0338,0.0000,0.0000
241.0900,40.7800,0,12,PAHS_GPS,-9.7400,1.0210,0.3880,0.2690,1,0,1,0,0,0,0.0000,-2330919.5059,-4220712.1336,4158936.7396,10,-4.4481,2.6123,5.2919,1.5913,-4.7063,2.4062,-0.0897,-0.2313,-0.1685,0.0252,-0.0088,0.0000,0.0000,0.0000,0.0000,-0.0314,-0.0314,0.0000,0.0403,0.0000,0.0000
242.3100,41.2800,0,17,PARA_GPS,-2.2810,0.2680,0.2680,0.2690,1,0,1,0,0,0,0.0000,-2223575.9447,-4237084.7115,4200854.0355,17,-3.2824,0.8343,-1.0014,0.5663,-2.7827,0.1245,0.6507,-0.7259,-0.1510,0.0161,-0.0031,0.0000,0.0000,0.0000,0.0000,-0.3633,-0.3633,0.0000,0.3664,0.0000,0.0000
239.9300,42.2100,0,6,PARS_GPS,-2.7930,2.4680,0.2090,0.2090,1,0,1,0,0,0,0.0000,-2363131.1504,-4081539.1603,4277966.8899,3,-2.9959,2.5477,-0.2029,0.0797,-3.2476,2.1693,0.0559,-0.3888,-0.3076,0.0105,-0.0121,0.0000,0.0000,0.0000,0.0000,-0.0815,-0.0815,0.0000,0.0936,0.0000,0.0000
241.2500,40.8600,0,12,PERS_GPS,-7.2180,0.5140,0.3580,0.2690,1,0,1,0,0,0,0.0000,-2316328.6334,-4222109.5774,4165664.8737,10,-4.3170,2.4520,2.9010,1.9380,-4.6111,2.2772,-0.1278,-0.1984,-0.1664,0.0236,-0.0080,0.0000,0.0000,0.0000,0.0000,-0.0340,-0.0340,0.0000,0.0419,0.0000,0.0000
238.7200,44.0600,0,6,PIBU_GPS,0.2600,3.3270,0.1800,0.1750,1,0,1,0,0,0,0.0000,-2375810.0644,-3910595.5297,4427992.8413,3,0.2038,3.6044,-0.0562,0.2774,-1.2626,3.1024,-0.8288,-0.4741,-0.6377,-0.0279,-0.0234,0.0000,0.0000,0.0000,0.0000,0.3191,0.3191,0.0000,-0.2957,0.0000,0.0000
239.2800,42.2600,0,3,PL20_GPS,-3.4470,3.9930,0.2680,0.2690,1,0,1,0,0,0,0.0000,-2407373.6714,-4051257.3123,4282080.9961,2,-3.1106,3.8892,0.3364,-0.1038,-3.7284,3.7881,-0.2411,-0.1067,-0.3767,0.0056,-0.0198,0.0000,0.0000,0.0000,0.0000,-0.0690,-0.0690,0.0000,0.0888,0.0000,0.0000
241.9600,39.0400,0,17,POST_GPS,-4.2490,2.8830,0.1790,0.1790,1,0,1,0,0,0,0.0000,-2324883.0621,-4365114.6552,4010616.4434,17,-3.2040,1.0530,1.0450,-1.8300,-3.4034,0.1864,-0.1149,-0.8896,-0.0845,0.0229,-0.0105,0.0000,0.0000,0.0000,0.0000,1.2769,1.2769,0.0000,-1.2664,0.0000,0.0000
239.4300,40.5500,0,12,Q837_GPS,-7.8090,3.5880,0.2980,0.2690,1,0,1,0,0,0,0.0000,-2460679.7751,-4165758.8641,4139548.2353,10,-5.5713,5.0663,2.2377,1.4783,-5.0254,3.7435,0.7952,-1.3717,-0.2493,0.0489,-0.0182,0.0000,0.0000,0.0000,0.0000,0.0807,0.0807,0.0000,-0.0625,0.0000,0.0000
239.0600,39.9700,0,1,QUIN_GPS,-9.6000,6.3010,0.1190,0.1190,1,0,1,0,0,0,0.0000,-2508946.4279,-4185510.0584,4090359.9884,1,-8.9448,7.5222,0.6552,1.2212,-10.6398,7.6275,-1.4755,0.0370,-0.2196,0.0683,-0.0234,0.0000,0.0000,0.0000,0.0000,-0.4153,-0.4153,0.0000,0.4386,0.0000,0.0000
239.8800,43.4800,0,6,R090_GPS,0.0360,3.5700,0.2680,0.2690,1,0,1,0,0,0,0.0000,-2318530.6731,-3996459.4260,4381447.1394,3,-1.2390,2.4878,-1.2750,-1.0822,-1.8599,2.2079,-0.2271,-0.2749,-0.3938,-0.0051,-0.0071,0.0000,0.0000,0.0000,0.0000,-0.0172,-0.0172,0.0000,0.0243,0.0000,0.0000
244.3400,38.2800,0,21,RAIL_GPS,-3.8170,-0.2090,0.1320,0.1320,1,0,1,0,0,0,0.0000,-2164455.5514,-4505453.1771,3944664.1551,21,-3.3494,-0.2013,0.4676,0.0077,-3.2616,-0.5748,0.1432,-0.3869,-0.0555,0.0134,-0.0059,0.0000,0.0000,0.0000,0.0000,-0.0097,-0.0097,0.0000,0.0156,0.0000,0.0000
241.3000,40.0000,0,12,RATT_GPS,-6.6040,2.5120,0.1490,0.1490,1,0,1,0,0,0,0.0000,-2342408.0500,-4278495.8375,4092914.5310,10,-5.2551,2.5824,1.3489,0.0704,-5.5862,2.2369,-0.2028,-0.3731,-0.1282,0.0276,-0.0104,0.0000,0.0000,0.0000,0.0000,-0.0248,-0.0248,0.0000,0.0352,0.0000,0.0000
238.9000,42.4300,0,3,ROCO_GPS,-0.9630,1.6070,0.3280,0.2990,1,0,1,0,0,0,0.0000,-2427616.1252,-4024305.2401,4296044.5464,2,-2.7508,4.5238,-1.7878,2.9168,-3.3646,4.4037,-0.1754,-0.1185,-0.4383,-0.0015,-0.0271,0.0000,0.0000,0.0000,0.0000,-0.0437,-0.0437,0.0000,0.0708,0.0000,0.0000
244.8800,40.6200,0,21,RUBY_GPS,-3.6340,-0.2070,0.1000,0.0990,1,0,1,0,0,0,0.0000,-2051756.1255,-4376053.1860,4145456.1603,21,-3.0292,-0.3632,0.6048,-0.1562,-3.1216,-0.5813,-0.0005,-0.2289,-0.0919,0.0108,-0.0001,0.0000,0.0000,0.0000,0.0000,-0.0174,-0.0174,0.0000,0.0175,0.0000,0.0000
239.9600,39.7900,0,2,SAGE_GPS,-8.8410,4.8670,0.1490,0.1490,1,0,1,0,0,0,0.0000,-2449314.5951,-4235505.8054,4075009.2083,0,-7.5607,5.6304,1.2803,0.7634,-8.5188,5.6319,-0.8025,-0.0430,-0.1556,0.0445,-0.0172,0.0000,0.0000,0.0000,0.0000,-0.2354,-0.2354,0.0000,0.2526,0.0000,0.0000
241.6800,39.0400,0,12,SHEL_GPS,-5.3720,1.0960,0.2680,0.2090,1,0,1,0,0,0,0.0000,-2346187.1902,-4353701.0547,4010616.4434,10,-4.7375,2.4801,0.6345,1.3841,-6.6658,1.9304,-1.8412,-0.5743,-0.0872,0.0246,-0.0115,0.0000,0.0000,0.0000,0.0000,-0.4278,-0.4278,0.0000,0.4393,0.0000,0.0000
239.7700,40.5900,0,12,SHIN_GPS,-6.7490,4.1750,0.1000,0.0990,1,0,1,0,0,0,0.0000,-2434460.8812,-4177789.4324,4142924.9496,10,-5.1562,4.2314,1.5928,0.0564,-4.9661,3.4698,0.4151,-0.8030,-0.2249,0.0415,-0.0157,0.0000,0.0000,0.0000,0.0000,-0.0580,-0.0580,0.0000,0.0737,0.0000,0.0000
240.9800,41.8700,0,6,SHLD_GPS,-3.5190,2.5990,0.1030,0.1030,1,0,1,0,0,0,0.0000,-2300215.1733,-4146284.0477,4249904.7299,3,-3.3106,1.9125,0.2084,-0.6865,-3.5977,1.3588,-0.0648,-0.5691,-0.2223,0.0153,-0.0059,0.0000,0.0000,0.0000,0.0000,0.0267,0.0267,0.0000,-0.0208,0.0000,0.0000
242.8100,40.0300,0,17,SHON_GPS,-5.4720,1.0450,0.2090,0.2390,1,0,1,0,0,0,0.0000,-2227870.6283,-4336829.0471,4095467.9514,17,-3.5531,0.4765,1.9189,-0.5685,-3.1289,0.0361,0.5272,-0.4590,-0.1029,0.0186,-0.0057,0.0000,0.0000,0.0000,0.0000,-0.1348,-0.1348,0.0000,0.1405,0.0000,0.0000
240.1200,39.3100,0,2,SLID_GPS,-9.9080,5.5980,0.1410,0.1230,1,0,1,0,0,0,0.0000,-2454398.9632,-4271780.5232,4033877.5828,0,-8.5492,6.0290,1.3588,0.4310,-9.8862,5.2943,-1.2165,-0.7752,-0.1205,0.0405,-0.0177,0.0000,0.0000,0.0000,0.0000,-0.3714,-0.3714,0.0000,0.3891,0.0000,0.0000
241.7900,39.1100,0,12,SLR1_GPS,-6.2560,3.3910,0.1790,0.1790,1,0,1,0,0,0,0.0000,-2335506.4198,-4353876.2451,4016655.6819,10,-3.9947,2.0837,2.2613,-1.3073,-6.5842,1.8416,-2.5013,-0.2661,-0.0883,0.0240,-0.0110,0.0000,0.0000,0.0000,0.0000,-1.1107,-1.1107,0.0000,1.1216,0.0000,0.0000
247.1600,39.4300,0,21,SMEL_GPS,-3.0770,-0.3660,0.0950,0.0960,1,0,1,0,0,0,0.0000,-1909052.2663,-4532595.4210,4044187.1440,21,-2.9964,-0.4448,0.0806,-0.0788,-3.2102,-0.6079,-0.1553,-0.1711,-0.0585,0.0080,-0.0001,0.0000,0.0000,0.0000,0.0000,-0.0258,-0.0258,0.0000,0.0259,0.0000,0.0000
240.3500,40.6200,0,12,SMOK_GPS,-6.0610,3.7100,0.2140,0.1850,1,0,1,0,0,0,0.0000,-2390972.0388,-4200333.0100,4145456.1603,10,-4.8262,3.3808,1.2348,-0.3292,-4.9107,3.0027,0.1073,-0.4112,-0.1919,0.0332,-0.0125,0.0000,0.0000,0.0000,0.0000,-0.0313,-0.0313,0.0000,0.0437,0.0000,0.0000
241.5800,39.1500,0,12,SNDS_GPS,-7.7690,3.3000,0.1790,0.2090,1,0,1,0,0,0,0.0000,-2350113.3291,-4342819.6783,4020103.9841,10,-5.0316,2.6645,2.7374,-0.6355,-6.5434,2.0110,-1.4201,-0.6789,-0.0917,0.0255,-0.0116,0.0000,0.0000,0.0000,0.0000,-0.1211,-0.1211,0.0000,0.1327,0.0000,0.0000
241.9800,41.4100,0,12,SODH_GPS,-2.0960,2.1830,0.1790,0.2090,1,0,1,0,0,0,0.0000,-2243459.3270,-4215782.5649,4211700.2594,10,-3.4409,1.5069,-1.3449,-0.6761,-3.9695,1.6883,-0.3639,0.1650,-0.1647,0.0165,-0.0036,0.0000,0.0000,0.0000,0.0000,-0.0923,-0.0923,0.0000,0.0959,0.0000,0.0000
242.7600,42.9300,0,12,T128_GPS,-2.7610,-0.8530,0.2680,0.2990,1,0,1,0,0,0,0.0000,-2133956.2929,-4145109.2990,4336894.1537,10,-1.9923,1.0058,0.7687,1.8588,-2.2274,1.0588,-0.0411,0.0492,-0.1940,0.0038,0.0051,0.0000,0.0000,0.0000,0.0000,-0.0637,-0.0637,0.0000,0.0585,0.0000,0.0000
238.7000,41.6300,0,3,TMBR_GPS,-4.6640,5.6150,0.1190,0.1190,1,0,1,0,0,0,0.0000,-2472572.6526,-4066667.5929,4230005.9844,2,-4.5308,4.9763,0.1332,-0.6387,-5.1732,4.7276,-0.2034,-0.2649,-0.4389,0.0162,-0.0278,0.0000,0.0000,0.0000,0.0000,-0.0774,-0.0774,0.0000,0.1052,0.0000,0.0000
242.8200,38.1000,0,21,TONO_GPS,-4.2220,0.7720,0.1040,0.0990,1,0,1,0,0,0,0.0000,-2288854.5803,-4457455.8451,3928941.7864,21,-3.7664,0.2685,0.4556,-0.5035,-3.2632,-0.5564,0.5608,-0.8421,-0.0576,0.0172,-0.0096,0.0000,0.0000,0.0000,0.0000,-0.0702,-0.0702,0.0000,0.0798,0.0000,0.0000
240.8700,40.7700,0,12,TRGO_GPS,-7.4610,2.5300,0.2980,0.2390,1,0,1,0,0,0,0.0000,-2347461.9676,-4212364.9504,4158095.1524,10,-4.5058,2.8142,2.9552,0.2842,-4.7239,2.5836,-0.0417,-0.2575,-0.1764,0.0269,-0.0097,0.0000,0.0000,0.0000,0.0000,-0.0294,-0.0294,0.0000,0.0391,0.0000,0.0000
238.7900,42.4400,0,3,TUFF_GPS,-2.2720,1.1110,0.2980,0.2990,1,0,1,0,0,0,0.0000,-2434949.1916,-4018995.7915,4296864.7551,2,-2.7145,4.7068,-0.4425,3.5958,-3.3479,4.5819,-0.1768,-0.1216,-0.4566,-0.0033,-0.0296,0.0000,0.0000,0.0000,0.0000,-0.0425,-0.0425,0.0000,0.0722,0.0000,0.0000
241.7400,40.4000,0,12,TUNG_GPS,-5.5910,2.0090,0.1000,0.1000,1,0,1,0,0,0,0.0000,-2295897.6451,-4271085.2563,4126867.6012,10,-4.7185,2.0425,0.8725,0.0335,-5.1220,1.8820,-0.2696,-0.1837,-0.1338,0.0231,-0.0077,0.0000,0.0000,0.0000,0.0000,-0.0589,-0.0589,0.0000,0.0666,0.0000,0.0000
241.7000,43.1700,0,6,U698_GPS,-2.0300,-1.4050,0.2680,0.2990,1,0,1,0,0,0,0.0000,-2201641.4767,-4088891.9484,4356384.8434,3,-1.8498,1.2389,0.1802,2.6439,-2.1664,0.8027,-0.0703,-0.4385,-0.2463,0.0023,0.0035,0.0000,0.0000,0.0000,0.0000,0.0271,0.0271,0.0000,-0.0305,0.0000,0.0000
241.2000,39.6300,0,12,UPSA_GPS,-6.6470,3.0550,0.1020,0.0960,1,0,1,0,0,0,0.0000,-2362555.9546,-4297473.3277,4061330.3019,10,-5.4897,3.0965,1.1573,0.0415,-6.0084,2.3175,-0.4037,-0.8079,-0.1150,0.0289,-0.0118,0.0000,0.0000,0.0000,0.0000,0.1068,0.1068,0.0000,-0.0950,0.0000,0.0000
239.6800,39.3200,0,1,UU83_GPS,-9.1120,6.7780,0.2090,0.1790,1,0,1,0,0,0,0.0000,-2486775.7278,-4252198.5067,4034737.3893,1,-9.3482,7.3176,-0.2362,0.5396,-10.4767,7.7812,-0.9976,0.4156,-0.1308,0.0479,-0.0204,0.0000,0.0000,0.0000,0.0000,-0.0904,-0.0904,0.0000,0.1108,0.0000,0.0000
240.4600,39.0800,0,19,V209_GPS,-6.6710,4.8470,0.1790,0.1490,1,0,1,0,0,0,0.0000,-2436970.7127,-4300323.4681,4014068.1704,20,-7.9804,5.8271,-1.3094,0.9801,-9.6413,5.4630,-1.5581,-0.3990,-0.1028,0.0349,-0.0165,0.0000,0.0000,0.0000,0.0000,-0.6501,-0.6501,0.0000,0.6666,0.0000,0.0000
242.8900,40.7800,0,17,VALM_GPS,-6.3840,0.2410,0.2390,0.2690,1,0,1,0,0,0,0.0000,-2197193.5659,-4291845.4180,4158936.7396,17,-3.0914,0.3145,3.2926,0.0735,-2.9210,0.0220,0.2931,-0.3088,-0.1228,0.0163,-0.0033,0.0000,0.0000,0.0000,0.0000,-0.0640,-0.0640,0.0000,0.0673,0.0000,0.0000
239.2300,43.0100,0,6,W072_GPS,-3.5270,3.2770,0.1870,0.1790,1,0,1,0,0,0,0.0000,-2382026.4423,-4000647.7076,4343399.5222,3,-1.6438,3.6044,1.8832,0.3274,-2.3931,2.7092,-0.3184,-0.8906,-0.4309,-0.0046,-0.0199,0.0000,0.0000,0.0000,0.0000,0.1090,0.1090,0.0000,-0.0891,0.0000,0.0000
241.4200,38.6100,0,12,W078_GPS,-5.0390,4.7070,0.3280,0.2690,1,0,1,0,0,0,0.0000,-2380251.7538,-4369318.7855,3973387.2704,10,-5.2056,4.1862,-0.1666,-0.5208,-7.1586,2.1401,-1.8770,-2.0709,-0.0760,0.0248,-0.0132,0.0000,0.0000,0.0000,0.0000,1.0896,1.0896,0.0000,-1.0763,0.0000,0.0000
239.6400,42.1900,0,3,W67R_GPS,-4.6210,2.8790,0.2090,0.2390,1,0,1,0,0,0,0.0000,-2384513.9302,-4070814.3130,4276320.3350,2,-3.2578,2.9245,1.3632,0.0455,-3.8711,3.2048,-0.2801,0.2709,-0.3332,0.0094,-0.0151,0.0000,0.0000,0.0000,0.0000,0.4024,0.4024,0.0000,-0.3873,0.0000,0.0000
241.6300,40.0200,0,12,WILD_GPS,-5.3740,4.0980,0.2090,0.2090,1,0,1,0,0,0,0.0000,-2317047.9614,-4290658.7319,4094616.9360,10,-5.0952,2.1678,0.2788,-1.9302,-5.5557,1.9707,-0.3386,-0.2221,-0.1220,0.0250,-0.0092,0.0000,0.0000,0.0000,0.0000,-0.0692,-0.0692,0.0000,0.0784,0.0000,0.0000
243.5900,41.2100,0,17,WILO_GPS,-2.2770,-0.7920,0.1790,0.2090,1,0,1,0,0,0,0.0000,-2130652.8028,-4290291.9275,4195004.8000,17,-2.8203,0.0423,-0.5433,0.8343,-2.8020,-0.1017,0.1405,-0.1565,-0.1222,0.0125,-0.0004,0.0000,0.0000,0.0000,0.0000,-0.0115,-0.0115,0.0000,0.0119,0.0000,0.0000
241.6100,38.5400,0,12,X360_GPS,-3.0300,2.8990,0.2980,0.2690,1,0,1,0,0,0,0.0000,-2368055.8458,-4381455.2692,3967305.4705,10,-5.2052,3.3253,-2.1752,0.4263,-7.2336,1.9868,-1.9556,-1.3620,-0.0728,0.0235,-0.0127,0.0000,0.0000,0.0000,0.0000,0.2342,0.2342,0.0000,-0.2215,0.0000,0.0000
239.6900,43.4300,0,6,Y090_GPS,-0.1870,2.9770,0.2390,0.2690,1,0,1,0,0,0,0.0000,-2333699.4286,-3992048.2936,4377413.4898,3,-1.2026,2.6707,-1.0156,-0.3063,-1.9198,2.3544,-0.3072,-0.3106,-0.4100,-0.0056,-0.0099,0.0000,0.0000,0.0000,0.0000,0.0064,0.0064,0.0000,0.0035,0.0000,0.0000
242.3100,38.7700,0,17,Z25X_GPS,-5.5480,-0.9320,0.2980,0.2690,1,0,1,0,0,0,0.0000,-2306931.7339,-4395921.4452,3987266.2420,17,-4.0144,0.7778,1.5336,1.7098,-3.4772,0.1245,0.6117,-0.6740,-0.0745,0.0206,-0.0100,0.0000,0.0000,0.0000,0.0000,-0.1145,-0.1145,0.0000,0.1245,0.0000,0.0000
309.0500,66.9900,0,47,KELY_GPS,0.5690,-0.5430,0.1080,0.1100,1,0,1,0,0,0,0.0000,1568054.3888,-1932934.4907,5860829.3910,48,-0.3752,-0.0601,-0.9442,0.4829,-0.3856,-0.0942,-0.0072,-0.0313,-0.0032,-0.0028,0.0002,0.0000,0.0000,0.0000,0.0000,0.0013,0.0013,0.0000,-0.0016,0.0000,0.0000
307.3200,47.6000,0,14,STJO_GPS,-1.3950,-0.6570,0.2390,0.0300,1,0,1,0,0,0,0.0000,2603053.6274,-3414523.0927,4702073.5132,11,-0.3147,-1.9157,1.0803,-1.2587,-0.8108,-1.8538,-0.4923,0.0638,-0.0038,-0.0020,0.0007,0.0000,0.0000,0.0000,0.0000,-0.0194,-0.0194,0.0000,0.0187,0.0000,0.0000
295.3000,32.3100,0,14,BRMU_GPS,0.1170,-0.2490,0.2090,0.2090,1,0,1,0,0,0,0.0000,2299853.7016,-4865378.1210,3403398.3241,11,-0.6006,-1.7400,-0.7176,-1.4910,-1.1256,-1.6499,-0.5211,0.0909,-0.0040,-0.0008,0.0007,0.0000,0.0000,0.0000,0.0000,-0.0267,-0.0267,0.0000,0.0260,0.0000,0.0000
291.2100,76.5400,0,47,THU1_GPS,-1.9330,-0.8050,0.1630,0.1640,1,0,1,0,0,0,0.0000,536214.9152,-1381729.2554,6192547.8836,48,-1.5296,-1.0530,0.4034,-0.2480,-1.5321,-1.1690,-0.0000,-0.1132,-0.0025,-0.0028,-0.0005,0.0000,0.0000,0.0000,0.0000,-0.0061,-0.0061,0.0000,0.0066,0.0000,0.0000
288.5100,42.6100,0,14,WES2_GPS,0.4610,-1.1440,0.1250,0.1220,1,0,1,0,0,0,0.0000,1487762.0741,-4443874.4443,4310788.2569,11,-0.5803,-1.5005,-1.0413,-0.3565,-0.6097,-1.5020,-0.0224,0.0006,-0.0071,-0.0021,0.0013,0.0000,0.0000,0.0000,0.0000,0.0125,0.0125,0.0000,-0.0138,0.0000,0.0000
281.9300,45.9600,0,14,NLIB_GPS,0.4750,-0.6050,0.1070,0.1070,1,0,1,0,0,0,0.0000,915008.9672,-4330789.1112,4577267.2771,11,-0.3348,-1.3295,-0.8098,-0.7245,-0.3521,-1.3386,-0.0073,-0.0059,-0.0101,-0.0033,0.0019,0.0000,0.0000,0.0000,0.0000,0.0122,0.0122,0.0000,-0.0141,0.0000,0.0000
268.4200,41.7700,0,14,ALGO_GPS,0.1020,0.0210,0.0990,0.0960,1,0,1,0,0,0,0.0000,-130942.7518,-4747193.1642,4241622.6281,11,-0.3588,-0.9393,-0.4608,-0.9603,-0.3552,-0.9504,0.0213,-0.0086,-0.0177,-0.0025,0.0028,0.0000,0.0000,0.0000,0.0000,0.0099,0.0099,0.0000,-0.0127,0.0000,0.0000
240.3800,49.3200,0,14,DRAO_GPS,1.0650,1.3660,0.1050,0.1080,1,0,1,0,0,0,0.0000,-2051372.8131,-3608136.0521,4828827.5257,11,0.7195,0.4476,-0.3455,-0.9184,0.1830,-0.0048,-0.0705,-0.2300,-0.4659,-0.2224,0.0425,0.0000,0.0000,0.0000,0.0000,0.0143,0.0143,0.0000,-0.0568,0.0000,0.0000
212.5000,64.9800,0,14,FAIR_GPS,0.4640,-3.5060,0.1090,0.1060,1,0,1,0,0,0,0.0000,-2271263.8245,-1446954.6370,5769924.9891,11,0.1569,2.4184,-0.3071,5.9244,0.7426,0.9370,0.5846,-1.4810,0.0011,-0.0004,-0.0049,0.0000,0.0000,0.0000,0.0000,-0.0373,-0.0373,0.0000,0.0422,0.0000,0.0000
166.4400,68.0800,0,14,BILI_GPS,2.1130,-1.8690,0.2000,0.2060,1,0,1,0,0,0,0.0000,-2310780.9769,557329.3927,5907116.6136,11,-0.1321,2.3112,-2.2451,4.1802,-0.2485,1.9329,-0.1172,-0.3782,0.0007,-0.0001,-0.0013,0.0000,0.0000,0.0000,0.0000,-0.0590,-0.0590,0.0000,0.0603,0.0000,0.0000
158.6100,53.0100,0,47,PETP_GPS,-5.8560,10.6230,0.4770,0.4780,1,0,1,0,0,0,0.0000,-3567245.6098,1397270.0943,5085936.1483,48,-6.4778,6.6364,-0.6218,-3.9866,6.8829,-1.6562,13.3592,-8.2924,0.0015,-0.0003,-0.0005,0.0000,0.0000,0.0000,0.0000,2.2688,2.2688,0.0000,-2.2684,0.0000,0.0000
150.7700,59.5800,0,47,MAGO_GPS,4.6820,-5.5440,0.4470,0.4780,1,0,1,0,0,0,0.0000,-2813528.2125,1574361.6340,5490882.9804,48,5.9125,-0.6198,1.2305,4.9242,6.5536,-1.2163,0.6402,-0.5964,0.0008,-0.0002,-0.0007,0.0000,0.0000,0.0000,0.0000,-0.0463,-0.0463,0.0000,0.0471,0.0000,0.0000
142.7200,47.0300,0,47,YSSK_GPS,8.3910,0.4900,0.5070,0.5080,1,0,1,0,0,0,0.0000,-3453390.4145,2628873.9797,4659127.3545,48,6.1743,0.0460,-2.2167,-0.4440,7.5036,-0.7411,1.3285,-0.7869,0.0008,-0.0001,-0.0003,0.0000,0.0000,0.0000,0.0000,0.0020,0.0020,0.0000,-0.0016,0.0000,0.0000
128.8700,71.6300,0,47,TIXI_GPS,-2.5460,-1.1330,0.4470,0.4480,1,0,1,0,0,0,0.0000,-1259324.3506,1562370.9844,6042967.0319,48,5.4557,0.3627,8.0017,1.4957,5.6470,0.1053,0.1912,-0.2573,0.0001,-0.0001,-0.0009,0.0000,0.0000,0.0000,0.0000,-0.0386,-0.0386,0.0000,0.0395,0.0000,0.0000
240.0170,43.5900,0,6,0047_GPS,-2.0690,1.3570,0.1820,0.1790,1,0,1,0,0,0,0.0000,-2304760.1375,-3994698.4083,4390309.4193,3,-1.1597,2.3617,0.9093,1.0047,-1.7360,2.1021,-0.1876,-0.2538,-0.3887,-0.0058,-0.0046,0.0000,0.0000,0.0000,0.0000,-0.0241,-0.0241,0.0000,0.0287,0.0000,0.0000
240.0060,40.2450,0,12,0226_GPS,-5.7300,3.4820,0.2030,0.1950,1,0,1,0,0,0,0.0000,-2429658.9761,-4209310.7094,4113734.5653,10,-5.6275,4.2077,0.1025,0.7257,-5.3484,3.2798,0.4646,-0.9696,-0.1855,0.0416,-0.0154,0.0000,0.0000,0.0000,0.0000,0.0578,0.0578,0.0000,-0.0424,0.0000,0.0000
244.1680,41.5110,0,21,036C_GPS,-2.8400,-0.6200,0.2390,0.2240,1,0,1,0,0,0,0.0000,-2077633.0906,-4291671.8303,4220111.9776,21,-2.7974,-0.3026,0.0426,0.3174,-3.0609,-0.5728,-0.1435,-0.2800,-0.1200,0.0098,0.0016,0.0000,0.0000,0.0000,0.0000,0.0146,0.0146,0.0000,-0.0162,0.0000,0.0000
243.5340,42.6560,0,17,16EM_GPS,-2.3800,1.8100,0.2570,0.2510,1,0,1,0,0,0,0.0000,-2086986.9243,-4192076.0490,4314549.2741,17,-2.4038,0.3377,-0.0238,-1.4723,-2.3994,-0.0918,0.1672,-0.4344,-0.1627,0.0049,0.0051,0.0000,0.0000,0.0000,0.0000,-0.1708,-0.1708,0.0000,0.1657,0.0000,0.0000
239.3350,47.7680,0,13,1882_GPS,1.7300,2.5300,0.1550,0.1640,1,0,1,0,0,0,0.0000,-2182761.7147,-3681310.4637,4714642.7254,12,4.2100,2.2501,2.4800,-0.2799,3.4776,1.5826,0.1219,-0.4181,-0.8542,-0.2494,0.0425,0.0000,0.0000,0.0000,0.0000,-2.7010,-2.7010,0.0000,2.6585,0.0000,0.0000
240.5810,41.1730,0,12,74LR_GPS,-4.1900,2.2500,0.2090,0.2180,1,0,1,0,0,0,0.0000,-2354254.9547,-4174891.7554,4191910.5311,10,-4.0590,2.8432,0.1310,0.5932,-4.2751,2.8165,-0.0063,-0.0512,-0.2098,0.0246,-0.0099,0.0000,0.0000,0.0000,0.0000,0.0206,0.0206,0.0000,-0.0108,0.0000,0.0000
238.8250,43.3130,0,3,A074_GPS,-1.5500,4.4500,0.2090,0.2060,1,0,1,0,0,0,0.0000,-2398321.7636,-3964002.3364,4367961.7279,2,-0.8969,4.2896,0.6531,-0.1604,-1.3832,4.5252,0.0332,0.2489,-0.5196,-0.0133,-0.0276,0.0000,0.0000,0.0000,0.0000,0.0341,0.0341,0.0000,-0.0065,0.0000,0.0000
239.5750,48.5940,0,14,A515_GPS,0.7000,1.7700,0.2830,0.2750,1,0,1,0,0,0,0.0000,-2132678.5342,-3631431.2654,4775849.7354,11,1.1104,0.7491,0.4104,-1.0209,0.1465,0.0235,-0.2721,-0.4468,-0.6918,-0.2789,0.0468,0.0000,0.0000,0.0000,0.0000,0.0425,0.0425,0.0000,-0.0893,0.0000,0.0000
239.2560,45.4750,0,6,A545_GPS,0.4200,3.0600,0.1790,0.1850,1,0,1,0,0,0,0.0000,-2282512.6634,-3837473.3446,4539634.9779,3,1.1933,2.8661,0.7733,-0.1939,0.3045,2.6892,-0.1601,-0.1095,-0.7286,-0.0674,0.0117,0.0000,0.0000,0.0000,0.0000,0.0034,0.0034,0.0000,-0.0151,0.0000,0.0000
241.5490,43.2160,0,6,A699_GPS,-2.6200,1.2300,0.2180,0.2150,1,0,1,0,0,0,0.0000,-2210742.9165,-4079999.0146,4360111.8403,3,-1.7931,1.2407,0.8269,0.0107,-2.1176,0.9193,-0.0685,-0.3232,-0.2559,0.0018,0.0032,0.0000,0.0000,0.0000,0.0000,-0.0121,-0.0121,0.0000,0.0089,0.0000,0.0000
248.9360,42.7730,0,14,AHID_GPS,-0.8930,-0.9670,0.1370,0.1280,1,0,1,0,0,0,0.0000,-1679892.9781,-4361702.1912,4324102.8016,11,-0.2785,-0.2545,0.6145,0.7125,-0.1617,-0.3042,0.1993,-0.0481,-0.0824,-0.0016,0.0074,0.0000,0.0000,0.0000,0.0000,-0.0178,-0.0178,0.0000,0.0104,0.0000,0.0000
242.1850,44.8330,0,12,AIRP_GPS,-0.6900,0.3500,0.1670,0.1490,1,0,1,0,0,0,0.0000,-2107046.0021,-3993833.5996,4489320.8601,10,0.3562,1.1565,1.0462,0.8065,-0.0689,1.5229,-0.1288,0.3870,-0.2963,-0.0205,0.0172,0.0000,0.0000,0.0000,0.0000,0.4467,0.4467,0.0000,-0.4639,0.0000,0.0000
244.8420,37.3580,0,21,ALAM_GPS,-3.2800,-0.1600,0.1160,0.1130,1,0,1,0,0,0,0.0000,-2151607.1357,-4581111.5113,3863723.0124,21,-3.3692,-0.2064,-0.0892,-0.0464,-3.3198,-0.5808,0.0918,-0.3858,-0.0424,0.0113,-0.0061,0.0000,0.0000,0.0000,0.0000,-0.0115,-0.0115,0.0000,0.0176,0.0000,0.0000
232.4810,50.4580,0,14,ALCC_GPS,-0.1900,3.0100,0.2180,0.2240,1,0,1,0,0,0,0.0000,-2468859.4214,-3215272.0042,4910306.5646,13,1.9182,2.4800,2.1082,-0.5300,3.6446,1.4346,2.1067,-0.8377,-0.3802,-0.2077,-0.1892,0.0000,0.0000,0.0000,0.0000,0.9368,0.9368,0.0000,-0.7476,0.0000,0.0000
234.5070,49.7380,0,14,ALEX_GPS,5.2800,5.9600,0.3040,0.3130,1,0,1,0,0,0,0.0000,-2389285.7932,-3350520.9273,4858978.7379,13,5.4718,4.6182,0.1918,-1.3418,4.5712,2.8899,1.5386,0.3723,-2.4392,-2.1006,-0.5933,0.0000,0.0000,0.0000,0.0000,1.0381,1.0381,0.0000,-0.4448,0.0000,0.0000
240.0010,42.9540,0,6,ALKA_GPS,-2.4800,3.5600,0.1850,0.2090,1,0,1,0,0,0,0.0000,-2330099.1440,-4036012.7807,4338846.6526,3,-1.9324,2.4086,0.5476,-1.1514,-2.4322,2.1145,-0.1554,-0.2958,-0.3445,0.0017,-0.0091,0.0000,0.0000,0.0000,0.0000,-0.0320,-0.0320,0.0000,0.0411,0.0000,0.0000
233.4530,49.7890,0,8,ANAW_GPS,5.8800,5.8900,0.2210,0.2330,1,0,1,0,0,0,0.0000,-2447937.0012,-3302527.8240,4862639.8048,13,7.4703,5.5480,1.5903,-0.3420,4.4745,2.1332,1.2219,-0.5450,-4.2177,-2.8698,-1.5240,0.0000,0.0000,0.0000,0.0000,1.9385,1.9385,0.0000,-0.4146,0.0000,0.0000
234.6850,50.4910,0,14,ANNA_GPS,2.3500,3.1100,0.2540,0.2630,1,0,1,0,0,0,0.0000,-2341746.2414,-3305531.5243,4912640.5674,11,1.4128,2.1757,-0.9372,-0.9343,0.2344,0.1950,-0.3028,-1.0248,-0.8756,-0.9559,-0.1095,0.0000,0.0000,0.0000,0.0000,0.4991,0.4991,0.0000,-0.3896,0.0000,0.0000
245.0680,36.3190,0,21,APEX_GLA,-3.3900,-0.2900,0.1130,0.1100,1,0,1,0,0,0,0.0000,-2162703.3151,-4652339.8934,3771312.6824,21,-3.2867,-0.1435,0.1033,0.1465,-3.3821,-0.5835,-0.0633,-0.4495,-0.0321,0.0095,-0.0065,0.0000,0.0000,0.0000,0.0000,-0.0198,-0.0198,0.0000,0.0264,0.0000,0.0000
242.4780,36.0500,0,38,ARGU_GLA,-7.2800,5.8400,0.1190,0.1160,1,0,1,0,0,0,0.0000,-2378882.5636,-4565509.9220,3747184.0578,39,-7.5333,6.6382,-0.2533,0.7982,-7.9353,5.8089,-0.3735,-0.8409,-0.0286,0.0116,-0.0115,0.0000,0.0000,0.0000,0.0000,-0.1059,-0.1059,0.0000,0.1174,0.0000,0.0000
241.5290,45.8130,0,6,ATHE_GPS,-0.2400,0.4500,0.1550,0.1520,1,0,1,0,0,0,0.0000,-2115715.5247,-3901370.9906,4565895.7143,3,0.6807,0.9589,0.9207,0.5089,0.7260,0.9348,0.4374,0.0241,-0.3921,-0.0483,0.0261,0.0000,0.0000,0.0000,0.0000,0.0991,0.0991,0.0000,-0.1252,0.0000,0.0000
236.7470,49.3370,0,14,ATKI_GPS,3.1100,3.5000,0.3490,0.2780,1,0,1,0,0,0,0.0000,-2275095.3809,-3469700.9236,4830058.7957,11,2.4257,2.5284,-0.6843,-0.9716,0.1810,0.1228,-0.8472,-1.4098,-1.3975,-0.9958,-0.0469,0.0000,0.0000,0.0000,0.0000,0.5645,0.5645,0.0000,-0.5175,0.0000,0.0000
241.2710,40.8480,0,12,B073_GPS,-4.5400,2.7200,0.2620,0.2720,1,0,1,0,0,0,0.0000,-2315200.3037,-4223723.2382,4164656.1710,10,-4.3269,2.4357,0.2131,-0.2843,-4.6242,2.2603,-0.1321,-0.1990,-0.1652,0.0236,-0.0079,0.0000,0.0000,0.0000,0.0000,-0.0345,-0.0345,0.0000,0.0424,0.0000,0.0000
240.2730,46.5780,0,16,B317_GPS,0.7200,1.7100,0.1640,0.1820,1,0,1,0,0,0,0.0000,-2170298.8589,-3800776.1321,4624743.7895,15,2.0784,1.4311,1.3584,-0.2789,2.4485,1.9596,0.9719,0.6316,-0.6018,-0.1031,0.0346,0.0000,0.0000,0.0000,0.0000,0.3061,0.3061,0.0000,-0.3406,0.0000,0.0000
235.8420,49.3470,0,14,BALL_GPS,4.7700,5.2700,0.1640,0.1790,1,0,1,0,0,0,0.0000,-2329140.6622,-3432636.3141,4830782.8736,13,4.3267,3.5737,-0.4433,-1.6963,5.1016,3.8470,2.7337,1.8776,-1.9588,-1.6044,-0.2394,0.0000,0.0000,0.0000,0.0000,2.1409,2.1409,0.0000,-1.9015,0.0000,0.0000
234.7770,49.6500,0,14,BCHR_GPS,5.8000,4.6000,0.2150,0.2330,1,0,1,0,0,0,0.0000,-2377771.8425,-3367835.4675,4852652.5521,13,5.2540,4.4508,-0.5460,-0.1492,4.6879,3.0836,1.7412,0.6285,-2.3073,-1.9957,-0.4805,0.0000,0.0000,0.0000,0.0000,1.0602,1.0602,0.0000,-0.5797,0.0000,0.0000
241.4700,45.6000,0,6,BIGH_GPS,-0.3700,1.0300,0.3220,0.2750,1,0,1,0,0,0,0.0000,-2127824.2296,-3914076.0548,4549365.2466,3,0.6898,0.9773,1.0598,-0.0527,0.4920,0.9804,0.1899,0.0454,-0.3877,-0.0423,0.0240,0.0000,0.0000,0.0000,0.0000,0.0449,0.0449,0.0000,-0.0689,0.0000,0.0000
237.0040,49.0780,0,14,BOUN_GPS,3.6800,3.9900,0.3670,0.2810,1,0,1,0,0,0,0.0000,-2271376.3573,-3498147.5051,4811253.9880,11,3.3323,3.1985,-0.3477,-0.7915,0.1684,0.1138,-1.6261,-2.1038,-1.5377,-0.9809,-0.0483,0.0000,0.0000,0.0000,0.0000,1.4399,1.4399,0.0000,-1.3916,0.0000,0.0000
243.5980,46.8570,0,14,BOVL_GPS,1.1600,0.4800,0.2240,0.2090,1,0,1,0,0,0,0.0000,-1936164.8348,-3900036.9366,4646001.4084,11,0.3660,0.0872,-0.7940,-0.3928,0.0568,-0.1178,-0.0441,-0.1505,-0.2651,-0.0545,0.0278,0.0000,0.0000,0.0000,0.0000,-0.0119,-0.0119,0.0000,-0.0158,0.0000,0.0000
237.8470,37.9190,0,43,BRIB_GPS,-14.9860,16.1120,0.1250,0.1240,1,0,1,0,0,0,0.0000,-2673230.8187,-4252751.0924,3913092.9707,45,-14.9554,16.7964,0.0306,0.6844,-11.1326,9.6857,3.8663,-7.1478,-0.0435,0.0371,-0.0362,0.0000,0.0000,0.0000,0.0000,-0.6613,-0.6613,0.0000,0.6975,0.0000,0.0000
234.3600,50.1250,0,14,BRWV_GPS,4.3900,4.4800,0.2270,0.2360,1,0,1,0,0,0,0.0000,-2378695.9073,-3317631.4876,4886663.3355,13,3.5568,3.4340,-0.8332,-1.0460,4.0994,2.7844,2.1389,0.8882,-1.5963,-1.5377,-0.3105,0.0000,0.0000,0.0000,0.0000,1.3426,1.3426,0.0000,-1.0321,0.0000,0.0000
232.8900,50.9610,0,14,BULC_GPS,-1.2500,4.4200,0.2570,0.2720,1,0,1,0,0,0,0.0000,-2419742.0542,-3198312.0979,4945705.1648,11,0.2783,1.8223,1.5283,-2.5977,0.2524,0.2576,0.1336,-1.1404,-0.1595,-0.4243,-0.2049,0.0000,0.0000,0.0000,0.0000,0.4829,0.4829,0.0000,-0.2780,0.0000,0.0000
243.5490,36.7450,0,21,BUST_GLA,-3.4900,0.1200,0.1130,0.1100,1,0,1,0,0,0,0.0000,-2272716.6032,-4568143.6407,3809353.5384,21,-3.5306,0.2203,-0.0406,0.1003,-3.3481,-0.5653,0.2191,-0.7977,-0.0366,0.0122,-0.0090,0.0000,0.0000,0.0000,0.0000,0.0075,0.0075,0.0000,0.0015,0.0000,0.0000
240.1890,47.2420,0,14,C033_GPS,1.7200,1.5500,0.2270,0.2210,1,0,1,0,0,0,0.0000,-2149078.4460,-3750832.5286,4675154.3971,11,1.4720,0.8014,-0.2480,-0.7486,0.0787,0.0019,-0.7555,-0.6519,-0.6379,-0.1476,0.0410,0.0000,0.0000,0.0000,0.0000,0.2546,0.2546,0.0000,-0.2957,0.0000,0.0000
242.4310,46.4860,0,14,C334_GPS,0.1800,1.6300,0.1880,0.1970,1,0,1,0,0,0,0.0000,-2029074.5334,-3886381.6037,4617710.0417,11,0.4879,0.1955,0.3079,-1.4345,0.0396,-0.0768,-0.1130,-0.2137,-0.3352,-0.0586,0.0296,0.0000,0.0000,0.0000,0.0000,-0.0062,-0.0062,0.0000,-0.0235,0.0000,0.0000
232.0460,51.5440,0,14,CALV_GPS,-1.9600,2.3900,0.2710,0.2840,1,0,1,0,0,0,0.0000,-2435513.0301,-3122478.5475,4986256.6583,11,0.2249,1.8755,2.1849,-0.5145,0.2783,0.2870,0.0853,-1.5174,-0.0318,-0.0711,-0.1326,0.0000,0.0000,0.0000,0.0000,0.2659,0.2659,0.0000,-0.1333,0.0000,0.0000
240.4510,45.3440,0,6,CBL1_GPS,-0.1700,2.1100,0.1580,0.1700,1,0,1,0,0,0,0.0000,-2207098.0588,-3893260.0973,4529414.4694,3,0.6953,1.8764,0.8653,-0.2336,0.1942,1.7672,-0.0132,-0.0662,-0.4879,-0.0431,0.0195,0.0000,0.0000,0.0000,0.0000,-0.0180,-0.0180,0.0000,-0.0015,0.0000,0.0000
241.4110,46.9730,0,14,CC25_GPS,0.6200,1.7600,0.1550,0.1550,1,0,1,0,0,0,0.0000,-2079078.8070,-3815042.8189,4654807.3070,11,0.7656,0.3937,0.1456,-1.3663,0.0648,-0.0410,-0.2591,-0.3421,-0.4416,-0.0926,0.0362,0.0000,0.0000,0.0000,0.0000,0.0156,0.0156,0.0000,-0.0517,0.0000,0.0000
183.4340,-43.9560,0,30,CHAT_GPS,-38.7130,50.0720,0.1370,0.1430,1,0,1,0,0,0,0.0000,-4575521.4761,-274560.9133,-4419679.9644,31,-37.8554,51.2428,0.8576,1.1708,-38.5806,51.9098,-0.7255,0.6667,0.0003,0.0003,-0.0001,0.0000,0.0000,0.0000,0.0000,0.0419,0.0419,0.0000,-0.0419,0.0000,0.0000
243.2340,36.7470,0,21,CHLO_GLA,-3.6000,0.5600,0.1130,0.1100,1,0,1,0,0,0,0.0000,-2297736.9261,-4555461.0273,3809531.6390,21,-3.5166,0.6376,0.0834,0.0776,-3.3462,-0.5615,0.2071,-1.2117,-0.0367,0.0127,-0.0097,0.0000,0.0000,0.0000,0.0000,0.0809,0.0809,0.0000,-0.0712,0.0000,0.0000
239.6140,38.0340,0,1,CMB0_GPS,-10.9030,7.9290,0.1320,0.1320,1,0,1,0,0,0,0.0000,-2536847.8519,-4326374.1871,3923167.1939,1,-10.3604,8.1913,0.5426,0.2623,-10.2613,7.7649,0.1612,-0.4585,-0.0622,0.0321,-0.0226,0.0000,0.0000,0.0000,0.0000,0.0871,0.0871,0.0000,-0.0646,0.0000,0.0000
238.7220,37.8960,0,1,CNDR_GPS,-12.9610,7.5860,0.1450,0.1440,1,0,1,0,0,0,0.0000,-2608790.5184,-4294420.3557,3911076.2331,1,-11.0722,8.8434,1.8888,1.2574,-10.3105,7.5433,0.8145,-1.3348,-0.0528,0.0347,-0.0285,0.0000,0.0000,0.0000,0.0000,0.1832,0.1832,0.0000,-0.1547,0.0000,0.0000
243.2040,47.7430,0,14,COEU_GPS,0.8600,0.1600,0.1550,0.1520,1,0,1,0,0,0,0.0000,-1930316.0685,-3822039.2919,4712774.8714,11,0.4381,0.1239,-0.4219,-0.0361,0.1018,-0.1039,-0.0472,-0.1486,-0.2890,-0.0793,0.0320,0.0000,0.0000,0.0000,0.0000,-0.0077,-0.0077,0.0000,-0.0242,0.0000,0.0000
242.1800,45.2970,0,12,COVE_GPS,-0.7400,0.8200,0.2360,0.3080,1,0,1,0,0,0,0.0000,-2090358.4295,-3961365.2067,4525741.7952,10,0.6147,1.0882,1.3547,0.2682,0.4595,1.5270,0.1610,0.4689,-0.3162,-0.0301,0.0211,0.0000,0.0000,0.0000,0.0000,0.1004,0.1004,0.0000,-0.1215,0.0000,0.0000
231.4010,50.8130,0,14,COXI_GPS,-0.1900,2.9100,0.2680,0.2840,1,0,1,0,0,0,0.0000,-2509994.8616,-3144328.8096,4935329.1272,13,0.6497,7.2262,0.8397,4.3162,3.2011,0.6580,2.5723,-6.6237,-0.0210,0.0555,-0.1953,0.0000,0.0000,0.0000,0.0000,1.6076,1.6076,0.0000,-1.4124,0.0000,0.0000
243.4310,36.8080,0,21,CRAT_GLA,-3.3900,0.2800,0.1130,0.1100,1,0,1,0,0,0,0.0000,-2280244.9785,-4559704.2932,3814961.4753,21,-3.5314,0.2955,-0.1414,0.0155,-3.3437,-0.5639,0.2250,-0.8719,-0.0374,0.0125,-0.0093,0.0000,0.0000,0.0000,0.0000,0.0138,0.0138,0.0000,-0.0045,0.0000,0.0000
241.0140,47.9710,0,14,CRWN_GPS,1.3600,-0.0400,0.3550,0.3280,1,0,1,0,0,0,0.0000,-2065854.8888,-3729049.4684,4729776.4326,11,0.7556,0.3848,-0.6044,0.4248,0.1152,-0.0271,-0.1557,-0.2636,-0.4847,-0.1483,0.0425,0.0000,0.0000,0.0000,0.0000,0.0050,0.0050,0.0000,-0.0475,0.0000,0.0000
241.6180,47.1270,0,14,CTHS_GPS,0.5500,1.6200,0.2860,0.3430,1,0,1,0,0,0,0.0000,-2059327.5251,-3811508.1227,4666468.4116,11,0.6749,0.3226,0.1249,-1.2974,0.0725,-0.0483,-0.1826,-0.2771,-0.4198,-0.0938,0.0364,0.0000,0.0000,0.0000,0.0000,0.0003,0.0003,0.0000,-0.0366,0.0000,0.0000
240.1770,45.8130,0,6,D639_GPS,-0.0400,2.4200,0.1460,0.1610,1,0,1,0,0,0,0.0000,-2207178.0536,-3850365.2849,4565895.7143,3,1.2679,2.0119,1.3079,-0.4081,0.7013,1.9787,0.0019,0.0322,-0.5685,-0.0655,0.0248,0.0000,0.0000,0.0000,0.0000,0.0027,0.0027,0.0000,-0.0275,0.0000,0.0000
241.0680,43.9600,0,6,D706_GPS,-1.4100,1.2700,0.2270,0.2120,1,0,1,0,0,0,0.0000,-2217338.1028,-4011404.1873,4419999.9599,3,-0.9028,1.5105,0.5072,0.2405,-1.3095,1.2908,-0.0810,-0.2118,-0.3256,-0.0078,0.0066,0.0000,0.0000,0.0000,0.0000,-0.0312,-0.0312,0.0000,0.0246,0.0000,0.0000
238.8250,45.6180,0,6,DALL_GPS,1.3900,3.3400,0.1040,0.1220,1,0,1,0,0,0,0.0000,-2305442.4338,-3810489.2066,4550764.6228,3,1.6642,3.3064,0.2742,-0.0336,0.4457,3.0215,-0.3352,-0.1959,-0.8832,-0.0891,0.0056,0.0000,0.0000,0.0000,0.0000,0.0463,0.0463,0.0000,-0.0518,0.0000,0.0000
235.6800,49.5990,0,14,DAVI_GPS,4.4300,5.2000,0.1610,0.1700,1,0,1,0,0,0,0.0000,-2326835.0031,-3408456.1898,4848980.9994,11,3.1548,3.2598,-1.2752,-1.9402,0.1922,0.1602,-1.3469,-1.7191,-1.6157,-1.3805,-0.1601,0.0000,0.0000,0.0000,0.0000,1.1651,1.1651,0.0000,-1.0050,0.0000,0.0000
241.0190,37.7440,0,40,DDMN_GPS,-10.9040,9.9900,0.2450,0.2450,1,0,1,0,0,0,0.0000,-2439594.8846,-4404589.6990,3897732.3978,41,-8.0928,8.4357,2.8112,-1.5543,-5.7435,8.8276,2.4031,0.3697,-0.0538,0.0222,-0.0158,0.0000,0.0000,0.0000,0.0000,-1.0635,-1.0635,0.0000,1.0792,0.0000,0.0000
238.0840,37.8790,0,1,DIAB_GPS,-12.3270,11.0910,0.1370,0.1360,1,0,1,0,0,0,0.0000,-2657060.4076,-4266090.1360,3909585.1958,1,-12.6749,12.2957,-0.3479,1.2047,-10.3585,7.3838,2.3617,-4.9480,-0.0454,0.0360,-0.0338,0.0000,0.0000,0.0000,0.0000,0.4196,0.4196,0.0000,-0.3859,0.0000,0.0000
239.8200,45.2430,0,6,E040_GPS,1.3200,1.9300,0.2270,0.2270,1,0,1,0,0,0,0.0000,-2253850.3204,-3875613.7381,4521518.3676,3,0.7265,2.4037,-0.5935,0.4737,0.0679,2.2542,-0.0812,-0.1029,-0.5774,-0.0466,0.0143,0.0000,0.0000,0.0000,0.0000,-0.0165,-0.0165,0.0000,0.0022,0.0000,0.0000
243.5880,43.0750,0,12,E072_GPS,-1.9600,0.4200,0.2890,0.2990,1,0,1,0,0,0,0.0000,-2068944.4398,-4165670.6776,4348678.8997,10,-2.0819,0.3885,-0.1219,-0.0315,-2.0552,0.3904,0.2002,0.0002,-0.1734,0.0017,0.0072,0.0000,0.0000,0.0000,0.0000,0.0068,0.0068,0.0000,-0.0140,0.0000,0.0000
239.4080,47.5590,0,13,E518_GPS,3.2900,2.6800,0.3730,0.2840,1,0,1,0,0,0,0.0000,-2186807.4285,-3698868.0437,4698999.8859,12,3.7247,2.2353,0.4347,-0.4447,3.0342,1.4749,0.1502,-0.5375,-0.8406,-0.2229,0.0413,0.0000,0.0000,0.0000,0.0000,-0.9638,-0.9638,0.0000,0.9225,0.0000,0.0000
236.0240,49.7530,0,14,EARL_GPS,3.5200,4.2500,0.1430,0.1550,1,0,1,0,0,0,0.0000,-2299037.2203,-3411544.4825,4860055.9220,11,1.9557,2.1914,-1.5643,-2.0586,0.2006,0.1481,-0.5011,-0.9852,-1.2540,-1.0581,-0.0679,0.0000,0.0000,0.0000,0.0000,0.3848,0.3848,0.0000,-0.3169,0.0000,0.0000
245.7360,37.9160,0,21,ECHO_GPS,-3.4420,-0.4230,0.1090,0.1090,1,0,1,0,0,0,0.0000,-2064306.3973,-4579601.7636,3912829.9537,21,-3.2480,-0.3324,0.1940,0.0906,-3.2922,-0.5914,0.0025,-0.2694,-0.0467,0.0104,-0.0041,0.0000,0.0000,0.0000,0.0000,-0.0161,-0.0161,0.0000,0.0202,0.0000,0.0000
245.0610,39.3450,0,21,EGAN_GPS,-4.9220,-0.1960,0.1300,0.1300,1,0,1,0,0,0,0.0000,-2076310.9038,-4465068.0784,4036886.3680,21,-3.1874,-0.3311,1.7346,-0.1351,-3.2016,-0.5834,0.0542,-0.2643,-0.0684,0.0120,-0.0028,0.0000,0.0000,0.0000,0.0000,-0.0131,-0.0131,0.0000,0.0159,0.0000,0.0000
244.1830,40.9150,0,21,ELKO_GPS,-4.2550,0.1300,0.1190,0.1090,1,0,1,0,0,0,0.0000,-2095514.4009,-4331499.4601,4170285.7557,21,-2.9925,-0.3079,1.2625,-0.4379,-3.0986,-0.5729,0.0001,-0.2768,-0.1062,0.0118,-0.0003,0.0000,0.0000,0.0000,0.0000,-0.0166,-0.0166,0.0000,0.0169,0.0000,0.0000
248.0710,41.2530,0,14,EOUT_GPS,-1.3620,-0.1510,0.1270,0.1080,1,0,1,0,0,0,0.0000,-1787769.6869,-4440720.7110,4198598.6442,11,-1.5514,-0.3539,-0.1894,-0.2029,-0.2346,-0.2741,1.3903,0.0759,-0.0735,0.0038,0.0040,0.0000,0.0000,0.0000,0.0000,-0.7607,-0.7607,0.0000,0.7566,0.0000,0.0000
243.5510,44.6690,0,12,F408_GPS,0.8500,1.2300,0.2650,0.1910,1,0,1,0,0,0,0.0000,-2016953.5891,-4054416.7363,4476377.3980,10,-0.2048,0.4430,-1.0548,-0.7870,-0.2395,0.4203,0.1872,-0.0075,-0.2218,-0.0152,0.0160,0.0000,0.0000,0.0000,0.0000,0.0054,0.0054,0.0000,-0.0215,0.0000,0.0000
238.8030,44.2690,0,6,F735_GPS,-0.6200,4.1700,0.3910,0.3790,1,0,1,0,0,0,0.0000,-2361760.3130,-3900190.6526,4444654.3802,3,0.2223,3.4383,0.8423,-0.7317,-1.0309,3.0384,-0.6015,-0.3689,-0.6517,-0.0310,-0.0181,0.0000,0.0000,0.0000,0.0000,0.1200,0.1200,0.0000,-0.1019,0.0000,0.0000
243.8810,45.9420,0,14,FAAS_GPS,-0.2500,-0.0200,0.2210,0.2510,1,0,1,0,0,0,0.0000,-1949295.7145,-3975670.0465,4575876.4582,11,0.2790,0.0954,0.5290,0.1154,0.0104,-0.1277,-0.0304,-0.1887,-0.2383,-0.0344,0.0228,0.0000,0.0000,0.0000,0.0000,-0.0138,-0.0138,0.0000,-0.0090,0.0000,0.0000
236.9990,37.6970,0,30,FARB_GPS,-28.5430,37.7910,0.1710,0.1700,1,0,1,0,0,0,0.0000,-2744115.4899,-4225405.8449,3893600.7865,31,-27.9117,37.0660,0.6313,-0.7250,-29.7482,40.0314,-1.8157,2.9388,-0.0208,0.0266,-0.0420,0.0000,0.0000,0.0000,0.0000,-0.0351,-0.0351,0.0000,0.0771,0.0000,0.0000
241.8450,48.2780,0,14,FERR_GPS,-0.6000,0.0100,0.3850,0.5110,1,0,1,0,0,0,0.0000,-1999567.4614,-3736220.6857,4752550.5170,11,0.5878,0.2607,1.1878,0.2507,0.1301,-0.0562,-0.0757,-0.1905,-0.3819,-0.1264,0.0389,0.0000,0.0000,0.0000,0.0000,-0.0023,-0.0023,0.0000,-0.0366,0.0000,0.0000
234.3020,49.8830,0,8,FILB_GPS,4.4300,4.2100,0.2240,0.2360,1,0,1,0,0,0,0.0000,-2394075.3928,-3331953.8840,4869377.5567,13,5.1599,4.4421,0.7299,0.2321,4.3888,2.7428,1.5287,0.3268,-2.2998,-2.0261,-0.5877,0.0000,0.0000,0.0000,0.0000,1.0389,1.0389,0.0000,-0.4512,0.0000,0.0000
244.6850,46.3390,0,14,FLAT_GPS,0.8900,0.4800,0.2060,0.2270,1,0,1,0,0,0,0.0000,-1879714.5757,-3973873.9265,4606446.6340,11,0.2620,0.0112,-0.6280,-0.4688,0.0289,-0.1559,-0.0224,-0.1305,-0.2106,-0.0365,0.0227,0.0000,0.0000,0.0000,0.0000,-0.0145,-0.0145,0.0000,-0.0082,0.0000,0.0000
241.0420,45.1380,0,6,FORE_GPS,0.5000,1.2600,0.2060,0.2480,1,0,1,0,0,0,0.0000,-2174693.4246,-3930042.1553,4513294.6533,3,0.3968,1.4380,-0.1032,0.1780,-0.0200,1.3109,-0.0133,-0.0950,-0.4036,-0.0322,0.0187,0.0000,0.0000,0.0000,0.0000,-0.0206,-0.0206,0.0000,0.0019,0.0000,0.0000
239.7800,45.0000,0,6,FOSS_GPS,-0.7500,2.1500,0.2740,0.2750,1,0,1,0,0,0,0.0000,-2266187.0516,-3890574.7619,4502463.2959,3,0.4675,2.4601,1.2175,0.3101,-0.1992,2.2850,-0.1090,-0.1368,-0.5577,-0.0383,0.0103,0.0000,0.0000,0.0000,0.0000,-0.0182,-0.0182,0.0000,0.0079,0.0000,0.0000
234.7180,49.1920,0,8,FOUR_GPS,6.4100,6.1600,0.1790,0.1880,1,0,1,0,0,0,0.0000,-2403567.5415,-3396942.5109,4819543.1435,13,8.3217,6.4537,1.9117,0.2937,5.2369,3.0413,1.0963,-0.1168,-4.1812,-3.2956,-1.7464,0.0000,0.0000,0.0000,0.0000,2.0181,2.0181,0.0000,-0.2717,0.0000,0.0000
247.5010,36.9880,0,14,FRED_GPS,-1.8300,-0.2400,0.1150,0.1230,1,0,1,0,0,0,0.0000,-1946272.6660,-4698949.8300,3830958.7138,11,-0.7439,-0.0127,1.0861,0.2273,-0.4449,-0.2543,0.3342,-0.2492,-0.0352,0.0076,-0.0029,0.0000,0.0000,0.0000,0.0000,-0.0244,-0.0244,0.0000,0.0274,0.0000,0.0000
240.0480,42.0980,0,6,G118_GPS,-3.5200,3.6800,0.2000,0.2240,1,0,1,0,0,0,0.0000,-2358890.9096,-4093635.1129,4268739.4745,3,-3.1315,2.4616,0.3885,-1.2184,-3.3671,2.0782,0.0565,-0.3958,-0.2921,0.0124,-0.0113,0.0000,0.0000,0.0000,0.0000,-0.0713,-0.0713,0.0000,0.0826,0.0000,0.0000
243.6270,46.1420,0,14,G404_GPS,0.3800,0.4300,0.2150,0.2480,1,0,1,0,0,0,0.0000,-1959793.8851,-3952654.9860,4591304.6023,11,0.3117,0.0990,-0.0683,-0.3310,0.0208,-0.1188,-0.0368,-0.1781,-0.2541,-0.0397,0.0244,0.0000,0.0000,0.0000,0.0000,-0.0125,-0.0125,0.0000,-0.0119,0.0000,0.0000
239.4910,44.3530,0,6,G753_GPS,-0.9500,1.8400,0.4090,0.3340,1,0,1,0,0,0,0.0000,-2311447.6153,-3922650.2409,4451334.2349,3,-0.1701,2.7608,0.7799,0.9208,-0.9158,2.5080,-0.2155,-0.2301,-0.5302,-0.0228,-0.0028,0.0000,0.0000,0.0000,0.0000,-0.0102,-0.0102,0.0000,0.0130,0.0000,0.0000
236.1800,49.2030,0,14,GABR_GPS,4.5700,4.3900,0.2090,0.1970,1,0,1,0,0,0,0.0000,-2315600.6523,-3456392.3990,4820341.9655,13,4.6198,3.5805,0.0498,-0.8095,5.2925,4.0890,2.6464,2.0119,-1.9737,-1.5035,-0.2038,0.0000,0.0000,0.0000,0.0000,1.9866,1.9866,0.0000,-1.7829,0.0000,0.0000
241.9230,43.7440,0,6,GENT_GPS,-1.8100,1.1200,0.3580,0.2510,1,0,1,0,0,0,0.0000,-2165060.2323,-4058717.9677,4402689.4179,3,-1.2269,0.9710,0.5831,-0.1490,-1.5361,0.6304,-0.0476,-0.3365,-0.2616,-0.0041,0.0081,0.0000,0.0000,0.0000,0.0000,-0.0155,-0.0155,0.0000,0.0074,0.0000,0.0000
234.6360,49.5520,0,8,GLAC_GPS,5.6400,4.3000,0.2120,0.2270,1,0,1,0,0,0,0.0000,-2390852.9279,-3368737.5129,4845594.0098,13,6.2287,5.0915,0.5887,0.7915,4.8002,2.9825,1.4013,0.2790,-2.8297,-2.3881,-0.7719,0.0000,0.0000,0.0000,0.0000,1.1471,1.1471,0.0000,-0.3751,0.0000,0.0000
243.8130,41.9620,0,17,H318_GPS,-3.2100,0.6000,0.2270,0.2120,1,0,1,0,0,0,0.0000,-2089459.5289,-4248775.6869,4257512.8304,17,-2.6595,-0.0530,0.5505,-0.6530,-2.5932,-0.1411,0.2038,-0.0966,-0.1375,0.0085,0.0027,0.0000,0.0000,0.0000,0.0000,0.0857,0.0857,0.0000,-0.0884,0.0000,0.0000
239.7850,45.7450,0,6,H428_GPS,0.7600,2.1300,0.3880,0.4510,1,0,1,0,0,0,0.0000,-2236194.6732,-3839854.4733,4560625.2279,3,1.3106,2.3429,0.5506,0.2129,0.6164,2.2812,-0.0571,0.0076,-0.6371,-0.0694,0.0217,0.0000,0.0000,0.0000,0.0000,0.0020,0.0020,0.0000,-0.0237,0.0000,0.0000
235.0410,49.0690,0,8,HAND_GPS,6.1200,6.1100,0.1790,0.1880,1,0,1,0,0,0,0.0000,-2390302.3540,-3418910.0014,4810598.7694,13,8.4371,6.5180,2.3171,0.4080,5.3983,3.2730,1.0922,0.0438,-4.1310,-3.2889,-1.6855,0.0000,0.0000,0.0000,0.0000,1.9355,1.9355,0.0000,-0.2500,0.0000,0.0000
232.6190,50.6980,0,14,HARD_GPS,-0.1100,3.3100,0.2300,0.2390,1,0,1,0,0,0,0.0000,-2448599.3203,-3204836.9871,4927243.9270,11,0.5769,2.3349,0.6869,-0.9751,0.2383,0.2671,-0.1761,-1.6881,-0.1625,-0.3797,-0.2684,0.0000,0.0000,0.0000,0.0000,0.8202,0.8202,0.0000,-0.5518,0.0000,0.0000
248.6270,40.5140,0,14,HEBE_GPS,-0.9340,-0.2390,0.1220,0.1220,1,0,1,0,0,0,0.0000,-1764183.2162,-4507916.9262,4136507.4674,11,-0.7614,-0.2718,0.1726,-0.0328,-0.2732,-0.2934,0.5505,-0.0263,-0.0623,0.0047,0.0028,0.0000,0.0000,0.0000,0.0000,-0.0922,-0.0922,0.0000,0.0893,0.0000,0.0000
234.1590,50.3350,0,14,HKUS_GPS,3.3700,4.1800,0.2270,0.2330,1,0,1,0,0,0,0.0000,-2379816.5268,-3294725.0600,4901592.7554,13,2.7323,3.1602,-0.6377,-1.0198,3.8389,2.6402,2.3761,0.8365,-1.2695,-1.3566,-0.2720,0.0000,0.0000,0.0000,0.0000,1.6811,1.6811,0.0000,-1.4090,0.0000,0.0000
245.5860,43.5630,0,21,HLID_GPS,-2.1350,-0.1370,0.1150,0.1330,1,0,1,0,0,0,0.0000,-1907073.5301,-4201391.1634,4388135.6297,21,-2.4688,-0.4091,-0.3338,-0.2721,-2.9389,-0.5896,-0.3319,-0.1768,-0.1382,-0.0037,0.0103,0.0000,0.0000,0.0000,0.0000,-0.0205,-0.0205,0.0000,0.0102,0.0000,0.0000
240.7410,45.8270,0,6,HRMA_GPS,-0.2500,1.3800,0.1460,0.1520,1,0,1,0,0,0,0.0000,-2168624.7041,-3870931.6559,4566980.0164,3,1.1103,1.4952,1.3603,0.1152,0.7291,1.5433,0.1019,0.1057,-0.4831,-0.0576,0.0262,0.0000,0.0000,0.0000,0.0000,0.0313,0.0313,0.0000,-0.0575,0.0000,0.0000
241.1200,46.2510,0,14,ICEH_GPS,-0.7800,1.4800,0.4240,0.3520,1,0,1,0,0,0,0.0000,-2126590.5405,-3855492.3887,4599689.3998,11,1.3707,0.8168,2.1507,-0.6632,0.0287,-0.0308,-0.8857,-0.7786,-0.4563,-0.0689,0.0308,0.0000,0.0000,0.0000,0.0000,0.5711,0.5711,0.0000,-0.6019,0.0000,0.0000
240.1430,44.1190,0,6,J090_GPS,-0.8100,2.2700,0.1430,0.1520,1,0,1,0,0,0,0.0000,-2275692.4694,-3964432.5473,4432702.3162,3,-0.5979,2.2266,0.2121,-0.0434,-1.1539,2.0049,-0.1363,-0.2084,-0.4198,-0.0133,0.0019,0.0000,0.0000,0.0000,0.0000,-0.0266,-0.0266,0.0000,0.0246,0.0000,0.0000
231.7350,50.6460,0,14,JENS_GPS,-1.4700,3.8400,0.2740,0.2810,1,0,1,0,0,0,0.0000,-2500520.7980,-3170188.0854,4923581.4915,13,1.1712,5.6170,2.6412,1.7770,3.4061,0.8982,2.3101,-4.7901,-0.0752,0.0713,-0.2355,0.0000,0.0000,0.0000,0.0000,1.3272,1.3272,0.0000,-1.0917,0.0000,0.0000
234.6030,50.0330,0,14,JHRT_GPS,4.1600,4.3300,0.2270,0.2330,1,0,1,0,0,0,0.0000,-2369145.9449,-3334081.8957,4880102.1368,13,3.4884,3.4165,-0.6716,-0.9135,4.2195,2.9588,2.3331,1.0387,-1.6019,-1.4964,-0.2633,0.0000,0.0000,0.0000,0.0000,1.6010,1.6010,0.0000,-1.3378,0.0000,0.0000
243.9010,36.4590,0,21,JOHN_GLA,-3.3200,-0.2600,0.1130,0.1100,1,0,1,0,0,0,0.0000,-2252946.3451,-4599038.8340,3783837.4742,21,-3.5291,0.0844,-0.2091,0.3444,-3.3670,-0.5696,0.1957,-0.6650,-0.0335,0.0111,-0.0085,0.0000,0.0000,0.0000,0.0000,-0.0007,-0.0007,0.0000,0.0091,0.0000,0.0000
240.3720,44.6230,0,6,JONY_GPS,-0.8000,1.1400,0.2000,0.2000,1,0,1,0,0,0,0.0000,-2240465.7045,-3939449.0582,4472740.3240,3,-0.0730,2.0096,0.7270,0.8696,-0.5969,1.8282,-0.0862,-0.1588,-0.4376,-0.0226,0.0098,0.0000,0.0000,0.0000,0.0000,-0.0266,-0.0266,0.0000,0.0168,0.0000,0.0000
242.7480,45.3490,0,14,JOSE_GPS,-0.3700,0.3900,0.1610,0.1700,1,0,1,0,0,0,0.0000,-2049103.8226,-3978239.7674,4529805.0001,11,0.4099,0.4136,0.7799,0.0236,-0.0179,-0.0879,-0.1458,-0.4728,-0.2820,-0.0287,0.0211,0.0000,0.0000,0.0000,0.0000,0.2675,0.2675,0.0000,-0.2886,0.0000,0.0000
239.0530,44.9200,0,6,JUNC_GPS,0.3600,2.5980,0.1590,0.1640,1,0,1,0,0,0,0.0000,-2318599.6371,-3866895.6508,4496172.2843,3,0.6840,3.0975,0.3240,0.4995,-0.3097,2.8457,-0.2964,-0.2051,-0.6973,-0.0467,-0.0015,0.0000,0.0000,0.0000,0.0000,0.0169,0.0169,0.0000,-0.0155,0.0000,0.0000
242.9410,48.1790,0,14,JUSW_GPS,0.8700,0.0500,0.1790,0.2000,1,0,1,0,0,0,0.0000,-1931469.2886,-3781091.4578,4745221.3053,11,0.4697,0.1490,-0.4003,0.0990,0.1241,-0.0947,-0.0454,-0.1497,-0.3003,-0.0940,0.0337,0.0000,0.0000,0.0000,0.0000,-0.0047,-0.0047,0.0000,-0.0290,0.0000,0.0000
242.2680,48.2080,0,14,K024_GPS,0.4300,1.4100,0.2590,0.2990,1,0,1,0,0,0,0.0000,-1974630.0904,-3756017.6069,4747369.7143,11,0.5367,0.2137,0.1067,-1.1963,0.1263,-0.0711,-0.0628,-0.1733,-0.3477,-0.1114,0.0368,0.0000,0.0000,0.0000,0.0000,-0.0039,-0.0039,0.0000,-0.0329,0.0000,0.0000
243.9950,46.2130,0,14,KAMI_GPS,1.2800,1.2600,0.1820,0.2030,1,0,1,0,0,0,0.0000,-1931870.4478,-3960044.2710,4596768.1480,11,0.2925,0.0687,-0.9875,-1.1913,0.0238,-0.1317,-0.0311,-0.1618,-0.2376,-0.0386,0.0238,0.0000,0.0000,0.0000,0.0000,-0.0144,-0.0144,0.0000,-0.0094,0.0000,0.0000
241.3410,48.6980,0,14,KELL_GPS,1.0800,0.9700,0.2770,0.1940,1,0,1,0,0,0,0.0000,-2015592.5746,-3687817.6230,4783486.0943,11,0.6400,0.3211,-0.4400,-0.6489,0.1515,-0.0385,-0.0759,-0.2024,-0.4126,-0.1573,0.0410,0.0000,0.0000,0.0000,0.0000,0.0028,0.0028,0.0000,-0.0439,0.0000,0.0000
232.2290,51.8540,0,14,KING_GPS,-3.7400,2.4700,0.2770,0.2870,1,0,1,0,0,0,0.0000,-2408967.7897,-3108870.4460,5007609.2299,11,0.2702,1.5051,4.0102,-0.9649,0.2945,0.2806,0.0593,-1.1411,-0.0350,-0.0833,-0.1082,0.0000,0.0000,0.0000,0.0000,0.2104,0.2104,0.0000,-0.1022,0.0000,0.0000
232.8360,50.5730,0,14,KLUC_GPS,1.3600,4.7000,0.3580,0.3670,1,0,1,0,0,0,0.0000,-2442931.9032,-3222646.5049,4918433.1532,11,1.2479,2.6462,-0.1121,-2.0538,0.2329,0.2595,-0.6839,-1.5837,-0.3312,-0.8030,-0.3892,0.0000,0.0000,0.0000,0.0000,1.1613,1.1613,0.0000,-0.7721,0.0000,0.0000
232.1010,50.4860,0,14,KOPR_GPS,2.7500,2.8600,0.2510,0.2570,1,0,1,0,0,0,0.0000,-2488655.1377,-3196933.3978,4912287.0353,13,1.6710,3.6717,-1.0790,0.8117,3.6042,1.1614,2.1640,-2.5773,-0.2308,0.0671,-0.2493,0.0000,0.0000,0.0000,0.0000,1.0610,1.0610,0.0000,-0.8117,0.0000,0.0000
167.7300,8.7220,0,30,KWJ1_GPS,-69.8810,44.6420,0.1670,0.1590,1,0,1,0,0,0,0.0000,-6150040.2277,1337552.7698,965561.6223,31,-67.4722,46.7436,2.4088,2.1016,-67.6743,46.8765,-0.2035,0.1325,0.0014,0.0004,0.0003,0.0000,0.0000,0.0000,0.0000,-0.0150,-0.0150,0.0000,0.0147,0.0000,0.0000
239.9370,47.6560,0,14,L387_GPS,1.3000,1.6800,0.1790,0.1700,1,0,1,0,0,0,0.0000,-2148575.5421,-3712010.0334,4706267.7477,11,1.5585,0.7726,0.2585,-0.9074,0.0994,0.0108,-0.7698,-0.5715,-0.6892,-0.1903,0.0441,0.0000,0.0000,0.0000,0.0000,0.2010,0.2010,0.0000,-0.2451,0.0000,0.0000
242.8680,47.2740,0,14,LATA_GPS,1.0500,1.3000,0.1970,0.2300,1,0,1,0,0,0,0.0000,-1970223.4126,-3844857.4218,4677568.0189,11,0.4578,0.1509,-0.5922,-1.1491,0.0787,-0.0922,-0.0671,-0.1692,-0.3120,-0.0738,0.0320,0.0000,0.0000,0.0000,0.0000,-0.0102,-0.0102,0.0000,-0.0219,0.0000,0.0000
226.9070,56.4660,0,14,LEV1_GPS,-3.1650,2.7540,0.1800,0.2040,1,0,1,0,0,0,0.0000,-2403155.2884,-2568696.7031,5307635.3839,11,0.2748,1.8947,3.4398,-0.8593,0.4940,0.4643,0.2172,-1.4285,0.0019,-0.0019,-0.0214,0.0000,0.0000,0.0000,0.0000,0.0436,0.0436,0.0000,-0.0223,0.0000,0.0000
240.9830,37.6370,0,1,LINC_GPS,-9.6490,8.5850,0.1460,0.1450,1,0,1,0,0,0,0.0000,-2445888.4569,-4409413.6360,3888322.5824,1,-8.6657,8.6551,0.9833,0.0701,-10.0763,8.1012,-1.3593,-0.5756,-0.0513,0.0217,-0.0159,0.0000,0.0000,0.0000,0.0000,-0.7676,-0.7676,0.0000,0.7835,0.0000,0.0000
243.6920,36.7460,0,21,LITT_GLA,-3.3300,-0.1900,0.1130,0.1100,1,0,1,0,0,0,0.0000,-2261278.8019,-4573742.1004,3809442.5893,21,-3.5223,0.1308,-0.1923,0.3208,-3.3489,-0.5670,0.2100,-0.7098,-0.0366,0.0120,-0.0087,0.0000,0.0000,0.0000,0.0000,0.0010,0.0010,0.0000,0.0078,0.0000,0.0000
249.6000,44.5650,0,14,LKWY_GPS,0.2210,-3.5840,0.1090,0.1710,1,0,1,0,0,0,0.0000,-1581302.9230,-4251995.4225,4468150.3392,11,-0.0468,-0.2732,-0.2678,3.3108,-0.0747,-0.3272,0.0633,-0.0446,-0.0912,-0.0094,0.0107,0.0000,0.0000,0.0000,0.0000,-0.0053,-0.0053,0.0000,-0.0055,0.0000,0.0000
248.0720,40.2610,0,21,LMUT_GPS,-2.8210,-0.0660,0.2140,0.2190,1,0,1,0,0,0,0.0000,-1814569.4990,-4507517.0419,4115091.6286,21,-2.4056,-0.3788,0.4154,-0.3128,-3.1656,-0.6183,-0.6971,-0.2453,-0.0628,0.0058,0.0021,0.0000,0.0000,0.0000,0.0000,-0.1757,-0.1757,0.0000,0.1736,0.0000,0.0000
240.6460,41.9970,0,6,LOPE_GPS,-3.7400,2.4700,0.1970,0.2090,1,0,1,0,0,0,0.0000,-2319722.7717,-4124583.9336,4260404.3351,3,-3.1805,2.0261,0.5595,-0.4439,-3.4646,1.6166,-0.0380,-0.4237,-0.2462,0.0142,-0.0073,0.0000,0.0000,0.0000,0.0000,-0.0303,-0.0303,0.0000,0.0376,0.0000,0.0000
240.6630,47.1850,0,14,LSII_GPS,0.5800,0.9500,0.1340,0.1430,1,0,1,0,0,0,0.0000,-2120252.8416,-3772535.6743,4670851.5214,11,1.0293,0.5792,0.4493,-0.3708,0.0758,-0.0147,-0.4047,-0.4694,-0.5488,-0.1245,0.0399,0.0000,0.0000,0.0000,0.0000,0.0588,0.0588,0.0000,-0.0988,0.0000,0.0000
238.1350,37.2870,0,44,LUTZ_GPS,-20.3500,22.8340,0.1360,0.1350,1,0,1,0,0,0,0.0000,-2674445.4450,-4302532.5037,3857448.2599,44,-20.1875,23.0646,0.1625,0.2306,-20.5829,28.6088,-0.3668,5.5202,-0.0286,0.0240,-0.0304,0.0000,0.0000,0.0000,0.0000,0.9510,0.9510,0.0000,-0.9206,0.0000,0.0000
249.3110,44.9730,0,14,MAWY_GPS,0.5630,0.5990,0.1180,0.1270,1,0,1,0,0,0,0.0000,-1591448.2953,-4214092.3254,4500341.0602,11,-0.0095,-0.2614,-0.5725,-0.8604,-0.0532,-0.3172,0.0536,-0.0441,-0.0973,-0.0117,0.0117,0.0000,0.0000,0.0000,0.0000,-0.0052,-0.0052,0.0000,-0.0066,0.0000,0.0000
234.5030,50.2310,0,14,MENZ_GPS,2.5800,4.4400,0.2210,0.2240,1,0,1,0,0,0,0.0000,-2365154.7416,-3316191.9232,4894207.3555,11,2.8146,3.2287,0.2346,-1.2113,0.2210,0.2013,-1.2967,-1.7281,-1.2970,-1.2993,-0.2065,0.0000,0.0000,0.0000,0.0000,1.7883,1.7883,0.0000,-1.5818,0.0000,0.0000
244.0210,36.6330,0,21,MERC_GLA,-3.2400,-0.5500,0.1130,0.1100,1,0,1,0,0,0,0.0000,-2238265.3179,-4593396.1721,3799372.5053,21,-3.4992,0.0149,-0.2592,0.5649,-3.3575,-0.5710,0.1770,-0.5972,-0.0353,0.0113,-0.0082,0.0000,0.0000,0.0000,0.0000,-0.0037,-0.0037,0.0000,0.0118,0.0000,0.0000
240.9930,46.6210,0,14,MESA_GPS,0.3100,1.5000,0.1670,0.1550,1,0,1,0,0,0,0.0000,-2120683.1360,-3824711.5713,4628027.2141,11,1.4217,0.8444,1.1117,-0.6556,0.0473,-0.0263,-0.8875,-0.7836,-0.4868,-0.0870,0.0345,0.0000,0.0000,0.0000,0.0000,0.5270,0.5270,0.0000,-0.5615,0.0000,0.0000
238.3570,37.3420,0,1,MHCB_GPS,-14.1200,10.8150,0.1100,0.1100,1,0,1,0,0,0,0.0000,-2655810.8359,-4309708.2944,3862309.5012,1,-14.0866,14.5766,0.0334,3.7616,-10.2415,7.4522,3.8773,-7.1495,-0.0322,0.0251,-0.0292,0.0000,0.0000,0.0000,0.0000,1.0010,1.0010,0.0000,-0.9718,0.0000,0.0000
233.9420,50.1040,0,14,MOAK_GPS,4.6300,4.0600,0.2330,0.2450,1,0,1,0,0,0,0.0000,-2403890.1538,-3301637.3399,4885166.7797,13,4.6396,4.1814,0.0096,0.1214,4.1099,2.4844,1.5367,0.2570,-2.0664,-1.9541,-0.6366,0.0000,0.0000,0.0000,0.0000,1.1162,1.1162,0.0000,-0.4795,0.0000,0.0000
237.5800,37.9470,0,44,MOLA_GPS,-18.8340,23.1270,0.1260,0.1260,1,0,1,0,0,0,0.0000,-2691994.1196,-4238632.8730,3915547.2784,44,-19.0759,24.4075,-0.2419,1.2805,-22.2673,27.4706,-3.1515,3.0257,-0.0399,0.0374,-0.0390,0.0000,0.0000,0.0000,0.0000,-0.4996,-0.4996,0.0000,0.5387,0.0000,0.0000
238.1330,37.4850,0,43,MONB_GPS,-16.2180,16.1490,0.1370,0.1360,1,0,1,0,0,0,0.0000,-2667541.9071,-4291092.3034,3874932.0612,45,-16.0638,17.7922,0.1542,1.6432,-11.0012,9.7725,5.0959,-8.0470,-0.0333,0.0274,-0.0314,0.0000,0.0000,0.0000,0.0000,0.6683,0.6683,0.0000,-0.6369,0.0000,0.0000
235.0010,49.9490,0,14,NACH_GPS,4.5400,5.0200,0.2150,0.2240,1,0,1,0,0,0,0.0000,-2350030.1585,-3356315.5615,4874100.4880,11,3.2379,3.2943,-1.3021,-1.7257,0.2081,0.1839,-1.5515,-1.7563,-1.4782,-1.3541,-0.1810,0.0000,0.0000,0.0000,0.0000,1.6782,1.6782,0.0000,-1.4972,0.0000,0.0000
247.7700,41.0160,0,21,NAIU_GPS,-1.5400,-0.8600,0.0950,0.0930,1,0,1,0,0,0,0.0000,-1817628.9206,-4447305.9289,4178761.3647,21,-2.4014,-0.3971,-0.8614,0.4629,-3.1166,-0.6149,-0.6422,-0.2226,-0.0730,0.0048,0.0034,0.0000,0.0000,0.0000,0.0000,-0.1455,-0.1455,0.0000,0.1421,0.0000,0.0000
248.3700,45.5970,0,14,NOMT_GPS,0.1230,-0.5100,0.1280,0.1290,1,0,1,0,0,0,0.0000,-1642276.2046,-4141579.2418,4549131.9736,11,0.0574,-0.2218,-0.0656,0.2882,-0.0185,-0.2845,0.0385,-0.0460,-0.1144,-0.0167,0.0140,0.0000,0.0000,0.0000,0.0000,-0.0063,-0.0063,0.0000,-0.0077,0.0000,0.0000
249.1680,44.4520,0,14,OFWY_GPS,-3.5120,-0.5340,0.2460,0.2280,1,0,1,0,0,0,0.0000,-1616447.6908,-4248179.7884,4459194.6369,11,-0.0633,-0.2636,3.4487,0.2704,-0.0787,-0.3122,0.0797,-0.0396,-0.0951,-0.0090,0.0108,0.0000,0.0000,0.0000,0.0000,-0.0071,-0.0071,0.0000,-0.0038,0.0000,0.0000
237.7270,38.0060,0,43,OHLN_GPS,-15.9350,17.5100,0.2320,0.2320,1,0,1,0,0,0,0.0000,-2678956.1608,-4242114.2154,3920715.7936,45,-15.5132,18.6967,0.4218,1.1867,-11.1654,9.6492,4.3927,-9.0871,-0.0450,0.0397,-0.0380,0.0000,0.0000,0.0000,0.0000,-1.2955,-1.2955,0.0000,1.3335,0.0000,0.0000
239.6740,47.4800,0,14,OHME_GNI,2.6500,1.6400,0.2890,0.2990,1,0,1,0,0,0,0.0000,-2172880.9718,-3714569.5178,4693070.7475,11,2.7743,1.0266,0.1243,-0.6134,0.0905,0.0200,-1.9218,-0.8116,-0.7619,-0.1950,0.0422,0.0000,0.0000,0.0000,0.0000,1.1715,1.1715,0.0000,-1.2137,0.0000,0.0000
235.7360,49.2280,0,14,OKAY_GPS,4.9100,5.2000,0.1520,0.1580,1,0,1,0,0,0,0.0000,-2341130.9683,-3436606.0231,4822156.8092,13,5.6197,4.1630,0.7097,-1.0370,5.2394,3.7711,1.9620,1.5255,-2.3424,-1.9174,-0.3864,0.0000,0.0000,0.0000,0.0000,1.2708,1.2708,0.0000,-0.8844,0.0000,0.0000
238.5000,39.5550,0,1,ORVB_GPS,-10.7370,6.6200,0.1270,0.1270,1,0,1,0,0,0,0.0000,-2565147.4843,-4185940.2501,4054907.4056,1,-10.1747,7.9568,0.5623,1.3368,-10.6166,7.4879,-0.2424,-0.5589,-0.1995,0.0900,-0.0317,0.0000,0.0000,0.0000,0.0000,0.0089,0.0089,0.0000,0.0228,0.0000,0.0000
234.6000,49.8230,0,14,OYST_GPS,4.6900,4.9100,0.2180,0.2300,1,0,1,0,0,0,0.0000,-2379665.8940,-3348515.2070,4865078.3758,13,4.7150,4.1448,0.0250,-0.7652,4.4724,2.9566,1.8344,0.6457,-2.0770,-1.8339,-0.4173,0.0000,0.0000,0.0000,0.0000,1.0579,1.0579,0.0000,-0.6407,0.0000,0.0000
239.4510,42.7040,0,6,PAIS_GPS,-2.2200,2.5900,0.2330,0.2750,1,0,1,0,0,0,0.0000,-2378334.1131,-4029725.5287,4318470.8487,3,-2.4616,3.3410,-0.2416,0.7510,-2.7208,2.5388,0.1234,-0.8032,-0.3826,0.0010,-0.0170,0.0000,0.0000,0.0000,0.0000,-0.5614,-0.5614,0.0000,0.5784,0.0000,0.0000
240.9690,45.4990,0,6,PAUL_GPS,0.6700,1.6900,0.2590,0.2600,1,0,1,0,0,0,0.0000,-2165855.9030,-3902326.6410,4541504.8669,3,0.7562,1.4234,0.0862,-0.2666,0.3741,1.3673,0.0522,-0.0127,-0.4343,-0.0434,0.0227,0.0000,0.0000,0.0000,0.0000,-0.0059,-0.0059,0.0000,-0.0168,0.0000,0.0000
237.5810,37.8530,0,44,PBL1_GPS,-23.1040,21.6660,0.1290,0.1280,1,0,1,0,0,0,0.0000,-2695360.4044,-4244096.8726,3907304.1202,44,-20.5088,25.9408,2.5952,4.2748,-22.0507,27.4727,-1.5055,1.4973,-0.0364,0.0346,-0.0383,0.0000,0.0000,0.0000,0.0000,-0.0674,-0.0674,0.0000,0.1057,0.0000,0.0000
233.8780,49.6190,0,8,PIER_GPS,7.0000,5.2300,0.2180,0.2300,1,0,1,0,0,0,0.0000,-2431867.4578,-3332234.3129,4850421.2820,13,7.5768,5.7173,0.5768,0.4873,4.6922,2.4384,1.1978,-0.2932,-4.0824,-2.9857,-1.6868,0.0000,0.0000,0.0000,0.0000,2.0365,2.0365,0.0000,-0.3497,0.0000,0.0000
235.5550,49.7100,0,14,POCA_GPS,3.5700,4.5600,0.1730,0.1910,1,0,1,0,0,0,0.0000,-2328947.7911,-3395618.3835,4856967.1032,11,2.8852,3.0414,-0.6848,-1.5186,0.1975,0.1645,-1.1691,-1.5531,-1.5186,-1.3238,-0.1462,0.0000,0.0000,0.0000,0.0000,0.9614,0.9614,0.0000,-0.8152,0.0000,0.0000
243.8800,36.5800,0,21,POIN_GLA,-3.1700,-0.3200,0.1130,0.1100,1,0,1,0,0,0,0.0000,-2251108.7937,-4591027.7157,3794644.2750,21,-3.5208,0.0732,-0.3508,0.3932,-3.3598,-0.5693,0.1958,-0.6538,-0.0348,0.0114,-0.0085,0.0000,0.0000,0.0000,0.0000,-0.0012,-0.0012,0.0000,0.0096,0.0000,0.0000
238.0650,38.2030,0,1,POTB_GPS,-11.2870,8.5400,0.1370,0.1370,1,0,1,0,0,0,0.0000,-2646738.2324,-4246378.6100,3937943.2311,1,-11.4733,10.6649,-0.1863,2.1249,-10.4173,7.3790,1.1161,-3.3318,-0.0600,0.0458,-0.0355,0.0000,0.0000,0.0000,0.0000,0.5604,0.5604,0.0000,-0.5249,0.0000,0.0000
235.5440,49.8070,0,14,POWE_GPS,4.5600,4.3700,0.1790,0.2000,1,0,1,0,0,0,0.0000,-2324944.1426,-3388386.2186,4863931.0263,11,2.4655,2.6901,-2.0945,-1.6799,0.2023,0.1649,-0.8728,-1.2981,-1.3905,-1.2270,-0.1199,0.0000,0.0000,0.0000,0.0000,0.6885,0.6885,0.0000,-0.5686,0.0000,0.0000
237.6100,37.1870,0,30,PPT1_GPS,-28.9660,35.3520,0.1290,0.1280,1,0,1,0,0,0,0.0000,-2717358.9696,-4283524.9043,3848600.5360,31,-27.6746,35.3328,1.2914,-0.0192,-30.0882,39.6562,-2.3932,4.3024,-0.0203,0.0210,-0.0330,0.0000,0.0000,0.0000,0.0000,-0.7621,-0.7621,0.0000,0.7951,0.0000,0.0000
239.1350,44.3010,0,6,PRIN_GPS,-0.4300,4.1900,0.1730,0.1640,1,0,1,0,0,0,0.0000,-2337847.3030,-3911678.8859,4447200.2140,3,-0.0644,3.0908,0.3656,-1.0992,-0.9841,2.7825,-0.3337,-0.2825,-0.5861,-0.0259,-0.0097,0.0000,0.0000,0.0000,0.0000,0.0196,0.0196,0.0000,-0.0099,0.0000,0.0000
239.7440,48.5080,0,14,R378_GPS,-0.3800,3.7700,0.1490,0.1580,1,0,1,0,0,0,0.0000,-2125567.5248,-3643893.9222,4769523.1672,11,1.0807,0.7061,1.4607,-3.0639,0.1422,0.0176,-0.2726,-0.4307,-0.6659,-0.2578,0.0468,0.0000,0.0000,0.0000,0.0000,0.0384,0.0384,0.0000,-0.0853,0.0000,0.0000
242.7510,45.9290,0,14,R409_GPS,0.4100,0.5000,0.1370,0.1460,1,0,1,0,0,0,0.0000,-2027795.8921,-3937377.8379,4574871.6969,11,0.3770,0.1778,-0.0330,-0.3222,0.0113,-0.0880,-0.0665,-0.2246,-0.2993,-0.0412,0.0251,0.0000,0.0000,0.0000,0.0000,0.0049,0.0049,0.0000,-0.0300,0.0000,0.0000
242.5430,44.5780,0,12,R489_GPS,-1.2500,1.3800,0.2150,0.1760,1,0,1,0,0,0,0.0000,-2091242.2894,-4024610.7268,4469179.5272,10,-0.1306,1.0289,1.1194,-0.3511,-0.3534,1.2340,0.0424,0.2205,-0.2652,-0.0154,0.0154,0.0000,0.0000,0.0000,0.0000,-0.0174,-0.0174,0.0000,0.0021,0.0000,0.0000
234.1590,49.0840,0,8,RADA_GPS,9.3100,7.3800,0.1790,0.1940,1,0,1,0,0,0,0.0000,-2441909.5804,-3380689.4767,4811690.7345,13,10.8445,7.9612,1.5345,0.5812,5.3459,2.6402,1.0923,-1.1020,-6.5909,-4.2190,-1.0391,0.0000,0.0000,0.0000,0.0000,1.6621,1.6621,0.0000,-0.6230,0.0000,0.0000
248.1910,40.7810,0,14,RBUT_GPS,-1.3600,-0.1100,0.0980,0.0960,1,0,1,0,0,0,0.0000,-1791254.5213,-4476416.4158,4159020.8913,11,-1.5785,-0.3503,-0.2185,-0.2403,-0.2585,-0.2783,1.3876,0.0673,-0.0676,0.0047,0.0031,0.0000,0.0000,0.0000,0.0000,-0.7261,-0.7261,0.0000,0.7230,0.0000,0.0000
243.5320,36.8400,0,21,REPO_GLA,-3.2560,-1.9880,0.3020,0.3030,1,0,1,0,0,0,0.0000,-2271253.6803,-4561808.7249,3817808.1852,21,-3.5263,0.2032,-0.2703,2.1912,-3.3424,-0.5651,0.2215,-0.7807,-0.0377,0.0124,-0.0090,0.0000,0.0000,0.0000,0.0000,0.0045,0.0045,0.0000,0.0045,0.0000,0.0000
232.3990,51.1860,0,14,ROBI_GPS,-1.8300,2.7000,0.2570,0.2660,1,0,1,0,0,0,0.0000,-2435191.8316,-3162046.8775,4961416.3048,11,0.2276,1.8828,2.0576,-0.8172,0.2619,0.2747,0.0961,-1.4548,-0.0618,-0.1533,-0.1692,0.0000,0.0000,0.0000,0.0000,0.3771,0.3771,0.0000,-0.2079,0.0000,0.0000
242.9150,36.2180,0,20,ROGE_1HT,-4.7000,2.8300,0.1190,0.1160,1,0,1,0,0,0,0.0000,-2338979.4342,-4573718.8516,3762262.9539,22,-5.0503,4.1273,-0.3503,1.2973,-3.5376,3.9928,1.5435,-0.1462,-0.0307,0.0117,-0.0106,0.0000,0.0000,0.0000,0.0000,-0.3396,-0.3396,0.0000,0.3502,0.0000,0.0000
240.2630,48.3940,0,14,ROSW_GPS,0.2300,1.5400,0.2590,0.2510,1,0,1,0,0,0,0.0000,-2097176.4212,-3671230.9539,4761120.2257,11,0.9182,0.5395,0.6882,-1.0005,0.1365,-0.0007,-0.2049,-0.3309,-0.5767,-0.2093,0.0459,0.0000,0.0000,0.0000,0.0000,0.0192,0.0192,0.0000,-0.0652,0.0000,0.0000
243.3500,36.3160,0,21,RYAN_1HT,-3.5910,1.0610,0.1770,0.1770,1,0,1,0,0,0,0.0000,-2301298.1045,-4585586.6897,3771044.0473,21,-3.6746,0.9108,-0.0836,-0.1502,-3.3721,-0.5629,0.3345,-1.4851,-0.0320,0.0114,-0.0096,0.0000,0.0000,0.0000,0.0000,0.0952,0.0952,0.0000,-0.0856,0.0000,0.0000
242.9500,46.4260,0,14,S262_GPS,2.0100,0.1300,0.2150,0.1970,1,0,1,0,0,0,0.0000,-1995985.9269,-3908906.3336,4613116.3996,11,0.4018,0.1409,-1.6082,0.0109,0.0360,-0.0950,-0.0681,-0.1845,-0.2976,-0.0514,0.0277,0.0000,0.0000,0.0000,0.0000,-0.0097,-0.0097,0.0000,-0.0181,0.0000,0.0000
243.7420,48.7310,0,14,S381_GPS,1.2600,-0.1300,0.1730,0.1940,1,0,1,0,0,0,0.0000,-1858109.8036,-3766548.0689,4785905.8770,11,0.4216,0.0867,-0.8384,0.2167,0.1506,-0.1228,-0.0247,-0.1221,-0.2463,-0.0874,0.0303,0.0000,0.0000,0.0000,0.0000,-0.0000,-0.0000,0.0000,-0.0302,0.0000,0.0000
239.9300,48.1570,0,14,S389_GPS,0.9200,1.4500,0.1520,0.1640,1,0,1,0,0,0,0.0000,-2128327.5779,-3675992.4873,4743590.6669,11,1.1771,0.7062,0.2571,-0.7438,0.1246,0.0110,-0.3909,-0.4719,-0.6615,-0.2233,0.0463,0.0000,0.0000,0.0000,0.0000,0.0608,0.0608,0.0000,-0.1072,0.0000,0.0000
244.1620,42.8800,0,21,S418_GPS,-2.7600,-0.4100,0.2420,0.2510,1,0,1,0,0,0,0.0000,-2033547.4515,-4199484.7748,4332824.0041,21,-2.3040,-0.3387,0.4560,0.0713,-2.9733,-0.5727,-0.5157,-0.2365,-0.1536,0.0024,0.0069,0.0000,0.0000,0.0000,0.0000,0.0866,0.0866,0.0000,-0.0935,0.0000,0.0000
241.2870,47.7610,0,14,S509_GPS,1.3800,0.6800,0.3340,0.2540,1,0,1,0,0,0,0.0000,-2056378.1280,-3754029.1434,4714119.8167,11,0.7057,0.3450,-0.6743,-0.3350,0.1045,-0.0366,-0.1461,-0.2530,-0.4551,-0.1287,0.0407,0.0000,0.0000,0.0000,0.0000,0.0008,0.0008,0.0000,-0.0415,0.0000,0.0000
239.5230,46.6020,0,16,SARG_GPS,0.9700,1.8200,0.1700,0.1820,1,0,1,0,0,0,0.0000,-2218880.8145,-3770372.2956,4626576.7199,15,2.6204,2.2306,1.6504,0.4106,2.4494,2.4525,0.6085,0.3528,-0.7795,-0.1309,0.0317,0.0000,0.0000,0.0000,0.0000,0.1472,0.1472,0.0000,-0.1788,0.0000,0.0000
231.9920,50.6540,0,14,SCAR_GPS,1.0900,2.6500,0.2570,0.2630,1,0,1,0,0,0,0.0000,-2485852.4809,-3180830.5337,4924145.2071,13,1.1862,3.7110,0.0962,1.0610,3.3999,1.0831,2.3228,-2.6538,-0.1091,0.0259,-0.2428,0.0000,0.0000,0.0000,0.0000,1.2942,1.2942,0.0000,-1.0513,0.0000,0.0000
236.1230,49.5980,0,14,SECH_GPS,3.5900,4.7300,0.1700,0.1880,1,0,1,0,0,0,0.0000,-2300459.3589,-3426415.0366,4848908.9697,11,2.2989,2.5048,-1.2911,-2.2252,0.1930,0.1446,-0.7155,-1.2244,-1.3904,-1.1358,-0.0838,0.0000,0.0000,0.0000,0.0000,0.5212,0.5212,0.0000,-0.4374,0.0000,0.0000
234.0420,49.9560,0,8,SENT_GPS,4.5500,3.9300,0.3040,0.3110,1,0,1,0,0,0,0.0000,-2405525.7087,-3316031.1166,4874601.0257,13,5.3146,4.5673,0.7646,0.6373,4.2916,2.5562,1.4225,0.1564,-2.4454,-2.1675,-0.7680,0.0000,0.0000,0.0000,0.0000,1.1755,1.1755,0.0000,-0.4075,0.0000,0.0000
232.7200,51.4650,0,14,SEYM_GPS,-0.2700,3.4300,0.2620,0.2750,1,0,1,0,0,0,0.0000,-2402776.0702,-3156379.4663,4980791.8329,11,0.2557,1.4596,0.5257,-1.9704,0.2769,0.2636,0.0962,-1.0086,-0.0749,-0.1874,-0.1309,0.0000,0.0000,0.0000,0.0000,0.2842,0.2842,0.0000,-0.1533,0.0000,0.0000
235.8130,49.5350,0,14,SHEP_GPS,4.2300,4.7400,0.1580,0.1670,1,0,1,0,0,0,0.0000,-2321958.7174,-3418326.5851,4844368.1254,11,3.1899,3.3277,-1.0401,-1.4123,0.1892,0.1555,-1.3626,-1.7982,-1.6381,-1.3740,-0.1555,0.0000,0.0000,0.0000,0.0000,1.1749,1.1749,0.0000,-1.0194,0.0000,0.0000
232.1910,50.7810,0,14,SHUS_GPS,-0.6700,3.3800,0.3190,0.3250,1,0,1,0,0,0,0.0000,-2468092.7049,-3180814.1219,4933081.3275,11,0.5976,2.8750,1.2676,-0.5050,0.2409,0.2820,-0.2669,-2.5162,-0.0898,-0.0768,-0.2300,0.0000,0.0000,0.0000,0.0000,0.8465,0.8465,0.0000,-0.6165,0.0000,0.0000
238.9390,43.1250,0,3,SILV_GPS,-2.1200,4.4700,0.4320,0.3940,1,0,1,0,0,0,0.0000,-2397811.7864,-3981022.2427,4352736.1512,2,-1.2911,4.1980,0.8289,-0.2720,-1.7999,4.3405,-0.0265,0.1519,-0.4823,-0.0094,-0.0256,0.0000,0.0000,0.0000,0.0000,0.0378,0.0378,0.0000,-0.0122,0.0000,0.0000
243.7890,36.7300,0,21,SKUL_GLA,-3.4700,-0.2000,0.1130,0.1100,1,0,1,0,0,0,0.0000,-2254002.1277,-4578518.0519,3808017.6363,21,-3.5156,0.0872,-0.0456,0.2872,-3.3504,-0.5682,0.2016,-0.6672,-0.0364,0.0118,-0.0086,0.0000,0.0000,0.0000,0.0000,-0.0012,-0.0012,0.0000,0.0097,0.0000,0.0000
238.8720,44.6340,0,6,SKYO_GPS,0.0500,1.9500,0.1970,0.2480,1,0,1,0,0,0,0.0000,-2342376.7553,-3878715.4174,4473610.3215,3,0.5198,3.2897,0.4698,1.3397,-0.6291,2.9852,-0.4531,-0.2643,-0.6957,-0.0401,-0.0105,0.0000,0.0000,0.0000,0.0000,0.0516,0.0516,0.0000,-0.0411,0.0000,0.0000
240.1160,39.3140,0,2,SLID_GPS,-9.9080,5.5980,0.1450,0.1350,1,0,1,0,0,0,0.0000,-2454556.8629,-4271364.9803,4034221.5201,0,-8.5498,6.0306,1.3582,0.4326,-9.8749,5.3027,-1.2044,-0.7685,-0.1208,0.0406,-0.0177,0.0000,0.0000,0.0000,0.0000,-0.3666,-0.3666,0.0000,0.3843,0.0000,0.0000
247.1550,39.4260,0,21,SMEL_GPS,-3.0770,-0.3660,0.1190,0.1190,1,0,1,0,0,0,0.0000,-1909557.4125,-4532688.9870,4043843.7775,21,-2.9978,-0.4446,0.0792,-0.0786,-3.2104,-0.6079,-0.1542,-0.1713,-0.0585,0.0080,-0.0001,0.0000,0.0000,0.0000,0.0000,-0.0256,-0.0256,0.0000,0.0258,0.0000,0.0000
243.8240,47.5460,0,14,SMLT_GPS,0.7100,0.0900,0.1730,0.1910,1,0,1,0,0,0,0.0000,-1895982.2755,-3857222.5079,4698024.8187,11,0.3823,0.0736,-0.3277,-0.0164,0.0910,-0.1257,-0.0358,-0.1335,-0.2555,-0.0657,0.0291,0.0000,0.0000,0.0000,0.0000,-0.0085,-0.0085,0.0000,-0.0206,0.0000,0.0000
244.4130,36.3200,0,21,SMYC_GLA,-3.5200,-0.5100,0.1130,0.1100,1,0,1,0,0,0,0.0000,-2215717.5256,-4627253.2419,3771402.2251,21,-3.4347,-0.0484,0.0853,0.4616,-3.3781,-0.5757,0.0888,-0.5376,-0.0322,0.0102,-0.0076,0.0000,0.0000,0.0000,0.0000,-0.0086,-0.0086,0.0000,0.0162,0.0000,0.0000
240.4760,33.2480,0,30,SNI1_GPS,-31.7840,34.4730,0.1240,0.1210,1,0,1,0,0,0,0.0000,-2624159.5010,-4633656.4077,3491040.9149,31,-32.8373,36.3818,-1.0533,1.9088,-33.5744,37.8368,-0.7297,1.4500,-0.0074,0.0050,-0.0125,0.0000,0.0000,0.0000,0.0000,0.0202,0.0202,0.0000,-0.0077,0.0000,0.0000
238.0740,37.1660,0,44,SODB_GPS,-21.9580,25.5240,0.1420,0.1420,1,0,1,0,0,0,0.0000,-2683326.6254,-4306587.1848,3846741.0236,44,-22.8442,27.2878,-0.8862,1.7638,-20.3228,28.4839,2.5468,1.1740,-0.0254,0.0221,-0.0301,0.0000,0.0000,0.0000,0.0000,0.5421,0.5421,0.0000,-0.5120,0.0000,0.0000
231.6730,50.6780,0,14,SPAT_GPS,-0.3800,4.8200,0.2590,0.2690,1,0,1,0,0,0,0.0000,-2502244.1025,-3165322.7008,4925835.7781,13,1.0742,5.9426,1.4542,1.1226,3.3668,0.8537,2.3536,-5.1570,-0.0610,0.0680,-0.2279,0.0000,0.0000,0.0000,0.0000,1.3669,1.3669,0.0000,-1.1390,0.0000,0.0000
240.2150,41.5830,0,6,STNN_GPS,-4.0200,2.5300,0.1970,0.2060,1,0,1,0,0,0,0.0000,-2365913.9672,-4133627.6547,4226100.4452,3,-3.8168,2.5421,0.2032,0.0121,-3.9260,1.9493,0.1440,-0.6131,-0.2532,0.0203,-0.0109,0.0000,0.0000,0.0000,0.0000,-0.0223,-0.0223,0.0000,0.0332,0.0000,0.0000
234.4170,49.9950,0,14,STRA_GPS,3.3000,4.3400,0.2240,0.2360,1,0,1,0,0,0,0.0000,-2381839.7121,-3329004.8673,4877388.4037,13,4.2265,3.8480,0.9265,-0.4920,4.2581,2.8253,1.8817,0.6782,-1.8501,-1.7008,-0.3763,0.0000,0.0000,0.0000,0.0000,1.0981,1.0981,0.0000,-0.7219,0.0000,0.0000
243.6620,36.6450,0,21,STRI_GLA,-3.2300,0.1500,0.1130,0.1100,1,0,1,0,0,0,0.0000,-2266649.0910,-4578568.4911,3800442.5968,21,-3.5350,0.1703,-0.3050,0.0203,-3.3547,-0.5667,0.2158,-0.7487,-0.0355,0.0118,-0.0089,0.0000,0.0000,0.0000,0.0000,0.0042,0.0042,0.0000,0.0046,0.0000,0.0000
237.8270,37.4270,0,44,SUAA_GPS,-22.1330,25.5200,0.1350,0.1340,1,0,1,0,0,0,0.0000,-2692508.5190,-4280102.6476,3869815.3267,44,-22.0358,28.0961,0.0972,2.5761,-20.9975,27.9775,1.0664,-0.1443,-0.0280,0.0257,-0.0332,0.0000,0.0000,0.0000,0.0000,0.5187,0.5187,0.0000,-0.4854,0.0000,0.0000
244.8970,42.0870,0,21,THR3_GPS,-3.3100,0.9100,0.2680,0.2660,1,0,1,0,0,0,0.0000,-2004760.8532,-4279122.8756,4267832.3302,21,-2.7790,-0.3889,0.5310,-1.2989,-3.0292,-0.5815,-0.1291,-0.1984,-0.1210,0.0058,0.0045,0.0000,0.0000,0.0000,0.0000,-0.0175,-0.0175,0.0000,0.0131,0.0000,0.0000
237.5520,37.8910,0,44,TIBB_GPS,-20.0260,24.3860,0.1360,0.1350,1,0,1,0,0,0,0.0000,-2696117.2103,-4240544.3055,3910637.7284,44,-20.3779,25.9897,-0.3519,1.6037,-22.1467,27.4131,-1.7315,1.3878,-0.0373,0.0356,-0.0389,0.0000,0.0000,0.0000,0.0000,-0.1628,-0.1628,0.0000,0.2016,0.0000,0.0000
235.3360,49.4900,0,14,TOBY_GPS,4.0900,5.3000,0.2000,0.2090,1,0,1,0,0,0,0.0000,-2352499.5249,-3402005.9004,4841121.0789,13,4.6252,3.8100,0.5352,-1.4900,4.9049,3.4844,2.3600,1.4709,-2.0803,-1.7964,-0.3308,0.0000,0.0000,0.0000,0.0000,1.6982,1.6982,0.0000,-1.3674,0.0000,0.0000
240.9340,43.5850,0,6,TOMB_GPS,-1.8700,1.1200,0.2150,0.2270,1,0,1,0,0,0,0.0000,-2240719.9858,-4031407.0089,4389906.9392,3,-1.3166,1.6246,0.5534,0.5046,-1.7222,1.3943,-0.0932,-0.2274,-0.3123,-0.0029,0.0028,0.0000,0.0000,0.0000,0.0000,-0.0325,-0.0325,0.0000,0.0298,0.0000,0.0000
240.5480,48.6940,0,14,TONA_GPS,1.6200,0.4400,0.2590,0.2810,1,0,1,0,0,0,0.0000,-2066603.1887,-3659859.3571,4783192.6794,11,0.7809,0.4517,-0.8391,0.0117,0.1516,-0.0107,-0.1223,-0.2622,-0.5071,-0.2002,0.0446,0.0000,0.0000,0.0000,0.0000,0.0096,0.0096,0.0000,-0.0541,0.0000,0.0000
249.4030,43.6740,0,14,TSWY_GPS,-1.3260,-0.8020,0.1510,0.1510,1,0,1,0,0,0,0.0000,-1620163.0751,-4311059.3744,4397066.0834,11,-0.1399,-0.2707,1.1861,0.5313,-0.1184,-0.3204,0.1077,-0.0443,-0.0862,-0.0053,0.0091,0.0000,0.0000,0.0000,0.0000,-0.0083,-0.0083,0.0000,-0.0008,0.0000,0.0000
241.9930,42.9230,0,12,TURN_GPS,-2.6100,0.2900,0.2620,0.2300,1,0,1,0,0,0,0.0000,-2189501.4563,-4116639.9395,4336324.5315,10,-2.0267,1.4894,0.5833,1.1994,-2.2479,1.6779,0.0012,0.1839,-0.2224,0.0046,0.0031,0.0000,0.0000,0.0000,0.0000,-0.0545,-0.0545,0.0000,0.0515,0.0000,0.0000
242.4170,44.2590,0,12,U701_GPS,-4.9100,3.4000,0.5970,0.4420,1,0,1,0,0,0,0.0000,-2111576.6672,-4041994.1700,4443858.5227,10,-0.4638,0.8264,4.4462,-2.5736,-0.7187,1.3357,0.0039,0.5200,-0.2589,-0.0107,0.0129,0.0000,0.0000,0.0000,0.0000,0.5539,0.5539,0.0000,-0.5668,0.0000,0.0000
239.7820,44.6310,0,6,U73H_GPS,-1.3900,1.9100,0.2390,0.2450,1,0,1,0,0,0,0.0000,-2280598.1187,-3915629.8468,4473373.0658,3,0.0544,2.4879,1.4444,0.5779,-0.6030,2.2835,-0.1409,-0.1774,-0.5165,-0.0270,0.0048,0.0000,0.0000,0.0000,0.0000,-0.0200,-0.0200,0.0000,0.0152,0.0000,0.0000
244.2690,43.1310,0,21,U76A_GPS,-0.1200,-0.9600,0.2890,0.2690,1,0,1,0,0,0,0.0000,-2017441.3576,-4186135.8191,4353222.7987,21,-2.2825,-0.3490,-2.1625,0.6110,-2.9578,-0.5740,-0.5179,-0.2255,-0.1574,0.0005,0.0081,0.0000,0.0000,0.0000,0.0000,0.0847,0.0847,0.0000,-0.0928,0.0000,0.0000
238.2490,38.5360,0,1,UCD1_GPS,-11.5300,7.3970,0.1250,0.1240,1,0,1,0,0,0,0.0000,-2620999.5012,-4235322.7982,3966957.7602,1,-10.8239,9.1375,0.7061,1.7405,-10.4610,7.4251,0.4466,-1.7691,-0.0836,0.0567,-0.0347,0.0000,0.0000,0.0000,0.0000,0.1733,0.1733,0.0000,-0.1387,0.0000,0.0000
244.4420,43.4900,0,21,V162_GPS,-2.5700,0.2600,0.3700,0.2540,1,0,1,0,0,0,0.0000,-1992985.6123,-4167518.9674,4382253.4691,21,-2.2818,-0.3609,0.2882,-0.6209,-2.9356,-0.5761,-0.4918,-0.2127,-0.1620,-0.0024,0.0098,0.0000,0.0000,0.0000,0.0000,0.0685,0.0685,0.0000,-0.0783,0.0000,0.0000
238.9730,42.3930,0,3,V357_GPS,-3.4000,4.7200,0.2060,0.2450,1,0,1,0,0,0,0.0000,-2423916.2948,-4029771.4706,4293008.6364,2,-2.8350,4.4078,0.5650,-0.3122,-3.4440,4.2855,-0.1837,-0.1223,-0.4253,0.0000,-0.0254,0.0000,0.0000,0.0000,0.0000,-0.0466,-0.0466,0.0000,0.0720,0.0000,0.0000
241.3850,42.4500,0,12,V696_GPS,-2.2400,0.7400,0.2590,0.2240,1,0,1,0,0,0,0.0000,-2250129.7172,-4124460.3034,4297684.8329,10,-2.6943,1.5027,-0.4543,0.7627,-2.8000,2.1683,0.1231,0.6564,-0.2288,0.0093,-0.0017,0.0000,0.0000,0.0000,0.0000,-0.4695,-0.4695,0.0000,0.4712,0.0000,0.0000
241.7170,46.0880,0,14,WALA_GPS,-0.1000,0.3100,0.1490,0.1550,1,0,1,0,0,0,0.0000,-2092494.9360,-3888948.6574,4587144.5088,11,0.7366,0.4460,0.8366,0.1360,0.0202,-0.0517,-0.3312,-0.4427,-0.3852,-0.0550,0.0284,0.0000,0.0000,0.0000,0.0000,0.0900,0.0900,0.0000,-0.1184,0.0000,0.0000
234.7030,49.7520,0,14,WAS2_GPS,3.3500,4.9600,0.5220,0.4960,1,0,1,0,0,0,0.0000,-2377124.1271,-3357705.5705,4859984.1201,13,4.8392,4.2040,1.4892,-0.7560,4.5620,3.0305,1.8562,0.6935,-2.1334,-1.8669,-0.4203,0.0000,0.0000,0.0000,0.0000,1.0813,1.0813,0.0000,-0.6610,0.0000,0.0000
241.6290,40.0150,0,12,WILD_GPS,-5.4600,1.5000,0.3970,0.2780,1,0,1,0,0,0,0.0000,-2317292.6305,-4290932.6792,4094191.3815,10,-5.0981,2.1686,0.3619,0.6686,-5.5614,1.9715,-0.3414,-0.2221,-0.1218,0.0251,-0.0092,0.0000,0.0000,0.0000,0.0000,-0.0696,-0.0696,0.0000,0.0788,0.0000,0.0000
239.4790,47.0120,0,13,WILS_GPS,2.7800,1.4200,0.1760,0.1640,1,0,1,0,0,0,0.0000,-2204905.2856,-3740051.0877,4657763.6270,12,2.3935,1.7593,-0.3865,0.3393,1.8710,1.3702,0.2934,-0.2221,-0.8158,-0.1670,0.0363,0.0000,0.0000,0.0000,0.0000,0.1535,0.1535,0.0000,-0.1897,0.0000,0.0000
238.8650,45.2330,0,6,Y109_GPS,0.7200,2.5000,0.1370,0.1430,1,0,1,0,0,0,0.0000,-2318540.5777,-3838185.6108,4520735.8105,3,1.1822,3.2559,0.4622,0.7559,0.0260,2.9906,-0.3537,-0.1995,-0.8026,-0.0658,-0.0001,0.0000,0.0000,0.0000,0.0000,0.0453,0.0453,0.0000,-0.0452,0.0000,0.0000
242.2840,42.0130,0,12,Y129_GPS,-3.8900,1.4900,0.3130,0.3190,1,0,1,0,0,0,0.0000,-2200321.8851,-4188153.4910,4261725.6364,10,-2.6160,0.7881,1.2740,-0.7019,-3.2782,1.4430,-0.4850,0.6434,-0.1771,0.0115,-0.0004,0.0000,0.0000,0.0000,0.0000,-0.1234,-0.1234,0.0000,0.1238,0.0000,0.0000
243.7090,45.6560,0,14,Y405_GPS,2.2900,0.9500,0.2570,0.2780,1,0,1,0,0,0,0.0000,-1971314.2980,-3990229.2371,4553717.3864,11,0.2704,0.1545,-2.0196,-0.7955,-0.0037,-0.1217,-0.0337,-0.2459,-0.2404,-0.0302,0.0216,0.0000,0.0000,0.0000,0.0000,-0.0058,-0.0058,0.0000,-0.0158,0.0000,0.0000
238.6340,44.8230,0,6,Y502_GPS,0.9300,3.1200,0.1700,0.2120,1,0,1,0,0,0,0.0000,-2350774.3654,-3856330.6078,4488532.6765,3,1.0725,3.5315,0.1425,0.4115,-0.4313,3.1687,-0.7052,-0.3092,-0.7987,-0.0536,-0.0141,0.0000,0.0000,0.0000,0.0000,0.1464,0.1464,0.0000,-0.1323,0.0000,0.0000
242.6670,47.9690,0,14,Z231_GPS,2.4000,-0.0500,0.3370,0.4120,1,0,1,0,0,0,0.0000,-1957501.7645,-3787236.5739,4729627.6213,11,0.4933,0.1733,-1.9067,0.2233,0.1139,-0.0851,-0.0574,-0.1631,-0.3221,-0.0953,0.0347,0.0000,0.0000,0.0000,0.0000,-0.0062,-0.0062,0.0000,-0.0285,0.0000,0.0000
242.1120,48.5410,0,14,Z264_GPS,0.8400,0.7200,0.1310,0.1370,1,0,1,0,0,0,0.0000,-1971910.1103,-3726177.0450,4771952.0752,11,0.5497,0.2297,-0.2903,-0.4903,0.1431,-0.0656,-0.0563,-0.1711,-0.3503,-0.1242,0.0375,0.0000,0.0000,0.0000,0.0000,-0.0010,-0.0010,0.0000,-0.0365,0.0000,0.0000
244.5980,35.1420,0,14,RVAL_GPS,-2.3750,0.7010,0.2110,0.2110,1,0,1,0,0,0,0.0000,-2233559.8334,-4703442.3534,3665131.9157,11,-1.2883,0.5068,1.0867,-0.1942,-0.5301,-0.1528,0.7815,-0.6676,-0.0233,0.0081,-0.0076,0.0000,0.0000,0.0000,0.0000,-0.0173,-0.0173,0.0000,0.0249,0.0000,0.0000
243.9840,34.6240,0,14,SIBE_GPS,-2.3790,1.3620,0.2190,0.2190,1,0,1,0,0,0,0.0000,-2298274.7578,-4708823.7149,3617908.7635,11,-2.7559,1.7020,-0.3769,0.3400,-0.5548,-0.1313,2.2208,-1.8408,-0.0197,0.0075,-0.0085,0.0000,0.0000,0.0000,0.0000,-0.2973,-0.2973,0.0000,0.3058,0.0000,0.0000
243.8370,36.6900,0,21,1PDI_GPS,-1.5540,1.1110,0.2250,0.2260,1,0,1,0,0,0,0.0000,-2251337.3001,-4582789.7539,3804453.9548,21,-3.5148,0.0734,-1.9608,-1.0376,-3.3531,-0.5688,0.1977,-0.6538,-0.0359,0.0116,-0.0085,0.0000,0.0000,0.0000,0.0000,-0.0016,-0.0016,0.0000,0.0100,0.0000,0.0000
243.7390,36.9430,0,21,SHOS_GPS,-1.6850,1.6630,0.2240,0.2250,1,0,1,0,0,0,0.0000,-2251717.4934,-4563822.3483,3826962.9427,21,-3.5034,0.0720,-1.8184,-1.5910,-3.3376,-0.5676,0.2047,-0.6520,-0.0388,0.0123,-0.0085,0.0000,0.0000,0.0000,0.0000,-0.0036,-0.0036,0.0000,0.0121,0.0000,0.0000
243.7090,35.3970,0,14,SILV_GHT,-5.1390,0.2910,0.3940,0.3880,1,0,1,0,0,0,0.0000,-2299018.6582,-4653550.9208,3688269.0383,11,-2.7604,1.0195,2.3786,0.7285,-0.5163,-0.1217,2.2685,-1.1502,-0.0243,0.0090,-0.0090,0.0000,0.0000,0.0000,0.0000,-0.5636,-0.5636,0.0000,0.5726,0.0000,0.0000
243.5250,36.3970,0,21,FUNE_GPS,-3.1390,1.4520,0.2070,0.2090,1,0,1,0,0,0,0.0000,-2284902.5472,-4587817.5161,3778293.5633,21,-3.5956,0.3815,-0.4566,-1.0705,-3.3684,-0.5650,0.2601,-0.9579,-0.0329,0.0114,-0.0092,0.0000,0.0000,0.0000,0.0000,0.0217,0.0217,0.0000,-0.0125,0.0000,0.0000
243.4480,35.4260,0,37,P_42_GHT,-4.6340,1.9250,0.4240,0.4090,1,0,1,0,0,0,0.0000,-2319358.3202,-4641359.4312,3690895.7008,38,-3.7329,2.0545,0.9011,0.1295,-3.4564,0.1410,0.3008,-1.9228,-0.0243,0.0093,-0.0095,0.0000,0.0000,0.0000,0.0000,-0.3064,-0.3064,0.0000,0.3159,0.0000,0.0000
243.4250,36.8090,0,21,BLAK_GPS,-3.1240,1.9080,0.4090,0.4090,1,0,1,0,0,0,0.0000,-2280692.6693,-4559405.9318,3815050.4530,21,-3.5316,0.3007,-0.4076,-1.6073,-3.3436,-0.5638,0.2253,-0.8771,-0.0374,0.0125,-0.0093,0.0000,0.0000,0.0000,0.0000,0.0143,0.0143,0.0000,-0.0050,0.0000,0.0000
243.3190,36.8890,0,21,CLAI_GPS,-4.2460,1.5070,0.4090,0.4120,1,0,1,0,0,0,0.0000,-2286729.7941,-4550414.6817,3822164.9015,21,-3.5394,0.3636,0.7066,-1.1434,-3.3383,-0.5625,0.2395,-0.9390,-0.0384,0.0129,-0.0095,0.0000,0.0000,0.0000,0.0000,0.0179,0.0179,0.0000,-0.0085,0.0000,0.0000
243.2540,36.8280,0,21,P16X_GPS,-3.0740,2.9290,0.2320,0.2380,1,0,1,0,0,0,0.0000,-2293720.6228,-4551448.8646,3816740.8085,21,-3.5369,0.4978,-0.4629,-2.4312,-3.3415,-0.5617,0.2331,-1.0723,-0.0376,0.0128,-0.0096,0.0000,0.0000,0.0000,0.0000,0.0412,0.0412,0.0000,-0.0315,0.0000,0.0000
243.1380,36.8580,0,21,F23X_GPS,-3.4310,2.9760,0.2240,0.2290,1,0,1,0,0,0,0.0000,-2302027.3993,-4545012.2873,3819408.9362,21,-3.5543,0.6656,-0.1233,-2.3104,-3.3391,-0.5603,0.2533,-1.2390,-0.0380,0.0131,-0.0099,0.0000,0.0000,0.0000,0.0000,0.0683,0.0683,0.0000,-0.0584,0.0000,0.0000
243.0710,36.7920,0,21,MO93_GPS,-4.1060,2.7200,0.2260,0.2310,1,0,1,0,0,0,0.0000,-2309331.6337,-4546236.8258,3813537.6741,21,-3.5556,1.0092,0.5504,-1.7108,-3.3426,-0.5595,0.2503,-1.5817,-0.0372,0.0130,-0.0101,0.0000,0.0000,0.0000,0.0000,0.1753,0.1753,0.0000,-0.1652,0.0000,0.0000
243.0220,36.7240,0,21,BM8Z_GPS,-3.2420,2.5440,0.2140,0.2160,1,0,1,0,0,0,0.0000,-2315270.3636,-4548290.4776,3807483.2023,21,-3.6062,1.5615,-0.3642,-0.9825,-3.3463,-0.5589,0.2963,-2.1333,-0.0364,0.0129,-0.0102,0.0000,0.0000,0.0000,0.0000,0.4570,0.4570,0.0000,-0.4469,0.0000,0.0000
242.9730,36.6380,0,20,HOLD_GPS,-3.9700,3.6270,0.2210,0.2230,1,0,1,0,0,0,0.0000,-2321753.5931,-4551394.4966,3799818.3970,22,-4.1442,2.3952,-0.1742,-1.2318,-3.8474,4.0297,0.3321,1.6218,-0.0354,0.0128,-0.0103,0.0000,0.0000,0.0000,0.0000,0.8287,0.8287,0.0000,-0.8183,0.0000,0.0000
242.9580,35.1680,0,36,GS36_GPS,-10.0240,10.5690,0.4030,0.4060,1,0,1,0,0,0,0.0000,-2366498.6475,-4636110.5443,3667494.3263,36,-8.3673,10.0598,1.6567,-0.5092,-8.6539,10.1929,-0.2647,0.1242,-0.0218,0.0090,-0.0103,0.0000,0.0000,0.0000,0.0000,0.1259,0.1259,0.0000,-0.1156,0.0000,0.0000
242.8630,37.2180,0,21,SCTY_GPS,-3.1790,2.0080,0.3100,0.3050,1,0,1,0,0,0,0.0000,-2312823.5100,-4512465.3746,3851344.5855,21,-3.6258,0.6331,-0.4468,-1.3749,-3.3162,-0.5569,0.3525,-1.2046,-0.0429,0.0146,-0.0103,0.0000,0.0000,0.0000,0.0000,0.0290,0.0290,0.0000,-0.0187,0.0000,0.0000
242.8530,36.6060,0,20,STOV_GPS,-4.9350,3.4300,0.2260,0.2280,1,0,1,0,0,0,0.0000,-2332248.8641,-4548409.5721,3796964.1902,22,-4.6085,3.2957,0.3265,-0.1343,-3.8286,3.9533,0.8148,0.6448,-0.0349,0.0128,-0.0106,0.0000,0.0000,0.0000,0.0000,0.2912,0.2912,0.0000,-0.2805,0.0000,0.0000
242.8510,35.5220,0,36,GS13_GPS,-6.9880,8.2150,0.2080,0.2080,1,0,1,0,0,0,0.0000,-2364767.5335,-4611431.8152,3699584.1100,36,-7.0187,8.4660,-0.0307,0.2510,-7.7960,10.3983,-0.7529,1.9224,-0.0243,0.0099,-0.0106,0.0000,0.0000,0.0000,0.0000,0.7584,0.7584,0.0000,-0.7478,0.0000,0.0000
242.8370,35.3750,0,36,GS49_GHT,-6.7950,11.5200,0.3880,0.3850,1,0,1,0,0,0,0.0000,-2370219.6766,-4619283.6147,3686275.7674,36,-7.7985,9.7037,-1.0035,-1.8163,-8.1583,10.4251,-0.3366,0.7119,-0.0232,0.0095,-0.0106,0.0000,0.0000,0.0000,0.0000,0.2205,0.2205,0.0000,-0.2098,0.0000,0.0000
242.8260,36.2940,0,20,PANA_GPS,-4.5050,3.8810,0.2020,0.2040,1,0,1,0,0,0,0.0000,-2343799.9886,-4565636.4519,3769073.7409,22,-5.1634,4.1638,-0.6584,0.2828,-3.5978,3.9362,1.5971,-0.2396,-0.0314,0.0120,-0.0107,0.0000,0.0000,0.0000,0.0000,-0.4062,-0.4062,0.0000,0.4169,0.0000,0.0000
242.8210,36.0350,0,20,GS07_GPS,-6.0440,5.2070,0.2080,0.2090,1,0,1,0,0,0,0.0000,-2351956.7865,-4580541.6934,3745836.1592,22,-5.9195,5.0967,0.1245,-0.1103,-3.4053,3.9330,2.5430,-1.1750,-0.0288,0.0112,-0.0108,0.0000,0.0000,0.0000,0.0000,-1.2586,-1.2586,0.0000,1.2694,0.0000,0.0000
242.8010,35.6150,0,38,GS14_GPS,-7.4840,7.9830,0.2090,0.2100,1,0,1,0,0,0,0.0000,-2366042.9656,-4604019.3452,3707991.1024,39,-7.3919,8.0949,0.0921,0.1119,-8.8047,5.3021,-1.3878,-2.8030,-0.0250,0.0101,-0.0107,0.0000,0.0000,0.0000,0.0000,0.7929,0.7929,0.0000,-0.7822,0.0000,0.0000
242.7920,34.9750,0,35,RAIN_GPS,-9.2240,12.3680,0.2160,0.2160,1,0,1,0,0,0,0.0000,-2385555.6158,-4640195.4556,3649939.9995,37,-9.8820,12.2863,-0.6580,-0.0817,-8.8585,11.1076,1.0438,-1.1873,-0.0203,0.0086,-0.0106,0.0000,0.0000,0.0000,0.0000,0.3979,0.3979,0.0000,-0.3873,0.0000,0.0000
242.7880,36.5430,0,20,G165_GPS,-4.4260,3.7240,0.2280,0.2300,1,0,1,0,0,0,0.0000,-2339315.1083,-4549470.9406,3791341.5101,22,-4.6975,3.7666,-0.2715,0.0426,-3.7845,3.9120,0.9472,0.1326,-0.0342,0.0127,-0.0108,0.0000,0.0000,0.0000,0.0000,0.0410,0.0410,0.0000,-0.0302,0.0000,0.0000
242.7200,36.4020,0,20,X137_GPS,-5.2990,4.3830,0.2190,0.2190,1,0,1,0,0,0,0.0000,-2348982.1584,-4554970.0459,3778740.8170,22,-5.2201,4.2843,0.0789,-0.0987,-3.6824,3.8687,1.5702,-0.4280,-0.0325,0.0124,-0.0110,0.0000,0.0000,0.0000,0.0000,-0.3556,-0.3556,0.0000,0.3666,0.0000,0.0000
242.7140,37.0610,0,21,NEV1_GPS,-3.3460,2.6910,0.3010,0.2960,1,0,1,0,0,0,0.0000,-2329379.7797,-4515797.6521,3837435.7152,21,-3.7111,1.4959,-0.3651,-1.1951,-3.3246,-0.5551,0.4273,-2.0655,-0.0408,0.0144,-0.0108,0.0000,0.0000,0.0000,0.0000,0.3143,0.3143,0.0000,-0.3035,0.0000,0.0000
242.7110,35.9130,0,38,GS25_GPS,-6.5680,6.6540,0.2080,0.2080,1,0,1,0,0,0,0.0000,-2364397.9359,-4583095.7694,3734863.7232,39,-6.6156,6.2892,-0.0476,-0.3648,-8.2015,5.4433,-1.5584,-0.8569,-0.0275,0.0110,-0.0110,0.0000,0.0000,0.0000,0.0000,-0.6634,-0.6634,0.0000,0.6744,0.0000,0.0000
242.7000,36.3490,0,20,M137_GPS,-4.9040,6.1200,0.2260,0.2290,1,0,1,0,0,0,0.0000,-2352174.1703,-4557253.9676,3773998.4644,22,-5.5462,4.6236,-0.6422,-1.4964,-3.6437,3.8559,1.9344,-0.7799,-0.0319,0.0123,-0.0110,0.0000,0.0000,0.0000,0.0000,-0.5860,-0.5860,0.0000,0.5970,0.0000,0.0000
242.6830,35.2140,0,35,GS47_GHT,-9.3310,12.1630,0.3940,0.3940,1,0,1,0,0,0,0.0000,-2387371.0191,-4622081.2284,3671672.1255,37,-8.7215,11.3420,0.6095,-0.8210,-8.3580,11.2895,0.3852,-0.0617,-0.0217,0.0092,-0.0109,0.0000,0.0000,0.0000,0.0000,0.1884,0.1884,0.0000,-0.1775,0.0000,0.0000
242.6720,35.8130,0,38,TRN1_GPS,-6.6760,6.7210,0.2110,0.2120,1,0,1,0,0,0,0.0000,-2370505.9630,-4587269.3814,3725857.2924,39,-7.3514,6.8480,-0.6754,0.1270,-8.4078,5.5045,-1.0298,-1.3542,-0.0266,0.0108,-0.0111,0.0000,0.0000,0.0000,0.0000,-0.2196,-0.2196,0.0000,0.2307,0.0000,0.0000
242.6670,35.4340,0,36,GS12_GPS,-8.2190,10.0320,0.2100,0.2100,1,0,1,0,0,0,0.0000,-2382170.7101,-4608856.1463,3691620.1310,36,-7.9740,9.7280,0.2450,-0.3040,-8.0317,10.7513,-0.0344,1.0136,-0.0234,0.0098,-0.0110,0.0000,0.0000,0.0000,0.0000,0.7141,0.7141,0.0000,-0.7031,0.0000,0.0000
242.6400,36.9920,0,20,GRAP_GPS,-3.7530,2.4770,0.3070,0.3020,1,0,1,0,0,0,0.0000,-2337332.3643,-4516886.4947,3831313.7791,22,-4.2497,2.4408,-0.4967,-0.0362,-4.1242,3.8177,0.1653,1.3625,-0.0398,0.0144,-0.0110,0.0000,0.0000,0.0000,0.0000,0.5917,0.5917,0.0000,-0.5807,0.0000,0.0000
242.5990,35.7690,0,38,GS20_GPS,-7.7250,8.2000,0.2090,0.2090,1,0,1,0,0,0,0.0000,-2377664.7245,-4586784.3096,3721890.8657,39,-7.9219,7.2274,-0.1969,-0.9726,-8.5017,5.6191,-0.5538,-1.6190,-0.0261,0.0107,-0.0112,0.0000,0.0000,0.0000,0.0000,0.0115,0.0115,0.0000,-0.0003,0.0000,0.0000
242.5760,36.3400,0,38,13DD_GPS,-6.3620,6.1020,0.2230,0.2280,1,0,1,0,0,0,0.0000,-2362304.5069,-4552678.8468,3773192.8384,39,-6.2312,5.5962,0.1308,-0.5058,-7.3375,5.6551,-1.0746,0.0466,-0.0317,0.0124,-0.0113,0.0000,0.0000,0.0000,0.0000,-0.4467,-0.4467,0.0000,0.4580,0.0000,0.0000
242.5510,37.0190,0,20,SAND_GPS,-3.9420,3.4550,0.3070,0.3020,1,0,1,0,0,0,0.0000,-2343513.3108,-4511647.6592,3833709.9816,22,-4.6042,2.8810,-0.6622,-0.5740,-4.1478,3.7610,0.4966,0.8654,-0.0402,0.0146,-0.0112,0.0000,0.0000,0.0000,0.0000,0.4742,0.4742,0.0000,-0.4629,0.0000,0.0000
242.5460,36.0530,0,38,GS27_GPS,-7.0430,6.6230,0.2170,0.2170,1,0,1,0,0,0,0.0000,-2373371.9736,-4568155.9083,3747453.6067,39,-7.2705,6.4084,-0.2275,-0.2146,-7.9252,5.7022,-0.6260,-0.7178,-0.0287,0.0116,-0.0114,0.0000,0.0000,0.0000,0.0000,-0.1747,-0.1747,0.0000,0.1861,0.0000,0.0000
242.5410,35.5840,0,38,GS48_GPS,-8.7030,10.6950,0.4000,0.4060,1,0,1,0,0,0,0.0000,-2387835.6546,-4595014.7420,3705189.8560,39,-8.6721,8.8220,0.0309,-1.8730,-8.8825,5.7101,-0.1860,-3.1222,-0.0244,0.0102,-0.0113,0.0000,0.0000,0.0000,0.0000,0.9054,0.9054,0.0000,-0.8941,0.0000,0.0000
242.5210,36.5720,0,20,HUNT_GPS,-5.2770,4.1470,0.3160,0.3130,1,0,1,0,0,0,0.0000,-2359604.5381,-4536817.2523,3793930.2977,22,-5.1981,4.5648,0.0789,0.4178,-3.8167,3.7419,1.4158,-0.8361,-0.0343,0.0132,-0.0114,0.0000,0.0000,0.0000,0.0000,-0.1034,-0.1034,0.0000,0.1148,0.0000,0.0000
242.5180,35.9250,0,38,GS24_GPS,-8.4090,7.0810,0.2110,0.2120,1,0,1,0,0,0,0.0000,-2379461.5572,-4574411.2844,3735943.7309,39,-7.7075,6.8388,0.7015,-0.2422,-8.1881,5.7461,-0.4531,-1.1038,-0.0274,0.0112,-0.0114,0.0000,0.0000,0.0000,0.0000,-0.0906,-0.0906,0.0000,0.1020,0.0000,0.0000
242.5000,36.8650,0,20,TINP_GPS,-3.9660,3.8790,0.3040,0.3020,1,0,1,0,0,0,0.0000,-2352277.7786,-4518683.5703,3820031.3487,22,-4.8104,3.8517,-0.8444,-0.0273,-4.0353,3.7286,0.8131,-0.1374,-0.0381,0.0142,-0.0114,0.0000,0.0000,0.0000,0.0000,0.0688,0.0688,0.0000,-0.0574,0.0000,0.0000
242.4950,35.2130,0,35,FMTH_GPS,-9.9010,12.2490,0.3940,0.3940,1,0,1,0,0,0,0.0000,-2402553.7956,-4614279.7126,3671581.3289,37,-9.0973,12.1044,0.8037,-0.1446,-8.3818,11.6031,0.7369,-0.5105,-0.0214,0.0093,-0.0112,0.0000,0.0000,0.0000,0.0000,0.2450,0.2450,0.0000,-0.2337,0.0000,0.0000
242.4600,36.5320,0,20,JACK_GPS,-5.7420,4.4420,0.3160,0.3130,1,0,1,0,0,0,0.0000,-2365657.4063,-4536649.9599,3790359.3021,22,-5.7917,5.1145,-0.0497,0.6725,-3.7893,3.7031,2.0362,-1.4245,-0.0338,0.0132,-0.0116,0.0000,0.0000,0.0000,0.0000,-0.1462,-0.1462,0.0000,0.1578,0.0000,0.0000
242.4580,35.7400,0,38,GS26_GCO,-8.5980,8.7330,0.3490,0.3490,1,0,1,0,0,0,0.0000,-2389815.9654,-4582588.9398,3719275.4297,39,-8.5796,7.8174,0.0184,-0.9156,-8.5691,5.8403,0.0361,-1.9879,-0.0256,0.0107,-0.0115,0.0000,0.0000,0.0000,0.0000,0.1580,0.1580,0.0000,-0.1465,0.0000,0.0000
242.4540,36.0670,0,38,GS43_GPS,-7.8820,6.7530,0.3820,0.3820,1,0,1,0,0,0,0.0000,-2380280.4771,-4563527.0799,3748711.3657,39,-7.5715,6.6783,0.3105,-0.0747,-7.9021,5.8465,-0.3019,-0.8434,-0.0287,0.0117,-0.0116,0.0000,0.0000,0.0000,0.0000,-0.0950,-0.0950,0.0000,0.1065,0.0000,0.0000
242.4540,36.7590,0,20,TEAK_GPS,-4.6090,3.7830,0.3100,0.3020,1,0,1,0,0,0,0.0000,-2359169.1406,-4523051.9523,3810600.1449,22,-4.9080,4.2526,-0.2990,0.4696,-3.9583,3.6993,0.9864,-0.5673,-0.0366,0.0139,-0.0116,0.0000,0.0000,0.0000,0.0000,-0.0086,-0.0086,0.0000,0.0202,0.0000,0.0000
242.4500,36.2790,0,38,L166_GPS,-6.6330,5.9250,0.2270,0.2330,1,0,1,0,0,0,0.0000,-2374167.3199,-4551031.9059,3767730.0315,39,-7.0739,6.2847,-0.4409,0.3597,-7.4695,5.8528,-0.3647,-0.4443,-0.0309,0.0124,-0.0116,0.0000,0.0000,0.0000,0.0000,-0.1454,-0.1454,0.0000,0.1570,0.0000,0.0000
242.4430,35.5690,0,38,GS17_GPS,-9.7290,10.4850,0.2090,0.2100,1,0,1,0,0,0,0.0000,-2396140.2527,-4591783.6260,3703834.0248,39,-8.9531,9.5219,0.7759,-0.9631,-8.9188,5.8638,0.0584,-3.6683,-0.0241,0.0102,-0.0115,0.0000,0.0000,0.0000,0.0000,1.1267,1.1267,0.0000,-1.1152,0.0000,0.0000
242.4430,36.0020,0,38,GS45_GPS,-7.5660,7.5240,0.3820,0.3850,1,0,1,0,0,0,0.0000,-2383122.5011,-4566837.3824,3742869.8787,39,-7.7568,6.8614,-0.1908,-0.6626,-8.0354,5.8638,-0.2505,-1.0091,-0.0280,0.0115,-0.0116,0.0000,0.0000,0.0000,0.0000,-0.0727,-0.0727,0.0000,0.0843,0.0000,0.0000
242.4390,36.5190,0,38,FLAT_GPS,-5.4760,3.9640,0.3160,0.3160,1,0,1,0,0,0,0.0000,-2367717.8737,-4536544.8904,3789198.3307,39,-6.0043,5.3845,-0.5283,1.4205,-6.9802,5.8701,-0.9422,0.4724,-0.0336,0.0132,-0.0116,0.0000,0.0000,0.0000,0.0000,-0.1441,-0.1441,0.0000,0.1557,0.0000,0.0000
242.4170,36.2320,0,38,T19S_GPS,-7.5880,6.1210,0.2290,0.2360,1,0,1,0,0,0,0.0000,-2378218.4225,-4552401.6004,3763518.0703,39,-7.3078,6.4833,0.2802,0.3623,-7.5675,5.9046,-0.2293,-0.5909,-0.0304,0.0122,-0.0117,0.0000,0.0000,0.0000,0.0000,-0.1141,-0.1141,0.0000,0.1258,0.0000,0.0000
242.4150,35.4290,0,35,GS11_GPS,-9.1220,12.0120,0.2230,0.2240,1,0,1,0,0,0,0.0000,-2402567.5811,-4598619.7845,3691167.3706,37,-9.0358,10.9065,0.0862,-1.1055,-7.9279,11.7366,1.1308,0.8202,-0.0229,0.0099,-0.0115,0.0000,0.0000,0.0000,0.0000,0.5392,0.5392,0.0000,-0.5278,0.0000,0.0000
242.4090,35.0830,0,28,GS50_GPS,-10.7720,13.9970,0.3970,0.3940,1,0,1,0,0,0,0.0000,-2413329.1902,-4618039.6218,3659768.2622,29,-10.7467,13.4923,0.0253,-0.5047,-11.9450,14.7429,-1.1780,1.2416,-0.0204,0.0090,-0.0113,0.0000,0.0000,0.0000,0.0000,0.4695,0.4695,0.0000,-0.4582,0.0000,0.0000
242.3880,36.4970,0,38,LEEF_GPS,-6.0080,5.5680,0.3160,0.3190,1,0,1,0,0,0,0.0000,-2372429.1617,-4535724.4498,3787233.1655,39,-6.4745,5.8008,-0.4665,0.2328,-7.0282,5.9501,-0.5204,0.1361,-0.0333,0.0131,-0.0118,0.0000,0.0000,0.0000,0.0000,-0.1225,-0.1225,0.0000,0.1342,0.0000,0.0000
242.3680,36.1070,0,38,GS42_GPS,-8.1900,5.9900,0.3850,0.3880,1,0,1,0,0,0,0.0000,-2385913.2044,-4557629.4678,3752303.7293,39,-7.7214,6.8736,0.4686,0.8836,-7.8256,5.9814,-0.0752,-0.9041,-0.0290,0.0119,-0.0118,0.0000,0.0000,0.0000,0.0000,-0.0736,-0.0736,0.0000,0.0854,0.0000,0.0000
242.3590,36.3070,0,38,GS28_GPS,-6.5820,5.5360,0.2010,0.2000,1,0,1,0,0,0,0.0000,-2380537.9967,-4545623.7336,3770238.0800,39,-7.2968,6.5201,-0.7148,0.9841,-7.4180,5.9955,-0.0900,-0.5371,-0.0311,0.0126,-0.0118,0.0000,0.0000,0.0000,0.0000,-0.1118,-0.1118,0.0000,0.1236,0.0000,0.0000
242.3280,36.0940,0,38,GS34_GPS,-9.9590,6.0740,0.3400,0.3340,1,0,1,0,0,0,0.0000,-2389489.7713,-4556716.5499,3751136.4116,39,-7.8509,7.0339,2.1081,0.9599,-7.8546,6.0442,0.0251,-1.0016,-0.0288,0.0119,-0.0119,0.0000,0.0000,0.0000,0.0000,-0.0649,-0.0649,0.0000,0.0768,0.0000,0.0000
242.3250,36.1500,0,38,6813_GPS,-8.9140,5.3480,0.2180,0.2200,1,0,1,0,0,0,0.0000,-2388024.3811,-4553342.3905,3756163.4804,39,-7.7404,6.9306,1.1736,1.5826,-7.7405,6.0489,0.0292,-0.8938,-0.0294,0.0121,-0.0119,0.0000,0.0000,0.0000,0.0000,-0.0797,-0.0797,0.0000,0.0916,0.0000,0.0000
242.3220,34.3820,0,28,TABL_GPS,-20.0990,19.6280,0.2150,0.2150,1,0,1,0,0,0,0.0000,-2440955.6587,-4653676.1763,3595745.3997,29,-18.5978,19.4097,1.5012,-0.2183,-12.5793,14.7956,6.0344,-4.6214,-0.0159,0.0074,-0.0110,0.0000,0.0000,0.0000,0.0000,0.2018,0.2018,0.0000,-0.1908,0.0000,0.0000
242.3080,35.3370,0,35,JOBU_GPS,-8.8550,12.4740,0.2050,0.2050,1,0,1,0,0,0,0.0000,-2413902.5581,-4599367.0831,3682831.5650,37,-8.9091,12.1566,-0.0541,-0.3174,-8.1380,11.9150,0.7930,-0.2512,-0.0220,0.0097,-0.0116,0.0000,0.0000,0.0000,0.0000,0.2966,0.2966,0.0000,-0.2849,0.0000,0.0000
242.2940,34.7430,0,28,MDAY_GPS,-13.1290,15.4440,0.2200,0.2190,1,0,1,0,0,0,0.0000,-2432647.8306,-4632332.6050,3628783.6296,29,-13.1165,15.6363,0.0125,0.1923,-12.2636,14.8126,0.8708,-0.8319,-0.0179,0.0082,-0.0113,0.0000,0.0000,0.0000,0.0000,0.1456,0.1456,0.0000,-0.1343,0.0000,0.0000
242.2940,35.4700,0,39,GS16_GPS,-9.6870,11.6890,0.2090,0.2100,1,0,1,0,0,0,0.0000,-2411045.1339,-4591195.9986,3694879.1761,40,-9.1911,11.5777,0.4959,-0.1113,-7.8098,12.9250,1.4044,1.3372,-0.0231,0.0101,-0.0117,0.0000,0.0000,0.0000,0.0000,0.2964,0.2964,0.0000,-0.2847,0.0000,0.0000
242.2600,35.6600,0,39,GS19_GPS,-9.9320,11.3020,0.2090,0.2100,1,0,1,0,0,0,0.0000,-2408052.7839,-4578894.7623,3712055.4962,40,-9.8511,10.6643,0.0809,-0.6377,-10.6568,12.5080,-0.7811,1.8331,-0.0246,0.0106,-0.0119,0.0000,0.0000,0.0000,0.0000,0.2634,0.2634,0.0000,-0.2515,0.0000,0.0000
242.2440,36.2170,0,38,GS35_GPS,-7.4750,6.8110,0.3430,0.3370,1,0,1,0,0,0,0.0000,-2392411.9445,-4546071.7828,3762173.2941,39,-7.8240,7.0703,-0.3490,0.2593,-7.6089,6.1759,0.2451,-0.9068,-0.0300,0.0124,-0.0121,0.0000,0.0000,0.0000,0.0000,-0.1133,-0.1133,0.0000,0.1254,0.0000,0.0000
242.2130,36.5380,0,38,CERR_GPS,-7.6870,6.2590,0.2170,0.2220,1,0,1,0,0,0,0.0000,-2385007.6407,-4526058.3943,3790895.0693,39,-7.1584,6.4090,0.5286,0.1500,-6.9556,6.2245,0.2364,-0.1980,-0.0337,0.0135,-0.0122,0.0000,0.0000,0.0000,0.0000,-0.1246,-0.1246,0.0000,0.1368,0.0000,0.0000
242.1550,34.4580,0,28,HOLC_GNR,-18.2780,21.0880,0.2080,0.2080,1,0,1,0,0,0,0.0000,-2452279.4015,-4642320.3503,3602712.7229,29,-18.8462,19.3687,-0.5682,-1.7193,-12.5365,14.8969,6.3257,-4.4794,-0.0160,0.0076,-0.0114,0.0000,0.0000,0.0000,0.0000,0.3925,0.3925,0.0000,-0.3811,0.0000,0.0000
242.1360,34.9850,0,28,TTAP_GPS,-11.5690,15.0290,0.2090,0.2100,1,0,1,0,0,0,0.0000,-2438227.5950,-4612015.5874,3650850.5691,29,-12.1330,14.8324,-0.5640,-0.1966,-12.0725,14.9084,0.0797,0.0672,-0.0192,0.0088,-0.0118,0.0000,0.0000,0.0000,0.0000,0.2941,0.2941,0.0000,-0.2823,0.0000,0.0000
242.1300,35.5840,0,39,GS18_GPS,-10.9710,11.2200,0.2090,0.2100,1,0,1,0,0,0,0.0000,-2420735.3717,-4577767.9990,3705189.8560,40,-10.4324,11.3664,0.5386,0.1464,-9.5352,10.9137,0.9209,-0.4632,-0.0237,0.0105,-0.0121,0.0000,0.0000,0.0000,0.0000,-0.1193,-0.1193,0.0000,0.1314,0.0000,0.0000
242.1160,36.0620,0,38,FORK_GGE,-7.7750,8.3710,0.3280,0.3310,1,0,1,0,0,0,0.0000,-2407313.1082,-4549695.1110,3748262.1917,39,-8.5731,8.1239,-0.7981,-0.2471,-7.9335,6.3766,0.6678,-1.7593,-0.0282,0.0120,-0.0124,0.0000,0.0000,0.0000,0.0000,-0.1291,-0.1291,0.0000,0.1414,0.0000,0.0000
242.1020,35.1150,0,28,GS09_GPS,-10.8420,14.1910,0.2110,0.2120,1,0,1,0,0,0,0.0000,-2437081.8618,-4603235.2176,3662677.8444,29,-11.4209,14.1721,-0.5789,-0.0189,-11.9623,14.9290,-0.5214,0.7477,-0.0200,0.0092,-0.0119,0.0000,0.0000,0.0000,0.0000,0.5441,0.5441,0.0000,-0.5321,0.0000,0.0000
242.0930,36.2040,0,38,GS04_GPS,-8.8330,8.0210,0.2080,0.2080,1,0,1,0,0,0,0.0000,-2404784.0141,-4540505.1528,3761007.6129,39,-8.3880,7.7017,0.4450,-0.3193,-7.6452,6.4127,0.7724,-1.3015,-0.0296,0.0125,-0.0125,0.0000,0.0000,0.0000,0.0000,-0.3258,-0.3258,0.0000,0.3382,0.0000,0.0000
242.0560,36.0450,0,38,BM25_GPS,-9.0300,10.6890,0.2240,0.2300,1,0,1,0,0,0,0.0000,-2412597.2650,-4548153.9481,3746734.7868,39,-8.8793,8.6683,0.1507,-2.0207,-7.9721,6.4707,0.9350,-2.2096,-0.0279,0.0120,-0.0125,0.0000,0.0000,0.0000,0.0000,-0.1860,-0.1860,0.0000,0.1985,0.0000,0.0000
242.0390,35.4260,0,39,GS15_GPS,-11.1980,11.8200,0.2100,0.2110,1,0,1,0,0,0,0.0000,-2432784.4027,-4582924.8780,3690895.7008,40,-10.1343,11.9795,1.0637,0.1595,-7.1808,9.7976,2.9757,-2.1919,-0.0222,0.0100,-0.0123,0.0000,0.0000,0.0000,0.0000,-0.0203,-0.0203,0.0000,0.0326,0.0000,0.0000
242.0310,35.8450,0,1,GS22_GPS,-9.9020,11.2210,0.2190,0.2200,1,0,1,0,0,0,0.0000,-2420700.5876,-4558624.1088,3728740.5864,1,-11.4423,11.0456,-1.5403,-0.1754,-9.6742,8.3555,1.7940,-2.7014,-0.0259,0.0113,-0.0125,0.0000,0.0000,0.0000,0.0000,2.3742,2.3742,0.0000,-2.3617,0.0000,0.0000
242.0130,37.0920,0,20,WAUC_GPS,-6.9400,6.6900,0.4000,0.4000,1,0,1,0,0,0,0.0000,-2383479.0791,-4485126.8861,3840184.3389,22,-5.9796,5.2017,0.9604,-1.4883,-4.2224,3.4182,1.7985,-1.7995,-0.0412,0.0160,-0.0127,0.0000,0.0000,0.0000,0.0000,-0.4105,-0.4105,0.0000,0.4231,0.0000,0.0000
241.9650,35.6680,0,27,GS03_GPS,-10.9290,11.6590,0.2190,0.2200,1,0,1,0,0,0,0.0000,-2431352.5842,-4565978.2047,3712777.8155,28,-11.8940,11.5235,-0.9650,-0.1355,-11.2806,9.3450,0.6376,-2.1893,-0.0241,0.0108,-0.0126,0.0000,0.0000,0.0000,0.0000,-2.4750,-2.4750,0.0000,2.4875,0.0000,0.0000
241.9540,37.7370,0,21,FISH_GPS,-4.8240,5.3240,0.3490,0.3490,1,0,1,0,0,0,0.0000,-2367619.3820,-4444233.0402,3897117.2176,21,-4.1623,2.7451,0.6617,-2.5789,-3.2799,-0.5457,0.9350,-3.3096,-0.0526,0.0188,-0.0125,0.0000,0.0000,0.0000,0.0000,0.2652,0.2652,0.0000,-0.2527,0.0000,0.0000
241.9180,35.2250,0,27,GS01_GPS,-11.6080,13.5720,0.2100,0.2100,1,0,1,0,0,0,0.0000,-2448537.4795,-4589172.5579,3672670.8138,28,-11.1972,13.4762,0.4108,-0.0958,-10.5622,9.2773,0.6554,-4.2083,-0.0204,0.0095,-0.0124,0.0000,0.0000,0.0000,0.0000,1.3174,1.3174,0.0000,-1.3050,0.0000,0.0000
241.9000,35.4940,0,27,GS02_GPS,-11.4600,11.6980,0.2090,0.2100,1,0,1,0,0,0,0.0000,-2441830.4820,-4573142.1146,3697051.0625,28,-10.9511,11.5298,0.5089,-0.1682,-11.0029,9.2514,-0.0292,-2.2887,-0.0225,0.0103,-0.0126,0.0000,0.0000,0.0000,0.0000,-0.8540,-0.8540,0.0000,0.8666,0.0000,0.0000
241.8990,36.9140,0,38,RITA_GPS,-8.2150,6.2230,0.2060,0.2070,1,0,1,0,0,0,0.0000,-2398006.2194,-4490877.9172,3824386.6392,39,-7.2902,6.7024,0.9248,0.4794,-6.2091,6.7168,1.1195,-0.0011,-0.0384,0.0155,-0.0130,0.0000,0.0000,0.0000,0.0000,-0.8104,-0.8104,0.0000,0.8234,0.0000,0.0000
241.8810,36.6030,0,40,BAMA_GPS,-8.7230,8.2540,0.2080,0.2080,1,0,1,0,0,0,0.0000,-2409165.2098,-4508366.6421,3796696.5476,41,-8.3110,7.6794,0.4120,-0.5746,-11.2150,5.5715,-2.8699,-2.1222,-0.0341,0.0143,-0.0131,0.0000,0.0000,0.0000,0.0000,-0.5451,-0.5451,0.0000,0.5582,0.0000,0.0000
241.8680,36.4660,0,1,3188_GPS,-9.5320,9.3710,0.3010,0.2930,1,0,1,0,0,0,0.0000,-2414461.6218,-4515812.8196,3784463.1214,1,-8.4848,8.1943,1.0472,-1.1767,-9.7969,8.3161,-1.2797,0.1081,-0.0323,0.0137,-0.0131,0.0000,0.0000,0.0000,0.0000,-0.1920,-0.1920,0.0000,0.2051,0.0000,0.0000
241.8640,36.0230,0,1,KMED_GPS,-9.9910,10.1550,0.2030,0.2040,1,0,1,0,0,0,0.0000,-2428502.9368,-4541312.0405,3744757.6555,1,-9.6430,9.4796,0.3480,-0.6754,-9.7197,8.3152,-0.0494,-1.1765,-0.0273,0.0121,-0.0130,0.0000,0.0000,0.0000,0.0000,-0.0033,-0.0033,0.0000,0.0163,0.0000,0.0000
241.8480,37.2710,0,38,WSTG_GPS,-7.1430,5.3370,0.2140,0.2140,1,0,1,0,0,0,0.0000,-2390713.2709,-4467644.5512,3856033.4130,39,-6.3242,6.2005,0.8188,0.8635,-5.4836,6.7968,0.8847,0.5792,-0.0441,0.0171,-0.0131,0.0000,0.0000,0.0000,0.0000,-0.4409,-0.4409,0.0000,0.4540,0.0000,0.0000
241.7940,34.9920,0,28,TROP_GPS,-12.5290,14.8600,0.2400,0.2390,1,0,1,0,0,0,0.0000,-2465502.4026,-4596986.5638,3651487.9017,29,-12.4298,14.6173,0.0992,-0.2427,-12.1177,15.1152,0.3306,0.4891,-0.0185,0.0089,-0.0125,0.0000,0.0000,0.0000,0.0000,0.9884,0.9884,0.0000,-0.9760,0.0000,0.0000
241.7640,37.5720,0,38,WMTN_GPS,-5.1300,5.1670,0.2100,0.2120,1,0,1,0,0,0,0.0000,-2387643.6856,-4446226.3253,3882599.7162,39,-6.1054,5.8485,-0.9754,0.6815,-4.8748,6.9284,1.2802,1.0613,-0.0496,0.0187,-0.0132,0.0000,0.0000,0.0000,0.0000,-0.0076,-0.0076,0.0000,0.0208,0.0000,0.0000
241.7120,36.9790,0,40,ABER_GPS,-8.8090,7.7340,0.3130,0.3080,1,0,1,0,0,0,0.0000,-2410592.9499,-4479204.1025,3830159.7485,41,-8.0686,7.3445,0.7404,-0.3895,-9.4009,6.2100,-1.2931,-1.1506,-0.0393,0.0161,-0.0136,0.0000,0.0000,0.0000,0.0000,-0.8012,-0.8012,0.0000,0.8148,0.0000,0.0000
241.7060,37.2330,0,38,OVRO_GPS,-7.6270,7.2050,0.2030,0.2040,1,0,1,0,0,0,0.0000,-2402990.0602,-4463956.6646,3852671.9467,39,-7.1922,6.7975,0.4348,-0.4075,-5.5716,7.0193,1.6641,0.2046,-0.0434,0.0173,-0.0135,0.0000,0.0000,0.0000,0.0000,-0.9729,-0.9729,0.0000,0.9864,0.0000,0.0000
241.4920,35.0860,0,27,DEER_GPS,-12.3280,14.7330,0.2090,0.2090,1,0,1,0,0,0,0.0000,-2486835.6893,-4578656.8969,3660041.0840,28,-13.0516,13.8523,-0.7236,-0.8807,-10.3736,8.6637,2.6964,-5.1978,-0.0185,0.0092,-0.0132,0.0000,0.0000,0.0000,0.0000,1.5123,1.5123,0.0000,-1.4991,0.0000,0.0000
241.4120,35.7450,0,1,0614_GPS,-11.8290,10.5530,0.2060,0.2060,1,0,1,0,0,0,0.0000,-2472918.1680,-4537913.8869,3719726.4350,1,-10.5760,10.0567,1.2530,-0.4963,-9.7088,8.2056,0.8907,-1.8625,-0.0236,0.0114,-0.0139,0.0000,0.0000,0.0000,0.0000,0.0467,0.0467,0.0000,-0.0327,0.0000,0.0000
241.2730,36.1850,0,1,SPRN_GPS,-11.5780,10.4210,0.2510,0.2190,1,0,1,0,0,0,0.0000,-2470117.1805,-4506718.2289,3759303.5766,1,-9.9185,9.3437,1.6595,-1.0773,-9.7983,8.1718,0.1480,-1.1851,-0.0278,0.0132,-0.0146,0.0000,0.0000,0.0000,0.0000,-0.1309,-0.1309,0.0000,0.1455,0.0000,0.0000
276.5270,33.4150,0,14,GOGA_PBO,-3.3770,-1.2200,0.5670,0.5370,1,0,1,0,0,0,0.0000,604155.5619,-5280480.4860,3506547.2128,11,-0.8492,-1.1958,2.5278,0.0242,-0.8268,-1.1911,0.0304,0.0051,-0.0079,-0.0004,0.0011,0.0000,0.0000,0.0000,0.0000,0.0126,0.0126,0.0000,-0.0137,0.0000,0.0000
269.7520,42.9140,0,14,JFWS_PBO,-3.9120,-5.7610,0.4770,0.4780,1,0,1,0,0,0,0.0000,-20184.9324,-4663323.4368,4335592.0650,11,-0.3153,-0.9800,3.5967,4.7810,-0.3167,-0.9914,0.0159,-0.0083,-0.0173,-0.0031,0.0029,0.0000,0.0000,0.0000,0.0000,0.0104,0.0104,0.0000,-0.0133,0.0000,0.0000
263.3910,39.1010,0,14,KSU1_PBO,-2.2390,-1.0100,0.3880,0.3880,1,0,1,0,0,0,0.0000,-568717.1570,-4908525.6182,4015879.5441,11,-0.4538,-0.7762,1.7852,0.2338,-0.4321,-0.7912,0.0417,-0.0142,-0.0200,-0.0008,0.0025,0.0000,0.0000,0.0000,0.0000,0.0077,0.0077,0.0000,-0.0102,0.0000,0.0000
261.2190,34.7380,0,14,WMOK_PBO,-0.9960,-1.4570,0.3280,0.3280,1,0,1,0,0,0,0.0000,-798791.4593,-5171221.0089,3628327.0171,11,-0.6908,-0.7039,0.3052,0.7531,-0.6227,-0.7205,0.0834,-0.0177,-0.0153,0.0011,0.0010,0.0000,0.0000,0.0000,0.0000,0.0081,0.0081,0.0000,-0.0091,0.0000,0.0000
257.3130,38.0710,0,14,P040_PBO,-0.4750,-1.4630,0.1190,0.2990,1,0,1,0,0,0,0.0000,-1100925.1989,-4890363.8007,3926405.1071,11,-0.4771,-0.5567,-0.0021,0.9063,-0.4360,-0.5908,0.0665,-0.0353,-0.0254,0.0011,0.0021,0.0000,0.0000,0.0000,0.0000,0.0029,0.0029,0.0000,-0.0049,0.0000,0.0000
256.8460,36.4480,0,14,P039_PBO,-0.9340,-0.0520,0.1490,0.1190,1,0,1,0,0,0,0.0000,-1165597.7069,-4987559.2776,3782854.2002,11,-0.5772,-0.5385,0.3568,-0.4865,-0.5119,-0.5751,0.0871,-0.0386,-0.0218,0.0019,0.0011,0.0000,0.0000,0.0000,0.0000,0.0032,0.0032,0.0000,-0.0043,0.0000,0.0000
256.7780,40.1720,0,14,P044_PBO,-0.6980,-0.3500,0.1190,0.0900,1,0,1,0,0,0,0.0000,-1112845.4889,-4736459.7125,4107538.8947,11,-0.3476,-0.5356,0.3504,-0.1856,-0.3301,-0.5728,0.0498,-0.0370,-0.0323,-0.0002,0.0034,0.0000,0.0000,0.0000,0.0000,0.0020,0.0020,0.0000,-0.0054,0.0000,0.0000
256.5930,34.1470,0,14,P038_PBO,-1.2170,-0.3460,0.1490,0.1490,1,0,1,0,0,0,0.0000,-1221867.7944,-5126086.0776,3574161.7310,11,-0.7300,-0.5274,0.4870,-0.1814,-0.6215,-0.5666,0.1252,-0.0415,-0.0168,0.0024,0.0001,0.0000,0.0000,0.0000,0.0000,0.0051,0.0051,0.0000,-0.0053,0.0000,0.0000
255.8140,43.8810,0,14,P043_PBO,-0.9620,-1.0270,0.3580,0.2090,1,0,1,0,0,0,0.0000,-1124759.1908,-4449576.5910,4413676.0626,11,-0.1225,-0.4974,0.8395,0.5296,-0.1415,-0.5403,0.0276,-0.0374,-0.0466,-0.0055,0.0064,0.0000,0.0000,0.0000,0.0000,0.0028,0.0028,0.0000,-0.0092,0.0000,0.0000
255.5590,45.8460,0,14,P054_PBO,-0.6890,-0.7210,0.4180,0.2690,1,0,1,0,0,0,0.0000,-1106136.4394,-4295354.2211,4568451.1330,11,-0.0075,-0.4848,0.6815,0.2362,-0.0428,-0.5316,0.0173,-0.0368,-0.0526,-0.0100,0.0079,0.0000,0.0000,0.0000,0.0000,0.0047,0.0047,0.0000,-0.0127,0.0000,0.0000
255.3150,47.1170,0,14,P055_PBO,-0.6420,-1.2150,0.3580,0.2390,1,0,1,0,0,0,0.0000,-1098453.2061,-4191524.9611,4665712.2196,11,0.0657,-0.4726,0.7077,0.7424,0.0216,-0.5234,0.0116,-0.0373,-0.0556,-0.0135,0.0087,0.0000,0.0000,0.0000,0.0000,0.0064,0.0064,0.0000,-0.0151,0.0000,0.0000
255.0890,42.0520,0,14,P042_PBO,-1.0300,-0.0100,0.1190,0.0900,1,0,1,0,0,0,0.0000,-1216617.6763,-4568855.1911,4264944.9157,11,-0.2254,-0.4707,0.8046,-0.4607,-0.2272,-0.5157,0.0415,-0.0429,-0.0433,-0.0021,0.0051,0.0000,0.0000,0.0000,0.0000,0.0005,0.0005,0.0000,-0.0056,0.0000,0.0000
254.8950,38.4220,0,14,P037_PBO,-0.7640,-0.1050,0.0890,0.1190,1,0,1,0,0,0,0.0000,-1299974.5763,-4816248.8353,3957039.8935,11,-0.4481,-0.4598,0.3159,-0.3548,-0.4045,-0.5091,0.0739,-0.0513,-0.0302,0.0019,0.0020,0.0000,0.0000,0.0000,0.0000,-0.0004,-0.0004,0.0000,-0.0016,0.0000,0.0000
254.8160,34.6010,0,14,P035_PBO,-1.4020,-0.1030,0.1490,0.1490,1,0,1,0,0,0,0.0000,-1372776.6392,-5058239.7390,3615805.0975,11,-0.7054,-0.4519,0.6966,-0.3489,-0.5902,-0.5064,0.1339,-0.0574,-0.0187,0.0029,-0.0002,0.0000,0.0000,0.0000,0.0000,0.0022,0.0022,0.0000,-0.0020,0.0000,0.0000
254.8060,39.9490,0,14,P041_PBO,-0.6080,-0.2030,0.1190,0.0900,1,0,1,0,0,0,0.0000,-1279353.5044,-4710752.8161,4088571.1414,11,-0.3524,-0.4580,0.2556,-0.2550,-0.3291,-0.5061,0.0594,-0.0489,-0.0361,0.0008,0.0032,0.0000,0.0000,0.0000,0.0000,-0.0007,-0.0007,0.0000,-0.0026,0.0000,0.0000
254.7060,36.4200,0,14,P036_PBO,-1.6370,0.2990,0.1790,0.0900,1,0,1,0,0,0,0.0000,-1351514.5023,-4942338.3795,3780350.6919,11,-0.5785,-0.4493,1.0585,-0.7483,-0.5013,-0.5027,0.1011,-0.0562,-0.0239,0.0028,0.0007,0.0000,0.0000,0.0000,0.0000,0.0002,0.0002,0.0000,-0.0008,0.0000,0.0000
254.3300,39.7620,0,14,RG17_PBO,-3.1150,-0.2920,0.5070,0.5080,1,0,1,0,0,0,0.0000,-1322041.9170,-4712784.9280,4072617.6906,11,-0.3628,-0.4383,2.7522,-0.1463,-0.3356,-0.4899,0.0636,-0.0528,-0.0365,0.0012,0.0030,0.0000,0.0000,0.0000,0.0000,-0.0014,-0.0014,0.0000,-0.0016,0.0000,0.0000
254.0890,36.6350,0,14,P123_PBO,-0.7300,-0.4860,0.3280,0.2390,1,0,1,0,0,0,0.0000,-1400758.8011,-4913821.2689,3799550.8655,11,-0.5648,-0.4223,0.1652,0.0637,-0.4877,-0.4817,0.1024,-0.0624,-0.0252,0.0030,0.0006,0.0000,0.0000,0.0000,0.0000,-0.0010,-0.0010,0.0000,0.0004,0.0000,0.0000
253.5410,34.9460,0,14,P034_PBO,-1.0910,0.0270,0.0890,0.0900,1,0,1,0,0,0,0.0000,-1478792.6436,-5005470.5907,3647298.7188,11,-0.6870,-0.3933,0.4040,-0.4203,-0.5673,-0.4629,0.1400,-0.0730,-0.0204,0.0034,-0.0005,0.0000,0.0000,0.0000,0.0000,-0.0007,-0.0007,0.0000,0.0011,0.0000,0.0000
253.0330,34.0680,0,14,SC01_PBO,-0.8240,-1.1610,0.2390,0.2090,1,0,1,0,0,0,0.0000,-1539244.5477,-5045032.8174,3566892.4227,11,-0.7603,-0.3655,0.0637,0.7955,-0.6077,-0.4456,0.1708,-0.0836,-0.0182,0.0035,-0.0010,0.0000,0.0000,0.0000,0.0000,-0.0006,-0.0006,0.0000,0.0016,0.0000,0.0000
252.9810,47.3750,0,14,P052_PBO,-0.5360,-0.9590,0.2680,0.2990,1,0,1,0,0,0,0.0000,-1262078.5391,-4123182.1397,4685176.4391,11,0.1086,-0.3823,0.6446,0.5767,0.0489,-0.4438,0.0106,-0.0440,-0.0704,-0.0175,0.0108,0.0000,0.0000,0.0000,0.0000,0.0051,0.0051,0.0000,-0.0158,0.0000,0.0000
252.8050,32.6590,0,14,P026_PBO,-1.5740,0.9450,0.1190,0.2090,1,0,1,0,0,0,0.0000,-1584765.1641,-5121131.0695,3436115.1618,11,-0.8895,-0.3468,0.6845,-1.2918,-0.6749,-0.4377,0.2294,-0.0942,-0.0148,0.0032,-0.0016,0.0000,0.0000,0.0000,0.0000,0.0022,0.0022,0.0000,-0.0006,0.0000,0.0000
252.7440,41.7420,0,14,P032_PBO,-0.5450,-0.2540,0.2390,0.1490,1,0,1,0,0,0,0.0000,-1409365.2248,-4537220.0097,4239301.3231,11,-0.2361,-0.3783,0.3089,-0.1243,-0.2295,-0.4357,0.0576,-0.0565,-0.0510,-0.0008,0.0051,0.0000,0.0000,0.0000,0.0000,-0.0033,-0.0033,0.0000,-0.0018,0.0000,0.0000
252.6120,43.9530,0,14,P033_PBO,-0.5640,-1.1500,0.1790,0.1490,1,0,1,0,0,0,0.0000,-1369881.8023,-4374508.6359,4419439.9537,11,-0.0945,-0.3769,0.4695,0.7731,-0.1191,-0.4311,0.0383,-0.0481,-0.0629,-0.0061,0.0079,0.0000,0.0000,0.0000,0.0000,-0.0009,-0.0009,0.0000,-0.0070,0.0000,0.0000
252.1200,35.1320,0,14,P107_PBO,-0.9870,0.4610,0.3580,0.2690,1,0,1,0,0,0,0.0000,-1598822.7714,-4955964.7209,3664223.0953,11,-0.6834,-0.3211,0.3036,-0.7821,-0.5520,-0.4142,0.1532,-0.0971,-0.0218,0.0040,-0.0010,0.0000,0.0000,0.0000,0.0000,-0.0043,-0.0043,0.0000,0.0052,0.0000,0.0000
252.0920,36.0320,0,14,P028_PBO,-0.9550,-0.3380,0.1490,0.3280,1,0,1,0,0,0,0.0000,-1583349.3876,-4899804.8336,3745566.5487,11,-0.6157,-0.3237,0.3393,0.0143,-0.5079,-0.4133,0.1329,-0.0937,-0.0251,0.0041,-0.0005,0.0000,0.0000,0.0000,0.0000,-0.0047,-0.0047,0.0000,0.0052,0.0000,0.0000
252.0910,39.5150,0,14,P031_PBO,0.7720,-1.6380,0.3580,0.2390,1,0,1,0,0,0,0.0000,-1510536.4357,-4674200.3481,4051479.0193,11,-0.3817,-0.3412,-1.1537,1.2968,-0.3365,-0.4132,0.0865,-0.0747,-0.0413,0.0027,0.0025,0.0000,0.0000,0.0000,0.0000,-0.0055,-0.0055,0.0000,0.0030,0.0000,0.0000
251.4540,45.8070,0,14,P051_PBO,-0.2980,-1.2230,0.1790,0.1490,1,0,1,0,0,0,0.0000,-1411768.1652,-4208099.6344,4565430.9300,11,0.0350,-0.3299,0.3330,0.8931,-0.0210,-0.3913,0.0235,-0.0478,-0.0795,-0.0136,0.0109,0.0000,0.0000,0.0000,0.0000,0.0004,0.0004,0.0000,-0.0113,0.0000,0.0000
250.6660,38.0970,0,14,P012_PBO,-1.3830,-0.5040,0.2980,0.2390,1,0,1,0,0,0,0.0000,-1659004.1747,-4728375.4759,3928679.4180,11,-0.4907,-0.2595,0.8923,0.2445,-0.4005,-0.3641,0.1271,-0.1094,-0.0369,0.0047,0.0005,0.0000,0.0000,0.0000,0.0000,-0.0083,-0.0083,0.0000,0.0078,0.0000,0.0000
250.6240,44.7530,0,14,P718_PBO,-2.0390,-1.5030,0.3880,0.4180,1,0,1,0,0,0,0.0000,-1500189.9300,-4265722.5588,4483011.5645,11,-0.0309,-0.3044,2.0081,1.1986,-0.0697,-0.3627,0.0433,-0.0486,-0.0821,-0.0097,0.0102,0.0000,0.0000,0.0000,0.0000,-0.0027,-0.0027,0.0000,-0.0076,0.0000,0.0000
250.4810,36.1500,0,14,P011_PBO,-0.7530,-0.6000,0.3580,0.2390,1,0,1,0,0,0,0.0000,-1717893.4249,-4846073.6221,3756163.4804,11,-0.6241,-0.2326,0.1289,0.3674,-0.4957,-0.3577,0.1554,-0.1301,-0.0271,0.0050,-0.0012,0.0000,0.0000,0.0000,0.0000,-0.0085,-0.0085,0.0000,0.0098,0.0000,0.0000
250.4420,42.7670,0,14,BLW2_PBO,-1.9120,-0.0990,0.0890,0.0900,1,0,1,0,0,0,0.0000,-1564831.6320,-4404772.5621,4323613.3154,11,-0.1838,-0.2944,1.7282,-0.1954,-0.1679,-0.3564,0.0862,-0.0597,-0.0703,-0.0023,0.0070,0.0000,0.0000,0.0000,0.0000,-0.0070,-0.0070,0.0000,0.0000,0.0000,0.0000
250.4290,45.4570,0,14,P722_PBO,-0.1130,-0.8980,0.2680,0.1490,1,0,1,0,0,0,0.0000,-1496133.7563,-4208370.8500,4538232.0383,11,0.0225,-0.2939,0.1355,0.6041,-0.0337,-0.3559,0.0317,-0.0489,-0.0878,-0.0131,0.0115,0.0000,0.0000,0.0000,0.0000,-0.0018,-0.0018,0.0000,-0.0097,0.0000,0.0000
250.3100,43.5010,0,14,P715_PBO,-0.8860,-0.2960,0.4770,0.5080,1,0,1,0,0,0,0.0000,-1556184.4839,-4348646.0676,4383140.2775,11,-0.1304,-0.2943,0.7556,0.0017,-0.1307,-0.3518,0.0764,-0.0528,-0.0767,-0.0047,0.0083,0.0000,0.0000,0.0000,0.0000,-0.0056,-0.0056,0.0000,-0.0028,0.0000,0.0000
250.1030,44.4850,0,14,P717_PBO,-0.1500,-1.3910,0.3580,0.3580,1,0,1,0,0,0,0.0000,-1546035.8908,-4271575.8013,4461811.8136,11,-0.0515,-0.2883,0.0985,1.1027,-0.0808,-0.3446,0.0562,-0.0475,-0.0855,-0.0088,0.0102,0.0000,0.0000,0.0000,0.0000,-0.0041,-0.0041,0.0000,-0.0061,0.0000,0.0000
249.9980,45.0030,0,14,P721_PBO,-0.7310,-0.7880,0.2090,0.2090,1,0,1,0,0,0,0.0000,-1540000.1877,-4230656.2441,4502699.0381,11,-0.0088,-0.2822,0.7222,0.5058,-0.0545,-0.3410,0.0442,-0.0475,-0.0898,-0.0113,0.0112,0.0000,0.0000,0.0000,0.0000,-0.0034,-0.0034,0.0000,-0.0077,0.0000,0.0000
249.9910,34.2640,0,14,P015_PBO,-1.7220,-0.1880,0.1490,0.1190,1,0,1,0,0,0,0.0000,-1800619.6711,-4944745.0295,3584915.1810,11,-0.7895,-0.1774,0.9325,0.0106,-0.5864,-0.3408,0.2228,-0.1680,-0.0197,0.0047,-0.0025,0.0000,0.0000,0.0000,0.0000,-0.0123,-0.0123,0.0000,0.0148,0.0000,0.0000
249.7140,44.3920,0,14,P709_PBO,-0.6540,-0.3810,0.2980,0.2390,1,0,1,0,0,0,0.0000,-1577510.0248,-4267768.2774,4454432.3447,11,-0.0619,-0.2773,0.5921,0.1037,-0.0838,-0.3312,0.0668,-0.0454,-0.0887,-0.0085,0.0103,0.0000,0.0000,0.0000,0.0000,-0.0053,-0.0053,0.0000,-0.0050,0.0000,0.0000
249.7130,44.6400,0,14,WLWY_PBO,4.7550,-4.7810,0.1490,0.0900,1,0,1,0,0,0,0.0000,-1570884.7160,-4249616.2072,4474084.7960,11,-0.0394,-0.2759,-4.7944,4.5051,-0.0714,-0.3311,0.0585,-0.0455,-0.0905,-0.0097,0.0108,0.0000,0.0000,0.0000,0.0000,-0.0048,-0.0048,0.0000,-0.0060,0.0000,0.0000
249.6940,44.9430,0,14,P720_PBO,-0.8340,-0.3810,0.2090,0.1790,1,0,1,0,0,0,0.0000,-1564060.9080,-4226845.6594,4497981.8485,11,-0.0128,-0.2730,0.8212,0.1080,-0.0562,-0.3305,0.0493,-0.0462,-0.0927,-0.0112,0.0113,0.0000,0.0000,0.0000,0.0000,-0.0042,-0.0042,0.0000,-0.0071,0.0000,0.0000
249.4880,44.7180,0,14,P716_PBO,-10.4430,0.9240,0.2680,0.1790,1,0,1,0,0,0,0.0000,-1585425.0470,-4237706.0153,4480248.4986,11,-0.0331,-0.2690,10.4099,-1.1930,-0.0666,-0.3233,0.0600,-0.0441,-0.0935,-0.0102,0.0111,0.0000,0.0000,0.0000,0.0000,-0.0052,-0.0052,0.0000,-0.0059,0.0000,0.0000
249.4870,41.7500,0,14,P030_PBO,-1.1520,-0.6760,0.2980,0.1490,1,0,1,0,0,0,0.0000,-1664662.3755,-4449264.0233,4239964.6565,11,-0.2992,-0.2537,0.8528,0.4223,-0.2147,-0.3233,0.1531,-0.0708,-0.0686,0.0012,0.0053,0.0000,0.0000,0.0000,0.0000,-0.0161,-0.0161,0.0000,0.0108,0.0000,0.0000
249.2410,45.3540,0,14,P461_PBO,0.5800,-0.9700,0.2680,0.1490,1,0,1,0,0,0,0.0000,-1585953.4827,-4184068.8065,4530195.4963,11,0.0254,-0.2543,-0.5546,0.7157,-0.0339,-0.3148,0.0414,-0.0466,-0.1007,-0.0139,0.0125,0.0000,0.0000,0.0000,0.0000,-0.0045,-0.0045,0.0000,-0.0081,0.0000,0.0000
249.1390,44.6360,0,14,P711_PBO,11.3530,3.4320,0.2680,0.1490,1,0,1,0,0,0,0.0000,-1613489.8611,-4233957.6606,4473768.4851,11,-0.0439,-0.2610,-11.3969,-3.6930,-0.0694,-0.3112,0.0714,-0.0402,-0.0969,-0.0100,0.0112,0.0000,0.0000,0.0000,0.0000,-0.0066,-0.0066,0.0000,-0.0046,0.0000,0.0000
249.0940,47.3500,0,14,P049_PBO,0.3530,-0.9670,0.3580,0.4180,1,0,1,0,0,0,0.0000,-1539410.7627,-4030051.9089,4683294.5217,11,0.1701,-0.2237,-0.1829,0.7433,0.0665,-0.3097,0.0069,-0.0592,-0.1106,-0.0268,0.0156,0.0000,0.0000,0.0000,0.0000,0.0004,0.0004,0.0000,-0.0160,0.0000,0.0000
248.9710,45.1400,0,14,P460_PBO,0.6710,-0.6640,0.2390,0.2690,1,0,1,0,0,0,0.0000,-1611713.2346,-4192312.9696,4513451.4372,11,0.0073,-0.2494,-0.6637,0.4146,-0.0435,-0.3054,0.0519,-0.0430,-0.1027,-0.0130,0.0124,0.0000,0.0000,0.0000,0.0000,-0.0058,-0.0058,0.0000,-0.0066,0.0000,0.0000
248.9010,44.5980,0,14,P680_PBO,0.6510,-2.4620,0.1790,0.2390,1,0,1,0,0,0,0.0000,-1632131.0027,-4229986.1726,4470762.4441,11,-0.0516,-0.2567,-0.7026,2.2053,-0.0704,-0.3030,0.0807,-0.0363,-0.0995,-0.0099,0.0113,0.0000,0.0000,0.0000,0.0000,-0.0078,-0.0078,0.0000,-0.0035,0.0000,0.0000
248.7640,41.6920,0,14,P101_PBO,-0.1560,-0.7590,0.2680,0.1490,1,0,1,0,0,0,0.0000,-1722226.1698,-4431902.7872,4235153.6178,11,-0.4108,-0.2398,-0.2548,0.5192,-0.2150,-0.2982,0.2689,-0.0604,-0.0731,0.0020,0.0051,0.0000,0.0000,0.0000,0.0000,-0.0338,-0.0338,0.0000,0.0286,0.0000,0.0000
248.7520,48.8090,0,14,P050_PBO,0.8060,-1.2590,0.2680,0.2390,1,0,1,0,0,0,0.0000,-1519717.0677,-3908349.8265,4791619.0510,11,0.2550,-0.1971,-0.5510,1.0619,0.1407,-0.2978,-0.0007,-0.0633,-0.1136,-0.0373,0.0168,0.0000,0.0000,0.0000,0.0000,0.0053,0.0053,0.0000,-0.0221,0.0000,0.0000
248.7420,40.7320,0,14,P119_PBO,-0.3920,-0.9580,0.3280,0.3880,1,0,1,0,0,0,0.0000,-1749412.6731,-4496748.4107,4154895.9664,11,-0.5860,-0.2468,-0.1940,0.7112,-0.2628,-0.2974,0.3871,-0.0548,-0.0638,0.0041,0.0033,0.0000,0.0000,0.0000,0.0000,-0.0502,-0.0502,0.0000,0.0470,0.0000,0.0000
248.6500,40.6350,0,14,P118_PBO,-1.0950,-0.7560,0.1790,0.1790,1,0,1,0,0,0,0.0000,-1759189.2060,-4500478.5225,4146721.3395,11,-0.6810,-0.2600,0.4140,0.4960,-0.2673,-0.2942,0.4771,-0.0387,-0.0634,0.0044,0.0031,0.0000,0.0000,0.0000,0.0000,-0.0713,-0.0713,0.0000,0.0683,0.0000,0.0000
248.5850,40.8070,0,14,P089_PBO,-1.0890,0.1450,0.1190,0.0900,1,0,1,0,0,0,0.0000,-1759740.6246,-4486870.7486,4161208.3919,11,-0.6745,-0.2570,0.4145,-0.4020,-0.2585,-0.2920,0.4814,-0.0392,-0.0655,0.0042,0.0033,0.0000,0.0000,0.0000,0.0000,-0.0735,-0.0735,0.0000,0.0702,0.0000,0.0000
248.5490,44.3180,0,14,P360_PBO,-1.9610,-2.7540,0.1490,0.1490,1,0,1,0,0,0,0.0000,-1666057.4058,-4240163.6975,4448552.1240,11,-0.1009,-0.2578,1.8601,2.4962,-0.0831,-0.2907,0.1192,-0.0244,-0.1014,-0.0086,0.0110,0.0000,0.0000,0.0000,0.0000,-0.0119,-0.0119,0.0000,0.0009,0.0000,0.0000
248.5500,43.9190,0,14,P684_PBO,-2.1750,-1.6540,0.1490,0.1190,1,0,1,0,0,0,0.0000,-1677271.6376,-4268923.1336,4416718.9853,11,-0.1659,-0.2633,2.0091,1.3907,-0.1030,-0.2908,0.1605,-0.0210,-0.0976,-0.0064,0.0101,0.0000,0.0000,0.0000,0.0000,-0.0153,-0.0153,0.0000,0.0052,0.0000,0.0000
248.5500,39.8170,0,14,P112_PBO,-0.8250,-0.3540,0.1490,0.1790,1,0,1,0,0,0,0.0000,-1788510.0079,-4552042.4816,4077314.3930,11,-0.8767,-0.1354,-0.0517,0.2186,-0.3077,-0.2908,0.6251,-0.1611,-0.0561,0.0057,0.0016,0.0000,0.0000,0.0000,0.0000,-0.1105,-0.1105,0.0000,0.1089,0.0000,0.0000
248.4740,44.1850,0,14,BBID_PBO,-2.5660,-2.4520,0.1790,0.2390,1,0,1,0,0,0,0.0000,-1675390.8180,-4247573.8928,4437964.9721,11,-0.1274,-0.2605,2.4386,2.1915,-0.0895,-0.2881,0.1390,-0.0198,-0.1011,-0.0079,0.0108,0.0000,0.0000,0.0000,0.0000,-0.0140,-0.0140,0.0000,0.0032,0.0000,0.0000
248.4350,41.6070,0,14,HWUT_PBO,-0.7600,0.0490,0.4770,0.4780,1,0,1,0,0,0,0.0000,-1749953.6387,-4427778.8328,4228095.1186,11,-0.5753,-0.2505,0.1847,-0.2995,-0.2181,-0.2868,0.4318,-0.0388,-0.0747,0.0025,0.0049,0.0000,0.0000,0.0000,0.0000,-0.0682,-0.0682,0.0000,0.0633,0.0000,0.0000
248.4290,39.7150,0,14,P110_PBO,0.1710,-1.4510,0.2090,0.1490,1,0,1,0,0,0,0.0000,-1800785.0310,-4554998.2704,4068601.1711,11,-1.0426,-0.1392,-1.2136,1.3118,-0.3123,-0.2866,0.7859,-0.1534,-0.0557,0.0060,0.0013,0.0000,0.0000,0.0000,0.0000,-0.1726,-0.1726,0.0000,0.1712,0.0000,0.0000
248.3660,40.0160,0,14,MPUT_PBO,-2.5190,1.0510,0.1790,0.1190,1,0,1,0,0,0,0.0000,-1797887.3978,-4533084.1984,4094276.4949,11,-1.5974,-0.1333,0.9216,-1.1843,-0.2972,-0.2844,1.3591,-0.1568,-0.0589,0.0057,0.0018,0.0000,0.0000,0.0000,0.0000,-0.6758,-0.6758,0.0000,0.6740,0.0000,0.0000
248.2770,40.7720,0,14,P088_PBO,-0.5910,-1.3470,0.3880,0.4180,1,0,1,0,0,0,0.0000,-1784775.2566,-4479706.8627,4158263.4800,11,-1.2835,-0.3300,-0.6925,1.0170,-0.2592,-0.2813,1.0913,0.0441,-0.0670,0.0046,0.0031,0.0000,0.0000,0.0000,0.0000,-0.3805,-0.3805,0.0000,0.3773,0.0000,0.0000
248.2650,42.8270,0,14,P683_PBO,-4.2160,-6.4470,0.3880,0.4180,1,0,1,0,0,0,0.0000,-1729347.2647,-4337942.4772,4328506.0429,11,-0.4741,-0.2775,3.7419,6.1695,-0.1566,-0.2809,0.4068,-0.0020,-0.0894,-0.0014,0.0076,0.0000,0.0000,0.0000,0.0000,-0.0545,-0.0545,0.0000,0.0469,0.0000,0.0000
248.2490,40.4350,0,21,P117_PBO,-3.0040,-2.2470,0.4180,0.4780,1,0,1,0,0,0,0.0000,-1795996.7344,-4501473.0971,4129828.9490,21,-1.6955,-0.3033,1.3085,1.9437,-3.1561,-0.6203,-1.3969,-0.3223,-0.0637,0.0053,0.0025,0.0000,0.0000,0.0000,0.0000,-0.8943,-0.8943,0.0000,0.8918,0.0000,0.0000
248.2110,45.2180,0,14,P719_PBO,0.7720,-1.6460,0.4180,0.4480,1,0,1,0,0,0,0.0000,-1664896.4750,-4164856.9097,4519561.7167,11,0.0181,-0.2284,-0.7539,1.4176,-0.0369,-0.2790,0.0590,-0.0363,-0.1139,-0.0144,0.0134,0.0000,0.0000,0.0000,0.0000,-0.0085,-0.0085,0.0000,-0.0049,0.0000,0.0000
248.0550,39.5890,0,21,P108_PBO,-1.7350,-0.7420,0.1490,0.1790,1,0,1,0,0,0,0.0000,-1833818.6815,-4551434.6654,4057819.9802,21,-1.9454,-0.4538,-0.2104,0.2882,-3.2066,-0.6181,-1.2051,-0.1710,-0.0561,0.0066,0.0009,0.0000,0.0000,0.0000,0.0000,-0.5611,-0.5611,0.0000,0.5602,0.0000,0.0000
247.8730,39.3060,0,21,SPIC_PBO,-2.9460,0.8620,0.0890,0.0600,1,0,1,0,0,0,0.0000,-1855793.7642,-4564097.6607,4033533.6257,21,-2.3889,-0.4713,0.5571,-1.3333,-3.2226,-0.6161,-0.7795,-0.1518,-0.0541,0.0071,0.0003,0.0000,0.0000,0.0000,0.0000,-0.2211,-0.2211,0.0000,0.2208,0.0000,0.0000
247.7380,39.4590,0,21,P106_PBO,-2.7410,-0.5350,0.3280,0.3280,1,0,1,0,0,0,0.0000,-1862455.3570,-4549728.0324,4046675.9614,21,-2.6910,-0.4720,0.0500,0.0630,-3.2124,-0.6145,-0.4651,-0.1497,-0.0562,0.0071,0.0004,0.0000,0.0000,0.0000,0.0000,-0.0894,-0.0894,0.0000,0.0890,0.0000,0.0000
247.7180,40.6490,0,21,P086_PBO,-2.4980,0.9660,0.1190,0.1190,1,0,1,0,0,0,0.0000,-1831775.8980,-4470330.8835,4147901.9170,21,-2.6381,-0.4139,-0.1401,-1.3799,-3.1391,-0.6143,-0.4318,-0.2060,-0.0692,0.0056,0.0026,0.0000,0.0000,0.0000,0.0000,-0.0764,-0.0764,0.0000,0.0738,0.0000,0.0000
247.6680,41.6350,0,21,P122_PBO,-2.2620,-0.8330,0.0890,0.0600,1,0,1,0,0,0,0.0000,-1808282.9800,-4402044.9511,4230421.2998,21,-2.2386,-0.3904,0.0234,0.4426,-3.0771,-0.6137,-0.7573,-0.2267,-0.0812,0.0033,0.0048,0.0000,0.0000,0.0000,0.0000,-0.1955,-0.1955,0.0000,0.1907,0.0000,0.0000
247.6390,40.0780,0,21,P016_PBO,-2.7190,-0.2320,0.4180,0.3280,1,0,1,0,0,0,0.0000,-1853572.7597,-4505807.4037,4099551.0884,21,-2.8226,-0.4598,-0.1036,-0.2278,-3.1738,-0.6134,-0.2880,-0.1602,-0.0633,0.0066,0.0015,0.0000,0.0000,0.0000,0.0000,-0.0445,-0.0445,0.0000,0.0430,0.0000,0.0000
247.5450,35.3420,0,14,FERN_PBO,-2.3900,0.4700,0.0890,0.0600,1,0,1,0,0,0,0.0000,-1983893.0147,-4800201.3228,3683284.8421,11,-0.7846,0.0154,1.6054,-0.4546,-0.5263,-0.2558,0.2832,-0.2777,-0.0249,0.0065,-0.0040,0.0000,0.0000,0.0000,0.0000,-0.0133,-0.0133,0.0000,0.0173,0.0000,0.0000
247.4960,39.3880,0,21,P105_PBO,-2.7440,0.4710,0.1490,0.2090,1,0,1,0,0,0,0.0000,-1883573.2319,-4546450.2674,4040580.8131,21,-2.8803,-0.4590,-0.1363,-0.9300,-3.2151,-0.6118,-0.2782,-0.1603,-0.0566,0.0075,0.0001,0.0000,0.0000,0.0000,0.0000,-0.0442,-0.0442,0.0000,0.0441,0.0000,0.0000
247.4760,45.0430,0,14,P706_PBO,-0.3370,-1.1280,0.4180,0.4180,1,0,1,0,0,0,0.0000,-1723465.4784,-4155889.1098,4505841.0884,11,-0.0123,-0.2277,0.3247,0.9003,-0.0432,-0.2534,0.0933,-0.0117,-0.1242,-0.0140,0.0138,0.0000,0.0000,0.0000,0.0000,-0.0156,-0.0156,0.0000,0.0018,0.0000,0.0000
247.4720,40.6340,0,21,P114_PBO,-2.6990,-0.3280,0.2390,0.1190,1,0,1,0,0,0,0.0000,-1851368.3552,-4463427.8576,4146637.0031,21,-2.7938,-0.4368,-0.0948,-0.1088,-3.1383,-0.6115,-0.2739,-0.1807,-0.0706,0.0060,0.0024,0.0000,0.0000,0.0000,0.0000,-0.0417,-0.0417,0.0000,0.0393,0.0000,0.0000
247.3830,45.3830,0,14,P045_PBO,-0.3250,-1.8260,0.3580,0.3880,1,0,1,0,0,0,0.0000,-1719895.7705,-4128331.2759,4532459.6939,11,0.0457,-0.2027,0.3707,1.6233,-0.0259,-0.2501,0.0574,-0.0307,-0.1291,-0.0168,0.0148,0.0000,0.0000,0.0000,0.0000,-0.0119,-0.0119,0.0000,-0.0028,0.0000,0.0000
247.3770,41.7570,0,21,P057_PBO,-2.7580,-0.4260,0.0890,0.0900,1,0,1,0,0,0,0.0000,-1827147.9859,-4384479.4169,4240545.0053,21,-2.5601,-0.4265,0.1979,-0.0005,-3.0674,-0.6104,-0.4220,-0.1873,-0.0853,0.0033,0.0050,0.0000,0.0000,0.0000,0.0000,-0.0732,-0.0732,0.0000,0.0682,0.0000,0.0000
247.3640,44.4000,0,14,P681_PBO,-2.3610,-1.9260,0.3580,0.3880,1,0,1,0,0,0,0.0000,-1750938.3908,-4198921.1589,4455067.5993,11,-0.2317,-0.3120,2.1293,1.6140,-0.0751,-0.2495,0.2756,0.0720,-0.1190,-0.0095,0.0121,0.0000,0.0000,0.0000,0.0000,-0.0504,-0.0504,0.0000,0.0383,0.0000,0.0000
247.3020,41.8030,0,21,P121_PBO,-2.8570,-0.8240,0.0890,0.0900,1,0,1,0,0,0,0.0000,-1831571.3802,-4378941.6658,4244357.1513,21,-2.5928,-0.4275,0.2642,0.3965,-3.0639,-0.6096,-0.3845,-0.1853,-0.0866,0.0033,0.0050,0.0000,0.0000,0.0000,0.0000,-0.0637,-0.0637,0.0000,0.0587,0.0000,0.0000
247.2830,39.1860,0,21,P104_PBO,-1.4520,-1.0240,0.4770,0.3280,1,0,1,0,0,0,0.0000,-1905951.2752,-4552528.5767,4023205.7810,21,-2.9702,-0.4462,-1.5182,0.5778,-3.2259,-0.6093,-0.2003,-0.1711,-0.0553,0.0080,-0.0004,0.0000,0.0000,0.0000,0.0000,-0.0319,-0.0319,0.0000,0.0324,0.0000,0.0000
247.2810,42.2120,0,21,P675_PBO,-3.3420,-1.4240,0.3580,0.3580,1,0,1,0,0,0,0.0000,-1821428.2036,-4350211.6600,4278131.5167,21,-2.4161,-0.3788,0.9259,1.0452,-3.0378,-0.6093,-0.5296,-0.2325,-0.0922,0.0019,0.0061,0.0000,0.0000,0.0000,0.0000,-0.0973,-0.0973,0.0000,0.0912,0.0000,0.0000
247.1950,43.4490,0,21,P678_PBO,-2.1970,-1.5220,0.4770,0.3880,1,0,1,0,0,0,0.0000,-1791732.7280,-4261322.7240,4378946.6695,21,-1.4163,-0.3012,0.7807,1.2208,-2.9579,-0.6083,-1.4319,-0.3034,-0.1097,-0.0037,0.0095,0.0000,0.0000,0.0000,0.0000,-0.7765,-0.7765,0.0000,0.7670,0.0000,0.0000
246.9880,41.8170,0,21,P111_PBO,-2.6570,-1.7170,0.3580,0.3580,1,0,1,0,0,0,0.0000,-1855136.3381,-4367883.6411,4245516.8268,21,-2.7039,-0.4329,-0.0469,1.2841,-3.0608,-0.6060,-0.2671,-0.1767,-0.0898,0.0036,0.0050,0.0000,0.0000,0.0000,0.0000,-0.0388,-0.0388,0.0000,0.0338,0.0000,0.0000
246.9460,40.4940,0,21,P084_PBO,-3.6060,-0.9160,0.3280,0.3280,1,0,1,0,0,0,0.0000,-1896228.0389,-4455553.3184,4134817.4461,21,-2.9347,-0.4416,0.6713,0.4744,-3.1434,-0.6055,-0.1362,-0.1709,-0.0725,0.0070,0.0018,0.0000,0.0000,0.0000,0.0000,-0.0236,-0.0236,0.0000,0.0218,0.0000,0.0000
246.7220,40.6710,0,21,P113_PBO,-3.2000,-1.1110,0.2980,0.3580,1,0,1,0,0,0,0.0000,-1908575.5715,-4436351.0714,4149756.6098,21,-2.9360,-0.4381,0.2640,0.6729,-3.1308,-0.6029,-0.1184,-0.1718,-0.0764,0.0071,0.0020,0.0000,0.0000,0.0000,0.0000,-0.0222,-0.0222,0.0000,0.0202,0.0000,0.0000
246.6680,47.0300,0,14,P046_PBO,0.4330,-2.0090,0.3880,0.4180,1,0,1,0,0,0,0.0000,-1718952.0229,-3985233.7069,4659127.3545,11,0.2169,-0.1117,-0.2161,1.8973,0.0588,-0.2252,-0.0030,-0.0792,-0.1551,-0.0344,0.0198,0.0000,0.0000,0.0000,0.0000,-0.0058,-0.0058,0.0000,-0.0139,0.0000,0.0000
246.4950,39.2690,0,21,P082_PBO,-2.8520,-0.5050,0.3880,0.3880,1,0,1,0,0,0,0.0000,-1966054.3754,-4520536.6644,4030351.0915,21,-3.1018,-0.4134,-0.2498,0.0916,-3.2156,-0.6003,-0.0541,-0.1960,-0.0598,0.0092,-0.0011,0.0000,0.0000,0.0000,0.0000,-0.0171,-0.0171,0.0000,0.0182,0.0000,0.0000
246.1320,42.8790,0,21,P677_PBO,-2.5220,-1.2970,0.2980,0.3580,1,0,1,0,0,0,0.0000,-1888013.7697,-4266977.5382,4332742.5674,21,-2.5893,-0.4235,-0.0673,0.8735,-2.9870,-0.5960,-0.2810,-0.1727,-0.1167,0.0001,0.0078,0.0000,0.0000,0.0000,0.0000,-0.0261,-0.0261,0.0000,0.0182,0.0000,0.0000
246.1290,39.0670,0,21,P081_PBO,-2.9600,-0.2970,0.3280,0.3280,1,0,1,0,0,0,0.0000,-2000628.6039,-4520851.2968,4012946.5737,21,-3.1482,-0.3907,-0.1882,-0.0937,-3.2255,-0.5960,-0.0183,-0.2152,-0.0590,0.0099,-0.0018,0.0000,0.0000,0.0000,0.0000,-0.0152,-0.0152,0.0000,0.0171,0.0000,0.0000
246.0210,44.1090,0,21,P354_PBO,-1.2770,-1.4940,0.3580,0.3580,1,0,1,0,0,0,0.0000,-1858041.8701,-4177350.2351,4431904.4308,21,-2.1484,-0.3213,-0.8714,1.1727,-2.9064,-0.5947,-0.6190,-0.2656,-0.1390,-0.0078,0.0121,0.0000,0.0000,0.0000,0.0000,-0.0821,-0.0821,0.0000,0.0700,0.0000,0.0000
245.9950,32.7230,0,14,P003_PBO,-3.2870,0.1060,0.2090,0.2090,1,0,1,0,0,0,0.0000,-2179271.3292,-4893574.2098,3442101.0137,11,-1.3629,0.9130,1.9241,0.8070,-0.6513,-0.2017,0.7251,-1.1194,-0.0135,0.0047,-0.0060,0.0000,0.0000,0.0000,0.0000,-0.1561,-0.1561,0.0000,0.1621,0.0000,0.0000
245.8110,34.3090,0,14,GNPS_PBO,-2.3320,2.9110,0.0600,0.0600,1,0,1,0,0,0,0.0000,-2155098.4269,-4797774.7781,3589047.1453,11,-1.1258,0.3196,1.2062,-2.5914,-0.5732,-0.1953,0.5721,-0.5212,-0.0194,0.0064,-0.0062,0.0000,0.0000,0.0000,0.0000,-0.0006,-0.0006,0.0000,0.0068,0.0000,0.0000
245.7230,39.1190,0,21,P080_PBO,-2.1600,-0.2870,0.4770,0.5080,1,0,1,0,0,0,0.0000,-2031114.7729,-4503239.5684,4017431.7207,21,-3.1705,-0.3683,-1.0105,-0.0813,-3.2196,-0.5912,0.0124,-0.2337,-0.0615,0.0107,-0.0023,0.0000,0.0000,0.0000,0.0000,-0.0139,-0.0139,0.0000,0.0162,0.0000,0.0000
245.4010,34.1890,0,14,P623_PBO,-3.6370,0.4200,0.1190,0.1190,1,0,1,0,0,0,0.0000,-2192499.3237,-4789054.6936,3578023.6610,11,-1.2911,0.4299,2.3459,0.0099,-0.5783,-0.1809,0.7314,-0.6172,-0.0186,0.0064,-0.0066,0.0000,0.0000,0.0000,0.0000,0.0152,0.0152,0.0000,-0.0086,0.0000,0.0000
245.1730,33.0510,0,14,GMPK_PBO,-3.4780,2.6260,0.0890,0.0600,1,0,1,0,0,0,0.0000,-2240940.3218,-4843843.1733,3472710.9365,11,-1.8920,1.1217,1.5860,-1.5043,-0.6338,-0.1729,1.2721,-1.2997,-0.0139,0.0051,-0.0068,0.0000,0.0000,0.0000,0.0000,-0.0483,-0.0483,0.0000,0.0551,0.0000,0.0000
244.9680,32.7060,0,14,IID2_PBO,-3.8930,2.3210,0.1700,0.1840,1,0,1,0,0,0,0.0000,-2267063.6123,-4854652.9297,3440511.4404,11,-2.6582,2.0349,1.2348,-0.2861,-0.6503,-0.1658,2.0204,-2.2054,-0.0126,0.0048,-0.0069,0.0000,0.0000,0.0000,0.0000,-0.1875,-0.1875,0.0000,0.1944,0.0000,0.0000
244.8550,34.1580,0,14,IMPS_PBO,-2.5560,0.6390,0.1760,0.1710,1,0,1,0,0,0,0.0000,-2238858.6231,-4769695.8885,3575173.3746,11,-1.6084,0.6845,0.9476,0.0455,-0.5789,-0.1618,1.0475,-0.8528,-0.0181,0.0065,-0.0073,0.0000,0.0000,0.0000,0.0000,0.0264,0.0264,0.0000,-0.0191,0.0000,0.0000
244.7620,35.2910,0,14,P626_PBO,-3.4000,0.0350,0.1790,0.1490,1,0,1,0,0,0,0.0000,-2216016.3892,-4701178.8620,3678660.1001,11,-1.2170,0.4201,2.1830,0.3851,-0.5230,-0.1586,0.7184,-0.5868,-0.0243,0.0082,-0.0074,0.0000,0.0000,0.0000,0.0000,-0.0131,-0.0131,0.0000,0.0205,0.0000,0.0000
244.7210,39.9100,0,21,P005_PBO,-2.9350,-1.0640,0.4470,0.4780,1,0,1,0,0,0,0.0000,-2085669.3292,-4416456.4358,4085247.5398,21,-3.1392,-0.3280,-0.2042,0.7360,-3.1646,-0.5794,0.0548,-0.2638,-0.0802,0.0124,-0.0021,0.0000,0.0000,0.0000,0.0000,-0.0153,-0.0153,0.0000,0.0175,0.0000,0.0000
244.7060,32.8910,0,14,P509_PBO,-1.5850,3.1370,0.1790,0.1790,1,0,1,0,0,0,0.0000,-2284480.6477,-4834166.3481,3457793.4222,11,-3.0516,2.4576,-1.4666,-0.6794,-0.6409,-0.1566,2.4237,-2.6192,-0.0129,0.0050,-0.0072,0.0000,0.0000,0.0000,0.0000,-0.0830,-0.0830,0.0000,0.0902,0.0000,0.0000
244.7040,33.8870,0,14,P511_PBO,-4.5500,0.6370,0.1190,0.1190,1,0,1,0,0,0,0.0000,-2258621.4611,-4779014.1404,3550211.8813,11,-2.0201,0.9565,2.5299,0.3195,-0.5920,-0.1565,1.4448,-1.1193,-0.0167,0.0062,-0.0075,0.0000,0.0000,0.0000,0.0000,0.0668,0.0668,0.0000,-0.0594,0.0000,0.0000
244.7000,32.6900,0,14,P500_PBO,-6.3920,8.9370,0.1490,0.1490,1,0,1,0,0,0,0.0000,-2290156.7870,-4844864.1396,3439015.0947,11,-6.9855,6.7783,-0.5935,-2.1587,-0.6507,-0.1564,6.3471,-6.9395,-0.0123,0.0048,-0.0072,0.0000,0.0000,0.0000,0.0000,-0.3231,-0.3231,0.0000,0.3303,0.0000,0.0000
244.6570,33.1440,0,14,P510_PBO,-3.9760,1.5380,0.1790,0.1790,1,0,1,0,0,0,0.0000,-2282056.2751,-4818364.7006,3481369.3041,11,-3.4685,1.6275,0.5075,0.0895,-0.6284,-0.1549,2.8538,-1.7877,-0.0137,0.0053,-0.0074,0.0000,0.0000,0.0000,0.0000,0.0856,0.0856,0.0000,-0.0782,0.0000,0.0000
244.6340,35.1630,0,14,P622_PBO,-3.6050,0.0380,0.1790,0.1490,1,0,1,0,0,0,0.0000,-2230028.4970,-4703630.6669,3667040.0752,11,-1.2694,0.4884,2.3356,0.4504,-0.5291,-0.1541,0.7637,-0.6505,-0.0234,0.0081,-0.0076,0.0000,0.0000,0.0000,0.0000,-0.0159,-0.0159,0.0000,0.0235,0.0000,0.0000
244.6020,32.8760,0,14,P501_PBO,-4.6860,6.4390,0.1190,0.1190,1,0,1,0,0,0,0.0000,-2293639.7656,-4830829.3196,3456393.5210,11,-3.8805,4.0124,0.8055,-2.4266,-0.6415,-0.1530,3.2518,-4.1704,-0.0128,0.0050,-0.0073,0.0000,0.0000,0.0000,0.0000,-0.0153,-0.0153,0.0000,0.0227,0.0000,0.0000
244.5780,32.9820,0,14,P502_PBO,-4.6820,3.9400,0.1490,0.1790,1,0,1,0,0,0,0.0000,-2292914.1279,-4824084.5544,3466281.0728,11,-4.3851,2.7165,0.2969,-1.2235,-0.6362,-0.1521,3.7620,-2.8738,-0.0131,0.0051,-0.0074,0.0000,0.0000,0.0000,0.0000,-0.0679,-0.0679,0.0000,0.0752,0.0000,0.0000
244.5710,33.2480,0,14,P508_PBO,-4.8730,1.9400,0.1190,0.1190,1,0,1,0,0,0,0.0000,-2286568.8084,-4809219.0505,3491040.9149,11,-4.0164,1.7691,0.8566,-0.1709,-0.6232,-0.1519,3.4073,-1.9264,-0.0140,0.0054,-0.0075,0.0000,0.0000,0.0000,0.0000,0.0383,0.0383,0.0000,-0.0309,0.0000,0.0000
244.5120,32.9800,0,14,P499_PBO,-6.7830,5.0410,0.1790,0.2090,1,0,1,0,0,0,0.0000,-2298521.6178,-4821549.3242,3466094.6249,11,-5.8951,3.5950,0.8879,-1.4460,-0.6362,-0.1498,5.2719,-3.7499,-0.0130,0.0051,-0.0075,0.0000,0.0000,0.0000,0.0000,-0.3519,-0.3519,0.0000,0.3593,0.0000,0.0000
244.4930,32.8290,0,24,IVCO_PBO,-14.8640,20.2550,0.1870,0.1590,1,0,1,0,0,0,0.0000,-2304045.9862,-4829014.4630,3452005.6302,26,-13.1572,15.6349,1.7068,-4.6201,-16.8807,16.6936,-3.7110,1.0538,-0.0125,0.0050,-0.0074,0.0000,0.0000,0.0000,0.0000,0.9603,0.9603,0.0000,-0.9529,0.0000,0.0000
244.4900,33.0810,0,14,P506_PBO,-6.5790,4.0420,0.2390,0.2390,1,0,1,0,0,0,0.0000,-2297737.8448,-4815144.6020,3475504.9591,11,-6.3589,3.1003,0.2201,-0.9417,-0.6313,-0.1490,5.7409,-3.2546,-0.0133,0.0052,-0.0075,0.0000,0.0000,0.0000,0.0000,-0.5508,-0.5508,0.0000,0.5583,0.0000,0.0000
244.4870,39.5360,0,21,P076_PBO,-2.3490,-0.4580,0.4470,0.4780,1,0,1,0,0,0,0.0000,-2115129.8251,-4431873.7874,4053279.1684,21,-3.2054,-0.2907,-0.8564,0.1673,-3.1862,-0.5766,0.0946,-0.2992,-0.0753,0.0133,-0.0034,0.0000,0.0000,0.0000,0.0000,-0.0139,-0.0139,0.0000,0.0173,0.0000,0.0000
244.4790,33.2750,0,14,GLRS_PBO,-6.8720,1.7420,0.0890,0.1490,1,0,1,0,0,0,0.0000,-2293578.9956,-4804056.1724,3493549.9345,11,-5.1461,2.3299,1.7259,0.5879,-0.6217,-0.1486,4.5384,-2.4840,-0.0140,0.0055,-0.0076,0.0000,0.0000,0.0000,0.0000,-0.2626,-0.2626,0.0000,0.2702,0.0000,0.0000
244.4560,35.4730,0,14,P621_PBO,-3.9950,0.0420,0.1790,0.1490,1,0,1,0,0,0,0.0000,-2236042.2567,-4678710.0585,3695150.6973,11,-1.4266,0.4590,2.5684,0.4170,-0.5135,-0.1478,0.9386,-0.6156,-0.0254,0.0087,-0.0078,0.0000,0.0000,0.0000,0.0000,-0.0277,-0.0277,0.0000,0.0355,0.0000,0.0000
244.4440,39.9250,0,21,P102_PBO,-2.6350,0.2430,0.4470,0.4480,1,0,1,0,0,0,0.0000,-2106535.0508,-4405356.5353,4086526.0722,21,-3.1556,-0.3048,-0.5206,-0.5478,-3.1619,-0.5761,0.0765,-0.2844,-0.0829,0.0131,-0.0026,0.0000,0.0000,0.0000,0.0000,-0.0162,-0.0162,0.0000,0.0187,0.0000,0.0000
244.4300,32.8980,0,24,P498_PBO,-15.2860,21.8430,0.1490,0.1490,1,0,1,0,0,0,0.0000,-2307558.4055,-4822724.6018,3458446.6284,26,-13.7750,16.2865,1.5110,-5.5565,-16.7424,16.7973,-2.9547,0.5057,-0.0126,0.0050,-0.0075,0.0000,0.0000,0.0000,0.0000,-1.4325,-1.4325,0.0000,1.4400,0.0000,0.0000
244.4230,32.8350,0,22,P497_PBO,-16.4880,22.1430,0.1490,0.1790,1,0,1,0,0,0,0.0000,-2309787.9415,-4825869.8411,3452565.9159,23,-20.2735,21.4161,-3.7855,-0.7269,-25.8219,30.3654,-5.5360,8.9444,-0.0124,0.0050,-0.0075,0.0000,0.0000,0.0000,0.0000,2.2068,2.2068,0.0000,-2.1993,0.0000,0.0000
244.4040,32.7510,0,22,P496_PBO,-23.3910,28.0440,0.1490,0.2690,1,0,1,0,0,0,0.0000,-2313572.4297,-4829663.4157,3444718.4739,23,-22.4999,24.9378,0.8911,-3.1062,-25.8067,30.3569,-3.2946,5.4142,-0.0121,0.0049,-0.0075,0.0000,0.0000,0.0000,0.0000,0.5278,0.5278,0.0000,-0.5203,0.0000,0.0000
244.3880,33.2000,0,14,P507_PBO,-8.9630,0.2090,0.1800,0.1920,1,0,1,0,0,0,0.0000,-2303180.9796,-4804526.9327,3486578.5219,11,-8.2203,5.7204,0.7427,5.5114,-0.6253,-0.1455,7.6086,-5.8713,-0.0136,0.0054,-0.0077,0.0000,0.0000,0.0000,0.0000,-1.7694,-1.7694,0.0000,1.7770,0.0000,0.0000
244.3720,33.0450,0,24,P495_PBO,-11.2810,15.2440,0.1190,0.1190,1,0,1,0,0,0,0.0000,-2308593.7627,-4812370.1714,3472152.0177,26,-12.8450,14.6110,-1.5640,-0.6330,-16.4357,16.8927,-3.5776,2.2765,-0.0131,0.0052,-0.0076,0.0000,0.0000,0.0000,0.0000,-1.3143,-1.3143,0.0000,1.3220,0.0000,0.0000
244.3650,33.7050,0,14,HNPS_PBO,-5.8580,2.7450,0.0600,0.0900,1,0,1,0,0,0,0.0000,-2291724.9970,-4775710.2086,3533403.4589,11,-3.1091,2.1531,2.7489,-0.5919,-0.6005,-0.1447,2.5242,-2.3038,-0.0156,0.0060,-0.0078,0.0000,0.0000,0.0000,0.0000,0.0754,0.0754,0.0000,-0.0676,0.0000,0.0000
244.3500,35.2050,0,14,P611_PBO,-4.8050,0.0450,0.2680,0.2990,1,0,1,0,0,0,0.0000,-2252151.4559,-4690094.8249,3670854.9161,11,-1.4234,0.5872,3.3816,0.5422,-0.5266,-0.1441,0.9203,-0.7396,-0.0235,0.0083,-0.0080,0.0000,0.0000,0.0000,0.0000,-0.0289,-0.0289,0.0000,0.0369,0.0000,0.0000
244.3400,34.7840,0,14,GMRC_PBO,-3.7200,1.0450,0.0600,0.0600,1,0,1,0,0,0,0.0000,-2264589.1196,-4713887.6274,3632526.8089,11,-1.6113,0.7908,2.1087,-0.2542,-0.5474,-0.1438,1.0848,-0.9422,-0.0209,0.0076,-0.0080,0.0000,0.0000,0.0000,0.0000,-0.0488,-0.0488,0.0000,0.0568,0.0000,0.0000
244.3130,33.4240,0,14,P505_PBO,-5.8680,3.3460,0.2980,0.2690,1,0,1,0,0,0,0.0000,-2303542.1004,-4789187.4573,3507382.0368,11,-5.4090,4.3732,0.4590,1.0272,-0.6142,-0.1428,4.8092,-4.5217,-0.0144,0.0057,-0.0078,0.0000,0.0000,0.0000,0.0000,0.0109,0.0109,0.0000,-0.0030,0.0000,0.0000
244.2680,32.7600,0,22,P494_PBO,-22.7910,26.5470,0.1790,0.1490,1,0,1,0,0,0,0.0000,-2324794.8695,-4823670.7124,3445559.6257,23,-24.5674,24.8902,-1.7764,-1.6568,-25.8478,30.2954,-1.2684,5.4003,-0.0120,0.0049,-0.0076,0.0000,0.0000,0.0000,0.0000,0.5626,0.5626,0.0000,-0.5549,0.0000,0.0000
244.2650,33.0700,0,24,CRRS_PBO,-14.2360,18.4420,0.1780,0.1720,1,0,1,0,0,0,0.0000,-2316918.7910,-4806685.2793,3474480.5947,26,-16.3498,17.9944,-2.1138,-0.4476,-16.3993,17.0688,-0.0364,-0.9309,-0.0131,0.0052,-0.0078,0.0000,0.0000,0.0000,0.0000,0.2294,0.2294,0.0000,-0.2216,0.0000,0.0000
244.2360,34.4260,0,14,P610_PBO,-3.5330,0.8480,0.3280,0.3280,1,0,1,0,0,0,0.0000,-2282962.9411,-4730118.0165,3599779.8850,11,-2.3320,1.2701,1.2010,0.4221,-0.5648,-0.1401,1.7860,-1.4173,-0.0188,0.0071,-0.0081,0.0000,0.0000,0.0000,0.0000,-0.2213,-0.2213,0.0000,0.2295,0.0000,0.0000
244.2340,33.5160,0,14,P504_PBO,-8.5650,4.1480,0.1490,0.1490,1,0,1,0,0,0,0.0000,-2307692.1806,-4780928.7100,3515910.8252,11,-5.2713,4.8879,3.2937,0.7399,-0.6096,-0.1401,4.6764,-5.0337,-0.0147,0.0058,-0.0079,0.0000,0.0000,0.0000,0.0000,0.1256,0.1256,0.0000,-0.1177,0.0000,0.0000
244.1790,33.7410,0,14,P607_PBO,-6.3570,2.8490,0.2680,0.2990,1,0,1,0,0,0,0.0000,-2306248.8956,-4766246.0148,3536731.0358,11,-4.0074,3.4350,2.3496,0.5860,-0.5985,-0.1381,3.4245,-3.5792,-0.0155,0.0061,-0.0081,0.0000,0.0000,0.0000,0.0000,-0.0224,-0.0224,0.0000,0.0305,0.0000,0.0000
244.1110,39.3740,0,21,P075_PBO,0.6430,-5.6500,0.4470,0.4780,1,0,1,0,0,0,0.0000,-2149163.3252,-4428190.6075,4039378.2203,21,-3.2633,-0.2380,-3.9063,5.4120,-3.1937,-0.5721,0.1446,-0.3486,-0.0750,0.0145,-0.0044,0.0000,0.0000,0.0000,0.0000,-0.0143,-0.0143,0.0000,0.0187,0.0000,0.0000
244.0890,34.7270,0,14,I40A_PBO,-4.0230,1.5510,0.1190,0.1490,1,0,1,0,0,0,0.0000,-2286795.8075,-4707169.9356,3627322.3725,11,-2.0880,1.1510,1.9350,-0.4000,-0.5498,-0.1350,1.5586,-1.2936,-0.0204,0.0076,-0.0084,0.0000,0.0000,0.0000,0.0000,-0.1323,-0.1323,0.0000,0.1407,0.0000,0.0000
244.0820,34.3700,0,37,OPBL_PBO,-2.9350,2.6510,0.0890,0.0600,1,0,1,0,0,0,0.0000,-2297205.0511,-4727127.0102,3594644.7174,38,-3.3823,2.0287,-0.4473,-0.6223,-1.7062,1.0173,1.6945,-1.0184,-0.0184,0.0070,-0.0083,0.0000,0.0000,0.0000,0.0000,-0.6979,-0.6979,0.0000,0.7062,0.0000,0.0000
244.0220,33.2920,0,24,SLMS_PBO,-13.5730,16.4530,0.0600,0.0600,1,0,1,0,0,0,0.0000,-2331369.3856,-4784677.5752,3495129.2896,26,-16.2696,17.6287,-2.6966,1.1757,-15.9622,17.4683,0.3210,-0.1659,-0.0136,0.0055,-0.0081,0.0000,0.0000,0.0000,0.0000,0.0965,0.0965,0.0000,-0.0884,0.0000,0.0000
244.0020,34.0010,0,14,BEMT_PBO,-5.9480,5.6530,0.0890,0.0600,1,0,1,0,0,0,0.0000,-2313903.0460,-4744624.6433,3560721.9983,11,-4.3819,4.9584,1.5661,-0.6946,-0.5854,-0.1319,3.8129,-5.0968,-0.0165,0.0065,-0.0084,0.0000,0.0000,0.0000,0.0000,-0.7952,-0.7952,0.0000,0.8036,0.0000,0.0000
243.9500,39.5460,0,21,P074_PBO,-2.7510,-0.6460,0.4180,0.4480,1,0,1,0,0,0,0.0000,-2156262.9881,-4411219.9144,4054136.1909,21,-3.2635,-0.2227,-0.5125,0.4233,-3.1821,-0.5701,0.1610,-0.3623,-0.0796,0.0149,-0.0043,0.0000,0.0000,0.0000,0.0000,-0.0176,-0.0176,0.0000,0.0219,0.0000,0.0000
243.9470,34.2510,0,37,BMHL_PBO,-3.7400,4.4540,0.0600,0.0600,1,0,1,0,0,0,0.0000,-2311610.7406,-4728398.2902,3583721.0906,38,-5.5799,4.0572,-1.8399,-0.3968,-1.5105,0.8307,4.0869,-3.2334,-0.0176,0.0069,-0.0085,0.0000,0.0000,0.0000,0.0000,-2.1559,-2.1559,0.0000,2.1644,0.0000,0.0000
243.9200,35.2870,0,14,BKAP_PBO,-4.9030,1.1550,0.0600,0.0600,1,0,1,0,0,0,0.0000,-2284974.5009,-4668337.2113,3678297.2519,11,-1.9669,0.8084,2.9361,-0.3466,-0.5220,-0.1291,1.4687,-0.9462,-0.0237,0.0087,-0.0087,0.0000,0.0000,0.0000,0.0000,-0.1268,-0.1268,0.0000,0.1355,0.0000,0.0000
243.9200,33.9590,0,14,P601_PBO,-6.5500,5.4550,0.2680,0.2990,1,0,1,0,0,0,0.0000,-2321837.9018,-4743651.3061,3556851.4877,11,-4.8232,6.2613,1.7268,0.8063,-0.5874,-0.1291,4.2520,-6.3968,-0.0162,0.0065,-0.0085,0.0000,0.0000,0.0000,0.0000,-0.5973,-0.5973,0.0000,0.6057,0.0000,0.0000
243.9170,34.3670,0,37,OPCP_PBO,-2.8360,4.3550,0.0600,0.0600,1,0,1,0,0,0,0.0000,-2310891.4052,-4720660.9827,3594369.5222,38,-5.0701,3.2854,-2.2341,-1.0696,-1.7027,0.7893,3.3856,-2.5033,-0.0182,0.0071,-0.0086,0.0000,0.0000,0.0000,0.0000,-1.3610,-1.3610,0.0000,1.3695,0.0000,0.0000
243.9150,33.0300,0,22,USGC_PBO,-23.9130,24.4020,0.1700,0.1710,1,0,1,0,0,0,0.0000,-2347303.7434,-4794619.8413,3470754.5542,23,-23.3749,24.3131,0.5381,-0.0889,-26.0158,30.1352,-2.6285,5.8170,-0.0125,0.0052,-0.0081,0.0000,0.0000,0.0000,0.0000,0.3461,0.3461,0.0000,-0.3380,0.0000,0.0000
243.8960,35.1420,0,14,P618_PBO,-4.7090,0.1550,0.1490,0.1790,1,0,1,0,0,0,0.0000,-2291018.3162,-4675723.9628,3665131.9157,11,-2.2167,0.9394,2.4923,0.7844,-0.5291,-0.1282,1.7103,-1.0760,-0.0227,0.0084,-0.0087,0.0000,0.0000,0.0000,0.0000,-0.2461,-0.2461,0.0000,0.2548,0.0000,0.0000
243.8520,34.5090,0,37,NBPS_PBO,-3.4310,3.2560,0.0600,0.0900,1,0,1,0,0,0,0.0000,-2312312.4746,-4710025.3456,3607384.6102,38,-4.3568,3.1474,-0.9258,-0.1086,-1.9381,0.6994,2.4376,-2.4553,-0.0189,0.0073,-0.0087,0.0000,0.0000,0.0000,0.0000,-0.4883,-0.4883,0.0000,0.4970,0.0000,0.0000
243.8510,34.4300,0,37,OPCX_PBO,-2.9340,4.1560,0.0890,0.0600,1,0,1,0,0,0,0.0000,-2314584.5128,-4714445.3337,3600146.5512,38,-5.1623,3.9222,-2.2283,-0.2338,-1.8074,0.6980,3.3734,-3.2313,-0.0184,0.0072,-0.0087,0.0000,0.0000,0.0000,0.0000,-0.8759,-0.8759,0.0000,0.8846,0.0000,0.0000
243.8300,32.6170,0,23,P066_PBO,-27.8980,26.9570,0.0890,0.0900,1,0,1,0,0,0,0.0000,-2365386.6647,-4813460.9326,3432184.6160,24,-27.3658,28.4152,0.5322,1.4582,-28.8681,30.2549,-1.4913,1.8350,-0.0111,0.0047,-0.0080,0.0000,0.0000,0.0000,0.0000,-0.2825,-0.2825,0.0000,0.2906,0.0000,0.0000
243.7910,34.6990,0,37,LDSW_PBO,-6.0250,2.1580,0.0890,0.1490,1,0,1,0,0,0,0.0000,-2312029.7463,-4696802.3474,3624764.4921,38,-3.7402,2.6372,2.2848,0.4792,-2.2528,0.6151,1.5073,-2.0298,-0.0199,0.0077,-0.0088,0.0000,0.0000,0.0000,0.0000,-0.5105,-0.5105,0.0000,0.5194,0.0000,0.0000
243.7880,33.8660,0,14,P600_PBO,-9.6540,9.5580,0.0890,0.1190,1,0,1,0,0,0,0.0000,-2335307.2862,-4743462.9781,3548274.2730,11,-7.9986,10.2274,1.6554,0.6694,-0.5918,-0.1244,7.4224,-10.3581,-0.0156,0.0063,-0.0086,0.0000,0.0000,0.0000,0.0000,-0.3247,-0.3247,0.0000,0.3333,0.0000,0.0000
243.7730,33.5750,0,24,P491_PBO,-15.1640,14.8580,0.1190,0.1190,1,0,1,0,0,0,0.0000,-2344483.0261,-4758956.2565,3521375.6049,26,-15.1299,16.6287,0.0341,1.7707,-15.3962,17.8775,-0.2519,1.2428,-0.0144,0.0059,-0.0085,0.0000,0.0000,0.0000,0.0000,0.1222,0.1222,0.0000,-0.1137,0.0000,0.0000
243.7210,34.2550,0,35,SDHL_PBO,-5.9210,5.1830,0.2110,0.1880,1,0,1,0,0,0,0.0000,-2330132.8364,-4719019.1659,3584088.5227,37,-8.0271,8.2438,-2.1061,3.0608,-10.3080,9.5555,-2.2635,1.3048,-0.0174,0.0070,-0.0088,0.0000,0.0000,0.0000,0.0000,-1.4538,-1.4538,0.0000,1.4626,0.0000,0.0000
243.7210,40.3630,0,21,P087_PBO,-2.5230,0.6590,0.4470,0.4780,1,0,1,0,0,0,0.0000,-2148061.7237,-4350286.0803,4123735.3591,21,-3.1352,-0.1784,-0.6122,-0.8374,-3.1301,-0.5674,0.1047,-0.4035,-0.0996,0.0146,-0.0027,0.0000,0.0000,0.0000,0.0000,-0.0244,-0.0244,0.0000,0.0271,0.0000,0.0000
243.7080,34.5330,0,37,OPRD_PBO,-6.4310,5.8600,0.0600,0.0600,1,0,1,0,0,0,0.0000,-2323473.2231,-4702843.8521,3609582.1566,38,-6.0964,5.6748,0.3346,-0.1852,-1.9786,0.5004,4.1366,-5.1818,-0.0188,0.0074,-0.0089,0.0000,0.0000,0.0000,0.0000,-0.4444,-0.4444,0.0000,0.4533,0.0000,0.0000
243.7010,35.9710,0,21,SHOS_PBO,-4.4800,1.1600,0.0600,0.0600,1,0,1,0,0,0,0.0000,-2283182.4620,-4619871.6574,3740082.2418,21,-3.5485,0.3637,0.9315,-0.7963,-3.3942,-0.5671,0.1833,-0.9411,-0.0289,0.0103,-0.0090,0.0000,0.0000,0.0000,0.0000,0.0114,0.0114,0.0000,-0.0024,0.0000,0.0000
243.6950,34.4280,0,36,OPCL_PBO,-5.7350,7.8600,0.0600,0.0900,1,0,1,0,0,0,0.0000,-2327467.6910,-4708238.5689,3599963.2203,36,-7.6340,7.6768,-1.8990,-0.1832,-10.4004,8.7774,-2.7481,1.0934,-0.0183,0.0072,-0.0089,0.0000,0.0000,0.0000,0.0000,-0.3083,-0.3083,0.0000,0.3172,0.0000,0.0000
243.6780,33.2600,0,22,P486_PBO,-23.4760,22.0600,0.0890,0.0900,1,0,1,0,0,0,0.0000,-2360919.2754,-4772342.9463,3492156.1305,23,-21.7918,23.5882,1.6842,1.5282,-26.1409,30.0270,-4.3361,6.4333,-0.0130,0.0055,-0.0085,0.0000,0.0000,0.0000,0.0000,0.2646,0.2646,0.0000,-0.2561,0.0000,0.0000
243.6640,34.8290,0,37,CDMT_PBO,-7.3210,2.9610,0.0600,0.0600,1,0,1,0,0,0,0.0000,-2318780.2703,-4684283.2629,3636633.0352,38,-4.0613,2.8785,3.2597,-0.0825,-2.4685,0.4395,1.6134,-2.4469,-0.0205,0.0080,-0.0091,0.0000,0.0000,0.0000,0.0000,-0.4887,-0.4887,0.0000,0.4977,0.0000,0.0000
243.6510,32.9760,0,22,P480_PBO,-27.1860,25.2610,0.0890,0.0900,1,0,1,0,0,0,0.0000,-2370821.5593,-4786682.5234,3465721.7165,23,-26.0015,27.2621,1.1845,2.0011,-26.0778,30.0147,-0.0644,2.7474,-0.0120,0.0051,-0.0084,0.0000,0.0000,0.0000,0.0000,-0.4545,-0.4545,0.0000,0.4629,0.0000,0.0000
243.6300,34.1240,0,14,CTMS_PBO,-7.0450,11.6620,0.0600,0.0600,1,0,1,0,0,0,0.0000,-2341258.5222,-4722641.9519,3572046.0507,11,-7.8347,11.3744,-0.7897,-0.2876,-0.5789,-0.1189,7.2724,-11.5001,-0.0166,0.0068,-0.0089,0.0000,0.0000,0.0000,0.0000,-2.0191,-2.0191,0.0000,2.0281,0.0000,0.0000
243.5910,33.2100,0,22,P485_PBO,-26.2780,24.3630,0.3580,0.3580,1,0,1,0,0,0,0.0000,-2369517.5945,-4771480.1757,3487508.3890,23,-23.8848,25.5206,2.3932,1.1576,-26.1535,29.9872,-2.2559,4.4612,-0.0127,0.0054,-0.0086,0.0000,0.0000,0.0000,0.0000,-0.0318,-0.0318,0.0000,0.0404,0.0000,0.0000
243.5760,39.5010,0,21,P073_PBO,-2.9540,0.7630,0.4180,0.4480,1,0,1,0,0,0,0.0000,-2186427.5108,-4399901.0583,4050278.6175,21,-3.3423,-0.1284,-0.3883,-0.8914,-3.1825,-0.5656,0.2415,-0.4533,-0.0817,0.0161,-0.0052,0.0000,0.0000,0.0000,0.0000,-0.0310,-0.0310,0.0000,0.0362,0.0000,0.0000
243.5740,33.5230,0,24,P490_PBO,-18.1720,17.8730,0.1810,0.1850,1,0,1,0,0,0,0.0000,-2362419.0191,-4753644.7005,3516559.3839,26,-17.9537,20.0969,0.2183,2.2239,-15.5426,18.2042,2.4251,-1.8986,-0.0139,0.0059,-0.0087,0.0000,0.0000,0.0000,0.0000,0.0025,0.0025,0.0000,0.0063,0.0000,0.0000
243.5710,34.5940,0,36,AGMT_PBO,-8.1290,7.7630,0.0600,0.0600,1,0,1,0,0,0,0.0000,-2332999.7721,-4693830.7872,3615164.7356,36,-7.4157,8.1467,0.7133,0.3837,-10.0040,9.0157,-2.5693,0.8614,-0.0190,0.0076,-0.0091,0.0000,0.0000,0.0000,0.0000,-0.5749,-0.5749,0.0000,0.5840,0.0000,0.0000
243.5700,34.7550,0,37,HCMN_PBO,-8.6230,4.4630,0.0600,0.0600,1,0,1,0,0,0,0.0000,-2328550.8811,-4684674.7906,3629879.3867,38,-5.9400,5.3083,2.6830,0.8453,-2.3464,0.3096,3.6136,-5.0065,-0.0199,0.0079,-0.0092,0.0000,0.0000,0.0000,0.0000,-0.8454,-0.8454,0.0000,0.8546,0.0000,0.0000
243.5670,34.2670,0,25,LDES_PBO,-6.0040,10.2480,0.2080,0.2090,1,0,1,0,0,0,0.0000,-2342474.0135,-4712066.9033,3585190.7141,25,-9.6475,11.2433,-3.6435,0.9953,-14.0598,17.3901,-4.3950,6.1398,-0.0173,0.0070,-0.0091,0.0000,0.0000,0.0000,0.0000,-0.8959,-0.8959,0.0000,0.9050,0.0000,0.0000
243.4630,34.2170,0,25,P599_PBO,-8.9430,13.1650,0.3280,0.3280,1,0,1,0,0,0,0.0000,-2352420.1401,-4710604.4776,3580597.2129,25,-10.0549,13.2659,-1.1119,0.1009,-13.4221,16.2501,-3.3504,2.9773,-0.0169,0.0069,-0.0092,0.0000,0.0000,0.0000,0.0000,-0.4834,-0.4834,0.0000,0.4926,0.0000,0.0000
243.4310,33.0590,0,23,P483_PBO,-26.9840,26.0660,0.0890,0.0900,1,0,1,0,0,0,0.0000,-2386935.5159,-4773048.6076,3473456.1023,24,-26.3657,27.8552,0.6183,1.7892,-29.0344,30.1060,-2.6567,2.2455,-0.0120,0.0052,-0.0087,0.0000,0.0000,0.0000,0.0000,-0.5898,-0.5898,0.0000,0.5985,0.0000,0.0000
243.4280,35.3210,0,37,P617_PBO,-5.0040,2.8660,0.3280,0.3280,1,0,1,0,0,0,0.0000,-2324000.0703,-4646591.2106,3681380.8898,38,-3.8142,2.3194,1.1898,-0.5466,-3.2828,0.1133,0.5549,-2.2151,-0.0235,0.0091,-0.0095,0.0000,0.0000,0.0000,0.0000,-0.1536,-0.1536,0.0000,0.1631,0.0000,0.0000
243.3790,33.3760,0,22,P484_PBO,-24.4730,22.9670,0.1190,0.1190,1,0,1,0,0,0,0.0000,-2382618.7200,-4753627.0804,3502928.6428,23,-23.6150,25.6839,0.8580,2.7169,-26.2556,29.8898,-2.6275,4.2002,-0.0131,0.0057,-0.0089,0.0000,0.0000,0.0000,0.0000,-0.1524,-0.1524,0.0000,0.1613,0.0000,0.0000
243.3750,34.6440,0,35,RDMT_PBO,-10.9280,8.7680,0.0890,0.0600,1,0,1,0,0,0,0.0000,-2347628.2321,-4683000.4388,3619737.5644,37,-9.2108,10.5659,1.7172,1.7979,-9.5070,10.1339,-0.2772,-0.4397,-0.0190,0.0077,-0.0095,0.0000,0.0000,0.0000,0.0000,0.2016,0.2016,0.0000,-0.1921,0.0000,0.0000
243.3290,33.2400,0,22,P482_PBO,-26.0780,24.9690,0.1190,0.0900,1,0,1,0,0,0,0.0000,-2390491.6081,-4758962.6729,3490297.3528,23,-25.4510,27.1420,0.6270,2.1730,-26.2359,29.8668,-0.7725,2.7193,-0.0125,0.0055,-0.0089,0.0000,0.0000,0.0000,0.0000,-0.4807,-0.4807,0.0000,0.4896,0.0000,0.0000
243.2880,33.7330,0,24,DSSC_PBO,-18.3600,19.8700,0.1190,0.0900,1,0,1,0,0,0,0.0000,-2380308.3433,-4730248.0259,3535991.6949,26,-17.4713,20.7316,0.8887,0.8616,-15.1424,18.6733,2.3432,-2.0644,-0.0144,0.0062,-0.0092,0.0000,0.0000,0.0000,0.0000,0.1874,0.1874,0.0000,-0.1782,0.0000,0.0000
243.2640,40.4950,0,17,P085_PBO,-2.9200,-0.6300,0.4470,0.4480,1,0,1,0,0,0,0.0000,-2178411.7492,-4324518.4125,4134901.9592,17,-3.1033,0.1782,-0.1833,0.8082,-3.0001,-0.0441,0.2121,-0.2382,-0.1089,0.0158,-0.0033,0.0000,0.0000,0.0000,0.0000,-0.0401,-0.0401,0.0000,0.0434,0.0000,0.0000
243.2590,39.5210,0,21,P072_PBO,-3.6550,0.4700,0.1190,0.1190,1,0,1,0,0,0,0.0000,-2210100.9359,-4386474.0710,4051993.4031,21,-3.4257,0.0466,0.2293,-0.4234,-3.1793,-0.5618,0.3314,-0.6256,-0.0850,0.0172,-0.0059,0.0000,0.0000,0.0000,0.0000,-0.1028,-0.1028,0.0000,0.1087,0.0000,0.0000
243.2370,35.2050,0,36,P615_PBO,-6.5090,5.3710,0.3280,0.3280,1,0,1,0,0,0,0.0000,-2342828.3194,-4645463.4981,3670854.9161,36,-6.4715,6.3975,0.0375,1.0265,-8.5352,9.6572,-2.0412,3.2509,-0.0225,0.0089,-0.0098,0.0000,0.0000,0.0000,0.0000,0.2232,0.2232,0.0000,-0.2133,0.0000,0.0000
243.2170,33.4930,0,22,P479_PBO,-23.7690,22.9710,0.2390,0.1490,1,0,1,0,0,0,0.0000,-2392821.4696,-4740475.7844,3513779.4771,23,-23.5835,25.7596,0.1855,2.7886,-26.3313,29.8151,-2.7345,4.0497,-0.0133,0.0058,-0.0092,0.0000,0.0000,0.0000,0.0000,-0.0497,-0.0497,0.0000,0.0589,0.0000,0.0000
243.1850,34.6750,0,28,ORMT_PBO,-11.5280,10.8720,0.0600,0.0600,1,0,1,0,0,0,0.0000,-2362260.8811,-4673441.1219,3622571.3341,29,-10.7031,12.0769,0.8249,1.2049,-12.1953,14.2705,-1.4732,2.1858,-0.0190,0.0078,-0.0098,0.0000,0.0000,0.0000,0.0000,0.4038,0.4038,0.0000,-0.3940,0.0000,0.0000
243.1200,34.4620,0,28,P606_PBO,-12.2350,11.7730,0.1490,0.1490,1,0,1,0,0,0,0.0000,-2373633.6251,-4682737.9601,3603079.2487,29,-12.2266,13.6425,0.0084,1.8695,-12.3938,14.3102,-0.1495,0.6603,-0.0177,0.0074,-0.0098,0.0000,0.0000,0.0000,0.0000,-0.1447,-0.1447,0.0000,0.1545,0.0000,0.0000
243.1160,34.2640,0,25,BBRY_PBO,-12.9420,14.7740,0.0890,0.0900,1,0,1,0,0,0,0.0000,-2379576.6707,-4693649.9097,3584915.1810,25,-12.3924,14.0367,0.5496,-0.7373,-14.0866,12.4460,-1.6776,-1.5978,-0.0166,0.0071,-0.0097,0.0000,0.0000,0.0000,0.0000,0.4358,0.4358,0.0000,-0.4260,0.0000,0.0000
243.0680,34.6690,0,28,WOMT_PBO,-11.9280,11.8750,0.0600,0.0600,1,0,1,0,0,0,0.0000,-2371971.0899,-4668945.7476,3622022.9453,29,-11.5249,12.8987,0.4031,1.0237,-12.2172,14.3419,-0.6735,1.4354,-0.0188,0.0079,-0.0100,0.0000,0.0000,0.0000,0.0000,0.2013,0.2013,0.0000,-0.1914,0.0000,0.0000
243.0600,35.0900,0,36,LNMT_PBO,-7.6140,9.2750,0.0600,0.0600,1,0,1,0,0,0,0.0000,-2360501.3554,-4644762.7805,3660404.8309,36,-8.3501,9.7993,-0.7361,0.5243,-8.8350,9.9971,-0.4635,0.1890,-0.0214,0.0087,-0.0101,0.0000,0.0000,0.0000,0.0000,0.1089,0.1089,0.0000,-0.0988,0.0000,0.0000
243.0500,32.7340,0,23,P473_PBO,-29.0960,27.3750,0.0890,0.0900,1,0,1,0,0,0,0.0000,-2427512.3632,-4774557.0606,3443129.3997,24,-28.5975,29.1760,0.4985,1.8010,-29.1036,29.9624,-0.4957,0.7815,-0.0104,0.0048,-0.0089,0.0000,0.0000,0.0000,0.0000,-0.3138,-0.3138,0.0000,0.3228,0.0000,0.0000
243.0480,33.8930,0,24,P584_PBO,-17.7560,19.4750,0.0890,0.0900,1,0,1,0,0,0,0.0000,-2395616.5776,-4711415.6871,3550765.3961,26,-17.8442,20.6405,-0.0882,1.1655,-14.8428,19.0667,3.0162,-1.5803,-0.0147,0.0065,-0.0096,0.0000,0.0000,0.0000,0.0000,0.2337,0.2337,0.0000,-0.2241,0.0000,0.0000
242.9880,34.9190,0,35,BSRY_PBO,-10.0200,11.0760,0.0600,0.0600,1,0,1,0,0,0,0.0000,-2371287.3944,-4651504.9179,3644838.7555,37,-9.4002,11.4149,0.6198,0.3389,-8.9572,10.7804,0.4632,-0.6429,-0.0202,0.0084,-0.0102,0.0000,0.0000,0.0000,0.0000,0.2625,0.2625,0.0000,-0.2523,0.0000,0.0000
242.9510,39.5420,0,17,TOIY_PBO,-3.9550,1.2770,0.0890,0.0600,1,0,1,0,0,0,0.0000,-2232973.3635,-4373207.1201,4053793.3967,17,-3.4751,0.3454,0.4799,-0.9316,-3.2637,0.0112,0.2999,-0.3526,-0.0885,0.0184,-0.0066,0.0000,0.0000,0.0000,0.0000,-0.0922,-0.0922,0.0000,0.0988,0.0000,0.0000
242.9350,33.5780,0,22,BILL_PBO,-25.4670,25.6780,0.0600,0.0900,1,0,1,0,0,0,0.0000,-2413749.7161,-4723994.2076,3521653.3753,23,-24.8125,26.9418,0.6545,1.2638,-26.4335,29.6845,-1.6078,2.7368,-0.0132,0.0060,-0.0096,0.0000,0.0000,0.0000,0.0000,-0.3118,-0.3118,0.0000,0.3214,0.0000,0.0000
242.9280,33.2360,0,23,P478_PBO,-27.2790,26.8780,0.0600,0.2690,1,0,1,0,0,0,0.0000,-2423850.5667,-4742332.7143,3489925.5463,24,-27.1698,28.6565,0.1092,1.7785,-29.1995,29.9161,-2.0177,1.2541,-0.0119,0.0055,-0.0094,0.0000,0.0000,0.0000,0.0000,-0.3051,-0.3051,0.0000,0.3145,0.0000,0.0000
242.8950,32.8890,0,23,P472_PBO,-28.6910,27.1790,0.0890,0.0900,1,0,1,0,0,0,0.0000,-2436167.0351,-4759663.5361,3457606.7824,24,-28.4697,29.2642,0.2213,2.0852,-29.1666,29.9036,-0.6862,0.6344,-0.0107,0.0050,-0.0092,0.0000,0.0000,0.0000,0.0000,-0.3056,-0.3056,0.0000,0.3148,0.0000,0.0000
242.8900,34.6210,0,28,P589_PBO,-13.1310,13.4790,0.0890,0.0900,1,0,1,0,0,0,0.0000,-2387846.4984,-4664253.6242,3617634.4053,29,-12.2643,13.8330,0.8667,0.3540,-12.2853,14.4504,-0.0027,0.6096,-0.0182,0.0078,-0.0102,0.0000,0.0000,0.0000,0.0000,-0.0077,-0.0077,0.0000,0.0179,0.0000,0.0000
242.8870,33.5030,0,22,P477_PBO,-24.9700,24.8790,0.1190,0.1190,1,0,1,0,0,0,0.0000,-2419805.2780,-4726069.6214,3514706.2198,23,-25.6812,27.6168,-0.7112,2.7378,-26.4284,29.6622,-0.7344,2.0396,-0.0129,0.0058,-0.0096,0.0000,0.0000,0.0000,0.0000,-0.5324,-0.5324,0.0000,0.5420,0.0000,0.0000
242.8180,33.8360,0,22,PPBF_PBO,-22.6550,24.2360,0.1710,0.1660,1,0,1,0,0,0,0.0000,-2416122.5463,-4704901.1168,3545505.4342,23,-22.7533,25.2998,-0.0983,1.0638,-26.5318,29.6301,-3.7643,4.3239,-0.0141,0.0064,-0.0099,0.0000,0.0000,0.0000,0.0000,-0.0791,-0.0791,0.0000,0.0891,0.0000,0.0000
242.8130,39.5210,0,17,P002_PBO,-3.5570,0.2810,0.5070,0.5080,1,0,1,0,0,0,0.0000,-2244178.6859,-4369137.5520,4051993.4031,17,-3.5424,0.4651,0.0146,0.1841,-3.2696,0.0356,0.3622,-0.4485,-0.0893,0.0190,-0.0070,0.0000,0.0000,0.0000,0.0000,-0.0802,-0.0802,0.0000,0.0872,0.0000,0.0000
242.8100,33.4400,0,23,P476_PBO,-27.2730,27.2810,0.1190,0.1190,1,0,1,0,0,0,0.0000,-2427918.9160,-4726248.0798,3508865.9545,24,-26.4095,28.2945,0.8635,1.0135,-29.2577,29.8712,-2.8357,1.5709,-0.0125,0.0058,-0.0097,0.0000,0.0000,0.0000,0.0000,-0.4908,-0.4908,0.0000,0.5005,0.0000,0.0000
242.7510,33.3550,0,23,P474_PBO,-27.6060,27.4390,0.1870,0.1950,1,0,1,0,0,0,0.0000,-2435165.1621,-4728368.0660,3500979.5097,24,-27.0881,28.6948,0.5179,1.2558,-29.2645,29.8488,-2.1643,1.1484,-0.0121,0.0056,-0.0097,0.0000,0.0000,0.0000,0.0000,-0.2679,-0.2679,0.0000,0.2776,0.0000,0.0000
242.7320,34.7850,0,28,P588_PBO,-10.0260,11.8820,0.1790,0.1190,1,0,1,0,0,0,0.0000,-2395945.6848,-4648427.8635,3632618.0827,29,-11.9304,13.9869,-1.9044,2.1049,-12.1624,14.5466,-0.2130,0.5515,-0.0189,0.0082,-0.0106,0.0000,0.0000,0.0000,0.0000,0.1365,0.1365,0.0000,-0.1260,0.0000,0.0000
242.7190,34.5350,0,28,P586_PBO,-13.8340,13.3830,0.2090,0.1490,1,0,1,0,0,0,0.0000,-2404242.5329,-4661927.0795,3609765.2569,29,-13.0038,14.7796,0.8302,1.3966,-12.3862,14.5545,0.6351,-0.2328,-0.0175,0.0077,-0.0105,0.0000,0.0000,0.0000,0.0000,-0.1045,-0.1045,0.0000,0.1150,0.0000,0.0000
242.6840,34.1870,0,24,P612_PBO,-18.2470,17.3840,0.1490,0.2390,1,0,1,0,0,0,0.0000,-2417106.6708,-4679851.4022,3577839.8031,26,-18.1128,18.8570,0.1342,1.4730,-14.2803,19.6626,3.8481,0.7986,-0.0156,0.0070,-0.0103,0.0000,0.0000,0.0000,0.0000,1.3888,1.3888,0.0000,-1.3784,0.0000,0.0000
242.6820,33.9180,0,22,MLFP_PBO,-23.4560,24.4840,0.0600,0.0600,1,0,1,0,0,0,0.0000,-2424952.3168,-4694639.7243,3553071.2886,23,-23.0629,25.4575,0.3931,0.9735,-26.5914,29.5667,-3.5143,4.1027,-0.0143,0.0065,-0.0102,0.0000,0.0000,0.0000,0.0000,-0.1011,-0.1011,0.0000,0.1113,0.0000,0.0000
242.6810,34.3050,0,25,P577_PBO,-16.7430,16.3840,0.0890,0.1190,1,0,1,0,0,0,0.0000,-2413964.8402,-4673168.2437,3588679.9492,25,-15.6261,16.5499,1.1169,0.1659,-14.6667,7.6765,0.9756,-8.8806,-0.0161,0.0072,-0.0104,0.0000,0.0000,0.0000,0.0000,-0.7763,-0.7763,0.0000,0.7867,0.0000,0.0000
242.6120,34.6070,0,28,SCIA_PBO,-14.3910,15.5470,0.1650,0.1660,1,0,1,0,0,0,0.0000,-2410855.8918,-4653397.6339,3616353.9361,29,-12.9329,15.0825,1.4581,-0.4645,-12.3378,14.6196,0.6128,-0.4708,-0.0177,0.0078,-0.0107,0.0000,0.0000,0.0000,0.0000,0.0228,0.0228,0.0000,-0.0121,0.0000,0.0000
242.6100,35.8970,0,38,P594_PBO,-8.4870,7.3850,0.0890,0.1190,1,0,1,0,0,0,0.0000,-2372952.9801,-4579846.6020,3733423.4581,39,-7.3744,6.6682,1.1126,-0.7168,-8.2399,5.6018,-0.8382,-1.0775,-0.0273,0.0110,-0.0112,0.0000,0.0000,0.0000,0.0000,-0.2038,-0.2038,0.0000,0.2150,0.0000,0.0000
242.6060,34.4620,0,28,P470_PBO,-15.1580,14.8480,0.2030,0.2050,1,0,1,0,0,0,0.0000,-2415546.3552,-4661255.9676,3603079.2487,29,-13.8840,15.6679,1.2740,0.8199,-12.4672,14.6232,1.4336,-1.0522,-0.0169,0.0075,-0.0106,0.0000,0.0000,0.0000,0.0000,-0.1802,-0.1802,0.0000,0.1908,0.0000,0.0000
242.5990,39.3470,0,17,P071_PBO,-2.3640,0.4850,0.5070,0.5370,1,0,1,0,0,0,0.0000,-2266134.4389,-4371629.7679,4037058.2530,17,-3.6329,0.5990,-1.2689,0.1140,-3.3178,0.0734,0.4021,-0.5456,-0.0870,0.0200,-0.0080,0.0000,0.0000,0.0000,0.0000,-0.0786,-0.0786,0.0000,0.0865,0.0000,0.0000
242.5970,35.6980,0,38,P595_PBO,-8.1940,7.6860,0.1790,0.1790,1,0,1,0,0,0,0.0000,-2379945.7108,-4590792.3762,3715485.8678,39,-8.1967,7.6639,-0.0027,-0.0221,-8.6467,5.6222,-0.4245,-2.0522,-0.0254,0.0105,-0.0112,0.0000,0.0000,0.0000,0.0000,0.2034,0.2034,0.0000,-0.1922,0.0000,0.0000
242.5900,36.1590,0,38,P464_PBO,-7.0780,4.8860,0.3580,0.3880,1,0,1,0,0,0,0.0000,-2366667.5016,-4563814.7196,3756971.0677,39,-6.8470,6.0242,0.2310,1.1382,-7.7062,5.6332,-0.8294,-0.4029,-0.0298,0.0118,-0.0113,0.0000,0.0000,0.0000,0.0000,-0.2696,-0.2696,0.0000,0.2809,0.0000,0.0000
242.5880,33.6480,0,23,ECFS_PBO,-25.6660,26.8860,0.0600,0.0600,1,0,1,0,0,0,0.0000,-2440332.5285,-4705466.3534,3528131.9432,24,-25.9749,27.9752,-0.3089,1.0892,-29.3464,29.7865,-3.3585,1.8052,-0.0130,0.0061,-0.0101,0.0000,0.0000,0.0000,0.0000,-0.4418,-0.4418,0.0000,0.4520,0.0000,0.0000
242.5630,33.8570,0,22,MAT2_PBO,-24.0540,25.6690,0.1510,0.1530,1,0,1,0,0,0,0.0000,-2436439.1960,-4692947.7447,3547443.7234,23,-24.5938,26.7062,-0.5398,1.0372,-26.6103,29.5111,-2.0028,2.7985,-0.0138,0.0064,-0.0103,0.0000,0.0000,0.0000,0.0000,-0.2085,-0.2085,0.0000,0.2188,0.0000,0.0000
242.4740,34.1040,0,22,EWPP_PBO,-23.9510,22.6880,0.0600,0.0600,1,0,1,0,0,0,0.0000,-2436635.6957,-4675552.1663,3570205.8607,23,-22.5384,24.4884,1.4126,1.8004,-26.6979,29.4695,-4.1447,4.9742,-0.0148,0.0069,-0.0106,0.0000,0.0000,0.0000,0.0000,0.2437,0.2437,0.0000,-0.2331,0.0000,0.0000
242.4590,33.5620,0,23,P471_PBO,-26.4700,26.2890,0.1490,0.1790,1,0,1,0,0,0,0.0000,-2453366.4386,-4704650.3512,3520171.8214,24,-26.9212,28.6028,-0.4512,2.3138,-29.3731,29.7370,-2.4396,1.1283,-0.0124,0.0059,-0.0102,0.0000,0.0000,0.0000,0.0000,-0.0941,-0.0941,0.0000,0.1044,0.0000,0.0000
242.4570,34.9870,0,28,P583_PBO,-9.8200,12.1890,0.1190,0.1190,1,0,1,0,0,0,0.0000,-2412291.6845,-4625490.3237,3651032.6697,29,-11.5316,14.0099,-1.7116,1.8209,-12.0232,14.7137,-0.4717,0.6951,-0.0198,0.0087,-0.0112,0.0000,0.0000,0.0000,0.0000,0.2804,0.2804,0.0000,-0.2692,0.0000,0.0000
242.4270,35.0720,0,28,CPBN_PBO,-9.4170,11.8890,0.1490,0.1490,1,0,1,0,0,0,0.0000,-2412203.4567,-4619420.3006,3658767.8296,29,-10.7920,13.4933,-1.3750,1.6043,-11.9521,14.7319,-1.1398,1.2297,-0.0203,0.0089,-0.0113,0.0000,0.0000,0.0000,0.0000,0.4580,0.4580,0.0000,-0.4467,0.0000,0.0000
242.3950,39.2880,0,17,P069_PBO,-1.2670,0.8900,0.5070,0.5080,1,0,1,0,0,0,0.0000,-2283610.2029,-4367215.1560,4031985.5758,17,-3.7249,0.7463,-2.4579,-0.1437,-3.3343,0.1095,0.4781,-0.6578,-0.0874,0.0209,-0.0087,0.0000,0.0000,0.0000,0.0000,-0.0939,-0.0939,0.0000,0.1026,0.0000,0.0000
242.3910,33.8580,0,31,CNPP_PBO,-24.8590,25.7900,0.0600,0.0600,1,0,1,0,0,0,0.0000,-2450487.5738,-4685557.6362,3547536.0111,32,-25.5132,27.5823,-0.6542,1.7923,-24.1003,27.0999,1.4264,-0.4888,-0.0135,0.0064,-0.0105,0.0000,0.0000,0.0000,0.0000,-0.3431,-0.3431,0.0000,0.3537,0.0000,0.0000
242.3390,33.5530,0,23,SBCC_PBO,-27.5700,28.3910,0.0600,0.0600,1,0,1,0,0,0,0.0000,-2463471.1167,-4699991.4108,3519338.3267,24,-27.2509,28.8532,0.3191,0.4622,-29.4064,29.6909,-2.1434,0.8318,-0.0122,0.0059,-0.0104,0.0000,0.0000,0.0000,0.0000,0.0799,0.0799,0.0000,-0.0695,0.0000,0.0000
242.3290,35.5650,0,39,CCCC_PBO,-9.5000,10.4920,0.0600,0.0600,1,0,1,0,0,0,0.0000,-2405391.7378,-4587235.9905,3703472.4269,40,-9.8966,10.6370,-0.3966,0.1450,-9.2264,13.3542,0.6941,2.7069,-0.0239,0.0103,-0.0117,0.0000,0.0000,0.0000,0.0000,0.8559,0.8559,0.0000,-0.8442,0.0000,0.0000
242.3170,35.3390,0,35,RAMT_PBO,-8.6080,11.8920,0.0600,0.0600,1,0,1,0,0,0,0.0000,-2413120.3359,-4599632.3589,3683012.8792,37,-8.9062,12.1217,-0.2982,0.2297,-8.1327,11.9000,0.7956,-0.2314,-0.0221,0.0097,-0.0116,0.0000,0.0000,0.0000,0.0000,0.2842,0.2842,0.0000,-0.2726,0.0000,0.0000
242.3060,34.9250,0,28,PHLB_PBO,-11.2640,14.7070,0.1750,0.1770,1,0,1,0,0,0,0.0000,-2426308.2391,-4622612.2987,3645385.4840,29,-12.1956,14.8076,-0.9316,0.1006,-12.1005,14.8053,0.1142,-0.0109,-0.0191,0.0086,-0.0114,0.0000,0.0000,0.0000,0.0000,0.1881,0.1881,0.0000,-0.1767,0.0000,0.0000
242.2960,37.2010,0,20,P094_PBO,-6.2420,1.7920,0.5370,0.5670,1,0,1,0,0,0,0.0000,-2357896.1165,-4490368.5736,3849839.9237,22,-4.9986,3.3258,1.2434,1.5338,-4.2929,3.5986,0.7486,0.2570,-0.0429,0.0158,-0.0118,0.0000,0.0000,0.0000,0.0000,0.2245,0.2245,0.0000,-0.2127,0.0000,0.0000
242.2710,34.5100,0,28,P581_PBO,-15.6370,16.2930,0.1490,0.1490,1,0,1,0,0,0,0.0000,-2441353.2506,-4644379.5415,3607476.1873,29,-15.8663,17.6791,-0.2293,1.3861,-12.4734,14.8266,3.4094,-2.8602,-0.0165,0.0077,-0.0112,0.0000,0.0000,0.0000,0.0000,0.2673,0.2673,0.0000,-0.2561,0.0000,0.0000
242.2460,34.1330,0,26,LORS_PBO,-24.8240,23.0040,0.1700,0.1710,1,0,1,0,0,0,0.0000,-2454380.2042,-4664219.1947,3572873.9942,27,-23.9668,24.0508,0.8572,1.0468,-28.2384,23.5952,-4.2572,-0.4625,-0.0145,0.0069,-0.0110,0.0000,0.0000,0.0000,0.0000,-6.0152,-6.0152,0.0000,6.0262,0.0000,0.0000
242.1720,34.6400,0,28,CHMS_PBO,-14.2330,15.3950,0.0600,0.0900,1,0,1,0,0,0,0.0000,-2445547.2516,-4632903.7967,3619371.8395,29,-14.4602,16.7092,-0.2272,1.3142,-12.3729,14.8866,2.1044,-1.8306,-0.0171,0.0080,-0.0115,0.0000,0.0000,0.0000,0.0000,0.2244,0.2244,0.0000,-0.2129,0.0000,0.0000
242.1510,33.9930,0,31,SPMS_PBO,-25.5890,25.5720,0.1630,0.1640,1,0,1,0,0,0,0.0000,-2466181.2825,-4667848.4139,3559984.9056,32,-26.1196,25.9517,-0.5306,0.3797,-26.3980,23.7390,-0.2647,-2.2194,-0.0137,0.0066,-0.0110,0.0000,0.0000,0.0000,0.0000,0.9881,0.9881,0.0000,-0.9771,0.0000,0.0000
242.1040,34.1260,0,31,AZU1_PBO,-25.4930,23.8380,0.1940,0.1660,1,0,1,0,0,0,0.0000,-2466136.5142,-4658507.7713,3572230.0457,32,-25.4667,24.3299,0.0263,0.4919,-28.6139,23.0808,-3.1330,-1.2560,-0.0142,0.0069,-0.0112,0.0000,0.0000,0.0000,0.0000,0.2776,0.2776,0.0000,-0.2664,0.0000,0.0000
242.0770,34.5080,0,28,PBPP_PBO,-16.7030,18.5900,0.1700,0.1850,1,0,1,0,0,0,0.0000,-2457123.7778,-4636197.9232,3607293.0320,29,-18.2743,19.0265,-1.5713,0.4365,-12.5038,14.9441,5.7867,-4.0901,-0.0161,0.0077,-0.0115,0.0000,0.0000,0.0000,0.0000,0.4280,0.4280,0.0000,-0.4164,0.0000,0.0000
242.0350,34.2440,0,26,CGDM_PBO,-24.8470,22.3980,0.1790,0.3280,1,0,1,0,0,0,0.0000,-2468289.7017,-4649026.6886,3583078.0424,27,-25.5749,22.9991,-0.7279,0.6011,-28.2087,23.6603,-2.6192,0.6541,-0.0147,0.0071,-0.0114,0.0000,0.0000,0.0000,0.0000,-0.7444,-0.7444,0.0000,0.7558,0.0000,0.0000
242.0150,39.3060,0,17,P068_PBO,-3.1680,0.4990,0.5070,0.5370,1,0,1,0,0,0,0.0000,-2311929.7401,-4350854.9537,4033533.6257,17,-3.0531,1.3822,0.1149,0.8832,-3.3299,0.1767,-0.1849,-1.2285,-0.0919,0.0230,-0.0098,0.0000,0.0000,0.0000,0.0000,1.0043,1.0043,0.0000,-0.9945,0.0000,0.0000
241.9940,35.0390,0,28,P579_PBO,-10.0200,12.9990,0.3580,0.3580,1,0,1,0,0,0,0.0000,-2448033.5798,-4602918.6429,3655765.7229,29,-11.9379,14.5493,-1.9179,1.5503,-12.0459,14.9943,-0.0887,0.4361,-0.0193,0.0090,-0.0121,0.0000,0.0000,0.0000,0.0000,0.5734,0.5734,0.0000,-0.5613,0.0000,0.0000
241.9840,35.1520,0,28,P591_PBO,-10.1160,12.6000,0.1490,0.1190,1,0,1,0,0,0,0.0000,-2445445.4840,-4596117.2728,3666040.6245,29,-11.2745,13.8936,-1.1585,1.2936,-11.9472,15.0004,-0.6527,1.0975,-0.0200,0.0093,-0.0122,0.0000,0.0000,0.0000,0.0000,1.0106,1.0106,0.0000,-0.9984,0.0000,0.0000
241.9740,34.0190,0,31,RHCL_PBO,-27.7550,25.1000,0.0890,0.1790,1,0,1,0,0,0,0.0000,-2479830.2423,-4658781.0338,3562380.2029,32,-26.4035,24.7393,1.3515,-0.3607,-26.8680,21.2601,-0.4510,-3.4859,-0.0135,0.0067,-0.0113,0.0000,0.0000,0.0000,0.0000,-1.8547,-1.8547,0.0000,1.8660,0.0000,0.0000
241.9260,35.8780,0,1,BEPK_PBO,-9.9900,11.5010,0.0890,0.1790,1,0,1,0,0,0,0.0000,-2428039.5447,-4552284.6208,3731712.7652,1,-10.6100,10.3141,-0.6200,-1.1869,-9.6889,8.3301,0.9470,-1.9955,-0.0260,0.0115,-0.0128,0.0000,0.0000,0.0000,0.0000,0.6993,0.6993,0.0000,-0.6866,0.0000,0.0000
241.9090,36.5700,0,40,P467_PBO,-4.1660,4.3010,0.5070,0.3280,1,0,1,0,0,0,0.0000,-2407990.9969,-4511471.8399,3793751.7919,41,-8.3705,7.5977,-4.2045,3.2967,-11.3735,5.4657,-2.9693,-2.1460,-0.0337,0.0141,-0.0130,0.0000,0.0000,0.0000,0.0000,-0.6950,-0.6950,0.0000,0.7080,0.0000,0.0000
241.9050,33.9620,0,32,BKMS_PBO,-28.8580,30.0010,0.0890,0.1490,1,0,1,0,0,0,0.0000,-2487106.6648,-4658915.3433,3557128.0162,33,-27.5054,27.0519,1.3526,-2.9491,-33.8534,27.6496,-6.3349,0.5912,-0.0131,0.0066,-0.0114,0.0000,0.0000,0.0000,0.0000,0.8520,0.8520,0.0000,-0.8406,0.0000,0.0000
241.8820,36.9760,0,38,P468_PBO,-8.1520,5.2020,0.4770,0.5080,1,0,1,0,0,0,0.0000,-2397386.8047,-4486513.6209,3829893.4058,39,-7.1284,6.6366,1.0236,1.4346,-6.0836,6.7435,1.0841,0.0911,-0.0393,0.0158,-0.0131,0.0000,0.0000,0.0000,0.0000,-0.7376,-0.7376,0.0000,0.7506,0.0000,0.0000
241.8410,39.2120,0,12,P099_PBO,-3.7720,2.5030,0.4470,0.4780,1,0,1,0,0,0,0.0000,-2328251.8304,-4349642.2370,4025444.9798,10,-3.6116,1.7787,0.1604,-0.7243,-6.4676,1.8005,-2.7651,-0.0021,-0.0909,0.0239,-0.0106,0.0000,0.0000,0.0000,0.0000,-1.5592,-1.5592,0.0000,1.5697,0.0000,0.0000
241.8120,34.2930,0,26,BTDM_PBO,-25.6470,23.3040,0.0890,0.0900,1,0,1,0,0,0,0.0000,-2484916.9888,-4636682.1411,3587578.2559,27,-26.1732,22.5379,-0.5262,-0.7661,-28.2260,23.7289,-2.0384,1.1837,-0.0145,0.0072,-0.0118,0.0000,0.0000,0.0000,0.0000,-2.6384,-2.6384,0.0000,2.6503,0.0000,0.0000
241.8110,34.9820,0,28,P562_PBO,-11.1150,15.2890,0.1470,0.1490,1,0,1,0,0,0,0.0000,-2464439.3543,-4598279.5375,3650577.4099,29,-12.4738,14.7254,-1.3588,-0.5636,-12.1240,15.1050,0.3683,0.3707,-0.0185,0.0089,-0.0124,0.0000,0.0000,0.0000,0.0000,0.8812,0.8812,0.0000,-0.8688,0.0000,0.0000
241.8070,34.8750,0,28,RSTP_PBO,-12.8260,15.8040,0.0600,0.0600,1,0,1,0,0,0,0.0000,-2467976.9316,-4604108.1004,3640828.1924,29,-13.3281,15.6552,-0.5021,-0.1488,-12.2193,15.1074,1.1266,-0.5564,-0.0178,0.0086,-0.0123,0.0000,0.0000,0.0000,0.0000,0.5766,0.5766,0.0000,-0.5643,0.0000,0.0000
241.7800,34.1790,0,33,VDCY_PBO,-26.4510,24.2040,0.0890,0.0600,1,0,1,0,0,0,0.0000,-2490876.6048,-4641574.0678,3577104.3281,34,-26.4152,24.3044,0.0358,0.1004,-29.0127,28.0400,-2.5836,3.7287,-0.0138,0.0070,-0.0118,0.0000,0.0000,0.0000,0.0000,0.5766,0.5766,0.0000,-0.5649,0.0000,0.0000
241.7670,34.0720,0,32,PKRD_PBO,-26.9540,24.5050,0.0890,0.0900,1,0,1,0,0,0,0.0000,-2495085.4811,-4646886.1987,3567260.6520,33,-26.6270,26.4948,0.3270,1.9898,-33.1088,28.4180,-6.4685,1.9165,-0.0133,0.0068,-0.0117,0.0000,0.0000,0.0000,0.0000,-0.8863,-0.8863,0.0000,0.8980,0.0000,0.0000
241.7270,33.8240,0,34,CRHS_PBO,-27.5640,28.7050,0.1710,0.1790,1,0,1,0,0,0,0.0000,-2505619.3795,-4658698.1499,3544397.6265,35,-28.2645,29.1410,-0.7005,0.4360,-29.1943,31.5713,-0.9177,2.4240,-0.0121,0.0063,-0.0115,0.0000,0.0000,0.0000,0.0000,1.0626,1.0626,0.0000,-1.0511,0.0000,0.0000
241.6930,33.9280,0,23,LASC_PBO,-27.6280,27.3560,0.2110,0.2130,1,0,1,0,0,0,0.0000,-2505328.5552,-4651538.5417,3553993.4563,24,-27.9238,28.7557,-0.2958,1.3997,-29.6375,29.4402,-1.7012,0.6780,-0.0125,0.0065,-0.0117,0.0000,0.0000,0.0000,0.0000,1.0978,1.0978,0.0000,-1.0861,0.0000,0.0000
241.6790,33.7740,0,29,PVRS_PBO,-28.8810,29.7210,0.1750,0.1780,1,0,1,0,0,0,0.0000,-2510987.7922,-4659318.4799,3539780.0881,30,-28.4421,29.7910,0.4389,0.0700,-28.9255,32.8700,-0.4716,3.0728,-0.0118,0.0062,-0.0115,0.0000,0.0000,0.0000,0.0000,0.8498,0.8498,0.0000,-0.8383,0.0000,0.0000
241.6710,33.8870,0,34,ECCO_PBO,-27.6540,29.1220,0.1760,0.1780,1,0,1,0,0,0,0.0000,-2508320.6180,-4652813.6365,3550211.8813,35,-28.1840,29.1340,-0.5300,0.0120,-29.0665,31.6625,-0.8702,2.5220,-0.0123,0.0064,-0.0116,0.0000,0.0000,0.0000,0.0000,1.0548,1.0548,0.0000,-1.0432,0.0000,0.0000
241.6660,33.3120,0,29,CAT2_PBO,-29.8810,32.0070,0.0600,0.0600,1,0,1,0,0,0,0.0000,-2525509.7681,-4683720.1102,3496986.9605,30,-29.8344,32.9122,0.0466,0.9052,-29.0849,32.8700,0.7596,-0.0477,-0.0101,0.0054,-0.0111,0.0000,0.0000,0.0000,0.0000,0.7262,0.7262,0.0000,-0.7151,0.0000,0.0000
241.6510,34.0240,0,23,DSHS_PBO,-27.2570,26.6070,0.1190,0.1190,1,0,1,0,0,0,0.0000,-2505906.5469,-4644453.6394,3562840.7529,24,-27.5437,28.0890,-0.2867,1.4820,-29.6614,29.4238,-2.1048,1.3281,-0.0128,0.0067,-0.0118,0.0000,0.0000,0.0000,0.0000,1.0720,1.0720,0.0000,-1.0602,0.0000,0.0000
241.6210,37.9730,0,12,P627_PBO,-4.7170,5.9080,0.5070,0.5080,1,0,1,0,0,0,0.0000,-2385759.0030,-4416237.0015,3917825.4412,10,-5.3621,4.4747,-0.6451,-1.4333,-7.8747,1.9780,-2.4543,-2.5178,-0.0583,0.0210,-0.0134,0.0000,0.0000,0.0000,0.0000,0.9074,0.9074,0.0000,-0.8940,0.0000,0.0000
241.6130,37.5630,0,38,P651_PBO,-5.9320,6.1080,0.5070,0.5370,1,0,1,0,0,0,0.0000,-2399643.0960,-4440454.8717,3881806.9254,39,-6.5831,6.5209,-0.6511,0.4129,-4.9046,7.1651,1.7280,0.6250,-0.0495,0.0191,-0.0137,0.0000,0.0000,0.0000,0.0000,-0.5813,-0.5813,0.0000,0.5950,0.0000,0.0000
241.5870,34.0950,0,33,LFRS_PBO,-28.3770,26.2240,0.1690,0.1710,1,0,1,0,0,0,0.0000,-2508990.1907,-4637764.8707,3569377.6333,34,-27.9978,27.5908,0.3792,1.3668,-29.7312,29.2479,-1.7203,1.6503,-0.0130,0.0068,-0.0120,0.0000,0.0000,0.0000,0.0000,0.5106,0.5106,0.0000,-0.4986,0.0000,0.0000
241.5400,38.7250,0,12,P133_PBO,-3.5910,4.2100,0.4770,0.4780,1,0,1,0,0,0,0.0000,-2367290.1920,-4367274.2713,3983365.9193,10,-5.1774,3.2543,-1.5864,-0.9557,-7.0257,2.0433,-1.7696,-1.2355,-0.0786,0.0246,-0.0126,0.0000,0.0000,0.0000,0.0000,0.2123,0.2123,0.0000,-0.1997,0.0000,0.0000
241.5280,37.7370,0,40,P653_PBO,-3.8260,6.3100,0.5070,0.5370,1,0,1,0,0,0,0.0000,-2400596.9647,-4426506.8697,3897117.2176,41,-6.2108,6.2822,-2.3848,-0.0278,-5.7347,6.9051,0.5292,0.6027,-0.0532,0.0202,-0.0139,0.0000,0.0000,0.0000,0.0000,-0.3311,-0.3311,0.0000,0.3450,0.0000,0.0000
241.5260,35.6620,0,1,ISLK_PBO,-11.7860,10.4310,0.1770,0.1730,1,0,1,0,0,0,0.0000,-2466450.7299,-4547557.0941,3712236.0828,1,-10.8764,10.3850,0.9096,-0.0460,-9.6846,8.2333,1.2150,-2.1628,-0.0231,0.0110,-0.0136,0.0000,0.0000,0.0000,0.0000,0.2501,0.2501,0.0000,-0.2365,0.0000,0.0000
241.5170,33.4460,0,29,CAT1_PBO,-29.8730,32.6360,0.1550,0.1640,1,0,1,0,0,0,0.0000,-2533774.1494,-4669935.1996,3509422.3531,30,-29.4480,32.4704,0.4250,-0.1656,-29.0871,32.8699,0.3711,0.3939,-0.0102,0.0056,-0.0114,0.0000,0.0000,0.0000,0.0000,0.3723,0.3723,0.0000,-0.3609,0.0000,0.0000
241.5150,34.2930,0,33,VNCX_PBO,-26.4010,24.2460,0.1670,0.1690,1,0,1,0,0,0,0.0000,-2508918.3312,-4623739.0202,3587578.2559,34,-27.5310,25.9265,-1.1300,1.6805,-28.1862,29.6984,-0.6414,3.7647,-0.0138,0.0072,-0.0123,0.0000,0.0000,0.0000,0.0000,1.8827,1.8827,0.0000,-1.8704,0.0000,0.0000
241.4860,34.1260,0,33,VIMT_PBO,-27.2540,28.0110,0.0890,0.0900,1,0,1,0,0,0,0.0000,-2516239.3780,-4631637.2218,3572230.0457,34,-27.7863,27.4452,-0.5323,-0.5658,-29.5153,29.8798,-1.7160,2.4278,-0.0129,0.0068,-0.0122,0.0000,0.0000,0.0000,0.0000,0.1855,0.1855,0.0000,-0.1733,0.0000,0.0000
241.4590,34.8220,0,28,P560_PBO,-16.5290,17.8120,0.1190,0.1490,1,0,1,0,0,0,0.0000,-2497503.4708,-4591990.0191,3635994.4361,29,-15.6741,16.8201,0.8549,-0.9919,-12.3190,15.3174,3.3718,-1.5113,-0.0166,0.0085,-0.0130,0.0000,0.0000,0.0000,0.0000,1.5989,1.5989,0.0000,-1.5859,0.0000,0.0000
241.4550,34.7710,0,28,P556_PBO,-15.4310,15.7120,0.2090,0.2390,1,0,1,0,0,0,0.0000,-2499369.5968,-4594656.8758,3631340.1484,29,-17.2095,17.8836,-1.7785,2.1716,-12.3646,15.3198,4.8611,-2.5722,-0.0163,0.0083,-0.0129,0.0000,0.0000,0.0000,0.0000,1.4961,1.4961,0.0000,-1.4832,0.0000,0.0000
241.4450,37.8910,0,40,P650_PBO,-5.4210,6.6120,0.5070,0.5370,1,0,1,0,0,0,0.0000,-2401991.1674,-4413808.1574,3910637.7284,41,-6.4529,6.0881,-1.0319,-0.5239,-4.9935,7.2186,1.5162,1.1091,-0.0568,0.0213,-0.0141,0.0000,0.0000,0.0000,0.0000,0.1746,0.1746,0.0000,-0.1605,0.0000,0.0000
241.4250,34.1820,0,33,LAPC_PBO,-27.3670,28.4740,0.1720,0.1730,1,0,1,0,0,0,0.0000,-2519497.8364,-4625887.3151,3577380.1394,34,-27.6629,27.5060,-0.2959,-0.9680,-29.0904,30.2615,-1.4145,2.7485,-0.0131,0.0070,-0.0123,0.0000,0.0000,0.0000,0.0000,0.8316,0.8316,0.0000,-0.8193,0.0000,0.0000
241.3880,35.1390,0,27,P558_PBO,-13.5190,12.2130,0.3580,0.3580,1,0,1,0,0,0,0.0000,-2493520.1401,-4571161.2551,3664859.2813,28,-13.0865,13.3570,0.4325,1.1440,-10.4692,8.5139,2.6359,-4.8525,-0.0186,0.0094,-0.0134,0.0000,0.0000,0.0000,0.0000,0.5207,0.5207,0.0000,-0.5072,0.0000,0.0000
241.3870,34.5170,0,26,CTDM_PBO,-25.6110,21.4250,0.1810,0.1820,1,0,1,0,0,0,0.0000,-2512505.5417,-4605774.3827,3608117.1960,27,-25.3394,23.8786,0.2716,2.4536,-28.1674,23.8585,-2.8134,-0.0279,-0.0147,0.0077,-0.0128,0.0000,0.0000,0.0000,0.0000,1.7765,1.7765,0.0000,-1.7637,0.0000,0.0000
241.3820,34.8390,0,28,P559_PBO,-15.6290,16.1130,0.1790,0.1790,1,0,1,0,0,0,0.0000,-2503155.5745,-4587682.2432,3637545.2254,29,-15.8549,16.7512,-0.2259,0.6382,-12.3157,15.3638,3.5558,-1.3960,-0.0166,0.0085,-0.0131,0.0000,0.0000,0.0000,0.0000,2.1017,2.1017,0.0000,-2.0886,0.0000,0.0000
241.3700,34.1390,0,33,CBHS_PBO,-28.2380,29.2320,0.1670,0.1690,1,0,1,0,0,0,0.0000,-2525222.9200,-4625821.8674,3573425.9075,34,-27.8313,28.3372,0.4067,-0.8948,-29.4468,30.6055,-1.6028,2.2615,-0.0127,0.0069,-0.0124,0.0000,0.0000,0.0000,0.0000,0.4056,0.4056,0.0000,-0.3932,0.0000,0.0000
241.3440,34.9440,0,27,P557_PBO,-16.0260,14.0140,0.1790,0.1490,1,0,1,0,0,0,0.0000,-2502996.7327,-4580163.7368,3647116.5271,28,-14.4456,15.3255,1.5804,1.3115,-10.1543,8.4505,4.3085,-6.8838,-0.0171,0.0088,-0.0133,0.0000,0.0000,0.0000,0.0000,2.5095,2.5095,0.0000,-2.4962,0.0000,0.0000
241.3020,37.5620,0,40,P643_PBO,-2.2330,7.8150,0.4770,0.5080,1,0,1,0,0,0,0.0000,-2423742.8338,-4427423.7486,3881718.8316,41,-8.0417,7.4955,-5.8087,-0.3195,-6.6018,7.7588,1.4895,0.2431,-0.0496,0.0201,-0.0148,0.0000,0.0000,0.0000,0.0000,-0.8386,-0.8386,0.0000,0.8534,0.0000,0.0000
241.2640,37.9030,0,40,P649_PBO,-5.4210,7.2160,0.5370,0.5370,1,0,1,0,0,0,0.0000,-2415528.7541,-4405479.8766,3911690.0895,41,-6.7377,7.1311,-1.3167,-0.0849,-4.9499,7.9023,1.8452,0.7491,-0.0574,0.0221,-0.0147,0.0000,0.0000,0.0000,0.0000,-0.1573,-0.1573,0.0000,0.1720,0.0000,0.0000
241.2460,35.4210,0,1,P567_PBO,-12.6090,10.0170,0.1190,0.1190,1,0,1,0,0,0,0.0000,-2496134.0967,-4549098.5117,3690442.8954,1,-11.6900,11.1282,0.9190,1.1112,-9.6650,8.1652,2.0454,-2.9732,-0.0204,0.0103,-0.0140,0.0000,0.0000,0.0000,0.0000,0.3143,0.3143,0.0000,-0.3003,0.0000,0.0000
241.2450,34.4600,0,42,SFDM_PBO,-26.5430,23.5170,0.0890,0.1190,1,0,1,0,0,0,0.0000,-2525638.1457,-4602677.9073,3602895.9880,43,-26.3551,24.9079,0.1879,1.3909,-31.2466,26.0642,-4.8774,1.1488,-0.0140,0.0076,-0.0130,0.0000,0.0000,0.0000,0.0000,-0.1740,-0.1740,0.0000,0.1870,0.0000,0.0000
241.2330,36.2310,0,1,P571_PBO,-10.6810,8.5170,0.1490,0.2690,1,0,1,0,0,0,0.0000,-2471809.5770,-4502345.5393,3763428.4266,1,-9.8972,9.3105,0.7838,0.7935,-9.8098,8.1621,0.1157,-1.1619,-0.0283,0.0135,-0.0148,0.0000,0.0000,0.0000,0.0000,-0.1410,-0.1410,0.0000,0.1557,0.0000,0.0000
241.1830,37.5910,0,1,P642_PBO,-13.0330,2.2180,0.4770,0.4780,1,0,1,0,0,0,0.0000,-2431985.7702,-4420658.2523,3884273.0712,1,-8.3031,8.0377,4.7299,5.8197,-10.0511,8.1499,-1.6977,0.0916,-0.0503,0.0207,-0.0152,0.0000,0.0000,0.0000,0.0000,-0.7518,-0.7518,0.0000,0.7670,0.0000,0.0000
241.1800,37.6770,0,40,P646_PBO,-5.2300,7.5180,0.4770,0.5080,1,0,1,0,0,0,0.0000,-2429403.9760,-4415417.8426,3891841.8593,41,-7.9074,7.8238,-2.6774,0.3058,-6.0541,8.2195,1.9055,0.3746,-0.0522,0.0212,-0.0152,0.0000,0.0000,0.0000,0.0000,-0.7515,-0.7515,0.0000,0.7666,0.0000,0.0000
241.1700,34.9460,0,27,EDPP_PBO,-17.3260,16.8180,0.0600,0.0900,1,0,1,0,0,0,0.0000,-2516833.1532,-4572429.8132,3647298.7188,28,-15.6399,16.0417,1.6861,-0.7763,-10.1720,8.1996,5.4846,-7.8509,-0.0167,0.0088,-0.0137,0.0000,0.0000,0.0000,0.0000,2.1904,2.1904,0.0000,-2.1767,0.0000,0.0000
241.1630,34.2480,0,33,TOST_PBO,-28.4690,30.0230,0.1770,0.1850,1,0,1,0,0,0,0.0000,-2538635.2565,-4610705.0229,3583445.5051,34,-28.2090,28.4856,0.2600,-1.5374,-28.6485,31.9002,-0.4267,3.4076,-0.0128,0.0071,-0.0129,0.0000,0.0000,0.0000,0.0000,0.7983,0.7983,0.0000,-0.7854,0.0000,0.0000
241.1520,34.7920,0,28,P554_PBO,-19.6320,19.3190,0.4180,0.4180,1,0,1,0,0,0,0.0000,-2522990.3378,-4580209.0583,3633256.9685,29,-20.3195,19.0480,-0.6875,-0.2710,-12.3926,15.5021,7.9426,-3.5542,-0.0157,0.0084,-0.0135,0.0000,0.0000,0.0000,0.0000,3.4323,3.4323,0.0000,-3.4187,0.0000,0.0000
241.1310,37.6550,0,40,P639_PBO,-6.6310,7.2190,0.5070,0.5080,1,0,1,0,0,0,0.0000,-2433900.5131,-4414646.8987,3889906.4916,41,-8.2341,7.9917,-1.6031,0.7727,-6.1652,8.4046,2.1206,0.3916,-0.0517,0.0212,-0.0154,0.0000,0.0000,0.0000,0.0000,-0.9024,-0.9024,0.0000,0.9178,0.0000,0.0000
241.1220,34.2960,0,33,MPWD_PBO,-28.9160,29.4440,0.1770,0.1790,1,0,1,0,0,0,0.0000,-2540483.2321,-4606256.8621,3587853.6940,34,-28.4277,28.0964,0.4883,-1.3476,-28.2820,32.1566,0.1586,4.0531,-0.0129,0.0072,-0.0130,0.0000,0.0000,0.0000,0.0000,1.0313,1.0313,0.0000,-1.0183,0.0000,0.0000
241.1210,34.8350,0,27,P553_PBO,-19.7300,17.3190,0.1190,0.1490,1,0,1,0,0,0,0.0000,-2524150.4840,-4576454.3924,3637180.3626,28,-18.9505,18.2976,0.7795,0.9786,-9.9945,8.1290,8.9719,-10.1772,-0.0159,0.0085,-0.0136,0.0000,0.0000,0.0000,0.0000,3.6977,3.6977,0.0000,-3.6840,0.0000,0.0000
241.1160,34.3560,0,33,FMVT_PBO,-28.2470,28.8200,0.0890,0.0900,1,0,1,0,0,0,0.0000,-2539149.3255,-4602698.4782,3593360.3887,34,-28.1569,27.6335,0.0901,-1.1865,-27.8095,32.1941,0.3606,4.5533,-0.0132,0.0073,-0.0131,0.0000,0.0000,0.0000,0.0000,1.5919,1.5919,0.0000,-1.5788,0.0000,0.0000
241.0700,38.9810,0,40,P134_PBO,-5.3840,4.0210,0.4770,0.4780,1,0,1,0,0,0,0.0000,-2394401.5993,-4332088.3332,4005521.5785,41,-5.8521,5.3782,-0.4681,1.3572,0.2657,8.6350,6.2091,3.2281,-0.0913,0.0287,-0.0139,0.0000,0.0000,0.0000,0.0000,1.6010,1.6010,0.0000,-1.5871,0.0000,0.0000
241.0630,34.1100,0,33,CIRX_PBO,-29.1560,30.3210,0.0890,0.0600,1,0,1,0,0,0,0.0000,-2550847.2451,-4613807.2522,3570757.9634,34,-28.4165,30.0391,0.7395,-0.2819,-29.7710,32.5255,-1.3425,2.4797,-0.0119,0.0067,-0.0129,0.0000,0.0000,0.0000,0.0000,0.1099,0.1099,0.0000,-0.0971,0.0000,0.0000
241.0620,39.2680,0,12,P130_PBO,-4.1740,4.0210,0.4770,0.5080,1,0,1,0,0,0,0.0000,-2385268.2000,-4314140.7803,4030265.0537,10,-4.8588,4.7086,-0.6848,0.6876,-6.4223,2.4288,-1.4611,-2.3094,-0.1025,0.0297,-0.0133,0.0000,0.0000,0.0000,0.0000,1.8214,1.8214,0.0000,-1.8081,0.0000,0.0000
241.0160,35.0110,0,27,WGPP_PBO,-17.2250,16.5220,0.0600,0.0900,1,0,1,0,0,0,0.0000,-2527107.2290,-4562026.1064,3653217.5297,28,-15.7744,15.6044,1.4506,-0.9176,-10.2907,7.9776,5.5004,-7.6359,-0.0167,0.0090,-0.0141,0.0000,0.0000,0.0000,0.0000,0.3948,0.3948,0.0000,-0.3807,0.0000,0.0000
241.0000,37.6130,0,1,P630_PBO,-6.4330,8.4220,0.4770,0.4780,1,0,1,0,0,0,0.0000,-2445369.4627,-4411563.2899,3886210.1065,1,-8.7146,8.6533,-2.2816,0.2313,-10.0707,8.1053,-1.3053,-0.5695,-0.0508,0.0214,-0.0159,0.0000,0.0000,0.0000,0.0000,-0.6927,-0.6927,0.0000,0.7086,0.0000,0.0000
240.9920,34.3990,0,42,KBRC_PBO,-28.0460,26.0220,0.3880,0.4180,1,0,1,0,0,0,0.0000,-2547796.0942,-4594832.6808,3597304.4296,43,-28.7910,28.6205,-0.7450,2.5985,-31.7072,27.3334,-2.9032,-1.2945,-0.0131,0.0074,-0.0133,0.0000,0.0000,0.0000,0.0000,1.6331,1.6331,0.0000,-1.6197,0.0000,0.0000
240.9810,37.8000,0,40,P648_PBO,-9.8260,8.6230,0.5070,0.5370,1,0,1,0,0,0,0.0000,-2440666.3888,-4399637.3037,3902651.7441,41,-8.0693,8.4136,1.7567,-0.2094,-5.4754,8.9711,2.6491,0.5348,-0.0552,0.0227,-0.0159,0.0000,0.0000,0.0000,0.0000,-1.2193,-1.2193,0.0000,1.2352,0.0000,0.0000
240.9700,33.4800,0,30,BAR1_PBO,-30.9780,33.8230,0.0600,0.0900,1,0,1,0,0,0,0.0000,-2577230.6065,-4643711.2186,3512574.5516,31,-31.6641,34.8285,-0.6861,1.0055,-33.1251,37.5135,-1.4517,2.6794,-0.0092,0.0055,-0.0122,0.0000,0.0000,0.0000,0.0000,0.1552,0.1552,0.0000,-0.1430,0.0000,0.0000
240.9610,34.1680,0,33,CSCI_PBO,-29.3540,30.9230,0.0890,0.0600,1,0,1,0,0,0,0.0000,-2557300.9861,-4606096.2256,3576092.9362,34,-28.5764,30.1830,0.7776,-0.7400,-29.3454,33.1632,-0.7571,2.9734,-0.0119,0.0068,-0.0131,0.0000,0.0000,0.0000,0.0000,0.2561,0.2561,0.0000,-0.2430,0.0000,0.0000
240.9370,36.0270,0,1,P056_PBO,-13.1890,5.7240,0.1490,0.3280,1,0,1,0,0,0,0.0000,-2501529.6905,-4501199.6195,3745117.1750,1,-10.1343,9.7826,3.0547,4.0586,-9.7985,8.0899,0.3610,-1.7055,-0.0252,0.0128,-0.0154,0.0000,0.0000,0.0000,0.0000,-0.1832,-0.1832,0.0000,0.1986,0.0000,0.0000
240.9360,34.3200,0,33,SOMT_PBO,-29.2490,30.3240,0.0890,0.0900,1,0,1,0,0,0,0.0000,-2554692.8671,-4596671.3685,3590056.8444,34,-27.2556,29.4264,1.9934,-0.8976,-28.1521,33.3195,-0.8840,3.8859,-0.0126,0.0072,-0.0133,0.0000,0.0000,0.0000,0.0000,-0.7720,-0.7720,0.0000,0.7853,0.0000,0.0000
240.9310,39.4860,0,12,P128_PBO,-4.3670,3.4240,0.5070,0.5080,1,0,1,0,0,0,0.0000,-2387657.9866,-4295241.8942,4048992.2043,10,-5.6987,4.3851,-1.3317,0.9611,-6.1789,2.5344,-0.3664,-1.8819,-0.1138,0.0313,-0.0133,0.0000,0.0000,0.0000,0.0000,1.2166,1.2166,0.0000,-1.2033,0.0000,0.0000
240.9140,37.7860,0,40,P632_PBO,-11.5270,8.6240,0.5070,0.5080,1,0,1,0,0,0,0.0000,-2446273.0171,-4397613.4620,3901422.2568,41,-8.1509,8.6540,3.3761,0.0300,-5.5498,9.2241,2.6559,0.5472,-0.0549,0.0229,-0.0162,0.0000,0.0000,0.0000,0.0000,-1.3278,-1.3278,0.0000,1.3439,0.0000,0.0000
240.8590,34.4990,0,42,NHRG_PBO,-27.5430,23.6250,0.0890,0.0900,1,0,1,0,0,0,0.0000,-2555393.8825,-4583415.3764,3606468.7790,43,-29.1975,26.9154,-1.6545,3.2904,-31.0978,28.0004,-1.8870,1.0774,-0.0133,0.0076,-0.0137,0.0000,0.0000,0.0000,0.0000,0.3779,0.3779,0.0000,-0.3642,0.0000,0.0000
240.8580,34.3270,0,42,OVLS_PBO,-28.8890,29.2020,0.1960,0.1910,1,0,1,0,0,0,0.0000,-2560734.5972,-4592806.1401,3590699.3113,43,-28.9263,28.8350,-0.0373,-0.3670,-32.2086,28.0054,-3.2699,-0.8368,-0.0124,0.0072,-0.0135,0.0000,0.0000,0.0000,0.0000,0.9384,0.9384,0.0000,-0.9249,0.0000,0.0000
240.8450,34.8560,0,41,P551_PBO,-22.4310,17.6260,0.5370,0.5970,1,0,1,0,0,0,0.0000,-2545516.7706,-4563077.7288,3639095.6944,42,-22.6352,20.2568,-0.2042,2.6308,-31.6803,29.9474,-9.0298,9.6820,-0.0153,0.0085,-0.0142,0.0000,0.0000,0.0000,0.0000,4.2092,4.2092,0.0000,-4.1950,0.0000,0.0000
240.8160,34.5410,0,41,RSVY_PBO,-28.3420,24.1260,0.0890,0.1490,1,0,1,0,0,0,0.0000,-2557543.1896,-4579186.9671,3610314.5314,42,-29.1746,26.2260,-0.8326,2.1000,-32.6566,30.0114,-3.4686,3.7777,-0.0134,0.0077,-0.0139,0.0000,0.0000,0.0000,0.0000,0.3761,0.3761,0.0000,-0.3622,0.0000,0.0000
240.8120,34.4410,0,42,HVYS_PBO,-28.4460,25.0270,0.0890,0.0900,1,0,1,0,0,0,0.0000,-2560931.9167,-4584502.5182,3601154.7927,43,-29.6335,27.6919,-1.1875,2.6649,-31.4854,28.2361,-1.8390,0.5368,-0.0128,0.0074,-0.0137,0.0000,0.0000,0.0000,0.0000,0.5289,0.5289,0.0000,-0.5151,0.0000,0.0000
240.7710,36.3240,0,1,P566_PBO,-11.9800,8.1270,0.1190,0.1790,1,0,1,0,0,0,0.0000,-2505046.9789,-4476931.3929,3771760.3846,1,-9.9124,9.5060,2.0676,1.3790,-9.8649,8.0494,0.0756,-1.4710,-0.0281,0.0143,-0.0162,0.0000,0.0000,0.0000,0.0000,-0.2193,-0.2193,0.0000,0.2355,0.0000,0.0000
240.7630,35.7440,0,1,P565_PBO,-14.3000,7.8280,0.2090,0.4180,1,0,1,0,0,0,0.0000,-2524191.9337,-4509668.8142,3719636.2362,1,-10.7871,10.5866,3.5129,2.7586,-9.7624,8.0474,1.0464,-2.5508,-0.0218,0.0116,-0.0156,0.0000,0.0000,0.0000,0.0000,-0.1525,-0.1525,0.0000,0.1681,0.0000,0.0000
240.7620,34.2760,0,42,VNCO_PBO,-31.0520,29.4280,0.0600,0.1490,1,0,1,0,0,0,0.0000,-2569986.4226,-4591296.2766,3586017.2545,43,-29.2348,29.5811,1.8172,0.1531,-32.5645,28.4868,-3.3178,-1.1013,-0.0119,0.0070,-0.0136,0.0000,0.0000,0.0000,0.0000,1.0121,1.0121,0.0000,-0.9986,0.0000,0.0000
240.6740,34.6000,0,41,P549_PBO,-29.2410,21.4300,0.5070,0.5080,1,0,1,0,0,0,0.0000,-2567062.0216,-4569590.6877,3615713.6205,42,-29.5778,25.9994,-0.3368,4.5694,-32.5179,30.3245,-2.9268,4.3173,-0.0133,0.0078,-0.0142,0.0000,0.0000,0.0000,0.0000,0.7028,0.7028,0.0000,-0.6886,0.0000,0.0000
240.6520,35.1570,0,1,BVPP_PBO,-18.3210,14.6300,0.0600,0.0600,1,0,1,0,0,0,0.0000,-2551467.7985,-4537750.3690,3666494.9371,1,-15.8758,15.8195,2.4452,1.1895,-9.6660,8.0203,6.2264,-7.8087,-0.0167,0.0095,-0.0151,0.0000,0.0000,0.0000,0.0000,0.8059,0.8059,0.0000,-0.7908,0.0000,0.0000
240.6510,35.6230,0,1,P564_PBO,-16.1050,25.3300,0.4770,0.4780,1,0,1,0,0,0,0.0000,-2536846.9207,-4511563.0218,3708713.8286,1,-11.4229,11.2874,4.6821,-14.0426,-9.7499,8.0200,1.6933,-3.2785,-0.0203,0.0112,-0.0157,0.0000,0.0000,0.0000,0.0000,-0.1142,-0.1142,0.0000,0.1299,0.0000,0.0000
240.6470,34.6830,0,41,OZST_PBO,-28.7870,24.3430,0.1920,0.1890,1,0,1,0,0,0,0.0000,-2566644.8955,-4563810.3317,3623302.4574,42,-29.2125,25.0562,-0.4255,0.7132,-32.2712,30.3840,-3.0450,5.3198,-0.0137,0.0080,-0.0144,0.0000,0.0000,0.0000,0.0000,1.3395,1.3395,0.0000,-1.3251,0.0000,0.0000
240.6370,34.0150,0,33,ANA1_PBO,-30.8610,35.8310,0.1190,0.3580,1,0,1,0,0,0,0.0000,-2587980.0829,-4599867.7038,3562011.7434,34,-30.4766,32.4192,0.3844,-3.4118,-30.6626,35.1882,-0.1756,2.7626,-0.0104,0.0064,-0.0134,0.0000,0.0000,0.0000,0.0000,0.0110,0.0110,0.0000,0.0024,0.0000,0.0000
240.6290,34.4080,0,42,CSST_PBO,-29.6470,27.0310,0.0600,0.0900,1,0,1,0,0,0,0.0000,-2576578.3622,-4578106.4078,3598129.6702,43,-30.0021,28.4415,-0.3551,1.4105,-31.7502,29.1535,-1.7360,0.7047,-0.0122,0.0073,-0.0140,0.0000,0.0000,0.0000,0.0000,0.4370,0.4370,0.0000,-0.4230,0.0000,0.0000
240.5790,35.4190,0,1,P563_PBO,-13.8120,12.1320,0.2090,0.1790,1,0,1,0,0,0,0.0000,-2548984.6717,-4519844.7659,3690261.7654,1,-13.0946,12.9563,0.7174,0.8243,-9.7192,8.0024,3.3938,-4.9643,-0.0184,0.0104,-0.0156,0.0000,0.0000,0.0000,0.0000,0.0727,0.0727,0.0000,-0.0571,0.0000,0.0000
240.4630,39.6980,0,19,P095_PBO,-6.5610,4.3340,0.2390,0.1790,1,0,1,0,0,0,0.0000,-2415259.7750,-4262532.2474,4067147.7131,20,-6.8454,4.4793,-0.2844,0.1453,-7.1613,5.4540,-0.1815,0.9379,-0.1344,0.0367,-0.0148,0.0000,0.0000,0.0000,0.0000,0.0868,0.0868,0.0000,-0.0720,0.0000,0.0000
240.4000,39.4990,0,19,P127_PBO,-7.3690,4.3360,0.1790,0.1790,1,0,1,0,0,0,0.0000,-2426908.0448,-4272130.7549,4050107.1117,20,-7.3425,5.1995,0.0265,0.8635,-7.9638,5.6435,-0.4962,0.4067,-0.1251,0.0373,-0.0157,0.0000,0.0000,0.0000,0.0000,-0.3409,-0.3409,0.0000,0.3566,0.0000,0.0000
240.2870,35.3190,0,1,P543_PBO,-16.0170,17.0380,0.3580,0.3880,1,0,1,0,0,0,0.0000,-2575174.6940,-4512382.6011,3681199.5352,1,-17.6319,17.8522,-1.6149,0.8142,-9.7246,7.9307,7.9239,-9.9314,-0.0166,0.0100,-0.0162,0.0000,0.0000,0.0000,0.0000,0.1309,0.1309,0.0000,-0.1147,0.0000,0.0000
240.2800,34.5000,0,42,RCA2_PBO,-31.8310,30.4410,0.1960,0.1920,1,0,1,0,0,0,0.0000,-2601548.9147,-4557303.7012,3606560.3671,43,-30.5274,30.3981,1.3036,-0.0429,-31.2599,30.9024,-0.7209,0.4968,-0.0116,0.0074,-0.0148,0.0000,0.0000,0.0000,0.0000,0.5823,0.5823,0.0000,-0.5675,0.0000,0.0000
240.2780,39.9080,0,12,P139_PBO,-4.8550,4.8390,0.4770,0.5080,1,0,1,0,0,0,0.0000,-2421603.2667,-4241737.2143,4085077.0477,10,-6.6135,4.3075,-1.7585,-0.5315,-5.7209,3.0607,1.0447,-1.2858,-0.1521,0.0390,-0.0151,0.0000,0.0000,0.0000,0.0000,0.2152,0.2152,0.0000,-0.2001,0.0000,0.0000
240.2620,35.7310,0,1,P544_PBO,-12.1030,11.2390,0.1490,0.1790,1,0,1,0,0,0,0.0000,-2563946.4927,-4488157.6041,3718463.5489,1,-11.3684,12.2351,0.7346,0.9961,-9.8009,7.9246,1.5875,-4.3221,-0.0200,0.0116,-0.0169,0.0000,0.0000,0.0000,0.0000,-0.2802,-0.2802,0.0000,0.2972,0.0000,0.0000
240.2150,34.0290,0,33,CRU1_PBO,-30.9770,35.2220,0.1730,0.1710,1,0,1,0,0,0,0.0000,-2621356.5096,-4579926.3672,3563301.2758,34,-31.4538,34.4153,-0.4768,-0.8067,-30.7025,37.8239,0.7607,3.4023,-0.0094,0.0063,-0.0141,0.0000,0.0000,0.0000,0.0000,0.5770,0.5770,0.0000,-0.5629,0.0000,0.0000
240.1200,34.4150,0,42,COPR_PBO,-30.6490,29.2420,0.0890,0.0600,1,0,1,0,0,0,0.0000,-2616927.7789,-4554655.2473,3598771.4626,43,-30.8997,32.3138,-0.2507,3.0718,-31.8578,31.7037,-0.9474,-0.6172,-0.0108,0.0071,-0.0149,0.0000,0.0000,0.0000,0.0000,1.2287,1.2287,0.0000,-1.2137,0.0000,0.0000
240.0910,35.9350,0,1,P547_PBO,-9.7960,11.4430,0.1490,0.1790,1,0,1,0,0,0,0.0000,-2570712.1730,-4468980.8910,3736843.6121,1,-9.8601,11.9096,-0.0641,0.4666,-9.8513,7.8825,0.0301,-4.0396,-0.0213,0.0126,-0.0178,0.0000,0.0000,0.0000,0.0000,-0.3466,-0.3466,0.0000,0.3643,0.0000,0.0000
240.0650,35.3170,0,41,P537_PBO,-22.0180,23.6440,0.3580,0.4180,1,0,1,0,0,0,0.0000,-2592703.2585,-4502482.2556,3681018.1761,42,-22.1135,23.2408,-0.0955,-0.4032,-30.5047,31.6654,-8.3754,8.4147,-0.0158,0.0099,-0.0167,0.0000,0.0000,0.0000,0.0000,0.0153,0.0153,0.0000,0.0014,0.0000,0.0000
240.0180,34.5820,0,41,BBDM_PBO,-32.5440,32.7450,0.2680,0.1490,1,0,1,0,0,0,0.0000,-2619779.0300,-4540884.2885,3614066.8469,42,-30.3577,31.9170,2.1863,-0.8280,-32.7749,31.7688,-2.4060,-0.1558,-0.0112,0.0075,-0.0154,0.0000,0.0000,0.0000,0.0000,0.8569,0.8569,0.0000,-0.8415,0.0000,0.0000
239.9990,35.6870,0,1,P541_PBO,-13.2060,14.6450,0.1490,0.1790,1,0,1,0,0,0,0.0000,-2585948.0901,-4478812.9500,3714493.0335,1,-13.0760,15.2095,0.1300,0.5645,-9.8141,7.8599,3.2805,-7.3610,-0.0186,0.0114,-0.0176,0.0000,0.0000,0.0000,0.0000,-0.1278,-0.1278,0.0000,0.1454,0.0000,0.0000
239.9910,34.7330,0,41,FGST_PBO,-30.5390,32.0450,0.0890,0.0600,1,0,1,0,0,0,0.0000,-2617145.8438,-4531385.6182,3627870.3771,42,-30.1675,31.2611,0.3715,-0.7839,-32.3206,31.8281,-2.1411,0.5590,-0.0119,0.0079,-0.0158,0.0000,0.0000,0.0000,0.0000,0.5156,0.5156,0.0000,-0.4998,0.0000,0.0000
239.9750,35.2800,0,41,P536_PBO,-24.6200,26.3460,0.3880,0.4180,1,0,1,0,0,0,0.0000,-2600961.4444,-4500461.2640,3677662.2245,42,-24.5208,26.2014,0.0992,-0.1446,-30.6472,31.8633,-6.1111,5.6521,-0.0152,0.0097,-0.0169,0.0000,0.0000,0.0000,0.0000,0.0822,0.0822,0.0000,-0.0654,0.0000,0.0000
239.9350,34.0040,0,33,SRS1_PBO,-31.4650,35.6460,0.0600,0.0600,1,0,1,0,0,0,0.0000,-2644485.5285,-4568406.5292,3560998.3901,34,-31.6140,36.2541,-0.1490,0.6081,-31.0056,39.5716,0.6169,3.3113,-0.0085,0.0061,-0.0145,0.0000,0.0000,0.0000,0.0000,0.0639,0.0639,0.0000,-0.0494,0.0000,0.0000
239.8990,35.2350,0,41,P535_PBO,-26.2220,28.7470,0.5670,0.5670,1,0,1,0,0,0,0.0000,-2608376.6100,-4499504.7759,3673578.5949,42,-26.2316,28.2746,-0.0096,-0.4724,-30.8098,32.0303,-4.5636,3.7462,-0.0146,0.0095,-0.0170,0.0000,0.0000,0.0000,0.0000,0.1602,0.1602,0.0000,-0.1432,0.0000,0.0000
239.8880,35.5340,0,41,P538_PBO,-22.0110,23.7480,0.3580,0.3580,1,0,1,0,0,0,0.0000,-2599587.1361,-4482359.1938,3700669.4314,42,-20.1913,22.4772,1.8197,-1.2708,-29.8951,32.0545,-9.6870,9.5665,-0.0168,0.0107,-0.0176,0.0000,0.0000,0.0000,0.0000,-0.0806,-0.0806,0.0000,0.0982,0.0000,0.0000
239.8690,35.8010,0,1,P540_PBO,-12.4020,13.5480,0.2090,0.2390,1,0,1,0,0,0,0.0000,-2592388.4512,-4466533.2346,3724775.7575,1,-9.8698,15.2884,2.5322,1.7404,-9.8451,7.8278,0.0438,-7.4725,-0.0191,0.0119,-0.0182,0.0000,0.0000,0.0000,0.0000,0.4002,0.4002,0.0000,-0.3821,0.0000,0.0000
239.8670,34.4830,0,42,TJRN_PBO,-31.6480,33.6480,0.0600,0.0900,1,0,1,0,0,0,0.0000,-2634868.1235,-4539358.2379,3605003.2206,43,-30.8162,34.2035,0.8318,0.5555,-31.5000,32.9704,-0.6735,-1.2403,-0.0103,0.0072,-0.0155,0.0000,0.0000,0.0000,0.0000,0.2396,0.2396,0.0000,-0.2241,0.0000,0.0000
239.8450,35.9280,0,1,P546_PBO,-9.5980,13.0490,0.1790,0.2090,1,0,1,0,0,0,0.0000,-2590105.3537,-4458297.0799,3736213.7072,1,-9.5833,13.2032,0.0147,0.1542,-9.8699,7.8219,-0.2664,-5.3939,-0.0202,0.0126,-0.0185,0.0000,0.0000,0.0000,0.0000,-0.0304,-0.0304,0.0000,0.0489,0.0000,0.0000
239.8180,35.7030,0,1,P539_PBO,-15.3060,18.9490,0.1190,0.1190,1,0,1,0,0,0,0.0000,-2599562.3458,-4469724.6514,3715937.1109,1,-14.7171,18.6851,0.5889,-0.2639,-9.8314,7.8153,4.9036,-10.8813,-0.0179,0.0114,-0.0181,0.0000,0.0000,0.0000,0.0000,0.3979,0.3979,0.0000,-0.3798,0.0000,0.0000
239.7600,34.8710,0,41,P515_PBO,-30.4350,31.1500,0.3280,0.3280,1,0,1,0,0,0,0.0000,-2630985.4985,-4513235.2423,3640463.4892,42,-30.1195,31.9248,0.3155,0.7748,-31.9713,32.3357,-1.8399,0.4026,-0.0119,0.0082,-0.0165,0.0000,0.0000,0.0000,0.0000,0.3470,0.3470,0.0000,-0.3305,0.0000,0.0000
239.7330,35.6340,0,41,P532_PBO,-22.8090,27.7510,0.0890,0.1190,1,0,1,0,0,0,0.0000,-2608444.1070,-4469724.9771,3709707.4589,42,-21.3755,26.7740,1.4335,-0.9770,-29.6385,32.3949,-8.2460,5.6098,-0.0170,0.0111,-0.0182,0.0000,0.0000,0.0000,0.0000,-0.3208,-0.3208,0.0000,0.3390,0.0000,0.0000
239.7210,34.7390,0,41,ORES_PBO,-31.5040,34.2680,0.1780,0.1860,1,0,1,0,0,0,0.0000,-2638278.7883,-4518674.2340,3628418.3418,42,-30.8719,32.7562,0.6321,-1.5118,-32.3884,32.4213,-1.5055,-0.3427,-0.0110,0.0078,-0.0163,0.0000,0.0000,0.0000,0.0000,0.5490,0.5490,0.0000,-0.5326,0.0000,0.0000
239.6520,35.5440,0,41,P280_PBO,-24.9120,29.8530,0.3580,0.3580,1,0,1,0,0,0,0.0000,-2617701.3907,-4471056.1083,3701573.7419,42,-24.3687,30.6170,0.5433,0.7640,-29.9417,32.5728,-5.5571,1.9451,-0.0159,0.0107,-0.0182,0.0000,0.0000,0.0000,0.0000,0.0016,0.0016,0.0000,0.0167,0.0000,0.0000
239.6490,34.0380,0,33,MIG1_PBO,-31.6650,36.4530,0.0890,0.0900,1,0,1,0,0,0,0.0000,-2666188.1065,-4553325.0187,3564130.1486,34,-31.7536,36.2620,-0.0886,-0.1910,-30.8503,41.3558,0.9111,5.0877,-0.0078,0.0061,-0.0150,0.0000,0.0000,0.0000,0.0000,0.0607,0.0607,0.0000,-0.0457,0.0000,0.0000
239.6460,35.4400,0,41,P529_PBO,-27.0160,30.1530,0.3580,0.3580,1,0,1,0,0,0,0.0000,-2621560.5975,-4476572.4473,3692163.4064,42,-25.8921,30.8660,1.1239,0.7130,-30.2630,32.5859,-4.3558,1.7097,-0.0151,0.0102,-0.0180,0.0000,0.0000,0.0000,0.0000,0.2163,0.2163,0.0000,-0.1982,0.0000,0.0000
239.6290,35.7480,0,41,P533_PBO,-22.8050,29.1530,0.3280,0.3280,1,0,1,0,0,0,0.0000,-2612815.9462,-4458605.8841,3719997.0245,42,-22.8780,32.3545,-0.0730,3.2015,-29.3227,32.6232,-6.4272,0.2572,-0.0175,0.0116,-0.0188,0.0000,0.0000,0.0000,0.0000,-0.9918,-0.9918,0.0000,1.0106,0.0000,0.0000
239.6170,35.1060,0,41,P516_PBO,-30.0280,30.5540,0.1790,0.1790,1,0,1,0,0,0,0.0000,-2634667.3206,-4493736.0347,3661859.6398,42,-28.9955,32.0308,1.0325,1.4768,-31.2973,32.6496,-2.2891,0.6098,-0.0127,0.0089,-0.0173,0.0000,0.0000,0.0000,0.0000,0.3187,0.3187,0.0000,-0.3013,0.0000,0.0000
239.5900,35.0110,0,41,P514_PBO,-29.2310,32.3540,0.3880,0.3880,1,0,1,0,0,0,0.0000,-2639854.3704,-4497724.0962,3653217.5297,42,-29.6359,32.4293,-0.4049,0.0753,-31.5974,32.7088,-1.9495,0.2709,-0.0120,0.0086,-0.0172,0.0000,0.0000,0.0000,0.0000,0.3340,0.3340,0.0000,-0.3168,0.0000,0.0000
239.5200,35.6250,0,41,P530_PBO,-25.9100,31.4560,0.1490,0.2390,1,0,1,0,0,0,0.0000,-2625338.0209,-4460499.2248,3708894.4988,42,-24.4302,32.9054,1.4798,1.4494,-29.7368,32.8624,-5.2906,-0.0539,-0.0160,0.0110,-0.0188,0.0000,0.0000,0.0000,0.0000,-0.0324,-0.0324,0.0000,0.0512,0.0000,0.0000
239.4550,35.3280,0,41,P528_PBO,-27.4210,33.2570,0.4180,0.4180,1,0,1,0,0,0,0.0000,-2640131.9240,-4474015.6504,3682015.5955,42,-27.9030,32.9506,-0.4820,-0.3064,-30.6700,33.0050,-2.7535,0.0447,-0.0135,0.0097,-0.0182,0.0000,0.0000,0.0000,0.0000,0.3982,0.3982,0.0000,-0.3800,0.0000,0.0000
239.3950,35.7540,0,41,P527_PBO,-26.5060,31.6590,0.4180,0.4180,1,0,1,0,0,0,0.0000,-2630805.0214,-4447562.4902,3720538.1730,42,-26.1271,33.1696,0.3789,1.5106,-29.3827,33.1365,-3.2391,-0.0446,-0.0165,0.0115,-0.0195,0.0000,0.0000,0.0000,0.0000,0.1616,0.1616,0.0000,-0.1421,0.0000,0.0000
239.3840,34.5560,0,41,VNDP_PBO,-32.5380,34.8300,0.1060,0.1070,1,0,1,0,0,0,0.0000,-2670699.2168,-4513028.9427,3611687.5443,42,-31.5696,34.9155,0.9684,0.0855,-33.0583,33.1606,-1.4797,-1.7620,-0.0090,0.0071,-0.0166,0.0000,0.0000,0.0000,0.0000,0.7255,0.7255,0.0000,-0.7089,0.0000,0.0000
239.3390,35.3120,0,41,USLO_PBO,-28.8220,34.8600,0.1190,0.1490,1,0,1,0,0,0,0.0000,-2649708.7597,-4469545.6152,3680564.7588,42,-28.3576,33.6699,0.4644,-1.1901,-30.7578,33.2593,-2.3873,-0.4202,-0.0129,0.0095,-0.0185,0.0000,0.0000,0.0000,0.0000,0.4600,0.4600,0.0000,-0.4415,0.0000,0.0000
239.1920,35.4260,0,41,P525_PBO,-29.9180,34.0630,0.4770,0.4780,1,0,1,0,0,0,0.0000,-2657411.3453,-4456434.1496,3690895.7008,42,-28.1898,34.3410,1.7282,0.2780,-30.4579,33.5814,-2.2551,-0.7696,-0.0130,0.0099,-0.0192,0.0000,0.0000,0.0000,0.0000,0.5120,0.5120,0.0000,-0.4929,0.0000,0.0000
239.1580,35.6970,0,41,P295_PBO,-27.1090,33.7640,0.0890,0.2090,1,0,1,0,0,0,0.0000,-2651075.7539,-4439818.0398,3715395.6158,42,-27.4760,34.0055,-0.3670,0.2415,-29.6383,33.6558,-2.1474,-0.3608,-0.0149,0.0111,-0.0200,0.0000,0.0000,0.0000,0.0000,0.3785,0.3785,0.0000,-0.3585,0.0000,0.0000
239.1300,35.6360,0,41,P526_PBO,-26.9110,35.4650,0.1490,0.3880,1,0,1,0,0,0,0.0000,-2655273.2234,-4441914.6575,3709888.1043,42,-27.6771,34.2110,-0.7661,-1.2540,-29.8351,33.7171,-2.1437,-0.5047,-0.0142,0.0108,-0.0199,0.0000,0.0000,0.0000,0.0000,0.4266,0.4266,0.0000,-0.4067,0.0000,0.0000
238.9970,35.5520,0,41,P067_PBO,-29.4150,34.2680,0.1790,0.5080,1,0,1,0,0,0,0.0000,-2668375.6833,-4440396.2425,3702297.1091,42,-28.5018,35.0953,0.9132,0.8273,-30.1384,34.0083,-1.6237,-1.0973,-0.0130,0.0103,-0.0200,0.0000,0.0000,0.0000,0.0000,0.5694,0.5694,0.0000,-0.5493,0.0000,0.0000
238.9390,35.7110,0,41,P278_PBO,-29.2100,35.5690,0.1790,0.2090,1,0,1,0,0,0,0.0000,-2667558.0535,-4428874.6952,3716659.0409,42,-28.2727,34.8904,0.9373,-0.6786,-29.6710,34.1352,-1.3844,-0.7662,-0.0139,0.0110,-0.0207,0.0000,0.0000,0.0000,0.0000,0.4752,0.4752,0.0000,-0.4545,0.0000,0.0000
237.8590,37.6530,0,44,WINT_PBO,-19.2190,21.0040,0.1660,0.1460,1,0,1,0,0,0,0.0000,-2681976.0703,-4268647.5957,3889730.5207,44,-18.9264,22.6150,0.2926,1.6110,-21.5081,28.0431,-2.5472,5.3978,-0.0345,0.0303,-0.0344,0.0000,0.0000,0.0000,0.0000,0.5895,0.5895,0.0000,-0.5550,0.0000,0.0000
224.4610,56.8540,0,46,BIS1_PBO,-3.7830,7.8780,0.0890,0.1790,1,0,1,0,0,0,0.0000,-2484881.4094,-2438563.5974,5331334.1130,47,-4.4094,8.7704,-0.6264,0.8924,-6.9582,-1.7241,-2.5534,-10.4942,0.0046,-0.0003,-0.0171,0.0000,0.0000,0.0000,0.0000,1.5891,1.5891,0.0000,-1.5720,0.0000,0.0000
224.3030,58.4180,0,46,GUS2_PBO,-0.7310,1.7810,0.1190,0.1790,1,0,1,0,0,0,0.0000,-2386532.4637,-2329163.4528,5424372.0256,47,-3.2547,1.3895,-2.5237,-0.3915,-6.0285,-1.6892,-2.7757,-3.0776,0.0020,-0.0011,-0.0139,0.0000,0.0000,0.0000,0.0000,-0.1698,-0.1698,0.0000,0.1837,0.0000,0.0000
218.8420,64.7770,0,14,AB41_PBO,1.7150,-11.7150,0.4470,0.4780,1,0,1,0,0,0,0.0000,-2113438.8348,-1701800.6858,5760347.4009,11,0.6173,1.9698,-1.0977,13.6848,0.8171,0.7345,0.1996,-1.2343,0.0002,-0.0010,-0.0059,0.0000,0.0000,0.0000,0.0000,-0.0165,-0.0165,0.0000,0.0225,0.0000,0.0000
216.2960,62.8320,0,46,AC65_PBO,-12.4860,26.7310,0.5370,0.2390,1,0,1,0,0,0,0.0000,-2343261.7890,-1721045.0575,5664934.2061,47,-3.7282,3.7134,8.7578,-23.0176,-3.2945,0.0923,0.4322,-3.6207,0.0015,-0.0005,-0.0064,0.0000,0.0000,0.0000,0.0000,0.1022,0.1022,0.0000,-0.0957,0.0000,0.0000
214.5480,62.9670,0,46,AB37_PBO,-26.2080,14.1610,0.1490,0.2390,1,0,1,0,0,0,0.0000,-2383668.9984,-1641192.2104,5671768.8331,47,-3.7516,3.5090,22.4564,-10.6520,-3.2212,0.4821,0.5286,-3.0265,0.0018,-0.0004,-0.0059,0.0000,0.0000,0.0000,0.0000,0.0513,0.0513,0.0000,-0.0454,0.0000,0.0000
214.2570,61.1390,0,46,AC57_PBO,-13.5730,24.2660,0.4180,0.4180,1,0,1,0,0,0,0.0000,-2540294.6324,-1730079.3225,5576565.2672,47,-7.4348,8.6901,6.1382,-15.5759,-4.3197,0.5470,3.1119,-8.1428,0.0032,-0.0003,-0.0064,0.0000,0.0000,0.0000,0.0000,1.5567,1.5567,0.0000,-1.5503,0.0000,0.0000
214.1530,63.5020,0,46,AC63_PBO,6.1040,-4.0320,0.1490,0.2390,1,0,1,0,0,0,0.0000,-2350996.1951,-1594917.6980,5698544.1903,47,-3.1956,2.9779,-9.2996,7.0099,-2.9029,0.5702,0.2911,-2.4073,0.0015,-0.0004,-0.0057,0.0000,0.0000,0.0000,0.0000,-0.0016,-0.0016,0.0000,0.0073,0.0000,0.0000
213.6870,63.0840,0,46,AC62_PBO,-22.3170,6.9760,0.1490,0.1490,1,0,1,0,0,0,0.0000,-2398419.4746,-1598760.8453,5677666.7078,47,-3.6500,3.3878,18.6670,-3.5882,-3.1586,0.6740,0.4896,-2.7134,0.0018,-0.0004,-0.0057,0.0000,0.0000,0.0000,0.0000,0.0264,0.0264,0.0000,-0.0207,0.0000,0.0000
212.1400,64.8740,0,14,CLGO_PBO,2.4180,-6.4990,0.1490,0.2090,1,0,1,0,0,0,0.0000,-2289345.2710,-1438331.7451,5764932.9122,11,-0.0057,2.4625,-2.4237,8.9615,0.7324,0.9482,0.7369,-1.5140,0.0012,-0.0004,-0.0049,0.0000,0.0000,0.0000,0.0000,-0.0283,-0.0283,0.0000,0.0332,0.0000,0.0000
211.6650,70.2560,0,14,PBOC_PBO,-2.4150,1.5090,0.1790,0.1490,1,0,1,0,0,0,0.0000,-1830817.5059,-1129191.5356,5993111.4788,11,0.9389,1.4684,3.3539,-0.0406,0.9674,0.9629,0.0286,-0.5048,-0.0001,-0.0007,-0.0034,0.0000,0.0000,0.0000,0.0000,-0.0445,-0.0445,0.0000,0.0480,0.0000,0.0000
211.0220,63.8360,0,46,GRNR_PBO,-1.7340,-2.0800,0.1490,0.1790,1,0,1,0,0,0,0.0000,-2406090.7416,-1446982.8841,5715008.2535,47,-2.7469,3.1112,-1.0129,5.1912,-2.7471,1.2668,-0.0020,-1.8441,0.0018,-0.0003,-0.0049,0.0000,0.0000,0.0000,0.0000,0.0010,0.0010,0.0000,0.0039,0.0000,0.0000
210.8680,61.5980,0,46,ATW2_PBO,-12.7090,11.0220,0.2090,0.2390,1,0,1,0,0,0,0.0000,-2599694.8971,-1553913.9463,5601007.8871,47,-5.1433,4.7498,7.5657,-6.2722,-4.0929,1.3010,1.0471,-3.4485,0.0032,-0.0003,-0.0053,0.0000,0.0000,0.0000,0.0000,0.1433,0.1433,0.0000,-0.1380,0.0000,0.0000
210.2760,60.4810,0,46,AC15_PBO,-12.3550,16.9310,0.4770,0.4180,1,0,1,0,0,0,0.0000,-2709408.6503,-1581728.5031,5540901.6567,47,-6.8028,6.2613,5.5522,-10.6697,-4.7731,1.4323,2.0253,-4.8286,0.0043,-0.0004,-0.0052,0.0000,0.0000,0.0000,0.0000,0.3531,0.3531,0.0000,-0.3479,0.0000,0.0000
209.9310,61.7690,0,46,AC53_PBO,-5.4190,-0.3630,0.4470,0.4780,1,0,1,0,0,0,0.0000,-2610259.9847,-1502845.9129,5610022.1422,47,-4.4188,4.3659,1.0002,4.7289,-4.0108,1.5088,0.4049,-2.8568,0.0032,-0.0003,-0.0050,0.0000,0.0000,0.0000,0.0000,0.1563,0.1563,0.0000,-0.1513,0.0000,0.0000
209.8270,67.2510,0,14,AB33_PBO,3.1570,-8.0610,0.4180,0.4480,1,0,1,0,0,0,0.0000,-2136085.6859,-1224684.9331,5872106.6253,11,0.6182,1.9417,-2.5388,10.0027,0.8038,1.0191,0.1850,-0.9222,0.0006,-0.0005,-0.0040,0.0000,0.0000,0.0000,0.0000,-0.0603,-0.0603,0.0000,0.0643,0.0000,0.0000
209.1090,59.7640,0,46,AC06_PBO,-2.6970,4.4500,0.3880,0.3580,1,0,1,0,0,0,0.0000,-2801425.9757,-1559830.1173,5501208.4099,47,-6.5007,6.7315,-3.8037,2.2815,-5.2283,1.6907,1.2672,-5.0403,0.0051,-0.0005,-0.0048,0.0000,0.0000,0.0000,0.0000,0.6566,0.6566,0.0000,-0.6519,0.0000,0.0000
208.2930,59.4460,0,14,SELD_PBO,1.3800,-9.1380,0.2390,0.2690,1,0,1,0,0,0,0.0000,-2850197.3781,-1534224.0253,5483327.7312,11,-4.7522,6.5786,-6.1322,15.7166,0.4230,1.0652,5.1698,-5.5129,0.0054,-0.0006,-0.0045,0.0000,0.0000,0.0000,0.0000,1.3897,1.3897,0.0000,-1.3853,0.0000,0.0000
207.8070,57.6180,0,46,KOD5_PBO,-9.2870,19.6700,0.1490,0.2390,1,0,1,0,0,0,0.0000,-3016366.8287,-1590820.8068,5377282.9363,47,-11.7642,14.4079,-2.4772,-5.2621,-6.5380,1.9782,5.2186,-12.4288,0.0077,-0.0009,-0.0039,0.0000,0.0000,0.0000,0.0000,3.1768,3.1768,0.0000,-3.1729,0.0000,0.0000
207.6060,58.6100,0,14,AC39_PBO,3.0420,-8.8270,0.4470,0.5080,1,0,1,0,0,0,0.0000,-2938978.7725,-1536852.8778,5435516.3939,11,-5.4673,7.9878,-8.5093,16.8148,0.3734,1.0856,5.8344,-6.9015,0.0064,-0.0007,-0.0041,0.0000,0.0000,0.0000,0.0000,1.7008,1.7008,0.0000,-1.6967,0.0000,0.0000
207.5960,60.6640,0,14,AC17_PBO,1.1070,-14.5270,0.4470,0.4780,1,0,1,0,0,0,0.0000,-2764705.1449,-1445107.1655,5550893.8202,11,-1.9915,4.4023,-3.0985,18.9293,0.4677,1.0859,2.4550,-3.3160,0.0042,-0.0004,-0.0044,0.0000,0.0000,0.0000,0.0000,0.1603,0.1603,0.0000,-0.1559,0.0000,0.0000
207.1850,62.0940,0,14,AB28_PBO,1.4470,-12.1210,0.3580,0.3580,1,0,1,0,0,0,0.0000,-2650912.0227,-1361506.5302,5627016.6943,11,-0.8163,3.4172,-2.2633,15.5382,0.5262,1.0980,1.3394,-2.3189,0.0031,-0.0003,-0.0043,0.0000,0.0000,0.0000,0.0000,-0.0230,-0.0230,0.0000,0.0274,0.0000,0.0000
206.7210,57.2200,0,46,AC34_PBO,-11.9170,14.1860,0.3580,0.3580,1,0,1,0,0,0,0.0000,-3079266.0844,-1550123.8568,5353465.0341,47,-12.0084,14.8835,-0.0914,0.6975,-6.8067,2.2172,5.1937,-12.6654,0.0080,-0.0010,-0.0034,0.0000,0.0000,0.0000,0.0000,3.1942,3.1942,0.0000,-3.1908,0.0000,0.0000
206.4150,59.5670,0,14,AC59_PBO,2.9530,-13.3100,0.1490,0.1790,1,0,1,0,0,0,0.0000,-2888567.7396,-1434840.1732,5490151.3233,11,-1.9713,5.0257,-4.9243,18.3357,0.3977,1.1206,2.3638,-3.9046,0.0052,-0.0006,-0.0040,0.0000,0.0000,0.0000,0.0000,0.1216,0.1216,0.0000,-0.1176,0.0000,0.0000
205.8370,59.2530,0,14,AC27_PBO,3.1330,-11.3010,0.2090,0.2090,1,0,1,0,0,0,0.0000,-2929931.6624,-1418719.2673,5472393.2201,11,-1.9856,5.1858,-5.1186,16.4868,0.3736,1.1374,2.3536,-4.0477,0.0055,-0.0006,-0.0038,0.0000,0.0000,0.0000,0.0000,0.1322,0.1322,0.0000,-0.1285,0.0000,0.0000
205.8190,56.5640,0,46,AC45_PBO,-14.6520,24.7990,0.3580,0.3580,1,0,1,0,0,0,0.0000,-3158257.3604,-1528053.5381,5313644.1630,47,-14.4125,20.1932,0.2395,-4.6058,-7.2239,2.4151,7.1799,-17.7771,0.0087,-0.0011,-0.0029,0.0000,0.0000,0.0000,0.0000,6.8343,6.8343,0.0000,-6.8314,0.0000,0.0000
205.8170,56.9510,0,46,AC02_PBO,-14.1400,14.1990,0.3880,0.5080,1,0,1,0,0,0,0.0000,-3125930.5482,-1512278.2631,5337220.6367,47,-11.7177,14.7157,2.4223,0.5167,-6.9960,2.4155,4.7135,-12.2992,0.0082,-0.0010,-0.0031,0.0000,0.0000,0.0000,0.0000,3.0354,3.0354,0.0000,-3.0323,0.0000,0.0000
205.3020,59.8990,0,14,AB22_PBO,5.1450,-10.9940,0.3580,0.3880,1,0,1,0,0,0,0.0000,-2887083.9381,-1364841.6239,5508748.0553,11,-1.4262,4.3680,-6.5712,15.3620,0.3938,1.1528,1.8151,-3.2146,0.0049,-0.0006,-0.0037,0.0000,0.0000,0.0000,0.0000,0.0212,0.0212,0.0000,-0.0175,0.0000,0.0000
203.3900,71.3230,0,14,SG27_PBO,0.6720,-2.5670,0.1490,0.4180,1,0,1,0,0,0,0.0000,-1871501.8996,-809483.4143,6032128.0410,11,0.8040,1.6626,0.1320,4.2296,0.8658,1.2072,0.0617,-0.4549,0.0001,-0.0005,-0.0029,0.0000,0.0000,0.0000,0.0000,-0.0573,-0.0573,0.0000,0.0601,0.0000,0.0000
201.4960,56.3070,0,14,AB13_PBO,-6.3320,4.4580,0.3880,0.4180,1,0,1,0,0,0,0.0000,-3286598.7239,-1294360.6235,5297853.4206,11,-4.8518,9.8571,1.4802,5.3991,0.1628,1.2598,5.0068,-8.5963,0.0078,-0.0010,-0.0020,0.0000,0.0000,0.0000,0.0000,1.1728,1.1728,0.0000,-1.1708,0.0000,0.0000
200.8720,55.9210,0,14,AC21_PBO,-8.9540,4.7660,0.4770,0.5370,1,0,1,0,0,0,0.0000,-3333774.4387,-1271178.2579,5273936.4132,11,-5.7865,11.4180,3.1675,6.6520,0.1339,1.2768,5.9125,-10.1402,0.0080,-0.0010,-0.0018,0.0000,0.0000,0.0000,0.0000,1.7458,1.7458,0.0000,-1.7440,0.0000,0.0000
200.1220,61.0400,0,14,AB15_PBO,2.9900,-6.6250,0.4180,0.4780,1,0,1,0,0,0,0.0000,-2894923.5633,-1060652.1917,5571246.3554,11,-0.6180,3.2362,-3.6080,9.8612,0.3488,1.2971,0.9630,-1.9387,0.0038,-0.0005,-0.0029,0.0000,0.0000,0.0000,0.0000,-0.0935,-0.0935,0.0000,0.0964,0.0000,0.0000
199.5930,55.9090,0,14,AC41_PBO,-3.9770,0.8820,0.3880,0.4180,1,0,1,0,0,0,0.0000,-3362358.2464,-1196819.0599,5273189.0372,11,-4.5646,9.4133,-0.5876,8.5313,0.1095,1.3112,4.6665,-8.1011,0.0076,-0.0010,-0.0017,0.0000,0.0000,0.0000,0.0000,1.0147,1.0147,0.0000,-1.0130,0.0000,0.0000
199.5230,55.3490,0,14,AB07_PBO,-8.3950,4.2820,0.1790,0.2390,1,0,1,0,0,0,0.0000,-3412232.6824,-1209876.7115,5238054.7845,11,-7.0302,13.4842,1.3648,9.2022,0.0831,1.3131,7.1052,-12.1701,0.0081,-0.0010,-0.0015,0.0000,0.0000,0.0000,0.0000,2.6639,2.6639,0.0000,-2.6624,0.0000,0.0000
197.7610,64.6380,0,14,AC31_PBO,3.5570,-7.4970,0.3580,0.3880,1,0,1,0,0,0,0.0000,-2597409.6634,-831987.1852,5753747.6331,11,-0.0020,2.4935,-3.5590,9.9905,0.4585,1.3594,0.4586,-1.1338,0.0020,-0.0003,-0.0029,0.0000,0.0000,0.0000,0.0000,-0.1047,-0.1047,0.0000,0.1076,0.0000,0.0000
197.2930,55.1900,0,14,BAY2_PBO,-6.2380,-2.6910,0.1490,0.3580,1,0,1,0,0,0,0.0000,-3470591.6526,-1080503.7968,5227987.8144,11,-5.1787,10.4203,1.0593,13.1113,0.0331,1.3715,5.2043,-9.0479,0.0074,-0.0009,-0.0012,0.0000,0.0000,0.0000,0.0000,1.1934,1.1934,0.0000,-1.1922,0.0000,0.0000
194.6270,64.5640,0,14,AB11_PBO,4.1940,-6.1620,0.3880,0.3880,1,0,1,0,0,0,0.0000,-2646199.0162,-690614.9786,5750220.2723,11,-0.0634,2.5133,-4.2574,8.6753,0.3862,1.4385,0.4476,-1.0745,0.0020,-0.0003,-0.0026,0.0000,0.0000,0.0000,0.0000,-0.1099,-0.1099,0.0000,0.1125,0.0000,0.0000
194.2900,54.1000,0,14,AV15_PBO,-8.9230,-4.4590,0.3280,0.4780,1,0,1,0,0,0,0.0000,-3618168.6692,-921587.1402,5157895.3155,11,-7.6239,13.4670,1.2991,17.9260,-0.0749,1.4468,7.5418,-12.0194,0.0071,-0.0009,-0.0008,0.0000,0.0000,0.0000,0.0000,2.4694,2.4694,0.0000,-2.4686,0.0000,0.0000
194.2340,54.1470,0,14,AV06_PBO,-3.5230,-3.5580,0.2980,0.4180,1,0,1,0,0,0,0.0000,-3614965.3173,-917009.7096,5160956.3463,11,-7.2179,12.8672,-3.6949,16.4252,-0.0740,1.4481,7.1368,-11.4182,0.0071,-0.0009,-0.0008,0.0000,0.0000,0.0000,0.0000,2.1826,2.1826,0.0000,-2.1818,0.0000,0.0000
194.1580,54.1190,0,14,AV14_PBO,-2.4250,-5.1580,0.3580,0.3880,1,0,1,0,0,0,0.0000,-3618623.5821,-912830.6257,5159133.1715,11,-7.2882,12.9712,-4.8632,18.1292,-0.0768,1.4500,7.2043,-11.5204,0.0071,-0.0009,-0.0008,0.0000,0.0000,0.0000,0.0000,2.2305,2.2305,0.0000,-2.2297,0.0000,0.0000
194.1020,54.2110,0,14,AV12_PBO,-1.5230,-1.2570,0.2980,0.5370,1,0,1,0,0,0,0.0000,-3611474.9939,-907273.8369,5165118.9739,11,-6.6531,12.0253,-5.1301,13.2823,-0.0740,1.4513,6.5721,-10.5731,0.0070,-0.0009,-0.0008,0.0000,0.0000,0.0000,0.0000,1.8127,1.8127,0.0000,-1.8119,0.0000,0.0000
194.0660,54.0980,0,14,AV10_PBO,-3.9270,-4.3570,0.4180,0.5670,1,0,1,0,0,0,0.0000,-3621918.6326,-907478.5244,5157764.9819,11,-7.2889,12.9722,-3.3619,17.3292,-0.0796,1.4522,7.2022,-11.5192,0.0071,-0.0009,-0.0008,0.0000,0.0000,0.0000,0.0000,2.2302,2.2302,0.0000,-2.2295,0.0000,0.0000
193.9720,54.1360,0,14,AV08_PBO,-3.3280,-3.1560,0.2390,0.4780,1,0,1,0,0,0,0.0000,-3620082.2266,-900709.0191,5160240.2461,11,-6.9160,12.4188,-3.5880,15.5748,-0.0799,1.4545,6.8291,-10.9634,0.0070,-0.0009,-0.0008,0.0000,0.0000,0.0000,0.0000,1.9792,1.9792,0.0000,-1.9784,0.0000,0.0000
193.4580,53.8760,0,14,AV09_PBO,-6.3440,-3.0510,0.2680,0.3880,1,0,1,0,0,0,0.0000,-3650752.7015,-873638.2874,5143258.9199,11,-7.8706,13.8344,-1.5266,16.8854,-0.1018,1.4669,7.7619,-12.3666,0.0070,-0.0008,-0.0007,0.0000,0.0000,0.0000,0.0000,2.6398,2.6398,0.0000,-2.6391,0.0000,0.0000
183.3370,51.8640,0,14,AB21_PBO,-11.2830,5.3300,0.5370,0.5670,1,0,1,0,0,0,0.0000,-3925422.2551,-228881.8730,5008295.5852,11,-20.9084,20.9617,-9.6254,15.6317,-0.4083,1.6863,20.4953,-19.2748,0.0048,-0.0006,-0.0003,0.0000,0.0000,0.0000,0.0000,9.5837,9.5837,0.0000,-9.5834,0.0000,0.0000
243.8390,31.2570,0,30,LLCO_GPS,-32.3310,31.7830,0.2740,0.2720,1,0,1,0,0,0,0.0000,-2399879.8797,-4885591.8067,3303925.0480,31,-32.4320,33.0658,-0.1010,1.2828,-34.7515,35.5816,-2.3117,2.5123,-0.0078,0.0035,-0.0074,0.0000,0.0000,0.0000,0.0000,0.3815,0.3815,0.0000,-0.3741,0.0000,0.0000
244.5340,31.0450,0,23,SPMX_GPS,-32.7510,30.3370,0.3100,0.3130,1,0,1,0,0,0,0.0000,-2345682.7132,-4925345.7265,3283762.1023,24,-29.5921,30.3619,3.1589,0.0249,-28.4783,30.5142,1.1218,0.1488,-0.0080,0.0034,-0.0067,0.0000,0.0000,0.0000,0.0000,-0.8063,-0.8063,0.0000,0.8131,0.0000,0.0000
243.3330,31.8710,0,34,CICE_GPS,-29.9540,30.8820,0.2920,0.2960,1,0,1,0,0,0,0.0000,-2426901.8814,-4832288.8550,3362065.3089,35,-30.4431,30.8756,-0.4891,-0.0064,-33.2239,28.9438,-2.7723,-1.9358,-0.0085,0.0040,-0.0081,0.0000,0.0000,0.0000,0.0000,0.5847,0.5847,0.0000,-0.5766,0.0000,0.0000
246.4800,31.3540,0,14,PENA_GPS,-2.9850,1.9970,0.2480,0.2420,1,0,1,0,0,0,0.0000,-2169978.1282,-4985847.9392,3313135.4804,11,-3.1497,2.0683,-0.1647,0.0713,-0.7189,-0.2186,2.4411,-2.2906,-0.0102,0.0037,-0.0054,0.0000,0.0000,0.0000,0.0000,-0.1193,-0.1193,0.0000,0.1247,0.0000,0.0000
244.7570,31.9880,0,23,MAYR_GPS,-25.2810,27.2590,0.3610,0.3340,1,0,1,0,0,0,0.0000,-2303132.8682,-4884887.2101,3373100.5615,24,-24.0912,28.9208,1.1898,1.6618,-28.5310,30.5953,-4.4295,1.6703,-0.0103,0.0041,-0.0069,0.0000,0.0000,0.0000,0.0000,-0.0641,-0.0641,0.0000,0.0710,0.0000,0.0000
241.5120,32.9140,0,30,SCIP_GPS,-31.6590,33.5730,0.2890,0.2960,1,0,1,0,0,0,0.0000,-2549614.6726,-4698152.3280,3459939.4771,31,-32.4890,35.3069,-0.8300,1.7339,-33.5940,37.1556,-1.0965,1.8438,-0.0085,0.0048,-0.0108,0.0000,0.0000,0.0000,0.0000,0.0521,0.0521,0.0000,-0.0413,0.0000,0.0000
241.4810,32.9270,0,30,BLUF_GPS,-30.5850,35.3340,0.2620,0.2720,1,0,1,0,0,0,0.0000,-2551781.3634,-4696082.2670,3461152.2181,31,-32.5015,35.3335,-1.9165,-0.0005,-33.5897,37.1762,-1.0797,1.8379,-0.0085,0.0048,-0.0109,0.0000,0.0000,0.0000,0.0000,0.0539,0.0539,0.0000,-0.0430,0.0000,0.0000
240.5210,33.2320,0,30,TWIN_GPS,-31.0400,35.5420,0.2650,0.2720,1,0,1,0,0,0,0.0000,-2620999.0687,-4636564.4781,3489553.7227,31,-32.8260,36.3432,-1.7860,0.8012,-33.5768,37.8075,-0.7433,1.4592,-0.0075,0.0050,-0.0124,0.0000,0.0000,0.0000,0.0000,0.0195,0.0195,0.0000,-0.0071,0.0000,0.0000
241.5950,33.4070,0,29,BRSH_GPS,-29.3620,33.7900,0.2570,0.2750,1,0,1,0,0,0,0.0000,-2528550.1185,-4675480.3539,3505805.0744,30,-29.4204,32.4813,-0.0584,-1.3087,-29.0755,32.8700,0.3551,0.3831,-0.0103,0.0056,-0.0113,0.0000,0.0000,0.0000,0.0000,0.4570,0.4570,0.0000,-0.4458,0.0000,0.0000
240.9590,33.4720,0,30,SBIS_GPS,-31.3180,35.1450,0.2770,0.2930,1,0,1,0,0,0,0.0000,-2578360.1432,-4643645.0802,3511832.9691,31,-31.7301,34.9101,-0.4121,-0.2349,-33.1384,37.5207,-1.3991,2.6051,-0.0092,0.0055,-0.0122,0.0000,0.0000,0.0000,0.0000,0.1438,0.1438,0.0000,-0.1316,0.0000,0.0000
239.8940,33.9510,0,30,SNRI_GPS,-30.8640,36.0980,0.2800,0.2780,1,0,1,0,0,0,0.0000,-2649405.0815,-4569360.6965,3556114.0309,31,-31.9846,36.4135,-1.1206,0.3155,-32.9699,38.2141,-0.9770,1.7946,-0.0082,0.0060,-0.0145,0.0000,0.0000,0.0000,0.0000,-0.0900,-0.0900,0.0000,0.1045,0.0000,0.0000
240.2470,33.9950,0,30,CENT_GPS,-29.8110,34.4140,0.2740,0.2750,1,0,1,0,0,0,0.0000,-2619847.0750,-4583224.6440,3560169.1853,31,-31.6285,34.4231,-1.8175,0.0091,-32.7873,37.9857,-1.1496,3.5564,-0.0093,0.0063,-0.0140,0.0000,0.0000,0.0000,0.0000,0.6412,0.6412,0.0000,-0.6272,0.0000,0.0000
241.7060,33.7130,0,29,VTIS_GPS,-28.5340,30.7550,0.3040,0.3130,1,0,1,0,0,0,0.0000,-2510576.7547,-4663816.9760,3534143.0410,30,-28.4600,30.1164,0.0740,-0.6386,-28.9375,32.8700,-0.4659,2.7475,-0.0116,0.0061,-0.0114,0.0000,0.0000,0.0000,0.0000,0.7323,0.7323,0.0000,-0.7209,0.0000,0.0000
241.6280,33.7790,0,29,PVHS_GPS,-27.7450,29.7480,0.3340,0.3400,1,0,1,0,0,0,0.0000,-2514987.3407,-4656809.7426,3540241.9633,30,-28.5120,30.0359,-0.7670,0.2879,-28.9401,32.8700,-0.4164,2.8279,-0.0117,0.0062,-0.0116,0.0000,0.0000,0.0000,0.0000,0.7434,0.7434,0.0000,-0.7318,0.0000,0.0000
241.6690,33.7980,0,34,TORP_GPS,-28.5210,30.3870,0.2710,0.2810,1,0,1,0,0,0,0.0000,-2511097.0825,-4657574.6121,3541996.8432,35,-28.4240,29.6985,0.0970,-0.6885,-29.2719,31.6657,-0.8361,1.9610,-0.0119,0.0062,-0.0116,0.0000,0.0000,0.0000,0.0000,0.8833,0.8833,0.0000,-0.8717,0.0000,0.0000
241.5720,33.9580,0,34,WRHS_GPS,-27.8160,28.3010,0.3460,0.3520,1,0,1,0,0,0,0.0000,-2514260.0876,-4644600.1861,3556759.3094,35,-27.9997,28.9544,-0.1837,0.6534,-28.9337,31.8236,-0.9216,2.8627,-0.0124,0.0065,-0.0119,0.0000,0.0000,0.0000,0.0000,1.0549,1.0549,0.0000,-1.0430,0.0000,0.0000
241.1700,34.1570,0,33,AOA1_GPS,-29.1420,30.3060,0.2570,0.2660,1,0,1,0,0,0,0.0000,-2540813.1980,-4615995.3042,3575081.4124,34,-28.1814,29.3100,0.9606,-0.9960,-29.3657,31.8565,-1.1720,2.5396,-0.0124,0.0069,-0.0127,0.0000,0.0000,0.0000,0.0000,0.4031,0.4031,0.0000,-0.3903,0.0000,0.0000
241.3540,34.0590,0,33,SPK1_GPS,-28.5230,29.8790,0.2590,0.2690,1,0,1,0,0,0,0.0000,-2528904.0535,-4629490.7297,3566063.8431,34,-27.9136,29.2410,0.6094,-0.6380,-30.0841,30.7056,-2.1582,1.4579,-0.0123,0.0067,-0.0123,0.0000,0.0000,0.0000,0.0000,-0.4655,-0.4655,0.0000,0.4778,0.0000,0.0000
241.5580,34.0690,0,33,UCLP_GPS,-27.2260,27.7710,0.2570,0.2660,1,0,1,0,0,0,0.0000,-2512108.4224,-4637918.1152,3566984.4817,34,-27.7945,28.2717,-0.5685,0.5007,-29.9451,29.4294,-2.1377,1.1510,-0.0128,0.0067,-0.0120,0.0000,0.0000,0.0000,0.0000,-0.1994,-0.1994,0.0000,0.2114,0.0000,0.0000
241.4380,34.1790,0,33,OXCO_GPS,-26.7530,30.8760,0.2950,0.2990,1,0,1,0,0,0,0.0000,-2518537.7429,-4626623.3610,3577104.3281,34,-27.6613,27.4297,-0.9083,-3.4463,-29.1103,30.1802,-1.4359,2.7435,-0.0131,0.0070,-0.0123,0.0000,0.0000,0.0000,0.0000,0.8117,0.8117,0.0000,-0.7993,0.0000,0.0000
241.4570,34.2020,0,33,MCDS_GPS,-26.4570,30.4750,0.2950,0.2990,1,0,1,0,0,0,0.0000,-2516317.0362,-4626196.4970,3579218.6307,34,-27.6057,27.0858,-1.1487,-3.3892,-28.9228,30.0613,-1.3039,2.9685,-0.0132,0.0070,-0.0123,0.0000,0.0000,0.0000,0.0000,1.0339,1.0339,0.0000,-1.0216,0.0000,0.0000
241.6780,34.1350,0,33,LEEP_GPS,-27.5110,25.8860,0.2570,0.2660,1,0,1,0,0,0,0.0000,-2500438.2707,-4639549.1873,3573057.9696,34,-27.3850,25.7322,0.1260,-0.1538,-29.3890,28.6784,-1.9906,2.9393,-0.0134,0.0069,-0.0119,0.0000,0.0000,0.0000,0.0000,-0.5318,-0.5318,0.0000,0.5436,0.0000,0.0000
241.7930,34.1290,0,33,OXYC_GPS,-27.1860,24.5120,0.3430,0.3490,1,0,1,0,0,0,0.0000,-2491297.9091,-4644888.2499,3572506.0302,34,-26.2705,25.2665,0.9155,0.7545,-29.4046,27.9587,-3.1205,2.6853,-0.0136,0.0069,-0.0117,0.0000,0.0000,0.0000,0.0000,-0.2634,-0.2634,0.0000,0.2751,0.0000,0.0000
241.8730,34.1370,0,33,CIT1_GPS,-26.0160,24.6390,0.2510,0.2600,1,0,1,0,0,0,0.0000,-2484574.8155,-4647922.2756,3573241.9407,34,-26.0553,24.8564,-0.0393,0.2174,-29.3196,27.4579,-3.2505,2.5946,-0.0138,0.0069,-0.0116,0.0000,0.0000,0.0000,0.0000,0.0016,0.0016,0.0000,0.0099,0.0000,0.0000
241.7230,34.1850,0,33,BRAN_GPS,-27.1190,24.5550,0.2570,0.2660,1,0,1,0,0,0,0.0000,-2495315.5126,-4638763.8356,3577655.9409,34,-26.9306,24.5062,0.1884,-0.0488,-28.9810,28.3968,-2.0367,3.8836,-0.0137,0.0070,-0.0119,0.0000,0.0000,0.0000,0.0000,0.5057,0.5057,0.0000,-0.4938,0.0000,0.0000
243.0170,32.5690,0,23,1101_GPS,-28.1470,30.1140,0.3130,0.3550,1,0,1,0,0,0,0.0000,-2434750.7460,-4781974.4286,3427690.3056,24,-29.2529,29.4245,-1.1059,-0.6895,-29.0924,29.9499,0.1704,0.5207,-0.0099,0.0046,-0.0089,0.0000,0.0000,0.0000,0.0000,-0.6502,-0.6502,0.0000,0.6591,0.0000,0.0000
243.1590,32.6010,0,23,OTAY_GPS,-26.7630,29.2090,0.4410,0.3610,1,0,1,0,0,0,0.0000,-2422027.0376,-4786285.0634,3430686.7800,24,-28.7792,29.1333,-2.0162,-0.0757,-29.0564,30.0036,-0.2670,0.8656,-0.0102,0.0047,-0.0087,0.0000,0.0000,0.0000,0.0000,-0.3541,-0.3541,0.0000,0.3628,0.0000,0.0000
243.4420,32.2450,0,23,VA01_GPS,-28.5610,29.4280,0.3220,0.3280,1,0,1,0,0,0,0.0000,-2407840.9404,-4817163.8653,3397290.9446,24,-28.8950,29.3533,-0.3340,-0.0747,-28.9325,30.1101,-0.0279,0.7524,-0.0096,0.0043,-0.0082,0.0000,0.0000,0.0000,0.0000,-0.5608,-0.5608,0.0000,0.5690,0.0000,0.0000
243.5230,32.6070,0,23,1102_GPS,-28.0410,29.0350,0.3070,0.3340,1,0,1,0,0,0,0.0000,-2391410.9180,-4801253.9003,3431248.4999,24,-28.0206,28.8600,0.0204,-0.1750,-28.9542,30.1404,-0.9228,1.2757,-0.0107,0.0047,-0.0084,0.0000,0.0000,0.0000,0.0000,-0.2131,-0.2131,0.0000,0.2215,0.0000,0.0000
244.6570,32.3560,0,22,LPUR_GPS,-19.8250,27.3330,0.2650,0.2660,1,0,1,0,0,0,0.0000,-2302334.1604,-4861179.7038,3407717.8233,23,-23.5247,27.6182,-3.6997,0.2852,-25.6368,30.4706,-2.1009,2.8479,-0.0112,0.0045,-0.0071,0.0000,0.0000,0.0000,0.0000,-0.4706,-0.4706,0.0000,0.4778,0.0000,0.0000
242.8520,32.8180,0,23,SD17_GPS,-29.2090,29.2210,0.3580,0.4480,1,0,1,0,0,0,0.0000,-2441691.5894,-4761642.7974,3450978.3415,24,-28.7363,29.5345,0.4727,0.3135,-29.1700,29.8872,-0.4233,0.3478,-0.0104,0.0049,-0.0092,0.0000,0.0000,0.0000,0.0000,-0.4172,-0.4172,0.0000,0.4264,0.0000,0.0000
242.7470,32.8400,0,34,SOLJ_GPS,-28.2600,30.1550,0.3310,0.3250,1,0,1,0,0,0,0.0000,-2449806.6885,-4755981.8324,3453032.7917,35,-28.8153,29.9215,-0.5553,-0.2335,-31.1580,29.9052,-2.3324,-0.0212,-0.0103,0.0049,-0.0093,0.0000,0.0000,0.0000,0.0000,-0.3386,-0.3386,0.0000,0.3480,0.0000,0.0000
242.7500,32.8650,0,23,SIO3_GPS,-28.3940,28.6150,0.2180,0.2270,1,0,1,0,0,0,0.0000,-2448867.5646,-4754770.1895,3455366.7762,24,-28.7305,29.8042,-0.3365,1.1892,-29.2047,29.8484,-0.4637,0.0392,-0.0104,0.0050,-0.0094,0.0000,0.0000,0.0000,0.0000,-0.3550,-0.3550,0.0000,0.3644,0.0000,0.0000
243.1980,32.8440,0,23,1106_GPS,-28.0210,28.5870,0.2860,0.3110,1,0,1,0,0,0,0.0000,-2412186.0744,-4774902.6079,3453406.2734,24,-28.0138,28.9000,0.0072,0.3130,-29.0751,30.0183,-1.0503,1.1133,-0.0110,0.0050,-0.0088,0.0000,0.0000,0.0000,0.0000,-0.2223,-0.2223,0.0000,0.2311,0.0000,0.0000
243.0690,32.9120,0,23,SD18_GPS,-28.2300,29.8620,0.3070,0.3400,1,0,1,0,0,0,0.0000,-2421072.4986,-4765802.0718,3459752.8858,24,-28.0554,28.9711,0.1746,-0.8909,-29.1201,29.9696,-1.0537,0.9934,-0.0110,0.0050,-0.0090,0.0000,0.0000,0.0000,0.0000,-0.2230,-0.2230,0.0000,0.2320,0.0000,0.0000
242.7230,33.1300,0,23,1107_GPS,-29.0840,30.1860,0.3010,0.3310,1,0,1,0,0,0,0.0000,-2443757.5306,-4739360.4937,3480066.4798,24,-28.0692,29.1551,1.0148,-1.0309,-29.2451,29.8381,-1.1647,0.6777,-0.0112,0.0053,-0.0096,0.0000,0.0000,0.0000,0.0000,-0.2256,-0.2256,0.0000,0.2352,0.0000,0.0000
243.3810,32.8240,0,23,SD21_GPS,-27.2910,28.4310,0.2830,0.3080,1,0,1,0,0,0,0.0000,-2397462.9542,-4783660.0497,3451538.6966,24,-27.7350,28.7142,-0.4440,0.2832,-29.0207,30.0872,-1.2745,1.3680,-0.0112,0.0050,-0.0086,0.0000,0.0000,0.0000,0.0000,-0.2483,-0.2483,0.0000,0.2569,0.0000,0.0000
243.9980,32.7340,0,23,OCTI_GPS,-28.1010,28.3570,0.2890,0.2870,1,0,1,0,0,0,0.0000,-2348185.2057,-4814066.6424,3443129.3997,24,-26.3572,27.0954,1.7438,-1.2616,-28.8339,30.3172,-2.4651,3.2169,-0.0116,0.0049,-0.0079,0.0000,0.0000,0.0000,0.0000,-0.4829,-0.4829,0.0000,0.4908,0.0000,0.0000
244.4940,32.6640,0,22,BORD_GPS,-21.2020,26.3490,0.3250,0.3190,1,0,1,0,0,0,0.0000,-2308232.8215,-4838006.8474,3436582.9610,23,-22.5237,25.9764,-1.3217,-0.3726,-25.7594,30.3974,-3.2238,4.4162,-0.0120,0.0048,-0.0074,0.0000,0.0000,0.0000,0.0000,-0.0553,-0.0553,0.0000,0.0626,0.0000,0.0000
244.5000,32.7380,0,22,T124_GPS,-21.1830,20.7190,0.2740,0.2780,1,0,1,0,0,0,0.0000,-2305813.4276,-4834238.3823,3443503.3268,23,-20.2212,24.1919,0.9618,3.4729,-25.7759,30.4001,-5.5425,6.2033,-0.0122,0.0049,-0.0074,0.0000,0.0000,0.0000,0.0000,-0.0902,-0.0902,0.0000,0.0976,0.0000,0.0000
244.2040,32.7900,0,22,OCOT_GPS,-24.8320,27.1200,0.2710,0.2720,1,0,1,0,0,0,0.0000,-2329396.1075,-4819445.9105,3448362.8509,23,-24.9095,24.7965,-0.0775,-2.3235,-25.8736,30.2665,-0.9520,5.4651,-0.0121,0.0049,-0.0077,0.0000,0.0000,0.0000,0.0000,0.6216,0.6216,0.0000,-0.6139,0.0000,0.0000
244.4060,32.8000,0,22,E122_GPS,-17.1540,22.1020,0.3940,0.3460,1,0,1,0,0,0,0.0000,-2312130.3653,-4827085.5079,3449297.0493,23,-21.7952,23.1982,-4.6412,1.0962,-25.8182,30.3578,-4.0106,7.1546,-0.0123,0.0049,-0.0075,0.0000,0.0000,0.0000,0.0000,1.3144,1.3144,0.0000,-1.3069,0.0000,0.0000
244.4980,32.8270,0,24,COLL_GPS,-14.8640,20.2550,0.1870,0.1590,1,0,1,0,0,0,0.0000,-2303676.4445,-4829324.2652,3451818.8599,26,-12.6748,15.0889,2.1892,-5.1661,-16.8842,16.6854,-4.1969,1.5915,-0.0125,0.0050,-0.0074,0.0000,0.0000,0.0000,0.0000,0.9078,0.9078,0.0000,-0.9004,0.0000,0.0000
243.4290,32.9140,0,23,SD35_GPS,-29.6090,28.7790,0.3220,0.3520,1,0,1,0,0,0,0.0000,-2391026.4664,-4780811.9303,3459939.4771,24,-27.2668,28.4718,2.3422,-0.3072,-29.0178,30.1052,-1.7394,1.6284,-0.0115,0.0051,-0.0086,0.0000,0.0000,0.0000,0.0000,-0.3500,-0.3500,0.0000,0.3587,0.0000,0.0000
243.5780,32.8920,0,23,MONP_GPS,-27.9290,27.9430,0.2360,0.2420,1,0,1,0,0,0,0.0000,-2379176.6888,-4788203.1113,3457886.7406,24,-26.9312,28.1271,0.9978,0.1841,-28.9726,30.1610,-2.0297,2.0289,-0.0116,0.0050,-0.0084,0.0000,0.0000,0.0000,0.0000,-0.4040,-0.4040,0.0000,0.4125,0.0000,0.0000
243.4020,33.0740,0,23,SD15_GPS,-27.7970,27.8800,0.3580,0.5190,1,0,1,0,0,0,0.0000,-2388943.8444,-4771026.5839,3474853.1057,24,-26.3787,27.8963,1.4183,0.0163,-29.0444,30.0951,-2.6537,2.1935,-0.0120,0.0053,-0.0087,0.0000,0.0000,0.0000,0.0000,-0.5932,-0.5932,0.0000,0.6019,0.0000,0.0000
244.2390,32.9510,0,24,L589_GPS,-22.8110,25.6780,0.2740,0.2660,1,0,1,0,0,0,0.0000,-2322231.0852,-4812122.1317,3463390.6562,26,-20.3355,21.5695,2.4755,-4.1085,-16.6592,17.1115,3.6889,-4.4630,-0.0126,0.0051,-0.0077,0.0000,0.0000,0.0000,0.0000,1.6157,1.6157,0.0000,-1.6079,0.0000,0.0000
244.5940,32.9170,0,14,ORIE_GPS,-3.2990,4.5350,0.2830,0.2720,1,0,1,0,0,0,0.0000,-2293252.5291,-4828273.6362,3460219.3562,11,-4.0424,3.3225,-0.7434,-1.2125,-0.6394,-0.1527,3.4158,-3.4802,-0.0129,0.0051,-0.0074,0.0000,0.0000,0.0000,0.0000,-0.0666,-0.0666,0.0000,0.0740,0.0000,0.0000
244.4990,33.0380,0,14,HAMA_GPS,-8.6750,2.1690,0.5370,0.5140,1,0,1,0,0,0,0.0000,-2298103.7675,-4817858.3412,3471499.8977,11,-6.5280,3.2990,2.1470,1.1300,-0.6334,-0.1493,5.9079,-3.4535,-0.0132,0.0052,-0.0075,0.0000,0.0000,0.0000,0.0000,-0.5807,-0.5807,0.0000,0.5882,0.0000,0.0000
245.0860,32.2510,0,14,CPEI_GPS,-8.9130,7.6970,0.3340,0.3370,1,0,1,0,0,0,0.0000,-2268498.9966,-4883937.5444,3397854.8860,11,-5.0439,7.5453,3.8691,-0.1517,-0.6727,-0.1699,4.3825,-7.7196,-0.0113,0.0044,-0.0067,0.0000,0.0000,0.0000,0.0000,0.2448,0.2448,0.0000,-0.2381,0.0000,0.0000
244.7540,32.6290,0,14,ASA1_GPS,-8.0180,7.7490,0.3130,0.2870,1,0,1,0,0,0,0.0000,-2287149.8844,-4850329.2980,3433307.8174,11,-7.1023,6.4058,0.9157,-1.3432,-0.6538,-0.1583,6.4606,-6.5688,-0.0121,0.0047,-0.0071,0.0000,0.0000,0.0000,0.0000,-0.6433,-0.6433,0.0000,0.6504,0.0000,0.0000
244.9380,32.7090,0,14,JUNC_GPS,-4.0120,2.5520,0.3130,0.2960,1,0,1,0,0,0,0.0000,-2269528.8795,-4853302.0418,3440791.9754,11,-2.7740,2.1014,1.2380,-0.4506,-0.6501,-0.1647,2.1364,-2.2709,-0.0125,0.0048,-0.0070,0.0000,0.0000,0.0000,0.0000,-0.1873,-0.1873,0.0000,0.1942,0.0000,0.0000
244.7530,32.8400,0,14,GLOC_GPS,-4.5130,-0.3210,0.2740,0.2630,1,0,1,0,0,0,0.0000,-2281826.2526,-4838820.6160,3453032.7917,11,-2.9892,2.3983,1.5238,2.7193,-0.6434,-0.1582,2.3586,-2.5615,-0.0128,0.0050,-0.0072,0.0000,0.0000,0.0000,0.0000,-0.1154,-0.1154,0.0000,0.1226,0.0000,0.0000
245.7970,32.9390,0,14,YUMA_GPS,-1.6160,2.9610,0.3100,0.2870,1,0,1,0,0,0,0.0000,-2190833.7165,-4874143.5204,3462271.5131,11,-1.3854,0.8864,0.2306,-2.0746,-0.6403,-0.1948,0.7591,-1.0861,-0.0140,0.0050,-0.0062,0.0000,0.0000,0.0000,0.0000,-0.1260,-0.1260,0.0000,0.1321,0.0000,0.0000
242.4350,33.3750,0,23,0301_GPS,-27.4430,29.9670,0.2890,0.3050,1,0,1,0,0,0,0.0000,-2460640.4109,-4713782.0616,3502835.8376,24,-27.7152,29.2573,-0.2722,-0.7097,-29.3572,29.7278,-1.6304,0.4649,-0.0117,0.0056,-0.0101,0.0000,0.0000,0.0000,0.0000,0.0217,0.0217,0.0000,-0.0116,0.0000,0.0000
242.8410,33.3320,0,23,0303_GPS,-26.5450,29.3010,0.3760,0.4300,1,0,1,0,0,0,0.0000,-2428376.1652,-4733437.4284,3498844.2053,24,-26.9305,28.5914,-0.3855,-0.7096,-29.2359,29.8830,-2.2933,1.2861,-0.0121,0.0056,-0.0096,0.0000,0.0000,0.0000,0.0000,-0.3485,-0.3485,0.0000,0.3581,0.0000,0.0000
243.1400,33.3570,0,22,PMOB_GPS,-25.4960,27.0400,0.2980,0.3050,1,0,1,0,0,0,0.0000,-2402951.6134,-4744683.0785,3501165.1617,23,-25.4793,27.3324,0.0167,0.2924,-26.3193,29.7795,-0.8274,2.4414,-0.0127,0.0056,-0.0092,0.0000,0.0000,0.0000,0.0000,-0.4364,-0.4364,0.0000,0.4456,0.0000,0.0000
242.3650,33.4440,0,23,SCMS_GPS,-28.7230,31.0600,0.3040,0.3110,1,0,1,0,0,0,0.0000,-2464439.1118,-4707031.7364,3509236.8912,24,-27.6186,29.1931,1.1044,-1.8669,-29.3857,29.7009,-1.7553,0.5021,-0.0118,0.0057,-0.0103,0.0000,0.0000,0.0000,0.0000,0.0835,0.0835,0.0000,-0.0733,0.0000,0.0000
242.2910,33.4640,0,23,DANA_GPS,-28.1150,30.9220,0.2830,0.2930,1,0,1,0,0,0,0.0000,-2469946.6603,-4702760.1165,3511091.3181,24,-27.6918,29.3430,0.4232,-1.5790,-29.4093,29.6724,-1.7058,0.3236,-0.0117,0.0058,-0.0104,0.0000,0.0000,0.0000,0.0000,0.1885,0.1885,0.0000,-0.1782,0.0000,0.0000
242.3200,33.4690,0,23,1202_GPS,-27.7750,29.8410,0.2800,0.2870,1,0,1,0,0,0,0.0000,-2467423.7206,-4703738.3137,3511554.8580,24,-27.6106,29.2285,0.1644,-0.6125,-29.4016,29.6835,-1.7792,0.4493,-0.0118,0.0058,-0.0103,0.0000,0.0000,0.0000,0.0000,0.1416,0.1416,0.0000,-0.1313,0.0000,0.0000
242.2840,33.5540,0,23,KITE_GPS,-28.2410,30.6630,0.3220,0.2960,1,0,1,0,0,0,0.0000,-2467953.0808,-4697570.1060,3519430.9415,24,-27.3614,28.9788,0.8796,-1.6842,-29.4223,29.6697,-2.0488,0.6850,-0.0121,0.0059,-0.0105,0.0000,0.0000,0.0000,0.0000,0.1672,0.1672,0.0000,-0.1567,0.0000,0.0000
242.1840,33.6020,0,23,SJOA_GPS,-28.3260,30.8070,0.3700,0.3760,1,0,1,0,0,0,0.0000,-2474771.4181,-4690646.1736,3523875.1912,24,-27.4074,29.0107,0.9186,-1.7963,-29.4568,29.6311,-2.0373,0.6144,-0.0121,0.0060,-0.0106,0.0000,0.0000,0.0000,0.0000,0.3295,0.3295,0.0000,-0.3189,0.0000,0.0000
242.1970,33.6180,0,23,TRAK_GPS,-26.1120,29.4360,0.2540,0.2630,1,0,1,0,0,0,0.0000,-2473247.9900,-4690336.9285,3525356.0584,24,-27.3135,28.8883,-1.2015,-0.5477,-29.4550,29.6361,-2.1294,0.7418,-0.0122,0.0060,-0.0106,0.0000,0.0000,0.0000,0.0000,0.2947,0.2947,0.0000,-0.2840,0.0000,0.0000
242.8550,33.4300,0,23,YUNG_GPS,-27.1590,27.6010,0.2920,0.3110,1,0,1,0,0,0,0.0000,-2424485.5537,-4728698.3913,3507938.5380,24,-26.2979,28.1841,0.8611,0.5831,-29.2436,29.8884,-2.9331,1.6986,-0.0125,0.0057,-0.0096,0.0000,0.0000,0.0000,0.0000,-0.5356,-0.5356,0.0000,0.5452,0.0000,0.0000
242.8110,33.5050,0,23,ROSA_GLA,-25.5980,28.2320,0.3460,0.3430,1,0,1,0,0,0,0.0000,-2426015.9833,-4722746.5805,3514891.5555,24,-25.9967,27.9501,-0.3987,-0.2819,-29.2652,29.8716,-3.2557,1.9157,-0.0128,0.0058,-0.0097,0.0000,0.0000,0.0000,0.0000,-0.5659,-0.5659,0.0000,0.5756,0.0000,0.0000
243.0680,33.4680,0,22,RDEC_GPS,-24.3250,27.0720,0.3460,0.3730,1,0,1,0,0,0,0.0000,-2405835.3606,-4735603.5764,3511462.1521,23,-24.9836,26.9738,-0.6586,-0.0982,-26.3678,29.7462,-1.3712,2.7666,-0.0130,0.0058,-0.0094,0.0000,0.0000,0.0000,0.0000,-0.3055,-0.3055,0.0000,0.3149,0.0000,0.0000
243.1640,33.4840,0,22,A586_GPS,-24.0130,27.2390,0.3220,0.3400,1,0,1,0,0,0,0.0000,-2397454.6402,-4738752.7799,3512945.3171,23,-24.1619,26.2708,-0.1489,-0.9682,-26.3443,29.7906,-2.1693,3.5140,-0.0132,0.0058,-0.0093,0.0000,0.0000,0.0000,0.0000,-0.1342,-0.1342,0.0000,0.1434,0.0000,0.0000
243.2650,33.5450,0,22,CARY_GPS,-21.8700,25.8150,0.3010,0.3160,1,0,1,0,0,0,0.0000,-2387413.6544,-4739628.6832,3518597.3696,23,-22.1883,24.5196,-0.3183,-1.2954,-26.3305,29.8373,-4.1286,5.3118,-0.0136,0.0059,-0.0092,0.0000,0.0000,0.0000,0.0000,0.1515,0.1515,0.0000,-0.1424,0.0000,0.0000
242.6450,33.6200,0,23,LAKE_GPS,-25.4840,28.3290,0.3430,0.3700,1,0,1,0,0,0,0.0000,-2436442.1160,-4709422.5649,3525541.1474,24,-25.9335,27.9449,-0.4495,-0.3841,-29.3266,29.8083,-3.3802,1.8573,-0.0129,0.0060,-0.0100,0.0000,0.0000,0.0000,0.0000,-0.4817,-0.4817,0.0000,0.4917,0.0000,0.0000
242.9140,33.6360,0,22,DASH_GPS,-23.5070,27.2780,0.3070,0.3190,1,0,1,0,0,0,0.0000,-2413856.5371,-4719932.8353,3527021.7053,23,-24.3795,26.6533,-0.8725,-0.6247,-26.4541,29.6747,-2.0612,3.0153,-0.0134,0.0060,-0.0097,0.0000,0.0000,0.0000,0.0000,-0.2449,-0.2449,0.0000,0.2545,0.0000,0.0000
243.1520,33.6300,0,22,R293_GPS,-22.2250,26.4290,0.3130,0.3340,1,0,1,0,0,0,0.0000,-2394396.5107,-4730248.4750,3526466.5283,23,-22.2132,24.5743,0.0118,-1.8547,-26.3842,29.7851,-4.1572,5.2048,-0.0138,0.0060,-0.0093,0.0000,0.0000,0.0000,0.0000,0.1387,0.1387,0.0000,-0.1294,0.0000,0.0000
243.4750,33.2110,0,22,MVFD_GPS,-24.8730,26.5270,0.3220,0.3280,1,0,1,0,0,0,0.0000,-2379145.8007,-4766618.6553,3487601.3699,23,-24.8315,26.4830,0.0415,-0.0440,-26.1869,29.9339,-1.3429,3.4455,-0.0126,0.0054,-0.0087,0.0000,0.0000,0.0000,0.0000,-0.2783,-0.2783,0.0000,0.2870,0.0000,0.0000
243.3070,33.2340,0,22,1108_GPS,-26.7330,27.3630,0.3010,0.3280,1,0,1,0,0,0,0.0000,-2392482.9168,-4758370.9632,3489739.6366,23,-25.6177,27.3001,1.1153,-0.0629,-26.2407,29.8566,-0.6106,2.5511,-0.0125,0.0055,-0.0089,0.0000,0.0000,0.0000,0.0000,-0.5257,-0.5257,0.0000,0.5347,0.0000,0.0000
243.7530,33.1600,0,22,1109_GPS,-23.4740,24.3560,0.2800,0.3080,1,0,1,0,0,0,0.0000,-2357362.1311,-4780888.5633,3482857.9916,23,-22.8162,24.2357,0.6578,-0.1203,-26.0946,30.0613,-3.2656,5.8203,-0.0128,0.0054,-0.0084,0.0000,0.0000,0.0000,0.0000,0.2809,0.2809,0.0000,-0.2725,0.0000,0.0000
243.2970,33.3820,0,22,SDG6_GPS,-25.0940,27.2840,0.2860,0.2990,1,0,1,0,0,0,0.0000,-2389254.6739,-4749884.5518,3503485.4516,23,-24.2285,26.2827,0.8655,-1.0013,-26.2807,29.8520,-2.0391,3.5637,-0.0130,0.0057,-0.0090,0.0000,0.0000,0.0000,0.0000,-0.2184,-0.2184,0.0000,0.2274,0.0000,0.0000
244.1120,33.1770,0,24,1110_GPS,-15.1590,16.2730,0.2800,0.2900,1,0,1,0,0,0,0.0000,-2326908.9944,-4794635.3241,3484439.4245,26,-17.1566,18.2887,-1.9976,2.0157,-16.1944,17.3204,0.9755,-0.9737,-0.0133,0.0054,-0.0080,0.0000,0.0000,0.0000,0.0000,0.1931,0.1931,0.0000,-0.1852,0.0000,0.0000
244.1380,33.1790,0,24,EXTR_GPS,-15.8890,14.4920,0.4650,0.4510,1,0,1,0,0,0,0.0000,-2324679.9614,-4795581.2969,3484625.4552,26,-16.7836,17.8256,-0.8946,3.3336,-16.1858,17.2776,0.6111,-0.5533,-0.0133,0.0054,-0.0079,0.0000,0.0000,0.0000,0.0000,0.1649,0.1649,0.0000,-0.1570,0.0000,0.0000
244.5930,33.1960,0,14,COAC_GPS,-3.1470,3.0950,0.3130,0.2930,1,0,1,0,0,0,0.0000,-2286080.4653,-4812956.6268,3486206.5453,11,-3.9110,1.7700,-0.7640,-1.3250,-0.6258,-0.1526,3.2991,-1.9280,-0.0138,0.0054,-0.0074,0.0000,0.0000,0.0000,0.0000,0.0575,0.0575,0.0000,-0.0500,0.0000,0.0000
244.4810,33.2310,0,14,1111_GPS,-5.0450,1.3990,0.3100,0.3080,1,0,1,0,0,0,0.0000,-2294566.4259,-4806555.9348,3489460.7641,11,-5.3101,2.5775,-0.2651,1.1785,-0.6239,-0.1487,4.7001,-2.7316,-0.0139,0.0054,-0.0076,0.0000,0.0000,0.0000,0.0000,-0.2969,-0.2969,0.0000,0.3045,0.0000,0.0000
244.2120,33.3900,0,14,DHLG_GPS,-11.7760,9.8990,0.2570,0.2630,1,0,1,0,0,0,0.0000,-2312885.8697,-4786992.5753,3504227.8035,11,-9.2544,9.3202,2.5216,-0.5788,-0.6157,-0.1393,8.6529,-9.4651,-0.0142,0.0056,-0.0079,0.0000,0.0000,0.0000,0.0000,0.1913,0.1913,0.0000,-0.1834,0.0000,0.0000
244.2480,33.4120,0,14,07NE_GPS,-10.4910,8.1980,0.3550,0.3640,1,0,1,0,0,0,0.0000,-2309292.8869,-4787232.6131,3506268.9189,11,-7.2171,6.9062,3.2739,-1.2918,-0.6147,-0.1406,6.6167,-7.0524,-0.0143,0.0057,-0.0079,0.0000,0.0000,0.0000,0.0000,0.1420,0.1420,0.0000,-0.1341,0.0000,0.0000
243.2990,33.5430,0,22,CRAV_GPS,-21.6910,24.9540,0.2890,0.2960,1,0,1,0,0,0,0.0000,-2384655.8687,-4741154.2905,3518412.1196,23,-21.7027,24.1116,-0.0117,-0.8424,-26.3202,29.8529,-4.6039,5.7355,-0.0136,0.0059,-0.0091,0.0000,0.0000,0.0000,0.0000,0.1697,0.1697,0.0000,-0.1606,0.0000,0.0000
243.2830,33.5500,0,22,HOWY_GPS,-21.8290,25.8840,0.2920,0.3050,1,0,1,0,0,0,0.0000,-2385786.4820,-4740104.1857,3519060.4758,23,-21.8161,24.2024,0.0129,-1.6816,-26.3266,29.8456,-4.4969,5.6372,-0.0136,0.0059,-0.0091,0.0000,0.0000,0.0000,0.0000,0.1832,0.1832,0.0000,-0.1741,0.0000,0.0000
243.4110,33.5270,0,22,TBLM_GPS,-20.2190,23.9590,0.3010,0.3130,1,0,1,0,0,0,0.0000,-2375823.1320,-4746685.1092,3516929.9653,23,-20.1283,22.7486,0.0907,-1.2104,-26.2840,29.9045,-6.1420,7.1500,-0.0137,0.0059,-0.0090,0.0000,0.0000,0.0000,0.0000,0.0059,0.0059,0.0000,0.0031,0.0000,0.0000
243.3870,33.5500,0,22,G114_GPS,-19.1320,23.6400,0.3100,0.3220,1,0,1,0,0,0,0.0000,-2377178.5922,-4744426.9169,3519060.4758,23,-20.0159,22.6777,-0.8839,-0.9623,-26.2966,29.8935,-6.2669,7.2099,-0.0138,0.0059,-0.0090,0.0000,0.0000,0.0000,0.0000,0.1182,0.1182,0.0000,-0.1092,0.0000,0.0000
243.4260,33.5530,0,24,LOKT_GPS,-18.9820,22.1590,0.2680,0.2780,1,0,1,0,0,0,0.0000,-2373866.1813,-4745879.1132,3519338.3267,26,-19.4305,21.7672,-0.4485,-0.3918,-15.5043,18.4470,3.9400,-3.3261,-0.0138,0.0059,-0.0090,0.0000,0.0000,0.0000,0.0000,0.0456,0.0456,0.0000,-0.0367,0.0000,0.0000
243.9390,33.4410,0,24,ROBO_GPS,-12.2950,16.9290,0.3130,0.3130,1,0,1,0,0,0,0.0000,-2334297.0805,-4773114.0266,3508958.6903,26,-14.9236,16.4235,-2.6286,-0.5055,-15.6559,17.6048,-0.7183,1.1756,-0.0140,0.0057,-0.0083,0.0000,0.0000,0.0000,0.0000,0.0619,0.0619,0.0000,-0.0537,0.0000,0.0000
243.3110,33.5550,0,22,M586_GPS,-20.9590,25.5230,0.3430,0.3520,1,0,1,0,0,0,0.0000,-2383331.8048,-4740995.1396,3519523.5552,23,-21.2485,23.7271,-0.2895,-1.7959,-26.3197,29.8585,-5.0576,6.1254,-0.0137,0.0059,-0.0091,0.0000,0.0000,0.0000,0.0000,0.2098,0.2098,0.0000,-0.2007,0.0000,0.0000
243.3380,33.5560,0,22,ANZA_GLA,-20.7790,24.8920,0.2650,0.2720,1,0,1,0,0,0,0.0000,-2381069.8346,-4742062.8354,3519616.1679,23,-20.7531,23.3144,0.0259,-1.5776,-26.3122,29.8709,-5.5453,6.5505,-0.0137,0.0059,-0.0091,0.0000,0.0000,0.0000,0.0000,0.2034,0.2034,0.0000,-0.1943,0.0000,0.0000
243.3660,33.5570,0,22,G109_GPS,-20.5500,24.9210,0.3130,0.3220,1,0,1,0,0,0,0.0000,-2378724.6029,-4743170.9681,3519708.7795,23,-20.2281,22.8697,0.3219,-2.0513,-26.3044,29.8838,-6.0625,7.0082,-0.0138,0.0059,-0.0090,0.0000,0.0000,0.0000,0.0000,0.1737,0.1737,0.0000,-0.1647,0.0000,0.0000
243.3970,33.5650,0,24,G120_GPS,-19.7580,23.4900,0.3460,0.3580,1,0,1,0,0,0,0.0000,-2375937.8577,-4744017.8261,3520449.6337,26,-19.6118,22.0468,0.1462,-1.4432,-15.4837,18.4946,4.1420,-3.5582,-0.0138,0.0059,-0.0090,0.0000,0.0000,0.0000,0.0000,0.1343,0.1343,0.0000,-0.1253,0.0000,0.0000
243.4040,33.5680,0,24,RCUT_GPS,-18.7380,22.9500,0.3130,0.3220,1,0,1,0,0,0,0.0000,-2375275.7216,-4744143.2343,3520727.4363,26,-19.4204,21.8710,-0.6824,-1.0790,-15.4760,18.4831,3.9582,-3.3938,-0.0139,0.0059,-0.0090,0.0000,0.0000,0.0000,0.0000,0.1254,0.1254,0.0000,-0.1164,0.0000,0.0000
243.4290,33.5610,0,24,0821_GPS,-18.7700,20.2790,0.4290,0.4990,1,0,1,0,0,0,0.0000,-2373397.8583,-4745563.8639,3520079.2152,26,-19.1899,21.5741,-0.4199,1.2951,-15.4866,18.4421,3.7172,-3.1380,-0.0139,0.0059,-0.0090,0.0000,0.0000,0.0000,0.0000,0.0584,0.0584,0.0000,-0.0494,0.0000,0.0000
243.4420,33.5620,0,24,G128_GPS,-17.1200,22.6380,0.3730,0.3970,1,0,1,0,0,0,0.0000,-2372293.5939,-4746047.2937,3520171.8214,26,-18.9682,21.3476,-1.8482,-1.2904,-15.4821,18.4208,3.4999,-2.9328,-0.0139,0.0059,-0.0089,0.0000,0.0000,0.0000,0.0000,0.0370,0.0370,0.0000,-0.0281,0.0000,0.0000
243.4210,33.5640,0,24,G125_GPS,-20.0390,22.2090,0.3700,0.3790,1,0,1,0,0,0,0.0000,-2373977.9712,-4745067.5897,3520357.0307,26,-19.2431,21.6539,0.7959,-0.5551,-15.4816,18.4552,3.7754,-3.2046,-0.0139,0.0059,-0.0090,0.0000,0.0000,0.0000,0.0000,0.0809,0.0809,0.0000,-0.0719,0.0000,0.0000
243.3200,33.6190,0,24,TOME_GLA,-19.0620,23.2930,0.2950,0.3160,1,0,1,0,0,0,0.0000,-2380820.3735,-4737853.7288,3525448.6034,26,-19.5787,22.3557,-0.5167,-0.9373,-15.3815,18.6209,4.2112,-3.7408,-0.0140,0.0060,-0.0091,0.0000,0.0000,0.0000,0.0000,0.3154,0.3154,0.0000,-0.3063,0.0000,0.0000
243.3900,33.6110,0,24,ROCH_GLA,-18.2660,22.6500,0.2420,0.2480,1,0,1,0,0,0,0.0000,-2375250.6788,-4741198.9716,3524708.2128,26,-18.6075,21.3537,-0.3415,-1.2963,-15.3861,18.5061,3.2354,-2.8536,-0.0140,0.0060,-0.0090,0.0000,0.0000,0.0000,0.0000,0.1984,0.1984,0.0000,-0.1894,0.0000,0.0000
243.4830,33.5710,0,24,PMCN_GPS,-17.9890,22.2670,0.3010,0.3130,1,0,1,0,0,0,0.0000,-2368649.8867,-4747248.8192,3521005.2293,26,-18.1945,20.5925,-0.2055,-1.6745,-15.4555,18.3535,2.7530,-2.2450,-0.0140,0.0059,-0.0089,0.0000,0.0000,0.0000,0.0000,0.0005,0.0005,0.0000,0.0084,0.0000,0.0000
243.5020,33.5710,0,24,D138_GPS,-16.6300,19.8960,0.3490,0.3610,1,0,1,0,0,0,0.0000,-2367075.5091,-4748034.0322,3521005.2293,26,-17.9537,20.3304,-1.3237,0.4344,-15.4521,18.3223,2.5155,-2.0140,-0.0140,0.0059,-0.0089,0.0000,0.0000,0.0000,0.0000,-0.0117,-0.0117,0.0000,0.0206,0.0000,0.0000
243.5160,33.5810,0,24,PF6__GLA,-16.7070,19.3950,0.3040,0.3190,1,0,1,0,0,0,0.0000,-2365641.1899,-4748062.1620,3521931.1361,26,-17.5954,19.9949,-0.8884,0.5999,-15.4282,18.2994,2.1813,-1.7014,-0.0141,0.0059,-0.0088,0.0000,0.0000,0.0000,0.0000,-0.0121,-0.0121,0.0000,0.0210,0.0000,0.0000
243.5530,33.5740,0,24,GREN_GPS,-16.5600,18.4340,0.3340,0.3400,1,0,1,0,0,0,0.0000,-2362766.1505,-4749974.0552,3521283.0126,26,-17.3175,19.6154,-0.7575,1.1814,-15.4367,18.2386,1.8948,-1.3827,-0.0141,0.0059,-0.0088,0.0000,0.0000,0.0000,0.0000,-0.0179,-0.0179,0.0000,0.0267,0.0000,0.0000
243.5700,33.5840,0,24,PF1__GPS,-15.6180,19.4830,0.2860,0.2990,1,0,1,0,0,0,0.0000,-2361083.1128,-4750124.4774,3522208.8872,26,-16.9782,19.2722,-1.3602,-0.2108,-15.4122,18.2107,1.5802,-1.0674,-0.0142,0.0059,-0.0088,0.0000,0.0000,0.0000,0.0000,-0.0167,-0.0167,0.0000,0.0254,0.0000,0.0000
243.5230,33.6030,0,24,PF5C_GPS,-16.3320,20.6050,0.3520,0.3430,1,0,1,0,0,0,0.0000,-2364457.9944,-4747140.3104,3523967.7535,26,-17.1175,19.6132,-0.7855,-0.9918,-15.3797,18.2879,1.7520,-1.3313,-0.0142,0.0060,-0.0088,0.0000,0.0000,0.0000,0.0000,-0.0102,-0.0102,0.0000,0.0190,0.0000,0.0000
243.5410,33.6090,0,24,PINY_GPS,-16.1910,18.3640,0.2830,0.2750,1,0,1,0,0,0,0.0000,-2362802.0831,-4747552.4920,3524523.1044,26,-16.8363,19.3244,-0.6453,0.9604,-15.3636,18.2583,1.4869,-1.0720,-0.0142,0.0060,-0.0088,0.0000,0.0000,0.0000,0.0000,-0.0185,-0.0185,0.0000,0.0273,0.0000,0.0000
243.5420,33.6120,0,24,PIN1_GLA,-16.3900,19.5340,0.2390,0.2450,1,0,1,0,0,0,0.0000,-2362636.9972,-4747428.5087,3524800.7654,26,-16.7755,19.2781,-0.3855,-0.2559,-15.3570,18.2567,1.4327,-1.0274,-0.0142,0.0060,-0.0088,0.0000,0.0000,0.0000,0.0000,-0.0195,-0.0195,0.0000,0.0283,0.0000,0.0000
243.5380,33.6200,0,24,ASBS_GPS,-15.6980,18.5050,0.2800,0.2990,1,0,1,0,0,0,0.0000,-2362749.0951,-4746822.9157,3525541.1474,26,-16.6755,19.2348,-0.9775,0.7298,-15.3405,18.2633,1.3493,-0.9775,-0.0143,0.0060,-0.0088,0.0000,0.0000,0.0000,0.0000,-0.0201,-0.0201,0.0000,0.0290,0.0000,0.0000
243.5620,33.5990,0,24,BNDY_GPS,-16.7640,21.0840,0.3490,0.3520,1,0,1,0,0,0,0.0000,-2361335.7002,-4748968.9243,3523597.4981,26,-16.8078,19.1899,-0.0438,-1.8941,-15.3814,18.2239,1.4406,-0.9720,-0.0142,0.0060,-0.0088,0.0000,0.0000,0.0000,0.0000,-0.0203,-0.0203,0.0000,0.0291,0.0000,0.0000
243.5800,33.6090,0,24,T138_GPS,-16.4520,21.3630,0.4920,0.4750,1,0,1,0,0,0,0.0000,-2359569.9795,-4749159.7004,3524523.1044,26,-16.4831,18.8640,-0.0311,-2.4990,-15.3568,18.1943,1.1406,-0.6757,-0.0143,0.0060,-0.0088,0.0000,0.0000,0.0000,0.0000,-0.0239,-0.0239,0.0000,0.0327,0.0000,0.0000
243.4100,33.6460,0,24,JOES_GPS,-17.3970,20.9990,0.2800,0.2840,1,0,1,0,0,0,0.0000,-2372631.3569,-4740101.5259,3527946.9143,26,-17.5617,20.5031,-0.1647,-0.4959,-15.3074,18.4733,2.2685,-2.0359,-0.0142,0.0060,-0.0090,0.0000,0.0000,0.0000,0.0000,0.1387,0.1387,0.0000,-0.1297,0.0000,0.0000
243.5890,33.6230,0,24,L587_GPS,-18.0680,19.8630,0.4270,0.4210,1,0,1,0,0,0,0.0000,-2358440.8142,-4748758.8239,3525818.7730,26,-16.1823,18.6150,1.8857,-1.2480,-15.3251,18.1796,0.8716,-0.4415,-0.0143,0.0060,-0.0088,0.0000,0.0000,0.0000,0.0000,-0.0324,-0.0324,0.0000,0.0412,0.0000,0.0000
243.5280,33.6840,0,24,WHAY_GPS,-14.9910,19.6650,0.2890,0.2900,1,0,1,0,0,0,0.0000,-2361820.6273,-4742882.3355,3531461.7281,26,-15.6567,18.6986,-0.6657,-0.9664,-15.2048,18.2797,0.4664,-0.4251,-0.0145,0.0061,-0.0089,0.0000,0.0000,0.0000,0.0000,-0.0683,-0.0683,0.0000,0.0771,0.0000,0.0000
243.6090,33.6880,0,24,RSRT_GPS,-13.0520,17.5820,0.2890,0.2990,1,0,1,0,0,0,0.0000,-2355003.5849,-4745995.6803,3531831.6182,26,-14.8840,17.8321,-1.8320,0.2501,-15.1819,18.1467,-0.2833,0.3086,-0.0146,0.0061,-0.0088,0.0000,0.0000,0.0000,0.0000,-0.1520,-0.1520,0.0000,0.1607,0.0000,0.0000
243.7260,33.6390,0,24,CAHU_GPS,-12.6780,15.8970,0.3130,0.3220,1,0,1,0,0,0,0.0000,-2346643.3844,-4753501.4550,3527299.2793,26,-14.7543,16.5432,-2.0763,0.6462,-15.2668,17.9546,-0.4979,1.4054,-0.0146,0.0060,-0.0086,0.0000,0.0000,0.0000,0.0000,0.0434,0.0434,0.0000,-0.0347,0.0000,0.0000
243.8400,33.6280,0,24,VORO_GPS,-12.1140,13.2430,0.3820,0.3550,1,0,1,0,0,0,0.0000,-2337479.3383,-4758768.8391,3526281.4607,26,-13.1032,14.3764,-0.9892,1.1334,-15.2707,17.7674,-2.1528,3.3850,-0.0147,0.0060,-0.0085,0.0000,0.0000,0.0000,0.0000,0.2018,0.2018,0.0000,-0.1934,0.0000,0.0000
244.1670,33.4290,0,14,TRAN_GPS,-11.4450,9.4510,0.2890,0.2930,1,0,1,0,0,0,0.0000,-2315604.9419,-4783026.5653,3507845.7904,11,-9.4615,9.8702,1.9835,0.4192,-0.6138,-0.1377,8.8620,-10.0136,-0.0143,0.0057,-0.0080,0.0000,0.0000,0.0000,0.0000,0.2889,0.2889,0.0000,-0.2810,0.0000,0.0000
244.2300,33.4270,0,14,S_31_GPS,-8.6270,8.3390,0.3880,0.3790,1,0,1,0,0,0,0.0000,-2310397.5644,-4785680.0803,3507660.2922,11,-7.3334,7.1661,1.2936,-1.1729,-0.6139,-0.1399,6.7338,-7.3117,-0.0143,0.0057,-0.0079,0.0000,0.0000,0.0000,0.0000,0.1990,0.1990,0.0000,-0.1910,0.0000,0.0000
244.2170,33.4410,0,14,25SE_GPS,-10.5230,8.6790,0.3190,0.3340,1,0,1,0,0,0,0.0000,-2311110.4720,-4784383.8430,3508958.6903,11,-7.3080,7.2286,3.2150,-1.4504,-0.6132,-0.1395,6.7091,-7.3738,-0.0144,0.0057,-0.0079,0.0000,0.0000,0.0000,0.0000,0.2188,0.2188,0.0000,-0.2108,0.0000,0.0000
244.3220,33.4270,0,14,SIPH_GPS,-6.9990,3.4850,0.2740,0.2810,1,0,1,0,0,0,0.0000,-2302710.2088,-4789383.7214,3507660.2922,11,-5.2172,4.0961,1.7818,0.6111,-0.6141,-0.1431,4.6176,-4.2449,-0.0144,0.0057,-0.0078,0.0000,0.0000,0.0000,0.0000,0.0081,0.0081,0.0000,-0.0003,0.0000,0.0000
244.0860,33.5030,0,14,VARN_GPS,-12.3130,7.9040,0.3160,0.3050,1,0,1,0,0,0,0.0000,-2320382.5919,-4775669.1968,3514706.2198,11,-9.6892,10.2520,2.6238,2.3480,-0.6100,-0.1349,9.0937,-10.3927,-0.0145,0.0058,-0.0081,0.0000,0.0000,0.0000,0.0000,0.1387,0.1387,0.0000,-0.1306,0.0000,0.0000
243.9920,33.6120,0,14,PAIN_GPS,-8.9920,7.6570,0.3130,0.3190,1,0,1,0,0,0,0.0000,-2325278.2949,-4765838.0036,3524800.7654,11,-9.0844,9.8352,-0.0924,2.1782,-0.6045,-0.1316,8.4946,-9.9727,-0.0148,0.0059,-0.0083,0.0000,0.0000,0.0000,0.0000,0.0552,0.0552,0.0000,-0.0469,0.0000,0.0000
244.1380,33.6400,0,14,N125_GPS,-5.1590,3.7920,0.4890,0.4960,1,0,1,0,0,0,0.0000,-2312374.8843,-4770197.1587,3527391.8018,11,-5.1280,4.8718,0.0310,1.0798,-0.6034,-0.1367,4.5397,-5.0144,-0.0151,0.0060,-0.0081,0.0000,0.0000,0.0000,0.0000,0.0080,0.0080,0.0000,0.0001,0.0000,0.0000
244.0360,33.6770,0,14,1113_GPS,-7.0760,4.5960,0.3520,0.4120,1,0,1,0,0,0,0.0000,-2319865.5329,-4764024.0544,3530814.3791,11,-6.3061,6.4652,0.7699,1.8692,-0.6014,-0.1331,5.7198,-6.6044,-0.0151,0.0060,-0.0082,0.0000,0.0000,0.0000,0.0000,-0.0971,-0.0971,0.0000,0.1054,0.0000,0.0000
244.2800,33.6640,0,14,BLAC_GLA,-4.1760,1.8170,0.2570,0.2630,1,0,1,0,0,0,0.0000,-2299904.0733,-4774581.8357,3529612.0196,11,-3.6594,2.8900,0.5166,1.0730,-0.6024,-0.1417,3.0723,-3.0377,-0.0153,0.0060,-0.0079,0.0000,0.0000,0.0000,0.0000,0.0621,0.0621,0.0000,-0.0542,0.0000,0.0000
242.0910,33.7480,0,23,FIFT_GPS,-26.8850,29.9500,0.3250,0.3670,1,0,1,0,0,0,0.0000,-2478170.7428,-4678672.7611,3537377.9025,24,-27.2085,28.2302,-0.3235,-1.7198,-29.5013,29.5951,-2.2803,1.3586,-0.0125,0.0062,-0.0109,0.0000,0.0000,0.0000,0.0000,0.5278,0.5278,0.0000,-0.5169,0.0000,0.0000
242.4650,33.7090,0,23,SAN1_GLA,-25.5750,26.7760,0.3340,0.3280,1,0,1,0,0,0,0.0000,-2448690.5241,-4696883.3002,3533773.2586,24,-26.0439,27.9114,-0.4689,1.1354,-29.3891,29.7393,-3.3321,1.8218,-0.0130,0.0062,-0.0103,0.0000,0.0000,0.0000,0.0000,-0.2446,-0.2446,0.0000,0.2549,0.0000,0.0000
242.1350,33.8630,0,23,CCCS_GPS,-26.2960,25.7780,0.3100,0.3190,1,0,1,0,0,0,0.0000,-2471253.6122,-4674288.3161,3547997.4329,24,-26.5775,26.7628,-0.2815,0.9848,-29.5026,29.6121,-2.9120,2.8429,-0.0131,0.0064,-0.0109,0.0000,0.0000,0.0000,0.0000,1.0261,1.0261,0.0000,-1.0152,0.0000,0.0000
242.4020,33.8470,0,31,OAKD_GPS,-25.2670,26.7880,0.2740,0.2870,1,0,1,0,0,0,0.0000,-2449903.4407,-4686631.5082,3546520.7880,32,-25.5540,27.1127,-0.2870,0.3247,-23.9150,27.2539,1.6525,0.1348,-0.0135,0.0064,-0.0105,0.0000,0.0000,0.0000,0.0000,-0.2028,-0.2028,0.0000,0.2133,0.0000,0.0000
242.4530,33.8840,0,22,0819_GPS,-24.6090,26.5060,0.2770,0.2870,1,0,1,0,0,0,0.0000,-2444671.1234,-4686778.7743,3549935.1093,23,-25.0807,26.8903,-0.4717,0.3843,-26.6487,29.4596,-1.5543,2.5629,-0.0137,0.0065,-0.0105,0.0000,0.0000,0.0000,0.0000,-0.2135,-0.2135,0.0000,0.2240,0.0000,0.0000
242.2620,33.9140,0,31,SJUA_GPS,-25.6160,26.3340,0.2570,0.2630,1,0,1,0,0,0,0.0000,-2459415.8079,-4676957.4580,3552702.3913,32,-26.0776,26.5061,-0.4616,0.1721,-25.0617,25.2935,1.0295,-1.2191,-0.0135,0.0065,-0.0108,0.0000,0.0000,0.0000,0.0000,1.4808,1.4808,0.0000,-1.4700,0.0000,0.0000
242.7680,33.7960,0,22,METZ_GLA,-23.0200,25.8640,0.3490,0.3340,1,0,1,0,0,0,0.0000,-2421359.4885,-4704990.5923,3541812.1373,23,-23.7648,26.1711,-0.7448,0.3071,-26.5361,29.6068,-2.7574,3.4294,-0.0139,0.0063,-0.0100,0.0000,0.0000,0.0000,0.0000,-0.1536,-0.1536,0.0000,0.1635,0.0000,0.0000
243.2230,33.7940,0,24,INDO_GLA,-14.8930,23.4070,0.3070,0.3160,1,0,1,0,0,0,0.0000,-2383975.7318,-4724181.0231,3541627.4271,26,-17.2516,20.3668,-2.3586,-3.0402,-15.0232,18.7799,2.2429,-1.5932,-0.0146,0.0063,-0.0093,0.0000,0.0000,0.0000,0.0000,0.1428,0.1428,0.0000,-0.1335,0.0000,0.0000
242.6910,33.8370,0,22,LAST_GLA,-23.4080,26.2570,0.2890,0.3190,1,0,1,0,0,0,0.0000,-2426516.9458,-4699479.0783,3545597.7445,23,-23.9310,26.2650,-0.5230,0.0080,-26.5685,29.5709,-2.6236,3.2995,-0.0139,0.0064,-0.0101,0.0000,0.0000,0.0000,0.0000,-0.1624,-0.1624,0.0000,0.1725,0.0000,0.0000
241.8910,34.0890,0,31,SGHS_GPS,-24.2390,24.4780,0.3550,0.3610,1,0,1,0,0,0,0.0000,-2484524.0282,-4651341.4028,3568825.4327,32,-26.1306,25.2358,-1.8916,0.7578,-28.0455,20.0976,-1.9012,-5.1450,-0.0136,0.0068,-0.0115,0.0000,0.0000,0.0000,0.0000,-0.2504,-0.2504,0.0000,0.2619,0.0000,0.0000
242.1160,34.0420,0,31,SNTZ_GPS,-22.1780,24.8490,0.4180,0.3520,1,0,1,0,0,0,0.0000,-2467607.4664,-4663648.2755,3564498.5083,32,-26.0188,25.3614,-3.8408,0.5124,-27.2185,23.2489,-1.1859,-2.1193,-0.0138,0.0067,-0.0111,0.0000,0.0000,0.0000,0.0000,0.4643,0.4643,0.0000,-0.4532,0.0000,0.0000
242.4510,33.9750,0,22,LIMP_GPS,-24.2340,26.0060,0.3310,0.3400,1,0,1,0,0,0,0.0000,-2442223.9396,-4681688.6261,3558326.1934,23,-24.2753,26.2224,-0.0413,0.2164,-26.6722,29.4587,-2.3827,3.2296,-0.0141,0.0066,-0.0105,0.0000,0.0000,0.0000,0.0000,-0.0067,-0.0067,0.0000,0.0172,0.0000,0.0000
242.4870,34.0180,0,22,SANO_GPS,-22.7340,24.5550,0.3040,0.3130,1,0,1,0,0,0,0.0000,-2438047.5449,-4680852.4006,3562288.0897,23,-23.5600,25.6162,-0.8260,1.0612,-26.6726,29.4755,-3.0982,3.8526,-0.0144,0.0067,-0.0105,0.0000,0.0000,0.0000,0.0000,0.0432,0.0432,0.0000,-0.0327,0.0000,0.0000
242.5570,34.0320,0,22,JUR3_GPS,-23.1220,24.6820,0.2740,0.2780,1,0,1,0,0,0,0.0000,-2431925.7621,-4683054.9223,3563577.5765,23,-22.7645,24.8970,0.3575,0.2150,-26.6560,29.5083,-3.8769,4.6046,-0.0146,0.0067,-0.0104,0.0000,0.0000,0.0000,0.0000,0.0068,0.0068,0.0000,0.0036,0.0000,0.0000
242.4700,34.0770,0,22,STEE_GPS,-23.3480,25.6850,0.3490,0.3580,1,0,1,0,0,0,0.0000,-2437739.4706,-4676873.4442,3567720.9143,23,-22.9731,24.9526,0.3749,-0.7324,-26.6923,29.4676,-3.7046,4.5081,-0.0147,0.0068,-0.0106,0.0000,0.0000,0.0000,0.0000,0.1711,0.1711,0.0000,-0.1605,0.0000,0.0000
242.3110,34.1210,0,22,PSEB_GPS,-23.9620,22.6120,0.3190,0.3310,1,0,1,0,0,0,0.0000,-2449434.8979,-4667663.1040,3571770.0499,23,-23.9625,24.2981,-0.0005,1.6861,-26.7491,29.3930,-2.7721,5.0880,-0.0146,0.0069,-0.0109,0.0000,0.0000,0.0000,0.0000,0.4237,0.4237,0.0000,-0.4129,0.0000,0.0000
242.5030,34.1360,0,22,THRT_GPS,-22.8430,21.1340,0.5040,0.5580,1,0,1,0,0,0,0.0000,-2433347.8700,-4675015.4009,3573149.9557,23,-21.6191,23.5765,1.2239,2.4425,-26.6976,29.4830,-5.0635,5.8997,-0.0150,0.0069,-0.0106,0.0000,0.0000,0.0000,0.0000,0.3405,0.3405,0.0000,-0.3299,0.0000,0.0000
242.3950,34.1720,0,26,ANGA_GPS,-22.6410,23.1580,0.3610,0.3700,1,0,1,0,0,0,0.0000,-2441114.9477,-4668429.9200,3576460.7303,27,-22.3776,23.2862,0.2634,0.1282,-28.1764,23.5489,-5.7838,0.2558,-0.0150,0.0070,-0.0108,0.0000,0.0000,0.0000,0.0000,-4.4307,-4.4307,0.0000,4.4415,0.0000,0.0000
242.4960,34.2120,0,26,SANS_GPS,-20.7730,20.5640,0.3220,0.3250,1,0,1,0,0,0,0.0000,-2431728.0723,-4670510.0365,3580137.7128,27,-20.7537,21.1855,0.0193,0.6215,-28.1247,23.5175,-7.3556,2.3250,-0.0154,0.0071,-0.0106,0.0000,0.0000,0.0000,0.0000,-4.0553,-4.0553,0.0000,4.0659,0.0000,0.0000
242.8610,34.0140,0,24,BRI2_GLA,-17.0550,21.2100,0.2800,0.2960,1,0,1,0,0,0,0.0000,-2407554.8464,-4696888.3000,3561919.6258,26,-18.4861,20.4345,-1.4311,-0.7755,-14.6180,19.3729,3.8832,-1.0682,-0.0150,0.0067,-0.0100,0.0000,0.0000,0.0000,0.0000,0.6165,0.6165,0.0000,-0.6065,0.0000,0.0000
242.8960,34.0220,0,24,0818_GPS,-17.6840,20.5690,0.3220,0.3310,1,0,1,0,0,0,0.0000,-2404458.6176,-4697915.3486,3562656.5362,26,-17.6648,19.5854,0.0192,-0.9836,-14.5942,19.3156,3.0858,-0.2764,-0.0151,0.0067,-0.0099,0.0000,0.0000,0.0000,0.0000,0.8825,0.8825,0.0000,-0.8726,0.0000,0.0000
242.6470,34.0890,0,22,RTHS_GPS,-22.0690,22.2490,0.2860,0.2960,1,0,1,0,0,0,0.0000,-2422936.5306,-4683718.0808,3568825.4327,23,-20.6777,22.2957,1.3913,0.0467,-26.6442,29.5504,-5.9515,7.2479,-0.0150,0.0068,-0.0103,0.0000,0.0000,0.0000,0.0000,0.1758,0.1758,0.0000,-0.1655,0.0000,0.0000
242.7340,34.0630,0,24,BRYN_GPS,-21.6690,23.4950,0.4590,0.5220,1,0,1,0,0,0,0.0000,-2416563.4835,-4688830.8122,3566432.1116,26,-19.8075,21.4130,1.8615,-2.0820,-14.5369,19.5808,5.2856,-1.8389,-0.0150,0.0068,-0.0102,0.0000,0.0000,0.0000,0.0000,0.3350,0.3350,0.0000,-0.3248,0.0000,0.0000
242.9000,34.0390,0,24,CRFP_GPS,-18.8900,19.9990,0.2480,0.2570,1,0,1,0,0,0,0.0000,-2403648.9906,-4697141.9836,3564222.2402,26,-17.2216,19.0547,1.6684,-0.9443,-14.5569,19.3091,2.6799,0.2477,-0.0152,0.0067,-0.0099,0.0000,0.0000,0.0000,0.0000,1.1456,1.1456,0.0000,-1.1357,0.0000,0.0000
243.0480,34.0030,0,24,CHER_GLA,-14.9330,20.7130,0.3250,0.3280,1,0,1,0,0,0,0.0000,-2392522.4099,-4705330.4435,3560906.2606,26,-15.4176,18.1028,-0.4846,-2.6102,-14.6065,19.0667,0.8264,0.9573,-0.0152,0.0066,-0.0097,0.0000,0.0000,0.0000,0.0000,1.0057,1.0057,0.0000,-0.9960,0.0000,0.0000
243.2880,33.7140,0,24,WD91_GLA,-18.2360,22.3840,0.2860,0.2990,1,0,1,0,0,0,0.0000,-2380835.2939,-4731295.2042,3534235.4839,26,-17.8561,21.0798,0.3799,-1.3042,-15.1832,18.6733,2.6872,-2.4126,-0.0143,0.0062,-0.0092,0.0000,0.0000,0.0000,0.0000,0.2210,0.2210,0.0000,-0.2118,0.0000,0.0000
243.4670,33.7760,0,24,BOTR_GPS,-13.9350,18.8570,0.3310,0.3430,1,0,1,0,0,0,0.0000,-2364332.6739,-4735285.7770,3539964.8414,26,-14.6297,18.2814,-0.6947,-0.5756,-15.0179,18.3798,-0.3733,0.0921,-0.0148,0.0062,-0.0090,0.0000,0.0000,0.0000,0.0000,-0.1125,-0.1125,0.0000,0.1215,0.0000,0.0000
243.7010,33.7140,0,24,PTHP_GPS,-12.7270,15.7880,0.2770,0.2810,1,0,1,0,0,0,0.0000,-2346669.5689,-4748333.7014,3534235.4839,26,-13.3865,16.2344,-0.6595,0.4464,-15.1099,17.9957,-1.7085,1.7552,-0.0149,0.0061,-0.0087,0.0000,0.0000,0.0000,0.0000,-0.3769,-0.3769,0.0000,0.3856,0.0000,0.0000
243.7190,33.7500,0,24,DUNP_GPS,-11.1480,14.0080,0.3160,0.3130,1,0,1,0,0,0,0.0000,-2344194.0222,-4747078.6708,3537562.7119,26,-12.0299,15.2737,-0.8819,1.2657,-15.0293,17.9661,-2.9844,2.6863,-0.0150,0.0062,-0.0087,0.0000,0.0000,0.0000,0.0000,-0.7542,-0.7542,0.0000,0.7628,0.0000,0.0000
243.8420,33.7400,0,25,COCH_GLA,-9.3840,9.5530,0.2950,0.3050,1,0,1,0,0,0,0.0000,-2334269.9669,-4752654.2522,3536638.6219,25,-9.2729,11.9116,0.1111,2.3586,-7.1070,20.4043,2.1811,8.4866,-0.0151,0.0061,-0.0085,0.0000,0.0000,0.0000,0.0000,-0.3426,-0.3426,0.0000,0.3511,0.0000,0.0000
243.8290,33.7490,0,25,GAPP_GLA,-8.7720,10.3240,0.2890,0.2960,1,0,1,0,0,0,0.0000,-2335103.2019,-4751625.8607,3537470.3078,25,-9.4462,11.9894,-0.6742,1.6654,-7.2274,20.2618,2.2340,8.2662,-0.0152,0.0062,-0.0085,0.0000,0.0000,0.0000,0.0000,-0.3848,-0.3848,0.0000,0.3934,0.0000,0.0000
243.6690,33.8170,0,24,RMRD_GLA,-10.0690,15.4600,0.4060,0.4060,1,0,1,0,0,0,0.0000,-2346499.2631,-4741320.4022,3543751.3335,26,-10.6874,15.2808,-0.6184,-0.1792,-14.8940,18.0482,-4.1913,2.7611,-0.0153,0.0063,-0.0087,0.0000,0.0000,0.0000,0.0000,-1.1348,-1.1348,0.0000,1.1435,0.0000,0.0000
243.8250,33.8100,0,14,BERD_GPS,-7.4450,8.1640,0.3130,0.3130,1,0,1,0,0,0,0.0000,-2333772.2872,-4748080.1825,3543104.9877,11,-8.4948,10.1224,-1.0498,1.9584,-0.5946,-0.1257,7.9157,-10.2543,-0.0154,0.0062,-0.0085,0.0000,0.0000,0.0000,0.0000,-0.4216,-0.4216,0.0000,0.4302,0.0000,0.0000
243.5110,33.8390,0,24,PSAR_GPS,-11.0190,18.2460,0.3400,0.3520,1,0,1,0,0,0,0.0000,-2358958.0028,-4733613.4237,3545782.3618,26,-12.8951,17.0921,-1.8761,-1.1539,-14.8746,18.3076,-1.9644,1.2091,-0.0152,0.0063,-0.0090,0.0000,0.0000,0.0000,0.0000,-0.3847,-0.3847,0.0000,0.3937,0.0000,0.0000
243.5690,33.8700,0,24,EDOM_GLA,-10.2530,18.0930,0.2740,0.2810,1,0,1,0,0,0,0.0000,-2353310.7151,-4734280.3377,3548643.3780,26,-11.5264,15.6836,-1.2734,-2.4094,-14.7977,18.2124,-3.2559,2.5224,-0.0154,0.0064,-0.0089,0.0000,0.0000,0.0000,0.0000,-0.6345,-0.6345,0.0000,0.6434,0.0000,0.0000
243.3580,33.9250,0,24,TOM2_GLA,-13.9020,19.5510,0.3490,0.3730,1,0,1,0,0,0,0.0000,-2369200.7958,-4722534.8948,3553716.8173,26,-12.9223,17.0372,0.9797,-2.5138,-14.7172,18.5585,-1.7796,1.5148,-0.0153,0.0065,-0.0092,0.0000,0.0000,0.0000,0.0000,0.5096,0.5096,0.0000,-0.5004,0.0000,0.0000
243.5940,33.9310,0,25,WIDE_GLA,-10.4370,16.3820,0.3550,0.3610,1,0,1,0,0,0,0.0000,-2349563.2239,-4731920.1471,3554270.0854,25,-10.0914,14.4083,0.3456,-1.9737,-9.6545,17.6861,0.4526,3.2713,-0.0157,0.0065,-0.0089,0.0000,0.0000,0.0000,0.0000,-0.5253,-0.5253,0.0000,0.5342,0.0000,0.0000
243.6080,33.9350,0,25,WIDC_GPS,-10.5460,17.9020,0.2770,0.2840,1,0,1,0,0,0,0.0000,-2348296.6234,-4732271.8281,3554638.9092,25,-9.8558,14.0686,0.6902,-3.8334,-9.7044,17.8395,0.1671,3.7644,-0.0157,0.0065,-0.0089,0.0000,0.0000,0.0000,0.0000,-0.5153,-0.5153,0.0000,0.5241,0.0000,0.0000
243.8270,33.9520,0,14,PBB4_GPS,-4.6580,9.5340,0.3820,0.4030,1,0,1,0,0,0,0.0000,-2329726.1827,-4740266.3131,3556206.2168,11,-5.7255,8.2351,-1.0675,-1.2989,-0.5876,-0.1258,5.1539,-8.3674,-0.0161,0.0065,-0.0086,0.0000,0.0000,0.0000,0.0000,-0.4976,-0.4976,0.0000,0.5061,0.0000,0.0000
244.6000,33.7150,0,14,DESO_GPS,-2.0820,1.1450,0.3070,0.2870,1,0,1,0,0,0,0.0000,-2271853.5300,-4784512.4216,3534327.9258,11,-2.4206,1.2396,-0.3386,0.0946,-0.6003,-0.1529,1.8362,-1.3985,-0.0159,0.0060,-0.0076,0.0000,0.0000,0.0000,0.0000,0.1033,0.1033,0.0000,-0.0957,0.0000,0.0000
244.2360,33.8340,0,14,JTRE_GPS,-1.9000,2.8680,0.3370,0.3370,1,0,1,0,0,0,0.0000,-2299007.8145,-4763361.7207,3545320.8104,11,-3.3535,2.6299,-1.4535,-0.2381,-0.5940,-0.1401,2.7755,-2.7762,-0.0160,0.0062,-0.0080,0.0000,0.0000,0.0000,0.0000,-0.0274,-0.0274,0.0000,0.0354,0.0000,0.0000
243.2910,34.1930,0,25,ONYX_GPS,-11.1990,17.2440,0.5700,0.4090,1,0,1,0,0,0,0.0000,-2367224.5032,-4704860.7697,3578391.3636,25,-11.5205,14.6061,-0.3215,-2.6379,-13.1336,14.3645,-1.5966,-0.2485,-0.0165,0.0069,-0.0094,0.0000,0.0000,0.0000,0.0000,-0.2507,-0.2507,0.0000,0.2601,0.0000,0.0000
244.0010,33.9740,0,14,F726_GPS,-4.7570,4.3570,0.4680,0.5080,1,0,1,0,0,0,0.0000,-2314721.1369,-4746091.8755,3558234.0324,11,-4.3458,4.9381,0.4112,0.5811,-0.5868,-0.1319,3.7754,-5.0765,-0.0164,0.0065,-0.0084,0.0000,0.0000,0.0000,0.0000,-0.6082,-0.6082,0.0000,0.6165,0.0000,0.0000
245.0110,33.6090,0,14,FORD_GPS,-2.1210,0.9300,0.5340,0.5140,1,0,1,0,0,0,0.0000,-2240233.0127,-4806604.2480,3524523.1044,11,-1.8966,0.7619,0.2244,-0.1681,-0.6062,-0.1673,1.3062,-0.9350,-0.0158,0.0058,-0.0071,0.0000,0.0000,0.0000,0.0000,0.0777,0.0777,0.0000,-0.0707,0.0000,0.0000
244.7570,33.6810,0,14,1114_GPS,-3.5750,1.6790,0.3700,0.3160,1,0,1,0,0,0,0.0000,-2259628.6730,-4792615.9002,3531184.2993,11,-2.1838,0.9656,1.3912,-0.7134,-0.6022,-0.1584,1.5975,-1.1299,-0.0159,0.0059,-0.0074,0.0000,0.0000,0.0000,0.0000,0.1047,0.1047,0.0000,-0.0974,0.0000,0.0000
245.2850,33.6100,0,14,BLYT_GPS,-2.8680,1.4200,0.2390,0.2420,1,0,1,0,0,0,0.0000,-2217195.6109,-4817206.6117,3524615.6592,11,-1.6145,0.6411,1.2535,-0.7789,-0.6066,-0.1769,1.0240,-0.8237,-0.0160,0.0057,-0.0068,0.0000,0.0000,0.0000,0.0000,0.0334,0.0334,0.0000,-0.0267,0.0000,0.0000
244.7730,34.0400,0,14,COXO_GPS,-0.7110,1.0390,0.5460,0.5250,1,0,1,0,0,0,0.0000,-2248815.9730,-4773137.4937,3564314.3306,11,-1.7820,0.8020,-1.0710,-0.2370,-0.5846,-0.1589,1.2148,-0.9673,-0.0175,0.0064,-0.0074,0.0000,0.0000,0.0000,0.0000,0.0403,0.0403,0.0000,-0.0329,0.0000,0.0000
245.5190,34.0440,0,14,ENDD_GPS,-0.9100,1.2210,0.3610,0.2960,1,0,1,0,0,0,0.0000,-2186377.0002,-4801785.5485,3564682.6816,11,-1.2978,0.4311,-0.3878,-0.7899,-0.5857,-0.1851,0.7302,-0.6223,-0.0180,0.0062,-0.0065,0.0000,0.0000,0.0000,0.0000,0.0126,0.0126,0.0000,-0.0060,0.0000,0.0000
239.3180,34.4690,0,30,HARV_GPS,-32.7390,34.1620,0.2540,0.2690,1,0,1,0,0,0,0.0000,-2678691.3900,-4514660.7342,3603720.6264,31,-32.0159,35.8863,0.7231,1.7243,-32.5836,38.5836,-0.5593,2.6904,-0.0084,0.0069,-0.0165,0.0000,0.0000,0.0000,0.0000,0.7089,0.7089,0.0000,-0.6924,0.0000,0.0000
240.2860,34.4940,0,42,LACU_GPS,-30.6980,30.4620,0.2860,0.2870,1,0,1,0,0,0,0.0000,-2601258.8505,-4557904.1022,3606010.8222,43,-30.5408,30.3922,0.1572,-0.0698,-31.2968,30.8723,-0.7444,0.4727,-0.0116,0.0074,-0.0148,0.0000,0.0000,0.0000,0.0000,0.5820,0.5820,0.0000,-0.5672,0.0000,0.0000
239.3730,34.5710,0,41,RUS1_GPS,-29.7030,36.7090,0.3940,0.3670,1,0,1,0,0,0,0.0000,-2671083.8141,-4511702.3304,3613060.3097,42,-31.5662,34.9731,-1.8632,-1.7359,-33.0161,33.1848,-1.4408,-1.7955,-0.0090,0.0072,-0.0166,0.0000,0.0000,0.0000,0.0000,0.7157,0.7157,0.0000,-0.6991,0.0000,0.0000
239.3830,34.5930,0,41,ALVA_GPS,-31.0570,35.4790,0.4030,0.3670,1,0,1,0,0,0,0.0000,-2669589.5807,-4510974.2099,3615073.2510,42,-31.4866,34.8057,-0.4296,-0.6733,-32.9455,33.1628,-1.4497,-1.6501,-0.0092,0.0072,-0.0166,0.0000,0.0000,0.0000,0.0000,0.6793,0.6793,0.0000,-0.6626,0.0000,0.0000
239.8010,34.5020,0,42,GAVI_GPS,-29.8330,33.1820,0.3070,0.2930,1,0,1,0,0,0,0.0000,-2639493.8700,-4535286.6072,3606743.5399,43,-30.7769,33.9898,-0.9439,0.8078,-31.3990,33.3007,-0.6120,-0.6963,-0.0102,0.0072,-0.0157,0.0000,0.0000,0.0000,0.0000,-0.1321,-0.1321,0.0000,0.1478,0.0000,0.0000
240.9900,34.4400,0,42,SNP2_GPS,-29.3410,26.2940,0.3760,0.3820,1,0,1,0,0,0,0.0000,-2546707.4515,-4592491.3588,3601063.1398,43,-28.7820,27.6916,0.5590,1.3976,-31.4430,27.3434,-2.6477,-0.3556,-0.0133,0.0075,-0.0134,0.0000,0.0000,0.0000,0.0000,1.0524,1.0524,0.0000,-1.0390,0.0000,0.0000
241.3240,34.2360,0,33,ROCK_GPS,-27.4850,30.3400,0.2620,0.2720,1,0,1,0,0,0,0.0000,-2526029.3454,-4618478.6861,3582343.0648,34,-27.8207,27.6478,-0.3357,-2.6922,-28.6938,30.8933,-0.8600,3.2384,-0.0131,0.0071,-0.0126,0.0000,0.0000,0.0000,0.0000,1.0579,1.0579,0.0000,-1.0454,0.0000,0.0000
241.3590,34.2570,0,33,CHT3_GPS,-27.8100,29.9390,0.2510,0.2600,1,0,1,0,0,0,0.0000,-2522578.0909,-4618868.2383,3584272.2322,34,-27.6737,26.9966,0.1363,-2.9424,-28.5171,30.6744,-0.8302,3.6707,-0.0133,0.0071,-0.0125,0.0000,0.0000,0.0000,0.0000,1.3361,1.3361,0.0000,-1.3236,0.0000,0.0000
241.4760,34.2540,0,33,CSN1_GPS,-27.0040,26.3940,0.2680,0.2780,1,0,1,0,0,0,0.0000,-2513230.5613,-4624174.6834,3583996.6663,34,-27.3629,26.5135,-0.3589,0.1195,-28.5060,29.9424,-1.1295,3.4218,-0.0135,0.0071,-0.0123,0.0000,0.0000,0.0000,0.0000,1.4769,1.4769,0.0000,-1.4646,0.0000,0.0000
241.4890,34.2580,0,33,DELO_GPS,-24.9930,26.5140,0.3310,0.3460,1,0,1,0,0,0,0.0000,-2512061.8664,-4624524.9210,3584364.0853,34,-27.3847,26.4004,-2.3917,-0.1136,-28.4706,29.8611,-1.0723,3.4535,-0.0136,0.0071,-0.0123,0.0000,0.0000,0.0000,0.0000,1.5440,1.5440,0.0000,-1.5317,0.0000,0.0000
241.3990,34.3300,0,42,OATT_GPS,-30.2910,24.0670,0.3730,0.3820,1,0,1,0,0,0,0.0000,-2517164.7481,-4616615.0200,3590974.6378,43,-27.6845,25.3656,2.6065,1.2986,-32.0474,25.2914,-4.3491,-0.0815,-0.0137,0.0073,-0.0126,0.0000,0.0000,0.0000,0.0000,-8.4985,-8.4985,0.0000,8.5111,0.0000,0.0000
241.3990,34.3310,0,42,PICO_GNR,-28.0210,26.1970,0.2420,0.2510,1,0,1,0,0,0,0.0000,-2517134.7451,-4616559.9928,3591066.4111,43,-27.6728,25.3002,0.3482,-0.8968,-32.0409,25.2914,-4.3543,-0.0162,-0.0137,0.0073,-0.0126,0.0000,0.0000,0.0000,0.0000,-8.4763,-8.4763,0.0000,8.4888,0.0000,0.0000
241.5890,34.3530,0,26,CMP9_GPS,-26.2800,24.4900,0.2590,0.2690,1,0,1,0,0,0,0.0000,-2501155.5989,-4623668.5926,3593085.1475,27,-25.8330,21.5557,0.4470,-2.9343,-28.2357,23.7970,-2.3884,2.2340,-0.0143,0.0073,-0.0122,0.0000,0.0000,0.0000,0.0000,-4.3226,-4.3226,0.0000,4.3348,0.0000,0.0000
240.7360,34.5660,0,41,0102_GPS,-29.5000,25.3240,0.3850,0.3490,1,0,1,0,0,0,0.0000,-2563164.1423,-4574236.8130,3612602.7487,42,-29.4297,26.1191,0.0703,0.7951,-32.6037,30.1878,-3.1607,4.0609,-0.0133,0.0077,-0.0140,0.0000,0.0000,0.0000,0.0000,0.4971,0.4971,0.0000,-0.4830,0.0000,0.0000
240.7000,34.6360,0,41,MUNS_GPS,-27.6500,24.4750,0.2890,0.2840,1,0,1,0,0,0,0.0000,-2563875.8478,-4568773.0266,3619006.0970,42,-29.2527,25.2705,-1.6027,0.7955,-32.3995,30.2672,-3.1333,4.9888,-0.0136,0.0079,-0.0142,0.0000,0.0000,0.0000,0.0000,1.0325,1.0325,0.0000,-1.0183,0.0000,0.0000
240.8960,34.7340,0,41,LVMS_GPS,-24.6890,21.0270,0.3400,0.3490,1,0,1,0,0,0,0.0000,-2545217.2768,-4572101.7406,3627961.7073,42,-26.3558,22.0756,-1.6668,1.0486,-32.0400,29.8348,-5.6695,7.7510,-0.0147,0.0082,-0.0140,0.0000,0.0000,0.0000,0.0000,2.7090,2.7090,0.0000,-2.6950,0.0000,0.0000
241.2590,34.5690,0,42,WKPK_GPS,-24.9690,21.3940,0.1530,0.1470,1,0,1,0,0,0,0.0000,-2521213.0173,-4597276.8114,3612877.2886,43,-25.8397,23.6114,-0.8707,2.2174,-30.5388,25.9939,-4.6844,2.3747,-0.0147,0.0078,-0.0131,0.0000,0.0000,0.0000,0.0000,0.5885,0.5885,0.0000,-0.5754,0.0000,0.0000
241.7550,34.6290,0,28,QHTP_GPS,-19.1310,19.3530,0.3430,0.3490,1,0,1,0,0,0,0.0000,-2479529.3609,-4615594.5514,3618366.0051,29,-18.4778,19.0495,0.6532,-0.3035,-12.4447,15.1388,6.0492,-3.9187,-0.0162,0.0080,-0.0122,0.0000,0.0000,0.0000,0.0000,0.6950,0.6950,0.0000,-0.6828,0.0000,0.0000
239.3940,34.8940,0,41,LOSP_GPS,-30.6860,35.2880,0.2890,0.2870,1,0,1,0,0,0,0.0000,-2659017.4950,-4495078.6374,3642560.2900,42,-30.4204,33.8997,0.2656,-1.3883,-32.0204,33.1387,-1.5894,-0.7691,-0.0107,0.0081,-0.0173,0.0000,0.0000,0.0000,0.0000,0.5184,0.5184,0.0000,-0.5011,0.0000,0.0000
239.7430,34.7980,0,41,LAMO_GPS,-31.0310,34.8140,0.3760,0.3460,1,0,1,0,0,0,0.0000,-2634659.4833,-4516457.1758,3633804.5417,42,-30.5469,32.3744,0.4841,-2.4396,-32.2005,32.3730,-1.6422,-0.0095,-0.0114,0.0080,-0.0164,0.0000,0.0000,0.0000,0.0000,0.4388,0.4388,0.0000,-0.4224,0.0000,0.0000
239.7000,34.9600,0,41,7HLI_GPS,-29.1060,34.1760,0.4560,0.4270,1,0,1,0,0,0,0.0000,-2632854.0777,-4505589.7612,3648573.9365,42,-29.7254,31.9057,-0.6194,-2.2703,-31.7179,32.4674,-1.9804,0.5532,-0.0122,0.0085,-0.0168,0.0000,0.0000,0.0000,0.0000,0.3083,0.3083,0.0000,-0.2914,0.0000,0.0000
240.2860,34.8230,0,41,SALI_GPS,-28.4090,29.7220,0.2650,0.2750,1,0,1,0,0,0,0.0000,-2590952.5644,-4539845.5135,3636085.6679,42,-28.9604,27.9190,-0.5514,-1.8030,-31.9520,31.1792,-2.9782,3.2519,-0.0134,0.0083,-0.0153,0.0000,0.0000,0.0000,0.0000,0.5315,0.5315,0.0000,-0.5162,0.0000,0.0000
240.1620,35.0030,0,41,0504_GPS,-27.2960,28.7470,0.2920,0.2990,1,0,1,0,0,0,0.0000,-2595075.2790,-4524296.3616,3652489.3143,42,-27.2677,27.4054,0.0283,-1.3416,-31.4382,31.4521,-4.1565,4.0378,-0.0141,0.0088,-0.0159,0.0000,0.0000,0.0000,0.0000,0.3843,0.3843,0.0000,-0.3684,0.0000,0.0000
240.2400,35.0360,0,41,LGO7_GPS,-25.7990,25.9040,0.2650,0.2750,1,0,1,0,0,0,0.0000,-2587869.0642,-4525998.0079,3655492.7439,42,-25.8783,25.7204,-0.0793,-0.1836,-31.3124,31.2805,-5.4196,5.5511,-0.0145,0.0090,-0.0158,0.0000,0.0000,0.0000,0.0000,0.5107,0.5107,0.0000,-0.4949,0.0000,0.0000
239.9330,35.0760,0,41,MADC_GPS,-27.4000,30.6960,0.2800,0.2780,1,0,1,0,0,0,0.0000,-2610803.5970,-4509857.1694,3659131.6389,42,-27.9515,29.4052,-0.5515,-1.2908,-31.2869,31.9556,-3.3217,2.5415,-0.0137,0.0090,-0.0166,0.0000,0.0000,0.0000,0.0000,0.2391,0.2391,0.0000,-0.2226,0.0000,0.0000
240.5160,34.8520,0,41,YAM2_GPS,-25.2370,25.1030,0.3100,0.2930,1,0,1,0,0,0,0.0000,-2571801.4971,-4548607.0294,3638730.9069,42,-27.3056,24.5372,-2.0686,-0.5658,-31.7920,30.6727,-4.4721,6.1271,-0.0143,0.0085,-0.0149,0.0000,0.0000,0.0000,0.0000,1.5410,1.5410,0.0000,-1.5261,0.0000,0.0000
241.1070,34.8000,0,26,FZHS_GPS,-20.9070,19.9990,0.3010,0.3080,1,0,1,0,0,0,0.0000,-2526341.7084,-4577781.8975,3633987.0573,27,-20.6838,19.0203,0.2232,-0.9787,-28.0338,23.9432,-7.3344,4.9144,-0.0156,0.0084,-0.0136,0.0000,0.0000,0.0000,0.0000,3.6569,3.6569,0.0000,-3.6433,0.0000,0.0000
240.5110,34.9280,0,41,CUYA_GPS,-23.6160,23.3730,0.3580,0.3400,1,0,1,0,0,0,0.0000,-2569820.2432,-4544177.2689,3645658.8332,42,-25.1465,23.2591,-1.5305,-0.1139,-31.5601,30.6838,-6.3989,7.4159,-0.0147,0.0087,-0.0150,0.0000,0.0000,0.0000,0.0000,1.5588,1.5588,0.0000,-1.5437,0.0000,0.0000
240.5680,34.9600,0,41,PATW_GPS,-21.1490,21.1910,0.2680,0.2720,1,0,1,0,0,0,0.0000,-2564297.3240,-4544957.5274,3648573.9365,42,-23.0383,21.5452,-1.8893,0.3542,-31.4443,30.5582,-8.3910,9.0042,-0.0151,0.0088,-0.0150,0.0000,0.0000,0.0000,0.0000,1.8034,1.8034,0.0000,-1.7885,0.0000,0.0000
240.8210,35.0020,0,1,J976_GPS,-15.3540,17.6300,0.3190,0.3280,1,0,1,0,0,0,0.0000,-2542898.6679,-4553899.9345,3652398.2823,1,-17.4318,17.0306,-2.0778,-0.5994,-9.6244,8.0616,7.8236,-8.9779,-0.0161,0.0090,-0.0145,0.0000,0.0000,0.0000,0.0000,1.7584,1.7584,0.0000,-1.7439,0.0000,0.0000
241.5130,35.0330,0,27,DBL1_GPS,-14.1940,14.8730,0.3310,0.3580,1,0,1,0,0,0,0.0000,-2486771.1002,-4582541.8165,3655219.7550,28,-13.1103,14.2569,1.0837,-0.6161,-10.2852,8.6940,2.8433,-5.5719,-0.0181,0.0091,-0.0131,0.0000,0.0000,0.0000,0.0000,2.0677,2.0677,0.0000,-2.0547,0.0000,0.0000
240.7730,35.2670,0,1,0616_GPS,-12.7800,11.8020,0.2890,0.2960,1,0,1,0,0,0,0.0000,-2538437.3729,-4536977.1667,3676482.7422,1,-13.4771,13.2466,-0.6971,1.4446,-9.6761,8.0499,3.8189,-5.2066,-0.0178,0.0098,-0.0149,0.0000,0.0000,0.0000,0.0000,0.3703,0.3703,0.0000,-0.3553,0.0000,0.0000
241.0680,35.2230,0,1,WEED_GPS,-12.8500,11.2410,0.3460,0.3730,1,0,1,0,0,0,0.0000,-2516409.3062,-4552456.3058,3672489.2442,1,-12.9661,12.4640,-0.1161,1.2230,-9.6441,8.1219,3.3403,-4.3518,-0.0184,0.0097,-0.0142,0.0000,0.0000,0.0000,0.0000,0.5922,0.5922,0.0000,-0.5780,0.0000,0.0000
241.3400,35.0890,0,27,JACK_GPS,-13.5840,14.7000,0.3640,0.3910,1,0,1,0,0,0,0.0000,-2498881.7292,-4571875.2989,3660313.8958,28,-13.4790,13.8145,0.1050,-0.8855,-10.3916,8.4447,3.1056,-5.3791,-0.0181,0.0092,-0.0135,0.0000,0.0000,0.0000,0.0000,0.8777,0.8777,0.0000,-0.8642,0.0000,0.0000
241.3300,35.1380,0,27,RSPG_GPS,-13.9510,13.4400,0.2950,0.3220,1,0,1,0,0,0,0.0000,-2498176.8941,-4568690.8666,3664768.4010,28,-13.2605,13.3723,0.6905,-0.0677,-10.4725,8.4303,2.8064,-4.9514,-0.0184,0.0094,-0.0135,0.0000,0.0000,0.0000,0.0000,0.2377,0.2377,0.0000,-0.2241,0.0000,0.0000
241.8430,35.0870,0,28,PORT_GPS,-10.6190,14.4000,0.2890,0.2990,1,0,1,0,0,0,0.0000,-2458709.7199,-4593749.1827,3660132.0224,29,-11.8418,13.9240,-1.2228,-0.4760,-12.0261,15.0856,-0.1650,1.1525,-0.0193,0.0092,-0.0124,0.0000,0.0000,0.0000,0.0000,1.3541,1.3541,0.0000,-1.3417,0.0000,0.0000
241.5910,35.1340,0,27,SUMT_GPS,-10.1990,13.5500,0.3220,0.3610,1,0,1,0,0,0,0.0000,-2477460.9637,-4580248.4208,3664404.8683,28,-12.6448,13.5365,-2.4458,-0.0135,-10.4433,8.8064,2.2205,-4.7395,-0.0190,0.0093,-0.0130,0.0000,0.0000,0.0000,0.0000,1.4293,1.4293,0.0000,-1.4163,0.0000,0.0000
241.7050,35.1210,0,27,PAJA_GPS,-11.3360,14.0250,0.3610,0.3940,1,0,1,0,0,0,0.0000,-2468736.9008,-4585900.6635,3663223.2639,28,-12.2206,13.5993,-0.8846,-0.4257,-10.4119,8.9706,1.8278,-4.6379,-0.0192,0.0093,-0.0127,0.0000,0.0000,0.0000,0.0000,1.8321,1.8321,0.0000,-1.8193,0.0000,0.0000
241.3750,35.2740,0,1,0617_GPS,-12.2950,12.7780,0.2860,0.3050,1,0,1,0,0,0,0.0000,-2490413.4490,-4563003.0104,3677117.8716,1,-12.6416,12.2749,-0.3466,-0.5031,-9.6280,8.1966,3.0331,-4.0881,-0.0195,0.0098,-0.0136,0.0000,0.0000,0.0000,0.0000,1.5807,1.5807,0.0000,-1.5671,0.0000,0.0000
238.7160,35.6650,0,30,BLAN_GPS,-29.3950,37.5770,0.2980,0.3020,1,0,1,0,0,0,0.0000,-2686323.9875,-4421007.4655,3712506.9542,31,-29.5659,36.4959,-0.1709,-1.0811,-31.4215,38.9656,-1.8433,2.4592,-0.0123,0.0105,-0.0211,0.0000,0.0000,0.0000,0.0000,0.6305,0.6305,0.0000,-0.6094,0.0000,0.0000
238.5160,35.9920,0,41,0509_GPS,-29.5390,36.3750,0.3100,0.3080,1,0,1,0,0,0,0.0000,-2690630.1603,-4393462.8288,3741970.7607,42,-29.0716,36.0274,0.4674,-0.3476,-28.9591,35.0596,0.1263,-0.9798,-0.0137,0.0120,-0.0229,0.0000,0.0000,0.0000,0.0000,0.2432,0.2432,0.0000,-0.2203,0.0000,0.0000
239.1680,35.3590,0,41,BLHL_GPS,-28.8120,36.1080,0.2450,0.2570,1,0,1,0,0,0,0.0000,-2661488.0601,-4459023.6352,3684825.7745,42,-28.6213,34.6089,0.1907,-1.4991,-30.6715,33.6339,-2.0377,-0.9846,-0.0124,0.0096,-0.0190,0.0000,0.0000,0.0000,0.0000,0.5678,0.5678,0.0000,-0.5487,0.0000,0.0000
239.3020,35.3860,0,41,TESS_GPS,-27.4480,34.9420,0.2740,0.2870,1,0,1,0,0,0,0.0000,-2650165.5227,-4463742.3638,3687272.4708,42,-28.0102,33.8361,-0.5622,-1.1059,-30.5434,33.3404,-2.5199,-0.5056,-0.0132,0.0098,-0.0188,0.0000,0.0000,0.0000,0.0000,0.4663,0.4663,0.0000,-0.4476,0.0000,0.0000
239.7010,35.3460,0,41,POZO_GPS,-25.7400,30.5560,0.3400,0.3220,1,0,1,0,0,0,0.0000,-2620314.6991,-4484310.8557,3683647.4436,42,-26.5743,30.3547,-0.8343,-0.2013,-30.5335,32.4652,-3.9445,2.1006,-0.0146,0.0099,-0.0177,0.0000,0.0000,0.0000,0.0000,0.2355,0.2355,0.0000,-0.2178,0.0000,0.0000
239.4270,35.4560,0,41,BARR_GPS,-27.4320,33.7070,0.2590,0.2720,1,0,1,0,0,0,0.0000,-2638127.5490,-4465631.5692,3693611.9429,42,-26.9728,33.1996,0.4592,-0.5074,-30.2867,33.0664,-3.2996,-0.1434,-0.0143,0.0102,-0.0186,0.0000,0.0000,0.0000,0.0000,0.3825,0.3825,0.0000,-0.3638,0.0000,0.0000
239.5470,35.5520,0,41,ALMO_GPS,-25.4190,32.0820,0.2510,0.2600,1,0,1,0,0,0,0.0000,-2625628.6538,-4465805.8343,3702297.1091,42,-25.1332,32.4787,0.2858,0.3967,-29.9520,32.8032,-4.8033,0.3138,-0.0155,0.0107,-0.0185,0.0000,0.0000,0.0000,0.0000,0.1252,0.1252,0.0000,-0.1067,0.0000,0.0000
239.7070,35.5830,0,41,L623_GPS,-24.1550,29.5260,0.4240,0.3080,1,0,1,0,0,0,0.0000,-2612136.7416,-4471390.2742,3705099.4752,42,-23.0052,28.7039,1.1498,-0.8221,-29.8038,32.4520,-6.7821,3.7373,-0.0165,0.0109,-0.0182,0.0000,0.0000,0.0000,0.0000,-0.1666,-0.1666,0.0000,0.1848,0.0000,0.0000
240.2340,35.4140,0,1,GOUD_GPS,-13.7550,16.6840,0.4150,0.3550,1,0,1,0,0,0,0.0000,-2576313.8955,-4504694.0299,3689808.9206,1,-16.4047,16.7376,-2.6497,0.0536,-9.7460,7.9177,6.6758,-8.8302,-0.0172,0.0103,-0.0165,0.0000,0.0000,0.0000,0.0000,-0.0444,-0.0444,0.0000,0.0608,0.0000,0.0000
239.8870,35.5200,0,41,POSO_GPS,-20.8270,25.4780,0.2830,0.2750,1,0,1,0,0,0,0.0000,-2600118.9557,-4483095.8931,3699403.2074,42,-20.6073,22.9231,0.2197,-2.5549,-29.9384,32.0567,-9.3144,9.1229,-0.0167,0.0107,-0.0176,0.0000,0.0000,0.0000,0.0000,-0.0756,-0.0756,0.0000,0.0932,0.0000,0.0000
239.9990,35.5750,0,1,C616_GPS,-16.3650,19.3040,0.2860,0.2750,1,0,1,0,0,0,0.0000,-2589573.7444,-4485092.5143,3704376.3877,1,-16.4392,17.8747,-0.0742,-1.4293,-9.7939,7.8599,6.6629,-10.0257,-0.0176,0.0109,-0.0174,0.0000,0.0000,0.0000,0.0000,-0.1583,-0.1583,0.0000,0.1757,0.0000,0.0000
239.6540,35.6070,0,41,H623_GPS,-24.8470,30.5780,0.3250,0.3020,1,0,1,0,0,0,0.0000,-2615487.4429,-4467632.3281,3707268.3040,42,-23.2015,30.7493,1.6455,0.1713,-29.7476,32.5684,-6.5296,1.8081,-0.0164,0.0109,-0.0184,0.0000,0.0000,0.0000,0.0000,-0.3134,-0.3134,0.0000,0.3318,0.0000,0.0000
239.7390,35.6050,0,41,REDH_GPS,-23.4090,27.3940,0.2480,0.2570,1,0,1,0,0,0,0.0000,-2608921.9135,-4471619.3362,3707087.5931,42,-21.9433,26.9300,1.4657,-0.4640,-29.7256,32.3818,-7.7656,5.4408,-0.0168,0.0110,-0.0181,0.0000,0.0000,0.0000,0.0000,-0.2027,-0.2027,0.0000,0.2208,0.0000,0.0000
240.1460,35.6030,0,1,P807_GPS,-12.6310,15.5180,0.2740,0.2660,1,0,1,0,0,0,0.0000,-2577156.6684,-4490151.0407,3706906.8777,1,-13.7498,14.5947,-1.1188,-0.9233,-9.7872,7.8961,3.9810,-6.7097,-0.0184,0.0111,-0.0170,0.0000,0.0000,0.0000,0.0000,-0.2068,-0.2068,0.0000,0.2238,0.0000,0.0000
240.6060,35.3980,0,1,FIBR_GPS,-13.5900,13.0590,0.2620,0.2630,1,0,1,0,0,0,0.0000,-2547518.1402,-4522223.5722,3688359.6286,1,-13.1447,12.9886,0.4453,-0.0704,-9.7132,8.0090,3.4498,-4.9899,-0.0183,0.0103,-0.0155,0.0000,0.0000,0.0000,0.0000,0.1087,0.1087,0.0000,-0.0932,0.0000,0.0000
239.9530,35.8890,0,1,TAR0_GPS,-8.6860,16.0160,0.2800,0.2780,1,0,1,0,0,0,0.0000,-2582969.8534,-4465371.7535,3732703.2164,1,-9.6435,13.1773,-0.9575,-2.8387,-9.8542,7.8486,-0.1904,-5.3412,-0.0203,0.0124,-0.0181,0.0000,0.0000,0.0000,0.0000,-0.1564,-0.1564,0.0000,0.1745,0.0000,0.0000
240.7120,36.2890,0,1,0609_GPS,-10.8360,11.8150,0.2980,0.3050,1,0,1,0,0,0,0.0000,-2510782.4106,-4476358.1433,3768625.8664,1,-9.9246,9.5988,0.9114,-2.2162,-9.8636,8.0349,0.0885,-1.5780,-0.0275,0.0142,-0.0164,0.0000,0.0000,0.0000,0.0000,-0.2338,-0.2338,0.0000,0.2502,0.0000,0.0000
241.9740,34.3330,0,26,CHIL_GPS,-24.4060,22.6850,0.2510,0.2630,1,0,1,0,0,0,0.0000,-2470619.7186,-4641477.5053,3591249.9545,27,-24.5079,22.0702,-0.1019,-0.6148,-28.1599,23.6791,-3.6371,1.6016,-0.0150,0.0073,-0.0116,0.0000,0.0000,0.0000,0.0000,-0.2657,-0.2657,0.0000,0.2773,0.0000,0.0000
242.3950,34.3620,0,28,CUTT_GPS,-17.3200,22.0480,0.5490,0.4780,1,0,1,0,0,0,0.0000,-2435605.9308,-4657894.3820,3593910.8416,29,-17.9418,18.9487,-0.6218,-3.0993,-12.5864,14.7513,5.3713,-4.2047,-0.0159,0.0074,-0.0109,0.0000,0.0000,0.0000,0.0000,-0.1527,-0.1527,0.0000,0.1636,0.0000,0.0000
242.5490,34.3470,0,28,CAJO_GLA,-17.7180,18.7520,0.2710,0.2810,1,0,1,0,0,0,0.0000,-2423511.2815,-4665258.7733,3592534.6356,29,-16.2030,17.4365,1.5150,-1.3155,-12.5774,14.6578,3.6418,-2.7859,-0.0161,0.0073,-0.0106,0.0000,0.0000,0.0000,0.0000,-0.6694,-0.6694,0.0000,0.6800,0.0000,0.0000
242.1400,34.4130,0,26,DVPB_GPS,-22.1890,20.5980,0.3310,0.3400,1,0,1,0,0,0,0.0000,-2454816.2084,-4644178.3492,3598588.0989,27,-20.6067,20.2844,1.5823,-0.3136,-28.0645,23.6279,-7.4421,3.3361,-0.0157,0.0075,-0.0114,0.0000,0.0000,0.0000,0.0000,0.3565,0.3565,0.0000,-0.3451,0.0000,0.0000
242.2350,34.4930,0,28,0705_GLA,-15.7800,18.1750,0.4030,0.3130,1,0,1,0,0,0,0.0000,-2444769.4336,-4643791.5976,3605919.2276,29,-16.6681,18.1689,-0.8881,-0.0061,-12.4938,14.8484,4.1907,-3.3282,-0.0164,0.0076,-0.0113,0.0000,0.0000,0.0000,0.0000,0.3158,0.3158,0.0000,-0.3046,0.0000,0.0000
242.7080,34.2810,0,25,MILU_GLA,-17.7300,19.0460,0.2830,0.2930,1,0,1,0,0,0,0.0000,-2412451.4479,-4675640.7547,3586476.4053,25,-16.0509,16.4747,1.6791,-2.5713,-14.3502,7.9726,1.7168,-8.5094,-0.0161,0.0072,-0.0104,0.0000,0.0000,0.0000,0.0000,-0.2499,-0.2499,0.0000,0.2602,0.0000,0.0000
242.9320,34.4540,0,28,PT65_GLA,-15.4500,15.0680,0.3550,0.2960,1,0,1,0,0,0,0.0000,-2389214.8128,-4675372.2892,3602346.1796,29,-12.7433,13.7501,2.7067,-1.3179,-12.4276,14.4248,0.3331,0.6672,-0.0173,0.0075,-0.0101,0.0000,0.0000,0.0000,0.0000,-0.2823,-0.2823,0.0000,0.2923,0.0000,0.0000
241.8790,34.5020,0,26,VNPS_GPS,-22.2680,20.5480,0.3340,0.3430,1,0,1,0,0,0,0.0000,-2473308.6596,-4628012.1838,3606743.5399,27,-21.3234,20.5083,0.9446,-0.0397,-28.0623,23.7083,-6.7233,3.1924,-0.0157,0.0077,-0.0119,0.0000,0.0000,0.0000,0.0000,0.4980,0.4980,0.0000,-0.4861,0.0000,0.0000
242.5690,34.6350,0,28,DIP0_GPS,-14.0710,14.9320,0.5250,0.5400,1,0,1,0,0,0,0.0000,-2413533.1075,-4650017.8596,3618914.6586,29,-12.9193,15.1711,1.1517,0.2391,-12.3192,14.6457,0.6179,-0.5334,-0.0178,0.0079,-0.0108,0.0000,0.0000,0.0000,0.0000,0.0528,0.0528,0.0000,-0.0420,0.0000,0.0000
242.7580,34.5370,0,28,0817_GPS,-14.4130,14.7740,0.2980,0.3130,1,0,1,0,0,0,0.0000,-2401011.0231,-4663450.4842,3609948.3528,29,-12.8762,14.5723,1.5368,-0.2017,-12.3788,14.5308,0.5149,-0.0492,-0.0175,0.0077,-0.0104,0.0000,0.0000,0.0000,0.0000,-0.1189,-0.1189,0.0000,0.1293,0.0000,0.0000
242.7700,34.6300,0,28,ITER_GPS,-12.9280,14.0040,0.3340,0.3490,1,0,1,0,0,0,0.0000,-2397350.0009,-4658736.9658,3618457.4501,29,-12.4574,14.3170,0.4706,0.3130,-12.2945,14.5235,0.1810,0.1986,-0.0181,0.0079,-0.0104,0.0000,0.0000,0.0000,0.0000,0.0018,0.0018,0.0000,0.0086,0.0000,0.0000
242.7030,34.7490,0,28,SUNH_GPS,-15.2840,13.0860,0.5130,0.5140,1,0,1,0,0,0,0.0000,-2399344.4196,-4649241.9250,3629331.5280,29,-12.1488,14.2500,3.1352,1.1640,-12.1986,14.5642,-0.0311,0.3061,-0.0187,0.0081,-0.0106,0.0000,0.0000,0.0000,0.0000,0.0971,0.0971,0.0000,-0.0864,0.0000,0.0000
243.3020,34.3910,0,28,OLDD_GPS,-11.7070,16.0340,0.3730,0.3910,1,0,1,0,0,0,0.0000,-2360751.1648,-4694239.4297,3596570.8079,29,-11.5845,13.2633,0.1225,-2.7707,-12.4313,14.1991,-0.8293,0.9285,-0.0175,0.0073,-0.0095,0.0000,0.0000,0.0000,0.0000,-0.2085,-0.2085,0.0000,0.2180,0.0000,0.0000
243.3350,34.4540,0,28,LAW4_GPS,-8.7310,15.3420,0.3910,0.4180,1,0,1,0,0,0,0.0000,-2356270.9258,-4692061.4646,3602346.1796,29,-11.1871,12.7034,-2.4561,-2.6386,-12.3707,14.1789,-1.1656,1.4682,-0.0179,0.0074,-0.0095,0.0000,0.0000,0.0000,0.0000,-0.1202,-0.1202,0.0000,0.1296,0.0000,0.0000
243.6710,34.7340,0,37,LAE4_GPS,-2.6250,2.2900,0.4240,0.4300,1,0,1,0,0,0,0.0000,-2320879.1232,-4689964.3290,3627961.7073,38,-4.7506,3.5006,-2.1256,1.2106,-2.3113,0.4492,2.4592,-3.0591,-0.0199,0.0078,-0.0090,0.0000,0.0000,0.0000,0.0000,-0.6833,-0.6833,0.0000,0.6924,0.0000,0.0000
244.2570,34.5590,0,14,AMBO_GPS,-2.1680,-0.4120,0.3160,0.3220,1,0,1,0,0,0,0.0000,-2277593.6067,-4723414.9181,3611962.1172,11,-2.0125,1.0326,0.1555,1.4446,-0.5583,-0.1409,1.4737,-1.1808,-0.0196,0.0073,-0.0081,0.0000,0.0000,0.0000,0.0000,-0.1176,-0.1176,0.0000,0.1257,0.0000,0.0000
244.0670,34.7280,0,14,0808_GPS,-3.6970,0.2550,0.3100,0.3250,1,0,1,0,0,0,0.0000,-2288575.3758,-4706234.5874,3627413.7094,11,-2.1452,1.1981,1.5518,0.9431,-0.5497,-0.1342,1.6158,-1.3400,-0.0203,0.0076,-0.0084,0.0000,0.0000,0.0000,0.0000,-0.1454,-0.1454,0.0000,0.1538,0.0000,0.0000
242.4710,35.0070,0,28,0805_GPS,-8.9080,13.7750,0.5850,0.4420,1,0,1,0,0,0,0.0000,-2410572.1971,-4624949.1842,3652853.4309,29,-11.3169,13.8051,-2.4089,0.0301,-12.0033,14.7052,-0.6665,0.8913,-0.0199,0.0088,-0.0112,0.0000,0.0000,0.0000,0.0000,0.3333,0.3333,0.0000,-0.3221,0.0000,0.0000
242.8300,34.8340,0,28,HODG_GPS,-11.7150,13.7620,0.4740,0.5170,1,0,1,0,0,0,0.0000,-2386571.9354,-4649753.5866,3637089.1441,29,-11.2996,13.2111,0.4154,-0.5509,-12.1047,14.4869,-0.7857,1.2676,-0.0194,0.0083,-0.0104,0.0000,0.0000,0.0000,0.0000,0.2942,0.2942,0.0000,-0.2838,0.0000,0.0000
243.0190,34.9040,0,35,SOAP_GPS,-10.5210,11.5440,0.2650,0.2720,1,0,1,0,0,0,0.0000,-2369203.1832,-4653637.4243,3643471.7594,37,-9.3732,11.3096,1.1478,-0.2344,-8.9861,10.7286,0.4072,-0.5893,-0.0201,0.0084,-0.0101,0.0000,0.0000,0.0000,0.0000,0.2463,0.2463,0.0000,-0.2362,0.0000,0.0000
243.5790,34.7850,0,37,HECT_GPS,-5.3480,3.2130,0.2980,0.3080,1,0,1,0,0,0,0.0000,-2326968.9687,-4683337.7783,3632618.0827,38,-5.4738,4.6167,-0.1258,1.4037,-2.3960,0.3220,3.0979,-4.3026,-0.0201,0.0079,-0.0092,0.0000,0.0000,0.0000,0.0000,-0.7230,-0.7230,0.0000,0.7322,0.0000,0.0000
244.6730,34.8060,0,14,0809_GPS,-1.4340,0.6320,0.4620,0.3760,1,0,1,0,0,0,0.0000,-2236557.3306,-4725708.5367,3634534.5774,11,-1.3457,0.5748,0.0883,-0.0572,-0.5468,-0.1554,0.8203,-0.7377,-0.0213,0.0075,-0.0076,0.0000,0.0000,0.0000,0.0000,-0.0166,-0.0166,0.0000,0.0241,0.0000,0.0000
243.5850,35.0720,0,37,0803_GPS,-6.1810,2.0630,0.3250,0.3400,1,0,1,0,0,0,0.0000,-2318354.4593,-4667226.3746,3658767.8296,38,-3.7827,2.3258,2.3983,0.2628,-2.8707,0.3303,0.9340,-2.0040,-0.0220,0.0085,-0.0092,0.0000,0.0000,0.0000,0.0000,-0.2965,-0.2965,0.0000,0.3057,0.0000,0.0000
245.3960,34.8070,0,14,NEED_GPS,-2.7140,1.2860,0.3310,0.2930,1,0,1,0,0,0,0.0000,-2176721.9960,-4753496.3881,3634625.8269,11,-1.1007,0.3386,1.6133,-0.9474,-0.5479,-0.1808,0.5745,-0.5265,-0.0218,0.0072,-0.0066,0.0000,0.0000,0.0000,0.0000,0.0004,0.0004,0.0000,0.0062,0.0000,0.0000
242.3860,35.3660,0,35,0806_GPS,-7.9980,11.5290,0.4030,0.3430,1,0,1,0,0,0,0.0000,-2406774.6252,-4600996.6979,3685460.1817,37,-8.9111,11.7024,-0.9131,0.1734,-8.0665,11.7850,0.8670,0.0728,-0.0224,0.0097,-0.0115,0.0000,0.0000,0.0000,0.0000,0.2580,0.2580,0.0000,-0.2465,0.0000,0.0000
242.2940,35.5130,0,39,PAOS_GPS,-9.0850,11.2620,0.4120,0.4060,1,0,1,0,0,0,0.0000,-2409755.2023,-4588739.6659,3698770.0125,40,-9.5529,11.2819,-0.4679,0.0199,-8.4531,12.9250,1.1232,1.6329,-0.0234,0.0102,-0.0118,0.0000,0.0000,0.0000,0.0000,0.4165,0.4165,0.0000,-0.4047,0.0000,0.0000
243.1090,35.3320,0,36,MOJ1_GPS,-5.0070,7.3750,0.1180,0.1180,1,0,1,0,0,0,0.0000,-2349514.5660,-4632949.7210,3682378.2599,36,-6.7368,7.3004,-1.7298,-0.0746,-8.2360,9.9030,-1.4759,2.5934,-0.0232,0.0093,-0.0101,0.0000,0.0000,0.0000,0.0000,0.3186,0.3186,0.0000,-0.3085,0.0000,0.0000
243.1120,35.3310,0,36,MOJM_GPS,-5.0070,7.3750,0.1180,0.1180,1,0,1,0,0,0,0.0000,-2349301.0476,-4633130.0558,3682287.5955,36,-6.7139,7.2544,-1.7069,-0.1206,-8.2381,9.8973,-1.5010,2.6336,-0.0232,0.0093,-0.0101,0.0000,0.0000,0.0000,0.0000,0.3223,0.3223,0.0000,-0.3122,0.0000,0.0000
242.1880,35.6470,0,39,INYO_GPS,-9.4950,11.4160,0.2770,0.2810,1,0,1,0,0,0,0.0000,-2414197.7927,-4576609.9276,3710881.5731,40,-10.5014,11.0422,-1.0064,-0.3738,-10.4711,11.6250,0.0547,0.5722,-0.0243,0.0106,-0.0120,0.0000,0.0000,0.0000,0.0000,-0.0211,-0.0211,0.0000,0.0331,0.0000,0.0000
244.5770,35.5410,0,14,0801_GPS,-1.8920,1.6260,0.3640,0.4570,1,0,1,0,0,0,0.0000,-2224272.3019,-4679457.6912,3701302.4606,11,-1.4266,0.4055,0.4654,-1.2205,-0.5103,-0.1521,0.9422,-0.5663,-0.0260,0.0087,-0.0076,0.0000,0.0000,0.0000,0.0000,-0.0296,-0.0296,0.0000,0.0372,0.0000,0.0000
243.7000,35.8670,0,21,0915_GPS,-3.5370,2.5580,0.3130,0.3250,1,0,1,0,0,0,0.0000,-2286267.2443,-4625910.2446,3730722.1764,21,-3.4819,0.3922,0.0551,-2.1658,-3.4002,-0.5671,0.1098,-0.9694,-0.0280,0.0100,-0.0090,0.0000,0.0000,0.0000,0.0000,0.0050,0.0050,0.0000,0.0040,0.0000,0.0000
242.6710,35.9780,0,38,0914_GPS,-6.2770,5.7780,0.2800,0.2750,1,0,1,0,0,0,0.0000,-2365650.2057,-4577676.8962,3740711.8039,39,-6.6933,6.1783,-0.4163,0.4003,-8.0711,5.5061,-1.3497,-0.6834,-0.0281,0.0112,-0.0111,0.0000,0.0000,0.0000,0.0000,-0.5279,-0.5279,0.0000,0.5389,0.0000,0.0000
243.5840,36.3040,0,21,0912_GPS,-2.6030,2.0230,0.2770,0.3080,1,0,1,0,0,0,0.0000,-2282902.4279,-4595654.3236,3769969.4036,21,-3.6112,0.3552,-1.0082,-1.6678,-3.3742,-0.5657,0.2691,-0.9320,-0.0320,0.0111,-0.0091,0.0000,0.0000,0.0000,0.0000,0.0148,0.0148,0.0000,-0.0056,0.0000,0.0000
239.6460,36.5010,0,1,0607_GPS,-7.6270,10.4780,0.3700,0.3130,1,0,1,0,0,0,0.0000,-2586562.2834,-4416809.3853,3787590.5098,1,-10.3229,9.1238,-2.6959,-1.3542,-9.9886,7.7728,0.3604,-1.3671,-0.0260,0.0161,-0.0203,0.0000,0.0000,0.0000,0.0000,-0.0767,-0.0767,0.0000,0.0971,0.0000,0.0000
240.8820,36.7380,0,1,0605_GPS,-9.3740,11.5980,0.3280,0.3080,1,0,1,0,0,0,0.0000,-2483042.1954,-4457850.1054,3808730.1499,1,-9.8276,9.0080,-0.4536,-2.5900,-9.9285,8.0765,-0.0668,-0.9479,-0.0342,0.0164,-0.0162,0.0000,0.0000,0.0000,0.0000,-0.1537,-0.1537,0.0000,0.1699,0.0000,0.0000
241.8150,36.7810,0,40,INDE_GPS,-6.6080,8.5910,0.3640,0.3020,1,0,1,0,0,0,0.0000,-2408774.1509,-4495170.2061,3812558.6382,41,-7.7916,7.6633,-1.1836,-0.9277,-10.3552,5.8209,-2.5272,-1.8575,-0.0364,0.0151,-0.0133,0.0000,0.0000,0.0000,0.0000,-0.6833,-0.6833,0.0000,0.6966,0.0000,0.0000
243.8510,36.9940,0,21,MN71_GPS,-1.6870,0.4530,0.3100,0.3080,1,0,1,0,0,0,0.0000,-2241289.8457,-4565155.6020,3831491.3048,21,-3.4893,0.0231,-1.8023,-0.4299,-3.3353,-0.5690,0.1933,-0.6043,-0.0393,0.0123,-0.0083,0.0000,0.0000,0.0000,0.0000,-0.0053,-0.0053,0.0000,0.0135,0.0000,0.0000
279.6160,25.6140,0,14,RICM_GPS,-0.3350,0.4120,0.1020,0.1000,1,0,1,0,0,0,0.0000,959116.3832,-5661022.1487,2752685.1359,11,-1.2167,-1.2884,-0.8817,-1.7004,-1.1858,-1.2768,0.0356,0.0114,-0.0046,0.0001,0.0005,0.0000,0.0000,0.0000,0.0000,0.0144,0.0144,0.0000,-0.0149,0.0000,0.0000
288.8400,44.0990,0,14,BARN_GPS,0.4840,0.1540,0.2680,0.2390,1,0,1,0,0,0,0.0000,1476648.2126,-4327719.6649,4431106.4104,11,-0.5233,-1.5058,-1.0073,-1.6598,-0.5537,-1.5097,-0.0232,-0.0016,-0.0072,-0.0024,0.0014,0.0000,0.0000,0.0000,0.0000,0.0124,0.0124,0.0000,-0.0138,0.0000,0.0000
282.9340,38.9190,0,14,USNO_GPS,-0.4600,0.2370,0.1490,0.1490,1,0,1,0,0,0,0.0000,1108867.4743,-4828401.3660,4000163.0760,11,-0.6648,-1.3663,-0.2048,-1.6033,-0.6741,-1.3647,-0.0013,0.0031,-0.0080,-0.0015,0.0014,0.0000,0.0000,0.0000,0.0000,0.0125,0.0125,0.0000,-0.0139,0.0000,0.0000
255.4750,38.8030,0,14,AMC2_GPS,-1.5360,-0.1890,0.1790,0.1490,1,0,1,0,0,0,0.0000,-1244527.3375,-4803582.6553,3990124.9155,11,-0.4255,-0.4840,1.1105,-0.2950,-0.3891,-0.5288,0.0669,-0.0463,-0.0305,0.0014,0.0024,0.0000,0.0000,0.0000,0.0000,0.0003,0.0003,0.0000,-0.0027,0.0000,0.0000
241.1790,37.6590,0,40,HOTK_GPS,-3.2350,6.3310,0.5070,0.5080,1,0,1,0,0,0,0.0000,-2430070.3321,-4416446.4305,3890258.4193,41,-7.9909,7.9204,-4.7559,1.5894,-6.1415,8.2233,1.9011,0.2818,-0.0518,0.0211,-0.0152,0.0000,0.0000,0.0000,0.0000,-0.7742,-0.7742,0.0000,0.7894,0.0000,0.0000
241.1200,37.7130,0,40,KRAC_GPS,-5.8310,11.3490,0.5070,0.5370,1,0,1,0,0,0,0.0000,-2432844.9465,-4410729.2851,3895007.5868,41,-7.9286,7.9532,-2.0976,-3.3958,-5.8847,8.4461,2.0970,0.4714,-0.0530,0.0216,-0.0154,0.0000,0.0000,0.0000,0.0000,-0.8337,-0.8337,0.0000,0.8491,0.0000,0.0000
241.1020,37.6770,0,40,RDOM_GPS,-6.6420,7.6550,0.1790,0.1790,1,0,1,0,0,0,0.0000,-2435412.6822,-4412106.4665,3891841.8593,41,-8.1973,8.1166,-1.5553,0.4616,-6.0610,8.5141,2.1884,0.3760,-0.0522,0.0215,-0.0155,0.0000,0.0000,0.0000,0.0000,-0.9240,-0.9240,0.0000,0.9395,0.0000,0.0000
241.0550,37.6410,0,1,MWTP_GPS,-9.7580,6.4700,0.1790,0.1790,1,0,1,0,0,0,0.0000,-2440214.1121,-4412246.1899,3888674.5954,1,-8.4309,8.5183,1.3271,2.0483,-10.0708,8.1187,-1.5884,-0.4210,-0.0514,0.0214,-0.0157,0.0000,0.0000,0.0000,0.0000,-0.8723,-0.8723,0.0000,0.8879,0.0000,0.0000
241.0210,37.6590,0,1,KNOL_GPS,-9.2580,7.4800,0.1790,0.1790,1,0,1,0,0,0,0.0000,-2442239.9589,-4409728.4356,3890258.4193,1,-8.4743,8.5430,0.7837,1.0630,-10.0768,8.1104,-1.5507,-0.4542,-0.0518,0.0217,-0.0158,0.0000,0.0000,0.0000,0.0000,-0.9043,-0.9043,0.0000,0.9201,0.0000,0.0000
240.9390,37.6540,0,1,MINS_GPS,-10.1710,7.6050,0.1490,0.1190,1,0,1,0,0,0,0.0000,-2448713.4209,-4406525.3918,3889818.5067,1,-8.7116,8.7100,1.4594,1.1050,-10.0830,8.0904,-1.3197,-0.6416,-0.0517,0.0219,-0.0161,0.0000,0.0000,0.0000,0.0000,-0.7706,-0.7706,0.0000,0.7867,0.0000,0.0000
239.4580,35.9450,0,41,PKDB_GPS,-23.4880,30.7600,0.1490,0.1490,1,0,1,0,0,0,0.0000,-2619595.8210,-4439745.8965,3737743.3795,42,-27.9119,33.8576,-4.4239,3.0976,-28.7747,32.9984,-0.8443,-0.8717,-0.0186,0.0125,-0.0197,0.0000,0.0000,0.0000,0.0000,0.0509,0.0509,0.0000,-0.0312,0.0000,0.0000
239.2790,38.3400,0,1,JAST_GPS,-11.3570,7.0150,0.1790,0.1790,1,0,1,0,0,0,0.0000,-2551359.7841,-4293394.2199,3949896.3007,1,-10.4436,8.1809,0.9134,1.1659,-10.3424,7.6819,0.1761,-0.5386,-0.0749,0.0395,-0.0248,0.0000,0.0000,0.0000,0.0000,0.0894,0.0894,0.0000,-0.0646,0.0000,0.0000
239.0040,36.4100,0,1,05UH_GPS,-10.6440,13.4980,0.2980,0.2090,1,0,1,0,0,0,0.0000,-2638983.8825,-4392701.3477,3779456.3630,1,-10.1935,8.0442,0.4505,-5.4538,-10.0235,7.6136,0.1913,-0.4460,-0.0212,0.0153,-0.0226,0.0000,0.0000,0.0000,0.0000,0.0812,0.0812,0.0000,-0.0586,0.0000,0.0000
238.9400,37.0800,0,1,ONIE_GPS,-11.8970,7.9160,0.1490,0.1490,1,0,1,0,0,0,0.0000,-2620906.4800,-4351592.1864,3839120.4888,1,-11.7519,8.5701,0.1451,0.6541,-10.1485,7.5976,1.6349,-0.9941,-0.0315,0.0216,-0.0249,0.0000,0.0000,0.0000,0.0000,0.4229,0.4229,0.0000,-0.3980,0.0000,0.0000
238.8220,37.4640,0,1,H104_GPS,-11.3260,7.6520,0.1490,0.1490,1,0,1,0,0,0,0.0000,-2616483.6057,-4324074.1232,3873079.9087,1,-11.4458,8.9148,-0.1198,1.2628,-10.2262,7.5683,1.2593,-1.3733,-0.0396,0.0268,-0.0267,0.0000,0.0000,0.0000,0.0000,0.3007,0.3007,0.0000,-0.2740,0.0000,0.0000
238.8160,36.5710,0,41,05WG_GPS,-29.5340,34.8540,0.2680,0.2690,1,0,1,0,0,0,0.0000,-2647873.5853,-4374915.6632,3793841.0454,42,-27.5663,34.6224,1.9677,-0.2316,-27.0744,34.4042,0.5140,-0.2347,-0.0221,0.0165,-0.0239,0.0000,0.0000,0.0000,0.0000,0.0872,0.0872,0.0000,-0.0633,0.0000,0.0000
238.7990,36.2940,0,41,OSI2_GPS,-27.7010,35.6600,0.3280,0.2690,1,0,1,0,0,0,0.0000,-2658642.2331,-4389767.2004,3769073.7409,42,-27.8549,34.5376,-0.1539,-1.1224,-27.9313,34.4413,-0.0579,-0.1106,-0.0185,0.0143,-0.0230,0.0000,0.0000,0.0000,0.0000,0.0406,0.0406,0.0000,-0.0176,0.0000,0.0000
238.7300,36.6960,0,44,05WF_GPS,-17.3180,19.7800,0.2680,0.2690,1,0,1,0,0,0,0.0000,-2650134.6688,-4363851.4251,3804988.6253,44,-20.1668,30.0978,-2.8488,10.3178,-19.0405,29.8261,1.1495,-0.2892,-0.0232,0.0175,-0.0247,0.0000,0.0000,0.0000,0.0000,0.1266,0.1266,0.0000,-0.1019,0.0000,0.0000
238.7120,37.0080,0,1,PACH_GPS,-14.0480,12.6850,0.1790,0.1790,1,0,1,0,0,0,0.0000,-2640705.6054,-4345247.5849,3832733.8537,1,-12.9896,9.7011,1.0584,-2.9839,-10.1538,7.5408,2.8642,-2.1810,-0.0283,0.0208,-0.0259,0.0000,0.0000,0.0000,0.0000,0.4593,0.4593,0.0000,-0.4334,0.0000,0.0000
238.7010,36.9000,0,1,TURK_GPS,-11.8750,9.5890,0.1790,0.1790,1,0,1,0,0,0,0.0000,-2645288.2647,-4350905.9351,3823142.5558,1,-14.6071,9.3348,-2.7321,-0.2542,-10.1354,7.5381,4.4980,-1.8162,-0.0263,0.0195,-0.0255,0.0000,0.0000,0.0000,0.0000,0.2058,0.2058,0.0000,-0.1802,0.0000,0.0000
238.6770,36.4200,0,41,0512_GPS,-26.2890,36.5960,0.2390,0.2090,1,0,1,0,0,0,0.0000,-2663667.9475,-4377005.0460,3780350.6919,42,-27.7126,34.4971,-1.4236,-2.0989,-27.5881,34.7080,0.1437,0.1958,-0.0192,0.0151,-0.0239,0.0000,0.0000,0.0000,0.0000,-0.0434,-0.0434,0.0000,0.0673,0.0000,0.0000
238.6750,36.7930,0,1,05YF_GPS,-12.2030,12.4960,0.1790,0.1790,1,0,1,0,0,0,0.0000,-2650969.6388,-4355796.4892,3813626.6703,1,-13.5505,8.7376,-1.3475,-3.7584,-10.1182,7.5316,3.4566,-1.2244,-0.0243,0.0184,-0.0253,0.0000,0.0000,0.0000,0.0000,-0.0166,-0.0166,0.0000,0.0419,0.0000,0.0000
238.6250,37.5080,0,1,OSR1_GPS,-13.0460,8.3120,0.1490,0.1790,1,0,1,0,0,0,0.0000,-2629786.2556,-4312511.6553,3876960.0119,1,-11.7659,9.5997,1.2801,1.2877,-10.2498,7.5191,1.5553,-2.1083,-0.0391,0.0277,-0.0281,0.0000,0.0000,0.0000,0.0000,0.3071,0.3071,0.0000,-0.2790,0.0000,0.0000
238.5710,36.4930,0,41,05VE_GPS,-29.2880,34.8280,0.2090,0.1790,1,0,1,0,0,0,0.0000,-2669247.3626,-4367956.2307,3786875.8027,42,-27.6715,34.2823,1.6165,-0.5457,-27.4022,34.9395,0.2885,0.6416,-0.0193,0.0156,-0.0246,0.0000,0.0000,0.0000,0.0000,-0.1497,-0.1497,0.0000,0.1743,0.0000,0.0000
238.5380,36.9090,0,44,RAIL_BVU,-17.2960,20.5380,0.2090,0.2090,1,0,1,0,0,0,0.0000,-2657341.9044,-4342850.4889,3823942.3499,44,-18.0519,20.3711,-0.7559,-0.1669,-19.5900,29.4337,-1.5130,9.0431,-0.0251,0.0195,-0.0264,0.0000,0.0000,0.0000,0.0000,-0.0315,-0.0315,0.0000,0.0579,0.0000,0.0000
238.4440,37.4770,0,1,MOCH_GPS,-13.9800,9.1660,0.1490,0.1490,1,0,1,0,0,0,0.0000,-2644493.9064,-4305969.3626,3874226.5407,1,-12.4815,11.1534,1.4985,1.9874,-10.2587,7.4739,2.2594,-3.7069,-0.0365,0.0273,-0.0292,0.0000,0.0000,0.0000,0.0000,0.3870,0.3870,0.0000,-0.3578,0.0000,0.0000
238.4340,37.7550,0,1,MEDA_GPS,-12.5180,8.1690,0.2090,0.2390,1,0,1,0,0,0,0.0000,-2635374.0179,-4289440.6882,3898698.9919,1,-11.7120,9.9975,0.8060,1.8285,-10.3088,7.4714,1.4482,-2.5588,-0.0450,0.0326,-0.0303,0.0000,0.0000,0.0000,0.0000,0.2345,0.2345,0.0000,-0.2042,0.0000,0.0000
238.4320,36.8730,0,44,77RT_GPS,-24.6210,27.5700,0.1790,0.1790,1,0,1,0,0,0,0.0000,-2666629.1259,-4339973.0983,3820742.6075,44,-23.3020,27.8729,1.3190,0.3029,-19.5398,29.2169,3.7859,1.3250,-0.0236,0.0190,-0.0268,0.0000,0.0000,0.0000,0.0000,-0.1696,-0.1696,0.0000,0.1964,0.0000,0.0000
238.4230,36.0550,0,41,GAMB_GPS,-25.4120,33.2730,0.5370,0.5370,1,0,1,0,0,0,0.0000,-2695601.7196,-4385581.7719,3747633.3002,42,-29.2125,36.2336,-3.8005,2.9606,-28.7995,35.2626,0.4267,-0.9833,-0.0137,0.0122,-0.0234,0.0000,0.0000,0.0000,0.0000,0.1025,0.1025,0.0000,-0.0791,0.0000,0.0000
238.4150,36.8870,0,44,PGN4_GPS,-23.1200,28.3750,0.1790,0.1790,1,0,1,0,0,0,0.0000,-2667427.6484,-4338386.2866,3821987.1311,44,-23.0554,27.7967,0.0646,-0.5783,-19.5772,29.1821,3.5019,1.3662,-0.0237,0.0191,-0.0269,0.0000,0.0000,0.0000,0.0000,-0.1413,-0.1413,0.0000,0.1683,0.0000,0.0000
238.3840,36.9800,0,44,GILR_GPS,-20.1030,22.5840,0.1490,0.1490,1,0,1,0,0,0,0.0000,-2666518.9178,-4331653.7885,3830248.5271,44,-20.1506,24.9558,-0.0476,2.3718,-19.8007,29.1186,0.3749,4.1426,-0.0250,0.0202,-0.0275,0.0000,0.0000,0.0000,0.0000,0.2747,0.2747,0.0000,-0.2472,0.0000,0.0000
238.3720,36.5400,0,41,TORO_GPS,-26.4060,32.5880,0.5370,0.5370,1,0,1,0,0,0,0.0000,-2682772.1392,-4356012.5915,3791073.6491,42,-27.9368,34.2059,-1.5308,1.6179,-27.3306,35.3739,0.6245,1.1523,-0.0184,0.0157,-0.0256,0.0000,0.0000,0.0000,0.0000,-0.3198,-0.3198,0.0000,0.3454,0.0000,0.0000
238.3410,36.7220,0,41,BORO_GPS,-30.1690,34.6970,0.4770,0.2390,1,0,1,0,0,0,0.0000,-2678794.4637,-4344288.1984,3807305.0484,42,-27.6264,32.9686,2.5426,-1.7284,-26.7834,35.4415,0.8635,2.4556,-0.0205,0.0173,-0.0266,0.0000,0.0000,0.0000,0.0000,-0.4087,-0.4087,0.0000,0.4353,0.0000,0.0000
238.3340,36.6980,0,41,SALI_GPS,-28.3750,33.4990,0.4180,0.2390,1,0,1,0,0,0,0.0000,-2680162.1806,-4345317.8792,3805166.8395,42,-27.7172,33.2241,0.6578,-0.2749,-26.8597,35.4568,0.8777,2.2156,-0.0201,0.0171,-0.0265,0.0000,0.0000,0.0000,0.0000,-0.4127,-0.4127,0.0000,0.4392,0.0000,0.0000
238.3320,36.7910,0,41,05YC_GPS,-28.9550,33.0990,0.1790,0.1490,1,0,1,0,0,0,0.0000,-2677067.7525,-4339961.8548,3813448.6766,42,-27.0859,32.3391,1.8691,-0.7599,-26.5749,35.4611,0.5325,3.1041,-0.0215,0.0180,-0.0269,0.0000,0.0000,0.0000,0.0000,-0.3521,-0.3521,0.0000,0.3790,0.0000,0.0000
238.3270,36.9140,0,41,04AL_GPS,-26.5270,31.6010,0.2090,0.1790,1,0,1,0,0,0,0.0000,-2673141.7972,-4332750.9999,3824386.6392,42,-24.3202,29.6216,2.2068,-1.9794,-26.1990,35.4720,-1.8554,5.8311,-0.0234,0.0193,-0.0275,0.0000,0.0000,0.0000,0.0000,0.0607,0.0607,0.0000,-0.0332,0.0000,0.0000
238.3250,37.6940,0,1,B112_GPS,-10.8500,8.5020,0.2980,0.3280,1,0,1,0,0,0,0.0000,-2645707.5775,-4287949.3996,3893336.9777,1,-12.2254,11.0288,-1.3754,2.5268,-10.3066,7.4441,1.9606,-3.6161,-0.0418,0.0315,-0.0309,0.0000,0.0000,0.0000,0.0000,0.2820,0.2820,0.0000,-0.2511,0.0000,0.0000
238.2970,37.6220,0,1,USG7_GPS,-12.1690,11.4100,0.2390,0.2690,1,0,1,0,0,0,0.0000,-2650371.7517,-4290815.0339,3887002.3649,1,-12.6564,11.8350,-0.4874,0.4250,-10.2961,7.4371,2.3995,-4.4279,-0.0392,0.0301,-0.0308,0.0000,0.0000,0.0000,0.0000,0.3430,0.3430,0.0000,-0.3122,0.0000,0.0000
238.2940,37.1840,0,44,PERR_GPS,-19.3700,21.1110,0.4470,0.4780,1,0,1,0,0,0,0.0000,-2666135.5114,-4315830.3044,3848334.9230,44,-18.8945,21.0036,0.4755,-0.1074,-20.2976,28.9344,-1.3751,7.9081,-0.0280,0.0227,-0.0289,0.0000,0.0000,0.0000,0.0000,2.1169,2.1169,0.0000,-2.0880,0.0000,0.0000
238.2860,37.2290,0,44,METC_GPS,-20.9610,21.6130,0.1790,0.1490,1,0,1,0,0,0,0.0000,-2665148.4134,-4312885.5016,3852318.0095,44,-18.1199,20.0515,2.8411,-1.5615,-20.4036,28.9181,-2.2547,8.8433,-0.0289,0.0233,-0.0292,0.0000,0.0000,0.0000,0.0000,2.3512,2.3512,0.0000,-2.3220,0.0000,0.0000
238.2780,37.9540,0,1,MINN_GPS,-14.0980,6.0160,0.3580,0.3880,1,0,1,0,0,0,0.0000,-2639907.3772,-4270705.5389,3916160.7093,1,-11.5906,10.2030,2.5074,4.1870,-10.3564,7.4324,1.2851,-2.8082,-0.0509,0.0376,-0.0324,0.0000,0.0000,0.0000,0.0000,0.2630,0.2630,0.0000,-0.2306,0.0000,0.0000
238.2620,37.2190,0,44,COY__GPS,-21.3670,21.9210,0.1490,0.1490,1,0,1,0,0,0,0.0000,-2667308.3996,-4312340.4966,3851433.0845,44,-19.0334,21.0418,2.3336,-0.8792,-20.3879,28.8689,-1.3260,7.8040,-0.0285,0.0232,-0.0293,0.0000,0.0000,0.0000,0.0000,2.1837,2.1837,0.0000,-2.1544,0.0000,0.0000
238.2500,36.7630,0,41,0513_GPS,-28.1730,33.4250,0.1790,0.1490,1,0,1,0,0,0,0.0000,-2684256.5650,-4337710.2732,3810956.2764,42,-27.4318,33.2658,0.7412,-0.1592,-26.6913,35.6400,0.7608,2.3566,-0.0203,0.0176,-0.0272,0.0000,0.0000,0.0000,0.0000,-0.3887,-0.3887,0.0000,0.4158,0.0000,0.0000
238.2290,36.8460,0,41,05ZB_GPS,-28.5570,32.4300,0.2090,0.1790,1,0,1,0,0,0,0.0000,-2682936.6634,-4332028.1783,3818341.8108,42,-26.7858,32.6301,1.7712,0.2001,-26.4443,35.6857,0.3628,3.0372,-0.0214,0.0184,-0.0277,0.0000,0.0000,0.0000,0.0000,-0.2805,-0.2805,0.0000,0.3082,0.0000,0.0000
238.2280,36.5890,0,41,FORD_GPS,-26.8160,37.3310,0.3580,0.3280,1,0,1,0,0,0,0.0000,-2692003.3906,-4346498.3788,3795447.4110,42,-28.1258,34.4898,-1.3098,-2.8412,-27.2335,35.6879,0.9102,1.1823,-0.0178,0.0159,-0.0265,0.0000,0.0000,0.0000,0.0000,-0.4125,-0.4125,0.0000,0.4389,0.0000,0.0000
238.2170,37.1860,0,44,CAAA_GPS,-22.0820,22.6340,0.1490,0.1490,1,0,1,0,0,0,0.0000,-2671862.4067,-4312129.1876,3848511.9995,44,-20.5452,23.0870,1.5368,0.4530,-20.3257,28.7768,0.2469,5.6671,-0.0273,0.0226,-0.0294,0.0000,0.0000,0.0000,0.0000,1.5113,1.5113,0.0000,-1.4819,0.0000,0.0000
238.2120,37.1370,0,44,MAZZ_GPS,-22.2930,24.5360,0.1490,0.1790,1,0,1,0,0,0,0.0000,-2673971.5024,-4314692.0375,3844172.2760,44,-21.0471,24.4277,1.2459,-0.1083,-20.2144,28.7666,0.8590,4.3169,-0.0263,0.0219,-0.0292,0.0000,0.0000,0.0000,0.0000,1.0576,1.0576,0.0000,-1.0284,0.0000,0.0000
238.2080,37.9220,0,1,JOBE_GPS,-11.9150,9.2370,0.2090,0.2090,1,0,1,0,0,0,0.0000,-2646274.9407,-4269335.4749,3913355.9769,1,-11.8409,10.7682,0.0741,1.5312,-10.3563,7.4148,1.5333,-3.3903,-0.0487,0.0370,-0.0329,0.0000,0.0000,0.0000,0.0000,0.3338,0.3338,0.0000,-0.3010,0.0000,0.0000
238.2010,36.7490,0,41,MULL_GPS,-31.8830,35.5390,0.2090,0.2090,1,0,1,0,0,0,0.0000,-2688455.8451,-4336204.3732,3809709.7349,42,-27.5921,33.6781,4.2909,-1.8609,-26.7525,35.7468,0.8593,2.0513,-0.0197,0.0173,-0.0273,0.0000,0.0000,0.0000,0.0000,-0.4119,-0.4119,0.0000,0.4392,0.0000,0.0000
238.1910,37.0690,0,44,NDDD_GPS,-22.6120,28.2410,0.1490,0.1490,1,0,1,0,0,0,0.0000,-2677955.6238,-4317585.7819,3838145.1450,44,-22.4317,27.0419,0.1803,-1.1991,-20.0642,28.7236,2.3923,1.6607,-0.0248,0.0210,-0.0290,0.0000,0.0000,0.0000,0.0000,0.7121,0.7121,0.0000,-0.6831,0.0000,0.0000
238.1900,37.5940,0,1,SARE_GPS,-13.4930,11.8420,0.1790,0.1790,1,0,1,0,0,0,0.0000,-2659381.1743,-4287471.7043,3884537.2461,1,-13.7155,13.9476,-0.2225,2.1056,-10.2996,7.4103,3.4530,-6.5668,-0.0371,0.0295,-0.0315,0.0000,0.0000,0.0000,0.0000,0.4870,0.4870,0.0000,-0.4555,0.0000,0.0000
238.1860,36.2350,0,30,FEIF_GPS,-27.8050,36.2430,0.5370,0.5080,1,0,1,0,0,0,0.0000,-2707499.3005,-4364367.8189,3763786.9946,31,-29.4871,36.7950,-1.6821,0.5520,-30.9669,39.2984,-1.4661,2.4903,-0.0137,0.0130,-0.0250,0.0000,0.0000,0.0000,0.0000,-0.2071,-0.2071,0.0000,0.2321,0.0000,0.0000
238.1670,37.0120,0,41,CORR_GPS,-25.2290,31.4490,0.1490,0.1490,1,0,1,0,0,0,0.0000,-2681776.5691,-4319705.5397,3833088.8256,42,-24.8793,30.2442,0.3497,-1.2048,-25.9579,35.8209,-1.0551,5.5565,-0.0235,0.0202,-0.0288,0.0000,0.0000,0.0000,0.0000,0.3356,0.3356,0.0000,-0.3068,0.0000,0.0000
238.1610,37.0500,0,41,LP4__GPS,-25.1210,29.5510,0.2090,0.2090,1,0,1,0,0,0,0.0000,-2680887.2253,-4317264.0457,3836460.1270,42,-23.7824,29.0261,1.3386,-0.5249,-25.8434,35.8340,-2.0369,6.7872,-0.0241,0.0207,-0.0290,0.0000,0.0000,0.0000,0.0000,0.6142,0.6142,0.0000,-0.5852,0.0000,0.0000
238.1560,37.1110,0,44,LOMA_GPS,-21.7070,26.3520,0.1790,0.1790,1,0,1,0,0,0,0.0000,-2679107.4371,-4313557.9070,3841868.4236,44,-22.1552,26.6887,-0.4482,0.3367,-20.1715,28.6519,2.0090,1.9417,-0.0252,0.0215,-0.0294,0.0000,0.0000,0.0000,0.0000,0.7941,0.7941,0.0000,-0.7648,0.0000,0.0000
238.1490,36.2880,0,30,MOLR_GPS,-27.7980,34.7550,0.5070,0.5080,1,0,1,0,0,0,0.0000,-2708478.6823,-4359659.2681,3768536.2881,31,-29.4195,36.7504,-1.6215,1.9954,-30.9199,39.3215,-1.4865,2.5577,-0.0139,0.0133,-0.0254,0.0000,0.0000,0.0000,0.0000,-0.2872,-0.2872,0.0000,0.3126,0.0000,0.0000
238.1300,37.5410,0,43,SHER_GPS,-14.4140,18.1600,0.1790,0.1790,1,0,1,0,0,0,0.0000,-2665765.6409,-4287734.2200,3879868.5890,45,-15.2012,16.5267,-0.7872,-1.6333,-11.0147,9.7716,4.2213,-6.7835,-0.0348,0.0284,-0.0317,0.0000,0.0000,0.0000,0.0000,0.6509,0.6509,0.0000,-0.6191,0.0000,0.0000
238.1290,37.4990,0,43,ALLI_GPS,-15.4230,16.5600,0.1790,0.1790,1,0,1,0,0,0,0.0000,-2667341.4643,-4290101.8549,3876166.5404,45,-15.8972,17.5718,-0.4742,1.0118,-11.0049,9.7713,4.9259,-7.8282,-0.0337,0.0276,-0.0315,0.0000,0.0000,0.0000,0.0000,0.6733,0.6733,0.0000,-0.6418,0.0000,0.0000
238.1260,36.9460,0,41,LEON_GPS,-27.9500,32.9610,0.1790,0.1790,1,0,1,0,0,0,0.0000,-2687196.7829,-4321532.1385,3827229.4009,42,-26.3834,32.3091,1.5666,-0.6519,-26.1760,35.9102,0.2294,3.5818,-0.0220,0.0193,-0.0287,0.0000,0.0000,0.0000,0.0000,-0.1246,-0.1246,0.0000,0.1533,0.0000,0.0000
238.1120,37.5400,0,43,MILS_GPS,-15.8170,16.9650,0.1790,0.1790,1,0,1,0,0,0,0.0000,-2667148.3123,-4286954.0297,3879780.4692,45,-15.5453,17.1181,0.2717,0.1531,-11.0163,9.7662,4.5635,-7.3804,-0.0346,0.0284,-0.0318,0.0000,0.0000,0.0000,0.0000,0.6800,0.6800,0.0000,-0.6481,0.0000,0.0000
238.0910,37.1040,0,41,LP2__GPS,-24.2190,28.6720,0.1790,0.1790,1,0,1,0,0,0,0.0000,-2684247.3654,-4310914.1940,3841248.0205,42,-24.0290,28.8827,0.1900,0.2107,-25.7040,35.9865,-1.6506,7.0825,-0.0244,0.0213,-0.0297,0.0000,0.0000,0.0000,0.0000,0.8004,0.8004,0.0000,-0.7707,0.0000,0.0000
238.0810,37.5070,0,43,1582_GPS,-16.3290,16.8740,0.2980,0.3280,1,0,1,0,0,0,0.0000,-2670648.4180,-4287406.3399,3876871.8531,45,-16.7545,19.0156,-0.4255,2.1416,-11.0118,9.7568,5.7760,-9.2865,-0.0333,0.0277,-0.0319,0.0000,0.0000,0.0000,0.0000,0.7080,0.7080,0.0000,-0.6761,0.0000,0.0000
238.0800,37.0040,0,41,PORT_GPS,-26.2440,32.6740,0.1490,0.1490,1,0,1,0,0,0,0.0000,-2688615.6260,-4316082.6831,3832378.8630,42,-26.1494,31.8905,0.0946,-0.7835,-26.0153,36.0105,0.1566,4.1000,-0.0225,0.0199,-0.0292,0.0000,0.0000,0.0000,0.0000,0.0086,0.0086,0.0000,0.0206,0.0000,0.0000
238.0760,36.9820,0,41,GREG_GPS,-28.7490,32.4760,0.1490,0.1490,1,0,1,0,0,0,0.0000,-2689694.8755,-4317143.6133,3830426.0808,42,-26.3939,32.2877,2.3551,-0.1883,-26.0843,36.0192,0.3317,3.7118,-0.0221,0.0197,-0.0291,0.0000,0.0000,0.0000,0.0000,-0.0918,-0.0918,0.0000,0.1210,0.0000,0.0000
238.0710,36.4490,0,30,SOBR_GPS,-29.4720,36.6770,0.5370,0.5080,1,0,1,0,0,0,0.0000,-2708800.0598,-4346963.4756,3782943.5945,31,-29.1510,36.3068,0.3210,-0.3702,-30.7631,39.3701,-1.5972,3.0490,-0.0149,0.0144,-0.0265,0.0000,0.0000,0.0000,0.0000,-0.4772,-0.4772,0.0000,0.5037,0.0000,0.0000
238.0650,37.5130,0,43,CAIS_GPS,-16.6300,17.6790,0.2980,0.2390,1,0,1,0,0,0,0.0000,-2671630.8204,-4286315.8248,3877400.7881,45,-16.9885,19.4132,-0.3585,1.7342,-11.0149,9.7519,6.0069,-9.6891,-0.0333,0.0278,-0.0320,0.0000,0.0000,0.0000,0.0000,0.7150,0.7150,0.0000,-0.6830,0.0000,0.0000
238.0620,37.0470,0,41,FIRE_GPS,-26.5370,31.3800,0.1790,0.1790,1,0,1,0,0,0,0.0000,-2688449.1766,-4312795.8249,3836194.0330,42,-25.8438,31.2923,0.6932,-0.0877,-25.8901,36.0497,-0.0232,4.7369,-0.0230,0.0204,-0.0296,0.0000,0.0000,0.0000,0.0000,0.1960,0.1960,0.0000,-0.1665,0.0000,0.0000
238.0600,37.6430,0,43,SUNS_GPS,-16.6010,16.4810,0.1790,0.1790,1,0,1,0,0,0,0.0000,-2667343.8158,-4278606.0208,3888850.5948,45,-14.9683,16.3791,1.6327,-0.1019,-11.0459,9.7504,3.9594,-6.6591,-0.0369,0.0304,-0.0328,0.0000,0.0000,0.0000,0.0000,0.6591,0.6591,0.0000,-0.6263,0.0000,0.0000
238.0530,37.1100,0,41,BURD_GPS,-25.4230,28.1830,0.1490,0.1190,1,0,1,0,0,0,0.0000,-2686893.0199,-4308791.6338,3841779.7981,42,-24.7519,29.8185,0.6711,1.6355,-25.7000,36.0693,-0.9240,6.2295,-0.0241,0.0213,-0.0299,0.0000,0.0000,0.0000,0.0000,0.6653,0.6653,0.0000,-0.6354,0.0000,0.0000
238.0480,37.8060,0,1,3814_GPS,-13.8660,12.7850,0.2980,0.2990,1,0,1,0,0,0,0.0000,-2662374.2623,-4268642.8285,3903178.5959,1,-13.5973,13.8456,0.2687,1.0606,-10.3484,7.3747,3.2910,-6.5051,-0.0422,0.0342,-0.0337,0.0000,0.0000,0.0000,0.0000,0.2522,0.2522,0.0000,-0.2185,0.0000,0.0000
238.0480,37.5320,0,44,WINE_1PS,-14.5280,16.4850,0.4180,0.4180,1,0,1,0,0,0,0.0000,-2672221.8776,-4284431.7254,3879075.4683,44,-16.9997,19.5059,-2.4717,3.0209,-21.1729,28.4306,-4.1396,8.8965,-0.0336,0.0281,-0.0323,0.0000,0.0000,0.0000,0.0000,0.7407,0.7407,0.0000,-0.7085,0.0000,0.0000
238.0390,37.0730,0,41,BRUC_GPS,-25.0340,31.9870,0.1490,0.1490,1,0,1,0,0,0,0.0000,-2689258.4668,-4310238.9030,3838499.8319,42,-25.7285,31.0938,-0.6945,-0.8932,-25.8190,36.0998,-0.0672,4.9852,-0.0233,0.0207,-0.0298,0.0000,0.0000,0.0000,0.0000,0.2981,0.2981,0.0000,-0.2683,0.0000,0.0000
238.0340,37.2470,0,44,VASO_GPS,-20.8950,24.6890,0.2390,0.2390,1,0,1,0,0,0,0.0000,-2683450.7820,-4300094.9538,3853910.5789,44,-22.0667,26.3676,-1.1717,1.6786,-20.5213,28.4019,1.5720,2.0112,-0.0266,0.0232,-0.0308,0.0000,0.0000,0.0000,0.0000,0.3626,0.3626,0.0000,-0.3318,0.0000,0.0000
238.0270,37.1800,0,44,ODAM_GPS,-22.3120,26.2900,0.3280,0.3280,1,0,1,0,0,0,0.0000,-2686360.6413,-4303587.1164,3847980.7559,44,-23.4389,28.1971,-1.1269,1.9071,-20.3691,28.3876,3.0950,0.1683,-0.0251,0.0222,-0.0305,0.0000,0.0000,0.0000,0.0000,0.4415,0.4415,0.0000,-0.4111,0.0000,0.0000
238.0260,37.4800,0,44,Z137_GPS,-19.8430,23.0900,0.1790,0.2090,1,0,1,0,0,0,0.0000,-2675729.9283,-4286390.0167,3874491.1197,44,-18.3634,21.6487,1.4796,-1.4413,-21.0599,28.3855,-2.6646,6.7097,-0.0319,0.0271,-0.0321,0.0000,0.0000,0.0000,0.0000,0.6522,0.6522,0.0000,-0.6200,0.0000,0.0000
238.0230,37.2060,0,44,SNJO_GPS,-21.6060,26.3910,0.1490,0.1490,1,0,1,0,0,0,0.0000,-2685736.0768,-4301917.9220,3850282.5065,44,-22.8766,27.5852,-1.2706,1.1942,-20.4302,28.3794,2.4720,0.7716,-0.0256,0.0226,-0.0306,0.0000,0.0000,0.0000,0.0000,0.3006,0.3006,0.0000,-0.2699,0.0000,0.0000
238.0060,37.0590,0,41,TRAL_GPS,-26.2420,33.4970,0.1490,0.1490,1,0,1,0,0,0,0.0000,-2692237.3995,-4309484.6133,3837258.3461,42,-26.1943,31.7890,0.0477,-1.7080,-25.8745,36.1716,0.3425,4.3622,-0.0227,0.0205,-0.0299,0.0000,0.0000,0.0000,0.0000,0.1137,0.1137,0.0000,-0.0838,0.0000,0.0000
238.0050,38.4170,0,1,CAML_GPS,-8.1350,9.0970,0.1790,0.1790,1,0,1,0,0,0,0.0000,-2643372.0143,-4231101.0820,3956604.5405,1,-10.8116,10.4345,-2.6766,1.3375,-10.4597,7.3639,0.4243,-3.1250,-0.0723,0.0544,-0.0372,0.0000,0.0000,0.0000,0.0000,0.6715,0.6715,0.0000,-0.6343,0.0000,0.0000
238.0050,37.7380,0,43,WED2_GPS,-14.9880,16.3970,0.1790,0.1790,1,0,1,0,0,0,0.0000,-2668029.6624,-4270569.2313,3897205.1040,45,-14.7218,16.0285,0.2662,-0.3685,-11.0738,9.7337,3.6872,-6.3273,-0.0392,0.0325,-0.0337,0.0000,0.0000,0.0000,0.0000,0.4313,0.4313,0.0000,-0.3976,0.0000,0.0000
238.0040,37.1850,0,44,BRIG_BVU,-22.2140,27.5970,0.1190,0.1190,1,0,1,0,0,0,0.0000,-2687910.0583,-4302223.5923,3848423.4618,44,-23.6244,28.8017,-1.4104,1.2047,-20.3875,28.3404,3.2619,-0.4835,-0.0250,0.0222,-0.0306,0.0000,0.0000,0.0000,0.0000,0.5282,0.5282,0.0000,-0.4975,0.0000,0.0000
237.9980,37.5930,0,44,AWIS_GPS,-16.1220,16.0990,0.3580,0.3280,1,0,1,0,0,0,0.0000,-2673769.6004,-4278593.4703,3884449.1890,44,-17.0114,19.5864,-0.8894,3.4874,-21.3283,28.3281,-4.2822,8.7125,-0.0346,0.0293,-0.0330,0.0000,0.0000,0.0000,0.0000,0.8043,0.8043,0.0000,-0.7713,0.0000,0.0000
237.9890,37.6450,0,43,GARS_GPS,-17.5110,17.2020,0.1790,0.1790,1,0,1,0,0,0,0.0000,-2672571.7872,-4275182.2991,3889026.5894,45,-16.2960,18.5752,1.2150,1.3732,-11.0537,9.7289,5.2783,-8.8767,-0.0360,0.0304,-0.0333,0.0000,0.0000,0.0000,0.0000,0.7662,0.7662,0.0000,-0.7329,0.0000,0.0000
237.9770,37.2170,0,44,ELSE_GPS,-22.2100,27.7050,0.1490,0.1490,1,0,1,0,0,0,0.0000,-2688796.9938,-4299133.4886,3851256.0854,44,-23.3206,28.7597,-1.1106,1.0547,-20.4693,28.2851,2.8767,-0.4972,-0.0253,0.0226,-0.0310,0.0000,0.0000,0.0000,0.0000,0.4673,0.4673,0.0000,-0.4363,0.0000,0.0000
237.9650,37.4260,0,44,BEND_GPS,-21.5640,23.3090,0.2980,0.2990,1,0,1,0,0,0,0.0000,-2682227.6852,-4286632.5352,3869727.0723,44,-20.1866,24.7356,1.3774,1.4266,-20.9540,28.2605,-0.7377,3.4989,-0.0298,0.0260,-0.0323,0.0000,0.0000,0.0000,0.0000,0.5066,0.5066,0.0000,-0.4744,0.0000,0.0000
237.9480,36.9500,0,41,CLIF_GPS,-29.5760,33.9140,0.1490,0.1490,1,0,1,0,0,0,0.0000,-2700467.6354,-4312936.5478,3827584.6622,42,-27.4373,33.6829,2.1387,-0.2311,-26.2311,36.2979,1.2264,2.5961,-0.0203,0.0190,-0.0296,0.0000,0.0000,0.0000,0.0000,-0.5051,-0.5051,0.0000,0.5348,0.0000,0.0000
237.9480,36.9930,0,41,CRO3_GPS,-26.3660,33.9140,0.3580,0.3580,1,0,1,0,0,0,0.0000,-2698942.4346,-4310500.6384,3831402.5425,42,-27.1466,33.2202,-0.7806,-0.6938,-26.0992,36.2979,1.0684,3.0582,-0.0209,0.0195,-0.0299,0.0000,0.0000,0.0000,0.0000,-0.3570,-0.3570,0.0000,0.3869,0.0000,0.0000
237.9440,36.9780,0,41,SCAZ_GPS,-29.7700,33.1150,0.3580,0.3580,1,0,1,0,0,0,0.0000,-2699775.6366,-4311162.1806,3830070.9688,42,-27.2748,33.4209,2.4952,0.3059,-26.1467,36.3066,1.1488,2.8664,-0.0207,0.0193,-0.0298,0.0000,0.0000,0.0000,0.0000,-0.4249,-0.4249,0.0000,0.4547,0.0000,0.0000
237.9410,37.0990,0,41,LOMP_GPS,-23.6430,33.7160,0.3280,0.3580,1,0,1,0,0,0,0.0000,-2695702.0184,-4304156.1621,3840804.8403,42,-26.3673,31.7808,-2.7243,-1.9352,-25.7765,36.3132,0.6135,4.5115,-0.0227,0.0208,-0.0305,0.0000,0.0000,0.0000,0.0000,0.2197,0.2197,0.0000,-0.1892,0.0000,0.0000
237.9390,37.8150,0,43,ROC2_GPS,-15.5810,15.3170,0.1490,0.1490,1,0,1,0,0,0,0.0000,-2670164.6586,-4263050.5297,3903968.7933,45,-14.8086,16.3733,0.7724,1.0563,-11.0987,9.7137,3.7509,-6.6940,-0.0409,0.0344,-0.0347,0.0000,0.0000,0.0000,0.0000,-0.0060,-0.0060,0.0000,0.0407,0.0000,0.0000
237.9310,37.7320,0,43,CAS2_GPS,-16.3010,16.6200,0.1790,0.1790,1,0,1,0,0,0,0.0000,-2673759.7318,-4267465.6102,3896677.7675,45,-16.0641,18.3543,0.2369,1.7343,-11.0801,9.7112,5.0219,-8.6753,-0.0380,0.0323,-0.0343,0.0000,0.0000,0.0000,0.0000,0.4762,0.4762,0.0000,-0.4418,0.0000,0.0000
237.9050,37.5510,0,44,RDHL_GPS,-21.0460,22.6270,0.1490,0.1790,1,0,1,0,0,0,0.0000,-2682223.1006,-4276659.0109,3880749.7219,44,-19.5442,23.6389,1.5018,1.0119,-21.2596,28.1375,-1.6832,4.4703,-0.0322,0.0283,-0.0334,0.0000,0.0000,0.0000,0.0000,0.6107,0.6107,0.0000,-0.5773,0.0000,0.0000
237.9030,37.5630,0,44,COYS_GPS,-21.0430,22.6270,0.1490,0.1790,1,0,1,0,0,0,0.0000,-2681940.4484,-4275876.7390,3881806.9254,44,-19.4220,23.4190,1.6210,0.7920,-21.2878,28.1334,-1.8333,4.6858,-0.0325,0.0285,-0.0335,0.0000,0.0000,0.0000,0.0000,0.6268,0.6268,0.0000,-0.5933,0.0000,0.0000
237.8970,38.3980,0,1,VAC3_GPS,-11.3570,8.3290,0.1490,0.1490,1,0,1,0,0,0,0.0000,-2652039.8903,-4227222.1351,3954949.9242,1,-10.9377,11.4495,0.4193,3.1205,-10.4650,7.3368,0.5421,-4.1670,-0.0694,0.0544,-0.0384,0.0000,0.0000,0.0000,0.0000,1.3018,1.3018,0.0000,-1.2633,0.0000,0.0000
237.8850,38.3310,0,1,GORR_GPS,-11.9740,9.2330,0.2090,0.2090,1,0,1,0,0,0,0.0000,-2655382.0039,-4230580.8374,3949111.7549,1,-11.4721,11.8720,0.5019,2.6390,-10.4541,7.3338,1.0828,-4.5898,-0.0648,0.0516,-0.0382,0.0000,0.0000,0.0000,0.0000,1.2958,1.2958,0.0000,-1.2576,0.0000,0.0000
237.8770,37.3630,0,44,FTHL_GPS,-22.1930,26.2360,0.2390,0.2690,1,0,1,0,0,0,0.0000,-2691069.2289,-4286108.8703,3864164.6729,44,-22.2061,28.0837,-0.0131,1.8477,-20.8353,28.0801,1.3980,-0.0283,-0.0272,0.0247,-0.0325,0.0000,0.0000,0.0000,0.0000,0.5053,0.5053,0.0000,-0.4728,0.0000,0.0000
237.8720,37.9370,0,43,HILL_GPS,-14.0640,15.8370,0.1790,0.1790,1,0,1,0,0,0,0.0000,-2670721.0444,-4252875.8179,3914670.8473,45,-14.5856,15.7440,-0.5216,-0.0930,-11.1342,9.6933,3.4959,-6.0883,-0.0446,0.0377,-0.0361,0.0000,0.0000,0.0000,0.0000,-0.6500,-0.6500,0.0000,0.6861,0.0000,0.0000
237.8470,37.2900,0,41,BM1R_GPS,-23.7140,29.4440,0.2090,0.2090,1,0,1,0,0,0,0.0000,-2695930.9633,-4288863.9726,3857713.5102,42,-23.9869,30.2759,-0.2729,0.8319,-25.2262,36.5177,-1.2141,6.2185,-0.0252,0.0234,-0.0322,0.0000,0.0000,0.0000,0.0000,0.3153,0.3153,0.0000,-0.2830,0.0000,0.0000
237.8330,37.3240,0,44,PAWT_GPS,-23.9080,29.1480,0.1790,0.1790,1,0,1,0,0,0,0.0000,-2695759.6236,-4286266.5306,3860718.9411,44,-23.8630,29.7125,0.0450,0.5645,-20.7585,27.9898,3.1302,-1.7465,-0.0258,0.0239,-0.0325,0.0000,0.0000,0.0000,0.0000,0.3380,0.3380,0.0000,-0.3054,0.0000,0.0000
237.8250,38.3510,0,45,GAME_GPS,-12.6790,10.9510,0.1490,0.1490,1,0,1,0,0,0,0.0000,-2659076.5781,-4226630.7535,3950855.0578,46,-12.4617,12.4601,0.2173,1.5091,-4.4528,16.1007,8.0740,3.5878,-0.0651,0.0527,-0.0391,0.0000,0.0000,0.0000,0.0000,1.1797,1.1797,0.0000,-1.1406,0.0000,0.0000
237.8160,37.6910,0,44,SLBB_GPS,-18.9280,22.7530,0.2090,0.2090,1,0,1,0,0,0,0.0000,-2683804.2213,-4264449.2901,3893073.1582,44,-19.1290,22.9912,-0.2010,0.2382,-21.6084,27.9549,-2.4443,4.9326,-0.0350,0.0311,-0.0350,0.0000,0.0000,0.0000,0.0000,0.4649,0.4649,0.0000,-0.4299,0.0000,0.0000
237.8050,37.1470,0,41,EAUN_GPS,-28.1530,33.8560,0.1490,0.1490,1,0,1,0,0,0,0.0000,-2704195.6364,-4295020.9720,3845058.1623,42,-26.8441,33.0687,1.3089,-0.7873,-25.6814,36.6091,1.1847,3.5193,-0.0220,0.0211,-0.0316,0.0000,0.0000,0.0000,0.0000,-0.2976,-0.2976,0.0000,0.3292,0.0000,0.0000
237.7970,38.3130,0,45,MADI_GPS,-13.7910,13.9590,0.1490,0.1490,1,0,1,0,0,0,0.0000,-2662537.6117,-4227547.0616,3947542.3709,46,-12.9167,13.0402,0.8743,-0.9188,-4.2376,15.9722,8.7413,2.8808,-0.0622,0.0512,-0.0392,0.0000,0.0000,0.0000,0.0000,0.5808,0.5808,0.0000,-0.5416,0.0000,0.0000
237.7840,37.3120,0,41,TRUE_GPS,-24.9180,30.9630,0.1790,0.2090,1,0,1,0,0,0,0.0000,-2699855.3098,-4284643.5258,3859658.3560,42,-24.8130,30.7962,0.1050,-0.1668,-25.1831,36.6548,-0.3452,5.8350,-0.0249,0.0236,-0.0328,0.0000,0.0000,0.0000,0.0000,0.2522,0.2522,0.0000,-0.2194,0.0000,0.0000
237.7780,37.8840,0,43,BAPK_GPS,-16.1900,18.0650,0.1490,0.1790,1,0,1,0,0,0,0.0000,-2679624.4197,-4251550.1331,3910023.7719,45,-16.4555,19.6415,-0.2655,1.5765,-11.1316,9.6647,5.3649,-10.0128,-0.0410,0.0360,-0.0366,0.0000,0.0000,0.0000,0.0000,-0.3308,-0.3308,0.0000,0.3674,0.0000,0.0000
237.7710,38.0430,0,43,CROC_GPS,-15.7550,16.1670,0.3280,0.3280,1,0,1,0,0,0,0.0000,-2674346.8364,-4242027.5871,3923954.9450,45,-14.5266,16.7533,1.2284,0.5863,-11.1695,9.6626,3.4045,-7.1316,-0.0474,0.0409,-0.0378,0.0000,0.0000,0.0000,0.0000,-1.5275,-1.5275,0.0000,1.5653,0.0000,0.0000
237.7530,37.8790,0,43,04GG_GPS,-16.5950,17.2720,0.2390,0.2390,1,0,1,0,0,0,0.0000,-2681661.3046,-4250669.0891,3909585.1958,45,-17.0227,20.5676,-0.4277,3.2956,-11.1330,9.6571,5.9301,-10.9463,-0.0404,0.0358,-0.0368,0.0000,0.0000,0.0000,0.0000,-0.2563,-0.2563,0.0000,0.2932,0.0000,0.0000
237.7490,37.8700,0,43,STAD_GPS,-18.1980,22.8730,0.2680,0.2690,1,0,1,0,0,0,0.0000,-2682285.7281,-4251001.1805,3908795.6838,45,-17.2709,20.9070,0.9271,-1.9660,-11.1313,9.6559,6.1795,-11.2867,-0.0400,0.0356,-0.0368,0.0000,0.0000,0.0000,0.0000,-0.1942,-0.1942,0.0000,0.2310,0.0000,0.0000
237.7480,37.8710,0,43,STAC_GPS,-17.8980,22.2730,0.2680,0.2690,1,0,1,0,0,0,0.0000,-2682323.5153,-4250896.6691,3908883.4121,45,-17.2716,20.9169,0.6264,-1.3561,-11.1317,9.6556,6.1799,-11.2968,-0.0400,0.0356,-0.0368,0.0000,0.0000,0.0000,0.0000,-0.1992,-0.1992,0.0000,0.2360,0.0000,0.0000
237.7450,38.0300,0,43,0410_GPS,-16.5630,17.5740,0.2980,0.3580,1,0,1,0,0,0,0.0000,-2676746.6150,-4241566.3857,3922817.0512,45,-14.9574,17.6923,1.6056,0.1183,-11.1692,9.6547,3.8346,-8.0780,-0.0464,0.0405,-0.0379,0.0000,0.0000,0.0000,0.0000,-1.5067,-1.5067,0.0000,1.5447,0.0000,0.0000
237.7410,38.3240,0,45,HAGG_GPS,-13.0970,15.0750,0.1490,0.1490,1,0,1,0,0,0,0.0000,-2666263.7155,-4224301.7508,3948501.4852,46,-13.2686,13.7419,-0.1716,-1.3331,-4.3109,15.7151,9.0195,1.9214,-0.0618,0.0518,-0.0400,0.0000,0.0000,0.0000,0.0000,-0.2969,-0.2969,0.0000,0.3368,0.0000,0.0000
237.7350,37.8720,0,44,UCBK_GPS,-19.3000,22.7770,0.1490,0.1790,1,0,1,0,0,0,0.0000,-2683251.5239,-4250230.2706,3908971.1392,44,-17.5281,21.3038,1.7719,-1.4732,-22.0489,27.7888,-4.4810,6.4494,-0.0398,0.0356,-0.0370,0.0000,0.0000,0.0000,0.0000,-0.1923,-0.1923,0.0000,0.2293,0.0000,0.0000
237.7260,37.9000,0,43,FLES_GPS,-18.3940,18.9800,0.5670,0.3880,1,0,1,0,0,0,0.0000,-2682898.7632,-4248193.0737,3911427.0153,45,-17.1851,20.9646,1.2089,1.9846,-11.1407,9.6489,6.0851,-11.3521,-0.0407,0.0364,-0.0372,0.0000,0.0000,0.0000,0.0000,-0.3617,-0.3617,0.0000,0.3989,0.0000,0.0000
237.7160,37.2740,0,41,HAUL_GPS,-24.9370,33.8830,0.2680,0.2990,1,0,1,0,0,0,0.0000,-2706305.1722,-4283599.4164,3856298.7197,42,-26.0629,32.7494,-1.1259,-1.1336,-25.3261,36.8027,0.7600,4.0306,-0.0233,0.0227,-0.0330,0.0000,0.0000,0.0000,0.0000,-0.3093,-0.3093,0.0000,0.3423,0.0000,0.0000
237.6950,37.9370,0,43,MA_A_GPS,-19.6910,22.9890,0.2980,0.2390,1,0,1,0,0,0,0.0000,-2683846.4030,-4244605.0587,3914670.8473,45,-17.1655,21.1583,2.5255,-1.8307,-11.1526,9.6395,6.0545,-11.5562,-0.0416,0.0374,-0.0378,0.0000,0.0000,0.0000,0.0000,-0.5953,-0.5953,0.0000,0.6331,0.0000,0.0000
237.6620,38.2580,0,43,DEAL_GPS,-14.3250,16.6990,0.2090,0.2390,1,0,1,0,0,0,0.0000,-2674516.8851,-4224461.5957,3942744.6176,45,-13.6745,15.6076,0.6505,-1.0914,-11.2310,9.6294,2.4997,-6.0273,-0.0563,0.0491,-0.0405,0.0000,0.0000,0.0000,0.0000,-1.3202,-1.3202,0.0000,1.3607,0.0000,0.0000
237.6600,37.9340,0,44,RMD1_GPS,-19.3980,23.1000,0.4180,0.5080,1,0,1,0,0,0,0.0000,-2686548.4282,-4243137.9708,3914407.8947,44,-17.8847,22.3591,1.5133,-0.7409,-22.2138,27.6349,-4.2882,5.2385,-0.0409,0.0373,-0.0381,0.0000,0.0000,0.0000,0.0000,-0.5246,-0.5246,0.0000,0.5627,0.0000,0.0000
237.6440,37.9900,0,44,SPA1_GPS,-15.8870,18.8040,0.2680,0.2690,1,0,1,0,0,0,0.0000,-2685684.4193,-4239153.6820,3919314.5730,44,-17.2180,21.6935,-1.3310,2.8895,-22.3473,27.6020,-5.0865,5.8695,-0.0428,0.0390,-0.0387,0.0000,0.0000,0.0000,0.0000,-1.0516,-1.0516,0.0000,1.0903,0.0000,0.0000
237.6410,37.2280,0,41,HALM_GPS,-29.6590,34.4050,0.1790,0.2090,1,0,1,0,0,0,0.0000,-2713566.2639,-4282667.0779,3852229.5223,42,-26.9502,34.6203,2.7088,0.2153,-25.4965,36.9657,1.4751,2.3237,-0.0214,0.0217,-0.0331,0.0000,0.0000,0.0000,0.0000,-0.7435,-0.7435,0.0000,0.7767,0.0000,0.0000
237.6380,38.2830,0,43,HENN_GPS,-14.0220,18.6060,0.5070,0.5670,1,0,1,0,0,0,0.0000,-2675365.0896,-4221887.3761,3944925.8652,45,-13.5892,15.8156,0.4328,-2.7904,-11.2394,9.6221,2.4071,-6.2437,-0.0572,0.0502,-0.0410,0.0000,0.0000,0.0000,0.0000,-1.2765,-1.2765,0.0000,1.3175,0.0000,0.0000
237.6340,37.8100,0,44,NAVY_GPS,-20.6290,25.0070,0.1490,0.1790,1,0,1,0,0,0,0.0000,-2693002.3884,-4249063.9730,3903529.8066,44,-20.3445,25.4173,0.2845,0.4103,-21.9362,27.5815,-1.5558,2.1306,-0.0359,0.0336,-0.0374,0.0000,0.0000,0.0000,0.0000,0.0417,0.0417,0.0000,-0.0043,0.0000,0.0000
237.6180,37.5920,0,44,PEEE_GPS,-21.8800,28.8120,0.2090,0.2090,1,0,1,0,0,0,0.0000,-2702123.6026,-4260823.6416,3884361.1307,44,-23.4446,29.3530,-1.5646,0.5410,-21.4390,27.5486,2.0347,-1.8326,-0.0291,0.0283,-0.0359,0.0000,0.0000,0.0000,0.0000,0.1959,0.1959,0.0000,-0.1600,0.0000,0.0000
237.6050,37.1830,0,30,PIGE_GPS,-28.5750,35.6160,0.1790,0.1790,1,0,1,0,0,0,0.0000,-2717876.7085,-4283514.6124,3848246.3830,31,-27.7200,35.4312,0.8550,-0.1848,-30.0950,39.6593,-2.3549,4.2072,-0.0202,0.0209,-0.0330,0.0000,0.0000,0.0000,0.0000,-0.7532,-0.7532,0.0000,0.7863,0.0000,0.0000
237.5980,37.9420,0,44,HIL4_GPS,-20.4050,24.4170,0.3280,0.3280,1,0,1,0,0,0,0.0000,-2690845.4706,-4239766.8596,3915109.0778,44,-18.8640,24.0263,1.5410,-0.3907,-22.2505,27.5076,-3.3465,3.4440,-0.0400,0.0373,-0.0388,0.0000,0.0000,0.0000,0.0000,-0.5014,-0.5014,0.0000,0.5402,0.0000,0.0000
237.5840,37.9590,0,44,SNPR_GPS,-20.1030,23.0220,0.2390,0.2690,1,0,1,0,0,0,0.0000,-2691258.5326,-4238128.4208,3916598.8384,44,-18.8058,24.0876,1.2972,1.0656,-22.2937,27.4788,-3.4475,3.3535,-0.0404,0.0378,-0.0391,0.0000,0.0000,0.0000,0.0000,-0.6006,-0.6006,0.0000,0.6397,0.0000,0.0000
237.5450,37.8050,0,44,PRSD_GPS,-22.5440,26.3330,0.2390,0.2390,1,0,1,0,0,0,0.0000,-2699782.1844,-4245163.1184,3903090.7902,44,-21.6684,27.4892,0.8756,1.1562,-21.9508,27.3988,-0.2482,-0.1235,-0.0342,0.0331,-0.0382,0.0000,0.0000,0.0000,0.0000,0.0400,0.0400,0.0000,-0.0017,0.0000,0.0000
237.5440,38.2230,0,43,AIRR_GPS,-16.3510,18.8330,0.1490,0.1490,1,0,1,0,0,0,0.0000,-2684503.4545,-4220976.0058,3939689.6099,45,-15.5295,19.0273,0.8215,0.1943,-11.2351,9.5935,4.3462,-9.4813,-0.0518,0.0475,-0.0417,0.0000,0.0000,0.0000,0.0000,-0.4346,-0.4346,0.0000,0.4763,0.0000,0.0000
237.5440,37.5270,0,41,PALO_GPS,-26.2070,31.8330,0.1790,0.1790,1,0,1,0,0,0,0.0000,-2709987.4903,-4261045.8010,3878634.8043,42,-25.0254,32.3754,1.1816,0.5424,-24.6171,37.1765,0.4347,4.7745,-0.0263,0.0266,-0.0360,0.0000,0.0000,0.0000,0.0000,-0.3881,-0.3881,0.0000,0.4241,0.0000,0.0000
237.5420,37.6090,0,41,SWEE_GPS,-24.8880,30.8340,0.1790,0.1790,1,0,1,0,0,0,0.0000,-2707154.3429,-4256263.0010,3885857.9608,42,-23.9413,31.1541,0.9467,0.3201,-24.3661,37.1809,-0.3965,5.9985,-0.0284,0.0283,-0.0367,0.0000,0.0000,0.0000,0.0000,-0.1396,-0.1396,0.0000,0.1763,0.0000,0.0000
237.4960,37.5090,0,30,WHAL_GPS,-26.5180,33.2480,0.2090,0.2090,1,0,1,0,0,0,0.0000,-2714210.9066,-4259801.4164,3877048.1695,31,-25.8170,33.6044,0.7010,0.3564,-29.7578,39.7265,-3.9156,6.0961,-0.0252,0.0260,-0.0362,0.0000,0.0000,0.0000,0.0000,-0.6444,-0.6444,0.0000,0.6806,0.0000,0.0000
237.4730,38.2360,0,44,ADOO_GPS,-17.0590,21.8550,0.1490,0.1490,1,0,1,0,0,0,0.0000,-2689251.2473,-4216892.3938,3940824.4987,44,-16.9861,20.7719,0.0729,-1.0831,-22.9635,27.2509,-5.9265,6.4310,-0.0509,0.0479,-0.0427,0.0000,0.0000,0.0000,0.0000,-0.0485,-0.0485,0.0000,0.0912,0.0000,0.0000
237.4050,38.1860,0,44,COR__GPS,-19.1810,23.6750,0.1490,0.1490,1,0,1,0,0,0,0.0000,-2696105.6243,-4216593.5230,3936458.4319,44,-19.1163,23.6942,0.0647,0.0192,-22.8685,27.1112,-3.7055,3.3715,-0.0467,0.0455,-0.0431,0.0000,0.0000,0.0000,0.0000,0.0532,0.0532,0.0000,-0.0101,0.0000,0.0000
237.4010,37.9230,0,44,T3R2_GPS,-22.7400,26.3760,0.1790,0.1790,1,0,1,0,0,0,0.0000,-2706106.4390,-4231583.4215,3913443.6433,44,-22.1685,28.6306,0.5715,2.2546,-22.2645,27.1030,-0.0606,-1.5635,-0.0355,0.0359,-0.0406,0.0000,0.0000,0.0000,0.0000,0.0379,0.0379,0.0000,0.0027,0.0000,0.0000
237.2630,38.0930,0,44,NICC_GPS,-21.2240,28.1160,0.1490,0.1490,1,0,1,0,0,0,0.0000,-2709999.3650,-4215267.6831,3928329.5766,44,-22.1756,28.5113,-0.9516,0.3953,-22.6958,26.8193,-0.4812,-1.7328,-0.0390,0.0409,-0.0438,0.0000,0.0000,0.0000,0.0000,0.3864,0.3864,0.0000,-0.3426,0.0000,0.0000
237.1870,38.0870,0,44,1395_GPS,-23.8370,29.3390,0.1790,0.1790,1,0,1,0,0,0,0.0000,-2715811.2302,-4212015.0099,3927804.7787,44,-23.3672,30.4944,0.4698,1.1554,-22.7039,26.6631,0.7003,-3.8714,-0.0369,0.0401,-0.0447,0.0000,0.0000,0.0000,0.0000,0.6245,0.6245,0.0000,-0.5798,0.0000,0.0000
237.1310,38.0800,0,30,PRH2_GPS,-24.6470,32.2560,0.1490,0.1490,1,0,1,0,0,0,0.0000,-2720187.1058,-4209761.6265,3927192.4601,31,-24.6851,31.7120,-0.0381,-0.5440,-29.2416,39.9507,-4.5212,8.1995,-0.0352,0.0393,-0.0452,0.0000,0.0000,0.0000,0.0000,0.6342,0.6342,0.0000,-0.5889,0.0000,0.0000
237.0630,38.1040,0,30,PRNC_GPS,-28.0530,33.5760,0.4770,0.4480,1,0,1,0,0,0,0.0000,-2724286.7717,-4205149.2975,3929291.5942,31,-25.3524,32.7647,2.7006,-0.8113,-29.2426,39.9923,-3.8558,7.1880,-0.0344,0.0395,-0.0463,0.0000,0.0000,0.0000,0.0000,0.5973,0.5973,0.0000,-0.5510,0.0000,0.0000
210.3940,-17.5770,0,30,THTI_GPS,-66.9580,47.5570,0.2090,0.1790,1,0,1,0,0,0,0.0000,-5235918.6578,-3071158.2388,-1922886.9814,31,-65.4588,51.3761,1.4992,3.8191,-65.6329,51.4537,-0.1749,0.0768,0.0008,0.0008,-0.0001,0.0000,0.0000,0.0000,0.0000,0.0029,0.0029,0.0000,-0.0027,0.0000,0.0000
237.1410,49.1920,0,14,BCSF_PAN,3.7630,1.9700,0.1690,0.1800,1,0,1,0,0,0,0.0000,-2257807.0063,-3495520.4007,4819543.1435,11,2.4184,2.4275,-1.3446,0.4575,0.1744,0.1090,-0.9041,-1.4546,-1.3399,-0.8639,-0.0199,0.0000,0.0000,0.0000,0.0000,0.5728,0.5728,0.0000,-0.5529,0.0000,0.0000
237.4190,45.5660,0,7,PDXB_PAN,4.9000,6.5270,0.7700,0.8240,1,0,1,0,0,0,0.0000,-2400468.8479,-3756252.2737,4546720.7554,4,4.5430,5.7034,-0.3570,-0.8236,3.3381,5.4563,0.6262,-0.0139,-1.8311,-0.2332,-0.1208,0.0000,0.0000,0.0000,0.0000,0.1456,0.1456,0.0000,-0.0248,0.0000,0.0000
236.4590,46.9660,0,9,SATS_PAN,5.0170,7.3910,0.5060,0.6050,1,0,1,0,0,0,0.0000,-2400951.4194,-3621808.1677,4654276.4572,6,8.2600,6.6429,3.2430,-0.7481,2.6133,5.6075,0.2570,0.3467,-5.9038,-1.3821,-1.9359,0.0000,0.0000,0.0000,0.0000,2.0462,2.0462,0.0000,-0.1103,0.0000,0.0000
236.2320,46.2090,0,15,TPW2_PAN,5.9720,6.5160,0.2940,0.1980,1,0,1,0,0,0,0.0000,-2449249.6940,-3663069.4769,4596460.5302,14,8.5057,7.9344,2.5337,1.4184,2.7890,6.7712,0.4575,0.6801,-6.1742,-1.8434,-1.6996,0.0000,0.0000,0.0000,0.0000,1.9057,1.9057,0.0000,-0.2061,0.0000,0.0000
237.0310,46.6750,0,9,WACS_PAN,3.4760,6.0800,0.2960,0.3210,1,0,1,0,0,0,0.0000,-2377508.0825,-3665381.5557,4632146.8922,6,5.5349,5.7196,2.0589,-0.3604,2.6677,5.6066,0.3540,0.3784,-3.2212,-0.4914,-0.4307,0.0000,0.0000,0.0000,0.0000,0.5209,0.5209,0.0000,-0.0903,0.0000,0.0000
