lon1,lat1,dep1,lon2,lat2,dep2,lon3,lat3,dep3,mesh_idx,strike_slip_rate,dip_slip_rate,strike_slip_rate_kinematic,dip_slip_rate_kinematic,strike_slip_coupling,dip_slip_coupling
232.06,49.636,0.0,232.155,49.468,0.0,232.174,49.619,-3.1,0,-2.5627483283390693,26.17055785859437,-5.553754229280404,40.05259139460538,0.4676150121741459,0.6517719984619639
232.411,49.299,-3.8,232.173,49.109,0.0,232.41500000000002,49.088,-2.1,0,1.2295935666330855,27.176595798133746,2.097046979328457,37.985841821768126,0.5766203140441563,0.7141002130368264
234.663,43.131,0.0,234.711,42.959,0.0,234.957,43.141,-3.6,0,-1.4949894498140757,22.055314174247307,-3.749426477639034,24.11013153837125,0.3988238663626608,0.9148210891715344
235.01600000000002,40.553,0.0,235.0,40.375,0.0,235.122,40.45,-3.7,0,2.6983571124635164,5.808192943434523,3.3193933300908043,24.88482717862064,0.8429251930188341,0.23142858807103647
234.215,47.089,-2.3,234.514,47.122,-4.8,234.43099999999998,47.282,-4.8,0,0.7330590367444159,32.197551508634945,-1.7323865232686977,33.33387492274049,-0.4631935487798973,0.9660448050562088
232.16500000000002,49.288,0.0,232.173,49.109,0.0,232.411,49.299,-3.8,0,-12.352170928876973,22.08279756006319,-22.105043707902404,31.202706651671743,0.5596252793238896,0.7066545964776254
235.189,41.661,-4.5,234.916,41.672,-2.1,234.963,41.518,-2.0,0,8.722397436268354,9.326325530252046,11.215151524418332,14.064845206311446,0.7819183373025712,0.6605054670605917
235.236,41.503,-4.6,235.189,41.661,-4.5,234.963,41.518,-2.0,0,7.050840182225219,10.368585316697132,8.906981000667713,15.835682433071241,0.7966723850327879,0.6526449601537606
235.248,41.188,-4.2,235.276,41.348,-4.6,235.05200000000002,41.214,-2.0,0,4.951539872682433,13.5730955816352,5.745627409120658,18.95137709585896,0.8689530670732588,0.7148185450445943
234.951,42.568,-2.7,234.80700000000002,42.44,0.0,235.09699999999998,42.386,-4.2,0,2.418258805001255,8.692393590618513,8.750171826817166,10.60372159267402,0.2934939093947268,0.8242006427224436
235.269,40.744,-6.5,235.312,40.919,-6.5,235.058,40.907,0.0,0,-0.44322989326148066,14.975307608041568,-0.43345741801297777,22.42549269107954,0.8850776997556062,0.6666753172725641
234.047,47.495,-2.2,234.162,47.276,-2.5,234.334,47.443,-4.7,0,3.810535672031797,30.524791615426015,-9.28758995101732,31.908607546059677,-0.4099115522220311,0.9565969229560445
235.269,40.744,-6.5,235.058,40.907,0.0,235.055,40.729,0.0,0,4.176741984595696,13.969708559007831,4.757584015276649,22.526301185146423,0.8906228066445758,0.6189696793215917
233.725,47.955,-2.3,233.893,48.09,-4.5,233.588,48.137,-2.0,0,-0.5268039853572168,30.459618455271222,-4.304300084633557,34.53650462287263,0.12625903098622285,0.8817326897739546
234.162,47.276,-2.5,234.215,47.089,-2.3,234.43099999999998,47.282,-4.8,0,2.2233389838603705,32.167202298637775,-4.918878133223398,33.28436549566251,-0.4619211085122647,0.9665477616642478
235.09300000000002,42.2,-4.3,234.862,42.16,-2.0,234.923,42.001,-2.4,0,3.6325376400242693,9.780000785207093,7.520451545803155,13.500682784955728,0.4993025463088453,0.7262697532015571
234.957,43.141,-3.6,234.711,42.959,0.0,235.013,42.979,-4.2,0,-2.738209635702672,20.624315427846497,-8.342318793267182,23.01601999908209,0.32827346753906683,0.8961185434776338
232.155,49.468,0.0,232.16500000000002,49.288,0.0,232.411,49.299,-3.8,0,-11.600813855263251,21.794028300881923,-21.765132800152806,31.70367948241271,0.5341125002932348,0.6862185834434852
235.13299999999998,42.007,-4.5,235.09300000000002,42.2,-4.3,234.923,42.001,-2.4,0,3.4741483142839726,9.63739272719315,6.896481912419347,13.97715169129981,0.5192800530578594,0.6912308986787127
235.276,41.348,-4.6,235.036,41.366,-2.2,235.05200000000002,41.214,-2.0,0,7.995825971224874,12.208560983272417,9.297721807369982,17.18075834258562,0.8640937922327551,0.7086560096168444
234.914,41.826,-2.0,235.166,41.851,-4.5,234.923,42.001,-2.4,0,5.2914852232947585,9.523265909764422,8.330230959892106,14.331779966957782,0.6449016553340857,0.6642970936840278
233.488,48.49,-4.2,233.24200000000002,48.316,0.0,233.52100000000002,48.295,-2.7,0,1.3597005831268383,29.759430900489964,3.2880335432705197,35.60295455313714,0.4067997989538038,0.8354452145568279
233.893,48.09,-4.5,233.786,48.221,-4.6,233.588,48.137,-2.0,0,0.6226172905072735,30.187379183287373,3.245339949223693,34.86669429048604,0.18498730875658367,0.8654942415070889
233.24200000000002,48.316,0.0,233.488,48.49,-4.2,233.265,48.528,-2.5,0,3.331780053412533,28.98839463435722,7.217667766696556,35.23703098116904,0.45827896376776844,0.8221663890919315
235.166,41.851,-4.5,235.13299999999998,42.007,-4.5,234.923,42.001,-2.4,0,4.910204739442382,9.071011354968112,8.36290906767394,13.825152224587612,0.5970768661264617,0.6566391087229552
232.74200000000002,48.885,-2.5,232.7,48.71,0.0,233.011,48.768,-3.0,0,8.282519197296166,26.33467347821436,13.82782627422944,34.31931183483369,0.5974751004620784,0.7664209747289751
234.663,43.131,0.0,234.957,43.141,-3.6,234.813,43.303,-2.4,0,-1.6811443362608118,21.91330574917369,-3.8060187466398077,24.013933452976858,0.4410718030028674,0.9125673536445559
234.535,46.06,-2.0,234.82,45.899,-4.3,234.833,46.068,-4.7,0,-5.724985029643094,26.86359926679615,-11.127172044068285,27.832440345905056,0.4992401520602637,0.9647077865424557
234.73399999999998,45.343,-2.4,234.92700000000002,45.258,-4.5,234.878,45.435,-4.1,0,-11.514961036856317,23.29680880621067,-13.908455001960771,24.483841975595666,0.821808549559393,0.9508720617916762
234.82,45.899,-4.3,234.535,46.06,-2.0,234.588,45.868,-2.1,0,-5.893482724995682,27.186239852605425,-10.461744222570443,28.017233972428492,0.547615493357612,0.9699518397040701
234.73399999999998,45.343,-2.4,234.767,45.17,-2.6,234.92700000000002,45.258,-4.5,0,-11.61744527052726,23.28492479006605,-13.719429808988723,24.38953436264378,0.8412584455404134,0.9541585799557654
235.269,40.744,-6.5,235.055,40.729,0.0,235.239,40.568,-6.5,0,0.8556629455411882,12.661164558458498,1.0728355291119556,23.64367120145252,0.8693678385094298,0.5339601378139973
234.80700000000002,42.44,0.0,234.911,42.282,-2.2,235.09699999999998,42.386,-4.2,0,0.16826661547361094,11.412265498701407,1.038807554243533,14.252573262831774,0.3443774944710494,0.8030487923858605
235.239,40.568,-6.5,235.055,40.729,0.0,235.01600000000002,40.553,0.0,0,0.09311508426840065,10.863445320684914,0.1994534409376456,24.06730632908102,0.8706351836656799,0.4496257874480485
234.66899999999998,42.108,0.0,234.699,41.93,0.0,234.923,42.001,-2.4,0,5.177243478519941,9.942336588771013,8.947575051912963,13.656041441353693,0.5915531196730722,0.7283800089462233
234.711,42.959,0.0,234.921,42.84,-2.8,235.013,42.979,-4.2,0,1.837975860840347,8.422312144771055,6.7228277119944835,9.459916730151548,0.2964763382082313,0.8940805494118433
234.916,41.672,-2.1,235.189,41.661,-4.5,235.058,41.755,-3.4,0,4.789950286656866,10.550595945591871,6.495159694779886,16.289513046892978,0.746549304704477,0.646507983123674
234.862,42.16,-2.0,234.66899999999998,42.108,0.0,234.923,42.001,-2.4,0,4.293537683384253,10.039271350806029,8.188803087564878,13.562342443389213,0.539967889780171,0.7413342621308102
235.036,41.366,-2.2,235.236,41.503,-4.6,234.963,41.518,-2.0,0,8.99397266095169,10.449354276823186,10.86927723642276,15.282231790076594,0.8311037339607892,0.6811970016440544
232.7,48.71,0.0,232.918,48.602,0.0,233.011,48.768,-3.0,0,9.31679112889282,26.018251599236333,15.990498202683863,33.16617358863375,0.5811860712812451,0.7836667052164483
232.155,49.468,0.0,232.34300000000002,49.605,-6.5,232.174,49.619,-3.1,0,0.6639174976519331,25.68304497188834,1.3369067127690908,39.75889087580695,0.4744734026146947,0.6442483629219214
233.918,47.343,0.0,234.162,47.276,-2.5,234.047,47.495,-2.2,0,3.5287358280737555,30.928684911227244,-8.80028779344801,32.19618418457209,-0.4006447673179391,0.9605905803805054
234.951,42.568,-2.7,235.09699999999998,42.386,-4.2,235.112,42.551,-4.7,0,1.5931186715376693,9.124480304327376,7.1480660618651655,11.293729208378522,0.24418232382084976,0.8129320630518869
234.514,47.122,-4.8,234.215,47.089,-2.3,234.377,46.998,-3.3,0,2.2168732338581623,31.787993882491772,-4.931681628985459,32.77395688608827,-0.4627027598872563,0.97000328688385
234.837,45.75,-4.2,234.82,45.899,-4.3,234.588,45.868,-2.1,0,-7.204143434794912,26.342810718727268,-11.149165217904415,27.33108883445977,0.6332220913198012,0.9633296949094541
234.047,47.495,-2.2,234.334,47.443,-4.7,234.225,47.622,-4.5,0,2.2379080870427353,31.10512109423116,-6.0703330295176485,32.88212486112199,-0.3678692182863754,0.9459131457718922
234.334,47.443,-4.7,234.162,47.276,-2.5,234.43099999999998,47.282,-4.8,0,2.257903008025793,31.247715030332742,-5.116245190617626,32.58507829617935,-0.44148239444666626,0.95892919100939
234.90300000000002,45.053,-4.2,234.767,45.17,-2.6,234.709,44.938,-1.9,0,-13.693348528972871,21.52240952174868,-15.730532731248534,22.54102233739902,0.8666534062451255,0.9543042357098072
234.92700000000002,45.258,-4.5,235.1,45.327,-6.5,234.878,45.435,-4.1,0,-11.079867584460017,22.85289206889392,-13.623103165156756,24.45375523056604,0.8067140355051161,0.9335658055792065
234.933,43.458,-4.2,234.813,43.303,-2.4,235.003,43.296,-4.7,0,-2.914299235029819,20.86866639201356,-6.098770700892743,23.41423296576734,0.4767767388790395,0.8913009094081631
234.921,42.84,-2.8,235.201,42.842,-6.5,235.013,42.979,-4.2,0,1.2605221628989642,8.1104094081608,6.423926346416835,9.478298845533743,0.21822965587234763,0.8613817899951158
234.643,45.671,-2.1,234.837,45.75,-4.2,234.588,45.868,-2.1,0,-6.186721067873109,27.12103522079564,-8.925252890205922,28.027172574821382,0.678450174543259,0.9672454977741504
232.74200000000002,48.885,-2.5,233.011,48.768,-3.0,232.97899999999998,48.929,-4.8,0,8.474610706408571,25.564128051384635,14.103607248197847,34.24897866373031,0.5994740619685788,0.7453811003158065
233.95,47.654,-2.2,234.047,47.495,-2.2,234.225,47.622,-4.5,0,0.9989864963411571,31.554770422821665,-3.224990982631436,33.52625396008673,-0.3077413774028518,0.941130681778721
234.422,46.406,-2.0,234.638,46.35,-3.6,234.566,46.524,-3.5,0,-0.06458097147781505,29.666453170387705,-6.975768499633475,30.482458105350982,-0.015613806803795377,0.9729960458170294
234.74,43.733,-2.4,234.52100000000002,43.652,0.0,234.736,43.555,-2.3,0,-6.650585465094769,20.59550669852576,-9.371848070663816,21.939685059854,0.7090560376387888,0.9387825077700935
234.767,45.17,-2.6,234.566,45.053,0.0,234.709,44.938,-1.9,0,-14.600733732719434,21.365033967769957,-16.556114731993933,22.149096787622724,0.8785926188948648,0.9642734648415476
235.236,41.503,-4.6,235.036,41.366,-2.2,235.276,41.348,-4.6,0,7.767878331270891,11.298930111781198,9.304080438285581,16.505137334377707,0.8390937151696192,0.6824279002434053
234.638,46.35,-3.6,234.736,46.461,-4.7,234.566,46.524,-3.5,0,-0.16638169555312338,29.49039454965531,-6.7185968599043715,30.465209995085882,-0.0003758159757331502,0.9677203169463754
234.909,44.529,-3.8,235.123,44.617,-6.5,234.95999999999998,44.719,-4.4,0,-8.674013677495262,18.767555146140406,-10.54491271404649,20.644298858218946,0.8223971345168448,0.9090481257426968
233.786,48.221,-4.6,233.52100000000002,48.295,-2.7,233.588,48.137,-2.0,0,0.8268715470447764,30.12653432853836,2.991406884647132,35.12262609360048,0.26883872263917263,0.8574172036555342
234.12900000000002,47.77,-4.4,234.024,47.926,-4.5,233.84199999999998,47.804,-2.3,0,-0.018508089878441467,31.110526520833766,0.23948698651612865,34.15998508234289,-0.13247275517273807,0.9105921810378411
234.813,43.303,-2.4,234.933,43.458,-4.2,234.756,43.43,-2.3,0,-1.0010650696371068,21.853386020072612,-1.8594025430208987,24.042461616929728,0.5359699960426652,0.9089835375742958
235.201,42.842,-6.5,234.921,42.84,-2.8,235.048,42.708,-4.3,0,1.1257722595344488,8.462029674756797,6.434986489856868,9.981208817620569,0.19813822034792627,0.853501343687183
233.50900000000001,48.004,0.0,233.725,47.955,-2.3,233.588,48.137,-2.0,0,-0.45981201064270777,31.003306304372575,-3.271131441289313,34.868782221929905,0.14543888342638286,0.88892380747749
234.248,46.938,-2.1,234.061,46.813,0.0,234.32,46.758,-2.1,0,2.3565030596063368,31.504565372059293,-5.764878054669925,32.225154308777576,-0.4222789046565797,0.9776160703219343
234.628,44.53,0.0,234.909,44.529,-3.8,234.791,44.646,-2.2,0,-8.81458999304752,19.826809320804443,-10.105578586796852,20.87406211090976,0.8720573406424721,0.9498560195413664
233.95,47.654,-2.2,234.12900000000002,47.77,-4.4,233.84199999999998,47.804,-2.3,0,-0.20077639132423847,31.444327556097857,1.1268747391420586,34.016524488314,-0.1877852960520876,0.9242699649540398
232.57999999999998,49.168,-4.2,232.411,49.299,-3.8,232.41500000000002,49.088,-2.1,0,2.142643578641285,26.570032635791197,3.6545190644363132,37.75398017580828,0.580952022181804,0.7023754828916957
234.839,44.265,-2.7,235.12,44.262,-6.5,234.936,44.401,-4.1,0,-7.150851801676622,19.410055048476753,-9.107322556025935,21.609310139824245,0.7847637676614716,0.898205818562439
234.723,46.182,-4.0,234.535,46.06,-2.0,234.833,46.068,-4.7,0,-3.619713942655997,28.077452148333045,-8.548686155300057,29.03342026776202,0.40284313974719765,0.9666454686964913
234.12900000000002,47.77,-4.4,233.95,47.654,-2.2,234.225,47.622,-4.5,0,1.0548740619548689,31.206722154393194,-3.9863903386970563,33.57212623745837,-0.26240056976747794,0.9294639609159583
234.061,46.813,0.0,234.125,46.639,0.0,234.32,46.758,-2.1,0,2.4850601459736748,31.12783954718254,-6.865819512203469,31.78915966249773,-0.3760666268759301,0.9791386240169816
234.93,43.644,-4.4,235.13299999999998,43.729,-6.5,234.924,43.814,-4.4,0,-5.623767774853481,18.808548206178124,-9.362525594736383,21.94285437850195,0.5997244490266864,0.8571213961211852
234.72,41.577,0.0,234.805,41.409,0.0,234.963,41.518,-2.0,0,11.174398368994163,9.020639573993009,13.631391450357853,13.037290449225964,0.8227831204100476,0.688281026927559
234.791,44.646,-2.2,234.909,44.529,-3.8,234.95999999999998,44.719,-4.4,0,-9.115375786946233,19.194905353090657,-10.681929026522099,20.54500510856154,0.8531776127500913,0.934285112239823
234.911,42.282,-2.2,234.862,42.16,-2.0,235.09300000000002,42.2,-4.3,0,0.8791829552412596,11.153918634308978,2.376737535236032,14.811176887453428,0.4360139722734307,0.7552267139126901
234.909,44.529,-3.8,234.628,44.53,0.0,234.773,44.422,-2.0,0,-9.200264914505837,19.62734780688895,-10.604030544067754,20.687718270771825,0.8674019303833267,0.9487760398556838
234.628,44.35,0.0,234.635,44.171,0.0,234.839,44.265,-2.7,0,-7.857793654174768,20.48419648301737,-9.193856642233627,21.536113592714756,0.8543541632363774,0.9512056392788949
235.12,44.262,-6.5,234.839,44.265,-2.7,234.987,44.147,-5.0,0,-10.53294880580255,16.791805970529694,-13.878361895646876,18.952130502347558,0.7585612030575112,0.885980328808709
234.52100000000002,43.652,0.0,234.519,43.473,0.0,234.736,43.555,-2.3,0,-7.134585838268917,20.435991104777504,-10.222721080647716,21.607419090305896,0.6974116151044204,0.94583872988337
235.314,42.136,-6.5,235.281,42.312,-6.5,235.09300000000002,42.2,-4.3,0,2.5001650414977323,8.601708245354377,7.165498454331555,12.6794768225096,0.3632763804197613,0.6826488923462346
234.588,43.302,0.0,234.663,43.131,0.0,234.813,43.303,-2.4,0,-0.1946064294209216,22.51786568910656,-0.3739121808081265,24.220382906107005,0.5169575935391587,0.9297597990552647
234.535,46.06,-2.0,234.348,45.937,0.0,234.588,45.868,-2.1,0,-5.753654453133913,27.472717908630806,-10.817279648569391,28.123410508187852,0.515523655624335,0.9765981733597271
234.711,42.959,0.0,234.716,42.779,0.0,234.921,42.84,-2.8,0,1.9739567953873691,9.067702547465906,6.768342509867978,10.076902927555068,0.31766797648860545,0.9026821668029947
234.535,43.831,0.0,234.74,43.733,-2.4,234.755,43.911,-2.5,0,-8.241206361634726,19.891428885038618,-10.764553085173631,21.139712572292623,0.7651099419501232,0.941001331433121
235.189,41.661,-4.5,235.389,41.785,-6.5,235.166,41.851,-4.5,0,4.453186692558532,9.18677546639819,6.560054189077107,15.607494974358247,0.687512474310706,0.5877357163504426
234.93,43.644,-4.4,234.74,43.733,-2.4,234.736,43.555,-2.3,0,-6.203620079825554,20.104567649005542,-9.403248957767104,21.959486722106774,0.6590035160096138,0.91556489243088
234.537,45.231,0.0,234.566,45.053,0.0,234.767,45.17,-2.6,0,-10.895413951025974,24.284194140297796,-12.422017394761355,25.070055062227876,0.8722814313642014,0.9683953484967359
235.122,44.439,-6.5,235.123,44.617,-6.5,234.909,44.529,-3.8,0,-8.128239806827763,18.51023380584577,-10.264339438362612,20.882843636957617,0.7916414494759526,0.8863082992563193
234.699,41.93,0.0,234.708,41.752,0.0,234.914,41.826,-2.0,0,4.946871489803756,10.814951468958846,7.317418948259103,15.5867458409503,0.6883998756564963,0.6933188205653331
234.563,44.873,0.0,234.588,44.699,0.0,234.78199999999998,44.79,-2.1,0,-11.6804931062525,22.872966208135818,-12.996151837960007,23.68016807259819,0.8956420144221098,0.9657153989821673
233.011,48.768,-3.0,233.209,48.92,-6.5,232.97899999999998,48.929,-4.8,0,7.887972216596654,25.18494233537952,13.38255868759859,34.42497103040391,0.5879608819064684,0.7305347384315545
232.489,48.823,0.0,232.7,48.71,0.0,232.74200000000002,48.885,-2.5,0,8.98249960897048,26.195011049972184,14.898089206384164,34.06508646093546,0.6015412355177393,0.7680066526555842
233.52100000000002,48.295,-2.7,233.786,48.221,-4.6,233.685,48.379,-4.9,0,0.7127514873471101,29.647190594887743,2.220125962438413,35.271940508228724,0.31070631921028696,0.8401485596772956
234.916,41.672,-2.1,234.72,41.577,0.0,234.963,41.518,-2.0,0,9.365281158820201,9.566296412610994,11.842075315263585,14.017381785756584,0.795000019967032,0.6796438566192285
234.477,46.235,-2.0,234.535,46.06,-2.0,234.723,46.182,-4.0,0,-2.547565987785326,28.827697994871677,-7.465385457798291,29.622743518661427,0.3165249466053565,0.9728466894837806
235.126,44.795,-6.5,235.125,44.972,-6.5,234.911,44.883,-3.8,0,-12.467496084950753,20.02194902133082,-15.081261718501235,22.075077077822684,0.8218852377438095,0.9056396968674488
234.805,41.409,0.0,234.872,41.236,0.0,235.036,41.366,-2.2,0,10.620185128828261,10.819273737093683,12.334264206229605,15.28996444880741,0.8640519484279171,0.7048642921653645
234.813,43.303,-2.4,234.957,43.141,-3.6,235.003,43.296,-4.7,0,-1.5748405253700735,21.395545458097992,-3.7421337384489846,24.00724064270773,0.41966951565541644,0.8912334944235664
234.477,46.235,-2.0,234.289,46.112,0.0,234.535,46.06,-2.0,0,-2.630666788770305,28.995404219583126,-7.834137918981554,29.64347169986117,0.3111999109331084,0.9779042034676613
233.688,47.666,0.0,233.804,47.505,0.0,233.95,47.654,-2.2,0,0.25008768050150215,31.959097226179324,-1.0648878064496223,33.94751715819095,-0.22698340323624056,0.941333429583248
234.498,45.408,0.0,234.537,45.231,0.0,234.73399999999998,45.343,-2.4,0,-9.348859607475726,25.484111513629507,-10.989256966274048,26.24297947624933,0.8439472158864694,0.9708189018130514
235.17700000000002,43.019,-6.5,235.159,43.196,-6.5,234.957,43.141,-3.6,0,-2.1915225247537573,19.616343788459336,-7.881726043265687,23.152289145410336,0.27753744440991257,0.8472433327268466
233.50900000000001,48.004,0.0,233.589,47.833,0.0,233.725,47.955,-2.3,0,-0.5014090996971914,30.71044338102861,-7.3855735621652485,33.9908538264611,0.06948795620836616,0.9033238827187688
235.389,41.785,-6.5,235.35,41.961,-6.5,235.166,41.851,-4.5,0,4.672211575446055,8.157758066985306,7.715442584391241,14.394288517933376,0.6134450597030364,0.5666893208348566
234.125,46.639,0.0,234.36700000000002,46.584,-2.0,234.32,46.758,-2.1,0,2.2855799777365053,30.621423548542815,-7.635762647635309,31.28833408244442,-0.31524863384943624,0.9785953602220063
234.535,43.831,0.0,234.52100000000002,43.652,0.0,234.74,43.733,-2.4,0,-8.844841756734395,19.66481616528521,-11.627558548239008,20.727821030060483,0.7602417730495588,0.9487687253295093
233.918,47.343,0.0,233.957,47.165,0.0,234.162,47.276,-2.5,0,6.1060208174432145,28.976947741189534,-14.203094025976142,29.96368255543947,-0.42976704890193945,0.9670315368699212
234.399,45.761,0.0,234.451,45.585,0.0,234.643,45.671,-2.1,0,-6.649000564422133,27.329633249786966,-9.046340079464125,27.995652758693875,0.7216738635987907,0.9759602545173945
234.125,46.639,0.0,234.17700000000002,46.463,0.0,234.36700000000002,46.584,-2.0,0,1.9799923906557708,30.11606350855433,-8.935006319863433,30.730481966412878,-0.2382764717912264,0.9798894952364833
233.997,46.987,0.0,234.061,46.813,0.0,234.248,46.938,-2.1,0,2.997587676002769,31.611243193580712,-6.83817783453644,32.34318295010057,-0.4474575921708021,0.9773659833760195
235.423,41.609,-6.5,235.389,41.785,-6.5,235.189,41.661,-4.5,0,5.231748946950389,8.867449546561314,7.38796242340311,15.602869609810455,0.7147500729527765,0.5667941070060409
234.289,46.112,0.0,234.348,45.937,0.0,234.535,46.06,-2.0,0,-3.4658102782558613,28.81703316020953,-7.882432105696372,29.423316797707013,0.4162235233500645,0.9791785095525118
234.23000000000002,46.287,0.0,234.289,46.112,0.0,234.477,46.235,-2.0,0,-1.7316398481764157,29.368596439574308,-7.851129463479518,29.96537200852175,0.1952500682501613,0.9798913337550493
232.918,48.602,0.0,233.183,48.63,-2.8,233.011,48.768,-3.0,0,6.096227801243371,27.512240758474594,10.74999865454807,35.05499666635938,0.5650626962310568,0.7840958150184232
235.13299999999998,42.007,-4.5,235.314,42.136,-6.5,235.09300000000002,42.2,-4.3,0,2.8206403772760686,9.130093192058439,6.396797619633418,13.753861287430283,0.45667507092288456,0.6665037181712108
234.951,41.067,0.0,235.184,41.056,-3.3,235.05200000000002,41.214,-2.0,0,9.102612872546185,13.014838463067047,10.237593155910957,18.02636340465898,0.8929008374492784,0.7203567070220388
234.519,43.473,0.0,234.588,43.302,0.0,234.756,43.43,-2.3,0,-0.696596802857865,22.60081365364691,-1.1225314781990647,24.04596545900418,0.6184275259366152,0.9399542756791625
232.918,48.602,0.0,233.089,48.464,0.0,233.183,48.63,-2.8,0,4.592735003419208,28.52899699103637,8.512103290908438,35.43390031555143,0.5369702780402663,0.804529658984902
232.309,48.956,0.0,232.489,48.823,0.0,232.57299999999998,48.99,-2.5,0,5.936535219409824,27.274537199562605,9.830016381578778,36.23715288300767,0.602008427400405,0.7515832851149689
232.848,49.185,-6.5,232.678,49.324,-6.5,232.57999999999998,49.168,-4.2,0,5.131991766185526,24.642618928226348,8.896584969405055,36.73302209814071,0.5748306890418291,0.6693286003921038
232.678,49.324,-6.5,232.50900000000001,49.463,-6.5,232.411,49.299,-3.8,0,4.7859957824266885,24.450686575745774,8.785245947374092,37.22358307521857,0.5424667418453286,0.6551803494244368
235.35,41.961,-6.5,235.314,42.136,-6.5,235.13299999999998,42.007,-4.5,0,3.6213671691706475,8.26480819424222,7.447558767526232,13.560089641095516,0.49686627345346995,0.6115722715761165
235.14600000000002,43.373,-6.5,235.14,43.551,-6.5,234.933,43.458,-4.2,0,-4.233455688856032,18.525801871782768,-9.417052491686576,22.187275611563322,0.4484379245638909,0.8349164961416607
234.708,41.752,0.0,234.916,41.672,-2.1,234.914,41.826,-2.0,0,3.838852575114785,11.344548863451784,5.369047296944387,16.721462808560943,0.7292518832962923,0.6778498607996037
234.893,46.74,-6.5,234.832,46.913,-6.5,234.64600000000002,46.791,-4.8,0,1.3621537404139217,29.997702542613272,-5.732766100465506,31.478036830526424,-0.26033292269984204,0.9529448257729032
234.971,46.389,-6.5,234.94299999999998,46.566,-6.5,234.736,46.461,-4.7,0,-0.89947925490779,27.32023532623541,-11.260592864521549,28.86899466243185,0.06487165240873495,0.9458546248821808
235.125,44.972,-6.5,235.113,45.15,-6.5,234.90300000000002,45.053,-4.2,0,-11.318292312320686,21.442717254253687,-13.681617136571404,23.464245097833164,0.8214818868097011,0.9125966479727244
234.688,47.254,-6.5,234.594,47.42,-6.5,234.43099999999998,47.282,-4.8,0,-0.16277087542969046,31.84777605827055,0.13092542474090507,33.568675088094025,-0.43698691113899274,0.9490147109406704
234.49200000000002,47.584,-6.5,234.389,47.747,-6.5,234.225,47.622,-4.5,0,0.722449638543394,30.86098905735286,-2.1309456172498003,33.42433188246441,-0.3365350893881691,0.9232390123748521
234.389,47.747,-6.5,234.287,47.911,-6.5,234.12900000000002,47.77,-4.4,0,0.5490163596953013,30.509724111699274,-2.354384230928904,33.788841217532514,-0.22855557352501724,0.9028385684602416
234.287,47.911,-6.5,234.173,48.072,-6.5,234.024,47.926,-4.5,0,0.04331212592805191,30.09449613388188,-0.3139420807488218,34.238786977380315,-0.08658522930473521,0.8787707438482537
234.769,47.085,-6.5,234.688,47.254,-6.5,234.514,47.122,-4.8,0,0.8118287469650188,31.435551885273064,-2.1746840636401004,32.96667537916489,-0.42211994125853647,0.9537955960597269
234.594,47.42,-6.5,234.49200000000002,47.584,-6.5,234.334,47.443,-4.7,0,0.9778999709405006,30.98723009144031,-2.3880499318838666,32.9860627082246,-0.40957625433200784,0.9393611184827377
234.04500000000002,48.227,-6.5,233.902,48.378,-6.5,233.786,48.221,-4.6,0,1.0492806148276919,28.814331370851693,4.602100466029052,34.69849000067319,0.22267120401911958,0.8300292040921314
232.57999999999998,49.168,-4.2,232.678,49.324,-6.5,232.411,49.299,-3.8,0,2.4631028210764483,25.623229779147923,4.303709437661572,37.76914508057645,0.567729932351432,0.6769064466312842
234.389,47.747,-6.5,234.12900000000002,47.77,-4.4,234.225,47.622,-4.5,0,1.07520573322941,30.81702359272466,-3.8028503003587844,33.49698599386849,-0.2804461045078224,0.9199126809503332
234.708,41.752,0.0,234.72,41.577,0.0,234.916,41.672,-2.1,0,5.76681868222718,11.212834086465882,7.6288975642916625,16.40570140981879,0.7647674496802699,0.6821614784998221
234.893,46.74,-6.5,234.64600000000002,46.791,-4.8,234.70600000000002,46.618,-4.8,0,1.1664136341052045,29.888924794743893,-6.092934990445761,31.191697182514222,-0.21387978355076437,0.9581071149194393
234.769,47.085,-6.5,234.514,47.122,-4.8,234.595,46.953,-4.9,0,1.8366136981028787,31.161509793959805,-4.661797729419131,32.46507125170753,-0.41459308482362445,0.9600006696978071
235.1,45.327,-6.5,235.086,45.504,-6.5,234.878,45.435,-4.1,0,-10.571869497764965,22.923227520278637,-13.384348618784923,24.752488837951944,0.7825131131285722,0.9249379144291633
233.739,48.518,-6.5,233.56799999999998,48.656,-6.5,233.488,48.49,-4.2,0,4.155937218055617,27.070539512671967,9.216355446719616,34.64407366997999,0.4482163980730665,0.7807508627847926
235.405,41.082,-6.5,235.44799999999998,41.256,-6.5,235.248,41.188,-4.2,0,-0.5841647896037899,14.257586613320523,-0.6273854581844489,20.065033184888932,0.8561650121665654,0.7096114440145233
235.04399999999998,45.859,-6.5,235.02100000000002,46.036,-6.5,234.82,45.899,-4.3,0,-7.115551415483296,25.3210597682949,-12.074587700949161,26.93248318934928,0.577249780916519,0.939206547872996
235.065,45.682,-6.5,235.04399999999998,45.859,-6.5,234.837,45.75,-4.2,0,-8.466276039546345,24.62803479848297,-12.382982112127001,26.291013841686,0.6733586621547575,0.9357128617256119
235.086,45.504,-6.5,235.065,45.682,-6.5,234.858,45.586,-4.2,0,-9.303075908015932,23.996102680973568,-12.410811253741134,25.75415068088061,0.7406012420223784,0.9306424783640053
234.36700000000002,46.584,-2.0,234.17700000000002,46.463,0.0,234.422,46.406,-2.0,0,1.019952240228418,29.91564470528728,-8.38652188140209,30.556926511552565,-0.14163354602557077,0.9788622718249967
234.17700000000002,46.463,0.0,234.23000000000002,46.287,0.0,234.422,46.406,-2.0,0,0.13065721473179392,29.633426506753633,-8.802760081723203,30.230155797142935,-0.03627690632194748,0.9800982001236462
235.451,41.433,-6.5,235.423,41.609,-6.5,235.236,41.503,-4.6,0,5.326406191660204,10.19635469238816,6.8759482524872055,16.80011307070845,0.7809105774107137,0.6050115219058309
234.334,47.443,-4.7,234.49200000000002,47.584,-6.5,234.225,47.622,-4.5,0,2.4077654651166225,30.654165817970085,-6.373145249189072,32.69045823310243,-0.37705748126995664,0.9376640131930071
234.858,45.586,-4.2,235.065,45.682,-6.5,234.837,45.75,-4.2,0,-8.978585321557619,24.714441313830296,-12.328534718155847,26.139062969334077,0.7185984734425643,0.9446480098115974
235.405,41.082,-6.5,235.248,41.188,-4.2,235.184,41.056,-3.3,0,3.653591286769553,14.564848563929221,4.226837875924758,20.11065459551355,0.87525580111689,0.7231360069593579
234.399,45.761,0.0,234.643,45.671,-2.1,234.588,45.868,-2.1,0,-6.342687017669525,27.401849434731027,-9.275633642732188,28.10876818495431,0.669073279816159,0.974561525933661
234.575,44.008,0.0,234.535,43.831,0.0,234.755,43.911,-2.5,0,-11.628972606240875,17.77808999227334,-14.444563245238285,18.704408856234735,0.8047312714762576,0.9505304612037481
234.80700000000002,42.44,0.0,234.709,42.284,0.0,234.911,42.282,-2.2,0,-0.8158894759559105,11.827183198041876,-1.5626650056969424,14.584247386832558,0.39599174258426195,0.8124494743998413
235.35,41.961,-6.5,235.13299999999998,42.007,-4.5,235.166,41.851,-4.5,0,4.471592703218673,8.520471221377667,7.824305982329804,14.00040972804058,0.5807490375702287,0.6092794779608821
234.725,42.6,0.0,234.80700000000002,42.44,0.0,234.951,42.568,-2.7,0,3.283291781437947,6.684878948856984,11.080466571773584,7.851162303661283,0.3077215324958427,0.856325038643652
234.498,45.408,0.0,234.73399999999998,45.343,-2.4,234.674,45.523,-2.1,0,-9.820543081596464,25.23813643854455,-11.891834486491442,26.041915240995785,0.8185251376806919,0.9688077845223251
234.23000000000002,46.287,0.0,234.477,46.235,-2.0,234.422,46.406,-2.0,0,-0.8479409603253253,29.471866571890278,-8.069572849910651,30.10943749489743,0.08100090131880944,0.9786264759357954
235.04399999999998,45.859,-6.5,234.82,45.899,-4.3,234.837,45.75,-4.2,0,-7.117513373917644,25.835717208502345,-10.946322179138324,27.228843052368468,0.6376856473482091,0.9480410768813335
234.839,44.265,-2.7,234.635,44.171,0.0,234.787,44.08,-2.7,0,-12.712859780156192,16.709204685057394,-15.375574173115979,17.770164380103765,0.8265271069997244,0.9403429677795039
234.858,45.586,-4.2,234.643,45.671,-2.1,234.674,45.523,-2.1,0,-8.289123431423828,25.918770727897854,-10.760588069691368,26.873828075537155,0.7602244916573389,0.9640039810504608
234.643,45.671,-2.1,234.858,45.586,-4.2,234.837,45.75,-4.2,0,-9.336391940728346,25.11817741477689,-12.677034015870174,26.145798315414797,0.7270042646418936,0.9601417768613437
234.588,43.302,0.0,234.813,43.303,-2.4,234.756,43.43,-2.3,0,-0.9653528503333149,22.335434992472937,-1.7298065146991206,24.080304811917173,0.5563336826879378,0.9275886009329193
235.423,41.609,-6.5,235.189,41.661,-4.5,235.236,41.503,-4.6,0,6.250110389236876,9.65140791874619,8.203587820593981,15.825231192044384,0.7673242138765274,0.6078765289942637
235.048,42.708,-4.3,234.951,42.568,-2.7,235.112,42.551,-4.7,0,1.5190864075129964,8.534035536893555,7.7080771702280515,10.274716164443277,0.2163423624223633,0.8361456200790536
235.09300000000002,42.2,-4.3,235.281,42.312,-6.5,235.09699999999998,42.386,-4.2,0,1.1998424381687813,9.955692892460196,4.1236212640726535,13.648870700604448,0.32410661144491393,0.733318920209789
234.348,45.937,0.0,234.399,45.761,0.0,234.588,45.868,-2.1,0,-5.619756254092938,27.887596121611928,-9.162802068720033,28.510337379651094,0.5962597930178494,0.9779235479835954
233.957,47.165,0.0,233.997,46.987,0.0,234.215,47.089,-2.3,0,5.037062770144764,30.85409157383444,-11.000171816452093,31.684398829475676,-0.4615420214704264,0.973825101757343
233.209,48.92,-6.5,233.011,48.768,-3.0,233.2,48.754,-4.4,0,6.864125660481153,25.824279058612174,11.863641136677192,34.80261586329745,0.5768875660686265,0.7410686994555521
234.911,42.282,-2.2,234.709,42.284,0.0,234.862,42.16,-2.0,0,1.0723731381864279,11.590265367495872,2.8095856522942597,14.816919185730882,0.444445554248512,0.7840194987226353
235.13299999999998,43.729,-6.5,235.128,43.906,-6.5,234.924,43.814,-4.4,0,-5.671257412945282,18.02245339367001,-9.54184865656994,21.80474656705431,0.5934056184687901,0.8264394255765904
233.24200000000002,48.316,0.0,233.376,48.16,0.0,233.52100000000002,48.295,-2.7,0,0.7555822887104341,30.43697521922403,2.06717929279751,35.52750360825565,0.35554039803046905,0.8563695138673024
235.086,45.504,-6.5,234.858,45.586,-4.2,234.878,45.435,-4.1,0,-8.364322626231807,24.82739292954785,-10.689432048149293,26.384475286131206,0.7729135199588619,0.9401150081966801
234.594,47.42,-6.5,234.334,47.443,-4.7,234.43099999999998,47.282,-4.8,0,2.2207046970433306,30.882298336659577,-5.124831365095286,32.500656835004555,-0.4334894205990448,0.9501742785290905
234.643,45.671,-2.1,234.451,45.585,0.0,234.674,45.523,-2.1,0,-8.559797826459798,26.15988195411513,-11.093092390517636,26.90494368270561,0.7618066793328688,0.9719981192662106
235.125,44.972,-6.5,234.90300000000002,45.053,-4.2,234.911,44.883,-3.8,0,-8.043091418080758,23.47559572026648,-9.492903762048117,25.343641013232528,0.8399054898236998,0.9254393309542525
234.94299999999998,46.566,-6.5,234.893,46.74,-6.5,234.70600000000002,46.618,-4.8,0,0.6729190608810044,28.991445251521096,-7.588894645676625,30.547596857526113,-0.10841770373311167,0.948803928156881
234.997,46.213,-6.5,234.723,46.182,-4.0,234.833,46.068,-4.7,0,-3.3762240688608065,27.669125669945213,-8.424515206611,29.01748701242056,0.38104040174992376,0.9528967099236172
234.73399999999998,45.343,-2.4,234.537,45.231,0.0,234.767,45.17,-2.6,0,-12.018876119583998,23.567051921874075,-13.988368826753895,24.40818298179989,0.8542049425497988,0.9651914883541399
235.14,43.551,-6.5,235.13299999999998,43.729,-6.5,234.93,43.644,-4.4,0,-4.902020181111054,18.242307751093907,-9.297192916853149,22.06517772976042,0.5261495662651593,0.8266629053696719
235.184,41.056,-3.3,235.248,41.188,-4.2,235.05200000000002,41.214,-2.0,0,6.293433897573461,13.837385960707667,7.17020300749283,19.05682522101273,0.8834591548976342,0.7247538934794611
234.12900000000002,47.77,-4.4,234.287,47.911,-6.5,234.024,47.926,-4.5,0,-0.07075804691930744,30.634821592569015,0.5450475653503979,34.079461331086534,-0.15395371037340974,0.8987766877803708
233.997,46.987,0.0,234.248,46.938,-2.1,234.215,47.089,-2.3,0,3.051060725205777,31.74908401547649,-6.683683327612112,32.55746882524481,-0.4644301735058642,0.975198989928958
234.911,44.883,-3.8,234.90300000000002,45.053,-4.2,234.709,44.938,-1.9,0,-8.063545505547093,24.248592929866934,-9.245113082214477,25.57046087292584,0.8658304249753114,0.947814681688265
234.514,47.122,-4.8,234.688,47.254,-6.5,234.43099999999998,47.282,-4.8,0,0.48560282738839844,31.869155924584312,-1.29777121084744,33.30515553857874,-0.4455836873332387,0.9571035303720034
234.162,47.276,-2.5,233.957,47.165,0.0,234.215,47.089,-2.3,0,2.6733442365304216,32.252403441586445,-5.9072406610257495,33.24296199453519,-0.4587167713186024,0.9702699161145056
235.058,40.907,0.0,235.312,40.919,-6.5,235.184,41.056,-3.3,0,4.693699418080858,14.908541196210882,5.32245864764036,21.140859610067764,0.8912067628538686,0.7041288983630726
233.089,48.464,0.0,233.24200000000002,48.316,0.0,233.265,48.528,-2.5,0,2.5534883929952508,29.54974775574462,5.3249243860912046,35.71074929637205,0.4754481434346842,0.827001231737363
234.832,46.913,-6.5,234.769,47.085,-6.5,234.595,46.953,-4.9,0,1.8145942766579302,30.605323470834325,-5.312444051519497,32.064305892464546,-0.3626632361690357,0.9546336944684172
235.239,40.568,-6.5,235.01600000000002,40.553,0.0,235.122,40.45,-3.7,0,0.5580828761831701,8.292796755787206,0.7720242535400814,24.535860138396743,0.846714945984082,0.3359147473861216
234.924,43.814,-4.4,235.128,43.906,-6.5,234.933,43.993,-4.4,0,-7.394985802274361,17.9862864818767,-11.186635116873546,20.91058697242667,0.6603463565001342,0.8601075798559736
233.688,47.666,0.0,233.95,47.654,-2.2,233.84199999999998,47.804,-2.3,0,-0.10890720807709849,31.758438373083635,0.7225677616736839,34.12869076449488,-0.16590131342930478,0.9304336913583149
234.511,46.679,-3.5,234.64600000000002,46.791,-4.8,234.44,46.87,-3.4,0,2.5100184092817948,30.319480946882848,-7.764926142844203,31.237826997434393,-0.33789423001942087,0.970549764993969
234.951,41.067,0.0,235.058,40.907,0.0,235.184,41.056,-3.3,0,14.202361869981912,10.043880482660178,15.833733425727246,14.18509236387996,0.8989692798320905,0.7059748616747249
234.699,41.93,0.0,234.914,41.826,-2.0,234.923,42.001,-2.4,0,5.536751829337619,9.882978179895675,8.784071197621017,14.17638901464639,0.6410691841639489,0.6969176891893039
234.839,44.265,-2.7,234.787,44.08,-2.7,234.987,44.147,-5.0,0,-12.159771929493568,16.226103516465226,-15.420023642262464,17.720875637415773,0.7882240476426724,0.9156715325949945
233.804,47.505,0.0,234.047,47.495,-2.2,233.95,47.654,-2.2,0,1.0384786254440905,31.783929523603664,-3.5082568293991905,33.57294655002845,-0.2941831392321907,0.9466425875817319
232.848,49.185,-6.5,232.57999999999998,49.168,-4.2,232.813,49.027,-4.7,0,5.089844243537451,25.334819687505306,8.567130259275213,36.59532341992963,0.5920816701993404,0.6909124215782974
234.74,43.733,-2.4,234.93,43.644,-4.4,234.924,43.814,-4.4,0,-6.199807570116834,19.772765127037072,-9.315746670197427,21.937994703289334,0.6647519942796595,0.9013220239531468
235.201,42.842,-6.5,235.17700000000002,43.019,-6.5,235.013,42.979,-4.2,0,1.142115951826802,7.4677036156357355,6.361164341055741,8.963106006606068,0.19848829412118124,0.8403111707820935
234.575,44.008,0.0,234.755,43.911,-2.5,234.787,44.08,-2.7,0,-9.703308380045616,19.10625030026228,-12.078825606513433,20.289316892837334,0.8029414063096652,0.9417416466416575
234.32,46.758,-2.1,234.511,46.679,-3.5,234.44,46.87,-3.4,0,2.7251667385738982,30.523446032869956,-7.871344967461074,31.32352282442628,-0.3599405431702391,0.9744034035899036
234.933,43.458,-4.2,235.14,43.551,-6.5,234.93,43.644,-4.4,0,-3.970083788921671,19.594851793825384,-7.520139877240894,22.80628631888662,0.5267320497099757,0.8591588629053899
235.226,42.665,-6.5,235.048,42.708,-4.3,235.112,42.551,-4.7,0,1.161241808685269,8.23852748898706,7.362501628450929,10.131839991483162,0.17603882310484248,0.8198458039563323
233.589,47.833,0.0,233.688,47.666,0.0,233.84199999999998,47.804,-2.3,0,0.3571476550160534,31.51802170065245,-4.0772640927534916,34.11403586683382,-0.08477980878793966,0.9237740019255615
232.57999999999998,49.168,-4.2,232.57299999999998,48.99,-2.5,232.813,49.027,-4.7,0,4.9102797549421116,26.267222337528644,8.13537628945219,36.65277093711718,0.6013914200197669,0.715374984137621
234.024,47.926,-4.5,233.725,47.955,-2.3,233.84199999999998,47.804,-2.3,0,-0.009094684499495442,31.117718609067566,0.5781739161310728,34.38765460806548,-0.04269834675339172,0.9047406339999182
234.451,45.585,0.0,234.498,45.408,0.0,234.674,45.523,-2.1,0,-7.923610415522444,26.520071666809894,-9.842810187979127,27.228063694000692,0.7953794410436306,0.9737397487552603
234.957,43.141,-3.6,235.159,43.196,-6.5,235.003,43.296,-4.7,0,-1.7441797014953861,20.560488210436045,-5.000726653101083,23.85868320074313,0.34774728182794956,0.8617478835274457
235.14600000000002,43.373,-6.5,234.933,43.458,-4.2,235.003,43.296,-4.7,0,-2.804786411351924,19.996863931096357,-6.449231685076995,23.310395752641256,0.4336342629806459,0.8578297693671537
232.489,48.823,0.0,232.74200000000002,48.885,-2.5,232.57299999999998,48.99,-2.5,0,7.791476996389318,26.42027265670756,12.817622408911944,35.08598225193734,0.6063716991347529,0.7519347198969104
235.128,43.906,-6.5,235.124,44.084,-6.5,234.933,43.993,-4.4,0,-6.316942169089751,17.999928540616413,-9.670571030103702,21.604501335937897,0.6524486282120006,0.8330510703569881
234.64600000000002,46.791,-4.8,234.832,46.913,-6.5,234.595,46.953,-4.9,0,1.4358592147984817,30.688522006927045,-4.575094708447359,31.96406400648391,-0.3389601440092261,0.9601325389494145
234.024,47.926,-4.5,234.173,48.072,-6.5,233.893,48.09,-4.5,0,0.02304542116473182,30.13085019550231,1.532529231348338,34.42726176320968,0.002889919469695851,0.8749767933738637
235.12,44.262,-6.5,235.122,44.439,-6.5,234.936,44.401,-4.1,0,-7.872312748643743,18.22463996915258,-10.386547181194786,20.97406953585002,0.7575578089616565,0.8688251987013128
234.04500000000002,48.227,-6.5,233.786,48.221,-4.6,233.893,48.09,-4.5,0,0.6540064074358651,29.48601370087838,4.013547155924174,34.603414579012906,0.157216729640283,0.8517894098548999
233.725,47.955,-2.3,233.589,47.833,0.0,233.84199999999998,47.804,-2.3,0,0.009778331155707911,31.500917339300305,0.30374221430625425,34.553948952847,-0.01758934031243339,0.9114778406217181
233.725,47.955,-2.3,234.024,47.926,-4.5,233.893,48.09,-4.5,0,0.048232566356981595,30.696160836936343,1.241958830722675,34.523379891708764,0.02426382093666661,0.8889317217778296
234.933,43.458,-4.2,234.93,43.644,-4.4,234.736,43.555,-2.3,0,-4.404673132826705,20.53864107508816,-7.407580727700861,22.803856464010153,0.5936421811430871,0.9006885424972132
234.635,44.171,0.0,234.575,44.008,0.0,234.787,44.08,-2.7,0,-13.90167200354442,15.737254797501917,-16.704688012550378,16.56406640320857,0.8319214299093846,0.9501390167352862
234.588,44.699,0.0,234.628,44.53,0.0,234.791,44.646,-2.2,0,-9.741303565611807,23.381512192313178,-10.88638533138463,24.292924269639457,0.8914599166978866,0.9623255157247534
233.52100000000002,48.295,-2.7,233.376,48.16,0.0,233.588,48.137,-2.0,0,0.6016464272806284,30.549154796642483,1.9873665059333776,35.32096266781157,0.29216544851622883,0.8645846274043683
234.736,46.461,-4.7,234.94299999999998,46.566,-6.5,234.70600000000002,46.618,-4.8,0,0.23547465217294497,28.868283061145085,-8.152457406511175,30.206129708788016,-0.048498794166639395,0.9553911254270596
235.02100000000002,46.036,-6.5,234.997,46.213,-6.5,234.833,46.068,-4.7,0,-5.412170657326793,25.89703632661731,-11.881311143475639,27.525399228376727,0.44195227472794335,0.9399507315823376
234.422,46.406,-2.0,234.477,46.235,-2.0,234.638,46.35,-3.6,0,-0.8928172736457471,29.32264548209804,-7.72362856368574,30.07691612796099,0.09129166506284779,0.9746732358395022
235.166,41.851,-4.5,234.914,41.826,-2.0,235.058,41.755,-3.4,0,4.048322432713322,10.25957523149199,5.982523269652859,15.863449099291557,0.6887056217723215,0.646288033073779
234.971,46.389,-6.5,234.736,46.461,-4.7,234.826,46.311,-5.1,0,-1.2588626751088106,28.35024031371588,-7.9604599363682045,29.778007885713958,0.13699399745866633,0.9515461791919808
234.878,45.435,-4.1,234.858,45.586,-4.2,234.674,45.523,-2.1,0,-8.722583438310483,25.32673661505276,-11.002123677369234,26.452599965047355,0.7837216651901953,0.9568697789987344
234.921,42.84,-2.8,234.716,42.779,0.0,234.869,42.696,-2.0,0,1.7479215594112802,9.214067316851564,6.823820073925049,10.405227103041199,0.28261236981406407,0.8888397185945608
233.739,48.518,-6.5,233.488,48.49,-4.2,233.685,48.379,-4.9,0,2.276707388044056,28.284299855285774,5.583631548903975,35.18606468047196,0.40335714150296686,0.8033206490619956
234.173,48.072,-6.5,234.04500000000002,48.227,-6.5,233.893,48.09,-4.5,0,0.19253902458959465,29.516618685903918,2.2415180710532034,34.56134356577132,0.07644013119489368,0.8537490191524981
234.73399999999998,45.343,-2.4,234.878,45.435,-4.1,234.674,45.523,-2.1,0,-9.484643263647342,24.990603966637615,-11.60549531324154,26.018907107406072,0.8094621234857927,0.9599892771218084
235.312,40.919,-6.5,235.405,41.082,-6.5,235.184,41.056,-3.3,0,-5.518425247306934,14.475929312004238,-6.241919259332235,20.1477520430969,0.8761555429592023,0.7176797123596473
234.805,41.409,0.0,235.036,41.366,-2.2,234.963,41.518,-2.0,0,9.700463501748064,10.61031223650181,11.555858099875252,15.214808159668848,0.8429288553568447,0.6946648450870904
235.036,41.366,-2.2,234.872,41.236,0.0,235.05200000000002,41.214,-2.0,0,8.398119200459316,12.467916624507232,9.637647336158551,17.423739995215044,0.8754118590016354,0.7136315067785595
234.911,42.282,-2.2,235.09300000000002,42.2,-4.3,235.09699999999998,42.386,-4.2,0,1.515926159872053,10.43628622468534,4.554020009271312,13.752697457400558,0.3665846443542698,0.761982936044316
234.723,46.182,-4.0,234.997,46.213,-6.5,234.826,46.311,-5.1,0,-3.6497044296890664,26.79442626546798,-11.623167807540593,28.112855195022295,0.29864452292122523,0.9524835925506533
233.488,48.49,-4.2,233.52100000000002,48.295,-2.7,233.685,48.379,-4.9,0,2.36715945256695,28.966709006061297,6.079766231089435,35.07267811741513,0.3852531872031602,0.8254399598408072
234.709,42.284,0.0,234.66899999999998,42.108,0.0,234.862,42.16,-2.0,0,1.4917481171496023,11.750799548024611,3.3750434334556303,15.147157782902127,0.49248310840632603,0.7771686582677791
234.78199999999998,44.79,-2.1,234.588,44.699,0.0,234.791,44.646,-2.2,0,-14.284876490731964,20.471027546021553,-16.064265542380515,21.34751276406677,0.8866859330949886,0.9586344031960441
233.804,47.505,0.0,233.918,47.343,0.0,234.047,47.495,-2.2,0,0.5081310116594969,32.08310560494161,-1.4650890762459454,33.57295256743689,-0.34422563466179146,0.9555622263150734
235.44799999999998,41.256,-6.5,235.451,41.433,-6.5,235.276,41.348,-4.6,0,3.0575026777022773,12.407049763534367,3.7597937870710894,18.708198847344278,0.8248118892213473,0.6617575662366084
234.755,43.911,-2.5,234.924,43.814,-4.4,234.933,43.993,-4.4,0,-8.029347936110716,18.892385220012187,-11.141296765499703,20.907727161649944,0.7200990617559048,0.903626487726423
234.767,45.17,-2.6,234.90300000000002,45.053,-4.2,234.92700000000002,45.258,-4.5,0,-13.217060585896578,21.696859729960856,-15.519176838669235,22.900914307702067,0.8470719730371444,0.9467396982041202
234.755,43.911,-2.5,234.74,43.733,-2.4,234.924,43.814,-4.4,0,-7.751179356097909,19.417956652091405,-10.767079969503797,21.167752009893093,0.7193069275881904,0.9173712269824094
233.786,48.221,-4.6,233.902,48.378,-6.5,233.685,48.379,-4.9,0,1.0536787622330603,28.96849949656067,3.5306450035691013,35.02327667237568,0.29155075602746233,0.82670554980374
235.248,41.188,-4.2,235.44799999999998,41.256,-6.5,235.276,41.348,-4.6,0,4.391888807508428,13.223806131432413,5.207687039188755,18.889720426749875,0.851541155434131,0.6986654087864057
235.451,41.433,-6.5,235.236,41.503,-4.6,235.276,41.348,-4.6,0,7.098246713197829,10.766335360865808,8.739207316157604,16.503294197268133,0.8167951878097446,0.650276047622413
235.281,42.312,-6.5,235.253,42.489,-6.5,235.09699999999998,42.386,-4.2,0,1.5186208386181914,8.808275831803213,6.7218849760994885,11.910095633298965,0.24421915524314505,0.7453441488807815
235.048,42.708,-4.3,234.921,42.84,-2.8,234.869,42.696,-2.0,0,1.4061555687587806,9.01197335160667,6.613820504027643,10.403064921532717,0.23828285674961577,0.870611152485992
234.563,44.873,0.0,234.78199999999998,44.79,-2.1,234.709,44.938,-1.9,0,-6.7351772044951845,25.18864432619253,-7.520872483767743,26.147863424836636,0.8895293619470156,0.9630943171279167
235.226,42.665,-6.5,235.201,42.842,-6.5,235.048,42.708,-4.3,0,0.872100754992825,8.23092092155885,6.462684096973874,10.088508762237865,0.15578336858487957,0.8228974001589971
234.78199999999998,44.79,-2.1,234.911,44.883,-3.8,234.709,44.938,-1.9,0,-6.554690018305509,24.757429390590588,-7.433806408681846,26.000627007496643,0.8747601146962288,0.9518160799065122
234.595,46.953,-4.9,234.514,47.122,-4.8,234.377,46.998,-3.3,0,1.993795956802029,31.477125506604896,-4.72821017103378,32.543302375923304,-0.43894149584150577,0.9673331781810112
234.248,46.938,-2.1,234.32,46.758,-2.1,234.44,46.87,-3.4,0,2.1920984471994496,31.3690002152169,-5.445894181587725,32.159695019677685,-0.4178315055043911,0.975402542377823
234.951,42.568,-2.7,235.048,42.708,-4.3,234.869,42.696,-2.0,0,1.7451717429657336,8.477390282657938,7.988698024488059,9.935300503186255,0.23802162187644235,0.8581753870152107
234.477,46.235,-2.0,234.723,46.182,-4.0,234.638,46.35,-3.6,0,-2.3356367715519264,28.19075430481293,-10.122258835723105,29.029676376553375,0.21140296212993434,0.9707714211718003
232.309,48.956,0.0,232.57299999999998,48.99,-2.5,232.41500000000002,49.088,-2.1,0,3.9433608842517933,27.39673884187686,6.558028857031255,37.10899343149448,0.598488513765821,0.7370998703330552
233.39100000000002,48.789,-6.5,233.209,48.92,-6.5,233.2,48.754,-4.4,0,6.265823396546933,25.44847154411302,11.142254984650952,34.945275901419464,0.5605574682070454,0.7272775439942385
233.025,49.051,-6.5,232.848,49.185,-6.5,232.813,49.027,-4.7,0,6.079257366400488,24.64808288157232,10.273375102732825,35.929750249464064,0.5901009884655263,0.6846560850954467
232.74200000000002,48.885,-2.5,232.97899999999998,48.929,-4.8,232.813,49.027,-4.7,0,7.685354234807617,25.540361818988966,12.690392270865129,34.998157221164206,0.6041496889166443,0.7286065005522933
234.628,44.35,0.0,234.839,44.265,-2.7,234.773,44.422,-2.0,0,-7.071005733319577,20.716788332205898,-8.25719771149825,21.862758757675195,0.8560248930912582,0.9476259431656097
232.173,49.109,0.0,232.309,48.956,0.0,232.41500000000002,49.088,-2.1,0,1.2736310443329308,27.818259239103497,2.136238323751603,37.82776517021093,0.5873269661476685,0.7342083318372521
235.126,44.795,-6.5,234.911,44.883,-3.8,234.95999999999998,44.719,-4.4,0,-12.710647447883144,20.049284580870655,-15.157729092308234,21.850790569083188,0.834305031014123,0.9164623456335612
233.56799999999998,48.656,-6.5,233.39100000000002,48.789,-6.5,233.37099999999998,48.628,-4.5,0,5.39806117684688,26.159283535395073,10.435305071597284,34.73529204135468,0.5151208879272564,0.7523132895638489
234.32,46.758,-2.1,234.36700000000002,46.584,-2.0,234.511,46.679,-3.5,0,2.0544361531245197,30.510134621556315,-7.225204134187958,31.25858229094521,-0.30152637284967915,0.9759598536435705
234.736,46.461,-4.7,234.638,46.35,-3.6,234.826,46.311,-5.1,0,-1.0823965237368338,28.71437339458971,-8.138870566997195,29.826527305985692,0.1112913352163288,0.9623243944537493
234.716,42.779,0.0,234.725,42.6,0.0,234.869,42.696,-2.0,0,1.9609395003215015,9.600347168603648,7.088647065894065,10.857522421779606,0.3037121262992126,0.8870182931617342
234.736,43.555,-2.3,234.519,43.473,0.0,234.756,43.43,-2.3,0,-4.145585912600377,21.6113822908892,-6.457062408860665,23.098107770501585,0.6412863066775722,0.9356847139796088
235.123,44.617,-6.5,235.126,44.795,-6.5,234.95999999999998,44.719,-4.4,0,-8.48164712369231,18.400521380056524,-10.500698836841636,20.606872900428968,0.807587495966075,0.8928450585794437
235.122,44.439,-6.5,234.909,44.529,-3.8,234.936,44.401,-4.1,0,-7.6588694327626765,19.18240911436542,-9.532206304726856,21.28306334299691,0.8031734764009181,0.9012637455984479
233.902,48.378,-6.5,233.739,48.518,-6.5,233.685,48.379,-4.9,0,2.894929695226313,27.687315546532364,8.189579616881744,34.461859683761176,0.3502864335625377,0.8028959019481778
233.488,48.49,-4.2,233.56799999999998,48.656,-6.5,233.37099999999998,48.628,-4.5,0,3.413363573618787,27.582494655512452,6.987163984714618,35.353698878282444,0.4852317784238157,0.7795356314887527
234.628,44.53,0.0,234.628,44.35,0.0,234.773,44.422,-2.0,0,-8.80426892150533,20.145709986494612,-10.01385618795878,21.019874881559318,0.8789759723376691,0.9584567007220194
233.376,48.16,0.0,233.50900000000001,48.004,0.0,233.588,48.137,-2.0,0,0.45169389723036535,30.9571319064366,1.8887381587578282,35.16513202726256,0.22865151005134804,0.8800657291706133
234.787,44.08,-2.7,234.755,43.911,-2.5,234.933,43.993,-4.4,0,-9.000783069055847,18.795766943776055,-11.783967847506332,20.45832255613982,0.7633413823650668,0.9187675491724702
234.90300000000002,45.053,-4.2,235.113,45.15,-6.5,234.92700000000002,45.258,-4.5,0,-12.498142613875963,21.420661602271856,-14.982565584790047,23.043307881994295,0.828958702048589,0.928556981204486
234.70600000000002,46.618,-4.8,234.64600000000002,46.791,-4.8,234.511,46.679,-3.5,0,1.4791854923893881,30.196092297930335,-6.41642817840677,31.21652588928403,-0.251070658319114,0.9671958479233328
234.725,42.6,0.0,234.951,42.568,-2.7,234.869,42.696,-2.0,0,2.1755346851072903,8.783723001129973,8.319704117042647,10.159667185084544,0.2818963515660874,0.8683995489523113
234.872,41.236,0.0,234.951,41.067,0.0,235.05200000000002,41.214,-2.0,0,12.002229975674922,11.018290456967513,13.52891086195963,15.365720198385873,0.8896337686649489,0.7145926154140558
233.209,48.92,-6.5,233.025,49.051,-6.5,232.97899999999998,48.929,-4.8,0,6.656650500128816,24.776045092366065,11.327531597187326,35.270896765058325,0.5860913507289233,0.7012727449392747
234.914,41.826,-2.0,234.916,41.672,-2.1,235.058,41.755,-3.4,0,3.4541725129565153,11.048496498644178,4.858087658733012,16.689588047708014,0.7255451148519031,0.6614204205078693
234.36700000000002,46.584,-2.0,234.422,46.406,-2.0,234.566,46.524,-3.5,0,0.8929145047203751,29.79564040826506,-8.056149384126998,30.5324601871648,-0.13130662714013386,0.9756920966654905
233.183,48.63,-2.8,233.089,48.464,0.0,233.265,48.528,-2.5,0,3.352840816736983,28.83782349882324,6.450827618113299,35.72915983832514,0.5164052805143157,0.8065508118868053
233.37099999999998,48.628,-4.5,233.39100000000002,48.789,-6.5,233.2,48.754,-4.4,0,5.1792683517246045,26.51405942274991,9.521324751557133,35.18261582282837,0.5417301164969893,0.7527969927133631
234.566,45.053,0.0,234.563,44.873,0.0,234.709,44.938,-1.9,0,-14.90397430557334,21.191349936384878,-16.65940896821128,21.875575878476788,0.891862582605419,0.968495060165357
234.987,44.147,-5.0,234.787,44.08,-2.7,234.933,43.993,-4.4,0,-7.8287025722453105,19.09600189057562,-10.376491353112613,21.172173803635417,0.7539464955743878,0.9019472204111564
232.57299999999998,48.99,-2.5,232.57999999999998,49.168,-4.2,232.41500000000002,49.088,-2.1,0,4.064963090351883,26.754446716265537,6.778767261897667,37.101748103682354,0.5969497952520212,0.7198243727726603
232.57299999999998,48.99,-2.5,232.74200000000002,48.885,-2.5,232.813,49.027,-4.7,0,7.95330854024508,25.715116059290335,13.071267639533062,35.02397682931441,0.6070341570331093,0.7330235239315029
235.124,44.084,-6.5,235.12,44.262,-6.5,234.987,44.147,-5.0,0,-6.74135973020826,18.018215602828025,-9.67937156607924,21.45860558663297,0.6958667682237761,0.839556546543346
234.78199999999998,44.79,-2.1,234.791,44.646,-2.2,234.95999999999998,44.719,-4.4,0,-13.50926150762298,20.392436670728728,-15.532269339795493,21.597671361970136,0.8665975383988431,0.943643249242838
235.159,43.196,-6.5,235.14600000000002,43.373,-6.5,235.003,43.296,-4.7,0,-3.02509971534977,18.989328850391438,-8.534664845083569,22.725208633518093,0.35344679205897606,0.835556129453947
234.64600000000002,46.791,-4.8,234.595,46.953,-4.9,234.44,46.87,-3.4,0,1.8253496199711463,30.97939052988559,-5.121348620212608,32.00372305656502,-0.3762847673713877,0.9680052917125336
235.253,42.489,-6.5,235.226,42.665,-6.5,235.112,42.551,-4.7,0,0.9799325469210871,8.591279524579276,6.573142966490138,10.98247488838581,0.16910366704206772,0.7890489489794539
234.997,46.213,-6.5,234.971,46.389,-6.5,234.826,46.311,-5.1,0,-3.059091109233669,26.60004155397454,-11.511679374562316,28.252810621674556,0.25092715785177067,0.9407653258069648
235.189,41.661,-4.5,235.166,41.851,-4.5,235.058,41.755,-3.4,0,4.906035831740684,9.745387699886498,7.001723166359227,15.617889230423344,0.7092790879166128,0.622992769711207
234.82,45.899,-4.3,235.02100000000002,46.036,-6.5,234.833,46.068,-4.7,0,-6.081563316880003,26.15611218738163,-11.328153947165653,27.539573613841814,0.5230386676724307,0.9489981847034272
235.113,45.15,-6.5,235.1,45.327,-6.5,234.92700000000002,45.258,-4.5,0,-10.976230247222274,22.14995059050474,-13.49985023421365,24.132217255086935,0.8065224628996611,0.9166103513275707
235.17700000000002,43.019,-6.5,234.957,43.141,-3.6,235.013,42.979,-4.2,0,-2.267561281978396,19.852444499482377,-8.428260300920456,23.000957615239628,0.26888331318346176,0.8631060847524483
233.011,48.768,-3.0,233.183,48.63,-2.8,233.2,48.754,-4.4,0,6.335685140636039,26.79068329716562,11.161505350150005,34.859614274634865,0.565707966173016,0.767720503629633
234.839,44.265,-2.7,234.936,44.401,-4.1,234.773,44.422,-2.0,0,-7.017375317918303,20.295600339884388,-8.421807351251076,21.803942951299263,0.8328968003419296,0.9308459052607155
235.124,44.084,-6.5,234.987,44.147,-5.0,234.933,43.993,-4.4,0,-7.059549318799554,18.38874381706274,-10.039499735999016,21.35232270342209,0.7025548003605042,0.8611459789300063
235.09699999999998,42.386,-4.2,235.253,42.489,-6.5,235.112,42.551,-4.7,0,1.3175345866243897,9.018523220548818,6.587535231702901,11.610618303631213,0.22099116760574514,0.7824575182289509
235.1,40.384,-3.3,235.2,40.393,-6.5,235.122,40.45,-3.7,0,1.1541662734545426,4.52074857516719,1.5711836376564179,25.284545902172738,0.8083067657616476,0.17645775750903894
232.122,49.693,-3.3,232.06,49.636,0.0,232.174,49.619,-3.1,0,0.24470963277805832,26.255411604085428,0.47589500065132206,41.173210984318374,0.44516805611960636,0.6359373035972687
234.215,47.089,-2.3,234.248,46.938,-2.1,234.377,46.998,-3.3,0,2.615935663818188,31.703935241657227,-5.783264214707296,32.567300998467644,-0.4629313801922486,0.9735358409312727
234.736,46.461,-4.7,234.70600000000002,46.618,-4.8,234.566,46.524,-3.5,0,0.58275269398248,29.182454969481025,-8.532633369268707,30.212221245586576,-0.08746610858266246,0.9656673382299111
234.911,44.883,-3.8,234.78199999999998,44.79,-2.1,234.95999999999998,44.719,-4.4,0,-13.172750251672666,20.657981024400257,-15.241996080611967,21.98192041140056,0.8606446036656046,0.9390954557343296
232.97899999999998,48.929,-4.8,233.025,49.051,-6.5,232.813,49.027,-4.7,0,7.6760007170537135,24.667906087332987,12.846905232312906,34.92493292989151,0.5961145870867898,0.7050611045810588
234.933,43.458,-4.2,234.736,43.555,-2.3,234.756,43.43,-2.3,0,-3.8234051658015633,21.135932430871616,-6.503851688854539,23.131424768245637,0.5869154152176252,0.9137690420098625
233.183,48.63,-2.8,233.37099999999998,48.628,-4.5,233.2,48.754,-4.4,0,5.101649794379374,27.23399194610023,9.370566220711998,35.21324556319598,0.5420943918928164,0.772658597521519
234.566,46.524,-3.5,234.70600000000002,46.618,-4.8,234.511,46.679,-3.5,0,1.0403189803415898,30.07996309882999,-6.348455314234888,31.024483427959506,-0.18660360186193967,0.9693882516803414
234.595,46.953,-4.9,234.377,46.998,-3.3,234.44,46.87,-3.4,0,2.114027060636,31.316302449639135,-5.188177745221161,32.27623561005113,-0.4239127182091902,0.9703018039738109
234.638,46.35,-3.6,234.723,46.182,-4.0,234.826,46.311,-5.1,0,-2.340782970285619,27.947597342154467,-9.992421597879348,28.997777326605586,0.2156296670231297,0.9633554475815633
234.36700000000002,46.584,-2.0,234.566,46.524,-3.5,234.511,46.679,-3.5,0,1.2751768313234337,30.288732981280727,-6.628801087744771,31.087646734951875,-0.21384591800438058,0.9741573078081139
233.265,48.528,-2.5,233.488,48.49,-4.2,233.37099999999998,48.628,-4.5,0,3.2267332767276744,28.302294767536587,6.536343253739322,35.488534411646846,0.4901721052940355,0.7969088761262979
234.936,44.401,-4.1,234.909,44.529,-3.8,234.773,44.422,-2.0,0,-7.937530647523263,19.804028804865244,-9.459850974416256,21.293705577679702,0.8388007807484718,0.930054782936695
233.183,48.63,-2.8,233.265,48.528,-2.5,233.37099999999998,48.628,-4.5,0,3.7581487354366785,28.118616424317352,7.179197333591895,35.540175557777026,0.5204151646004359,0.7905373118489469
234.377,46.998,-3.3,234.248,46.938,-2.1,234.44,46.87,-3.4,0,2.358695013367592,31.484303035625725,-5.5094735670463635,32.33702183941121,-0.4417196420968371,0.9736558388283642
235.2,40.393,-6.5,235.239,40.568,-6.5,235.122,40.45,-3.7,0,-0.37701594745138833,6.852757138125872,-0.3271283682351225,24.87318951209116,0.8177413216371223,0.2730864555114395
232.34300000000002,49.605,-6.5,232.184,49.75,-6.5,232.174,49.619,-3.1,0,3.110243785268988,24.66825058040026,6.930298276922169,39.72129155182252,0.444927048054378,0.6191924075907889
235.0,40.375,0.0,235.1,40.384,-3.3,235.122,40.45,-3.7,0,1.2769694253981576,4.0441628241086764,1.690316952488132,25.449080410843607,0.8211949726679317,0.1566404655498279
232.184,49.75,-6.5,232.122,49.693,-3.3,232.174,49.619,-3.1,0,0.3205809148961728,25.579171794236828,0.6623658304752915,41.05071256868928,0.43452959958616716,0.621338545092381
232.34300000000002,49.605,-6.5,232.155,49.468,0.0,232.411,49.299,-3.8,0,-2.405441787649913,25.93808514127053,-4.776645527989434,39.22106288995313,0.509485351579198,0.6597504240398134
232.50900000000001,49.463,-6.5,232.34300000000002,49.605,-6.5,232.411,49.299,-3.8,0,4.164394957232356,24.39158360187284,8.066868228187701,37.65583966888721,0.513443860329642,0.6460023959410751
233.05200000000002,49.335,-11.5,232.678,49.324,-6.5,232.848,49.185,-6.5,0,5.08302861749626,23.244020994761765,9.20395816223786,36.97787237832016,0.5504319761619086,0.6269856521346431
233.05200000000002,49.335,-11.5,232.858,49.463,-11.5,232.678,49.324,-6.5,0,6.789668459879684,21.457803624397645,13.034736833661203,36.103952745035954,0.5196579117537538,0.592583061998546
235.2,40.393,-6.5,235.281,40.377,-9.0,235.30700000000002,40.454,-9.0,0,-2.636391326695428,4.950289211256129,-3.256725945876667,24.860173102400665,0.7704084948045345,0.19602242636278241
235.281,40.377,-9.0,235.362,40.361,-11.5,235.30700000000002,40.454,-9.0,0,-2.7198183668402334,4.782505832104663,-3.4762024703655925,24.838215315713697,0.74339142207267,0.18930638370584613
232.34300000000002,49.605,-6.5,232.67000000000002,49.595,-11.5,232.486,49.729,-11.5,0,5.103291134969901,21.88127082879046,11.384100125834491,37.79287633794536,0.44653023043803586,0.5770720538714197
232.858,49.463,-11.5,232.50900000000001,49.463,-6.5,232.678,49.324,-6.5,0,4.751700433444681,23.170826949728966,9.07997271592001,37.54996960987215,0.521227040371222,0.6153209542678936
232.858,49.463,-11.5,232.67000000000002,49.595,-11.5,232.50900000000001,49.463,-6.5,0,5.880823999660091,21.7259893658846,12.007198058667239,37.00666594745535,0.4882810870061976,0.5852357075421382
234.601,48.098,-11.5,234.392,48.043,-8.7,234.497,47.876,-8.7,0,0.27809147915252475,28.555998989459372,-1.575968631611385,34.08479782805835,-0.16673311674913696,0.8375603666286853
232.67000000000002,49.595,-11.5,232.34300000000002,49.605,-6.5,232.50900000000001,49.463,-6.5,0,4.026491720505307,23.203559781724284,8.348240613974504,38.25854807606702,0.4796861174964,0.6046631342413193
234.699,47.931,-11.5,234.601,48.098,-11.5,234.497,47.876,-8.7,0,0.5512831496383814,28.235988491425495,-2.477539572080964,33.88136396032848,-0.21695914867498545,0.8331486325370104
235.611,41.343,-8.7,235.821,41.375,-11.5,235.601,41.536,-8.8,0,3.240850476446106,9.363454538357308,4.576162041990216,17.9104049561912,0.7187756532384517,0.5211679347010431
234.699,47.931,-11.5,234.497,47.876,-8.7,234.591,47.714,-8.7,0,0.8081191810515441,29.162055447417156,-2.7894698270723453,33.63070907614437,-0.28623818572925336,0.8669657002299012
234.79000000000002,47.762,-11.5,234.699,47.931,-11.5,234.591,47.714,-8.7,0,1.1954505492137855,28.814942630772464,-3.7204142078435254,33.39276825017761,-0.31907784082956614,0.8627430585233113
235.293,43.465,-8.8,235.14600000000002,43.373,-6.5,235.34199999999998,43.238,-9.3,0,-2.6195348950017885,16.9941797641756,-8.693475058064678,22.711389251511022,0.30003268310227377,0.748056241038
235.821,41.375,-11.5,235.798,41.554,-11.5,235.601,41.536,-8.8,0,3.2328257081408287,7.815908359117347,4.932772008734958,17.37414306833051,0.6651645682021488,0.44821192749744604
234.49099999999999,48.262,-11.5,234.274,48.21,-8.8,234.392,48.043,-8.7,0,-0.004867076739074452,27.790349998519506,1.5412416121172985,34.46810997758268,-0.01640787859023733,0.8059228248670115
234.79000000000002,47.762,-11.5,234.591,47.714,-8.7,234.689,47.543,-8.7,0,1.0962127621803464,29.646577279410685,-2.9898323240930154,33.24323398193422,-0.3653308147286153,0.891693230972234
234.882,47.593,-11.5,234.79000000000002,47.762,-11.5,234.689,47.543,-8.7,0,1.3608379701140245,29.279168269009066,-3.585510152229535,33.03013771418169,-0.3787806975772925,0.8863091403325466
234.601,48.098,-11.5,234.49099999999999,48.262,-11.5,234.392,48.043,-8.7,0,0.05252281770592856,27.511760986242226,-0.42269510646170616,34.3542342451944,-0.07923604480055009,0.8005036651172578
235.483,43.335,-11.5,235.293,43.465,-8.8,235.34199999999998,43.238,-9.3,0,-2.0590134202062016,15.29298586887566,-8.752303720400107,22.72274846454934,0.2339155468093976,0.6726594581783786
234.887,47.204,-8.7,235.082,47.26,-11.5,234.793,47.377,-8.7,0,-0.26869111889009195,30.455295779565294,0.2726951172525034,33.27649966244345,-0.3695368292970876,0.915785725905166
235.082,47.26,-11.5,234.988,47.428,-11.5,234.793,47.377,-8.7,0,-0.5029229973002961,30.147908244035513,0.8678989282651273,33.439396480769304,-0.37125165419965767,0.902231288017358
234.969,47.028,-8.7,235.17000000000002,47.09,-11.5,234.887,47.204,-8.7,0,0.361280420889819,29.771253219136053,-1.7846081328800842,32.647748931157565,-0.2947448773708188,0.9123661125052352
235.281,42.312,-6.5,235.314,42.136,-6.5,235.49200000000002,42.189,-9.3,0,2.0578763379904093,7.9891146604308245,6.649094104741067,12.845676956444038,0.3224625596415297,0.6268974177577143
234.368,48.422,-11.5,234.137,48.377,-8.8,234.274,48.21,-8.8,0,0.413432270261457,26.916228037479573,2.766050858965584,34.78789298056873,0.14080703096128458,0.7732669433926151
235.281,42.312,-6.5,235.49200000000002,42.189,-9.3,235.461,42.355,-9.3,0,1.5009632839991849,7.770676571045985,6.373553949410848,12.479755212680118,0.24877079915208258,0.628912771950463
234.793,47.377,-8.7,234.882,47.593,-11.5,234.689,47.543,-8.7,0,0.686050497205678,29.942199682332447,-1.724899018070058,32.9622886910551,-0.3989997798782543,0.9082879860309115
235.601,41.536,-8.8,235.75,41.73,-11.5,235.55700000000002,41.719,-8.7,0,3.977537120947198,6.810140070513271,6.372131814015319,15.96377836733322,0.6314704547245813,0.42516729123465724
235.798,41.554,-11.5,235.75,41.73,-11.5,235.601,41.536,-8.8,0,4.434448628416794,6.383441991851512,7.1836868709703765,15.863045702931402,0.6237214850528121,0.4007792368778318
234.988,47.428,-11.5,234.882,47.593,-11.5,234.793,47.377,-8.7,0,0.47728944674172713,29.515534820126756,-1.2329406915936776,32.82009305481201,-0.39020246932104186,0.8992035769592355
235.17000000000002,47.09,-11.5,235.082,47.26,-11.5,234.887,47.204,-8.7,0,-0.10988301649649194,29.56421269322939,-0.23974272892908033,32.88736150879507,-0.30546373598289367,0.8995804109297891
235.046,46.843,-8.8,235.251,46.919,-11.5,234.969,47.028,-8.7,0,0.6330191843380769,28.628752260081548,-4.43287193300074,31.790568870025673,-0.17828620610692858,0.900757800293245
234.49099999999999,48.262,-11.5,234.368,48.422,-11.5,234.274,48.21,-8.8,0,0.15548237589044095,26.614899071949957,1.8095451307291412,34.68657840513755,0.07322307633005712,0.7668596463437535
235.55700000000002,41.719,-8.7,235.704,41.907,-11.5,235.523,41.862,-8.7,0,3.65926406830941,6.140290490374169,6.847216768815684,14.794233230971571,0.5416080459917805,0.4149734027575339
235.75,41.73,-11.5,235.704,41.907,-11.5,235.55700000000002,41.719,-8.7,0,3.6783513574755995,5.593107886817747,6.921352161748729,14.95240453337405,0.5382714092802956,0.37358903534002325
235.251,46.919,-11.5,235.17000000000002,47.09,-11.5,234.969,47.028,-8.7,0,0.10611906004714389,28.633660986464715,-1.4242017828983187,32.284249535587264,-0.19974869436585008,0.887352287226638
235.253,42.489,-6.5,235.281,42.312,-6.5,235.461,42.355,-9.3,0,1.2013926385954212,8.32691229216922,6.254060603071679,12.05587205029633,0.20862563346916801,0.6974146514308336
235.253,42.489,-6.5,235.461,42.355,-9.3,235.43200000000002,42.53,-9.3,0,0.8137481816117043,7.997759449475881,6.07779793794748,11.637296639578125,0.1499532309636569,0.6951889318448565
235.53,40.696,-11.5,235.269,40.744,-6.5,235.369,40.642,-9.0,0,-3.6077024061704233,12.762464679544363,-4.267723883135432,22.450447600604278,0.8242633564461566,0.5665576560963868
235.1,46.677,-8.7,235.309,46.744,-11.5,235.046,46.843,-8.8,0,0.015528185995912581,27.687879453330453,-4.302687153736612,31.28055714648646,-0.03940662529991459,0.8849138750361922
235.152,46.476,-8.9,235.356,46.567,-11.5,235.1,46.677,-8.7,0,-1.2685970995143556,25.504476887445843,-9.962609292387246,29.351133554321883,0.11307924275450994,0.8680436055556191
235.309,46.744,-11.5,235.251,46.919,-11.5,235.046,46.843,-8.8,0,0.19061618670165878,27.123307779251032,-5.323504248352089,31.273759092920482,-0.06534945177341406,0.8672711685584237
235.226,42.665,-6.5,235.43200000000002,42.53,-9.3,235.404,42.706,-9.3,0,0.4692334720152071,7.827264764573679,5.959456136743597,10.688631840388297,0.09627051439482609,0.7414074585009308
235.226,42.665,-6.5,235.253,42.489,-6.5,235.43200000000002,42.53,-9.3,0,0.7076660479230797,8.242890657712472,6.1595590940972045,11.09557427730698,0.1333557789371533,0.7508296868877712
235.589,41.146,-8.9,235.791,41.197,-11.5,235.611,41.343,-8.7,0,-0.4963486049158094,12.099719148879679,-0.5760382580652958,19.550627238712707,0.764791991635908,0.6177425416735718
235.356,46.567,-11.5,235.309,46.744,-11.5,235.1,46.677,-8.7,0,-0.6653540616318582,25.720774265829046,-7.200368881418909,30.36954667728025,0.07242044795247565,0.8462478784476529
235.38,42.89,-9.3,235.201,42.842,-6.5,235.404,42.706,-9.3,0,0.4295342875017037,7.444596760418661,5.63213134789919,9.844123377929094,0.09493092728126756,0.765959882010604
235.201,42.842,-6.5,235.226,42.665,-6.5,235.404,42.706,-9.3,0,0.5511787264232608,7.885749478152053,5.995783961030668,10.177105048986277,0.11129843397436061,0.783476966361272
235.72199999999998,41.026,-11.5,235.589,41.146,-8.9,235.495,40.956,-8.9,0,-4.89652571604237,13.374775056934247,-6.058031089995666,19.733111862257985,0.7977394324516329,0.6767041512855497
235.35899999999998,43.059,-9.3,235.17700000000002,43.019,-6.5,235.38,42.89,-9.3,0,0.6711336233557331,6.767935022302957,5.542087161421392,8.883305987984784,0.13833265632381933,0.7718674270008261
235.17700000000002,43.019,-6.5,235.201,42.842,-6.5,235.38,42.89,-9.3,0,0.7201517938542944,7.257589116760458,5.901418855079157,9.199944051434926,0.14036650333627793,0.7978747597081306
235.791,41.197,-11.5,235.821,41.375,-11.5,235.611,41.343,-8.7,0,-0.38651531772476233,10.51064315850256,-0.4625054554669248,19.083484028184927,0.7174195380588632,0.549515538898627
235.34199999999998,43.238,-9.3,235.159,43.196,-6.5,235.35899999999998,43.059,-9.3,0,-1.6916145936007125,17.63379701664558,-8.103319402447653,23.105036773647925,0.20790047350523394,0.7630245480504586
235.269,40.744,-6.5,235.53,40.696,-11.5,235.453,40.839,-9.1,0,-3.7767332760752037,13.63596420308961,-4.452349696802713,22.021662592179396,0.8296680890612119,0.6175627075774763
234.137,48.377,-8.8,234.197,48.561,-11.5,233.963,48.531,-8.9,0,2.605045182464861,25.43619313905418,9.209027985923962,34.14703957158376,0.28015695546950775,0.7442868619958819
235.22899999999998,45.96,-8.9,235.441,46.031,-11.5,235.20499999999998,46.135,-8.9,0,-5.615692714110775,23.088017654889843,-11.024458231454343,27.330005646634092,0.4978734570811658,0.8423825481101829
235.441,46.031,-11.5,235.414,46.21,-11.5,235.20499999999998,46.135,-8.9,0,-4.7933047790222005,22.48473566428065,-10.468840996780752,27.717118581421843,0.4462157356203383,0.8085342617581924
235.159,43.196,-6.5,235.17700000000002,43.019,-6.5,235.35899999999998,43.059,-9.3,0,-1.6264198933437173,18.528737674570586,-7.925485768834207,23.22006909166184,0.20468674534194511,0.7978490862487777
235.20499999999998,46.135,-8.9,235.414,46.21,-11.5,235.179,46.314,-8.9,0,-4.301758152755903,23.7939106564719,-10.792694039663385,27.965145895633054,0.38639572449930204,0.8487993278307154
235.414,46.21,-11.5,235.388,46.389,-11.5,235.179,46.314,-8.9,0,-3.691061526933079,23.08905320885449,-10.605032320408231,28.208473291791666,0.3361468566475079,0.8163206452012789
235.179,46.314,-8.9,235.388,46.389,-11.5,235.152,46.476,-8.9,0,-2.7752294636243633,24.616081773761668,-10.186265055761138,28.71584774444936,0.2590578810191729,0.8556848602146595
235.388,46.389,-11.5,235.356,46.567,-11.5,235.152,46.476,-8.9,0,-2.2048193813582992,24.090891248549685,-9.631457681701983,29.082549954412162,0.21517905693157904,0.826845214796609
235.452,45.851,-11.5,235.441,46.031,-11.5,235.22899999999998,45.96,-8.9,0,-7.0121191574923385,21.06168965673833,-12.850856901747353,26.13274836369098,0.5362153262340662,0.8028480606878894
234.368,48.422,-11.5,234.197,48.561,-11.5,234.137,48.377,-8.8,0,2.1352505628159353,24.875462540791663,9.7785425978047,33.7914390482416,0.21586820551186184,0.7355463481238466
235.452,45.851,-11.5,235.22899999999998,45.96,-8.9,235.245,45.778,-8.9,0,-7.360115108900166,22.03892778199631,-12.338173224086441,26.220025838481874,0.5865164090943307,0.8378826000381256
235.14600000000002,43.373,-6.5,235.159,43.196,-6.5,235.34199999999998,43.238,-9.3,0,-2.4643187388909253,17.957353923450984,-8.57278466659939,22.82658376364796,0.2863822792160348,0.7865527433335845
233.05200000000002,49.335,-11.5,232.848,49.185,-6.5,233.049,49.181,-8.9,0,6.111599563753409,22.546794308840887,11.09119059141383,36.25083539131216,0.5495966040062936,0.6203995062285316
235.589,41.146,-8.9,235.405,41.082,-6.5,235.495,40.956,-8.9,0,-4.75894024432876,13.937190007849647,-5.641134023429515,19.899596774931382,0.8336324662433333,0.6994129614875721
235.459,45.672,-11.5,235.452,45.851,-11.5,235.245,45.778,-8.9,0,-8.25711711302808,20.29771987523539,-13.411797670842095,25.298147213374854,0.6067549728868681,0.7990422073294073
235.459,45.672,-11.5,235.245,45.778,-8.9,235.25900000000001,45.6,-8.9,0,-8.317579670671584,21.346053739221517,-12.590245380014991,25.56476397759281,0.6511808251487498,0.8321915448749445
235.44799999999998,41.256,-6.5,235.589,41.146,-8.9,235.611,41.343,-8.7,0,-0.033045093168675065,12.770280184643529,0.021611436359989966,19.567987151065665,0.8037555599528116,0.651462721789104
232.34300000000002,49.605,-6.5,232.486,49.729,-11.5,232.29399999999998,49.76,-8.9,0,4.054913637457574,22.59608144997561,9.367944568883095,38.570625503782,0.4304051012926719,0.5839380709425752
235.464,45.492,-11.5,235.459,45.672,-11.5,235.25900000000001,45.6,-8.9,0,-9.088955180473272,19.586868009086206,-13.689443471540258,24.605665847867606,0.6553991511441488,0.7926016643305993
235.483,43.335,-11.5,235.475,43.514,-11.5,235.293,43.465,-8.8,0,-2.2465211166811128,13.739207439929192,-9.293743046233828,22.426049634661055,0.2402999180239833,0.6121380034795124
235.464,45.492,-11.5,235.25900000000001,45.6,-8.9,235.26999999999998,45.42,-8.9,0,-9.156113996013481,20.513360820351725,-13.040660886249794,24.79995997114893,0.6933489904070698,0.824243951157521
235.293,43.465,-8.8,235.475,43.514,-11.5,235.288,43.633,-8.8,0,-2.9995093623395244,14.308779738080887,-9.603982603838205,22.191534566984018,0.3108960097064186,0.6443336427623225
235.475,43.514,-11.5,235.465,43.694,-11.5,235.288,43.633,-8.8,0,-2.7078221451789544,12.859967355508934,-9.058024139349811,22.378271742428566,0.29743246323993294,0.5740349899250226
235.451,41.433,-6.5,235.611,41.343,-8.7,235.601,41.536,-8.8,0,3.7452952972761144,10.162018377519798,4.991225042181128,17.811325330814668,0.7594630312699138,0.5688293022239019
235.62900000000002,40.86,-11.5,235.72199999999998,41.026,-11.5,235.495,40.956,-8.9,0,-5.845855480966317,13.290039954620138,-7.354881978955234,19.849867268416176,0.784849088143257,0.668226206937826
235.46699999999998,45.312,-11.5,235.464,45.492,-11.5,235.26999999999998,45.42,-8.9,0,-9.670715604401764,18.82594637105346,-13.95374023824732,23.908401954878165,0.6848679937448606,0.7838598744498395
234.94299999999998,46.566,-6.5,235.152,46.476,-8.9,235.1,46.677,-8.7,0,-0.692852022340557,26.845389866166492,-10.182868017044221,29.450030410233076,0.053229376235457516,0.9109405855463814
235.704,41.907,-11.5,235.66,42.083,-11.5,235.505,42.02,-9.0,0,2.571236582897127,5.693097629186512,6.671389216849406,13.793010500323959,0.39319444521509295,0.41526925997757264
233.902,48.378,-6.5,234.137,48.377,-8.8,233.963,48.531,-8.9,0,2.5689757307986367,26.66851909538376,8.95465336195137,34.209880985340234,0.283995337676387,0.7790065232556683
235.46699999999998,45.312,-11.5,235.26999999999998,45.42,-8.9,235.27800000000002,45.242,-8.9,0,-9.746940977867903,19.66478278773154,-13.442714770757926,24.04373217609774,0.7168706036402333,0.8148378682680399
235.465,43.694,-11.5,235.461,43.874,-11.5,235.28199999999998,43.815,-8.8,0,-3.4750133544912254,12.10062548749597,-9.79197865225757,21.900324206227637,0.3535662945351582,0.5518004766395872
235.469,45.132,-11.5,235.46699999999998,45.312,-11.5,235.27800000000002,45.242,-8.9,0,-9.930141855680382,18.089168328250842,-14.080890067553991,23.28696176268688,0.6972566477935414,0.7730821922997357
234.197,48.561,-11.5,234.015,48.696,-11.5,233.963,48.531,-8.9,0,3.771547344393472,23.947137374191783,11.27565647502829,33.779831715331085,0.33236275752463756,0.7081934337424404
235.02100000000002,46.036,-6.5,235.04399999999998,45.859,-6.5,235.22899999999998,45.96,-8.9,0,-6.7383817839209454,24.667055659200592,-11.730136441937441,27.02103338394524,0.5626794241938541,0.91144480805544
233.963,48.531,-8.9,234.015,48.696,-11.5,233.788,48.668,-8.9,0,3.982200178382252,24.578773821451446,10.283692549518538,34.29939283298751,0.3849240033732844,0.7158502953576451
235.466,44.952,-11.5,235.285,45.061,-8.9,235.286,44.882,-8.9,0,-10.412476522283576,17.76650941164145,-14.358951668287947,22.40527613068908,0.7179059723860173,0.789525226618817
235.461,43.874,-11.5,235.461,44.053,-11.5,235.281,43.989,-8.8,0,-4.218417932642406,11.91346797980438,-10.271126927836335,21.517974033511535,0.40963967742626056,0.5528630950630509
234.997,46.213,-6.5,235.02100000000002,46.036,-6.5,235.20499999999998,46.135,-8.9,0,-5.20766600773807,25.32148935047513,-11.566246900727846,27.628477518270813,0.4373179482123664,0.9152295307286926
235.461,44.053,-11.5,235.461,44.233,-11.5,235.28,44.168,-8.8,0,-4.8600542410249155,12.421174917498007,-10.271001514041373,21.356337930140313,0.4723713671038444,0.5808360552125736
235.02100000000002,46.036,-6.5,235.22899999999998,45.96,-8.9,235.20499999999998,46.135,-8.9,0,-5.8481267733555935,24.55746327536495,-11.368979015442836,27.374245756516647,0.5022112571113451,0.8954598894592214
235.22899999999998,45.96,-8.9,235.04399999999998,45.859,-6.5,235.245,45.778,-8.9,0,-7.802997632769074,23.426627573613082,-12.673815686936873,26.244238626278943,0.6054412422526356,0.8908037357727021
234.137,48.377,-8.8,234.04500000000002,48.227,-6.5,234.274,48.21,-8.8,0,0.3677838667221195,28.138835344069737,2.506959246013764,34.81986428184263,0.13731871856746689,0.8077337264383824
234.997,46.213,-6.5,235.20499999999998,46.135,-8.9,235.179,46.314,-8.9,0,-4.265437354908695,25.23501271285284,-11.1347953790284,28.009098946807004,0.36990904209220804,0.8995645894719453
235.465,43.694,-11.5,235.28199999999998,43.815,-8.8,235.288,43.633,-8.8,0,-3.5470721414375346,13.681622250768974,-9.536005120943884,22.074578141200405,0.3705917486670313,0.6192437842066347
234.971,46.389,-6.5,234.997,46.213,-6.5,235.179,46.314,-8.9,0,-3.3241191610067795,26.029052119252082,-11.22146018218082,28.31016605555792,0.2822368624828288,0.9183954695994806
235.437,40.531,-11.5,235.239,40.568,-6.5,235.30700000000002,40.454,-9.0,0,-2.5110801319574096,8.73294275588547,-3.0296940500159906,23.928928362481997,0.7909697400303113,0.36228674045112297
235.461,44.053,-11.5,235.28,44.168,-8.8,235.281,43.989,-8.8,0,-4.96498530051843,13.501806223584724,-10.131137556703692,21.482986099277383,0.4891684707920679,0.6278603812277157
235.469,45.132,-11.5,235.27800000000002,45.242,-8.9,235.285,45.061,-8.9,0,-9.956988257829957,18.885587701595217,-13.599236182567036,23.414816613540467,0.724289035872839,0.8033773525990182
235.461,43.874,-11.5,235.281,43.989,-8.8,235.28199999999998,43.815,-8.8,0,-4.354791880557059,13.264106280612246,-10.127073107262078,21.644564411642364,0.4288727728615011,0.6122019128172543
234.971,46.389,-6.5,235.179,46.314,-8.9,235.152,46.476,-8.9,0,-2.4660858924483287,26.033620363644363,-10.528080384577192,28.768755166398506,0.21990227034398035,0.903872877155352
235.461,44.233,-11.5,235.461,44.413,-11.5,235.28,44.348,-8.9,0,-5.534440056831369,13.283591318418603,-10.270948159355711,21.18231042574331,0.5382886340929746,0.6263951885477556
235.04399999999998,45.859,-6.5,235.065,45.682,-6.5,235.245,45.778,-8.9,0,-8.02709350821206,23.932390013565907,-12.043733867288434,26.350695745501383,0.6560604920203316,0.9066691151267932
234.94299999999998,46.566,-6.5,234.971,46.389,-6.5,235.152,46.476,-8.9,0,-1.4395290002438064,26.717175295816844,-10.91710493325503,28.955029256489144,0.11742575365680404,0.9219925056090201
235.314,42.136,-6.5,235.35,41.961,-6.5,235.505,42.02,-9.0,0,3.1008897678936527,7.59667793491379,6.959286543815125,13.70075287719115,0.45557048612477313,0.5570084976103373
235.466,44.952,-11.5,235.469,45.132,-11.5,235.285,45.061,-8.9,0,-10.320838925130172,17.052855748999978,-14.703251215200012,22.340697054932306,0.6944622288039076,0.759329891211572
233.902,48.378,-6.5,234.04500000000002,48.227,-6.5,234.137,48.377,-8.8,0,1.0798257594808298,28.03745692480873,4.8555968583858276,34.767667498925604,0.21726973151414206,0.8059839176602211
234.893,46.74,-6.5,235.1,46.677,-8.7,235.046,46.843,-8.8,0,0.36211838392691725,28.90738938149876,-4.636488881299552,31.38029575535156,-0.1102835923428363,0.9210349689433341
235.461,44.413,-11.5,235.462,44.593,-11.5,235.28199999999998,44.525,-8.9,0,-6.216403659680233,14.139033483869195,-10.386992511698239,20.967745840558152,0.598147072254953,0.6737018725530023
235.72199999999998,41.026,-11.5,235.791,41.197,-11.5,235.589,41.146,-8.9,0,-3.652210560428567,12.456053150815796,-4.750905288113273,19.578499553082096,0.7553555777102603,0.6351319511838797
235.461,44.233,-11.5,235.28,44.348,-8.9,235.28,44.168,-8.8,0,-5.235717946508292,14.364281362300257,-9.447477039859393,21.634238590992794,0.553514916490911,0.6633734934200659
235.245,45.778,-8.9,235.065,45.682,-6.5,235.25900000000001,45.6,-8.9,0,-8.891086450063336,22.692027302056555,-12.91445142344352,25.586834187067666,0.679185138857431,0.8849099393692936
235.28,44.348,-8.9,235.461,44.413,-11.5,235.28199999999998,44.525,-8.9,0,-6.4406591991616375,14.802527222553632,-10.48561696877671,20.974255094678654,0.6138281510419478,0.7052250637730216
234.274,48.21,-8.8,234.173,48.072,-6.5,234.392,48.043,-8.7,0,-0.011054658253667452,28.876620175092725,1.215266401853933,34.495309495589325,-0.025059990302104533,0.836836098764022
233.788,48.668,-8.9,233.824,48.823,-11.5,233.607,48.799,-8.9,0,5.297421186202771,23.673507828562467,11.554285205504641,34.37335706668515,0.4566324403851277,0.6878258962557948
235.462,44.593,-11.5,235.463,44.773,-11.5,235.28300000000002,44.702,-8.9,0,-6.710566299022247,14.85483548750814,-10.386487641723221,20.808191767043596,0.6459199248632564,0.7133675125398286
235.25900000000001,45.6,-8.9,235.086,45.504,-6.5,235.26999999999998,45.42,-8.9,0,-9.8174607069794,21.823702815133633,-13.35194463331678,24.822764891083054,0.7269911888936783,0.8771187559914212
235.065,45.682,-6.5,235.086,45.504,-6.5,235.25900000000001,45.6,-8.9,0,-8.794489902158722,23.272704156995907,-12.078978795616985,25.810073136809116,0.7186468813636981,0.900045853450347
235.463,44.773,-11.5,235.466,44.952,-11.5,235.286,44.882,-8.9,0,-10.072008417568007,16.240773339404377,-14.700165871918209,21.79272108675233,0.6778283974846727,0.741050712076493
235.462,44.593,-11.5,235.28300000000002,44.702,-8.9,235.28199999999998,44.525,-8.9,0,-6.8769767958178605,15.509548074886645,-10.367557632381732,20.87629398063406,0.663088617011418,0.7424780624842905
234.832,46.913,-6.5,234.893,46.74,-6.5,235.046,46.843,-8.8,0,0.976158304210405,29.549347069526377,-5.398183231099754,31.569492223446247,-0.20696456774938302,0.9360036977223405
233.739,48.518,-6.5,233.963,48.531,-8.9,233.788,48.668,-8.9,0,4.003206237503052,25.842555812506273,10.061500877462905,34.35146860971422,0.39538514519913875,0.7516189915933061
234.893,46.74,-6.5,234.94299999999998,46.566,-6.5,235.1,46.677,-8.7,0,0.2841779800534506,28.465968848011965,-7.255464066044926,30.637763862429505,-0.05976940554231453,0.9287926510369464
234.015,48.696,-11.5,233.824,48.823,-11.5,233.788,48.668,-8.9,0,5.416742963445002,22.91456342320023,12.996101971930461,33.63390845474666,0.4151067615276007,0.6804298037904148
235.463,44.773,-11.5,235.286,44.882,-8.9,235.28300000000002,44.702,-8.9,0,-10.462709767183329,16.66672099526935,-14.844676501876478,21.525982166633504,0.6980570000849394,0.7705994139015517
233.739,48.518,-6.5,233.902,48.378,-6.5,233.963,48.531,-8.9,0,2.946497577154703,26.95967901210406,8.400856990259392,34.56298098086022,0.3476608966800349,0.7794391683900469
235.523,41.862,-8.7,235.704,41.907,-11.5,235.505,42.02,-9.0,0,3.1959098966172075,6.080016420861707,6.869225975707394,14.190354722982676,0.4728672017408516,0.4297284150689066
234.04500000000002,48.227,-6.5,234.173,48.072,-6.5,234.274,48.21,-8.8,0,0.17409172757526123,28.87499911658851,2.4966134654921497,34.63275602114411,0.06107517804654621,0.8334284908245215
235.44799999999998,41.256,-6.5,235.405,41.082,-6.5,235.589,41.146,-8.9,0,-0.9519960866737696,13.903707298095723,-1.0809680314352477,20.061483275387445,0.8330804620064203,0.6920520301362589
234.769,47.085,-6.5,234.969,47.028,-8.7,234.887,47.204,-8.7,0,0.5849131150713741,30.630698026099626,-2.094257802351109,32.786211291730304,-0.346918630236459,0.9346006823155202
233.56799999999998,48.656,-6.5,233.788,48.668,-8.9,233.607,48.799,-8.9,0,5.38565056486621,24.917231902626668,11.348852147637448,34.40377374664873,0.47255169725099744,0.7234315090760562
235.423,41.609,-6.5,235.451,41.433,-6.5,235.601,41.536,-8.8,0,4.732155136581997,9.389770509625338,6.388864914570945,16.87837616738588,0.7475875949439132,0.5544487615899367
234.392,48.043,-8.7,234.287,47.911,-6.5,234.497,47.876,-8.7,0,0.33778401104882244,29.490924380798972,-1.8249662443433294,34.06634010575151,-0.1773952996041435,0.8655098297272107
234.832,46.913,-6.5,235.046,46.843,-8.8,234.969,47.028,-8.7,0,1.0160895521507578,29.679530947018556,-4.696091779393594,31.91964296727764,-0.24670207196939434,0.9299712090916264
235.086,45.504,-6.5,235.1,45.327,-6.5,235.26999999999998,45.42,-8.9,0,-10.004359903485318,22.164942581115216,-13.062214109981863,24.786678480913807,0.7579378447441241,0.8924813559953249
235.285,45.061,-8.9,235.125,44.972,-6.5,235.286,44.882,-8.9,0,-11.30764477132993,19.071361360491693,-14.640368588406073,22.426784120669936,0.7660148936615403,0.8479201047493166
235.437,40.531,-11.5,235.53,40.696,-11.5,235.369,40.642,-9.0,0,-6.131189096099059,11.029508731431042,-7.706799025131488,21.951213540906792,0.782008759084701,0.49973775343981147
235.26999999999998,45.42,-8.9,235.1,45.327,-6.5,235.27800000000002,45.242,-8.9,0,-10.483295662754697,20.96032135274291,-13.745076309291125,24.06305044300528,0.7551887174632496,0.8688963411726418
235.423,41.609,-6.5,235.601,41.536,-8.8,235.55700000000002,41.719,-8.7,0,4.699719870291339,8.062436814445547,6.830597638469044,16.107045499802638,0.6946869118980319,0.4988293688606689
235.451,41.433,-6.5,235.44799999999998,41.256,-6.5,235.611,41.343,-8.7,0,2.6061555191703114,11.845979249328389,3.3174437787255897,18.750183798579002,0.7994445924422728,0.6303390150210358
233.56799999999998,48.656,-6.5,233.739,48.518,-6.5,233.788,48.668,-8.9,0,4.205690859379726,26.156318658915367,9.450672301647302,34.73046495966292,0.4424563730060117,0.7524137488920312
235.1,45.327,-6.5,235.113,45.15,-6.5,235.27800000000002,45.242,-8.9,0,-10.394788077536637,21.43149166283334,-13.211428812319996,24.178172210198568,0.7795192277812023,0.8845762305146699
233.824,48.823,-11.5,233.632,48.952,-11.5,233.607,48.799,-8.9,0,6.070357644232904,22.322049969965338,12.836482614889292,34.162958732288644,0.4713941723648308,0.6523885900662401
234.173,48.072,-6.5,234.287,47.911,-6.5,234.392,48.043,-8.7,0,0.02278965455277724,29.546913072428097,-0.06342378711156904,34.320877523716014,-0.09889329804893997,0.8606874547364146
234.688,47.254,-6.5,234.887,47.204,-8.7,234.793,47.377,-8.7,0,-0.13175885626706377,31.201358450674597,-0.024525928703138078,33.427265885072146,-0.4023725630952694,0.9338357092491061
235.269,40.744,-6.5,235.239,40.568,-6.5,235.369,40.642,-9.0,0,0.4486607893315052,12.107178002029157,0.6382847564561303,23.265028658958812,0.842116565622948,0.5187061177910204
235.312,40.919,-6.5,235.269,40.744,-6.5,235.453,40.839,-9.1,0,-0.9009422605106512,14.598972725173166,-0.9671434466300468,22.0315424922687,0.8602490243134385,0.6614236266501189
234.769,47.085,-6.5,234.832,46.913,-6.5,234.969,47.028,-8.7,0,1.484260037759527,30.28700092983635,-4.990786559463299,32.19322626874843,-0.3230532526558906,0.9410055934735181
235.27800000000002,45.242,-8.9,235.113,45.15,-6.5,235.285,45.061,-8.9,0,-10.759241460053184,20.195519887160746,-13.89257635917545,23.43741493395948,0.7674378719737311,0.8594040706067873
233.607,48.799,-8.9,233.632,48.952,-11.5,233.42000000000002,48.929,-8.9,0,6.163778215862265,22.868128871153754,12.193871140414265,34.60430744874047,0.5039499599168139,0.6597852590864626
235.113,45.15,-6.5,235.125,44.972,-6.5,235.285,45.061,-8.9,0,-10.60319229601532,20.66286304357002,-13.365844944383335,23.560166692627767,0.7865297645909918,0.8751017943164955
234.287,47.911,-6.5,234.389,47.747,-6.5,234.497,47.876,-8.7,0,0.5141200595161125,30.062378470734373,-2.106176713373223,33.874275367781486,-0.23888605905555682,0.8873354564812973
233.632,48.952,-11.5,233.439,49.079,-11.5,233.42000000000002,48.929,-8.9,0,6.681659350562472,21.624032129013383,13.158820108408364,34.49341486471018,0.5064853728886404,0.6257100925959941
235.389,41.785,-6.5,235.55700000000002,41.719,-8.7,235.523,41.862,-8.7,0,4.411037471361018,7.135464521383475,7.3058431516354005,14.924189448479439,0.6106344810780733,0.4774541857007276
235.125,44.972,-6.5,235.126,44.795,-6.5,235.286,44.882,-8.9,0,-11.633516600730038,19.194046503455493,-14.771844382855303,22.147158603584252,0.7817826744950502,0.8645481346397864
235.389,41.785,-6.5,235.423,41.609,-6.5,235.55700000000002,41.719,-8.7,0,4.589491901483727,7.985751656815162,6.888599781351104,15.658900739560693,0.6732112622785855,0.5086446603090837
235.126,44.795,-6.5,235.123,44.617,-6.5,235.28300000000002,44.702,-8.9,0,-8.075166382700205,17.611997946929822,-10.539062796357015,20.674692357204023,0.7660735077672305,0.8516840004465258
235.497,43.155,-11.5,235.34199999999998,43.238,-9.3,235.35899999999998,43.059,-9.3,0,-1.2411523940508007,16.13751416409068,-8.14087957901306,23.12835668964628,0.15158295897973648,0.6974310686601545
235.123,44.617,-6.5,235.122,44.439,-6.5,235.28199999999998,44.525,-8.9,0,-7.599341886545768,17.456477995776122,-10.308515496726926,20.949196014394175,0.7369177845602498,0.8330761194361059
233.39100000000002,48.789,-6.5,233.56799999999998,48.656,-6.5,233.607,48.799,-8.9,0,5.423783142404374,25.274834636262813,10.635898217247847,34.840500108436856,0.5079205188334789,0.724578552268949
233.439,49.079,-11.5,233.24599999999998,49.207,-11.5,233.232,49.058,-8.9,0,6.8413945256566215,21.17573792652025,13.03110650620486,34.99171096074595,0.5238287288580276,0.6037753335658501
235.122,44.439,-6.5,235.12,44.262,-6.5,235.28,44.348,-8.9,0,-7.248338027010975,17.04014644812466,-10.427428419569196,21.049055967167945,0.6946826800043383,0.8093189251062262
234.594,47.42,-6.5,234.793,47.377,-8.7,234.689,47.543,-8.7,0,0.803493053652054,30.548923372851522,-1.9537197031047562,32.95069945026289,-0.412827507565824,0.9270527397604845
234.688,47.254,-6.5,234.769,47.085,-6.5,234.887,47.204,-8.7,0,0.6014817655457175,31.155570848069715,-1.853611095019044,33.100233803236,-0.3935819166794734,0.9415923687419145
235.286,44.882,-8.9,235.126,44.795,-6.5,235.28300000000002,44.702,-8.9,0,-11.480213748174336,18.037668778136332,-15.122962640270234,21.544485829307263,0.753292718790461,0.8346220614049737
234.497,47.876,-8.7,234.389,47.747,-6.5,234.591,47.714,-8.7,0,0.9105896385909631,29.96752407364442,-3.033919781081014,33.59794807766086,-0.2973302470413948,0.8918292728379528
235.405,41.082,-6.5,235.312,40.919,-6.5,235.495,40.956,-8.9,0,-5.783427383653581,14.215304072513877,-6.685317316537464,20.072272167180472,0.8567124624263299,0.707215079028338
235.28300000000002,44.702,-8.9,235.123,44.617,-6.5,235.28199999999998,44.525,-8.9,0,-7.51575280902282,17.03618690411995,-10.32766769753637,20.874548757185778,0.7275214712850078,0.81586507652258
233.24599999999998,49.207,-11.5,233.05200000000002,49.335,-11.5,233.049,49.181,-8.9,0,6.905877784499549,20.894468030782654,13.106700832677667,35.3906610739343,0.5257602788839384,0.588816190834946
235.12,44.262,-6.5,235.124,44.084,-6.5,235.28,44.168,-8.8,0,-6.229509596174102,16.866627662655198,-9.71408102456411,21.538247961950248,0.6406202808570917,0.782850041503067
235.122,44.439,-6.5,235.28,44.348,-8.9,235.28199999999998,44.525,-8.9,0,-7.1851560607009874,16.57390732049836,-10.445631991788574,20.974735412564755,0.6874944913031562,0.7898893231803524
233.39100000000002,48.789,-6.5,233.607,48.799,-8.9,233.42000000000002,48.929,-8.9,0,6.304899732207455,24.136592905220997,11.997949610308273,34.63684692808657,0.5238370574955526,0.6958517650261782
233.42000000000002,48.929,-8.9,233.439,49.079,-11.5,233.232,49.058,-8.9,0,6.6029874418318135,22.259855742885232,12.394518394935778,34.986202054482234,0.5314007459739429,0.6349927813521945
235.537,42.797,-11.5,235.38,42.89,-9.3,235.404,42.706,-9.3,0,0.20094522337512855,6.972606171625087,5.201896242742322,9.978270226885428,0.05553198413472426,0.7100791328952974
235.49200000000002,42.189,-9.3,235.314,42.136,-6.5,235.505,42.02,-9.0,0,2.3965718324863348,7.386807036753386,6.570746284495073,13.375301558542901,0.3755281837072163,0.5561415899477345
234.389,47.747,-6.5,234.49200000000002,47.584,-6.5,234.591,47.714,-8.7,0,0.6509131075792001,30.52205412404211,-1.889707864942956,33.529849619714035,-0.3418130272479885,0.9102097030492743
235.28,44.168,-8.8,235.124,44.084,-6.5,235.281,43.989,-8.8,0,-5.807569524222086,15.694073435018986,-10.091684091884858,21.45825460124898,0.5746738512462727,0.7310164328389145
235.461,42.355,-9.3,235.59199999999998,42.439,-11.5,235.43200000000002,42.53,-9.3,0,0.6006964738991053,7.3686864899136015,5.649997482654101,11.796691634978998,0.12027838208454468,0.6333705472968786
235.35,41.961,-6.5,235.389,41.785,-6.5,235.523,41.862,-8.7,0,4.13149119815463,7.437128310200425,7.248622186838389,14.540724164990195,0.577716751865005,0.5116526952234738
235.124,44.084,-6.5,235.128,43.906,-6.5,235.281,43.989,-8.8,0,-5.639417552705581,16.522441272217623,-9.71166654001631,21.70455032545493,0.5797959162851395,0.7609770955984341
235.43200000000002,42.53,-9.3,235.562,42.618,-11.5,235.404,42.706,-9.3,0,0.26333207308857653,7.306504800094659,5.5336927406562495,10.839020226329296,0.06306164756149536,0.6844186788931247
234.594,47.42,-6.5,234.688,47.254,-6.5,234.793,47.377,-8.7,0,-0.3172781062646833,31.59066704793951,0.44700300806949755,33.71611463752635,-0.4208394053774898,0.9373399845593483
235.517,42.976,-11.5,235.35899999999998,43.059,-9.3,235.38,42.89,-9.3,0,0.38040701555186723,6.312806617960107,5.105367214623101,9.010055264144825,0.0905464388118928,0.7125401076943848
235.14,43.551,-6.5,235.14600000000002,43.373,-6.5,235.293,43.465,-8.8,0,-3.6153442134191094,17.254228530430616,-9.459518058042022,22.298367858125715,0.38092836866744156,0.7736221630385683
235.53,40.696,-11.5,235.62900000000002,40.86,-11.5,235.453,40.839,-9.1,0,-6.549321789738056,13.01706375116526,-8.152954085996555,20.511134510250614,0.7928733094024513,0.6328211382463439
235.281,43.989,-8.8,235.128,43.906,-6.5,235.28199999999998,43.815,-8.8,0,-5.187866200215608,15.467612721296407,-10.088123192590402,21.62486739644578,0.5132243426110336,0.7149113178955964
235.517,42.976,-11.5,235.497,43.155,-11.5,235.35899999999998,43.059,-9.3,0,0.40684854279581334,5.6912535193412905,4.786219755009228,8.593986819319355,0.09988412085435652,0.6748145293437272
233.209,48.92,-6.5,233.39100000000002,48.789,-6.5,233.42000000000002,48.929,-8.9,0,6.252293774261115,24.524080341893036,11.337671081583919,35.07119729720677,0.5497902452681923,0.6982191690461499
235.128,43.906,-6.5,235.13299999999998,43.729,-6.5,235.28199999999998,43.815,-8.8,0,-4.97546684490752,16.50456044070588,-9.584164458929067,21.92681029919349,0.5180294594797673,0.752457769490104
235.49200000000002,42.189,-9.3,235.626,42.261,-11.5,235.461,42.355,-9.3,0,1.234505491968953,7.010532135668731,5.941559505707886,12.649870690316021,0.2193326419572472,0.5608238027693719
234.591,47.714,-8.7,234.49200000000002,47.584,-6.5,234.689,47.543,-8.7,0,1.219424932015895,30.33523129733052,-3.225033275158541,33.221636689019874,-0.37719841639419,0.9130395204947099
235.14,43.551,-6.5,235.293,43.465,-8.8,235.288,43.633,-8.8,0,-3.700380274993892,16.220503395307457,-9.565261288761846,22.186454349238375,0.38552180097303995,0.7308368751846397
235.497,43.155,-11.5,235.483,43.335,-11.5,235.34199999999998,43.238,-9.3,0,-1.4140621431289937,14.820827191428977,-8.55117617178064,22.902898365096533,0.16421466366768656,0.6467033560296077
235.28,44.348,-8.9,235.12,44.262,-6.5,235.28,44.168,-8.8,0,-5.984227944572432,16.432744899318,-9.40720706723819,21.615394934883028,0.6355284672788107,0.7599027225120538
235.13299999999998,43.729,-6.5,235.14,43.551,-6.5,235.288,43.633,-8.8,0,-4.229078810089948,16.82029848689902,-9.339248305447896,22.19291791649141,0.45155494785895384,0.7576960571409759
235.66,42.083,-11.5,235.626,42.261,-11.5,235.49200000000002,42.189,-9.3,0,1.4774041489704663,6.357727069851832,5.828867697403695,13.169442067193387,0.2634824346496782,0.48813831535327135
235.626,42.261,-11.5,235.59199999999998,42.439,-11.5,235.461,42.355,-9.3,0,0.8010404012638482,6.840923422699808,5.775948433636955,12.189212043937317,0.15020679369322457,0.5692894072095951
235.537,42.797,-11.5,235.517,42.976,-11.5,235.38,42.89,-9.3,0,0.17373423947565306,6.44337938638308,4.814607258956613,9.583099158204163,0.05258686583699308,0.684663937532905
234.49200000000002,47.584,-6.5,234.594,47.42,-6.5,234.689,47.543,-8.7,0,0.8677809317067315,30.747664721125442,-2.149688821417435,33.15518827718989,-0.40389190349329285,0.9273297328670288
233.209,48.92,-6.5,233.42000000000002,48.929,-8.9,233.232,49.058,-8.9,0,6.78063642858474,23.53168886831054,12.205730648186286,35.011613454413066,0.5540899917575504,0.6709236167179189
235.59199999999998,42.439,-11.5,235.562,42.618,-11.5,235.43200000000002,42.53,-9.3,0,0.3108192389431777,7.067308435810942,5.458810926470505,11.32116717547592,0.07063248344434894,0.6343133720885242
235.562,42.618,-11.5,235.537,42.797,-11.5,235.404,42.706,-9.3,0,0.11731273277264041,6.920744239466701,5.122525306989388,10.462530178012543,0.038506619126537196,0.6729053924487097
233.025,49.051,-6.5,233.209,48.92,-6.5,233.232,49.058,-8.9,0,6.593218740780486,23.99003792683841,11.51013118978051,35.46156031581246,0.5713369103855677,0.6752624494765385
235.28199999999998,43.815,-8.8,235.13299999999998,43.729,-6.5,235.288,43.633,-8.8,0,-4.294883880665785,15.79029623406686,-9.497703493127318,22.05659294414427,0.4509405609138728,0.7155768189132087
232.848,49.185,-6.5,233.025,49.051,-6.5,233.049,49.181,-8.9,0,6.022890264358782,23.866400981531317,10.464871064591621,36.264531701464406,0.5739692209526867,0.6566877970674359
233.232,49.058,-8.9,233.24599999999998,49.207,-11.5,233.049,49.181,-8.9,0,6.90357566991346,21.79348472886438,12.718752258621862,35.301292476926804,0.5415711719298606,0.6159011271723924
235.239,40.568,-6.5,235.437,40.531,-11.5,235.369,40.642,-9.0,0,-2.697989023727127,10.530055081521976,-3.217916635063432,23.53449668655132,0.8056586257771036,0.4450491597214272
233.025,49.051,-6.5,233.232,49.058,-8.9,233.049,49.181,-8.9,0,7.107075292956502,23.058593988838656,12.535808831286658,35.34804091017022,0.5656403377765066,0.6509384728061225
235.495,40.956,-8.9,235.312,40.919,-6.5,235.453,40.839,-9.1,0,-4.697007876248738,14.374316959498378,-5.45771365573745,20.867626812278814,0.8487076694915712,0.6876450795708474
235.62900000000002,40.86,-11.5,235.495,40.956,-8.9,235.453,40.839,-9.1,0,-4.862053245620866,13.955264443319805,-5.885692285559372,20.772257582326162,0.8133598027938211,0.6704822185956377
232.24200000000002,49.807,-9.0,232.184,49.75,-6.5,232.29399999999998,49.76,-8.9,0,3.7075015593094514,23.02358135539514,9.044629815990639,39.26338810017166,0.40721390135826946,0.5844819463196745
235.35,41.961,-6.5,235.523,41.862,-8.7,235.505,42.02,-9.0,0,3.619390539526767,6.983753318168044,7.28079754504634,14.003462692062215,0.5051473621063773,0.5000472691117194
235.66,42.083,-11.5,235.49200000000002,42.189,-9.3,235.505,42.02,-9.0,0,2.0582451100649215,6.52410171663972,6.131524426768664,13.557807925626207,0.34540989350201545,0.48512556532547657
235.239,40.568,-6.5,235.2,40.393,-6.5,235.30700000000002,40.454,-9.0,0,-0.5659539842024625,7.086123651139763,-0.5627575349511176,24.568480310842062,0.8007191672151915,0.28592361609895334
232.184,49.75,-6.5,232.34300000000002,49.605,-6.5,232.29399999999998,49.76,-8.9,0,3.0588469040902817,23.70920621530853,7.0615655907780654,39.41953683201003,0.42945704725854994,0.5995912441893788
235.362,40.361,-11.5,235.437,40.531,-11.5,235.30700000000002,40.454,-9.0,0,-4.359147677439338,6.584885295573933,-5.68249476798448,23.941399589758205,0.7441787352398063,0.27161001592311745
232.486,49.729,-11.5,232.301,49.864,-11.5,232.29399999999998,49.76,-8.9,0,4.578950989189407,21.451372790417718,11.411331146395488,38.36577015037355,0.39948542589515645,0.5571898772130185
232.301,49.864,-11.5,232.24200000000002,49.807,-9.0,232.29399999999998,49.76,-8.9,0,3.632825579341666,22.230371696259557,9.173768510470195,39.233534931200694,0.393452414221458,0.5647013154285129
236.184,40.566,-16.5,236.152,40.789,-15.1,235.957,40.658,-14.8,0,-4.06163125284751,6.453729992648014,-15.240847298591348,16.287349559392617,0.25922533715974255,0.3922421786338199
235.66500000000002,40.558,-13.7,235.437,40.531,-11.5,235.589,40.434,-14.4,0,-10.04868389917258,6.764567151919274,-15.026864514656836,18.159546048678926,0.6608152324974295,0.3671772127162298
235.791,41.197,-11.5,235.953,41.067,-13.0,236.07999999999998,41.27,-14.3,0,1.582297676136733,9.739628417140311,2.7217166449211163,19.415899927601117,0.6062420632492436,0.5006570317440736
236.184,40.566,-16.5,236.338,40.699,-16.5,236.152,40.789,-15.1,0,-2.469884752085624,5.123206195736797,-16.263939384042033,15.10829744645416,0.14613061834109023,0.3351182325556177
235.821,41.375,-11.5,235.791,41.197,-11.5,236.07999999999998,41.27,-14.3,0,-0.7487801471893191,9.105437085294898,-1.0930515098069122,19.037550466485357,0.6297820171748596,0.4771169411730404
235.57999999999998,40.297,-16.5,235.762,40.409,-16.5,235.589,40.434,-14.4,0,-9.594023626190378,3.198949812821596,-18.712791040021955,15.338183123699963,0.5061717393155398,0.20021645859435383
234.252,48.806,-16.5,234.055,48.93,-16.5,234.015,48.696,-11.5,0,4.875096384773559,19.49603140457205,14.24136917819692,33.31974849374862,0.341026538866489,0.5842090728105703
234.055,48.93,-16.5,233.824,48.823,-11.5,234.015,48.696,-11.5,0,5.185474771380693,20.936856732779326,13.259103796332287,33.903210549855324,0.38963257495684256,0.616614013881419
235.29500000000002,47.575,-16.5,235.091,47.615,-14.3,235.188,47.383,-13.7,0,0.3314627255186931,26.56852339085614,-0.9811633895937053,32.653321286155744,-0.3397365064560244,0.8133388102698211
232.701,49.817,-16.5,232.486,49.729,-11.5,232.67000000000002,49.595,-11.5,0,4.781782866351035,19.66229592802346,11.65856538257248,37.56991685781635,0.4086438774337261,0.5214522773527622
232.885,49.684,-16.5,232.701,49.817,-16.5,232.67000000000002,49.595,-11.5,0,4.763455246697413,18.320094238535837,11.933274317256297,37.31781208656217,0.39785406069795987,0.4890689862033553
235.091,47.615,-14.3,234.988,47.428,-11.5,235.188,47.383,-13.7,0,-1.2344806992671429,28.627997971692903,2.849051209393263,33.54104062976017,-0.35531776339676063,0.8544190077823088
235.64600000000002,46.902,-16.5,235.578,47.074,-16.5,235.438,46.856,-13.6,0,-0.2541582414000359,21.194095601508213,-2.614418326939127,31.601410148092,0.02726294975647286,0.6711522843773866
232.885,49.684,-16.5,232.67000000000002,49.595,-11.5,232.858,49.463,-11.5,0,5.464386932681012,19.456838318224086,12.292971865478123,36.95044751011725,0.4432141585033045,0.5247175510270485
235.438,46.856,-13.6,235.578,47.074,-16.5,235.356,47.067,-13.7,0,-0.11640926130877023,23.591623998865092,-1.9305426468621363,31.889052150553724,-0.04110262488416734,0.7405050364922379
232.885,49.684,-16.5,232.858,49.463,-11.5,233.07299999999998,49.553,-16.5,0,5.366362861400823,18.05651954712544,12.565396761057885,36.69229780598778,0.42593634990300455,0.4903199269174905
234.055,48.93,-16.5,233.856,49.052,-16.5,233.824,48.823,-11.5,0,5.763013255344385,18.7970065658045,14.626434511982389,33.620902740373424,0.39289745262440723,0.5580497556722641
233.856,49.052,-16.5,233.632,48.952,-11.5,233.824,48.823,-11.5,0,5.740977561310101,20.3474236542275,13.086927753588036,34.45742146606281,0.4373858279456933,0.589433294395724
233.07299999999998,49.553,-16.5,232.858,49.463,-11.5,233.05200000000002,49.335,-11.5,0,6.2535679925653955,19.125839056676405,13.33015041524203,36.17352880220451,0.4680561324946037,0.5269636226087734
233.26600000000002,49.426,-16.5,233.05200000000002,49.335,-11.5,233.24599999999998,49.207,-11.5,0,6.417430686856435,19.074541520470728,13.339359363017998,35.7442309365117,0.48007111296329774,0.532021787484102
233.26600000000002,49.426,-16.5,233.07299999999998,49.553,-16.5,233.05200000000002,49.335,-11.5,0,6.003500852170467,17.729754252518546,13.516414114942776,35.94135044027195,0.44320394775959765,0.4916122860427031
233.45999999999998,49.299,-16.5,233.26600000000002,49.426,-16.5,233.24599999999998,49.207,-11.5,0,6.1271950011081024,17.727820685832956,13.60717052380987,35.47671705419073,0.449368555226826,0.4981685413912513
233.45999999999998,49.299,-16.5,233.24599999999998,49.207,-11.5,233.439,49.079,-11.5,0,6.381680356520952,19.2976681345412,13.265800391658608,35.33868188376354,0.48002560320838245,0.5446379721939809
233.856,49.052,-16.5,233.65699999999998,49.175,-16.5,233.632,48.952,-11.5,0,6.192295863104129,18.244977949003456,14.503842242523739,34.17149719840715,0.42595225726779773,0.532732439833069
233.65699999999998,49.175,-16.5,233.45999999999998,49.299,-16.5,233.439,49.079,-11.5,0,6.331049411995914,17.85716517846399,14.224125615930003,34.765611253305366,0.44417877543635453,0.5122788673317498
233.65699999999998,49.175,-16.5,233.439,49.079,-11.5,233.632,48.952,-11.5,0,6.263868369040022,19.688274717352318,13.400019969731218,34.81751534265402,0.4663382442906301,0.5642174245267584
235.872,40.885,-13.0,235.62900000000002,40.86,-11.5,235.765,40.729,-13.2,0,-8.28639065381652,10.780807347765299,-12.113719715507784,17.904273933476865,0.6762992803821415,0.5998314372143324
235.762,40.409,-16.5,235.66500000000002,40.558,-13.7,235.589,40.434,-14.4,0,-8.714326443202602,5.678193795164425,-15.744722677055734,17.71974422060172,0.5450404150070123,0.3143885177454927
236.07999999999998,41.27,-14.3,235.953,41.067,-13.0,236.171,41.092,-14.8,0,2.2211760941511454,8.396978794903806,4.567999651470615,19.194871357695376,0.5011394364847047,0.4367377259151297
235.872,40.885,-13.0,235.765,40.729,-13.2,235.98399999999998,40.797,-14.1,0,-7.470145079547196,9.653420865012574,-12.877850382659005,17.416289640870865,0.5720533926653373,0.5516205315798004
235.821,41.375,-11.5,236.07999999999998,41.27,-14.3,236.01600000000002,41.447,-14.3,0,4.395554080738421,6.470602299678651,7.9296009150238405,16.82989357644766,0.5609753844263057,0.38325429467104816
235.999,41.908,-16.5,235.704,41.907,-11.5,235.902,41.803,-14.4,0,2.1764610388963916,3.6248193574105003,6.000551415610261,14.729566015278294,0.37000572253909775,0.24681133980111558
235.704,41.907,-11.5,235.999,41.908,-16.5,235.813,42.029,-13.8,0,1.780800289448527,3.8871980386952907,5.505214406417679,14.495540072475535,0.3312143871849557,0.26984702715060566
235.503,46.651,-13.7,235.697,46.726,-16.5,235.438,46.856,-13.6,0,-0.9398878218732895,20.38666637235834,-6.034532442550919,30.567051018327067,0.13256625394884025,0.6661955366242264
235.697,46.726,-16.5,235.64600000000002,46.902,-16.5,235.438,46.856,-13.6,0,-0.7230353556790561,19.505116695298327,-5.563385930646495,30.844645709690614,0.10298288772423712,0.632118369800694
235.578,47.074,-16.5,235.49200000000002,47.243,-16.5,235.356,47.067,-13.7,0,-0.2732643565841358,23.492922164167332,0.42490044930274706,32.292593425224375,-0.10478966423336958,0.7286867646085996
235.356,47.067,-13.7,235.49200000000002,47.243,-16.5,235.27800000000002,47.225,-13.7,0,-0.20395133842383767,25.45046896056445,-0.12354491227171494,32.53406818365877,-0.17062117866674595,0.7834268377663827
235.975,40.484,-16.5,236.184,40.566,-16.5,235.957,40.658,-14.8,0,-5.070867653426742,3.499681257448495,-20.675784893508506,9.777646459883258,0.2409351743798339,0.3489938178130529
235.53,40.696,-11.5,235.437,40.531,-11.5,235.66500000000002,40.558,-13.7,0,-5.964747085961873,10.212384044098783,-8.118703685169862,21.590916952849298,0.7197931488655661,0.4699483190874536
235.537,46.492,-13.8,235.739,46.55,-16.5,235.503,46.651,-13.7,0,-2.2545234327119545,18.113448679731757,-9.290683610157991,29.144187217628435,0.23065430477211335,0.6193623961742348
235.27800000000002,47.225,-13.7,235.39600000000002,47.41,-16.5,235.188,47.383,-13.7,0,-0.7373925478448388,26.66143746685204,1.8347762035604127,33.02215401779393,-0.2704081599978448,0.808597909532579
235.49200000000002,47.243,-16.5,235.39600000000002,47.41,-16.5,235.27800000000002,47.225,-13.7,0,-0.7125240929405726,25.10379138521866,2.1164403310796125,32.77664416432025,-0.21763540768071926,0.7672751223206207
235.739,46.55,-16.5,235.697,46.726,-16.5,235.503,46.651,-13.7,0,-1.550474559042149,17.236690407167362,-7.023936246370141,29.963609620144144,0.2038732788557228,0.5735845411823124
235.72199999999998,41.026,-11.5,235.62900000000002,40.86,-11.5,235.872,40.885,-13.0,0,-5.690126984655166,12.348181491357332,-7.848696765190084,19.558761059629816,0.7140396528711305,0.6298452177758953
235.767,42.348,-14.2,235.626,42.261,-11.5,235.814,42.16,-14.3,0,0.7881354920949982,5.285199468695427,5.522089598647028,12.725241417351896,0.1509105192228107,0.422315379841715
235.924,42.261,-16.5,235.767,42.348,-14.2,235.814,42.16,-14.3,0,0.5620200874509421,4.4477892527123455,5.131933685921382,12.802009905882016,0.11666738604867075,0.354211471232095
235.39600000000002,47.41,-16.5,235.29500000000002,47.575,-16.5,235.188,47.383,-13.7,0,-1.1804590258575927,26.153442449837918,3.0626442652587613,33.24919348018699,-0.30275954939235633,0.7878467552991057
235.765,40.729,-13.2,235.957,40.658,-14.8,235.98399999999998,40.797,-14.1,0,-7.309419132614734,8.572750197036477,-14.293559191162728,16.814618685804042,0.5035413133214163,0.5063873200644826
234.882,47.593,-11.5,235.091,47.615,-14.3,234.99599999999998,47.78,-14.3,0,0.8925869464419073,27.754276545026695,-2.422729914543247,33.009932552483676,-0.36739125563741454,0.840548983265838
235.798,41.554,-11.5,235.821,41.375,-11.5,236.01600000000002,41.447,-14.3,0,2.5824737510430724,6.782278121589546,4.409872008835066,17.603095237287192,0.5972537040524056,0.38384665238315646
234.79000000000002,47.762,-11.5,234.882,47.593,-11.5,234.99599999999998,47.78,-14.3,0,1.207409948717082,28.1864258517882,-3.325414196347346,33.11712592035664,-0.36169202251490734,0.8509092314607994
234.79000000000002,47.762,-11.5,234.99599999999998,47.78,-14.3,234.899,47.95,-14.3,0,0.8372157583309803,27.312786356665853,-2.5289343456231883,33.402702428608904,-0.3279403490811961,0.8174143646350329
235.953,41.067,-13.0,235.72199999999998,41.026,-11.5,235.872,40.885,-13.0,0,-4.187888868616474,11.676346284294821,-6.256538867533976,19.67227568816061,0.6557754927415742,0.5922372137353038
235.791,41.197,-11.5,235.72199999999998,41.026,-11.5,235.953,41.067,-13.0,0,-3.677495423128506,11.462468103930412,-5.247826128540964,19.384819171527937,0.6870301000006988,0.590162453536566
234.882,47.593,-11.5,234.988,47.428,-11.5,235.091,47.615,-14.3,0,0.36361891423717235,28.51052910087235,-0.9727430212440265,32.89112115826719,-0.3757974537409893,0.8666345445500958
234.699,47.931,-11.5,234.79000000000002,47.762,-11.5,234.899,47.95,-14.3,0,1.0444638197110274,27.61131768956812,-3.4604126793009016,33.507020205171564,-0.29885228865312524,0.8238001093654608
235.764,45.835,-16.5,235.59199999999998,45.948,-13.8,235.61700000000002,45.743,-14.1,0,-6.4401064707290505,15.30772915759691,-12.943034389418873,25.52898808513779,0.4894418844080637,0.5945160979360866
236.338,40.699,-16.5,236.372,40.874,-16.5,236.152,40.789,-15.1,0,-0.6603518545075221,7.071551028419164,-3.5965959073355975,21.340269463835142,0.15919483926595407,0.3301304594419369
235.59199999999998,45.948,-13.8,235.452,45.851,-11.5,235.61700000000002,45.743,-14.1,0,-7.074970220036495,17.570235780551407,-13.191178726759393,25.548708000081405,0.5278717264382977,0.6831995099178274
234.699,47.931,-11.5,234.899,47.95,-14.3,234.80200000000002,48.108,-14.3,0,0.362685492318822,26.65029289963312,-1.4356716729438652,33.87680223950988,-0.24344689102907013,0.7863616025817061
235.798,41.554,-11.5,236.01600000000002,41.447,-14.3,235.95999999999998,41.624,-14.4,0,4.030097932541945,4.933142036489406,7.648635538653167,15.950417896190856,0.5332760454825319,0.30789391398776295
235.753,46.371,-16.5,235.739,46.55,-16.5,235.537,46.492,-13.8,0,-3.262831490683032,15.220377929467672,-11.53262898365669,27.95805683335078,0.27456418945424105,0.5413087281648586
235.753,46.371,-16.5,235.537,46.492,-13.8,235.561,46.308,-13.8,0,-3.242497898051785,17.04514056117033,-10.262083648356274,28.301660358332914,0.30625289189055854,0.5989492355292474
234.601,48.098,-11.5,234.699,47.931,-11.5,234.80200000000002,48.108,-14.3,0,0.4482315944132099,26.931122548427677,-2.2180879845928843,34.019132758059925,-0.19505005730782052,0.7913353869425074
235.53,40.696,-11.5,235.66500000000002,40.558,-13.7,235.765,40.729,-13.2,0,-8.969053122559073,9.741282731579137,-13.032361647844255,18.465841176314285,0.679819570288578,0.5240478833804538
232.52100000000002,49.954,-16.5,232.411,49.909,-14.0,232.527,49.856,-14.7,0,3.7432657617419696,18.340423313922948,10.824775189615263,38.22519512023077,0.3442184381015581,0.47791984075595106
235.75,41.73,-11.5,235.95999999999998,41.624,-14.4,235.902,41.803,-14.4,0,3.325828734562766,4.039713483152578,7.1394204031054045,15.150831459871284,0.47234919126377956,0.26588142027879924
235.75,41.73,-11.5,235.798,41.554,-11.5,235.95999999999998,41.624,-14.4,0,3.5765952309687954,5.03430871420787,6.6813451620890305,15.874582922830882,0.5423685576339061,0.3158456707274847
235.957,40.658,-14.8,236.152,40.789,-15.1,235.98399999999998,40.797,-14.1,0,-5.868819655192441,7.422471086118431,-14.989682795054648,15.974357766940031,0.38441702740586703,0.4611350021200865
235.62900000000002,40.86,-11.5,235.53,40.696,-11.5,235.765,40.729,-13.2,0,-6.375850697725475,12.164117504688493,-8.606012817789974,20.29433212345154,0.7291333224203635,0.5972558843255846
235.66500000000002,40.558,-13.7,235.762,40.409,-16.5,235.834,40.575,-14.8,0,-9.497187931010904,5.192626038532338,-18.706292631499707,13.980880652281428,0.501704657375744,0.36409722953777884
235.762,40.409,-16.5,235.975,40.484,-16.5,235.834,40.575,-14.8,0,-8.004412045247431,3.289444930460732,-21.190257101860766,9.891568090867352,0.37333587407801216,0.3217926503310767
234.49099999999999,48.262,-11.5,234.601,48.098,-11.5,234.692,48.276,-14.3,0,0.02982810539769838,26.077862498885068,-0.16218679608298814,34.499119704591216,-0.05868264028277644,0.7554943396520952
235.757,46.192,-16.5,235.753,46.371,-16.5,235.561,46.308,-13.8,0,-4.480608172997744,14.40184767341334,-13.038893829640418,26.738947433370548,0.33667771957232034,0.5343925672710226
235.757,46.192,-16.5,235.561,46.308,-13.8,235.577,46.123,-13.8,0,-4.412684761994132,16.36813244003657,-11.484284365183695,27.2953525778955,0.37581784686381325,0.59545412940708
234.252,48.806,-16.5,234.015,48.696,-11.5,234.25400000000002,48.682,-14.2,0,4.274609541286294,20.643218310612934,13.439749866549448,33.42732331491621,0.3165576507428958,0.6167098125145599
235.975,40.484,-16.5,235.957,40.658,-14.8,235.834,40.575,-14.8,0,-6.700722932270109,5.7036435568116675,-17.788477233532433,14.455756168206733,0.37014132540758277,0.3884728990321324
234.692,48.276,-14.3,234.601,48.098,-11.5,234.80200000000002,48.108,-14.3,0,0.07120765534216777,25.793383354233935,-0.4300253649599899,34.31642229001527,-0.12280728579799188,0.7512364959554715
234.56,48.407,-13.8,234.625,48.547,-16.5,234.42000000000002,48.553,-14.1,0,1.1540453268709931,21.92871761826276,8.842862229567203,34.01348486022073,0.1280880032432947,0.6440431997463634
235.704,41.907,-11.5,235.75,41.73,-11.5,235.902,41.803,-14.4,0,2.910674946136739,4.4824939895891704,6.439218392469769,14.960596720309496,0.45915208346060465,0.2995951701692255
232.486,49.729,-11.5,232.701,49.817,-16.5,232.527,49.856,-14.7,0,4.417050682872738,18.901006656460414,11.664325793630233,37.76462192454843,0.3772192216764058,0.4985972857484825
235.953,41.067,-13.0,236.05700000000002,40.92,-14.1,236.171,41.092,-14.8,0,-1.1508109482616102,9.660969813611636,-2.1880128528395915,20.26973321299937,0.4871871248319298,0.47562308345323273
235.999,41.908,-16.5,235.957,42.084,-16.5,235.813,42.029,-13.8,0,1.2761251920075123,3.2039239698480952,5.3601639000459045,14.149617499865002,0.24525884534790132,0.22889350781639664
235.626,42.261,-11.5,235.66,42.083,-11.5,235.814,42.16,-14.3,0,1.1849576269157491,5.467900418408556,5.420153957556721,13.32503612468011,0.2275329267854924,0.41568903060923124
235.75900000000001,46.013,-16.5,235.757,46.192,-16.5,235.577,46.123,-13.8,0,-5.342691862883908,14.22020531308711,-13.32269110297213,26.06347790077534,0.39406680998053256,0.5407096469855183
235.251,46.919,-11.5,235.438,46.856,-13.6,235.356,47.067,-13.7,0,-0.04718555578273943,25.56731692708428,-2.296646284318296,31.859390414298925,-0.05973262635553653,0.8029226918183507
235.75900000000001,46.013,-16.5,235.577,46.123,-13.8,235.59199999999998,45.948,-13.8,0,-5.142218171528131,16.14027821565539,-11.524998868332448,26.770745481566152,0.43753019065010307,0.598222910541477
234.368,48.422,-11.5,234.56,48.407,-13.8,234.42000000000002,48.553,-14.1,0,1.2113784205786473,23.514485638552,8.461488768398597,34.187149246910984,0.14049445277498684,0.6871943039772995
235.924,42.261,-16.5,235.89600000000002,42.439,-16.5,235.767,42.348,-14.2,0,0.21228023157006012,4.455890401850973,4.193427003684548,12.570045631931038,0.05822302374237955,0.3625015035842718
235.356,46.567,-11.5,235.537,46.492,-13.8,235.503,46.651,-13.7,0,-2.055374547063806,21.21487461435528,-9.510604387039109,29.256072149561824,0.20327616118529934,0.7234369000863706
235.622,43.956,-14.0,235.461,43.874,-11.5,235.626,43.781,-14.0,0,-2.5252136827739005,7.87562148109874,-9.837914773201348,21.862650889211594,0.25543263621203094,0.35904991295707833
235.69,42.873,-14.1,235.537,42.797,-11.5,235.713,42.695,-14.2,0,-0.06804906614845714,5.780602951780795,4.039073249498415,10.28637122341948,-0.002522512204782468,0.575228224646066
235.713,42.695,-14.2,235.562,42.618,-11.5,235.737,42.515,-14.1,0,-0.010349923715756474,5.944036405691103,4.8229887658656025,10.981454828316743,0.008976064384660226,0.5532664413584065
235.67000000000002,43.056,-14.2,235.517,42.976,-11.5,235.69,42.873,-14.1,0,0.043158144607843854,5.025023352930859,4.456832830622659,9.074036862844764,0.021996316521227334,0.5685094864284006
234.777,48.4,-16.5,234.625,48.547,-16.5,234.56,48.407,-13.8,0,0.49453007404050164,21.721213330951322,7.461924789449338,34.16463210104012,0.06351676767379502,0.6351466543416368
235.642,43.421,-14.1,235.483,43.335,-11.5,235.649,43.242,-14.1,0,-1.1650777528622716,10.978153065129712,-9.474545314516774,22.51859494517008,0.12171994899769978,0.4867760309176396
235.957,40.658,-14.8,235.765,40.729,-13.2,235.834,40.575,-14.8,0,-8.82321567220532,6.927070844446347,-17.263143778045617,14.418438453692609,0.5049036730688211,0.475362311801111
235.537,42.797,-11.5,235.562,42.618,-11.5,235.713,42.695,-14.2,0,-0.01353280270474542,6.2715211440141845,4.720383008752293,10.554386100747905,0.010632703469841638,0.6066579714230377
235.764,45.835,-16.5,235.75900000000001,46.013,-16.5,235.59199999999998,45.948,-13.8,0,-5.826782931318244,14.21713782384074,-12.881286177661394,25.774774489332252,0.444728585615391,0.5464007981573253
235.649,43.242,-14.1,235.497,43.155,-11.5,235.67000000000002,43.056,-14.2,0,-0.6021507367726957,12.422835970991928,-8.550470253395702,23.063600293416044,0.06953417010871493,0.5380226757500355
235.517,42.976,-11.5,235.537,42.797,-11.5,235.69,42.873,-14.1,0,0.0269431045770923,5.819060864109574,4.410649477222762,9.666845145766757,0.02077282886983211,0.6155355187339695
235.497,43.155,-11.5,235.517,42.976,-11.5,235.67000000000002,43.056,-14.2,0,0.21276478807371832,5.064113349126223,4.37803721924098,8.659298582963288,0.06214458810674559,0.598801047289398
235.475,43.514,-11.5,235.483,43.335,-11.5,235.642,43.421,-14.1,0,-1.6254479490658371,11.455330479109072,-9.333526811060608,22.485046812386756,0.17274498500436644,0.5087439145054018
235.461,44.053,-11.5,235.461,43.874,-11.5,235.622,43.956,-14.0,0,-3.312311541468423,9.140307096068927,-10.310966682796064,21.549984980984675,0.3201315150222806,0.4230524982709464
235.309,46.744,-11.5,235.503,46.651,-13.7,235.438,46.856,-13.6,0,-0.6844576300102424,23.32578017179335,-6.335797551345028,30.659603771188316,0.08499713412027414,0.7602657201274213
235.562,42.618,-11.5,235.59199999999998,42.439,-11.5,235.737,42.515,-14.1,0,0.15981383426709037,6.378497509676443,5.065180973484132,11.427931546512724,0.04324281586131189,0.5688490757885498
236.152,40.789,-15.1,236.372,40.874,-16.5,236.231,40.941,-15.3,0,-1.5544796707913062,7.3900073710477665,-6.173501500339256,20.286593684934985,0.23758138027588735,0.3629196420195694
235.781,43.867,-16.5,235.622,43.956,-14.0,235.626,43.781,-14.0,0,-1.8413835681424753,5.349404494774948,-9.874918943733704,21.88908919891678,0.18527731823682536,0.2430250358441319
235.17000000000002,47.09,-11.5,235.356,47.067,-13.7,235.27800000000002,47.225,-13.7,0,-0.12552459901851737,27.119431400933045,-0.43604246351383935,32.50236062864671,-0.1911143123337153,0.8352439441408845
235.631,43.603,-14.1,235.475,43.514,-11.5,235.642,43.421,-14.1,0,-1.527657595675988,9.660489140946888,-9.004489089075733,22.56011756709931,0.16816590101589854,0.4273088182357308
235.465,43.694,-11.5,235.475,43.514,-11.5,235.631,43.603,-14.1,0,-2.0381940687688216,10.312095382353426,-9.097050438712301,22.43055867698193,0.2225333844681165,0.4588594828562911
235.082,47.26,-11.5,235.27800000000002,47.225,-13.7,235.188,47.383,-13.7,0,-0.6646823434784318,28.126160435485346,1.5282378816853068,33.00579739279809,-0.28917122766774933,0.8531304692842495
235.461,43.874,-11.5,235.465,43.694,-11.5,235.626,43.781,-14.0,0,-2.662985432600459,9.374485080214045,-9.831770574334882,21.92952452393081,0.2695059570894115,0.4264714438972009
235.466,44.952,-11.5,235.623,44.85,-14.0,235.627,45.031,-14.1,0,-8.186365327684527,14.083131855574504,-13.649182304221185,22.503934972685393,0.5909360101786422,0.6202797218398682
235.799,43.33,-16.5,235.642,43.421,-14.1,235.649,43.242,-14.1,0,-0.7525102121284012,8.750496647046463,-9.510904508981454,22.51836202694068,0.07793966214780985,0.3876992165446985
235.471,40.329,-14.0,235.57999999999998,40.297,-16.5,235.589,40.434,-14.4,0,-7.956337752505786,3.3371780369625643,-13.64334340829339,20.548348397192463,0.572364707929278,0.1564824531509895
235.537,46.492,-13.8,235.388,46.389,-11.5,235.561,46.308,-13.8,0,-3.277677214828959,20.01081903592757,-10.559832747573047,28.366036519126382,0.29985950966129526,0.702686882007844
235.461,44.413,-11.5,235.461,44.233,-11.5,235.622,44.316,-14.0,0,-4.619725607378485,10.733492327074494,-10.310966512830944,21.229909418978565,0.44744732772905405,0.5045639865799871
235.483,43.335,-11.5,235.497,43.155,-11.5,235.649,43.242,-14.1,0,-1.031042634469115,12.916159708580665,-8.586404643853442,22.95636381124511,0.11892017849063183,0.5620582654118605
235.788,43.688,-16.5,235.781,43.867,-16.5,235.626,43.781,-14.0,0,-1.3138590090039675,4.445190148749258,-9.538006841116825,22.128582726431546,0.13650179883380775,0.1995254605021689
235.459,45.672,-11.5,235.464,45.492,-11.5,235.623,45.569,-14.1,0,-8.318461139856266,17.700239710244215,-13.389868474830944,24.67330210249162,0.6125248999555993,0.7130022634320735
235.78199999999998,44.046,-16.5,235.781,44.225,-16.5,235.62,44.135,-14.0,0,-2.3015222269253517,4.680381432540169,-10.26669457495575,21.46774308348779,0.22336322235173184,0.21653419531708812
235.461,44.053,-11.5,235.622,43.956,-14.0,235.62,44.135,-14.0,0,-3.1169416798251355,8.050942013067223,-10.091200857478185,21.594549430792057,0.307876906590617,0.3715919062863249
235.793,43.509,-16.5,235.788,43.688,-16.5,235.631,43.603,-14.1,0,-1.0529804852744735,5.38883334330376,-9.779586662910404,22.158692864267934,0.10637161924979632,0.24198602735475924
235.462,44.593,-11.5,235.461,44.413,-11.5,235.622,44.494,-14.0,0,-5.3579374885469795,11.867863212083144,-10.426860785915196,21.013016783140372,0.5134989101450159,0.5638867255380422
235.626,43.781,-14.0,235.465,43.694,-11.5,235.631,43.603,-14.1,0,-2.2361956275563255,8.289518003583323,-10.502726598056029,21.711057956695456,0.21157126371821472,0.38074653503459494
235.452,45.851,-11.5,235.459,45.672,-11.5,235.61700000000002,45.743,-14.1,0,-7.610929768535717,18.344606441293802,-13.106150502394495,25.374657173507444,0.5719044259076089,0.7187114440447178
235.461,44.233,-11.5,235.461,44.053,-11.5,235.62,44.135,-14.0,0,-3.929830071057293,9.698841953264623,-10.310717021905234,21.395597826533233,0.380285548552281,0.4522170815547643
235.463,44.773,-11.5,235.462,44.593,-11.5,235.622,44.672,-14.0,0,-5.940597981890978,12.851960577819181,-10.426231211621939,20.855478251469506,0.5695885557017806,0.61547331377882
235.461,44.413,-11.5,235.622,44.316,-14.0,235.622,44.494,-14.0,0,-4.542468202923139,10.105575545215524,-10.32973281253821,21.15641626551941,0.43926814753968835,0.4765664594100488
235.464,45.492,-11.5,235.623,45.386,-14.1,235.623,45.569,-14.1,0,-8.51433330705194,16.15685378106422,-13.927305856547939,24.006079759176444,0.6029452505065721,0.6681183835611377
235.788,43.688,-16.5,235.626,43.781,-14.0,235.631,43.603,-14.1,0,-1.5808638677490825,5.841904594036073,-10.552398507362327,21.70810556076212,0.14853601142923983,0.26787232602930705
235.082,47.26,-11.5,235.17000000000002,47.09,-11.5,235.27800000000002,47.225,-13.7,0,-0.22218553790070278,28.282769926788195,0.06395437250792213,32.767420588435805,-0.25696936951362515,0.863969491536227
235.561,46.308,-13.8,235.414,46.21,-11.5,235.577,46.123,-13.8,0,-4.680508710253255,19.060415524848963,-11.765632138448716,27.33383969491664,0.3886798880659636,0.6937067729585502
235.46699999999998,45.312,-11.5,235.469,45.132,-11.5,235.627,45.212,-14.1,0,-8.984270607267337,16.26875793717189,-13.793153124890019,23.34133444690955,0.6428004643310374,0.6922716883731439
235.356,46.567,-11.5,235.388,46.389,-11.5,235.537,46.492,-13.8,0,-2.389032167858678,21.923116138998353,-9.313620851100698,29.11771689490964,0.2435186910333095,0.750902576402356
235.17000000000002,47.09,-11.5,235.251,46.919,-11.5,235.356,47.067,-13.7,0,-0.03338927908444823,27.131509455474195,-1.1120265896359243,32.2142185436971,-0.14452853855347045,0.8428151904962197
235.469,45.132,-11.5,235.466,44.952,-11.5,235.627,45.031,-14.1,0,-9.259022993982745,15.244444792185599,-14.420767519919885,22.384350448469583,0.6339043763567993,0.6759762940033408
235.462,44.593,-11.5,235.622,44.494,-14.0,235.622,44.672,-14.0,0,-5.201770333967421,11.313876903873382,-10.329858647813325,20.99961112664296,0.5032909170074342,0.5378136821439181
235.466,44.952,-11.5,235.463,44.773,-11.5,235.623,44.85,-14.0,0,-8.917335022052505,14.351713182903236,-14.421785226724126,21.81016524387247,0.6102519176712841,0.6527109766412568
235.81,43.151,-16.5,235.799,43.33,-16.5,235.649,43.242,-14.1,0,-0.37975877808127356,8.522444320571932,-9.026097412561413,22.80654689265471,0.04105692168238066,0.37281117865732016
235.953,41.067,-13.0,235.872,40.885,-13.0,236.05700000000002,40.92,-14.1,0,-3.845672015988104,10.630503587493887,-6.737362364572363,19.659714362613116,0.5569411478506308,0.5393065418574455
235.62,44.135,-14.0,235.781,44.225,-16.5,235.622,44.316,-14.0,0,-3.086511046473827,6.325911802085128,-10.599458700677559,21.2123333520656,0.29049394180738763,0.29681092132367864
235.309,46.744,-11.5,235.356,46.567,-11.5,235.503,46.651,-13.7,0,-1.0444714781539244,23.52848680877083,-6.882012996948916,30.296454056510797,0.13184022649820976,0.7756158336124775
235.781,44.225,-16.5,235.78,44.403,-16.5,235.622,44.316,-14.0,0,-2.9331499112282406,5.841279804438779,-10.266916224154997,21.316345973016197,0.28511129758639847,0.27259835916783465
235.463,44.773,-11.5,235.622,44.672,-14.0,235.623,44.85,-14.0,0,-5.803156443316163,12.22041691991772,-10.445883123265503,20.78227165967462,0.5554150961807464,0.587214611302699
235.793,43.509,-16.5,235.631,43.603,-14.1,235.642,43.421,-14.1,0,-1.0511616392453762,7.271972746346333,-9.040866348808322,22.549967770926543,0.1148646486046129,0.3214176461239358
235.461,44.233,-11.5,235.62,44.135,-14.0,235.622,44.316,-14.0,0,-3.9273652333524094,8.83326706686798,-10.562111176702558,21.20220110441481,0.37111781058949506,0.41542010748025177
235.81,43.151,-16.5,235.649,43.242,-14.1,235.67000000000002,43.056,-14.2,0,-0.3130239372263233,10.298552311931884,-8.62225081317807,23.03875150851252,0.03545204047748945,0.4462584713244765
235.622,43.956,-14.0,235.78199999999998,44.046,-16.5,235.62,44.135,-14.0,0,-2.352609590293995,5.488930181609073,-10.128448671377342,21.602149535819223,0.23131240353244198,0.25266751227347434
234.015,48.696,-11.5,234.197,48.561,-11.5,234.25400000000002,48.682,-14.2,0,3.6021667485798887,22.60663524067003,11.48668313562068,33.936288665485414,0.31164815738510676,0.6653773182093596
235.464,45.492,-11.5,235.46699999999998,45.312,-11.5,235.623,45.386,-14.1,0,-8.815637996872097,17.007818027271508,-13.662915033220845,23.974371986939936,0.6366238193316305,0.7048882409164373
235.622,44.316,-14.0,235.78,44.403,-16.5,235.622,44.494,-14.0,0,-3.7091968077806814,7.679634365425159,-10.366844974752937,21.175174153066763,0.35731771009141716,0.3613656279419199
235.78,44.403,-16.5,235.779,44.582,-16.5,235.622,44.494,-14.0,0,-3.6184103075694147,7.2610086144887225,-10.268208315481033,21.159704085496145,0.3520181432561306,0.341845492890495
235.825,42.973,-16.5,235.67000000000002,43.056,-14.2,235.69,42.873,-14.1,0,-0.0583969607468088,4.2764015461214155,4.06097942756719,9.124407371794433,-0.0037057110065261516,0.4838283402004235
235.95999999999998,41.624,-14.4,236.04399999999998,41.732,-16.5,235.902,41.803,-14.4,0,2.7236217637667495,3.206328121160401,6.767565175555504,15.287882684783625,0.4092958969620511,0.2091635457815668
235.623,44.85,-14.0,235.776,44.94,-16.5,235.627,45.031,-14.1,0,-7.11726456475958,11.951203506324756,-13.401500987886731,22.500265881796928,0.5219504323148677,0.5249351588093383
235.781,43.867,-16.5,235.78199999999998,44.046,-16.5,235.622,43.956,-14.0,0,-1.835497552826469,4.120019558891806,-10.504745013643785,21.514853916350674,0.17371177608795815,0.19003528561560631
235.622,44.494,-14.0,235.779,44.582,-16.5,235.622,44.672,-14.0,0,-4.392831688783202,9.040472545575694,-10.366719967755358,21.018758918828524,0.4234600346613996,0.42895690811917797
235.29500000000002,47.575,-16.5,235.19299999999998,47.741,-16.5,235.091,47.615,-14.3,0,0.40579399152534273,25.777466505183323,-1.1658541836015068,32.855738298760706,-0.34679197960246233,0.7841843361668344
235.799,43.33,-16.5,235.793,43.509,-16.5,235.642,43.421,-14.1,0,-0.7443225768581041,6.862145388135445,-9.654308162769283,22.388072411430514,0.07586666537155515,0.3054742289366438
235.388,46.389,-11.5,235.414,46.21,-11.5,235.561,46.308,-13.8,0,-3.679944022058442,20.897706498251978,-10.292267599171975,28.246343158238574,0.3465395121836165,0.7369342065456274
235.779,44.582,-16.5,235.777,44.761,-16.5,235.622,44.672,-14.0,0,-4.217142311177438,8.600967048353484,-10.152424924470921,21.061865851978055,0.4151690553293123,0.4072222423679706
235.251,46.919,-11.5,235.309,46.744,-11.5,235.438,46.856,-13.6,0,-0.13960893484357367,25.3081593423996,-5.007653418155485,31.231553395855986,-0.004208846948951416,0.8103120237191317
236.07999999999998,41.27,-14.3,236.16899999999998,41.387,-16.5,236.01600000000002,41.447,-14.3,0,3.461209523528496,5.260105077765453,7.4885318518944075,17.05140314870036,0.4692521065475742,0.3075330570686328
234.197,48.561,-11.5,234.368,48.422,-11.5,234.42000000000002,48.553,-14.1,0,2.103607840662204,23.5068648551766,10.002822969940182,33.94567125523996,0.20798365252744058,0.6918238161444228
234.988,47.428,-11.5,235.082,47.26,-11.5,235.188,47.383,-13.7,0,-0.598847215245558,29.04906531216926,1.1634356636245187,33.30305527796255,-0.33725168656973975,0.8731254464255097
235.459,45.672,-11.5,235.623,45.569,-14.1,235.61700000000002,45.743,-14.1,0,-7.625726786446555,17.00995513501099,-13.090624845833474,25.025550828799005,0.573755418780033,0.6750111752066692
235.469,45.132,-11.5,235.627,45.031,-14.1,235.627,45.212,-14.1,0,-8.613479904108043,14.81218722032238,-13.916730725461282,22.903859587272933,0.6103029888062985,0.6414033312269612
235.869,42.617,-16.5,235.713,42.695,-14.2,235.737,42.515,-14.1,0,-0.09466939678979044,5.125942569405044,4.431396305561805,11.035398707510296,-0.012259283157169542,0.47666140855525935
235.845,42.795,-16.5,235.69,42.873,-14.1,235.713,42.695,-14.2,0,-0.13004287429844616,4.969032440577518,3.6349863655655668,10.322694657134434,-0.023735982017872352,0.4950256417917618
235.622,44.672,-14.0,235.777,44.761,-16.5,235.623,44.85,-14.0,0,-5.03646601135122,10.12401247610342,-10.48243257474482,20.807121357833154,0.4803228421170816,0.4855709537624787
235.46699999999998,45.312,-11.5,235.627,45.212,-14.1,235.623,45.386,-14.1,0,-8.352058325326112,15.747279686865484,-13.38467531413568,23.77404679393962,0.6151007164132692,0.6573759081905032
235.777,44.761,-16.5,235.776,44.94,-16.5,235.623,44.85,-14.0,0,-4.795612705148467,9.570070714200018,-10.269350019404968,20.851438367834106,0.4668760867196511,0.4579887850508458
235.765,40.729,-13.2,235.66500000000002,40.558,-13.7,235.834,40.575,-14.8,0,-8.165547057993663,8.542724944170883,-13.974134958844274,17.947392641142564,0.5755348158135953,0.471853302274894
235.091,47.615,-14.3,235.19299999999998,47.741,-16.5,234.99599999999998,47.78,-14.3,0,0.7796093654754844,26.390642379934306,-2.1915001622303727,33.020715708253285,-0.35396637074893245,0.7988799294905367
235.89600000000002,42.439,-16.5,235.869,42.617,-16.5,235.737,42.515,-14.1,0,-0.04488473653067305,4.754423883724431,4.090811210148104,11.61345679491265,-0.002817561703760587,0.42014547515224643
235.825,42.973,-16.5,235.81,43.151,-16.5,235.67000000000002,43.056,-14.2,0,-0.02905433796273743,3.6156073155408848,3.327323358474331,8.83357603363649,0.002772375571090479,0.4238836001283805
236.171,41.092,-14.8,236.05700000000002,40.92,-14.1,236.231,40.941,-15.3,0,-0.2924565084799394,8.726092240032036,-0.5408387564979478,20.567627363571404,0.38576494936770384,0.4234225475792351
235.845,42.795,-16.5,235.825,42.973,-16.5,235.69,42.873,-14.1,0,-0.13073826959128537,4.269783871984547,3.608744148493656,9.756684414492668,-0.025525838454777464,0.4520738877915532
234.899,47.95,-14.3,234.989,48.071,-16.5,234.80200000000002,48.108,-14.3,0,0.3000188926391498,25.25073545479441,-1.2189401615266107,33.89075560417879,-0.2346214100196831,0.7446637109996115
235.869,42.617,-16.5,235.845,42.795,-16.5,235.713,42.695,-14.2,0,-0.15503600390541591,4.672462157520061,3.8659460965936034,10.667005876342614,-0.030734903078604197,0.4510300176473558
235.19299999999998,47.741,-16.5,235.09,47.906,-16.5,234.99599999999998,47.78,-14.3,0,0.31284883472273894,25.604366469951078,-0.9108379497632928,33.27566822083641,-0.33687782427199775,0.7690760715573369
234.99599999999998,47.78,-14.3,235.09,47.906,-16.5,234.899,47.95,-14.3,0,0.7389106195669702,25.9567438371615,-2.3054065070964,33.430268281367056,-0.3165820250606123,0.7760885576507545
236.01600000000002,41.447,-14.3,236.103,41.559,-16.5,235.95999999999998,41.624,-14.4,0,3.2687497501982476,3.994349988834508,7.207637207135917,16.141416601796067,0.46036162520844426,0.2463419475987354
236.245,41.217,-16.5,236.07999999999998,41.27,-14.3,236.171,41.092,-14.8,0,2.823880135912861,6.422724169562588,6.900859538205879,18.282342956464873,0.417630776772373,0.3507590461977593
235.414,46.21,-11.5,235.441,46.031,-11.5,235.577,46.123,-13.8,0,-4.551268386385397,20.36154229726228,-10.16532032444545,27.78334105075509,0.4368117868825384,0.7293809295288376
235.623,45.386,-14.1,235.76999999999998,45.477,-16.5,235.623,45.569,-14.1,0,-7.64679710315391,14.0649802233586,-13.674651660133538,24.00120907690758,0.5507779091086389,0.5804861355919315
234.368,48.422,-11.5,234.49099999999999,48.262,-11.5,234.56,48.407,-13.8,0,0.18640033519814786,25.214064143867812,2.0494276303106265,34.81911598441794,0.07967396248915497,0.7236363037730185
235.776,44.94,-16.5,235.774,45.119,-16.5,235.627,45.031,-14.1,0,-6.806339775120016,11.34617462840232,-13.290991848929679,22.771312325978187,0.5029819202570809,0.49199180246579216
235.768,45.656,-16.5,235.764,45.835,-16.5,235.61700000000002,45.743,-14.1,0,-6.427142653095449,13.779218459785984,-13.01242690447377,25.12538409469464,0.4858750984255317,0.5430014836345002
235.577,46.123,-13.8,235.441,46.031,-11.5,235.59199999999998,45.948,-13.8,0,-5.580786205717437,18.578705079158897,-11.785966123883092,26.811419757049634,0.4643201369436759,0.6888346094993133
235.772,45.298,-16.5,235.76999999999998,45.477,-16.5,235.623,45.386,-14.1,0,-7.126569094380427,12.802061245912098,-13.288554114944343,23.875369918051902,0.5275950751563856,0.5304460525403384
234.888,48.237,-16.5,234.777,48.4,-16.5,234.692,48.276,-14.3,0,-0.008906612176534935,23.007244073049293,0.5066735613666395,34.47731476459722,-0.05737513667606799,0.6667848173133832
235.441,46.031,-11.5,235.452,45.851,-11.5,235.59199999999998,45.948,-13.8,0,-6.531656575846342,19.115635480006546,-12.55214059856912,26.22613102128811,0.5113257784913421,0.7249020598061736
235.774,45.119,-16.5,235.772,45.298,-16.5,235.627,45.212,-14.1,0,-7.075241984372606,12.15417208885875,-13.288098493500165,23.33400154373677,0.5234839816473127,0.5148950488339253
235.59199999999998,42.439,-11.5,235.626,42.261,-11.5,235.767,42.348,-14.2,0,0.5781687441838405,6.089149147267975,5.380338453073392,12.3065370414038,0.11738420250605408,0.5031823645231932
235.09,47.906,-16.5,234.989,48.071,-16.5,234.899,47.95,-14.3,0,0.33939900103592563,25.000108749835576,-1.1780979893204737,33.68579135061747,-0.27830964307361,0.7417436159195134
235.76999999999998,45.477,-16.5,235.768,45.656,-16.5,235.623,45.569,-14.1,0,-6.937631818841528,13.304406877907958,-13.285640522378994,24.440053458076257,0.513861717400151,0.5387740419637793
236.245,41.217,-16.5,236.16899999999998,41.387,-16.5,236.07999999999998,41.27,-14.3,0,3.5267103832601827,5.124729247283579,8.60070751904027,16.94584037161431,0.4160798505678097,0.3017701869557889
234.989,48.071,-16.5,234.888,48.237,-16.5,234.80200000000002,48.108,-14.3,0,0.2429527909450066,24.10344616078857,-1.2501757151496555,34.06274011515238,-0.18100326544622522,0.7071608234301063
235.627,45.031,-14.1,235.774,45.119,-16.5,235.627,45.212,-14.1,0,-7.605467527168018,12.749379836046904,-13.664883332274055,22.89810863878043,0.5477024789942028,0.5508171438964519
234.625,48.547,-16.5,234.446,48.681,-16.5,234.42000000000002,48.553,-14.1,0,2.056299541374952,20.247219661008735,11.68559926864736,33.431904462169626,0.17425390859606957,0.6048910538983633
236.372,40.874,-16.5,236.326,41.049,-16.5,236.231,40.941,-15.3,0,1.2284019094951417,6.422695224393285,5.6820753989179025,19.955101529430692,0.226925345348003,0.3216114806513757
235.66,42.083,-11.5,235.704,41.907,-11.5,235.813,42.029,-13.8,0,2.1051522155218896,4.8435903349834515,6.271397266386799,13.902757780675245,0.3431412199171616,0.3510307110064985
235.627,45.212,-14.1,235.772,45.298,-16.5,235.623,45.386,-14.1,0,-7.444837206080563,13.650971694676777,-13.132967948086012,23.760297841508226,0.5578123105515902,0.5689067321631001
235.623,45.569,-14.1,235.768,45.656,-16.5,235.61700000000002,45.743,-14.1,0,-6.87676612925737,14.811255315092199,-12.835853375600994,25.01203951188201,0.5271114619647498,0.5868927240689844
235.957,42.084,-16.5,235.924,42.261,-16.5,235.814,42.16,-14.3,0,0.6478993032068323,3.7765973613600416,4.5878275135364674,13.488528841175253,0.14854466368231597,0.28495396815340585
236.16899999999998,41.387,-16.5,236.103,41.559,-16.5,236.01600000000002,41.447,-14.3,0,3.266281202490795,4.080228138414266,7.593794882943612,16.4118807736634,0.43675681832363306,0.24762168433734622
236.326,41.049,-16.5,236.245,41.217,-16.5,236.171,41.092,-14.8,0,3.019223085010881,5.736987714692609,9.199819998832737,17.633582021187465,0.3338348461503205,0.32514618613978663
236.04399999999998,41.732,-16.5,235.999,41.908,-16.5,235.902,41.803,-14.4,0,1.8809536595719691,2.808082871272156,5.623843262779104,15.162165599434246,0.3421533846447658,0.18536669153180768
234.446,48.681,-16.5,234.252,48.806,-16.5,234.25400000000002,48.682,-14.2,0,3.7097311767307266,19.19469501455325,13.98560627866864,33.03406395704009,0.26390661350170846,0.5802301552496968
236.103,41.559,-16.5,236.04399999999998,41.732,-16.5,235.95999999999998,41.624,-14.4,0,2.7674220101805695,3.129470361290527,6.891823602546012,15.693193475295061,0.40847236432257905,0.19857266649014413
236.05700000000002,40.92,-14.1,236.152,40.789,-15.1,236.231,40.941,-15.3,0,-2.073285126789038,8.793354619786532,-5.692040847402154,20.359185150451367,0.3471248410837547,0.4305071236069069
234.888,48.237,-16.5,234.692,48.276,-14.3,234.80200000000002,48.108,-14.3,0,0.04422422791456878,24.282478638785943,-0.21522402948412633,34.286242013469426,-0.118667986324314,0.7077626906547476
236.152,40.789,-15.1,236.05700000000002,40.92,-14.1,235.98399999999998,40.797,-14.1,0,-4.01414563001488,9.04866511145862,-9.67438910037356,19.102731946620068,0.4039372187075503,0.4716344545510827
234.197,48.561,-11.5,234.42000000000002,48.553,-14.1,234.25400000000002,48.682,-14.2,0,2.941936427125785,22.20447229618157,11.599167593901408,33.68040622452484,0.25172255270739236,0.6585319194531897
234.42000000000002,48.553,-14.1,234.446,48.681,-16.5,234.25400000000002,48.682,-14.2,0,2.7430133220390696,20.686599157403354,11.785161210313952,33.59287593433788,0.231003222712572,0.6150390525054805
236.05700000000002,40.92,-14.1,235.872,40.885,-13.0,235.98399999999998,40.797,-14.1,0,-4.853843601789414,10.119735121459474,-9.268633580137134,19.15388129131116,0.5124682386080854,0.5264358504780297
235.89600000000002,42.439,-16.5,235.737,42.515,-14.1,235.767,42.348,-14.2,0,0.11164655386905184,5.086652929052577,4.193184131140612,12.12921997263686,0.035512208408746734,0.4288749324537242
235.814,42.16,-14.3,235.66,42.083,-11.5,235.813,42.029,-13.8,0,1.440489988379581,4.703118501997669,5.712278505097572,13.605897759327291,0.25991702981590253,0.3497025272052107
235.737,42.515,-14.1,235.59199999999998,42.439,-11.5,235.767,42.348,-14.2,0,0.23358724930184208,5.94823210408332,4.603373490234304,12.081259019322147,0.0615078962097119,0.501887975737537
234.777,48.4,-16.5,234.56,48.407,-13.8,234.692,48.276,-14.3,0,0.0301015471408404,23.350765327339992,1.0192928320309296,34.65915335400537,0.008310017050168556,0.6731833740867911
234.56,48.407,-13.8,234.49099999999999,48.262,-11.5,234.692,48.276,-14.3,0,0.03520126722661108,24.94769626192005,1.0789192003797154,34.6924639733739,0.012244353020322162,0.7186231570073016
235.957,42.084,-16.5,235.814,42.16,-14.3,235.813,42.029,-13.8,0,1.0719500405369766,3.8874247285052577,5.152702228526209,13.771965912541361,0.21547662515141658,0.2861301133715419
236.326,41.049,-16.5,236.171,41.092,-14.8,236.231,40.941,-15.3,0,0.8147466217077142,7.185563735865011,2.8034693256725802,20.187145069213813,0.31514619964440777,0.3554347974341539
232.701,49.817,-16.5,232.52100000000002,49.954,-16.5,232.527,49.856,-14.7,0,3.8456311948891373,17.63996831818238,11.108228196174979,37.98382966822538,0.3447469067475548,0.4625552744799014
235.362,40.361,-11.5,235.471,40.329,-14.0,235.437,40.531,-11.5,0,-4.285219218278108,5.291840612858068,-5.970882377963903,23.769098827907087,0.6934394957384437,0.21890526549434486
232.301,49.864,-11.5,232.486,49.729,-11.5,232.527,49.856,-14.7,0,4.4493868422907115,20.093392868583972,11.566165376617072,37.954537375420315,0.3830759625939843,0.5274767108628848
232.411,49.909,-14.0,232.301,49.864,-11.5,232.527,49.856,-14.7,0,3.8889745700631106,19.60292351530136,10.67722093257723,38.28843418814274,0.36245759974805253,0.51006700458907
235.437,40.531,-11.5,235.471,40.329,-14.0,235.589,40.434,-14.4,0,-8.144896176910022,5.5417702066428545,-12.137392319712717,20.775735210760473,0.6598692169901678,0.26174215961701336
236.098,43.033,-21.5,235.81,43.151,-16.5,235.825,42.973,-16.5,0,-0.093921592519446,2.5894078477900884,2.7680682244149466,8.94561772309865,-0.02460331534940298,0.3027999244124534
236.161,42.502,-21.5,235.89600000000002,42.439,-16.5,236.185,42.325,-21.5,0,-0.04418191354402692,2.7150292756723675,3.0169706089565693,12.394919336869634,-0.010086423330961334,0.22622982585268436
236.082,43.211,-21.5,235.81,43.151,-16.5,236.098,43.033,-21.5,0,-0.08200635420319995,1.6896727309786608,2.4401966695206454,8.512747305141602,-0.02569633198531845,0.20983340861144892
236.049,45.699,-21.5,236.053,45.877,-21.5,235.764,45.835,-16.5,0,-4.673869484334609,7.892000391043121,-13.52586955256616,24.772075728798903,0.33978132336485745,0.31345917053780864
236.185,42.325,-21.5,235.89600000000002,42.439,-16.5,235.924,42.261,-16.5,0,0.08520697566272044,3.273950041754195,3.6545598985104277,12.733117160155501,0.029132091778325816,0.26409669426576593
234.037,49.172,-21.5,233.856,49.052,-16.5,234.055,48.93,-16.5,0,5.010714021596694,15.442523752657134,14.918537467159279,33.75090275142544,0.33502754441897004,0.45651963466392714
236.209,42.148,-21.5,236.185,42.325,-21.5,235.924,42.261,-16.5,0,0.11890452494264378,2.3411472854614463,3.0499885827694584,13.401230634803824,0.04490927171656271,0.17941485544837635
235.764,45.835,-16.5,235.768,45.656,-16.5,236.049,45.699,-21.5,0,-5.265522403146584,10.316193799955354,-12.656400267340313,25.14178092670472,0.40870694066681273,0.4048738796224512
236.082,43.211,-21.5,235.799,43.33,-16.5,235.81,43.151,-16.5,0,-0.029664100473676302,5.79479945836931,-9.074758046923066,22.910328268140802,0.0024141027460405917,0.2519946536203913
234.244,49.056,-21.5,234.037,49.172,-21.5,234.055,48.93,-16.5,0,4.683864933592595,13.519393121491227,16.33954633099928,32.88154106285237,0.2859764870558155,0.4102196302066381
236.067,43.388,-21.5,235.799,43.33,-16.5,236.082,43.211,-21.5,0,0.030218994562587902,3.683488416550581,-8.583068091625776,23.062173087457055,-0.004399242434548578,0.15875602889358745
236.24200000000002,41.972,-21.5,236.209,42.148,-21.5,235.957,42.084,-16.5,0,0.4029373631578616,1.796911508196146,3.778258769233048,14.237764016350582,0.11384408108455328,0.12870076866891536
236.209,42.148,-21.5,235.924,42.261,-16.5,235.957,42.084,-16.5,0,0.3955679660990001,2.719321837430291,4.07863719062982,13.63616781592205,0.10353327831203415,0.2036864380799513
236.24200000000002,41.972,-21.5,235.957,42.084,-16.5,235.999,41.908,-16.5,0,0.8683245702736704,2.1189415648456906,4.83274321674017,14.424948290004693,0.1868565590724669,0.14878672379058844
236.049,45.699,-21.5,235.768,45.656,-16.5,236.043,45.522,-21.5,0,-5.061971960635268,7.780290634255259,-13.790858617017662,24.0810927616766,0.3608167033974265,0.3177458391215156
236.067,43.388,-21.5,235.793,43.509,-16.5,235.799,43.33,-16.5,0,-0.2778802606401837,4.29568360398028,-9.702545635236149,22.497606768324403,0.027600174746472698,0.189859009663334
236.27800000000002,41.796,-21.5,236.24200000000002,41.972,-21.5,235.999,41.908,-16.5,0,0.7127287801132879,1.4133239148349803,4.060393888520792,15.187859068156428,0.1842282625529768,0.09380163525707344
235.768,45.656,-16.5,235.76999999999998,45.477,-16.5,236.043,45.522,-21.5,0,-5.659583896620554,10.028000743945485,-12.939029429404997,24.46370681924668,0.42965012780007816,0.4042733722000808
236.05700000000002,43.566,-21.5,235.793,43.509,-16.5,236.067,43.388,-21.5,0,-0.13296409770295817,2.3465093596495947,-9.231172764193886,22.658357541019896,0.01343213127162121,0.10246670911448223
236.27800000000002,41.796,-21.5,236.04399999999998,41.732,-16.5,236.32299999999998,41.622,-21.5,0,1.1514264621844328,1.4648059589618867,4.904576202342184,15.971400528500823,0.24341924254471148,0.09147449234426032
236.37099999999998,41.448,-21.5,236.103,41.559,-16.5,236.16899999999998,41.387,-16.5,0,2.384572186662045,3.0251390564672556,7.153502753305631,16.725288319292815,0.3401202278283614,0.18017551463413384
236.27800000000002,41.796,-21.5,235.999,41.908,-16.5,236.04399999999998,41.732,-16.5,0,1.3229347933896975,1.89599898637304,5.144995344945613,15.362298682934238,0.2651575145025354,0.1236243680537655
236.05,43.744,-21.5,236.046,43.922,-21.5,235.781,43.867,-16.5,0,-0.4808214787350097,0.5854113234170524,-9.97978567406264,22.01329020558373,0.047314894994371436,0.0252560771971152
236.05700000000002,43.566,-21.5,235.788,43.688,-16.5,235.793,43.509,-16.5,0,-0.48444434387932883,2.9040790780705614,-9.828029417700193,22.29272344190599,0.048189723835465124,0.12904114437661257
236.05700000000002,43.566,-21.5,236.05,43.744,-21.5,235.788,43.688,-16.5,0,-0.2847800118990464,1.2224966644556554,-9.608987981803068,22.34501786219849,0.028676776427978643,0.053486068419099315
236.048,44.277,-21.5,235.78,44.403,-16.5,235.781,44.225,-16.5,0,-1.950916236657871,3.0431661125401392,-10.315776229254126,21.42340123938115,0.18859607731680902,0.14057104109239132
236.05,43.744,-21.5,235.781,43.867,-16.5,235.788,43.688,-16.5,0,-0.673322160318697,1.9578028651244255,-9.585911036793135,22.246470870847205,0.06917352079922744,0.08664384055382414
236.32299999999998,41.622,-21.5,236.04399999999998,41.732,-16.5,236.103,41.559,-16.5,0,2.0165739879417055,2.1944476585525137,6.437675131518148,15.933178494724558,0.3204905566408502,0.13714285183904257
236.04399999999998,44.455,-21.5,235.78,44.403,-16.5,236.048,44.277,-21.5,0,-1.634100866817314,2.259485432786222,-9.989718102803067,21.539484742116272,0.16317336120846554,0.10352506366109585
236.035,45.344,-21.5,236.043,45.522,-21.5,235.76999999999998,45.477,-16.5,0,-5.32628522346203,7.542913092228649,-14.03749640683549,23.392821649205196,0.372818694059761,0.3168575142974886
236.047,44.099,-21.5,236.048,44.277,-21.5,235.781,44.225,-16.5,0,-1.2024716676866167,1.151938568798616,-10.583507343821964,21.4019500470947,0.11306957637661902,0.05239561412191486
236.32299999999998,41.622,-21.5,236.103,41.559,-16.5,236.37099999999998,41.448,-21.5,0,1.3911453647404615,2.0514841787206404,5.219721649807298,16.921220676075222,0.27525999404450513,0.12067326579025248
236.046,43.922,-21.5,236.047,44.099,-21.5,235.78199999999998,44.046,-16.5,0,-0.791955207033587,0.5497360073714597,-10.58493581682822,21.564801970820483,0.07411298457139524,0.024078860838880854
236.046,43.922,-21.5,235.78199999999998,44.046,-16.5,235.781,43.867,-16.5,0,-1.032968749450076,1.612208760978298,-10.553581682092613,21.628875559580194,0.0969947443861041,0.0730702895074899
236.047,44.099,-21.5,235.781,44.225,-16.5,235.78199999999998,44.046,-16.5,0,-1.4126381489721274,2.019292893147766,-10.315686213763456,21.586784432015065,0.13622690085531117,0.09203744960611857
236.04399999999998,44.455,-21.5,235.779,44.582,-16.5,235.78,44.403,-16.5,0,-2.5758090242252716,4.402099169633804,-10.316572470325426,21.27011864880484,0.24932534301610257,0.2055759161340705
236.038,44.633,-21.5,235.779,44.582,-16.5,236.04399999999998,44.455,-21.5,0,-2.1425557647075677,3.568374397906075,-9.754624872136986,21.502569869692948,0.21937104434180404,0.164675593903695
236.035,45.344,-21.5,235.76999999999998,45.477,-16.5,235.772,45.298,-16.5,0,-5.773197958597965,9.668962869136303,-12.948398104823056,23.933857145975267,0.43763836726575694,0.3981599575128165
236.038,44.633,-21.5,235.777,44.761,-16.5,235.779,44.582,-16.5,0,-3.1681162859403496,5.761173860674032,-10.199925419487471,21.178882558068352,0.31038325569110786,0.2707791991729107
236.035,45.344,-21.5,235.772,45.298,-16.5,236.03199999999998,45.166,-21.5,0,-5.061153741430952,7.3221606554411,-13.382620988129684,23.249770022301185,0.3708255059799923,0.30921933306576216
236.034,44.811,-21.5,235.777,44.761,-16.5,236.038,44.633,-21.5,0,-2.738133431800623,4.723514971207197,-9.99394964894546,21.235862972234898,0.27380631458050575,0.22128089592380576
236.03199999999998,45.166,-21.5,235.772,45.298,-16.5,235.774,45.119,-16.5,0,-5.667104675718256,9.126096038429473,-12.953697285410033,23.392029357837913,0.4289501153412523,0.38407375219551637
236.03199999999998,44.988,-21.5,236.03199999999998,45.166,-21.5,235.774,45.119,-16.5,0,-4.6828068443266115,6.840453781793742,-12.995383658864846,22.932073101479737,0.3525247159463221,0.29238597464356186
236.03199999999998,44.988,-21.5,235.776,44.94,-16.5,236.034,44.811,-21.5,0,-3.2670517292477106,5.554877660022843,-10.22789455270025,20.964964711556135,0.31931395383720373,0.2639543481209681
236.034,44.811,-21.5,235.776,44.94,-16.5,235.777,44.761,-16.5,0,-3.750847969650379,6.805259667874549,-10.316349298433025,20.965626861372854,0.36345493867398954,0.32350445693882285
236.03199999999998,44.988,-21.5,235.774,45.119,-16.5,235.776,44.94,-16.5,0,-5.3430661443164595,8.375208625212819,-12.956555807808947,22.842135553676876,0.40370191181600246,0.360316749107381
236.062,40.236,-19.4,236.316,40.319,-20.0,236.086,40.389,-18.2,0,0.8038031187409774,1.4864399228160257,-20.212602871292972,13.404766594682599,-0.04423241463296373,0.10309651661227956
236.316,40.319,-20.0,236.062,40.236,-19.4,236.224,40.169,-20.6,0,1.952371965247658,0.6975947241316194,-19.91917600490399,14.505949143751316,-0.10219911633194197,0.04124351183487235
232.72199999999998,50.072,-21.5,232.541,50.085,-19.0,232.703,49.954,-19.1,0,2.581752018856988,14.09064765860583,9.605153441840868,38.565760358822494,0.2674415269289905,0.3637384763755705
235.62099999999998,47.373,-18.8,235.825,47.453,-21.5,235.51600000000002,47.54,-18.8,0,-1.1094035635785622,18.880761875785804,4.23522469199504,32.69608527949218,-0.19684095973374666,0.579225898103293
235.825,47.453,-21.5,235.71699999999998,47.615,-21.5,235.51600000000002,47.54,-18.8,0,-1.4089164455348395,17.659447589924252,5.305067453961577,32.74538976415862,-0.21340144136332756,0.5409474794235307
235.72199999999998,47.203,-18.8,235.926,47.29,-21.5,235.62099999999998,47.373,-18.8,0,-0.5752950511403189,16.63855221564824,3.3798300914569204,32.233146239002494,-0.09371235631446567,0.5179561574983519
235.51600000000002,47.54,-18.8,235.71699999999998,47.615,-21.5,235.409,47.703,-18.8,0,-0.0971260050887144,19.968498207799836,0.36611563770774147,32.46798793495595,-0.2703656527542412,0.6142828449221003
235.71699999999998,47.615,-21.5,235.607,47.777,-21.5,235.409,47.703,-18.8,0,-0.2725675724543248,18.627679024365133,1.0165221769315504,32.58046970708788,-0.27148942143453403,0.5709593175577011
235.926,47.29,-21.5,235.825,47.453,-21.5,235.62099999999998,47.373,-18.8,0,-0.7774205782824432,15.653362063315983,4.183943629597419,32.34493792035706,-0.12277136127117601,0.4857544173236415
235.409,47.703,-18.8,235.607,47.777,-21.5,235.31900000000002,47.843,-18.8,0,-0.016477447133849316,20.544182333622036,0.07191560630650073,32.84602821883868,-0.30106062921964455,0.6247807270296711
235.607,47.777,-21.5,235.495,47.938,-21.5,235.31900000000002,47.843,-18.8,0,-0.39752459852117056,19.064533872989042,1.4058107903114543,32.95217377016108,-0.28727794301746357,0.5778270440844073
235.57999999999998,40.297,-16.5,235.74200000000002,40.23,-17.8,235.762,40.409,-16.5,0,-7.835574271457565,1.8494641365379405,-19.134216277550763,15.197824299704052,0.4028376086256551,0.11278165139048989
236.338,40.699,-16.5,236.531,40.705,-19.2,236.54399999999998,40.834,-19.2,0,-0.08420649441752749,4.643274144228709,-2.379959504988676,21.85850073717998,0.01094443513752985,0.21153815315062222
232.541,50.085,-19.0,232.52100000000002,49.954,-16.5,232.703,49.954,-19.1,0,2.7879043487703203,15.689574808125956,9.403584903885694,38.52465147045386,0.2948616333950152,0.40552571540672566
234.96800000000002,48.394,-18.8,235.043,48.579,-21.5,234.828,48.531,-18.7,0,0.023973703347559532,16.882023311709176,6.6051335613715585,34.013358405276016,0.0011306978058812777,0.4956811736227132
236.372,40.874,-16.5,236.338,40.699,-16.5,236.54399999999998,40.834,-19.2,0,-0.3497564712841942,5.360620610624079,-4.086190936890262,21.312236336382398,0.06936877732300284,0.25049858842060835
235.192,48.431,-21.5,235.043,48.579,-21.5,234.96800000000002,48.394,-18.8,0,-0.26829253235275,15.548351637425297,7.635295599415292,33.61991252300601,-0.037055541993536306,0.46183139166821047
232.88400000000001,49.928,-21.5,232.72199999999998,50.072,-21.5,232.703,49.954,-19.1,0,2.3193012266133106,13.428595642573624,8.692503900673792,38.619519412916944,0.26531653885402307,0.34615919361387615
235.993,47.118,-21.5,235.72199999999998,47.203,-18.8,235.805,47.022,-18.9,0,-0.22125735228861224,14.062762167387332,-1.3492151453674666,31.827356719939388,0.016988829432450232,0.44310340592685066
235.993,47.118,-21.5,235.926,47.29,-21.5,235.72199999999998,47.203,-18.8,0,-0.16687568063902472,13.232261824934573,-1.7206143317815492,32.01356894302826,-0.019370182027946294,0.41484871354301023
233.07299999999998,49.553,-16.5,233.26600000000002,49.426,-16.5,233.247,49.54,-18.9,0,5.385635023950113,15.719398779671426,13.715724758487315,36.105602571678375,0.3918254199830712,0.43375849202721245
233.26600000000002,49.426,-16.5,233.45999999999998,49.299,-16.5,233.44299999999998,49.413,-19.1,0,5.486226244322701,15.703016579929935,13.807588125860889,35.7926658422013,0.39653776172237626,0.43724389877815206
232.52100000000002,49.954,-16.5,232.701,49.817,-16.5,232.703,49.954,-19.1,0,3.6400600480087846,16.323395574463678,11.24046987080357,37.89965118621838,0.3225475130336392,0.42890905338620533
235.764,45.835,-16.5,236.053,45.877,-21.5,235.93200000000002,45.97,-19.3,0,-5.12595761943233,8.622251287411487,-14.431390444495179,24.584357871344352,0.3497595198599346,0.34538225338738265
236.38400000000001,40.158,-21.5,236.539,40.291,-21.5,236.316,40.319,-20.0,0,2.9233827780551236,0.7092149065161234,-18.583094943202354,16.044101023149572,-0.16054077240076112,0.03998914639045893
233.424,49.525,-21.5,233.238,49.656,-21.5,233.247,49.54,-18.9,0,4.13364113807773,12.987527713396862,12.853789303320239,36.510856688757514,0.32084737455766255,0.3543013663964711
235.762,40.409,-16.5,235.74200000000002,40.23,-17.8,235.93099999999998,40.322,-18.1,0,-5.414650196358722,2.140803600732359,-18.551544262168136,15.756035662775034,0.2847409055646868,0.12761902979007944
233.623,49.404,-21.5,233.424,49.525,-21.5,233.44299999999998,49.413,-19.1,0,4.905313219052513,12.48745570375788,15.19557243524417,35.02738560181152,0.32224993435409144,0.35519256599563215
234.888,48.237,-16.5,234.989,48.071,-16.5,235.091,48.264,-19.1,0,0.18933246861956102,22.158588297879927,-1.0283192734223014,34.00857894827131,-0.16766313590174792,0.6510250564871883
232.885,49.684,-16.5,233.07299999999998,49.553,-16.5,233.062,49.668,-18.9,0,4.827147587124317,16.033094554764883,12.769137985062281,36.8092622253786,0.37704383270563063,0.4338653827856574
236.16899999999998,41.387,-16.5,236.245,41.217,-16.5,236.293,41.326,-18.8,0,2.870824344599923,4.254401377865727,8.300210053097317,17.219444846492024,0.3518043739088799,0.24654000303209905
235.975,40.484,-16.5,235.762,40.409,-16.5,235.93099999999998,40.322,-18.1,0,-5.8919880511801415,2.336126487965353,-21.66875089378854,9.91250508362593,0.2675088893895299,0.22365219717287504
235.74200000000002,40.23,-17.8,235.904,40.163,-19.1,235.93099999999998,40.322,-18.1,0,-3.404408345129187,0.6772999378201368,-18.81097089218173,16.106271128612235,0.17414680184067266,0.03382972436563445
236.338,40.699,-16.5,236.406,40.536,-18.8,236.531,40.705,-19.2,0,0.12101809969964919,4.2505620830112605,-11.136442124244184,19.605112365958703,-0.0173612602042473,0.21462964813110852
234.989,48.071,-16.5,235.18099999999998,48.142,-19.3,235.091,48.264,-19.1,0,0.23188719322165025,21.28777428370879,-1.0989580776599084,33.86634806218849,-0.1968710153427471,0.6280172689644006
236.338,40.699,-16.5,236.184,40.566,-16.5,236.406,40.536,-18.8,0,-0.45792097715411356,3.9400964976431383,-16.832295469017367,15.23870920973686,0.02220184015252757,0.25433378481850594
236.035,46.942,-21.5,235.805,47.022,-18.9,235.858,46.841,-18.9,0,-0.6695963073809957,11.44029864925669,-4.651732398597945,30.977117281575808,0.11228568639190416,0.3695485019083579
233.45999999999998,49.299,-16.5,233.65699999999998,49.175,-16.5,233.638,49.289,-19.0,0,5.667835836184177,15.726675574895378,14.427325404666483,35.0018848776604,0.3920802867654179,0.44798383343284076
233.238,49.656,-21.5,233.058,49.79,-21.5,233.062,49.668,-18.9,0,3.6921259157403954,13.183052085309983,11.905518422413815,37.126450459825094,0.3092338404614904,0.35358950647216936
236.184,40.566,-16.5,235.975,40.484,-16.5,236.086,40.389,-18.2,0,-2.7351625349669155,2.663759275921702,-21.195767508443765,9.827562681850694,0.12488255225660619,0.2610382571629284
234.828,48.531,-18.7,234.853,48.705,-21.5,234.648,48.684,-19.0,0,1.1374431315214617,15.593940624419357,12.395471352165966,32.881948239945736,0.09053508097104479,0.47353324019077203
236.035,46.942,-21.5,235.993,47.118,-21.5,235.805,47.022,-18.9,0,-0.6076986501892031,10.61393757677008,-6.027045755852905,30.93951341585964,0.07651278944016478,0.343764608481281
235.495,47.938,-21.5,235.388,48.101,-21.5,235.23399999999998,48.006,-19.0,0,-0.13332407196076068,18.790497060365126,0.5527799921094125,33.36922746328545,-0.2599259648929673,0.5624279640523289
235.72199999999998,47.203,-18.8,235.578,47.074,-16.5,235.805,47.022,-18.9,0,-0.18878201838611025,17.84685664103001,-1.6612640662708422,31.910667701533523,-0.01046669451892478,0.560538525287538
236.245,41.217,-16.5,236.326,41.049,-16.5,236.37900000000002,41.162,-18.9,0,2.399025558307182,4.827794915347529,8.894885921367361,17.92237763023661,0.27496632190256687,0.26921800970785914
235.904,40.163,-19.1,236.065,40.095,-20.3,236.062,40.236,-19.4,0,0.013899718749768591,-0.35559536078011666,-18.90100944127022,16.53270763733427,-0.006507932813437958,-0.028726506972637695
236.227,40.028,-21.5,236.38400000000001,40.158,-21.5,236.224,40.169,-20.6,0,2.885071522035032,-0.5605731969879679,-19.108521053445997,16.602206954403734,-0.15464255960901221,-0.03880058381166694
236.184,40.566,-16.5,236.086,40.389,-18.2,236.28,40.451,-18.7,0,-0.631581339268275,2.666903383487526,-20.35849392733303,11.584051664493344,0.026760980316883818,0.22231233705249864
234.777,48.4,-16.5,234.96800000000002,48.394,-18.8,234.828,48.531,-18.7,0,-0.000212533497261871,19.433834200287734,6.5464917048505225,34.09685844832762,-0.0028146659534626327,0.5693156427601733
233.829,49.287,-21.5,233.623,49.404,-21.5,233.638,49.289,-19.0,0,5.0937105844655575,12.257351013758678,16.200406088111674,34.045425564475586,0.3138974382578281,0.3588516776659983
236.424,41.274,-21.5,236.37099999999998,41.448,-21.5,236.293,41.326,-18.8,0,1.2997863426757916,2.7742500428451193,5.603621265015775,18.017965737896645,0.23982960228720682,0.15359009002864465
235.805,47.022,-18.9,235.64600000000002,46.902,-16.5,235.858,46.841,-18.9,0,-0.6483741030635202,15.032452572338904,-4.9743291178484,31.006811655778158,0.09911105880999896,0.48507023459766696
235.043,48.579,-21.5,234.853,48.705,-21.5,234.828,48.531,-18.7,0,0.6472353989113572,14.144298495889407,14.050978327346282,31.98172111448497,0.04511958082191235,0.44158132211115264
232.701,49.817,-16.5,232.885,49.684,-16.5,232.88,49.801,-18.9,0,4.304204689578979,16.28032443460179,12.140628947068965,37.36414261903836,0.3534019474277438,0.4339520872209939
236.065,40.095,-20.3,236.227,40.028,-21.5,236.224,40.169,-20.6,0,2.313790591658442,-0.938841381516037,-19.56365823566597,16.265288725422515,-0.1224166402725345,-0.06375523079799338
236.70999999999998,40.616,-21.5,236.709,40.794,-21.5,236.531,40.705,-19.2,0,0.015180971917262802,2.489348863395386,-0.7764596831479764,22.186014617852578,-0.05826530158480977,0.11169251628272382
236.38400000000001,40.158,-21.5,236.316,40.319,-20.0,236.224,40.169,-20.6,0,2.8987650296725986,0.3980087273706365,-19.835701469091305,14.84395080442303,-0.14960473565442017,0.021163850218331958
235.49200000000002,47.243,-16.5,235.72199999999998,47.203,-18.8,235.62099999999998,47.373,-18.8,0,-0.6618445783032082,20.35156281788413,3.039822590028237,32.38236054765493,-0.13079829393457346,0.6301614734459943
236.531,40.705,-19.2,236.406,40.536,-18.8,236.574,40.557,-20.3,0,0.6506935299782455,3.3263880312676077,-10.257325456999695,20.25727148732257,-0.06927679089597778,0.16235727351227713
235.289,48.266,-21.5,235.192,48.431,-21.5,235.091,48.264,-19.1,0,0.1440440086327245,16.844413879679685,-1.0531105825942646,34.07532252415023,-0.12173387273880291,0.4936997649153324
235.578,47.074,-16.5,235.64600000000002,46.902,-16.5,235.805,47.022,-18.9,0,-0.27147962603736225,18.166848315794503,-2.2659871504383986,31.617542932576928,0.036492812084653485,0.5753666364170543
236.52800000000002,41.115,-21.5,236.424,41.274,-21.5,236.37900000000002,41.162,-18.9,0,1.8126152269030686,2.885138590417977,10.537457018758317,16.71591789051479,0.17520750835933044,0.1726114303979688
235.49200000000002,47.243,-16.5,235.578,47.074,-16.5,235.72199999999998,47.203,-18.8,0,-0.30136780725696594,20.72195203965494,0.7627081258276043,32.2368200512555,-0.0840395182337352,0.6442667034355695
235.93200000000002,46.149,-19.2,235.75900000000001,46.013,-16.5,235.93200000000002,45.97,-19.3,0,-4.912368570804131,9.595522594056938,-14.052796539356546,25.28584396514089,0.34407136465826005,0.37429698429250285
235.757,46.192,-16.5,235.75900000000001,46.013,-16.5,235.93200000000002,46.149,-19.2,0,-4.669905256631837,11.217270793213839,-13.029668894500077,26.116619721807346,0.3521895949761392,0.42451682941500646
234.989,48.071,-16.5,235.09,47.906,-16.5,235.23399999999998,48.006,-19.0,0,0.27943676015018754,23.364585090047157,-0.9684962663192316,33.57030900410071,-0.2765987841633284,0.6954923799156799
234.625,48.547,-16.5,234.828,48.531,-18.7,234.648,48.684,-19.0,0,1.2289536520069706,17.89918134342166,11.962476996989578,33.12442289570441,0.10128232834277637,0.539643392236429
233.058,49.79,-21.5,232.88400000000001,49.928,-21.5,232.88,49.801,-18.9,0,3.147895644915861,13.383028302489539,10.783853361889584,37.76600006834559,0.2908305095061398,0.3528191280337594
235.75900000000001,46.013,-16.5,235.764,45.835,-16.5,235.93200000000002,45.97,-19.3,0,-5.031394222572996,11.402712034591646,-12.59997323450455,25.811526448582455,0.3923884516575908,0.43648148876105713
236.086,40.389,-18.2,236.316,40.319,-20.0,236.28,40.451,-18.7,0,0.9823752651059807,2.0744036599520013,-19.769464796996203,13.33362110303544,-0.053988125443812214,0.1486578550713791
235.31900000000002,47.843,-18.8,235.495,47.938,-21.5,235.23399999999998,48.006,-19.0,0,0.07802353064171443,20.41926464416601,-0.23880567036909284,33.225115248008265,-0.28926102364372985,0.6139213137143169
235.64600000000002,46.902,-16.5,235.697,46.726,-16.5,235.858,46.841,-18.9,0,-0.8671123065644292,15.587423631810596,-5.231240110221107,30.723616629885658,0.1386262125712147,0.5069374030438732
236.059,46.765,-21.5,236.035,46.942,-21.5,235.858,46.841,-18.9,0,-1.454039901610114,8.439092484568318,-9.026459228764772,29.67048420253112,0.14919503221500832,0.2839667700430726
235.697,46.726,-16.5,235.739,46.55,-16.5,235.902,46.661,-19.1,0,-1.548219764670617,13.421419607383317,-6.698575173384484,29.928809258159152,0.2148286011934886,0.4466206128397293
235.975,40.484,-16.5,235.93099999999998,40.322,-18.1,236.086,40.389,-18.2,0,-3.1170122226701533,2.5443179510572196,-20.59649608842642,12.012926475889017,0.1463114864236114,0.20231819797724182
235.753,46.371,-16.5,235.757,46.192,-16.5,235.928,46.323,-19.2,0,-4.036226147064245,11.207711881178307,-12.73596537911823,26.8100962322766,0.3107011074716085,0.4137038061639243
236.539,40.291,-21.5,236.656,40.444,-21.5,236.44,40.41,-20.1,0,2.0531704185394934,1.4719207416099103,-14.856244354434352,18.692420760092403,-0.14157980778414983,0.07630426008446661
235.39600000000002,47.41,-16.5,235.62099999999998,47.373,-18.8,235.51600000000002,47.54,-18.8,0,-1.1936366434879044,22.21061594949916,3.9040424921749803,32.86418853825465,-0.23501574804150693,0.67746418365362
235.39600000000002,47.41,-16.5,235.49200000000002,47.243,-16.5,235.62099999999998,47.373,-18.8,0,-0.7495786248123787,22.755906398809145,2.4430213053912695,32.728001460402396,-0.19920310928055937,0.6969230628875698
236.062,40.236,-19.4,236.065,40.095,-20.3,236.224,40.169,-20.6,0,1.4324796108800157,-0.19496282333165518,-19.129815832332838,16.206436002679,-0.07980047519157794,-0.01866933661989604
235.739,46.55,-16.5,235.753,46.371,-16.5,235.92000000000002,46.483,-19.1,0,-3.0955256717735495,11.740764725690992,-11.217852168378743,27.992224947968083,0.2683476550318497,0.41614581054274463
235.904,40.163,-19.1,236.062,40.236,-19.4,235.93099999999998,40.322,-18.1,0,-1.430878844256428,0.7753554038301071,-18.855146539070347,15.978181507116503,0.0696072699132427,0.04075611146982115
236.44,40.41,-20.1,236.656,40.444,-21.5,236.574,40.557,-20.3,0,1.6665394154112,1.9627723322619344,-14.133529676644798,18.633415955902564,-0.1214900520456399,0.10306064922746136
233.65699999999998,49.175,-16.5,233.856,49.052,-16.5,233.837,49.169,-18.9,0,5.551203991529134,15.968157345354863,14.71347479122361,34.290386924530225,0.37646144378921,0.4645078338561845
235.928,46.323,-19.2,235.757,46.192,-16.5,235.93200000000002,46.149,-19.2,0,-3.9668812779677394,9.722601145933863,-12.576482673904554,26.592895053766448,0.30957602076993856,0.3610580699739556
235.29500000000002,47.575,-16.5,235.39600000000002,47.41,-16.5,235.51600000000002,47.54,-18.8,0,-1.2314746603601043,24.057665218316625,3.3831104525615494,33.2129785391693,-0.28597141935556813,0.7257617149801957
235.29500000000002,47.575,-16.5,235.51600000000002,47.54,-18.8,235.409,47.703,-18.8,0,-0.0348872122349963,22.82726318204091,0.11742213093732978,32.60169153438342,-0.30306031478807943,0.6996082188396834
235.858,46.841,-18.9,235.697,46.726,-16.5,235.902,46.661,-19.1,0,-1.7039880749158625,12.395554770723804,-8.739603800680966,29.6082265588756,0.182204848731217,0.4174945604132169
232.701,49.817,-16.5,232.88400000000001,49.928,-21.5,232.703,49.954,-19.1,0,2.8611731388468895,15.055227538366154,9.357192501170541,38.373705192791746,0.30423155211888864,0.3906575762927605
235.93099999999998,40.322,-18.1,236.062,40.236,-19.4,236.086,40.389,-18.2,0,-1.3413693610694146,1.5499253065955942,-20.8682184734528,12.397152768783585,0.059497747783661355,0.11546501312013206
235.902,46.661,-19.1,235.739,46.55,-16.5,235.92000000000002,46.483,-19.1,0,-2.5693617618352547,10.632741400933048,-10.43182439725378,28.535953418438808,0.23788173829864342,0.3700259219368874
235.19299999999998,47.741,-16.5,235.29500000000002,47.575,-16.5,235.409,47.703,-18.8,0,0.31722091167376815,24.056564319445645,-0.9538443502711225,32.807968075934866,-0.32984196029999097,0.7327533765052104
234.037,49.172,-21.5,233.829,49.287,-21.5,233.837,49.169,-18.9,0,4.934736065084793,12.277588988616353,16.584333509241073,33.36063780984888,0.29701278090944416,0.366989358187363
235.19299999999998,47.741,-16.5,235.409,47.703,-18.8,235.31900000000002,47.843,-18.8,0,0.06039110101168989,23.11483648262846,-0.17180289152678618,32.98624337014889,-0.32506804330051703,0.7001912417301381
235.192,48.431,-21.5,234.96800000000002,48.394,-18.8,235.091,48.264,-19.1,0,-0.17934879651961352,17.781661491867712,2.2147628702490625,34.16298822021383,-0.08841111539169319,0.5198671833006608
236.326,41.049,-16.5,236.372,40.874,-16.5,236.486,40.989,-18.9,0,0.8163789402982321,5.2605684250636235,5.333845692393368,20.10615623773458,0.16253161167730817,0.2614499214599567
236.059,46.765,-21.5,235.858,46.841,-18.9,235.902,46.661,-19.1,0,-1.6082980504080844,9.175538696471984,-8.363966652608768,29.647844940472194,0.17986562859547128,0.3083898175429689
235.92000000000002,46.483,-19.1,235.753,46.371,-16.5,235.928,46.323,-19.2,0,-3.6493752448594208,9.699603711202457,-12.935995695239168,26.945365554419986,0.2762956014386543,0.35615635970685683
234.777,48.4,-16.5,234.888,48.237,-16.5,234.96800000000002,48.394,-18.8,0,-0.021918681851074907,21.2264501543552,0.7064912103466767,34.42981496875059,-0.058567550683152086,0.6159343929283927
235.09,47.906,-16.5,235.19299999999998,47.741,-16.5,235.31900000000002,47.843,-18.8,0,0.23700399942010636,23.991059240052035,-0.7058437685450336,33.195526504887496,-0.3264604959175238,0.7222328091118573
236.07299999999998,46.588,-21.5,236.059,46.765,-21.5,235.902,46.661,-19.1,0,-2.161995064384735,6.864792731897096,-10.631600008177983,28.596570285170927,0.1956483367002568,0.23834594201047754
235.388,48.101,-21.5,235.289,48.266,-21.5,235.18099999999998,48.142,-19.3,0,0.16529853209720255,17.89231021998956,-0.758832559037792,33.730354588102806,-0.19963953073416843,0.5297993444282841
236.316,40.319,-20.0,236.539,40.291,-21.5,236.44,40.41,-20.1,0,2.6186274178535545,1.3180874288294737,-18.343888699758168,15.610270135084548,-0.14607290364905254,0.08025339694397834
235.18099999999998,48.142,-19.3,234.989,48.071,-16.5,235.23399999999998,48.006,-19.0,0,0.4495554163344369,21.844996932666795,-1.79397429862318,33.63667386229159,-0.24294839959146897,0.6488857311629235
236.37099999999998,41.448,-21.5,236.16899999999998,41.387,-16.5,236.293,41.326,-18.8,0,1.9524973441269438,3.202469010489011,6.554380033532681,17.437573612725544,0.3051695099126736,0.18310765611151347
234.244,49.056,-21.5,234.055,48.93,-16.5,234.255,48.932,-19.1,0,4.217345260638214,14.949287753960727,14.739815282492653,33.40811953549031,0.28523461447646387,0.4465702781507198
236.709,40.794,-21.5,236.656,40.966,-21.5,236.54399999999998,40.834,-19.2,0,-0.061672554006437355,2.4989873071054993,5.419222198427761,20.665785808232528,-0.007226834448020348,0.1208505702033763
236.082,46.41,-21.5,236.07299999999998,46.588,-21.5,235.92000000000002,46.483,-19.1,0,-2.6053346143556726,6.0829019843000935,-11.426762421171507,27.75506350822492,0.222206686340739,0.2163807855454738
236.656,40.966,-21.5,236.52800000000002,41.115,-21.5,236.486,40.989,-18.9,0,0.890965875909298,2.3652420485358205,12.805264807420592,16.050564888368626,0.07104078313447881,0.1477043025838005
236.07299999999998,46.588,-21.5,235.902,46.661,-19.1,235.92000000000002,46.483,-19.1,0,-2.3276031632293237,7.752376527585648,-10.152986919768754,28.54954251913565,0.22142616532253093,0.26916610504685823
234.648,48.684,-19.0,234.652,48.823,-21.5,234.45499999999998,48.811,-19.1,0,2.493413322788737,14.712356062550219,14.744830632052143,32.4480714080768,0.16814392425022323,0.4526539712281499
234.853,48.705,-21.5,234.652,48.823,-21.5,234.648,48.684,-19.0,0,1.9466112863614267,13.5207547085572,15.790094158380843,31.719571597182224,0.12246648979305472,0.4255410877967313
236.326,41.049,-16.5,236.52800000000002,41.115,-21.5,236.37900000000002,41.162,-18.9,0,1.7514587100863277,3.879900666685869,9.454907136115196,17.798028352367965,0.189283755886495,0.21800767113671393
236.078,46.232,-21.5,236.082,46.41,-21.5,235.928,46.323,-19.2,0,-3.2577139741950605,5.765921637372432,-13.379246770402052,26.309811193150857,0.23917184457462892,0.21549363818352463
233.65699999999998,49.175,-16.5,233.829,49.287,-21.5,233.638,49.289,-19.0,0,5.769352970516663,13.833925091097996,16.463287848919254,33.796459018014644,0.3498361123163148,0.4081079066663709
233.058,49.79,-21.5,232.885,49.684,-16.5,233.062,49.668,-18.9,0,4.250789804081583,14.67368387257434,12.54010091145396,37.00263140977408,0.3380398575924412,0.3949173821642031
236.406,40.536,-18.8,236.44,40.41,-20.1,236.574,40.557,-20.3,0,1.3963172707565754,2.6444204258909467,-14.338799803448069,18.310394503570535,-0.10180287578686088,0.14163137076906862
234.446,48.681,-16.5,234.648,48.684,-19.0,234.45499999999998,48.811,-19.1,0,2.78904541835411,16.77910846138874,14.527490412151213,32.622522617627055,0.19086135108037033,0.5135529117208553
233.238,49.656,-21.5,233.07299999999998,49.553,-16.5,233.247,49.54,-18.9,0,4.906103091083509,14.355855132435742,13.824236415451995,36.20812582654145,0.3541274331239171,0.39491433570001594
232.88400000000001,49.928,-21.5,232.701,49.817,-16.5,232.88,49.801,-18.9,0,3.6057860948192877,14.911302651898826,11.401766653053203,37.677919002924625,0.31512162515591635,0.3940714939546774
233.45999999999998,49.299,-16.5,233.623,49.404,-21.5,233.44299999999998,49.413,-19.1,0,5.6460856101987975,13.903992049795974,15.679229886886795,34.7193145610599,0.3594879761840755,0.3990984938713134
234.446,48.681,-16.5,234.625,48.547,-16.5,234.648,48.684,-19.0,0,1.8892034394661479,18.487933837068965,11.857380805376105,33.37593467586274,0.15778510273100915,0.55318380780398
234.625,48.547,-16.5,234.777,48.4,-16.5,234.828,48.531,-18.7,0,0.4273283110289168,19.84386540754826,7.654255134533011,34.04255635242171,0.053322150675340595,0.5822502065037936
236.52800000000002,41.115,-21.5,236.326,41.049,-16.5,236.486,40.989,-18.9,0,1.6522257252471522,3.5848381786969425,11.320450171640225,17.036434365297623,0.1487237060248733,0.21063550403582856
233.856,49.052,-16.5,234.037,49.172,-21.5,233.837,49.169,-18.9,0,5.380376509011692,14.131098873473748,16.248253280375696,33.356830494174346,0.3304634804385521,0.4225616835125528
233.424,49.525,-21.5,233.26600000000002,49.426,-16.5,233.44299999999998,49.413,-19.1,0,4.816816769312727,14.348228590223346,13.318863656843156,36.06528619983189,0.3608909947065204,0.3963969405922871
233.26600000000002,49.426,-16.5,233.424,49.525,-21.5,233.247,49.54,-18.9,0,4.623498891358804,14.460420183564914,12.811525908250452,36.38827926840385,0.3600687794684095,0.39590914381414355
234.252,48.806,-16.5,234.446,48.681,-16.5,234.45499999999998,48.811,-19.1,0,3.424034375493647,17.545659516332954,14.141532953734899,33.00985974719281,0.24092473126920824,0.530701964108301
236.064,46.055,-21.5,235.93200000000002,46.149,-19.2,235.93200000000002,45.97,-19.3,0,-4.091124699081467,7.215291917537128,-13.7528535434415,25.40840543340707,0.29271515782509605,0.2792704364095979
236.064,46.055,-21.5,236.078,46.232,-21.5,235.93200000000002,46.149,-19.2,0,-3.8798646903782386,5.883435233119248,-14.79796060940048,25.007035482921935,0.258286505858202,0.23093086195911625
234.055,48.93,-16.5,234.252,48.806,-16.5,234.255,48.932,-19.1,0,4.4069031998663695,16.969284181974565,14.476379074512629,33.35930540899997,0.3033504339810545,0.5077720372346464
234.252,48.806,-16.5,234.45499999999998,48.811,-19.1,234.255,48.932,-19.1,0,3.944480434512606,16.189415019261467,15.130592172961013,32.832192432670396,0.2596942175779469,0.492237740462992
234.45499999999998,48.811,-19.1,234.44799999999998,48.939,-21.5,234.255,48.932,-19.1,0,3.507408980532739,14.24396393519593,15.285348340444127,32.713887886006574,0.22860489569850476,0.4345949285933702
234.652,48.823,-21.5,234.44799999999998,48.939,-21.5,234.45499999999998,48.811,-19.1,0,3.033260296043904,13.218883820233009,16.22461871428201,32.01626901504322,0.18619675836569352,0.41211750024660204
233.07299999999998,49.553,-16.5,233.238,49.656,-21.5,233.062,49.668,-18.9,0,4.276100075173993,14.644114299970406,12.187997172821353,36.92164354780431,0.3499066411550574,0.39504262013629843
236.656,40.444,-21.5,236.70999999999998,40.616,-21.5,236.574,40.557,-20.3,0,0.7562905799922787,1.991390173691892,-7.721111615787834,21.73198087400914,-0.10274359429648093,0.09052231858927562
234.44799999999998,48.939,-21.5,234.244,49.056,-21.5,234.255,48.932,-19.1,0,3.7965752195180382,12.914675599435045,16.10272612629413,32.5804080922704,0.2350706493580287,0.39557247043678073
236.053,45.877,-21.5,236.064,46.055,-21.5,235.93200000000002,45.97,-19.3,0,-4.116657723188396,6.330923010787782,-14.356654080488145,24.737452466967078,0.2823276276340835,0.2512636661336449
236.424,41.274,-21.5,236.245,41.217,-16.5,236.37900000000002,41.162,-18.9,0,2.4816672317752655,3.6915035221647865,9.926610620004382,16.92367060695682,0.25418536468560526,0.21797219165130716
236.082,46.41,-21.5,235.92000000000002,46.483,-19.1,235.928,46.323,-19.2,0,-3.2011181511654216,6.994573406520841,-12.708012557192653,26.953545739840635,0.24674633166106763,0.2560330109809999
236.531,40.705,-19.2,236.709,40.794,-21.5,236.54399999999998,40.834,-19.2,0,0.028738148598441843,3.1341045245176335,-2.8475986619507125,21.617934002824654,-0.02355043805969397,0.14433237007919697
233.623,49.404,-21.5,233.45999999999998,49.299,-16.5,233.638,49.289,-19.0,0,5.060059979906881,14.21823200144861,14.109190130248713,35.241642163552896,0.3579332441074299,0.40214360688058115
236.406,40.536,-18.8,236.184,40.566,-16.5,236.28,40.451,-18.7,0,0.22719068319517408,3.198642346286336,-18.226603200021316,14.291843915978788,-0.017063247397802364,0.21855167529074088
232.885,49.684,-16.5,233.058,49.79,-21.5,232.88,49.801,-18.9,0,3.8578070858197724,14.849706899390846,11.613114810450245,37.43768431054062,0.3311202416962576,0.3949972416684118
236.078,46.232,-21.5,235.928,46.323,-19.2,235.93200000000002,46.149,-19.2,0,-3.361137942128645,7.09386920366615,-12.31068552600274,26.6398146468826,0.2679458372672677,0.2621736207330325
233.829,49.287,-21.5,233.65699999999998,49.175,-16.5,233.837,49.169,-18.9,0,5.168845376949342,14.21307351397894,14.959757930404681,34.344994088148624,0.34482322791374515,0.41267334649786364
236.245,41.217,-16.5,236.424,41.274,-21.5,236.293,41.326,-18.8,0,2.0816676790823103,3.778844341275982,7.609581013787192,17.79354912148574,0.2796310126771116,0.21202518631143494
236.70999999999998,40.616,-21.5,236.531,40.705,-19.2,236.574,40.557,-20.3,0,0.665707661664686,2.5644975918549364,-9.090094455224886,20.67473641528987,-0.07800452557908891,0.12274117811393491
235.09,47.906,-16.5,235.31900000000002,47.843,-18.8,235.23399999999998,48.006,-19.0,0,0.19590220421608984,22.773294578919486,-0.6168268264223116,33.34488823805548,-0.3029679621704665,0.6824202078045286
235.388,48.101,-21.5,235.18099999999998,48.142,-19.3,235.23399999999998,48.006,-19.0,0,0.38186426723073735,19.599867088528203,-1.539746666138221,33.55146772081861,-0.23956290106822536,0.5835380793647079
236.486,40.989,-18.9,236.372,40.874,-16.5,236.54399999999998,40.834,-19.2,0,0.37535811807247366,4.542754509207525,5.069872455786083,20.588981566094162,0.08267789352732278,0.22047115416532928
236.656,40.966,-21.5,236.486,40.989,-18.9,236.54399999999998,40.834,-19.2,0,0.15738493222421435,3.2559924238555493,4.5435843595691665,20.514760096472457,0.04159166590241583,0.15859070013274554
234.96800000000002,48.394,-18.8,234.888,48.237,-16.5,235.091,48.264,-19.1,0,-0.22947956557005822,20.51492035729611,2.3291251888293427,34.17070304550357,-0.10601060047489658,0.5997736827223671
235.18099999999998,48.142,-19.3,235.289,48.266,-21.5,235.091,48.264,-19.1,0,0.15599784564194716,18.67067927387961,-0.8244046122447735,33.912123125824024,-0.17056610049205773,0.5499361766535392
236.406,40.536,-18.8,236.28,40.451,-18.7,236.44,40.41,-20.1,0,1.5432487935198773,2.3670321889775106,-18.42221900412011,14.437136151663594,-0.08763580499838163,0.1591435219390818
236.28,40.451,-18.7,236.316,40.319,-20.0,236.44,40.41,-20.1,0,1.8727646483387446,2.044803442725781,-18.051551240697563,15.52360673688096,-0.10790479890353756,0.12685996876718958
232.541,50.085,-19.0,232.72199999999998,50.072,-21.5,232.56,50.217,-21.5,0,2.094330469771578,13.325171382673233,8.555872385252695,38.95645723553038,0.24332126234639476,0.34049486496748593
236.161,42.502,-21.5,235.869,42.617,-16.5,235.89600000000002,42.439,-16.5,0,-0.10031196747433839,3.5507862068001477,3.5406461675529783,11.745479412398936,-0.022658486565329643,0.31196533821316413
236.137,42.679,-21.5,235.845,42.795,-16.5,235.869,42.617,-16.5,0,-0.17616697473225118,3.503123031981735,3.3149724376377776,10.797519762458933,-0.04658711171605939,0.33631259433786026
236.161,42.502,-21.5,236.137,42.679,-21.5,235.869,42.617,-16.5,0,-0.14261660198874646,2.8170962325884576,2.9826361281652396,11.390729660220586,-0.04335923106677,0.256812521712408
236.11599999999999,42.856,-21.5,235.825,42.973,-16.5,235.845,42.795,-16.5,0,-0.16048091230278053,3.1514932519755594,3.0533385152685355,9.865120376223729,-0.04455826087134237,0.33273571406293084
236.11599999999999,42.856,-21.5,235.845,42.795,-16.5,236.137,42.679,-21.5,0,-0.16389632038127683,2.6392416699336105,2.769047698318502,10.436813440641743,-0.0536714395116368,0.26411259694122635
236.098,43.033,-21.5,235.825,42.973,-16.5,236.11599999999999,42.856,-21.5,0,-0.1339782708457696,2.2305652423712696,2.573894416207253,9.48189325943423,-0.04503354961561751,0.24726115079575312
236.341,43.524,-26.5,236.067,43.388,-21.5,236.35,43.345,-26.5,0,0.20172464729050438,0.2679471247656276,-9.454509677950725,22.657080514174496,-0.021783192589173557,0.01119490839309668
236.325,43.881,-26.5,236.046,43.922,-21.5,236.05,43.744,-21.5,0,-0.048625117899318296,-0.7071520248169825,-10.041624376227887,21.99693855036365,0.004272044306507198,-0.03317803610791688
236.36700000000002,43.167,-26.5,236.098,43.033,-21.5,236.38400000000001,42.989,-26.5,0,-0.05589796720451355,0.4808572744911749,1.3970467682370895,8.97761827215021,-0.036801654191224414,0.059134761725882765
236.36700000000002,43.167,-26.5,236.082,43.211,-21.5,236.098,43.033,-21.5,0,-0.07000221663364621,0.7237284527095366,1.7068562885636993,8.539138342081486,-0.035533513995748035,0.0921233382370417
236.32,44.06,-26.5,236.046,43.922,-21.5,236.325,43.881,-26.5,0,-0.008643659434671134,-0.9498000943797944,-9.95609703019548,21.96594206964815,0.00047775806679709287,-0.04408067773290078
234.853,48.705,-21.5,235.043,48.579,-21.5,235.102,48.817,-26.5,0,0.6102963397653216,10.464181896450159,14.329149865047516,32.15544441429168,0.041896319937734294,0.324845843881626
236.38400000000001,42.989,-26.5,236.098,43.033,-21.5,236.11599999999999,42.856,-21.5,0,-0.09254552908486319,1.0535177639927085,1.8383155178101163,9.517630576276616,-0.046546353671746,0.11865257004055896
236.35,43.345,-26.5,236.082,43.211,-21.5,236.36700000000002,43.167,-26.5,0,0.23795298730567027,0.8757629159943859,-8.42917102091674,23.22554724355507,-0.02860100197830896,0.037148198150467895
236.38400000000001,42.989,-26.5,236.11599999999999,42.856,-21.5,236.399,42.81,-26.5,0,-0.05808925465382561,0.7088150537854637,1.3109017044717177,9.996940093299685,-0.04348868390153236,0.07659743427342648
236.32,44.06,-26.5,236.047,44.099,-21.5,236.046,43.922,-21.5,0,-0.24135789094868,-0.7235170942618849,-10.646257876194241,21.553494515872913,0.022199976959715435,-0.03465960625762186
235.102,48.817,-26.5,235.043,48.579,-21.5,235.288,48.688,-26.5,0,0.20768044830661345,8.246575411182054,13.834812661805898,32.24420057157563,0.014436611366813804,0.25527537643928433
236.35,43.345,-26.5,236.067,43.388,-21.5,236.082,43.211,-21.5,0,0.20145937812966497,1.3664648610327477,-8.645116814003828,23.06082692768925,-0.0238802000617026,0.058500841754203406
236.399,42.81,-26.5,236.11599999999999,42.856,-21.5,236.137,42.679,-21.5,0,-0.1095166256764515,1.3347327963520985,2.0409276102127762,10.48855912341753,-0.051542444858295865,0.13481228704348036
236.314,44.596,-26.5,236.038,44.633,-21.5,236.04399999999998,44.455,-21.5,0,-1.202933525902338,1.3510666504351014,-9.81523322941095,21.48159867975143,0.12235960103445533,0.0618956713083644
236.32,44.06,-26.5,236.317,44.239,-26.5,236.047,44.099,-21.5,0,-0.18719768810648593,-0.7718665209930538,-10.199377944351895,21.704330703851525,0.01803895433618372,-0.036431155840238955
236.308,44.775,-26.5,236.038,44.633,-21.5,236.314,44.596,-26.5,0,-0.9853359861388135,1.0318317522726204,-9.852140499282626,21.391500815649536,0.09988809298012187,0.0474878192551974
236.308,44.775,-26.5,236.034,44.811,-21.5,236.038,44.633,-21.5,0,-1.631351446619282,2.187126849746465,-10.05417105096005,21.21154598923293,0.1621186611163703,0.1021932814713102
236.399,42.81,-26.5,236.137,42.679,-21.5,236.416,42.632,-26.5,0,-0.06342785738221338,0.8993177320582995,1.4498455345315904,10.987528729923298,-0.044399746330676955,0.0870542379334422
236.30200000000002,45.132,-26.5,236.304,45.311,-26.5,236.03199999999998,45.166,-21.5,0,-2.1529295364130636,2.409489585382599,-12.590598758945443,23.132275110911685,0.16682651785710473,0.10092881858855528
236.304,45.311,-26.5,236.035,45.344,-21.5,236.03199999999998,45.166,-21.5,0,-3.1387109762407084,3.8925628458965686,-12.943911645443194,23.268972166288556,0.23712816399606018,0.16309740397773118
236.314,44.596,-26.5,236.04399999999998,44.455,-21.5,236.314,44.418,-26.5,0,-0.7421860394979112,0.36175743837485275,-10.555300110523078,21.21427366843578,0.07014681006718144,0.016232225029774925
236.317,44.239,-26.5,236.048,44.277,-21.5,236.047,44.099,-21.5,0,-0.5231458879694,-0.3111880613362946,-10.644580445991025,21.40382816879898,0.04877750630854932,-0.015641665920830102
233.279,49.895,-26.5,233.238,49.656,-21.5,233.452,49.755,-26.5,0,2.220207789484272,8.59897687936894,10.81748440692532,37.13599947143143,0.20459899593783437,0.23051557226487196
236.30200000000002,45.132,-26.5,236.03199999999998,45.166,-21.5,236.03199999999998,44.988,-21.5,0,-2.8679068669755177,3.592715341635876,-12.559368400300883,22.93219776976194,0.22263770718303094,0.15229096377909077
233.058,49.79,-21.5,233.238,49.656,-21.5,233.279,49.895,-26.5,0,2.983634644163411,10.397208090004586,12.127282573584406,36.82265140451935,0.24535130087985957,0.28109624627226926
236.3,44.954,-26.5,236.30200000000002,45.132,-26.5,236.03199999999998,44.988,-21.5,0,-1.9724333858512182,2.144803704963044,-12.589148158825868,22.58262811567384,0.15241739960542033,0.09152959575315746
236.753,41.059,-26.5,236.656,40.966,-21.5,236.841,40.894,-26.5,0,-0.09111607232301973,1.052122598703218,8.522915092809228,19.83113542262123,-0.009757558090448665,0.05311653849921889
236.3,44.954,-26.5,236.034,44.811,-21.5,236.308,44.775,-26.5,0,-1.2431022970155947,1.594882652299194,-9.620869647530142,21.34625726847071,0.12911074666326125,0.07404238977593126
236.314,44.418,-26.5,236.04399999999998,44.455,-21.5,236.048,44.277,-21.5,0,-0.8410522395128166,0.44660772700686363,-10.050320617224244,21.539450822354922,0.08340475274228074,0.019668970989470715
236.314,44.418,-26.5,236.048,44.277,-21.5,236.317,44.239,-26.5,0,-0.43112786867495256,-0.289015574289486,-10.201392514208365,21.553595646969953,0.0420228261964537,-0.014266353548767985
236.3,44.954,-26.5,236.03199999999998,44.988,-21.5,236.034,44.811,-21.5,0,-2.0329984377753374,2.8130502841709597,-10.287348617806487,20.948061837071336,0.1975166192542476,0.13346867205601298
236.416,42.632,-26.5,236.137,42.679,-21.5,236.161,42.502,-21.5,0,-0.10588459352772267,1.4883969812052396,2.264571788901634,11.45677136552601,-0.04517449705227438,0.13633815564243854
236.304,45.311,-26.5,236.3,45.49,-26.5,236.035,45.344,-21.5,0,-2.1078760792972755,2.670921120741395,-11.805871083990201,24.106132542093547,0.17425084592131865,0.10782592065638757
232.836,50.349,-26.5,232.69799999999998,50.283,-24.0,232.786,50.19,-24.0,0,0.9065840837087266,8.374607360698462,5.833926774572703,39.257504045390505,0.15407036585717834,0.21226039694634946
236.416,42.632,-26.5,236.161,42.502,-21.5,236.434,42.454,-26.5,0,-0.05502988145721609,0.9895810279250246,1.532034846812678,11.987729003324546,-0.03605650960527144,0.08680072977261041
236.3,45.49,-26.5,236.043,45.522,-21.5,236.035,45.344,-21.5,0,-3.3402194766745135,4.068577457723004,-13.601595157618934,23.473196691650152,0.24079980455387107,0.1692766224851852
234.897,48.935,-26.5,234.853,48.705,-21.5,235.102,48.817,-26.5,0,0.9596264336541317,7.856214923302712,16.461887646674324,31.41495477924539,0.057846937418866415,0.24958729276253977
234.652,48.823,-21.5,234.853,48.705,-21.5,234.897,48.935,-26.5,0,1.5665283503200182,10.190571529097351,16.035503172054025,31.79396434580456,0.09709698909876784,0.3199124092450871
236.434,42.454,-26.5,236.161,42.502,-21.5,236.185,42.325,-21.5,0,-0.06301302079198258,1.462154050315257,2.310631995489956,12.463844861950122,-0.024755906493130347,0.12217638265499471
233.452,49.755,-26.5,233.424,49.525,-21.5,233.635,49.621,-26.5,0,2.657357516529383,8.469900544374731,12.558337979222575,36.21698010908942,0.21111681484731612,0.23288059016686916
236.325,46.204,-26.5,236.064,46.055,-21.5,236.30700000000002,46.026,-26.5,0,-2.242725690224175,2.372154155576138,-14.809713923406807,24.727755477364816,0.14922683096813852,0.09322919444342122
236.078,46.232,-21.5,236.064,46.055,-21.5,236.325,46.204,-26.5,0,-2.8066092796836735,3.4667608626433193,-14.479894872058829,25.2305436933489,0.19090871753775226,0.13410680239025183
233.238,49.656,-21.5,233.424,49.525,-21.5,233.452,49.755,-26.5,0,3.347432951979292,10.27749205730921,13.062919515867327,36.16029696694261,0.2556784435077207,0.2830188166330774
236.434,42.454,-26.5,236.185,42.325,-21.5,236.451,42.276,-26.5,0,-0.029495770713334042,0.9326241401556828,1.4826259727061029,13.006922250134323,-0.017199305529471662,0.07476459815868829
236.204,47.056,-23.8,236.368,47.259,-26.5,236.138,47.235,-23.7,0,-0.22303060620624665,4.795418533949517,-2.81569307214291,31.564344743845428,0.03415438715014108,0.15265482153532758
236.841,40.894,-26.5,236.656,40.966,-21.5,236.709,40.794,-21.5,0,-0.1287090670390022,1.4675287440544185,5.011677558760638,21.30172949016793,-0.0233312705346604,0.06883990749027097
236.428,47.085,-26.5,236.368,47.259,-26.5,236.204,47.056,-23.8,0,-0.2015247140534283,3.097474889622747,-1.9718097657484392,31.39967074186018,0.048793292986383484,0.09906989384415256
234.686,49.048,-26.5,234.652,48.823,-21.5,234.897,48.935,-26.5,0,1.7067820008782137,7.72677412290857,17.39844915098977,31.362031620353413,0.09770277067535446,0.24585790533849633
236.297,45.669,-26.5,236.043,45.522,-21.5,236.3,45.49,-26.5,0,-2.125564476194593,2.8477262514434942,-11.928477771986078,24.62430949276856,0.17425103990036472,0.11280204716448347
236.064,46.055,-21.5,236.053,45.877,-21.5,236.30700000000002,46.026,-26.5,0,-2.941522287189999,3.9352877114096416,-14.051743664688392,24.938762908149727,0.20603732692784435,0.15422834945568534
236.053,45.877,-21.5,236.298,45.847,-26.5,236.30700000000002,46.026,-26.5,0,-2.196537402867543,2.7557744481969784,-13.565503755187105,24.89543815646369,0.15921737209556286,0.10790393801400906
236.451,42.276,-26.5,236.185,42.325,-21.5,236.209,42.148,-21.5,0,0.01051221967913772,1.24132794941572,2.357981748145818,13.47403774137507,0.009504071096295499,0.0953252773017028
236.297,45.669,-26.5,236.049,45.699,-21.5,236.043,45.522,-21.5,0,-3.1886528380209946,4.226126131353423,-13.355255680848646,24.204128803311853,0.23431041682513462,0.17076808444256383
234.44799999999998,48.939,-21.5,234.652,48.823,-21.5,234.686,49.048,-26.5,0,2.393606197631526,10.04363673436215,16.454169125347192,32.04885067216786,0.14492427689035886,0.3127439576795192
236.451,42.276,-26.5,236.209,42.148,-21.5,236.469,42.097,-26.5,0,0.006546768577406411,0.7192516294400955,1.5682517567980767,14.013666490870577,0.011816639443638404,0.05317480886931719
236.297,45.669,-26.5,236.298,45.847,-26.5,236.049,45.699,-21.5,0,-2.1410113791234524,2.908088611931294,-12.46795947359487,24.92483035617387,0.16835527286526455,0.11387842178063896
236.053,45.877,-21.5,236.049,45.699,-21.5,236.298,45.847,-26.5,0,-2.957415690856942,4.253453467052255,-13.085717370989308,24.92044862286398,0.2219636421323531,0.1670196455471196
234.47199999999998,49.159,-26.5,234.44799999999998,48.939,-21.5,234.686,49.048,-26.5,0,2.344238135503037,7.60930300996812,17.79819372248517,31.615958397577714,0.13136061220746154,0.24012881170378636
236.648,41.22,-26.5,236.424,41.274,-21.5,236.52800000000002,41.115,-21.5,0,1.1365536348801875,1.9661113610311554,10.178812929683446,17.01652429402776,0.11437855499888377,0.11557114725770133
233.424,49.525,-21.5,233.623,49.404,-21.5,233.635,49.621,-26.5,0,3.970751050552052,9.940919740110472,15.393815586582921,34.866279769840936,0.2575145796456752,0.2839958669348026
236.24,46.855,-23.8,236.463,46.908,-26.5,236.204,47.056,-23.8,0,-0.7611688726613232,2.8075305124055974,-6.941578617561863,30.13542408600748,0.09768067084774089,0.09305202124081192
236.469,42.097,-26.5,236.209,42.148,-21.5,236.24200000000002,41.972,-21.5,0,0.14566484414645314,0.880834668673238,3.11007878823051,14.354015983264446,0.05408976058142182,0.06306159791571016
234.244,49.056,-21.5,234.44799999999998,48.939,-21.5,234.47199999999998,49.159,-26.5,0,2.9859116490191786,9.87401403321078,16.32104336031303,32.61391702737576,0.18244649727972923,0.302066025059867
233.635,49.621,-26.5,233.623,49.404,-21.5,233.839,49.501,-26.5,0,3.3158668936250324,7.9570617065420315,16.028639719578102,34.39751844721905,0.2065572416170245,0.23042511976189337
236.564,41.387,-26.5,236.424,41.274,-21.5,236.648,41.22,-26.5,0,0.8496117022563796,1.4517215604563716,7.995083744970813,17.525458652174166,0.11005753086281574,0.08275569802291663
236.463,46.908,-26.5,236.428,47.085,-26.5,236.204,47.056,-23.8,0,-0.5360689833843929,2.2912210186685784,-6.203101821667481,30.467151351724706,0.07363826176581159,0.07528404874072671
236.89499999999998,40.541,-26.5,236.70999999999998,40.616,-21.5,236.656,40.444,-21.5,0,0.6836430400499091,1.235609573870856,-8.13028769732827,22.07117311907109,-0.08678710326941953,0.05522705098816361
233.839,49.501,-26.5,233.829,49.287,-21.5,234.043,49.381,-26.5,0,3.131164407647351,7.789170519634856,16.042788464269574,33.996237173642854,0.19486774741312607,0.22833231887864047
236.38400000000001,40.158,-21.5,236.35899999999998,39.969,-24.0,236.485,40.048,-24.5,0,3.0534742299913034,-0.8557893042701845,-19.075597273178346,17.35088453394021,-0.16270844591906505,-0.052831386791459066
233.623,49.404,-21.5,233.829,49.287,-21.5,233.839,49.501,-26.5,0,4.06010230358735,9.600642163844896,16.403520220750053,33.95323275400675,0.2471309382290729,0.28176578792155754
236.89499999999998,40.541,-26.5,236.656,40.444,-21.5,236.852,40.366,-26.5,0,0.5262351280559251,0.8307419612756881,-7.042611281197765,22.90997686211722,-0.07686391438171196,0.03573586009236441
236.469,42.097,-26.5,236.24200000000002,41.972,-21.5,236.485,41.919,-26.5,0,0.04813531571367606,0.4413055620029698,1.4226306679584297,15.066056834816521,0.04814068181638289,0.030082984368175157
234.25799999999998,49.271,-26.5,234.244,49.056,-21.5,234.47199999999998,49.159,-26.5,0,2.7882727715322853,7.519099389704217,17.677272869441484,32.19308379993515,0.1574183589159133,0.23295994117194982
236.288,47.43,-26.5,236.043,47.437,-23.8,236.138,47.235,-23.7,0,-0.2630830905513854,6.671123509607476,2.431140527763798,32.18886836716283,-0.03710400790286081,0.20839520727380617
234.037,49.172,-21.5,234.244,49.056,-21.5,234.25799999999998,49.271,-26.5,0,3.499958079921331,9.612123949127842,16.622494334565697,32.951252751496526,0.21012248738039857,0.29094432234525286
234.043,49.381,-26.5,234.037,49.172,-21.5,234.25799999999998,49.271,-26.5,0,3.2127205379173005,7.482940874393698,17.959944187895072,32.536122768320226,0.17860767583297718,0.22930065948148717
233.829,49.287,-21.5,234.037,49.172,-21.5,234.043,49.381,-26.5,0,3.904959398793274,9.545316018643671,16.788662863694423,33.37147814990603,0.2322061874295973,0.28515990568215704
236.889,40.719,-26.5,236.709,40.794,-21.5,236.70999999999998,40.616,-21.5,0,0.05774308486411668,1.358262370129526,-1.2469207446493726,22.688525291346338,-0.05802511679487252,0.059524596503541645
232.974,50.193,-26.5,232.836,50.349,-26.5,232.786,50.19,-24.0,0,0.6527976613399555,7.395536524579788,4.629675929892315,39.30634864283576,0.1393910811308188,0.18720096245924328
236.368,47.259,-26.5,236.288,47.43,-26.5,236.138,47.235,-23.7,0,-0.14309205933513086,4.5307280570722925,1.395785686511946,31.99964848486473,-0.003769153011404659,0.14242008406073434
236.485,41.919,-26.5,236.24200000000002,41.972,-21.5,236.27800000000002,41.796,-21.5,0,0.3206428848103343,0.6076085349606101,3.4280582117357596,15.340184768696759,0.10263546646899586,0.04014526161928529
236.841,40.894,-26.5,236.709,40.794,-21.5,236.889,40.719,-26.5,0,-0.1729407597336337,0.8839349521321749,4.1950888041584875,22.011927041457255,-0.03998891101722225,0.040071342977970346
232.69799999999998,50.283,-24.0,232.56,50.217,-21.5,232.786,50.19,-24.0,0,1.0853959604754662,10.524087296145266,5.630058821409719,39.29351796657191,0.1908608596340078,0.2665481750091508
236.889,40.719,-26.5,236.70999999999998,40.616,-21.5,236.89499999999998,40.541,-26.5,0,0.041505765134828364,0.8500327277256536,-0.8570343634789026,23.179170260501905,-0.057878437014443625,0.03640165177529048
236.485,41.919,-26.5,236.27800000000002,41.796,-21.5,236.501,41.741,-26.5,0,0.09684868205758179,0.3053139752116672,1.421520069409837,16.124020181177485,0.08779971237310731,0.019019001382369283
236.49200000000002,39.909,-26.5,236.635,40.051,-26.5,236.485,40.048,-24.5,0,2.3676671141712133,-0.8896386986782985,-18.69800991415883,18.19441675463321,-0.12837695908124827,-0.05090173388837265
232.56,50.217,-21.5,232.72199999999998,50.072,-21.5,232.786,50.19,-24.0,0,1.8738753338511096,11.436264635801127,8.727110243841517,38.68877502003522,0.21356351128746104,0.2941926493167515
236.464,46.73,-26.5,236.24,46.855,-23.8,236.251,46.667,-23.8,0,-1.3172953463438657,1.8692410957374828,-10.438416756649907,28.536871267791284,0.12082918524070578,0.0646938729238504
236.464,46.73,-26.5,236.463,46.908,-26.5,236.24,46.855,-23.8,0,-1.1800474916966845,1.3702383856234266,-11.74567560795428,28.183849746366285,0.0962904974746059,0.048126640689791896
236.524,41.563,-26.5,236.37099999999998,41.448,-21.5,236.564,41.387,-26.5,0,0.4604061544084345,1.0220943804461893,3.6983540212386856,17.98809471720199,0.1341006084159782,0.056569813723160625
236.564,41.387,-26.5,236.37099999999998,41.448,-21.5,236.424,41.274,-21.5,0,0.8432920439438608,1.8361068784524384,5.2277034617472395,18.212037696436994,0.16862707804543087,0.10056259900927136
236.501,41.741,-26.5,236.27800000000002,41.796,-21.5,236.32299999999998,41.622,-21.5,0,0.5928921037124476,0.6406111160874267,4.3160149643123304,16.216360764952753,0.14618857887907272,0.03939248042137099
236.501,41.741,-26.5,236.32299999999998,41.622,-21.5,236.524,41.563,-26.5,0,0.21416886057220622,0.49323477136873156,2.0496003935876104,17.159906793762474,0.12089762190292205,0.028509442013493484
236.524,41.563,-26.5,236.32299999999998,41.622,-21.5,236.37099999999998,41.448,-21.5,0,0.7668767542990326,1.0984758894080646,4.681378917045137,17.26022679008139,0.17234593419850713,0.06331534656218238
235.192,48.431,-21.5,235.375,48.412,-23.8,235.268,48.534,-23.9,0,-0.42380772546721324,12.166918996101494,6.714625131653842,33.81999273910125,-0.06484958691790287,0.35917125967860825
235.375,48.412,-23.8,235.44799999999998,48.544,-26.5,235.268,48.534,-23.9,0,-0.36406042555861984,9.645194977371212,6.9110270775516245,33.76283738453746,-0.05406946788295222,0.2851656140633
236.186,47.595,-26.5,235.939,47.603,-23.9,236.043,47.437,-23.8,0,-0.9265011535614409,8.43835216680895,6.450208323426864,32.230499299082226,-0.11135345471246612,0.2630350284150961
236.288,47.43,-26.5,236.186,47.595,-26.5,236.043,47.437,-23.8,0,-0.5282061528074324,6.124506256871511,5.1561770046725,32.20755121136369,-0.06929731741139201,0.1911920473115848
235.288,48.688,-26.5,235.043,48.579,-21.5,235.268,48.534,-23.9,0,-0.09835978521670773,10.07108271637642,9.548753286100457,33.515197995324435,-0.01134942536950092,0.2999671236865167
235.851,48.081,-26.5,235.739,48.244,-26.5,235.618,48.072,-23.9,0,-0.3038961153218151,9.330594413114984,1.9913560027456825,33.203296507296955,-0.15672756773874788,0.280394739827182
235.95600000000002,47.917,-26.5,235.851,48.081,-26.5,235.72199999999998,47.916,-23.9,0,-0.1527773460699343,9.408633780116766,0.904949993852826,32.8644349522514,-0.17701159787927395,0.28557918341720157
236.186,47.595,-26.5,236.07299999999998,47.756,-26.5,235.939,47.603,-23.9,0,-1.0911892776060206,7.640439676209147,7.074953948573032,32.39588399453703,-0.1274902532893142,0.2368099818135264
235.851,48.081,-26.5,235.618,48.072,-23.9,235.72199999999998,47.916,-23.9,0,-0.2606810555814399,11.183707303122395,1.3868108416264224,33.0328212806139,-0.1939170501242171,0.337839851988404
235.939,47.603,-23.9,236.07299999999998,47.756,-26.5,235.834,47.757,-23.9,0,-0.27876347552967357,9.904961698292206,1.6930372657163044,32.25442178690126,-0.16745715107402911,0.30624341701978025
236.07299999999998,47.756,-26.5,235.95600000000002,47.917,-26.5,235.834,47.757,-23.9,0,-0.4608558811211111,8.79055585533411,2.796980256464952,32.37603073319011,-0.16667396497040288,0.27075440136273954
235.834,47.757,-23.9,235.95600000000002,47.917,-26.5,235.72199999999998,47.916,-23.9,0,-0.4284983380954793,10.89786649392177,2.2005542304307433,32.62033280415104,-0.19755365816799214,0.3332842704312506
235.618,48.072,-23.9,235.739,48.244,-26.5,235.51600000000002,48.23,-23.9,0,-0.13769668867251808,10.902732627192579,0.9159892292371996,33.439541686368216,-0.1609222882081396,0.32540534612932775
236.043,47.437,-23.8,235.926,47.29,-21.5,236.138,47.235,-23.7,0,-0.2864990091090568,9.42850743150667,2.0230019732321693,32.22189485027406,-0.041229420086783326,0.2940377618703017
236.434,46.553,-26.5,236.464,46.73,-26.5,236.251,46.667,-23.8,0,-1.734698367594005,0.8910619860028727,-16.32870446488208,25.20764071617591,0.10436919225587457,0.03428271550506611
236.539,40.291,-21.5,236.75900000000001,40.202,-26.5,236.701,40.328,-23.8,0,1.9277070511368475,0.5524252702600536,-15.773576111180944,19.01152779285041,-0.12411118660961398,0.027515044292768263
236.75900000000001,40.202,-26.5,236.539,40.291,-21.5,236.551,40.154,-23.9,0,2.427151878293237,0.3016071233655535,-17.966921111765828,17.364538327680243,-0.13693359978274164,0.01529544200532169
235.993,47.118,-21.5,236.204,47.056,-23.8,236.138,47.235,-23.7,0,-0.2897809192972886,7.151614103593259,-3.127294956506381,31.52211618389723,0.045043957146325544,0.22776093041830353
236.434,46.553,-26.5,236.251,46.667,-23.8,236.244,46.503,-23.8,0,-1.747010339431153,1.4837458180950895,-13.245489853865092,26.843009182923964,0.12890202555178923,0.05384324312939878
236.035,46.942,-21.5,236.24,46.855,-23.8,236.204,47.056,-23.8,0,-0.9077300872186547,5.178382323493623,-7.284122739904749,30.23275015157381,0.11025026998748157,0.17131301205152297
235.739,48.244,-26.5,235.599,48.396,-26.5,235.51600000000002,48.23,-23.9,0,-0.7820026608378382,8.871489743803577,6.704499841658834,33.03313616247098,-0.11781657890723789,0.26802600736947
236.24,46.855,-23.8,236.059,46.765,-21.5,236.251,46.667,-23.8,0,-1.6920510179555714,3.7609370490688727,-10.769288185301168,28.575112580136803,0.1504357302465679,0.13064642989425723
235.939,47.603,-23.9,235.825,47.453,-21.5,236.043,47.437,-23.8,0,-1.0381812327655648,11.529673722962958,6.079446222613033,32.29020448534572,-0.13044503005941993,0.35859887361920423
235.51600000000002,48.23,-23.9,235.599,48.396,-26.5,235.375,48.412,-23.8,0,-0.3006119712259872,10.425191709226013,2.856009759677425,33.83081818703947,-0.10881720327141253,0.307596407203896
235.71699999999998,47.615,-21.5,235.825,47.453,-21.5,235.939,47.603,-23.9,0,-1.2631407818189055,14.035359872830393,5.6386126374059415,32.6374010945501,-0.17819888679780815,0.4315953835513401
236.035,46.942,-21.5,236.059,46.765,-21.5,236.24,46.855,-23.8,0,-1.3258252281240746,5.59095567055754,-8.711522239456006,29.602367400048966,0.14122631995375515,0.18839967283913356
235.71699999999998,47.615,-21.5,235.939,47.603,-23.9,235.834,47.757,-23.9,0,-1.4625558618183752,13.273542876778375,6.1548807262110685,32.82876834432909,-0.19767770029876527,0.4055983672441512
235.825,47.453,-21.5,235.926,47.29,-21.5,236.043,47.437,-23.8,0,-0.6676827802412153,11.957503940627966,4.521154307931457,32.246091685869764,-0.09416851885953433,0.37246395932810816
235.607,47.777,-21.5,235.71699999999998,47.615,-21.5,235.834,47.757,-23.9,0,-0.29455364203629897,15.261538948189218,1.2704514220872696,32.499674090577095,-0.235275630355647,0.46871827816192824
235.607,47.777,-21.5,235.834,47.757,-23.9,235.72199999999998,47.916,-23.9,0,-0.4523860426072323,14.145238307897603,1.9534599031345792,32.65556662598263,-0.23451556099168766,0.4323206752564324
235.388,48.101,-21.5,235.495,47.938,-21.5,235.618,48.072,-23.9,0,-0.176823114582229,15.944434847601869,0.7907340669438785,33.28864116185072,-0.2362779092142469,0.4782437003231205
235.993,47.118,-21.5,236.035,46.942,-21.5,236.204,47.056,-23.8,0,-0.5972921332332572,7.401524226409309,-5.6967823412273955,30.891837707581622,0.08160638813938415,0.24015730712271469
236.059,46.765,-21.5,236.07299999999998,46.588,-21.5,236.251,46.667,-23.8,0,-1.8822950615454477,4.445780244422678,-10.343973124149102,28.52869509321542,0.175054897455883,0.15433262857463087
235.495,47.938,-21.5,235.607,47.777,-21.5,235.72199999999998,47.916,-23.9,0,-0.416859263879306,15.949921381542747,1.6548206838458022,32.8791456350966,-0.25602479715199905,0.4843076125555379
235.289,48.266,-21.5,235.388,48.101,-21.5,235.51600000000002,48.23,-23.9,0,0.11042980070095276,15.275688301379335,-0.5373038516844773,33.67780581736301,-0.18170367959251293,0.4529130684291478
235.618,48.072,-23.9,235.495,47.938,-21.5,235.72199999999998,47.916,-23.9,0,-0.2573591098401062,14.519639913643791,1.1339738770571213,33.07105461421591,-0.2344978813845453,0.4382716143086301
235.926,47.29,-21.5,235.993,47.118,-21.5,236.138,47.235,-23.7,0,-0.18384866554949483,9.639452644788339,-1.384819938240577,31.9403265895408,0.0016332269366792296,0.30309960259947993
235.599,48.396,-26.5,235.44799999999998,48.544,-26.5,235.375,48.412,-23.8,0,-0.5699837882892355,8.426036577870521,8.411474189962963,33.21732896401269,-0.0687256390870253,0.25318510304190245
236.251,46.667,-23.8,236.07299999999998,46.588,-21.5,236.244,46.503,-23.8,0,-2.32873357171874,3.0089538938745757,-13.543161297377793,26.818973357367867,0.1680936224610942,0.11032284322339328
235.388,48.101,-21.5,235.618,48.072,-23.9,235.51600000000002,48.23,-23.9,0,-0.12124018408547463,14.20479174100593,0.6655651298500604,33.46115844192178,-0.19861623303169282,0.423818317965134
232.924,50.07,-24.2,232.88400000000001,49.928,-21.5,233.08100000000002,49.913,-24.0,0,1.874554021143965,10.59442698044357,8.386020973216656,38.26622923487507,0.22232203796832115,0.2755686605043538
233.115,50.039,-26.5,232.924,50.07,-24.2,233.08100000000002,49.913,-24.0,0,1.5504186225536323,8.610103760609297,8.469372245465621,38.31085488501443,0.1821218705369263,0.22365765774274282
236.244,46.503,-23.8,236.082,46.41,-21.5,236.214,46.32,-23.9,0,-3.1100801801399074,2.7119637283202436,-17.358713276511207,23.984730029820884,0.17681999179250976,0.11027924122539211
235.289,48.266,-21.5,235.51600000000002,48.23,-23.9,235.375,48.412,-23.8,0,-0.3332619761589686,13.37987728723958,2.573985894703519,33.82085789773409,-0.13416259124315352,0.39498162153333777
236.635,40.051,-26.5,236.75900000000001,40.202,-26.5,236.551,40.154,-23.9,0,1.9034959489871655,-0.0512279574989912,-16.66056382444856,19.183394020884418,-0.11585304018676008,-0.004040564440083186
236.36599999999999,46.38,-26.5,236.244,46.503,-23.8,236.214,46.32,-23.9,0,-2.3654082614263134,1.5761947682024957,-17.018926375721186,24.16961414607472,0.13714684985579328,0.06304243450029151
236.07299999999998,46.588,-21.5,236.082,46.41,-21.5,236.244,46.503,-23.8,0,-2.1820032647266476,3.9363478676670653,-11.158802152051013,27.72902796214027,0.19048272539075561,0.1396194190656303
236.36599999999999,46.38,-26.5,236.434,46.553,-26.5,236.244,46.503,-23.8,0,-2.33781922775652,0.7999848736751612,-21.00127310551556,20.858994405118167,0.11031270005298252,0.03655704380601835
236.35899999999998,39.969,-24.0,236.49200000000002,39.909,-26.5,236.485,40.048,-24.5,0,2.738568182131161,-1.316290296511015,-19.278736951687108,17.76906837630105,-0.14420130854549493,-0.07686377869422324
233.058,49.79,-21.5,233.279,49.895,-26.5,233.08100000000002,49.913,-24.0,0,2.367022155983772,9.617453488771742,10.810376794904887,37.420068299191215,0.2182144067006607,0.25582595777393025
232.72199999999998,50.072,-21.5,232.88400000000001,49.928,-21.5,232.924,50.07,-24.2,0,2.0576106031867845,11.483888850228597,8.857822648508371,38.35011798576549,0.23108045055334162,0.2980513015582997
236.38400000000001,40.158,-21.5,236.485,40.048,-24.5,236.551,40.154,-23.9,0,2.908548279221535,-0.3177070141773581,-18.232584137712934,17.76735007978185,-0.1620812959829034,-0.02089108915896527
235.192,48.431,-21.5,235.289,48.266,-21.5,235.375,48.412,-23.8,0,0.10089526266596806,14.159840260959855,-0.8377742081579527,34.15358433808202,-0.10349258828106964,0.4139777255251802
236.75900000000001,40.202,-26.5,236.852,40.366,-26.5,236.701,40.328,-23.8,0,1.0872190346289528,0.5112412870703223,-13.166135092172226,20.89971843161419,-0.08391061567596682,0.023724596020718622
235.44799999999998,48.544,-26.5,235.288,48.688,-26.5,235.268,48.534,-23.9,0,-0.2409787641673018,7.830845234042958,9.827347015818747,33.288497321695736,-0.025321178910551582,0.23480168394105158
236.078,46.232,-21.5,236.325,46.204,-26.5,236.214,46.32,-23.9,0,-2.7720925913111616,2.475921990801793,-16.60824744667522,24.080063530128776,0.16473532361186197,0.0998996660008306
236.656,40.444,-21.5,236.539,40.291,-21.5,236.701,40.328,-23.8,0,1.9893718898615038,1.0080259852482583,-15.218286117952346,18.884879503304624,-0.13316552008096513,0.05150342818497074
235.043,48.579,-21.5,235.192,48.431,-21.5,235.268,48.534,-23.9,0,-0.2519611219509248,12.844162625720937,7.85127020666841,33.76146369541478,-0.033677151754011286,0.37983860071633263
236.325,46.204,-26.5,236.36599999999999,46.38,-26.5,236.214,46.32,-23.9,0,-2.1438629230522146,1.279586403120806,-17.772365164433502,23.232439620240044,0.11919084700504308,0.05293518772069039
236.539,40.291,-21.5,236.38400000000001,40.158,-21.5,236.551,40.154,-23.9,0,3.057016565723494,0.2500898717866395,-19.011502829596793,16.24707949817663,-0.16327048304512118,0.011977865404108584
233.279,49.895,-26.5,233.115,50.039,-26.5,233.08100000000002,49.913,-24.0,0,1.6108495272701002,7.697769324500084,9.40834151669815,37.85470966590708,0.17049440889108444,0.2023744613029059
236.082,46.41,-21.5,236.078,46.232,-21.5,236.214,46.32,-23.9,0,-2.6943924136603568,3.9413936408805714,-13.143632073450224,26.416845990701155,0.2013498262515569,0.1460946265296847
233.115,50.039,-26.5,232.974,50.193,-26.5,232.924,50.07,-24.2,0,0.8170454769466781,7.544414133376161,5.297835298558628,38.94127889881874,0.15270484426751615,0.19277909046257977
232.88400000000001,49.928,-21.5,233.058,49.79,-21.5,233.08100000000002,49.913,-24.0,0,2.7859172890109862,11.526256701024222,10.935242423902926,37.51934556647058,0.2538701487891924,0.30581435321061357
236.852,40.366,-26.5,236.656,40.444,-21.5,236.701,40.328,-23.8,0,1.2745203422166955,0.831870328028559,-12.779374443369136,20.607577037822864,-0.10160244672650692,0.03933921784242184
236.485,40.048,-24.5,236.635,40.051,-26.5,236.551,40.154,-23.9,0,2.5655452809365427,-0.4003792783233909,-18.70157542345646,17.53823290664522,-0.13901192214364472,-0.02503361224803206
232.72199999999998,50.072,-21.5,232.924,50.07,-24.2,232.786,50.19,-24.0,0,1.4768298948699288,10.495550118936622,7.21334608936687,38.82597212000162,0.20329514371189536,0.269029172624154
232.924,50.07,-24.2,232.974,50.193,-26.5,232.786,50.19,-24.0,0,1.2161243271193458,8.403602507091714,7.324306901511076,38.76193754269621,0.16497631758697132,0.21572174747076628
236.227,40.028,-21.5,236.35899999999998,39.969,-24.0,236.38400000000001,40.158,-21.5,0,3.091815809774345,-1.0865709287813599,-19.502110153596504,16.90198364714083,-0.16159704530550476,-0.06868693723793515
236.753,41.059,-26.5,236.52800000000002,41.115,-21.5,236.656,40.966,-21.5,0,0.40520880999653913,1.5558343694190144,12.450107656178542,16.714792122494828,0.03360924760371162,0.09331697550206963
236.648,41.22,-26.5,236.52800000000002,41.115,-21.5,236.753,41.059,-26.5,0,0.45664325915657067,1.3707271752296961,10.00908268959764,17.61840025056648,0.04741729660105083,0.07788486692781935
236.341,43.524,-26.5,236.05700000000002,43.566,-21.5,236.067,43.388,-21.5,0,0.13013007557663042,0.4921206370864384,-9.293183154475585,22.63789373810249,-0.014641340231770019,0.020891839915345187
236.333,43.703,-26.5,236.05,43.744,-21.5,236.05700000000002,43.566,-21.5,0,0.05851810072660986,-0.2602682953506832,-9.670800711007317,22.317447498685752,-0.0066817766922043316,-0.012605210700691993
236.333,43.703,-26.5,236.05700000000002,43.566,-21.5,236.341,43.524,-26.5,0,0.15492904720715525,-0.32911437368062607,-9.582734925321233,22.441382438251622,-0.016637979906866364,-0.015370275142677147
236.325,43.881,-26.5,236.05,43.744,-21.5,236.333,43.703,-26.5,0,0.09568944126339227,-0.7814821797733916,-9.581382748304975,22.28674868340113,-0.010436640681396995,-0.03584369076360076
236.434,42.454,-26.5,236.451,42.276,-26.5,236.526,42.369,-29.0,0,-0.022830182538510466,0.47189864468082604,1.0279791180898599,13.229014415401679,-0.020628477421425533,0.03743876837848891
236.58499999999998,46.041,-31.5,236.30700000000002,46.026,-26.5,236.571,45.863,-31.5,0,0.08321866677520613,0.059590767432206086,-13.605611337487474,24.67355901189321,-0.005944871925617491,0.0023762747800342298
236.30700000000002,46.026,-26.5,236.298,45.847,-26.5,236.571,45.863,-31.5,0,-0.6436224791653672,0.7357249550615054,-13.13809882487353,24.843588156958617,0.048162326827122924,0.02867094195684014
236.559,45.684,-31.5,236.571,45.863,-31.5,236.298,45.847,-26.5,0,0.0907001429040909,0.07735466097888857,-13.315212237949321,24.286999263743304,-0.006685049552398909,0.0032286365498296935
236.325,46.204,-26.5,236.30700000000002,46.026,-26.5,236.58499999999998,46.041,-31.5,0,-0.7099062554032698,0.5700985334175592,-14.381445292718126,24.68575873090748,0.048671457292025724,0.022103739949316113
236.559,45.684,-31.5,236.298,45.847,-26.5,236.297,45.669,-26.5,0,-0.6238711905382744,0.779888618770716,-12.046572240930836,24.884261115247014,0.050690004520597035,0.030442132717950918
236.325,46.204,-26.5,236.58499999999998,46.041,-31.5,236.599,46.22,-31.5,0,-0.017570172592346934,-0.012240904983312817,-13.60029568145444,25.244223868261138,0.0013729323065151846,-0.0006498876778692915
236.618,42.285,-31.5,236.606,42.464,-31.5,236.526,42.369,-29.0,0,-0.002811132875964994,0.1550437234004085,0.21952544999379597,13.21464052266137,-0.017030870199227242,0.012204911823581438
236.559,45.684,-31.5,236.297,45.669,-26.5,236.55,45.505,-31.5,0,0.04774487280255995,0.028676421729495354,-12.903606559372005,23.98069928065395,-0.0036650875315996706,0.0012601873550572994
236.738,39.872,-31.5,236.844,40.031,-31.5,236.7,39.964,-29.5,0,0.22281817206817534,-0.37369888079687164,-15.610477417147365,21.501798265903467,-0.014690076597681,-0.0173793270316068
236.534,44.968,-31.5,236.30200000000002,45.132,-26.5,236.3,44.954,-26.5,0,-0.6190490359030585,0.5040027964100787,-12.174220319949821,22.67785631502956,0.04933684198882605,0.020920646136321153
236.55,45.505,-31.5,236.297,45.669,-26.5,236.3,45.49,-26.5,0,-0.627020460960774,0.7063514147850579,-11.509668463339214,24.63121706296375,0.0531396736437956,0.027777805876602977
236.534,44.968,-31.5,236.538,45.147,-31.5,236.30200000000002,45.132,-26.5,0,-0.09241084814775925,0.01851033606052018,-12.228783326132998,22.743242925570797,0.00737827041449694,0.0005731977432587705
236.538,45.147,-31.5,236.304,45.311,-26.5,236.30200000000002,45.132,-26.5,0,-0.6560616005205213,0.5328054723886981,-12.172428190831486,23.228625537728142,0.05248160221416233,0.021812430430403807
236.542,45.326,-31.5,236.3,45.49,-26.5,236.304,45.311,-26.5,0,-0.6302142317695615,0.6041917300358512,-11.387148879513518,24.17919954738735,0.053882411588065934,0.02401984139906585
236.538,45.147,-31.5,236.542,45.326,-31.5,236.304,45.311,-26.5,0,-0.05301013548937483,-0.04002902091888113,-12.232893127778734,23.294130617124246,0.004238015104155411,-0.0018075540040648997
236.542,45.326,-31.5,236.55,45.505,-31.5,236.3,45.49,-26.5,0,-0.009157228408067333,-0.02928030409736938,-12.758607880765847,23.530683626555273,0.0006763614120254083,-0.001230945385163415
236.416,42.632,-26.5,236.434,42.454,-26.5,236.511,42.548,-28.9,0,-0.028327416337657948,0.4571904078879738,1.0650109974993143,12.143289020848243,-0.02932763045773324,0.04002119649582681
236.606,42.464,-31.5,236.594,42.643,-31.5,236.511,42.548,-28.9,0,0.0023339863526025814,0.09969595161949749,0.2043343023026125,12.192995778958846,-0.01696080290583974,0.008726274054440975
236.599,46.22,-31.5,236.649,46.396,-31.5,236.36599999999999,46.38,-26.5,0,-0.13605947188678932,-0.11070051995477712,-18.316755487249516,22.589692927844474,0.007383416131971341,-0.005096787489469398
236.93200000000002,40.197,-31.5,236.75900000000001,40.202,-26.5,236.844,40.031,-31.5,0,0.21934009448813427,0.1883902723181463,-13.233580129467839,22.284801208550647,-0.016873737614834,0.0084501865330198
236.36599999999999,46.38,-26.5,236.325,46.204,-26.5,236.599,46.22,-31.5,0,-0.9144989441849161,0.3260294523268255,-17.44169675359882,23.201908747608428,0.051823556083059996,0.013038195924935424
235.95600000000002,47.917,-26.5,236.07299999999998,47.756,-26.5,236.279,47.825,-29.2,0,-0.35853029778037526,5.347529067801521,3.0637643369126817,32.256880996481634,-0.11863279957123904,0.1652153498443468
236.18200000000002,47.978,-29.3,235.95600000000002,47.917,-26.5,236.279,47.825,-29.2,0,-0.2470832774632751,3.893441048101699,2.5755217739065515,32.39863619141069,-0.0977820288337011,0.1197486269689831
235.851,48.081,-26.5,235.95600000000002,47.917,-26.5,236.078,48.121,-29.2,0,-0.14110664575667964,5.8917141132221,1.1820916468095763,32.87036159495493,-0.12461115495400006,0.17872865179323924
235.95600000000002,47.917,-26.5,236.18200000000002,47.978,-29.3,236.078,48.121,-29.2,0,-0.1727515907989463,4.089323285077648,1.7925598408071668,32.686688067989415,-0.09918763192826434,0.12470175033716344
236.844,40.031,-31.5,236.75900000000001,40.202,-26.5,236.635,40.051,-26.5,0,1.0399668315790036,-0.06313873766133941,-17.09595950503939,19.4224164576879,-0.06159720484710315,-0.003792967165605083
236.725,46.567,-31.5,236.434,46.553,-26.5,236.649,46.396,-31.5,0,-0.12930812069336112,-0.13633341392145384,-21.348323604589673,20.325964245904625,0.00605257804856152,-0.006761238928700358
236.399,42.81,-26.5,236.416,42.632,-26.5,236.49599999999998,42.726,-28.9,0,-0.026708520438447514,0.35714081042865453,0.9711031931369973,11.112151219858362,-0.031838106695485195,0.034924740902226296
236.649,46.396,-31.5,236.434,46.553,-26.5,236.36599999999999,46.38,-26.5,0,-1.0057350784107557,0.09041468081829289,-20.65390308156161,20.960897383884287,0.04826312172950355,0.003493477221331631
236.635,40.051,-26.5,236.615,39.891,-29.0,236.7,39.964,-29.5,0,1.3097466061065322,-0.7224423600382546,-17.547301233605708,19.92944291810443,-0.07571302444569684,-0.03708710014007718
236.594,42.643,-31.5,236.584,42.821,-31.5,236.49599999999998,42.726,-28.9,0,0.006635256651623427,0.009257508226594149,0.06986460446003662,11.14187517361907,-0.014093400651572613,0.001315993783798678
233.287,50.399,-31.5,233.094,50.317,-28.8,233.203,50.185,-28.8,0,0.08732038794285034,1.2103148325614321,3.904260538434224,39.0080792463618,0.022236267965021834,0.030846230162815378
232.997,50.454,-29.0,233.287,50.399,-31.5,233.159,50.558,-31.5,0,-0.006389362777170194,0.08678336805214242,3.5764848631537385,39.36346014118741,-0.0012635304697036435,0.0022050448804073184
236.279,47.825,-29.2,236.07299999999998,47.756,-26.5,236.36700000000002,47.684,-29.2,0,-0.07182381651067943,3.3791699858240687,0.9381354738480994,32.126465857131365,-0.08157677954737452,0.10475195660300188
236.07299999999998,47.756,-26.5,236.186,47.595,-26.5,236.36700000000002,47.684,-29.2,0,-0.7948566321931784,4.489252754159744,7.418220009801047,32.28558455393628,-0.08953341625305486,0.1396661878805427
233.416,50.24,-31.5,233.287,50.399,-31.5,233.203,50.185,-28.8,0,-0.018511296906161573,-0.12489275309648794,3.7046519946050687,38.89523560036921,-0.004848083382984429,-0.0032137598481118915
236.38400000000001,42.989,-26.5,236.399,42.81,-26.5,236.483,42.904,-28.9,0,-0.02149227089943459,0.2282996885500356,0.8220768079558525,10.086177807166791,-0.029507452563854116,0.02554369969462779
236.584,42.821,-31.5,236.575,43.0,-31.5,236.483,42.904,-28.9,0,0.006427128079717081,-0.05192719246551449,-0.0013394514212166087,10.101407866751998,-0.009836288357141629,-0.004832670819139642
236.36700000000002,43.167,-26.5,236.38400000000001,42.989,-26.5,236.47,43.083,-28.9,0,-0.02272337488645573,0.1172846201301593,0.9007545039895604,9.042368859848892,-0.024905655595869436,0.015700061872222622
236.575,43.0,-31.5,236.565,43.179,-31.5,236.47,43.083,-28.9,0,0.003539678092843308,-0.05649265210019411,0.0400133646296581,9.063074038137131,-0.006023825623821678,-0.006109492057471162
233.555,50.085,-31.5,233.416,50.24,-31.5,233.34199999999998,50.035,-28.7,0,-0.007863654685800936,-0.014043344465396063,5.593830763731491,38.3233725287053,-0.0014571991103399947,-0.000379207591315044
233.416,50.24,-31.5,233.203,50.185,-28.8,233.34199999999998,50.035,-28.7,0,0.20309994960458028,1.3170411363150996,7.390376739669349,38.156088175894254,0.0273282804648866,0.034322913654780074
236.35,43.345,-26.5,236.36700000000002,43.167,-26.5,236.457,43.262,-28.9,0,0.17286933091639609,0.14544532659177947,-8.47208566664645,23.47022826634111,-0.020592084390761736,0.005893762627082001
233.287,50.399,-31.5,232.997,50.454,-29.0,233.094,50.317,-28.8,0,0.0924881469299596,1.193991491371192,4.474615410944633,39.16432571241323,0.0207253129801352,0.030317401639779033
236.565,43.179,-31.5,236.55599999999998,43.358,-31.5,236.457,43.262,-28.9,0,0.037101700439503574,-0.07870986967098262,-9.538816961714844,23.08953596463499,-0.003890862176905984,-0.0033950818803227746
236.735,47.276,-31.5,236.488,47.379,-28.7,236.55599999999998,47.198,-28.7,0,-0.0336214883536028,0.4330355429685673,-0.3495495768138728,31.739685013763424,0.013021583260293812,0.013736899858480483
235.739,48.244,-26.5,235.851,48.081,-26.5,235.963,48.259,-29.1,0,-0.23310903468194005,5.859198455972881,2.255761616501344,33.218207662578,-0.1061240405134508,0.17594213813132104
236.434,46.553,-26.5,236.725,46.567,-31.5,236.627,46.671,-29.3,0,-0.4086053722193226,-0.08016565523171738,-18.1621383221694,23.601991817467734,0.022216304656255063,-0.0036089582010698086
236.341,43.524,-26.5,236.35,43.345,-26.5,236.44400000000002,43.437,-28.9,0,0.16572366185932375,-0.12219667730725789,-9.497447072122299,22.897778391163328,-0.017690441885660355,-0.0056832633580654
236.981,40.898,-31.5,236.841,40.894,-26.5,236.95,40.802,-29.2,0,-0.10593538295939356,-0.06065497939725138,5.197623315876811,21.712971161439384,-0.021364775729243883,-0.002827654556829949
235.801,48.408,-28.8,235.876,48.575,-31.5,235.65699999999998,48.543,-28.8,0,-0.15954460072553533,1.4624014352628918,9.653487356159193,32.59137235416841,-0.016727498936611646,0.044770230220120444
232.997,50.454,-29.0,232.836,50.349,-26.5,233.094,50.317,-28.8,0,0.3003672041934439,3.732201152069855,4.314698598461898,39.26437082441048,0.06906258885045188,0.09455090139089273
232.836,50.349,-26.5,232.974,50.193,-26.5,233.094,50.317,-28.8,0,0.4703122424785879,5.031487479649635,4.848641977769085,39.06544594837402,0.09610107001642118,0.1281210295193604
236.039,48.432,-31.5,235.876,48.575,-31.5,235.801,48.408,-28.8,0,-0.032131929134423705,0.02565939906719038,10.826051964427576,32.02871163089914,-0.003020044987247588,0.0008051633154051432
236.735,47.276,-31.5,236.675,47.45,-31.5,236.488,47.379,-28.7,0,-0.014259368646985978,-0.00899983127783243,-1.0323999225926492,31.91793650731423,0.0066128484037790685,-0.00026724617442755807
236.55599999999998,43.358,-31.5,236.549,43.537,-31.5,236.44400000000002,43.437,-28.9,0,0.034806870479170283,-0.007464025830883718,-9.791887299527701,22.768128267552825,-0.0035937426324721693,-0.0003147397943223892
236.333,43.703,-26.5,236.341,43.524,-26.5,236.437,43.617,-28.9,0,0.14851750854456106,-0.41497836327581106,-9.62603927718773,22.66582823442137,-0.015683266750939034,-0.018699804240343624
235.851,48.081,-26.5,236.078,48.121,-29.2,235.963,48.259,-29.1,0,-0.35650353885711045,4.188107449463932,4.041746249192564,32.868406262999024,-0.08939633919146953,0.1270623249445349
233.715,49.938,-31.5,233.555,50.085,-31.5,233.503,49.895,-28.8,0,0.009212788943965386,0.05930000040065698,9.221409116386349,37.242005074346714,0.0009422137385120644,0.0015795599993573392
236.308,44.775,-26.5,236.314,44.596,-26.5,236.40699999999998,44.687,-28.7,0,-0.478328806362344,0.35127138491170046,-9.894170304969379,21.547818777056136,0.04827818482518702,0.01588725314017523
236.186,47.595,-26.5,236.288,47.43,-26.5,236.449,47.519,-29.1,0,-0.37721800714972026,3.4896859030197644,5.490537432959702,32.14690107609829,-0.04731068184036889,0.10920943521108871
233.555,50.085,-31.5,233.34199999999998,50.035,-28.7,233.503,49.895,-28.8,0,0.2989925738155652,1.4588257878849424,8.983855964180233,37.467815822454426,0.0331111494765866,0.03873678898618549
236.607,47.012,-28.8,236.777,47.099,-31.5,236.55599999999998,47.198,-28.7,0,-0.12469383712704002,0.2358717807079987,-4.343196603531272,30.880650302809318,0.024046822647643885,0.00762222436609033
236.53300000000002,44.432,-31.5,236.529,44.61,-31.5,236.43,44.52,-29.2,0,0.022939593993600092,0.039346711415867215,-10.174462571504094,21.587898360593826,-0.002252587421526669,0.001846184310742264
236.549,43.537,-31.5,236.546,43.716,-31.5,236.437,43.617,-28.9,0,0.04170271925375627,0.015456231314387843,-10.2869500893122,22.361933455292984,-0.004101140601745645,0.0006981058509646135
236.314,44.418,-26.5,236.317,44.239,-26.5,236.41500000000002,44.329,-28.8,0,-0.18105913726540687,-0.37984503884624776,-10.242998148702128,21.70493746146269,0.01754726490883153,-0.017996140014319532
236.538,44.074,-31.5,236.53300000000002,44.253,-31.5,236.435,44.162,-29.2,0,0.027042114252354362,-0.046056796893103366,-10.051838348532385,21.969667172149727,-0.0027156682334112643,-0.002107194404463899
236.325,43.881,-26.5,236.333,43.703,-26.5,236.43,43.794,-28.8,0,0.12089645164915366,-0.6613559578321009,-9.62472671336728,22.458821910719337,-0.012805100352295717,-0.02988965294732292
235.65699999999998,48.543,-28.8,235.699,48.71,-31.5,235.494,48.68,-28.8,0,-0.08053702436551949,1.3903062346237842,11.397379433721898,32.49046391313594,-0.0072255543494290555,0.04270190697463028
236.314,44.596,-26.5,236.314,44.418,-26.5,236.43,44.52,-29.2,0,-0.3330467151011133,-0.005959249593365287,-10.598912412969526,21.368725063230272,0.03134021550896795,-0.000723272943449469
236.543,43.895,-31.5,236.538,44.074,-31.5,236.438,43.983,-29.2,0,0.03782122301199051,-0.03375540052562681,-10.049049663160403,22.112941595375105,-0.003797960497394042,-0.0015323609246558
236.529,44.61,-31.5,236.529,44.789,-31.5,236.40699999999998,44.687,-28.7,0,0.020440182221168394,0.04358631607619236,-10.643955256577982,21.198342891431963,-0.0019136235324664207,0.002079060287845479
236.676,41.57,-31.5,236.524,41.563,-26.5,236.62900000000002,41.475,-29.4,0,0.10752173063570718,0.12404145314429085,2.4042226851655357,18.00826804300769,0.056066491454425604,0.006732744515532136
236.36700000000002,47.684,-29.2,236.186,47.595,-26.5,236.449,47.519,-29.1,0,-0.2982699644889539,2.74226989985523,4.0087838065395935,32.55937098543397,-0.05248236913111723,0.08471069779809177
236.777,47.099,-31.5,236.735,47.276,-31.5,236.55599999999998,47.198,-28.7,0,-0.06837559901766849,0.0029384404558154375,-4.147993104723634,31.12544377263977,0.015117246615648146,5.56751793177197e-05
236.53300000000002,44.253,-31.5,236.53300000000002,44.432,-31.5,236.41500000000002,44.329,-28.8,0,0.014074730630584615,-0.030389519029391052,-10.645877403060098,21.517008598849486,-0.0013329736749142956,-0.0014310246812532872
235.876,48.575,-31.5,235.699,48.71,-31.5,235.65699999999998,48.543,-28.8,0,0.007633108412537052,0.05111677248490653,13.005434845472417,31.670514866904604,0.0005498591746146156,0.001617329584306953
236.546,43.716,-31.5,236.543,43.895,-31.5,236.43,43.794,-28.8,0,0.04627012913340201,-0.016157048380106426,-10.288017041935689,22.204056528200113,-0.004541785804237438,-0.0007343098195332455
236.317,44.239,-26.5,236.32,44.06,-26.5,236.435,44.162,-29.2,0,-0.038000367011237955,-0.6460017989621327,-10.243402003381519,21.863406394669198,0.0035445384831931225,-0.030035610623337757
237.031,40.724,-31.5,236.889,40.719,-26.5,236.959,40.631,-28.8,0,0.02145984084811486,-0.02585741137544285,-0.9735177601721148,23.251274053875505,-0.01565288194956996,-0.00119285788219165
236.32,44.06,-26.5,236.325,43.881,-26.5,236.438,43.983,-29.2,0,0.06360486486430987,-0.748190849801127,-10.000700876436184,22.146754458077638,-0.006566092828672015,-0.03425513850977268
236.844,40.031,-31.5,236.635,40.051,-26.5,236.7,39.964,-29.5,0,0.8625345148161156,-0.32441148731982006,-17.127411735334476,19.981680407898878,-0.051072260156626886,-0.016658401095183215
236.89499999999998,40.541,-26.5,237.035,40.545,-31.5,236.959,40.631,-28.8,0,0.02709008337700423,0.102114849560492,-2.0294228195644735,23.899446914136576,-0.010793547588148615,0.004198605043551349
233.664,49.794,-29.2,233.635,49.621,-26.5,233.856,49.65,-29.2,0,1.1643656777665725,3.7005784587610324,12.522140158711217,35.6951194019133,0.09278180706236824,0.1032250929372706
236.176,48.278,-31.5,236.039,48.432,-31.5,235.963,48.259,-29.1,0,-0.06291434036400625,-0.06862023569596683,6.8480723613373575,32.66669557740174,-0.009305737771392963,-0.002092527914145881
236.406,47.956,-31.5,236.299,48.119,-31.5,236.18200000000002,47.978,-29.3,0,-0.053816122576517564,0.05447612320885454,2.076899958140059,32.5141730365767,-0.026906508853203923,0.0016613530169745723
233.452,49.755,-26.5,233.635,49.621,-26.5,233.664,49.794,-29.2,0,1.6367195545027817,5.083725000410114,12.813957726528852,35.770408360782085,0.12744555843935204,0.14149103613541755
236.3,44.954,-26.5,236.308,44.775,-26.5,236.41,44.868,-28.8,0,-0.6074435377906221,0.6122680579115601,-9.663805518311875,21.45113186878514,0.06280081898032686,0.02817745226367752
236.464,46.73,-26.5,236.434,46.553,-26.5,236.627,46.671,-29.3,0,-0.9838203584406274,0.20278826999713254,-16.02639009493626,25.3612321052102,0.06026001121016434,0.0074140572948111425
236.299,48.119,-31.5,236.176,48.278,-31.5,236.078,48.121,-29.2,0,-0.08740765638838957,-0.0042293581863654655,4.605479792164054,32.65518604803037,-0.019279087879743965,-0.00013266267476162464
236.505,47.789,-31.5,236.406,47.956,-31.5,236.279,47.825,-29.2,0,-0.013638930429764355,0.08411005251578056,0.5861978583129055,32.21029850662318,-0.027900606501099205,0.0025915069454367384
236.675,47.45,-31.5,236.595,47.621,-31.5,236.449,47.519,-29.1,0,-0.018914726709614266,-0.04417402123051046,2.381556326923455,32.3403942966439,-0.006018709086399042,-0.0013244386533348865
236.529,44.789,-31.5,236.534,44.968,-31.5,236.41,44.868,-28.8,0,0.06297142697397899,-0.013221308675535795,-11.215994916264108,20.701049183965296,-0.005610427378951258,-0.0005867983194250445
236.428,47.085,-26.5,236.607,47.012,-28.8,236.55599999999998,47.198,-28.7,0,-0.23110695110946788,0.8998569243185945,-4.623856897198438,30.92644271466009,0.039372387267126996,0.02916917253188901
236.406,47.956,-31.5,236.18200000000002,47.978,-29.3,236.279,47.825,-29.2,0,-0.1351040229541953,1.1264826979821112,2.8196338992782035,32.287282551890556,-0.04905340955735188,0.034741154047709145
236.659,41.749,-31.5,236.501,41.741,-26.5,236.591,41.656,-29.1,0,0.008100705912229366,-0.09362409561736575,0.8026662663654065,17.059123665020678,0.041103932274122346,-0.005633017443881096
236.524,41.563,-26.5,236.676,41.57,-31.5,236.591,41.656,-29.1,0,0.05885086432642391,0.031859755287276914,1.5958340354075347,17.746553796683287,0.05373720316564021,0.0016269057242820689
235.29500000000002,48.825,-28.9,235.301,48.953,-31.5,235.08499999999998,48.945,-28.9,0,0.09496486668092816,1.1961496410661425,17.02122608971486,31.032445471231725,0.005484748411448366,0.038464120887995834
235.102,48.817,-26.5,235.29500000000002,48.825,-28.9,235.08499999999998,48.945,-28.9,0,0.29060861128003496,3.3626015293797273,16.86616767830809,31.1224604037767,0.017027082179825216,0.10781661121518993
236.63,42.106,-31.5,236.469,42.097,-26.5,236.55599999999998,42.012,-29.0,0,-0.013046292948684675,0.10958157052389084,0.535949864868769,14.992924183200671,-0.00016773824738091904,0.007694236850934559
235.494,48.68,-28.8,235.50799999999998,48.837,-31.5,235.29500000000002,48.825,-28.9,0,-0.002015812763096665,1.2269054648515718,14.247710111301167,31.859180134978715,-0.00025832466542858955,0.038430893849138795
233.856,49.65,-29.2,233.839,49.501,-26.5,234.049,49.525,-29.2,0,1.328940582361397,3.498142600307391,14.91895938593467,34.452159680853725,0.08894711356595927,0.10113832955869351
236.488,47.379,-28.7,236.368,47.259,-26.5,236.55599999999998,47.198,-28.7,0,-0.07744116121222949,1.554772426978287,-0.6415480075852251,31.815995459483666,0.014022232533310634,0.04918848982603561
236.564,41.387,-26.5,236.70999999999998,41.393,-31.5,236.62900000000002,41.475,-29.4,0,0.15875897760801777,0.3738074226652772,3.2798380135754996,18.630793256532883,0.0561601147150202,0.01995269261674021
236.501,41.741,-26.5,236.659,41.749,-31.5,236.572,41.834,-29.0,0,0.004243615507755313,-0.10787040829587563,0.8299649029743819,16.715187689536094,0.033992417232394954,-0.0065556830695209425
236.643,41.928,-31.5,236.485,41.919,-26.5,236.572,41.834,-29.0,0,-0.005372884426477927,-0.06099588396272597,0.8051735929583117,16.02875612632272,0.01912715323666262,-0.003763587153638353
235.599,48.396,-26.5,235.801,48.408,-28.8,235.65699999999998,48.543,-28.8,0,-0.4515312114655424,4.295872920763901,9.43044386551212,32.62248120161924,-0.048357158427680826,0.13139615413725753
236.18200000000002,47.978,-29.3,236.299,48.119,-31.5,236.078,48.121,-29.2,0,-0.09256946419027581,1.1874466402269281,2.0549731828619358,32.70473729512115,-0.04643838887290517,0.03617515336194138
236.485,41.919,-26.5,236.643,41.928,-31.5,236.55599999999998,42.012,-29.0,0,-0.008805701329579323,-0.010277093455759884,0.811978395877901,15.68582265133108,0.012211093578270925,-0.0005115721456899093
236.618,42.285,-31.5,236.451,42.276,-26.5,236.541,42.191,-29.0,0,-0.011909025700363129,0.2577283411101347,0.5231137187814738,13.926557533314963,-0.013747913409997588,0.01933011158238798
232.974,50.193,-26.5,233.115,50.039,-26.5,233.203,50.185,-28.8,0,0.5977690489474451,5.245052119757364,5.495238361245525,38.63817208987946,0.10781967887196324,0.13505120682959773
236.889,40.719,-26.5,237.031,40.724,-31.5,236.95,40.802,-29.2,0,-0.028480865846670197,-0.08920626859713394,2.1037079112281845,22.86249441945202,-0.016811589247179272,-0.003963436127507978
235.599,48.396,-26.5,235.739,48.244,-26.5,235.801,48.408,-28.8,0,-0.5408524202437419,5.804080682664114,6.93284909558026,33.00596747974808,-0.0788605354631251,0.17546059237943984
235.44799999999998,48.544,-26.5,235.65699999999998,48.543,-28.8,235.494,48.68,-28.8,0,-0.2642797359349536,4.062799017943592,11.19498058975254,32.51606484309002,-0.023990628945950554,0.1246888545240481
236.463,46.908,-26.5,236.464,46.73,-26.5,236.638,46.837,-29.2,0,-0.7332758238182773,0.4620508091239592,-11.418752665178012,28.280077985202077,0.061506699615225965,0.016017512323555153
236.791,46.921,-31.5,236.777,47.099,-31.5,236.607,47.012,-28.8,0,-0.11822800005818558,0.03550404315298315,-8.803277166355553,29.58351645017516,0.013136215522223509,0.0011590138816500964
236.595,47.621,-31.5,236.505,47.789,-31.5,236.36700000000002,47.684,-29.2,0,-0.08531686707721908,0.013765787313382578,4.172120080160344,32.69356949443522,-0.019692657016626806,0.00046540730217017
236.469,42.097,-26.5,236.63,42.106,-31.5,236.541,42.191,-29.0,0,-0.01576450897231422,0.16795746401269834,0.8446132004618789,14.634116640376732,-0.005379151165946082,0.01201208098962437
236.505,47.789,-31.5,236.279,47.825,-29.2,236.36700000000002,47.684,-29.2,0,-0.2861656843692559,0.9650526389379822,6.19221495523745,32.64405487887808,-0.0411597493193399,0.02970250975626002
236.606,42.464,-31.5,236.434,42.454,-26.5,236.526,42.369,-29.0,0,-0.006940536902888925,0.29310268062267547,0.43533462364760567,12.879709764897541,-0.02138785086278001,0.023982810776374226
235.699,48.71,-31.5,235.50799999999998,48.837,-31.5,235.494,48.68,-28.8,0,0.01664920515739206,0.02745455568653663,15.034528639554175,31.274447426668047,0.0010727919770631095,0.0008817967891653819
234.065,49.661,-31.5,233.856,49.65,-29.2,234.049,49.525,-29.2,0,0.4438440530850041,1.1257572396248694,15.103586589651208,34.328974180306375,0.029358742375065902,0.03266043817884998
235.288,48.688,-26.5,235.494,48.68,-28.8,235.29500000000002,48.825,-28.9,0,-0.020411448845328656,3.6247430958149542,14.04395850486964,31.964300446119147,-0.0017249592865436769,0.11316674851445137
233.635,49.621,-26.5,233.839,49.501,-26.5,233.856,49.65,-29.2,0,2.043470975325533,4.790378816890087,16.2654419054015,33.98800086570449,0.12545915941504127,0.14036414554947543
236.615,39.891,-29.0,236.738,39.872,-31.5,236.7,39.964,-29.5,0,0.684210031988966,-0.7843479788948589,-17.133170124775177,20.5404587029514,-0.04066986492017923,-0.03855665251394389
236.451,42.276,-26.5,236.618,42.285,-31.5,236.526,42.369,-29.0,0,-0.01718618432702539,0.2832724858276157,0.823855004603331,13.570166820687689,-0.01691284570085048,0.021849952594706033
236.594,42.643,-31.5,236.416,42.632,-26.5,236.511,42.548,-28.9,0,-0.016904342520277758,0.2272297777207432,0.8880452588819594,11.80333937787131,-0.023998215585508707,0.020768220353341114
233.115,50.039,-26.5,233.279,49.895,-26.5,233.34199999999998,50.035,-28.7,0,1.1646488745527634,5.374693598332629,9.595118598737422,37.458159477257325,0.12089870015723714,0.14277611333434204
233.882,49.796,-31.5,233.664,49.794,-29.2,233.856,49.65,-29.2,0,0.36570132993326987,1.1416595164808288,12.727787809692028,35.65712396726212,0.028666142161868233,0.03187568162911005
236.288,47.43,-26.5,236.368,47.259,-26.5,236.488,47.379,-28.7,0,-0.10808443517598115,2.655444961133244,1.7228400877134327,32.05251543092364,-0.0056833665718622785,0.08339625916763595
236.584,42.821,-31.5,236.399,42.81,-26.5,236.49599999999998,42.726,-28.9,0,-0.010079994208899117,0.12428317760532265,0.6801003481524788,10.77359061461138,-0.022610055939129625,0.013147995093409182
235.44799999999998,48.544,-26.5,235.599,48.396,-26.5,235.65699999999998,48.543,-28.8,0,-0.4032861192064714,5.612146210781128,8.612935476006903,33.04228845668921,-0.047498284411709765,0.16949935558331392
233.882,49.796,-31.5,233.715,49.938,-31.5,233.664,49.794,-29.2,0,-0.0129546593766314,-0.05202505204177761,10.642399099326356,36.506261629610556,-0.001245409982716971,-0.0014207882708404717
236.434,42.454,-26.5,236.606,42.464,-31.5,236.511,42.548,-28.9,0,-0.004506540888862166,0.27977825139999707,0.38064103972405405,12.539404466514156,-0.022789314686293284,0.023649005940451266
233.279,49.895,-26.5,233.452,49.755,-26.5,233.503,49.895,-28.8,0,1.4240049776464063,5.35244921058891,11.067889480070853,36.69909866934342,0.12827023462730533,0.1451634331462064
234.065,49.661,-31.5,233.882,49.796,-31.5,233.856,49.65,-29.2,0,0.017783557730438136,0.023298918389542973,13.100804567580614,35.31273819135589,0.0013601071564343962,0.0006541662552034033
236.428,47.085,-26.5,236.463,46.908,-26.5,236.607,47.012,-28.8,0,-0.37956955592175445,0.9766191411933763,-5.884845760536114,30.4431951388946,0.05563690268364526,0.03204530659091836
236.575,43.0,-31.5,236.38400000000001,42.989,-26.5,236.483,42.904,-28.9,0,-0.006533643538390283,0.039447635426381016,0.5366615680515849,9.744229473768655,-0.01882210187014929,0.0055588226907435714
236.791,46.921,-31.5,236.607,47.012,-28.8,236.638,46.837,-29.2,0,-0.2332549607798024,0.09532118454077469,-10.531189217442279,28.76185853294652,0.021186701463176364,0.0032511837517456153
236.368,47.259,-26.5,236.428,47.085,-26.5,236.55599999999998,47.198,-28.7,0,-0.12972700834598094,1.722667872514508,-1.6477559475916426,31.50857021852019,0.03285947925903589,0.05495590373928938
233.839,49.501,-26.5,234.043,49.381,-26.5,234.049,49.525,-29.2,0,1.9142957979731519,4.63011330849579,16.269423178918743,33.64371073637038,0.11750257239299647,0.13712092059760064
235.08499999999998,48.945,-28.9,235.095,49.071,-31.5,234.878,49.06,-28.9,0,0.20717615345940343,1.1837458178796698,17.382931838022024,31.251805668148123,0.01183597101961666,0.0377969637358
236.039,48.432,-31.5,235.801,48.408,-28.8,235.963,48.259,-29.1,0,-0.180798291265284,1.3405349927826176,6.7989016988750635,32.85925126976276,-0.026895980418424385,0.040691592908862845
236.416,42.632,-26.5,236.594,42.643,-31.5,236.49599999999998,42.726,-28.9,0,-0.0022346764095375156,0.1950620738296154,0.3669242982081755,11.49246060153206,-0.02393084644067025,0.01853772578328602
236.565,43.179,-31.5,236.36700000000002,43.167,-26.5,236.47,43.083,-28.9,0,-0.00768954449892678,-0.003380145309058477,0.5731218563165044,8.706133651985624,-0.015015775519245976,0.0008898661025736092
234.049,49.525,-29.2,234.043,49.381,-26.5,234.24599999999998,49.401,-29.0,0,1.4196124310154299,3.4076806633181396,16.70941760339603,33.218416211469425,0.08485576169090875,0.10223105961785073
233.34199999999998,50.035,-28.7,233.279,49.895,-26.5,233.503,49.895,-28.8,0,0.8419409423927465,4.169386355415926,8.728665591912764,37.48056279578502,0.09601868160759525,0.11070125943664028
235.288,48.688,-26.5,235.44799999999998,48.544,-26.5,235.494,48.68,-28.8,0,-0.15882743695095786,5.211432231990401,10.008848371063566,33.1173177049397,-0.016421124005346194,0.15704928944477387
236.55599999999998,43.358,-31.5,236.35,43.345,-26.5,236.457,43.262,-28.9,0,0.10693057970028101,-0.0564499302222417,-8.599939450466167,23.374305935102626,-0.012546546579440156,-0.002569264534034384
234.897,48.935,-26.5,235.08499999999998,48.945,-28.9,234.878,49.06,-28.9,0,0.6066694438934662,3.3750092895289976,17.22872392890301,31.38879939967778,0.0350250677918376,0.10728797051569189
234.462,49.414,-31.5,234.25799999999998,49.534,-31.5,234.24599999999998,49.401,-29.0,0,0.0630025224593683,0.04641828038487586,16.621569577127644,33.07267305087874,0.0038204669270061513,0.0014032331896414339
236.546,43.716,-31.5,236.333,43.703,-26.5,236.437,43.617,-28.9,0,0.10912154603705337,-0.2954592642275472,-10.213235048418653,22.330846010657154,-0.010826163860958733,-0.013438571153943566
236.399,42.81,-26.5,236.584,42.821,-31.5,236.483,42.904,-28.9,0,-0.00030286391339579016,0.0925305138627232,0.28600308803623875,10.453255849184302,-0.02152460579483857,0.010444084919020265
236.549,43.537,-31.5,236.341,43.524,-26.5,236.44400000000002,43.437,-28.9,0,0.1121515655188793,-0.1611728578669331,-9.885654529957847,22.66661809876001,-0.011485578164333862,-0.0072897853181850165
236.529,44.789,-31.5,236.308,44.775,-26.5,236.40699999999998,44.687,-28.7,0,-0.2424196139483545,0.17319699336992284,-10.230561941662543,21.330390436640542,0.023667982587336097,0.007929303600682239
236.607,47.012,-28.8,236.463,46.908,-26.5,236.638,46.837,-29.2,0,-0.5271353928926641,0.40935376057502565,-10.582123644339589,28.856665985210583,0.04712168367234509,0.01402705412521064
236.314,44.418,-26.5,236.53300000000002,44.432,-31.5,236.43,44.52,-29.2,0,-0.10966445386480655,-0.10902952969820313,-10.118565271580565,21.65707142041306,0.010789030479445707,-0.005256973771424111
234.674,49.3,-31.5,234.453,49.287,-28.9,234.666,49.173,-28.9,0,0.41399788754677974,1.0956870125379234,17.84380514081014,31.842018502696412,0.023169640641519305,0.034326896744044676
236.534,44.968,-31.5,236.3,44.954,-26.5,236.41,44.868,-28.8,0,-0.284747442463331,0.2328003275157495,-10.091441160553828,21.19381469698166,0.028187535410869824,0.010831628928065025
236.53300000000002,44.432,-31.5,236.314,44.418,-26.5,236.41500000000002,44.329,-28.8,0,-0.09822647194282492,-0.1894736831268022,-10.564270022478155,21.491050959738644,0.009240270241571721,-0.009070329477404108
234.674,49.3,-31.5,234.462,49.414,-31.5,234.453,49.287,-28.9,0,0.04801467073559311,-0.004903717346947986,17.860076364035304,32.056595094207665,0.002709295076523629,-0.0001425404802154918
234.886,49.186,-31.5,234.674,49.3,-31.5,234.666,49.173,-28.9,0,0.025104513408466988,-0.017897629771390415,17.8720950817215,31.62023232970175,0.0014062370405733414,-0.0005529485298293764
234.25799999999998,49.534,-31.5,234.065,49.661,-31.5,234.049,49.525,-29.2,0,0.033433533310257106,0.016478023516224204,14.949190088252571,34.2054012972301,0.0022624727316205968,0.0004786838762383362
236.32,44.06,-26.5,236.538,44.074,-31.5,236.435,44.162,-29.2,0,0.028672310718224937,-0.42651905824480946,-10.008094164721214,22.03245423410536,-0.0029664477165160046,-0.019610192629192832
236.543,43.895,-31.5,236.325,43.881,-26.5,236.43,43.794,-28.8,0,0.08558043835582582,-0.42686570600223567,-9.528117613980228,22.465149754563626,-0.009118738484458518,-0.019239694260386016
234.25799999999998,49.534,-31.5,234.049,49.525,-29.2,234.24599999999998,49.401,-29.0,0,0.49715618177006626,1.1216823029682823,16.915682566784117,33.114690324422426,0.02937902718026301,0.033754154717462535
236.325,43.881,-26.5,236.543,43.895,-31.5,236.438,43.983,-29.2,0,0.07309180317691727,-0.430757006381196,-9.543378667678027,22.403659380881493,-0.007784520030281908,-0.019460811989453666
235.095,49.071,-31.5,234.886,49.186,-31.5,234.878,49.06,-28.9,0,0.008770447146870326,0.031487065562108146,17.585890747492495,31.36955764055942,0.00047704427048204424,0.0010103400482010952
235.301,48.953,-31.5,235.095,49.071,-31.5,235.08499999999998,48.945,-28.9,0,-0.0004649802961104054,0.1037953019929091,17.067964222480956,31.234619537351072,-6.625067576878351e-05,0.003321275516591725
236.38400000000001,42.989,-26.5,236.575,43.0,-31.5,236.47,43.083,-28.9,0,-0.003491103086646202,0.021145697063881273,0.37154350413678117,9.41202613215438,-0.01745835107574011,0.0036886018207713143
235.102,48.817,-26.5,235.288,48.688,-26.5,235.29500000000002,48.825,-28.9,0,0.15406954776160814,4.656665421797828,14.080289038024542,32.153224374144,0.010603644209450524,0.14453330453502147
234.886,49.186,-31.5,234.666,49.173,-28.9,234.878,49.06,-28.9,0,0.32019823159780336,1.119491457064871,17.907665550281994,31.37787583232094,0.017823603907608974,0.03559939946131897
233.203,50.185,-28.8,233.115,50.039,-26.5,233.34199999999998,50.035,-28.7,0,0.6330224517894107,4.082549063221483,7.169571015013698,38.1525150525409,0.08775833872979874,0.10645648292354384
236.776,46.742,-31.5,236.791,46.921,-31.5,236.638,46.837,-29.2,0,-0.02092254669540583,0.017446331718972606,-13.347974004795617,27.238150261918186,0.001658144361035193,0.0007006229183167188
235.50799999999998,48.837,-31.5,235.301,48.953,-31.5,235.29500000000002,48.825,-28.9,0,-0.0024746256220982074,0.02723401519684493,17.358712894613333,30.624746402864908,-0.00017895856175501423,0.0008919710151621294
234.043,49.381,-26.5,234.25799999999998,49.271,-26.5,234.24599999999998,49.401,-29.0,0,1.967394150223791,4.436391537071186,18.174679549792664,32.259428120982484,0.10811213666856784,0.13708631187535616
236.36700000000002,43.167,-26.5,236.565,43.179,-31.5,236.457,43.262,-28.9,0,-0.003558076891850856,-0.011904031486536931,0.29931061023722805,8.38087434784316,-0.013992341247638913,-0.00027239034212964396
234.453,49.287,-28.9,234.47199999999998,49.159,-26.5,234.666,49.173,-28.9,0,1.159526210247069,3.3082005060921005,17.68545510134674,31.939423346904015,0.06543685505686948,0.10331130400988732
236.35,43.345,-26.5,236.55599999999998,43.358,-31.5,236.44400000000002,43.437,-28.9,0,0.11253794731663962,-0.08587210649794767,-9.370341449446784,23.009554588934677,-0.012135841197747898,-0.003895994916752025
234.25799999999998,49.271,-26.5,234.47199999999998,49.159,-26.5,234.453,49.287,-28.9,0,1.6804715133373407,4.362530991608256,17.89359060936733,32.00730251036594,0.0937563878867809,0.13592605408693545
234.897,48.935,-26.5,235.102,48.817,-26.5,235.08499999999998,48.945,-28.9,0,0.5820261949323956,4.467710976035977,16.693334462096157,31.422702993258028,0.0346068289077881,0.14188126584292787
234.462,49.414,-31.5,234.24599999999998,49.401,-29.0,234.453,49.287,-28.9,0,0.5024486419048718,1.1235554021173064,18.05451830754369,32.14329148264436,0.02781564438678952,0.034853359578504335
234.47199999999998,49.159,-26.5,234.686,49.048,-26.5,234.666,49.173,-28.9,0,1.3942038045738279,4.353242628238919,18.01931999371798,31.53427793997598,0.07718688983985544,0.13771426880485674
234.686,49.048,-26.5,234.897,48.935,-26.5,234.878,49.06,-28.9,0,1.0106185590632903,4.389911209197807,17.624738122365482,31.340213792304354,0.05712003965994735,0.13976123129515527
236.725,46.567,-31.5,236.776,46.742,-31.5,236.627,46.671,-29.3,0,0.1993075993247872,-0.07772044180669972,-18.34995668429289,23.548034850522907,-0.010662256845424213,-0.0030719830747196666
236.53300000000002,44.253,-31.5,236.317,44.239,-26.5,236.435,44.162,-29.2,0,-0.015165829964959411,-0.3562074993845266,-10.282283510846952,21.802299511735654,0.0013924757253772602,-0.01659124891112987
236.317,44.239,-26.5,236.53300000000002,44.253,-31.5,236.41500000000002,44.329,-28.8,0,-0.0436326515639845,-0.325460532134169,-10.276727534862559,21.75395208566725,0.004166662774514415,-0.015229597521173713
236.538,44.074,-31.5,236.32,44.06,-26.5,236.438,43.983,-29.2,0,0.04988666700127309,-0.4363191195648007,-10.554865469252377,21.81956227111965,-0.0048308993142865166,-0.02024813774296236
236.341,43.524,-26.5,236.549,43.537,-31.5,236.437,43.617,-28.9,0,0.10763945733554085,-0.20614810943828757,-9.657214123097276,22.71598924756732,-0.011291522590079872,-0.00926230785660578
233.094,50.317,-28.8,232.974,50.193,-26.5,233.203,50.185,-28.8,0,0.2824532530380003,3.8693127296999683,3.6457067016398907,39.0001038711686,0.07643162308635082,0.09868655200764526
236.333,43.703,-26.5,236.546,43.716,-31.5,236.43,43.794,-28.8,0,0.10753436503686124,-0.34225268251891927,-10.377743867468624,22.19880169518146,-0.01050108341727724,-0.01563794265510019
236.529,44.61,-31.5,236.314,44.596,-26.5,236.43,44.52,-29.2,0,-0.16159961312118917,0.0179378449939467,-10.647681662568488,21.301382191884144,0.015145392281044329,0.000638986123500904
236.314,44.596,-26.5,236.529,44.61,-31.5,236.40699999999998,44.687,-28.7,0,-0.19669208384084066,0.07804133651858663,-10.225826235495973,21.463673402856642,0.019201356798423875,0.0034237346533154706
236.488,47.379,-28.7,236.675,47.45,-31.5,236.449,47.519,-29.1,0,-0.049854187374093036,0.5852516347051564,3.181515414838522,32.0842295168918,-0.005591930685815507,0.018404927534286217
234.666,49.173,-28.9,234.686,49.048,-26.5,234.878,49.06,-28.9,0,0.9149845176232709,3.321309975917514,17.75227418358899,31.50575343586864,0.05138624362431994,0.10517427285010449
236.638,46.837,-29.2,236.464,46.73,-26.5,236.627,46.671,-29.3,0,-0.6272726198094191,0.12312552156245099,-14.210170361637882,26.690515099756148,0.04299034016092164,0.004320217717679606
236.308,44.775,-26.5,236.529,44.789,-31.5,236.41,44.868,-28.8,0,-0.26707423594616597,0.19721154299429414,-10.700774701697341,21.035662871717122,0.024933712997137925,0.009198653232349665
234.24599999999998,49.401,-29.0,234.25799999999998,49.271,-26.5,234.453,49.287,-28.9,0,1.3706900448659731,3.306907567452585,17.88008536998572,32.245013810659344,0.07655932861436837,0.10225180672391435
236.078,48.121,-29.2,236.176,48.278,-31.5,235.963,48.259,-29.1,0,-0.15918319846116552,1.2233562894662553,4.308406633953316,32.87394963411768,-0.037495477218718244,0.03709908672537048
236.595,47.621,-31.5,236.36700000000002,47.684,-29.2,236.449,47.519,-29.1,0,-0.13729361852862784,0.7342764016184927,4.306905239413524,32.43882900406359,-0.024695500954484945,0.022812574932514717
235.801,48.408,-28.8,235.739,48.244,-26.5,235.963,48.259,-29.1,0,-0.472477321824617,4.259144821882011,6.73008849559839,32.86577921719581,-0.07088937198701303,0.12927540389985653
236.776,46.742,-31.5,236.638,46.837,-29.2,236.627,46.671,-29.3,0,-0.1428870705190953,-0.02488059335927646,-14.019156888699204,26.668718703962625,0.009946806914764825,-0.0009346340350540687
233.715,49.938,-31.5,233.503,49.895,-28.8,233.664,49.794,-29.2,0,0.3416523204164811,1.2876214902715155,10.986306063431215,36.569569008959135,0.030982196374991722,0.03504340397196277
233.503,49.895,-28.8,233.452,49.755,-26.5,233.664,49.794,-29.2,0,1.043016059528787,3.9407640541941737,10.865480296339836,36.588230717925555,0.09570049588416221,0.10720976539867817
236.288,47.43,-26.5,236.488,47.379,-28.7,236.449,47.519,-29.1,0,-0.13713583011135386,2.1478253883626084,2.853625504353559,32.20533625519132,-0.019256478812075248,0.06715337508071187
236.889,40.719,-26.5,236.89499999999998,40.541,-26.5,236.959,40.631,-28.8,0,0.03862949950095107,0.3062327010227588,-1.184730798698638,23.529248642052664,-0.03180200269909385,0.012866238035756044
236.841,40.894,-26.5,236.889,40.719,-26.5,236.95,40.802,-29.2,0,-0.11367146412772758,0.24402161697133734,3.884417124150886,22.126122612043332,-0.029822767178250602,0.01096529313091105
236.524,41.563,-26.5,236.564,41.387,-26.5,236.62900000000002,41.475,-29.4,0,0.24525974206343476,0.48991961738796336,3.355152198036677,18.283306043361392,0.08206509897671338,0.026628884830903077
236.501,41.741,-26.5,236.524,41.563,-26.5,236.591,41.656,-29.1,0,0.09139286064187929,0.11574234412265705,1.6913516665384805,17.410627681107826,0.07130115378975369,0.00647374876471939
236.485,41.919,-26.5,236.501,41.741,-26.5,236.572,41.834,-29.0,0,0.021663484833454018,0.014600514324515349,1.0297091886861836,16.37310277317937,0.04468997597680577,0.00091307067112913
236.469,42.097,-26.5,236.485,41.919,-26.5,236.55599999999998,42.012,-29.0,0,-0.0002662880457492416,0.15399013992951502,1.004278756457495,15.346441236485305,0.017157338564677396,0.010493725176199589
236.451,42.276,-26.5,236.469,42.097,-26.5,236.541,42.191,-29.0,0,-0.015326989946637585,0.3554816586672578,1.1253610173707216,14.27793567706405,-0.0051512786562323155,0.02598486869520966
237.035,40.545,-31.5,237.031,40.724,-31.5,236.959,40.631,-28.8,0,-0.0006941789444887445,-0.18561065021089587,-1.8096784154325007,23.62531859662647,0.005974298339516327,-0.007872872562677194
237.031,40.724,-31.5,236.981,40.898,-31.5,236.95,40.802,-29.2,0,-0.02045272233511183,-0.3560297828981842,3.778731070566451,22.60513682070021,-0.007989976395101423,-0.01578753995438071
236.70999999999998,41.393,-31.5,236.676,41.57,-31.5,236.62900000000002,41.475,-29.4,0,0.06060583036912901,0.018568079850788833,2.375538707596661,18.333255385896706,0.03522661194772133,0.0008988538480457449
236.676,41.57,-31.5,236.659,41.749,-31.5,236.591,41.656,-29.1,0,-0.0034046952497407373,-0.18432829512681975,0.7179405381828303,17.38780966434723,0.02743458968548497,-0.010765430400462319
236.659,41.749,-31.5,236.643,41.928,-31.5,236.572,41.834,-29.0,0,-0.0140588770672683,-0.18127570204501497,0.6052249227026607,16.37100301824242,0.011005644579776134,-0.011185140418681258
236.643,41.928,-31.5,236.63,42.106,-31.5,236.55599999999998,42.012,-29.0,0,-0.01560324212612706,-0.03208110338768843,0.33641434264373515,15.328924270645501,-0.0035292927898836444,-0.002039559113845612
236.63,42.106,-31.5,236.618,42.285,-31.5,236.541,42.191,-29.0,0,-0.009481520494139795,0.11140412027011451,0.23458645559750835,14.272310607277177,-0.012973951283783728,0.008086123516907188
236.49200000000002,39.909,-26.5,236.615,39.891,-29.0,236.635,40.051,-26.5,0,1.8720898337748924,-0.9853274910124143,-19.019322046013997,18.4592096727876,-0.09974683379018777,-0.05482167678175409
236.93200000000002,40.197,-31.5,236.852,40.366,-26.5,236.75900000000001,40.202,-26.5,0,0.5125212925317174,0.3360355484295555,-13.544500549977954,21.350367276341714,-0.038342903987993074,0.015497845250208645
236.998,40.368,-31.5,236.89499999999998,40.541,-26.5,236.852,40.366,-26.5,0,0.17682485503424675,0.36755311474763475,-7.509471821135833,23.52465944217556,-0.02369548087831233,0.015482941216439066
236.998,40.368,-31.5,236.852,40.366,-26.5,236.93200000000002,40.197,-31.5,0,0.015284029730956742,0.3256896290684337,-10.567695123433168,23.02145423727255,-0.0013190372034419969,0.014187442206852108
237.035,40.545,-31.5,236.89499999999998,40.541,-26.5,236.998,40.368,-31.5,0,-0.012323751185124156,0.13842525564032518,-6.889790732370358,23.471696887579327,0.002607164351553209,0.005889145736281224
236.89600000000002,41.065,-31.5,236.753,41.059,-26.5,236.841,40.894,-26.5,0,-0.12988080282944073,0.32505638287333904,8.15505061980302,19.814466456162506,-0.015624649349392221,0.016425783328441586
236.89600000000002,41.065,-31.5,236.841,40.894,-26.5,236.981,40.898,-31.5,0,-0.1443686827364014,-0.08759588145209503,7.661670701603612,20.439004114617887,-0.019287766080694695,-0.004298030227610606
236.789,41.225,-31.5,236.648,41.22,-26.5,236.753,41.059,-26.5,0,0.15703642654532163,0.5921266550099665,9.606423436750035,18.090329349571675,0.017702560052051758,0.0327639636986848
236.789,41.225,-31.5,236.753,41.059,-26.5,236.89600000000002,41.065,-31.5,0,-0.056469149902037656,0.18103080014763237,9.687679763569605,18.388962395581586,-0.005204814746474299,0.009858441518360685
236.70999999999998,41.393,-31.5,236.564,41.387,-26.5,236.648,41.22,-26.5,0,0.4086537627268367,0.61912834466626,7.556964142808056,17.884646014963835,0.05734549213953719,0.03455982063222512
236.70999999999998,41.393,-31.5,236.648,41.22,-26.5,236.789,41.225,-31.5,0,0.1667169999357539,0.3587626895882538,6.963825035130569,18.554128487827597,0.026501883621800008,0.01930848019235471
