lon,lat,corr,other1,name,east_vel,north_vel,east_sig,north_sig,flag,up_vel,up_sig,east_adjust,north_adjust,up_adjust,depth,x,y,z,block_label,model_east_vel,model_north_vel,model_east_vel_residual,model_north_vel_residual,model_east_vel_rotation,model_north_vel_rotation,model_east_elastic_segment,model_north_elastic_segment,model_east_vel_tde,model_north_vel_tde,model_up_vel_tde,model_east_vel_block_strain_rate,model_north_vel_block_strain_rate,model_east_vel_mogi,model_north_vel_mogi,model_up_vel,model_up_vel_residual,model_up_vel_rotation,model_up_elastic_segment,model_up_vel_block_strain_rate,model_up_vel_mogi
234.5990,46.7000,0,0,NGH1_ACO,28.2000,8.6000,4.5000,4.8000,1,0,1,0,0,0,0.0000,-2529731.1063,-3559545.9027,4634052.7573,14,26.8769,10.2347,-1.3231,1.6347,0.9301,5.4671,0.2488,0.4852,-26.1957,-5.2528,2.7955,0.0000,0.0000,0.0000,0.0000,-2.6792,-2.6792,0.0000,-0.1163,0.0000,0.0000
235.0340,45.3020,0,0,NCL1_ACO,20.8000,23.2000,6.5000,6.8000,1,0,1,0,0,0,0.0000,-2566681.4114,-3670234.4923,4526132.6500,14,20.0219,16.4295,-0.7781,-6.7705,2.3991,5.7689,0.3555,-0.1612,-17.9783,-10.4993,2.4319,0.0000,0.0000,0.0000,0.0000,-2.4494,-2.4494,0.0000,0.0175,0.0000,0.0000
234.8060,44.4290,0,0,NNP1_ACO,20.5000,19.8000,4.8000,4.9000,1,0,1,0,0,0,0.0000,-2620711.8899,-3715921.9964,4457369.6693,8,18.3388,18.7853,-2.1612,-1.0147,2.8240,11.3712,0.7094,2.2283,-16.2241,-9.6423,2.6425,0.0000,0.0000,0.0000,0.0000,-1.8905,-1.8905,0.0000,-0.7521,0.0000,0.0000
234.8960,43.5730,0,0,NGH1_ACO,22.1000,16.8000,9.2000,9.7000,1,0,1,0,0,0,0.0000,-2652873.6929,-3774097.3545,4388940.8506,8,16.7184,16.8231,-5.3816,0.0231,0.3272,11.1797,0.5369,0.3051,-16.9282,-5.9485,2.2607,0.0000,0.0000,0.0000,0.0000,-2.2399,-2.2399,0.0000,-0.0209,0.0000,0.0000
224.7720,59.5280,0,14,ab44_PAN,2.6710,5.9470,0.0890,0.1060,1,0,1,0,0,0,0.0000,-2292344.5757,-2274172.7061,5487954.6564,13,-0.8379,0.9466,-3.5089,-5.0004,0.4155,0.2978,1.2534,-0.6471,0.0000,-0.0017,-0.0136,0.0000,0.0000,0.0000,0.0000,-0.3191,-0.3191,0.0000,0.3326,0.0000,0.0000
225.3530,56.2450,0,46,ab48_PAN,-1.9630,2.8320,0.1440,0.3800,1,0,1,0,0,0,0.0000,-2486300.5038,-2517127.0725,5294028.0097,46,-2.5433,4.5543,-0.5803,1.7223,-7.2048,-1.8912,-4.6661,-6.4460,0.0047,0.0005,-0.0223,0.0000,0.0000,0.0000,0.0000,-1.3750,-1.3750,0.0000,1.3973,0.0000,0.0000
226.9320,55.5800,0,14,ab49_PAN,1.0700,3.7340,0.2070,0.1180,1,0,1,0,0,0,0.0000,-2457791.2162,-2629394.9631,5252608.4879,13,0.0375,2.3491,-1.0325,-1.3849,0.2648,0.2402,0.2238,-2.1089,0.0035,-0.0000,-0.0281,0.0000,0.0000,0.0000,0.0000,0.0511,0.0511,0.0000,-0.0230,0.0000,0.0000
225.4550,58.4170,0,14,ab50_PAN,-0.3800,1.0740,0.1030,0.1250,1,0,1,0,0,0,0.0000,-2339289.0466,-2376740.9985,5424313.8224,13,-0.3930,1.2720,-0.0130,0.1980,0.3738,0.2796,0.7664,-0.9908,0.0004,-0.0016,-0.0163,0.0000,0.0000,0.0000,0.0000,-0.1377,-0.1377,0.0000,0.1540,0.0000,0.0000
227.0860,56.7980,0,14,ab51_PAN,-3.4730,0.2690,0.1340,0.1690,1,0,1,0,0,0,0.0000,-2374137.4019,-2553624.5420,5327928.7492,13,0.2053,1.4201,3.6783,1.1511,0.3147,0.2361,0.1091,-1.1819,0.0003,-0.0021,-0.0228,0.0000,0.0000,0.0000,0.0000,0.0612,0.0612,0.0000,-0.0384,0.0000,0.0000
228.4010,55.0690,0,14,ais6_PAN,1.5070,1.4730,0.3080,0.3570,1,0,1,0,0,0,0.0000,-2420582.3535,-2726463.3642,5220299.8051,13,0.2316,1.4850,-1.2754,0.0120,0.2487,0.2008,0.0165,-1.2819,0.0007,-0.0022,-0.0346,0.0000,0.0000,0.0000,0.0000,0.0753,0.0753,0.0000,-0.0408,0.0000,0.0000
236.5130,48.3900,0,8,albh_PAN,6.5110,4.3720,0.0680,0.0570,1,0,1,0,0,0,0.0000,-2332979.5871,-3526485.8735,4760825.0431,5,6.7193,4.8699,0.2083,0.4979,3.0358,2.7681,0.1572,-0.1314,-3.8407,-1.9704,-0.6353,0.0000,0.0000,0.0000,0.0000,0.4076,0.4076,0.0000,0.2278,0.0000,0.0000
297.6600,82.4940,0,47,alrt_PAN,-2.5460,-1.8080,0.1720,0.2200,1,0,1,0,0,0,0.0000,386131.8000,-736721.9233,6312883.2163,47,-2.4718,-0.6809,0.0742,1.1271,-2.4562,-0.8260,0.0174,-0.1432,-0.0017,-0.0020,-0.0008,0.0000,0.0000,0.0000,0.0000,-0.0142,-0.0142,0.0000,0.0150,0.0000,0.0000
237.8580,48.1740,0,13,arli_PAN,4.2960,3.0500,0.0890,0.0780,1,0,1,0,0,0,0.0000,-2259093.9074,-3595446.7562,4744850.7671,12,4.3886,3.3313,0.0926,0.2813,3.3339,2.7170,0.6123,0.0082,-1.6670,-0.6225,-0.0046,0.0000,0.0000,0.0000,0.0000,0.0961,0.0961,0.0000,-0.0915,0.0000,0.0000
237.3300,42.1810,0,4,ashl_PAN,-1.9500,6.7510,0.0980,0.0840,1,0,1,0,0,0,0.0000,-2547017.7720,-3971961.0150,4275579.2153,8,-2.5209,6.5995,-0.5709,-0.1515,-3.5082,5.9921,-0.1960,-0.5932,-0.7913,-0.0142,-0.1186,0.0000,0.0000,0.0000,0.0000,-0.0007,-0.0007,0.0000,0.1193,0.0000,0.0000
242.8460,34.4680,0,28,avry_PAN,-12.3380,13.3290,0.1940,0.1090,1,0,1,0,0,0,0.0000,-2395827.9845,-4670997.5090,3603629.0043,28,-12.9160,14.0667,-0.5780,0.7377,-12.4027,14.4485,0.5291,0.3753,-0.0158,0.0065,-0.0109,0.0000,0.0000,0.0000,0.0000,-0.3405,-0.3405,0.0000,0.3514,0.0000,0.0000
234.8650,48.8350,0,8,bamf_PAN,10.1030,6.8710,0.0850,0.0840,1,0,1,0,0,0,0.0000,-2412079.9884,-3427590.0446,4793521.4694,5,9.6926,7.2380,-0.4104,0.3670,2.8967,2.6343,0.6226,0.0442,-7.4186,-4.6479,-2.2003,0.0000,0.0000,0.0000,0.0000,2.3455,2.3455,0.0000,-0.1453,0.0000,0.0000
242.7950,40.4130,0,17,bamo_PAN,-3.0240,0.8580,0.0570,0.0700,1,0,1,0,0,0,0.0000,-2216440.3074,-4311800.8313,4127967.7102,16,-3.3195,0.4313,-0.2955,-0.4267,-3.0273,0.0313,0.3976,-0.4162,-0.1054,0.0161,-0.0072,0.0000,0.0000,0.0000,0.0000,-0.1055,-0.1055,0.0000,0.1127,0.0000,0.0000
236.5710,48.4290,0,8,bces_PAN,6.1920,3.9210,0.1720,0.1040,1,0,1,0,0,0,0.0000,-2327622.7712,-3526140.4061,4763702.0828,5,6.4551,4.7424,0.2631,0.8214,3.0308,2.7728,0.1228,-0.1416,-3.5470,-1.8280,-0.5140,0.0000,0.0000,0.0000,0.0000,-0.0692,-0.0692,0.0000,0.5831,0.0000,0.0000
237.3430,49.1040,0,14,bclc_PAN,4.0350,2.6880,0.0960,0.1270,1,0,1,0,0,0,0.0000,-2249461.0030,-3509686.6748,4813146.1750,11,3.9750,3.3288,-0.0600,0.6408,3.2531,2.7132,0.7255,0.2171,-1.4474,-0.8327,0.0005,0.0000,0.0000,0.0000,0.0000,0.1544,0.1544,0.0000,-0.1549,0.0000,0.0000
236.8530,49.1150,0,14,bcli_PAN,5.5790,3.4500,0.0900,0.0890,1,0,1,0,0,0,0.0000,-2278888.3080,-3489547.1672,4813946.4173,11,4.4003,3.5311,-1.1787,0.0811,3.2284,2.5078,0.6146,0.0851,-1.7865,-1.1084,-0.0594,0.0000,0.0000,0.0000,0.0000,0.1914,0.1914,0.0000,-0.1321,0.0000,0.0000
237.4610,49.2210,0,14,bcmr_PAN,4.1070,2.0250,0.0950,0.1070,1,0,1,0,0,0,0.0000,-2236936.8553,-3506018.8736,4821648.7455,11,3.6620,3.2031,-0.4450,1.1781,3.1748,2.7627,0.8082,0.3185,-1.2955,-0.7589,0.0156,0.0000,0.0000,0.0000,0.0000,0.1747,0.1747,0.0000,-0.1903,0.0000,0.0000
233.1570,50.5440,0,14,bcov_PAN,2.7260,2.8150,0.0650,0.1090,1,0,1,0,0,0,0.0000,-2426331.1789,-3238274.2404,4916385.7066,11,2.2027,3.2451,-0.5233,0.4301,2.1324,0.9531,0.8438,-0.6808,-0.9141,-1.6113,-0.7037,0.0000,0.0000,0.0000,0.0000,1.1218,1.1218,0.0000,-0.4181,0.0000,0.0000
232.6250,50.6860,0,14,bcph_PAN,2.3890,2.1940,0.0880,0.1570,1,0,1,0,0,0,0.0000,-2448890.0730,-3205913.3931,4926399.1097,11,1.4481,2.3551,-0.9409,0.1611,2.0258,0.7288,0.8108,-1.2029,-0.2331,-0.4234,-0.3207,0.0000,0.0000,0.0000,0.0000,0.7099,0.7099,0.0000,-0.3892,0.0000,0.0000
236.2000,48.5590,0,8,bcsm_PAN,7.3740,4.3610,0.2490,0.2560,1,0,1,0,0,0,0.0000,-2344387.4152,-3502004.1103,4773276.2669,5,7.0931,5.1106,-0.2809,0.7496,2.9939,2.7429,0.1693,0.1603,-4.2685,-2.5280,-0.9701,0.0000,0.0000,0.0000,0.0000,0.8650,0.8650,0.0000,0.1051,0.0000,0.0000
236.9110,49.2760,0,14,bcvc_PAN,5.1180,3.0910,0.0940,0.1070,1,0,1,0,0,0,0.0000,-2267960.7339,-3480505.1885,4825638.7353,11,4.0488,3.3918,-1.0692,0.3008,3.1167,2.5321,0.6319,0.1435,-1.5640,-1.0032,-0.0277,0.0000,0.0000,0.0000,0.0000,0.1736,0.1736,0.0000,-0.1459,0.0000,0.0000
237.5210,48.7550,0,14,beli_PAN,4.7440,2.6470,0.0860,0.0930,1,0,1,0,0,0,0.0000,-2254248.4409,-3541324.8847,4787664.7219,11,4.3499,3.4168,-0.3941,0.7698,3.5057,2.7878,0.7531,0.1697,-1.5973,-0.7987,-0.0069,0.0000,0.0000,0.0000,0.0000,0.1429,0.1429,0.0000,-0.1360,0.0000,0.0000
237.8750,47.6170,0,8,bfir_PAN,5.0250,2.6650,0.3040,0.3900,1,0,1,0,0,0,0.0000,-2282448.7967,-3635010.8268,4703347.2380,5,4.4044,3.4852,-0.6206,0.8202,3.2249,2.8770,0.6446,-0.1088,-1.8241,-0.4993,-0.0252,0.0000,0.0000,0.0000,0.0000,0.2825,0.2825,0.0000,-0.2572,0.0000,0.0000
235.7470,47.5390,0,8,bils_PAN,14.1680,10.5610,0.3120,0.3290,1,0,1,0,0,0,0.0000,-2419451.8549,-3553041.0803,4697499.6823,5,14.1584,8.1636,-0.0096,-2.3974,3.1624,2.7062,0.6293,-0.4926,-11.6254,-4.9648,-1.5918,0.0000,0.0000,0.0000,0.0000,1.7303,1.7303,0.0000,-0.1386,0.0000,0.0000
240.3170,48.1320,0,14,brew_PAN,2.0520,1.1210,0.0410,0.0480,1,0,1,0,0,0,0.0000,-2104474.7624,-3692081.9828,4741736.8198,13,0.8497,0.4307,-1.2023,-0.6903,-0.0283,-0.1210,-0.2572,-0.3514,-0.6208,-0.2004,0.0501,0.0000,0.0000,0.0000,0.0000,0.0228,0.0228,0.0000,-0.0729,0.0000,0.0000
295.3040,32.3700,0,14,brmu_PAN,0.0180,0.2010,0.1410,0.1150,1,0,1,0,0,0,0.0000,2298668.7611,-4861992.8107,3409032.0176,13,-0.5621,-1.4405,-0.5801,-1.6415,-1.0710,-1.3358,-0.5047,0.1055,-0.0042,-0.0008,0.0007,0.0000,0.0000,0.0000,0.0000,-0.0250,-0.0250,0.0000,0.0243,0.0000,0.0000
236.9840,49.2700,0,14,brn3_PAN,4.9680,3.1980,0.5230,0.5000,1,0,1,0,0,0,0.0000,-2263799.7499,-3483815.6673,4825203.6797,11,4.0018,3.3681,-0.9662,0.1701,3.1234,2.5627,0.6451,0.1601,-1.5235,-0.9655,-0.0201,0.0000,0.0000,0.0000,0.0000,0.1684,0.1684,0.0000,-0.1483,0.0000,0.0000
236.9780,49.2750,0,14,brnb_PAN,4.3390,3.0300,0.2110,0.2120,1,0,1,0,0,0,0.0000,-2263935.0819,-3483225.5123,4825566.2297,11,3.9976,3.3669,-0.3414,0.3369,3.1196,2.5602,0.6444,0.1602,-1.5224,-0.9669,-0.0202,0.0000,0.0000,0.0000,0.0000,0.1687,0.1687,0.0000,-0.1485,0.0000,0.0000
237.8680,47.5540,0,8,bsum_PAN,4.7490,4.0050,0.1940,0.3980,1,0,1,0,0,0,0.0000,-2285642.1269,-3639109.1884,4698624.8887,5,4.4337,3.5299,-0.3153,-0.4751,3.2360,2.8765,0.6421,-0.1684,-1.8398,-0.4850,-0.0279,0.0000,0.0000,0.0000,0.0000,0.2860,0.2860,0.0000,-0.2581,0.0000,0.0000
237.2030,45.4860,0,7,bton_PAN,4.4490,5.4440,0.3120,0.2810,1,0,1,0,0,0,0.0000,-2418048.8508,-3752508.8438,4540492.1092,4,4.7329,6.0706,0.2839,0.6266,3.1855,5.7755,0.6112,-0.0201,-2.1586,-0.2750,-0.1685,0.0000,0.0000,0.0000,0.0000,0.1714,0.1714,0.0000,-0.0030,0.0000,0.0000
242.1560,42.7800,0,12,burn_PAN,-1.6660,1.1180,0.0420,0.0530,1,0,1,0,0,0,0.0000,-2182829.3577,-4132408.9709,4324673.8089,10,-2.0938,1.4248,-0.4278,0.3068,-2.3943,1.5601,-0.1014,0.1288,-0.1992,0.0065,-0.0006,0.0000,0.0000,0.0000,0.0000,-0.0576,-0.0576,0.0000,0.0582,0.0000,0.0000
235.4370,42.8360,0,4,cabl_PAN,6.1720,13.7010,0.0720,0.0730,1,0,1,0,0,0,0.0000,-2648930.4339,-3845153.3128,4329239.5428,8,4.4665,10.7367,-1.7055,-2.9643,-1.7652,10.0281,0.2169,-0.3749,-6.4486,-0.3337,0.2811,0.0000,0.0000,0.0000,0.0000,-0.2363,-0.2363,0.0000,-0.0448,0.0000,0.0000
239.5690,35.8880,0,41,carh_PAN,-22.4460,28.1230,0.1730,0.1860,1,0,1,0,0,0,0.0000,-2612871.8248,-4448016.5388,3732613.1810,41,-28.0209,34.2754,-5.5749,6.1524,-28.9027,32.7534,-0.8655,-1.5328,-0.0162,0.0108,-0.0198,0.0000,0.0000,0.0000,0.0000,0.0231,0.0231,0.0000,-0.0034,0.0000,0.0000
236.6330,46.1970,0,9,cath_PAN,6.2200,6.8340,0.0790,0.1040,1,0,1,0,0,0,0.0000,-2424082.3570,-3680925.2757,4595537.5422,6,6.6359,6.6076,0.4159,-0.2264,2.6484,5.7156,0.5442,0.1519,-4.5317,-1.0439,-0.9201,0.0000,0.0000,0.0000,0.0000,0.8923,0.8923,0.0000,0.0278,0.0000,0.0000
237.8090,47.6140,0,8,cblv_PAN,5.0470,3.4570,0.2230,0.1900,1,0,1,0,0,0,0.0000,-2286765.7071,-3632587.6283,4703122.4931,5,4.5178,3.5604,-0.5292,0.1034,3.2230,2.8718,0.6076,-0.1685,-1.9024,-0.5201,-0.0359,0.0000,0.0000,0.0000,0.0000,0.2705,0.2705,0.0000,-0.2346,0.0000,0.0000
238.1740,47.5270,0,13,ch2m_PAN,4.2720,4.1260,0.4790,0.8960,1,0,1,0,0,0,0.0000,-2267341.5791,-3653145.0530,4696599.2854,12,3.9419,3.1727,-0.3301,-0.9533,2.6885,2.4896,0.2849,-0.2831,-1.5383,-0.4000,0.0066,0.0000,0.0000,0.0000,0.0000,0.1913,0.1913,0.0000,-0.1979,0.0000,0.0000
237.8810,37.7240,0,43,chab_PAN,-15.4580,19.6520,0.1340,0.1810,1,0,1,0,0,0,0.0000,-2677772.0290,-4265591.4537,3895974.5857,44,-17.1885,20.1656,-1.7305,0.5136,-10.9850,9.7581,6.2353,-10.4362,-0.0317,0.0287,-0.0345,0.0000,0.0000,0.0000,0.0000,0.4972,0.4972,0.0000,-0.4626,0.0000,0.0000
237.2240,48.0110,0,8,chcm_PAN,5.7130,4.1790,0.0870,0.0860,1,0,1,0,0,0,0.0000,-2306038.0202,-3581564.4410,4732751.4477,5,5.3846,3.9784,-0.3284,-0.2006,3.1301,2.8252,0.4073,-0.1801,-2.6618,-0.9731,-0.1793,0.0000,0.0000,0.0000,0.0000,0.2399,0.2399,0.0000,-0.0606,0.0000,0.0000
238.2140,43.2240,0,3,chem_PAN,-0.5440,4.6760,0.0820,0.1100,1,0,1,0,0,0,0.0000,-2444027.5744,-3943964.4118,4360759.7268,2,-0.7547,4.9843,-0.2107,0.3083,-1.6100,5.5216,-0.2909,0.5615,-0.5644,-0.0241,-0.0535,0.0000,0.0000,0.0000,0.0000,0.3372,0.3372,0.0000,-0.2837,0.0000,0.0000
237.0900,46.6120,0,9,chst_PAN,4.7380,5.4120,0.4710,0.5990,1,0,1,0,0,0,0.0000,-2376498.2846,-3672101.5817,4627340.2013,6,5.2864,5.7492,0.5484,0.3372,2.7589,5.6410,0.4860,0.4609,-3.0135,-0.5690,-0.2614,0.0000,0.0000,0.0000,0.0000,0.3367,0.3367,0.0000,-0.0752,0.0000,0.0000
265.9110,58.7590,0,14,chur_PAN,0.4420,-1.5570,0.1020,0.1130,1,0,1,0,0,0,0.0000,-235481.1119,-3293998.5897,5444122.8309,13,0.2613,-0.7430,-0.1807,0.8140,0.2308,-0.7771,-0.0122,-0.0215,-0.0182,-0.0126,0.0030,0.0000,0.0000,0.0000,0.0000,0.0168,0.0168,0.0000,-0.0197,0.0000,0.0000
237.9920,49.1570,0,14,chwk_PAN,3.8400,1.9850,0.0560,0.0610,1,0,1,0,0,0,0.0000,-2207201.8491,-3531164.1136,4817000.2555,11,2.9575,2.7851,-0.8825,0.8001,3.2401,2.9851,1.3752,0.7889,-1.0926,-0.5889,0.0370,0.0000,0.0000,0.0000,0.0000,0.4748,0.4748,0.0000,-0.5118,0.0000,0.0000
236.0220,45.4870,0,15,chzz_PAN,8.4670,9.5570,0.0950,0.0760,1,0,1,0,0,0,0.0000,-2494833.4087,-3701807.8826,4540570.0220,14,9.1324,9.8766,0.6654,0.3196,2.2840,6.4531,0.2347,0.0459,-7.0831,-3.4694,-1.4104,0.0000,0.0000,0.0000,0.0000,1.3778,1.3778,0.0000,0.0326,0.0000,0.0000
237.9110,42.9760,0,3,clcv_PAN,-0.5290,6.2930,0.2260,0.2350,1,0,1,0,0,0,0.0000,-2474854.4119,-3946939.0893,4340635.7745,2,-1.2866,5.2863,-0.7576,-1.0067,-2.1909,6.0145,-0.2880,0.7550,-0.6163,-0.0269,-0.0696,0.0000,0.0000,0.0000,0.0000,-0.3577,-0.3577,0.0000,0.4273,0.0000,0.0000
237.8640,42.8960,0,3,clhq_PAN,-0.4720,5.0750,0.1950,0.2110,1,0,1,0,0,0,0.0000,-2481312.7122,-3950035.8823,4334126.8111,2,-1.4193,5.4314,-0.9473,0.3564,-2.3750,6.0909,-0.3328,0.6851,-0.6229,-0.0257,-0.0727,0.0000,0.0000,0.0000,0.0000,-0.6265,-0.6265,0.0000,0.6992,0.0000,0.0000
237.9840,42.9230,0,3,clms_PAN,-1.2510,4.5230,0.6340,0.3740,1,0,1,0,0,0,0.0000,-2471951.2702,-3953491.8663,4336324.5315,2,-1.4829,5.4288,-0.2319,0.9058,-2.3054,5.8957,-0.2316,0.4903,-0.5909,-0.0235,-0.0655,0.0000,0.0000,0.0000,0.0000,-0.1684,-0.1684,0.0000,0.2339,0.0000,0.0000
235.8690,48.8200,0,14,clrs_PAN,6.9850,4.5940,0.1110,0.0820,1,0,1,0,0,0,0.0000,-2352354.7737,-3470367.4581,4792424.0407,11,6.7227,5.2797,-0.2623,0.6857,3.4069,2.0946,0.7986,-0.3457,-4.1144,-2.8394,-1.0701,0.0000,0.0000,0.0000,0.0000,1.2205,1.2205,0.0000,-0.1505,0.0000,0.0000
237.8510,42.9340,0,3,clwz_PAN,0.1330,5.1820,0.1700,0.1900,1,0,1,0,0,0,0.0000,-2480678.7492,-3947038.1739,4337219.6230,2,-1.3022,5.3652,-1.4352,0.1832,-2.2901,6.1120,-0.3576,0.7740,-0.6304,-0.0272,-0.0735,0.0000,0.0000,0.0000,0.0000,-0.6662,-0.6662,0.0000,0.7396,0.0000,0.0000
235.6040,40.4420,0,5,cme5_PAN,-5.5520,31.5500,0.1340,0.1490,1,0,1,0,0,0,0.0000,-2737565.9553,-3998713.0663,4130421.0336,18,-4.3314,24.0265,1.2206,-7.5235,-7.8883,23.2749,1.0194,-0.2490,-4.5762,-0.5026,0.7365,0.0000,0.0000,0.0000,0.0000,-0.4146,-0.4146,0.0000,-0.3220,0.0000,0.0000
238.2510,48.5390,0,14,cncr_PAN,3.6440,2.3370,0.0770,0.1130,1,0,1,0,0,0,0.0000,-2218428.7035,-3585080.6705,4771804.9137,11,3.4443,2.9479,-0.1997,0.6109,3.6861,3.0934,1.4760,0.6679,-1.2342,-0.5224,0.0345,0.0000,0.0000,0.0000,0.0000,0.3872,0.3872,0.0000,-0.4217,0.0000,0.0000
237.2030,45.4860,0,7,cobo_PAN,5.7530,6.1980,0.4820,0.4470,1,0,1,0,0,0,0.0000,-2418048.8508,-3752508.8438,4540492.1092,4,4.7329,6.0706,-1.0201,-0.1274,3.1855,5.7755,0.6112,-0.0201,-2.1586,-0.2750,-0.1685,0.0000,0.0000,0.0000,0.0000,0.1714,0.1714,0.0000,-0.0030,0.0000,0.0000
236.6950,44.5860,0,4,corv_PAN,4.3890,7.0270,0.0580,0.0650,1,0,1,0,0,0,0.0000,-2490082.6708,-3790067.7634,4469812.7593,8,5.0567,7.2130,0.6677,0.1860,3.5008,7.3469,0.6379,0.4424,-2.1938,-0.3085,-0.3783,0.0000,0.0000,0.0000,0.0000,0.4461,0.4461,0.0000,-0.0679,0.0000,0.0000
237.3140,48.2170,0,13,coup_PAN,5.0090,3.3380,0.1100,0.0780,1,0,1,0,0,0,0.0000,-2291205.1734,-3570837.7756,4748036.2146,12,5.0580,3.8012,0.0490,0.4632,3.3568,3.1081,0.5978,0.2404,-2.2990,-0.9335,-0.1064,0.0000,0.0000,0.0000,0.0000,0.1750,0.1750,0.0000,-0.0685,0.0000,0.0000
237.7430,46.8400,0,16,cpxf_PAN,4.7670,4.4140,0.0940,0.0760,1,0,1,0,0,0,0.0000,-2324647.6707,-3683346.3452,4644709.2880,15,4.5146,4.5018,-0.2524,0.0878,2.5843,3.7234,-0.0132,-0.4285,-1.9171,-0.3498,-0.0489,0.0000,0.0000,0.0000,0.0000,0.3379,0.3379,0.0000,-0.2889,0.0000,0.0000
237.7430,46.8400,0,16,cpxx_PAN,4.7770,4.3990,0.0890,0.0790,1,0,1,0,0,0,0.0000,-2324647.6707,-3683346.3452,4644709.2880,15,4.5146,4.5018,-0.2624,0.1028,2.5843,3.7234,-0.0132,-0.4285,-1.9171,-0.3498,-0.0489,0.0000,0.0000,0.0000,0.0000,0.3379,0.3379,0.0000,-0.2889,0.0000,0.0000
239.2490,35.7920,0,41,crbt_PAN,-26.3330,33.2500,0.0560,0.0610,1,0,1,0,0,0,0.0000,-2640867.3993,-4438722.7048,3723964.4991,41,-27.1854,33.6217,-0.8524,0.3717,-29.3050,33.4528,-2.1057,-0.1791,-0.0140,0.0103,-0.0204,0.0000,0.0000,0.0000,0.0000,0.2789,0.2789,0.0000,-0.2585,0.0000,0.0000
237.0870,46.2750,0,9,crok_PAN,4.2340,5.5450,0.0920,0.0820,1,0,1,0,0,0,0.0000,-2391438.0666,-3694761.9929,4601533.3586,6,5.1540,5.8970,0.9200,0.3520,2.6955,5.6415,0.4324,0.2745,-2.8909,-0.5300,-0.2583,0.0000,0.0000,0.0000,0.0000,0.2853,0.2853,0.0000,-0.0270,0.0000,0.0000
237.7640,47.3810,0,10,cski_PAN,4.3360,3.5080,0.0850,0.0820,1,0,1,0,0,0,0.0000,-2299800.9201,-3646938.1334,4685627.9666,7,4.4316,3.8884,0.0956,0.3804,1.9862,3.0787,-0.4697,-0.3414,-1.9757,-0.4684,-0.0490,0.0000,0.0000,0.0000,0.0000,0.2894,0.2894,0.0000,-0.2404,0.0000,0.0000
237.1060,42.3770,0,4,ctpt_PAN,-1.4680,7.3890,0.0950,0.0770,1,0,1,0,0,0,0.0000,-2554568.5849,-3949668.6743,4291695.2559,8,-1.8017,7.0390,-0.3337,-0.3500,-2.9493,6.4701,-0.1979,-0.5591,-0.9496,-0.0098,-0.1846,0.0000,0.0000,0.0000,0.0000,0.0583,0.0583,0.0000,0.1263,0.0000,0.0000
236.7800,47.4230,0,10,cush_PAN,7.0690,5.7330,0.1060,0.1030,1,0,1,0,0,0,0.0000,-2360208.9725,-3604031.0037,4688787.2198,7,7.0618,5.7000,-0.0072,-0.0330,1.9884,3.8318,-0.3808,-0.6855,-4.6926,-1.1827,-0.9788,0.0000,0.0000,0.0000,0.0000,-0.2236,-0.2236,0.0000,1.2024,0.0000,0.0000
237.5040,45.6110,0,7,cvo1_PAN,4.1220,5.3790,0.0820,0.0790,1,0,1,0,0,0,0.0000,-2392974.4784,-3756796.2737,4550220.4743,4,4.5082,5.5713,0.3862,0.1923,3.4827,5.2968,0.7663,-0.0653,-1.7918,-0.2093,-0.0879,0.0000,0.0000,0.0000,0.0000,0.0965,0.0965,0.0000,-0.0086,0.0000,0.0000
236.7560,43.1190,0,4,ddsn_PAN,0.4250,7.3360,0.0610,0.0590,1,0,1,0,0,0,0.0000,-2547963.8644,-3887178.4472,4352249.4559,8,0.5105,7.5595,0.0855,0.2235,-0.7996,7.2168,0.1158,-0.2848,-1.4259,-0.0579,-0.2865,0.0000,0.0000,0.0000,0.0000,0.1955,0.1955,0.0000,0.0910,0.0000,0.0000
237.3270,45.5070,0,7,dea3_PAN,4.6810,6.0400,0.2290,0.2020,1,0,1,0,0,0,0.0000,-2409023.4261,-3756332.1141,4542127.9862,4,4.5845,5.8362,-0.0965,-0.2038,3.2407,5.5783,0.6284,-0.0208,-1.9722,-0.2371,-0.1288,0.0000,0.0000,0.0000,0.0000,0.1374,0.1374,0.0000,-0.0086,0.0000,0.0000
236.0740,47.4690,0,8,deej_PAN,10.2300,7.5670,0.1380,0.1240,1,0,1,0,0,0,0.0000,-2402335.8636,-3571550.8895,4692244.4633,5,11.2691,6.8469,1.0391,-0.7201,3.1865,2.7327,0.7563,-0.7736,-8.8390,-3.3407,-2.2965,0.0000,0.0000,0.0000,0.0000,2.5509,2.5509,0.0000,-0.2543,0.0000,0.0000
264.1340,50.2590,0,14,dubo_PAN,0.0280,-1.4370,0.0580,0.0680,1,0,1,0,0,0,0.0000,-416047.3130,-4049507.1184,4896197.3197,13,-0.0515,-0.7034,-0.0795,0.7336,-0.0799,-0.7351,0.0011,-0.0206,-0.0296,-0.0111,0.0053,0.0000,0.0000,0.0000,0.0000,0.0123,0.0123,0.0000,-0.0176,0.0000,0.0000
232.8770,49.8730,0,8,eliz_PAN,8.1060,5.8710,0.0800,0.0680,1,0,1,0,0,0,0.0000,-2476708.1558,-3272064.2370,4868661.3973,5,7.7373,6.4986,-0.3687,0.6276,2.6393,2.4699,1.9304,0.0473,-7.0284,-4.0760,0.2297,0.0000,0.0000,0.0000,0.0000,0.2158,0.2158,0.0000,-0.4456,0.0000,0.0000
237.2390,47.4980,0,10,elsr_PAN,5.7630,4.2470,0.1640,0.1200,1,0,1,0,0,0,0.0000,-2327938.1562,-3617658.5000,4694422.4757,7,5.4897,4.4244,-0.2733,0.1774,2.0919,3.4806,-0.4523,-0.1965,-2.9454,-0.7473,-0.2472,0.0000,0.0000,0.0000,0.0000,-0.3454,-0.3454,0.0000,0.5926,0.0000,0.0000
238.0440,47.2060,0,16,enum_PAN,4.0290,4.9130,0.1310,0.3100,1,0,1,0,0,0,0.0000,-2289515.1546,-3670259.0127,4672437.3295,15,4.1439,3.6444,0.1149,-1.2686,2.9469,3.5173,0.4560,0.2329,-1.6530,-0.3599,-0.0099,0.0000,0.0000,0.0000,0.0000,0.1859,0.1859,0.0000,-0.1760,0.0000,0.0000
237.4310,47.8030,0,8,esm1_PAN,5.2540,3.6870,0.2950,0.2440,1,0,1,0,0,0,0.0000,-2302317.1942,-3604328.0679,4717256.2129,5,5.1314,3.8343,-0.1226,0.1473,3.1751,2.8417,0.4547,-0.2380,-2.4110,-0.7546,-0.1216,0.0000,0.0000,0.0000,0.0000,0.2472,0.2472,0.0000,-0.1256,0.0000,0.0000
258.0220,54.7260,0,14,flin_PAN,0.1830,-1.6210,0.0550,0.0820,1,0,1,0,0,0,0.0000,-763134.6794,-3597057.3115,5198380.0958,13,0.1948,-0.5300,0.0118,1.0910,0.1517,-0.5855,-0.0065,-0.0343,-0.0366,-0.0211,0.0063,0.0000,0.0000,0.0000,0.0000,0.0195,0.0195,0.0000,-0.0258,0.0000,0.0000
236.0440,46.2050,0,15,fts1_PAN,10.5320,8.6500,0.2330,0.2650,1,0,1,0,0,0,0.0000,-2461435.0518,-3655279.4093,4596152.8899,14,9.7444,8.8722,-0.7876,0.2222,1.5482,6.4683,-0.0386,0.4192,-8.1575,-2.8231,-2.0285,0.0000,0.0000,0.0000,0.0000,1.9717,1.9717,0.0000,0.0568,0.0000,0.0000
240.6440,40.4170,0,12,garc_PAN,-4.4580,3.4100,0.2420,0.4480,1,0,1,0,0,0,0.0000,-2376573.0201,-4225321.3334,4128306.1625,10,-4.9866,3.1526,-0.5286,-0.2574,-5.1105,2.7760,0.0263,-0.4050,-0.1502,0.0284,-0.0149,0.0000,0.0000,0.0000,0.0000,-0.0222,-0.0222,0.0000,0.0371,0.0000,0.0000
240.6450,40.4170,0,12,garl_PAN,-4.6620,3.3260,0.0540,0.0620,1,0,1,0,0,0,0.0000,-2376499.2740,-4225362.8117,4128306.1625,10,-4.9863,3.1515,-0.3243,-0.1745,-5.1104,2.7752,0.0260,-0.4047,-0.1502,0.0284,-0.0149,0.0000,0.0000,0.0000,0.0000,-0.0222,-0.0222,0.0000,0.0371,0.0000,0.0000
233.8730,49.6810,0,8,gldr_PAN,7.2910,4.3940,0.0960,0.1280,1,0,1,0,0,0,0.0000,-2429062.3275,-3327780.7226,4854882.4016,5,6.8909,5.8181,-0.4001,1.4241,2.7079,2.5526,1.0128,0.2035,-5.1958,-3.4690,-2.0995,0.0000,0.0000,0.0000,0.0000,2.3996,2.3996,0.0000,-0.3000,0.0000,0.0000
238.7110,46.0200,0,16,glnw_PAN,2.9790,3.1060,0.4970,0.4100,1,0,1,0,0,0,0.0000,-2296380.1240,-3778515.7765,4581900.0769,15,2.6325,3.3577,-0.3465,0.2517,1.8441,3.0602,0.2366,-0.1742,-1.0250,-0.1233,0.0136,0.0000,0.0000,0.0000,0.0000,0.1952,0.1952,0.0000,-0.2088,0.0000,0.0000
238.7110,46.0200,0,16,glwd_PAN,2.6400,3.2250,0.1410,0.2350,1,0,1,0,0,0,0.0000,-2296380.1240,-3778515.7765,4581900.0769,15,2.6325,3.3577,-0.0075,0.1327,1.8441,3.0602,0.2366,-0.1742,-1.0250,-0.1233,0.0136,0.0000,0.0000,0.0000,0.0000,0.1952,0.1952,0.0000,-0.2088,0.0000,0.0000
239.1850,45.8390,0,6,gobs_PAN,2.1510,2.6060,0.1100,0.0620,1,0,1,0,0,0,0.0000,-2272446.2344,-3809795.9399,4567909.2011,3,1.7394,2.8790,-0.4116,0.2730,0.7111,2.7534,-0.2126,-0.0389,-0.8157,-0.0867,0.0189,0.0000,0.0000,0.0000,0.0000,0.0221,0.0221,0.0000,-0.0410,0.0000,0.0000
283.1730,39.0220,0,14,gode_PAN,0.1850,-0.3240,0.0670,0.0750,1,0,1,0,0,0,0.0000,1127358.0511,-4816724.2945,4009062.5284,13,-0.7010,-1.1437,-0.8860,-0.8197,-0.7114,-1.1403,-0.0021,0.0050,-0.0083,-0.0017,0.0014,0.0000,0.0000,0.0000,0.0000,0.0124,0.0124,0.0000,-0.0139,0.0000,0.0000
243.1110,35.4250,0,37,gold_PAN,-4.4680,6.8720,0.1130,0.0740,1,0,1,0,0,0,0.0000,-2346646.5376,-4627694.7709,3690805.1420,37,-5.6566,5.9185,-1.1886,-0.9535,-3.4575,-0.3326,2.2210,-6.2593,-0.0219,0.0082,-0.0110,0.0000,0.0000,0.0000,0.0000,0.3689,0.3689,0.0000,-0.3579,0.0000,0.0000
239.5840,36.3990,0,1,gr8r_PAN,-9.1050,11.6990,0.1910,0.1450,1,0,1,0,0,0,0.0000,-2594749.8183,-4419815.6804,3778472.4682,1,-10.2549,9.1587,-1.1499,-2.5403,-9.9637,7.7567,0.3126,-1.4155,-0.0214,0.0135,-0.0209,0.0000,0.0000,0.0000,0.0000,-0.0869,-0.0869,0.0000,0.1079,0.0000,0.0000
239.5840,36.3990,0,1,gr8v_PAN,-10.9140,6.8450,0.3930,0.5540,1,0,1,0,0,0,0.0000,-2594749.8183,-4419815.6804,3778472.4682,1,-10.2549,9.1587,0.6591,2.3137,-9.9637,7.7567,0.3126,-1.4155,-0.0214,0.0135,-0.0209,0.0000,0.0000,0.0000,0.0000,-0.0869,-0.0869,0.0000,0.1079,0.0000,0.0000
236.9770,46.7950,0,9,grmd_PAN,5.4280,6.1880,0.0980,0.1070,1,0,1,0,0,0,0.0000,-2375669.2424,-3654996.8721,4641286.9958,6,5.8845,5.7961,0.4565,-0.3919,2.7850,5.6595,0.3827,0.5162,-3.4823,-0.6528,-0.4089,0.0000,0.0000,0.0000,0.0000,0.4793,0.4793,0.0000,-0.0704,0.0000,0.0000
237.8730,48.1950,0,13,grp4_PAN,3.6400,3.0280,0.2720,0.2370,1,0,1,0,0,0,0.0000,-2257227.5546,-3594565.0449,4746406.7848,12,4.3746,3.3215,0.7346,0.2935,3.3557,2.7062,0.6247,0.0040,-1.6436,-0.6193,-0.0020,0.0000,0.0000,0.0000,0.0000,0.0876,0.0876,0.0000,-0.0856,0.0000,0.0000
236.7030,42.4340,0,4,gtps_PAN,-1.1020,8.4910,0.0980,0.1340,1,0,1,0,0,0,0.0000,-2579940.6932,-3928032.5319,4296372.6456,8,-1.1722,7.9801,-0.0702,-0.5109,-2.8147,7.3299,-0.3182,-0.6512,-1.3243,0.0010,-0.3885,0.0000,0.0000,0.0000,0.0000,0.2477,0.2477,0.0000,0.1408,0.0000,0.0000
246.7590,43.2440,0,21,gtrg_PAN,-2.2620,-0.7430,0.0600,0.0530,1,0,1,0,0,0,0.0000,-1830278.3677,-4261933.9973,4362379.0712,20,-2.2832,-0.3915,-0.0212,0.3515,-2.9535,-0.5935,-0.5578,-0.2000,-0.1125,-0.0020,0.0080,0.0000,0.0000,0.0000,0.0000,-0.0854,-0.0854,0.0000,0.0774,0.0000,0.0000
238.6720,45.7830,0,6,gwen_PAN,2.9160,3.3280,0.3310,0.3080,1,0,1,0,0,0,0.0000,-2308786.0584,-3793108.9439,4563571.2921,3,2.0897,3.5769,-0.8263,0.2489,0.6307,3.1500,-0.4656,-0.3238,-0.9935,-0.1031,0.0078,0.0000,0.0000,0.0000,0.0000,0.0372,0.0372,0.0000,-0.0450,0.0000,0.0000
238.2120,47.2910,0,16,hahd_PAN,4.0930,3.4660,0.2150,0.1120,1,0,1,0,0,0,0.0000,-2275089.5945,-3671060.4242,4678849.6621,15,3.9073,3.3632,-0.1857,-0.1028,3.0354,3.4022,0.6370,0.3848,-1.5089,-0.3457,0.0063,0.0000,0.0000,0.0000,0.0000,0.2950,0.2950,0.0000,-0.3013,0.0000,0.0000
238.5300,40.8160,0,4,hcro_PAN,-6.1970,5.3040,0.0730,0.0620,1,0,1,0,0,0,0.0000,-2515749.0363,-4110158.4183,4161965.4041,8,-7.0343,5.2995,-0.8373,-0.0045,-7.4493,3.4300,-0.0548,-1.9341,-0.3602,0.0647,-0.0293,0.0000,0.0000,0.0000,0.0000,0.8485,0.8485,0.0000,-0.8191,0.0000,0.0000
236.8910,44.3780,0,4,hlsy_PAN,3.6870,6.6130,0.1090,0.1220,1,0,1,0,0,0,0.0000,-2485950.1128,-3812130.7108,4453320.4401,8,3.8575,6.9997,0.1705,0.3867,2.9074,6.9288,0.5984,0.1068,-1.5484,-0.1776,-0.1746,0.0000,0.0000,0.0000,0.0000,0.1791,0.1791,0.0000,-0.0044,0.0000,0.0000
239.5210,35.8670,0,41,hogs_PAN,-23.6070,30.1470,0.0880,0.1090,1,0,1,0,0,0,0.0000,-2617291.0114,-4447004.7521,3730722.1764,41,-27.4163,33.6014,-3.8093,3.4544,-28.9832,32.8584,-1.5510,-0.7537,-0.0158,0.0107,-0.0198,0.0000,0.0000,0.0000,0.0000,0.0106,0.0106,0.0000,0.0092,0.0000,0.0000
231.8650,50.6400,0,14,holb_PAN,1.5020,2.6680,0.0840,0.0780,1,0,1,0,0,0,0.0000,-2493639.8147,-3176258.9511,4923158.6417,11,1.0900,4.7157,-0.4120,2.0477,2.0525,0.4083,1.1132,-4.4217,-0.1507,0.1143,-0.2845,0.0000,0.0000,0.0000,0.0000,1.0683,1.0683,0.0000,-0.7838,0.0000,0.0000
242.2390,70.7360,0,47,holm_PAN,0.7030,-1.7300,0.0700,0.0950,1,0,1,0,0,0,0.0000,-978499.2906,-1858955.0400,6010921.4567,47,1.2427,-2.9641,0.5397,-1.2341,1.2166,-3.3042,-0.0220,-0.3349,-0.0041,-0.0052,-0.0025,0.0000,0.0000,0.0000,0.0000,0.0089,0.0089,0.0000,-0.0064,0.0000,0.0000
238.1510,44.1200,0,11,husb_PAN,-0.1570,7.3590,0.1340,0.1470,1,0,1,0,0,0,0.0000,-2412079.9187,-3882868.1159,4432782.0973,9,1.2323,4.2975,1.3893,-3.0615,0.8480,4.0189,0.3401,-0.2431,-0.7244,-0.0354,-0.0472,0.0000,0.0000,0.0000,0.0000,0.1377,0.1377,0.0000,-0.0905,0.0000,0.0000
226.4730,68.3060,0,14,invk_PAN,1.7690,-1.5450,0.0820,0.1000,1,0,1,0,0,0,0.0000,-1621000.0043,-1706566.2589,5916446.7421,13,0.8892,0.6047,-0.8798,2.1497,0.7684,0.2525,-0.1187,-0.3494,-0.0020,-0.0028,-0.0047,0.0000,0.0000,0.0000,0.0000,0.0207,0.0207,0.0000,-0.0160,0.0000,0.0000
235.9610,46.3060,0,15,iwac_PAN,10.6510,9.1430,0.3690,0.3450,1,0,1,0,0,0,0.0000,-2462188.5979,-3644990.4209,4603913.9437,14,10.3905,8.9952,-0.2605,-0.1478,1.4377,6.4109,-0.0443,0.4782,-8.9084,-3.0625,-2.0457,0.0000,0.0000,0.0000,0.0000,2.0027,2.0027,0.0000,0.0430,0.0000,0.0000
237.0090,45.5230,0,7,jime_PAN,4.9940,7.1650,0.1230,0.1380,1,0,1,0,0,0,0.0000,-2429143.6622,-3741839.8680,4543373.9591,4,5.0965,6.4424,0.1025,-0.7226,3.2530,6.0841,0.7394,0.0173,-2.5829,-0.3757,-0.2637,0.0000,0.0000,0.0000,0.0000,0.2215,0.2215,0.0000,0.0423,0.0000,0.0000
240.9150,37.7720,0,1,jnpr_PAN,-9.2390,10.0010,0.4140,0.4580,1,0,1,0,0,0,0.0000,-2446659.5950,-4398489.1116,3900192.5366,1,-8.2609,8.6041,0.9781,-1.3969,-10.0799,8.0728,-1.7701,-0.5512,-0.0489,0.0199,-0.0175,0.0000,0.0000,0.0000,0.0000,-1.2692,-1.2692,0.0000,1.2867,0.0000,0.0000
237.5630,48.5620,0,14,jobo_PAN,4.6210,2.7460,0.1500,0.1170,1,0,1,0,0,0,0.0000,-2260289.2841,-3556567.3016,4773496.9197,11,4.5556,3.4507,-0.0654,0.7047,3.6434,2.8054,0.7951,0.1420,-1.7073,-0.7873,-0.0162,0.0000,0.0000,0.0000,0.0000,0.1325,0.1325,0.0000,-0.1163,0.0000,0.0000
237.1040,46.1180,0,9,kels_PAN,4.9740,5.9320,0.2600,0.2330,1,0,1,0,0,0,0.0000,-2397180.8519,-3706044.7166,4589456.1751,6,5.0710,5.9464,0.0970,0.0144,2.6673,5.6387,0.3748,0.1708,-2.7786,-0.4785,-0.2441,0.0000,0.0000,0.0000,0.0000,0.2656,0.2656,0.0000,-0.0215,0.0000,0.0000
238.2160,42.2240,0,3,kfrc_PAN,-2.4310,5.4280,0.1070,0.1070,1,0,1,0,0,0,0.0000,-2483603.9889,-4008141.9427,4279119.1681,2,-3.0299,5.6160,-0.5989,0.1880,-3.8683,5.5184,-0.3447,-0.0901,-0.4937,-0.0075,-0.0499,0.0000,0.0000,0.0000,0.0000,-0.0201,-0.0201,0.0000,0.0699,0.0000,0.0000
200.3350,22.1260,0,30,kokb_PAN,-58.0670,54.9320,0.1320,0.1030,1,0,1,0,0,0,0.0000,-5530916.8641,-2049790.1010,2398264.0900,30,-58.1629,52.8269,-0.0959,-2.1051,-58.3262,53.0031,-0.1707,0.1725,0.0074,0.0037,0.0016,0.0000,0.0000,0.0000,0.0000,-0.0204,-0.0204,0.0000,0.0188,0.0000,0.0000
237.6790,47.8030,0,8,krmt_PAN,4.2840,3.5270,0.2160,0.2020,1,0,1,0,0,0,0.0000,-2286694.6425,-3614259.6608,4717256.2129,5,4.6766,3.5929,0.3926,0.0659,3.1842,2.8614,0.5311,-0.1078,-2.0235,-0.6236,-0.0526,0.0000,0.0000,0.0000,0.0000,0.2094,0.2094,0.0000,-0.1569,0.0000,0.0000
237.2050,47.5470,0,10,ktbw_PAN,5.5880,4.3890,0.0650,0.1010,1,0,1,0,0,0,0.0000,-2327909.1421,-3612900.2826,4698099.8324,7,5.6957,4.4136,0.1077,0.0246,2.1440,3.5067,-0.5272,-0.1093,-3.0245,-0.7976,-0.2685,0.0000,0.0000,0.0000,0.0000,-0.5427,-0.5427,0.0000,0.8111,0.0000,0.0000
239.5270,35.9000,0,41,land_PAN,-23.3830,30.0380,0.0960,0.1210,1,0,1,0,0,0,0.0000,-2615735.1775,-4445426.1400,3733693.5300,41,-27.8573,33.9450,-4.4743,3.9070,-28.8800,32.8453,-1.0066,-1.1106,-0.0161,0.0109,-0.0199,0.0000,0.0000,0.0000,0.0000,0.0242,0.0242,0.0000,-0.0043,0.0000,0.0000
236.8930,44.6340,0,4,lcso_PAN,4.2290,6.8630,0.0910,0.0850,1,0,1,0,0,0,0.0000,-2474924.0970,-3795512.2009,4473610.3215,8,4.4287,7.2073,0.1997,0.3443,3.6590,6.9246,1.1173,-0.0843,-1.8871,-0.1984,-0.2572,0.0000,0.0000,0.0000,0.0000,0.1084,0.1084,0.0000,0.1488,0.0000,0.0000
235.8920,43.9840,0,4,lflo_PAN,5.5480,9.3000,0.1150,0.1490,1,0,1,0,0,0,0.0000,-2569148.4788,-3793475.4073,4421919.4803,8,5.6624,10.2947,0.1144,0.9947,1.6542,9.0589,0.3063,0.5508,-4.3146,-1.7866,-1.2625,0.0000,0.0000,0.0000,0.0000,1.3023,1.3023,0.0000,-0.0398,0.0000,0.0000
239.4610,47.0000,0,13,linh_PAN,2.2670,1.7720,0.0540,0.0580,1,0,1,0,0,0,0.0000,-2206575.7858,-3740198.3287,4656854.2198,12,2.6061,1.8441,0.3391,0.0721,2.1871,1.5631,0.4323,-0.1082,-0.8512,-0.1728,0.0404,0.0000,0.0000,0.0000,0.0000,0.1470,0.1470,0.0000,-0.1874,0.0000,0.0000
238.1690,47.9440,0,13,lkcp_PAN,3.9110,2.7590,0.0660,0.0660,1,0,1,0,0,0,0.0000,-2249572.3723,-3623809.4393,4727766.9941,12,3.9787,2.9613,0.0677,0.2023,3.1112,2.4932,0.6112,0.0127,-1.4787,-0.4808,0.0155,0.0000,0.0000,0.0000,0.0000,0.1285,0.1285,0.0000,-0.1440,0.0000,0.0000
237.2420,47.2190,0,16,lngb_PAN,5.7810,4.9130,0.1470,0.0750,1,0,1,0,0,0,0.0000,-2340090.0918,-3636961.2901,4673418.7056,15,5.5716,4.6364,-0.2094,-0.2766,2.9204,4.0663,0.2645,0.0374,-2.9157,-0.6076,-0.2396,0.0000,0.0000,0.0000,0.0000,0.4880,0.4880,0.0000,-0.2484,0.0000,0.0000
239.4060,35.8290,0,41,lows_PAN,-25.2540,32.2450,0.0640,0.0670,1,0,1,0,0,0,0.0000,-2627470.1689,-4443871.4547,3727299.0848,41,-26.8135,33.2419,-1.5595,0.9969,-29.1384,33.1098,-2.3099,-0.1426,-0.0150,0.0105,-0.0201,0.0000,0.0000,0.0000,0.0000,0.1257,0.1257,0.0000,-0.1056,0.0000,0.0000
236.9100,44.0510,0,4,lpsb_PAN,2.6850,6.6510,0.0960,0.1120,1,0,1,0,0,0,0.0000,-2498521.3551,-3834186.6318,4427274.0340,8,2.7688,7.0480,0.0838,0.3970,1.9492,6.8883,0.4659,0.0472,-1.2855,-0.2069,-0.1170,0.0000,0.0000,0.0000,0.0000,0.0966,0.0966,0.0000,0.0204,0.0000,0.0000
238.3100,47.6950,0,13,lsig_PAN,3.9770,3.8500,0.0860,0.1010,1,0,1,0,0,0,0.0000,-2251419.9182,-3646783.0078,4709186.0770,12,3.8582,2.8668,-0.1188,-0.9832,2.8632,2.3918,0.4203,-0.0726,-1.4153,-0.4024,0.0195,0.0000,0.0000,0.0000,0.0000,0.1319,0.1319,0.0000,-0.1515,0.0000,0.0000
235.9460,46.2780,0,15,lwck_PAN,10.6030,10.3510,0.2700,0.2770,1,0,1,0,0,0,0.0000,-2464402.3593,-3646209.3237,4601763.7967,14,10.5247,9.1051,-0.0783,-1.2459,1.4653,6.4006,-0.0160,0.4408,-9.0434,-3.1453,-2.0127,0.0000,0.0000,0.0000,0.0000,1.9760,1.9760,0.0000,0.0366,0.0000,0.0000
239.5570,35.8330,0,41,masw_PAN,-23.3400,29.4090,0.0830,0.1140,1,0,1,0,0,0,0.0000,-2615617.6172,-4450556.2223,3727659.4874,41,-26.9709,33.4425,-3.6309,4.0335,-29.0753,32.7797,-2.0887,-0.6734,-0.0157,0.0106,-0.0197,0.0000,0.0000,0.0000,0.0000,-0.0670,-0.0670,0.0000,0.0866,0.0000,0.0000
203.7430,20.7070,0,30,maui_PAN,-57.4190,54.3820,0.1230,0.1030,1,0,1,0,0,0,0.0000,-5451991.6952,-2398138.7560,2251459.1987,30,-57.7347,52.4969,-0.3157,-1.8851,-57.8957,52.6611,-0.1684,0.1601,0.0073,0.0041,0.0015,0.0000,0.0000,0.0000,0.0000,-0.0180,-0.0180,0.0000,0.0165,0.0000,0.0000
237.0440,44.9740,0,15,mcso_PAN,4.3290,6.4890,0.1020,0.1240,1,0,1,0,0,0,0.0000,-2450427.9304,-3779679.5009,4500419.6793,14,4.3422,6.7247,0.0132,0.2357,2.8966,7.1588,0.5833,0.6598,-2.0289,-0.2256,-0.2306,0.0000,0.0000,0.0000,0.0000,0.1204,0.1204,0.0000,0.1101,0.0000,0.0000
238.7780,42.4180,0,3,mdmt_PAN,-2.2950,4.6090,0.0900,0.0820,1,0,1,0,0,0,0.0000,-2436645.9181,-4019896.3506,4295060.1232,2,-2.7673,4.7281,-0.4723,0.1191,-3.3967,4.6039,-0.2253,-0.1225,-0.4041,-0.0016,-0.0348,0.0000,0.0000,0.0000,0.0000,-0.0422,-0.0422,0.0000,0.0771,0.0000,0.0000
255.9850,30.6810,0,14,mdo1_PAN,-0.2700,-0.5450,0.0820,0.1300,1,0,1,0,0,0,0.0000,-1326189.0615,-5313127.7162,3249037.9969,13,-0.9878,-0.4797,-0.7178,0.0653,-0.7772,-0.5341,0.2214,-0.0564,-0.0108,0.0020,-0.0013,0.0000,0.0000,0.0000,0.0000,0.0108,0.0108,0.0000,-0.0095,0.0000,0.0000
235.4110,48.3710,0,8,mkah_PAN,10.8280,7.3710,0.1080,0.1190,1,0,1,0,0,0,0.0000,-2401266.7682,-3482264.4637,4759422.6093,5,11.1659,7.4672,0.3379,0.0962,3.0000,2.6789,0.5228,-0.0552,-8.6887,-4.7331,-2.0537,0.0000,0.0000,0.0000,0.0000,2.1571,2.1571,0.0000,-0.1035,0.0000,0.0000
204.5440,19.8010,0,30,mkea_PAN,-58.0620,55.1490,0.1120,0.0920,1,0,1,0,0,0,0.0000,-5449639.8819,-2488599.9433,2156999.5229,30,-57.9497,52.3962,0.1123,-2.7528,-58.1091,52.5537,-0.1664,0.1533,0.0070,0.0041,0.0014,0.0000,0.0000,0.0000,0.0000,-0.0167,-0.0167,0.0000,0.0153,0.0000,0.0000
239.6970,41.9020,0,6,modb_PAN,-3.4860,3.8910,0.0690,0.0620,1,0,1,0,0,0,0.0000,-2391278.6921,-4091691.1996,4252552.2696,3,-3.7192,3.0448,-0.2332,-0.8462,-3.5914,2.3574,0.4076,-0.7012,-0.2799,0.0138,-0.0194,0.0000,0.0000,0.0000,0.0000,-0.3590,-0.3590,0.0000,0.3784,0.0000,0.0000
236.3960,46.9830,0,9,mont_PAN,8.3120,7.1030,0.1290,0.1160,1,0,1,0,0,0,0.0000,-2404167.9601,-3618015.6650,4655565.5434,6,8.5631,6.7747,0.2511,-0.3283,2.7778,5.7541,0.4887,0.6663,-6.2739,-1.6869,-2.1059,0.0000,0.0000,0.0000,0.0000,2.1924,2.1924,0.0000,-0.0865,0.0000,0.0000
240.6910,37.1700,0,1,musb_PAN,-9.6120,9.3940,0.0540,0.1010,1,0,1,0,0,0,0.0000,-2483760.4962,-4424380.5610,3847095.2563,1,-9.8282,8.7210,-0.2162,-0.6730,-10.0009,8.0199,-0.1359,-0.7181,-0.0368,0.0170,-0.0181,0.0000,0.0000,0.0000,0.0000,-0.1050,-0.1050,0.0000,0.1231,0.0000,0.0000
235.9140,49.2950,0,14,nano_PAN,6.6360,4.2570,0.1230,0.0640,1,0,1,0,0,0,0.0000,-2327281.3994,-3439190.1205,4827016.0622,11,4.9023,3.9739,-1.7337,-0.2831,3.0726,2.1135,0.5896,-0.0530,-2.4193,-1.8074,-0.2719,0.0000,0.0000,0.0000,0.0000,0.4231,0.4231,0.0000,-0.1512,0.0000,0.0000
235.3750,48.2980,0,8,neah_PAN,11.3420,7.7940,0.0870,0.0960,1,0,1,0,0,0,0.0000,-2406897.8585,-3485742.1316,4754029.4438,5,12.1604,7.7228,0.8184,-0.0712,3.0120,2.6759,0.5259,-0.0767,-9.6743,-4.9702,-1.7886,0.0000,0.0000,0.0000,0.0000,1.8883,1.8883,0.0000,-0.0997,0.0000,0.0000
235.9380,44.5850,0,4,newp_PAN,7.6260,9.5370,0.3080,0.2330,1,0,1,0,0,0,0.0000,-2539982.4908,-3756903.2278,4469733.6101,14,7.9025,9.7822,0.2765,0.2452,3.2034,6.3950,0.4353,-0.6383,-5.1344,-2.7489,-0.7907,0.0000,0.0000,0.0000,0.0000,0.8703,0.8703,0.0000,-0.0796,0.0000,0.0000
238.2030,47.4950,0,13,nint_PAN,3.4950,3.1510,0.1770,0.1350,1,0,1,0,0,0,0.0000,-2266874.0408,-3656521.0250,4694197.2198,12,3.8908,3.1884,0.3958,0.0374,2.6570,2.4688,0.2818,-0.3323,-1.5156,-0.3874,0.0084,0.0000,0.0000,0.0000,0.0000,0.1908,0.1908,0.0000,-0.1992,0.0000,0.0000
284.3760,45.4540,0,14,nrc1_PAN,-0.0130,-1.1650,0.0780,0.0920,1,0,1,0,0,0,0.0000,1108997.3208,-4326782.7538,4537998.1715,13,-0.4870,-1.1566,-0.4740,0.0084,-0.5080,-1.1622,-0.0115,-0.0024,-0.0095,-0.0031,0.0018,0.0000,0.0000,0.0000,0.0000,0.0121,0.0121,0.0000,-0.0139,0.0000,0.0000
233.3830,49.5920,0,8,ntka_PAN,9.3160,6.9750,0.0610,0.0640,1,0,1,0,0,0,0.0000,-2461927.8487,-3312934.6249,4848476.7608,5,9.3568,6.1291,0.0408,-0.8459,2.7078,2.5120,1.2575,0.1014,-7.9066,-3.7184,-0.7627,0.0000,0.0000,0.0000,0.0000,1.0796,1.0796,0.0000,-0.3169,0.0000,0.0000
237.0240,45.3000,0,7,nwbg_PAN,4.7610,6.4290,0.0990,0.0930,1,0,1,0,0,0,0.0000,-2437770.2968,-3757281.7120,4525976.3122,4,4.6901,6.6457,-0.0709,0.2167,2.7609,6.0602,0.4323,-0.2673,-2.3615,-0.3182,-0.2490,0.0000,0.0000,0.0000,0.0000,0.3630,0.3630,0.0000,-0.1139,0.0000,0.0000
237.5550,43.7380,0,4,oakr_PAN,1.4880,5.4700,0.1040,0.0940,1,0,1,0,0,0,0.0000,-2468139.7440,-3882422.6006,4402207.6752,8,1.0202,5.6492,-0.4678,0.1792,1.0787,5.5119,0.8945,-0.0599,-0.8361,-0.0775,-0.0837,0.0000,0.0000,0.0000,0.0000,0.3895,0.3895,0.0000,-0.3058,0.0000,0.0000
236.9020,44.0660,0,4,obec_PAN,2.4770,6.6060,0.1010,0.1020,1,0,1,0,0,0,0.0000,-2498423.6688,-3832866.6173,4428471.9855,8,2.8241,7.0604,0.3471,0.4544,1.9926,6.9054,0.4665,0.0531,-1.2979,-0.2081,-0.1177,0.0000,0.0000,0.0000,0.0000,0.0981,0.0981,0.0000,0.0196,0.0000,0.0000
235.8400,46.9520,0,15,ocen_PAN,13.2820,11.9900,0.0870,0.0830,1,0,1,0,0,0,0.0000,-2440577.5686,-3596599.3596,4653214.5491,14,12.9251,8.8812,-0.3569,-3.1088,0.7640,6.3272,-1.3100,1.3505,-10.8511,-3.9045,-1.1204,0.0000,0.0000,0.0000,0.0000,0.9957,0.9957,0.0000,0.1248,0.0000,0.0000
236.9990,44.8970,0,15,odot_PAN,4.5870,6.3870,0.1070,0.1070,1,0,1,0,0,0,0.0000,-2456687.6473,-3782822.6918,4494361.9956,14,4.6018,6.8011,0.0148,0.4141,2.9715,7.1278,0.4011,0.5494,-2.0314,-0.2227,-0.2490,0.0000,0.0000,0.0000,0.0000,0.0222,0.0222,0.0000,0.2268,0.0000,0.0000
237.0920,46.9610,0,9,olar_PAN,5.5640,5.1730,0.1230,0.1250,1,0,1,0,0,0,0.0000,-2361012.8659,-3648453.1275,4653897.2362,6,6.0927,5.6445,0.5287,0.4715,2.8243,5.6407,-0.0551,0.5959,-3.2134,-0.5998,-0.3174,0.0000,0.0000,0.0000,0.0000,-0.3828,-0.3828,0.0000,0.7002,0.0000,0.0000
237.1050,47.0450,0,16,olmp_PAN,6.5350,5.5510,0.1050,0.1000,1,0,1,0,0,0,0.0000,-2356476.8994,-3643255.7866,4660263.4429,15,6.0659,5.3845,-0.4691,-0.1665,2.7475,4.1600,-0.0931,-0.6096,-3.2253,-0.6149,-0.3237,0.0000,0.0000,0.0000,0.0000,1.0647,1.0647,0.0000,-0.7410,0.0000,0.0000
235.9250,44.5150,0,4,onab_PAN,7.7650,9.7540,0.1240,0.0990,1,0,1,0,0,0,0.0000,-2543892.5123,-3760847.2382,4464189.7807,14,7.7496,9.8369,-0.0154,0.0829,3.2743,6.3860,0.4997,-0.7936,-4.9751,-2.6572,-0.7706,0.0000,0.0000,0.0000,0.0000,0.9288,0.9288,0.0000,-0.1582,0.0000,0.0000
237.6630,48.4180,0,14,otis_PAN,4.2980,3.2020,0.2170,0.1840,1,0,1,0,0,0,0.0000,-2260488.5671,-3570632.1300,4762890.8335,11,4.5056,3.4433,0.2076,0.2413,3.7486,2.8473,0.9582,0.1381,-1.7152,-0.7341,-0.0139,0.0000,0.0000,0.0000,0.0000,0.1119,0.1119,0.0000,-0.0981,0.0000,0.0000
237.7950,47.4750,0,10,oylr_PAN,4.2200,3.8520,0.1220,0.1340,1,0,1,0,0,0,0.0000,-2293727.3697,-3641672.4336,4692695.1852,7,4.3018,3.8072,0.0818,-0.0448,2.0902,3.0550,-0.2775,-0.2665,-1.9341,-0.4857,-0.0418,0.0000,0.0000,0.0000,0.0000,0.0401,0.0401,0.0000,0.0018,0.0000,0.0000
240.0640,41.2760,0,6,p017_PAN,-4.1730,3.8480,0.0640,0.0600,1,0,1,0,0,0,0.0000,-2388065.6736,-4146941.7462,4200519.9623,3,-4.3355,2.9939,-0.1625,-0.8541,-4.2677,2.0735,0.2894,-0.9443,-0.2217,0.0238,-0.0164,0.0000,0.0000,0.0000,0.0000,0.1051,0.1051,0.0000,-0.0886,0.0000,0.0000
241.4340,47.0020,0,14,p020_PAN,1.3690,0.7960,0.0410,0.0500,1,0,1,0,0,0,0.0000,-2076420.3421,-3813807.4133,4657005.8019,13,0.6367,0.2838,-0.7323,-0.5122,-0.0765,-0.1511,-0.2553,-0.3404,-0.4579,-0.0945,0.0384,0.0000,0.0000,0.0000,0.0000,0.0119,0.0119,0.0000,-0.0504,0.0000,0.0000
241.2700,48.6750,0,14,p021_PAN,1.7650,1.1830,0.0490,0.1050,1,0,1,0,0,0,0.0000,-2021083.7607,-3687000.6312,4781798.6406,13,0.5291,0.2229,-1.2359,-0.9601,-0.0077,-0.1467,-0.0851,-0.2023,-0.4517,-0.1673,0.0459,0.0000,0.0000,0.0000,0.0000,0.0003,0.0003,0.0000,-0.0462,0.0000,0.0000
241.9860,45.2320,0,12,p022_PAN,0.7860,1.2370,0.0910,0.1010,1,0,1,0,0,0,0.0000,-2106169.5183,-3958794.8624,4520657.5472,10,0.6297,0.8060,-0.1563,-0.4310,0.3864,1.6969,0.0862,0.9176,-0.3296,-0.0268,0.0195,0.0000,0.0000,0.0000,0.0000,0.3703,0.3703,0.0000,-0.3898,0.0000,0.0000
235.9250,40.8760,0,5,p058_PAN,2.6440,16.9470,0.1870,0.1490,1,0,1,0,0,0,0.0000,-2697513.2622,-3987957.5310,4167009.5264,18,1.5686,17.1304,-1.0754,0.1834,-4.4971,21.4406,2.3106,3.7312,-8.3763,0.5790,-0.2112,0.0000,0.0000,0.0000,0.0000,1.9815,1.9815,0.0000,-1.7703,0.0000,0.0000
236.2740,38.9280,0,30,p059_PAN,-25.1500,36.2810,0.0610,0.0780,1,0,1,0,0,0,0.0000,-2750272.5448,-4119808.4657,4000941.2139,30,-26.2373,33.9243,-1.0873,-2.3567,-28.6306,40.4627,-2.3615,6.4669,-0.0319,0.0715,-0.0778,0.0000,0.0000,0.0000,0.0000,1.2853,1.2853,0.0000,-1.2075,0.0000,0.0000
237.5850,40.9980,0,4,p060_PAN,-5.9110,6.5160,0.0800,0.0740,1,0,1,0,0,0,0.0000,-2576094.2881,-4056927.0383,4177251.8103,8,-5.8309,6.3578,0.0801,-0.1582,-6.9632,5.4479,-0.3203,-1.0150,-0.8120,0.1050,-0.0826,0.0000,0.0000,0.0000,0.0000,-0.0129,-0.0129,0.0000,0.0955,0.0000,0.0000
235.9860,42.9670,0,4,p061_PAN,1.7940,9.5020,0.1640,0.1360,1,0,1,0,0,0,0.0000,-2606421.8032,-3862143.2717,4339903.9383,8,1.9809,9.3697,0.1869,-0.1323,-1.3194,8.8585,0.0570,-0.4078,-3.3573,-0.1033,-0.7178,0.0000,0.0000,0.0000,0.0000,0.6430,0.6430,0.0000,0.0747,0.0000,0.0000
236.5120,47.9700,0,8,p064_PAN,7.2830,4.9880,0.1210,0.1460,1,0,1,0,0,0,0.0000,-2352234.0524,-3555455.6886,4729702.0277,5,7.8730,5.1194,0.5900,0.1314,3.1116,2.7680,0.4480,-0.2214,-5.2094,-2.1300,-1.2704,0.0000,0.0000,0.0000,0.0000,1.3683,1.3683,0.0000,-0.0979,0.0000,0.0000
239.0670,46.8440,0,16,p065_PAN,2.7530,2.3410,0.0640,0.0690,1,0,1,0,0,0,0.0000,-2238752.5657,-3735798.3565,4645013.3531,15,3.0915,2.5637,0.3385,0.2227,2.6433,2.8161,0.5359,0.4364,-0.9841,-0.1841,0.0341,0.0000,0.0000,0.0000,0.0000,-0.0234,-0.0234,0.0000,-0.0107,0.0000,0.0000
239.3070,38.8290,0,1,p140_PAN,-9.7130,7.9530,0.0680,0.0670,1,0,1,0,0,0,0.0000,-2531961.3140,-4265495.8764,3992376.2716,1,-10.2360,8.0103,-0.5230,0.0573,-10.3882,7.6904,-0.0621,-0.3620,-0.0900,0.0422,-0.0256,0.0000,0.0000,0.0000,0.0000,0.0543,0.0543,0.0000,-0.0287,0.0000,0.0000
240.3760,41.3580,0,6,p145_PAN,-4.0970,3.3710,0.0530,0.0680,1,0,1,0,0,0,0.0000,-2362474.4890,-4154654.1157,4207364.3686,3,-3.9965,2.7203,0.1005,-0.6507,-4.1709,1.8320,0.0337,-0.9095,-0.2081,0.0212,-0.0145,0.0000,0.0000,0.0000,0.0000,0.2184,0.2184,0.0000,-0.2039,0.0000,0.0000
239.4630,39.3370,0,1,p146_PAN,-9.1340,7.3710,0.0760,0.0780,1,0,1,0,0,0,0.0000,-2502254.1137,-4241718.4293,4036198.7784,1,-9.7309,7.7025,-0.5969,0.3315,-10.4566,7.7278,-0.6056,-0.0210,-0.1202,0.0463,-0.0237,0.0000,0.0000,0.0000,0.0000,-0.0253,-0.0253,0.0000,0.0490,0.0000,0.0000
239.1940,40.4190,0,2,p148_PAN,-6.6740,6.3070,0.0850,0.1140,1,0,1,0,0,0,0.0000,-2482658.1621,-4163706.3945,4128475.3811,0,-6.5918,6.0721,0.0822,-0.2349,-6.7136,7.2505,0.1042,1.1254,-0.2260,0.0530,-0.0228,0.0000,0.0000,0.0000,0.0000,0.2260,0.2260,0.0000,-0.2032,0.0000,0.0000
236.6400,41.8070,0,4,p154_PAN,-1.7390,8.5470,0.0750,0.0860,1,0,1,0,0,0,0.0000,-2609957.0416,-3964226.9271,4244688.5130,8,-2.4453,8.4519,-0.7063,-0.0951,-4.6600,7.4642,-0.6642,-1.0127,-1.5505,0.0251,-0.3195,0.0000,0.0000,0.0000,0.0000,0.2103,0.2103,0.0000,0.1092,0.0000,0.0000
236.8110,41.2720,0,4,p155_PAN,-3.3030,8.4830,0.0910,0.0880,1,0,1,0,0,0,0.0000,-2619696.7768,-4004994.2482,4200185.8686,8,-3.3493,8.3639,-0.0463,-0.1191,-6.2152,7.0995,-0.6213,-1.2368,-2.2446,-0.0276,-0.6135,0.0000,0.0000,0.0000,0.0000,0.5485,0.5485,0.0000,0.0650,0.0000,0.0000
236.0940,40.0240,0,44,p156_PAN,-19.7700,24.4070,0.1770,0.1430,1,0,1,0,0,0,0.0000,-2720006.0956,-4046880.5943,4094957.3571,43,-15.5826,22.9551,4.1874,-1.4519,-27.1736,24.5767,-11.4265,1.0432,-0.1644,0.5784,-0.4613,0.0000,0.0000,0.0000,0.0000,0.4132,0.4132,0.0000,0.0482,0.0000,0.0000
235.6920,40.2480,0,5,p157_PAN,-18.5950,33.8920,0.2000,0.2400,1,0,1,0,0,0,0.0000,-2739288.1977,-4014442.1553,4113989.0391,18,-10.6633,26.3484,7.9317,-7.5436,-9.3445,22.7721,2.7340,-3.4452,-1.4153,-0.1311,0.3131,0.0000,0.0000,0.0000,0.0000,0.8434,0.8434,0.0000,-1.1565,0.0000,0.0000
235.8930,40.4220,0,5,p158_PAN,-3.2500,22.9250,0.1940,0.0950,1,0,1,0,0,0,0.0000,-2718170.0049,-4013663.9722,4128729.1996,18,-5.1929,20.5503,-1.9429,-2.3747,-7.9673,21.6235,1.0068,0.4153,-3.7812,0.6578,-1.2164,0.0000,0.0000,0.0000,0.0000,1.4892,1.4892,0.0000,-0.2728,0.0000,0.0000
235.7170,40.5050,0,5,p159_PAN,-0.5240,26.5120,0.2540,0.0920,1,0,1,0,0,0,0.0000,-2727114.4202,-4000349.3579,4135747.0202,18,-2.9629,22.2354,-2.4389,-4.2766,-7.3785,22.6293,1.0638,0.4364,-5.4794,-0.0425,0.1194,0.0000,0.0000,0.0000,0.0000,0.1449,0.1449,0.0000,-0.2643,0.0000,0.0000
235.8670,40.5510,0,5,p160_PAN,-0.6120,20.7950,0.2290,0.0840,1,0,1,0,0,0,0.0000,-2714768.1974,-4004725.5074,4139632.6777,18,-2.5317,20.0397,-1.9197,-0.7553,-6.9900,21.7721,1.2663,1.1217,-5.7246,0.6106,-0.6131,0.0000,0.0000,0.0000,0.0000,0.9973,0.9973,0.0000,-0.3842,0.0000,0.0000
235.7870,40.6370,0,5,p161_PAN,2.2820,20.0040,0.3830,0.3210,1,0,1,0,0,0,0.0000,-2716860.4562,-3995788.2801,4146890.0086,18,-0.4020,20.5880,-2.6840,0.5840,-6.3541,22.2293,1.3801,1.2507,-7.3323,0.3905,-0.0797,0.0000,0.0000,0.0000,0.0000,0.4721,0.4721,0.0000,-0.3924,0.0000,0.0000
235.7630,40.6910,0,5,p162_PAN,4.0640,20.5290,0.3350,0.1600,1,0,1,0,0,0,0.0000,-2716333.8560,-3991417.0176,4151442.1633,18,0.7039,20.6412,-3.3601,0.1122,-5.9484,22.3664,1.4781,1.4045,-8.1304,0.3208,0.0834,0.0000,0.0000,0.0000,0.0000,0.3432,0.3432,0.0000,-0.4266,0.0000,0.0000
235.9430,40.2200,0,5,p163_PAN,-14.1460,25.0580,0.1190,0.1010,1,0,1,0,0,0,0.0000,-2722801.1708,-4028068.9637,4111613.5116,18,-9.4829,22.4080,4.6631,-2.6500,-9.4956,21.3377,1.1593,-1.8032,-1.1720,0.7329,-0.7313,0.0000,0.0000,0.0000,0.0000,1.2679,1.2679,0.0000,-0.5366,0.0000,0.0000
236.3070,40.1190,0,5,p164_PAN,-13.9950,15.9960,0.0870,0.0950,1,0,1,0,0,0,0.0000,-2701172.5970,-4051309.6188,4103036.4897,18,-10.9511,16.4831,3.0439,0.4871,-10.1827,19.2568,1.3489,1.8206,-0.5805,0.9530,-0.6648,0.0000,0.0000,0.0000,0.0000,0.0178,0.0178,0.0000,0.6470,0.0000,0.0000
236.1470,40.2460,0,5,p165_PAN,-10.8190,18.7340,0.1420,0.1610,1,0,1,0,0,0,0.0000,-2707402.4733,-4036187.9696,4113819.3911,18,-8.4818,18.6832,2.3372,-0.0508,-9.2496,20.1716,0.7095,0.4049,-1.4773,1.0835,-1.1436,0.0000,0.0000,0.0000,0.0000,1.3317,1.3317,0.0000,-0.1881,0.0000,0.0000
236.1370,40.4350,0,5,p166_PAN,-4.5990,16.7360,0.1420,0.1090,1,0,1,0,0,0,0.0000,-2700530.7546,-4024425.1711,4129828.9490,18,-5.5136,17.2034,-0.9146,0.4674,-7.8104,20.2287,1.1589,1.9018,-3.4557,1.1235,-1.5296,0.0000,0.0000,0.0000,0.0000,2.2431,2.2431,0.0000,-0.7136,0.0000,0.0000
236.1200,40.5440,0,5,p167_PAN,-2.7050,15.9060,0.1480,0.1130,1,0,1,0,0,0,0.0000,-2697340.1037,-4017093.8301,4139041.5541,18,-3.9302,16.5339,-1.2252,0.6279,-6.9829,20.3259,1.5275,2.7663,-4.5803,1.0257,-1.2400,0.0000,0.0000,0.0000,0.0000,2.4659,2.4659,0.0000,-1.2259,0.0000,0.0000
236.1190,40.6690,0,5,p168_PAN,-0.5740,15.1850,0.1660,0.1700,1,0,1,0,0,0,0.0000,-2692369.8535,-4009540.5275,4149588.0267,18,-2.0727,15.3779,-1.4987,0.1929,-6.0297,20.3316,1.7677,3.9703,-5.7247,0.9834,-0.8275,0.0000,0.0000,0.0000,0.0000,2.8298,2.8298,0.0000,-2.0022,0.0000,0.0000
236.0320,40.7910,0,5,p169_PAN,1.8150,15.9540,0.1600,0.1370,1,0,1,0,0,0,0.0000,-2693512.0836,-3998110.7335,4159862.3391,18,0.1935,15.9809,-1.6215,0.0269,-5.1196,20.8290,1.9189,4.1436,-7.2320,0.7044,-0.4865,0.0000,0.0000,0.0000,0.0000,2.4736,2.4736,0.0000,-1.9871,0.0000,0.0000
236.1370,40.8800,0,4,p170_PAN,-0.9360,11.9840,0.2530,0.1980,1,0,1,0,0,0,0.0000,-2682576.8913,-3997669.6975,4167345.6388,8,0.8951,13.4301,1.8311,1.4461,-7.4251,8.5367,-1.6755,-5.4366,-6.6447,0.5432,-0.5787,0.0000,0.0000,0.0000,0.0000,2.5740,2.5740,0.0000,-1.9953,0.0000,0.0000
238.2070,36.4860,0,41,p171_PAN,-28.1510,36.1080,0.0810,0.0970,1,0,1,0,0,0,0.0000,-2697186.6594,-4351303.6777,3786250.3735,41,-28.4698,35.1423,-0.3188,-0.9657,-27.5524,35.7229,0.9313,0.5673,-0.0139,0.0134,-0.0262,0.0000,0.0000,0.0000,0.0000,-0.3957,-0.3957,0.0000,0.4219,0.0000,0.0000
238.8650,36.4260,0,41,p175_PAN,-27.9330,34.8870,0.0680,0.0980,1,0,1,0,0,0,0.0000,-2649087.0167,-4385382.6701,3780887.2340,41,-27.6563,34.4936,0.2767,-0.3934,-27.4972,34.2907,0.1769,-0.2164,-0.0178,0.0136,-0.0236,0.0000,0.0000,0.0000,0.0000,0.0536,0.0536,0.0000,-0.0301,0.0000,0.0000
236.3140,42.0990,0,4,p179_PAN,-0.6120,9.2420,0.0850,0.0860,1,0,1,0,0,0,0.0000,-2620437.8359,-3931261.4137,4268821.9343,8,-1.0372,8.8954,-0.4252,-0.3466,-3.8331,8.1594,-0.8688,-1.1257,-1.9271,0.3897,-0.3747,0.0000,0.0000,0.0000,0.0000,0.2588,0.2588,0.0000,0.1159,0.0000,0.0000
237.6230,37.9150,0,44,p181_PAN,-18.3860,25.1700,0.1180,0.0860,1,0,1,0,0,0,0.0000,-2689982.9178,-4242498.2288,3912742.2790,43,-18.8931,23.8220,-0.5071,-1.3480,-22.1250,27.5897,-3.1982,3.7347,-0.0336,0.0330,-0.0380,0.0000,0.0000,0.0000,0.0000,-0.3501,-0.3501,0.0000,0.3881,0.0000,0.0000
236.8190,38.4950,0,44,p182_PAN,-21.6640,32.9420,0.0820,0.0830,1,0,1,0,0,0,0.0000,-2727431.1915,-4170969.8561,3963392.6145,43,-23.5898,30.6937,-1.9258,-2.2483,-23.6276,26.0077,-0.0006,-4.7383,-0.0373,0.0522,-0.0544,0.0000,0.0000,0.0000,0.0000,1.3574,1.3574,0.0000,-1.3030,0.0000,0.0000
236.9310,38.3140,0,30,p183_PAN,-22.3820,34.1110,0.0590,0.0810,1,0,1,0,0,0,0.0000,-2726090.9394,-4186764.9130,3947629.5691,30,-24.5267,31.6027,-2.1447,-2.5083,-29.0656,40.0645,-4.5062,8.4182,-0.0328,0.0437,-0.0498,0.0000,0.0000,0.0000,0.0000,1.0154,1.0154,0.0000,-0.9656,0.0000,0.0000
236.2910,39.1170,0,44,p184_PAN,-23.4780,31.0800,0.0680,0.0820,1,0,1,0,0,0,0.0000,-2741710.6617,-4109623.0992,4017259.2762,43,-24.2606,30.4583,-0.7826,-0.6217,-25.1367,24.9659,-0.8314,-5.5946,-0.0447,0.1023,-0.0878,0.0000,0.0000,0.0000,0.0000,1.1663,1.1663,0.0000,-1.0785,0.0000,0.0000
236.2510,39.2610,0,44,p185_PAN,-23.2450,30.4750,0.0800,0.1590,1,0,1,0,0,0,0.0000,-2738961.2355,-4099300.0492,4029662.7549,43,-23.7038,29.3000,-0.4588,-1.1750,-25.4629,24.8869,-1.7079,-4.5443,-0.0512,0.1312,-0.1005,0.0000,0.0000,0.0000,0.0000,0.6714,0.6714,0.0000,-0.5709,0.0000,0.0000
236.4820,39.1500,0,44,p186_PAN,-21.1920,26.9610,0.0740,0.1370,1,0,1,0,0,0,0.0000,-2726717.5838,-4116810.2503,4020103.9841,43,-22.0884,26.6349,-0.8964,-0.3261,-25.1560,25.3430,-3.0005,-1.4181,-0.0672,0.1262,-0.0846,0.0000,0.0000,0.0000,0.0000,0.1648,0.1648,0.0000,-0.0802,0.0000,0.0000
236.3970,39.3520,0,44,p187_PAN,-22.8180,24.7920,0.1620,0.1840,1,0,1,0,0,0,0.0000,-2724961.1112,-4100930.3218,4037487.9443,43,-21.9737,25.6975,0.8443,0.9055,-25.6215,25.1753,-3.5667,-0.7066,-0.0811,0.1844,-0.1074,0.0000,0.0000,0.0000,0.0000,-0.1062,-0.1062,0.0000,0.2136,0.0000,0.0000
236.7700,38.6680,0,44,p188_PAN,-20.3600,31.0460,0.0810,0.1900,1,0,1,0,0,0,0.0000,-2724426.8043,-4158606.5660,3978421.9835,43,-22.4701,28.5029,-2.1101,-2.5431,-24.0203,25.9111,-1.5051,-2.6562,-0.0451,0.0644,-0.0588,0.0000,0.0000,0.0000,0.0000,0.8904,0.8904,0.0000,-0.8316,0.0000,0.0000
236.6520,38.9870,0,44,p189_PAN,-20.9220,27.5060,0.1200,0.1010,1,0,1,0,0,0,0.0000,-2720766.8216,-4134419.3943,4006039.8944,43,-21.2562,26.0960,-0.3342,-1.4100,-24.7517,25.6784,-3.4310,-0.5181,-0.0646,0.1005,-0.0709,0.0000,0.0000,0.0000,0.0000,-0.0034,-0.0034,0.0000,0.0744,0.0000,0.0000
236.7960,39.2420,0,43,p190_PAN,-16.9250,17.9990,0.0940,0.0950,1,0,1,0,0,0,0.0000,-2700576.8221,-4126285.2076,4028027.6408,44,-17.1456,18.2535,-0.2206,0.2545,-11.4832,9.4102,5.7772,-9.0028,-0.1148,0.1596,-0.0792,0.0000,0.0000,0.0000,0.0000,-1.7471,-1.7471,0.0000,1.8263,0.0000,0.0000
236.3680,42.2750,0,4,p191_PAN,-1.0190,8.5490,0.1440,0.1120,1,0,1,0,0,0,0.0000,-2609456.5563,-3922792.8886,4283314.5922,8,-0.8645,8.7552,0.1545,0.2062,-3.3116,8.0443,-0.6555,-0.9424,-1.7916,0.2314,-0.3880,0.0000,0.0000,0.0000,0.0000,0.2455,0.2455,0.0000,0.1424,0.0000,0.0000
236.8950,39.3200,0,45,p192_PAN,-15.4020,15.5600,0.0690,0.1100,1,0,1,0,0,0,0.0000,-2690445.5941,-4126348.0422,4034737.3893,45,-15.0416,14.6940,0.3604,-0.8660,-10.3372,11.7957,4.8460,-3.0769,-0.1416,0.1785,-0.0800,0.0000,0.0000,0.0000,0.0000,-1.0075,-1.0075,0.0000,1.0875,0.0000,0.0000
237.0410,38.6650,0,44,p195_PAN,-17.0350,27.0590,0.1270,0.0930,1,0,1,0,0,0,0.0000,-2704840.1747,-4171620.8888,3978161.6673,43,-19.3139,23.5701,-2.2789,-3.4889,-23.9364,26.4450,-4.5659,2.8076,-0.0566,0.0673,-0.0536,0.0000,0.0000,0.0000,0.0000,-0.0916,-0.0916,0.0000,0.1452,0.0000,0.0000
237.2570,38.2980,0,44,p196_PAN,-17.9740,26.5340,0.1210,0.0760,1,0,1,0,0,0,0.0000,-2702821.3421,-4203134.9577,3946234.2533,43,-20.0566,25.3515,-2.0826,-1.1825,-23.0707,26.8702,-2.9729,1.4732,-0.0412,0.0455,-0.0453,0.0000,0.0000,0.0000,0.0000,-0.0014,-0.0014,0.0000,0.0468,0.0000,0.0000
237.2330,38.4290,0,44,p197_PAN,-16.9300,26.8640,0.1140,0.1040,1,0,1,0,0,0,0.0000,-2699691.3996,-4194404.5504,3957649.3372,43,-18.6025,23.7025,-1.6725,-3.1615,-23.3644,26.8230,-4.7145,3.0685,-0.0474,0.0520,-0.0472,0.0000,0.0000,0.0000,0.0000,-0.7747,-0.7747,0.0000,0.8219,0.0000,0.0000
237.3930,38.2600,0,44,p198_PAN,-17.4790,24.5920,0.1440,0.1070,1,0,1,0,0,0,0.0000,-2694246.7458,-4211742.4601,3942919.1450,43,-18.3913,22.5275,-0.9123,-2.0645,-22.9479,27.1377,-4.5139,4.5659,-0.0427,0.0443,-0.0433,0.0000,0.0000,0.0000,0.0000,0.0715,0.0715,0.0000,-0.0282,0.0000,0.0000
237.4970,38.2640,0,43,p199_PAN,-17.1240,21.8640,0.4120,0.1390,1,0,1,0,0,0,0.0000,-2686449.4792,-4216393.7997,3943268.1855,44,-15.8879,19.5291,1.2361,-2.3349,-11.1625,9.6354,4.7706,-9.9382,-0.0452,0.0445,-0.0421,0.0000,0.0000,0.0000,0.0000,-0.1745,-0.1745,0.0000,0.2165,0.0000,0.0000
237.5480,38.2400,0,43,p200_PAN,-16.8830,22.2970,0.2690,0.3020,1,0,1,0,0,0,0.0000,-2683581.4109,-4220176.8325,3941173.6545,44,-15.1970,18.5702,1.6860,-3.7268,-11.1511,9.6517,4.0910,-8.9621,-0.0451,0.0436,-0.0413,0.0000,0.0000,0.0000,0.0000,-0.4339,-0.4339,0.0000,0.4751,0.0000,0.0000
237.0830,38.8660,0,43,p203_PAN,-15.8730,17.3680,0.3520,0.1030,1,0,1,0,0,0,0.0000,-2694180.9510,-4161861.5140,3995578.7069,44,-15.7878,18.3301,0.0852,0.9621,-11.3583,9.5026,4.5062,-8.9145,-0.0767,0.0869,-0.0563,0.0000,0.0000,0.0000,0.0000,-0.8715,-0.8715,0.0000,0.9278,0.0000,0.0000
237.2890,38.6660,0,43,p204_PAN,-12.6850,19.6070,0.0700,0.1010,1,0,1,0,0,0,0.0000,-2686720.8588,-4183231.0280,3978248.4406,44,-14.5837,16.8152,-1.8987,-2.7918,-11.2862,9.5687,3.3628,-7.3138,-0.0653,0.0673,-0.0491,0.0000,0.0000,0.0000,0.0000,-1.5054,-1.5054,0.0000,1.5545,0.0000,0.0000
237.0370,39.3980,0,45,p205_PAN,-14.6000,13.8180,0.0980,0.1290,1,0,1,0,0,0,0.0000,-2677219.6793,-4128390.9362,4041439.6603,45,-13.3650,12.2843,1.2350,-1.5337,-10.7443,12.4121,2.7932,-0.0601,-0.1726,0.1879,-0.0768,0.0000,0.0000,0.0000,0.0000,0.3523,0.3523,0.0000,-0.2755,0.0000,0.0000
237.4240,38.7780,0,45,p206_PAN,-11.1400,16.2070,0.0940,0.0890,1,0,1,0,0,0,0.0000,-2672664.7561,-4182988.7144,3987959.3752,45,-13.5928,13.1580,-2.4528,-3.0490,-7.3006,14.0916,6.3713,0.8590,-0.0792,0.0747,-0.0479,0.0000,0.0000,0.0000,0.0000,-0.4778,-0.4778,0.0000,0.5257,0.0000,0.0000
237.2810,39.2600,0,1,p207_PAN,-12.0680,8.3470,0.0920,0.1370,1,0,1,0,0,0,0.0000,-2664867.9868,-4147932.2119,4029576.7073,1,-11.9122,11.5686,0.1558,3.2216,-10.6242,7.2001,1.4335,-4.5035,-0.1456,0.1351,-0.0589,0.0000,0.0000,0.0000,0.0000,0.8810,0.8810,0.0000,-0.8221,0.0000,0.0000
237.6960,39.1090,0,1,p208_PAN,-10.2070,7.9740,0.0670,0.1110,1,0,1,0,0,0,0.0000,-2640420.5422,-4176086.7665,4016569.4493,1,-10.8890,9.7281,-0.6820,1.7541,-10.5663,7.3013,0.4462,-2.5209,-0.1235,0.0942,-0.0453,0.0000,0.0000,0.0000,0.0000,0.3023,0.3023,0.0000,-0.2570,0.0000,0.0000
238.2680,36.8160,0,41,p210_PAN,-27.7850,32.8780,0.0850,0.0760,1,0,1,0,0,0,0.0000,-2681038.4710,-4335553.2194,3815673.2644,41,-26.9551,32.6302,0.8299,-0.2478,-26.5199,35.5903,0.4534,2.9439,-0.0182,0.0162,-0.0275,0.0000,0.0000,0.0000,0.0000,-0.3229,-0.3229,0.0000,0.3504,0.0000,0.0000
238.1370,36.9620,0,41,p212_PAN,-26.1740,32.6680,0.0660,0.1210,1,0,1,0,0,0,0.0000,-2685802.7642,-4321140.0801,3828650.3341,41,-26.1328,31.9323,0.0412,-0.7357,-26.1220,35.8750,0.0299,3.9252,-0.0191,0.0175,-0.0288,0.0000,0.0000,0.0000,0.0000,-0.0477,-0.0477,0.0000,0.0764,0.0000,0.0000
238.0090,37.2020,0,44,p213_PAN,-21.6500,28.5400,0.0710,0.0680,1,0,1,0,0,0,0.0000,-2686929.5537,-4301489.5120,3849928.4426,43,-23.1269,28.1662,-1.4769,-0.3738,-20.4485,28.3473,2.7001,0.1610,-0.0216,0.0201,-0.0307,0.0000,0.0000,0.0000,0.0000,0.3637,0.3637,0.0000,-0.3330,0.0000,0.0000
238.3490,37.1040,0,44,p217_PAN,-20.0050,23.2700,0.0750,0.0840,1,0,1,0,0,0,0.0000,-2664808.3886,-4322957.4782,3841248.0205,43,-18.8549,21.8725,1.1501,-1.3975,-20.1311,29.0136,-1.2529,7.1218,-0.0233,0.0193,-0.0284,0.0000,0.0000,0.0000,0.0000,1.2259,1.2259,0.0000,-1.1975,0.0000,0.0000
238.2860,37.2040,0,44,p218_PAN,-19.9970,23.4150,0.1210,0.1060,1,0,1,0,0,0,0.0000,-2666031.7695,-4314314.9957,3850105.4769,43,-18.7102,20.7020,1.2868,-2.7130,-20.3692,28.8902,-1.6346,8.1678,-0.0245,0.0205,-0.0292,0.0000,0.0000,0.0000,0.0000,2.2396,2.2396,0.0000,-2.2104,0.0000,0.0000
237.9170,37.5390,0,44,p222_PAN,-19.6130,24.7200,0.0810,0.0780,1,0,1,0,0,0,0.0000,-2681758.9887,-4277909.2407,3879692.3482,43,-19.4817,23.5778,0.1313,-1.1422,-21.2142,28.1669,-1.7051,4.5639,-0.0274,0.0251,-0.0332,0.0000,0.0000,0.0000,0.0000,0.5960,0.5960,0.0000,-0.5629,0.0000,0.0000
237.7810,37.8640,0,43,p224_PAN,-15.0130,19.6270,0.0870,0.0880,1,0,1,0,0,0,0.0000,-2680129.3243,-4252844.8634,3908269.2889,44,-16.7406,19.9930,-1.7276,0.3660,-11.0311,9.7262,5.7440,-10.2986,-0.0345,0.0319,-0.0362,0.0000,0.0000,0.0000,0.0000,-0.1733,-0.1733,0.0000,0.2095,0.0000,0.0000
237.9420,37.7140,0,43,p225_PAN,-15.5600,18.3700,0.0600,0.0860,1,0,1,0,0,0,0.0000,-2673590.0218,-4269016.1501,3895095.5017,44,-16.1257,18.4255,-0.5657,0.0555,-10.9761,9.7776,5.1819,-8.6765,-0.0323,0.0286,-0.0340,0.0000,0.0000,0.0000,0.0000,0.5545,0.5545,0.0000,-0.5205,0.0000,0.0000
238.1740,37.3370,0,43,p226_PAN,-19.0390,24.4530,0.1570,0.1020,1,0,1,0,0,0,0.0000,-2669740.0001,-4301490.1521,3861867.7172,44,-18.3037,20.6618,0.7353,-3.7912,-10.8556,9.8515,7.4740,-10.8324,-0.0259,0.0222,-0.0305,0.0000,0.0000,0.0000,0.0000,0.9798,0.9798,0.0000,-0.9493,0.0000,0.0000
238.2100,37.5330,0,1,p227_PAN,-12.1420,13.4130,0.0750,0.1780,1,0,1,0,0,0,0.0000,-2660061.6004,-4291912.5722,3879163.5975,1,-14.0801,14.4911,-1.9381,1.0781,-10.2641,7.4261,3.8467,-7.0902,-0.0307,0.0253,-0.0312,0.0000,0.0000,0.0000,0.0000,0.5354,0.5354,0.0000,-0.5042,0.0000,0.0000
238.3130,37.6020,0,1,p228_PAN,-11.6210,11.5290,0.0880,0.1190,1,0,1,0,0,0,0.0000,-2649885.9737,-4292709.2876,3885241.6604,1,-12.6408,11.8044,-1.0198,0.2754,-10.2675,7.4510,2.4068,-4.3798,-0.0335,0.0264,-0.0308,0.0000,0.0000,0.0000,0.0000,0.3517,0.3517,0.0000,-0.3209,0.0000,0.0000
238.0220,37.7490,0,43,p229_PAN,-13.9710,16.2300,0.0980,0.0940,1,0,1,0,0,0,0.0000,-2666366.1454,-4270725.9150,3898171.7766,44,-14.3471,15.3766,-0.3761,-0.8534,-10.9767,9.8031,3.4047,-5.6028,-0.0343,0.0293,-0.0336,0.0000,0.0000,0.0000,0.0000,0.3987,0.3987,0.0000,-0.3651,0.0000,0.0000
238.0950,36.6220,0,41,p231_PAN,-28.2260,34.8690,0.0660,0.1000,1,0,1,0,0,0,0.0000,-2700929.8157,-4338381.2704,3798391.4417,41,-28.4024,35.0500,-0.1764,0.1810,-27.1782,35.9662,1.2387,0.9020,-0.0144,0.0143,-0.0273,0.0000,0.0000,0.0000,0.0000,-0.5451,-0.5451,0.0000,0.5724,0.0000,0.0000
238.4090,36.8590,0,41,p234_PAN,-26.7590,32.0990,0.0650,0.0680,1,0,1,0,0,0,0.0000,-2668860.0679,-4339697.4006,3819497.8558,41,-24.7043,29.4131,2.0547,-2.6859,-26.3360,35.2837,-1.6117,5.8539,-0.0199,0.0168,-0.0270,0.0000,0.0000,0.0000,0.0000,-0.2046,-0.2046,0.0000,0.2317,0.0000,0.0000
238.4580,37.0080,0,44,p240_PAN,-19.8160,22.8640,0.1030,0.1090,1,0,1,0,0,0,0.0000,-2659942.6687,-4333498.3175,3832733.8537,43,-17.8470,21.0980,1.9690,-1.7660,-19.8875,29.2270,-2.0179,8.1107,-0.0226,0.0183,-0.0274,0.0000,0.0000,0.0000,0.0000,0.3979,0.3979,0.0000,-0.3705,0.0000,0.0000
238.5370,36.9540,0,44,p242_PAN,-19.0820,22.6510,0.0960,0.1100,1,0,1,0,0,0,0.0000,-2655849.3066,-4340241.0079,3827939.9048,43,-16.7281,18.4054,2.3539,-4.2456,-19.7450,29.3816,-2.9945,10.9584,-0.0224,0.0178,-0.0268,0.0000,0.0000,0.0000,0.0000,0.1065,0.1065,0.0000,-0.0796,0.0000,0.0000
238.6450,37.0110,0,1,p244_PAN,-13.6680,10.4740,0.1470,0.0780,1,0,1,0,0,0,0.0000,-2645680.5775,-4341985.2713,3833000.0844,1,-13.4934,11.2036,0.1746,0.7296,-10.1419,7.5312,3.3757,-3.6908,-0.0242,0.0184,-0.0266,0.0000,0.0000,0.0000,0.0000,0.4036,0.4036,0.0000,-0.3771,0.0000,0.0000
238.8120,36.5600,0,41,p247_PAN,-27.8860,34.7150,0.0700,0.0860,1,0,1,0,0,0,0.0000,-2648556.1391,-4375353.8121,3792859.1931,41,-27.5616,34.5937,0.3244,-0.1213,-27.1055,34.4063,0.4750,-0.2020,-0.0190,0.0145,-0.0242,0.0000,0.0000,0.0000,0.0000,0.0756,0.0756,0.0000,-0.0514,0.0000,0.0000
238.9360,36.6120,0,1,p249_PAN,-10.1670,11.5040,0.2350,0.1110,1,0,1,0,0,0,0.0000,-2637303.4752,-4378125.1481,3797499.4442,1,-10.7581,8.1569,-0.5911,-3.3471,-10.0514,7.6013,0.7271,-0.5705,-0.0204,0.0149,-0.0239,0.0000,0.0000,0.0000,0.0000,0.1741,0.1741,0.0000,-0.1502,0.0000,0.0000
238.9420,37.1700,0,1,p252_PAN,-11.1060,8.9620,0.0900,0.0730,1,0,1,0,0,0,0.0000,-2617640.1912,-4346512.3237,3847095.2563,1,-11.5885,8.6375,-0.4825,-0.3245,-10.1449,7.6028,1.4728,-1.0547,-0.0292,0.0200,-0.0256,0.0000,0.0000,0.0000,0.0000,0.3878,0.3878,0.0000,-0.3622,0.0000,0.0000
238.6750,37.5820,0,1,p255_PAN,-10.7220,9.6780,0.0760,0.0800,1,0,1,0,0,0,0.0000,-2623416.4534,-4310523.9722,3883480.4826,1,-11.5143,9.2716,-0.7923,-0.4064,-10.2352,7.5385,1.3154,-1.7587,-0.0364,0.0256,-0.0284,0.0000,0.0000,0.0000,0.0000,0.2731,0.2731,0.0000,-0.2446,0.0000,0.0000
238.3950,37.9320,0,1,p256_PAN,-10.4430,8.9390,0.0640,0.0690,1,0,1,0,0,0,0.0000,-2631968.7823,-4277367.7707,3914232.5870,1,-11.4267,9.7183,-0.9837,0.7793,-10.3160,7.4709,1.1553,-2.2800,-0.0445,0.0326,-0.0316,0.0000,0.0000,0.0000,0.0000,0.2043,0.2043,0.0000,-0.1728,0.0000,0.0000
238.5360,37.7550,0,1,p257_PAN,-11.0630,9.6140,0.0710,0.1170,1,0,1,0,0,0,0.0000,-2627733.6298,-4294125.4759,3898698.9919,1,-11.4820,9.5316,-0.4190,-0.0824,-10.2752,7.5049,1.2468,-2.0554,-0.0401,0.0287,-0.0299,0.0000,0.0000,0.0000,0.0000,0.2252,0.2252,0.0000,-0.1953,0.0000,0.0000
238.8990,37.4330,0,1,p259_PAN,-9.7120,8.8190,0.1140,0.0990,1,0,1,0,0,0,0.0000,-2611752.1705,-4329380.2066,3870344.8280,1,-11.3483,8.7538,-1.6363,-0.0652,-10.1924,7.5924,1.1903,-1.1845,-0.0344,0.0231,-0.0266,0.0000,0.0000,0.0000,0.0000,0.3002,0.3002,0.0000,-0.2736,0.0000,0.0000
238.9160,37.7110,0,1,p260_PAN,-10.1420,7.8790,0.7430,1.1000,1,0,1,0,0,0,0.0000,-2600741.3384,-4314021.5073,3894831.7533,1,-11.0385,8.6374,-0.8965,0.7584,-10.2373,7.5965,0.8430,-1.0678,-0.0418,0.0269,-0.0273,0.0000,0.0000,0.0000,0.0000,0.2156,0.2156,0.0000,-0.1883,0.0000,0.0000
237.7820,38.1530,0,45,p261_PAN,-8.5060,12.6010,0.4050,0.2340,1,0,1,0,0,0,0.0000,-2669511.0509,-4236159.6372,3933575.1854,45,-14.0891,14.4236,-5.5831,1.8226,-3.8282,15.6447,10.3064,1.1809,-0.0454,0.0402,-0.0381,0.0000,0.0000,0.0000,0.0000,-1.2205,-1.2205,0.0000,1.2586,0.0000,0.0000
237.9040,38.0250,0,45,p262_PAN,-11.6450,15.7640,0.1910,0.1380,1,0,1,0,0,0,0.0000,-2665147.5482,-4249268.2046,3922379.3459,45,-13.8704,13.7522,-2.2254,-2.0118,-3.1080,16.1738,10.8044,2.3855,-0.0420,0.0361,-0.0361,0.0000,0.0000,0.0000,0.0000,0.0838,0.0838,0.0000,-0.0476,0.0000,0.0000
237.8050,38.4440,0,45,p264_PAN,-12.4700,10.2370,0.1770,0.3140,1,0,1,0,0,0,0.0000,-2657131.5005,-4220269.9268,3958955.0889,45,-12.2198,11.8776,0.2502,1.6406,-5.4140,15.7445,6.8668,3.8157,-0.0611,0.0512,-0.0396,0.0000,0.0000,0.0000,0.0000,1.4328,1.4328,0.0000,-1.3932,0.0000,0.0000
238.0460,38.5300,0,1,p265_PAN,-10.6500,8.8320,0.0970,0.0970,1,0,1,0,0,0,0.0000,-2636208.6868,-4226362.4339,3966436.1584,1,-10.8577,9.8805,-0.2077,1.0485,-10.4430,7.3863,0.4846,-2.5466,-0.0700,0.0524,-0.0371,0.0000,0.0000,0.0000,0.0000,0.3894,0.3894,0.0000,-0.3522,0.0000,0.0000
238.1560,38.1840,0,1,p266_PAN,-10.3410,9.0550,0.0780,0.0790,1,0,1,0,0,0,0.0000,-2640679.4312,-4251686.0214,3936283.7269,1,-11.3491,10.1785,-1.0081,1.1235,-10.3770,7.4130,1.0242,-2.8053,-0.0521,0.0398,-0.0346,0.0000,0.0000,0.0000,0.0000,0.3435,0.3435,0.0000,-0.3089,0.0000,0.0000
238.1770,38.3800,0,1,p267_PAN,-9.8850,8.7030,0.0930,0.0950,1,0,1,0,0,0,0.0000,-2632005.2283,-4241187.4242,3953381.9918,1,-10.9549,9.6013,-1.0699,0.8983,-10.4077,7.4181,0.6095,-2.2289,-0.0623,0.0457,-0.0351,0.0000,0.0000,0.0000,0.0000,0.2599,0.2599,0.0000,-0.2247,0.0000,0.0000
238.3540,38.4740,0,1,p268_PAN,-11.1870,8.1980,0.1090,0.0780,1,0,1,0,0,0,0.0000,-2615484.1683,-4243770.8011,3961565.7782,1,-10.8217,8.9812,0.3653,0.7832,-10.4089,7.4609,0.4821,-1.5672,-0.0693,0.0469,-0.0336,0.0000,0.0000,0.0000,0.0000,0.1391,0.1391,0.0000,-0.1055,0.0000,0.0000
237.6450,39.0000,0,1,p269_PAN,-8.8660,8.6060,0.0890,0.0870,1,0,1,0,0,0,0.0000,-2648221.1866,-4180182.1265,4007162.7616,1,-10.9112,10.5265,-2.0452,1.9205,-10.5525,7.2889,0.4671,-3.3249,-0.1085,0.0873,-0.0456,0.0000,0.0000,0.0000,0.0000,0.6596,0.6596,0.0000,-0.6140,0.0000,0.0000
237.9450,39.2440,0,1,p270_PAN,-10.2700,7.2100,0.1060,0.0780,1,0,1,0,0,0,0.0000,-2617216.8995,-4179489.6463,4028199.7789,1,-10.6538,8.7412,-0.3838,1.5312,-10.5682,7.3618,0.2272,-1.4718,-0.1416,0.0924,-0.0408,0.0000,0.0000,0.0000,0.0000,0.0785,0.0785,0.0000,-0.0376,0.0000,0.0000
238.2850,38.6570,0,1,p271_PAN,-10.4090,6.9250,0.1080,0.1000,1,0,1,0,0,0,0.0000,-2613927.9525,-4229832.7279,3977467.4373,1,-10.7433,8.9122,-0.3343,1.9872,-10.4446,7.4443,0.3794,-1.5219,-0.0808,0.0540,-0.0348,0.0000,0.0000,0.0000,0.0000,0.1282,0.1282,0.0000,-0.0935,0.0000,0.0000
238.0570,39.1450,0,1,p272_PAN,-9.0960,6.6420,0.1050,0.0890,1,0,1,0,0,0,0.0000,-2612720.5578,-4190497.7379,4019673.0535,1,-10.6254,8.7084,-1.5294,2.0664,-10.5430,7.3890,0.2095,-1.4010,-0.1271,0.0816,-0.0387,0.0000,0.0000,0.0000,0.0000,0.0786,0.0786,0.0000,-0.0399,0.0000,0.0000
238.6120,38.1160,0,1,p273_PAN,-11.1020,8.4720,0.3410,0.3330,1,0,1,0,0,0,0.0000,-2609189.5742,-4276552.5386,3930340.9028,1,-10.9544,8.8641,0.1476,0.3921,-10.3290,7.5233,0.6789,-1.3763,-0.0535,0.0355,-0.0304,0.0000,0.0000,0.0000,0.0000,0.1486,0.1486,0.0000,-0.1182,0.0000,0.0000
238.7850,38.3220,0,1,p275_PAN,-10.1920,8.3580,0.0720,0.0900,1,0,1,0,0,0,0.0000,-2588924.7925,-4272298.3159,3948327.1116,1,-10.6901,8.4983,-0.4981,0.1403,-10.3488,7.5650,0.4050,-0.9721,-0.0637,0.0387,-0.0295,0.0000,0.0000,0.0000,0.0000,0.1121,0.1121,0.0000,-0.0826,0.0000,0.0000
238.9050,38.6450,0,1,p276_PAN,-10.4560,8.0450,0.0810,0.0630,1,0,1,0,0,0,0.0000,-2568434.7873,-4258583.2027,3976425.9469,1,-10.4705,8.2602,-0.0145,0.2152,-10.3918,7.5939,0.1596,-0.7108,-0.0810,0.0444,-0.0288,0.0000,0.0000,0.0000,0.0000,0.0739,0.0739,0.0000,-0.0452,0.0000,0.0000
239.0930,35.9330,0,41,p284_PAN,-26.4980,32.9480,0.0720,0.0910,1,0,1,0,0,0,0.0000,-2648227.7019,-4423639.4863,3736663.6450,41,-27.8602,34.0654,-1.3622,1.1174,-28.9270,33.7934,-1.0525,-0.2828,-0.0143,0.0108,-0.0212,0.0000,0.0000,0.0000,0.0000,0.2213,0.2213,0.0000,-0.2000,0.0000,0.0000
239.0190,36.4170,0,1,p285_PAN,-11.3530,14.2180,0.0800,0.0910,1,0,1,0,0,0,0.0000,-2637596.0795,-4392996.1748,3780082.4053,1,-10.2057,8.0790,1.1473,-6.1390,-10.0118,7.6213,0.2125,-0.4713,-0.0186,0.0136,-0.0230,0.0000,0.0000,0.0000,0.0000,0.0828,0.0828,0.0000,-0.0598,0.0000,0.0000
239.3020,36.0250,0,41,p287_PAN,-26.9830,32.7410,0.0890,0.0890,1,0,1,0,0,0,0.0000,-2629007.3859,-4428105.1665,3744937.4175,41,-27.9258,33.8982,-0.9428,1.1572,-28.5733,33.3370,-0.6314,-0.5726,-0.0162,0.0114,-0.0209,0.0000,0.0000,0.0000,0.0000,0.0979,0.0979,0.0000,-0.0770,0.0000,0.0000
239.1210,36.1400,0,41,p288_PAN,-27.5980,33.3670,0.0740,0.1570,1,0,1,0,0,0,0.0000,-2639119.8058,-4413317.9113,3755266.0526,41,-27.9255,34.1548,-0.3275,0.7878,-28.2834,33.7323,-0.3416,-0.4344,-0.0163,0.0119,-0.0218,0.0000,0.0000,0.0000,0.0000,0.1006,0.1006,0.0000,-0.0788,0.0000,0.0000
239.4570,36.0890,0,1,p293_PAN,-10.1520,14.4090,0.1210,0.0990,1,0,1,0,0,0,0.0000,-2614891.1649,-4431595.6208,3750687.3919,1,-9.7753,8.9589,0.3767,-5.4501,-9.9214,7.7264,-0.1286,-1.2443,-0.0175,0.0118,-0.0206,0.0000,0.0000,0.0000,0.0000,-0.0205,-0.0205,0.0000,0.0411,0.0000,0.0000
239.5600,36.1230,0,1,p294_PAN,-9.5490,14.1350,0.1180,0.1020,1,0,1,0,0,0,0.0000,-2605792.2330,-4434369.5257,3753740.1628,1,-9.9956,9.5283,-0.4466,-4.6067,-9.9189,7.7510,0.0950,-1.7893,-0.0183,0.0120,-0.0204,0.0000,0.0000,0.0000,0.0000,-0.0992,-0.0992,0.0000,0.1195,0.0000,0.0000
239.6360,36.0520,0,1,p296_PAN,-9.7600,15.0100,0.1400,0.0780,1,0,1,0,0,0,0.0000,-2602257.3072,-4441832.1932,3747363.7582,1,-9.9924,10.2542,-0.2324,-4.7558,-9.9008,7.7692,0.1096,-2.4967,-0.0180,0.0116,-0.0200,0.0000,0.0000,0.0000,0.0000,-0.1166,-0.1166,0.0000,0.1365,0.0000,0.0000
239.4480,35.9740,0,41,p297_PAN,-24.0760,31.5430,0.1000,0.1280,1,0,1,0,0,0,0.0000,-2619408.6659,-4437658.8605,3740352.0610,41,-28.0112,33.9451,-3.9352,2.4021,-28.6799,33.0180,-0.6523,-0.9383,-0.0164,0.0112,-0.0203,0.0000,0.0000,0.0000,0.0000,0.0429,0.0429,0.0000,-0.0225,0.0000,0.0000
239.7060,36.0160,0,1,p298_PAN,-9.9670,14.3950,0.1420,0.1050,1,0,1,0,0,0,0.0000,-2598015.8487,-4447040.2790,3744128.4524,1,-9.9842,11.1198,-0.0172,-3.2752,-9.8891,7.7859,0.1130,-3.3454,-0.0180,0.0114,-0.0197,0.0000,0.0000,0.0000,0.0000,-0.1202,-0.1202,0.0000,0.1398,0.0000,0.0000
239.7230,36.3040,0,1,p300_PAN,-7.5800,12.4620,0.4030,0.2110,1,0,1,0,0,0,0.0000,-2587174.7990,-4431501.8579,3769969.4036,1,-10.1527,9.6824,-2.5727,-2.7796,-9.9365,7.7899,0.2372,-1.9054,-0.0210,0.0129,-0.0203,0.0000,0.0000,0.0000,0.0000,-0.1832,-0.1832,0.0000,0.2035,0.0000,0.0000
239.2570,36.8060,0,1,p301_PAN,-9.5260,9.7620,0.1060,0.0940,1,0,1,0,0,0,0.0000,-2606145.8652,-4381755.5744,3814783.5164,1,-10.9265,8.5207,-1.4005,-1.2413,-10.0585,7.6784,0.8930,-0.8587,-0.0251,0.0164,-0.0232,0.0000,0.0000,0.0000,0.0000,0.2103,0.2103,0.0000,-0.1872,0.0000,0.0000
239.3810,36.6350,0,1,p302_PAN,-8.2160,10.7130,0.2540,0.0860,1,0,1,0,0,0,0.0000,-2602443.9883,-4397163.8553,3799550.8655,1,-10.5686,8.6621,-2.3526,-2.0509,-10.0198,7.7082,0.5721,-0.9691,-0.0233,0.0151,-0.0222,0.0000,0.0000,0.0000,0.0000,0.0828,0.0828,0.0000,-0.0606,0.0000,0.0000
239.2950,37.0540,0,1,p303_PAN,-10.4040,10.3040,0.0770,0.1040,1,0,1,0,0,0,0.0000,-2594783.5327,-4369244.9327,3836814.9027,1,-11.0150,8.4698,-0.6110,-1.8342,-10.0971,7.6876,0.9472,-0.8008,-0.0293,0.0185,-0.0237,0.0000,0.0000,0.0000,0.0000,0.2445,0.2445,0.0000,-0.2209,0.0000,0.0000
239.6430,36.7390,0,1,p304_PAN,-10.6220,9.3990,0.1130,0.2270,1,0,1,0,0,0,0.0000,-2578819.9000,-4403059.8019,3808819.2089,1,-10.4821,8.8443,0.1399,-0.5547,-10.0161,7.7708,0.4920,-1.0892,-0.0261,0.0157,-0.0215,0.0000,0.0000,0.0000,0.0000,0.0153,0.0153,0.0000,0.0061,0.0000,0.0000
239.8030,37.3520,0,1,p305_PAN,-10.1390,9.2650,0.0600,0.0830,1,0,1,0,0,0,0.0000,-2545871.4553,-4374771.9924,3863192.9810,1,-10.4388,8.4776,-0.2998,-0.7874,-10.1051,7.8090,0.3713,-0.6889,-0.0376,0.0204,-0.0219,0.0000,0.0000,0.0000,0.0000,0.0773,0.0773,0.0000,-0.0554,0.0000,0.0000
239.3560,37.7950,0,1,p306_PAN,-10.7710,9.0130,0.0620,0.0840,1,0,1,0,0,0,0.0000,-2564622.4494,-4328949.0001,3902212.6682,1,-10.6207,8.3147,0.1503,-0.6983,-10.2152,7.7022,0.4522,-0.6390,-0.0467,0.0265,-0.0248,0.0000,0.0000,0.0000,0.0000,0.1451,0.1451,0.0000,-0.1203,0.0000,0.0000
239.9420,36.9470,0,1,p307_PAN,-13.1160,10.7330,0.0900,0.0990,1,0,1,0,0,0,0.0000,-2548864.8766,-4404460.7571,3827318.2180,1,-10.3349,8.8061,2.7811,-1.9269,-10.0265,7.8422,0.3391,-0.9808,-0.0307,0.0169,-0.0207,0.0000,0.0000,0.0000,0.0000,-0.0171,-0.0171,0.0000,0.0378,0.0000,0.0000
239.0490,38.0900,0,1,p309_PAN,-11.0840,9.1700,0.0830,0.1200,1,0,1,0,0,0,0.0000,-2577413.3670,-4297857.6061,3928067.1831,1,-10.6654,8.3804,0.4186,-0.7896,-10.2890,7.6285,0.4314,-0.7842,-0.0551,0.0323,-0.0272,0.0000,0.0000,0.0000,0.0000,0.1317,0.1317,0.0000,-0.1045,0.0000,0.0000
239.6660,38.7360,0,1,p310_PAN,-9.7700,8.2110,0.0600,0.1220,1,0,1,0,0,0,0.0000,-2508454.8166,-4286864.0695,3984319.5585,1,-10.1558,7.8415,-0.3858,-0.3695,-10.3428,7.7763,-0.1041,-0.1015,-0.0829,0.0363,-0.0233,0.0000,0.0000,0.0000,0.0000,0.0916,0.0916,0.0000,-0.0683,0.0000,0.0000
236.3020,39.5290,0,44,p312_PAN,-22.9420,25.6190,0.1540,0.2130,1,0,1,0,0,0,0.0000,-2724823.8702,-4086010.0108,4052679.1792,43,-21.9235,25.5023,1.0185,-0.1167,-26.0348,24.9877,-4.0275,-0.7768,-0.0839,0.2622,-0.1468,0.0000,0.0000,0.0000,0.0000,-0.1674,-0.1674,0.0000,0.3143,0.0000,0.0000
236.4350,39.5540,0,44,p313_PAN,-22.2190,23.0310,0.1390,0.2240,1,0,1,0,0,0,0.0000,-2714353.8028,-4090850.2433,4054821.7200,43,-20.1560,22.5886,2.0630,-0.4424,-26.0523,25.2503,-5.7754,2.3502,-0.1210,0.3114,-0.1558,0.0000,0.0000,0.0000,0.0000,-0.9248,-0.9248,0.0000,1.0806,0.0000,0.0000
236.4180,39.6860,0,44,p314_PAN,-22.1770,19.9300,0.0680,0.0730,1,0,1,0,0,0,0.0000,-2710393.1218,-4082251.3780,4066121.5272,43,-18.8311,20.8691,3.3459,0.9391,-26.3454,25.2167,-7.3760,3.9106,-0.1383,0.4370,-0.2331,0.0000,0.0000,0.0000,0.0000,-1.3730,-1.3730,0.0000,1.6061,0.0000,0.0000
236.2830,39.8640,0,44,p315_PAN,-21.5230,21.2300,0.0980,0.1270,1,0,1,0,0,0,0.0000,-2712979.0495,-4065326.8867,4081324.9617,43,-17.6205,21.7889,3.9025,0.5589,-26.7719,24.9501,-9.0564,2.5698,-0.0949,0.5914,-0.4107,0.0000,0.0000,0.0000,0.0000,-1.3655,-1.3655,0.0000,1.7762,0.0000,0.0000
235.9140,41.5590,0,4,p316_PAN,-0.1080,10.5130,0.0930,0.1180,1,0,1,0,0,0,0.0000,-2670249.0845,-3946017.9904,4224105.0304,8,1.7274,11.2957,1.8354,0.7827,-5.4569,9.0120,-2.4867,-3.6261,-4.6975,1.3423,-0.5311,0.0000,0.0000,0.0000,0.0000,1.5995,1.5995,0.0000,-1.0684,0.0000,0.0000
236.4480,39.9060,0,45,p317_PAN,-17.2190,14.7820,0.0860,0.1040,1,0,1,0,0,0,0.0000,-2699606.2589,-4070628.4505,4084906.5506,45,-15.2917,16.0582,1.9273,1.2762,-13.5925,9.8549,1.9250,-6.8665,-0.2258,0.6632,-0.4480,0.0000,0.0000,0.0000,0.0000,-2.0960,-2.0960,0.0000,2.5440,0.0000,0.0000
236.6280,39.4520,0,44,p318_PAN,-17.8330,15.5040,0.0750,0.0870,1,0,1,0,0,0,0.0000,-2704524.8996,-4105992.1015,4046075.3072,43,-18.0314,18.8739,-0.1984,3.3699,-25.7750,25.6311,-7.6011,6.5065,-0.1425,0.2506,-0.1152,0.0000,0.0000,0.0000,0.0000,-1.5843,-1.5843,0.0000,1.6994,0.0000,0.0000
236.7050,39.7070,0,45,p319_PAN,-17.2660,10.1880,0.1090,0.2080,1,0,1,0,0,0,0.0000,-2689092.5324,-4094530.7642,4067917.2355,45,-14.5138,13.3670,2.7522,3.1790,-12.4755,10.9708,2.2954,-2.8178,-0.2571,0.4217,-0.2004,0.0000,0.0000,0.0000,0.0000,-0.3264,-0.3264,0.0000,0.5268,0.0000,0.0000
236.8130,39.4930,0,45,p320_PAN,-17.0750,14.6070,0.0770,0.1000,1,0,1,0,0,0,0.0000,-2689667.6497,-4112279.1070,4049592.5650,45,-15.0942,13.8101,1.9808,-0.7969,-11.2930,11.4397,3.9873,-2.6264,-0.1860,0.2559,-0.1072,0.0000,0.0000,0.0000,0.0000,-0.6275,-0.6275,0.0000,0.7348,0.0000,0.0000
236.6050,39.8970,0,45,p321_PAN,-14.9410,16.4860,0.1070,0.1300,1,0,1,0,0,0,0.0000,-2688795.0755,-4078546.1962,4084139.2519,45,-14.0053,13.3213,0.9357,-3.1647,-13.5254,10.5366,0.7850,-3.3780,-0.3052,0.5933,-0.2974,0.0000,0.0000,0.0000,0.0000,-1.3478,-1.3478,0.0000,1.6452,0.0000,0.0000
236.8180,39.9620,0,1,p322_PAN,-10.9900,8.4940,0.0880,0.1530,1,0,1,0,0,0,0.0000,-2671076.7944,-4084633.3091,4089678.5876,1,-11.6974,9.5723,-0.7074,1.0783,-10.7756,7.0868,1.2754,-3.0101,-0.3536,0.5245,-0.0895,0.0000,0.0000,0.0000,0.0000,-0.2475,-0.2475,0.0000,0.3370,0.0000,0.0000
236.3440,40.2570,0,5,p324_PAN,-10.1990,14.6990,0.1170,0.1260,1,0,1,0,0,0,0.0000,-2693071.1187,-4044815.4664,4114752.3928,18,-8.6106,15.1075,1.5884,0.4085,-9.1221,19.0452,0.9164,2.6767,-1.4279,1.2610,-0.8515,0.0000,0.0000,0.0000,0.0000,1.3645,1.3645,0.0000,-0.5131,0.0000,0.0000
236.1170,41.1520,0,4,p325_PAN,-0.5370,11.1670,0.1870,0.1340,1,0,1,0,0,0,0.0000,-2672912.6297,-3980264.1609,4190153.5467,8,1.3532,11.9611,1.8902,0.7941,-6.6296,8.5793,-1.9142,-3.6959,-6.0687,0.3142,-0.8917,0.0000,0.0000,0.0000,0.0000,1.8800,1.8800,0.0000,-0.9883,0.0000,0.0000
236.3010,40.5750,0,4,p326_PAN,-5.0110,9.8640,0.1200,0.1360,1,0,1,0,0,0,0.0000,-2683393.5822,-4023731.0732,4141658.9183,8,-3.4401,13.1797,1.5709,3.3157,-8.3035,8.1871,-0.8846,-6.1378,-3.9788,1.1452,-0.9823,0.0000,0.0000,0.0000,0.0000,3.1049,3.1049,0.0000,-2.1226,0.0000,0.0000
236.5480,40.0820,0,5,p329_PAN,-13.9340,13.1410,0.0880,0.1210,1,0,1,0,0,0,0.0000,-2685567.9722,-4064845.3983,4099891.2200,18,-11.3401,12.3171,2.5939,-0.8239,-10.4146,17.8786,1.4389,4.6502,-0.5134,0.9113,-0.2071,0.0000,0.0000,0.0000,0.0000,-0.5890,-0.5890,0.0000,0.7962,0.0000,0.0000
236.8640,40.3240,0,4,p330_PAN,-8.8760,8.2370,0.1050,0.1170,1,0,1,0,0,0,0.0000,-2653619.1202,-4065058.1316,4120431.9450,8,-7.8559,8.3201,1.0201,0.0831,-8.9908,6.9864,-0.2328,-2.2507,-0.9021,0.9170,0.0134,0.0000,0.0000,0.0000,0.0000,0.0795,0.0795,0.0000,-0.0929,0.0000,0.0000
236.6760,40.7330,0,4,p331_PAN,-5.5360,9.0290,0.1170,0.1600,1,0,1,0,0,0,0.0000,-2650716.4887,-4031648.9519,4154980.1789,8,-4.3882,8.6581,1.1478,-0.3709,-7.8071,7.3875,-0.8206,-2.1835,-2.5983,0.9129,-0.4901,0.0000,0.0000,0.0000,0.0000,0.6134,0.6134,0.0000,-0.1233,0.0000,0.0000
236.8250,40.5470,0,4,p332_PAN,-7.3310,8.4010,0.1460,0.1160,1,0,1,0,0,0,0.0000,-2647589.9521,-4049797.1103,4139294.9004,8,-6.1426,8.1495,1.1884,-0.2515,-8.3402,7.0696,-0.5874,-2.0480,-1.6102,0.9681,-0.2198,0.0000,0.0000,0.0000,0.0000,0.2895,0.2895,0.0000,-0.0697,0.0000,0.0000
237.0240,39.6210,0,1,p333_PAN,-11.8430,8.8130,0.1190,0.1170,1,0,1,0,0,0,0.0000,-2669574.6090,-4114556.5972,4060559.9216,1,-12.0686,10.7369,-0.2256,1.9239,-10.7037,7.1372,1.6164,-3.8617,-0.2515,0.2620,-0.0980,0.0000,0.0000,0.0000,0.0000,0.2867,0.2867,0.0000,-0.1887,0.0000,0.0000
237.2640,39.4940,0,1,p334_PAN,-10.4060,7.9540,0.1100,0.1150,1,0,1,0,0,0,0.0000,-2657176.9005,-4133263.5820,4049678.3259,1,-11.3906,9.9664,-0.9846,2.0124,-10.6639,7.1959,0.9312,-2.9495,-0.2045,0.1790,-0.0664,0.0000,0.0000,0.0000,0.0000,0.2523,0.2523,0.0000,-0.1859,0.0000,0.0000
237.1260,39.7260,0,1,p335_PAN,-10.7120,7.8810,0.0840,0.1130,1,0,1,0,0,0,0.0000,-2658201.9098,-4113045.8823,4069541.4531,1,-11.2767,9.4695,-0.5647,1.5885,-10.7127,7.1622,0.8532,-2.5710,-0.2893,0.2637,-0.0887,0.0000,0.0000,0.0000,0.0000,0.1006,0.1006,0.0000,-0.0119,0.0000,0.0000
237.5700,39.5280,0,1,p336_PAN,-9.8230,7.4910,0.1140,0.1170,1,0,1,0,0,0,0.0000,-2633775.3719,-4145366.6892,4052593.4615,1,-10.8021,8.8664,-0.9791,1.3754,-10.6448,7.2706,0.3615,-1.7406,-0.2042,0.1448,-0.0519,0.0000,0.0000,0.0000,0.0000,0.0790,0.0790,0.0000,-0.0272,0.0000,0.0000
237.1310,40.2960,0,4,p337_PAN,-9.1860,7.6620,0.1490,0.1340,1,0,1,0,0,0,0.0000,-2635739.6057,-4079070.6735,4118059.0857,8,-8.4477,7.6860,0.7383,0.0240,-9.0527,6.4168,0.0344,-1.7639,-0.6394,0.4947,-0.0516,0.0000,0.0000,0.0000,0.0000,0.0500,0.0500,0.0000,0.0016,0.0000,0.0000
237.0770,40.7480,0,4,p338_PAN,-6.3640,7.8000,0.0860,0.1120,1,0,1,0,0,0,0.0000,-2621843.9086,-4049188.6001,4156243.2149,8,-5.9193,7.5039,0.4447,-0.2961,-7.7313,6.5320,-0.4216,-1.3941,-1.3904,0.4222,-0.2541,0.0000,0.0000,0.0000,0.0000,0.1967,0.1967,0.0000,0.0575,0.0000,0.0000
237.3320,40.0340,0,1,p339_PAN,-9.3510,7.6580,0.1170,0.1410,1,0,1,0,0,0,0.0000,-2631550.5011,-4104101.3153,4095808.3227,1,-10.0715,7.9864,-0.7205,0.3284,-10.7460,7.2126,-0.2820,-1.0508,-0.3925,0.2770,-0.0612,0.0000,0.0000,0.0000,0.0000,0.3242,0.3242,0.0000,-0.2631,0.0000,0.0000
236.9500,39.4090,0,45,p340_PAN,-10.6070,4.3600,0.2290,0.5140,1,0,1,0,0,0,0.0000,-2683062.0868,-4123670.5584,4042384.2501,45,-14.1887,12.9766,-3.5817,8.6166,-10.8162,12.0344,3.5434,-1.1442,-0.1709,0.2021,-0.0839,0.0000,0.0000,0.0000,0.0000,-0.1168,-0.1168,0.0000,0.2006,0.0000,0.0000
237.3930,40.6510,0,4,p341_PAN,-7.5640,7.1750,0.1020,0.0950,1,0,1,0,0,0,0.0000,-2603259.8976,-4069508.5788,4148070.5507,8,-6.9390,6.8584,0.6250,-0.3166,-7.9935,5.8577,-0.2259,-1.2670,-0.8286,0.2663,-0.0963,0.0000,0.0000,0.0000,0.0000,0.0364,0.0364,0.0000,0.0598,0.0000,0.0000
236.6660,40.8870,0,4,p343_PAN,-4.4850,8.7510,0.1030,0.0970,1,0,1,0,0,0,0.0000,-2645273.6271,-4021841.2263,4167933.7866,8,-3.6703,8.6966,0.8147,-0.0544,-7.3564,7.4088,-0.7936,-1.9131,-2.8926,0.6253,-0.5943,0.0000,0.0000,0.0000,0.0000,0.6568,0.6568,0.0000,-0.0625,0.0000,0.0000
237.9720,39.9290,0,1,p344_PAN,-9.3270,7.3590,0.0760,0.0800,1,0,1,0,0,0,0.0000,-2589520.3530,-4139595.8979,4086866.9668,1,-10.0372,7.7255,-0.7102,0.3665,-10.6768,7.3684,-0.3672,-0.4882,-0.2724,0.1311,-0.0399,0.0000,0.0000,0.0000,0.0000,0.0518,0.0518,0.0000,-0.0119,0.0000,0.0000
237.7290,40.2710,0,4,p345_PAN,-8.8770,7.6130,0.0730,0.1740,1,0,1,0,0,0,0.0000,-2593982.4106,-4107876.2975,4115939.6302,8,-9.1996,7.1430,-0.3226,-0.4700,-9.0870,5.1405,0.5358,-2.1865,-0.4232,0.1840,-0.0474,0.0000,0.0000,0.0000,0.0000,0.5573,0.5573,0.0000,-0.5099,0.0000,0.0000
238.1720,40.9060,0,4,p348_PAN,-6.8640,5.7940,0.0990,0.0690,1,0,1,0,0,0,0.0000,-2537930.3011,-4088799.5642,4169529.8743,8,-6.4443,5.3181,0.4197,-0.4759,-7.2008,4.1946,-0.2894,-1.1995,-0.4671,0.0761,-0.0374,0.0000,0.0000,0.0000,0.0000,-0.0367,-0.0367,0.0000,0.0740,0.0000,0.0000
237.6810,40.7310,0,4,p349_PAN,-7.1400,6.8000,0.0720,0.1360,1,0,1,0,0,0,0.0000,-2579672.5140,-4077643.9867,4154811.7526,8,-6.8912,6.2854,0.2488,-0.5146,-7.7407,5.2429,-0.2002,-1.2014,-0.6493,0.1589,-0.0619,0.0000,0.0000,0.0000,0.0000,0.0040,0.0040,0.0000,0.0579,0.0000,0.0000
235.7740,42.2090,0,4,p362_PAN,1.9190,10.2450,0.1250,0.0800,1,0,1,0,0,0,0.0000,-2652757.6198,-3899606.6519,4277884.5745,8,2.3023,10.9121,0.3833,0.6671,-3.5656,9.3103,-2.0727,-2.2110,-3.7952,0.6092,-0.0573,0.0000,0.0000,0.0000,0.0000,0.2193,0.2193,0.0000,-0.1620,0.0000,0.0000
235.9460,42.8600,0,4,p363_PAN,1.6940,9.5510,0.1550,0.1710,1,0,1,0,0,0,0.0000,-2613651.3666,-3867030.8627,4331195.0201,8,1.7324,9.4832,0.0384,-0.0678,-1.6375,8.9438,-0.0321,-0.5361,-3.3379,-0.0033,-0.6543,0.0000,0.0000,0.0000,0.0000,0.5752,0.5752,0.0000,0.0791,0.0000,0.0000
235.5910,43.0900,0,4,p364_PAN,5.8300,12.1530,0.0660,0.0860,1,0,1,0,0,0,0.0000,-2627714.5601,-3836387.4624,4349896.4230,8,5.2140,10.6851,-0.6160,-1.4679,-1.0022,9.7001,0.2675,-0.1780,-6.4837,-0.8069,-0.1278,0.0000,0.0000,0.0000,0.0000,0.1142,0.1142,0.0000,0.0137,0.0000,0.0000
235.7470,43.3960,0,4,p365_PAN,4.5480,10.4000,0.0720,0.0750,1,0,1,0,0,0,0.0000,-2604146.3628,-3824270.7692,4374668.7037,8,5.6135,10.5945,1.0655,0.1945,-0.0869,9.3678,0.3010,0.0082,-6.0014,-1.2349,-1.0054,0.0000,0.0000,0.0000,0.0000,0.9700,0.9700,0.0000,0.0354,0.0000,0.0000
236.0200,43.6140,0,4,p366_PAN,3.8750,9.4010,0.1030,0.0970,1,0,1,0,0,0,0.0000,-2576573.6399,-3822805.2504,4392240.8583,8,4.2719,9.6879,0.3969,0.2869,0.5825,8.7861,0.2869,0.0929,-3.9764,-0.9947,-1.2993,0.0000,0.0000,0.0000,0.0000,1.2535,1.2535,0.0000,0.0457,0.0000,0.0000
235.9380,44.5850,0,4,p367_PAN,8.1360,9.9340,0.1140,0.0930,1,0,1,0,0,0,0.0000,-2539982.4908,-3756903.2278,4469733.6101,14,7.9025,9.7822,-0.2335,-0.1518,3.2034,6.3950,0.4353,-0.6383,-5.1344,-2.7489,-0.7907,0.0000,0.0000,0.0000,0.0000,0.8703,0.8703,0.0000,-0.0796,0.0000,0.0000
236.6170,42.5040,0,4,p368_PAN,-0.8470,8.0560,0.0990,0.0770,1,0,1,0,0,0,0.0000,-2582943.5881,-3919769.7520,4302110.9904,8,-0.8894,8.1539,-0.0424,0.0979,-2.6168,7.5133,-0.3038,-0.6477,-1.4236,0.0070,-0.4264,0.0000,0.0000,0.0000,0.0000,0.2864,0.2864,0.0000,0.1400,0.0000,0.0000
236.5710,43.1400,0,4,p369_PAN,0.5600,7.7960,0.0860,0.0920,1,0,1,0,0,0,0.0000,-2559622.7490,-3877599.6314,4353952.6804,8,0.8963,7.9343,0.3363,0.1383,-0.7543,7.6114,0.1118,-0.2766,-1.7624,-0.0464,-0.4249,0.0000,0.0000,0.0000,0.0000,0.3344,0.3344,0.0000,0.0906,0.0000,0.0000
237.3440,42.1910,0,4,p370_PAN,-2.1810,6.7970,0.0900,0.0750,1,0,1,0,0,0,0.0000,-2545644.4632,-3971954.9203,4276402.6751,8,-2.5070,6.5655,-0.3260,-0.2315,-3.4779,5.9623,-0.1866,-0.5890,-0.7843,-0.0142,-0.1170,0.0000,0.0000,0.0000,0.0000,-0.0008,-0.0008,0.0000,0.1178,0.0000,0.0000
236.9420,43.3630,0,4,p371_PAN,0.9260,7.1330,0.0780,0.0810,1,0,1,0,0,0,0.0000,-2525198.1610,-3879860.0441,4372003.1734,8,0.9134,7.1181,-0.0126,-0.0149,-0.0678,6.8200,0.2580,-0.1843,-1.2391,-0.1138,-0.1852,0.0000,0.0000,0.0000,0.0000,0.1172,0.1172,0.0000,0.0680,0.0000,0.0000
236.6670,43.6230,0,4,p373_PAN,1.8550,7.5550,0.0890,0.0870,1,0,1,0,0,0,0.0000,-2532862.9427,-3851079.8135,4392964.9493,8,2.0698,7.7206,0.2148,0.1656,0.6719,7.4067,0.2900,-0.0511,-1.6879,-0.2628,-0.2741,0.0000,0.0000,0.0000,0.0000,0.2139,0.2139,0.0000,0.0601,0.0000,0.0000
236.4090,44.3820,0,4,p374_PAN,4.3350,7.8410,0.0910,0.0880,1,0,1,0,0,0,0.0000,-2517759.2547,-3790824.0513,4453638.1543,8,5.1356,7.9025,0.8006,0.0615,2.8754,7.9568,0.2214,0.7434,-2.4816,-0.6890,-0.5112,0.0000,0.0000,0.0000,0.0000,0.8650,0.8650,0.0000,-0.3538,0.0000,0.0000
236.5730,44.6890,0,4,p375_PAN,5.3140,7.4220,0.0830,0.1090,1,0,1,0,0,0,0.0000,-2493716.7260,-3778044.7301,4477957.8346,14,5.4583,7.4759,0.1443,0.0539,3.1482,6.8339,0.4007,-0.1493,-2.7108,-0.4927,-0.6085,0.0000,0.0000,0.0000,0.0000,0.5990,0.5990,0.0000,0.0095,0.0000,0.0000
236.8980,44.9410,0,15,p376_PAN,4.5670,6.7850,0.0750,0.0770,1,0,1,0,0,0,0.0000,-2461466.4651,-3775593.8414,4497824.5238,14,4.8119,6.8792,0.2449,0.0942,2.9176,7.0582,0.3956,0.4657,-2.2899,-0.2867,-0.3232,0.0000,0.0000,0.0000,0.0000,0.1978,0.1978,0.0000,0.1254,0.0000,0.0000
237.1130,44.0520,0,4,p377_PAN,2.4710,6.2590,0.0800,0.0880,1,0,1,0,0,0,0.0000,-2484879.1508,-3842949.9672,4427353.9068,8,2.5076,6.5908,0.0366,0.3318,1.9686,6.4552,0.5922,0.0110,-1.1312,-0.1466,-0.1088,0.0000,0.0000,0.0000,0.0000,0.1183,0.1183,0.0000,-0.0096,0.0000,0.0000
237.0690,44.5350,0,4,p378_PAN,3.8980,6.3660,0.0950,0.0740,1,0,1,0,0,0,0.0000,-2467451.9477,-3809578.8804,4465774.4123,8,3.9405,6.6692,0.0425,0.3032,3.3829,6.5491,0.9617,0.0125,-1.5194,-0.1326,-0.1655,0.0000,0.0000,0.0000,0.0000,0.1888,0.1888,0.0000,-0.0233,0.0000,0.0000
237.4230,44.4970,0,4,p379_PAN,2.9840,5.4720,0.1510,0.1600,1,0,1,0,0,0,0.0000,-2445461.8495,-3827246.1243,4462763.1473,8,3.2015,5.7660,0.2175,0.2940,3.2981,5.7936,1.2773,0.1086,-1.1807,-0.0810,-0.0983,0.0000,0.0000,0.0000,0.0000,0.5050,0.5050,0.0000,-0.4067,0.0000,0.0000
238.2200,42.2600,0,3,p380_PAN,-2.2330,4.7520,0.0620,0.0850,1,0,1,0,0,0,0.0000,-2481907.6697,-4006028.9719,4282080.9961,2,-2.9388,5.6051,-0.7058,0.8531,-3.7867,5.5119,-0.3541,-0.0853,-0.4939,-0.0079,-0.0502,0.0000,0.0000,0.0000,0.0000,-0.0151,-0.0151,0.0000,0.0652,0.0000,0.0000
238.2300,43.1770,0,3,p382_PAN,-0.8110,4.6780,0.0710,0.0750,1,0,1,0,0,0,0.0000,-2444808.7032,-3947686.6136,4356952.1763,2,-0.8645,5.0522,-0.0535,0.3742,-1.7151,5.4956,-0.2947,0.4661,-0.5559,-0.0227,-0.0531,0.0000,0.0000,0.0000,0.0000,0.2380,0.2380,0.0000,-0.1850,0.0000,0.0000
237.7830,44.3420,0,11,p383_PAN,2.2000,4.9450,0.0840,0.0760,1,0,1,0,0,0,0.0000,-2427793.9837,-3852735.8203,4450460.0362,9,2.1987,4.9770,-0.0013,0.0320,1.4206,4.7275,0.1369,-0.1963,-0.9150,-0.0533,-0.0646,0.0000,0.0000,0.0000,0.0000,0.2026,0.2026,0.0000,-0.1380,0.0000,0.0000
237.5170,44.8410,0,11,p384_PAN,3.4470,5.7740,0.1460,0.1000,1,0,1,0,0,0,0.0000,-2424745.8990,-3808581.8928,4489951.3085,9,3.5807,5.4968,0.1337,-0.2772,2.7354,5.2395,0.4867,-0.1612,-1.3320,-0.0961,-0.0913,0.0000,0.0000,0.0000,0.0000,0.4661,0.4661,0.0000,-0.3748,0.0000,0.0000
238.0540,44.4350,0,11,p385_PAN,2.1510,4.2370,0.1320,0.2170,1,0,1,0,0,0,0.0000,-2405718.6389,-3858040.9489,4457845.8170,9,1.9737,4.4215,-0.1773,0.1845,1.6835,4.2057,0.5551,-0.1743,-0.8452,-0.0414,-0.0473,0.0000,0.0000,0.0000,0.0000,0.1932,0.1932,0.0000,-0.1458,0.0000,0.0000
238.4260,44.2970,0,11,p387_PAN,1.2040,3.9170,0.1450,0.1090,1,0,1,0,0,0,0.0000,-2386234.2539,-3882715.2208,4446882.0606,9,1.3249,3.9441,0.1209,0.0271,1.3328,3.4893,0.7036,-0.4267,-0.6957,-0.0281,-0.0334,0.0000,0.0000,0.0000,0.0000,-1.0683,-1.0683,0.0000,1.1018,0.0000,0.0000
239.6220,42.4690,0,6,p388_PAN,-2.5660,3.9550,0.0690,0.1090,1,0,1,0,0,0,0.0000,-2375234.0024,-4052052.2934,4299242.6201,3,-2.6453,2.9873,-0.0793,-0.9677,-2.9721,2.4155,-0.0113,-0.5775,-0.3155,0.0057,-0.0204,0.0000,0.0000,0.0000,0.0000,-0.0796,-0.0796,0.0000,0.1000,0.0000,0.0000
236.1420,45.0220,0,15,p395_PAN,7.4730,9.0350,0.0830,0.0790,1,0,1,0,0,0,0.0000,-2507523.3952,-3737503.7446,4504191.7857,14,7.6418,8.9657,0.1688,-0.0693,2.7711,6.5361,0.3164,-0.1052,-5.1872,-2.3245,-1.4457,0.0000,0.0000,0.0000,0.0000,1.4100,1.4100,0.0000,0.0358,0.0000,0.0000
236.1770,45.3100,0,15,p396_PAN,7.3200,9.0060,0.1050,0.0880,1,0,1,0,0,0,0.0000,-2492605.8376,-3720178.7723,4526757.9460,14,7.8449,8.9257,0.5249,-0.0803,2.4783,6.5603,0.2692,0.0182,-5.6358,-2.3835,-1.5343,0.0000,0.0000,0.0000,0.0000,1.4970,1.4970,0.0000,0.0372,0.0000,0.0000
236.2010,46.4220,0,9,p397_PAN,7.9900,8.3840,0.1260,0.0960,1,0,1,0,0,0,0.0000,-2441708.8336,-3647518.8212,4612809.9768,6,8.8871,7.9136,0.8971,-0.4704,2.6591,5.7858,0.7521,-0.0058,-6.9802,-2.1221,-2.1089,0.0000,0.0000,0.0000,0.0000,1.9590,1.9590,0.0000,0.1499,0.0000,0.0000
236.0840,46.9260,0,9,p398_PAN,10.7920,8.7680,0.0990,0.0830,1,0,1,0,0,0,0.0000,-2426416.9468,-3608712.0885,4651241.6970,6,10.3753,7.8094,-0.4167,-0.9586,2.7442,5.8047,0.7371,0.7210,-8.3682,-2.7257,-1.9845,0.0000,0.0000,0.0000,0.0000,1.8966,1.8966,0.0000,0.0879,0.0000,0.0000
236.3870,47.4340,0,8,p399_PAN,9.2500,6.4790,0.1410,0.0930,1,0,1,0,0,0,0.0000,-2384375.4575,-3587007.6027,4689614.2270,5,9.0417,6.2735,-0.2083,-0.2055,3.2038,2.7580,0.8788,-1.4106,-6.7166,-2.1049,-2.2388,0.0000,0.0000,0.0000,0.0000,2.8931,2.8931,0.0000,-0.6543,0.0000,0.0000
236.1880,47.5130,0,8,p400_PAN,9.8960,6.6210,0.1520,0.1300,1,0,1,0,0,0,0.0000,-2393219.0058,-3573328.6939,4695548.5619,5,10.3978,6.3948,0.5018,-0.2262,3.1826,2.7419,0.7203,-0.7802,-7.9356,-2.8728,-2.4602,0.0000,0.0000,0.0000,0.0000,2.7147,2.7147,0.0000,-0.2545,0.0000,0.0000
235.6940,47.7660,0,8,p402_PAN,13.8020,9.6850,0.0900,0.1480,1,0,1,0,0,0,0.0000,-2412229.0825,-3535400.2540,4714493.3301,5,13.7017,7.9784,-0.1003,-1.7066,3.1195,2.7019,0.5475,-0.2940,-11.1297,-4.9825,-2.0621,0.0000,0.0000,0.0000,0.0000,2.1595,2.1595,0.0000,-0.0973,0.0000,0.0000
236.6100,45.1590,0,15,p404_PAN,5.4370,7.8970,0.0670,0.1050,1,0,1,0,0,0,0.0000,-2470977.4578,-3748857.5801,4514940.6097,14,5.7360,7.3697,0.2990,-0.5273,2.6693,6.8594,0.3638,0.1709,-3.4305,-0.6812,-0.7417,0.0000,0.0000,0.0000,0.0000,0.7107,0.7107,0.0000,0.0310,0.0000,0.0000
236.3560,45.6290,0,15,p405_PAN,7.1440,8.3690,0.0970,0.0860,1,0,1,0,0,0,0.0000,-2466969.6118,-3706908.6353,4551619.5761,14,7.3543,8.1310,0.2103,-0.2380,2.1655,6.6840,0.0757,0.1870,-5.2645,-1.6340,-1.2952,0.0000,0.0000,0.0000,0.0000,1.2204,1.2204,0.0000,0.0747,0.0000,0.0000
236.8480,45.1900,0,15,p406_PAN,5.0050,7.1900,0.0710,0.0840,1,0,1,0,0,0,0.0000,-2454047.6228,-3757043.6277,4517369.2461,14,4.8855,7.0273,-0.1195,-0.1627,2.6579,7.0237,0.4613,0.4027,-2.6889,-0.4064,-0.3835,0.0000,0.0000,0.0000,0.0000,0.4088,0.4088,0.0000,-0.0253,0.0000,0.0000
236.0690,45.9550,0,15,p407_PAN,11.2620,8.6000,0.1480,0.0810,1,0,1,0,0,0,0.0000,-2471010.7534,-3672957.6336,4576880.9838,14,9.4624,9.1605,-1.7996,0.5605,1.8071,6.4856,0.0697,0.2633,-7.7250,-2.9382,-1.7850,0.0000,0.0000,0.0000,0.0000,1.7508,1.7508,0.0000,0.0342,0.0000,0.0000
236.6230,46.2010,0,9,p408_PAN,6.4300,7.2680,0.0930,0.1040,1,0,1,0,0,0,0.0000,-2424548.2542,-3680234.2142,4595845.2273,6,6.6826,6.6298,0.2526,-0.6382,2.6484,5.7172,0.5485,0.1505,-4.5827,-1.0631,-0.9477,0.0000,0.0000,0.0000,0.0000,0.9179,0.9179,0.0000,0.0298,0.0000,0.0000
236.7610,45.8510,0,7,p409_PAN,5.7720,6.9900,0.0660,0.0910,1,0,1,0,0,0,0.0000,-2431020.5263,-3709475.4747,4568838.1854,4,6.0329,6.7127,0.2609,-0.2773,3.9589,6.4783,1.5854,0.4691,-3.6594,-0.7035,-0.5551,0.0000,0.0000,0.0000,0.0000,0.5296,0.5296,0.0000,0.0255,0.0000,0.0000
236.9210,46.1110,0,9,p410_PAN,5.4930,7.0380,0.0890,0.1180,1,0,1,0,0,0,0.0000,-2409311.5490,-3698839.1446,4588916.8988,6,5.5280,6.1479,0.0350,-0.8901,2.6529,5.6686,0.4253,0.1427,-3.3004,-0.6220,-0.3973,0.0000,0.0000,0.0000,0.0000,0.4098,0.4098,0.0000,-0.0125,0.0000,0.0000
236.8430,45.5380,0,7,p411_PAN,5.1410,6.8670,0.1020,0.1060,1,0,1,0,0,0,0.0000,-2439323.8476,-3733790.4373,4544541.7369,4,5.4321,6.8327,0.2911,-0.0343,3.2733,6.3480,0.8872,0.0198,-3.0460,-0.5045,-0.3978,0.0000,0.0000,0.0000,0.0000,0.2434,0.2434,0.0000,0.1544,0.0000,0.0000
237.4110,45.2210,0,7,p412_PAN,4.0260,5.9650,0.1010,0.1000,1,0,1,0,0,0,0.0000,-2415695.4822,-3778915.9627,4519796.5602,4,3.8496,5.6521,-0.1764,-0.3129,2.6137,5.4447,0.4446,-0.0401,-1.6805,-0.1673,-0.1094,0.0000,0.0000,0.0000,0.0000,0.0989,0.0989,0.0000,0.0104,0.0000,0.0000
237.3070,45.8350,0,7,p414_PAN,4.7630,5.7820,0.0830,0.0600,1,0,1,0,0,0,0.0000,-2396250.2886,-3733546.6876,4567599.4951,4,4.8920,5.5524,0.1290,-0.2296,3.9648,5.6101,1.2753,0.3656,-2.2026,-0.3079,-0.1402,0.0000,0.0000,0.0000,0.0000,0.2244,0.2244,0.0000,-0.0843,0.0000,0.0000
236.2700,46.6560,0,9,p415_PAN,7.7910,7.5800,0.1540,0.1080,1,0,1,0,0,0,0.0000,-2426833.2008,-3634758.5267,4630697.8448,6,8.6721,7.2770,0.8811,-0.3030,2.7077,5.7746,0.6713,0.3741,-6.6358,-1.8766,-2.1684,0.0000,0.0000,0.0000,0.0000,2.1228,2.1228,0.0000,0.0456,0.0000,0.0000
236.7020,46.5750,0,9,p417_PAN,6.1030,6.5260,0.0740,0.0820,1,0,1,0,0,0,0.0000,-2402950.6309,-3658421.0108,4624514.6161,6,6.7016,6.2808,0.5986,-0.2452,2.7240,5.7044,0.4715,0.3556,-4.4491,-0.9321,-0.9474,0.0000,0.0000,0.0000,0.0000,0.9767,0.9767,0.0000,-0.0293,0.0000,0.0000
236.5920,47.2370,0,9,p418_PAN,7.2150,6.4640,0.0790,0.1010,1,0,1,0,0,0,0.0000,-2380390.1364,-3608954.5550,4674777.1370,6,7.9791,6.5043,0.7641,0.0403,2.8394,5.7223,0.4386,0.5982,-5.5783,-1.3802,-1.6867,0.0000,0.0000,0.0000,0.0000,1.2020,1.2020,0.0000,0.4847,0.0000,0.0000
236.6330,47.4090,0,10,p419_PAN,7.3500,6.1140,0.0840,0.1230,1,0,1,0,0,0,0.0000,-2370077.8756,-3598920.4461,4687734.4152,7,7.8366,5.8737,0.4866,-0.2403,1.9658,3.9442,-0.4255,-0.4852,-5.4453,-1.4443,-1.4925,0.0000,0.0000,0.0000,0.0000,0.2873,0.2873,0.0000,1.2052,0.0000,0.0000
237.1340,46.5890,0,9,p420_PAN,4.9220,5.4240,0.0960,0.0990,1,0,1,0,0,0,0.0000,-2374685.4603,-3675485.4427,4625583.9833,6,5.1476,5.7065,0.2256,0.2825,2.7577,5.6338,0.4972,0.4675,-2.8871,-0.5402,-0.2309,0.0000,0.0000,0.0000,0.0000,0.3097,0.3097,0.0000,-0.0788,0.0000,0.0000
237.5710,46.5320,0,9,p421_PAN,4.4220,5.1860,0.0860,0.1080,1,0,1,0,0,0,0.0000,-2349049.9293,-3697372.5699,4621228.4049,6,4.1855,5.1187,-0.2365,-0.0673,2.7780,5.5621,0.6487,0.7915,-2.0562,-0.3481,-0.0761,0.0000,0.0000,0.0000,0.0000,0.3317,0.3317,0.0000,-0.2555,0.0000,0.0000
237.0590,47.2880,0,16,p423_PAN,6.0540,5.0320,0.0740,0.1130,1,0,1,0,0,0,0.0000,-2348632.2970,-3624742.7158,4678623.5197,15,6.0886,4.9356,0.0346,-0.0964,2.9764,4.1914,0.3761,0.0137,-3.4883,-0.7578,-0.4157,0.0000,0.0000,0.0000,0.0000,0.6807,0.6807,0.0000,-0.2651,0.0000,0.0000
237.1250,47.8230,0,8,p424_PAN,6.0610,4.0030,0.1260,0.1140,1,0,1,0,0,0,0.0000,-2320639.9830,-3590597.5656,4718748.8440,5,5.8106,4.1432,-0.2504,0.1402,3.1603,2.8173,0.4257,-0.3202,-3.0760,-1.0057,-0.2835,0.0000,0.0000,0.0000,0.0000,0.4053,0.4053,0.0000,-0.1218,0.0000,0.0000
237.1550,46.4530,0,9,p425_PAN,5.2530,5.8070,0.1180,0.0760,1,0,1,0,0,0,0.0000,-2379286.4093,-3685569.5311,4615184.1649,6,5.0413,5.7465,-0.2117,-0.0605,2.7337,5.6304,0.4770,0.3991,-2.7846,-0.5153,-0.2163,0.0000,0.0000,0.0000,0.0000,0.2714,0.2714,0.0000,-0.0552,0.0000,0.0000
237.4850,47.8030,0,8,p426_PAN,5.4340,3.7500,0.1020,0.0970,1,0,1,0,0,0,0.0000,-2298919.1730,-3606496.3496,4717256.2129,5,5.0259,3.7812,-0.4081,0.0312,3.1771,2.8460,0.4677,-0.2130,-2.3164,-0.7222,-0.1031,0.0000,0.0000,0.0000,0.0000,0.2310,0.2310,0.0000,-0.1279,0.0000,0.0000
237.6590,45.4300,0,7,p427_PAN,3.5580,5.2090,0.0760,0.0580,1,0,1,0,0,0,0.0000,-2390480.3831,-3775381.9345,4536126.7893,4,3.9233,5.2737,0.3653,0.0647,3.0923,5.0501,0.6995,-0.0707,-1.5305,-0.1528,-0.0646,0.0000,0.0000,0.0000,0.0000,0.1180,0.1180,0.0000,-0.0534,0.0000,0.0000
238.1230,45.6760,0,7,p429_PAN,3.1070,4.5310,0.0760,0.0680,1,0,1,0,0,0,0.0000,-2349521.1541,-3778043.2698,4555270.6681,4,3.8264,3.9048,0.7194,-0.6262,3.6637,4.3117,1.0958,0.5362,-1.2586,-0.1294,-0.0174,0.0000,0.0000,0.0000,0.0000,-0.4591,-0.4591,0.0000,0.4765,0.0000,0.0000
236.5640,47.0040,0,9,p430_PAN,7.0440,6.3620,0.1610,0.1470,1,0,1,0,0,0,0.0000,-2392608.6938,-3623625.2916,4657157.3782,6,7.8527,6.3396,0.8087,-0.0224,2.7940,5.7268,0.4064,0.6653,-5.4651,-1.2780,-1.7485,0.0000,0.0000,0.0000,0.0000,1.8518,1.8518,0.0000,-0.1033,0.0000,0.0000
238.0120,46.5720,0,16,p431_PAN,4.0680,4.4520,0.1140,0.0980,1,0,1,0,0,0,0.0000,-2318812.6831,-3712606.0205,4624285.4300,15,3.9879,4.4375,-0.0801,-0.0145,2.3413,3.5392,-0.0660,-0.6382,-1.5806,-0.2600,-0.0149,0.0000,0.0000,0.0000,0.0000,0.4461,0.4461,0.0000,-0.4312,0.0000,0.0000
238.3170,46.6230,0,16,p432_PAN,3.9090,3.3750,0.1010,0.0800,1,0,1,0,0,0,0.0000,-2296853.9804,-3721392.7988,4628179.8681,15,3.6538,3.7864,-0.2552,0.4114,2.4032,3.3303,0.1031,-0.2303,-1.3536,-0.2258,0.0073,0.0000,0.0000,0.0000,0.0000,0.1367,0.1367,0.0000,-0.1440,0.0000,0.0000
238.9240,47.7400,0,13,p434_PAN,3.0230,2.0900,0.0640,0.0800,1,0,1,0,0,0,0.0000,-2210301.4935,-3667531.1812,4712550.6686,12,3.3058,1.9775,0.2828,-0.1125,2.9260,1.9498,0.6767,0.2758,-1.0565,-0.3035,0.0426,0.0000,0.0000,0.0000,0.0000,0.1850,0.1850,0.0000,-0.2275,0.0000,0.0000
236.4970,48.0600,0,8,p435_PAN,7.2250,5.0070,0.1200,0.1150,1,0,1,0,0,0,0.0000,-2349061.0023,-3548640.3148,4736392.6975,5,7.6633,5.0971,0.4383,0.0901,3.0948,2.7668,0.4289,-0.1629,-4.9974,-2.1675,-1.1572,0.0000,0.0000,0.0000,0.0000,1.2501,1.2501,0.0000,-0.0929,0.0000,0.0000
236.8660,48.0450,0,8,p436_PAN,6.2580,4.6650,0.0810,0.0980,1,0,1,0,0,0,0.0000,-2326835.9553,-3564733.4265,4735278.3970,5,6.2561,4.3909,-0.0019,-0.2741,3.1109,2.7965,0.3984,-0.1919,-3.5436,-1.4025,-0.4443,0.0000,0.0000,0.0000,0.0000,0.5225,0.5225,0.0000,-0.0783,0.0000,0.0000
237.3300,48.4190,0,14,p438_PAN,5.5090,3.1570,0.1280,0.0640,1,0,1,0,0,0,0.0000,-2281157.7219,-3557364.0828,4762964.5907,11,5.0020,3.5161,-0.5070,0.3591,3.7358,2.7078,0.8139,0.1224,-2.0801,-0.9307,-0.0721,0.0000,0.0000,0.0000,0.0000,-0.0729,-0.0729,0.0000,0.1450,0.0000,0.0000
237.0910,48.7080,0,14,p439_PAN,5.4550,3.5400,0.0900,0.0770,1,0,1,0,0,0,0.0000,-2282895.0362,-3527603.3238,4784219.5294,11,4.9223,3.6547,-0.5327,0.1147,3.5237,2.6076,0.6552,0.0287,-2.0539,-1.0758,-0.0834,0.0000,0.0000,0.0000,0.0000,0.1989,0.1989,0.0000,-0.1156,0.0000,0.0000
237.5070,48.8560,0,14,p440_PAN,4.4850,2.5220,0.0630,0.1110,1,0,1,0,0,0,0.0000,-2250576.4506,-3533650.0142,4795057.3175,11,4.2100,3.3813,-0.2750,0.8593,3.4340,2.7820,0.7553,0.1960,-1.5313,-0.7953,-0.0014,0.0000,0.0000,0.0000,0.0000,0.1456,0.1456,0.0000,-0.1442,0.0000,0.0000
237.8600,48.9160,0,14,p441_PAN,3.9000,2.1800,0.0800,0.0920,1,0,1,0,0,0,0.0000,-2226090.4730,-3543194.8955,4799441.9050,11,3.6685,3.1495,-0.2315,0.9695,3.4049,2.9298,1.0113,0.4266,-1.2749,-0.6463,0.0263,0.0000,0.0000,0.0000,0.0000,0.2112,0.2112,0.0000,-0.2375,0.0000,0.0000
238.3840,48.2600,0,14,p442_PAN,3.3460,2.5950,0.0820,0.1110,1,0,1,0,0,0,0.0000,-2222255.4225,-3609965.4331,4751218.9878,11,3.3466,2.5078,0.0006,-0.0872,3.8881,3.1491,1.7914,1.1070,-1.2500,-0.4657,0.0344,0.0000,0.0000,0.0000,0.0000,0.3800,0.3800,0.0000,-0.4145,0.0000,0.0000
238.7140,48.5100,0,14,p443_PAN,3.3060,2.3030,0.0970,0.1680,1,0,1,0,0,0,0.0000,-2190639.9723,-3604953.8235,4769670.4188,13,2.5758,1.4699,-0.7302,-0.8331,-0.0107,-0.0777,-1.5619,-1.1351,-1.0246,-0.4125,0.0466,0.0000,0.0000,0.0000,0.0000,0.9107,0.9107,0.0000,-0.9573,0.0000,0.0000
238.9320,48.7300,0,14,p444_PAN,3.0180,1.6580,0.0840,0.1070,1,0,1,0,0,0,0.0000,-2167440.7871,-3597548.9536,4785832.5736,13,1.7660,0.9794,-1.2520,-0.6786,-0.0019,-0.0836,-0.8735,-0.6795,-0.8944,-0.3835,0.0507,0.0000,0.0000,0.0000,0.0000,0.2750,0.2750,0.0000,-0.3257,0.0000,0.0000
239.3280,45.5900,0,6,p445_PAN,1.5750,2.6550,0.0700,0.0570,1,0,1,0,0,0,0.0000,-2273035.9169,-3832493.9443,4548587.6213,3,1.3069,2.7865,-0.2681,0.1315,0.4427,2.6429,-0.1296,-0.0781,-0.7346,-0.0656,0.0155,0.0000,0.0000,0.0000,0.0000,-0.0032,-0.0032,0.0000,-0.0124,0.0000,0.0000
239.9950,45.9110,0,6,p448_PAN,2.0530,1.5190,0.1030,0.0570,1,0,1,0,0,0,0.0000,-2215488.9395,-3836566.1721,4573480.1002,3,1.4533,2.1236,-0.5997,0.6046,0.8149,2.1269,-0.0151,0.0740,-0.6233,-0.0707,0.0264,0.0000,0.0000,0.0000,0.0000,0.0118,0.0118,0.0000,-0.0382,0.0000,0.0000
240.3690,46.2600,0,16,p449_PAN,1.5580,1.5340,0.0520,0.0640,1,0,1,0,0,0,0.0000,-2176584.7371,-3826659.7957,4600380.9790,15,1.7645,1.5793,0.2065,0.0453,2.1251,1.9223,0.9439,0.4255,-0.5833,-0.0825,0.0326,0.0000,0.0000,0.0000,0.0000,-0.1768,-0.1768,0.0000,0.1443,0.0000,0.0000
240.4560,45.9530,0,6,p450_PAN,1.3090,1.7600,0.0480,0.0600,1,0,1,0,0,0,0.0000,-2182894.9773,-3851349.8828,4576726.4567,3,1.3233,1.7121,0.0143,-0.0479,0.8722,1.7700,0.0936,0.1226,-0.5446,-0.0647,0.0281,0.0000,0.0000,0.0000,0.0000,0.0239,0.0239,0.0000,-0.0520,0.0000,0.0000
240.9590,46.7930,0,14,p451_PAN,1.5550,1.0990,0.0420,0.0520,1,0,1,0,0,0,0.0000,-2116198.5946,-3811288.8218,4641134.8274,13,1.0619,0.6986,-0.4931,-0.4004,-0.0842,-0.1383,-0.6304,-0.7403,-0.5156,-0.0967,0.0382,0.0000,0.0000,0.0000,0.0000,0.2308,0.2308,0.0000,-0.2690,0.0000,0.0000
240.5130,47.4040,0,14,p452_PAN,1.7590,2.0590,0.0560,0.1820,1,0,1,0,0,0,0.0000,-2121318.6605,-3751403.7827,4687358.3458,13,0.9617,0.4828,-0.7973,-1.5762,-0.0584,-0.1263,-0.4183,-0.4625,-0.6018,-0.1466,0.0452,0.0000,0.0000,0.0000,0.0000,0.0581,0.0581,0.0000,-0.1033,0.0000,0.0000
241.2550,47.7590,0,14,p453_PAN,1.5770,0.7430,0.0490,0.0700,1,0,1,0,0,0,0.0000,-2058553.5873,-3753024.3331,4713970.4013,13,0.5943,0.2470,-0.9827,-0.4960,-0.0452,-0.1463,-0.1554,-0.2595,-0.4842,-0.1338,0.0442,0.0000,0.0000,0.0000,0.0000,-0.0015,-0.0015,0.0000,-0.0427,0.0000,0.0000
241.0070,47.9540,0,14,p454_PAN,1.7000,0.9620,0.0510,0.0700,1,0,1,0,0,0,0.0000,-2066990.5808,-3730024.3678,4728511.3530,13,0.6408,0.2817,-1.0592,-0.6803,-0.0367,-0.1396,-0.1633,-0.2684,-0.5142,-0.1529,0.0463,0.0000,0.0000,0.0000,0.0000,0.0019,0.0019,0.0000,-0.0482,0.0000,0.0000
238.4930,41.7120,0,3,p672_PAN,-4.3030,4.9690,0.0740,0.0870,1,0,1,0,0,0,0.0000,-2484082.3603,-4052542.5542,4236813.0872,2,-4.3301,5.2652,-0.0271,0.2962,-5.0072,5.0677,-0.2495,-0.2074,-0.4276,0.0100,-0.0356,0.0000,0.0000,0.0000,0.0000,-0.0812,-0.0812,0.0000,0.1168,0.0000,0.0000
238.3870,41.5860,0,3,p673_PAN,-2.6060,5.6130,0.1210,0.1030,1,0,1,0,0,0,0.0000,-2496453.3807,-4055864.7880,4226349.8200,2,-4.6085,5.3794,-2.0025,-0.2336,-5.2980,5.2402,-0.2405,-0.1532,-0.4489,0.0139,-0.0368,0.0000,0.0000,0.0000,0.0000,-0.1149,-0.1149,0.0000,0.1517,0.0000,0.0000
238.5100,41.6160,0,3,p674_PAN,-5.4480,4.6520,0.0730,0.0740,1,0,1,0,0,0,0.0000,-2486584.4321,-4059327.1361,4228842.9298,2,-4.5656,5.2337,0.8824,0.5817,-5.2229,5.0401,-0.2352,-0.2080,-0.4220,0.0143,-0.0343,0.0000,0.0000,0.0000,0.0000,-0.0926,-0.0926,0.0000,0.1269,0.0000,0.0000
240.2540,37.0890,0,1,p725_PAN,-9.8530,9.8120,0.0610,0.0610,1,0,1,0,0,0,0.0000,-2520128.9976,-4410025.8546,3839918.3922,1,-10.1302,8.7561,-0.2772,-1.0559,-10.0242,7.9164,0.1402,-0.8571,-0.0342,0.0174,-0.0197,0.0000,0.0000,0.0000,0.0000,-0.0524,-0.0524,0.0000,0.0721,0.0000,0.0000
236.1090,43.3920,0,4,p732_PAN,2.4080,8.7990,0.0970,0.0970,1,0,1,0,0,0,0.0000,-2580102.7476,-3840901.0778,4374345.6864,8,3.2135,9.2139,0.8055,0.4149,-0.0596,8.5964,0.2338,-0.0773,-3.5069,-0.5402,-1.1221,0.0000,0.0000,0.0000,0.0000,1.0619,1.0619,0.0000,0.0602,0.0000,0.0000
235.5870,42.4420,0,4,p733_PAN,4.0750,12.1810,0.0730,0.0910,1,0,1,0,0,0,0.0000,-2655617.1423,-3876543.9130,4297028.7811,8,3.1018,11.6630,-0.9732,-0.5180,-2.9032,9.7087,-1.4113,-2.0761,-4.5936,0.1218,-0.0467,0.0000,0.0000,0.0000,0.0000,0.1951,0.1951,0.0000,-0.1484,0.0000,0.0000
235.7070,42.0770,0,4,p734_PAN,1.5950,11.0800,0.1110,0.0970,1,0,1,0,0,0,0.0000,-2662861.6914,-3904633.9039,4267007.5171,8,3.1946,11.7256,1.5996,0.6456,-3.9601,9.4530,-2.8633,-3.0926,-4.2914,0.8200,0.1264,0.0000,0.0000,0.0000,0.0000,0.5673,0.5673,0.0000,-0.6936,0.0000,0.0000
236.7690,42.6920,0,4,p735_PAN,-0.2840,7.7770,0.1040,0.0870,1,0,1,0,0,0,0.0000,-2564786.0331,-3914779.4042,4317490.7391,8,-0.6344,7.7242,-0.3504,-0.0528,-2.0518,7.1891,-0.1277,-0.4997,-1.2897,-0.0354,-0.3402,0.0000,0.0000,0.0000,0.0000,0.2165,0.2165,0.0000,0.1237,0.0000,0.0000
238.1200,42.5800,0,3,p736_PAN,-1.9110,5.6080,0.0720,0.0880,1,0,1,0,0,0,0.0000,-2476226.1143,-3981320.6986,4308333.9224,2,-2.2513,5.6227,-0.3403,0.0147,-3.0707,5.6745,-0.2885,0.0654,-0.5309,-0.0136,-0.0576,0.0000,0.0000,0.0000,0.0000,-0.0041,-0.0041,0.0000,0.0616,0.0000,0.0000
237.3900,42.7270,0,4,p737_PAN,-1.0310,6.6540,0.1120,0.1030,1,0,1,0,0,0,0.0000,-2520784.0881,-3940124.9660,4320348.8627,8,-1.1779,6.3088,-0.1469,-0.3452,-1.9011,5.8641,0.0753,-0.4149,-0.7984,-0.0298,-0.1209,0.0000,0.0000,0.0000,0.0000,0.0451,0.0451,0.0000,0.0758,0.0000,0.0000
237.5800,41.8310,0,4,p784_PAN,-2.7470,6.3190,0.1170,0.0800,1,0,1,0,0,0,0.0000,-2543617.7825,-4005009.4727,4246676.2488,8,-3.5466,6.2009,-0.7996,-0.1181,-4.5189,5.4585,-0.2674,-0.7148,-0.7049,-0.0276,-0.0783,0.0000,0.0000,0.0000,0.0000,-0.0411,-0.0411,0.0000,0.1193,0.0000,0.0000
236.0190,41.8450,0,4,p786_PAN,0.3360,11.0710,0.0940,0.1690,1,0,1,0,0,0,0.0000,-2651195.1143,-3933371.3524,4247835.4172,8,0.2389,9.7679,-0.0971,-1.3031,-4.6073,8.7882,-1.6842,-2.0309,-3.1620,1.0512,-0.4965,0.0000,0.0000,0.0000,0.0000,0.6772,0.6772,0.0000,-0.1806,0.0000,0.0000
236.4270,40.4790,0,4,p793_PAN,-7.0290,9.5580,0.1540,0.1240,1,0,1,0,0,0,0.0000,-2678372.1880,-4035398.5667,4133549.5996,8,-4.8596,11.9618,2.1694,2.4038,-8.5733,7.9185,-0.9590,-5.3401,-2.7548,1.2967,-0.8289,0.0000,0.0000,0.0000,0.0000,2.5311,2.5311,0.0000,-1.7022,0.0000,0.0000
237.0360,39.8460,0,1,p794_PAN,-10.8120,6.4980,0.1570,0.6660,1,0,1,0,0,0,0.0000,-2660015.9540,-4101705.2139,4079789.3235,1,-11.2072,9.1918,-0.3952,2.6938,-10.7394,7.1402,0.8037,-2.3860,-0.3359,0.3344,-0.1013,0.0000,0.0000,0.0000,0.0000,0.0683,0.0683,0.0000,0.0329,0.0000,0.0000
241.2540,47.7590,0,14,p813_PAN,1.6330,0.7690,0.0800,0.1220,1,0,1,0,0,0,0.0000,-2058619.0896,-3752988.4040,4713970.4013,13,0.5946,0.2472,-1.0384,-0.5218,-0.0452,-0.1463,-0.1555,-0.2596,-0.4843,-0.1338,0.0442,0.0000,0.0000,0.0000,0.0000,-0.0015,-0.0015,0.0000,-0.0427,0.0000,0.0000
241.2550,47.7590,0,14,p814_PAN,1.5490,0.6790,0.0830,0.1190,1,0,1,0,0,0,0.0000,-2058553.5873,-3753024.3331,4713970.4013,13,0.5943,0.2470,-0.9547,-0.4320,-0.0452,-0.1463,-0.1554,-0.2595,-0.4842,-0.1338,0.0442,0.0000,0.0000,0.0000,0.0000,-0.0015,-0.0015,0.0000,-0.0427,0.0000,0.0000
235.4430,47.9370,0,8,p816_PAN,15.6570,10.0360,0.0870,0.1050,1,0,1,0,0,0,0.0000,-2419701.7519,-3513195.3403,4727245.8572,5,14.8284,8.4159,-0.8286,-1.6201,3.0799,2.6815,0.5335,-0.1963,-12.2820,-5.5381,-1.3760,0.0000,0.0000,0.0000,0.0000,1.4640,1.4640,0.0000,-0.0880,0.0000,0.0000
236.8430,45.5380,0,7,p823_PAN,6.0090,6.9210,0.3780,0.4420,1,0,1,0,0,0,0.0000,-2439323.8476,-3733790.4373,4544541.7369,4,5.4321,6.8327,-0.5769,-0.0883,3.2733,6.3480,0.8872,0.0198,-3.0460,-0.5045,-0.3978,0.0000,0.0000,0.0000,0.0000,0.2434,0.2434,0.0000,0.1544,0.0000,0.0000
235.7950,47.2130,0,8,pabh_PAN,14.7840,11.4620,0.0430,0.0500,1,0,1,0,0,0,0.0000,-2431460.3514,-3577113.7418,4672965.7927,5,13.8851,8.6009,-0.8989,-2.8611,3.2229,2.7101,1.0391,-1.2889,-11.7013,-4.6019,-0.8437,0.0000,0.0000,0.0000,0.0000,1.4538,1.4538,0.0000,-0.6101,0.0000,0.0000
237.4290,47.1720,0,16,pcol_PAN,5.3220,4.4650,0.1270,0.0940,1,0,1,0,0,0,0.0000,-2330270.4879,-3647808.8787,4669869.5163,15,5.1052,4.3990,-0.2168,-0.0660,2.8852,3.9383,0.2642,0.0503,-2.4842,-0.5109,-0.1401,0.0000,0.0000,0.0000,0.0000,0.3449,0.3449,0.0000,-0.2048,0.0000,0.0000
236.6720,44.9190,0,15,pcs2_PAN,5.2860,7.2910,0.1560,0.2050,1,0,1,0,0,0,0.0000,-2477288.6043,-3767298.1103,4496093.5912,14,5.4574,7.1750,0.1714,-0.1160,2.9207,6.9022,0.3288,0.1985,-2.8655,-0.4713,-0.5866,0.0000,0.0000,0.0000,0.0000,0.5253,0.5253,0.0000,0.0613,0.0000,0.0000
236.6720,44.9190,0,15,pcso_PAN,5.1370,6.9370,0.1780,0.2110,1,0,1,0,0,0,0.0000,-2477288.6043,-3767298.1103,4496093.5912,14,5.4574,7.1750,0.3204,0.2380,2.9207,6.9022,0.3288,0.1985,-2.8655,-0.4713,-0.5866,0.0000,0.0000,0.0000,0.0000,0.5253,0.5253,0.0000,0.0613,0.0000,0.0000
237.3910,45.5970,0,7,pdxa_PAN,4.4240,5.2620,0.0960,0.0910,1,0,1,0,0,0,0.0000,-2400978.1523,-3753005.9500,4549131.9736,4,4.6612,5.7194,0.2372,0.4574,3.4442,5.4765,0.7167,-0.0081,-1.9337,-0.2348,-0.1126,0.0000,0.0000,0.0000,0.0000,0.1181,0.1181,0.0000,-0.0056,0.0000,0.0000
237.7180,47.8990,0,8,pfld_PAN,4.8880,3.5080,0.0880,0.0940,1,0,1,0,0,0,0.0000,-2280009.4244,-3609128.1151,4724415.5972,12,4.5817,3.5387,-0.3063,0.0307,3.0501,2.8177,0.4059,-0.0902,-1.9375,-0.6308,-0.0395,0.0000,0.0000,0.0000,0.0000,0.1772,0.1772,0.0000,-0.1377,0.0000,0.0000
251.8810,34.3020,0,14,pie1_PAN,-0.6300,0.5780,0.0510,0.0580,1,0,1,0,0,0,0.0000,-1635818.9812,-4999179.9903,3588404.5406,13,-0.7827,-0.3263,-0.1527,-0.9043,-0.6201,-0.4285,0.1813,-0.1058,-0.0187,0.0035,-0.0019,0.0000,0.0000,0.0000,0.0000,-0.0041,-0.0041,0.0000,0.0061,0.0000,0.0000
238.3230,46.6000,0,16,pkwd_PAN,3.4860,2.5730,0.1060,0.1670,1,0,1,0,0,0,0.0000,-2297439.7031,-3723214.0931,4626424.0067,15,3.6381,3.7997,0.1521,1.2267,2.3816,3.3262,0.0892,-0.2514,-1.3457,-0.2221,0.0074,0.0000,0.0000,0.0000,0.0000,0.1447,0.1447,0.0000,-0.1521,0.0000,0.0000
238.3130,43.9910,0,11,pmar_PAN,1.5990,2.8130,0.1220,0.1190,1,0,1,0,0,0,0.0000,-2406328.0870,-3898155.2529,4422479.1942,9,0.8535,4.1055,-0.7455,1.2925,0.5114,3.7070,0.3132,-0.3695,-0.6553,-0.0291,-0.0423,0.0000,0.0000,0.0000,0.0000,0.1047,0.1047,0.0000,-0.0624,0.0000,0.0000
236.5850,48.1010,0,8,pncl_PAN,6.5260,5.2320,0.3030,0.3800,1,0,1,0,0,0,0.0000,-2341740.8332,-3549414.0631,4739436.7957,5,7.1525,4.8635,0.6265,-0.3685,3.0906,2.7739,0.4028,-0.1478,-4.4647,-1.9418,-0.8600,0.0000,0.0000,0.0000,0.0000,0.9477,0.9477,0.0000,-0.0878,0.0000,0.0000
245.7070,50.8710,0,14,prds_PAN,1.4590,-1.0050,0.0610,0.0840,1,0,1,0,0,0,0.0000,-1653138.1795,-3662488.1956,4939399.3398,13,0.2285,-0.1101,-1.2305,0.8949,0.0698,-0.2657,-0.0042,-0.0789,-0.1545,-0.0767,0.0227,0.0000,0.0000,0.0000,0.0000,0.0150,0.0150,0.0000,-0.0377,0.0000,0.0000
237.3910,47.3910,0,10,prdy_PAN,4.6790,4.1200,0.0930,0.0730,1,0,1,0,0,0,0.0000,-2323053.1222,-3631200.1345,4686380.3981,7,5.2345,4.0195,0.5555,-0.1005,1.9817,3.3643,-0.6576,-0.0452,-2.5952,-0.6100,-0.1625,0.0000,0.0000,0.0000,0.0000,-0.4476,-0.4476,0.0000,0.6101,0.0000,0.0000
237.6800,47.4510,0,10,psea_PAN,5.3080,4.2130,0.2590,0.1770,1,0,1,0,0,0,0.0000,-2302082.7889,-3638722.1167,4690891.9890,7,4.6734,3.9516,-0.6346,-0.2614,2.0594,3.1430,-0.5236,-0.2926,-2.0904,-0.5159,-0.0659,0.0000,0.0000,0.0000,0.0000,0.1809,0.1809,0.0000,-0.1150,0.0000,0.0000
237.5100,42.7550,0,4,pspt_PAN,-0.7100,6.3770,0.0960,0.0810,1,0,1,0,0,0,0.0000,-2511391.9861,-3943614.4994,4322634.2008,8,-1.2227,6.0553,-0.5127,-0.3217,-1.8107,5.6080,0.1539,-0.4187,-0.7419,-0.0287,-0.1043,0.0000,0.0000,0.0000,0.0000,0.0565,0.0565,0.0000,0.0478,0.0000,0.0000
236.5060,48.1170,0,8,ptaa_PAN,6.6690,4.4890,0.1300,0.1390,1,0,1,0,0,0,0.0000,-2345902.1089,-3545078.0112,4740624.0782,5,7.4392,5.0302,0.7702,0.5412,3.0849,2.7676,0.4109,-0.1311,-4.7652,-2.1315,-1.0330,0.0000,0.0000,0.0000,0.0000,1.1236,1.1236,0.0000,-0.0906,0.0000,0.0000
235.1390,49.2560,0,8,ptal_PAN,7.3840,5.0870,0.1310,0.0710,1,0,1,0,0,0,0.0000,-2375464.0905,-3410092.1741,4824188.3442,5,6.2255,5.4322,-1.1585,0.3452,2.8294,2.6567,0.5389,0.3296,-3.9349,-3.1050,-1.0890,0.0000,0.0000,0.0000,0.0000,1.3423,1.3423,0.0000,-0.2532,0.0000,0.0000
235.5870,48.5440,0,8,ptrf_PAN,8.7620,5.9570,0.1220,0.1100,1,0,1,0,0,0,0.0000,-2382426.1646,-3477752.6848,4772172.8065,5,8.9000,6.7303,0.1380,0.7733,2.9748,2.6932,0.5026,0.0096,-6.4278,-4.0467,-2.5707,0.0000,0.0000,0.0000,0.0000,2.6843,2.6843,0.0000,-0.1136,0.0000,0.0000
235.7450,41.7830,0,4,ptsg_PAN,2.6380,11.6040,0.0570,0.0780,1,0,1,0,0,0,0.0000,-2672560.6611,-3924444.8535,4242700.0326,8,2.9179,11.8091,0.2799,0.2051,-4.8181,9.3721,-3.0455,-3.9683,-4.6904,1.5312,-0.0493,0.0000,0.0000,0.0000,0.0000,1.4165,1.4165,0.0000,-1.3673,0.0000,0.0000
237.9920,47.5000,0,10,pupu_PAN,3.8130,3.4430,0.1770,0.1320,1,0,1,0,0,0,0.0000,-2280107.1702,-3647800.7745,4694572.6391,7,4.0964,3.4991,0.2834,0.0561,2.1251,2.9041,-0.2620,-0.1579,-1.7094,-0.4371,-0.0122,0.0000,0.0000,0.0000,0.0000,0.2206,0.2206,0.0000,-0.2084,0.0000,0.0000
238.8630,36.1610,0,41,qcy2_PAN,-28.1700,34.7670,0.0760,0.1460,1,0,1,0,0,0,0.0000,-2658254.0461,-4400211.0025,3757150.5189,41,-27.9970,34.5031,0.1730,-0.2639,-28.3094,34.2951,-0.2974,-0.2199,-0.0151,0.0119,-0.0227,0.0000,0.0000,0.0000,0.0000,0.0983,0.0983,0.0000,-0.0756,0.0000,0.0000
238.8630,36.1610,0,41,qcyn_PAN,-30.2610,34.7060,0.3860,0.3920,1,0,1,0,0,0,0.0000,-2658254.0461,-4400211.0025,3757150.5189,41,-27.9970,34.5031,2.2640,-0.2029,-28.3094,34.2951,-0.2974,-0.2199,-0.0151,0.0119,-0.0227,0.0000,0.0000,0.0000,0.0000,0.0983,0.0983,0.0000,-0.0756,0.0000,0.0000
234.6690,50.1320,0,14,quad_PAN,4.3820,3.8700,0.0590,0.0860,1,0,1,0,0,0,0.0000,-2360423.9187,-3329924.5585,4887162.0416,11,3.6003,3.3846,-0.7817,-0.4854,2.4500,1.5899,0.6288,-0.1411,-1.7792,-1.6536,-0.2301,0.0000,0.0000,0.0000,0.0000,0.4854,0.4854,0.0000,-0.2552,0.0000,0.0000
239.0560,39.9750,0,1,quin_PAN,-8.2720,7.1040,0.0760,0.0770,1,0,1,0,0,0,0.0000,-2509055.0716,-4185028.7283,4090785.8234,1,-8.9114,7.5178,-0.6394,0.4138,-10.5930,7.6302,-1.4913,0.0510,-0.1903,0.0614,-0.0250,0.0000,0.0000,0.0000,0.0000,-0.4216,-0.4216,0.0000,0.4466,0.0000,0.0000
238.8520,44.2600,0,6,redm_PAN,0.4690,3.3860,0.0440,0.0650,1,0,1,0,0,0,0.0000,-2358785.0594,-3902806.4952,4443938.1146,3,0.1366,3.3821,-0.3324,-0.0039,-1.0330,3.0109,-0.5744,-0.3518,-0.5953,-0.0194,-0.0212,0.0000,0.0000,0.0000,0.0000,0.0949,0.0949,0.0000,-0.0737,0.0000,0.0000
235.8920,43.7010,0,4,reed_PAN,5.0160,9.9400,0.1500,0.1280,1,0,1,0,0,0,0.0000,-2581364.5910,-3811513.1040,4399235.8619,8,5.2501,10.2632,0.2341,0.3232,0.8239,9.0589,0.3119,0.1967,-4.7381,-1.4011,-1.3896,0.0000,0.0000,0.0000,0.0000,1.3555,1.3555,0.0000,0.0341,0.0000,0.0000
265.1060,74.6910,0,47,reso_PAN,0.4700,-2.3520,0.1550,0.1480,1,0,1,0,0,0,0.0000,-143424.2573,-1675032.6480,6141501.9801,47,-0.4245,-2.3824,-0.8945,-0.0304,-0.4346,-2.5493,-0.0065,-0.1627,-0.0037,-0.0042,-0.0009,0.0000,0.0000,0.0000,0.0000,-0.0028,-0.0028,0.0000,0.0037,0.0000,0.0000
237.6250,47.3880,0,10,rpt1_PAN,4.7540,3.7390,0.4120,0.5180,1,0,1,0,0,0,0.0000,-2308335.0992,-3640864.5694,4686154.6836,7,4.6753,3.9564,-0.0787,0.2174,1.9882,3.1852,-0.5138,-0.2568,-2.1732,-0.5145,-0.0803,0.0000,0.0000,0.0000,0.0000,0.3808,0.3808,0.0000,-0.3005,0.0000,0.0000
236.6410,43.2350,0,4,rsbg_PAN,0.8960,7.6450,0.1450,0.1250,1,0,1,0,0,0,0.0000,-2550910.2716,-3874688.8593,4361650.4320,8,1.0549,7.7717,0.1589,0.1267,-0.4692,7.4621,0.1588,-0.2274,-1.6830,-0.0822,-0.3624,0.0000,0.0000,0.0000,0.0000,0.2784,0.2784,0.0000,0.0840,0.0000,0.0000
236.2700,46.6840,0,9,rymd_PAN,8.1400,7.6630,0.1300,0.0990,1,0,1,0,0,0,0.0000,-2425576.3204,-3632876.0500,4632833.1052,6,8.7062,7.2492,0.5662,-0.4138,2.7129,5.7746,0.6679,0.4098,-6.6612,-1.8844,-2.1770,0.0000,0.0000,0.0000,0.0000,2.1384,2.1384,0.0000,0.0386,0.0000,0.0000
238.4420,37.6670,0,1,s300_PAN,-11.1600,9.5910,0.0620,0.0920,1,0,1,0,0,0,0.0000,-2637905.8378,-4294905.9677,3890962.2178,1,-11.8762,10.2478,-0.7162,0.6568,-10.2681,7.4822,1.6447,-2.7929,-0.0366,0.0274,-0.0302,0.0000,0.0000,0.0000,0.0000,0.2654,0.2654,0.0000,-0.2352,0.0000,0.0000
237.9670,47.5400,0,8,samm_PAN,4.4230,3.4820,0.1360,0.1860,1,0,1,0,0,0,0.0000,-2279959.6767,-3644026.2369,4697574.7061,5,4.2633,3.5562,-0.1597,0.0742,3.2421,2.8843,0.7112,-0.2187,-1.7324,-0.4532,-0.0145,0.0000,0.0000,0.0000,0.0000,0.4033,0.4033,0.0000,-0.3888,0.0000,0.0000
239.2750,46.9510,0,16,sc00_PAN,2.9800,1.9340,0.0720,0.0570,1,0,1,0,0,0,0.0000,-2220739.9575,-3736437.5887,4653138.6879,15,2.7371,1.9930,-0.2429,0.0590,2.7526,2.6734,0.9274,0.8608,-0.9119,-0.1804,0.0382,0.0000,0.0000,0.0000,0.0000,-0.3610,-0.3610,0.0000,0.3228,0.0000,0.0000
236.9920,48.5460,0,14,sc02_PAN,5.7210,3.5750,0.0840,0.0640,1,0,1,0,0,0,0.0000,-2296346.6769,-3534983.1205,4772319.9535,11,5.3620,3.8040,-0.3590,0.2290,3.6346,2.5661,0.6779,-0.0366,-2.4053,-1.2013,-0.1502,0.0000,0.0000,0.0000,0.0000,0.2629,0.2629,0.0000,-0.1127,0.0000,0.0000
236.2960,48.9230,0,14,sc04_PAN,6.3110,4.0790,0.0710,0.0710,1,0,1,0,0,0,0.0000,-2321642.1785,-3480629.1556,4799953.0975,11,5.5335,4.1729,-0.7775,0.0939,3.3464,2.2740,0.6101,-0.0796,-2.7972,-1.8193,-0.3420,0.0000,0.0000,0.0000,0.0000,0.4660,0.4660,0.0000,-0.1239,0.0000,0.0000
293.1670,54.8320,0,14,sch2_PAN,0.3360,0.2140,0.1240,0.1120,1,0,1,0,0,0,0.0000,1442837.9662,-3371755.2161,5205174.0440,13,-0.2949,-1.2817,-0.6309,-1.4957,-0.3336,-1.3055,-0.0317,-0.0198,-0.0070,-0.0040,0.0013,0.0000,0.0000,0.0000,0.0000,0.0112,0.0112,0.0000,-0.0125,0.0000,0.0000
236.0780,45.9840,0,15,seas_PAN,9.6630,8.6530,0.1190,0.1000,1,0,1,0,0,0,0.0000,-2469140.6673,-3671422.9799,4579120.9996,14,9.4241,9.0806,-0.2389,0.4276,1.7781,6.4918,0.0523,0.2829,-7.6983,-2.8716,-1.8164,0.0000,0.0000,0.0000,0.0000,1.7794,1.7794,0.0000,0.0370,0.0000,0.0000
237.6910,47.6540,0,8,seat_PAN,4.6060,3.6090,0.0660,0.0690,1,0,1,0,0,0,0.0000,-2292486.6379,-3625094.4201,4706118.0310,5,4.7095,3.6499,0.1035,0.0409,3.2115,2.8624,0.5509,-0.2123,-2.0489,-0.5752,-0.0573,0.0000,0.0000,0.0000,0.0000,0.2487,0.2487,0.0000,-0.1914,0.0000,0.0000
237.7610,48.5040,0,14,sedk_PAN,4.2830,2.3490,0.2410,0.2640,1,0,1,0,0,0,0.0000,-2250561.7759,-3568442.4152,4769228.6466,11,4.3531,3.3890,0.0701,1.0400,3.6916,2.8884,0.9148,0.1916,-1.5763,-0.6922,0.0021,0.0000,0.0000,0.0000,0.0000,0.1474,0.1474,0.0000,-0.1495,0.0000,0.0000
237.7760,48.5220,0,14,sedr_PAN,4.3260,2.7280,0.0610,0.0630,1,0,1,0,0,0,0.0000,-2248828.4336,-3567763.7981,4770553.8063,11,4.3216,3.3734,-0.0044,0.6454,3.6795,2.8946,0.9116,0.2075,-1.5537,-0.6862,0.0045,0.0000,0.0000,0.0000,0.0000,0.1460,0.1460,0.0000,-0.1505,0.0000,0.0000
236.8860,48.0910,0,8,seqm_PAN,6.5440,4.1620,0.1470,0.1460,1,0,1,0,0,0,0.0000,-2323513.8299,-3562360.0105,4738694.5565,5,6.1193,4.3543,-0.4247,0.1923,3.1033,2.7981,0.3818,-0.1785,-3.3978,-1.3776,-0.3968,0.0000,0.0000,0.0000,0.0000,0.4611,0.4611,0.0000,-0.0643,0.0000,0.0000
238.1160,45.6940,0,7,skco_PAN,3.9170,5.9320,0.2770,0.3560,1,0,1,0,0,0,0.0000,-2349226.6972,-3776540.8491,4556668.1470,4,3.7279,3.9869,-0.1891,-1.9451,3.7031,4.3228,1.2442,0.4680,-1.2690,-0.1321,-0.0174,0.0000,0.0000,0.0000,0.0000,-0.1582,-0.1582,0.0000,0.1757,0.0000,0.0000
238.1160,45.6940,0,7,skma_PAN,3.6740,2.3260,0.2090,0.3020,1,0,1,0,0,0,0.0000,-2349226.6972,-3776540.8491,4556668.1470,4,3.7279,3.9869,0.0539,1.6609,3.7031,4.3228,1.2442,0.4680,-1.2690,-0.1321,-0.0174,0.0000,0.0000,0.0000,0.0000,-0.1582,-0.1582,0.0000,0.1757,0.0000,0.0000
237.7960,37.4170,0,44,slac_PAN,-22.0230,28.3790,0.0790,0.0700,1,0,1,0,0,0,0.0000,-2695183.7921,-4279216.6711,3868932.7301,43,-22.6307,28.9735,-0.6077,0.5945,-20.9830,27.9294,1.6709,-1.0669,-0.0233,0.0228,-0.0332,0.0000,0.0000,0.0000,0.0000,0.4983,0.4983,0.0000,-0.4651,0.0000,0.0000
237.6550,47.5240,0,8,smai_PAN,4.6600,3.7450,0.0910,0.0720,1,0,1,0,0,0,0.0000,-2300470.8050,-3632665.0469,4696374.1539,5,4.5636,3.7014,-0.0964,-0.0436,3.2335,2.8595,0.7916,-0.2936,-2.1217,-0.5483,-0.0702,0.0000,0.0000,0.0000,0.0000,0.2657,0.2657,0.0000,-0.1956,0.0000,0.0000
238.6120,47.3910,0,13,snoq_PAN,2.8610,2.6930,0.1390,0.0940,1,0,1,0,0,0,0.0000,-2245148.9257,-3679877.2434,4686380.3981,12,3.5557,2.7743,0.6947,0.0813,2.5636,2.1744,0.2404,-0.3003,-1.2324,-0.2997,0.0297,0.0000,0.0000,0.0000,0.0000,0.1888,0.1888,0.0000,-0.2184,0.0000,0.0000
242.5760,47.5180,0,14,spn1_PAN,1.2650,0.3350,0.1740,0.2410,1,0,1,0,0,0,0.0000,-1980599.9652,-3817050.4858,4695923.8525,13,0.3688,0.0843,-0.8962,-0.2507,-0.0579,-0.1819,-0.0764,-0.1786,-0.3502,-0.0876,0.0363,0.0000,0.0000,0.0000,0.0000,-0.0111,-0.0111,0.0000,-0.0252,0.0000,0.0000
236.8980,48.0820,0,8,sqim_PAN,5.8010,4.4770,0.2020,0.2200,1,0,1,0,0,0,0.0000,-2323174.1654,-3563470.0678,4738026.4177,5,6.0986,4.3383,0.2976,-0.1387,3.1054,2.7991,0.3850,-0.1800,-3.3782,-1.3593,-0.3893,0.0000,0.0000,0.0000,0.0000,0.4553,0.4553,0.0000,-0.0660,0.0000,0.0000
237.6850,47.6820,0,8,ssho_PAN,4.9160,3.4780,0.0700,0.0600,1,0,1,0,0,0,0.0000,-2291636.5351,-3622910.2510,4708213.5429,5,4.7159,3.6381,-0.2001,0.1601,3.2062,2.8619,0.5412,-0.1900,-2.0509,-0.5861,-0.0574,0.0000,0.0000,0.0000,0.0000,0.2385,0.2385,0.0000,-0.1811,0.0000,0.0000
237.1790,44.8310,0,15,stay_PAN,4.3010,5.9270,0.1260,0.0800,1,0,1,0,0,0,0.0000,-2447595.9234,-3794870.1049,4489163.2343,8,4.2146,6.3197,-0.0864,0.3927,4.2604,6.3144,1.7267,0.1450,-1.6809,-0.1503,-0.1655,0.0000,0.0000,0.0000,0.0000,0.2027,0.2027,0.0000,-0.0371,0.0000,0.0000
237.2660,44.3960,0,4,sthm_PAN,3.5100,5.7680,0.1130,0.1000,1,0,1,0,0,0,0.0000,-2460190.0647,-3827142.3931,4454749.9829,8,3.2041,6.1656,-0.3059,0.3976,2.9902,6.1287,1.0077,0.0608,-1.2215,-0.0977,-0.1137,0.0000,0.0000,0.0000,0.0000,0.2702,0.2702,0.0000,-0.1565,0.0000,0.0000
307.3220,47.5950,0,14,stjo_PAN,-0.6570,0.7840,0.0900,0.0910,1,0,1,0,0,0,0.0000,2603421.5878,-3414758.5277,4701698.8095,13,-0.3312,-1.5501,0.3258,-2.3341,-0.8282,-1.4706,-0.4930,0.0816,-0.0041,-0.0021,0.0008,0.0000,0.0000,0.0000,0.0000,-0.0203,-0.0203,0.0000,0.0195,0.0000,0.0000
236.6710,42.9870,0,4,suhs_PAN,-0.0730,7.4870,0.2200,0.2430,1,0,1,0,0,0,0.0000,-2559230.2394,-3891761.6157,4341530.0955,8,0.2587,7.7865,0.3317,0.2995,-1.1945,7.3981,0.0375,-0.3570,-1.4906,-0.0313,-0.3499,0.0000,0.0000,0.0000,0.0000,0.2476,0.2476,0.0000,0.1022,0.0000,0.0000
238.1790,39.2060,0,1,sutb_PAN,-10.1120,7.1290,0.0680,0.0990,1,0,1,0,0,0,0.0000,-2601533.8667,-4192412.7969,4024928.3152,1,-10.5326,8.4742,-0.4206,1.3452,-10.5429,7.4186,0.1229,-1.1355,-0.1332,0.0799,-0.0369,0.0000,0.0000,0.0000,0.0000,0.0531,0.0531,0.0000,-0.0162,0.0000,0.0000
237.5280,47.2290,0,16,taco_PAN,4.3760,3.9180,0.1100,0.0930,1,0,1,0,0,0,0.0000,-2321468.6505,-3647908.6278,4674173.4466,15,4.9280,4.1685,0.5520,0.2505,2.9444,3.8706,0.3326,0.1974,-2.3162,-0.4953,-0.1073,0.0000,0.0000,0.0000,0.0000,0.3236,0.3236,0.0000,-0.2163,0.0000,0.0000
234.0920,49.1540,0,8,tfno_PAN,10.9060,6.5680,0.1090,0.1050,1,0,1,0,0,0,0.0000,-2442411.6572,-3373067.7282,4816782.2100,5,10.4726,7.2826,-0.4334,0.7146,2.8119,2.5707,0.8310,0.0787,-8.4917,-4.7906,-1.4342,0.0000,0.0000,0.0000,0.0000,1.6347,1.6347,0.0000,-0.2005,0.0000,0.0000
241.5850,35.1580,0,27,thcp_PAN,-11.1280,12.9970,0.0510,0.0830,1,0,1,0,0,0,0.0000,-2477209.9660,-4578638.5362,3666585.7962,27,-12.5778,13.3643,-1.4498,0.3673,-10.4272,8.8496,2.1679,-4.5229,-0.0173,0.0082,-0.0137,0.0000,0.0000,0.0000,0.0000,1.1502,1.1502,0.0000,-1.1365,0.0000,0.0000
291.1750,76.5370,0,47,thu3_PAN,-2.4400,-2.1540,0.0950,0.0820,1,0,1,0,0,0,0.0000,535487.8857,-1382358.8995,6192470.2711,47,-1.5272,-1.0927,0.9128,1.0613,-1.5295,-1.2097,0.0005,-0.1139,-0.0028,-0.0031,-0.0004,0.0000,0.0000,0.0000,0.0000,-0.0061,-0.0061,0.0000,0.0065,0.0000,0.0000
237.7120,47.1060,0,16,thun_PAN,4.2810,4.1990,0.0820,0.0660,1,0,1,0,0,0,0.0000,-2315096.5364,-3663819.2908,4664880.2442,15,4.5829,4.1369,0.3019,-0.0621,2.8363,3.7447,0.2686,0.0171,-2.0153,-0.4094,-0.0586,0.0000,0.0000,0.0000,0.0000,0.2101,0.2101,0.0000,-0.1515,0.0000,0.0000
236.1690,45.4550,0,15,till_PAN,7.4490,8.6670,0.1210,0.0950,1,0,1,0,0,0,0.0000,-2486739.2044,-3710302.5002,4538076.1285,14,8.0994,9.0050,0.6504,0.3380,2.3288,6.5548,0.2259,0.0648,-5.9966,-2.5151,-1.5233,0.0000,0.0000,0.0000,0.0000,1.4858,1.4858,0.0000,0.0376,0.0000,0.0000
237.8130,47.7090,0,8,tri1_PAN,4.4640,3.2630,0.3510,0.3070,1,0,1,0,0,0,0.0000,-2282355.0475,-3626142.6571,4710233.1502,5,4.4906,3.5054,0.0266,0.2424,3.2061,2.8721,0.5952,-0.0890,-1.8798,-0.5443,-0.0320,0.0000,0.0000,0.0000,0.0000,0.2438,0.2438,0.0000,-0.2118,0.0000,0.0000
235.8490,41.0540,0,4,trnd_PAN,3.4230,16.1010,0.1380,0.1070,1,0,1,0,0,0,0.0000,-2695520.3417,-3973643.4308,4181946.8473,18,2.7201,17.0035,-0.7029,0.9025,-3.1583,21.8749,2.6488,4.2500,-8.5272,0.6215,-0.1726,0.0000,0.0000,0.0000,0.0000,2.1786,2.1786,0.0000,-2.0060,0.0000,0.0000
237.0880,46.9840,0,9,tumw_PAN,5.3250,5.2870,0.1340,0.1660,1,0,1,0,0,0,0.0000,-2360252.2962,-3646719.6346,4655641.3593,6,6.1539,5.5873,0.8289,0.3003,2.8283,5.6413,-0.0848,0.6617,-3.2407,-0.6076,-0.3267,0.0000,0.0000,0.0000,0.0000,-0.5008,-0.5008,0.0000,0.8275,0.0000,0.0000
237.0770,47.0160,0,9,twhl_PAN,5.8310,5.3060,0.0700,0.0710,1,0,1,0,0,0,0.0000,-2359538.7657,-3644083.2499,4658066.7173,6,6.1853,5.5252,0.3543,0.2192,2.8335,5.6431,-0.0553,0.7410,-3.2965,-0.6231,-0.3456,0.0000,0.0000,0.0000,0.0000,-0.6022,-0.6022,0.0000,0.9478,0.0000,0.0000
234.4580,48.9260,0,8,uclu_PAN,11.2660,7.3900,0.0620,0.0830,1,0,1,0,0,0,0.0000,-2431938.0953,-3404170.3564,4800172.1580,5,10.8737,7.7950,-0.3923,0.4050,2.8661,2.6009,0.7055,0.0496,-8.7132,-5.2437,-1.6891,0.0000,0.0000,0.0000,0.0000,1.8516,1.8516,0.0000,-0.1624,0.0000,0.0000
237.3330,47.7550,0,8,ufda_PAN,5.7780,3.4940,0.1040,0.0980,1,0,1,0,0,0,0.0000,-2310611.0079,-3603710.4100,4713671.5533,5,5.3715,3.9631,-0.4065,0.4691,3.1801,2.8339,0.4361,-0.3273,-2.6274,-0.8019,-0.1679,0.0000,0.0000,0.0000,0.0000,0.3125,0.3125,0.0000,-0.1446,0.0000,0.0000
237.4840,45.6180,0,7,vcwa_PAN,4.3950,5.2570,0.0950,0.0790,1,0,1,0,0,0,0.0000,-2393986.8605,-3755491.9412,4550764.6228,4,4.5531,5.6010,0.1581,0.3440,3.4969,5.3286,0.7643,-0.0574,-1.8205,-0.2150,-0.0918,0.0000,0.0000,0.0000,0.0000,0.0979,0.0979,0.0000,-0.0061,0.0000,0.0000
237.0090,45.5230,0,7,waco_PAN,5.1740,6.4970,0.1700,0.1650,1,0,1,0,0,0,0.0000,-2429143.6622,-3741839.8680,4543373.9591,4,5.0965,6.4424,-0.0775,-0.0546,3.2530,6.0841,0.7394,0.0173,-2.5829,-0.3757,-0.2637,0.0000,0.0000,0.0000,0.0000,0.2215,0.2215,0.0000,0.0423,0.0000,0.0000
237.7920,47.9810,0,13,waev_PAN,4.9970,3.7730,0.2840,0.2470,1,0,1,0,0,0,0.0000,-2271740.0378,-3606345.1559,4730520.4026,12,4.4646,3.4297,-0.5324,-0.3433,3.1359,2.7644,0.4893,-0.0483,-1.8180,-0.6169,-0.0229,0.0000,0.0000,0.0000,0.0000,0.1396,0.1396,0.0000,-0.1167,0.0000,0.0000
237.1300,45.1710,0,7,wdbn_PAN,4.8280,6.1170,0.1000,0.0760,1,0,1,0,0,0,0.0000,-2436339.3408,-3770334.4574,4515880.8838,4,4.3258,6.3539,-0.5022,0.2369,2.4834,5.8916,0.2080,-0.2222,-2.0504,-0.2400,-0.1952,0.0000,0.0000,0.0000,0.0000,0.2776,0.2776,0.0000,-0.0823,0.0000,0.0000
237.4370,45.7800,0,7,webg_PAN,4.0860,5.7390,0.1770,0.1240,1,0,1,0,0,0,0.0000,-2390131.7768,-3742667.5942,4563338.7810,4,4.7950,5.7674,0.7090,0.0284,3.8521,5.4033,1.0261,-0.1083,-1.9690,-0.2558,-0.1027,0.0000,0.0000,0.0000,0.0000,0.0353,0.0353,0.0000,0.0674,0.0000,0.0000
237.3040,48.3130,0,13,whd1_PAN,5.0360,4.0310,0.4330,0.4030,1,0,1,0,0,0,0.0000,-2287527.7859,-3563737.9577,4755138.2587,12,5.0450,3.7072,0.0090,-0.3238,3.4537,3.1153,0.6289,0.3562,-2.2202,-0.9481,-0.0944,0.0000,0.0000,0.0000,0.0000,0.2678,0.2678,0.0000,-0.1734,0.0000,0.0000
224.7780,60.7510,0,14,whit_PAN,1.4940,2.6700,0.1110,0.1080,1,0,1,0,0,0,0.0000,-2208438.0264,-2191390.2304,5555624.3396,13,0.2055,0.9752,-1.2885,-1.6948,0.4644,0.2976,0.2596,-0.6754,-0.0008,-0.0021,-0.0115,0.0000,0.0000,0.0000,0.0000,0.2251,0.2251,0.0000,-0.2136,0.0000,0.0000
237.8320,52.2370,0,14,will_PAN,0.6770,0.4290,0.0380,0.0500,1,0,1,0,0,0,0.0000,-2076055.5577,-3300807.2251,5033787.4851,13,0.3660,0.3766,-0.3110,-0.0524,0.1429,-0.0539,0.0125,-0.1907,-0.2356,-0.2397,0.0090,0.0000,0.0000,0.0000,0.0000,0.0806,0.0806,0.0000,-0.0895,0.0000,0.0000
238.4030,45.1310,0,6,wmsg_PAN,2.3150,3.2990,0.0960,0.1180,1,0,1,0,0,0,0.0000,-2353626.7173,-3826214.5107,4512745.8665,3,1.9291,3.7736,-0.3859,0.4746,-0.0953,3.3579,-1.0861,-0.3543,-0.9383,-0.0615,-0.0162,0.0000,0.0000,0.0000,0.0000,0.4134,0.4134,0.0000,-0.3972,0.0000,0.0000
233.3950,50.2120,0,8,wost_PAN,4.1890,3.6130,0.1720,0.2680,1,0,1,0,0,0,0.0000,-2429805.4962,-3271139.4624,4892856.3569,5,4.2545,4.6408,0.0655,1.0278,2.5942,2.5130,1.2503,0.6223,-2.9106,-2.7500,-1.5194,0.0000,0.0000,0.0000,0.0000,2.2951,2.2951,0.0000,-0.7757,0.0000,0.0000
237.0790,50.1270,0,14,wslb_PAN,4.0210,2.1380,0.1850,0.2220,1,0,1,0,0,0,0.0000,-2218544.4798,-3426593.1519,4886805.8304,11,2.0392,2.1212,-1.9818,-0.0168,2.5212,2.6026,1.3510,1.1420,-0.8690,-0.6607,0.0248,0.0000,0.0000,0.0000,0.0000,1.0753,1.0753,0.0000,-1.1001,0.0000,0.0000
237.0790,50.1270,0,14,wslr_PAN,3.9170,1.6550,0.1300,0.1390,1,0,1,0,0,0,0.0000,-2218544.4798,-3426593.1519,4886805.8304,11,2.0392,2.1212,-1.8778,0.4662,2.5212,2.6026,1.3510,1.1420,-0.8690,-0.6607,0.0248,0.0000,0.0000,0.0000,0.0000,1.0753,1.0753,0.0000,-1.1001,0.0000,0.0000
237.2890,41.7320,0,4,ybhb_PAN,-2.5240,7.1370,0.1120,0.0810,1,0,1,0,0,0,0.0000,-2567887.4571,-3998207.1273,4238472.0402,8,-3.5679,6.8869,-1.0439,-0.2501,-4.8290,6.0796,-0.3672,-0.7498,-0.8939,-0.0575,-0.1092,0.0000,0.0000,0.0000,0.0000,-0.0143,-0.0143,0.0000,0.1235,0.0000,0.0000
245.5190,62.4810,0,14,yell_PAN,0.3610,-1.6980,0.0800,0.0850,1,0,1,0,0,0,0.0000,-1219152.7540,-2677539.1779,5647017.0864,13,0.5870,-0.1591,0.2260,1.5389,0.5392,-0.2607,-0.0328,-0.0843,-0.0151,-0.0173,-0.0017,0.0000,0.0000,0.0000,0.0000,0.0462,0.0462,0.0000,-0.0445,0.0000,0.0000
237.3940,46.9490,0,16,yelm_PAN,4.8410,4.7130,0.0930,0.0710,1,0,1,0,0,0,0.0000,-2342274.7268,-3661668.0495,4652986.9612,15,5.1922,4.9333,0.3512,0.2203,2.6711,3.9623,-0.0449,-0.5074,-2.4762,-0.4637,-0.1385,0.0000,0.0000,0.0000,0.0000,0.5947,0.5947,0.0000,-0.4562,0.0000,0.0000
236.7020,43.6340,0,4,yonc_PAN,1.6170,7.2630,0.1500,0.1370,1,0,1,0,0,0,0.0000,-2530046.9178,-3851921.3351,4393849.8021,8,2.0217,7.6386,0.4047,0.3756,0.7073,7.3320,0.2981,-0.0526,-1.6124,-0.2541,-0.2443,0.0000,0.0000,0.0000,0.0000,0.1853,0.1853,0.0000,0.0590,0.0000,0.0000
237.8120,47.2870,0,16,zse1_PAN,4.5190,4.0290,0.0670,0.0770,1,0,1,0,0,0,0.0000,-2300836.7786,-3655364.4030,4678548.1361,15,4.4347,3.8328,-0.0843,-0.1962,3.0134,3.6762,0.4893,0.2732,-1.9106,-0.4298,-0.0410,0.0000,0.0000,0.0000,0.0000,0.2701,0.2701,0.0000,-0.2291,0.0000,0.0000
235.8590,48.0620,0,8,p403_PAN,10.3160,7.6540,0.1150,0.1240,1,0,1,0,0,0,0.0000,-2388336.5853,-3522126.7493,4736541.2464,5,10.8695,6.9438,0.5535,-0.7102,3.0718,2.7153,0.4945,-0.1570,-8.2923,-4.0716,-2.8915,0.0000,0.0000,0.0000,0.0000,2.9844,2.9844,0.0000,-0.0929,0.0000,0.0000
221.1010,59.3400,0,30,ab42_PAN,-21.3100,31.6420,0.2250,0.3010,1,0,1,0,0,0,0.0000,-2446806.1910,-2134560.2892,5477329.9423,30,-12.2273,39.0845,9.0827,7.4425,-13.4493,48.0793,-1.2246,8.9949,0.0027,-0.0001,-0.0117,0.0000,0.0000,0.0000,0.0000,1.0105,1.0105,0.0000,-0.9988,0.0000,0.0000
223.3590,58.1990,0,46,ab43_PAN,-6.0990,9.9460,0.0820,0.1110,1,0,1,0,0,0,0.0000,-2439638.7193,-2303746.9483,5411586.1242,46,-3.9281,7.3954,2.1709,-2.5506,-6.0185,-1.4563,-2.0932,-8.8515,0.0028,-0.0002,-0.0151,0.0000,0.0000,0.0000,0.0000,1.3915,1.3915,0.0000,-1.3764,0.0000,0.0000
227.1330,56.5850,0,14,ab53_PAN,-2.7450,0.0000,0.2460,0.7120,1,0,1,0,0,0,0.0000,-2385500.0071,-2570070.6356,5314929.7367,13,0.1974,1.4931,2.9424,1.4931,0.3062,0.2348,0.1083,-1.2563,0.0006,-0.0020,-0.0237,0.0000,0.0000,0.0000,0.0000,0.0583,0.0583,0.0000,-0.0346,0.0000,0.0000
240.1040,42.1770,0,6,adel_PAN,-2.9460,3.4240,0.3930,0.3290,1,0,1,0,0,0,0.0000,-2351952.8575,-4090832.2392,4275249.7949,3,-3.0127,2.3994,-0.0667,-1.0246,-3.2796,2.0425,-0.0027,-0.3680,-0.2641,0.0111,-0.0155,0.0000,0.0000,0.0000,0.0000,-0.0606,-0.0606,0.0000,0.0761,0.0000,0.0000
235.9410,42.5530,0,4,agns_PAN,1.5830,9.9150,0.3340,0.3380,1,0,1,0,0,0,0.0000,-2626948.3616,-3885973.4642,4306124.0115,8,1.0782,9.7043,-0.5048,-0.2107,-2.5387,8.9544,-0.5686,-1.0508,-3.0482,0.3009,-0.4979,0.0000,0.0000,0.0000,0.0000,0.3916,0.3916,0.0000,0.1063,0.0000,0.0000
281.9290,45.9560,0,14,algo_PAN,-0.0170,-1.2690,0.0790,0.0740,1,0,1,0,0,0,0.0000,914999.4298,-4331117.7225,4576958.2453,13,-0.4376,-1.1100,-0.4206,0.1590,-0.4556,-1.1173,-0.0073,-0.0037,-0.0107,-0.0035,0.0020,0.0000,0.0000,0.0000,0.0000,0.0120,0.0120,0.0000,-0.0141,0.0000,0.0000
242.8650,46.1330,0,14,anat_PAN,2.5000,0.1870,0.1820,0.1060,1,0,1,0,0,0,0.0000,-2012515.9009,-3926883.8704,4590611.5365,13,0.2695,0.0676,-2.2305,-0.1194,-0.1152,-0.1896,-0.0792,-0.2130,-0.3055,-0.0442,0.0266,0.0000,0.0000,0.0000,0.0000,-0.0053,-0.0053,0.0000,-0.0213,0.0000,0.0000
241.8330,40.1460,0,12,ante_PAN,-3.8340,1.4560,0.1770,0.2480,1,0,1,0,0,0,0.0000,-2297575.4774,-4290892.5642,4105330.6066,10,-4.9013,1.9477,-1.0673,0.4917,-5.3863,1.8200,-0.3733,-0.1487,-0.1117,0.0209,-0.0109,0.0000,0.0000,0.0000,0.0000,-0.0873,-0.0873,0.0000,0.0981,0.0000,0.0000
239.8170,45.7080,0,6,arln_PAN,1.5260,1.9530,0.0830,0.0840,1,0,1,0,0,0,0.0000,-2235529.9797,-3843647.8352,4557754.7641,3,1.2614,2.3302,-0.2646,0.3772,0.5872,2.2646,-0.0375,-0.0030,-0.6368,-0.0627,0.0220,0.0000,0.0000,0.0000,0.0000,-0.0075,-0.0075,0.0000,-0.0145,0.0000,0.0000
238.6310,43.8210,0,11,asbu_PAN,0.2580,3.8810,0.0750,0.0910,1,0,1,0,0,0,0.0000,-2391475.7969,-3922637.1719,4408867.4954,9,0.2807,3.8910,0.0227,0.0100,0.0709,3.0945,0.3507,-0.7773,-0.5606,-0.0192,-0.0338,0.0000,0.0000,0.0000,0.0000,-0.0805,-0.0805,0.0000,0.1143,0.0000,0.0000
226.2860,59.5890,0,14,atli_PAN,2.5780,3.7520,0.1040,0.1890,1,0,1,0,0,0,0.0000,-2227418.9683,-2329720.8513,5491389.3466,13,0.4063,0.9231,-2.1717,-2.8289,0.4242,0.2575,0.0192,-0.6627,-0.0013,-0.0029,-0.0140,0.0000,0.0000,0.0000,0.0000,0.1632,0.1632,0.0000,-0.1492,0.0000,0.0000
239.7150,47.4040,0,13,axis_PAN,1.6310,1.6340,0.1610,0.2140,1,0,1,0,0,0,0.0000,-2173359.7556,-3721495.7440,4687358.3458,12,2.1150,1.2557,0.4840,-0.3783,2.6020,1.3801,1.2708,0.3163,-0.7838,-0.1919,0.0461,0.0000,0.0000,0.0000,0.0000,0.8353,0.8353,0.0000,-0.8814,0.0000,0.0000
228.2460,52.5760,0,14,baib_PAN,-6.9550,10.8100,0.2790,0.3710,1,0,1,0,0,0,0.0000,-2576864.3115,-2886726.8415,5056770.7012,13,-2.2633,12.6741,4.6917,1.8641,0.1467,0.2050,2.3872,-12.4796,0.0227,0.0105,-0.0578,0.0000,0.0000,0.0000,0.0000,2.3020,2.3020,0.0000,-2.2442,0.0000,0.0000
291.7780,44.3950,0,14,barh_PAN,0.0680,-0.2330,0.0680,0.0780,1,0,1,0,0,0,0.0000,1688010.1272,-4225030.5723,4454670.5754,13,-0.6134,-1.2844,-0.6814,-1.0514,-0.6552,-1.2848,-0.0349,0.0021,-0.0069,-0.0024,0.0013,0.0000,0.0000,0.0000,0.0000,0.0122,0.0122,0.0000,-0.0135,0.0000,0.0000
242.1370,42.4120,0,12,basq_PAN,-2.1320,1.1310,0.1620,0.2030,1,0,1,0,0,0,0.0000,-2197136.0834,-4156155.8624,4294567.8409,10,-2.5650,1.2826,-0.4330,0.1516,-2.8123,1.5754,-0.0623,0.2838,-0.1850,0.0090,-0.0025,0.0000,0.0000,0.0000,0.0000,0.0382,0.0382,0.0000,-0.0356,0.0000,0.0000
242.7910,40.5160,0,17,batt_PAN,-2.3840,-0.1000,0.1770,0.2020,1,0,1,0,0,0,0.0000,-2213344.6722,-4305039.4702,4136676.4418,16,-3.2714,0.4203,-0.8874,0.5203,-2.9996,0.0319,0.3800,-0.4042,-0.1083,0.0159,-0.0070,0.0000,0.0000,0.0000,0.0000,-0.1049,-0.1049,0.0000,0.1119,0.0000,0.0000
237.2310,48.8990,0,14,bbay_PAN,4.8850,2.7650,0.2720,0.2860,1,0,1,0,0,0,0.0000,-2265623.8296,-3519740.8352,4798200.1394,11,4.4285,3.4852,-0.4565,0.7202,3.3938,2.6663,0.6728,0.1171,-1.7075,-0.9360,-0.0298,0.0000,0.0000,0.0000,0.0000,0.1586,0.1586,0.0000,-0.1287,0.0000,0.0000
241.7050,41.4390,0,12,bbut_PAN,-4.4800,1.5540,0.2600,0.2110,1,0,1,0,0,0,0.0000,-2262656.9566,-4203088.6463,4214116.8458,10,-3.5024,1.9209,0.9776,0.3669,-3.9246,1.9230,-0.2615,-0.0139,-0.1607,0.0159,-0.0079,0.0000,0.0000,0.0000,0.0000,-0.0535,-0.0535,0.0000,0.0614,0.0000,0.0000
242.3470,49.3120,0,14,bccg_PAN,1.5510,0.0330,0.1100,0.1100,1,0,1,0,0,0,0.0000,-1926631.7285,-3677018.2630,4828247.9574,13,0.3748,0.1033,-1.1762,0.0703,0.0161,-0.1757,-0.0313,-0.1421,-0.3273,-0.1369,0.0390,0.0000,0.0000,0.0000,0.0000,0.0035,0.0035,0.0000,-0.0425,0.0000,0.0000
231.8900,52.1580,0,14,bcdi_PAN,-1.0280,1.1400,0.0960,0.1770,1,0,1,0,0,0,0.0000,-2410887.6683,-3073614.0828,5028406.1672,13,0.1476,1.2853,1.1756,0.1453,0.1375,0.1069,0.0204,-1.1241,-0.0305,-0.0543,-0.1084,0.0000,0.0000,0.0000,0.0000,0.1855,0.1855,0.0000,-0.0771,0.0000,0.0000
229.9740,58.4260,0,14,bcdl_PAN,0.3780,0.2960,0.0870,0.1360,1,0,1,0,0,0,0.0000,-2144206.1312,-2553011.6798,5424837.5912,13,0.5073,0.6048,0.1293,0.3088,0.3889,0.1586,-0.1127,-0.4373,-0.0057,-0.0089,-0.0172,0.0000,0.0000,0.0000,0.0000,0.1075,0.1075,0.0000,-0.0903,0.0000,0.0000
239.2510,56.2460,0,14,bcfj_PAN,0.7890,-1.2180,0.0960,0.0760,1,0,1,0,0,0,0.0000,-1808867.2657,-3040553.2884,5294089.7590,13,0.3930,0.1018,-0.3960,1.3198,0.3051,-0.0922,-0.0393,-0.1351,-0.0486,-0.0589,-0.0043,0.0000,0.0000,0.0000,0.0000,0.0669,0.0669,0.0000,-0.0626,0.0000,0.0000
237.4150,58.8400,0,14,bcfn_PAN,0.2610,-1.1920,0.1100,0.1310,1,0,1,0,0,0,0.0000,-1774364.1582,-2776096.8703,5448786.0540,13,0.4907,0.1585,0.2297,1.3505,0.4121,-0.0426,-0.0585,-0.1735,-0.0202,-0.0275,-0.0083,0.0000,0.0000,0.0000,0.0000,0.0772,0.0772,0.0000,-0.0689,0.0000,0.0000
243.9710,50.5090,0,14,bcin_PAN,2.0990,-0.5800,0.2140,0.2610,1,0,1,0,0,0,0.0000,-1776991.2823,-3638696.5713,4913912.9730,13,0.2742,-0.0185,-1.8248,0.5615,0.0608,-0.2193,-0.0067,-0.0977,-0.2068,-0.1032,0.0284,0.0000,0.0000,0.0000,0.0000,0.0138,0.0138,0.0000,-0.0422,0.0000,0.0000
237.2040,53.9080,0,14,bcpg_PAN,-0.1820,-0.3060,0.0770,0.0800,1,0,1,0,0,0,0.0000,-2031703.9779,-3153070.8706,5145354.6518,13,0.3266,0.2664,0.5086,0.5724,0.2116,-0.0369,-0.0166,-0.1788,-0.0983,-0.1244,-0.0086,0.0000,0.0000,0.0000,0.0000,0.0827,0.0827,0.0000,-0.0741,0.0000,0.0000
229.5650,54.2770,0,14,bcpr_PAN,-0.5170,-0.2160,0.1480,0.3380,1,0,1,0,0,0,0.0000,-2411271.4813,-2829730.3644,5169404.9338,13,0.2056,1.3051,0.7226,1.5211,0.2195,0.1696,0.0161,-1.1301,-0.0022,-0.0053,-0.0451,0.0000,0.0000,0.0000,0.0000,0.0883,0.0883,0.0000,-0.0432,0.0000,0.0000
219.1400,62.4140,0,46,bcrk_PAN,2.1890,1.4810,0.1580,0.1740,1,0,1,0,0,0,0.0000,-2286977.1942,-1861228.5417,5643572.9011,46,-3.2534,4.2291,-5.4424,2.7481,-3.4771,-0.5309,-0.2245,-4.7594,0.0009,-0.0006,-0.0081,0.0000,0.0000,0.0000,0.0000,0.3363,0.3363,0.0000,-0.3282,0.0000,0.0000
237.1400,49.1920,0,14,bcsf_PAN,4.7420,2.7920,0.0870,0.0980,1,0,1,0,0,0,0.0000,-2257868.0142,-3495480.9940,4819543.1435,11,4.0093,3.3591,-0.7327,0.5671,3.1838,2.6281,0.6733,0.1789,-1.4988,-0.9098,-0.0114,0.0000,0.0000,0.0000,0.0000,0.1601,0.1601,0.0000,-0.1487,0.0000,0.0000
240.3560,49.5650,0,14,bcsl_PAN,1.8370,0.8770,0.0610,0.1070,1,0,1,0,0,0,0.0000,-2042652.4046,-3589297.7449,4846531.1630,13,0.5946,0.3315,-1.2424,-0.5455,0.0304,-0.1221,-0.0809,-0.2149,-0.4833,-0.2387,0.0473,0.0000,0.0000,0.0000,0.0000,0.0171,0.0171,0.0000,-0.0644,0.0000,0.0000
228.1930,53.2540,0,14,bcss_PAN,-5.1660,0.4040,0.3160,0.5560,1,0,1,0,0,0,0.0000,-2539464.1132,-2839537.7896,5102205.2703,13,-0.3967,4.4893,4.7693,4.0853,0.1742,0.2064,0.5581,-4.2891,0.0128,0.0062,-0.0505,0.0000,0.0000,0.0000,0.0000,0.3041,0.3041,0.0000,-0.2535,0.0000,0.0000
231.3730,54.5150,0,14,bcte_PAN,0.0740,-0.0170,0.3820,0.4870,1,0,1,0,0,0,0.0000,-2307367.6544,-2887597.6364,5184803.3578,13,0.2995,0.7650,0.2255,0.7820,0.2330,0.1208,-0.0527,-0.6201,-0.0138,-0.0241,-0.0426,0.0000,0.0000,0.0000,0.0000,0.0913,0.0913,0.0000,-0.0487,0.0000,0.0000
237.9360,52.1870,0,14,bcwa_PAN,0.3040,0.2360,0.1020,0.1050,1,0,1,0,0,0,0.0000,-2072391.9107,-3308291.5733,5030382.6988,13,0.3702,0.3738,0.0662,0.1378,0.1408,-0.0567,0.0120,-0.1890,-0.2414,-0.2414,0.0104,0.0000,0.0000,0.0000,0.0000,0.0787,0.0787,0.0000,-0.0892,0.0000,0.0000
242.6500,48.9870,0,14,bdry_PAN,1.6480,0.2080,0.0950,0.0900,1,0,1,0,0,0,0.0000,-1919711.2158,-3711421.9653,4804623.5341,13,0.3559,0.0790,-1.2921,-0.1290,0.0021,-0.1838,-0.0339,-0.1406,-0.3199,-0.1222,0.0381,0.0000,0.0000,0.0000,0.0000,-0.0001,-0.0001,0.0000,-0.0380,0.0000,0.0000
238.6850,44.0570,0,6,bend_PAN,0.7680,3.1240,0.0780,0.1580,1,0,1,0,0,0,0.0000,-2378318.9665,-3909341.5690,4427753.2510,3,0.3076,3.6687,-0.4604,0.5447,-1.2619,3.1400,-0.9796,-0.5088,-0.5899,-0.0199,-0.0290,0.0000,0.0000,0.0000,0.0000,0.4042,0.4042,0.0000,-0.3752,0.0000,0.0000
240.1710,40.7290,0,12,bflo_PAN,-4.8300,1.2800,0.2400,0.3790,1,0,1,0,0,0,0.0000,-2400155.6516,-4185993.6912,4154643.3212,10,-4.7709,3.5349,0.0591,2.2549,-4.7734,3.1560,0.1832,-0.4094,-0.1857,0.0306,-0.0165,0.0000,0.0000,0.0000,0.0000,-0.0477,-0.0477,0.0000,0.0642,0.0000,0.0000
241.0110,47.9330,0,14,bigd_PAN,1.7390,0.9300,0.0880,0.0930,1,0,1,0,0,0,0.0000,-2067569.9598,-3731684.3672,4726948.0330,13,0.6419,0.2819,-1.0971,-0.6481,-0.0376,-0.1397,-0.1653,-0.2699,-0.5142,-0.1518,0.0462,0.0000,0.0000,0.0000,0.0000,0.0020,0.0020,0.0000,-0.0482,0.0000,0.0000
233.4110,52.3880,0,14,blcl_PAN,-0.1680,2.0410,0.1240,0.1490,1,0,1,0,0,0,0.0000,-2316403.6361,-3120291.4851,5044046.6596,13,0.2123,0.8016,0.3803,-1.2394,0.1487,0.0658,0.0217,-0.5727,-0.0853,-0.1632,-0.0741,0.0000,0.0000,0.0000,0.0000,0.1729,0.1729,0.0000,-0.0988,0.0000,0.0000
242.0250,46.3170,0,14,bldg_PAN,0.8520,0.9130,0.2010,0.3650,1,0,1,0,0,0,0.0000,-2062942.6040,-3883918.1082,4604758.3436,13,0.4720,0.1795,-0.3800,-0.7335,-0.1058,-0.1670,-0.2020,-0.2889,-0.3757,-0.0577,0.0304,0.0000,0.0000,0.0000,0.0000,0.0088,0.0088,0.0000,-0.0392,0.0000,0.0000
240.9070,40.7700,0,12,blrk_PAN,-4.6950,3.5630,0.6430,0.5460,1,0,1,0,0,0,0.0000,-2344741.2517,-4213879.9968,4158095.1524,10,-4.4884,2.7875,0.2066,-0.7755,-4.7030,2.5646,-0.0566,-0.2469,-0.1580,0.0240,-0.0130,0.0000,0.0000,0.0000,0.0000,-0.0294,-0.0294,0.0000,0.0424,0.0000,0.0000
241.9530,40.9490,0,12,blum_PAN,-3.9310,0.2930,0.3010,0.2950,1,0,1,0,0,0,0.0000,-2261306.4824,-4244495.7096,4173140.3793,10,-3.8677,1.7620,0.0633,1.4690,-4.4746,1.7235,-0.4703,-0.0562,-0.1367,0.0177,-0.0084,0.0000,0.0000,0.0000,0.0000,-0.1283,-0.1283,0.0000,0.1367,0.0000,0.0000
238.9510,42.4070,0,3,bly1_PAN,-2.4480,4.3270,0.0940,0.0890,1,0,1,0,0,0,0.0000,-2424922.3315,-4027941.6473,4294157.5697,2,-2.8132,4.4379,-0.3652,0.1109,-3.4125,4.3223,-0.2186,-0.1162,-0.3807,0.0006,-0.0311,0.0000,0.0000,0.0000,0.0000,-0.0446,-0.0446,0.0000,0.0757,0.0000,0.0000
237.0720,48.0160,0,8,blyn_PAN,5.4650,3.8570,0.6650,0.7630,1,0,1,0,0,0,0.0000,-2315306.9132,-3575087.4798,4733123.1625,5,5.7257,4.1329,0.2607,0.2759,3.1236,2.8130,0.4004,-0.1942,-3.0025,-1.1257,-0.2681,0.0000,0.0000,0.0000,0.0000,0.3387,0.3387,0.0000,-0.0706,0.0000,0.0000
229.3630,53.4930,0,14,bnab_PAN,-1.8440,1.2760,0.1290,0.1680,1,0,1,0,0,0,0.0000,-2467071.9174,-2874623.1876,5118051.3035,13,0.0661,1.9068,1.9101,0.6308,0.1871,0.1750,0.1185,-1.7322,0.0025,0.0004,-0.0555,0.0000,0.0000,0.0000,0.0000,0.1162,0.1162,0.0000,-0.0607,0.0000,0.0000
238.6920,44.0890,0,6,bndm_PAN,1.0900,3.4630,0.1180,0.1440,1,0,1,0,0,0,0.0000,-2376555.9356,-3907518.6644,4430308.2550,3,0.3140,3.6491,-0.7760,0.1861,-1.2266,3.1346,-0.9463,-0.4946,-0.5944,-0.0200,-0.0283,0.0000,0.0000,0.0000,0.0000,0.3480,0.3480,0.0000,-0.3196,0.0000,0.0000
230.0990,53.3310,0,14,bnkb_PAN,-2.5030,0.7570,0.3900,0.4790,1,0,1,0,0,0,0.0000,-2439215.9168,-2917166.0399,5107320.1846,13,0.1234,1.5417,2.6264,0.7847,0.1822,0.1552,0.0614,-1.3816,-0.0026,-0.0050,-0.0621,0.0000,0.0000,0.0000,0.0000,0.1127,0.1127,0.0000,-0.0506,0.0000,0.0000
240.6180,40.2720,0,12,boil_PAN,-4.6370,4.8380,0.5590,0.7580,1,0,1,0,0,0,0.0000,-2383608.4582,-4233332.6263,4116024.4235,10,-5.1859,3.2475,-0.5489,-1.5905,-5.2753,2.7969,0.0545,-0.4801,-0.1439,0.0295,-0.0153,0.0000,0.0000,0.0000,0.0000,-0.0128,-0.0128,0.0000,0.0281,0.0000,0.0000
232.2280,50.1570,0,8,bpeb_PAN,5.4750,4.5560,0.2820,0.3680,1,0,1,0,0,0,0.0000,-2498799.1825,-3224685.2491,4888942.5391,5,0.0644,3.0096,-5.4106,-1.5464,2.5658,2.4156,4.0437,-0.8431,-1.5423,0.2491,0.1752,0.0000,0.0000,0.0000,0.0000,0.0353,0.0353,0.0000,-0.2104,0.0000,0.0000
239.6730,46.8830,0,16,bpkt_PAN,2.2040,1.6330,0.1160,0.1470,1,0,1,0,0,0,0.0000,-2197518.6911,-3756537.5969,4647976.8014,15,2.4414,1.6995,0.2374,0.0665,2.7006,2.4002,1.0407,0.8511,-0.7815,-0.1504,0.0401,0.0000,0.0000,0.0000,0.0000,-0.4579,-0.4579,0.0000,0.4179,0.0000,0.0000
241.8090,44.4400,0,6,brnt_PAN,-0.2390,0.5970,0.1310,0.2300,1,0,1,0,0,0,0.0000,-2147706.3781,-4006966.6790,4458242.5695,3,-0.3808,0.9790,-0.1418,0.3820,-0.7681,0.7222,-0.0902,-0.2456,-0.2972,-0.0112,0.0110,0.0000,0.0000,0.0000,0.0000,-0.0394,-0.0394,0.0000,0.0284,0.0000,0.0000
238.2910,45.4020,0,7,brsp_PAN,2.9250,3.8570,0.5670,0.5350,1,0,1,0,0,0,0.0000,-2349856.3895,-3803405.2873,4533942.5041,4,2.9465,4.0456,0.0215,0.1886,3.0660,4.0442,1.1931,0.0872,-1.0735,-0.0886,-0.0144,0.0000,0.0000,0.0000,0.0000,-2.4986,-2.4986,0.0000,2.5130,0.0000,0.0000
242.7340,40.3610,0,17,buff_PAN,-3.0450,0.6790,0.1880,0.2360,1,0,1,0,0,0,0.0000,-2222745.0180,-4312767.0343,4123565.9997,16,-3.3663,0.5022,-0.3213,-0.1768,-3.0413,0.0417,0.4298,-0.4770,-0.1048,0.0165,-0.0075,0.0000,0.0000,0.0000,0.0000,-0.0917,-0.0917,0.0000,0.0992,0.0000,0.0000
240.1610,40.5190,0,12,burr_PAN,-6.8000,4.3680,0.3230,0.2140,1,0,1,0,0,0,0.0000,-2408446.7606,-4198755.3770,4136929.8939,10,-5.0094,3.6657,1.7906,-0.7023,-5.0113,3.1641,0.1722,-0.5345,-0.1741,0.0329,-0.0169,0.0000,0.0000,0.0000,0.0000,-0.0263,-0.0263,0.0000,0.0433,0.0000,0.0000
231.5360,53.0630,0,14,butb_PAN,-0.8200,0.4790,0.2300,0.2590,1,0,1,0,0,0,0.0000,-2380126.6480,-2996091.3945,5089477.8668,13,0.1889,1.0583,1.0089,0.5793,0.1739,0.1164,0.0036,-0.9087,-0.0186,-0.0331,-0.0715,0.0000,0.0000,0.0000,0.0000,0.1241,0.1241,0.0000,-0.0526,0.0000,0.0000
237.5210,48.2150,0,13,cami_PAN,6.9010,2.2450,1.4780,1.4160,1,0,1,0,0,0,0.0000,-2278378.4113,-3579232.0039,4747888.1135,12,4.8023,3.6109,-2.0987,1.3659,3.3630,2.9593,0.5703,0.1421,-2.0095,-0.7936,-0.0536,0.0000,0.0000,0.0000,0.0000,0.1511,0.1511,0.0000,-0.0975,0.0000,0.0000
239.5660,35.9390,0,1,cand_PAN,-12.7720,17.9150,0.2010,0.1450,1,0,1,0,0,0,0.0000,-2611420.7038,-4445013.2873,3737203.5327,1,-9.4718,9.5612,3.3002,-8.3538,-9.8872,7.7524,-0.3987,-1.8198,-0.0167,0.0110,-0.0199,0.0000,0.0000,0.0000,0.0000,0.0085,0.0085,0.0000,0.0114,0.0000,0.0000
240.7630,40.8330,0,12,casi_PAN,-5.3700,4.4890,0.6200,0.5590,1,0,1,0,0,0,0.0000,-2353089.9448,-4203981.5592,4163395.0357,10,-4.4424,2.8984,0.9276,-1.5906,-4.6359,2.6804,-0.0277,-0.2425,-0.1659,0.0245,-0.0135,0.0000,0.0000,0.0000,0.0000,-0.0283,-0.0283,0.0000,0.0417,0.0000,0.0000
213.0250,61.2040,0,46,cbia_PAN,29.3250,-26.3550,3.9670,4.0160,1,0,1,0,0,0,0.0000,-2571599.5546,-1671612.0133,5580048.4289,46,-6.3841,6.5939,-35.7091,32.9489,-4.2045,0.8140,2.1763,-5.7798,0.0033,-0.0001,-0.0066,0.0000,0.0000,0.0000,0.0000,0.6980,0.6980,0.0000,-0.6913,0.0000,0.0000
242.0210,46.3210,0,14,ccpw_PAN,1.8810,1.3820,0.2130,0.3140,1,0,1,0,0,0,0.0000,-2063062.9243,-3883490.1698,4605065.3560,13,0.4734,0.1801,-1.4076,-1.2019,-0.1056,-0.1669,-0.2027,-0.2891,-0.3762,-0.0579,0.0304,0.0000,0.0000,0.0000,0.0000,0.0088,0.0088,0.0000,-0.0392,0.0000,0.0000
212.9520,61.1220,0,46,cgnn_PAN,-15.0090,21.8910,0.2830,0.3390,1,0,1,0,0,0,0.0000,-2580425.8762,-1672676.3708,5575653.1023,46,-6.5468,6.8351,8.4622,-15.0559,-4.2538,0.8301,2.2896,-6.0050,0.0034,-0.0001,-0.0066,0.0000,0.0000,0.0000,0.0000,0.7624,0.7624,0.0000,-0.7558,0.0000,0.0000
240.0100,47.8320,0,14,chel_PAN,2.4460,1.1910,0.0670,0.0810,1,0,1,0,0,0,0.0000,-2136608.1371,-3702205.9343,4719420.3405,13,1.1908,0.6216,-1.2552,-0.5694,-0.0401,-0.1127,-0.5315,-0.5306,-0.6994,-0.2037,0.0496,0.0000,0.0000,0.0000,0.0000,0.1006,0.1006,0.0000,-0.1501,0.0000,0.0000
238.0050,49.1440,0,14,chlw_PAN,2.1460,2.1650,0.4730,0.3430,1,0,1,0,0,0,0.0000,-2206979.6303,-3532591.6485,4816055.2964,11,2.9530,2.7820,0.8070,0.6170,3.2498,2.9905,1.3902,0.7947,-1.0935,-0.5862,0.0371,0.0000,0.0000,0.0000,0.0000,0.4818,0.4818,0.0000,-0.5189,0.0000,0.0000
238.8510,43.7510,0,11,cihl_PAN,-0.1620,3.5810,0.0950,0.0950,1,0,1,0,0,0,0.0000,-2379180.8081,-3936397.7619,4403251.3901,9,-0.1682,3.8466,-0.0062,0.2656,-0.1083,2.6707,0.5737,-1.1616,-0.5138,-0.0143,-0.0286,0.0000,0.0000,0.0000,0.0000,-0.5685,-0.5685,0.0000,0.5970,0.0000,0.0000
239.0300,47.2050,0,13,clem_PAN,3.4520,2.6190,0.3000,0.3080,1,0,1,0,0,0,0.0000,-2226059.9363,-3709183.6784,4672361.8290,12,3.1801,2.4019,-0.2719,-0.2171,2.3857,1.8735,0.2254,-0.3010,-1.0197,-0.2274,0.0382,0.0000,0.0000,0.0000,0.0000,0.1922,0.1922,0.0000,-0.2303,0.0000,0.0000
113.5610,22.1210,0,47,coal_PAN,-1095.0360,-0.5010,1560.1700,5.5740,1,0,1,0,0,0,0.0000,-2357875.5181,5406992.9369,2397749.3368,47,7.6534,1.1469,1102.6894,1.6479,8.0652,1.0701,0.4117,-0.0768,0.0001,-0.0000,-0.0002,0.0000,0.0000,0.0000,0.0000,-0.0186,-0.0186,0.0000,0.0188,0.0000,0.0000
242.0970,48.5450,0,14,colv_PAN,1.6150,0.3060,0.0610,0.0860,1,0,1,0,0,0,0.0000,-1972729.6448,-3725366.2493,4772246.3807,13,0.4191,0.1297,-1.1959,-0.1763,-0.0147,-0.1690,-0.0580,-0.1685,-0.3758,-0.1302,0.0413,0.0000,0.0000,0.0000,0.0000,-0.0037,-0.0037,0.0000,-0.0376,0.0000,0.0000
239.8190,45.2380,0,6,cond_PAN,0.8950,1.9950,0.0780,0.1190,1,0,1,0,0,0,0.0000,-2254116.3206,-3875915.4743,4521127.1062,3,0.7270,2.4018,-0.1680,0.4068,0.0714,2.2630,-0.0791,-0.0992,-0.5765,-0.0396,0.0132,0.0000,0.0000,0.0000,0.0000,-0.0199,-0.0199,0.0000,0.0067,0.0000,0.0000
240.6580,41.5910,0,6,cott_PAN,-3.6830,2.8340,0.2220,0.2520,1,0,1,0,0,0,0.0000,-2333593.9778,-4151282.2962,4226765.4188,3,-3.7003,2.3445,-0.0173,-0.4895,-3.9100,1.6137,-0.0046,-0.7485,-0.2051,0.0177,-0.0125,0.0000,0.0000,0.0000,0.0000,0.1361,0.1361,0.0000,-0.1236,0.0000,0.0000
237.7390,46.0590,0,9,coug_PAN,4.7420,6.8830,0.1870,0.3750,1,0,1,0,0,0,0.0000,-2358482.3306,-3736378.5604,4584908.7026,6,4.0330,5.2811,-0.7090,-1.6019,2.7008,5.5345,0.3787,0.4880,-1.7109,-0.2346,-0.0479,0.0000,0.0000,0.0000,0.0000,0.0623,0.0623,0.0000,-0.0143,0.0000,0.0000
238.7670,43.7220,0,11,cpco_PAN,-0.1480,3.7330,0.1820,0.1910,1,0,1,0,0,0,0.0000,-2386104.6213,-3934810.6405,4400922.7919,9,-0.0438,3.8398,0.1042,0.1068,-0.1885,2.8325,0.3784,-0.9917,-0.5231,-0.0156,-0.0311,0.0000,0.0000,0.0000,0.0000,-0.1496,-0.1496,0.0000,0.1807,0.0000,0.0000
239.6860,47.4300,0,13,cpud_PAN,2.8480,2.8530,0.2100,0.2210,1,0,1,0,0,0,0.0000,-2174169.2644,-3718558.6199,4689313.5171,12,2.0467,1.3933,-0.8013,-1.4597,2.6279,1.4010,1.3732,0.2038,-0.7920,-0.1962,0.0463,0.0000,0.0000,0.0000,0.0000,0.7147,0.7147,0.0000,-0.7610,0.0000,0.0000
241.4250,43.4160,0,6,cran_PAN,-2.2350,0.8160,0.1760,0.2180,1,0,1,0,0,0,0.0000,-2212274.4955,-4061814.3736,4376283.4703,3,-1.5613,1.2834,0.6737,0.4674,-1.8964,1.0197,-0.0757,-0.2654,-0.2595,0.0017,0.0002,0.0000,0.0000,0.0000,0.0000,-0.0257,-0.0257,0.0000,0.0255,0.0000,0.0000
237.9460,47.0820,0,16,crbn_PAN,4.9000,4.9170,0.3280,0.3360,1,0,1,0,0,0,0.0000,-2301150.8071,-3674899.5307,4663064.4284,15,4.2514,3.8834,-0.6486,-1.0336,2.8244,3.5844,0.3098,0.0546,-1.7369,-0.3536,-0.0216,0.0000,0.0000,0.0000,0.0000,0.1502,0.1502,0.0000,-0.1285,0.0000,0.0000
238.2680,46.8710,0,16,cshq_PAN,3.4440,4.0360,0.2260,0.2150,1,0,1,0,0,0,0.0000,-2289478.0761,-3702354.2001,4647065.2005,15,3.8121,3.6511,0.3681,-0.3849,2.6376,3.3638,0.2516,-0.0211,-1.4262,-0.2662,0.0066,0.0000,0.0000,0.0000,0.0000,0.1005,0.1005,0.0000,-0.1070,0.0000,0.0000
242.3420,49.2580,0,14,cstl_PAN,1.0060,-0.6740,0.4110,0.4830,1,0,1,0,0,0,0.0000,-1929064.0628,-3680879.0329,4824333.4098,13,0.3766,0.1041,-0.6294,0.7781,0.0139,-0.1756,-0.0326,-0.1434,-0.3300,-0.1363,0.0391,0.0000,0.0000,0.0000,0.0000,0.0030,0.0030,0.0000,-0.0421,0.0000,0.0000
238.3130,47.9750,0,13,culm_PAN,3.7960,2.8430,0.1940,0.2580,1,0,1,0,0,0,0.0000,-2239113.6769,-3627274.5967,4730074.0379,12,3.7493,2.7237,-0.0467,-0.1193,3.1472,2.3896,0.7640,0.1138,-1.3661,-0.4479,0.0254,0.0000,0.0000,0.0000,0.0000,0.1579,0.1579,0.0000,-0.1832,0.0000,0.0000
240.7240,46.2800,0,16,danp_PAN,1.7560,1.5580,0.1810,0.2590,1,0,1,0,0,0,0.0000,-2152048.0242,-3838671.2373,4601917.4151,15,1.6205,1.2480,-0.1355,-0.3100,2.1523,1.6784,1.0579,0.5066,-0.5261,-0.0761,0.0327,0.0000,0.0000,0.0000,0.0000,0.1823,0.1823,0.0000,-0.2150,0.0000,0.0000
236.6580,43.2110,0,4,dcso_PAN,0.4330,7.6130,0.1200,0.1200,1,0,1,0,0,0,0.0000,-2550764.4782,-3876971.5066,4359706.8680,8,0.9489,7.7399,0.5159,0.1269,-0.5381,7.4259,0.1496,-0.2399,-1.6366,-0.0742,-0.3485,0.0000,0.0000,0.0000,0.0000,0.2629,0.2629,0.0000,0.0856,0.0000,0.0000
242.5790,47.6660,0,14,dea1_PAN,1.2790,0.3370,0.1040,0.1250,1,0,1,0,0,0,0.0000,-1974807.3400,-3806374.3246,4707016.2452,13,0.3693,0.0841,-0.9097,-0.2529,-0.0518,-0.1819,-0.0712,-0.1741,-0.3499,-0.0919,0.0369,0.0000,0.0000,0.0000,0.0000,-0.0104,-0.0104,0.0000,-0.0265,0.0000,0.0000
239.5270,40.2040,0,2,diam_PAN,-6.5190,6.3010,0.4250,0.3780,1,0,1,0,0,0,0.0000,-2466256.2603,-4191387.6228,4110255.6265,0,-6.9774,5.8689,-0.4584,-0.4321,-7.3045,6.5484,-0.1428,0.6328,-0.1843,0.0467,-0.0211,0.0000,0.0000,0.0000,0.0000,0.0862,0.0862,0.0000,-0.0651,0.0000,0.0000
242.8360,48.1370,0,14,dmnd_PAN,1.6150,0.0910,0.0840,0.1080,1,0,1,0,0,0,0.0000,-1939982.7709,-3780639.2630,4742107.6615,13,0.3433,0.0626,-1.2717,-0.0284,-0.0332,-0.1888,-0.0496,-0.1526,-0.3269,-0.0989,0.0370,0.0000,0.0000,0.0000,0.0000,-0.0075,-0.0075,0.0000,-0.0295,0.0000,0.0000
239.8530,40.0260,0,2,doyl_PAN,-6.5080,4.2620,0.4680,0.4360,1,0,1,0,0,0,0.0000,-2448769.6142,-4216373.9283,4095127.5602,0,-7.0758,5.3558,-0.5678,1.0938,-7.7925,5.8607,-0.5606,0.4640,-0.1562,0.0409,-0.0196,0.0000,0.0000,0.0000,0.0000,0.0502,0.0502,0.0000,-0.0305,0.0000,0.0000
240.3750,49.3230,0,14,drao_PAN,1.9510,1.1510,0.0490,0.0680,1,0,1,0,0,0,0.0000,-2051562.6892,-3607737.2315,4829044.8395,13,0.6267,0.3391,-1.3243,-0.8119,0.0204,-0.1226,-0.0980,-0.2260,-0.5082,-0.2357,0.0486,0.0000,0.0000,0.0000,0.0000,0.0143,0.0143,0.0000,-0.0629,0.0000,0.0000
240.1480,40.4010,0,12,dryv_PAN,-4.7580,4.9370,0.1340,0.1480,1,0,1,0,0,0,0.0000,-2413635.1596,-4205589.3818,4126952.2325,10,-5.1787,3.7612,-0.4207,-1.1758,-5.1453,3.1745,0.2012,-0.6208,-0.1678,0.0341,-0.0172,0.0000,0.0000,0.0000,0.0000,-0.0100,-0.0100,0.0000,0.0272,0.0000,0.0000
245.9610,44.3830,0,21,dvcg_PAN,-0.5360,0.0660,0.1660,0.1470,1,0,1,0,0,0,0.0000,-1853760.4376,-4155998.4870,4453717.5794,20,-1.8507,-0.2655,-1.3147,-0.3315,-2.8719,-0.5832,-0.8755,-0.3083,-0.1457,-0.0094,0.0124,0.0000,0.0000,0.0000,0.0000,-0.1737,-0.1737,0.0000,0.1612,0.0000,0.0000
241.8520,47.6560,0,14,dvpt_PAN,1.8700,0.3680,0.0590,0.0750,1,0,1,0,0,0,0.0000,-2023331.9480,-3781735.4715,4706267.7477,13,0.4762,0.1635,-1.3938,-0.2045,-0.0506,-0.1624,-0.1111,-0.2161,-0.4157,-0.1098,0.0406,0.0000,0.0000,0.0000,0.0000,-0.0080,-0.0080,0.0000,-0.0326,0.0000,0.0000
237.9200,47.7740,0,8,dwh1_PAN,4.1900,5.1520,0.3090,0.6650,1,0,1,0,0,0,0.0000,-2272739.7822,-3625868.6363,4715090.8768,12,4.3385,3.3753,0.1485,-1.7767,2.9305,2.6724,0.3374,-0.1796,-1.7453,-0.5232,-0.0140,0.0000,0.0000,0.0000,0.0000,0.2171,0.2171,0.0000,-0.2031,0.0000,0.0000
242.6850,40.9010,0,17,edna_PAN,-3.6910,1.5080,0.2440,0.2230,1,0,1,0,0,0,0.0000,-2208500.0571,-4276143.3135,4169109.8956,16,-3.1435,0.3899,0.5475,-1.1181,-2.8960,0.0500,0.3685,-0.3551,-0.1209,0.0152,-0.0062,0.0000,0.0000,0.0000,0.0000,-0.0894,-0.0894,0.0000,0.0956,0.0000,0.0000
242.0720,45.5650,0,14,elg2_PAN,0.8700,0.4950,0.1410,0.1200,1,0,1,0,0,0,0.0000,-2087884.0122,-3938671.0551,4546642.9520,13,0.2398,0.2848,-0.6302,-0.2102,-0.1366,-0.1683,-0.0365,-0.4183,-0.3399,-0.0348,0.0229,0.0000,0.0000,0.0000,0.0000,0.1901,0.1901,0.0000,-0.2130,0.0000,0.0000
242.0720,45.5650,0,14,elgn_PAN,1.6680,1.2630,0.2150,0.1660,1,0,1,0,0,0,0.0000,-2087884.0122,-3938671.0551,4546642.9520,13,0.2398,0.2848,-1.4282,-0.9782,-0.1366,-0.1683,-0.0365,-0.4183,-0.3399,-0.0348,0.0229,0.0000,0.0000,0.0000,0.0000,0.1901,0.1901,0.0000,-0.2130,0.0000,0.0000
242.7120,45.4310,0,14,entr_PAN,0.8400,0.1120,0.0880,0.1700,1,0,1,0,0,0,0.0000,-2048628.7374,-3971185.9635,4536204.7794,13,0.3262,0.3567,-0.5138,0.2447,-0.1435,-0.1855,-0.1789,-0.5137,-0.2907,-0.0286,0.0211,0.0000,0.0000,0.0000,0.0000,0.2455,0.2455,0.0000,-0.2666,0.0000,0.0000
240.4550,47.3290,0,14,ephr_PAN,1.9080,0.9650,0.0530,0.0770,1,0,1,0,0,0,0.0000,-2128138.8387,-3754589.1552,4681713.0220,13,1.0433,0.5382,-0.8647,-0.4268,-0.0614,-0.1247,-0.4923,-0.5183,-0.6123,-0.1447,0.0448,0.0000,0.0000,0.0000,0.0000,0.0850,0.0850,0.0000,-0.1298,0.0000,0.0000
236.1290,44.8350,0,15,euch_PAN,7.2030,8.5500,0.3450,0.2980,1,0,1,0,0,0,0.0000,-2516550.9948,-3749120.6337,4489478.4804,14,7.3755,8.9078,0.1725,0.3578,2.9620,6.5271,0.3484,-0.2281,-4.7619,-2.1526,-1.2550,0.0000,0.0000,0.0000,0.0000,1.2325,1.2325,0.0000,0.0225,0.0000,0.0000
212.5010,64.9780,0,14,fair_PAN,2.5860,-4.0370,0.1270,0.1420,1,0,1,0,0,0,0.0000,-2271408.4328,-1447102.4966,5769830.9817,13,-0.0272,2.1693,-2.6132,6.2063,0.5427,0.6145,0.5690,-1.5545,0.0009,-0.0003,-0.0054,0.0000,0.0000,0.0000,0.0000,-0.0227,-0.0227,0.0000,0.0281,0.0000,0.0000
241.2660,40.5130,0,12,farr_PAN,-5.2540,4.1050,0.3020,0.5670,1,0,1,0,0,0,0.0000,-2327235.4161,-4244800.5518,4136422.9783,10,-4.7187,2.5082,0.5353,-1.5968,-4.9840,2.2760,-0.1286,-0.2553,-0.1367,0.0231,-0.0121,0.0000,0.0000,0.0000,0.0000,-0.0337,-0.0337,0.0000,0.0458,0.0000,0.0000
242.3460,47.6360,0,14,farw_PAN,1.2940,0.3490,0.6090,0.6090,1,0,1,0,0,0,0.0000,-1991413.6543,-3800494.6164,4704770.3227,13,0.3996,0.1071,-0.8944,-0.2419,-0.0525,-0.1757,-0.0829,-0.1865,-0.3692,-0.0963,0.0380,0.0000,0.0000,0.0000,0.0000,-0.0102,-0.0102,0.0000,-0.0278,0.0000,0.0000
239.6920,40.0770,0,2,feri_PAN,-7.1480,6.5220,0.4450,0.5360,1,0,1,0,0,0,0.0000,-2458767.3667,-4206327.6837,4099466.0524,0,-7.1744,5.7298,-0.0264,-0.7922,-7.6571,6.2004,-0.3163,0.4267,-0.1664,0.0438,-0.0204,0.0000,0.0000,0.0000,0.0000,0.0425,0.0425,0.0000,-0.0221,0.0000,0.0000
241.9070,40.3320,0,12,fitt_PAN,-4.3200,1.9090,0.2300,0.2370,1,0,1,0,0,0,0.0000,-2285743.7949,-4282076.7634,4121109.7241,10,-4.6991,1.8644,-0.3791,-0.0446,-5.1743,1.7605,-0.3586,-0.1240,-0.1166,0.0201,-0.0102,0.0000,0.0000,0.0000,0.0000,-0.0821,-0.0821,0.0000,0.0923,0.0000,0.0000
240.1800,40.1580,0,12,flan_PAN,-5.7550,4.7220,0.2850,0.2570,1,0,1,0,0,0,0.0000,-2419968.0750,-4222084.3548,4106349.9216,10,-5.6531,4.0294,0.1019,-0.6926,-5.4190,3.1488,0.3864,-0.9158,-0.1523,0.0352,-0.0176,0.0000,0.0000,0.0000,0.0000,0.0695,0.0695,0.0000,-0.0519,0.0000,0.0000
239.7200,40.4180,0,12,flem_PAN,-5.5270,5.0910,0.2590,0.1550,1,0,1,0,0,0,0.0000,-2444365.7891,-4186384.7148,4128390.7725,10,-5.4332,4.5918,0.0938,-0.4992,-5.1423,3.5182,0.4808,-1.1143,-0.1898,0.0407,-0.0195,0.0000,0.0000,0.0000,0.0000,0.0815,0.0815,0.0000,-0.0620,0.0000,0.0000
239.2080,41.1090,0,3,fost_PAN,-6.1290,4.6430,0.4230,0.4600,1,0,1,0,0,0,0.0000,-2456009.4348,-4121302.3933,4186554.1559,2,-5.5982,4.3556,0.5308,-0.2874,-6.3314,3.9039,-0.4496,-0.4862,-0.2836,0.0345,-0.0224,0.0000,0.0000,0.0000,0.0000,-0.0847,-0.0847,0.0000,0.1071,0.0000,0.0000
240.5280,40.5750,0,12,foxr_PAN,-5.9310,4.5790,0.3930,0.7410,1,0,1,0,0,0,0.0000,-2379512.5361,-4210573.9463,4141658.9183,10,-4.8181,3.2149,1.1129,-1.3641,-4.9354,2.8692,0.0448,-0.3741,-0.1621,0.0284,-0.0151,0.0000,0.0000,0.0000,0.0000,-0.0275,-0.0275,0.0000,0.0426,0.0000,0.0000
238.0400,47.0080,0,16,frfx_PAN,3.4950,3.6250,0.2830,0.3320,1,0,1,0,0,0,0.0000,-2298304.6222,-3683776.4435,4657460.5139,15,4.1145,3.8345,0.6195,0.2095,2.7581,3.5200,0.2780,0.0082,-1.6344,-0.3226,-0.0112,0.0000,0.0000,0.0000,0.0000,0.1294,0.1294,0.0000,-0.1182,0.0000,0.0000
236.9730,48.5310,0,14,frid_PAN,5.7230,3.4580,0.1870,0.2430,1,0,1,0,0,0,0.0000,-2298199.6772,-3535268.8139,4771216.2096,11,5.4205,3.8273,-0.3025,0.3693,3.6445,2.5581,0.6820,-0.0453,-2.4579,-1.2239,-0.1619,0.0000,0.0000,0.0000,0.0000,0.2744,0.2744,0.0000,-0.1125,0.0000,0.0000
242.7780,44.2920,0,12,fwbd_PAN,-0.4580,0.3370,0.0930,0.1240,1,0,1,0,0,0,0.0000,-2084896.6262,-4052941.4686,4446484.3384,10,-0.4944,0.9571,-0.0364,0.6201,-0.6678,1.0596,0.0665,0.1112,-0.2398,-0.0087,0.0115,0.0000,0.0000,0.0000,0.0000,-0.0361,-0.0361,0.0000,0.0246,0.0000,0.0000
241.0210,40.6260,0,12,garr_PAN,-3.5410,3.6390,0.4600,0.4710,1,0,1,0,0,0,0.0000,-2341408.0988,-4227665.6046,4145962.2661,10,-4.6392,2.7178,-1.0982,-0.9212,-4.8627,2.4730,-0.0754,-0.2689,-0.1481,0.0241,-0.0128,0.0000,0.0000,0.0000,0.0000,-0.0301,-0.0301,0.0000,0.0429,0.0000,0.0000
236.1980,46.9530,0,9,ghcl_PAN,10.2400,7.9090,0.2110,0.2220,1,0,1,0,0,0,0.0000,-2418012.3368,-3611710.9756,4653290.4089,6,9.6460,7.4032,-0.5940,-0.5058,2.7576,5.7863,0.6241,0.6912,-7.5125,-2.3081,-2.1582,0.0000,0.0000,0.0000,0.0000,2.1729,2.1729,0.0000,-0.0147,0.0000,0.0000
242.4000,40.4620,0,12,golm_PAN,-3.2210,-0.0790,0.3200,0.2940,1,0,1,0,0,0,0.0000,-2244476.7855,-4293288.1139,4132112.3643,10,-4.0851,0.9576,-0.8641,1.0366,-5.0184,1.3638,-0.8207,0.3887,-0.1125,0.0175,-0.0083,0.0000,0.0000,0.0000,0.0000,-0.3462,-0.3462,0.0000,0.3545,0.0000,0.0000
239.1980,45.8290,0,6,goly_PAN,2.1810,2.5680,0.0650,0.0810,1,0,1,0,0,0,0.0000,-2271989.9764,-3810996.1775,4567134.8944,3,1.7130,2.8683,-0.4680,0.3003,0.7006,2.7434,-0.2023,-0.0394,-0.8101,-0.0855,0.0188,0.0000,0.0000,0.0000,0.0000,0.0197,0.0197,0.0000,-0.0385,0.0000,0.0000
240.1510,47.0890,0,14,gorg_PAN,2.2620,1.1990,0.3450,0.2930,1,0,1,0,0,0,0.0000,-2157771.5836,-3760221.1482,4663594.1259,13,1.7434,1.0108,-0.5186,-0.1882,-0.0708,-0.1165,-1.1436,-0.9846,-0.6705,-0.1427,0.0431,0.0000,0.0000,0.0000,0.0000,0.6569,0.6569,0.0000,-0.7000,0.0000,0.0000
240.9510,40.0870,0,12,gran_PAN,-4.3010,3.6530,0.2240,0.3660,1,0,1,0,0,0,0.0000,-2365405.2177,-4258710.5320,4100316.3564,10,-5.3009,2.9677,-0.9999,-0.6853,-5.4746,2.5293,-0.0471,-0.4654,-0.1266,0.0270,-0.0143,0.0000,0.0000,0.0000,0.0000,-0.0096,-0.0096,0.0000,0.0239,0.0000,0.0000
239.3950,41.3500,0,3,grav_PAN,-5.0310,4.9530,0.7010,0.5470,1,0,1,0,0,0,0.0000,-2433558.4594,-4114103.1866,4206697.0007,2,-4.9767,3.9328,0.0543,-1.0202,-5.7793,3.5995,-0.5238,-0.3591,-0.2787,0.0258,-0.0212,0.0000,0.0000,0.0000,0.0000,-0.1285,-0.1285,0.0000,0.1498,0.0000,0.0000
242.3350,48.1440,0,14,grck_PAN,1.5470,0.2900,0.0970,0.1090,1,0,1,0,0,0,0.0000,-1972697.4602,-3763018.3930,4742626.7791,13,0.3976,0.1073,-1.1494,-0.1827,-0.0317,-0.1754,-0.0641,-0.1708,-0.3652,-0.1119,0.0396,0.0000,0.0000,0.0000,0.0000,-0.0072,-0.0072,0.0000,-0.0324,0.0000,0.0000
230.0420,53.8470,0,14,grnb_PAN,-1.3000,0.3770,0.2750,0.3510,1,0,1,0,0,0,0.0000,-2412478.3521,-2879363.5979,5141358.2771,13,0.1851,1.2948,1.4851,0.9178,0.2031,0.1567,0.0219,-1.1305,-0.0040,-0.0075,-0.0525,0.0000,0.0000,0.0000,0.0000,0.0974,0.0974,0.0000,-0.0449,0.0000,0.0000
239.2130,45.3640,0,6,grsv_PAN,1.6450,2.5630,0.0670,0.0790,1,0,1,0,0,0,0.0000,-2289889.2720,-3843307.3752,4530976.3852,3,1.0984,2.9170,-0.5466,0.3540,0.1909,2.7318,-0.1811,-0.1308,-0.7264,-0.0544,0.0092,0.0000,0.0000,0.0000,0.0000,-0.0000,-0.0000,0.0000,-0.0092,0.0000,0.0000
242.9000,44.8720,0,12,half_PAN,0.3310,0.4500,0.0750,0.1000,1,0,1,0,0,0,0.0000,-2055651.2461,-4017094.7629,4492393.4691,10,0.0922,0.8628,-0.2388,0.4128,-0.0075,0.9614,0.1585,0.1160,-0.2581,-0.0174,0.0163,0.0000,0.0000,0.0000,0.0000,0.0001,0.0001,0.0000,-0.0164,0.0000,0.0000
239.2710,40.7830,0,3,heav_PAN,-6.4470,5.3050,0.5100,0.4510,1,0,1,0,0,0,0.0000,-2463608.3709,-4144409.5514,4159189.1910,2,-6.0158,4.6320,0.4312,-0.6730,-7.0644,3.8014,-0.7967,-0.8738,-0.2519,0.0431,-0.0218,0.0000,0.0000,0.0000,0.0000,-0.1033,-0.1033,0.0000,0.1251,0.0000,0.0000
237.1640,47.0490,0,16,hgp1_PAN,5.5660,5.6450,0.3070,0.3080,1,0,1,0,0,0,0.0000,-2352547.6079,-3645407.0486,4660566.3459,15,5.8361,5.2302,0.2701,-0.4148,2.7544,4.1196,-0.0287,-0.5271,-3.0530,-0.5835,-0.2732,0.0000,0.0000,0.0000,0.0000,0.8455,0.8455,0.0000,-0.5723,0.0000,0.0000
240.0630,40.0800,0,12,hony_PAN,-5.5690,4.6010,0.2430,0.2700,1,0,1,0,0,0,0.0000,-2431372.1959,-4221974.3182,4099721.1567,10,-6.2067,4.5097,-0.6377,-0.0913,-5.5113,3.2428,0.8472,-1.3042,-0.1518,0.0373,-0.0184,0.0000,0.0000,0.0000,0.0000,0.1453,0.1453,0.0000,-0.1269,0.0000,0.0000
239.5050,40.5920,0,12,hors_PAN,-5.8050,6.1590,0.4590,0.3080,1,0,1,0,0,0,0.0000,-2453684.1731,-4166360.4939,4143093.7323,10,-5.4144,4.7730,0.3906,-1.3860,-4.9543,3.6907,0.6768,-1.1247,-0.2167,0.0424,-0.0204,0.0000,0.0000,0.0000,0.0000,-0.0633,-0.0633,0.0000,0.0837,0.0000,0.0000
242.5260,41.1540,0,17,hots_PAN,-3.6360,0.1400,0.2620,0.2310,1,0,1,0,0,0,0.0000,-2211843.3959,-4253623.2773,4190320.9028,16,-3.1052,0.5017,0.5308,0.3617,-2.8279,0.0771,0.4088,-0.4393,-0.1315,0.0148,-0.0059,0.0000,0.0000,0.0000,0.0000,-0.1238,-0.1238,0.0000,0.1297,0.0000,0.0000
242.3920,43.8660,0,6,hrpr_PAN,-1.0930,0.4280,0.2060,0.2430,1,0,1,0,0,0,0.0000,-2127415.8224,-4067987.6200,4412474.3743,3,-1.0925,0.8458,0.0005,0.4178,-1.3949,0.2706,-0.0647,-0.5718,-0.2378,-0.0034,0.0074,0.0000,0.0000,0.0000,0.0000,0.0264,0.0264,0.0000,-0.0338,0.0000,0.0000
239.0340,47.1920,0,13,htch_PAN,3.6250,-0.2760,0.5210,0.7330,1,0,1,0,0,0,0.0000,-2226346.3893,-3710248.0107,4671380.1938,12,3.1776,2.4112,-0.4474,2.6872,2.3726,1.8706,0.2126,-0.3151,-1.0176,-0.2255,0.0381,0.0000,0.0000,0.0000,0.0000,0.2018,0.2018,0.0000,-0.2399,0.0000,0.0000
239.5980,35.8810,0,1,hunt_PAN,-14.7110,19.2980,0.1920,0.1760,1,0,1,0,0,0,0.0000,-2610850.9049,-4449731.7485,3731982.9019,1,-9.1652,9.7384,5.5458,-9.5596,-9.8748,7.7601,-0.6933,-1.9891,-0.0163,0.0108,-0.0197,0.0000,0.0000,0.0000,0.0000,0.0473,0.0473,0.0000,-0.0277,0.0000,0.0000
230.8450,53.5990,0,14,hwkb_PAN,-1.8360,0.1950,0.3490,0.3850,1,0,1,0,0,0,0.0000,-2385917.8148,-2930119.8518,5125050.7604,13,0.2046,1.0999,2.0406,0.9049,0.1946,0.1351,0.0001,-0.9476,-0.0101,-0.0173,-0.0584,0.0000,0.0000,0.0000,0.0000,0.1046,0.1046,0.0000,-0.0462,0.0000,0.0000
247.9580,43.4820,0,14,idbb_PAN,-0.5340,-0.4140,0.2870,0.2060,1,0,1,0,0,0,0.0000,-1733881.2943,-4282465.9727,4381608.4160,13,-0.5228,-0.3418,0.0112,0.0722,-0.2391,-0.3255,0.3843,0.0202,-0.1005,-0.0039,0.0087,0.0000,0.0000,0.0000,0.0000,-0.0605,-0.0605,0.0000,0.0518,0.0000,0.0000
248.2160,43.8200,0,14,idby_PAN,-1.5770,-1.7710,0.0610,0.0850,1,0,1,0,0,0,0.0000,-1704957.8458,-4266153.3782,4408787.3117,13,-0.3404,-0.3202,1.2366,1.4508,-0.2264,-0.3323,0.2155,-0.0065,-0.1015,-0.0057,0.0095,0.0000,0.0000,0.0000,0.0000,-0.0255,-0.0255,0.0000,0.0160,0.0000,0.0000
245.7800,44.5150,0,21,idch_PAN,-5.5200,14.9040,0.1900,0.2210,1,0,1,0,0,0,0.0000,-1862665.8707,-4140753.1824,4464189.7807,20,-1.7688,-0.2848,3.7512,-15.1888,-2.8617,-0.5808,-0.9409,-0.2854,-0.1520,-0.0106,0.0131,0.0000,0.0000,0.0000,0.0000,-0.1591,-0.1591,0.0000,0.1460,0.0000,0.0000
248.8900,43.7460,0,14,iddr_PAN,-1.8810,-0.7880,0.1510,0.1920,1,0,1,0,0,0,0.0000,-1656705.4804,-4291222.4826,4402849.9881,13,-0.2708,-0.3089,1.6102,0.4791,-0.2322,-0.3501,0.1317,-0.0358,-0.0931,-0.0054,0.0091,0.0000,0.0000,0.0000,0.0000,-0.0121,-0.0121,0.0000,0.0030,0.0000,0.0000
247.9480,43.5190,0,14,idif_PAN,-1.7450,-1.5540,0.0700,0.0780,1,0,1,0,0,0,0.0000,-1733566.0004,-4279539.8739,4384591.0700,13,-0.5150,-0.3421,1.2300,1.2119,-0.2375,-0.3253,0.3785,0.0209,-0.1011,-0.0041,0.0088,0.0000,0.0000,0.0000,0.0000,-0.0595,-0.0595,0.0000,0.0507,0.0000,0.0000
248.7030,43.4090,0,14,idir_PAN,0.5620,-0.9150,0.3440,0.3610,1,0,1,0,0,0,0.0000,-1680078.8974,-4309846.3048,4375718.3627,13,-0.3340,-0.3092,-0.8960,0.6058,-0.2450,-0.3452,0.1804,-0.0322,-0.0915,-0.0039,0.0083,0.0000,0.0000,0.0000,0.0000,-0.0170,-0.0170,0.0000,0.0087,0.0000,0.0000
243.8790,45.9400,0,14,idnp_PAN,0.7270,0.2860,0.0680,0.0930,1,0,1,0,0,0,0.0000,-1949504.8124,-3975745.4130,4575721.8948,13,0.1596,0.0158,-0.5674,-0.2702,-0.1256,-0.2168,-0.0406,-0.1991,-0.2446,-0.0336,0.0229,0.0000,0.0000,0.0000,0.0000,-0.0144,-0.0144,0.0000,-0.0085,0.0000,0.0000
247.5680,42.8660,0,14,idpo_PAN,-2.7430,-0.2170,0.1400,0.1760,1,0,1,0,0,0,0.0000,-1780864.1470,-4313860.2275,4331683.7707,13,-1.4726,-0.4104,1.2704,-0.1934,-0.2625,-0.3152,1.3071,0.0961,-0.0969,-0.0008,0.0069,0.0000,0.0000,0.0000,0.0000,-0.8009,-0.8009,0.0000,0.7940,0.0000,0.0000
246.1030,45.1920,0,14,idsn_PAN,0.4740,0.4330,0.0830,0.1240,1,0,1,0,0,0,0.0000,-1817797.3451,-4102672.8037,4517525.8870,13,-0.0945,-0.2667,-0.5685,-0.6997,-0.1629,-0.2763,0.0880,0.0072,-0.1564,-0.0167,0.0156,0.0000,0.0000,0.0000,0.0000,-0.0315,-0.0315,0.0000,0.0159,0.0000,0.0000
248.4160,42.6860,0,14,idss_PAN,-1.6220,-0.3450,0.1870,0.1990,1,0,1,0,0,0,0.0000,-1721822.1753,-4352377.0015,4317000.6133,13,-0.5216,-0.3092,1.1004,0.0358,-0.2730,-0.3376,0.3347,-0.0276,-0.0862,-0.0008,0.0065,0.0000,0.0000,0.0000,0.0000,-0.0409,-0.0409,0.0000,0.0344,0.0000,0.0000
243.7170,43.6530,0,12,idtd_PAN,-1.7710,-0.2680,0.0790,0.0780,1,0,1,0,0,0,0.0000,-2040030.1979,-4130772.5940,4395377.8028,10,-1.3963,0.3657,0.3747,0.6337,-1.3858,0.3037,0.1935,-0.0598,-0.1830,-0.0022,0.0083,0.0000,0.0000,0.0000,0.0000,0.0347,0.0347,0.0000,-0.0430,0.0000,0.0000
243.0700,47.7140,0,14,inw1_PAN,1.1520,-0.0140,0.1850,0.2230,1,0,1,0,0,0,0.0000,-1940329.6222,-3819640.5281,4710607.0368,13,0.3159,0.0418,-0.8361,0.0558,-0.0510,-0.1951,-0.0529,-0.1537,-0.3140,-0.0833,0.0347,0.0000,0.0000,0.0000,0.0000,-0.0103,-0.0103,0.0000,-0.0245,0.0000,0.0000
242.9370,41.1520,0,17,jake_PAN,-3.4300,0.4320,0.3130,0.3800,1,0,1,0,0,0,0.0000,-2181340.7687,-4269510.1789,4190153.5467,16,-2.9020,0.2751,0.5280,-0.1569,-2.8283,0.0070,0.1976,-0.2817,-0.1239,0.0136,-0.0047,0.0000,0.0000,0.0000,0.0000,-0.0442,-0.0442,0.0000,0.0489,0.0000,0.0000
228.8020,52.2930,0,14,jedy_PAN,-4.4880,5.9900,0.4300,0.5730,1,0,1,0,0,0,0.0000,-2565150.6891,-2930354.4112,5037596.2947,13,-1.1896,8.7398,3.2984,2.7498,0.1367,0.1901,1.3031,-8.5634,0.0232,0.0136,-0.0686,0.0000,0.0000,0.0000,0.0000,1.2057,1.2057,0.0000,-1.1370,0.0000,0.0000
242.5620,40.2780,0,17,jers_PAN,-2.8180,0.4620,0.2020,0.1890,1,0,1,0,0,0,0.0000,-2238431.9349,-4311372.0210,4116533.1568,16,-3.3117,0.5993,-0.4937,0.1373,-3.0637,0.0710,0.3528,-0.5456,-0.1048,0.0173,-0.0082,0.0000,0.0000,0.0000,0.0000,0.5016,0.5016,0.0000,-0.4933,0.0000,0.0000
235.9460,48.4330,0,8,jord_PAN,7.7660,5.2290,0.2730,0.3500,1,0,1,0,0,0,0.0000,-2365761.5156,-3500265.1507,4763997.0390,5,8.4159,6.1911,0.6499,0.9621,3.0077,2.7223,0.4143,-0.0201,-5.8225,-3.4487,-2.1158,0.0000,0.0000,0.0000,0.0000,2.2086,2.2086,0.0000,-0.0929,0.0000,0.0000
237.7820,46.2750,0,9,jro1_PAN,4.3170,5.6700,0.0910,0.2520,1,0,1,0,0,0,0.0000,-2346445.6279,-3723497.7006,4601533.3586,6,3.9317,5.1508,-0.3853,-0.5192,2.7445,5.5274,0.5435,0.6360,-1.7307,-0.2594,-0.0412,0.0000,0.0000,0.0000,0.0000,0.1819,0.1819,0.0000,-0.1407,0.0000,0.0000
241.5880,40.9080,0,12,jung_PAN,-4.5470,1.2080,0.2920,0.2310,1,0,1,0,0,0,0.0000,-2289720.0605,-4232629.5950,4169697.8568,10,-4.1579,2.1451,0.3891,0.9371,-4.5289,2.0171,-0.2271,-0.1474,-0.1439,0.0194,-0.0099,0.0000,0.0000,0.0000,0.0000,-0.0471,-0.0471,0.0000,0.0569,0.0000,0.0000
240.9320,40.3230,0,12,juni_PAN,-4.1820,3.6940,0.2810,0.3870,1,0,1,0,0,0,0.0000,-2358591.7471,-4243128.0022,4120347.2170,10,-5.0254,2.8854,-0.8434,-0.8086,-5.2082,2.5445,-0.0454,-0.3672,-0.1374,0.0264,-0.0139,0.0000,0.0000,0.0000,0.0000,-0.0232,-0.0232,0.0000,0.0371,0.0000,0.0000
241.9220,43.7440,0,6,junt_PAN,-0.9710,0.9710,0.1620,0.1840,1,0,1,0,0,0,0.0000,-2165131.0700,-4058680.1797,4402689.4179,3,-1.2265,0.9677,-0.2555,-0.0033,-1.5314,0.6347,-0.0519,-0.3312,-0.2530,-0.0018,0.0050,0.0000,0.0000,0.0000,0.0000,-0.0160,-0.0160,0.0000,0.0110,0.0000,0.0000
241.4420,46.6430,0,14,kahl_PAN,2.0120,1.0120,0.3350,0.3720,1,0,1,0,0,0,0.0000,-2089796.2033,-3839651.6427,4629706.0979,13,0.7531,0.3297,-1.2589,-0.6823,-0.0912,-0.1513,-0.3972,-0.4022,-0.4471,-0.0789,0.0352,0.0000,0.0000,0.0000,0.0000,0.0515,0.0515,0.0000,-0.0867,0.0000,0.0000
240.5640,48.9560,0,14,kana_PAN,3.5440,1.7270,0.5360,0.6940,1,0,1,0,0,0,0.0000,-2054810.3078,-3641349.3242,4802362.0396,13,0.6367,0.3215,-2.9073,-1.4055,0.0051,-0.1277,-0.1118,-0.2335,-0.5198,-0.2157,0.0492,0.0000,0.0000,0.0000,0.0000,0.0086,0.0086,0.0000,-0.0578,0.0000,0.0000
309.0550,66.9870,0,47,kely_PAN,-1.9850,-1.0260,0.1230,0.1030,1,0,1,0,0,0,0.0000,1568416.4109,-1933035.9412,5860699.0602,47,-0.3803,-0.0915,1.6047,0.9345,-0.3903,-0.1294,-0.0066,-0.0348,-0.0035,-0.0031,0.0003,0.0000,0.0000,0.0000,0.0000,0.0013,0.0013,0.0000,-0.0016,0.0000,0.0000
240.8410,46.1980,0,16,keni_PAN,1.6190,0.8690,0.0740,0.0850,1,0,1,0,0,0,0.0000,-2147411.6342,-3848805.3235,4595614.4656,15,1.2822,1.0808,-0.3368,0.2118,2.0764,1.5980,1.2981,0.5873,-0.5039,-0.0700,0.0315,0.0000,0.0000,0.0000,0.0000,0.2847,0.2847,0.0000,-0.3162,0.0000,0.0000
242.0880,40.0630,0,12,kitt_PAN,-4.6770,2.2200,0.2530,0.2610,1,0,1,0,0,0,0.0000,-2281237.3077,-4306326.3245,4098275.4171,10,-4.7147,1.5719,-0.0377,-0.6481,-5.4753,1.6148,-0.6555,0.0232,-0.1051,0.0197,-0.0102,0.0000,0.0000,0.0000,0.0000,-0.1951,-0.1951,0.0000,0.2053,0.0000,0.0000
242.7280,48.3460,0,14,klsp_PAN,2.4910,1.3000,0.5080,0.5500,1,0,1,0,0,0,0.0000,-1939166.5288,-3761575.5265,4757576.5043,13,0.3540,0.0722,-2.1370,-1.2278,-0.0243,-0.1859,-0.0471,-0.1515,-0.3313,-0.1066,0.0378,0.0000,0.0000,0.0000,0.0000,-0.0059,-0.0059,0.0000,-0.0319,0.0000,0.0000
241.4420,46.6430,0,14,klts_PAN,0.9680,1.3250,0.0790,0.1630,1,0,1,0,0,0,0.0000,-2089796.2033,-3839651.6427,4629706.0979,13,0.7531,0.3297,-0.2149,-0.9953,-0.0912,-0.1513,-0.3972,-0.4022,-0.4471,-0.0789,0.0352,0.0000,0.0000,0.0000,0.0000,0.0515,0.0515,0.0000,-0.0867,0.0000,0.0000
243.1900,47.7710,0,14,koot_PAN,1.4570,0.7770,0.1710,0.1310,1,0,1,0,0,0,0.0000,-1930210.9076,-3819511.5265,4714866.8075,13,0.3054,0.0327,-1.1516,-0.7443,-0.0490,-0.1984,-0.0485,-0.1486,-0.3059,-0.0825,0.0344,0.0000,0.0000,0.0000,0.0000,-0.0099,-0.0099,0.0000,-0.0245,0.0000,0.0000
231.4020,54.0860,0,14,ktmt_PAN,0.2560,0.8160,0.1320,0.1640,1,0,1,0,0,0,0.0000,-2330059.5351,-2919024.1398,5156982.8481,13,0.2668,0.8325,0.0108,0.0165,0.2155,0.1201,-0.0365,-0.6862,-0.0148,-0.0262,-0.0490,0.0000,0.0000,0.0000,0.0000,0.0975,0.0975,0.0000,-0.0486,0.0000,0.0000
241.0300,40.4440,0,12,kumi_PAN,-4.9330,4.2450,0.3630,0.3960,1,0,1,0,0,0,0.0000,-2347110.9090,-4239533.7633,4130590.1893,10,-4.8555,2.7518,0.0775,-1.4932,-5.0685,2.4658,-0.0730,-0.3111,-0.1400,0.0250,-0.0132,0.0000,0.0000,0.0000,0.0000,-0.0281,-0.0281,0.0000,0.0413,0.0000,0.0000
238.6880,43.7520,0,11,kwbu_PAN,0.1010,4.1530,0.1130,0.1100,1,0,1,0,0,0,0.0000,-2390329.8309,-3929547.6834,4403331.6665,9,0.0849,3.8368,-0.0161,-0.3162,-0.1112,2.9847,0.3443,-0.8346,-0.5404,-0.0175,-0.0330,0.0000,0.0000,0.0000,0.0000,-0.0348,-0.0348,0.0000,0.0678,0.0000,0.0000
242.1450,40.4010,0,12,kyle_PAN,-3.5940,1.5120,0.2150,0.4360,1,0,1,0,0,0,0.0000,-2265616.3629,-4287143.4812,4126952.2325,10,-4.4496,1.5395,-0.8556,0.0275,-5.0917,1.5690,-0.5273,0.0107,-0.1148,0.0188,-0.0092,0.0000,0.0000,0.0000,0.0000,-0.1436,-0.1436,0.0000,0.1529,0.0000,0.0000
238.4940,43.6650,0,11,lapn_PAN,0.0010,3.8890,0.0730,0.0730,1,0,1,0,0,0,0.0000,-2407112.6550,-3927127.6794,4396342.6069,9,0.0097,3.9800,0.0087,0.0910,-0.3508,3.3584,0.2020,-0.6001,-0.5625,-0.0216,-0.0398,0.0000,0.0000,0.0000,0.0000,0.1430,0.1430,0.0000,-0.1032,0.0000,0.0000
242.1210,46.8200,0,14,lcrs_PAN,1.6150,-0.6840,0.1290,0.2330,1,0,1,0,0,0,0.0000,-2037450.0804,-3851486.4721,4643188.6228,13,0.4465,0.1425,-1.1685,0.8265,-0.0854,-0.1696,-0.1504,-0.2386,-0.3815,-0.0734,0.0342,0.0000,0.0000,0.0000,0.0000,-0.0074,-0.0074,0.0000,-0.0268,0.0000,0.0000
239.5570,41.2280,0,3,like_PAN,-4.6660,4.7460,0.2350,0.2420,1,0,1,0,0,0,0.0000,-2426449.4078,-4128680.5222,4196509.4875,2,-5.0232,3.7436,-0.3572,-1.0024,-6.0483,3.3356,-0.7687,-0.4358,-0.2564,0.0279,-0.0198,0.0000,0.0000,0.0000,0.0000,-0.2198,-0.2198,0.0000,0.2397,0.0000,0.0000
239.6530,42.1720,0,6,lkvw_PAN,-4.4420,2.7470,0.2050,0.1690,1,0,1,0,0,0,0.0000,-2384268.8695,-4072514.4049,4274837.9901,3,-3.2643,2.9032,1.1777,0.1562,-3.2967,2.3915,0.2645,-0.5213,-0.2970,0.0096,-0.0200,0.0000,0.0000,0.0000,0.0000,-0.2749,-0.2749,0.0000,0.2949,0.0000,0.0000
239.7150,46.3690,0,16,lmid_PAN,2.0600,2.0320,0.0860,0.1040,1,0,1,0,0,0,0.0000,-2215703.6623,-3794002.2253,4608747.7537,15,2.4859,2.2677,0.4259,0.2357,2.2114,2.3714,0.4577,0.2118,-0.7322,-0.1081,0.0328,0.0000,0.0000,0.0000,0.0000,0.0524,0.0524,0.0000,-0.0852,0.0000,0.0000
240.2480,41.7850,0,6,lngv_PAN,-4.6140,1.8120,0.2280,0.2410,1,0,1,0,0,0,0.0000,-2356124.3269,-4122028.5898,4242865.7677,3,-3.5277,2.4001,1.0863,0.5881,-3.7059,1.9310,0.0577,-0.4850,-0.2359,0.0160,-0.0148,0.0000,0.0000,0.0000,0.0000,-0.0462,-0.0462,0.0000,0.0610,0.0000,0.0000
241.2900,41.4770,0,12,lnrd_PAN,-3.5720,1.7780,0.2140,0.2240,1,0,1,0,0,0,0.0000,-2291697.6857,-4184137.6204,4217281.7730,10,-3.5264,2.2396,0.0456,0.4616,-3.8915,2.2567,-0.1901,0.0002,-0.1750,0.0169,-0.0096,0.0000,0.0000,0.0000,0.0000,0.0057,0.0057,0.0000,0.0039,0.0000,0.0000
239.3850,40.6610,0,12,lonc_PAN,-5.3260,5.7920,0.4440,0.3350,1,0,1,0,0,0,0.0000,-2459862.0529,-4156915.4095,4148913.6435,10,-5.6492,4.7798,-0.3232,-1.0122,-4.8813,3.7870,0.9995,-1.0364,-0.2316,0.0436,-0.0211,0.0000,0.0000,0.0000,0.0000,-0.1849,-0.1849,0.0000,0.2060,0.0000,0.0000
240.2260,41.0740,0,12,lost_PAN,-4.4960,3.7160,0.3450,0.4670,1,0,1,0,0,0,0.0000,-2383670.1162,-4166505.6731,4183622.6784,10,-4.3558,3.1649,0.1402,-0.5511,-4.3809,3.1119,0.1765,-0.0788,-0.2017,0.0257,-0.0157,0.0000,0.0000,0.0000,0.0000,0.0142,0.0142,0.0000,0.0015,0.0000,0.0000
238.3530,45.3600,0,6,lson_PAN,2.7100,4.0280,0.4480,0.2770,1,0,1,0,0,0,0.0000,-2347482.5202,-3808774.1570,4530664.0462,3,2.5638,3.8525,-0.1462,-0.1755,0.1538,3.3965,-1.3802,-0.3744,-1.0298,-0.0815,-0.0127,0.0000,0.0000,0.0000,0.0000,0.5914,0.5914,0.0000,-0.5788,0.0000,0.0000
242.8360,47.2820,0,14,ltah_PAN,1.2010,0.5420,0.0460,0.0790,1,0,1,0,0,0,0.0000,-1972072.2885,-3843175.3287,4678171.1964,13,0.3329,0.0597,-0.8681,-0.4823,-0.0681,-0.1888,-0.0716,-0.1727,-0.3294,-0.0758,0.0341,0.0000,0.0000,0.0000,0.0000,-0.0123,-0.0123,0.0000,-0.0218,0.0000,0.0000
240.7680,40.5150,0,12,luxo_PAN,-2.8390,2.1550,0.5120,0.5620,1,0,1,0,0,0,0.0000,-2363971.2334,-4224286.7405,4136591.9552,10,-4.8316,2.9914,-1.9926,0.8364,-4.9958,2.6764,-0.0133,-0.3418,-0.1509,0.0267,-0.0141,0.0000,0.0000,0.0000,0.0000,-0.0264,-0.0264,0.0000,0.0405,0.0000,0.0000
240.6220,41.0700,0,12,lvil_PAN,-4.1630,2.5750,0.6220,0.6050,1,0,1,0,0,0,0.0000,-2354959.8689,-4183135.2748,4183287.5529,10,-4.1790,2.9054,-0.0160,0.3304,-4.3720,2.7937,-0.0104,-0.1349,-0.1825,0.0232,-0.0137,0.0000,0.0000,0.0000,0.0000,-0.0106,-0.0106,0.0000,0.0243,0.0000,0.0000
239.3470,47.5980,0,13,lvnw_PAN,1.7670,1.6320,1.1660,1.1880,1,0,1,0,0,0,0.0000,-2189112.9651,-3693785.3225,4701923.6360,12,3.5618,2.1382,1.7948,0.5062,2.7918,1.6452,0.1260,-0.2533,-0.8960,-0.2397,0.0463,0.0000,0.0000,0.0000,0.0000,-0.6479,-0.6479,0.0000,0.6016,0.0000,0.0000
242.9980,46.3730,0,14,lwst_PAN,1.2040,0.1730,0.0840,0.0760,1,0,1,0,0,0,0.0000,-1994647.0780,-3914377.5175,4609054.4742,13,0.2709,0.0483,-0.9331,-0.1247,-0.1057,-0.1932,-0.0733,-0.1924,-0.3033,-0.0491,0.0280,0.0000,0.0000,0.0000,0.0000,-0.0108,-0.0108,0.0000,-0.0172,0.0000,0.0000
239.5640,41.0350,0,3,made_PAN,-4.8100,5.4850,0.2210,0.2670,1,0,1,0,0,0,0.0000,-2433092.0919,-4141141.3838,4180354.3359,2,-5.3546,3.8200,-0.5446,-1.6650,-6.4837,3.3242,-0.8853,-0.5281,-0.2438,0.0323,-0.0197,0.0000,0.0000,0.0000,0.0000,-0.2520,-0.2520,0.0000,0.2717,0.0000,0.0000
240.4520,41.6050,0,6,masc_PAN,-3.9670,2.8800,0.2100,0.2630,1,0,1,0,0,0,0.0000,-2347994.8980,-4141966.7349,4227928.9241,3,-3.7351,2.3962,0.2319,-0.4838,-3.8987,1.7731,0.0523,-0.6410,-0.2159,0.0180,-0.0137,0.0000,0.0000,0.0000,0.0000,0.0345,0.0345,0.0000,-0.0208,0.0000,0.0000
242.2160,40.2090,0,12,mcki_PAN,-3.7260,1.9780,0.3230,0.2980,1,0,1,0,0,0,0.0000,-2266735.8639,-4302158.7514,4110680.0000,10,-4.4591,1.4134,-0.7331,-0.5646,-5.3078,1.5118,-0.7410,0.0796,-0.1077,0.0189,-0.0095,0.0000,0.0000,0.0000,0.0000,-0.2456,-0.2456,0.0000,0.2551,0.0000,0.0000
236.8670,45.1970,0,15,mcmv_PAN,6.6100,9.7080,1.1950,1.2450,1,0,1,0,0,0,0.0000,-2452499.9264,-3757395.0222,4517917.4649,14,4.8301,6.9984,-1.7799,-2.7096,2.6524,7.0368,0.4666,0.4318,-2.6444,-0.3933,-0.3650,0.0000,0.0000,0.0000,0.0000,0.4024,0.4024,0.0000,-0.0374,0.0000,0.0000
242.4100,40.1180,0,17,mcoy_PAN,-1.9670,-0.3800,0.4580,0.4680,1,0,1,0,0,0,0.0000,-2255176.9611,-4315590.0274,4102951.5049,16,-3.8892,0.9977,-1.9222,1.3777,-3.1069,0.0969,0.8846,-0.9190,-0.1023,0.0182,-0.0091,0.0000,0.0000,0.0000,0.0000,0.7796,0.7796,0.0000,-0.7706,0.0000,0.0000
238.8700,44.6640,0,6,mdrs_PAN,1.1490,3.5900,0.0680,0.0860,1,0,1,0,0,0,0.0000,-2341300.8598,-3876628.0527,4475982.2036,3,0.5546,3.2831,-0.5944,-0.3069,-0.5892,2.9970,-0.4716,-0.2580,-0.6722,-0.0282,-0.0129,0.0000,0.0000,0.0000,0.0000,0.0494,0.0494,0.0000,-0.0365,0.0000,0.0000
239.2410,36.1870,0,41,mee1_PAN,-10.6700,10.9580,0.1450,0.1550,1,0,1,0,0,0,0.0000,-2628294.4732,-4416186.9791,3759482.9683,41,-27.9345,34.1274,-17.2645,23.1694,-28.0979,33.4703,-0.1460,-0.6694,-0.0174,0.0123,-0.0215,0.0000,0.0000,0.0000,0.0000,0.0550,0.0550,0.0000,-0.0335,0.0000,0.0000
239.2330,36.1810,0,41,mee2_PAN,-28.3370,32.7440,0.1990,0.0970,1,0,1,0,0,0,0.0000,-2629112.4417,-4416158.2145,3758944.7795,41,-27.9349,34.1237,0.4021,1.3797,-28.1190,33.4878,-0.1668,-0.6482,-0.0173,0.0122,-0.0215,0.0000,0.0000,0.0000,0.0000,0.0592,0.0592,0.0000,-0.0377,0.0000,0.0000
235.3030,49.0000,0,8,mgrb_PAN,7.7040,5.2800,0.2730,0.3710,1,0,1,0,0,0,0.0000,-2377939.5855,-3434565.1106,4805571.4843,5,7.1517,6.0833,-0.5523,0.8033,2.8819,2.6701,0.5472,0.1761,-4.8169,-3.5894,-1.7740,0.0000,0.0000,0.0000,0.0000,1.9474,1.9474,0.0000,-0.1734,0.0000,0.0000
238.2890,45.3290,0,7,mhtl_PAN,2.7410,3.8680,0.1000,0.1080,1,0,1,0,0,0,0.0000,-2353023.6544,-3808234.4284,4528242.6703,4,2.8533,3.9882,0.1123,0.1202,2.9044,4.0474,1.1027,0.1415,-1.0516,-0.0822,-0.0162,0.0000,0.0000,0.0000,0.0000,-2.4103,-2.4103,0.0000,2.4265,0.0000,0.0000
239.5410,35.9220,0,1,mida_PAN,-13.5790,18.5200,0.2580,0.1790,1,0,1,0,0,0,0.0000,-2613921.9434,-4444829.0419,3735673.7443,1,-9.1911,9.1569,4.3879,-9.3631,-9.8863,7.7465,-0.6788,-1.4214,-0.0164,0.0110,-0.0199,0.0000,0.0000,0.0000,0.0000,0.0191,0.0191,0.0000,0.0009,0.0000,0.0000
241.9360,40.6520,0,12,mill_PAN,-2.4950,1.3640,0.3190,0.3480,1,0,1,0,0,0,0.0000,-2272712.2475,-4262856.0510,4148154.8657,10,-4.3087,1.8321,-1.8137,0.4681,-4.8114,1.7371,-0.3758,-0.1139,-0.1269,0.0189,-0.0093,0.0000,0.0000,0.0000,0.0000,-0.0834,-0.0834,0.0000,0.0927,0.0000,0.0000
240.7260,47.1310,0,14,mlke_PAN,1.8350,1.0560,0.1240,0.1780,1,0,1,0,0,0,0.0000,-2118255.1053,-3778703.0337,4666770.8486,13,0.9138,0.4815,-0.9212,-0.5745,-0.0700,-0.1320,-0.4225,-0.4916,-0.5613,-0.1219,0.0422,0.0000,0.0000,0.0000,0.0000,0.0668,0.0668,0.0000,-0.1090,0.0000,0.0000
239.5660,35.9690,0,1,mnmc_PAN,-11.4360,16.8060,0.1990,0.1400,1,0,1,0,0,0,0.0000,-2610429.1400,-4443325.5034,3739902.3567,1,-9.6401,9.6473,1.7959,-7.1587,-9.8923,7.7524,-0.2352,-1.9060,-0.0169,0.0112,-0.0200,0.0000,0.0000,0.0000,0.0000,-0.0139,-0.0139,0.0000,0.0338,0.0000,0.0000
239.9350,40.4470,0,12,morg_PAN,-3.6420,4.4530,0.4650,0.2030,1,0,1,0,0,0,0.0000,-2427592.2377,-4193718.6305,4130843.9135,10,-5.2087,4.0645,-1.5667,-0.3885,-5.1011,3.3456,0.2880,-0.7557,-0.1804,0.0367,-0.0182,0.0000,0.0000,0.0000,0.0000,-0.0025,-0.0025,0.0000,0.0207,0.0000,0.0000
242.9300,40.3030,0,17,moun_PAN,-2.0540,0.3090,0.1720,0.2460,1,0,1,0,0,0,0.0000,-2209877.2125,-4324060.2025,4118652.3928,16,-3.3376,0.3548,-1.2836,0.0458,-3.0568,0.0082,0.3814,-0.3625,-0.1007,0.0159,-0.0071,0.0000,0.0000,0.0000,0.0000,-0.0921,-0.0921,0.0000,0.0992,0.0000,0.0000
236.0860,49.4670,0,14,mrib_PAN,5.7460,3.5450,0.1580,0.1800,1,0,1,0,0,0,0.0000,-2308851.2016,-3434120.1730,4839460.3240,11,4.2833,3.5879,-1.4627,0.0429,2.9560,2.1858,0.5843,0.0321,-1.9116,-1.4342,-0.1278,0.0000,0.0000,0.0000,0.0000,0.2811,0.2811,0.0000,-0.1533,0.0000,0.0000
238.2580,46.7850,0,16,mrsd_PAN,3.1110,3.5500,0.1080,0.1110,1,0,1,0,0,0,0.0000,-2293791.2444,-3707882.2429,4640526.0975,15,3.7866,3.7306,0.6756,0.1806,2.5552,3.3707,0.1897,-0.1049,-1.4212,-0.2550,0.0053,0.0000,0.0000,0.0000,0.0000,0.1082,0.1082,0.0000,-0.1134,0.0000,0.0000
240.7260,47.1310,0,14,mslk_PAN,1.6340,0.8440,0.1930,0.2480,1,0,1,0,0,0,0.0000,-2118255.1053,-3778703.0337,4666770.8486,13,0.9138,0.4815,-0.7202,-0.3625,-0.0700,-0.1320,-0.4225,-0.4916,-0.5613,-0.1219,0.0422,0.0000,0.0000,0.0000,0.0000,0.0668,0.0668,0.0000,-0.1090,0.0000,0.0000
245.8910,46.9290,0,14,msol_PAN,1.1170,-0.3900,0.0470,0.0580,1,0,1,0,0,0,0.0000,-1776188.9412,-3969047.3528,4651469.3826,13,0.1036,-0.1388,-1.0134,0.2512,-0.0915,-0.2706,-0.0123,-0.0938,-0.1828,-0.0380,0.0223,0.0000,0.0000,0.0000,0.0000,-0.0097,-0.0097,0.0000,-0.0126,0.0000,0.0000
239.8530,44.5650,0,6,mtcl_PAN,0.6760,2.2960,0.1240,0.1670,1,0,1,0,0,0,0.0000,-2278330.5924,-3922906.2848,4468150.3392,3,-0.0376,2.4309,-0.7136,0.1349,-0.6663,2.2367,-0.1452,-0.1768,-0.4836,-0.0174,0.0013,0.0000,0.0000,0.0000,0.0000,-0.0230,-0.0230,0.0000,0.0217,0.0000,0.0000
245.6730,48.2270,0,14,mtfv_PAN,1.5140,-0.7020,0.0650,0.0680,1,0,1,0,0,0,0.0000,-1747412.5806,-3865232.3634,4748776.6331,13,0.1664,-0.1151,-1.3476,0.5869,-0.0379,-0.2648,-0.0125,-0.0929,-0.1918,-0.0568,0.0256,0.0000,0.0000,0.0000,0.0000,-0.0032,-0.0032,0.0000,-0.0224,0.0000,0.0000
250.3130,48.5410,0,14,mtms_PAN,0.9930,-0.8120,0.0570,0.0820,1,0,1,0,0,0,0.0000,-1420219.8198,-3969357.6958,4771952.0752,13,0.0525,-0.3031,-0.9405,0.5089,-0.0449,-0.3876,0.0029,-0.0540,-0.1003,-0.0305,0.0154,0.0000,0.0000,0.0000,0.0000,0.0048,0.0048,0.0000,-0.0202,0.0000,0.0000
238.2670,46.8360,0,16,muir_PAN,6.0070,2.8210,0.2500,0.1860,1,0,1,0,0,0,0.0000,-2291035.3300,-3704727.9137,4644405.2002,15,3.7989,3.6789,-2.2081,0.8579,2.6042,3.3645,0.2273,-0.0532,-1.4220,-0.2612,0.0062,0.0000,0.0000,0.0000,0.0000,0.1017,0.1017,0.0000,-0.1079,0.0000,0.0000
234.4290,49.5510,0,8,myra_PAN,7.6020,5.8250,0.1350,0.1620,1,0,1,0,0,0,0.0000,-2403057.1752,-3360146.5871,4845521.9107,5,6.2365,5.6181,-1.3655,-0.2069,2.7508,2.5985,0.8313,0.3050,-4.3169,-3.3246,-1.4182,0.0000,0.0000,0.0000,0.0000,1.7158,1.7158,0.0000,-0.2976,0.0000,0.0000
236.0690,45.7020,0,15,mznt_PAN,8.7780,8.6570,0.2940,0.2540,1,0,1,0,0,0,0.0000,-2482267.7605,-3689690.2642,4557289.1044,14,9.1316,9.4598,0.3536,0.8028,2.0670,6.4856,0.1650,0.1425,-7.2297,-3.1167,-1.5361,0.0000,0.0000,0.0000,0.0000,1.5038,1.5038,0.0000,0.0323,0.0000,0.0000
233.9440,50.4030,0,14,ncsb_PAN,2.7400,3.4380,1.0610,1.3080,1,0,1,0,0,0,0.0000,-2388737.4384,-3281066.4378,4906412.9405,11,3.1112,3.3352,0.3712,-0.1028,2.2441,1.2847,0.7043,-0.3374,-1.5714,-1.7131,-0.3855,0.0000,0.0000,0.0000,0.0000,0.7180,0.7180,0.0000,-0.3325,0.0000,0.0000
268.4250,41.7720,0,14,nlib_PAN,0.1420,0.2430,0.0800,0.0720,1,0,1,0,0,0,0.0000,-130524.4110,-4747056.5655,4241788.3969,13,-0.4504,-0.8251,-0.5924,-1.0681,-0.4477,-0.8352,0.0211,-0.0074,-0.0184,-0.0027,0.0029,0.0000,0.0000,0.0000,0.0000,0.0098,0.0098,0.0000,-0.0126,0.0000,0.0000
238.7470,43.7390,0,11,norm_PAN,-0.1060,3.9840,0.0900,0.0980,1,0,1,0,0,0,0.0000,-2386800.4166,-3932861.0286,4402287.9690,9,0.0059,3.8443,0.1119,-0.1397,-0.1438,2.8710,0.3790,-0.9571,-0.5287,-0.0162,-0.0314,0.0000,0.0000,0.0000,0.0000,-0.1516,-0.1516,0.0000,0.1830,0.0000,0.0000
236.2610,43.9120,0,4,nose_PAN,4.1190,8.9030,0.3040,0.3510,1,0,1,0,0,0,0.0000,-2547748.6476,-3814560.4692,4416158.5928,8,3.8550,8.8440,-0.2640,-0.0590,1.4817,8.2724,0.2834,0.2505,-2.6567,-0.8221,-0.7803,0.0000,0.0000,0.0000,0.0000,0.7591,0.7591,0.0000,0.0212,0.0000,0.0000
242.9520,48.1780,0,14,nwpt_PAN,1.6420,0.0740,0.1460,0.2000,1,0,1,0,0,0,0.0000,-1930780.9965,-3781535.9644,4745147.2006,13,0.3325,0.0533,-1.3095,-0.0207,-0.0318,-0.1920,-0.0458,-0.1481,-0.3184,-0.0972,0.0365,0.0000,0.0000,0.0000,0.0000,-0.0072,-0.0072,0.0000,-0.0293,0.0000,0.0000
238.1850,46.9000,0,16,obsr_PAN,4.8880,3.6200,0.2690,0.1630,1,0,1,0,0,0,0.0000,-2293598.7232,-3697034.5511,4649267.8871,15,3.9117,3.7366,-0.9763,0.1166,2.6616,3.4207,0.2440,-0.0338,-1.4940,-0.2820,0.0010,0.0000,0.0000,0.0000,0.0000,0.1093,0.1093,0.0000,-0.1103,0.0000,0.0000
239.8430,40.7350,0,12,obsv_PAN,-4.3200,3.2980,0.6950,0.8440,1,0,1,0,0,0,0.0000,-2423861.0846,-4171808.8421,4155148.6002,10,-5.0584,4.0204,-0.7384,0.7224,-4.7789,3.4194,0.4837,-0.6355,-0.2041,0.0345,-0.0182,0.0000,0.0000,0.0000,0.0000,-0.1524,-0.1524,0.0000,0.1706,0.0000,0.0000
241.2870,47.3290,0,14,odsa_PAN,1.4090,1.5800,0.1730,0.2570,1,0,1,0,0,0,0.0000,-2073395.4729,-3785095.2239,4681713.0220,13,0.6249,0.2706,-0.7841,-1.3094,-0.0629,-0.1472,-0.2066,-0.3045,-0.4811,-0.1132,0.0415,0.0000,0.0000,0.0000,0.0000,0.0039,0.0039,0.0000,-0.0454,0.0000,0.0000
240.4480,48.3730,0,14,okng_PAN,2.1940,0.9480,0.0840,0.0830,1,0,1,0,0,0,0.0000,-2086172.1598,-3679501.0715,4759570.2586,13,0.7504,0.3745,-1.4436,-0.5735,-0.0186,-0.1245,-0.1860,-0.2957,-0.5830,-0.2034,0.0501,0.0000,0.0000,0.0000,0.0000,0.0112,0.0112,0.0000,-0.0613,0.0000,0.0000
239.7320,40.9640,0,3,only_PAN,-4.6970,4.6950,0.4050,0.2860,1,0,1,0,0,0,0.0000,-2423548.3992,-4152728.6284,4174399.3049,2,-5.1799,3.7481,-0.4829,-0.9469,-6.6379,3.0506,-1.2318,-0.7294,-0.2261,0.0319,-0.0186,0.0000,0.0000,0.0000,0.0000,-0.5439,-0.5439,0.0000,0.5625,0.0000,0.0000
243.0620,44.0230,0,12,onto_PAN,-0.5510,0.5010,0.1260,0.1510,1,0,1,0,0,0,0.0000,-2074216.3014,-4081791.9274,4425037.0460,10,-0.7979,0.8528,-0.2469,0.3518,-0.9700,0.8310,0.0454,-0.0163,-0.2175,-0.0055,0.0099,0.0000,0.0000,0.0000,0.0000,-0.0159,-0.0159,0.0000,0.0060,0.0000,0.0000
240.9410,44.1640,0,6,ors1_PAN,-0.1550,1.7490,0.1190,0.1070,1,0,1,0,0,0,0.0000,-2218566.3480,-3992697.8146,4436291.1291,3,-0.6584,1.5924,-0.5034,-0.1566,-1.0824,1.3945,-0.0870,-0.1905,-0.3371,-0.0073,0.0045,0.0000,0.0000,0.0000,0.0000,-0.0312,-0.0312,0.0000,0.0267,0.0000,0.0000
240.8320,46.8230,0,14,othl_PAN,1.2390,1.9820,0.1070,0.1350,1,0,1,0,0,0,0.0000,-2123456.7201,-3804466.2996,4643416.7587,13,1.0367,0.6736,-0.2023,-1.3084,-0.0828,-0.1349,-0.5837,-0.7068,-0.5358,-0.1017,0.0389,0.0000,0.0000,0.0000,0.0000,0.1986,0.1986,0.0000,-0.2375,0.0000,0.0000
240.8260,46.8280,0,14,otlo_PAN,1.1620,0.9490,0.6280,0.5730,1,0,1,0,0,0,0.0000,-2123657.5759,-3803890.0860,4643796.9568,13,1.0339,0.6720,-0.1281,-0.2770,-0.0825,-0.1347,-0.5795,-0.7046,-0.5369,-0.1021,0.0389,0.0000,0.0000,0.0000,0.0000,0.1946,0.1946,0.0000,-0.2336,0.0000,0.0000
242.6700,41.4290,0,17,p013_PAN,-2.8520,0.8840,0.0570,0.0680,1,0,1,0,0,0,0.0000,-2191886.8216,-4241252.6930,4213283.6620,16,-2.8500,0.3807,0.0020,-0.5033,-2.7537,0.0526,0.2336,-0.3414,-0.1372,0.0132,-0.0046,0.0000,0.0000,0.0000,0.0000,-0.0685,-0.0685,0.0000,0.0731,0.0000,0.0000
242.9350,42.9820,0,12,p018_PAN,-1.8050,0.6920,0.0460,0.0570,1,0,1,0,0,0,0.0000,-2119494.0672,-4148101.0354,4341123.6058,10,-1.9551,0.8892,-0.1501,0.1972,-2.1535,0.9332,-0.0157,0.0399,-0.1827,0.0041,0.0030,0.0000,0.0000,0.0000,0.0000,-0.0547,-0.0547,0.0000,0.0518,0.0000,0.0000
243.8970,44.8980,0,12,p023_PAN,0.9320,-0.3120,0.1380,0.1170,1,0,1,0,0,0,0.0000,-1984545.2153,-4050423.9746,4494440.7189,10,-0.0955,0.0002,-1.0275,0.3122,0.0290,0.1588,0.3404,0.1750,-0.2159,-0.0164,0.0162,0.0000,0.0000,0.0000,0.0000,0.1421,0.1421,0.0000,-0.1584,0.0000,0.0000
244.1580,47.5620,0,14,p024_PAN,1.2790,-0.2400,0.1750,0.1380,1,0,1,0,0,0,0.0000,-1872892.9626,-3867028.4536,4699224.8671,13,0.2233,-0.0352,-1.0557,0.2048,-0.0602,-0.2243,-0.0315,-0.1259,-0.2521,-0.0633,0.0297,0.0000,0.0000,0.0000,0.0000,-0.0100,-0.0100,0.0000,-0.0197,0.0000,0.0000
243.7120,48.7310,0,14,p025_PAN,1.5300,-0.1980,0.0500,0.0600,1,0,1,0,0,0,0.0000,-1860081.7088,-3765574.6486,4785905.8770,13,0.2786,0.0004,-1.2514,0.1984,-0.0112,-0.2124,-0.0246,-0.1206,-0.2652,-0.0921,0.0333,0.0000,0.0000,0.0000,0.0000,-0.0022,-0.0022,0.0000,-0.0311,0.0000,0.0000
238.9090,43.1120,0,3,p062_PAN,-1.3520,4.1560,0.0560,0.0690,1,0,1,0,0,0,0.0000,-2400405.8520,-3980611.8366,4351681.5845,2,-1.3121,4.2489,0.0399,0.0929,-1.8219,4.3907,-0.0747,0.1496,-0.4351,-0.0078,-0.0320,0.0000,0.0000,0.0000,0.0000,0.0365,0.0365,0.0000,-0.0045,0.0000,0.0000
239.0540,44.9230,0,6,p063_PAN,1.4150,2.8670,0.0640,0.0570,1,0,1,0,0,0,0.0000,-2318411.0840,-3866734.2044,4496408.3555,3,0.6906,3.0923,-0.7244,0.2253,-0.2985,2.8547,-0.3068,-0.2025,-0.6823,-0.0351,-0.0033,0.0000,0.0000,0.0000,0.0000,0.0139,0.0139,0.0000,-0.0107,0.0000,0.0000
242.1200,40.4330,0,12,p078_PAN,-4.5480,1.6260,0.0960,0.0720,1,0,1,0,0,0,0.0000,-2266408.5808,-4284116.4533,4129659.7706,10,-4.4458,1.5854,0.1022,-0.0406,-5.0559,1.5891,-0.4939,-0.0151,-0.1162,0.0188,-0.0092,0.0000,0.0000,0.0000,0.0000,-0.1304,-0.1304,0.0000,0.1397,0.0000,0.0000
242.5320,40.3210,0,17,p083_PAN,-3.1920,0.7580,0.0940,0.0930,1,0,1,0,0,0,0.0000,-2239263.4199,-4307457.0279,4120177.7572,16,-3.3544,0.6791,-0.1624,-0.0789,-3.0522,0.0761,0.4087,-0.6203,-0.1064,0.0173,-0.0082,0.0000,0.0000,0.0000,0.0000,0.9967,0.9967,0.0000,-0.9885,0.0000,0.0000
240.5230,40.7800,0,12,p137_PAN,-4.7420,3.7010,0.0770,0.1080,1,0,1,0,0,0,0.0000,-2372572.9288,-4197439.0235,4158936.7396,10,-4.5694,3.1401,0.1726,-0.5609,-4.7035,2.8733,0.0384,-0.2936,-0.1726,0.0267,-0.0147,0.0000,0.0000,0.0000,0.0000,-0.0304,-0.0304,0.0000,0.0451,0.0000,0.0000
240.9900,40.2420,0,12,p138_PAN,-5.0150,2.8550,0.0850,0.0870,1,0,1,0,0,0,0.0000,-2357117.8126,-4250603.3347,4113480.0802,10,-5.1053,2.8523,-0.0903,-0.0027,-5.2982,2.4979,-0.0605,-0.3806,-0.1324,0.0262,-0.0138,0.0000,0.0000,0.0000,0.0000,-0.0215,-0.0215,0.0000,0.0353,0.0000,0.0000
239.6140,39.0470,0,1,p141_PAN,-9.5530,7.6770,0.0710,0.0900,1,0,1,0,0,0,0.0000,-2501368.1366,-4265866.6071,4011220.6368,1,-10.0527,7.7067,-0.4997,0.0297,-10.3973,7.7639,-0.2450,0.0166,-0.0996,0.0406,-0.0232,0.0000,0.0000,0.0000,0.0000,0.0947,0.0947,0.0000,-0.0715,0.0000,0.0000
240.1890,39.1240,0,2,p142_PAN,-8.7250,7.4130,0.1290,0.1160,1,0,1,0,0,0,0.0000,-2455750.0279,-4286072.9926,4017862.8105,0,-8.8119,6.1636,-0.0869,-1.2494,-10.3590,5.1518,-1.4506,-1.0455,-0.0965,0.0337,-0.0198,0.0000,0.0000,0.0000,0.0000,-0.2981,-0.2981,0.0000,0.3179,0.0000,0.0000
240.2350,38.7600,0,2,p143_PAN,-9.5250,7.8280,0.1230,0.0850,1,0,1,0,0,0,0.0000,-2464930.5475,-4310114.4024,3986399.7161,0,-9.4004,6.9584,0.1246,-0.8696,-11.3999,5.0548,-1.9191,-1.9344,-0.0803,0.0307,-0.0201,0.0000,0.0000,0.0000,0.0000,0.5364,0.5364,0.0000,-0.5164,0.0000,0.0000
239.1070,39.4670,0,1,p144_PAN,-9.3200,7.4230,0.0800,0.0700,1,0,1,0,0,0,0.0000,-2523852.5430,-4218219.7449,4047362.3493,1,-9.9315,7.8332,-0.6115,0.4102,-10.5077,7.6424,-0.4374,-0.2467,-0.1388,0.0559,-0.0261,0.0000,0.0000,0.0000,0.0000,-0.0114,-0.0114,0.0000,0.0375,0.0000,0.0000
239.7160,39.9370,0,2,p147_PAN,-7.3700,5.8800,0.0770,0.0720,1,0,1,0,0,0,0.0000,-2462049.2488,-4215994.6172,4087548.6964,0,-7.6209,5.9587,-0.2509,0.0787,-8.0571,6.1497,-0.2809,0.1473,-0.1553,0.0438,-0.0206,0.0000,0.0000,0.0000,0.0000,-0.0340,-0.0340,0.0000,0.0546,0.0000,0.0000
239.8950,39.6020,0,2,p149_PAN,-8.1130,6.2080,0.1010,0.0810,1,0,1,0,0,0,0.0000,-2460811.5322,-4244268.9672,4058933.2341,0,-8.2164,6.0695,-0.1034,-0.1385,-9.0061,5.7721,-0.6622,-0.3375,-0.1275,0.0402,-0.0204,0.0000,0.0000,0.0000,0.0000,-0.1628,-0.1628,0.0000,0.1832,0.0000,0.0000
239.9660,39.2920,0,2,p150_PAN,-9.0580,6.9130,0.1090,0.0880,1,0,1,0,0,0,0.0000,-2466505.9750,-4266265.0600,4032329.6213,0,-8.9646,6.3745,0.0934,-0.5385,-9.8906,5.6223,-0.8179,-0.7898,-0.1082,0.0376,-0.0207,0.0000,0.0000,0.0000,0.0000,-0.1063,-0.1063,0.0000,0.1270,0.0000,0.0000
239.9230,40.2890,0,12,p151_PAN,-6.1600,5.1300,0.0650,0.0820,1,0,1,0,0,0,0.0000,-2434170.1760,-4203051.6394,4117465.7172,10,-5.5669,4.3163,0.5931,-0.8137,-5.2802,3.3552,0.4574,-0.9994,-0.1707,0.0383,-0.0186,0.0000,0.0000,0.0000,0.0000,0.0661,0.0661,0.0000,-0.0475,0.0000,0.0000
238.2330,36.2280,0,30,p172_PAN,-29.0300,36.1040,0.0710,0.0910,1,0,1,0,0,0,0.0000,-2704160.3448,-4366978.2407,3763159.4885,30,-29.3047,36.5163,-0.2747,0.4123,-30.9711,39.2600,-1.6546,2.7320,-0.0117,0.0117,-0.0250,0.0000,0.0000,0.0000,0.0000,-0.1964,-0.1964,0.0000,0.2214,0.0000,0.0000
238.7100,35.9460,0,41,p173_PAN,-28.4160,35.7320,0.0630,0.1170,1,0,1,0,0,0,0.0000,-2677298.2223,-4405113.7940,3737833.3500,41,-28.5197,35.2702,-0.1037,-0.4618,-29.0215,34.6285,-0.4894,-0.6523,-0.0124,0.0107,-0.0224,0.0000,0.0000,0.0000,0.0000,0.2982,0.2982,0.0000,-0.2758,0.0000,0.0000
238.9490,36.3020,0,41,p174_PAN,-27.9910,34.7050,0.0650,0.1280,1,0,1,0,0,0,0.0000,-2646869.2793,-4396261.5621,3769790.2802,41,-27.7975,34.4005,0.1935,-0.3045,-27.8473,34.1076,-0.0329,-0.3058,-0.0169,0.0128,-0.0228,0.0000,0.0000,0.0000,0.0000,0.0697,0.0697,0.0000,-0.0468,0.0000,0.0000
237.6430,37.4720,0,41,p176_PAN,-23.7750,31.0280,0.1090,0.0850,1,0,1,0,0,0,0.0000,-2704612.2868,-4268865.1111,3873785.5520,41,-24.5311,31.0061,-0.7561,-0.0219,-24.7504,36.9468,-0.1969,5.9173,-0.0224,0.0234,-0.0346,0.0000,0.0000,0.0000,0.0000,0.0244,0.0244,0.0000,0.0102,0.0000,0.0000
237.5050,37.5280,0,41,p177_PAN,-23.9090,34.2500,0.2940,0.1240,1,0,1,0,0,0,0.0000,-2712850.8963,-4259143.0869,3878722.9395,41,-25.4061,33.2127,-1.4971,-1.0373,-24.6334,37.2457,0.7943,4.0091,-0.0216,0.0239,-0.0359,0.0000,0.0000,0.0000,0.0000,-0.5832,-0.5832,0.0000,0.6191,0.0000,0.0000
237.6680,37.5350,0,44,p178_PAN,-22.5680,28.8690,0.1250,0.0820,1,0,1,0,0,0,0.0000,-2700469.6949,-4266443.1553,3879339.8525,43,-23.2700,29.3369,-0.7020,0.4679,-21.2794,27.6781,2.0147,-1.6833,-0.0241,0.0246,-0.0349,0.0000,0.0000,0.0000,0.0000,0.2933,0.2933,0.0000,-0.2585,0.0000,0.0000
238.5970,36.2930,0,41,p180_PAN,-28.2380,35.4110,0.0880,0.1080,1,0,1,0,0,0,0.0000,-2674136.3640,-4380422.8686,3768984.1683,41,-28.0369,34.7607,0.2011,-0.6503,-28.0003,34.8746,0.0512,0.1014,-0.0147,0.0125,-0.0240,0.0000,0.0000,0.0000,0.0000,-0.0370,-0.0370,0.0000,0.0610,0.0000,0.0000
237.0920,38.1230,0,30,p193_PAN,-22.8500,33.7070,0.0660,0.0810,1,0,1,0,0,0,0.0000,-2721449.9455,-4205433.4851,3930952.9199,30,-24.7010,31.8393,-1.8510,-1.8677,-29.2211,39.9662,-4.4903,8.0898,-0.0299,0.0371,-0.0453,0.0000,0.0000,0.0000,0.0000,0.6541,0.6541,0.0000,-0.6088,0.0000,0.0000
237.1840,38.1860,0,44,p194_PAN,-20.2290,29.4480,0.0780,0.0770,1,0,1,0,0,0,0.0000,-2712349.6782,-4206162.8236,3936458.4319,43,-22.2351,28.6994,-2.0061,-0.7486,-22.8466,26.7266,-0.5770,-2.0131,-0.0345,0.0403,-0.0450,0.0000,0.0000,0.0000,0.0000,0.5005,0.5005,0.0000,-0.4556,0.0000,0.0000
237.3420,38.5600,0,43,p201_PAN,-13.2940,19.5050,0.0730,0.0940,1,0,1,0,0,0,0.0000,-2686817.1283,-4191903.7479,3969043.7323,44,-15.2431,17.6023,-1.9491,-1.9027,-11.2538,9.5857,4.0481,-8.0764,-0.0588,0.0599,-0.0470,0.0000,0.0000,0.0000,0.0000,-2.0326,-2.0326,0.0000,2.0796,0.0000,0.0000
237.5040,38.4240,0,43,p202_PAN,-15.9990,20.1620,0.3260,0.1920,1,0,1,0,0,0,0.0000,-2680007.9403,-4207417.9791,3957214.0263,44,-14.1119,16.3400,1.8871,-3.8220,-11.2024,9.6376,2.9635,-6.7542,-0.0540,0.0518,-0.0434,0.0000,0.0000,0.0000,0.0000,-1.1588,-1.1588,0.0000,1.2022,0.0000,0.0000
237.8730,37.0690,0,41,p209_PAN,-26.3720,33.9510,0.0960,0.0790,1,0,1,0,0,0,0.0000,-2701877.4907,-4302656.3112,3838145.1450,41,-27.1315,33.0285,-0.7595,-0.9225,-25.8947,36.4481,1.2549,3.4015,-0.0181,0.0182,-0.0307,0.0000,0.0000,0.0000,0.0000,-0.2894,-0.2894,0.0000,0.3201,0.0000,0.0000
238.3020,36.8790,0,41,p211_PAN,-27.0590,31.9950,0.0760,0.0820,1,0,1,0,0,0,0.0000,-2676259.0923,-4333571.0960,3821276.0027,41,-25.7986,31.2274,1.2604,-0.7676,-26.3144,35.5164,-0.4964,4.2722,-0.0193,0.0168,-0.0276,0.0000,0.0000,0.0000,0.0000,-0.1467,-0.1467,0.0000,0.1744,0.0000,0.0000
238.2030,37.0010,0,41,p214_PAN,-24.6880,30.4320,0.0880,0.0970,1,0,1,0,0,0,0.0000,-2679449.5936,-4322015.0737,3832112.6078,41,-24.4126,29.6633,0.2754,-0.7687,-25.9777,35.7316,-1.5449,6.0503,-0.0203,0.0180,-0.0287,0.0000,0.0000,0.0000,0.0000,0.4018,0.4018,0.0000,-0.3732,0.0000,0.0000
238.2370,37.0490,0,44,p215_PAN,-22.5330,27.3950,0.0880,0.0820,1,0,1,0,0,0,0.0000,-2675193.4798,-4320873.2401,3836371.4302,43,-21.8249,26.5295,0.7081,-0.8655,-20.0447,28.7942,1.8015,2.2462,-0.0213,0.0186,-0.0287,0.0000,0.0000,0.0000,0.0000,0.6407,0.6407,0.0000,-0.6119,0.0000,0.0000
238.2740,37.0020,0,44,p216_PAN,-23.1160,28.0560,0.0740,0.0780,1,0,1,0,0,0,0.0000,-2674056.5955,-4325275.1955,3832201.3607,43,-22.1995,27.4366,0.9165,-0.6194,-19.9305,28.8667,2.2899,1.4120,-0.0209,0.0181,-0.0283,0.0000,0.0000,0.0000,0.0000,0.5167,0.5167,0.0000,-0.4884,0.0000,0.0000
237.7150,37.3420,0,41,p219_PAN,-24.8130,32.2790,0.2560,0.1190,1,0,1,0,0,0,0.0000,-2703933.4464,-4279679.9759,3862309.5012,41,-25.4503,31.6558,-0.6373,-0.6232,-25.1203,36.7907,0.3509,5.1135,-0.0208,0.0215,-0.0333,0.0000,0.0000,0.0000,0.0000,-0.0253,-0.0253,0.0000,0.0585,0.0000,0.0000
237.7860,37.3300,0,41,p220_PAN,-23.6800,30.9270,0.0720,0.0980,1,0,1,0,0,0,0.0000,-2699059.2242,-4283711.6630,3861249.1701,41,-24.6629,30.4010,-0.9829,-0.5260,-25.1294,36.6368,-0.4451,6.2144,-0.0215,0.0215,-0.0327,0.0000,0.0000,0.0000,0.0000,0.3532,0.3532,0.0000,-0.3205,0.0000,0.0000
237.9010,37.3370,0,44,p221_PAN,-21.2680,28.0540,0.0840,0.0890,1,0,1,0,0,0,0.0000,-2690205.1375,-4288720.7317,3861867.7172,43,-22.3853,27.9770,-1.1173,-0.0770,-20.7765,28.1355,1.6317,0.1367,-0.0229,0.0218,-0.0321,0.0000,0.0000,0.0000,0.0000,0.4584,0.4584,0.0000,-0.4264,0.0000,0.0000
237.9000,37.7220,0,43,p223_PAN,-15.6450,19.1490,0.0600,0.0760,1,0,1,0,0,0,0.0000,-2676429.6241,-4266594.4039,3895798.7784,44,-16.8360,19.5898,-1.1910,0.4408,-10.9825,9.7642,5.8854,-9.8543,-0.0319,0.0287,-0.0344,0.0000,0.0000,0.0000,0.0000,0.5124,0.5124,0.0000,-0.4781,0.0000,0.0000
238.2140,37.8190,0,1,p230_PAN,-10.5430,9.8460,0.1220,0.0830,1,0,1,0,0,0,0.0000,-2649529.2368,-4275585.5652,3904319.9612,1,-12.2371,11.3009,-1.6941,1.4549,-10.3116,7.4271,1.9642,-3.9045,-0.0388,0.0306,-0.0325,0.0000,0.0000,0.0000,0.0000,0.2842,0.2842,0.0000,-0.2517,0.0000,0.0000
238.4210,36.7240,0,41,p232_PAN,-27.5360,34.2980,0.0610,0.0710,1,0,1,0,0,0,0.0000,-2672656.4860,-4347911.0425,3807483.2023,41,-27.6867,32.2802,-0.1507,-2.0178,-26.7450,35.2576,0.9599,2.9619,-0.0182,0.0155,-0.0264,0.0000,0.0000,0.0000,0.0000,-0.3931,-0.3931,0.0000,0.4195,0.0000,0.0000
238.5800,36.8000,0,44,p233_PAN,-17.8860,26.0210,0.1040,0.0810,1,0,1,0,0,0,0.0000,-2657945.2669,-4350997.3935,3814249.6119,43,-23.4835,25.1308,-5.5975,-0.8902,-19.3946,29.4657,4.1094,4.3185,-0.0204,0.0163,-0.0260,0.0000,0.0000,0.0000,0.0000,0.2574,0.2574,0.0000,-0.2313,0.0000,0.0000
238.4580,36.8140,0,41,p235_PAN,-27.2500,33.5860,0.0830,0.1710,1,0,1,0,0,0,0.0000,-2666716.1914,-4344533.5363,3815495.3241,41,-26.0257,29.6765,1.2243,-3.9095,-26.4557,35.1771,-0.4103,5.4843,-0.0197,0.0164,-0.0266,0.0000,0.0000,0.0000,0.0000,-0.1639,-0.1639,0.0000,0.1905,0.0000,0.0000
238.4460,36.9040,0,44,p236_PAN,-21.7180,25.4660,0.1270,0.0880,1,0,1,0,0,0,0.0000,-2664486.4201,-4338862.3373,3823498.0315,43,-21.2407,25.7256,0.4773,0.2596,-19.6635,29.2035,1.5982,3.4607,-0.0209,0.0172,-0.0271,0.0000,0.0000,0.0000,0.0000,-0.0521,-0.0521,0.0000,0.0791,0.0000,0.0000
238.6130,36.6370,0,41,p237_PAN,-27.8930,34.5700,0.0970,0.0860,1,0,1,0,0,0,0.0000,-2661079.5083,-4361773.1668,3799729.2210,41,-27.4278,33.7703,0.4652,-0.7997,-26.9413,34.8398,0.5050,1.0545,-0.0185,0.0150,-0.0253,0.0000,0.0000,0.0000,0.0000,-0.1442,-0.1442,0.0000,0.1695,0.0000,0.0000
238.5470,36.8490,0,44,p238_PAN,-17.6530,24.6080,0.2410,0.1930,1,0,1,0,0,0,0.0000,-2658747.7450,-4346681.5147,3818608.6078,43,-21.9989,23.6629,-4.3459,-0.9451,-19.5120,29.4011,2.5077,5.7215,-0.0209,0.0168,-0.0264,0.0000,0.0000,0.0000,0.0000,0.4225,0.4225,0.0000,-0.3961,0.0000,0.0000
238.4520,36.9620,0,44,p239_PAN,-20.3690,23.3530,0.0840,0.0890,1,0,1,0,0,0,0.0000,-2662005.5855,-4335840.6732,3828650.3341,43,-19.0430,23.0916,1.3260,-0.2614,-19.7886,29.2152,-0.7238,6.1058,-0.0218,0.0178,-0.0273,0.0000,0.0000,0.0000,0.0000,0.1660,0.1660,0.0000,-0.1388,0.0000,0.0000
238.4260,37.2130,0,1,p241_PAN,-13.3780,13.1500,0.1260,0.1220,1,0,1,0,0,0,0.0000,-2655165.2694,-4320301.1558,3850902.0731,1,-14.4239,15.4217,-1.0459,2.2717,-10.1932,7.4784,4.2566,-7.9640,-0.0259,0.0207,-0.0285,0.0000,0.0000,0.0000,0.0000,1.4412,1.4412,0.0000,-1.4127,0.0000,0.0000
238.6650,36.9180,0,1,p243_PAN,-12.6180,11.1010,0.0900,0.0800,1,0,1,0,0,0,0.0000,-2647396.7580,-4348216.8898,3824742.0497,1,-14.7645,10.3557,-2.1465,-0.7453,-10.1246,7.5361,4.6627,-2.8372,-0.0228,0.0175,-0.0261,0.0000,0.0000,0.0000,0.0000,0.1105,0.1105,0.0000,-0.0843,0.0000,0.0000
240.2940,37.7130,0,1,p245_PAN,-10.0290,9.4290,0.0610,0.1200,1,0,1,0,0,0,0.0000,-2496176.8596,-4375199.2464,3895007.5868,1,-9.8603,8.3747,0.1687,-1.0543,-10.1234,7.9259,-0.2160,-0.4707,-0.0471,0.0218,-0.0201,0.0000,0.0000,0.0000,0.0000,-0.0334,-0.0334,0.0000,0.0535,0.0000,0.0000
238.1310,37.9760,0,1,p248_PAN,-10.5310,10.5710,0.1150,0.0830,1,0,1,0,0,0,0.0000,-2650061.6279,-4262641.1135,3918088.2542,1,-11.8542,11.1946,-1.3232,0.6236,-10.3444,7.4069,1.5530,-3.8221,-0.0432,0.0344,-0.0339,0.0000,0.0000,0.0000,0.0000,0.5116,0.5116,0.0000,-0.4777,0.0000,0.0000
238.7320,36.9500,0,1,p250_PAN,-12.6000,10.6390,0.0990,0.0700,1,0,1,0,0,0,0.0000,-2641201.1146,-4349483.1632,3827584.6622,1,-13.4582,9.2160,-0.8582,-1.4230,-10.1247,7.5522,3.3573,-1.6816,-0.0238,0.0178,-0.0259,0.0000,0.0000,0.0000,0.0000,0.4219,0.4219,0.0000,-0.3960,0.0000,0.0000
238.6520,36.8110,0,1,p251_PAN,-12.4270,14.1030,0.0900,0.0870,1,0,1,0,0,0,0.0000,-2652094.5370,-4353708.5624,3815228.4049,1,-14.6839,9.0799,-2.2569,-5.0231,-10.1075,7.5329,4.5975,-1.5635,-0.0211,0.0165,-0.0258,0.0000,0.0000,0.0000,0.0000,-0.3092,-0.3092,0.0000,0.3349,0.0000,0.0000
238.3470,37.4780,0,1,p253_PAN,-11.9500,11.7530,0.0850,0.0930,1,0,1,0,0,0,0.0000,-2651744.5029,-4301428.5869,3874314.7349,1,-13.1143,12.5351,-1.1643,0.7821,-10.2440,7.4593,2.9011,-5.1002,-0.0308,0.0243,-0.0301,0.0000,0.0000,0.0000,0.0000,0.4704,0.4704,0.0000,-0.4404,0.0000,0.0000
238.5310,37.4900,0,1,p254_PAN,-11.1260,9.9900,0.0740,0.0840,1,0,1,0,0,0,0.0000,-2637493.5631,-4309230.0339,3875372.9732,1,-12.0626,10.2495,-0.9366,0.2595,-10.2314,7.5037,1.8641,-2.7702,-0.0328,0.0244,-0.0290,0.0000,0.0000,0.0000,0.0000,0.3351,0.3351,0.0000,-0.3062,0.0000,0.0000
238.7170,37.3850,0,1,p258_PAN,-10.9370,9.0230,0.1000,0.0810,1,0,1,0,0,0,0.0000,-2627173.9955,-4323831.6408,3866107.6293,1,-11.7617,9.3545,-0.8247,0.3315,-10.1990,7.5486,1.5946,-1.8286,-0.0320,0.0228,-0.0275,0.0000,0.0000,0.0000,0.0000,0.3429,0.3429,0.0000,-0.3154,0.0000,0.0000
237.5710,38.5780,0,45,p263_PAN,-12.1730,14.9880,0.0770,0.1130,1,0,1,0,0,0,0.0000,-2669372.7018,-4201556.2475,3970607.7544,45,-13.0395,13.6344,-0.8665,-1.3536,-6.1848,14.7294,6.9204,1.0354,-0.0657,0.0597,-0.0437,0.0000,0.0000,0.0000,0.0000,-0.6238,-0.6238,0.0000,0.6675,0.0000,0.0000
238.5390,38.2830,0,1,p274_PAN,-10.2980,6.8080,0.4580,0.6090,1,0,1,0,0,0,0.0000,-2608646.1012,-4263434.8709,3944925.8652,1,-10.8692,8.8365,-0.5712,2.0285,-10.3625,7.5057,0.5672,-1.3707,-0.0604,0.0399,-0.0314,0.0000,0.0000,0.0000,0.0000,0.1318,0.1318,0.0000,-0.1004,0.0000,0.0000
237.6330,37.1920,0,30,p277_PAN,-26.6410,35.9500,0.1260,0.0640,1,0,1,0,0,0,0.0000,-2715459.4272,-4284331.6864,3849043.2008,30,-27.5452,34.9847,-0.9042,-0.9653,-30.0869,39.6333,-2.5244,4.6295,-0.0173,0.0191,-0.0327,0.0000,0.0000,0.0000,0.0000,-0.7854,-0.7854,0.0000,0.8181,0.0000,0.0000
238.9380,35.7910,0,41,p279_PAN,-27.9000,34.3520,0.0660,0.0680,1,0,1,0,0,0,0.0000,-2664955.1836,-4424378.5020,3723874.3536,41,-28.1574,34.6867,-0.2574,0.3347,-29.4153,34.1316,-1.2455,-0.5652,-0.0124,0.0101,-0.0212,0.0000,0.0000,0.0000,0.0000,0.3849,0.3849,0.0000,-0.3637,0.0000,0.0000
239.6110,35.8410,0,41,p281_PAN,-20.7370,27.7830,0.1880,0.2480,1,0,1,0,0,0,0.0000,-2611158.5863,-4452570.3922,3728380.2383,41,-27.7779,34.4134,-7.0409,6.6304,-29.0327,32.6615,-1.2388,-1.7625,-0.0160,0.0106,-0.0195,0.0000,0.0000,0.0000,0.0000,0.0221,0.0221,0.0000,-0.0025,0.0000,0.0000
239.6550,35.8380,0,1,p282_PAN,-14.9750,19.6250,0.2010,0.1030,1,0,1,0,0,0,0.0000,-2607837.1095,-4454742.7714,3728109.9652,1,-9.2747,11.0379,5.7003,-8.5871,-9.8629,7.7737,-0.5720,-3.2748,-0.0162,0.0106,-0.0194,0.0000,0.0000,0.0000,0.0000,0.2336,0.2336,0.0000,-0.2142,0.0000,0.0000
239.7150,35.8070,0,1,p283_PAN,-14.3600,19.7390,0.1630,0.1040,1,0,1,0,0,0,0.0000,-2604187.5312,-4459212.4193,3725316.5454,1,-9.5786,14.9116,4.7814,-4.8274,-9.8529,7.7880,-0.2581,-7.1340,-0.0162,0.0105,-0.0192,0.0000,0.0000,0.0000,0.0000,1.0171,1.0171,0.0000,-0.9980,0.0000,0.0000
239.1470,36.5160,0,1,p286_PAN,-10.2790,11.8360,0.1270,0.1620,1,0,1,0,0,0,0.0000,-2624421.9339,-4393263.8779,3788930.3865,1,-10.4438,8.3544,-0.1648,-3.4816,-10.0184,7.6520,0.4459,-0.7166,-0.0205,0.0143,-0.0228,0.0000,0.0000,0.0000,0.0000,0.1078,0.1078,0.0000,-0.0850,0.0000,0.0000
239.2510,36.1070,0,41,p289_PAN,-27.3600,33.1050,0.0740,0.0660,1,0,1,0,0,0,0.0000,-2630204.9166,-4421152.5965,3752303.7293,41,-27.9627,34.0383,-0.6027,0.9333,-28.3396,33.4484,-0.3602,-0.6016,-0.0167,0.0118,-0.0213,0.0000,0.0000,0.0000,0.0000,0.0783,0.0783,0.0000,-0.0570,0.0000,0.0000
239.2720,36.1790,0,1,p290_PAN,-9.8490,11.4170,0.0910,0.1610,1,0,1,0,0,0,0.0000,-2626172.8921,-4418059.5588,3758765.3740,1,-9.7945,8.3967,0.0545,-3.0203,-9.9513,7.6820,-0.1393,-0.7269,-0.0175,0.0122,-0.0214,0.0000,0.0000,0.0000,0.0000,0.0459,0.0459,0.0000,-0.0245,0.0000,0.0000
239.3550,35.9230,0,41,p291_PAN,-25.4560,32.8800,0.0820,0.0730,1,0,1,0,0,0,0.0000,-2628304.2144,-4436263.9337,3735763.7410,41,-27.6190,33.6228,-2.1630,0.7428,-28.8677,33.2213,-1.2332,-0.4124,-0.0155,0.0109,-0.0205,0.0000,0.0000,0.0000,0.0000,0.1311,0.1311,0.0000,-0.1107,0.0000,0.0000
239.5250,36.0070,0,1,p292_PAN,-10.5050,17.1600,0.1620,0.1940,1,0,1,0,0,0,0.0000,-2612349.5096,-4439317.6737,3743319.3950,1,-9.6582,9.3040,0.8468,-7.8560,-9.9020,7.7426,-0.2267,-1.5727,-0.0171,0.0114,-0.0202,0.0000,0.0000,0.0000,0.0000,-0.0218,-0.0218,0.0000,0.0420,0.0000,0.0000
239.2900,36.2570,0,1,p299_PAN,-9.6390,12.2580,0.3670,0.4440,1,0,1,0,0,0,0.0000,-2622169.1301,-4414480.8580,3765758.7906,1,-9.9840,8.4965,-0.3450,-3.7615,-9.9632,7.6864,0.0392,-0.8228,-0.0184,0.0127,-0.0216,0.0000,0.0000,0.0000,0.0000,0.0264,0.0264,0.0000,-0.0049,0.0000,0.0000
240.1600,37.9010,0,1,p308_PAN,-10.1260,8.9440,0.0640,0.0800,1,0,1,0,0,0,0.0000,-2500029.7478,-4358239.9442,3911514.7079,1,-9.9204,8.2244,0.2056,-0.7196,-10.1654,7.8940,-0.1933,-0.3543,-0.0517,0.0240,-0.0207,0.0000,0.0000,0.0000,0.0000,0.0012,0.0012,0.0000,0.0196,0.0000,0.0000
239.1330,39.7950,0,1,p346_PAN,-8.8510,7.3690,0.1300,0.0880,1,0,1,0,0,0,0.0000,-2510009.6333,-4199407.4804,4075436.1627,1,-9.4848,7.6583,-0.6338,0.2893,-10.5579,7.6487,-0.9050,-0.0679,-0.1681,0.0583,-0.0250,0.0000,0.0000,0.0000,0.0000,-0.1436,-0.1436,0.0000,0.1686,0.0000,0.0000
239.0520,41.1830,0,3,p347_PAN,-5.0200,5.0380,0.0690,0.0700,1,0,1,0,0,0,0.0000,-2464438.7230,-4109959.3550,4192746.9924,2,-5.5085,4.5663,-0.4885,-0.4717,-6.1716,4.1579,-0.3552,-0.4421,-0.3079,0.0337,-0.0240,0.0000,0.0000,0.0000,0.0000,-0.0755,-0.0755,0.0000,0.0995,0.0000,0.0000
242.7480,45.4280,0,14,p372_PAN,0.6890,0.5020,0.0560,0.0680,1,0,1,0,0,0,0.0000,-2046241.9200,-3972683.5167,4535970.8048,13,0.3223,0.3557,-0.3667,-0.1463,-0.1437,-0.1865,-0.1775,-0.5138,-0.2885,-0.0284,0.0210,0.0000,0.0000,0.0000,0.0000,0.2361,0.2361,0.0000,-0.2572,0.0000,0.0000
240.0480,43.0020,0,6,p381_PAN,-1.3150,2.7000,0.0640,0.0670,1,0,1,0,0,0,0.0000,-2324971.9697,-4034771.9569,4342749.3662,3,-1.8850,2.3628,-0.5700,-0.3372,-2.3763,2.0858,-0.1758,-0.2800,-0.3155,0.0030,-0.0136,0.0000,0.0000,0.0000,0.0000,-0.0323,-0.0323,0.0000,0.0459,0.0000,0.0000
241.0320,44.4030,0,6,p386_PAN,-0.1620,1.7270,0.0530,0.0850,1,0,1,0,0,0,0.0000,-2203240.4416,-3979991.6167,4455305.7974,3,-0.3956,1.5105,-0.2336,-0.2165,-0.8185,1.3241,-0.0747,-0.1752,-0.3482,-0.0112,0.0078,0.0000,0.0000,0.0000,0.0000,-0.0301,-0.0301,0.0000,0.0223,0.0000,0.0000
239.3970,43.8120,0,6,p389_PAN,-0.1830,3.5160,0.0560,0.1010,1,0,1,0,0,0,0.0000,-2339173.5689,-3954853.8711,4408145.7932,3,-0.6795,2.9539,-0.4965,-0.5621,-1.5060,2.5895,-0.3789,-0.3563,-0.4475,-0.0081,-0.0163,0.0000,0.0000,0.0000,0.0000,0.0283,0.0283,0.0000,-0.0120,0.0000,0.0000
241.0720,43.0340,0,6,p390_PAN,-1.6210,1.9820,0.0500,0.0770,1,0,1,0,0,0,0.0000,-2251320.8014,-4073554.2207,4345349.4821,3,-1.9642,1.5465,-0.3432,-0.4355,-2.3206,1.2931,-0.1004,-0.2584,-0.2559,0.0050,-0.0045,0.0000,0.0000,0.0000,0.0000,-0.0324,-0.0324,0.0000,0.0369,0.0000,0.0000
241.5880,42.2550,0,12,p391_PAN,-2.2760,1.6440,0.0710,0.0720,1,0,1,0,0,0,0.0000,-2242449.1360,-4145247.5968,4281669.7322,10,-2.5684,1.7662,-0.2924,0.1222,-3.0020,2.0171,-0.2368,0.2401,-0.1968,0.0108,-0.0056,0.0000,0.0000,0.0000,0.0000,0.0572,0.0572,0.0000,-0.0516,0.0000,0.0000
240.9990,43.4470,0,6,p392_PAN,-1.4880,1.4630,0.0560,0.0710,1,0,1,0,0,0,0.0000,-2241264.7809,-4043182.2736,4378785.3048,3,-1.4837,1.5790,0.0043,0.1160,-1.8685,1.3496,-0.1008,-0.2307,-0.2839,0.0013,-0.0021,0.0000,0.0000,0.0000,0.0000,-0.0327,-0.0327,0.0000,0.0348,0.0000,0.0000
242.1080,43.2340,0,12,p393_PAN,-1.4950,1.0150,0.0610,0.0720,1,0,1,0,0,0,0.0000,-2170191.3739,-4100162.5163,4361569.4655,10,-1.6125,1.3259,-0.1175,0.3109,-1.8799,1.5987,-0.0469,0.2698,-0.2205,0.0030,0.0020,0.0000,0.0000,0.0000,0.0000,0.0553,0.0553,0.0000,-0.0572,0.0000,0.0000
242.2000,44.8350,0,12,p394_PAN,0.3530,0.9250,0.0550,0.0670,1,0,1,0,0,0,0.0000,-2105927.2595,-3994246.4638,4489478.4804,10,0.3613,1.1519,0.0083,0.2269,-0.0602,1.5247,-0.1267,0.3907,-0.2948,-0.0178,0.0156,0.0000,0.0000,0.0000,0.0000,0.3978,0.3978,0.0000,-0.4135,0.0000,0.0000
239.8500,48.4270,0,14,p413_PAN,2.5000,1.2690,0.0610,0.0660,1,0,1,0,0,0,0.0000,-2122207.0435,-3653646.9914,4763554.5960,13,0.9804,0.5483,-1.5196,-0.7207,-0.0155,-0.1084,-0.3012,-0.4033,-0.6947,-0.2534,0.0522,0.0000,0.0000,0.0000,0.0000,0.0372,0.0372,0.0000,-0.0895,0.0000,0.0000
238.4030,47.0400,0,16,p416_PAN,3.4310,3.3140,0.0810,0.0930,1,0,1,0,0,0,0.0000,-2273556.6808,-3696047.2530,4659884.7823,15,3.7216,3.3409,0.2906,0.0269,2.8044,3.2713,0.4324,0.2045,-1.3497,-0.2741,0.0161,0.0000,0.0000,0.0000,0.0000,0.1373,0.1373,0.0000,-0.1533,0.0000,0.0000
243.0200,46.7980,0,14,p422_PAN,1.2070,0.1540,0.0480,0.0640,1,0,1,0,0,0,0.0000,-1977578.6757,-3884568.2310,4641515.2377,13,0.2937,0.0426,-0.9133,-0.1114,-0.0884,-0.1938,-0.0715,-0.1765,-0.3106,-0.0599,0.0307,0.0000,0.0000,0.0000,0.0000,-0.0131,-0.0131,0.0000,-0.0176,0.0000,0.0000
240.1280,44.5330,0,6,p433_PAN,0.1720,2.0710,0.0900,0.1110,1,0,1,0,0,0,0.0000,-2260718.3829,-3935959.5820,4465615.9736,3,-0.1315,2.2078,-0.3035,0.1368,-0.6943,2.0239,-0.1170,-0.1683,-0.4458,-0.0156,0.0035,0.0000,0.0000,0.0000,0.0000,-0.0267,-0.0267,0.0000,0.0232,0.0000,0.0000
237.5410,48.0020,0,8,p437_PAN,5.3180,3.5730,0.1020,0.0730,1,0,1,0,0,0,0.0000,-2286586.0892,-3594895.3955,4732082.2704,12,4.7950,3.6670,-0.5230,0.0940,3.1479,2.9449,0.4759,0.0226,-2.1231,-0.7446,-0.0694,0.0000,0.0000,0.0000,0.0000,0.1461,0.1461,0.0000,-0.0768,0.0000,0.0000
237.1070,46.1160,0,9,p446_PAN,5.0530,6.3290,0.0850,0.0900,1,0,1,0,0,0,0.0000,-2397073.8004,-3706304.7450,4589302.1032,6,5.0642,5.9444,0.0112,-0.3846,2.6671,5.6382,0.3731,0.1698,-2.7701,-0.4760,-0.2422,0.0000,0.0000,0.0000,0.0000,0.2638,0.2638,0.0000,-0.0216,0.0000,0.0000
240.3100,45.4530,0,6,p447_PAN,0.9690,1.7100,0.0560,0.0690,1,0,1,0,0,0,0.0000,-2212400.3754,-3880324.2363,4537920.2132,3,0.8427,1.9691,-0.1263,0.2591,0.3200,1.8831,-0.0014,-0.0423,-0.5213,-0.0437,0.0198,0.0000,0.0000,0.0000,0.0000,-0.0182,-0.0182,0.0000,-0.0016,0.0000,0.0000
240.3060,37.5630,0,1,p512_PAN,-9.7830,9.2980,0.0810,0.0810,1,0,1,0,0,0,0.0000,-2500303.2254,-4384564.9997,3881806.9254,1,-9.9445,8.4672,-0.1615,-0.8308,-10.0979,7.9287,-0.1097,-0.5592,-0.0437,0.0206,-0.0199,0.0000,0.0000,0.0000,0.0000,-0.0302,-0.0302,0.0000,0.0501,0.0000,0.0000
237.7620,37.0610,0,41,p534_PAN,-27.2640,35.1280,0.0560,0.0690,1,0,1,0,0,0,0.0000,-2710493.8637,-4297867.0998,3837435.7152,41,-27.7380,34.5825,-0.4740,-0.5455,-25.9619,36.6889,1.7929,2.0885,-0.0168,0.0178,-0.0312,0.0000,0.0000,0.0000,0.0000,-0.7964,-0.7964,0.0000,0.8276,0.0000,0.0000
241.0400,37.8920,0,40,p640_PAN,-8.1960,10.8150,0.1060,0.2320,1,0,1,0,0,0,0.0000,-2433097.2230,-4396659.6369,3910725.4317,40,-7.5369,8.0482,0.6591,-2.7668,-5.0593,8.7241,2.5292,0.6557,-0.0516,0.0202,-0.0170,0.0000,0.0000,0.0000,0.0000,-0.8352,-0.8352,0.0000,0.8522,0.0000,0.0000
237.7940,41.2940,0,4,p655_PAN,-4.8360,6.0770,0.1110,0.1220,1,0,1,0,0,0,0.0000,-2549742.8446,-4047982.7691,4202023.1305,8,-5.0372,5.8664,-0.2012,-0.2106,-6.0821,5.0017,-0.3700,-0.8929,-0.6748,0.0282,-0.0597,0.0000,0.0000,0.0000,0.0000,-0.0642,-0.0642,0.0000,0.1239,0.0000,0.0000
237.8040,41.3450,0,4,p656_PAN,-4.5610,5.5660,0.7620,2.6320,1,0,1,0,0,0,0.0000,-2547042.3959,-4045260.9660,4206279.8542,8,-4.8834,5.8452,-0.3224,0.2792,-5.9319,4.9803,-0.3818,-0.8851,-0.6666,0.0202,-0.0591,0.0000,0.0000,0.0000,0.0000,-0.0723,-0.0723,0.0000,0.1313,0.0000,0.0000
237.7060,41.3810,0,4,p657_PAN,-4.4830,6.4120,0.1020,0.0880,1,0,1,0,0,0,0.0000,-2552545.2717,-4038663.6578,4209282.5941,8,-4.7302,6.0378,-0.2472,-0.3742,-5.8320,5.1896,-0.3800,-0.8579,-0.7218,0.0096,-0.0673,0.0000,0.0000,0.0000,0.0000,-0.0572,-0.0572,0.0000,0.1245,0.0000,0.0000
237.8090,41.4790,0,4,p658_PAN,-4.2060,6.0380,0.0950,0.1450,1,0,1,0,0,0,0.0000,-2541441.6011,-4037147.0018,4217448.2967,8,-4.4821,5.8329,-0.2761,-0.2051,-5.5383,4.9697,-0.4037,-0.8662,-0.6525,0.0030,-0.0590,0.0000,0.0000,0.0000,0.0000,-0.0940,-0.0940,0.0000,0.1530,0.0000,0.0000
237.9070,41.4540,0,4,p659_PAN,-4.4860,5.7530,0.1400,0.1470,1,0,1,0,0,0,0.0000,-2535510.1119,-4043046.6496,4215366.3807,8,-4.5656,5.6826,-0.0796,-0.0704,-5.6062,4.7604,-0.4324,-0.9328,-0.6082,0.0106,-0.0529,0.0000,0.0000,0.0000,0.0000,-0.1401,-0.1401,0.0000,0.1930,0.0000,0.0000
237.9320,41.4100,0,4,p660_PAN,-4.7560,5.6580,0.1920,0.1650,1,0,1,0,0,0,0.0000,-2535463.7065,-4046894.6341,4211700.2594,8,-4.7169,5.6264,0.0391,-0.0316,-5.7339,4.7071,-0.4178,-0.9358,-0.5992,0.0164,-0.0512,0.0000,0.0000,0.0000,0.0000,-0.1291,-0.1291,0.0000,0.1803,0.0000,0.0000
237.6870,41.4640,0,4,p661_PAN,-4.0030,5.9370,0.0930,0.1270,1,0,1,0,0,0,0.0000,-2550622.2535,-4032659.3609,4216199.2434,8,-4.4877,6.0634,-0.4847,0.1264,-5.5895,5.2301,-0.3804,-0.8297,-0.7214,-0.0036,-0.0686,0.0000,0.0000,0.0000,0.0000,-0.0591,-0.0591,0.0000,0.1277,0.0000,0.0000
237.8470,41.5320,0,4,p663_PAN,-4.1560,6.0510,0.1060,0.0950,1,0,1,0,0,0,0.0000,-2536686.2481,-4035527.0248,4221859.3028,8,-4.3554,5.7696,-0.1994,-0.2814,-5.3806,4.8885,-0.3962,-0.8811,-0.6289,0.0001,-0.0569,0.0000,0.0000,0.0000,0.0000,-0.1122,-0.1122,0.0000,0.1691,0.0000,0.0000
238.5040,40.4730,0,4,p664_PAN,-6.5380,7.7410,0.1600,0.1960,1,0,1,0,0,0,0.0000,-2530585.5575,-4130187.5102,4133042.3816,8,-7.9695,5.8434,-1.4315,-1.8976,-8.4567,3.4855,-0.1742,-2.4403,-0.3131,0.0824,-0.0295,0.0000,0.0000,0.0000,0.0000,0.9578,0.9578,0.0000,-0.9284,0.0000,0.0000
238.4740,40.4560,0,4,p665_PAN,-5.0320,9.0270,0.1270,0.3330,1,0,1,0,0,0,0.0000,-2533388.8737,-4129907.0512,4131605.0180,8,-8.0918,5.9539,-3.0598,-3.0731,-8.5078,3.5496,-0.1010,-2.4893,-0.3150,0.0850,-0.0299,0.0000,0.0000,0.0000,0.0000,1.0018,1.0018,0.0000,-0.9719,0.0000,0.0000
238.4850,40.4650,0,4,p666_PAN,-5.6930,9.0030,0.1420,0.2580,1,0,1,0,0,0,0.0000,-2532256.6688,-4129840.0329,4132366.0205,8,-8.0357,5.9106,-2.3427,-3.0924,-8.4810,3.5261,-0.1305,-2.4684,-0.3148,0.0839,-0.0298,0.0000,0.0000,0.0000,0.0000,0.9752,0.9752,0.0000,-0.9455,0.0000,0.0000
238.5330,40.4660,0,4,p667_PAN,-9.7610,8.8880,0.2550,0.7460,1,0,1,0,0,0,0.0000,-2528758.3246,-4131898.4842,4132450.5701,8,-7.9236,5.7790,1.8374,-3.1090,-8.4761,3.4236,-0.2452,-2.4362,-0.3073,0.0808,-0.0291,0.0000,0.0000,0.0000,0.0000,0.9805,0.9805,0.0000,-0.9514,0.0000,0.0000
238.3960,40.4920,0,4,p669_PAN,-5.9780,6.4160,0.1030,0.0980,1,0,1,0,0,0,0.0000,-2537647.8975,-4124242.6072,4134648.4163,8,-8.0234,6.0215,-2.0454,-0.3945,-8.4054,3.7162,-0.0471,-2.3946,-0.3349,0.0893,-0.0311,0.0000,0.0000,0.0000,0.0000,0.7465,0.7465,0.0000,-0.7154,0.0000,0.0000
238.4230,40.5400,0,4,p670_PAN,-6.2120,5.1560,0.0800,0.1210,1,0,1,0,0,0,0.0000,-2533889.4064,-4122485.5704,4138703.7414,8,-7.8141,5.7935,-1.6021,0.6375,-8.2635,3.6585,-0.1107,-2.2204,-0.3386,0.0854,-0.0307,0.0000,0.0000,0.0000,0.0000,0.5505,0.5505,0.0000,-0.5198,0.0000,0.0000
238.5720,40.4090,0,1,p671_PAN,-9.5760,9.9590,0.1490,0.1280,1,0,1,0,0,0,0.0000,-2528087.6410,-4137124.7524,4127629.2378,1,-8.1229,6.2859,1.4531,-3.6731,-10.7030,7.5136,-2.2877,1.1477,-0.2924,0.0800,-0.0287,0.0000,0.0000,0.0000,0.0000,0.8362,0.8362,0.0000,-0.8076,0.0000,0.0000
237.6450,46.1100,0,9,p687_PAN,4.1140,4.2810,0.1050,0.1420,1,0,1,0,0,0,0.0000,-2362424.0948,-3729055.1960,4588839.8538,6,4.1510,5.3628,0.0370,1.0818,2.7038,5.5500,0.3877,0.4503,-1.8348,-0.2632,-0.0619,0.0000,0.0000,0.0000,0.0000,0.0931,0.0931,0.0000,-0.0312,0.0000,0.0000
237.8360,46.0300,0,9,p688_PAN,4.1930,3.6760,0.1150,0.1210,1,0,1,0,0,0,0.0000,-2353388.4530,-3742330.0417,4582671.7218,6,3.9124,5.2130,-0.2806,1.5370,2.7021,5.5185,0.3926,0.5180,-1.6029,-0.2125,-0.0362,0.0000,0.0000,0.0000,0.0000,0.0437,0.0437,0.0000,-0.0075,0.0000,0.0000
237.6390,46.1900,0,9,p689_PAN,3.8670,5.2050,0.1090,0.0740,1,0,1,0,0,0,0.0000,-2359382.8035,-3723392.0120,4594999.0395,6,4.1461,5.3567,0.2791,0.1517,2.7185,5.5509,0.4409,0.4722,-1.8684,-0.2779,-0.0628,0.0000,0.0000,0.0000,0.0000,0.1224,0.1224,0.0000,-0.0596,0.0000,0.0000
237.8100,46.1800,0,9,p690_PAN,4.3940,5.0440,0.1500,0.1700,1,0,1,0,0,0,0.0000,-2348687.0014,-3731095.6741,4594229.6310,6,3.9127,5.1958,-0.4813,0.1518,2.7285,5.5228,0.4904,0.5667,-1.6746,-0.2397,-0.0381,0.0000,0.0000,0.0000,0.0000,0.1295,0.1295,0.0000,-0.0914,0.0000,0.0000
237.7730,46.2310,0,9,p691_PAN,3.7530,5.3520,0.1210,0.1020,1,0,1,0,0,0,0.0000,-2348914.2389,-3726117.3031,4598152.1510,6,3.9531,5.1997,0.2001,-0.1523,2.7356,5.5289,0.5102,0.5837,-1.7278,-0.2546,-0.0425,0.0000,0.0000,0.0000,0.0000,0.1513,0.1513,0.0000,-0.1088,0.0000,0.0000
237.8160,46.2240,0,9,p692_PAN,4.8490,4.7700,0.1570,0.1340,1,0,1,0,0,0,0.0000,-2346416.3617,-3728354.5158,4597613.9815,6,3.8969,5.1576,-0.9521,0.3876,2.7372,5.5218,0.5214,0.6093,-1.6811,-0.2451,-0.0372,0.0000,0.0000,0.0000,0.0000,0.1569,0.1569,0.0000,-0.1197,0.0000,0.0000
237.7980,46.2100,0,9,p693_PAN,5.6820,4.3610,0.1990,0.2320,1,0,1,0,0,0,0.0000,-2348186.1442,-3728567.6723,4596537.4367,6,3.9234,5.1883,-1.7586,0.8273,2.7333,5.5248,0.5055,0.5830,-1.6956,-0.2465,-0.0394,0.0000,0.0000,0.0000,0.0000,0.1442,0.1442,0.0000,-0.1048,0.0000,0.0000
237.8180,46.3000,0,9,p694_PAN,4.2220,5.7530,0.1140,0.1450,1,0,1,0,0,0,0.0000,-2343036.0252,-3723271.6055,4603453.2905,6,3.8757,5.0767,-0.3463,-0.6763,2.7517,5.5215,0.5760,0.7007,-1.7000,-0.2559,-0.0365,0.0000,0.0000,0.0000,0.0000,0.2171,0.2171,0.0000,-0.1806,0.0000,0.0000
237.8360,46.1990,0,9,p695_PAN,5.6490,4.0840,0.3490,0.2220,1,0,1,0,0,0,0.0000,-2346182.4840,-3730871.1963,4595691.3876,6,3.8756,5.1557,-1.7734,1.0717,2.7339,5.5185,0.5123,0.6006,-1.6540,-0.2377,-0.0349,0.0000,0.0000,0.0000,0.0000,0.1459,0.1459,0.0000,-0.1110,0.0000,0.0000
237.8480,46.1970,0,9,p696_PAN,4.5660,4.5560,0.1460,0.1500,1,0,1,0,0,0,0.0000,-2345486.4095,-3731498.3133,4595537.5422,6,3.8605,5.1442,-0.7055,0.5882,2.7344,5.5165,0.5155,0.6076,-1.6416,-0.2353,-0.0336,0.0000,0.0000,0.0000,0.0000,0.1476,0.1476,0.0000,-0.1140,0.0000,0.0000
237.8390,46.1730,0,9,p698_PAN,4.8400,3.9330,0.1400,0.1040,1,0,1,0,0,0,0.0000,-2347096.9812,-3732759.1097,4593690.9617,6,3.8764,5.1710,-0.9636,1.2380,2.7292,5.5180,0.4964,0.5803,-1.6436,-0.2333,-0.0348,0.0000,0.0000,0.0000,0.0000,0.1308,0.1308,0.0000,-0.0960,0.0000,0.0000
237.7970,46.1900,0,9,p699_PAN,7.7690,6.5330,0.4230,0.7380,1,0,1,0,0,0,0.0000,-2349106.1445,-3729884.1282,4594999.0395,6,3.9282,5.2027,-3.8408,-1.3303,2.7295,5.5249,0.4921,0.5659,-1.6908,-0.2437,-0.0397,0.0000,0.0000,0.0000,0.0000,0.1329,0.1329,0.0000,-0.0932,0.0000,0.0000
237.7830,46.1780,0,9,p700_PAN,3.8880,4.5350,0.1060,0.1020,1,0,1,0,0,0,0.0000,-2350530.4735,-3730124.1426,4594075.7325,6,3.9486,5.2235,0.0606,0.6885,2.7263,5.5272,0.4795,0.5483,-1.7018,-0.2446,-0.0415,0.0000,0.0000,0.0000,0.0000,0.1246,0.1246,0.0000,-0.0831,0.0000,0.0000
237.8670,46.1950,0,9,p701_PAN,4.7520,4.8640,0.1320,0.1070,1,0,1,0,0,0,0.0000,-2344334.1897,-3732411.7402,4595383.6913,6,3.8366,5.1249,-0.9154,0.2609,2.7353,5.5134,0.5214,0.6202,-1.6226,-0.2316,-0.0315,0.0000,0.0000,0.0000,0.0000,0.1513,0.1513,0.0000,-0.1198,0.0000,0.0000
237.6540,46.3000,0,9,p702_PAN,3.8720,5.3210,0.1140,0.1160,1,0,1,0,0,0,0.0000,-2353683.6816,-3716549.7966,4603453.2905,6,4.1093,5.2794,0.2373,-0.0416,2.7402,5.5485,0.5144,0.5610,-1.8835,-0.2919,-0.0601,0.0000,0.0000,0.0000,0.0000,0.1678,0.1678,0.0000,-0.1077,0.0000,0.0000
237.8040,46.1450,0,9,p703_PAN,4.0120,3.7790,0.1040,0.1770,1,0,1,0,0,0,0.0000,-2350572.5971,-3733223.9110,4591535.5990,6,3.9261,5.2194,-0.0859,1.4404,2.7215,5.5238,0.4657,0.5399,-1.6703,-0.2355,-0.0391,0.0000,0.0000,0.0000,0.0000,0.1102,0.1102,0.0000,-0.0712,0.0000,0.0000
237.6890,46.1730,0,9,p705_PAN,3.6640,4.8880,0.1270,0.1260,1,0,1,0,0,0,0.0000,-2356861.2671,-3726601.6392,4593690.9617,6,4.0773,5.3146,0.4133,0.4266,2.7188,5.5427,0.4450,0.4915,-1.8035,-0.2634,-0.0547,0.0000,0.0000,0.0000,0.0000,0.1160,0.1160,0.0000,-0.0613,0.0000,0.0000
239.1720,41.3590,0,3,p730_PAN,-4.5890,4.8640,0.0760,0.0820,1,0,1,0,0,0,0.0000,-2449213.7644,-4104032.9609,4207447.7838,2,-5.0838,4.3087,-0.4948,-0.5553,-5.7687,3.9625,-0.3811,-0.3728,-0.3037,0.0266,-0.0233,0.0000,0.0000,0.0000,0.0000,-0.0850,-0.0850,0.0000,0.1083,0.0000,0.0000
239.5270,41.3330,0,3,p731_PAN,-4.4250,4.5130,0.0780,0.0610,1,0,1,0,0,0,0.0000,-2424706.6677,-4120774.3411,4205278.5718,2,-4.8772,3.7042,-0.4522,-0.8088,-5.8123,3.3845,-0.6700,-0.3453,-0.2651,0.0256,-0.0201,0.0000,0.0000,0.0000,0.0000,-0.2025,-0.2025,0.0000,0.2227,0.0000,0.0000
240.3410,42.5460,0,6,p738_PAN,-2.7610,2.7460,0.1060,0.0760,1,0,1,0,0,0,0.0000,-2321338.2990,-4076514.5991,4305550.9156,3,-2.5066,2.1502,0.2544,-0.5958,-2.8695,1.8591,-0.0943,-0.2991,-0.2687,0.0080,-0.0126,0.0000,0.0000,0.0000,0.0000,-0.0417,-0.0417,0.0000,0.0542,0.0000,0.0000
242.2750,42.0200,0,12,p739_PAN,-2.5080,1.1970,0.0680,0.0720,1,0,1,0,0,0,0.0000,-2200737.4856,-4187346.8918,4262303.6012,10,-2.6460,0.8993,-0.1380,-0.2977,-3.2546,1.4644,-0.4422,0.5539,-0.1663,0.0112,-0.0037,0.0000,0.0000,0.0000,0.0000,-0.4478,-0.4478,0.0000,0.4515,0.0000,0.0000
238.9280,37.6990,0,1,p781_PAN,-10.6930,8.5980,0.1680,0.1980,1,0,1,0,0,0,0.0000,-2600258.7090,-4315264.7060,3893776.6532,1,-11.0374,8.6256,-0.3444,0.0276,-10.2343,7.5994,0.8446,-1.0529,-0.0415,0.0267,-0.0272,0.0000,0.0000,0.0000,0.0000,0.2176,0.2176,0.0000,-0.1904,0.0000,0.0000
238.4190,36.7990,0,41,p787_PAN,-27.1960,33.6000,0.0670,0.0710,1,0,1,0,0,0,0.0000,-2670195.8365,-4343568.1637,3814160.6237,41,-26.7960,31.0356,0.4000,-2.5644,-26.5160,35.2620,0.2991,4.2102,-0.0192,0.0162,-0.0267,0.0000,0.0000,0.0000,0.0000,-0.2943,-0.2943,0.0000,0.3210,0.0000,0.0000
238.5210,36.7440,0,41,p788_PAN,-27.8980,34.4340,0.2860,0.1450,1,0,1,0,0,0,0.0000,-2664369.7027,-4351435.3519,3809264.4864,41,-27.7705,30.7169,0.1275,-3.7171,-26.6471,35.0401,1.1427,4.3073,-0.0192,0.0158,-0.0261,0.0000,0.0000,0.0000,0.0000,-0.1293,-0.1293,0.0000,0.1554,0.0000,0.0000
238.3270,45.3450,0,6,p791_PAN,2.9030,3.9340,0.2070,0.1680,1,0,1,0,0,0,0.0000,-2349833.3643,-3808717.8426,4529492.5783,3,2.6781,3.8945,-0.2249,-0.0395,0.1362,3.4166,-1.5041,-0.3964,-1.0378,-0.0816,-0.0142,0.0000,0.0000,0.0000,0.0000,0.7016,0.7016,0.0000,-0.6874,0.0000,0.0000
237.8630,46.2450,0,9,p792_PAN,5.1460,5.7400,0.2440,0.3680,1,0,1,0,0,0,0.0000,-2342460.6398,-3728850.8691,4599228.2840,6,3.8303,5.0814,-1.3157,-0.6586,2.7445,5.5140,0.5544,0.6722,-1.6403,-0.2396,-0.0316,0.0000,0.0000,0.0000,0.0000,0.1880,0.1880,0.0000,-0.1565,0.0000,0.0000
237.4120,42.4930,0,4,p822_PAN,-0.8160,6.4680,0.3140,0.3490,1,0,1,0,0,0,0.0000,-2528753.2528,-3955926.4118,4301209.6755,8,-1.7898,6.3186,-0.9738,-0.1494,-2.5866,5.8171,-0.0289,-0.4824,-0.7679,-0.0190,-0.1171,0.0000,0.0000,0.0000,0.0000,0.0252,0.0252,0.0000,0.0919,0.0000,0.0000
242.8900,40.0730,0,17,palo_PAN,-2.6370,0.6900,0.2310,0.3070,1,0,1,0,0,0,0.0000,-2220411.8305,-4337198.3646,4099125.8959,16,-3.4651,0.4092,-0.8281,-0.2808,-3.1187,0.0151,0.4416,-0.4105,-0.0952,0.0163,-0.0078,0.0000,0.0000,0.0000,0.0000,-0.1024,-0.1024,0.0000,0.1102,0.0000,0.0000
242.3020,41.3240,0,17,parp_PAN,-3.9280,1.7270,0.2480,0.2340,1,0,1,0,0,0,0.0000,-2222667.3839,-4233916.5977,4204527.4890,16,-3.2741,0.8404,0.6539,-0.8866,-2.7823,0.1153,0.6334,-0.7398,-0.1417,0.0148,-0.0061,0.0000,0.0000,0.0000,0.0000,-0.3619,-0.3619,0.0000,0.3680,0.0000,0.0000
227.4790,53.7150,0,14,pclb_PAN,-1.2170,8.2040,0.1730,0.2200,1,0,1,0,0,0,0.0000,-2546822.7677,-2777324.9881,5132690.4408,13,-0.7402,5.4834,0.4768,-2.7206,0.1908,0.2256,0.9189,-5.2624,0.0121,0.0045,-0.0417,0.0000,0.0000,0.0000,0.0000,0.3224,0.3224,0.0000,-0.2807,0.0000,0.0000
241.2430,45.6660,0,6,pdtn_PAN,1.4130,1.3710,0.2300,0.1030,1,0,1,0,0,0,0.0000,-2140792.0561,-3901018.3744,4554494.0966,3,0.8214,1.1367,-0.5916,-0.2343,0.5716,1.1606,0.1706,0.0674,-0.4205,-0.0435,0.0245,0.0000,0.0000,0.0000,0.0000,0.0304,0.0304,0.0000,-0.0549,0.0000,0.0000
239.6200,40.0340,0,2,penn_PAN,-6.9110,6.9800,0.3270,0.3920,1,0,1,0,0,0,0.0000,-2465606.5017,-4205887.5668,4095808.3227,0,-7.4570,6.0286,-0.5460,-0.9514,-7.7855,6.3522,-0.1621,0.2781,-0.1664,0.0455,-0.0209,0.0000,0.0000,0.0000,0.0000,-0.0102,-0.0102,0.0000,0.0311,0.0000,0.0000
236.5490,48.6490,0,14,pgc5_PAN,6.4300,3.9070,0.0740,0.0670,1,0,1,0,0,0,0.0000,-2318876.7980,-3509958.9670,4779890.1564,11,5.8960,4.2306,-0.5340,0.3236,3.5476,2.3802,0.6687,-0.1423,-3.0171,-1.7081,-0.3576,0.0000,0.0000,0.0000,0.0000,0.4490,0.4490,0.0000,-0.0914,0.0000,0.0000
240.0030,40.8720,0,12,pilg_PAN,-3.5910,4.4590,0.3630,0.3620,1,0,1,0,0,0,0.0000,-2407227.6302,-4169944.7752,4166673.3937,10,-4.7942,3.6077,-1.2032,-0.8513,-4.6177,3.2910,0.3794,-0.3472,-0.2029,0.0305,-0.0172,0.0000,0.0000,0.0000,0.0000,-0.1139,-0.1139,0.0000,0.1311,0.0000,0.0000
238.4360,45.5180,0,6,pkdl_PAN,2.9770,3.6980,0.1250,0.1050,1,0,1,0,0,0,0.0000,-2335413.7695,-3801510.8356,4542984.6306,3,2.3604,3.8445,-0.6166,0.1465,0.3305,3.3324,-0.9942,-0.4210,-1.0357,-0.0912,-0.0056,0.0000,0.0000,0.0000,0.0000,0.3269,0.3269,0.0000,-0.3213,0.0000,0.0000
242.8070,46.7340,0,14,plmn_PAN,1.5700,0.5550,0.1480,0.1370,1,0,1,0,0,0,0.0000,-1994374.1324,-3881798.8127,4636643.3181,13,0.3186,0.0612,-1.2514,-0.4938,-0.0905,-0.1881,-0.0849,-0.1885,-0.3242,-0.0608,0.0311,0.0000,0.0000,0.0000,0.0000,-0.0123,-0.0123,0.0000,-0.0187,0.0000,0.0000
240.0330,44.1320,0,6,plna_PAN,-0.2230,2.2890,0.0840,0.0960,1,0,1,0,0,0,0.0000,-2282797.0038,-3959184.8330,4433739.3653,3,-0.5641,2.3149,-0.3411,0.0259,-1.1368,2.0974,-0.1596,-0.2089,-0.4131,-0.0086,-0.0033,0.0000,0.0000,0.0000,0.0000,-0.0256,-0.0256,0.0000,0.0288,0.0000,0.0000
245.8860,47.6640,0,14,pls1_PAN,1.3440,-0.1210,0.1690,0.2440,1,0,1,0,0,0,0.0000,-1752011.4730,-3914104.5557,4706866.5572,13,0.1368,-0.1306,-1.2072,-0.0096,-0.0615,-0.2705,-0.0124,-0.0923,-0.1859,-0.0477,0.0241,0.0000,0.0000,0.0000,0.0000,-0.0060,-0.0060,0.0000,-0.0181,0.0000,0.0000
241.2080,45.6700,0,6,pndl_PAN,0.8800,0.9210,0.2520,0.2440,1,0,1,0,0,0,0.0000,-2143021.5066,-3899431.2467,4554804.7418,3,0.8387,1.1618,-0.0413,0.2408,0.5754,1.1878,0.1612,0.0698,-0.4245,-0.0439,0.0245,0.0000,0.0000,0.0000,0.0000,0.0281,0.0281,0.0000,-0.0526,0.0000,0.0000
239.1530,44.3130,0,6,pnvl_PAN,0.7630,3.2060,0.0920,0.0880,1,0,1,0,0,0,0.0000,-2336140.6634,-3911613.4030,4448154.5441,3,-0.0675,3.0701,-0.8305,-0.1359,-0.9643,2.7782,-0.3456,-0.2751,-0.5511,-0.0167,-0.0135,0.0000,0.0000,0.0000,0.0000,0.0157,0.0157,0.0000,-0.0022,0.0000,0.0000
241.5280,40.3790,0,12,poke_PAN,-4.9880,3.5670,0.2710,0.4810,1,0,1,0,0,0,0.0000,-2312406.2608,-4263890.3362,4125090.0533,10,-4.8013,2.2697,0.1867,-1.2973,-5.1293,2.0653,-0.2024,-0.2263,-0.1256,0.0220,-0.0114,0.0000,0.0000,0.0000,0.0000,-0.0438,-0.0438,0.0000,0.0552,0.0000,0.0000
242.3680,46.4800,0,14,pome_PAN,1.6250,0.4930,0.0750,0.0770,1,0,1,0,0,0,0.0000,-2033570.8678,-3884576.5618,4617250.9053,13,0.3835,0.1114,-1.2415,-0.3816,-0.0998,-0.1763,-0.1317,-0.2289,-0.3516,-0.0588,0.0307,0.0000,0.0000,0.0000,0.0000,-0.0064,-0.0064,0.0000,-0.0243,0.0000,0.0000
239.5220,35.9200,0,41,pomm_PAN,-23.0630,28.3740,0.2170,0.1470,1,0,1,0,0,0,0.0000,-2615461.8988,-4444074.3670,3735493.7476,41,-27.9982,34.0523,-4.9352,5.6783,-28.8204,32.8562,-0.8059,-1.2070,-0.0163,0.0109,-0.0200,0.0000,0.0000,0.0000,0.0000,0.0246,0.0246,0.0000,-0.0046,0.0000,0.0000
240.2090,46.2160,0,16,prsr_PAN,1.6510,1.9800,0.0710,0.0840,1,0,1,0,0,0,0.0000,-2189016.8889,-3823631.5363,4596998.8467,15,1.8682,1.7475,0.2172,-0.2325,2.0791,2.0322,0.8204,0.3684,-0.6095,-0.0837,0.0318,0.0000,0.0000,0.0000,0.0000,-0.2337,-0.2337,0.0000,0.2019,0.0000,0.0000
240.3900,45.9390,0,6,ptsn_PAN,1.7640,1.2470,0.1010,0.1300,1,0,1,0,0,0,0.0000,-2187882.4469,-3849804.9630,4575644.6111,3,1.3369,1.7852,-0.4271,0.5382,0.8554,1.8211,0.0726,0.1010,-0.5542,-0.0650,0.0278,0.0000,0.0000,0.0000,0.0000,0.0152,0.0152,0.0000,-0.0431,0.0000,0.0000
237.7400,47.1920,0,16,pylp_PAN,4.6220,4.2640,0.3730,0.3760,1,0,1,0,0,0,0.0000,-2309565.8232,-3659025.0415,4671380.1938,15,4.5626,4.0028,-0.0594,-0.2612,2.9195,3.7255,0.3491,0.1462,-1.9922,-0.4236,-0.0540,0.0000,0.0000,0.0000,0.0000,0.2229,0.2229,0.0000,-0.1688,0.0000,0.0000
239.0340,47.7750,0,13,qmar_PAN,2.9020,1.7190,0.0920,0.1400,1,0,1,0,0,0,0.0000,-2201774.6662,-3669298.7734,4715165.5636,12,3.3222,1.7905,0.4202,0.0715,2.9642,1.8706,0.6482,0.3731,-1.0062,-0.2929,0.0447,0.0000,0.0000,0.0000,0.0000,0.1814,0.1814,0.0000,-0.2261,0.0000,0.0000
240.4710,40.3860,0,12,ratc_PAN,-3.9390,4.8790,0.4910,0.5170,1,0,1,0,0,0,0.0000,-2390420.7107,-4220069.0891,4125682.6308,10,-5.0787,3.3574,-1.1397,-1.5216,-5.1511,2.9150,0.0821,-0.4727,-0.1545,0.0304,-0.0157,0.0000,0.0000,0.0000,0.0000,-0.0179,-0.0179,0.0000,0.0336,0.0000,0.0000
239.6210,40.7430,0,12,rave_PAN,-4.8870,5.0870,0.7120,0.4610,1,0,1,0,0,0,0.0000,-2439713.6443,-4161885.4321,4155822.2346,10,-5.3596,4.3264,-0.4726,-0.7606,-4.7787,3.5976,0.8004,-0.7663,-0.2195,0.0376,-0.0195,0.0000,0.0000,0.0000,0.0000,-0.3334,-0.3334,0.0000,0.3529,0.0000,0.0000
236.6380,42.9540,0,4,rdl2_PAN,0.3090,8.0130,0.3480,0.3200,1,0,1,0,0,0,0.0000,-2562845.9989,-3892374.7986,4338846.6526,8,0.2132,7.8704,-0.0958,-0.1426,-1.2942,7.4685,0.0152,-0.3785,-1.5227,-0.0234,-0.3741,0.0000,0.0000,0.0000,0.0000,0.2690,0.2690,0.0000,0.1051,0.0000,0.0000
239.2420,47.2730,0,13,rdtp_PAN,2.7560,1.5590,0.1800,0.1740,1,0,1,0,0,0,0.0000,-2209482.9050,-3712627.0467,4677492.6153,12,2.9508,2.0362,0.1948,0.4772,2.4596,1.7208,0.4451,-0.0994,-0.9363,-0.2160,0.0419,0.0000,0.0000,0.0000,0.0000,0.1415,0.1415,0.0000,-0.1834,0.0000,0.0000
240.7220,46.2770,0,16,rich_PAN,1.3270,1.3090,0.1150,0.1180,1,0,1,0,0,0,0.0000,-2152299.8537,-3838806.2845,4601686.9854,15,1.6207,1.2466,0.2937,-0.0624,2.1493,1.6798,1.0550,0.5092,-0.5263,-0.0760,0.0327,0.0000,0.0000,0.0000,0.0000,0.1741,0.1741,0.0000,-0.2068,0.0000,0.0000
240.5870,48.9640,0,14,rkd1_PAN,1.6430,0.8850,0.0990,0.0920,1,0,1,0,0,0,0.0000,-2053019.0897,-3641589.7433,4802945.7857,13,0.6307,0.3173,-1.0123,-0.5677,0.0054,-0.1283,-0.1093,-0.2313,-0.5160,-0.2143,0.0491,0.0000,0.0000,0.0000,0.0000,0.0083,0.0083,0.0000,-0.0574,0.0000,0.0000
239.2080,46.7490,0,16,rmrk_PAN,2.9080,2.2030,0.0780,0.1020,1,0,1,0,0,0,0.0000,-2233491.9390,-3747907.2935,4637785.6935,15,2.9061,2.4649,-0.0019,0.2619,2.5576,2.7193,0.5735,0.4193,-0.9219,-0.1648,0.0347,0.0000,0.0000,0.0000,0.0000,0.0386,0.0386,0.0000,-0.0733,0.0000,0.0000
239.4750,35.9000,0,41,rnch_PAN,-24.4040,31.3630,0.1670,0.1270,1,0,1,0,0,0,0.0000,-2619768.6405,-4443050.3436,3733693.5300,41,-27.6280,33.6570,-3.2240,2.2940,-28.8975,32.9590,-1.2536,-0.7089,-0.0159,0.0108,-0.0201,0.0000,0.0000,0.0000,0.0000,0.0522,0.0522,0.0000,-0.0322,0.0000,0.0000
237.6540,47.0200,0,16,roky_PAN,4.0090,3.9000,0.2930,0.2750,1,0,1,0,0,0,0.0000,-2322547.8230,-3667385.1746,4658369.7849,15,4.6519,4.3326,0.6429,0.4326,2.7515,3.7844,0.1756,-0.1441,-2.0760,-0.4041,-0.0690,0.0000,0.0000,0.0000,0.0000,0.2466,0.2466,0.0000,-0.1776,0.0000,0.0000
241.2870,40.8040,0,12,rose_PAN,-4.0210,3.1360,0.2830,0.3840,1,0,1,0,0,0,0.0000,-2315556.5448,-4227173.3169,4160956.0317,10,-4.3671,2.4374,-0.3461,-0.6986,-4.6540,2.2591,-0.1390,-0.1997,-0.1479,0.0215,-0.0113,0.0000,0.0000,0.0000,0.0000,-0.0347,-0.0347,0.0000,0.0460,0.0000,0.0000
241.2660,48.6490,0,14,rpub_PAN,1.6930,-0.1050,0.1190,0.1310,1,0,1,0,0,0,0.0000,-2022384.1205,-3688761.8550,4779890.1564,13,0.5315,0.2238,-1.1615,0.3288,-0.0088,-0.1466,-0.0868,-0.2037,-0.4535,-0.1667,0.0460,0.0000,0.0000,0.0000,0.0000,0.0001,0.0001,0.0000,-0.0461,0.0000,0.0000
243.7380,48.2180,0,14,rya1_PAN,1.5370,-0.2280,0.0870,0.1190,1,0,1,0,0,0,0.0000,-1877258.4827,-3804694.5976,4748110.2630,13,0.2696,-0.0038,-1.2674,0.2242,-0.0322,-0.2131,-0.0309,-0.1268,-0.2709,-0.0824,0.0328,0.0000,0.0000,0.0000,0.0000,-0.0062,-0.0062,0.0000,-0.0266,0.0000,0.0000
241.5760,40.5540,0,12,ryep_PAN,-5.1050,3.5060,0.2470,0.3240,1,0,1,0,0,0,0.0000,-2302825.3736,-4254725.6889,4139885.9975,10,-4.5891,2.2046,0.5159,-1.3014,-4.9301,2.0267,-0.2100,-0.1990,-0.1310,0.0211,-0.0108,0.0000,0.0000,0.0000,0.0000,-0.0448,-0.0448,0.0000,0.0556,0.0000,0.0000
236.2940,47.8170,0,8,sc03_PAN,8.7990,6.3820,0.1020,0.1400,1,0,1,0,0,0,0.0000,-2372745.1844,-3556974.3237,4718301.1150,5,9.4227,5.7740,0.6237,-0.6080,3.1315,2.7505,0.5060,-0.3300,-6.7972,-2.6935,-2.3678,0.0000,0.0000,0.0000,0.0000,2.4804,2.4804,0.0000,-0.1126,0.0000,0.0000
241.6450,41.1300,0,12,scho_PAN,-4.3990,1.6990,0.5230,0.5560,1,0,1,0,0,0,0.0000,-2277817.9724,-4220655.9781,4188312.2926,10,-3.8731,2.0476,0.5259,0.3486,-4.2761,1.9712,-0.2523,-0.0943,-0.1507,0.0179,-0.0091,0.0000,0.0000,0.0000,0.0000,-0.0538,-0.0538,0.0000,0.0629,0.0000,0.0000
241.1520,40.3070,0,12,sevn_PAN,-5.2950,3.9750,0.4900,0.5350,1,0,1,0,0,0,0.0000,-2342837.0259,-4253160.7067,4118991.3978,10,-4.9842,2.6629,0.3108,-1.3121,-5.2202,2.3677,-0.1048,-0.3199,-0.1312,0.0247,-0.0130,0.0000,0.0000,0.0000,0.0000,-0.0281,-0.0281,0.0000,0.0412,0.0000,0.0000
242.3710,40.6760,0,12,shep_PAN,-3.6150,0.2260,0.3550,0.3520,1,0,1,0,0,0,0.0000,-2239476.6903,-4278448.0603,4150178.0456,10,-3.7568,0.9277,-0.1418,0.7017,-4.7765,1.3871,-0.9002,0.4424,-0.1195,0.0170,-0.0078,0.0000,0.0000,0.0000,0.0000,-0.4030,-0.4030,0.0000,0.4107,0.0000,0.0000
239.7750,40.5920,0,12,shin_PAN,-5.4910,4.6840,0.0560,0.0590,1,0,1,0,0,0,0.0000,-2434023.4906,-4177876.9051,4143093.7323,10,-5.1443,4.2278,0.3467,-0.4562,-4.9433,3.4740,0.3998,-0.7913,-0.1988,0.0375,-0.0188,0.0000,0.0000,0.0000,0.0000,-0.0592,-0.0592,0.0000,0.0781,0.0000,0.0000
240.9840,41.8680,0,6,shld_PAN,-3.1070,2.3050,0.0530,0.0560,1,0,1,0,0,0,0.0000,-2299997.6586,-4146574.3499,4249739.2147,3,-3.3170,1.9143,-0.2100,-0.3907,-3.6008,1.3612,-0.0806,-0.5675,-0.2032,0.0144,-0.0100,0.0000,0.0000,0.0000,0.0000,0.0278,0.0278,0.0000,-0.0178,0.0000,0.0000
236.8890,47.2160,0,16,shlt_PAN,6.6080,5.6910,0.5700,0.3880,1,0,1,0,0,0,0.0000,-2362586.5677,-3622679.9906,4673192.2556,15,6.8435,5.4995,0.2355,-0.1915,2.8986,4.3077,0.1989,-0.3166,-4.1438,-0.8753,-0.7034,0.0000,0.0000,0.0000,0.0000,1.2276,1.2276,0.0000,-0.5242,0.0000,0.0000
233.7400,49.3480,0,8,shpb_PAN,10.5280,7.0520,0.2090,0.2160,1,0,1,0,0,0,0.0000,-2453427.8151,-3344828.9561,4830855.2733,5,10.2468,6.6947,-0.2812,-0.3573,2.7645,2.5416,0.9941,0.0911,-8.4763,-4.2442,-0.9574,0.0000,0.0000,0.0000,0.0000,1.2021,1.2021,0.0000,-0.2447,0.0000,0.0000
238.4710,45.4640,0,6,shrk_PAN,1.4860,5.4650,0.2180,0.1850,1,0,1,0,0,0,0.0000,-2335329.0964,-3806584.6441,4538777.6792,3,2.2013,3.7506,0.7153,-1.7144,0.2727,3.3053,-0.9240,-0.3607,-1.0046,-0.0846,-0.0056,0.0000,0.0000,0.0000,0.0000,0.2772,0.2772,0.0000,-0.2716,0.0000,0.0000
239.9650,40.2780,0,12,sked_PAN,-6.1600,5.0290,0.2450,0.1830,1,0,1,0,0,0,0.0000,-2431484.1461,-4205519.1211,4116533.1568,10,-5.5555,4.2391,0.6045,-0.7899,-5.2911,3.3215,0.4325,-0.9553,-0.1681,0.0377,-0.0184,0.0000,0.0000,0.0000,0.0000,0.0557,0.0557,0.0000,-0.0373,0.0000,0.0000
237.6580,48.4330,0,14,skgt_PAN,4.6480,2.8300,0.2030,0.1990,1,0,1,0,0,0,0.0000,-2260133.0094,-3569381.2425,4763997.0390,11,4.5066,3.4395,-0.1414,0.6095,3.7378,2.8452,0.9413,0.1429,-1.7101,-0.7372,-0.0135,0.0000,0.0000,0.0000,0.0000,0.1120,0.1120,0.0000,-0.0985,0.0000,0.0000
241.2920,41.0320,0,12,sknd_PAN,-3.8040,0.8400,0.3250,0.3160,1,0,1,0,0,0,0.0000,-2307215.8137,-4212819.3479,4180102.8447,10,-4.0891,2.3860,-0.2851,1.5460,-4.3957,2.2551,-0.1497,-0.1509,-0.1569,0.0200,-0.0107,0.0000,0.0000,0.0000,0.0000,-0.0331,-0.0331,0.0000,0.0438,0.0000,0.0000
242.0690,41.1600,0,12,slum_PAN,-3.6670,-0.0530,0.3950,0.2540,1,0,1,0,0,0,0.0000,-2245494.6820,-4235458.4376,4190822.9405,10,-3.4892,1.4883,0.1778,1.5413,-4.2333,1.6301,-0.6028,0.1256,-0.1414,0.0163,-0.0074,0.0000,0.0000,0.0000,0.0000,-0.2756,-0.2756,0.0000,0.2831,0.0000,0.0000
321.5400,72.5800,0,47,smm1_PAN,-1770.8950,159.9060,2.8330,2.0200,1,0,1,0,0,0,0.0000,1492672.1678,-1185624.5721,6075407.4460,47,-1.1301,0.7083,1769.7649,-159.1977,-1.1280,0.6388,0.0043,-0.0672,-0.0023,-0.0023,-0.0001,0.0000,0.0000,0.0000,0.0000,-0.0062,-0.0062,0.0000,0.0063,0.0000,0.0000
240.3520,40.6210,0,12,smok_PAN,-5.9080,5.3080,0.2610,0.4030,1,0,1,0,0,0,0.0000,-2390789.6274,-4200353.5878,4145540.5144,10,-4.8149,3.3844,1.0931,-1.9236,-4.8892,3.0106,0.0971,-0.4035,-0.1715,0.0298,-0.0158,0.0000,0.0000,0.0000,0.0000,-0.0313,-0.0313,0.0000,0.0471,0.0000,0.0000
232.8130,54.8240,0,14,smth_PAN,0.0940,0.6110,0.2010,0.1680,1,0,1,0,0,0,0.0000,-2217140.2087,-2922350.9565,5204661.9144,13,0.3361,0.5358,0.2421,-0.0752,0.2476,0.0820,-0.0643,-0.4125,-0.0241,-0.0414,-0.0347,0.0000,0.0000,0.0000,0.0000,0.0922,0.0922,0.0000,-0.0575,0.0000,0.0000
243.4490,48.2740,0,14,sndp_PAN,-0.6350,-1.6940,0.4730,0.5630,1,0,1,0,0,0,0.0000,-1894350.1217,-3791024.2289,4752254.6622,13,0.2916,0.0164,0.9266,1.7104,-0.0291,-0.2053,-0.0345,-0.1328,-0.2862,-0.0888,0.0342,0.0000,0.0000,0.0000,0.0000,-0.0061,-0.0061,0.0000,-0.0281,0.0000,0.0000
238.3560,46.9150,0,16,snrs_PAN,5.3490,4.3770,0.3620,0.3070,1,0,1,0,0,0,0.0000,-2281916.0200,-3702827.0129,4650406.7404,15,3.7404,3.5064,-1.6086,-0.8706,2.6832,3.3035,0.3117,0.0585,-1.3688,-0.2614,0.0123,0.0000,0.0000,0.0000,0.0000,0.0981,0.0981,0.0000,-0.1104,0.0000,0.0000
242.2720,40.8530,0,12,sonc_PAN,-4.0750,0.4090,0.3220,0.3440,1,0,1,0,0,0,0.0000,-2240890.0351,-4263203.1594,4165076.4860,10,-3.5810,1.1230,0.4940,0.7140,-4.5776,1.4668,-0.8697,0.3269,-0.1269,0.0168,-0.0076,0.0000,0.0000,0.0000,0.0000,-0.3945,-0.3945,0.0000,0.4021,0.0000,0.0000
242.4970,47.6280,0,14,spkn_PAN,1.5830,0.5520,0.1090,0.1340,1,0,1,0,0,0,0.0000,-1981694.0858,-3806312.3107,4704171.1922,13,0.3795,0.0919,-1.2035,-0.4601,-0.0532,-0.1797,-0.0761,-0.1791,-0.3566,-0.0926,0.0372,0.0000,0.0000,0.0000,0.0000,-0.0105,-0.0105,0.0000,-0.0267,0.0000,0.0000
242.7280,47.6770,0,14,spkv_PAN,0.8790,0.2070,0.3910,0.5660,1,0,1,0,0,0,0.0000,-1964487.9254,-3810693.7143,4707839.4268,13,0.3517,0.0705,-0.5273,-0.1365,-0.0517,-0.1859,-0.0651,-0.1674,-0.3384,-0.0890,0.0362,0.0000,0.0000,0.0000,0.0000,-0.0105,-0.0105,0.0000,-0.0258,0.0000,0.0000
240.2240,44.8270,0,6,spra_PAN,0.4300,1.9470,0.0800,0.1210,1,0,1,0,0,0,0.0000,-2242711.3571,-3919801.1640,4488847.9664,3,0.1797,2.1075,-0.2503,0.1605,-0.3692,1.9496,-0.0825,-0.1353,-0.4665,-0.0226,0.0090,0.0000,0.0000,0.0000,0.0000,-0.0264,-0.0264,0.0000,0.0174,0.0000,0.0000
242.0250,47.3100,0,14,sprg_PAN,1.3370,0.8590,0.0950,0.1110,1,0,1,0,0,0,0.0000,-2025198.9468,-3812857.8308,4680281.5994,13,0.4549,0.1478,-0.8821,-0.7112,-0.0651,-0.1670,-0.1222,-0.2222,-0.3978,-0.0927,0.0379,0.0000,0.0000,0.0000,0.0000,-0.0093,-0.0093,0.0000,-0.0287,0.0000,0.0000
240.4400,40.8440,0,12,squa_PAN,-4.1620,3.0420,0.5570,0.5200,1,0,1,0,0,0,0.0000,-2376357.6372,-4189954.1339,4164319.8961,10,-4.5194,3.1888,-0.3574,0.1468,-4.6339,2.9399,0.0649,-0.2757,-0.1793,0.0268,-0.0150,0.0000,0.0000,0.0000,0.0000,-0.0312,-0.0312,0.0000,0.0461,0.0000,0.0000
240.7930,40.2310,0,12,ston_PAN,-4.9570,4.1570,0.3400,0.3420,1,0,1,0,0,0,0.0000,-2372104.0133,-4243162.9995,4112546.8717,10,-5.1811,3.0717,-0.2241,-1.0853,-5.3163,2.6563,0.0017,-0.4433,-0.1370,0.0280,-0.0147,0.0000,0.0000,0.0000,0.0000,-0.0154,-0.0154,0.0000,0.0300,0.0000,0.0000
321.5420,72.5790,0,47,summ_PAN,-1686.2040,105.6120,0.4560,0.6570,1,0,1,0,0,0,0.0000,1492796.5856,-1185638.4152,6075374.1748,47,-1.1299,0.7084,1685.0741,-104.9036,-1.1278,0.6389,0.0043,-0.0672,-0.0023,-0.0023,-0.0001,0.0000,0.0000,0.0000,0.0000,-0.0062,-0.0062,0.0000,0.0063,0.0000,0.0000
239.9310,41.6620,0,6,supr_PAN,-3.0510,2.4910,0.3910,0.5510,1,0,1,0,0,0,0.0000,-2383452.2787,-4116802.9886,4232663.4463,3,-3.8435,2.7315,-0.7925,0.2405,-3.8482,2.1764,0.2456,-0.5731,-0.2502,0.0180,-0.0172,0.0000,0.0000,0.0000,0.0000,-0.1230,-0.1230,0.0000,0.1403,0.0000,0.0000
239.4370,40.4490,0,12,susa_PAN,-6.0600,5.5550,0.2830,0.3300,1,0,1,0,0,0,0.0000,-2463877.4702,-4172336.3239,4131013.0566,10,-5.9680,5.3160,0.0920,-0.2390,-5.1188,3.7453,1.0592,-1.6168,-0.2101,0.0461,-0.0211,0.0000,0.0000,0.0000,0.0000,0.2203,0.2203,0.0000,-0.1992,0.0000,0.0000
238.7470,43.6430,0,11,svic_PAN,-0.2720,3.9760,0.0790,0.0900,1,0,1,0,0,0,0.0000,-2390623.9204,-3939161.2240,4394573.6522,9,-0.1363,3.7958,0.1357,-0.1802,-0.4000,2.8710,0.2520,-0.9094,-0.5157,-0.0154,-0.0325,0.0000,0.0000,0.0000,0.0000,0.1059,0.1059,0.0000,-0.0734,0.0000,0.0000
238.6450,43.6730,0,11,swnb_PAN,-0.0310,4.0940,0.0750,0.0890,1,0,1,0,0,0,0.0000,-2396435.1390,-3932933.6148,4396985.7025,9,-0.0560,3.8159,-0.0250,-0.2781,-0.3236,3.0675,0.2690,-0.7306,-0.5365,-0.0178,-0.0351,0.0000,0.0000,0.0000,0.0000,0.1362,0.1362,0.0000,-0.1012,0.0000,0.0000
233.3220,49.8930,0,8,tahb_PAN,6.3030,5.0420,0.2090,0.2100,1,0,1,0,0,0,0.0000,-2450205.2408,-3289838.0476,4870093.5679,5,6.6786,5.5085,0.3756,0.4665,2.6504,2.5070,1.3707,0.2209,-5.3988,-3.2224,-1.9467,0.0000,0.0000,0.0000,0.0000,2.3481,2.3481,0.0000,-0.4014,0.0000,0.0000
242.8240,46.7150,0,14,tay1_PAN,1.2190,0.9380,0.2830,0.3490,1,0,1,0,0,0,0.0000,-1993924.4289,-3883758.0045,4635195.8530,13,0.3153,0.0597,-0.9037,-0.8783,-0.0913,-0.1885,-0.0840,-0.1882,-0.3226,-0.0601,0.0309,0.0000,0.0000,0.0000,0.0000,-0.0123,-0.0123,0.0000,-0.0186,0.0000,0.0000
239.6400,35.9170,0,1,tblp_PAN,-12.8340,17.6310,0.1410,0.1940,1,0,1,0,0,0,0.0000,-2606402.6922,-4449620.2141,3735223.7440,1,-9.7584,10.8052,3.0756,-6.8258,-9.8776,7.7701,-0.1024,-3.0460,-0.0168,0.0110,-0.0196,0.0000,0.0000,0.0000,0.0000,0.0684,0.0684,0.0000,-0.0488,0.0000,0.0000
238.8700,45.6080,0,6,tdls_PAN,2.5040,3.4060,0.0790,0.1030,1,0,1,0,0,0,0.0000,-2302859.5537,-3812978.5456,4549987.2470,3,1.6271,3.2529,-0.8769,-0.1531,0.4463,2.9970,-0.3024,-0.1760,-0.8783,-0.0799,0.0087,0.0000,0.0000,0.0000,0.0000,0.0325,0.0325,0.0000,-0.0412,0.0000,0.0000
239.5020,40.8630,0,3,term_PAN,-6.5210,5.3650,0.3640,0.4340,1,0,1,0,0,0,0.0000,-2443929.6847,-4149300.4872,4165917.0208,2,-5.5692,4.0677,0.9518,-1.2973,-6.8744,3.4252,-1.0679,-0.6796,-0.2373,0.0370,-0.0202,0.0000,0.0000,0.0000,0.0000,-0.2914,-0.2914,0.0000,0.3115,0.0000,0.0000
237.8080,46.2190,0,9,tgua_PAN,4.6090,4.8240,0.1250,0.1270,1,0,1,0,0,0,0.0000,-2347150.6583,-3728366.3811,4597229.5328,6,3.9085,5.1706,-0.7005,0.3466,2.7357,5.5231,0.5151,0.5984,-1.6879,-0.2459,-0.0382,0.0000,0.0000,0.0000,0.0000,0.1518,0.1518,0.0000,-0.1136,0.0000,0.0000
237.8260,46.2750,0,9,thar_PAN,4.4020,5.5260,0.0980,0.1060,1,0,1,0,0,0,0.0000,-2343585.4953,-3725298.5434,4601533.3586,6,3.8716,5.0955,-0.5304,-0.4305,2.7475,5.5201,0.5610,0.6754,-1.6851,-0.2508,-0.0357,0.0000,0.0000,0.0000,0.0000,0.1982,0.1982,0.0000,-0.1625,0.0000,0.0000
241.3700,40.6470,0,12,tire_PAN,-4.8410,3.5860,0.1620,0.3170,1,0,1,0,0,0,0.0000,-2314885.0071,-4240515.0062,4147733.2782,10,-4.5357,2.3881,0.3053,-1.1979,-4.8297,2.1924,-0.1545,-0.2176,-0.1394,0.0218,-0.0114,0.0000,0.0000,0.0000,0.0000,-0.0367,-0.0367,0.0000,0.0481,0.0000,0.0000
238.8550,43.6020,0,11,tmbu_PAN,-0.3440,3.6360,0.1020,0.1180,1,0,1,0,0,0,0.0000,-2384820.3755,-3946350.8520,4391275.2351,9,-0.1207,3.8735,0.2233,0.2375,-0.5058,2.6630,0.1088,-1.1975,-0.4939,-0.0131,-0.0300,0.0000,0.0000,0.0000,0.0000,-0.0254,-0.0254,0.0000,0.0554,0.0000,0.0000
254.7670,40.1310,0,14,tmgo_PAN,-0.6760,1.3340,0.1080,0.1560,1,0,1,0,0,0,0.0000,-1279140.8919,-4697326.1189,4104056.2097,13,-0.4254,-0.4555,0.2506,-1.7895,-0.4058,-0.5030,0.0566,-0.0480,-0.0371,0.0005,0.0031,0.0000,0.0000,0.0000,0.0000,-0.0008,-0.0008,0.0000,-0.0022,0.0000,0.0000
236.2320,46.2070,0,15,tpw2_PAN,8.6300,8.0010,0.1100,0.0800,1,0,1,0,0,0,0.0000,-2449338.8738,-3663202.8532,4596306.7129,14,8.4921,8.0951,-0.1379,0.0941,1.5617,6.5983,-0.1979,0.5998,-6.7325,-2.0966,-1.8926,0.0000,0.0000,0.0000,0.0000,1.7521,1.7521,0.0000,0.1405,0.0000,0.0000
242.2900,49.0980,0,14,trai_PAN,1.6200,0.2170,0.1580,0.2050,1,0,1,0,0,0,0.0000,-1938660.8561,-3691039.3943,4812709.6044,13,0.3852,0.1095,-1.2348,-0.1075,0.0075,-0.1742,-0.0373,-0.1482,-0.3404,-0.1355,0.0398,0.0000,0.0000,0.0000,0.0000,0.0013,0.0013,0.0000,-0.0411,0.0000,0.0000
241.3640,40.2900,0,12,trin_PAN,-4.3540,3.8200,0.3610,0.4730,1,0,1,0,0,0,0.0000,-2327669.5078,-4262872.7525,4117550.4879,10,-4.9441,2.4482,-0.5901,-1.3718,-5.2340,2.1972,-0.1641,-0.2743,-0.1257,0.0233,-0.0122,0.0000,0.0000,0.0000,0.0000,-0.0359,-0.0359,0.0000,0.0481,0.0000,0.0000
237.7760,46.2370,0,9,tstu_PAN,-2.0970,-1.3530,0.2370,0.2810,1,0,1,0,0,0,0.0000,-2348462.3639,-3725832.9172,4598613.3845,6,3.9479,5.1918,6.0449,6.5448,2.7369,5.5284,0.5153,0.5915,-1.7264,-0.2549,-0.0421,0.0000,0.0000,0.0000,0.0000,0.1554,0.1554,0.0000,-0.1133,0.0000,0.0000
239.9770,41.0180,0,12,tule_PAN,-4.9330,5.6730,0.6260,0.6950,1,0,1,0,0,0,0.0000,-2403799.4184,-4159645.6178,4178929.0675,10,-4.6784,3.3763,0.2546,-2.2967,-4.4534,3.3118,0.4379,-0.0930,-0.2130,0.0285,-0.0171,0.0000,0.0000,0.0000,0.0000,-0.0655,-0.0655,0.0000,0.0826,0.0000,0.0000
241.7420,40.4030,0,12,tung_PAN,-4.5310,2.2080,0.0470,0.0600,1,0,1,0,0,0,0.0000,-2295646.2490,-4270975.0592,4127121.4914,10,-4.7033,2.0480,-0.1723,-0.1600,-5.0973,1.8932,-0.2719,-0.1755,-0.1221,0.0207,-0.0106,0.0000,0.0000,0.0000,0.0000,-0.0584,-0.0584,0.0000,0.0690,0.0000,0.0000
239.9170,40.1030,0,2,turt_PAN,-5.8030,5.5660,0.3760,0.3970,1,0,1,0,0,0,0.0000,-2441297.5168,-4214340.6489,4101676.5830,0,-6.5030,4.8778,-0.7000,-0.6882,-7.5674,5.7257,-0.9057,0.8084,-0.1588,0.0395,-0.0191,0.0000,0.0000,0.0000,0.0000,0.1549,0.1549,0.0000,-0.1358,0.0000,0.0000
237.8410,46.2130,0,9,twiw_PAN,3.7820,5.2640,0.1990,0.1530,1,0,1,0,0,0,0.0000,-2345259.1175,-3730125.1623,4596768.1480,6,3.8664,5.1387,0.0844,-0.1253,2.7369,5.5177,0.5235,0.6178,-1.6530,-0.2389,-0.0343,0.0000,0.0000,0.0000,0.0000,0.1563,0.1563,0.0000,-0.1220,0.0000,0.0000
237.7880,46.1980,0,9,twri_PAN,6.1570,4.4840,0.1460,0.3300,1,0,1,0,0,0,0.0000,-2349349.9835,-3728972.2177,4595614.4656,6,3.9388,5.2069,-2.2182,0.7229,2.7304,5.5264,0.4941,0.5662,-1.7025,-0.2466,-0.0408,0.0000,0.0000,0.0000,0.0000,0.1357,0.1357,0.0000,-0.0950,0.0000,0.0000
239.8780,48.3660,0,14,twsp_PAN,2.5940,1.2360,0.1970,0.1970,1,0,1,0,0,0,0.0000,-2122965.1866,-3659068.2469,4759053.4608,13,0.9888,0.5523,-1.6052,-0.6837,-0.0180,-0.1092,-0.3125,-0.4138,-0.6944,-0.2477,0.0520,0.0000,0.0000,0.0000,0.0000,0.0392,0.0392,0.0000,-0.0912,0.0000,0.0000
241.0630,45.1330,0,6,ukia_PAN,0.5680,1.2910,0.0750,0.1150,1,0,1,0,0,0,0.0000,-2173443.4025,-3931183.6300,4512902.6696,3,0.3898,1.4117,-0.1782,0.1207,-0.0164,1.3000,-0.0050,-0.0839,-0.4013,-0.0278,0.0173,0.0000,0.0000,0.0000,0.0000,-0.0218,-0.0218,0.0000,0.0045,0.0000,0.0000
237.6640,47.6010,0,8,v102_PAN,3.5340,2.4200,0.3130,0.3350,1,0,1,0,0,0,0.0000,-2296522.1809,-3627690.3522,4702148.4496,5,4.7413,3.7090,1.2073,1.2890,3.2200,2.8603,0.5763,-0.2792,-2.0976,-0.5696,-0.0655,0.0000,0.0000,0.0000,0.0000,0.2782,0.2782,0.0000,-0.2127,0.0000,0.0000
242.7110,40.7110,0,17,vlmy_PAN,-4.7370,-0.4170,0.4270,0.3980,1,0,1,0,0,0,0.0000,-2212885.8388,-4289408.1288,4153127.2110,16,-3.2557,0.3923,1.4813,0.8093,-2.9472,0.0456,0.4235,-0.3624,-0.1150,0.0157,-0.0067,0.0000,0.0000,0.0000,0.0000,-0.1149,-0.1149,0.0000,0.1216,0.0000,0.0000
240.2680,46.6370,0,16,vrnt_PAN,2.3820,0.9650,0.1170,0.1020,1,0,1,0,0,0,0.0000,-2168267.5460,-3796449.3407,4629248.2882,15,1.9902,1.4197,-0.3918,0.4547,2.4825,1.9917,1.1191,0.6798,-0.6268,-0.1078,0.0377,0.0000,0.0000,0.0000,0.0000,0.2585,0.2585,0.0000,-0.2962,0.0000,0.0000
240.2200,48.1000,0,14,wabr_PAN,2.5090,1.3120,0.2220,0.2670,1,0,1,0,0,0,0.0000,-2112037.3226,-3690811.8566,4739362.5783,13,0.9050,0.4670,-1.6040,-0.8450,-0.0294,-0.1184,-0.2930,-0.3800,-0.6414,-0.2054,0.0503,0.0000,0.0000,0.0000,0.0000,0.0310,0.0310,0.0000,-0.0813,0.0000,0.0000
237.0300,46.6750,0,9,wacs_PAN,5.5380,5.6450,0.2210,0.2340,1,0,1,0,0,0,0.0000,-2377572.0551,-3665340.0598,4632146.8922,6,5.5281,5.7918,-0.0099,0.1468,2.7664,5.6508,0.4610,0.4700,-3.2228,-0.6109,-0.3187,0.0000,0.0000,0.0000,0.0000,0.3938,0.3938,0.0000,-0.0751,0.0000,0.0000
240.4860,41.2920,0,12,wago_PAN,-4.0770,2.6790,0.2770,0.5880,1,0,1,0,0,0,0.0000,-2356879.7931,-4163396.9480,4201856.1322,10,-3.9430,2.7450,0.1340,0.0660,-4.1250,2.9030,0.0173,0.1364,-0.1993,0.0215,-0.0140,0.0000,0.0000,0.0000,0.0000,0.1406,0.1406,0.0000,-0.1266,0.0000,0.0000
241.7420,46.0920,0,14,wala_PAN,1.6830,0.5370,0.0740,0.0840,1,0,1,0,0,0,0.0000,-2090646.2410,-3889579.2229,4587452.8036,13,0.6322,0.3546,-1.0508,-0.1824,-0.1144,-0.1594,-0.3536,-0.4606,-0.3930,-0.0534,0.0288,0.0000,0.0000,0.0000,0.0000,0.0896,0.0896,0.0000,-0.1185,0.0000,0.0000
240.2810,41.2480,0,12,wall_PAN,-4.0040,2.8360,0.3460,0.6530,1,0,1,0,0,0,0.0000,-2373359.9702,-4157738.7170,4198180.8768,10,-4.1297,2.8891,-0.1257,0.0531,-4.1819,3.0677,0.1555,0.1555,-0.2076,0.0231,-0.0152,0.0000,0.0000,0.0000,0.0000,0.1781,0.1781,0.0000,-0.1630,0.0000,0.0000
238.7260,45.2240,0,6,wamc_PAN,2.9030,3.2960,0.1110,0.0860,1,0,1,0,0,0,0.0000,-2328213.8278,-3833156.4088,4520031.3914,3,1.3418,3.3912,-1.5612,0.0952,0.0196,3.1083,-0.4800,-0.2257,-0.8422,-0.0572,-0.0036,0.0000,0.0000,0.0000,0.0000,0.0789,0.0789,0.0000,-0.0753,0.0000,0.0000
288.5070,42.6130,0,14,wes2_PAN,0.1690,-0.4840,0.1560,0.1440,1,0,1,0,0,0,0.0000,1487457.7436,-4443738.2915,4311033.6253,13,-0.6342,-1.2340,-0.8032,-0.7500,-0.6640,-1.2331,-0.0223,0.0031,-0.0075,-0.0023,0.0014,0.0000,0.0000,0.0000,0.0000,0.0123,0.0123,0.0000,-0.0138,0.0000,0.0000
242.1220,40.5580,0,12,wilc_PAN,-3.3060,1.0480,0.2810,0.4060,1,0,1,0,0,0,0.0000,-2262040.8802,-4276221.4517,4140223.7396,10,-4.2886,1.5972,-0.9826,0.5492,-4.9143,1.5875,-0.5056,-0.0281,-0.1202,0.0184,-0.0089,0.0000,0.0000,0.0000,0.0000,-0.1362,-0.1362,0.0000,0.1450,0.0000,0.0000
241.5320,40.0250,0,12,wild_PAN,-4.0010,1.7370,0.2810,0.3510,1,0,1,0,0,0,0.0000,-2324213.0753,-4286375.1934,4095042.4593,10,-5.1223,2.2948,-1.1213,0.5578,-5.5298,2.0621,-0.2949,-0.2556,-0.1126,0.0229,-0.0122,0.0000,0.0000,0.0000,0.0000,-0.0530,-0.0530,0.0000,0.0652,0.0000,0.0000
239.8270,48.4630,0,14,wnth_PAN,2.3520,1.5990,0.1810,0.2160,1,0,1,0,0,0,0.0000,-2122168.7868,-3650206.5584,4766208.4704,13,0.9793,0.5484,-1.3727,-1.0506,-0.0140,-0.1078,-0.2971,-0.3988,-0.6962,-0.2574,0.0523,0.0000,0.0000,0.0000,0.0000,0.0369,0.0369,0.0000,-0.0892,0.0000,0.0000
233.4300,50.1610,0,8,wosb_PAN,5.0080,4.5750,0.2190,0.1980,1,0,1,0,0,0,0.0000,-2430400.7144,-3276119.6439,4889227.3324,5,4.5684,4.7692,-0.4396,0.1942,2.6047,2.5159,1.2615,0.6008,-3.2251,-2.8540,-1.6197,0.0000,0.0000,0.0000,0.0000,2.3207,2.3207,0.0000,-0.7009,0.0000,0.0000
239.5950,41.5570,0,3,wrnr_PAN,-4.5620,4.1090,0.2410,0.2090,1,0,1,0,0,0,0.0000,-2411475.0723,-4109438.0627,4223938.7124,2,-4.2968,3.1881,0.2652,-0.9209,-5.3039,3.2738,-0.7359,0.0654,-0.2712,0.0203,-0.0199,0.0000,0.0000,0.0000,0.0000,-0.1395,-0.1395,0.0000,0.1594,0.0000,0.0000
239.6340,47.4450,0,13,xane_PAN,3.3040,1.9450,0.2550,0.1940,1,0,1,0,0,0,0.0000,-2176922.5420,-3715524.5065,4690441.0613,12,2.0273,2.2784,-1.2767,0.3334,2.6422,1.4384,1.4218,-0.6387,-0.8070,-0.2013,0.0463,0.0000,0.0000,0.0000,0.0000,-0.4148,-0.4148,0.0000,0.3685,0.0000,0.0000
235.9200,44.2930,0,4,yach_PAN,7.6210,9.9840,0.3690,0.2880,1,0,1,0,0,0,0.0000,-2553893.9980,-3774923.3794,4446563.8855,14,6.8183,9.7988,-0.8027,-0.1852,3.5017,6.3826,1.0168,-1.2056,-4.3333,-2.2106,-0.8769,0.0000,0.0000,0.0000,0.0000,1.5698,1.5698,0.0000,-0.6929,0.0000,0.0000
239.4950,46.6050,0,16,yaki_PAN,2.6100,2.1070,0.0830,0.0690,1,0,1,0,0,0,0.0000,-2220600.1301,-3769078.7742,4626805.7791,15,2.7186,2.3012,0.1086,0.1942,2.4298,2.5224,0.5256,0.3571,-0.8143,-0.1359,0.0352,0.0000,0.0000,0.0000,0.0000,0.1374,0.1374,0.0000,-0.1727,0.0000,0.0000
239.4700,46.5850,0,16,yaks_PAN,2.6150,1.6040,0.2100,0.2120,1,0,1,0,0,0,0.0000,-2223064.7875,-3769500.4196,4625278.4780,15,2.7369,2.3262,0.1219,0.7222,2.4099,2.5396,0.4932,0.3487,-0.8202,-0.1354,0.0348,0.0000,0.0000,0.0000,0.0000,0.1424,0.1424,0.0000,-0.1771,0.0000,0.0000
239.4950,46.6050,0,16,yawa_PAN,2.1640,2.1370,0.1640,0.1790,1,0,1,0,0,0,0.0000,-2220600.1301,-3769078.7742,4626805.7791,15,2.7186,2.3012,0.5546,0.1642,2.4298,2.5224,0.5256,0.3571,-0.8143,-0.1359,0.0352,0.0000,0.0000,0.0000,0.0000,0.1374,0.1374,0.0000,-0.1727,0.0000,0.0000
237.4090,46.9410,0,16,ycs2_PAN,5.9820,4.7160,0.8460,1.0740,1,0,1,0,0,0,0.0000,-2341665.9436,-3662828.4735,4652379.9978,15,5.1616,4.9208,-0.8204,0.2048,2.6642,3.9520,-0.0523,-0.5117,-2.4451,-0.4571,-0.1326,0.0000,0.0000,0.0000,0.0000,0.5897,0.5897,0.0000,-0.4571,0.0000,0.0000
238.2560,45.3790,0,7,yocr_PAN,2.9830,4.1190,0.3790,0.3630,1,0,1,0,0,0,0.0000,-2353136.6984,-3803516.6022,4532147.4598,4,3.1345,4.1415,0.1515,0.0225,3.0134,4.0999,0.9633,0.0470,-1.0844,-0.0886,-0.0166,0.0000,0.0000,0.0000,0.0000,-2.2344,-2.2344,0.0000,2.2510,0.0000,0.0000
216.9760,61.3840,0,46,zina_PAN,-25.6820,24.3190,0.1480,0.2200,1,0,1,0,0,0,0.0000,-2436291.3658,-1834277.7285,5589656.6135,46,-6.6054,12.1706,19.0766,-12.1484,-4.0754,-0.0549,2.5277,-12.2253,0.0022,-0.0002,-0.0081,0.0000,0.0000,0.0000,0.0000,2.6473,2.6473,0.0000,-2.6393,0.0000,0.0000
239.7400,46.9790,0,13,crbi_PAN,2.1550,1.6190,2.9460,1.2990,1,0,1,0,0,0,0.0000,-2189196.8835,-3752372.8096,4655262.2659,12,2.2606,1.5326,0.1056,-0.0864,2.1710,1.3621,0.6779,-0.0157,-0.7676,-0.1548,0.0415,0.0000,0.0000,0.0000,0.0000,0.2778,0.2778,0.0000,-0.3193,0.0000,0.0000
239.4550,47.1870,0,13,qury_PAN,2.8050,2.1280,0.3020,0.7190,1,0,1,0,0,0,0.0000,-2199231.4073,-3726857.6035,4671002.5778,12,2.6427,1.7769,-0.1623,-0.3511,2.3768,1.5674,0.5941,-0.0188,-0.8600,-0.1908,0.0427,0.0000,0.0000,0.0000,0.0000,0.1883,0.1883,0.0000,-0.2310,0.0000,0.0000
240.0330,47.0240,0,13,vntg_PAN,1.4740,1.4690,0.3500,0.0740,1,0,1,0,0,0,0.0000,-2168152.4407,-3760350.2391,4658672.8298,12,1.7546,1.0297,0.2806,-0.4393,2.2214,1.1510,1.1621,0.2648,-0.6953,-0.1436,0.0424,0.0000,0.0000,0.0000,0.0000,0.8447,0.8447,0.0000,-0.8871,0.0000,0.0000
239.4710,46.8400,0,16,wena_PAN,2.1030,2.0810,0.2120,0.1170,1,0,1,0,0,0,0.0000,-2212520.2522,-3751770.4121,4644709.2880,15,2.6539,2.0047,0.5509,-0.0763,2.6532,2.5389,0.8385,0.6918,-0.8392,-0.1576,0.0384,0.0000,0.0000,0.0000,0.0000,-0.3279,-0.3279,0.0000,0.2894,0.0000,0.0000
231.8580,51.6470,0,14,calv_PAN,0.0130,-0.0360,0.8860,1.3680,1,0,1,0,0,0,0.0000,-2440205.3697,-3107415.4485,4993367.4455,13,0.3338,1.6293,0.3208,1.6653,0.1165,0.1078,-0.1819,-1.4720,-0.0354,-0.0496,-0.1463,0.0000,0.0000,0.0000,0.0000,0.1997,0.1997,0.0000,-0.0535,0.0000,0.0000
240.0200,43.5900,0,6,0047_GPS,-2.0690,1.3570,0.1820,0.1790,1,0,1,0,0,0,0.0000,-2304550.9724,-3994819.0797,4390309.4193,3,-1.1653,2.3588,0.9037,1.0018,-1.7319,2.1075,-0.2040,-0.2491,-0.3626,-0.0022,-0.0096,0.0000,0.0000,0.0000,0.0000,-0.0243,-0.0243,0.0000,0.0339,0.0000,0.0000
239.7500,40.1300,0,2,02EX_GPS,-7.1240,4.5750,0.2980,0.2690,1,0,1,0,0,0,0.0000,-2452596.6657,-4205536.9596,4103971.2399,0,-6.8030,5.3851,0.3210,0.8101,-7.5010,6.0780,-0.5304,0.6504,-0.1677,0.0424,-0.0199,0.0000,0.0000,0.0000,0.0000,0.1153,0.1153,0.0000,-0.0953,0.0000,0.0000
238.9600,40.3000,0,2,02FS_GPS,-6.5750,5.9050,0.2090,0.1790,1,0,1,0,0,0,0.0000,-2504058.2628,-4160870.1680,4118398.1258,0,-7.7180,6.5885,-1.1430,0.6835,-7.0748,7.7438,0.8769,1.0924,-0.2337,0.0630,-0.0249,0.0000,0.0000,0.0000,0.0000,-0.2838,-0.2838,0.0000,0.3088,0.0000,0.0000
238.9600,41.5100,0,3,02SS_GPS,-7.6520,4.9050,0.2090,0.2390,1,0,1,0,0,0,0.0000,-2458656.0995,-4085427.6315,4220028.7575,2,-4.7970,4.6022,2.8550,-0.3028,-5.4379,4.3077,-0.3011,-0.3163,-0.3397,0.0217,-0.0263,0.0000,0.0000,0.0000,0.0000,-0.0751,-0.0751,0.0000,0.1014,0.0000,0.0000
240.3600,38.3300,0,1,1008_GPS,-8.1560,8.3510,0.3580,0.2690,1,0,1,0,0,0,0.0000,-2470247.8966,-4341362.8828,3949024.5771,1,-9.5234,7.6208,-1.3674,-0.7302,-10.2180,7.9415,-0.6303,0.2943,-0.0643,0.0264,-0.0198,0.0000,0.0000,0.0000,0.0000,0.1221,0.1221,0.0000,-0.1024,0.0000,0.0000
240.3000,39.2800,0,19,10BB_GPS,-7.7640,6.3530,0.2390,0.2690,1,0,1,0,0,0,0.0000,-2442012.8191,-4281304.2308,4031297.4259,19,-8.2219,5.7579,-0.4579,-0.5951,-8.9427,5.8936,-0.6185,0.1023,-0.1024,0.0333,-0.0190,0.0000,0.0000,0.0000,0.0000,-0.4611,-0.4611,0.0000,0.4801,0.0000,0.0000
241.8600,39.5400,0,12,3756_GPS,-6.8050,3.5880,0.2390,0.2690,1,0,1,0,0,0,0.0000,-2315902.8711,-4330022.4130,4053621.9922,10,-3.6638,1.7803,3.1412,-1.8077,-6.0712,1.7983,-2.3155,-0.0033,-0.0920,0.0213,-0.0121,0.0000,0.0000,0.0000,0.0000,-1.3984,-1.3984,0.0000,1.4105,0.0000,0.0000
240.3400,39.8500,0,19,43JD_GPS,-5.8020,4.0520,0.1490,0.1490,1,0,1,0,0,0,0.0000,-2419056.9650,-4247946.4517,4080130.6113,19,-6.4310,4.6252,-0.6290,0.5732,-6.5584,5.7682,0.0028,1.1090,-0.1303,0.0339,-0.0175,0.0000,0.0000,0.0000,0.0000,0.2447,0.2447,0.0000,-0.2272,0.0000,0.0000
242.7300,39.9800,0,17,61RB_GPS,0.3160,0.0490,0.2680,0.2690,1,0,1,0,0,0,0.0000,-2235560.4962,-4336889.2251,4091211.6272,16,-3.6695,0.5521,-3.9855,0.5031,-3.1437,0.0423,0.6203,-0.5268,-0.0946,0.0170,-0.0084,0.0000,0.0000,0.0000,0.0000,-0.1840,-0.1840,0.0000,0.1924,0.0000,0.0000
240.6500,40.6500,0,12,64HJ_GPS,-1.7920,-5.8610,0.2980,0.2690,1,0,1,0,0,0,0.0000,-2367882.2642,-4210901.9513,4147986.2345,10,-4.6937,3.0653,-2.9017,8.9263,-4.8466,2.7712,0.0084,-0.3208,-0.1613,0.0268,-0.0144,0.0000,0.0000,0.0000,0.0000,-0.0286,-0.0286,0.0000,0.0430,0.0000,0.0000
242.3900,38.8800,0,17,6683_GPS,-3.3300,0.4640,0.2390,0.2390,1,0,1,0,0,0,0.0000,-2297239.6690,-4392346.8695,3996790.0048,16,-3.8745,0.6967,-0.5445,0.2327,-3.4387,0.1003,0.5059,-0.6145,-0.0701,0.0181,-0.0115,0.0000,0.0000,0.0000,0.0000,-0.0903,-0.0903,0.0000,0.1018,0.0000,0.0000
243.2900,41.2200,0,17,6FMK_GPS,-3.4020,-0.1770,0.2090,0.2090,1,0,1,0,0,0,0.0000,-2152758.2865,-4278422.9920,4195840.7886,16,-2.8233,0.1559,0.5787,0.3329,-2.8100,-0.0531,0.1333,-0.2214,-0.1200,0.0124,-0.0036,0.0000,0.0000,0.0000,0.0000,-0.0280,-0.0280,0.0000,0.0315,0.0000,0.0000
243.1700,39.9700,0,17,79JR_GPS,-1.0480,1.8280,0.2680,0.2690,1,0,1,0,0,0,0.0000,-2202512.2353,-4354566.1644,4090359.9884,16,-3.3409,0.2274,-2.2929,-1.6006,-3.1464,-0.0327,0.2843,-0.2755,-0.0897,0.0155,-0.0073,0.0000,0.0000,0.0000,0.0000,-0.0575,-0.0575,0.0000,0.0648,0.0000,0.0000
239.3100,43.1700,0,3,7MIR_GPS,-1.6490,2.3920,0.2680,0.2690,1,0,1,0,0,0,0.0000,-2370238.3211,-3993523.8648,4356384.8434,2,-1.3306,3.4829,0.3184,1.0909,-1.6713,3.7379,0.0521,0.2584,-0.3929,-0.0035,-0.0234,0.0000,0.0000,0.0000,0.0000,-0.0543,-0.0543,0.0000,0.0777,0.0000,0.0000
239.8600,39.3600,0,2,A210_GPS,-10.3930,6.5710,0.2090,0.2090,1,0,1,0,0,0,0.0000,-2471989.8544,-4257552.9558,4038175.3862,0,-9.0953,6.5136,1.2977,-0.0574,-9.7023,5.8460,-0.4932,-0.7072,-0.1138,0.0396,-0.0212,0.0000,0.0000,0.0000,0.0000,-0.0957,-0.0957,0.0000,0.1169,0.0000,0.0000
240.2300,39.1000,0,2,A250_GPS,-10.0880,6.1560,0.2090,0.1790,1,0,1,0,0,0,0.0000,-2453517.7763,-4289289.7024,4015793.3004,0,-8.8001,6.1136,1.2879,-0.0424,-10.4255,5.0653,-1.5305,-1.0815,-0.0949,0.0331,-0.0196,0.0000,0.0000,0.0000,0.0000,-0.3414,-0.3414,0.0000,0.3610,0.0000,0.0000
240.3500,39.2200,0,19,A255_GPS,-6.3660,8.7510,0.2390,0.2390,1,0,1,0,0,0,0.0000,-2440362.8197,-4287100.1173,4026133.7973,19,-8.2026,5.7537,-1.8366,-2.9973,-9.1902,5.7368,-0.8886,-0.0494,-0.0989,0.0325,-0.0188,0.0000,0.0000,0.0000,0.0000,-0.4816,-0.4816,0.0000,0.5004,0.0000,0.0000
240.5900,39.3500,0,19,A275_GPS,-6.9320,5.3420,0.1790,0.2090,1,0,1,0,0,0,0.0000,-2417891.6700,-4289315.8280,4037316.0715,19,-6.5530,5.0918,0.3790,-0.2502,-8.6328,4.9843,-1.9784,-0.1379,-0.1013,0.0305,-0.0174,0.0000,0.0000,0.0000,0.0000,-1.2609,-1.2609,0.0000,1.2783,0.0000,0.0000
240.8100,39.4300,0,40,A290_GPS,-4.9050,5.2330,0.1790,0.2090,1,0,1,0,0,0,0.0000,-2398652.4736,-4293642.7561,4044187.1440,40,-6.7957,4.6700,-1.8907,-0.5630,2.4366,9.5988,9.3338,4.9003,-0.1015,0.0286,-0.0163,0.0000,0.0000,0.0000,0.0000,0.2800,0.2800,0.0000,-0.2637,0.0000,0.0000
240.9200,39.4600,0,12,A295_GPS,-4.4930,2.5280,0.2680,0.2390,1,0,1,0,0,0,0.0000,-2389375.3436,-4296388.7339,4046761.7642,10,-5.7857,4.4803,-1.2927,1.9523,-6.1844,2.5542,-0.2975,-1.9538,-0.1011,0.0276,-0.0158,0.0000,0.0000,0.0000,0.0000,1.3803,1.3803,0.0000,-1.3645,0.0000,0.0000
240.0800,38.7800,0,1,A300_GPS,-11.0330,9.2620,0.1490,0.1490,1,0,1,0,0,0,0.0000,-2475887.2695,-4302224.0394,3988132.6464,1,-9.8672,7.0853,1.1658,-2.1767,-10.3145,7.8750,-0.3651,0.7574,-0.0822,0.0324,-0.0208,0.0000,0.0000,0.0000,0.0000,0.6357,0.6357,0.0000,-0.6148,0.0000,0.0000
241.9300,38.6900,0,17,A435_GPS,-3.7880,2.7850,0.2980,0.2690,1,0,1,0,0,0,0.0000,-2338653.0407,-4385432.8685,3980330.6361,16,-4.8549,1.5040,-1.0669,-1.2810,-3.4902,0.1787,1.4328,-1.3449,-0.0681,0.0196,-0.0132,0.0000,0.0000,0.0000,0.0000,-0.7281,-0.7281,0.0000,0.7413,0.0000,0.0000
241.8700,39.0000,0,17,AGGI_GPS,-4.3610,1.9870,0.2090,0.1790,1,0,1,0,0,0,0.0000,-2333056.4261,-4363925.5007,4007162.7616,16,-3.2614,1.2919,1.0996,-0.6951,-3.4075,0.1890,-0.0697,-1.1235,-0.0764,0.0206,-0.0130,0.0000,0.0000,0.0000,0.0000,2.9431,2.9431,0.0000,-2.9301,0.0000,0.0000
239.9800,41.5500,0,6,ALKA_GPS,-2.6570,3.8660,0.2090,0.2390,1,0,1,0,0,0,0.0000,-2384065.5614,-4125995.9087,4223356.5587,3,-4.0056,2.7644,-1.3486,-1.1016,-3.9697,2.1385,0.2772,-0.6457,-0.2412,0.0197,-0.0169,0.0000,0.0000,0.0000,0.0000,-0.1017,-0.1017,0.0000,0.1186,0.0000,0.0000
239.5000,41.5100,0,3,ALTU_GPS,-4.8220,3.3880,0.2250,0.1960,1,0,1,0,0,0,0.0000,-2420043.2252,-4108418.1306,4220028.7575,2,-4.5278,3.5629,0.2942,0.1749,-5.4137,3.4285,-0.6086,-0.1559,-0.2773,0.0214,-0.0206,0.0000,0.0000,0.0000,0.0000,-0.1589,-0.1589,0.0000,0.1795,0.0000,0.0000
241.0800,38.3300,0,40,AURO_GPS,-5.5960,6.7210,0.3880,0.2390,1,0,1,0,0,0,0.0000,-2415499.1170,-4372061.3407,3949024.5771,40,-6.4852,7.2497,-0.8892,0.5287,-2.9143,8.5719,3.6333,1.2999,-0.0624,0.0223,-0.0166,0.0000,0.0000,0.0000,0.0000,-0.3655,-0.3655,0.0000,0.3821,0.0000,0.0000
241.0600,39.5100,0,12,B200_GPS,-6.0760,3.5220,0.1790,0.1790,1,0,1,0,0,0,0.0000,-2377160.4043,-4299122.1291,4051050.3321,10,-5.4221,3.8262,0.6539,0.3042,-6.1240,2.4416,-0.6008,-1.4111,-0.1011,0.0265,-0.0151,0.0000,0.0000,0.0000,0.0000,0.5491,0.5491,0.0000,-0.5340,0.0000,0.0000
241.1300,39.4900,0,12,B210_GPS,-5.7720,2.4190,0.2390,0.2090,1,0,1,0,0,0,0.0000,-2372588.8717,-4303261.2445,4049335.2750,10,-5.3636,3.6265,0.4084,1.2075,-6.1447,2.3854,-0.6818,-1.2671,-0.0994,0.0260,-0.0149,0.0000,0.0000,0.0000,0.0000,0.4041,0.4041,0.0000,-0.3892,0.0000,0.0000
241.3500,39.4000,0,12,B220_GPS,-8.0630,2.5100,0.2390,0.2090,1,0,1,0,0,0,0.0000,-2359094.8558,-4317916.1749,4041611.4150,10,-5.2697,3.0816,2.7933,0.5716,-6.2408,2.2085,-0.8778,-0.8974,-0.0934,0.0243,-0.0142,0.0000,0.0000,0.0000,0.0000,0.1287,0.1287,0.0000,-0.1146,0.0000,0.0000
241.8300,39.2900,0,12,B270_GPS,-4.2340,1.3890,0.2680,0.2090,1,0,1,0,0,0,0.0000,-2326497.6207,-4344360.1788,4032157.6010,10,-3.8363,1.8116,0.3977,0.4226,-6.3544,1.8224,-2.4333,-0.0104,-0.0849,0.0213,-0.0126,0.0000,0.0000,0.0000,0.0000,-1.2238,-1.2238,0.0000,1.2364,0.0000,0.0000
241.9800,39.2700,0,17,B280_GPS,-2.7230,0.4830,0.2390,0.2090,1,0,1,0,0,0,0.0000,-2315777.2211,-4351678.2833,4030437.1280,16,-2.9200,1.4144,-0.1970,0.9314,-3.3350,0.1702,-0.3320,-1.2646,-0.0830,0.0205,-0.0122,0.0000,0.0000,0.0000,0.0000,1.6672,1.6672,0.0000,-1.6550,0.0000,0.0000
242.0500,39.3000,0,17,B285_GPS,-2.0140,4.5790,0.5970,0.4780,1,0,1,0,0,0,0.0000,-2309469.4851,-4352639.5172,4033017.6533,16,-3.2189,1.2544,-1.2049,-3.3246,-3.3268,0.1583,-0.0248,-1.1162,-0.0832,0.0201,-0.0119,0.0000,0.0000,0.0000,0.0000,0.5380,0.5380,0.0000,-0.5261,0.0000,0.0000
242.1400,39.2800,0,17,B290_GPS,-4.9090,-0.2250,0.2390,0.2090,1,0,1,0,0,0,0.0000,-2303287.2658,-4357506.2015,4031297.4259,16,-3.5916,1.0254,1.3174,1.2504,-3.3320,0.1429,0.3414,-0.9022,-0.0818,0.0197,-0.0116,0.0000,0.0000,0.0000,0.0000,0.0061,0.0061,0.0000,0.0055,0.0000,0.0000
240.7600,38.9900,0,19,B300_GPS,-8.0550,5.3350,0.1190,0.1190,1,0,1,0,0,0,0.0000,-2417497.9244,-4318520.9599,4006299.0359,19,-6.6720,5.9769,1.3830,0.6419,-10.1280,4.4513,-3.3710,-1.5532,-0.0850,0.0276,-0.0173,0.0000,0.0000,0.0000,0.0000,-2.7532,-2.7532,0.0000,2.7705,0.0000,0.0000
241.8600,39.6700,0,12,B387_GPS,-5.8910,3.4880,0.2390,0.2690,1,0,1,0,0,0,0.0000,-2311559.1769,-4321901.0478,4064753.0018,10,-3.6196,1.6614,2.2714,-1.8266,-5.9242,1.7983,-2.2087,0.1156,-0.0960,0.0213,-0.0118,0.0000,0.0000,0.0000,0.0000,-1.3025,-1.3025,0.0000,1.3143,0.0000,0.0000
244.8900,41.1000,0,21,B428_GPS,-2.2770,-0.5560,0.2390,0.2690,1,0,1,0,0,0,0.0000,-2036183.0636,-4344811.1807,4185800.4966,20,-2.9454,-0.3674,-0.6684,0.1886,-3.0806,-0.5692,-0.0387,-0.2108,-0.0965,0.0090,-0.0006,0.0000,0.0000,0.0000,0.0000,-0.0182,-0.0182,0.0000,0.0189,0.0000,0.0000
242.8000,40.4100,0,17,BAMO_GPS,-4.4320,1.4460,0.1790,0.1790,1,0,1,0,0,0,0.0000,-2216162.8174,-4312186.4682,4127713.8577,16,-3.3211,0.4266,1.1109,-1.0194,-3.0281,0.0304,0.3983,-0.4123,-0.1052,0.0161,-0.0072,0.0000,0.0000,0.0000,0.0000,-0.1062,-0.1062,0.0000,0.1134,0.0000,0.0000
243.1300,40.6100,0,17,BATT_GPS,-3.0820,0.5300,0.1790,0.1790,1,0,1,0,0,0,0.0000,-2184764.2994,-4311999.9108,4144612.5496,16,-3.0875,0.2281,-0.0055,-0.3019,-2.9743,-0.0259,0.2193,-0.2685,-0.1061,0.0146,-0.0058,0.0000,0.0000,0.0000,0.0000,-0.0471,-0.0471,0.0000,0.0529,0.0000,0.0000
241.9700,40.9400,0,12,BELL_GPS,-4.3470,1.2830,0.2980,0.2390,1,0,1,0,0,0,0.0000,-2260355.0366,-4245745.0380,4172384.8866,10,-3.8592,1.7443,0.4878,0.4613,-4.4845,1.7098,-0.4892,-0.0521,-0.1360,0.0176,-0.0084,0.0000,0.0000,0.0000,0.0000,-0.1365,-0.1365,0.0000,0.1449,0.0000,0.0000
243.5800,40.6600,0,17,BEOW_GPS,-3.0380,0.3090,0.2390,0.2690,1,0,1,0,0,0,0.0000,-2149220.7649,-4325785.0933,4148829.3399,16,-2.9999,-0.0336,0.0381,-0.3426,-2.9612,-0.1026,0.1404,-0.0821,-0.1017,0.0131,-0.0045,0.0000,0.0000,0.0000,0.0000,-0.0273,-0.0273,0.0000,0.0318,0.0000,0.0000
239.6600,40.5600,0,12,BISC_GPS,-7.5880,3.9790,0.2980,0.2990,1,0,1,0,0,0,0.0000,-2443572.5787,-4174979.4738,4140392.6031,10,-5.2623,4.4820,2.3257,0.5030,-4.9841,3.5663,0.4820,-0.9556,-0.2037,0.0399,-0.0195,0.0000,0.0000,0.0000,0.0000,-0.0327,-0.0327,0.0000,0.0522,0.0000,0.0000
240.9400,39.5800,0,12,BLAB_GPS,-4.5790,3.4270,0.1490,0.1190,1,0,1,0,0,0,0.0000,-2383753.4681,-4289804.5540,4057049.1436,10,-5.7737,3.9749,-1.1947,0.5479,-6.0482,2.5381,-0.1689,-1.4644,-0.1056,0.0276,-0.0155,0.0000,0.0000,0.0000,0.0000,0.6388,0.6388,0.0000,-0.6233,0.0000,0.0000
241.8000,41.4500,0,12,BLAC_GPS,-2.6070,1.0900,0.2390,0.2990,1,0,1,0,0,0,0.0000,-2255302.5048,-4206121.3962,4215033.1996,10,-3.4621,1.8106,-0.8551,0.7206,-3.9100,1.8465,-0.2895,0.0203,-0.1584,0.0156,-0.0075,0.0000,0.0000,0.0000,0.0000,-0.0670,-0.0670,0.0000,0.0745,0.0000,0.0000
242.1900,42.3100,0,12,BLMT_GPS,-4.1800,1.4730,0.1790,0.2090,1,0,1,0,0,0,0.0000,-2196853.9869,-4164942.1990,4286191.8413,10,-2.6969,1.0744,1.4831,-0.3986,-2.9271,1.5328,-0.0507,0.4488,-0.1795,0.0096,-0.0028,0.0000,0.0000,0.0000,0.0000,0.3532,0.3532,0.0000,-0.3504,0.0000,0.0000
244.0800,40.7700,0,21,BNKS_GPS,-3.3830,0.7850,0.2680,0.2690,1,0,1,0,0,0,0.0000,-2107904.2170,-4337203.7048,4158095.1524,20,-3.0219,-0.2808,0.3611,-1.0658,-3.0965,-0.5585,0.0238,-0.2893,-0.0984,0.0116,-0.0031,0.0000,0.0000,0.0000,0.0000,-0.0185,-0.0185,0.0000,0.0215,0.0000,0.0000
242.5300,39.0100,0,17,BNTA_GPS,-3.2050,0.4580,0.1790,0.1790,1,0,1,0,0,0,0.0000,-2282311.2898,-4389889.6676,4008026.3652,16,-3.7195,0.5848,-0.5145,0.1268,-3.4038,0.0764,0.3879,-0.5261,-0.0723,0.0177,-0.0109,0.0000,0.0000,0.0000,0.0000,-0.0794,-0.0794,0.0000,0.0903,0.0000,0.0000
241.5400,39.3300,0,12,BORA_GPS,-4.5540,2.5020,0.1790,0.2090,1,0,1,0,0,0,0.0000,-2347114.4734,-4330053.2762,4035597.0730,10,-5.1172,2.6432,-0.5632,0.1412,-6.3155,2.0557,-1.1093,-0.6105,-0.0889,0.0230,-0.0136,0.0000,0.0000,0.0000,0.0000,-0.0810,-0.0810,0.0000,0.0946,0.0000,0.0000
241.4200,41.8300,0,12,BRAM_GPS,-2.1000,1.1070,0.2390,0.2690,1,0,1,0,0,0,0.0000,-2269725.2977,-4166430.4481,4246593.4413,10,-3.1704,2.0025,-1.0704,0.8955,-3.4881,2.1522,-0.1326,0.1357,-0.1850,0.0140,-0.0079,0.0000,0.0000,0.0000,0.0000,-0.0304,-0.0304,0.0000,0.0384,0.0000,0.0000
239.4000,43.8100,0,6,BROT_GPS,-0.7770,2.4850,0.1660,0.1600,1,0,1,0,0,0,0.0000,-2339044.8165,-3955108.7874,4407985.4002,3,-0.6830,2.9509,0.0940,0.4659,-1.5081,2.5872,-0.3781,-0.3556,-0.4470,-0.0080,-0.0162,0.0000,0.0000,0.0000,0.0000,0.0280,0.0280,0.0000,-0.0118,0.0000,0.0000
242.1900,39.1500,0,17,BUFF_GPS,-3.5180,1.1730,0.1790,0.1790,1,0,1,0,0,0,0.0000,-2303745.1470,-4367593.5841,4020103.9841,16,-3.7799,0.8876,-0.2619,-0.2854,-3.3668,0.1344,0.4911,-0.7725,-0.0780,0.0193,-0.0117,0.0000,0.0000,0.0000,0.0000,-0.0805,-0.0805,0.0000,0.0922,0.0000,0.0000
240.0800,40.5500,0,12,BURR_GPS,-5.6520,2.4620,0.2090,0.2390,1,0,1,0,0,0,0.0000,-2413263.4095,-4193405.7263,4139548.2353,10,-5.0060,3.7580,0.6460,1.2960,-4.9792,3.2291,0.2065,-0.5625,-0.1797,0.0336,-0.0173,0.0000,0.0000,0.0000,0.0000,-0.0313,-0.0313,0.0000,0.0486,0.0000,0.0000
242.4300,41.0100,0,17,BUTN_GPS,-1.9990,-0.5380,0.2390,0.2690,1,0,1,0,0,0,0.0000,-2223834.5689,-4259233.4370,4178258.2257,16,-3.3134,0.6091,-1.3144,1.1471,-2.8668,0.0935,0.5754,-0.5313,-0.1289,0.0157,-0.0067,0.0000,0.0000,0.0000,0.0000,-0.2033,-0.2033,0.0000,0.2100,0.0000,0.0000
241.6900,39.2700,0,12,BX46_GPS,-4.8480,2.3950,0.2680,0.1790,1,0,1,0,0,0,0.0000,-2337773.2870,-4339901.3903,4030437.1280,10,-4.6985,2.2802,0.1495,-0.1148,-6.3800,1.9350,-1.5959,-0.3672,-0.0856,0.0220,-0.0132,0.0000,0.0000,0.0000,0.0000,-0.3969,-0.3969,0.0000,0.4101,0.0000,0.0000
242.2900,39.2600,0,17,C200_GPS,-2.4980,-0.0310,0.1790,0.1790,1,0,1,0,0,0,0.0000,-2292525.6591,-4364766.7892,4029576.7073,16,-3.7513,0.8236,-1.2533,0.8546,-3.3372,0.1174,0.4942,-0.7252,-0.0801,0.0190,-0.0112,0.0000,0.0000,0.0000,0.0000,-0.1014,-0.1014,0.0000,0.1126,0.0000,0.0000
242.5900,39.3600,0,17,C220_GPS,-2.4620,0.4550,0.3580,0.2690,1,0,1,0,0,0,0.0000,-2266399.3711,-4370460.4908,4038175.3862,16,-3.6368,0.6048,-1.1748,0.1498,-3.3101,0.0662,0.4069,-0.5563,-0.0802,0.0178,-0.0101,0.0000,0.0000,0.0000,0.0000,-0.0793,-0.0793,0.0000,0.0894,0.0000,0.0000
242.8600,39.4900,0,17,C240_GPS,-2.4260,0.0430,0.1790,0.1790,1,0,1,0,0,0,0.0000,-2241593.6503,-4372927.3033,4049335.2750,16,-3.5160,0.4110,-1.0900,0.3680,-3.2751,0.0202,0.3220,-0.4076,-0.0811,0.0168,-0.0091,0.0000,0.0000,0.0000,0.0000,-0.0843,-0.0843,0.0000,0.0934,0.0000,0.0000
243.0600,39.4000,0,21,C260_GPS,-2.8190,0.7340,0.2680,0.1790,1,0,1,0,0,0,0.0000,-2229194.6333,-4386390.3062,4041611.4150,20,-3.4519,0.1710,-0.6329,-0.5630,-3.1773,-0.5448,0.3522,-0.7319,-0.0775,0.0161,-0.0087,0.0000,0.0000,0.0000,0.0000,-0.1328,-0.1328,0.0000,0.1415,0.0000,0.0000
243.3800,39.4800,0,21,C280_GPS,-3.1830,-0.9820,0.2390,0.1790,1,0,1,0,0,0,0.0000,-2202131.0854,-4393722.7473,4048477.5613,20,-3.3915,-0.0354,-0.2085,0.9466,-3.1742,-0.5491,0.2942,-0.5288,-0.0769,0.0150,-0.0077,0.0000,0.0000,0.0000,0.0000,-0.0551,-0.0551,0.0000,0.0629,0.0000,0.0000
242.1200,38.7600,0,17,C300_GPS,-3.9650,1.2760,0.1190,0.1190,1,0,1,0,0,0,0.0000,-2321821.8371,-4388862.2811,3986399.7161,16,-4.3151,0.9801,-0.3501,-0.2959,-3.4712,0.1464,0.9127,-0.8527,-0.0688,0.0190,-0.0125,0.0000,0.0000,0.0000,0.0000,-0.2443,-0.2443,0.0000,0.2567,0.0000,0.0000
242.2000,40.9100,0,12,C344_GPS,-2.2300,-1.0270,0.3880,0.2690,1,0,1,0,0,0,0.0000,-2244311.9441,-4256716.3733,4169865.8343,10,-3.5676,1.3313,-1.3376,2.3583,-4.5142,1.5247,-0.8164,0.1765,-0.1302,0.0169,-0.0077,0.0000,0.0000,0.0000,0.0000,-0.3712,-0.3712,0.0000,0.3788,0.0000,0.0000
239.3800,44.3100,0,6,C753_GPS,-0.7230,2.2890,0.2980,0.3280,1,0,1,0,0,0,0.0000,-2320743.5832,-3921038.6531,4447915.9798,3,-0.1802,2.8632,0.5428,0.5742,-0.9601,2.6026,-0.2647,-0.2458,-0.5152,-0.0148,-0.0094,0.0000,0.0000,0.0000,0.0000,-0.0045,-0.0045,0.0000,0.0139,0.0000,0.0000
243.8400,40.7100,0,21,CARL_GPS,-2.0100,1.1960,0.3580,0.3280,1,0,1,0,0,0,0.0000,-2127971.8832,-4332242.0535,4153042.9706,20,-3.0450,-0.2161,-1.0350,-1.4121,-3.0989,-0.5553,0.0459,-0.3515,-0.0998,0.0123,-0.0038,0.0000,0.0000,0.0000,0.0000,-0.0193,-0.0193,0.0000,0.0231,0.0000,0.0000
249.3200,39.1900,0,14,CAST_GPS,-0.7720,-0.0550,0.1060,0.1010,1,0,1,0,0,0,0.0000,-1742828.6489,-4617135.7493,4023550.3270,13,-0.5755,-0.2383,0.1965,-0.1833,-0.4169,-0.3615,0.2052,-0.1282,-0.0466,0.0050,0.0002,0.0000,0.0000,0.0000,0.0000,-0.0167,-0.0167,0.0000,0.0165,0.0000,0.0000
247.1400,40.6800,0,21,CEDA_GPS,-3.3010,-0.5290,0.0940,0.0940,1,0,1,0,0,0,0.0000,-1875906.5225,-4449556.1567,4150515.1715,20,-2.8753,-0.4392,0.4257,0.0898,-3.1224,-0.5983,-0.1758,-0.1651,-0.0713,0.0060,0.0011,0.0000,0.0000,0.0000,0.0000,-0.0280,-0.0280,0.0000,0.0269,0.0000,0.0000
239.7400,41.5500,0,6,CEDR_GPS,-5.3790,4.0760,0.2680,0.2690,1,0,1,0,0,0,0.0000,-2401327.5268,-4115973.3902,4223356.5587,3,-4.3009,3.1156,1.0781,-0.9604,-3.9759,2.3242,0.5838,-0.8116,-0.2588,0.0202,-0.0187,0.0000,0.0000,0.0000,0.0000,-0.3857,-0.3857,0.0000,0.4044,0.0000,0.0000
240.8000,39.3600,0,40,CHIL_GPS,-5.4130,2.8330,0.1490,0.1490,1,0,1,0,0,0,0.0000,-2401810.4968,-4297533.8683,4038175.3862,40,-7.0580,4.8664,-1.6450,2.0334,2.0933,9.6368,9.2501,4.7419,-0.0988,0.0285,-0.0165,0.0000,0.0000,0.0000,0.0000,-0.5067,-0.5067,0.0000,0.5232,0.0000,0.0000
240.1200,39.5100,0,2,CHLK_GPS,-9.4560,3.8610,0.1490,0.1490,1,0,1,0,0,0,0.0000,-2447369.1352,-4259545.3965,4051050.3321,0,-8.0472,5.7811,1.4088,1.9201,-9.2561,5.2974,-1.0917,-0.5202,-0.1171,0.0365,-0.0194,0.0000,0.0000,0.0000,0.0000,-0.4456,-0.4456,0.0000,0.4650,0.0000,0.0000
239.6100,38.0300,0,1,CMBB_GPS,-11.4290,7.8470,0.1150,0.1140,1,0,1,0,0,0,0.0000,-2537288.4331,-4326433.3176,3922817.0512,1,-10.3478,8.1910,1.0812,0.3440,-10.2327,7.7629,0.1698,-0.4562,-0.0547,0.0281,-0.0237,0.0000,0.0000,0.0000,0.0000,0.0884,0.0884,0.0000,-0.0647,0.0000,0.0000
239.1300,41.4300,0,3,CNBY_GPS,-5.7460,5.2990,0.2090,0.2390,1,0,1,0,0,0,0.0000,-2449544.4783,-4097758.1615,4213366.9862,2,-4.9388,4.3540,0.8072,-0.9450,-5.6103,4.0309,-0.3586,-0.3474,-0.3129,0.0244,-0.0240,0.0000,0.0000,0.0000,0.0000,-0.0820,-0.0820,0.0000,0.1060,0.0000,0.0000
240.8200,38.0800,0,1,CNWY_GPS,-6.9430,9.8320,0.2980,0.2390,1,0,1,0,0,0,0.0000,-2443691.7504,-4376057.7547,3927192.4601,1,-7.4327,8.1509,-0.4897,-1.6811,-10.1379,8.0504,-2.6489,-0.1227,-0.0563,0.0222,-0.0178,0.0000,0.0000,0.0000,0.0000,-1.5962,-1.5962,0.0000,1.6140,0.0000,0.0000
247.8800,40.6500,0,21,COON_GPS,-2.4550,-0.5150,0.1010,0.1050,1,0,1,0,0,0,0.0000,-1819101.7698,-4475425.1654,4147986.2345,20,-2.4319,-0.3798,0.0231,0.1352,-3.1294,-0.6077,-0.6311,-0.2329,-0.0665,0.0051,0.0016,0.0000,0.0000,0.0000,0.0000,-0.1483,-0.1483,0.0000,0.1466,0.0000,0.0000
244.9900,40.6600,0,21,CRTS_GPS,-2.2180,-0.9610,0.1790,0.1790,1,0,1,0,0,0,0.0000,-2042126.8861,-4377360.4320,4148829.3399,20,-3.0132,-0.3623,-0.7952,0.5987,-3.1094,-0.5705,-0.0091,-0.2179,-0.0871,0.0097,-0.0017,0.0000,0.0000,0.0000,0.0000,-0.0175,-0.0175,0.0000,0.0192,0.0000,0.0000
240.5300,41.9000,0,6,CTNP_GPS,-2.2720,2.3440,0.2390,0.2990,1,0,1,0,0,0,0.0000,-2331613.6647,-4126152.6107,4252386.8372,3,-3.3260,2.1469,-1.0540,-0.1971,-3.5738,1.7128,-0.0221,-0.4487,-0.2258,0.0146,-0.0127,0.0000,0.0000,0.0000,0.0000,-0.0291,-0.0291,0.0000,0.0418,0.0000,0.0000
242.9600,40.0000,0,17,CUSG_GPS,-2.3630,-1.0620,0.2090,0.2090,1,0,1,0,0,0,0.0000,-2217483.7734,-4344556.1129,4092914.5310,16,-3.4403,0.3672,-1.0773,1.4292,-3.1383,0.0031,0.3946,-0.3802,-0.0926,0.0162,-0.0077,0.0000,0.0000,0.0000,0.0000,-0.0814,-0.0814,0.0000,0.0891,0.0000,0.0000
243.8400,40.0800,0,21,D100_GPS,-3.8800,-0.4040,0.1190,0.1190,1,0,1,0,0,0,0.0000,-2147975.6360,-4372966.7922,4099721.1567,20,-3.1778,-0.2154,0.7022,0.1886,-3.1391,-0.5553,0.1246,-0.3533,-0.0859,0.0133,-0.0054,0.0000,0.0000,0.0000,0.0000,-0.0240,-0.0240,0.0000,0.0294,0.0000,0.0000
243.6900,39.5300,0,21,D200_GPS,-3.0520,-0.3960,0.1790,0.1490,1,0,1,0,0,0,0.0000,-2176759.9051,-4402404.3973,4052764.8956,20,-3.3077,-0.1548,-0.2557,0.2412,-3.1729,-0.5533,0.2105,-0.4126,-0.0757,0.0141,-0.0069,0.0000,0.0000,0.0000,0.0000,-0.0247,-0.0247,0.0000,0.0316,0.0000,0.0000
244.0200,39.5400,0,21,D220_GPS,-6.3230,-0.6120,0.2980,0.2090,1,0,1,0,0,0,0.0000,-2151058.0230,-4414232.6159,4053621.9922,20,-3.2487,-0.2237,3.0743,0.3883,-3.1743,-0.5577,0.1480,-0.3472,-0.0737,0.0132,-0.0061,0.0000,0.0000,0.0000,0.0000,-0.0165,-0.0165,0.0000,0.0226,0.0000,0.0000
244.2000,39.3800,0,21,D240_GPS,-4.0260,-1.3210,0.2980,0.1790,1,0,1,0,0,0,0.0000,-2142098.1205,-4431142.7902,4039893.6467,20,-3.2468,-0.2401,0.7792,1.0809,-3.1855,-0.5601,0.1310,-0.3327,-0.0697,0.0128,-0.0060,0.0000,0.0000,0.0000,0.0000,-0.0138,-0.0138,0.0000,0.0198,0.0000,0.0000
244.4400,39.4000,0,21,D260_GPS,-3.3040,-0.6330,0.2390,0.1790,1,0,1,0,0,0,0.0000,-2122909.6908,-4438804.2395,4041611.4150,20,-3.2207,-0.2692,0.0833,0.3638,-3.1858,-0.5633,0.1036,-0.3063,-0.0687,0.0122,-0.0055,0.0000,0.0000,0.0000,0.0000,-0.0132,-0.0132,0.0000,0.0187,0.0000,0.0000
244.9200,39.4200,0,21,D280_GPS,-3.6620,-2.2570,0.2390,0.2090,1,0,1,0,0,0,0.0000,-2085051.0530,-4455155.0664,4043328.6908,20,-3.1823,-0.3141,0.4797,1.9429,-3.1875,-0.5696,0.0611,-0.2666,-0.0664,0.0111,-0.0045,0.0000,0.0000,0.0000,0.0000,-0.0131,-0.0131,0.0000,0.0177,0.0000,0.0000
243.2500,39.0600,0,21,D300_GPS,-4.2390,-0.9750,0.1490,0.1490,1,0,1,0,0,0,0.0000,-2225392.4191,-4415097.6539,4012342.5514,20,-3.4538,-0.0176,0.7852,0.9574,-3.1998,-0.5474,0.3231,-0.5451,-0.0691,0.0153,-0.0088,0.0000,0.0000,0.0000,0.0000,-0.0335,-0.0335,0.0000,0.0423,0.0000,0.0000
240.9100,38.0500,0,40,DECH_GPS,-11.1390,8.4280,0.1490,0.1490,1,0,1,0,0,0,0.0000,-2437814.2337,-4381687.1848,3924567.5734,40,-7.5776,8.1657,3.5614,-0.2623,-4.2994,9.2185,3.3336,1.0312,-0.0555,0.0216,-0.0175,0.0000,0.0000,0.0000,0.0000,-1.5434,-1.5434,0.0000,1.5609,0.0000,0.0000
239.0600,39.8200,0,1,DORF_GPS,-8.2150,4.8010,0.3580,0.2990,1,0,1,0,0,0,0.0000,-2514443.5128,-4194680.4831,4077570.4687,1,-9.4859,7.7128,-1.2709,2.9118,-10.5681,7.6312,-0.9082,-0.1424,-0.1740,0.0608,-0.0255,0.0000,0.0000,0.0000,0.0000,-0.1441,-0.1441,0.0000,0.1696,0.0000,0.0000
238.9100,44.2100,0,6,DRYX_GPS,1.5230,6.9070,0.2390,0.2390,1,0,1,0,0,0,0.0000,-2356834.7504,-3908511.7957,4439956.8651,3,0.0157,3.3337,-1.5073,-3.5733,-1.0858,2.9661,-0.5259,-0.3498,-0.5756,-0.0179,-0.0206,0.0000,0.0000,0.0000,0.0000,0.0795,0.0795,0.0000,-0.0588,0.0000,0.0000
241.9600,37.7400,0,21,DYER_GPS,-5.2020,3.0020,0.1320,0.1320,1,0,1,0,0,0,0.0000,-2367058.0442,-4444300.8455,3897380.8733,20,-4.1470,2.6907,1.0550,-0.3113,-3.2741,-0.5299,0.9207,-3.2370,-0.0478,0.0164,-0.0139,0.0000,0.0000,0.0000,0.0000,0.2262,0.2262,0.0000,-0.2123,0.0000,0.0000
245.3500,39.9000,0,21,E100_GPS,-4.1730,-0.3790,0.1490,0.1490,1,0,1,0,0,0,0.0000,-2037357.5767,-4439734.5428,4084395.0293,20,-3.1012,-0.3613,1.0718,0.0177,-3.1600,-0.5752,0.0126,-0.2240,-0.0714,0.0100,-0.0029,0.0000,0.0000,0.0000,0.0000,-0.0151,-0.0151,0.0000,0.0180,0.0000,0.0000
245.0500,39.2900,0,21,E200_GPS,-3.8660,0.0360,0.1490,0.1490,1,0,1,0,0,0,0.0000,-2078801.7762,-4468180.8062,4032157.6010,20,-3.1886,-0.3190,0.6774,-0.3550,-3.1965,-0.5713,0.0558,-0.2632,-0.0637,0.0109,-0.0045,0.0000,0.0000,0.0000,0.0000,-0.0128,-0.0128,0.0000,0.0174,0.0000,0.0000
245.3400,39.0300,0,21,E220_GPS,-4.6710,-0.4790,0.2390,0.1790,1,0,1,0,0,0,0.0000,-2063772.8066,-4495227.7462,4009753.2061,20,-3.1974,-0.3310,1.4736,0.1480,-3.2145,-0.5751,0.0416,-0.2545,-0.0587,0.0104,-0.0045,0.0000,0.0000,0.0000,0.0000,-0.0127,-0.0127,0.0000,0.0172,0.0000,0.0000
245.5500,39.0700,0,21,E240_GPS,-1.3490,-0.1900,0.2390,0.1790,1,0,1,0,0,0,0.0000,-2046123.9702,-4500212.2617,4013205.4220,20,-3.1807,-0.3473,-1.8317,-0.1573,-3.2134,-0.5778,0.0257,-0.2405,-0.0584,0.0100,-0.0041,0.0000,0.0000,0.0000,0.0000,-0.0133,-0.0133,0.0000,0.0174,0.0000,0.0000
245.7600,39.1000,0,21,E259_GPS,-3.1290,-1.1010,0.3580,0.2390,1,0,1,0,0,0,0.0000,-2028753.1331,-4505764.7913,4015793.3004,20,-3.1650,-0.3621,-0.0360,0.7389,-3.2129,-0.5806,0.0100,-0.2281,-0.0579,0.0096,-0.0037,0.0000,0.0000,0.0000,0.0000,-0.0139,-0.0139,0.0000,0.0176,0.0000,0.0000
246.1100,39.0400,0,21,E280_GPS,-4.8070,-2.4190,0.2980,0.2090,1,0,1,0,0,0,0.0000,-2002893.2865,-4521916.1523,4010616.4434,20,-3.1472,-0.3819,1.6598,2.0371,-3.2188,-0.5851,-0.0159,-0.2123,-0.0558,0.0091,-0.0033,0.0000,0.0000,0.0000,0.0000,-0.0150,-0.0150,0.0000,0.0183,0.0000,0.0000
244.8700,38.8900,0,21,E300_GPS,-3.8250,-0.8550,0.1490,0.1490,1,0,1,0,0,0,0.0000,-2104732.0629,-4487004.3832,3997655.0714,20,-3.2427,-0.2861,0.5823,0.5689,-3.2203,-0.5689,0.0810,-0.2941,-0.0586,0.0112,-0.0055,0.0000,0.0000,0.0000,0.0000,-0.0115,-0.0115,0.0000,0.0170,0.0000,0.0000
239.3900,40.4500,0,2,E843_GPS,-6.2230,4.0890,0.3280,0.2690,1,0,1,0,0,0,0.0000,-2467262.5152,-4170251.7364,4131097.6263,0,-5.9605,5.6240,0.2625,1.5350,-6.6091,6.8373,-0.4350,1.1661,-0.2136,0.0473,-0.0214,0.0000,0.0000,0.0000,0.0000,0.2283,0.2283,0.0000,-0.2069,0.0000,0.0000
240.5200,39.5500,0,19,EARN_GPS,-8.6170,3.8440,0.1190,0.1190,1,0,1,0,0,0,0.0000,-2416180.1137,-4274064.2764,4054478.9654,19,-6.7707,4.6469,1.8463,0.8029,-7.8011,5.2038,-0.9189,0.5252,-0.1115,0.0316,-0.0174,0.0000,0.0000,0.0000,0.0000,-0.4307,-0.4307,0.0000,0.4480,0.0000,0.0000
245.0600,39.3500,0,21,EGAN_GPS,-3.0580,-0.5640,0.1190,0.1190,1,0,1,0,0,0,0.0000,-2076240.2782,-4464712.3880,4037316.0715,20,-3.1814,-0.3222,-0.1234,0.2418,-3.1928,-0.5714,0.0531,-0.2601,-0.0646,0.0109,-0.0044,0.0000,0.0000,0.0000,0.0000,-0.0130,-0.0130,0.0000,0.0175,0.0000,0.0000
244.1800,40.9100,0,21,ELKO_GPS,-4.1590,-0.0200,0.1190,0.1190,1,0,1,0,0,0,0.0000,-2095899.6932,-4331717.3109,4169865.8343,20,-2.9893,-0.2984,1.1697,-0.2784,-3.0882,-0.5598,0.0015,-0.2724,-0.1004,0.0110,-0.0025,0.0000,0.0000,0.0000,0.0000,-0.0172,-0.0172,0.0000,0.0197,0.0000,0.0000
239.4600,43.3900,0,6,F091_GPS,-0.3120,3.7860,0.2680,0.2990,1,0,1,0,0,0,0.0000,-2351257.9996,-3985279.1785,4374184.1697,3,-1.0237,2.9334,-0.7117,-0.8526,-1.9669,2.5408,-0.5465,-0.3888,-0.3967,-0.0039,-0.0193,0.0000,0.0000,0.0000,0.0000,0.1154,0.1154,0.0000,-0.0961,0.0000,0.0000
246.4200,39.5500,0,21,F100_GPS,-2.2240,-1.4360,0.1490,0.1490,1,0,1,0,0,0,0.0000,-1964039.2564,-4499789.0595,4054478.9654,20,-3.0789,-0.4085,-0.8549,1.0275,-3.1890,-0.5891,-0.0493,-0.1889,-0.0608,0.0084,-0.0020,0.0000,0.0000,0.0000,0.0000,-0.0168,-0.0168,0.0000,0.0188,0.0000,0.0000
246.3700,39.0800,0,21,F200_GPS,-3.8810,-0.7330,0.2680,0.2090,1,0,1,0,0,0,0.0000,-1981230.1515,-4528392.1287,4014068.1704,20,-3.1237,-0.3971,0.7573,0.3359,-3.2180,-0.5885,-0.0390,-0.2000,-0.0553,0.0086,-0.0029,0.0000,0.0000,0.0000,0.0000,-0.0163,-0.0163,0.0000,0.0191,0.0000,0.0000
246.6200,39.0200,0,21,F220_GPS,-4.0680,-0.2470,0.2980,0.2090,1,0,1,0,0,0,0.0000,-1963119.5137,-4540849.6378,4008889.8467,20,-3.1038,-0.4090,0.9642,-0.1620,-3.2234,-0.5917,-0.0658,-0.1910,-0.0537,0.0083,-0.0026,0.0000,0.0000,0.0000,0.0000,-0.0180,-0.0180,0.0000,0.0207,0.0000,0.0000
246.9500,39.2800,0,21,F250_GPS,-1.8110,-1.7650,0.2680,0.1790,1,0,1,0,0,0,0.0000,-1929791.0630,-4535294.8061,4031297.4259,20,-3.0423,-0.4284,-1.2313,1.3366,-3.2094,-0.5959,-0.1116,-0.1752,-0.0554,0.0077,-0.0018,0.0000,0.0000,0.0000,0.0000,-0.0215,-0.0215,0.0000,0.0233,0.0000,0.0000
247.1600,39.3200,0,21,F270_GPS,-2.1900,0.3230,0.2680,0.2090,1,0,1,0,0,0,0.0000,-1912062.5226,-4539742.5665,4034737.3893,20,-2.9994,-0.4385,-0.8094,-0.7615,-3.2083,-0.5986,-0.1538,-0.1675,-0.0551,0.0074,-0.0015,0.0000,0.0000,0.0000,0.0000,-0.0259,-0.0259,0.0000,0.0274,0.0000,0.0000
241.8500,39.2300,0,12,F279_GPS,-3.4380,1.3880,0.1790,0.1790,1,0,1,0,0,0,0.0000,-2326971.8172,-4348892.6451,4026994.7089,10,-3.5817,1.7604,-0.1437,0.3724,-6.4219,1.8063,-2.7572,0.0248,-0.0830,0.0211,-0.0127,0.0000,0.0000,0.0000,0.0000,-1.6115,-1.6115,0.0000,1.6241,0.0000,0.0000
247.4500,39.3700,0,21,F280_GPS,-1.8600,0.3070,0.2980,0.2090,1,0,1,0,0,0,0.0000,-1887709.4517,-4546108.6838,4039034.5780,20,-2.9035,-0.4531,-1.0435,-0.7601,-3.2071,-0.6023,-0.2491,-0.1562,-0.0545,0.0070,-0.0011,0.0000,0.0000,0.0000,0.0000,-0.0396,-0.0396,0.0000,0.0407,0.0000,0.0000
246.3300,38.7900,0,21,F300_GPS,-2.9170,-0.3310,0.1490,0.1490,1,0,1,0,0,0,0.0000,-1992522.2704,-4545557.6121,3988998.9294,20,-3.1483,-0.3900,-0.2313,-0.0590,-3.2358,-0.5879,-0.0354,-0.2067,-0.0521,0.0087,-0.0033,0.0000,0.0000,0.0000,0.0000,-0.0163,-0.0163,0.0000,0.0197,0.0000,0.0000
240.8000,39.9400,0,12,FLRN_GPS,-5.8530,2.7330,0.1190,0.1190,1,0,1,0,0,0,0.0000,-2381745.0093,-4261630.9058,4087804.3245,10,-5.5550,3.3029,0.2980,0.5699,-5.6453,2.6506,0.0333,-0.6810,-0.1236,0.0287,-0.0153,0.0000,0.0000,0.0000,0.0000,0.0327,0.0327,0.0000,-0.0175,0.0000,0.0000
241.5700,37.7100,0,40,FLS2_GPS,-7.4190,6.5000,0.3580,0.3280,1,0,1,0,0,0,0.0000,-2398225.5717,-4429879.9114,3894743.8349,40,-6.1999,6.2069,1.2191,-0.2931,-5.9052,6.7079,0.3422,0.4835,-0.0475,0.0175,-0.0152,0.0000,0.0000,0.0000,0.0000,-0.4233,-0.4233,0.0000,0.4385,0.0000,0.0000
246.1900,39.3700,0,21,FOOT_GPS,-3.4610,-0.3070,0.1010,0.0960,1,0,1,0,0,0,0.0000,-1987219.1055,-4503499.9018,4039034.5780,20,-3.1122,-0.3936,0.3488,-0.0866,-3.1988,-0.5861,-0.0269,-0.2014,-0.0596,0.0088,-0.0026,0.0000,0.0000,0.0000,0.0000,-0.0156,-0.0156,0.0000,0.0182,0.0000,0.0000
238.7100,41.1000,0,3,FRAZ_GPS,-9.9160,7.5140,0.2680,0.2690,1,0,1,0,0,0,0.0000,-2492079.0192,-4100361.9141,4185800.4966,2,-5.6797,5.0048,4.2363,-2.5092,-6.3764,4.7146,-0.3417,-0.3325,-0.3550,0.0423,-0.0276,0.0000,0.0000,0.0000,0.0000,-0.0094,-0.0094,0.0000,0.0370,0.0000,0.0000
239.8200,39.9200,0,2,FUSG_GPS,-8.3390,3.8720,0.3580,0.2690,1,0,1,0,0,0,0.0000,-2455002.1551,-4221504.8592,4086099.9258,0,-7.4973,5.7104,0.8417,1.8384,-8.0988,5.9304,-0.4513,0.1782,-0.1503,0.0418,-0.0201,0.0000,0.0000,0.0000,0.0000,-0.0470,-0.0470,0.0000,0.0670,0.0000,0.0000
247.8500,39.6000,0,21,G101_GPS,-3.5010,-0.0160,0.2390,0.2090,1,0,1,0,0,0,0.0000,-1849797.8409,-4544122.6454,4058761.9778,20,-2.5702,-0.4814,0.9308,-0.4654,-3.1954,-0.6073,-0.5699,-0.1323,-0.0553,0.0063,-0.0003,0.0000,0.0000,0.0000,0.0000,-0.1271,-0.1271,0.0000,0.1274,0.0000,0.0000
247.7600,39.1400,0,21,G200_GPS,-2.6620,-0.6110,0.2390,0.1790,1,0,1,0,0,0,0.0000,-1869206.7839,-4571226.3633,4019242.0922,20,-2.5844,-0.4680,0.0776,0.1430,-3.2234,-0.6062,-0.5879,-0.1450,-0.0511,0.0067,-0.0011,0.0000,0.0000,0.0000,0.0000,-0.1369,-0.1369,0.0000,0.1380,0.0000,0.0000
247.9600,39.0800,0,21,G220_GPS,-5.7530,-0.4220,0.2090,0.2090,1,0,1,0,0,0,0.0000,-1854817.2428,-4581622.1124,4014068.1704,20,-1.9424,-0.4300,3.8106,-0.0080,-3.2285,-0.6087,-1.2363,-0.1853,-0.0499,0.0065,-0.0010,0.0000,0.0000,0.0000,0.0000,-0.6430,-0.6430,0.0000,0.6440,0.0000,0.0000
248.2600,38.9000,0,14,G250_GPS,-5.2500,0.9600,0.2090,0.1790,1,0,1,0,0,0,0.0000,-1835464.4625,-4602962.0189,3998520.0163,13,-1.0961,-0.1499,4.1539,-1.1099,-0.4245,-0.3335,0.7190,-0.1898,-0.0473,0.0063,-0.0010,0.0000,0.0000,0.0000,0.0000,-0.1413,-0.1413,0.0000,0.1423,0.0000,0.0000
241.8100,40.1200,0,12,G298_GPS,-5.1480,1.1900,0.2680,0.2690,1,0,1,0,0,0,0.0000,-2300177.5773,-4291611.4398,4103121.4732,10,-4.9332,1.9738,0.2148,0.7838,-5.4162,1.8385,-0.3718,-0.1564,-0.1112,0.0211,-0.0110,0.0000,0.0000,0.0000,0.0000,-0.0866,-0.0866,0.0000,0.0976,0.0000,0.0000
247.4100,38.6000,0,21,G300_GPS,-3.3520,-0.5910,0.1490,0.1490,1,0,1,0,0,0,0.0000,-1911562.4783,-4594493.9546,3972518.8048,20,-2.8814,-0.4387,0.4706,0.1523,-3.2545,-0.6018,-0.3261,-0.1703,-0.0470,0.0073,-0.0023,0.0000,0.0000,0.0000,0.0000,-0.0574,-0.0574,0.0000,0.0597,0.0000,0.0000
242.0800,38.9700,0,17,GABB_GPS,-4.2380,1.2290,0.1320,0.1320,1,0,1,0,0,0,0.0000,-2318028.2833,-4374300.5950,4004571.2185,16,-3.9963,0.8818,0.2417,-0.3472,-3.4151,0.1532,0.6554,-0.7481,-0.0742,0.0195,-0.0123,0.0000,0.0000,0.0000,0.0000,-0.1006,-0.1006,0.0000,0.1129,0.0000,0.0000
240.6400,40.4200,0,12,GARL_GPS,-5.4170,2.7400,0.1190,0.1190,1,0,1,0,0,0,0.0000,-2376762.0130,-4224967.0077,4128559.9886,10,-4.9838,3.1557,0.4332,0.4157,-5.1072,2.7792,0.0271,-0.4049,-0.1505,0.0284,-0.0149,0.0000,0.0000,0.0000,0.0000,-0.0223,-0.0223,0.0000,0.0372,0.0000,0.0000
242.5300,40.9400,0,17,GOLC_GPS,-2.6980,0.6580,0.2680,0.2690,1,0,1,0,0,0,0.0000,-2218750.4857,-4267634.2512,4172384.8866,16,-3.2533,0.4985,-0.5553,-0.1595,-2.8856,0.0764,0.4925,-0.4377,-0.1248,0.0156,-0.0065,0.0000,0.0000,0.0000,0.0000,-0.1445,-0.1445,0.0000,0.1510,0.0000,0.0000
245.8200,40.6400,0,21,GOSH_GPS,-3.6250,-0.3680,0.0950,0.0940,1,0,1,0,0,0,0.0000,-1979096.4491,-4407803.7186,4147143.0027,20,-2.9877,-0.4024,0.6373,-0.0344,-3.1161,-0.5813,-0.0485,-0.1871,-0.0799,0.0082,-0.0005,0.0000,0.0000,0.0000,0.0000,-0.0180,-0.0180,0.0000,0.0185,0.0000,0.0000
240.5200,42.0200,0,6,GUAN_GPS,-4.2600,1.8440,0.2680,0.2990,1,0,1,0,0,0,0.0000,-2327945.7606,-4117983.4882,4262303.6012,3,-3.1699,2.1089,1.0901,0.2649,-3.4425,1.7205,-0.0406,-0.4017,-0.2320,0.0133,-0.0125,0.0000,0.0000,0.0000,0.0000,-0.0373,-0.0373,0.0000,0.0498,0.0000,0.0000
248.9800,39.2900,0,14,H100_GPS,-0.7460,-0.7820,0.1490,0.1490,1,0,1,0,0,0,0.0000,-1767674.8440,-4600150.2353,4032157.6010,13,-0.6338,-0.2203,0.1122,0.5617,-0.4116,-0.3525,0.2706,-0.1375,-0.0484,0.0053,0.0001,0.0000,0.0000,0.0000,0.0000,-0.0244,-0.0244,0.0000,0.0243,0.0000,0.0000
239.8200,38.6300,0,1,H112_GPS,-10.3700,8.8720,0.2090,0.2390,1,0,1,0,0,0,0.0000,-2500624.8607,-4299955.4923,3975123.8386,1,-10.1331,7.7639,0.2369,-1.1081,-10.3126,7.8131,-0.1022,0.0157,-0.0772,0.0335,-0.0224,0.0000,0.0000,0.0000,0.0000,0.1175,0.1175,0.0000,-0.0950,0.0000,0.0000
240.9200,38.1600,0,40,H130_GPS,-11.2270,7.1280,0.3280,0.2690,1,0,1,0,0,0,0.0000,-2433382.9005,-4375519.6969,3934186.8922,40,-7.4401,7.9952,3.7869,0.8672,-3.7607,9.1805,3.7377,1.1631,-0.0582,0.0222,-0.0174,0.0000,0.0000,0.0000,0.0000,-1.6061,-1.6061,0.0000,1.6235,0.0000,0.0000
248.8900,38.8300,0,14,H200_GPS,-2.1080,-0.1770,0.2680,0.1790,1,0,1,0,0,0,0.0000,-1786500.4047,-4627419.1717,3992462.8458,13,-0.6522,-0.2032,1.4558,-0.0262,-0.4296,-0.3501,0.2675,-0.1526,-0.0450,0.0056,-0.0006,0.0000,0.0000,0.0000,0.0000,-0.0228,-0.0228,0.0000,0.0234,0.0000,0.0000
248.6400,38.4800,0,14,H300_GPS,-1.2680,2.5380,0.2090,0.1790,1,0,1,0,0,0,0.0000,-1815523.4633,-4642207.0607,3962087.7857,13,-0.7053,-0.1720,0.5627,-2.7100,-0.4426,-0.3435,0.3055,-0.1776,-0.0428,0.0060,-0.0012,0.0000,0.0000,0.0000,0.0000,-0.0273,-0.0273,0.0000,0.0285,0.0000,0.0000
248.6300,40.5100,0,14,HEBE_GPS,-0.9340,-0.2390,0.1000,0.0990,1,0,1,0,0,0,0.0000,-1764052.4048,-4508278.2094,4136169.5034,13,-0.8293,-0.3154,0.1047,-0.0764,-0.3614,-0.3433,0.5288,-0.0323,-0.0610,0.0044,0.0019,0.0000,0.0000,0.0000,0.0000,-0.0886,-0.0886,0.0000,0.0868,0.0000,0.0000
238.9800,39.7300,0,1,HELI_GPS,-7.6310,4.6040,0.3580,0.2690,1,0,1,0,0,0,0.0000,-2523595.5800,-4196649.4297,4069883.3366,1,-9.7439,7.7635,-2.1129,3.1595,-10.5605,7.6119,-0.6481,-0.2144,-0.1685,0.0628,-0.0264,0.0000,0.0000,0.0000,0.0000,-0.0596,-0.0596,0.0000,0.0860,0.0000,0.0000
244.3800,40.9500,0,21,HELO_GPS,-3.3380,-1.7300,0.2680,0.2990,1,0,1,0,0,0,0.0000,-2079507.1342,-4336381.0192,4173224.3165,20,-2.9799,-0.3247,0.3581,1.4053,-3.0869,-0.5625,-0.0081,-0.2483,-0.0990,0.0105,-0.0020,0.0000,0.0000,0.0000,0.0000,-0.0176,-0.0176,0.0000,0.0195,0.0000,0.0000
241.1800,38.2800,0,40,HICK_GPS,-6.6930,7.1170,0.2980,0.2990,1,0,1,0,0,0,0.0000,-2409525.0993,-4379288.1796,3944664.1551,40,-6.1934,6.8491,0.4996,-0.2679,-3.1497,8.1916,3.1045,1.3208,-0.0608,0.0216,-0.0163,0.0000,0.0000,0.0000,0.0000,0.0708,0.0708,0.0000,-0.0545,0.0000,0.0000
238.7300,41.4800,0,3,HLNB_GPS,-4.6760,2.5140,0.1190,0.1190,1,0,1,0,0,0,0.0000,-2476182.8057,-4077413.1190,4217531.5567,2,-4.8885,4.9435,-0.2125,2.4295,-5.5176,4.6820,-0.2543,-0.2839,-0.3748,0.0224,-0.0293,0.0000,0.0000,0.0000,0.0000,-0.0816,-0.0816,0.0000,0.1109,0.0000,0.0000
241.4600,38.0300,0,40,HNTO_GPS,-0.4950,6.1050,0.2980,0.2990,1,0,1,0,0,0,0.0000,-2396295.7544,-4406089.4796,3922817.0512,40,-6.3972,5.5494,-5.9022,-0.5556,-4.3489,7.1264,2.1025,1.5578,-0.0542,0.0192,-0.0154,0.0000,0.0000,0.0000,0.0000,0.7166,0.7166,0.0000,-0.7012,0.0000,0.0000
241.1900,37.9800,0,40,HORU_GPS,-9.7230,10.3170,0.2390,0.2390,1,0,1,0,0,0,0.0000,-2418681.0704,-4397746.2238,3918438.6549,40,-6.7290,7.3843,2.9940,-2.9327,-4.6155,8.1535,2.1670,0.7492,-0.0535,0.0200,-0.0164,0.0000,0.0000,0.0000,0.0000,-0.2362,-0.2362,0.0000,0.2526,0.0000,0.0000
239.3000,41.4900,0,3,HOTC_GPS,-2.6240,3.2920,0.2680,0.2690,1,0,1,0,0,0,0.0000,-2435121.4531,-4101211.9444,4218364.0854,2,-4.7341,4.0384,-2.1101,0.7464,-5.4672,3.7541,-0.4367,-0.3065,-0.2963,0.0223,-0.0224,0.0000,0.0000,0.0000,0.0000,-0.1022,-0.1022,0.0000,0.1246,0.0000,0.0000
240.0100,40.2400,0,12,HP26_GPS,-5.7300,3.4820,0.2030,0.1950,1,0,1,0,0,0,0.0000,-2429544.5368,-4209791.2320,4113310.4172,10,-5.6216,4.2157,0.1084,0.7337,-5.3324,3.2853,0.4530,-0.9676,-0.1638,0.0373,-0.0183,0.0000,0.0000,0.0000,0.0000,0.0615,0.0615,0.0000,-0.0432,0.0000,0.0000
240.3500,40.9200,0,12,HSPR_GPS,-3.8900,3.1510,0.2680,0.2390,1,0,1,0,0,0,0.0000,-2380201.5637,-4181412.0099,4170705.6454,10,-4.4657,3.2253,-0.5757,0.0743,-4.5509,3.0122,0.1022,-0.2397,-0.1873,0.0267,-0.0153,0.0000,0.0000,0.0000,0.0000,-0.0300,-0.0300,0.0000,0.0452,0.0000,0.0000
239.0700,44.2600,0,6,HSTN_GPS,0.0430,3.0010,0.2390,0.2390,1,0,1,0,0,0,0.0000,-2343918.5541,-3911752.9711,4443938.1146,3,-0.0726,3.1603,-0.1156,0.1593,-1.0253,2.8424,-0.3964,-0.3012,-0.5563,-0.0167,-0.0161,0.0000,0.0000,0.0000,0.0000,0.0313,0.0313,0.0000,-0.0151,0.0000,0.0000
239.5000,40.6300,0,12,HUSG_GPS,-5.2950,5.3850,0.2390,0.2090,1,0,1,0,0,0,0.0000,-2452652.5919,-4163777.8497,4146299.6447,10,-5.4286,4.7025,-0.1336,-0.6825,-4.9115,3.6947,0.7372,-1.0495,-0.2201,0.0418,-0.0204,0.0000,0.0000,0.0000,0.0000,-0.1511,-0.1511,0.0000,0.1715,0.0000,0.0000
238.6500,42.4100,0,3,J288_GPS,-1.3880,2.9170,0.2390,0.2990,1,0,1,0,0,0,0.0000,-2445932.3455,-4014954.9153,4294403.7364,2,-2.7596,4.9398,-1.3716,2.0228,-3.4219,4.8122,-0.2399,-0.1243,-0.4224,-0.0032,-0.0379,0.0000,0.0000,0.0000,0.0000,-0.0406,-0.0406,0.0000,0.0785,0.0000,0.0000
241.7500,40.9400,0,12,J74X_GPS,-4.6660,0.0930,0.4470,0.2690,1,0,1,0,0,0,0.0000,-2276640.8244,-4237034.6206,4172384.8866,10,-4.0460,1.9840,0.6200,1.8910,-4.4890,1.8868,-0.3020,-0.1158,-0.1411,0.0185,-0.0092,0.0000,0.0000,0.0000,0.0000,-0.0648,-0.0648,0.0000,0.0739,0.0000,0.0000
240.5300,38.3600,0,1,JNCT_GPS,-6.4380,8.7440,0.2980,0.2090,1,0,1,0,0,0,0.0000,-2456338.3784,-4346872.3684,3951639.3870,1,-8.8251,7.3303,-2.3871,-1.4137,-10.2082,7.9818,-1.3183,0.6259,-0.0648,0.0256,-0.0190,0.0000,0.0000,0.0000,0.0000,0.2664,0.2664,0.0000,-0.2474,0.0000,0.0000
240.0700,42.9300,0,6,JUNI_GPS,-1.9520,2.8520,0.1510,0.1520,1,0,1,0,0,0,0.0000,-2326143.5757,-4040390.6527,4336894.1537,3,-1.9836,2.3484,-0.0316,-0.5036,-2.4547,2.0688,-0.1619,-0.2833,-0.3092,0.0037,-0.0137,0.0000,0.0000,0.0000,0.0000,-0.0340,-0.0340,0.0000,0.0477,0.0000,0.0000
242.3200,40.1600,0,17,K102_GPS,-3.7000,-0.4330,0.2680,0.2690,1,0,1,0,0,0,0.0000,-2260555.3426,-4309377.7068,4106519.7899,16,-4.4662,1.2778,-0.7662,1.7108,-3.0957,0.1123,1.4753,-1.1840,-0.1047,0.0185,-0.0092,0.0000,0.0000,0.0000,0.0000,1.2908,1.2908,0.0000,-1.2815,0.0000,0.0000
239.3600,43.2900,0,3,L091_GPS,-1.3320,2.6900,0.2680,0.2990,1,0,1,0,0,0,0.0000,-2362097.2537,-3987731.8512,4366101.5458,2,-0.9200,3.2737,0.4120,0.5837,-1.3979,3.6564,-0.0799,0.3868,-0.3980,-0.0040,-0.0218,0.0000,0.0000,0.0000,0.0000,-0.8969,-0.8969,0.0000,0.9186,0.0000,0.0000
243.1400,40.4000,0,17,LEWI_GPS,-2.8690,-0.6920,0.1020,0.0970,1,0,1,0,0,0,0.0000,-2190860.3803,-4325904.0740,4126867.6012,16,-3.1844,0.2358,-0.3154,0.9278,-3.0308,-0.0276,0.2542,-0.2783,-0.1006,0.0150,-0.0063,0.0000,0.0000,0.0000,0.0000,-0.0525,-0.0525,0.0000,0.0588,0.0000,0.0000
241.7700,38.5300,0,12,LIZZ_GPS,-3.7180,3.2920,0.1790,0.1790,1,0,1,0,0,0,0.0000,-2356138.7869,-4388661.0350,3966436.1584,10,-5.0609,2.5842,-1.3429,-0.7078,-7.2140,1.8707,-2.0881,-0.7334,-0.0649,0.0199,-0.0139,0.0000,0.0000,0.0000,0.0000,-0.4790,-0.4790,0.0000,0.4929,0.0000,0.0000
243.0200,40.3600,0,17,LL92_GPS,-3.3190,0.4350,0.1790,0.2090,1,0,1,0,0,0,0.0000,-2201222.2792,-4323872.5418,4123481.3181,16,-3.2539,0.2957,0.0651,-0.1393,-3.0415,-0.0071,0.3134,-0.3182,-0.1011,0.0154,-0.0067,0.0000,0.0000,0.0000,0.0000,-0.0699,-0.0699,0.0000,0.0766,0.0000,0.0000
241.4400,40.0700,0,12,LOLA_GPS,-6.1850,2.1060,0.1790,0.1790,1,0,1,0,0,0,0.0000,-2329554.3869,-4279811.4759,4098870.7653,10,-5.1284,2.4005,1.0566,0.2945,-5.4810,2.1361,-0.2368,-0.2879,-0.1159,0.0234,-0.0124,0.0000,0.0000,0.0000,0.0000,-0.0408,-0.0408,0.0000,0.0532,0.0000,0.0000
241.0100,42.7200,0,6,LOOP_GPS,-3.4420,0.5240,0.2390,0.2090,1,0,1,0,0,0,0.0000,-2267235.1647,-4091884.6110,4319777.3669,3,-2.3199,1.6148,1.1221,1.0908,-2.6660,1.3411,-0.1039,-0.2811,-0.2422,0.0075,-0.0067,0.0000,0.0000,0.0000,0.0000,-0.0344,-0.0344,0.0000,0.0411,0.0000,0.0000
242.3600,40.0300,0,17,LOWE_GPS,-4.4100,0.2660,0.1790,0.1790,1,0,1,0,0,0,0.0000,-2261862.9410,-4319197.8140,4095467.9514,16,-4.1210,1.0745,0.2890,0.8085,-3.1306,0.1054,1.0909,-0.9876,-0.1004,0.0185,-0.0094,0.0000,0.0000,0.0000,0.0000,0.8717,0.8717,0.0000,-0.8622,0.0000,0.0000
241.2300,38.4200,0,40,LUCK_GPS,-6.7740,6.3150,0.3280,0.2390,1,0,1,0,0,0,0.0000,-2401056.3318,-4372927.3196,3956865.7559,40,-6.1117,6.0545,0.6623,-0.2605,-2.4608,8.0014,3.7152,1.9248,-0.0643,0.0220,-0.0160,0.0000,0.0000,0.0000,0.0000,0.8257,0.8257,0.0000,-0.8097,0.0000,0.0000
238.8500,39.6300,0,1,LUMP_GPS,-7.5520,6.4090,0.4180,0.2690,1,0,1,0,0,0,0.0000,-2536781.5022,-4196985.4956,4061330.3019,1,-9.9365,7.8356,-2.3845,1.4266,-10.5556,7.5806,-0.4556,-0.3213,-0.1634,0.0663,-0.0279,0.0000,0.0000,0.0000,0.0000,-0.0198,-0.0198,0.0000,0.0477,0.0000,0.0000
239.5800,44.4000,0,6,M753_GPS,0.4060,3.0820,0.2980,0.3880,1,0,1,0,0,0,0.0000,-2303501.9757,-3923085.8765,4455067.5993,3,-0.1499,2.6761,-0.5559,-0.4059,-0.8552,2.4479,-0.2061,-0.2130,-0.4992,-0.0152,-0.0049,0.0000,0.0000,0.0000,0.0000,-0.0154,-0.0154,0.0000,0.0203,0.0000,0.0000
240.2100,39.3700,0,19,MAGU_GPS,-9.5620,6.0570,0.1190,0.1190,1,0,1,0,0,0,0.0000,-2445585.7883,-4271962.2296,4039034.5780,19,-8.1884,5.8212,1.3736,-0.2358,-8.5727,6.1757,-0.2762,0.3197,-0.1082,0.0348,-0.0192,0.0000,0.0000,0.0000,0.0000,-0.4510,-0.4510,0.0000,0.4703,0.0000,0.0000
238.6000,41.0500,0,3,MCAR_GPS,-10.1310,3.8180,0.2980,0.2990,1,0,1,0,0,0,0.0000,-2501848.7432,-4098686.2026,4181611.6200,2,-5.6973,4.9308,4.4337,1.1128,-6.4953,4.8936,-0.4260,-0.0848,-0.3720,0.0476,-0.0289,0.0000,0.0000,0.0000,0.0000,0.2760,0.2760,0.0000,-0.2471,0.0000,0.0000
242.4000,40.1100,0,17,MCOY_GPS,-4.7990,1.0640,0.1790,0.1790,1,0,1,0,0,0,0.0000,-2256195.5303,-4315704.0054,4102271.5815,16,-3.9674,1.0506,0.8316,-0.0134,-3.1090,0.0986,0.9606,-0.9702,-0.1022,0.0182,-0.0091,0.0000,0.0000,0.0000,0.0000,0.8474,0.8474,0.0000,-0.8383,0.0000,0.0000
241.5800,42.6600,0,12,MICK_GPS,-2.9970,1.5000,0.1790,0.1790,1,0,1,0,0,0,0.0000,-2228567.7631,-4118213.2863,4314876.1877,10,-2.3149,1.3536,0.6821,-0.1464,-2.5427,2.0235,-0.0131,0.6620,-0.2148,0.0079,-0.0037,0.0000,0.0000,0.0000,0.0000,0.0231,0.0231,0.0000,-0.0194,0.0000,0.0000
243.9000,40.1500,0,21,MINE_GPS,-3.5690,0.2860,0.1020,0.1020,1,0,1,0,0,0,0.0000,-2141189.9527,-4370712.4852,4105670.3983,20,-3.1587,-0.2304,0.4103,-0.5164,-3.1350,-0.5561,0.1105,-0.3387,-0.0868,0.0131,-0.0051,0.0000,0.0000,0.0000,0.0000,-0.0226,-0.0226,0.0000,0.0276,0.0000,0.0000
241.9400,39.2000,0,17,MN54_GPS,-4.7340,1.5840,0.1790,0.1790,1,0,1,0,0,0,0.0000,-2321129.2502,-4354402.5638,4024411.6064,16,-2.9343,1.4394,1.7997,-0.1446,-3.3538,0.1770,-0.3382,-1.2829,-0.0814,0.0206,-0.0124,0.0000,0.0000,0.0000,0.0000,2.4059,2.4059,0.0000,-2.3935,0.0000,0.0000
241.7200,39.4000,0,12,MOND_GPS,-5.5310,1.5940,0.2090,0.2090,1,0,1,0,0,0,0.0000,-2331161.9741,-4333060.4060,4041611.4150,10,-4.6193,2.1856,0.9117,0.5916,-6.2324,1.9109,-1.5238,-0.2966,-0.0892,0.0220,-0.0128,0.0000,0.0000,0.0000,0.0000,-0.4507,-0.4507,0.0000,0.4635,0.0000,0.0000
243.2800,39.1500,0,21,MONI_GPS,-3.7270,0.2230,0.1190,0.1190,1,0,1,0,0,0,0.0000,-2220243.8019,-4410627.2658,4020103.9841,20,-3.4369,-0.0258,0.2901,-0.2488,-3.1943,-0.5478,0.3133,-0.5373,-0.0707,0.0153,-0.0086,0.0000,0.0000,0.0000,0.0000,-0.0358,-0.0358,0.0000,0.0443,0.0000,0.0000
245.2000,41.1100,0,21,MOOR_GPS,-2.6500,-1.9720,0.2980,0.2990,1,0,1,0,0,0,0.0000,-2012339.2187,-4355101.0910,4186637.8895,20,-2.9386,-0.3838,-0.2886,1.5882,-3.0819,-0.5733,-0.0498,-0.1978,-0.0935,0.0084,-0.0001,0.0000,0.0000,0.0000,0.0000,-0.0185,-0.0185,0.0000,0.0186,0.0000,0.0000
241.1500,41.8900,0,6,N067_GPS,-2.4180,2.7180,0.2390,0.2690,1,0,1,0,0,0,0.0000,-2287186.8405,-4151791.0359,4251559.5976,3,-3.2586,1.8159,-0.8406,-0.9021,-3.5742,1.2327,-0.1180,-0.5973,-0.1975,0.0140,-0.0091,0.0000,0.0000,0.0000,0.0000,0.0466,0.0466,0.0000,-0.0375,0.0000,0.0000
239.3300,40.4200,0,2,N843_GPS,-6.1310,4.1910,0.4180,0.2690,1,0,1,0,0,0,0.0000,-2472731.2496,-4169525.6384,4128559.9886,0,-6.2999,5.8416,-0.1689,1.6506,-6.6998,6.9638,-0.1845,1.0730,-0.2154,0.0492,-0.0218,0.0000,0.0000,0.0000,0.0000,0.2168,0.2168,0.0000,-0.1950,0.0000,0.0000
242.4900,39.6900,0,17,NEWS_GPS,-4.4900,0.4670,0.1430,0.1450,1,0,1,0,0,0,0.0000,-2263243.0979,-4345797.4939,4066463.6090,16,-3.8484,0.8425,0.6416,0.3755,-3.2217,0.0833,0.7162,-0.7775,-0.0895,0.0182,-0.0098,0.0000,0.0000,0.0000,0.0000,-0.2296,-0.2296,0.0000,0.2393,0.0000,0.0000
240.7600,41.8800,0,6,OBSD_GPS,-1.6530,1.7350,0.2090,0.2390,1,0,1,0,0,0,0.0000,-2315756.4091,-4136774.0132,4250732.2285,3,-3.3286,2.0135,-1.6756,0.2785,-3.5914,1.5347,-0.0492,-0.4934,-0.2136,0.0146,-0.0113,0.0000,0.0000,0.0000,0.0000,-0.0072,-0.0072,0.0000,0.0185,0.0000,0.0000
239.4100,42.2000,0,3,OREG_GPS,-3.4410,2.6880,0.2680,0.2990,1,0,1,0,0,0,0.0000,-2400456.1181,-4060566.9368,4277143.6776,2,-3.2464,3.6332,0.1946,0.9452,-3.8588,3.5750,-0.2924,-0.0660,-0.3200,0.0078,-0.0230,0.0000,0.0000,0.0000,0.0000,-0.0774,-0.0774,0.0000,0.1004,0.0000,0.0000
238.5000,39.5500,0,1,ORVB_GPS,-10.7900,7.0220,0.1190,0.1190,1,0,1,0,0,0,0.0000,-2565332.3646,-4186241.9472,4054478.9654,1,-10.1618,7.9705,0.6282,0.9485,-10.5721,7.4962,-0.2420,-0.5533,-0.1683,0.0790,-0.0320,0.0000,0.0000,0.0000,0.0000,0.0078,0.0078,0.0000,0.0242,0.0000,0.0000
238.7200,41.7100,0,3,OVRP_GPS,-6.1540,3.6140,0.1190,0.1190,1,0,1,0,0,0,0.0000,-2468083.9361,-4062478.7948,4236647.1635,2,-4.3541,4.9355,1.7999,1.3215,-4.9988,4.6983,-0.2594,-0.2502,-0.3854,0.0130,-0.0311,0.0000,0.0000,0.0000,0.0000,-0.0708,-0.0708,0.0000,0.1019,0.0000,0.0000
240.5300,40.5800,0,12,P19A_GPS,-2.8100,2.1440,0.2680,0.2690,1,0,1,0,0,0,0.0000,-2379187.7379,-4210342.3243,4142080.9603,10,-4.8113,3.2109,-2.0013,1.0669,-4.9297,2.8676,0.0439,-0.3717,-0.1623,0.0284,-0.0150,0.0000,0.0000,0.0000,0.0000,-0.0276,-0.0276,0.0000,0.0427,0.0000,0.0000
240.2200,41.0000,0,12,P515_GPS,-5.6930,2.6570,0.2090,0.2390,1,0,1,0,0,0,0.0000,-2386788.1075,-4170942.3181,4177419.5589,10,-4.4480,3.2619,1.2450,0.6049,-4.4649,3.1167,0.1812,-0.1719,-0.1981,0.0268,-0.0158,0.0000,0.0000,0.0000,0.0000,-0.0225,-0.0225,0.0000,0.0383,0.0000,0.0000
241.0900,40.7800,0,12,PAHS_GPS,-9.7400,1.0210,0.3880,0.2690,1,0,1,0,0,0,0.0000,-2330919.5059,-4220712.1336,4158936.7396,10,-4.4383,2.6197,5.3017,1.5987,-4.6865,2.4175,-0.0955,-0.2249,-0.1526,0.0227,-0.0122,0.0000,0.0000,0.0000,0.0000,-0.0312,-0.0312,0.0000,0.0434,0.0000,0.0000
242.3100,41.2800,0,17,PARA_GPS,-2.2810,0.2680,0.2680,0.2690,1,0,1,0,0,0,0.0000,-2223575.9447,-4237084.7115,4200854.0355,16,-3.2839,0.8300,-1.0029,0.5620,-2.7942,0.1140,0.6298,-0.7310,-0.1400,0.0149,-0.0062,0.0000,0.0000,0.0000,0.0000,-0.3559,-0.3559,0.0000,0.3621,0.0000,0.0000
239.9300,42.2100,0,6,PARS_GPS,-2.7930,2.4680,0.2090,0.2090,1,0,1,0,0,0,0.0000,-2363131.1504,-4081539.1603,4277966.8899,3,-3.0058,2.5488,-0.2128,0.0808,-3.2477,2.1772,0.0358,-0.3818,-0.2777,0.0102,-0.0171,0.0000,0.0000,0.0000,0.0000,-0.0814,-0.0814,0.0000,0.0986,0.0000,0.0000
241.2500,40.8600,0,12,PERS_GPS,-7.2180,0.5140,0.3580,0.2690,1,0,1,0,0,0,0.0000,-2316328.6334,-4222109.5774,4165664.8737,10,-4.3076,2.4596,2.9104,1.9456,-4.5916,2.2889,-0.1328,-0.1921,-0.1512,0.0213,-0.0113,0.0000,0.0000,0.0000,0.0000,-0.0337,-0.0337,0.0000,0.0450,0.0000,0.0000
238.7200,44.0600,0,6,PIBU_GPS,0.2600,3.3270,0.1800,0.1750,1,0,1,0,0,0,0.0000,-2375810.0644,-3910595.5297,4427992.8413,3,0.1986,3.6058,-0.0614,0.2788,-1.2573,3.1129,-0.8720,-0.4736,-0.5839,-0.0192,-0.0280,0.0000,0.0000,0.0000,0.0000,0.3207,0.3207,0.0000,-0.2927,0.0000,0.0000
239.2800,42.2600,0,3,PL20_GPS,-3.4470,3.9930,0.2680,0.2690,1,0,1,0,0,0,0.0000,-2407373.6714,-4051257.3123,4282080.9961,2,-3.1220,3.8845,0.3250,-0.1085,-3.7289,3.7867,-0.2710,-0.1037,-0.3359,0.0059,-0.0250,0.0000,0.0000,0.0000,0.0000,-0.0685,-0.0685,0.0000,0.0935,0.0000,0.0000
241.9600,39.0400,0,17,POST_GPS,-4.2490,2.8830,0.1790,0.1790,1,0,1,0,0,0,0.0000,-2324883.0621,-4365114.6552,4010616.4434,16,-3.2054,1.0529,1.0436,-1.8301,-3.3966,0.1736,-0.1143,-0.8995,-0.0768,0.0202,-0.0126,0.0000,0.0000,0.0000,0.0000,1.2692,1.2692,0.0000,-1.2566,0.0000,0.0000
239.4300,40.5500,0,12,Q837_GPS,-7.8090,3.5880,0.2980,0.2690,1,0,1,0,0,0,0.0000,-2460679.7751,-4165758.8641,4139548.2353,10,-5.5650,5.0718,2.2440,1.4838,-5.0049,3.7509,0.7791,-1.3656,-0.2190,0.0447,-0.0210,0.0000,0.0000,0.0000,0.0000,0.0816,0.0816,0.0000,-0.0607,0.0000,0.0000
239.0600,39.9700,0,1,QUIN_GPS,-9.6000,6.3010,0.1190,0.1190,1,0,1,0,0,0,0.0000,-2508946.4279,-4185510.0584,4090359.9884,1,-8.9195,7.5253,0.6805,1.2243,-10.5919,7.6312,-1.4829,0.0446,-0.1895,0.0612,-0.0250,0.0000,0.0000,0.0000,0.0000,-0.4171,-0.4171,0.0000,0.4422,0.0000,0.0000
239.8800,43.4800,0,6,R090_GPS,0.0360,3.5700,0.2680,0.2690,1,0,1,0,0,0,0.0000,-2318530.6731,-3996459.4260,4381447.1394,3,-1.2445,2.4879,-1.2805,-1.0821,-1.8562,2.2158,-0.2466,-0.2703,-0.3652,-0.0018,-0.0124,0.0000,0.0000,0.0000,0.0000,-0.0171,-0.0171,0.0000,0.0295,0.0000,0.0000
244.3400,38.2800,0,21,RAIL_GPS,-3.8170,-0.2090,0.1320,0.1320,1,0,1,0,0,0,0.0000,-2164455.5514,-4505453.1771,3944664.1551,20,-3.3447,-0.1913,0.4723,0.0177,-3.2549,-0.5619,0.1415,-0.3825,-0.0517,0.0119,-0.0074,0.0000,0.0000,0.0000,0.0000,-0.0096,-0.0096,0.0000,0.0170,0.0000,0.0000
241.3000,40.0000,0,12,RATT_GPS,-6.6040,2.5120,0.1490,0.1490,1,0,1,0,0,0,0.0000,-2342408.0500,-4278495.8375,4092914.5310,10,-5.2436,2.5882,1.3604,0.0762,-5.5637,2.2487,-0.2042,-0.3640,-0.1159,0.0245,-0.0131,0.0000,0.0000,0.0000,0.0000,-0.0250,-0.0250,0.0000,0.0382,0.0000,0.0000
238.9000,42.4300,0,3,ROCO_GPS,-0.9630,1.6070,0.3280,0.2990,1,0,1,0,0,0,0.0000,-2427616.1252,-4024305.2401,4296044.5464,2,-2.7594,4.5197,-1.7964,2.9127,-3.3632,4.4053,-0.2153,-0.1140,-0.3884,-0.0003,-0.0322,0.0000,0.0000,0.0000,0.0000,-0.0427,-0.0427,0.0000,0.0749,0.0000,0.0000
244.8800,40.6200,0,21,RUBY_GPS,-3.6340,-0.2070,0.1000,0.0990,1,0,1,0,0,0,0.0000,-2051756.1255,-4376053.1860,4145456.1603,20,-3.0230,-0.3545,0.6110,-0.1475,-3.1113,-0.5691,-0.0009,-0.2246,-0.0873,0.0100,-0.0020,0.0000,0.0000,0.0000,0.0000,-0.0175,-0.0175,0.0000,0.0194,0.0000,0.0000
239.9600,39.7900,0,2,SAGE_GPS,-8.8410,4.8670,0.1490,0.1490,1,0,1,0,0,0,0.0000,-2449314.5951,-4235505.8054,4075009.2083,0,-7.5374,5.6325,1.3036,0.7655,-8.4627,5.6350,-0.7880,-0.0369,-0.1373,0.0394,-0.0196,0.0000,0.0000,0.0000,0.0000,-0.2261,-0.2261,0.0000,0.2457,0.0000,0.0000
241.6800,39.0400,0,12,SHEL_GPS,-5.3720,1.0960,0.2680,0.2090,1,0,1,0,0,0,0.0000,-2346187.1902,-4353701.0547,4010616.4434,10,-4.7320,2.4833,0.6400,1.3873,-6.6400,1.9431,-1.8291,-0.5619,-0.0789,0.0217,-0.0136,0.0000,0.0000,0.0000,0.0000,-0.4267,-0.4267,0.0000,0.4403,0.0000,0.0000
239.7700,40.5900,0,12,SHIN_GPS,-6.7490,4.1750,0.1000,0.0990,1,0,1,0,0,0,0.0000,-2434460.8812,-4177789.4324,4142924.9496,10,-5.1493,4.2385,1.5997,0.0635,-4.9457,3.4780,0.4026,-0.7981,-0.1990,0.0376,-0.0189,0.0000,0.0000,0.0000,0.0000,-0.0582,-0.0582,0.0000,0.0771,0.0000,0.0000
240.9800,41.8700,0,6,SHLD_GPS,-3.5190,2.5990,0.1030,0.1030,1,0,1,0,0,0,0.0000,-2300215.1733,-4146284.0477,4249904.7299,3,-3.3151,1.9140,0.2039,-0.6850,-3.5987,1.3643,-0.0800,-0.5641,-0.2035,0.0144,-0.0101,0.0000,0.0000,0.0000,0.0000,0.0261,0.0261,0.0000,-0.0161,0.0000,0.0000
242.8100,40.0300,0,17,SHON_GPS,-5.4720,1.0450,0.2090,0.2390,1,0,1,0,0,0,0.0000,-2227870.6283,-4336829.0471,4095467.9514,16,-3.5529,0.4707,1.9191,-0.5743,-3.1302,0.0287,0.5176,-0.4587,-0.0950,0.0167,-0.0081,0.0000,0.0000,0.0000,0.0000,-0.1338,-0.1338,0.0000,0.1419,0.0000,0.0000
240.1200,39.3100,0,2,SLID_GPS,-9.9080,5.5980,0.1410,0.1230,1,0,1,0,0,0,0.0000,-2454398.9632,-4271780.5232,4033877.5828,0,-8.5594,6.0202,1.3486,0.4222,-9.8297,5.2974,-1.1637,-0.7584,-0.1066,0.0356,-0.0198,0.0000,0.0000,0.0000,0.0000,-0.3364,-0.3364,0.0000,0.3562,0.0000,0.0000
241.7900,39.1100,0,12,SLR1_GPS,-6.2560,3.3910,0.1790,0.1790,1,0,1,0,0,0,0.0000,-2335506.4198,-4353876.2451,4016655.6819,10,-3.9923,2.0873,2.2637,-1.3037,-6.5587,1.8546,-2.4863,-0.2539,-0.0801,0.0212,-0.0131,0.0000,0.0000,0.0000,0.0000,-1.1056,-1.1056,0.0000,1.1187,0.0000,0.0000
247.1600,39.4300,0,21,SMEL_GPS,-3.0770,-0.3660,0.0950,0.0960,1,0,1,0,0,0,0.0000,-1909052.2663,-4532595.4210,4044187.1440,20,-2.9942,-0.4401,0.0828,-0.0741,-3.2014,-0.5986,-0.1509,-0.1659,-0.0563,0.0074,-0.0013,0.0000,0.0000,0.0000,0.0000,-0.0254,-0.0254,0.0000,0.0267,0.0000,0.0000
240.3500,40.6200,0,12,SMOK_GPS,-6.0610,3.7100,0.2140,0.1850,1,0,1,0,0,0,0.0000,-2390972.0388,-4200333.0100,4145456.1603,10,-4.8168,3.3870,1.2442,-0.3230,-4.8904,3.0122,0.0978,-0.4046,-0.1715,0.0298,-0.0158,0.0000,0.0000,0.0000,0.0000,-0.0313,-0.0313,0.0000,0.0471,0.0000,0.0000
241.5800,39.1500,0,12,SNDS_GPS,-7.7690,3.3000,0.1790,0.2090,1,0,1,0,0,0,0.0000,-2350113.3291,-4342819.6783,4020103.9841,10,-5.0254,2.6683,2.7436,-0.6317,-6.5179,2.0235,-1.4096,-0.6673,-0.0830,0.0224,-0.0138,0.0000,0.0000,0.0000,0.0000,-0.1213,-0.1213,0.0000,0.1351,0.0000,0.0000
241.9800,41.4100,0,12,SODH_GPS,-2.0960,2.1830,0.1790,0.2090,1,0,1,0,0,0,0.0000,-2243459.3270,-4215782.5649,4211700.2594,10,-3.4383,1.5130,-1.3423,-0.6700,-3.9517,1.7017,-0.3611,0.1735,-0.1522,0.0153,-0.0070,0.0000,0.0000,0.0000,0.0000,-0.0891,-0.0891,0.0000,0.0960,0.0000,0.0000
242.7600,42.9300,0,12,T128_GPS,-2.7610,-0.8530,0.2680,0.2990,1,0,1,0,0,0,0.0000,-2133956.2929,-4145109.2990,4336894.1537,10,-1.9863,1.0110,0.7747,1.8640,-2.2146,1.0741,-0.0424,0.0583,-0.1859,0.0047,0.0022,0.0000,0.0000,0.0000,0.0000,-0.0647,-0.0647,0.0000,0.0625,0.0000,0.0000
238.7000,41.6300,0,3,TMBR_GPS,-4.6640,5.6150,0.1190,0.1190,1,0,1,0,0,0,0.0000,-2472572.6526,-4066667.5929,4230005.9844,2,-4.5420,4.9729,0.1220,-0.6421,-5.1805,4.7309,-0.2525,-0.2578,-0.3861,0.0158,-0.0308,0.0000,0.0000,0.0000,0.0000,-0.0756,-0.0756,0.0000,0.1065,0.0000,0.0000
242.8200,38.1000,0,21,TONO_GPS,-4.2220,0.7720,0.1040,0.0990,1,0,1,0,0,0,0.0000,-2288854.5803,-4457455.8451,3928941.7864,20,-3.7595,0.2779,0.4625,-0.4941,-3.2569,-0.5416,0.5554,-0.8346,-0.0528,0.0151,-0.0112,0.0000,0.0000,0.0000,0.0000,-0.0690,-0.0690,0.0000,0.0801,0.0000,0.0000
240.8700,40.7700,0,12,TRGO_GPS,-7.4610,2.5300,0.2980,0.2390,1,0,1,0,0,0,0.0000,-2347461.9676,-4212364.9504,4158095.1524,10,-4.4962,2.8212,2.9648,0.2912,-4.7041,2.5944,-0.0486,-0.2510,-0.1592,0.0242,-0.0131,0.0000,0.0000,0.0000,0.0000,-0.0292,-0.0292,0.0000,0.0423,0.0000,0.0000
238.7900,42.4400,0,3,TUFF_GPS,-2.2720,1.1110,0.2980,0.2990,1,0,1,0,0,0,0.0000,-2434949.1916,-4018995.7915,4296864.7551,2,-2.7221,4.7031,-0.4501,3.5921,-3.3464,4.5844,-0.2207,-0.1170,-0.4036,-0.0018,-0.0347,0.0000,0.0000,0.0000,0.0000,-0.0411,-0.0411,0.0000,0.0758,0.0000,0.0000
241.7400,40.4000,0,12,TUNG_GPS,-5.5910,2.0090,0.1000,0.1000,1,0,1,0,0,0,0.0000,-2295897.6451,-4271085.2563,4126867.6012,10,-4.7073,2.0502,0.8837,0.0412,-5.1008,1.8948,-0.2714,-0.1761,-0.1221,0.0207,-0.0106,0.0000,0.0000,0.0000,0.0000,-0.0583,-0.0583,0.0000,0.0689,0.0000,0.0000
241.7000,43.1700,0,6,U698_GPS,-2.0300,-1.4050,0.2680,0.2990,1,0,1,0,0,0,0.0000,-2201641.4767,-4088891.9484,4356384.8434,3,-1.8508,1.2380,0.1792,2.6430,-2.1634,0.8067,-0.0786,-0.4352,-0.2340,0.0038,-0.0002,0.0000,0.0000,0.0000,0.0000,0.0265,0.0265,0.0000,-0.0263,0.0000,0.0000
241.2000,39.6300,0,12,UPSA_GPS,-6.6470,3.0550,0.1020,0.0960,1,0,1,0,0,0,0.0000,-2362555.9546,-4297473.3277,4061330.3019,10,-5.4839,3.0985,1.1631,0.0435,-5.9846,2.3291,-0.3972,-0.7950,-0.1036,0.0255,-0.0143,0.0000,0.0000,0.0000,0.0000,0.1046,0.1046,0.0000,-0.0903,0.0000,0.0000
239.6800,39.3200,0,1,UU83_GPS,-9.1120,6.7780,0.2090,0.1790,1,0,1,0,0,0,0.0000,-2486775.7278,-4252198.5067,4034737.3893,1,-9.3272,7.3187,-0.2152,0.5407,-10.4353,7.7797,-0.9933,0.4188,-0.1148,0.0422,-0.0223,0.0000,0.0000,0.0000,0.0000,-0.0917,-0.0917,0.0000,0.1140,0.0000,0.0000
240.4600,39.0800,0,19,V209_GPS,-6.6710,4.8470,0.1790,0.1490,1,0,1,0,0,0,0.0000,-2436970.7127,-4300323.4681,4014068.1704,19,-7.9992,5.7977,-1.3282,0.9507,-9.7683,5.3919,-1.6776,-0.4364,-0.0915,0.0307,-0.0185,0.0000,0.0000,0.0000,0.0000,-0.6305,-0.6305,0.0000,0.6491,0.0000,0.0000
242.8900,40.7800,0,17,VALM_GPS,-6.3840,0.2410,0.2390,0.2690,1,0,1,0,0,0,0.0000,-2197193.5659,-4291845.4180,4158936.7396,16,-3.0964,0.3081,3.2876,0.0671,-2.9285,0.0151,0.2820,-0.3080,-0.1142,0.0149,-0.0060,0.0000,0.0000,0.0000,0.0000,-0.0632,-0.0632,0.0000,0.0692,0.0000,0.0000
239.2300,43.0100,0,6,W072_GPS,-3.5270,3.2770,0.1870,0.1790,1,0,1,0,0,0,0.0000,-2382026.4423,-4000647.7076,4343399.5222,3,-1.6484,3.5992,1.8786,0.3222,-2.3909,2.7186,-0.3541,-0.8777,-0.3884,-0.0029,-0.0256,0.0000,0.0000,0.0000,0.0000,0.1100,0.1100,0.0000,-0.0845,0.0000,0.0000
241.4200,38.6100,0,12,W078_GPS,-5.0390,4.7070,0.3280,0.2690,1,0,1,0,0,0,0.0000,-2380251.7538,-4369318.7855,3973387.2704,10,-5.2093,4.1819,-0.1703,-0.5251,-7.1314,2.1522,-1.8535,-2.0515,-0.0686,0.0218,-0.0151,0.0000,0.0000,0.0000,0.0000,1.0788,1.0788,0.0000,-1.0637,0.0000,0.0000
239.6400,42.1900,0,3,W67R_GPS,-4.6210,2.8790,0.2090,0.2390,1,0,1,0,0,0,0.0000,-2384513.9302,-4070814.3130,4276320.3350,2,-3.2701,2.9240,1.3509,0.0450,-3.8723,3.2005,-0.3032,0.2672,-0.2990,0.0093,-0.0202,0.0000,0.0000,0.0000,0.0000,0.4063,0.4063,0.0000,-0.3861,0.0000,0.0000
241.6300,40.0200,0,12,WILD_GPS,-5.3740,4.0980,0.2090,0.2090,1,0,1,0,0,0,0.0000,-2317047.9614,-4290658.7319,4094616.9360,10,-5.0828,2.1752,0.2912,-1.9228,-5.5332,1.9833,-0.3397,-0.2142,-0.1108,0.0223,-0.0119,0.0000,0.0000,0.0000,0.0000,-0.0689,-0.0689,0.0000,0.0808,0.0000,0.0000
243.5900,41.2100,0,17,WILO_GPS,-2.2770,-0.7920,0.1790,0.2090,1,0,1,0,0,0,0.0000,-2130652.8028,-4290291.9275,4195004.8000,16,-2.8263,0.0401,-0.5493,0.8321,-2.8130,-0.1043,0.1284,-0.1561,-0.1152,0.0117,-0.0029,0.0000,0.0000,0.0000,0.0000,-0.0133,-0.0133,0.0000,0.0162,0.0000,0.0000
241.6100,38.5400,0,12,X360_GPS,-3.0300,2.8990,0.2980,0.2690,1,0,1,0,0,0,0.0000,-2368055.8458,-4381455.2692,3967305.4705,10,-5.2037,3.3250,-2.1737,0.4260,-7.2061,1.9994,-1.9365,-1.3462,-0.0659,0.0206,-0.0145,0.0000,0.0000,0.0000,0.0000,0.2306,0.2306,0.0000,-0.2161,0.0000,0.0000
239.6900,43.4300,0,6,Y090_GPS,-0.1870,2.9770,0.2390,0.2690,1,0,1,0,0,0,0.0000,-2333699.4286,-3992048.2936,4377413.4898,3,-1.2083,2.6711,-1.0213,-0.3059,-1.9163,2.3628,-0.3301,-0.3058,-0.3779,-0.0025,-0.0154,0.0000,0.0000,0.0000,0.0000,0.0067,0.0067,0.0000,0.0087,0.0000,0.0000
242.3100,38.7700,0,17,Z25X_GPS,-5.5480,-0.9320,0.2980,0.2690,1,0,1,0,0,0,0.0000,-2306931.7339,-4395921.4452,3987266.2420,16,-4.0099,0.7716,1.5381,1.7036,-3.4682,0.1140,0.6097,-0.6759,-0.0680,0.0182,-0.0119,0.0000,0.0000,0.0000,0.0000,-0.1138,-0.1138,0.0000,0.1257,0.0000,0.0000
309.0500,66.9900,0,47,KELY_GPS,0.5690,-0.5430,0.1080,0.1100,1,0,1,0,0,0,0.0000,1568054.3888,-1932934.4907,5860829.3910,47,-0.3807,-0.0918,-0.9497,0.4512,-0.3907,-0.1297,-0.0066,-0.0348,-0.0035,-0.0031,0.0003,0.0000,0.0000,0.0000,0.0000,0.0013,0.0013,0.0000,-0.0016,0.0000,0.0000
307.3200,47.6000,0,14,STJO_GPS,-1.3950,-0.6570,0.2390,0.0300,1,0,1,0,0,0,0.0000,2603053.6274,-3414523.0927,4702073.5132,13,-0.3330,-1.5497,1.0620,-0.8927,-0.8280,-1.4706,-0.4910,0.0813,-0.0041,-0.0021,0.0008,0.0000,0.0000,0.0000,0.0000,-0.0200,-0.0200,0.0000,0.0192,0.0000,0.0000
295.3000,32.3100,0,14,BRMU_GPS,0.1170,-0.2490,0.2090,0.2090,1,0,1,0,0,0,0.0000,2299853.7016,-4865378.1210,3403398.3241,13,-0.5492,-1.4432,-0.6662,-1.1942,-1.0726,-1.3357,-0.5193,0.1083,-0.0042,-0.0008,0.0007,0.0000,0.0000,0.0000,0.0000,-0.0272,-0.0272,0.0000,0.0264,0.0000,0.0000
291.2100,76.5400,0,47,THU1_GPS,-1.9330,-0.8050,0.1630,0.1640,1,0,1,0,0,0,0.0000,536214.9152,-1381729.2554,6192547.8836,47,-1.5284,-1.0907,0.4046,-0.2857,-1.5306,-1.2077,0.0006,-0.1139,-0.0028,-0.0031,-0.0004,0.0000,0.0000,0.0000,0.0000,-0.0061,-0.0061,0.0000,0.0066,0.0000,0.0000
288.5100,42.6100,0,14,WES2_GPS,0.4610,-1.1440,0.1250,0.1220,1,0,1,0,0,0,0.0000,1487762.0741,-4443874.4443,4310788.2569,13,-0.6344,-1.2340,-1.0954,-0.0900,-0.6641,-1.2332,-0.0223,0.0031,-0.0075,-0.0023,0.0014,0.0000,0.0000,0.0000,0.0000,0.0123,0.0123,0.0000,-0.0138,0.0000,0.0000
281.9300,45.9600,0,14,NLIB_GPS,0.4750,-0.6050,0.1070,0.1070,1,0,1,0,0,0,0.0000,915008.9672,-4330789.1112,4577267.2771,13,-0.4374,-1.1100,-0.9124,-0.5050,-0.4555,-1.1173,-0.0073,-0.0038,-0.0107,-0.0035,0.0020,0.0000,0.0000,0.0000,0.0000,0.0120,0.0120,0.0000,-0.0141,0.0000,0.0000
268.4200,41.7700,0,14,ALGO_GPS,0.1020,0.0210,0.0990,0.0960,1,0,1,0,0,0,0.0000,-130942.7518,-4747193.1642,4241622.6281,13,-0.4504,-0.8250,-0.5524,-0.8460,-0.4477,-0.8351,0.0211,-0.0074,-0.0184,-0.0027,0.0029,0.0000,0.0000,0.0000,0.0000,0.0098,0.0098,0.0000,-0.0126,0.0000,0.0000
240.3800,49.3200,0,14,DRAO_GPS,1.0650,1.3660,0.1050,0.1080,1,0,1,0,0,0,0.0000,-2051372.8131,-3608136.0521,4828827.5257,13,0.6261,0.3384,-0.4389,-1.0276,0.0203,-0.1227,-0.0979,-0.2258,-0.5079,-0.2353,0.0486,0.0000,0.0000,0.0000,0.0000,0.0142,0.0142,0.0000,-0.0628,0.0000,0.0000
212.5000,64.9800,0,14,FAIR_GPS,0.4640,-3.5060,0.1090,0.1060,1,0,1,0,0,0,0.0000,-2271263.8245,-1446954.6370,5769924.9891,13,-0.0250,2.1683,-0.4890,5.6743,0.5428,0.6145,0.5668,-1.5535,0.0009,-0.0003,-0.0054,0.0000,0.0000,0.0000,0.0000,-0.0230,-0.0230,0.0000,0.0283,0.0000,0.0000
166.4400,68.0800,0,14,BILI_GPS,2.1130,-1.8690,0.2000,0.2060,1,0,1,0,0,0,0.0000,-2310780.9769,557329.3927,5907116.6136,13,-0.0425,1.8527,-2.1555,3.7217,-0.1537,1.4517,-0.1118,-0.4009,0.0007,-0.0001,-0.0015,0.0000,0.0000,0.0000,0.0000,-0.0590,-0.0590,0.0000,0.0604,0.0000,0.0000
158.6100,53.0100,0,47,PETP_GPS,-5.8560,10.6230,0.4770,0.4780,1,0,1,0,0,0,0.0000,-3567245.6098,1397270.0943,5085936.1483,47,-6.4485,6.6601,-0.5925,-3.9629,6.9225,-1.6331,13.3695,-8.2930,0.0015,-0.0002,-0.0005,0.0000,0.0000,0.0000,0.0000,2.2703,2.2703,0.0000,-2.2697,0.0000,0.0000
150.7700,59.5800,0,47,MAGO_GPS,4.6820,-5.5440,0.4470,0.4780,1,0,1,0,0,0,0.0000,-2813528.2125,1574361.6340,5490882.9804,47,5.9484,-0.5928,1.2664,4.9512,6.5899,-1.1892,0.6406,-0.5963,0.0009,-0.0001,-0.0008,0.0000,0.0000,0.0000,0.0000,-0.0462,-0.0462,0.0000,0.0470,0.0000,0.0000
142.7200,47.0300,0,47,YSSK_GPS,8.3910,0.4900,0.5070,0.5080,1,0,1,0,0,0,0.0000,-3453390.4145,2628873.9797,4659127.3545,47,6.2070,0.0768,-2.1840,-0.4132,7.5374,-0.7104,1.3296,-0.7871,0.0008,-0.0001,-0.0004,0.0000,0.0000,0.0000,0.0000,0.0021,0.0021,0.0000,-0.0017,0.0000,0.0000
128.8700,71.6300,0,47,TIXI_GPS,-2.5460,-1.1330,0.4470,0.4480,1,0,1,0,0,0,0.0000,-1259324.3506,1562370.9844,6042967.0319,47,5.4784,0.3986,8.0244,1.5316,5.6695,0.1408,0.1911,-0.2577,0.0001,-0.0001,-0.0010,0.0000,0.0000,0.0000,0.0000,-0.0387,-0.0387,0.0000,0.0397,0.0000,0.0000
240.0170,43.5900,0,6,0047_GPS,-2.0690,1.3570,0.1820,0.1790,1,0,1,0,0,0,0.0000,-2304760.1375,-3994698.4083,4390309.4193,3,-1.1645,2.3614,0.9045,1.0044,-1.7320,2.1098,-0.2046,-0.2494,-0.3629,-0.0022,-0.0097,0.0000,0.0000,0.0000,0.0000,-0.0241,-0.0241,0.0000,0.0338,0.0000,0.0000
240.0060,40.2450,0,12,0226_GPS,-5.7300,3.4820,0.2030,0.1950,1,0,1,0,0,0,0.0000,-2429658.9761,-4209310.7094,4113734.5653,10,-5.6107,4.2140,0.1193,0.7320,-5.3269,3.2885,0.4481,-0.9627,-0.1642,0.0373,-0.0183,0.0000,0.0000,0.0000,0.0000,0.0599,0.0599,0.0000,-0.0416,0.0000,0.0000
244.1680,41.5110,0,21,036C_GPS,-2.8400,-0.6200,0.2390,0.2240,1,0,1,0,0,0,0.0000,-2077633.0906,-4291671.8303,4220111.9776,20,-2.7981,-0.2948,0.0419,0.3252,-3.0493,-0.5597,-0.1369,-0.2742,-0.1143,0.0094,-0.0006,0.0000,0.0000,0.0000,0.0000,0.0119,0.0119,0.0000,-0.0113,0.0000,0.0000
243.5340,42.6560,0,17,16EM_GPS,-2.3800,1.8100,0.2570,0.2510,1,0,1,0,0,0,0.0000,-2086986.9243,-4192076.0490,4314549.2741,16,-2.4110,0.3385,-0.0310,-1.4715,-2.4222,-0.0947,0.1453,-0.4385,-0.1565,0.0053,0.0027,0.0000,0.0000,0.0000,0.0000,-0.1766,-0.1766,0.0000,0.1739,0.0000,0.0000
239.3350,47.7680,0,13,1882_GPS,1.7300,2.5300,0.1550,0.1640,1,0,1,0,0,0,0.0000,-2182761.7147,-3681310.4637,4714642.7254,12,3.8971,2.0941,2.1671,-0.4359,2.9640,1.6538,-0.0403,-0.1830,-0.8928,-0.2573,0.0478,0.0000,0.0000,0.0000,0.0000,-2.5432,-2.5432,0.0000,2.4954,0.0000,0.0000
240.5810,41.1730,0,12,74LR_GPS,-4.1900,2.2500,0.2090,0.2180,1,0,1,0,0,0,0.0000,-2354254.9547,-4174891.7554,4191910.5311,10,-4.0541,2.8497,0.1359,0.5997,-4.2567,2.8266,-0.0134,-0.0455,-0.1892,0.0224,-0.0137,0.0000,0.0000,0.0000,0.0000,0.0201,0.0201,0.0000,-0.0064,0.0000,0.0000
238.8250,43.3130,0,3,A074_GPS,-1.5500,4.4500,0.2090,0.2060,1,0,1,0,0,0,0.0000,-2398321.7636,-3964002.3364,4367961.7279,2,-0.8947,4.2870,0.6553,-0.1630,-1.3722,4.5274,-0.0118,0.2515,-0.4657,-0.0111,-0.0331,0.0000,0.0000,0.0000,0.0000,0.0354,0.0354,0.0000,-0.0023,0.0000,0.0000
239.5750,48.5940,0,14,A515_GPS,0.7000,1.7700,0.2830,0.2750,1,0,1,0,0,0,0.0000,-2132678.5342,-3631431.2654,4775849.7354,13,1.0730,0.6101,0.3730,-1.1599,-0.0083,-0.1010,-0.3422,-0.4214,-0.7391,-0.2897,0.0527,0.0000,0.0000,0.0000,0.0000,0.0517,0.0517,0.0000,-0.1044,0.0000,0.0000
239.2560,45.4750,0,6,A545_GPS,0.4200,3.0600,0.1790,0.1850,1,0,1,0,0,0,0.0000,-2282512.6634,-3837473.3446,4539634.9779,3,1.2050,2.8673,0.7850,-0.1927,0.3141,2.6985,-0.1563,-0.1087,-0.7346,-0.0600,0.0122,0.0000,0.0000,0.0000,0.0000,-0.0019,-0.0019,0.0000,-0.0103,0.0000,0.0000
241.5490,43.2160,0,6,A699_GPS,-2.6200,1.2300,0.2180,0.2150,1,0,1,0,0,0,0.0000,-2210742.9165,-4079999.0146,4360111.8403,3,-1.7948,1.2389,0.8252,0.0089,-2.1145,0.9236,-0.0768,-0.3187,-0.2429,0.0035,-0.0006,0.0000,0.0000,0.0000,0.0000,-0.0125,-0.0125,0.0000,0.0131,0.0000,0.0000
248.9360,42.7730,0,14,AHID_GPS,-0.8930,-0.9670,0.1370,0.1280,1,0,1,0,0,0,0.0000,-1679892.9781,-4361702.1912,4324102.8016,13,-0.3779,-0.2998,0.5151,0.6672,-0.2716,-0.3514,0.1887,-0.0501,-0.0825,-0.0015,0.0067,0.0000,0.0000,0.0000,0.0000,-0.0176,-0.0176,0.0000,0.0109,0.0000,0.0000
242.1850,44.8330,0,12,AIRP_GPS,-0.6900,0.3500,0.1670,0.1490,1,0,1,0,0,0,0.0000,-2107046.0021,-3993833.5996,4489320.8601,10,0.3558,1.1459,1.0458,0.7959,-0.0627,1.5368,-0.1229,0.4087,-0.2956,-0.0178,0.0156,0.0000,0.0000,0.0000,0.0000,0.4503,0.4503,0.0000,-0.4659,0.0000,0.0000
244.8420,37.3580,0,21,ALAM_GPS,-3.2800,-0.1600,0.1160,0.1130,1,0,1,0,0,0,0.0000,-2151607.1357,-4581111.5113,3863723.0124,20,-3.3659,-0.1985,-0.0859,-0.0385,-3.3143,-0.5686,0.0912,-0.3801,-0.0396,0.0100,-0.0073,0.0000,0.0000,0.0000,0.0000,-0.0114,-0.0114,0.0000,0.0188,0.0000,0.0000
232.4810,50.4580,0,14,ALCC_GPS,-0.1900,3.0100,0.2180,0.2240,1,0,1,0,0,0,0.0000,-2468859.4214,-3215272.0042,4910306.5646,11,1.5065,2.5818,1.6965,-0.4282,2.1860,0.6681,1.2271,-1.7859,-0.5476,-0.1278,-0.1769,0.0000,0.0000,0.0000,0.0000,1.0759,1.0759,0.0000,-0.8991,0.0000,0.0000
234.5070,49.7380,0,14,ALEX_GPS,5.2800,5.9600,0.3040,0.3130,1,0,1,0,0,0,0.0000,-2389285.7932,-3350520.9273,4858978.7379,11,5.1545,4.7229,-0.1255,-1.2371,2.7254,1.5217,0.7878,-0.5592,-3.2169,-2.6420,-0.7565,0.0000,0.0000,0.0000,0.0000,1.2207,1.2207,0.0000,-0.4643,0.0000,0.0000
240.0010,42.9540,0,6,ALKA_GPS,-2.4800,3.5600,0.1850,0.2090,1,0,1,0,0,0,0.0000,-2330099.1440,-4036012.7807,4338846.6526,3,-1.9392,2.4091,0.5408,-1.1509,-2.4301,2.1222,-0.1751,-0.2901,-0.3158,0.0032,-0.0144,0.0000,0.0000,0.0000,0.0000,-0.0318,-0.0318,0.0000,0.0461,0.0000,0.0000
233.4530,49.7890,0,8,ANAW_GPS,5.8800,5.8900,0.2210,0.2330,1,0,1,0,0,0,0.0000,-2447937.0012,-3302527.8240,4862639.8048,5,7.2171,5.6276,1.3371,-0.2624,2.6739,2.5178,1.2556,0.1844,-5.7987,-3.2941,-1.9566,0.0000,0.0000,0.0000,0.0000,2.3130,2.3130,0.0000,-0.3564,0.0000,0.0000
234.6850,50.4910,0,14,ANNA_GPS,2.3500,3.1100,0.2540,0.2630,1,0,1,0,0,0,0.0000,-2341746.2414,-3305531.5243,4912640.5674,11,2.6787,2.8059,0.3287,-0.3041,2.1962,1.5967,0.6367,-0.0250,-1.1192,-1.1842,-0.1189,0.0000,0.0000,0.0000,0.0000,0.3532,0.3532,0.0000,-0.2343,0.0000,0.0000
245.0680,36.3190,0,21,APEX_GLA,-3.3900,-0.2900,0.1130,0.1100,1,0,1,0,0,0,0.0000,-2162703.3151,-4652339.8934,3771312.6824,20,-3.2865,-0.1475,0.1035,0.1425,-3.3782,-0.5715,-0.0618,-0.4324,-0.0299,0.0084,-0.0076,0.0000,0.0000,0.0000,0.0000,-0.0214,-0.0214,0.0000,0.0289,0.0000,0.0000
242.4780,36.0500,0,38,ARGU_GLA,-7.2800,5.8400,0.1190,0.1160,1,0,1,0,0,0,0.0000,-2378882.5636,-4565509.9220,3747184.0578,38,-7.5438,6.6473,-0.2638,0.8073,-7.9546,5.8217,-0.3848,-0.8358,-0.0260,0.0101,-0.0125,0.0000,0.0000,0.0000,0.0000,-0.1062,-0.1062,0.0000,0.1187,0.0000,0.0000
241.5290,45.8130,0,6,ATHE_GPS,-0.2400,0.4500,0.1550,0.1520,1,0,1,0,0,0,0.0000,-2115715.5247,-3901370.9906,4565895.7143,3,0.6144,0.9357,0.8544,0.4857,0.7367,0.9391,0.5222,0.0495,-0.3999,-0.0460,0.0261,0.0000,0.0000,0.0000,0.0000,0.1185,0.1185,0.0000,-0.1446,0.0000,0.0000
236.7470,49.3370,0,14,ATKI_GPS,3.1100,3.5000,0.3490,0.2780,1,0,1,0,0,0,0.0000,-2275095.3809,-3469700.9236,4830058.7957,11,4.0614,3.4095,0.9514,-0.0905,3.0682,2.4633,0.6125,0.1242,-1.6057,-1.0704,-0.0401,0.0000,0.0000,0.0000,0.0000,0.1864,0.1864,0.0000,-0.1463,0.0000,0.0000
241.2710,40.8480,0,12,B073_GPS,-4.5400,2.7200,0.2620,0.2720,1,0,1,0,0,0,0.0000,-2315200.3037,-4223723.2382,4164656.1710,10,-4.3175,2.4433,0.2225,-0.2767,-4.6046,2.2720,-0.1370,-0.1926,-0.1501,0.0213,-0.0113,0.0000,0.0000,0.0000,0.0000,-0.0342,-0.0342,0.0000,0.0455,0.0000,0.0000
240.2730,46.5780,0,16,B317_GPS,0.7200,1.7100,0.1640,0.1820,1,0,1,0,0,0,0.0000,-2170298.8589,-3800776.1321,4624743.7895,15,2.0660,1.3920,1.3460,-0.3180,2.4263,1.9883,0.9828,0.7003,-0.6224,-0.1040,0.0369,0.0000,0.0000,0.0000,0.0000,0.3369,0.3369,0.0000,-0.3738,0.0000,0.0000
235.8420,49.3470,0,14,BALL_GPS,4.7700,5.2700,0.1640,0.1790,1,0,1,0,0,0,0.0000,-2329140.6622,-3432636.3141,4830782.8736,11,4.8264,3.9467,0.0564,-1.3233,3.0339,2.0833,0.5916,-0.0520,-2.3841,-1.8115,-0.2672,0.0000,0.0000,0.0000,0.0000,0.4236,0.4236,0.0000,-0.1564,0.0000,0.0000
234.7770,49.6500,0,14,BCHR_GPS,5.8000,4.6000,0.2150,0.2330,1,0,1,0,0,0,0.0000,-2377771.8425,-3367835.4675,4852652.5521,11,5.1539,4.5578,-0.6461,-0.0422,2.7934,1.6354,0.6758,-0.4217,-3.0363,-2.5007,-0.6147,0.0000,0.0000,0.0000,0.0000,1.0067,1.0067,0.0000,-0.3920,0.0000,0.0000
241.4700,45.6000,0,6,BIGH_GPS,-0.3700,1.0300,0.3220,0.2750,1,0,1,0,0,0,0.0000,-2127824.2296,-3914076.0548,4549365.2466,3,0.6645,0.9481,1.0345,-0.0819,0.5021,0.9848,0.2310,0.0762,-0.3934,-0.0395,0.0236,0.0000,0.0000,0.0000,0.0000,0.0544,0.0544,0.0000,-0.0780,0.0000,0.0000
237.0040,49.0780,0,14,BOUN_GPS,3.6800,3.9900,0.3670,0.2810,1,0,1,0,0,0,0.0000,-2271376.3573,-3498147.5051,4811253.9880,11,4.3316,3.4860,0.6516,-0.5040,3.2596,2.5711,0.6351,0.1090,-1.7071,-1.0239,-0.0407,0.0000,0.0000,0.0000,0.0000,0.1737,0.1737,0.0000,-0.1330,0.0000,0.0000
243.5980,46.8570,0,14,BOVL_GPS,1.1600,0.4800,0.2240,0.2090,1,0,1,0,0,0,0.0000,-1936164.8348,-3900036.9366,4646001.4084,13,0.2371,-0.0005,-0.9229,-0.4805,-0.0874,-0.2093,-0.0484,-0.1540,-0.2762,-0.0548,0.0289,0.0000,0.0000,0.0000,0.0000,-0.0137,-0.0137,0.0000,-0.0152,0.0000,0.0000
237.8470,37.9190,0,43,BRIB_GPS,-14.9860,16.1120,0.1250,0.1240,1,0,1,0,0,0,0.0000,-2673230.8187,-4252751.0924,3913092.9707,44,-14.9431,16.7862,0.0429,0.6742,-11.0383,9.7473,3.9422,-7.0722,-0.0373,0.0333,-0.0360,0.0000,0.0000,0.0000,0.0000,-0.6082,-0.6082,0.0000,0.6442,0.0000,0.0000
234.3600,50.1250,0,14,BRWV_GPS,4.3900,4.4800,0.2270,0.2360,1,0,1,0,0,0,0.0000,-2378695.9073,-3317631.4876,4886663.3355,11,3.9008,3.7016,-0.4892,-0.7784,2.4486,1.4599,0.6207,-0.3227,-2.0728,-1.9190,-0.3722,0.0000,0.0000,0.0000,0.0000,0.7310,0.7310,0.0000,-0.3588,0.0000,0.0000
232.8900,50.9610,0,14,BULC_GPS,-1.2500,4.4200,0.2570,0.2720,1,0,1,0,0,0,0.0000,-2419742.0542,-3198312.0979,4945705.1648,11,1.4301,2.0589,2.6801,-2.3611,1.8337,0.8405,0.6123,-0.7199,-0.2087,-0.4984,-0.2441,0.0000,0.0000,0.0000,0.0000,0.4955,0.4955,0.0000,-0.2515,0.0000,0.0000
243.5490,36.7450,0,21,BUST_GLA,-3.4900,0.1200,0.1130,0.1100,1,0,1,0,0,0,0.0000,-2272716.6032,-4568143.6407,3809353.5384,20,-3.5280,0.2302,-0.0380,0.1102,-3.3438,-0.5514,0.2180,-0.7923,-0.0338,0.0107,-0.0102,0.0000,0.0000,0.0000,0.0000,0.0071,0.0071,0.0000,0.0031,0.0000,0.0000
240.1890,47.2420,0,14,C033_GPS,1.7200,1.5500,0.2270,0.2210,1,0,1,0,0,0,0.0000,-2149078.4460,-3750832.5286,4675154.3971,13,1.4616,0.8008,-0.2584,-0.7492,-0.0646,-0.1176,-0.8608,-0.7667,-0.6654,-0.1516,0.0446,0.0000,0.0000,0.0000,0.0000,0.3095,0.3095,0.0000,-0.3541,0.0000,0.0000
242.4310,46.4860,0,14,C334_GPS,0.1800,1.6300,0.1880,0.1970,1,0,1,0,0,0,0.0000,-2029074.5334,-3886381.6037,4617710.0417,13,0.3705,0.1030,0.1905,-1.5270,-0.0997,-0.1780,-0.1235,-0.2228,-0.3467,-0.0582,0.0306,0.0000,0.0000,0.0000,0.0000,-0.0074,-0.0074,0.0000,-0.0232,0.0000,0.0000
232.0460,51.5440,0,14,CALV_GPS,-1.9600,2.3900,0.2710,0.2840,1,0,1,0,0,0,0.0000,-2435513.0301,-3122478.5475,4986256.6583,11,0.5605,1.9548,2.5205,-0.4352,1.4128,0.4847,0.8979,-1.3969,-0.0456,-0.0732,-0.1562,0.0000,0.0000,0.0000,0.0000,0.1805,0.1805,0.0000,-0.0243,0.0000,0.0000
240.4510,45.3440,0,6,CBL1_GPS,-0.1700,2.1100,0.1580,0.1700,1,0,1,0,0,0,0.0000,-2207098.0588,-3893260.0973,4529414.4694,3,0.6982,1.8690,0.8682,-0.2410,0.2036,1.7739,-0.0043,-0.0569,-0.4903,-0.0382,0.0186,0.0000,0.0000,0.0000,0.0000,-0.0205,-0.0205,0.0000,0.0019,0.0000,0.0000
241.4110,46.9730,0,14,CC25_GPS,0.6200,1.7600,0.1550,0.1550,1,0,1,0,0,0,0.0000,-2079078.8070,-3815042.8189,4654807.3070,13,0.6535,0.2964,0.0335,-1.4636,-0.0777,-0.1505,-0.2710,-0.3531,-0.4601,-0.0938,0.0383,0.0000,0.0000,0.0000,0.0000,0.0156,0.0156,0.0000,-0.0539,0.0000,0.0000
183.4340,-43.9560,0,30,CHAT_GPS,-38.7130,50.0720,0.1370,0.1430,1,0,1,0,0,0,0.0000,-4575521.4761,-274560.9133,-4419679.9644,30,-37.8997,51.2605,0.8133,1.1885,-38.6253,51.9278,-0.7259,0.6669,0.0003,0.0003,-0.0001,0.0000,0.0000,0.0000,0.0000,0.0419,0.0419,0.0000,-0.0419,0.0000,0.0000
243.2340,36.7470,0,21,CHLO_GLA,-3.6000,0.5600,0.1130,0.1100,1,0,1,0,0,0,0.0000,-2297736.9261,-4555461.0273,3809531.6390,20,-3.5157,0.6471,0.0843,0.0871,-3.3419,-0.5472,0.2075,-1.2054,-0.0337,0.0111,-0.0109,0.0000,0.0000,0.0000,0.0000,0.0797,0.0797,0.0000,-0.0689,0.0000,0.0000
239.6140,38.0340,0,1,CMB0_GPS,-10.9030,7.9290,0.1320,0.1320,1,0,1,0,0,0,0.0000,-2536847.8519,-4326374.1871,3923167.1939,1,-10.3437,8.1888,0.5593,0.2598,-10.2331,7.7639,0.1655,-0.4531,-0.0549,0.0281,-0.0236,0.0000,0.0000,0.0000,0.0000,0.0877,0.0877,0.0000,-0.0640,0.0000,0.0000
238.7220,37.8960,0,1,CNDR_GPS,-12.9610,7.5860,0.1450,0.1440,1,0,1,0,0,0,0.0000,-2608790.5184,-4294420.3557,3911076.2331,1,-11.0562,8.8493,1.9048,1.2633,-10.2837,7.5498,0.8187,-1.3302,-0.0461,0.0307,-0.0290,0.0000,0.0000,0.0000,0.0000,0.1827,0.1827,0.0000,-0.1536,0.0000,0.0000
243.2040,47.7430,0,14,COEU_GPS,0.8600,0.1600,0.1550,0.1520,1,0,1,0,0,0,0.0000,-1930316.0685,-3822039.2919,4712774.8714,13,0.3036,0.0315,-0.5564,-0.1285,-0.0502,-0.1987,-0.0487,-0.1487,-0.3051,-0.0815,0.0342,0.0000,0.0000,0.0000,0.0000,-0.0100,-0.0100,0.0000,-0.0242,0.0000,0.0000
242.1800,45.2970,0,12,COVE_GPS,-0.7400,0.8200,0.2360,0.3080,1,0,1,0,0,0,0.0000,-2090358.4295,-3961365.2067,4525741.7952,10,0.5911,1.0512,1.3311,0.2312,0.4641,1.5408,0.1922,0.5172,-0.3191,-0.0276,0.0202,0.0000,0.0000,0.0000,0.0000,0.1152,0.1152,0.0000,-0.1353,0.0000,0.0000
231.4010,50.8130,0,14,COXI_GPS,-0.1900,2.9100,0.2680,0.2840,1,0,1,0,0,0,0.0000,-2509994.8616,-3144328.8096,4935329.1272,11,0.5250,6.8331,0.7150,3.9231,1.9280,0.2126,1.4460,-6.7108,-0.0431,0.0903,-0.2310,0.0000,0.0000,0.0000,0.0000,1.1554,1.1554,0.0000,-0.9245,0.0000,0.0000
243.4310,36.8080,0,21,CRAT_GLA,-3.3900,0.2800,0.1130,0.1100,1,0,1,0,0,0,0.0000,-2280244.9785,-4559704.2932,3814961.4753,20,-3.5290,0.3057,-0.1390,0.0257,-3.3393,-0.5498,0.2241,-0.8665,-0.0344,0.0110,-0.0104,0.0000,0.0000,0.0000,0.0000,0.0132,0.0132,0.0000,-0.0028,0.0000,0.0000
241.0140,47.9710,0,14,CRWN_GPS,1.3600,-0.0400,0.3550,0.3280,1,0,1,0,0,0,0.0000,-2065854.8888,-3729049.4684,4729776.4326,13,0.6373,0.2797,-0.7227,0.3197,-0.0361,-0.1398,-0.1606,-0.2662,-0.5128,-0.1533,0.0463,0.0000,0.0000,0.0000,0.0000,0.0017,0.0017,0.0000,-0.0480,0.0000,0.0000
241.6180,47.1270,0,14,CTHS_GPS,0.5500,1.6200,0.2860,0.3430,1,0,1,0,0,0,0.0000,-2059327.5251,-3811508.1227,4666468.4116,13,0.5572,0.2230,0.0072,-1.3970,-0.0718,-0.1561,-0.1904,-0.2838,-0.4386,-0.0953,0.0386,0.0000,0.0000,0.0000,0.0000,-0.0010,-0.0010,0.0000,-0.0376,0.0000,0.0000
240.1770,45.8130,0,6,D639_GPS,-0.0400,2.4200,0.1460,0.1610,1,0,1,0,0,0,0.0000,-2207178.0536,-3850365.2849,4565895.7143,3,1.2692,2.0090,1.3092,-0.4110,0.7120,1.9860,0.0220,0.0392,-0.5792,-0.0621,0.0253,0.0000,0.0000,0.0000,0.0000,-0.0020,-0.0020,0.0000,-0.0234,0.0000,0.0000
241.0680,43.9600,0,6,D706_GPS,-1.4100,1.2700,0.2270,0.2120,1,0,1,0,0,0,0.0000,-2217338.1028,-4011404.1873,4419999.9599,3,-0.9036,1.5068,0.5064,0.2368,-1.3043,1.2962,-0.0872,-0.2063,-0.3135,-0.0044,0.0030,0.0000,0.0000,0.0000,0.0000,-0.0318,-0.0318,0.0000,0.0287,0.0000,0.0000
238.8250,45.6180,0,6,DALL_GPS,1.3900,3.3400,0.1040,0.1220,1,0,1,0,0,0,0.0000,-2305442.4338,-3810489.2066,4550764.6228,3,1.6834,3.3080,0.2934,-0.0320,0.4556,3.0318,-0.3311,-0.1939,-0.8967,-0.0823,0.0080,0.0000,0.0000,0.0000,0.0000,0.0396,0.0396,0.0000,-0.0476,0.0000,0.0000
235.6800,49.5990,0,14,DAVI_GPS,4.4300,5.2000,0.1610,0.1700,1,0,1,0,0,0,0.0000,-2326835.0031,-3408456.1898,4848980.9994,11,4.2801,3.6437,-0.1499,-1.5563,2.8513,2.0152,0.5917,-0.0120,-2.0204,-1.6166,-0.1781,0.0000,0.0000,0.0000,0.0000,0.3497,0.3497,0.0000,-0.1716,0.0000,0.0000
241.0190,37.7440,0,40,DDMN_GPS,-10.9040,9.9900,0.2450,0.2450,1,0,1,0,0,0,0.0000,-2439594.8846,-4404589.6990,3897732.3978,40,-8.0967,8.4211,2.8073,-1.5689,-5.7847,8.8039,2.3604,0.3635,-0.0483,0.0194,-0.0171,0.0000,0.0000,0.0000,0.0000,-1.0473,-1.0473,0.0000,1.0644,0.0000,0.0000
238.0840,37.8790,0,1,DIAB_GPS,-12.3270,11.0910,0.1370,0.1360,1,0,1,0,0,0,0.0000,-2657060.4076,-4266090.1360,3909585.1958,1,-12.6659,12.3167,-0.3389,1.2257,-10.3319,7.3956,2.3732,-4.9533,-0.0392,0.0321,-0.0338,0.0000,0.0000,0.0000,0.0000,0.4090,0.4090,0.0000,-0.3752,0.0000,0.0000
239.8200,45.2430,0,6,E040_GPS,1.3200,1.9300,0.2270,0.2270,1,0,1,0,0,0,0.0000,-2253850.3204,-3875613.7381,4521518.3676,3,0.7323,2.4005,-0.5877,0.4705,0.0769,2.2623,-0.0784,-0.0985,-0.5770,-0.0398,0.0133,0.0000,0.0000,0.0000,0.0000,-0.0198,-0.0198,0.0000,0.0066,0.0000,0.0000
243.5880,43.0750,0,12,E072_GPS,-1.9600,0.4200,0.2890,0.2990,1,0,1,0,0,0,0.0000,-2068944.4398,-4165670.6776,4348678.8997,10,-2.0749,0.3945,-0.1149,-0.0255,-2.0427,0.4075,0.2003,0.0106,-0.1682,0.0025,0.0049,0.0000,0.0000,0.0000,0.0000,0.0058,0.0058,0.0000,-0.0107,0.0000,0.0000
239.4080,47.5590,0,13,E518_GPS,3.2900,2.6800,0.3730,0.2840,1,0,1,0,0,0,0.0000,-2186807.4285,-3698868.0437,4698999.8859,12,3.5536,2.2149,0.2636,-0.4651,2.7535,1.6012,0.0761,-0.3834,-0.8763,-0.2303,0.0464,0.0000,0.0000,0.0000,0.0000,-0.9520,-0.9520,0.0000,0.9057,0.0000,0.0000
236.0240,49.7530,0,14,EARL_GPS,3.5200,4.2500,0.1430,0.1550,1,0,1,0,0,0,0.0000,-2299037.2203,-3411544.4825,4860055.9220,11,3.6899,3.2765,0.1699,-0.9735,2.7520,2.1597,0.6039,0.1058,-1.5418,-1.2226,-0.0651,0.0000,0.0000,0.0000,0.0000,0.2355,0.2355,0.0000,-0.1704,0.0000,0.0000
245.7360,37.9160,0,21,ECHO_GPS,-3.4420,-0.4230,0.1090,0.1090,1,0,1,0,0,0,0.0000,-2064306.3973,-4579601.7636,3912829.9537,20,-3.2447,-0.3252,0.1973,0.0978,-3.2858,-0.5802,0.0030,-0.2643,-0.0441,0.0093,-0.0053,0.0000,0.0000,0.0000,0.0000,-0.0160,-0.0160,0.0000,0.0214,0.0000,0.0000
245.0610,39.3450,0,21,EGAN_GPS,-4.9220,-0.1960,0.1300,0.1300,1,0,1,0,0,0,0.0000,-2076310.9038,-4465068.0784,4036886.3680,20,-3.1818,-0.3221,1.7402,-0.1261,-3.1931,-0.5714,0.0532,-0.2602,-0.0645,0.0109,-0.0044,0.0000,0.0000,0.0000,0.0000,-0.0130,-0.0130,0.0000,0.0174,0.0000,0.0000
244.1830,40.9150,0,21,ELKO_GPS,-4.2550,0.1300,0.1190,0.1090,1,0,1,0,0,0,0.0000,-2095514.4009,-4331499.4601,4170285.7557,20,-2.9882,-0.2989,1.2668,-0.4289,-3.0879,-0.5598,0.0008,-0.2719,-0.1004,0.0110,-0.0025,0.0000,0.0000,0.0000,0.0000,-0.0172,-0.0172,0.0000,0.0197,0.0000,0.0000
248.0710,41.2530,0,14,EOUT_GPS,-1.3620,-0.1510,0.1270,0.1080,1,0,1,0,0,0,0.0000,-1787769.6869,-4440720.7110,4198598.6442,13,-1.5914,-0.3845,-0.2294,-0.2335,-0.3294,-0.3285,1.3342,0.0523,-0.0722,0.0037,0.0030,0.0000,0.0000,0.0000,0.0000,-0.7297,-0.7297,0.0000,0.7267,0.0000,0.0000
243.5510,44.6690,0,12,F408_GPS,0.8500,1.2300,0.2650,0.1910,1,0,1,0,0,0,0.0000,-2016953.5891,-4054416.7363,4476377.3980,10,-0.2108,0.4335,-1.0608,-0.7965,-0.2325,0.4373,0.2003,0.0174,-0.2220,-0.0136,0.0148,0.0000,0.0000,0.0000,0.0000,0.0079,0.0079,0.0000,-0.0227,0.0000,0.0000
238.8030,44.2690,0,6,F735_GPS,-0.6200,4.1700,0.3910,0.3790,1,0,1,0,0,0,0.0000,-2361760.3130,-3900190.6526,4444654.3802,3,0.2147,3.4361,0.8347,-0.7339,-1.0250,3.0488,-0.6333,-0.3670,-0.6064,-0.0203,-0.0223,0.0000,0.0000,0.0000,0.0000,0.1191,0.1191,0.0000,-0.0968,0.0000,0.0000
243.8810,45.9420,0,14,FAAS_GPS,-0.2500,-0.0200,0.2210,0.2510,1,0,1,0,0,0,0.0000,-1949295.7145,-3975670.0465,4575876.4582,13,0.1596,0.0155,0.4096,0.0355,-0.1256,-0.2169,-0.0406,-0.1988,-0.2446,-0.0336,0.0229,0.0000,0.0000,0.0000,0.0000,-0.0144,-0.0144,0.0000,-0.0085,0.0000,0.0000
236.9990,37.6970,0,30,FARB_GPS,-28.5430,37.7910,0.1710,0.1700,1,0,1,0,0,0,0.0000,-2744115.4899,-4225405.8449,3893600.7865,30,-27.9188,37.0664,0.6242,-0.7246,-29.7619,40.0230,-1.8263,2.9322,-0.0168,0.0244,-0.0412,0.0000,0.0000,0.0000,0.0000,-0.0386,-0.0386,0.0000,0.0798,0.0000,0.0000
241.8450,48.2780,0,14,FERR_GPS,-0.6000,0.0100,0.3850,0.5110,1,0,1,0,0,0,0.0000,-1999567.4614,-3736220.6857,4752550.5170,13,0.4592,0.1575,1.0592,0.1475,-0.0251,-0.1622,-0.0777,-0.1884,-0.4066,-0.1313,0.0425,0.0000,0.0000,0.0000,0.0000,-0.0052,-0.0052,0.0000,-0.0373,0.0000,0.0000
234.3020,49.8830,0,8,FILB_GPS,4.4300,4.2100,0.2240,0.2360,1,0,1,0,0,0,0.0000,-2394075.3928,-3331953.8840,4869377.5567,5,4.8597,4.5586,0.4297,0.3486,2.6856,2.5880,0.8450,0.5634,-3.0191,-2.5339,-0.7329,0.0000,0.0000,0.0000,0.0000,1.1822,1.1822,0.0000,-0.4492,0.0000,0.0000
244.6850,46.3390,0,14,FLAT_GPS,0.8900,0.4800,0.2060,0.2270,1,0,1,0,0,0,0.0000,-1879714.5757,-3973873.9265,4606446.6340,13,0.1341,-0.0667,-0.7559,-0.5467,-0.1117,-0.2384,-0.0280,-0.1354,-0.2178,-0.0363,0.0232,0.0000,0.0000,0.0000,0.0000,-0.0158,-0.0158,0.0000,-0.0074,0.0000,0.0000
241.0420,45.1380,0,6,FORE_GPS,0.5000,1.2600,0.2060,0.2480,1,0,1,0,0,0,0.0000,-2174693.4246,-3930042.1553,4513294.6533,3,0.3971,1.4271,-0.1029,0.1671,-0.0113,1.3163,-0.0046,-0.0828,-0.4038,-0.0280,0.0173,0.0000,0.0000,0.0000,0.0000,-0.0218,-0.0218,0.0000,0.0045,0.0000,0.0000
239.7800,45.0000,0,6,FOSS_GPS,-0.7500,2.1500,0.2740,0.2750,1,0,1,0,0,0,0.0000,-2266187.0516,-3890574.7619,4502463.2959,3,0.4713,2.4565,1.2213,0.3065,-0.1909,2.2932,-0.1109,-0.1326,-0.5513,-0.0306,0.0083,0.0000,0.0000,0.0000,0.0000,-0.0209,-0.0209,0.0000,0.0126,0.0000,0.0000
234.7180,49.1920,0,8,FOUR_GPS,6.4100,6.1600,0.1790,0.1880,1,0,1,0,0,0,0.0000,-2403567.5415,-3396942.5109,4819543.1435,5,7.6429,6.4834,1.2329,0.3234,2.8264,2.6222,0.6903,0.1493,-5.5067,-4.0104,-2.2707,0.0000,0.0000,0.0000,0.0000,2.4652,2.4652,0.0000,-0.1944,0.0000,0.0000
247.5010,36.9880,0,14,FRED_GPS,-1.8300,-0.2400,0.1150,0.1230,1,0,1,0,0,0,0.0000,-1946272.6660,-4698949.8300,3830958.7138,13,-0.7944,-0.0702,1.0356,0.1698,-0.4980,-0.3134,0.3300,-0.2500,-0.0336,0.0068,-0.0039,0.0000,0.0000,0.0000,0.0000,-0.0243,-0.0243,0.0000,0.0282,0.0000,0.0000
240.0480,42.0980,0,6,G118_GPS,-3.5200,3.6800,0.2000,0.2240,1,0,1,0,0,0,0.0000,-2358890.9096,-4093635.1129,4268739.4745,3,-3.1413,2.4631,0.3787,-1.2169,-3.3675,2.0858,0.0376,-0.3891,-0.2638,0.0119,-0.0161,0.0000,0.0000,0.0000,0.0000,-0.0712,-0.0712,0.0000,0.0874,0.0000,0.0000
243.6270,46.1420,0,14,G404_GPS,0.3800,0.4300,0.2150,0.2480,1,0,1,0,0,0,0.0000,-1959793.8851,-3952654.9860,4591304.6023,13,0.1906,0.0155,-0.1894,-0.4145,-0.1167,-0.2101,-0.0458,-0.1866,-0.2616,-0.0390,0.0248,0.0000,0.0000,0.0000,0.0000,-0.0135,-0.0135,0.0000,-0.0113,0.0000,0.0000
239.4910,44.3530,0,6,G753_GPS,-0.9500,1.8400,0.4090,0.3340,1,0,1,0,0,0,0.0000,-2311447.6153,-3922650.2409,4451334.2349,3,-0.1735,2.7589,0.7765,0.9189,-0.9095,2.5168,-0.2307,-0.2273,-0.5052,-0.0148,-0.0069,0.0000,0.0000,0.0000,0.0000,-0.0113,-0.0113,0.0000,0.0182,0.0000,0.0000
236.1800,49.2030,0,14,GABR_GPS,4.5700,4.3900,0.2090,0.1970,1,0,1,0,0,0,0.0000,-2315600.6523,-3456392.3990,4820341.9655,11,4.8695,3.8794,0.2995,-0.5106,3.1452,2.2253,0.5830,-0.0235,-2.3072,-1.6307,-0.2150,0.0000,0.0000,0.0000,0.0000,0.3535,0.3535,0.0000,-0.1385,0.0000,0.0000
241.9230,43.7440,0,6,GENT_GPS,-1.8100,1.1200,0.3580,0.2510,1,0,1,0,0,0,0.0000,-2165060.2323,-4058717.9677,4402689.4179,3,-1.2266,0.9672,0.5834,-0.1528,-1.5314,0.6339,-0.0519,-0.3315,-0.2530,-0.0018,0.0050,0.0000,0.0000,0.0000,0.0000,-0.0160,-0.0160,0.0000,0.0110,0.0000,0.0000
234.6360,49.5520,0,8,GLAC_GPS,5.6400,4.3000,0.2120,0.2270,1,0,1,0,0,0,0.0000,-2390852.9279,-3368737.5129,4845594.0098,5,5.7600,5.2124,0.1200,0.9124,2.7578,2.6155,0.7572,0.4023,-3.7594,-2.9991,-1.0150,0.0000,0.0000,0.0000,0.0000,1.3588,1.3588,0.0000,-0.3438,0.0000,0.0000
243.8130,41.9620,0,17,H318_GPS,-3.2100,0.6000,0.2270,0.2120,1,0,1,0,0,0,0.0000,-2089459.5289,-4248775.6869,4257512.8304,16,-2.6645,-0.0529,0.5455,-0.6529,-2.6103,-0.1423,0.1854,-0.0978,-0.1312,0.0084,0.0003,0.0000,0.0000,0.0000,0.0000,0.0783,0.0783,0.0000,-0.0786,0.0000,0.0000
239.7850,45.7450,0,6,H428_GPS,0.7600,2.1300,0.3880,0.4510,1,0,1,0,0,0,0.0000,-2236194.6732,-3839854.4733,4560625.2279,3,1.3172,2.3470,0.5572,0.2170,0.6269,2.2893,-0.0423,0.0077,-0.6480,-0.0653,0.0225,0.0000,0.0000,0.0000,0.0000,-0.0042,-0.0042,0.0000,-0.0182,0.0000,0.0000
235.0410,49.0690,0,8,HAND_GPS,6.1200,6.1100,0.1790,0.1880,1,0,1,0,0,0,0.0000,-2390302.3540,-3418910.0014,4810598.7694,5,7.4823,6.3761,1.3623,0.2661,2.8601,2.6487,0.6035,0.1440,-5.2257,-3.8714,-2.1201,0.0000,0.0000,0.0000,0.0000,2.2963,2.2963,0.0000,-0.1762,0.0000,0.0000
232.6190,50.6980,0,14,HARD_GPS,-0.1100,3.3100,0.2300,0.2390,1,0,1,0,0,0,0.0000,-2448599.3203,-3204836.9871,4927243.9270,11,1.4432,2.3394,1.5532,-0.9706,2.0172,0.7263,0.7986,-1.2021,-0.2246,-0.4110,-0.3168,0.0000,0.0000,0.0000,0.0000,0.6966,0.6966,0.0000,-0.3798,0.0000,0.0000
248.6270,40.5140,0,14,HEBE_GPS,-0.9340,-0.2390,0.1220,0.1220,1,0,1,0,0,0,0.0000,-1764183.2162,-4507916.9262,4136507.4674,13,-0.8305,-0.3159,0.1035,-0.0769,-0.3612,-0.3432,0.5303,-0.0317,-0.0610,0.0044,0.0019,0.0000,0.0000,0.0000,0.0000,-0.0891,-0.0891,0.0000,0.0872,0.0000,0.0000
234.1590,50.3350,0,14,HKUS_GPS,3.3700,4.1800,0.2270,0.2330,1,0,1,0,0,0,0.0000,-2379816.5268,-3294725.0600,4901592.7554,11,3.2688,3.3483,-0.1012,-0.8317,2.2961,1.3752,0.6701,-0.2846,-1.6428,-1.6885,-0.3230,0.0000,0.0000,0.0000,0.0000,0.6389,0.6389,0.0000,-0.3159,0.0000,0.0000
245.5860,43.5630,0,21,HLID_GPS,-2.1350,-0.1370,0.1150,0.1330,1,0,1,0,0,0,0.0000,-1907073.5301,-4201391.1634,4388135.6297,20,-2.4643,-0.4080,-0.3293,-0.2710,-2.9241,-0.5783,-0.3226,-0.1673,-0.1372,-0.0030,0.0090,0.0000,0.0000,0.0000,0.0000,-0.0203,-0.0203,0.0000,0.0113,0.0000,0.0000
240.7410,45.8270,0,6,HRMA_GPS,-0.2500,1.3800,0.1460,0.1520,1,0,1,0,0,0,0.0000,-2168624.7041,-3870931.6559,4566980.0164,3,1.1015,1.4789,1.3515,0.0989,0.7398,1.5494,0.1307,0.1253,-0.4924,-0.0548,0.0265,0.0000,0.0000,0.0000,0.0000,0.0314,0.0314,0.0000,-0.0579,0.0000,0.0000
241.1200,46.2510,0,14,ICEH_GPS,-0.7800,1.4800,0.4240,0.3520,1,0,1,0,0,0,0.0000,-2126590.5405,-3855492.3887,4599689.3998,13,1.3041,0.7610,2.0841,-0.7190,-0.1067,-0.1427,-0.9412,-0.8359,-0.4695,-0.0678,0.0318,0.0000,0.0000,0.0000,0.0000,0.6038,0.6038,0.0000,-0.6356,0.0000,0.0000
240.1430,44.1190,0,6,J090_GPS,-0.8100,2.2700,0.1430,0.1520,1,0,1,0,0,0,0.0000,-2275692.4694,-3964432.5473,4432702.3162,3,-0.6002,2.2245,0.2098,-0.0455,-1.1483,2.0123,-0.1473,-0.2041,-0.4008,-0.0080,-0.0023,0.0000,0.0000,0.0000,0.0000,-0.0273,-0.0273,0.0000,0.0295,0.0000,0.0000
231.7350,50.6460,0,14,JENS_GPS,-1.4700,3.8400,0.2740,0.2810,1,0,1,0,0,0,0.0000,-2500520.7980,-3170188.0854,4923581.4915,11,0.8420,5.7788,2.3120,1.9388,2.0476,0.3535,1.3271,-5.5507,-0.1216,0.1254,-0.2779,0.0000,0.0000,0.0000,0.0000,1.2330,1.2330,0.0000,-0.9551,0.0000,0.0000
234.6030,50.0330,0,14,JHRT_GPS,4.1600,4.3300,0.2270,0.2330,1,0,1,0,0,0,0.0000,-2369145.9449,-3334081.8957,4880102.1368,11,3.9705,3.6463,-0.1895,-0.6837,2.5187,1.5621,0.6273,-0.2138,-2.0791,-1.8704,-0.3141,0.0000,0.0000,0.0000,0.0000,0.5982,0.5982,0.0000,-0.2841,0.0000,0.0000
243.9010,36.4590,0,21,JOHN_GLA,-3.3200,-0.2600,0.1130,0.1100,1,0,1,0,0,0,0.0000,-2252946.3451,-4599038.8340,3783837.4742,20,-3.5261,0.0919,-0.2061,0.3519,-3.3630,-0.5561,0.1941,-0.6577,-0.0310,0.0097,-0.0095,0.0000,0.0000,0.0000,0.0000,-0.0012,-0.0012,0.0000,0.0107,0.0000,0.0000
240.3720,44.6230,0,6,JONY_GPS,-0.8000,1.1400,0.2000,0.2000,1,0,1,0,0,0,0.0000,-2240465.7045,-3939449.0582,4472740.3240,3,-0.0720,2.0051,0.7280,0.8651,-0.5897,1.8351,-0.0898,-0.1532,-0.4279,-0.0169,0.0068,0.0000,0.0000,0.0000,0.0000,-0.0281,-0.0281,0.0000,0.0212,0.0000,0.0000
242.7480,45.3490,0,14,JOSE_GPS,-0.3700,0.3900,0.1610,0.1700,1,0,1,0,0,0,0.0000,-2049103.8226,-3978239.7674,4529805.0001,13,0.3536,0.3659,0.7236,-0.0241,-0.1469,-0.1865,-0.2151,-0.5257,-0.2854,-0.0267,0.0204,0.0000,0.0000,0.0000,0.0000,0.3132,0.3132,0.0000,-0.3335,0.0000,0.0000
239.0530,44.9200,0,6,JUNC_GPS,0.3600,2.5980,0.1590,0.1640,1,0,1,0,0,0,0.0000,-2318599.6371,-3866895.6508,4496172.2843,3,0.6879,3.0934,0.3279,0.4954,-0.3018,2.8555,-0.3078,-0.2029,-0.6820,-0.0349,-0.0033,0.0000,0.0000,0.0000,0.0000,0.0141,0.0141,0.0000,-0.0107,0.0000,0.0000
242.9410,48.1790,0,14,JUSW_GPS,0.8700,0.0500,0.1790,0.2000,1,0,1,0,0,0,0.0000,-1931469.2886,-3781091.4578,4745221.3053,13,0.3335,0.0542,-0.5365,0.0042,-0.0317,-0.1917,-0.0461,-0.1484,-0.3191,-0.0975,0.0365,0.0000,0.0000,0.0000,0.0000,-0.0072,-0.0072,0.0000,-0.0293,0.0000,0.0000
242.2680,48.2080,0,14,K024_GPS,0.4300,1.4100,0.2590,0.2990,1,0,1,0,0,0,0.0000,-1974630.0904,-3756017.6069,4747369.7143,13,0.4049,0.1137,-0.0251,-1.2963,-0.0289,-0.1736,-0.0641,-0.1716,-0.3697,-0.1156,0.0401,0.0000,0.0000,0.0000,0.0000,-0.0066,-0.0066,0.0000,-0.0334,0.0000,0.0000
243.9950,46.2130,0,14,KAMI_GPS,1.2800,1.2600,0.1820,0.2030,1,0,1,0,0,0,0.0000,-1931870.4478,-3960044.2710,4596768.1480,13,0.1687,-0.0132,-1.1113,-1.2732,-0.1148,-0.2199,-0.0385,-0.1686,-0.2451,-0.0381,0.0243,0.0000,0.0000,0.0000,0.0000,-0.0156,-0.0156,0.0000,-0.0086,0.0000,0.0000
241.3410,48.6980,0,14,KELL_GPS,1.0800,0.9700,0.2770,0.1940,1,0,1,0,0,0,0.0000,-2015592.5746,-3687817.6230,4783486.0943,13,0.5161,0.2133,-0.5639,-0.7567,-0.0069,-0.1486,-0.0803,-0.1974,-0.4426,-0.1646,0.0455,0.0000,0.0000,0.0000,0.0000,0.0000,0.0000,0.0000,-0.0456,0.0000,0.0000
232.2290,51.8540,0,14,KING_GPS,-3.7400,2.4700,0.2770,0.2870,1,0,1,0,0,0,0.0000,-2408967.7897,-3108870.4460,5007609.2299,13,0.2134,1.2299,3.9534,-1.2401,0.1255,0.0977,-0.0407,-1.0403,-0.0472,-0.0919,-0.1265,0.0000,0.0000,0.0000,0.0000,0.2273,0.2273,0.0000,-0.1008,0.0000,0.0000
232.8360,50.5730,0,14,KLUC_GPS,1.3600,4.7000,0.3580,0.3670,1,0,1,0,0,0,0.0000,-2442931.9032,-3222646.5049,4918433.1532,11,1.6456,2.7520,0.2856,-1.9480,2.1080,0.8178,0.8981,-1.0005,-0.4357,-0.9338,-0.4680,0.0000,0.0000,0.0000,0.0000,0.9389,0.9389,0.0000,-0.4709,0.0000,0.0000
232.1010,50.4860,0,14,KOPR_GPS,2.7500,2.8600,0.2510,0.2570,1,0,1,0,0,0,0.0000,-2488655.1377,-3196933.3978,4912287.0353,11,1.1678,3.7783,-1.5822,0.9183,2.1631,0.5079,1.3413,-3.4303,-0.3461,0.1598,-0.2815,0.0000,0.0000,0.0000,0.0000,1.3164,1.3164,0.0000,-1.0349,0.0000,0.0000
167.7300,8.7220,0,30,KWJ1_GPS,-69.8810,44.6420,0.1670,0.1590,1,0,1,0,0,0,0.0000,-6150040.2277,1337552.7698,965561.6223,30,-67.5083,46.7670,2.3727,2.1250,-67.7105,46.9002,-0.2037,0.1327,0.0015,0.0005,0.0003,0.0000,0.0000,0.0000,0.0000,-0.0150,-0.0150,0.0000,0.0147,0.0000,0.0000
239.9370,47.6560,0,14,L387_GPS,1.3000,1.6800,0.1790,0.1700,1,0,1,0,0,0,0.0000,-2148575.5421,-3712010.0334,4706267.7477,13,1.4601,0.7371,0.1601,-0.9429,-0.0472,-0.1108,-0.7850,-0.6515,-0.7223,-0.1964,0.0484,0.0000,0.0000,0.0000,0.0000,0.2082,0.2082,0.0000,-0.2567,0.0000,0.0000
242.8680,47.2740,0,14,LATA_GPS,1.0500,1.3000,0.1970,0.2300,1,0,1,0,0,0,0.0000,-1970223.4126,-3844857.4218,4677568.0189,13,0.3288,0.0568,-0.7212,-1.2432,-0.0685,-0.1897,-0.0704,-0.1714,-0.3270,-0.0751,0.0339,0.0000,0.0000,0.0000,0.0000,-0.0123,-0.0123,0.0000,-0.0216,0.0000,0.0000
226.9070,56.4660,0,14,LEV1_GPS,-3.1650,2.7540,0.1800,0.2040,1,0,1,0,0,0,0.0000,-2403155.2884,-2568696.7031,5307635.3839,13,0.1096,1.6833,3.2746,-1.0707,0.3006,0.2409,0.1897,-1.4410,0.0012,-0.0014,-0.0239,0.0000,0.0000,0.0000,0.0000,0.0474,0.0474,0.0000,-0.0235,0.0000,0.0000
240.9830,37.6370,0,1,LINC_GPS,-9.6490,8.5850,0.1460,0.1450,1,0,1,0,0,0,0.0000,-2445888.4569,-4409413.6360,3888322.5824,1,-8.6658,8.6361,0.9832,0.0511,-10.0522,8.0888,-1.3403,-0.5662,-0.0461,0.0189,-0.0172,0.0000,0.0000,0.0000,0.0000,-0.7551,-0.7551,0.0000,0.7724,0.0000,0.0000
243.6920,36.7460,0,21,LITT_GLA,-3.3300,-0.1900,0.1130,0.1100,1,0,1,0,0,0,0.0000,-2261278.8019,-4573742.1004,3809442.5893,20,-3.5194,0.1404,-0.1894,0.3304,-3.3446,-0.5533,0.2087,-0.7042,-0.0338,0.0105,-0.0099,0.0000,0.0000,0.0000,0.0000,0.0006,0.0006,0.0000,0.0093,0.0000,0.0000
249.6000,44.5650,0,14,LKWY_GPS,0.2210,-3.5840,0.1090,0.1710,1,0,1,0,0,0,0.0000,-1581302.9230,-4251995.4225,4468150.3392,13,-0.1675,-0.3136,-0.3885,3.2704,-0.2022,-0.3688,0.0584,-0.0459,-0.0931,-0.0093,0.0106,0.0000,0.0000,0.0000,0.0000,-0.0058,-0.0058,0.0000,-0.0048,0.0000,0.0000
248.0720,40.2610,0,21,LMUT_GPS,-2.8210,-0.0660,0.2140,0.2190,1,0,1,0,0,0,0.0000,-1814569.4990,-4507517.0419,4115091.6286,20,-2.4207,-0.3860,0.4003,-0.3200,-3.1554,-0.6101,-0.6735,-0.2295,-0.0612,0.0054,0.0010,0.0000,0.0000,0.0000,0.0000,-0.1698,-0.1698,0.0000,0.1687,0.0000,0.0000
240.6460,41.9970,0,6,LOPE_GPS,-3.7400,2.4700,0.1970,0.2090,1,0,1,0,0,0,0.0000,-2319722.7717,-4124583.9336,4260404.3351,3,-3.1877,2.0275,0.5523,-0.4425,-3.4653,1.6229,-0.0531,-0.4181,-0.2245,0.0135,-0.0117,0.0000,0.0000,0.0000,0.0000,-0.0303,-0.0303,0.0000,0.0421,0.0000,0.0000
240.6630,47.1850,0,14,LSII_GPS,0.5800,0.9500,0.1340,0.1430,1,0,1,0,0,0,0.0000,-2120252.8416,-3772535.6743,4670851.5214,13,0.9394,0.4892,0.3594,-0.4608,-0.0676,-0.1303,-0.4341,-0.4922,-0.5730,-0.1274,0.0429,0.0000,0.0000,0.0000,0.0000,0.0672,0.0672,0.0000,-0.1101,0.0000,0.0000
238.1350,37.2870,0,44,LUTZ_GPS,-20.3500,22.8340,0.1360,0.1350,1,0,1,0,0,0,0.0000,-2674445.4450,-4302532.5037,3857448.2599,43,-20.1810,23.0687,0.1690,0.2347,-20.5968,28.5944,-0.3913,5.5042,-0.0245,0.0214,-0.0304,0.0000,0.0000,0.0000,0.0000,0.9300,0.9300,0.0000,-0.8996,0.0000,0.0000
249.3110,44.9730,0,14,MAWY_GPS,0.5630,0.5990,0.1180,0.1270,1,0,1,0,0,0,0.0000,-1591448.2953,-4214092.3254,4500341.0602,13,-0.1336,-0.3040,-0.6966,-0.9030,-0.1845,-0.3612,0.0490,-0.0456,-0.0998,-0.0117,0.0117,0.0000,0.0000,0.0000,0.0000,-0.0058,-0.0058,0.0000,-0.0059,0.0000,0.0000
234.5030,50.2310,0,14,MENZ_GPS,2.5800,4.4400,0.2210,0.2240,1,0,1,0,0,0,0.0000,-2365154.7416,-3316191.9232,4894207.3555,11,3.4170,3.3134,0.8370,-1.1266,2.3764,1.5201,0.6342,-0.1743,-1.6748,-1.6190,-0.2402,0.0000,0.0000,0.0000,0.0000,0.5125,0.5125,0.0000,-0.2724,0.0000,0.0000
244.0210,36.6330,0,21,MERC_GLA,-3.2400,-0.5500,0.1130,0.1100,1,0,1,0,0,0,0.0000,-2238265.3179,-4593396.1721,3799372.5053,20,-3.4962,0.0227,-0.2562,0.5727,-3.3533,-0.5577,0.1756,-0.5903,-0.0327,0.0099,-0.0093,0.0000,0.0000,0.0000,0.0000,-0.0040,-0.0040,0.0000,0.0133,0.0000,0.0000
240.9930,46.6210,0,14,MESA_GPS,0.3100,1.5000,0.1670,0.1550,1,0,1,0,0,0,0.0000,-2120683.1360,-3824711.5713,4628027.2141,13,1.3480,0.7748,1.0380,-0.7252,-0.0913,-0.1392,-0.9352,-0.8268,-0.5042,-0.0873,0.0363,0.0000,0.0000,0.0000,0.0000,0.5547,0.5547,0.0000,-0.5910,0.0000,0.0000
238.3570,37.3420,0,1,MHCB_GPS,-14.1200,10.8150,0.1100,0.1100,1,0,1,0,0,0,0.0000,-2655810.8359,-4309708.2944,3862309.5012,1,-14.0791,14.5718,0.0409,3.7568,-10.2204,7.4617,3.8866,-7.1325,-0.0279,0.0223,-0.0294,0.0000,0.0000,0.0000,0.0000,0.9988,0.9988,0.0000,-0.9694,0.0000,0.0000
233.9420,50.1040,0,14,MOAK_GPS,4.6300,4.0600,0.2330,0.2450,1,0,1,0,0,0,0.0000,-2403890.1538,-3301637.3399,4885166.7797,11,4.3831,4.3510,-0.2469,0.2910,2.4558,1.2838,0.7859,-0.6423,-2.7133,-2.4249,-0.7854,0.0000,0.0000,0.0000,0.0000,1.4418,1.4418,0.0000,-0.6564,0.0000,0.0000
237.5800,37.9470,0,44,MOLA_GPS,-18.8340,23.1270,0.1260,0.1260,1,0,1,0,0,0,0.0000,-2691994.1196,-4238632.8730,3915547.2784,43,-19.0791,24.3979,-0.2451,1.2709,-22.2077,27.5052,-3.0946,3.0736,-0.0340,0.0338,-0.0386,0.0000,0.0000,0.0000,0.0000,-0.4944,-0.4944,0.0000,0.5330,0.0000,0.0000
238.1330,37.4850,0,43,MONB_GPS,-16.2180,16.1490,0.1370,0.1360,1,0,1,0,0,0,0.0000,-2667541.9071,-4291092.3034,3874932.0612,44,-16.0572,17.7926,0.1608,1.6436,-10.8977,9.8385,5.1881,-7.9786,-0.0287,0.0244,-0.0315,0.0000,0.0000,0.0000,0.0000,0.6593,0.6593,0.0000,-0.6278,0.0000,0.0000
235.0010,49.9490,0,14,NACH_GPS,4.5400,5.0200,0.2150,0.2240,1,0,1,0,0,0,0.0000,-2350030.1585,-3356315.5615,4874100.4880,11,3.8766,3.4987,-0.6634,-1.5213,2.5869,1.7296,0.6187,-0.0915,-1.9084,-1.6775,-0.2094,0.0000,0.0000,0.0000,0.0000,0.4323,0.4323,0.0000,-0.2229,0.0000,0.0000
247.7700,41.0160,0,21,NAIU_GPS,-1.5400,-0.8600,0.0950,0.0930,1,0,1,0,0,0,0.0000,-1817628.9206,-4447305.9289,4178761.3647,20,-2.4150,-0.4006,-0.8750,0.4594,-3.1053,-0.6063,-0.6189,-0.2103,-0.0714,0.0045,0.0023,0.0000,0.0000,0.0000,0.0000,-0.1403,-0.1403,0.0000,0.1380,0.0000,0.0000
248.3700,45.5970,0,14,NOMT_GPS,0.1230,-0.5100,0.1280,0.1290,1,0,1,0,0,0,0.0000,-1642276.2046,-4141579.2418,4549131.9736,13,-0.0712,-0.2715,-0.1942,0.2385,-0.1551,-0.3364,0.0339,-0.0482,-0.1178,-0.0167,0.0141,0.0000,0.0000,0.0000,0.0000,-0.0071,-0.0071,0.0000,-0.0070,0.0000,0.0000
249.1680,44.4520,0,14,OFWY_GPS,-3.5120,-0.5340,0.2460,0.2280,1,0,1,0,0,0,0.0000,-1616447.6908,-4248179.7884,4459194.6369,13,-0.1816,-0.3071,3.3304,0.2269,-0.2049,-0.3575,0.0737,-0.0415,-0.0969,-0.0089,0.0106,0.0000,0.0000,0.0000,0.0000,-0.0076,-0.0076,0.0000,-0.0030,0.0000,0.0000
237.7270,38.0060,0,43,OHLN_GPS,-15.9350,17.5100,0.2320,0.2320,1,0,1,0,0,0,0.0000,-2678956.1608,-4242114.2154,3920715.7936,44,-15.5331,18.6691,0.4019,1.1591,-11.0729,9.7090,4.4987,-8.9958,-0.0386,0.0357,-0.0377,0.0000,0.0000,0.0000,0.0000,-1.2392,-1.2392,0.0000,1.2769,0.0000,0.0000
239.6740,47.4800,0,14,OHME_GNI,2.6500,1.6400,0.2890,0.2990,1,0,1,0,0,0,0.0000,-2172880.9718,-3714569.5178,4693070.7475,13,2.7773,1.1096,0.1273,-0.5304,-0.0541,-0.1036,-2.0363,-1.0119,-0.7951,-0.2013,0.0467,0.0000,0.0000,0.0000,0.0000,1.3275,1.3275,0.0000,-1.3742,0.0000,0.0000
235.7360,49.2280,0,14,OKAY_GPS,4.9100,5.2000,0.1520,0.1580,1,0,1,0,0,0,0.0000,-2341130.9683,-3436606.0231,4822156.8092,11,5.3472,4.3222,0.4372,-0.8778,3.1151,2.0387,0.6112,-0.1289,-2.8433,-2.1545,-0.4410,0.0000,0.0000,0.0000,0.0000,0.6036,0.6036,0.0000,-0.1625,0.0000,0.0000
238.5000,39.5550,0,1,ORVB_GPS,-10.7370,6.6200,0.1270,0.1270,1,0,1,0,0,0,0.0000,-2565147.4843,-4185940.2501,4054907.4056,1,-10.1578,7.9669,0.5792,1.3469,-10.5729,7.4962,-0.2462,-0.5498,-0.1689,0.0792,-0.0320,0.0000,0.0000,0.0000,0.0000,0.0074,0.0074,0.0000,0.0245,0.0000,0.0000
234.6000,49.8230,0,14,OYST_GPS,4.6900,4.9100,0.2180,0.2300,1,0,1,0,0,0,0.0000,-2379665.8940,-3348515.2070,4865078.3758,11,4.7180,4.2533,0.0280,-0.6567,2.6672,1.5609,0.6703,-0.3896,-2.7211,-2.3028,-0.5204,0.0000,0.0000,0.0000,0.0000,0.8838,0.8838,0.0000,-0.3635,0.0000,0.0000
239.4510,42.7040,0,6,PAIS_GPS,-2.2200,2.5900,0.2330,0.2750,1,0,1,0,0,0,0.0000,-2378334.1131,-4029725.5287,4318470.8487,3,-2.4674,3.3376,-0.2474,0.7476,-2.7195,2.5477,0.0927,-0.7918,-0.3447,0.0020,-0.0226,0.0000,0.0000,0.0000,0.0000,-0.5567,-0.5567,0.0000,0.5793,0.0000,0.0000
240.9690,45.4990,0,6,PAUL_GPS,0.6700,1.6900,0.2590,0.2600,1,0,1,0,0,0,0.0000,-2165855.9030,-3902326.6410,4541504.8669,3,0.7527,1.4086,0.0827,-0.2814,0.3839,1.3728,0.0702,0.0041,-0.4390,-0.0398,0.0221,0.0000,0.0000,0.0000,0.0000,-0.0064,-0.0064,0.0000,-0.0157,0.0000,0.0000
237.5810,37.8530,0,44,PBL1_GPS,-23.1040,21.6660,0.1290,0.1280,1,0,1,0,0,0,0.0000,-2695360.4044,-4244096.8726,3907304.1202,43,-20.5049,25.9387,2.5991,4.2727,-22.0016,27.5072,-1.4658,1.5373,-0.0310,0.0312,-0.0379,0.0000,0.0000,0.0000,0.0000,-0.0727,-0.0727,0.0000,0.1106,0.0000,0.0000
233.8780,49.6190,0,8,PIER_GPS,7.0000,5.2300,0.2180,0.2300,1,0,1,0,0,0,0.0000,-2431867.4578,-3332234.3129,4850421.2820,5,7.2807,5.9275,0.2807,0.6975,2.7195,2.5531,1.0008,0.1767,-5.5620,-3.5512,-2.1676,0.0000,0.0000,0.0000,0.0000,2.4537,2.4537,0.0000,-0.2861,0.0000,0.0000
235.5550,49.7100,0,14,POCA_GPS,3.5700,4.5600,0.1730,0.1910,1,0,1,0,0,0,0.0000,-2328947.7911,-3395618.3835,4856967.1032,11,4.0926,3.5486,0.5226,-1.0114,2.7695,1.9626,0.5961,-0.0097,-1.9191,-1.5763,-0.1626,0.0000,0.0000,0.0000,0.0000,0.3431,0.3431,0.0000,-0.1805,0.0000,0.0000
243.8800,36.5800,0,21,POIN_GLA,-3.1700,-0.3200,0.1130,0.1100,1,0,1,0,0,0,0.0000,-2251108.7937,-4591027.7157,3794644.2750,20,-3.5178,0.0815,-0.3478,0.4015,-3.3556,-0.5558,0.1943,-0.6472,-0.0322,0.0100,-0.0096,0.0000,0.0000,0.0000,0.0000,-0.0016,-0.0016,0.0000,0.0111,0.0000,0.0000
238.0650,38.2030,0,1,POTB_GPS,-11.2870,8.5400,0.1370,0.1370,1,0,1,0,0,0,0.0000,-2646738.2324,-4246378.6100,3937943.2311,1,-11.4861,10.6723,-0.1991,2.1323,-10.3874,7.3909,1.1506,-3.3222,-0.0519,0.0408,-0.0355,0.0000,0.0000,0.0000,0.0000,0.5295,0.5295,0.0000,-0.4939,0.0000,0.0000
235.5440,49.8070,0,14,POWE_GPS,4.5600,4.3700,0.1790,0.2000,1,0,1,0,0,0,0.0000,-2324944.1426,-3388386.2186,4863931.0263,11,3.8587,3.4114,-0.7013,-0.9586,2.7007,1.9580,0.6012,0.0155,-1.7592,-1.4689,-0.1299,0.0000,0.0000,0.0000,0.0000,0.3132,0.3132,0.0000,-0.1833,0.0000,0.0000
237.6100,37.1870,0,30,PPT1_GPS,-28.9660,35.3520,0.1290,0.1280,1,0,1,0,0,0,0.0000,-2717358.9696,-4283524.9043,3848600.5360,30,-27.6778,35.3318,1.2882,-0.0202,-30.1024,39.6475,-2.4076,4.2968,-0.0170,0.0190,-0.0328,0.0000,0.0000,0.0000,0.0000,-0.7675,-0.7675,0.0000,0.8003,0.0000,0.0000
239.1350,44.3010,0,6,PRIN_GPS,-0.4300,4.1900,0.1730,0.1640,1,0,1,0,0,0,0.0000,-2337847.3030,-3911678.8859,4447200.2140,3,-0.0701,3.0893,0.3599,-1.1007,-0.9781,2.7921,-0.3558,-0.2805,-0.5522,-0.0167,-0.0141,0.0000,0.0000,0.0000,0.0000,0.0186,0.0186,0.0000,-0.0045,0.0000,0.0000
239.7440,48.5080,0,14,R378_GPS,-0.3800,3.7700,0.1490,0.1580,1,0,1,0,0,0,0.0000,-2125567.5248,-3643893.9222,4769523.1672,13,1.0065,0.5685,1.3865,-3.2015,-0.0120,-0.1055,-0.3085,-0.4063,-0.7100,-0.2677,0.0525,0.0000,0.0000,0.0000,0.0000,0.0407,0.0407,0.0000,-0.0932,0.0000,0.0000
242.7510,45.9290,0,14,R409_GPS,0.4100,0.5000,0.1370,0.1460,1,0,1,0,0,0,0.0000,-2027795.8921,-3937377.8379,4574871.6969,13,0.2670,0.0946,-0.1430,-0.4054,-0.1232,-0.1866,-0.0838,-0.2412,-0.3065,-0.0399,0.0253,0.0000,0.0000,0.0000,0.0000,0.0057,0.0057,0.0000,-0.0310,0.0000,0.0000
242.5430,44.5780,0,12,R489_GPS,-1.2500,1.3800,0.2150,0.1760,1,0,1,0,0,0,0.0000,-2091242.2894,-4024610.7268,4469179.5272,10,-0.1305,1.0234,1.1195,-0.3566,-0.3462,1.2487,0.0477,0.2382,-0.2635,-0.0130,0.0136,0.0000,0.0000,0.0000,0.0000,-0.0175,-0.0175,0.0000,0.0039,0.0000,0.0000
234.1590,49.0840,0,8,RADA_GPS,9.3100,7.3800,0.1790,0.1940,1,0,1,0,0,0,0.0000,-2441909.5804,-3380689.4767,4811690.7345,5,10.8538,7.5477,1.5438,0.1677,2.8270,2.5763,0.7993,0.0693,-8.8261,-5.0407,-1.3478,0.0000,0.0000,0.0000,0.0000,1.5368,1.5368,0.0000,-0.1890,0.0000,0.0000
248.1910,40.7810,0,14,RBUT_GPS,-1.3600,-0.1100,0.0980,0.0960,1,0,1,0,0,0,0.0000,-1791254.5213,-4476416.4158,4159020.8913,13,-1.6189,-0.3810,-0.2589,-0.2710,-0.3488,-0.3317,1.3362,0.0449,-0.0662,0.0045,0.0021,0.0000,0.0000,0.0000,0.0000,-0.6984,-0.6984,0.0000,0.6963,0.0000,0.0000
243.5320,36.8400,0,21,REPO_GLA,-3.2560,-1.9880,0.3020,0.3030,1,0,1,0,0,0,0.0000,-2271253.6803,-4561808.7249,3817808.1852,20,-3.5235,0.2132,-0.2675,2.2012,-3.3380,-0.5512,0.2203,-0.7753,-0.0348,0.0109,-0.0102,0.0000,0.0000,0.0000,0.0000,0.0041,0.0041,0.0000,0.0061,0.0000,0.0000
232.3990,51.1860,0,14,ROBI_GPS,-1.8300,2.7000,0.2570,0.2660,1,0,1,0,0,0,0.0000,-2435191.8316,-3162046.8775,4961416.3048,11,1.2195,2.0236,3.0495,-0.6764,1.6693,0.6335,0.5356,-1.2241,-0.0859,-0.1659,-0.2007,0.0000,0.0000,0.0000,0.0000,0.3896,0.3896,0.0000,-0.1889,0.0000,0.0000
242.9150,36.2180,0,20,ROGE_1HT,-4.7000,2.8300,0.1190,0.1160,1,0,1,0,0,0,0.0000,-2338979.4342,-4573718.8516,3762262.9539,21,-5.0479,4.1222,-0.3479,1.2922,-3.5272,3.9844,1.5489,-0.1480,-0.0281,0.0102,-0.0116,0.0000,0.0000,0.0000,0.0000,-0.3423,-0.3423,0.0000,0.3538,0.0000,0.0000
240.2630,48.3940,0,14,ROSW_GPS,0.2300,1.5400,0.2590,0.2510,1,0,1,0,0,0,0.0000,-2097176.4212,-3671230.9539,4761120.2257,13,0.8102,0.4192,0.5802,-1.1208,-0.0175,-0.1196,-0.2135,-0.3213,-0.6142,-0.2174,0.0509,0.0000,0.0000,0.0000,0.0000,0.0167,0.0167,0.0000,-0.0677,0.0000,0.0000
243.3500,36.3160,0,21,RYAN_1HT,-3.5910,1.0610,0.1770,0.1770,1,0,1,0,0,0,0.0000,-2301298.1045,-4585586.6897,3771044.0473,20,-3.6717,0.9203,-0.0807,-0.1407,-3.3684,-0.5487,0.3328,-1.4790,-0.0294,0.0100,-0.0107,0.0000,0.0000,0.0000,0.0000,0.0946,0.0946,0.0000,-0.0840,0.0000,0.0000
242.9500,46.4260,0,14,S262_GPS,2.0100,0.1300,0.2150,0.1970,1,0,1,0,0,0,0.0000,-1995985.9269,-3908906.3336,4613116.3996,13,0.2810,0.0511,-1.7290,-0.0789,-0.1034,-0.1919,-0.0767,-0.1921,-0.3077,-0.0509,0.0285,0.0000,0.0000,0.0000,0.0000,-0.0111,-0.0111,0.0000,-0.0175,0.0000,0.0000
243.7420,48.7310,0,14,S381_GPS,1.2600,-0.1300,0.1730,0.1940,1,0,1,0,0,0,0.0000,-1858109.8036,-3766548.0689,4785905.8770,13,0.2767,-0.0016,-0.9833,0.1284,-0.0112,-0.2132,-0.0243,-0.1201,-0.2637,-0.0915,0.0332,0.0000,0.0000,0.0000,0.0000,-0.0022,-0.0022,0.0000,-0.0310,0.0000,0.0000
239.9300,48.1570,0,14,S389_GPS,0.9200,1.4500,0.1520,0.1640,1,0,1,0,0,0,0.0000,-2128327.5779,-3675992.4873,4743590.6669,13,1.0542,0.5835,0.1342,-0.8665,-0.0267,-0.1106,-0.3811,-0.4629,-0.6998,-0.2311,0.0513,0.0000,0.0000,0.0000,0.0000,0.0558,0.0558,0.0000,-0.1071,0.0000,0.0000
244.1620,42.8800,0,21,S418_GPS,-2.7600,-0.4100,0.2420,0.2510,1,0,1,0,0,0,0.0000,-2033547.4515,-4199484.7748,4332824.0041,20,-2.2997,-0.3343,0.4603,0.0757,-2.9597,-0.5596,-0.5108,-0.2282,-0.1492,0.0030,0.0048,0.0000,0.0000,0.0000,0.0000,0.0849,0.0849,0.0000,-0.0897,0.0000,0.0000
241.2870,47.7610,0,14,S509_GPS,1.3800,0.6800,0.3340,0.2540,1,0,1,0,0,0,0.0000,-2056378.1280,-3754029.1434,4714119.8167,13,0.5865,0.2416,-0.7935,-0.4384,-0.0452,-0.1472,-0.1516,-0.2562,-0.4800,-0.1326,0.0440,0.0000,0.0000,0.0000,0.0000,-0.0020,-0.0020,0.0000,-0.0420,0.0000,0.0000
239.5230,46.6020,0,16,SARG_GPS,0.9700,1.8200,0.1700,0.1820,1,0,1,0,0,0,0.0000,-2218880.8145,-3770372.2956,4626576.7199,15,2.7035,2.2837,1.7335,0.4637,2.4278,2.5032,0.5301,0.3538,-0.8057,-0.1343,0.0354,0.0000,0.0000,0.0000,0.0000,0.1346,0.1346,0.0000,-0.1700,0.0000,0.0000
231.9920,50.6540,0,14,SCAR_GPS,1.0900,2.6500,0.2570,0.2630,1,0,1,0,0,0,0.0000,-2485852.4809,-3180830.5337,4924145.2071,11,1.2525,3.8227,0.1625,1.1727,2.0433,0.4619,0.9596,-3.4429,-0.1687,0.0821,-0.2852,0.0000,0.0000,0.0000,0.0000,0.9099,0.9099,0.0000,-0.6247,0.0000,0.0000
236.1230,49.5980,0,14,SECH_GPS,3.5900,4.7300,0.1700,0.1880,1,0,1,0,0,0,0.0000,-2300459.3589,-3426415.0366,4848908.9697,11,3.9603,3.4128,0.3703,-1.3172,2.8645,2.2013,0.5916,0.0771,-1.6875,-1.2886,-0.0832,0.0000,0.0000,0.0000,0.0000,0.2433,0.2433,0.0000,-0.1601,0.0000,0.0000
234.0420,49.9560,0,8,SENT_GPS,4.5500,3.9300,0.3040,0.3110,1,0,1,0,0,0,0.0000,-2405525.7087,-3316031.1166,4874601.0257,5,4.9210,4.7356,0.3710,0.8056,2.6632,2.5666,0.9630,0.5187,-3.2208,-2.6877,-0.9548,0.0000,0.0000,0.0000,0.0000,1.4313,1.4313,0.0000,-0.4765,0.0000,0.0000
232.7200,51.4650,0,14,SEYM_GPS,-0.2700,3.4300,0.2620,0.2750,1,0,1,0,0,0,0.0000,-2402776.0702,-3156379.4663,4980791.8329,11,0.8676,1.6347,1.1376,-1.7953,1.4745,0.7689,0.7046,-0.6498,-0.0977,-0.2160,-0.1536,0.0000,0.0000,0.0000,0.0000,0.3659,0.3659,0.0000,-0.2124,0.0000,0.0000
235.8130,49.5350,0,14,SHEP_GPS,4.2300,4.7400,0.1580,0.1670,1,0,1,0,0,0,0.0000,-2321958.7174,-3418326.5851,4844368.1254,11,4.3352,3.6567,0.1052,-1.0833,2.9002,2.0711,0.5887,-0.0016,-2.0238,-1.5840,-0.1703,0.0000,0.0000,0.0000,0.0000,0.3342,0.3342,0.0000,-0.1639,0.0000,0.0000
232.1910,50.7810,0,14,SHUS_GPS,-0.6700,3.3800,0.3190,0.3250,1,0,1,0,0,0,0.0000,-2468092.7049,-3180814.1219,4933081.3275,11,1.3644,2.7182,2.0344,-0.6618,1.9547,0.5458,0.7261,-2.1241,-0.1358,-0.0483,-0.2718,0.0000,0.0000,0.0000,0.0000,0.6327,0.6327,0.0000,-0.3609,0.0000,0.0000
238.9390,43.1250,0,3,SILV_GPS,-2.1200,4.4700,0.4320,0.3940,1,0,1,0,0,0,0.0000,-2397811.7864,-3981022.2427,4352736.1512,2,-1.2931,4.1934,0.8269,-0.2766,-1.7909,4.3419,-0.0656,0.1560,-0.4323,-0.0075,-0.0312,0.0000,0.0000,0.0000,0.0000,0.0396,0.0396,0.0000,-0.0084,0.0000,0.0000
243.7890,36.7300,0,21,SKUL_GLA,-3.4700,-0.2000,0.1130,0.1100,1,0,1,0,0,0,0.0000,-2254002.1277,-4578518.0519,3808017.6363,20,-3.5127,0.0964,-0.0427,0.2964,-3.3461,-0.5546,0.2002,-0.6614,-0.0336,0.0104,-0.0097,0.0000,0.0000,0.0000,0.0000,-0.0015,-0.0015,0.0000,0.0112,0.0000,0.0000
238.8720,44.6340,0,6,SKYO_GPS,0.0500,1.9500,0.1970,0.2480,1,0,1,0,0,0,0.0000,-2342376.7553,-3878715.4174,4473610.3215,3,0.5174,3.2842,0.4674,1.3342,-0.6221,2.9954,-0.4740,-0.2615,-0.6654,-0.0272,-0.0135,0.0000,0.0000,0.0000,0.0000,0.0501,0.0501,0.0000,-0.0366,0.0000,0.0000
240.1160,39.3140,0,2,SLID_GPS,-9.9080,5.5980,0.1450,0.1350,1,0,1,0,0,0,0.0000,-2454556.8629,-4271364.9803,4034221.5201,0,-8.5598,6.0220,1.3482,0.4240,-9.8185,5.3059,-1.1518,-0.7519,-0.1069,0.0357,-0.0198,0.0000,0.0000,0.0000,0.0000,-0.3321,-0.3321,0.0000,0.3519,0.0000,0.0000
247.1550,39.4260,0,21,SMEL_GPS,-3.0770,-0.3660,0.1190,0.1190,1,0,1,0,0,0,0.0000,-1909557.4125,-4532688.9870,4043843.7775,20,-2.9955,-0.4398,0.0815,-0.0738,-3.2016,-0.5985,-0.1499,-0.1661,-0.0563,0.0074,-0.0013,0.0000,0.0000,0.0000,0.0000,-0.0253,-0.0253,0.0000,0.0266,0.0000,0.0000
243.8240,47.5460,0,14,SMLT_GPS,0.7100,0.0900,0.1730,0.1910,1,0,1,0,0,0,0.0000,-1895982.2755,-3857222.5079,4698024.8187,13,0.2465,-0.0138,-0.4635,-0.1038,-0.0599,-0.2154,-0.0375,-0.1343,-0.2689,-0.0673,0.0309,0.0000,0.0000,0.0000,0.0000,-0.0105,-0.0105,0.0000,-0.0204,0.0000,0.0000
244.4130,36.3200,0,21,SMYC_GLA,-3.5200,-0.5100,0.1130,0.1100,1,0,1,0,0,0,0.0000,-2215717.5256,-4627253.2419,3771402.2251,20,-3.4326,-0.0465,0.0874,0.4635,-3.3743,-0.5629,0.0882,-0.5253,-0.0299,0.0090,-0.0086,0.0000,0.0000,0.0000,0.0000,-0.0096,-0.0096,0.0000,0.0183,0.0000,0.0000
240.4760,33.2480,0,30,SNI1_GPS,-31.7840,34.4730,0.1240,0.1210,1,0,1,0,0,0,0.0000,-2624159.5010,-4633656.4077,3491040.9149,30,-32.8511,36.3751,-1.0671,1.9021,-33.5920,37.8268,-0.7345,1.4473,-0.0064,0.0044,-0.0129,0.0000,0.0000,0.0000,0.0000,0.0192,0.0192,0.0000,-0.0063,0.0000,0.0000
238.0740,37.1660,0,44,SODB_GPS,-21.9580,25.5240,0.1420,0.1420,1,0,1,0,0,0,0.0000,-2683326.6254,-4306587.1848,3846741.0236,43,-22.8472,27.2942,-0.8892,1.7702,-20.3501,28.4748,2.5188,1.1608,-0.0217,0.0198,-0.0302,0.0000,0.0000,0.0000,0.0000,0.5372,0.5372,0.0000,-0.5071,0.0000,0.0000
231.6730,50.6780,0,14,SPAT_GPS,-0.3800,4.8200,0.2590,0.2690,1,0,1,0,0,0,0.0000,-2502244.1025,-3165322.7008,4925835.7781,11,0.7827,6.0048,1.1627,1.1848,2.0246,0.3274,1.3430,-5.7950,-0.1010,0.1175,-0.2693,0.0000,0.0000,0.0000,0.0000,1.1971,1.1971,0.0000,-0.9277,0.0000,0.0000
240.2150,41.5830,0,6,STNN_GPS,-4.0200,2.5300,0.1970,0.2060,1,0,1,0,0,0,0.0000,-2365913.9672,-4133627.6547,4226100.4452,3,-3.8258,2.5440,0.1942,0.0140,-3.9279,1.9566,0.1258,-0.6062,-0.2280,0.0187,-0.0152,0.0000,0.0000,0.0000,0.0000,-0.0228,-0.0228,0.0000,0.0380,0.0000,0.0000
234.4170,49.9950,0,14,STRA_GPS,3.3000,4.3400,0.2240,0.2360,1,0,1,0,0,0,0.0000,-2381839.7121,-3329004.8673,4877388.4037,11,4.3237,3.9764,1.0237,-0.3636,2.5418,1.4839,0.6297,-0.3649,-2.4116,-2.1276,-0.4586,0.0000,0.0000,0.0000,0.0000,0.8463,0.8463,0.0000,-0.3878,0.0000,0.0000
243.6620,36.6450,0,21,STRI_GLA,-3.2300,0.1500,0.1130,0.1100,1,0,1,0,0,0,0.0000,-2266649.0910,-4578568.4911,3800442.5968,20,-3.5322,0.1797,-0.3022,0.0297,-3.3505,-0.5529,0.2145,-0.7430,-0.0328,0.0103,-0.0100,0.0000,0.0000,0.0000,0.0000,0.0038,0.0038,0.0000,0.0062,0.0000,0.0000
237.8270,37.4270,0,44,SUAA_GPS,-22.1330,25.5200,0.1350,0.1340,1,0,1,0,0,0,0.0000,-2692508.5190,-4280102.6476,3869815.3267,43,-22.0373,28.0980,0.0957,2.5780,-20.9957,27.9903,1.0655,-0.1308,-0.0238,0.0231,-0.0331,0.0000,0.0000,0.0000,0.0000,0.5054,0.5054,0.0000,-0.4723,0.0000,0.0000
244.8970,42.0870,0,21,THR3_GPS,-3.3100,0.9100,0.2680,0.2660,1,0,1,0,0,0,0.0000,-2004760.8532,-4279122.8756,4267832.3302,20,-2.7731,-0.3822,0.5369,-1.2922,-3.0166,-0.5693,-0.1266,-0.1929,-0.1170,0.0058,0.0026,0.0000,0.0000,0.0000,0.0000,-0.0179,-0.0179,0.0000,0.0153,0.0000,0.0000
237.5520,37.8910,0,44,TIBB_GPS,-20.0260,24.3860,0.1360,0.1350,1,0,1,0,0,0,0.0000,-2696117.2103,-4240544.3055,3910637.7284,43,-20.3768,25.9865,-0.3508,1.6005,-22.0934,27.4502,-1.6849,1.4315,-0.0317,0.0321,-0.0384,0.0000,0.0000,0.0000,0.0000,-0.1671,-0.1671,0.0000,0.2055,0.0000,0.0000
235.3360,49.4900,0,14,TOBY_GPS,4.0900,5.3000,0.2000,0.2090,1,0,1,0,0,0,0.0000,-2352499.5249,-3402005.9004,4841121.0789,11,4.9730,4.1800,0.8830,-1.1200,2.9195,1.8705,0.6063,-0.1588,-2.6598,-2.1506,-0.4013,0.0000,0.0000,0.0000,0.0000,0.6098,0.6098,0.0000,-0.2085,0.0000,0.0000
240.9340,43.5850,0,6,TOMB_GPS,-1.8700,1.1200,0.2150,0.2270,1,0,1,0,0,0,0.0000,-2240719.9858,-4031407.0089,4389906.9392,3,-1.3190,1.6225,0.5510,0.5025,-1.7181,1.3999,-0.1024,-0.2225,-0.2966,-0.0001,-0.0014,0.0000,0.0000,0.0000,0.0000,-0.0328,-0.0328,0.0000,0.0342,0.0000,0.0000
240.5480,48.6940,0,14,TONA_GPS,1.6200,0.4400,0.2590,0.2810,1,0,1,0,0,0,0.0000,-2066603.1887,-3659859.3571,4783192.6794,13,0.6741,0.3353,-0.9459,-0.1047,-0.0056,-0.1272,-0.1358,-0.2534,-0.5440,-0.2091,0.0497,0.0000,0.0000,0.0000,0.0000,0.0076,0.0076,0.0000,-0.0573,0.0000,0.0000
249.4030,43.6740,0,14,TSWY_GPS,-1.3260,-0.8020,0.1510,0.1510,1,0,1,0,0,0,0.0000,-1620163.0751,-4311059.3744,4397066.0834,13,-0.2509,-0.3126,1.0751,0.4894,-0.2373,-0.3637,0.1008,-0.0459,-0.0872,-0.0052,0.0087,0.0000,0.0000,0.0000,0.0000,-0.0087,-0.0087,0.0000,-0.0001,0.0000,0.0000
241.9930,42.9230,0,12,TURN_GPS,-2.6100,0.2900,0.2620,0.2300,1,0,1,0,0,0,0.0000,-2189501.4563,-4116639.9395,4336324.5315,10,-2.0228,1.4939,0.5872,1.2039,-2.2352,1.6913,-0.0014,0.1918,-0.2110,0.0056,-0.0004,0.0000,0.0000,0.0000,0.0000,-0.0552,-0.0552,0.0000,0.0556,0.0000,0.0000
242.4170,44.2590,0,12,U701_GPS,-4.9100,3.4000,0.5970,0.4420,1,0,1,0,0,0,0.0000,-2111576.6672,-4041994.1700,4443858.5227,10,-0.4606,0.8219,4.4494,-2.5781,-0.7106,1.3501,0.0050,0.5365,-0.2549,-0.0083,0.0107,0.0000,0.0000,0.0000,0.0000,0.5580,0.5580,0.0000,-0.5687,0.0000,0.0000
239.7820,44.6310,0,6,U73H_GPS,-1.3900,1.9100,0.2390,0.2450,1,0,1,0,0,0,0.0000,-2280598.1187,-3915629.8468,4473373.0658,3,0.0546,2.4846,1.4446,0.5746,-0.5959,2.2917,-0.1487,-0.1736,-0.5017,-0.0193,0.0017,0.0000,0.0000,0.0000,0.0000,-0.0217,-0.0217,0.0000,0.0201,0.0000,0.0000
244.2690,43.1310,0,21,U76A_GPS,-0.1200,-0.9600,0.2890,0.2690,1,0,1,0,0,0,0.0000,-2017441.3576,-4186135.8191,4353222.7987,20,-2.2761,-0.3441,-2.1561,0.6159,-2.9438,-0.5610,-0.5140,-0.2181,-0.1537,0.0012,0.0062,0.0000,0.0000,0.0000,0.0000,0.0838,0.0838,0.0000,-0.0900,0.0000,0.0000
238.2490,38.5360,0,1,UCD1_GPS,-11.5300,7.3970,0.1250,0.1240,1,0,1,0,0,0,0.0000,-2620999.5012,-4235322.7982,3966957.7602,1,-10.8200,9.1433,0.7100,1.7463,-10.4276,7.4355,0.4647,-1.7579,-0.0723,0.0502,-0.0349,0.0000,0.0000,0.0000,0.0000,0.1667,0.1667,0.0000,-0.1318,0.0000,0.0000
244.4420,43.4900,0,21,V162_GPS,-2.5700,0.2600,0.3700,0.2540,1,0,1,0,0,0,0.0000,-1992985.6123,-4167518.9674,4382253.4691,20,-2.2746,-0.3569,0.2954,-0.6169,-2.9211,-0.5633,-0.4871,-0.2048,-0.1594,-0.0015,0.0081,0.0000,0.0000,0.0000,0.0000,0.0678,0.0678,0.0000,-0.0759,0.0000,0.0000
238.9730,42.3930,0,3,V357_GPS,-3.4000,4.7200,0.2060,0.2450,1,0,1,0,0,0,0.0000,-2423916.2948,-4029771.4706,4293008.6364,2,-2.8444,4.4035,0.5556,-0.3165,-3.4430,4.2865,-0.2213,-0.1180,-0.3773,0.0011,-0.0306,0.0000,0.0000,0.0000,0.0000,-0.0457,-0.0457,0.0000,0.0763,0.0000,0.0000
241.3850,42.4500,0,12,V696_GPS,-2.2400,0.7400,0.2590,0.2240,1,0,1,0,0,0,0.0000,-2250129.7172,-4124460.3034,4297684.8329,10,-2.6950,1.5036,-0.4550,0.7636,-2.7858,2.1803,0.1221,0.6671,-0.2129,0.0095,-0.0058,0.0000,0.0000,0.0000,0.0000,-0.4623,-0.4623,0.0000,0.4681,0.0000,0.0000
241.7170,46.0880,0,14,WALA_GPS,-0.1000,0.3100,0.1490,0.1550,1,0,1,0,0,0,0.0000,-2092494.9360,-3888948.6574,4587144.5088,13,0.6505,0.3750,0.7505,0.0650,-0.1145,-0.1587,-0.3698,-0.4802,-0.3952,-0.0535,0.0289,0.0000,0.0000,0.0000,0.0000,0.1011,0.1011,0.0000,-0.1299,0.0000,0.0000
234.7030,49.7520,0,14,WAS2_GPS,3.3500,4.9600,0.5220,0.4960,1,0,1,0,0,0,0.0000,-2377124.1271,-3357705.5705,4859984.1201,11,4.8664,4.3378,1.5164,-0.6222,2.7196,1.6042,0.6523,-0.3902,-2.7991,-2.3433,-0.5287,0.0000,0.0000,0.0000,0.0000,0.9047,0.9047,0.0000,-0.3760,0.0000,0.0000
241.6290,40.0150,0,12,WILD_GPS,-5.4600,1.5000,0.3970,0.2780,1,0,1,0,0,0,0.0000,-2317292.6305,-4290932.6792,4094191.3815,10,-5.0858,2.1760,0.3742,0.6760,-5.5389,1.9841,-0.3425,-0.2142,-0.1106,0.0223,-0.0119,0.0000,0.0000,0.0000,0.0000,-0.0693,-0.0693,0.0000,0.0812,0.0000,0.0000
239.4790,47.0120,0,13,WILS_GPS,2.7800,1.4200,0.1760,0.1640,1,0,1,0,0,0,0.0000,-2204905.2856,-3740051.0877,4657763.6270,12,2.5876,1.8161,-0.1924,0.3961,2.1997,1.5501,0.4581,-0.0932,-0.8460,-0.1728,0.0407,0.0000,0.0000,0.0000,0.0000,0.1535,0.1535,0.0000,-0.1942,0.0000,0.0000
238.8650,45.2330,0,6,Y109_GPS,0.7200,2.5000,0.1370,0.1430,1,0,1,0,0,0,0.0000,-2318540.5777,-3838185.6108,4520735.8105,3,1.1943,3.2532,0.4743,0.7532,0.0348,3.0008,-0.3604,-0.1982,-0.7992,-0.0542,-0.0000,0.0000,0.0000,0.0000,0.0000,0.0408,0.0408,0.0000,-0.0407,0.0000,0.0000
242.2840,42.0130,0,12,Y129_GPS,-3.8900,1.4900,0.3130,0.3190,1,0,1,0,0,0,0.0000,-2200321.8851,-4188153.4910,4261725.6364,10,-2.6182,0.7816,1.2718,-0.7084,-3.2623,1.4571,-0.4783,0.6643,-0.1658,0.0112,-0.0037,0.0000,0.0000,0.0000,0.0000,-0.1675,-0.1675,0.0000,0.1713,0.0000,0.0000
243.7090,45.6560,0,14,Y405_GPS,2.2900,0.9500,0.2570,0.2780,1,0,1,0,0,0,0.0000,-1971314.2980,-3990229.2371,4553717.3864,13,0.1584,0.0799,-2.1316,-0.8701,-0.1368,-0.2123,-0.0498,-0.2631,-0.2454,-0.0291,0.0215,0.0000,0.0000,0.0000,0.0000,-0.0047,-0.0047,0.0000,-0.0168,0.0000,0.0000
238.6340,44.8230,0,6,Y502_GPS,0.9300,3.1200,0.1700,0.2120,1,0,1,0,0,0,0.0000,-2350774.3654,-3856330.6078,4488532.6765,3,1.0796,3.5247,0.1496,0.4047,-0.4238,3.1794,-0.7322,-0.3073,-0.7713,-0.0379,-0.0157,0.0000,0.0000,0.0000,0.0000,0.1464,0.1464,0.0000,-0.1307,0.0000,0.0000
242.6670,47.9690,0,14,Z231_GPS,2.4000,-0.0500,0.3370,0.4120,1,0,1,0,0,0,0.0000,-1957501.7645,-3787236.5739,4729627.6213,13,0.3603,0.0766,-2.0397,0.1266,-0.0396,-0.1843,-0.0587,-0.1624,-0.3412,-0.0985,0.0375,0.0000,0.0000,0.0000,0.0000,-0.0087,-0.0087,0.0000,-0.0288,0.0000,0.0000
242.1120,48.5410,0,14,Z264_GPS,0.8400,0.7200,0.1310,0.1370,1,0,1,0,0,0,0.0000,-1971910.1103,-3726177.0450,4771952.0752,13,0.4174,0.1283,-0.4226,-0.5917,-0.0149,-0.1694,-0.0577,-0.1681,-0.3746,-0.1296,0.0412,0.0000,0.0000,0.0000,0.0000,-0.0038,-0.0038,0.0000,-0.0375,0.0000,0.0000
244.5980,35.1420,0,14,RVAL_GPS,-2.3750,0.7010,0.2110,0.2110,1,0,1,0,0,0,0.0000,-2233559.8334,-4703442.3534,3665131.9157,13,-1.3176,0.4373,1.0574,-0.2637,-0.5631,-0.2361,0.7761,-0.6804,-0.0216,0.0070,-0.0085,0.0000,0.0000,0.0000,0.0000,-0.0174,-0.0174,0.0000,0.0259,0.0000,0.0000
243.9840,34.6240,0,14,SIBE_GPS,-2.3790,1.3620,0.2190,0.2190,1,0,1,0,0,0,0.0000,-2298274.7578,-4708823.7149,3617908.7635,13,-2.7436,1.6734,-0.3646,0.3114,-0.5822,-0.2196,2.1795,-1.8995,-0.0181,0.0065,-0.0093,0.0000,0.0000,0.0000,0.0000,-0.2501,-0.2501,0.0000,0.2594,0.0000,0.0000
243.8370,36.6900,0,21,1PDI_GPS,-1.5540,1.1110,0.2250,0.2260,1,0,1,0,0,0,0.0000,-2251337.3001,-4582789.7539,3804453.9548,20,-3.5118,0.0823,-1.9578,-1.0287,-3.3488,-0.5552,0.1963,-0.6477,-0.0332,0.0102,-0.0096,0.0000,0.0000,0.0000,0.0000,-0.0019,-0.0019,0.0000,0.0115,0.0000,0.0000
243.7390,36.9430,0,21,SHOS_GPS,-1.6850,1.6630,0.2240,0.2250,1,0,1,0,0,0,0.0000,-2251717.4934,-4563822.3483,3826962.9427,20,-3.5003,0.0818,-1.8153,-1.5812,-3.3329,-0.5539,0.2032,-0.6466,-0.0359,0.0108,-0.0097,0.0000,0.0000,0.0000,0.0000,-0.0038,-0.0038,0.0000,0.0136,0.0000,0.0000
243.7090,35.3970,0,14,SILV_GHT,-5.1390,0.2910,0.3940,0.3880,1,0,1,0,0,0,0.0000,-2299018.6582,-4653550.9208,3688269.0383,13,-2.7711,0.9895,2.3679,0.6985,-0.5509,-0.2123,2.2426,-1.2097,-0.0224,0.0079,-0.0099,0.0000,0.0000,0.0000,0.0000,-0.5572,-0.5572,0.0000,0.5671,0.0000,0.0000
243.5250,36.3970,0,21,FUNE_GPS,-3.1390,1.4520,0.2070,0.2090,1,0,1,0,0,0,0.0000,-2284902.5472,-4587817.5161,3778293.5633,20,-3.5929,0.3909,-0.4539,-1.0611,-3.3646,-0.5511,0.2586,-0.9520,-0.0303,0.0100,-0.0103,0.0000,0.0000,0.0000,0.0000,0.0211,0.0211,0.0000,-0.0108,0.0000,0.0000
243.4480,35.4260,0,37,P_42_GHT,-4.6340,1.9250,0.4240,0.4090,1,0,1,0,0,0,0.0000,-2319358.3202,-4641359.4312,3690895.7008,37,-3.7365,2.0661,0.8975,0.1411,-3.4596,0.1632,0.2992,-1.9109,-0.0223,0.0081,-0.0104,0.0000,0.0000,0.0000,0.0000,-0.3030,-0.3030,0.0000,0.3134,0.0000,0.0000
243.4250,36.8090,0,21,BLAK_GPS,-3.1240,1.9080,0.4090,0.4090,1,0,1,0,0,0,0.0000,-2280692.6693,-4559405.9318,3815050.4530,20,-3.5292,0.3109,-0.4052,-1.5971,-3.3392,-0.5497,0.2244,-0.8716,-0.0344,0.0110,-0.0104,0.0000,0.0000,0.0000,0.0000,0.0137,0.0137,0.0000,-0.0033,0.0000,0.0000
243.3190,36.8890,0,21,CLAI_GPS,-4.2460,1.5070,0.4090,0.4120,1,0,1,0,0,0,0.0000,-2286729.7941,-4550414.6817,3822164.9015,20,-3.5373,0.3738,0.7087,-1.1332,-3.3338,-0.5483,0.2388,-0.9335,-0.0353,0.0113,-0.0106,0.0000,0.0000,0.0000,0.0000,0.0173,0.0173,0.0000,-0.0066,0.0000,0.0000
243.2540,36.8280,0,21,P16X_GPS,-3.0740,2.9290,0.2320,0.2380,1,0,1,0,0,0,0.0000,-2293720.6228,-4551448.8646,3816740.8085,20,-3.5354,0.5077,-0.4614,-2.4213,-3.3371,-0.5474,0.2329,-1.0664,-0.0346,0.0112,-0.0108,0.0000,0.0000,0.0000,0.0000,0.0403,0.0403,0.0000,-0.0295,0.0000,0.0000
243.1380,36.8580,0,21,F23X_GPS,-3.4310,2.9760,0.2240,0.2290,1,0,1,0,0,0,0.0000,-2302027.3993,-4545012.2873,3819408.9362,20,-3.5535,0.6750,-0.1225,-2.3010,-3.3346,-0.5459,0.2538,-1.2324,-0.0349,0.0115,-0.0111,0.0000,0.0000,0.0000,0.0000,0.0670,0.0670,0.0000,-0.0560,0.0000,0.0000
243.0710,36.7920,0,21,MO93_GPS,-4.1060,2.7200,0.2260,0.2310,1,0,1,0,0,0,0.0000,-2309331.6337,-4546236.8258,3813537.6741,20,-3.5561,1.0173,0.5499,-1.7027,-3.3382,-0.5450,0.2521,-1.5737,-0.0342,0.0114,-0.0112,0.0000,0.0000,0.0000,0.0000,0.1730,0.1730,0.0000,-0.1617,0.0000,0.0000
243.0220,36.7240,0,21,BM8Z_GPS,-3.2420,2.5440,0.2140,0.2160,1,0,1,0,0,0,0.0000,-2315270.3636,-4548290.4776,3807483.2023,20,-3.6081,1.5672,-0.3661,-0.9768,-3.3420,-0.5443,0.2995,-2.1229,-0.0334,0.0113,-0.0113,0.0000,0.0000,0.0000,0.0000,0.4523,0.4523,0.0000,-0.4410,0.0000,0.0000
242.9730,36.6380,0,20,HOLD_GPS,-3.9700,3.6270,0.2210,0.2230,1,0,1,0,0,0,0.0000,-2321753.5931,-4551394.4966,3799818.3970,21,-4.1449,2.3992,-0.1749,-1.2278,-3.8554,4.0234,0.3219,1.6131,-0.0324,0.0111,-0.0115,0.0000,0.0000,0.0000,0.0000,0.8210,0.8210,0.0000,-0.8096,0.0000,0.0000
242.9580,35.1680,0,36,GS36_GPS,-10.0240,10.5690,0.4030,0.4060,1,0,1,0,0,0,0.0000,-2366498.6475,-4636110.5443,3667494.3263,35,-8.3491,10.0732,1.6749,-0.4958,-8.6156,10.2200,-0.2465,0.1391,-0.0200,0.0078,-0.0111,0.0000,0.0000,0.0000,0.0000,0.1242,0.1242,0.0000,-0.1131,0.0000,0.0000
242.8630,37.2180,0,21,SCTY_GPS,-3.1790,2.0080,0.3100,0.3050,1,0,1,0,0,0,0.0000,-2312823.5100,-4512465.3746,3851344.5855,20,-3.6251,0.6420,-0.4461,-1.3660,-3.3112,-0.5422,0.3532,-1.1970,-0.0393,0.0128,-0.0116,0.0000,0.0000,0.0000,0.0000,0.0276,0.0276,0.0000,-0.0160,0.0000,0.0000
242.8530,36.6060,0,20,STOV_GPS,-4.9350,3.4300,0.2260,0.2280,1,0,1,0,0,0,0.0000,-2332248.8641,-4548409.5721,3796964.1902,21,-4.6087,3.2941,0.3263,-0.1359,-3.8352,3.9428,0.8055,0.6374,-0.0320,0.0112,-0.0117,0.0000,0.0000,0.0000,0.0000,0.2877,0.2877,0.0000,-0.2760,0.0000,0.0000
242.8510,35.5220,0,36,GS13_GPS,-6.9880,8.2150,0.2080,0.2080,1,0,1,0,0,0,0.0000,-2364767.5335,-4611431.8152,3699584.1100,35,-7.0078,8.4844,-0.0198,0.2694,-7.7448,10.4286,-0.7148,1.9357,-0.0223,0.0086,-0.0115,0.0000,0.0000,0.0000,0.0000,0.7597,0.7597,0.0000,-0.7482,0.0000,0.0000
242.8370,35.3750,0,36,GS49_GHT,-6.7950,11.5200,0.3880,0.3850,1,0,1,0,0,0,0.0000,-2370219.6766,-4619283.6147,3686275.7674,35,-7.7807,9.7214,-0.9857,-1.7986,-8.1125,10.4559,-0.3106,0.7263,-0.0212,0.0083,-0.0115,0.0000,0.0000,0.0000,0.0000,0.2197,0.2197,0.0000,-0.2082,0.0000,0.0000
242.8260,36.2940,0,20,PANA_GPS,-4.5050,3.8810,0.2020,0.2040,1,0,1,0,0,0,0.0000,-2343799.9886,-4565636.4519,3769073.7409,21,-5.1616,4.1576,-0.6566,0.2766,-3.5906,3.9246,1.5997,-0.2434,-0.0288,0.0104,-0.0118,0.0000,0.0000,0.0000,0.0000,-0.4082,-0.4082,0.0000,0.4200,0.0000,0.0000
242.8210,36.0350,0,20,GS07_GPS,-6.0440,5.2070,0.2080,0.2090,1,0,1,0,0,0,0.0000,-2351956.7865,-4580541.6934,3745836.1592,21,-5.9204,5.0953,0.1236,-0.1117,-3.3868,3.9213,2.5600,-1.1839,-0.0264,0.0098,-0.0117,0.0000,0.0000,0.0000,0.0000,-1.2695,-1.2695,0.0000,1.2812,0.0000,0.0000
242.8010,35.6150,0,38,GS14_GPS,-7.4840,7.9830,0.2090,0.2100,1,0,1,0,0,0,0.0000,-2366042.9656,-4604019.3452,3707991.1024,38,-7.3956,8.1100,0.0884,0.1270,-8.8312,5.3106,-1.4127,-2.8082,-0.0229,0.0088,-0.0116,0.0000,0.0000,0.0000,0.0000,0.7913,0.7913,0.0000,-0.7797,0.0000,0.0000
242.7920,34.9750,0,35,RAIN_GPS,-9.2240,12.3680,0.2160,0.2160,1,0,1,0,0,0,0.0000,-2385555.6158,-4640195.4556,3649939.9995,36,-9.8689,12.2824,-0.6449,-0.0856,-8.8355,11.1158,1.0518,-1.1741,-0.0185,0.0075,-0.0113,0.0000,0.0000,0.0000,0.0000,0.3888,0.3888,0.0000,-0.3775,0.0000,0.0000
242.7880,36.5430,0,20,G165_GPS,-4.4260,3.7240,0.2280,0.2300,1,0,1,0,0,0,0.0000,-2339315.1083,-4549470.9406,3791341.5101,21,-4.6972,3.7613,-0.2712,0.0373,-3.7882,3.8991,0.9402,0.1266,-0.0313,0.0111,-0.0119,0.0000,0.0000,0.0000,0.0000,0.0397,0.0397,0.0000,-0.0278,0.0000,0.0000
242.7200,36.4020,0,20,X137_GPS,-5.2990,4.3830,0.2190,0.2190,1,0,1,0,0,0,0.0000,-2348982.1584,-4554970.0459,3778740.8170,21,-5.2191,4.2778,0.0799,-0.1052,-3.6799,3.8534,1.5689,-0.4352,-0.0297,0.0108,-0.0120,0.0000,0.0000,0.0000,0.0000,-0.3561,-0.3561,0.0000,0.3681,0.0000,0.0000
242.7140,37.0610,0,21,NEV1_GPS,-3.3460,2.6910,0.3010,0.2960,1,0,1,0,0,0,0.0000,-2329379.7797,-4515797.6521,3837435.7152,20,-3.7168,1.4992,-0.3708,-1.1918,-3.3199,-0.5402,0.4342,-2.0520,-0.0373,0.0126,-0.0120,0.0000,0.0000,0.0000,0.0000,0.3068,0.3068,0.0000,-0.2948,0.0000,0.0000
242.7110,35.9130,0,38,GS25_GPS,-6.5680,6.6540,0.2080,0.2080,1,0,1,0,0,0,0.0000,-2364397.9359,-4583095.7694,3734863.7232,38,-6.6200,6.2970,-0.0520,-0.3570,-8.2230,5.4530,-1.5779,-0.8535,-0.0252,0.0096,-0.0119,0.0000,0.0000,0.0000,0.0000,-0.6698,-0.6698,0.0000,0.6817,0.0000,0.0000
242.7000,36.3490,0,20,M137_GPS,-4.9040,6.1200,0.2260,0.2290,1,0,1,0,0,0,0.0000,-2352174.1703,-4557253.9676,3773998.4644,21,-5.5465,4.6189,-0.6425,-1.5011,-3.6390,3.8400,1.9367,-0.7897,-0.0292,0.0107,-0.0121,0.0000,0.0000,0.0000,0.0000,-0.5869,-0.5869,0.0000,0.5990,0.0000,0.0000
242.6830,35.2140,0,35,GS47_GHT,-9.3310,12.1630,0.3940,0.3940,1,0,1,0,0,0,0.0000,-2387371.0191,-4622081.2284,3671672.1255,36,-8.7102,11.3480,0.6208,-0.8150,-8.3369,11.2970,0.3931,-0.0590,-0.0198,0.0080,-0.0117,0.0000,0.0000,0.0000,0.0000,0.1840,0.1840,0.0000,-0.1723,0.0000,0.0000
242.6720,35.8130,0,38,TRN1_GPS,-6.6760,6.7210,0.2110,0.2120,1,0,1,0,0,0,0.0000,-2370505.9630,-4587269.3814,3725857.2924,38,-7.3603,6.8582,-0.6843,0.1372,-8.4310,5.5147,-1.0464,-1.3528,-0.0243,0.0094,-0.0120,0.0000,0.0000,0.0000,0.0000,-0.2228,-0.2228,0.0000,0.2348,0.0000,0.0000
242.6670,35.4340,0,36,GS12_GPS,-8.2190,10.0320,0.2100,0.2100,1,0,1,0,0,0,0.0000,-2382170.7101,-4608856.1463,3691620.1310,35,-7.9652,9.7409,0.2538,-0.2911,-7.9838,10.7873,0.0027,1.0379,-0.0213,0.0085,-0.0118,0.0000,0.0000,0.0000,0.0000,0.7049,0.7049,0.0000,-0.6931,0.0000,0.0000
242.6400,36.9920,0,20,GRAP_GPS,-3.7530,2.4770,0.3070,0.3020,1,0,1,0,0,0,0.0000,-2337332.3643,-4516886.4947,3831313.7791,21,-4.2554,2.4409,-0.5024,-0.0361,-4.1476,3.7996,0.1442,1.3462,-0.0364,0.0126,-0.0122,0.0000,0.0000,0.0000,0.0000,0.5784,0.5784,0.0000,-0.5662,0.0000,0.0000
242.5990,35.7690,0,38,GS20_GPS,-7.7250,8.2000,0.2090,0.2090,1,0,1,0,0,0,0.0000,-2377664.7245,-4586784.3096,3721890.8657,38,-7.9331,7.2379,-0.2081,-0.9621,-8.5256,5.6302,-0.5687,-1.6169,-0.0238,0.0093,-0.0121,0.0000,0.0000,0.0000,0.0000,0.0098,0.0098,0.0000,0.0023,0.0000,0.0000
242.5760,36.3400,0,38,13DD_GPS,-6.3620,6.1020,0.2230,0.2280,1,0,1,0,0,0,0.0000,-2362304.5069,-4552678.8468,3773192.8384,38,-6.2363,5.5977,0.1257,-0.5043,-7.3520,5.6666,-1.0867,0.0581,-0.0290,0.0108,-0.0123,0.0000,0.0000,0.0000,0.0000,-0.4466,-0.4466,0.0000,0.4589,0.0000,0.0000
242.5510,37.0190,0,20,SAND_GPS,-3.9420,3.4550,0.3070,0.3020,1,0,1,0,0,0,0.0000,-2343513.3108,-4511647.6592,3833709.9816,21,-4.6103,2.8785,-0.6683,-0.5765,-4.1723,3.7398,0.4746,0.8485,-0.0367,0.0128,-0.0124,0.0000,0.0000,0.0000,0.0000,0.4630,0.4630,0.0000,-0.4506,0.0000,0.0000
242.5460,36.0530,0,38,GS27_GPS,-7.0430,6.6230,0.2170,0.2170,1,0,1,0,0,0,0.0000,-2373371.9736,-4568155.9083,3747453.6067,38,-7.2800,6.4165,-0.2370,-0.2065,-7.9444,5.7141,-0.6383,-0.7125,-0.0262,0.0101,-0.0123,0.0000,0.0000,0.0000,0.0000,-0.1759,-0.1759,0.0000,0.1882,0.0000,0.0000
242.5410,35.5840,0,38,GS48_GPS,-8.7030,10.6950,0.4000,0.4060,1,0,1,0,0,0,0.0000,-2387835.6546,-4595014.7420,3705189.8560,38,-8.6836,8.8297,0.0194,-1.8653,-8.9095,5.7220,-0.2036,-3.1166,-0.0222,0.0089,-0.0121,0.0000,0.0000,0.0000,0.0000,0.9012,0.9012,0.0000,-0.8891,0.0000,0.0000
242.5210,36.5720,0,20,HUNT_GPS,-5.2770,4.1470,0.3160,0.3130,1,0,1,0,0,0,0.0000,-2359604.5381,-4536817.2523,3793930.2977,21,-5.1979,4.5583,0.0791,0.4113,-3.8216,3.7197,1.4076,-0.8502,-0.0313,0.0115,-0.0125,0.0000,0.0000,0.0000,0.0000,-0.0994,-0.0994,0.0000,0.1119,0.0000,0.0000
242.5180,35.9250,0,38,GS24_GPS,-8.4090,7.0810,0.2110,0.2120,1,0,1,0,0,0,0.0000,-2379461.5572,-4574411.2844,3735943.7309,38,-7.7188,6.8485,0.6902,-0.2325,-8.2094,5.7584,-0.4656,-1.0999,-0.0250,0.0098,-0.0123,0.0000,0.0000,0.0000,0.0000,-0.0913,-0.0913,0.0000,0.1036,0.0000,0.0000
242.5000,36.8650,0,20,TINP_GPS,-3.9660,3.8790,0.3040,0.3020,1,0,1,0,0,0,0.0000,-2352277.7786,-4518683.5703,3820031.3487,21,-4.8163,3.8423,-0.8503,-0.0367,-4.0531,3.7055,0.7980,-0.1492,-0.0347,0.0124,-0.0126,0.0000,0.0000,0.0000,0.0000,0.0667,0.0667,0.0000,-0.0542,0.0000,0.0000
242.4950,35.2130,0,35,FMTH_GPS,-9.9010,12.2490,0.3940,0.3940,1,0,1,0,0,0,0.0000,-2402553.7956,-4614279.7126,3671581.3289,36,-9.0923,12.1043,0.8087,-0.1447,-8.3607,11.6096,0.7511,-0.5028,-0.0195,0.0081,-0.0120,0.0000,0.0000,0.0000,0.0000,0.2395,0.2395,0.0000,-0.2275,0.0000,0.0000
242.4600,36.5320,0,20,JACK_GPS,-5.7420,4.4420,0.3160,0.3130,1,0,1,0,0,0,0.0000,-2365657.4063,-4536649.9599,3790359.3021,21,-5.7943,5.1102,-0.0523,0.6682,-3.7925,3.6787,2.0327,-1.4430,-0.0308,0.0115,-0.0126,0.0000,0.0000,0.0000,0.0000,-0.1394,-0.1394,0.0000,0.1520,0.0000,0.0000
242.4580,35.7400,0,38,GS26_GCO,-8.5980,8.7330,0.3490,0.3490,1,0,1,0,0,0,0.0000,-2389815.9654,-4582588.9398,3719275.4297,38,-8.5883,7.8266,0.0097,-0.9064,-8.5936,5.8533,0.0181,-1.9827,-0.0233,0.0093,-0.0124,0.0000,0.0000,0.0000,0.0000,0.1577,0.1577,0.0000,-0.1453,0.0000,0.0000
242.4540,36.0670,0,38,GS43_GPS,-7.8820,6.7530,0.3820,0.3820,1,0,1,0,0,0,0.0000,-2380280.4771,-4563527.0799,3748711.3657,38,-7.5820,6.6876,0.3000,-0.0654,-7.9211,5.8596,-0.3129,-0.8382,-0.0262,0.0102,-0.0125,0.0000,0.0000,0.0000,0.0000,-0.0951,-0.0951,0.0000,0.1077,0.0000,0.0000
242.4540,36.7590,0,20,TEAK_GPS,-4.6090,3.7830,0.3100,0.3020,1,0,1,0,0,0,0.0000,-2359169.1406,-4523051.9523,3810600.1449,21,-4.9118,4.2421,-0.3028,0.4591,-3.9715,3.6746,0.9738,-0.5796,-0.0334,0.0122,-0.0127,0.0000,0.0000,0.0000,0.0000,-0.0081,-0.0081,0.0000,0.0208,0.0000,0.0000
242.4500,36.2790,0,38,L166_GPS,-6.6330,5.9250,0.2270,0.2330,1,0,1,0,0,0,0.0000,-2374167.3199,-4551031.9059,3767730.0315,38,-7.0824,6.2917,-0.4494,0.3667,-7.4851,5.8659,-0.3745,-0.4365,-0.0282,0.0108,-0.0126,0.0000,0.0000,0.0000,0.0000,-0.1452,-0.1452,0.0000,0.1578,0.0000,0.0000
242.4430,35.5690,0,38,GS17_GPS,-9.7290,10.4850,0.2090,0.2100,1,0,1,0,0,0,0.0000,-2396140.2527,-4591783.6260,3703834.0248,38,-8.9714,9.5186,0.7576,-0.9664,-8.9461,5.8770,0.0472,-3.6505,-0.0220,0.0089,-0.0123,0.0000,0.0000,0.0000,0.0000,1.1133,1.1133,0.0000,-1.1010,0.0000,0.0000
242.4430,36.0020,0,38,GS45_GPS,-7.5660,7.5240,0.3820,0.3850,1,0,1,0,0,0,0.0000,-2383122.5011,-4566837.3824,3742869.8787,38,-7.7680,6.8711,-0.2020,-0.6529,-8.0555,5.8770,-0.2619,-1.0041,-0.0256,0.0100,-0.0125,0.0000,0.0000,0.0000,0.0000,-0.0727,-0.0727,0.0000,0.0852,0.0000,0.0000
242.4390,36.5190,0,38,FLAT_GPS,-5.4760,3.9640,0.3160,0.3160,1,0,1,0,0,0,0.0000,-2367717.8737,-4536544.8904,3789198.3307,38,-6.0079,5.3823,-0.5319,1.4183,-6.9917,5.8833,-0.9531,0.4896,-0.0307,0.0115,-0.0127,0.0000,0.0000,0.0000,0.0000,-0.1373,-0.1373,0.0000,0.1500,0.0000,0.0000
242.4170,36.2320,0,38,T19S_GPS,-7.5880,6.1210,0.2290,0.2360,1,0,1,0,0,0,0.0000,-2378218.4225,-4552401.6004,3763518.0703,38,-7.3171,6.4916,0.2709,0.3706,-7.5838,5.9181,-0.2390,-0.5841,-0.0277,0.0107,-0.0127,0.0000,0.0000,0.0000,0.0000,-0.1138,-0.1138,0.0000,0.1265,0.0000,0.0000
242.4150,35.4290,0,35,GS11_GPS,-9.1220,12.0120,0.2230,0.2240,1,0,1,0,0,0,0.0000,-2402567.5811,-4598619.7845,3691167.3706,36,-9.0483,10.9055,0.0737,-1.1065,-7.9085,11.7425,1.1606,0.8285,-0.0209,0.0086,-0.0123,0.0000,0.0000,0.0000,0.0000,0.5310,0.5310,0.0000,-0.5187,0.0000,0.0000
242.4090,35.0830,0,28,GS50_GPS,-10.7720,13.9970,0.3970,0.3940,1,0,1,0,0,0,0.0000,-2413329.1902,-4618039.6218,3659768.2622,28,-10.7349,13.4849,0.0371,-0.5121,-11.9234,14.7123,-1.1700,1.2197,-0.0185,0.0078,-0.0121,0.0000,0.0000,0.0000,0.0000,0.4582,0.4582,0.0000,-0.4461,0.0000,0.0000
242.3880,36.4970,0,38,LEEF_GPS,-6.0080,5.5680,0.3160,0.3190,1,0,1,0,0,0,0.0000,-2372429.1617,-4535724.4498,3787233.1655,38,-6.4807,5.8011,-0.4727,0.2331,-7.0401,5.9640,-0.5291,0.1515,-0.0304,0.0115,-0.0128,0.0000,0.0000,0.0000,0.0000,-0.1173,-0.1173,0.0000,0.1301,0.0000,0.0000
242.3680,36.1070,0,38,GS42_GPS,-8.1900,5.9900,0.3850,0.3880,1,0,1,0,0,0,0.0000,-2385913.2044,-4557629.4678,3752303.7293,38,-7.7317,6.8838,0.4583,0.8938,-7.8440,5.9957,-0.0859,-0.8986,-0.0264,0.0104,-0.0127,0.0000,0.0000,0.0000,0.0000,-0.0732,-0.0732,0.0000,0.0859,0.0000,0.0000
242.3590,36.3070,0,38,GS28_GPS,-6.5820,5.5360,0.2010,0.2000,1,0,1,0,0,0,0.0000,-2380537.9967,-4545623.7336,3770238.0800,38,-7.3055,6.5282,-0.7235,0.9922,-7.4330,6.0099,-0.0992,-0.5292,-0.0284,0.0109,-0.0128,0.0000,0.0000,0.0000,0.0000,-0.1110,-0.1110,0.0000,0.1238,0.0000,0.0000
242.3280,36.0940,0,38,GS34_GPS,-9.9590,6.0740,0.3400,0.3340,1,0,1,0,0,0,0.0000,-2389489.7713,-4556716.5499,3751136.4116,38,-7.8611,7.0447,2.0979,0.9707,-7.8732,6.0589,0.0140,-0.9961,-0.0262,0.0104,-0.0128,0.0000,0.0000,0.0000,0.0000,-0.0641,-0.0641,0.0000,0.0770,0.0000,0.0000
242.3250,36.1500,0,38,6813_GPS,-8.9140,5.3480,0.2180,0.2200,1,0,1,0,0,0,0.0000,-2388024.3811,-4553342.3905,3756163.4804,38,-7.7503,6.9410,1.1637,1.5930,-7.7582,6.0637,0.0188,-0.8878,-0.0268,0.0105,-0.0129,0.0000,0.0000,0.0000,0.0000,-0.0791,-0.0791,0.0000,0.0919,0.0000,0.0000
242.3220,34.3820,0,28,TABL_GPS,-20.0990,19.6280,0.2150,0.2150,1,0,1,0,0,0,0.0000,-2440955.6587,-4653676.1763,3595745.3997,28,-18.6010,19.4045,1.4980,-0.2235,-12.5540,14.7647,6.0615,-4.6462,-0.0144,0.0064,-0.0117,0.0000,0.0000,0.0000,0.0000,0.2109,0.2109,0.0000,-0.1992,0.0000,0.0000
242.3080,35.3370,0,35,JOBU_GPS,-8.8550,12.4740,0.2050,0.2050,1,0,1,0,0,0,0.0000,-2413902.5581,-4599367.0831,3682831.5650,36,-8.9276,12.1537,-0.0726,-0.3203,-8.1179,11.9203,0.8297,-0.2418,-0.0200,0.0084,-0.0125,0.0000,0.0000,0.0000,0.0000,0.2853,0.2853,0.0000,-0.2728,0.0000,0.0000
242.2940,34.7430,0,28,MDAY_GPS,-13.1290,15.4440,0.2200,0.2190,1,0,1,0,0,0,0.0000,-2432647.8306,-4632332.6050,3628783.6296,28,-13.1015,15.6181,0.0275,0.1741,-12.2402,14.7816,0.8775,-0.8436,-0.0163,0.0071,-0.0120,0.0000,0.0000,0.0000,0.0000,0.1451,0.1451,0.0000,-0.1331,0.0000,0.0000
242.2940,35.4700,0,39,GS16_GPS,-9.6870,11.6890,0.2090,0.2100,1,0,1,0,0,0,0.0000,-2411045.1339,-4591195.9986,3694879.1761,39,-9.2239,11.5622,0.4631,-0.1268,-7.9403,12.8656,1.3045,1.2947,-0.0210,0.0087,-0.0126,0.0000,0.0000,0.0000,0.0000,0.2893,0.2893,0.0000,-0.2767,0.0000,0.0000
242.2600,35.6600,0,39,GS19_GPS,-9.9320,11.3020,0.2090,0.2100,1,0,1,0,0,0,0.0000,-2408052.7839,-4578894.7623,3712055.4962,39,-9.8620,10.6464,0.0700,-0.6556,-10.6525,12.4682,-0.7682,1.8126,-0.0224,0.0092,-0.0128,0.0000,0.0000,0.0000,0.0000,0.2714,0.2714,0.0000,-0.2587,0.0000,0.0000
242.2440,36.2170,0,38,GS35_GPS,-7.4750,6.8110,0.3430,0.3370,1,0,1,0,0,0,0.0000,-2392411.9445,-4546071.7828,3762173.2941,38,-7.8330,7.0806,-0.3580,0.2696,-7.6255,6.1918,0.2348,-0.8996,-0.0273,0.0108,-0.0131,0.0000,0.0000,0.0000,0.0000,-0.1121,-0.1121,0.0000,0.1252,0.0000,0.0000
242.2130,36.5380,0,38,CERR_GPS,-7.6870,6.2590,0.2170,0.2220,1,0,1,0,0,0,0.0000,-2385007.6407,-4526058.3943,3790895.0693,38,-7.1664,6.4132,0.5206,0.1542,-6.9668,6.2408,0.2301,-0.1842,-0.0306,0.0118,-0.0133,0.0000,0.0000,0.0000,0.0000,-0.1202,-0.1202,0.0000,0.1335,0.0000,0.0000
242.1550,34.4580,0,28,HOLC_GNR,-18.2780,21.0880,0.2080,0.2080,1,0,1,0,0,0,0.0000,-2452279.4015,-4642320.3503,3602712.7229,28,-18.8459,19.3634,-0.5679,-1.7246,-12.5115,14.8653,6.3488,-4.5048,-0.0145,0.0066,-0.0120,0.0000,0.0000,0.0000,0.0000,0.3999,0.3999,0.0000,-0.3878,0.0000,0.0000
242.1360,34.9850,0,28,TTAP_GPS,-11.5690,15.0290,0.2090,0.2100,1,0,1,0,0,0,0.0000,-2438227.5950,-4612015.5874,3650850.5691,28,-12.1182,14.8145,-0.5492,-0.2145,-12.0504,14.8767,0.0853,0.0545,-0.0174,0.0077,-0.0125,0.0000,0.0000,0.0000,0.0000,0.2905,0.2905,0.0000,-0.2780,0.0000,0.0000
242.1300,35.5840,0,39,GS18_GPS,-10.9710,11.2200,0.2090,0.2100,1,0,1,0,0,0,0.0000,-2420735.3717,-4577767.9990,3705189.8560,39,-10.4341,11.3669,0.5369,0.1469,-9.5848,10.9488,0.8708,-0.4271,-0.0215,0.0091,-0.0130,0.0000,0.0000,0.0000,0.0000,-0.1050,-0.1050,0.0000,0.1180,0.0000,0.0000
242.1160,36.0620,0,38,FORK_GGE,-7.7750,8.3710,0.3280,0.3310,1,0,1,0,0,0,0.0000,-2407313.1082,-4549695.1110,3748262.1917,38,-8.5795,8.1326,-0.8045,-0.2384,-7.9526,6.3942,0.6525,-1.7488,-0.0256,0.0104,-0.0133,0.0000,0.0000,0.0000,0.0000,-0.1251,-0.1251,0.0000,0.1384,0.0000,0.0000
242.1020,35.1150,0,28,GS09_GPS,-10.8420,14.1910,0.2110,0.2120,1,0,1,0,0,0,0.0000,-2437081.8618,-4603235.2176,3662677.8444,28,-11.4067,14.1586,-0.5647,-0.0324,-11.9408,14.8971,-0.5160,0.7306,-0.0181,0.0080,-0.0127,0.0000,0.0000,0.0000,0.0000,0.5357,0.5357,0.0000,-0.5230,0.0000,0.0000
242.0930,36.2040,0,38,GS04_GPS,-8.8330,8.0210,0.2080,0.2080,1,0,1,0,0,0,0.0000,-2404784.0141,-4540505.1528,3761007.6129,38,-8.3936,7.7093,0.4394,-0.3117,-7.6620,6.4305,0.7585,-1.2897,-0.0269,0.0109,-0.0134,0.0000,0.0000,0.0000,0.0000,-0.3217,-0.3217,0.0000,0.3351,0.0000,0.0000
242.0560,36.0450,0,38,BM25_GPS,-9.0300,10.6890,0.2240,0.2300,1,0,1,0,0,0,0.0000,-2412597.2650,-4548153.9481,3746734.7868,38,-8.8837,8.6710,0.1463,-2.0180,-7.9916,6.4891,0.9174,-2.1924,-0.0253,0.0104,-0.0134,0.0000,0.0000,0.0000,0.0000,-0.1807,-0.1807,0.0000,0.1942,0.0000,0.0000
242.0390,35.4260,0,39,GS15_GPS,-11.1980,11.8200,0.2100,0.2110,1,0,1,0,0,0,0.0000,-2432784.4027,-4582924.8780,3690895.7008,39,-10.1404,11.9834,1.0576,0.1634,-7.3426,9.8852,2.8180,-2.1069,-0.0201,0.0087,-0.0131,0.0000,0.0000,0.0000,0.0000,-0.0116,-0.0116,0.0000,0.0247,0.0000,0.0000
242.0310,35.8450,0,1,GS22_GPS,-9.9020,11.2210,0.2190,0.2200,1,0,1,0,0,0,0.0000,-2420700.5876,-4558624.1088,3728740.5864,1,-11.4276,11.0407,-1.5256,-0.1803,-9.6685,8.3344,1.7826,-2.7162,-0.0235,0.0099,-0.0134,0.0000,0.0000,0.0000,0.0000,2.3670,2.3670,0.0000,-2.3536,0.0000,0.0000
242.0130,37.0920,0,20,WAUC_GPS,-6.9400,6.6900,0.4000,0.4000,1,0,1,0,0,0,0.0000,-2383479.0791,-4485126.8861,3840184.3389,21,-5.9908,5.1930,0.9492,-1.4970,-4.2499,3.3781,1.7783,-1.8289,-0.0374,0.0140,-0.0139,0.0000,0.0000,0.0000,0.0000,-0.4026,-0.4026,0.0000,0.4165,0.0000,0.0000
241.9650,35.6680,0,27,GS03_GPS,-10.9290,11.6590,0.2190,0.2200,1,0,1,0,0,0,0.0000,-2431352.5842,-4565978.2047,3712777.8155,27,-11.8793,11.5358,-0.9503,-0.1232,-11.2141,9.3903,0.6871,-2.1549,-0.0219,0.0094,-0.0134,0.0000,0.0000,0.0000,0.0000,-2.4595,-2.4595,0.0000,2.4728,0.0000,0.0000
241.9540,37.7370,0,21,FISH_GPS,-4.8240,5.3240,0.3490,0.3490,1,0,1,0,0,0,0.0000,-2367619.3820,-4444233.0402,3897117.2176,20,-4.1593,2.7535,0.6647,-2.5705,-3.2743,-0.5299,0.9328,-3.2998,-0.0478,0.0164,-0.0139,0.0000,0.0000,0.0000,0.0000,0.2659,0.2659,0.0000,-0.2520,0.0000,0.0000
241.9180,35.2250,0,27,GS01_GPS,-11.6080,13.5720,0.2100,0.2100,1,0,1,0,0,0,0.0000,-2448537.4795,-4589172.5579,3672670.8138,27,-11.1794,13.4637,0.4286,-0.1083,-10.5048,9.3234,0.6930,-4.1485,-0.0185,0.0083,-0.0131,0.0000,0.0000,0.0000,0.0000,1.3111,1.3111,0.0000,-1.2980,0.0000,0.0000
241.9000,35.4940,0,27,GS02_GPS,-11.4600,11.6980,0.2090,0.2100,1,0,1,0,0,0,0.0000,-2441830.4820,-4573142.1146,3697051.0625,27,-10.9580,11.5489,0.5020,-0.1491,-10.9400,9.2978,0.0383,-2.2601,-0.0204,0.0090,-0.0134,0.0000,0.0000,0.0000,0.0000,-0.8249,-0.8249,0.0000,0.8383,0.0000,0.0000
241.8990,36.9140,0,38,RITA_GPS,-8.2150,6.2230,0.2060,0.2070,1,0,1,0,0,0,0.0000,-2398006.2194,-4490877.9172,3824386.6392,38,-7.3074,6.7013,0.9076,0.4783,-6.2141,6.7373,1.1281,0.0225,-0.0349,0.0135,-0.0142,0.0000,0.0000,0.0000,0.0000,-0.8168,-0.8168,0.0000,0.8310,0.0000,0.0000
241.8810,36.6030,0,40,BAMA_GPS,-8.7230,8.2540,0.2080,0.2080,1,0,1,0,0,0,0.0000,-2409165.2098,-4508366.6421,3796696.5476,40,-8.3149,7.6723,0.4081,-0.5817,-11.2961,5.5245,-2.9503,-2.1602,-0.0309,0.0124,-0.0141,0.0000,0.0000,0.0000,0.0000,-0.5392,-0.5392,0.0000,0.5533,0.0000,0.0000
241.8680,36.4660,0,1,3188_GPS,-9.5320,9.3710,0.3010,0.2930,1,0,1,0,0,0,0.0000,-2414461.6218,-4515812.8196,3784463.1214,1,-8.4888,8.1809,1.0432,-1.1901,-9.7848,8.2964,-1.2667,0.1035,-0.0293,0.0120,-0.0141,0.0000,0.0000,0.0000,0.0000,-0.1788,-0.1788,0.0000,0.1930,0.0000,0.0000
241.8640,36.0230,0,1,KMED_GPS,-9.9910,10.1550,0.2030,0.2040,1,0,1,0,0,0,0.0000,-2428502.9368,-4541312.0405,3744757.6555,1,-9.6407,9.4671,0.3503,-0.6879,-9.7122,8.2955,-0.0467,-1.1822,-0.0248,0.0105,-0.0139,0.0000,0.0000,0.0000,0.0000,-0.0016,-0.0016,0.0000,0.0154,0.0000,0.0000
241.8480,37.2710,0,38,WSTG_GPS,-7.1430,5.3370,0.2140,0.2140,1,0,1,0,0,0,0.0000,-2390713.2709,-4467644.5512,3856033.4130,38,-6.3339,6.2081,0.8091,0.8711,-5.4827,6.8179,0.8911,0.5949,-0.0400,0.0150,-0.0143,0.0000,0.0000,0.0000,0.0000,-0.4426,-0.4426,0.0000,0.4570,0.0000,0.0000
241.7940,34.9920,0,28,TROP_GPS,-12.5290,14.8600,0.2400,0.2390,1,0,1,0,0,0,0.0000,-2465502.4026,-4596986.5638,3651487.9017,28,-12.4165,14.6057,0.1125,-0.2543,-12.0955,15.0822,0.3378,0.4687,-0.0167,0.0077,-0.0132,0.0000,0.0000,0.0000,0.0000,0.9808,0.9808,0.0000,-0.9676,0.0000,0.0000
241.7640,37.5720,0,38,WMTN_GPS,-5.1300,5.1670,0.2100,0.2120,1,0,1,0,0,0,0.0000,-2387643.6856,-4446226.3253,3882599.7162,38,-6.1070,5.8586,-0.9770,0.6916,-4.8690,6.9506,1.2830,1.0758,-0.0449,0.0163,-0.0146,0.0000,0.0000,0.0000,0.0000,-0.0107,-0.0107,0.0000,0.0253,0.0000,0.0000
241.7120,36.9790,0,40,ABER_GPS,-8.8090,7.7340,0.3130,0.3080,1,0,1,0,0,0,0.0000,-2410592.9499,-4479204.1025,3830159.7485,40,-8.0749,7.3367,0.7341,-0.3973,-9.4689,6.1676,-1.3585,-1.1832,-0.0355,0.0141,-0.0147,0.0000,0.0000,0.0000,0.0000,-0.8037,-0.8037,0.0000,0.8184,0.0000,0.0000
241.7060,37.2330,0,38,OVRO_GPS,-7.6270,7.2050,0.2030,0.2040,1,0,1,0,0,0,0.0000,-2402990.0602,-4463956.6646,3852671.9467,38,-7.2031,6.7968,0.4239,-0.4082,-5.5714,7.0423,1.6710,0.2304,-0.0393,0.0151,-0.0148,0.0000,0.0000,0.0000,0.0000,-0.9884,-0.9884,0.0000,1.0032,0.0000,0.0000
241.4920,35.0860,0,27,DEER_GPS,-12.3280,14.7330,0.2090,0.2090,1,0,1,0,0,0,0.0000,-2486835.6893,-4578656.8969,3660041.0840,27,-13.0270,13.8624,-0.6990,-0.8706,-10.3193,8.7172,2.7243,-5.1532,-0.0166,0.0080,-0.0138,0.0000,0.0000,0.0000,0.0000,1.4969,1.4969,0.0000,-1.4830,0.0000,0.0000
241.4120,35.7450,0,1,0614_GPS,-11.8290,10.5530,0.2060,0.2060,1,0,1,0,0,0,0.0000,-2472918.1680,-4537913.8869,3719726.4350,1,-10.5708,10.0439,1.2582,-0.5091,-9.7041,8.1897,0.8880,-1.8641,-0.0213,0.0099,-0.0147,0.0000,0.0000,0.0000,0.0000,0.0475,0.0475,0.0000,-0.0327,0.0000,0.0000
241.2730,36.1850,0,1,SPRN_GPS,-11.5780,10.4210,0.2510,0.2190,1,0,1,0,0,0,0.0000,-2470117.1805,-4506718.2289,3759303.5766,1,-9.9137,9.3285,1.6643,-1.0925,-9.7890,8.1570,0.1497,-1.1830,-0.0250,0.0115,-0.0155,0.0000,0.0000,0.0000,0.0000,-0.1304,-0.1304,0.0000,0.1459,0.0000,0.0000
276.5270,33.4150,0,14,GOGA_PBO,-3.3770,-1.2200,0.5670,0.5370,1,0,1,0,0,0,0.0000,604155.5619,-5280480.4860,3506547.2128,13,-0.8500,-1.0171,2.5270,0.2029,-0.8277,-1.0110,0.0305,0.0065,-0.0082,-0.0004,0.0011,0.0000,0.0000,0.0000,0.0000,0.0126,0.0126,0.0000,-0.0136,0.0000,0.0000
269.7520,42.9140,0,14,JFWS_PBO,-3.9120,-5.7610,0.4770,0.4780,1,0,1,0,0,0,0.0000,-20184.9324,-4663323.4368,4335592.0650,13,-0.4158,-0.8548,3.4962,4.9062,-0.4181,-0.8652,0.0157,-0.0071,-0.0180,-0.0033,0.0030,0.0000,0.0000,0.0000,0.0000,0.0103,0.0103,0.0000,-0.0132,0.0000,0.0000
263.3910,39.1010,0,14,KSU1_PBO,-2.2390,-1.0100,0.3880,0.3880,1,0,1,0,0,0,0.0000,-568717.1570,-4908525.6182,4015879.5441,13,-0.5253,-0.7031,1.7137,0.3069,-0.5045,-0.7173,0.0413,-0.0133,-0.0204,-0.0009,0.0025,0.0000,0.0000,0.0000,0.0000,0.0076,0.0076,0.0000,-0.0100,0.0000,0.0000
261.2190,34.7380,0,14,WMOK_PBO,-0.9960,-1.4570,0.3280,0.3280,1,0,1,0,0,0,0.0000,-798791.4593,-5171221.0089,3628327.0171,13,-0.7218,-0.6488,0.2742,0.8082,-0.6540,-0.6647,0.0832,-0.0169,-0.0154,0.0010,0.0008,0.0000,0.0000,0.0000,0.0000,0.0081,0.0081,0.0000,-0.0089,0.0000,0.0000
257.3130,38.0710,0,14,P040_PBO,-0.4750,-1.4630,0.1190,0.2990,1,0,1,0,0,0,0.0000,-1100925.1989,-4890363.8007,3926405.1071,13,-0.5417,-0.5342,-0.0667,0.9288,-0.5015,-0.5677,0.0657,-0.0345,-0.0255,0.0010,0.0018,0.0000,0.0000,0.0000,0.0000,0.0028,0.0028,0.0000,-0.0046,0.0000,0.0000
256.8460,36.4480,0,14,P039_PBO,-0.9340,-0.0520,0.1490,0.1190,1,0,1,0,0,0,0.0000,-1165597.7069,-4987559.2776,3782854.2002,13,-0.6264,-0.5199,0.3076,-0.4679,-0.5617,-0.5559,0.0865,-0.0378,-0.0217,0.0018,0.0008,0.0000,0.0000,0.0000,0.0000,0.0031,0.0031,0.0000,-0.0040,0.0000,0.0000
256.7780,40.1720,0,14,P044_PBO,-0.6980,-0.3500,0.1190,0.0900,1,0,1,0,0,0,0.0000,-1112845.4889,-4736459.7125,4107538.8947,13,-0.4324,-0.5176,0.2656,-0.1676,-0.4162,-0.5542,0.0488,-0.0362,-0.0327,-0.0003,0.0032,0.0000,0.0000,0.0000,0.0000,0.0018,0.0018,0.0000,-0.0050,0.0000,0.0000
256.5930,34.1470,0,14,P038_PBO,-1.2170,-0.3460,0.1490,0.1490,1,0,1,0,0,0,0.0000,-1221867.7944,-5126086.0776,3574161.7310,13,-0.7570,-0.5108,0.4600,-0.1648,-0.6488,-0.5495,0.1248,-0.0408,-0.0166,0.0021,-0.0002,0.0000,0.0000,0.0000,0.0000,0.0052,0.0052,0.0000,-0.0050,0.0000,0.0000
255.8140,43.8810,0,14,P043_PBO,-0.9620,-1.0270,0.3580,0.2090,1,0,1,0,0,0,0.0000,-1124759.1908,-4449576.5910,4413676.0626,13,-0.2421,-0.4874,0.7199,0.5396,-0.2636,-0.5297,0.0265,-0.0367,-0.0480,-0.0056,0.0064,0.0000,0.0000,0.0000,0.0000,0.0025,0.0025,0.0000,-0.0089,0.0000,0.0000
255.5590,45.8460,0,14,P054_PBO,-0.6890,-0.7210,0.4180,0.2690,1,0,1,0,0,0,0.0000,-1106136.4394,-4295354.2211,4568451.1330,13,-0.1454,-0.4767,0.5436,0.2443,-0.1838,-0.5232,0.0164,-0.0361,-0.0548,-0.0104,0.0082,0.0000,0.0000,0.0000,0.0000,0.0043,0.0043,0.0000,-0.0125,0.0000,0.0000
255.3150,47.1170,0,14,P055_PBO,-0.6420,-1.2150,0.3580,0.2390,1,0,1,0,0,0,0.0000,-1098453.2061,-4191524.9611,4665712.2196,13,-0.0840,-0.4664,0.5580,0.7486,-0.1314,-0.5170,0.0110,-0.0365,-0.0584,-0.0140,0.0092,0.0000,0.0000,0.0000,0.0000,0.0059,0.0059,0.0000,-0.0151,0.0000,0.0000
255.0890,42.0520,0,14,P042_PBO,-1.0300,-0.0100,0.1190,0.0900,1,0,1,0,0,0,0.0000,-1216617.6763,-4568855.1911,4264944.9157,13,-0.3278,-0.4668,0.7022,-0.4568,-0.3317,-0.5112,0.0401,-0.0422,-0.0440,-0.0022,0.0049,0.0000,0.0000,0.0000,0.0000,0.0003,0.0003,0.0000,-0.0052,0.0000,0.0000
254.8950,38.4220,0,14,P037_PBO,-0.7640,-0.1050,0.0890,0.1190,1,0,1,0,0,0,0.0000,-1299974.5763,-4816248.8353,3957039.8935,13,-0.5164,-0.4576,0.2476,-0.3526,-0.4738,-0.5063,0.0727,-0.0504,-0.0302,0.0018,0.0017,0.0000,0.0000,0.0000,0.0000,-0.0005,-0.0005,0.0000,-0.0012,0.0000,0.0000
254.8160,34.6010,0,14,P035_PBO,-1.4020,-0.1030,0.1490,0.1490,1,0,1,0,0,0,0.0000,-1372776.6392,-5058239.7390,3615805.0975,13,-0.7371,-0.4502,0.6649,-0.3472,-0.6221,-0.5043,0.1334,-0.0567,-0.0184,0.0026,-0.0006,0.0000,0.0000,0.0000,0.0000,0.0022,0.0022,0.0000,-0.0017,0.0000,0.0000
254.8060,39.9490,0,14,P041_PBO,-0.6080,-0.2030,0.1190,0.0900,1,0,1,0,0,0,0.0000,-1279353.5044,-4710752.8161,4088571.1414,13,-0.4350,-0.4565,0.1730,-0.2535,-0.4132,-0.5040,0.0580,-0.0481,-0.0362,0.0006,0.0029,0.0000,0.0000,0.0000,0.0000,-0.0008,-0.0008,0.0000,-0.0021,0.0000,0.0000
254.7060,36.4200,0,14,P036_PBO,-1.6370,0.2990,0.1790,0.0900,1,0,1,0,0,0,0.0000,-1351514.5023,-4942338.3795,3780350.6919,13,-0.6277,-0.4486,1.0093,-0.7476,-0.5510,-0.5014,0.1002,-0.0554,-0.0236,0.0026,0.0003,0.0000,0.0000,0.0000,0.0000,0.0002,0.0002,0.0000,-0.0005,0.0000,0.0000
254.3300,39.7620,0,14,RG17_PBO,-3.1150,-0.2920,0.5070,0.5080,1,0,1,0,0,0,0.0000,-1322041.9170,-4712784.9280,4072617.6906,13,-0.4436,-0.4409,2.6714,-0.1489,-0.4180,-0.4918,0.0622,-0.0520,-0.0366,0.0010,0.0027,0.0000,0.0000,0.0000,0.0000,-0.0015,-0.0015,0.0000,-0.0012,0.0000,0.0000
254.0890,36.6350,0,14,P123_PBO,-0.7300,-0.4860,0.3280,0.2390,1,0,1,0,0,0,0.0000,-1400758.8011,-4913821.2689,3799550.8655,13,-0.6160,-0.4268,0.1140,0.0592,-0.5395,-0.4856,0.1014,-0.0616,-0.0249,0.0028,0.0002,0.0000,0.0000,0.0000,0.0000,-0.0010,-0.0010,0.0000,0.0008,0.0000,0.0000
253.5410,34.9460,0,14,P034_PBO,-1.0910,0.0270,0.0890,0.0900,1,0,1,0,0,0,0.0000,-1478792.6436,-5005470.5907,3647298.7188,13,-0.7220,-0.4023,0.3690,-0.4293,-0.6025,-0.4715,0.1394,-0.0723,-0.0200,0.0031,-0.0009,0.0000,0.0000,0.0000,0.0000,-0.0006,-0.0006,0.0000,0.0015,0.0000,0.0000
253.0330,34.0680,0,14,SC01_PBO,-0.8240,-1.1610,0.2390,0.2090,1,0,1,0,0,0,0.0000,-1539244.5477,-5045032.8174,3566892.4227,13,-0.7868,-0.3786,0.0372,0.7824,-0.6342,-0.4584,0.1703,-0.0830,-0.0177,0.0031,-0.0015,0.0000,0.0000,0.0000,0.0000,-0.0005,-0.0005,0.0000,0.0019,0.0000,0.0000
252.9810,47.3750,0,14,P052_PBO,-0.5360,-0.9590,0.2680,0.2990,1,0,1,0,0,0,0.0000,-1262078.5391,-4123182.1397,4685176.4391,13,-0.0425,-0.3954,0.4935,0.5636,-0.1065,-0.4570,0.0099,-0.0434,-0.0740,-0.0182,0.0113,0.0000,0.0000,0.0000,0.0000,0.0044,0.0044,0.0000,-0.0158,0.0000,0.0000
252.8050,32.6590,0,14,P026_PBO,-1.5740,0.9450,0.1190,0.2090,1,0,1,0,0,0,0.0000,-1584765.1641,-5121131.0695,3436115.1618,13,-0.9024,-0.3616,0.6716,-1.3066,-0.6876,-0.4525,0.2292,-0.0938,-0.0144,0.0029,-0.0020,0.0000,0.0000,0.0000,0.0000,0.0024,0.0024,0.0000,-0.0004,0.0000,0.0000
252.7440,41.7420,0,14,P032_PBO,-0.5450,-0.2540,0.2390,0.1490,1,0,1,0,0,0,0.0000,-1409365.2248,-4537220.0097,4239301.3231,13,-0.3348,-0.3941,0.2102,-0.1401,-0.3309,-0.4509,0.0553,-0.0560,-0.0514,-0.0009,0.0048,0.0000,0.0000,0.0000,0.0000,-0.0035,-0.0035,0.0000,-0.0013,0.0000,0.0000
252.6120,43.9530,0,14,P033_PBO,-0.5640,-1.1500,0.1790,0.1490,1,0,1,0,0,0,0.0000,-1369881.8023,-4374508.6359,4419439.9537,13,-0.2135,-0.3935,0.3505,0.7565,-0.2418,-0.4475,0.0361,-0.0478,-0.0644,-0.0062,0.0078,0.0000,0.0000,0.0000,0.0000,-0.0013,-0.0013,0.0000,-0.0065,0.0000,0.0000
252.1200,35.1320,0,14,P107_PBO,-0.9870,0.4610,0.3580,0.2690,1,0,1,0,0,0,0.0000,-1598822.7714,-4955964.7209,3664223.0953,13,-0.7200,-0.3419,0.2670,-0.8029,-0.5888,-0.4347,0.1524,-0.0964,-0.0213,0.0036,-0.0015,0.0000,0.0000,0.0000,0.0000,-0.0042,-0.0042,0.0000,0.0056,0.0000,0.0000
252.0920,36.0320,0,14,P028_PBO,-0.9550,-0.3380,0.1490,0.3280,1,0,1,0,0,0,0.0000,-1583349.3876,-4899804.8336,3745566.5487,13,-0.6609,-0.3448,0.2941,-0.0068,-0.5535,-0.4340,0.1318,-0.0929,-0.0245,0.0037,-0.0010,0.0000,0.0000,0.0000,0.0000,-0.0047,-0.0047,0.0000,0.0057,0.0000,0.0000
252.0910,39.5150,0,14,P031_PBO,0.7720,-1.6380,0.3580,0.2390,1,0,1,0,0,0,0.0000,-1510536.4357,-4674200.3481,4051479.0193,13,-0.4595,-0.3625,-1.2315,1.2755,-0.4162,-0.4340,0.0842,-0.0740,-0.0409,0.0025,0.0020,0.0000,0.0000,0.0000,0.0000,-0.0055,-0.0055,0.0000,0.0036,0.0000,0.0000
251.4540,45.8070,0,14,P051_PBO,-0.2980,-1.2230,0.1790,0.1490,1,0,1,0,0,0,0.0000,-1411768.1652,-4208099.6344,4565430.9300,13,-0.1003,-0.3557,0.1977,0.8673,-0.1612,-0.4174,0.0215,-0.0478,-0.0824,-0.0138,0.0112,0.0000,0.0000,0.0000,0.0000,-0.0003,-0.0003,0.0000,-0.0109,0.0000,0.0000
250.6660,38.0970,0,14,P012_PBO,-1.3830,-0.5040,0.2980,0.2390,1,0,1,0,0,0,0.0000,-1659004.1747,-4728375.4759,3928679.4180,13,-0.5546,-0.2927,0.8284,0.2113,-0.4660,-0.3968,0.1247,-0.1085,-0.0360,0.0044,-0.0002,0.0000,0.0000,0.0000,0.0000,-0.0083,-0.0083,0.0000,0.0084,0.0000,0.0000
250.6240,44.7530,0,14,P718_PBO,-2.0390,-1.5030,0.3880,0.4180,1,0,1,0,0,0,0.0000,-1500189.9300,-4265722.5588,4483011.5645,13,-0.1552,-0.3370,1.8838,1.1660,-0.1995,-0.3957,0.0400,-0.0490,-0.0842,-0.0097,0.0102,0.0000,0.0000,0.0000,0.0000,-0.0032,-0.0032,0.0000,-0.0070,0.0000,0.0000
250.4810,36.1500,0,14,P011_PBO,-0.7530,-0.6000,0.3580,0.2390,1,0,1,0,0,0,0.0000,-1717893.4249,-4846073.6221,3756163.4804,13,-0.6700,-0.2671,0.0830,0.3329,-0.5421,-0.3920,0.1541,-0.1294,-0.0262,0.0045,-0.0019,0.0000,0.0000,0.0000,0.0000,-0.0085,-0.0085,0.0000,0.0103,0.0000,0.0000
250.4420,42.7670,0,14,BLW2_PBO,-1.9120,-0.0990,0.0890,0.0900,1,0,1,0,0,0,0.0000,-1564831.6320,-4404772.5621,4323613.3154,13,-0.2892,-0.3288,1.6228,-0.2298,-0.2785,-0.3909,0.0815,-0.0598,-0.0708,-0.0023,0.0066,0.0000,0.0000,0.0000,0.0000,-0.0073,-0.0073,0.0000,0.0007,0.0000,0.0000
250.4290,45.4570,0,14,P722_PBO,-0.1130,-0.8980,0.2680,0.1490,1,0,1,0,0,0,0.0000,-1496133.7563,-4208370.8500,4538232.0383,13,-0.1084,-0.3280,0.0046,0.5700,-0.1701,-0.3906,0.0289,-0.0493,-0.0906,-0.0133,0.0116,0.0000,0.0000,0.0000,0.0000,-0.0025,-0.0025,0.0000,-0.0091,0.0000,0.0000
250.3100,43.5010,0,14,P715_PBO,-0.8860,-0.2960,0.4770,0.5080,1,0,1,0,0,0,0.0000,-1556184.4839,-4348646.0676,4383140.2775,13,-0.2424,-0.3295,0.6436,-0.0335,-0.2484,-0.3875,0.0717,-0.0533,-0.0777,-0.0047,0.0080,0.0000,0.0000,0.0000,0.0000,-0.0060,-0.0060,0.0000,-0.0020,0.0000,0.0000
250.1030,44.4850,0,14,P717_PBO,-0.1500,-1.3910,0.3580,0.3580,1,0,1,0,0,0,0.0000,-1546035.8908,-4271575.8013,4461811.8136,13,-0.1725,-0.3250,-0.0225,1.0660,-0.2078,-0.3820,0.0520,-0.0483,-0.0873,-0.0087,0.0101,0.0000,0.0000,0.0000,0.0000,-0.0047,-0.0047,0.0000,-0.0054,0.0000,0.0000
249.9980,45.0030,0,14,P721_PBO,-0.7310,-0.7880,0.2090,0.2090,1,0,1,0,0,0,0.0000,-1540000.1877,-4230656.2441,4502699.0381,13,-0.1346,-0.3197,0.5964,0.4683,-0.1864,-0.3793,0.0405,-0.0483,-0.0922,-0.0113,0.0112,0.0000,0.0000,0.0000,0.0000,-0.0041,-0.0041,0.0000,-0.0071,0.0000,0.0000
249.9910,34.2640,0,14,P015_PBO,-1.7220,-0.1880,0.1490,0.1190,1,0,1,0,0,0,0.0000,-1800619.6711,-4944745.0295,3584915.1810,13,-0.8173,-0.2157,0.9047,-0.0277,-0.6141,-0.3791,0.2222,-0.1676,-0.0189,0.0042,-0.0031,0.0000,0.0000,0.0000,0.0000,-0.0121,-0.0121,0.0000,0.0152,0.0000,0.0000
249.7140,44.3920,0,14,P709_PBO,-0.6540,-0.3810,0.2980,0.2390,1,0,1,0,0,0,0.0000,-1577510.0248,-4267768.2774,4454432.3447,13,-0.1811,-0.3169,0.4729,0.0641,-0.2097,-0.3718,0.0619,-0.0465,-0.0905,-0.0084,0.0101,0.0000,0.0000,0.0000,0.0000,-0.0058,-0.0058,0.0000,-0.0043,0.0000,0.0000
249.7130,44.6400,0,14,WLWY_PBO,4.7550,-4.7810,0.1490,0.0900,1,0,1,0,0,0,0.0000,-1570884.7160,-4249616.2072,4474084.7960,13,-0.1611,-0.3155,-4.9161,4.4655,-0.1997,-0.3718,0.0539,-0.0467,-0.0925,-0.0097,0.0107,0.0000,0.0000,0.0000,0.0000,-0.0054,-0.0054,0.0000,-0.0053,0.0000,0.0000
249.6940,44.9430,0,14,P720_PBO,-0.8340,-0.3810,0.2090,0.1790,1,0,1,0,0,0,0.0000,-1564060.9080,-4226845.6594,4497981.8485,13,-0.1374,-0.3128,0.6966,0.0682,-0.1874,-0.3713,0.0451,-0.0473,-0.0951,-0.0112,0.0113,0.0000,0.0000,0.0000,0.0000,-0.0049,-0.0049,0.0000,-0.0064,0.0000,0.0000
249.4880,44.7180,0,14,P716_PBO,-10.4430,0.9240,0.2680,0.1790,1,0,1,0,0,0,0.0000,-1585425.0470,-4237706.0153,4480248.4986,13,-0.1551,-0.3102,10.2879,-1.2342,-0.1955,-0.3659,0.0552,-0.0455,-0.0956,-0.0102,0.0110,0.0000,0.0000,0.0000,0.0000,-0.0058,-0.0058,0.0000,-0.0051,0.0000,0.0000
249.4870,41.7500,0,14,P030_PBO,-1.1520,-0.6760,0.2980,0.1490,1,0,1,0,0,0,0.0000,-1664662.3755,-4449264.0233,4239964.6565,13,-0.3930,-0.2957,0.7590,0.3803,-0.3151,-0.3659,0.1461,-0.0713,-0.0682,0.0011,0.0046,0.0000,0.0000,0.0000,0.0000,-0.0160,-0.0160,0.0000,0.0114,0.0000,0.0000
249.2410,45.3540,0,14,P461_PBO,0.5800,-0.9700,0.2680,0.1490,1,0,1,0,0,0,0.0000,-1585953.4827,-4184068.8065,4530195.4963,13,-0.1025,-0.2975,-0.6825,0.6725,-0.1687,-0.3594,0.0374,-0.0479,-0.1036,-0.0140,0.0126,0.0000,0.0000,0.0000,0.0000,-0.0052,-0.0052,0.0000,-0.0074,0.0000,0.0000
249.1390,44.6360,0,14,P711_PBO,11.3530,3.4320,0.2680,0.1490,1,0,1,0,0,0,0.0000,-1613489.8611,-4233957.6606,4473768.4851,13,-0.1641,-0.3047,-11.5171,-3.7367,-0.1973,-0.3567,0.0657,-0.0421,-0.0989,-0.0099,0.0111,0.0000,0.0000,0.0000,0.0000,-0.0072,-0.0072,0.0000,-0.0039,0.0000,0.0000
249.0940,47.3500,0,14,P049_PBO,0.3530,-0.9670,0.3580,0.4180,1,0,1,0,0,0,0.0000,-1539410.7627,-4030051.9089,4683294.5217,13,0.0232,-0.2686,-0.3298,0.6984,-0.0872,-0.3555,0.0057,-0.0593,-0.1162,-0.0276,0.0164,0.0000,0.0000,0.0000,0.0000,-0.0006,-0.0006,0.0000,-0.0158,0.0000,0.0000
248.9710,45.1400,0,14,P460_PBO,0.6710,-0.6640,0.2390,0.2690,1,0,1,0,0,0,0.0000,-1611713.2346,-4192312.9696,4513451.4372,13,-0.1179,-0.2945,-0.7889,0.3695,-0.1762,-0.3523,0.0471,-0.0448,-0.1054,-0.0129,0.0124,0.0000,0.0000,0.0000,0.0000,-0.0065,-0.0065,0.0000,-0.0059,0.0000,0.0000
248.9010,44.5980,0,14,P680_PBO,0.6510,-2.4620,0.1790,0.2390,1,0,1,0,0,0,0.0000,-1632131.0027,-4229986.1726,4470762.4441,13,-0.1706,-0.3020,-0.8216,2.1600,-0.1978,-0.3504,0.0743,-0.0386,-0.1014,-0.0098,0.0112,0.0000,0.0000,0.0000,0.0000,-0.0084,-0.0084,0.0000,-0.0028,0.0000,0.0000
248.7640,41.6920,0,14,P101_PBO,-0.1560,-0.7590,0.2680,0.1490,1,0,1,0,0,0,0.0000,-1722226.1698,-4431902.7872,4235153.6178,13,-0.4991,-0.2862,-0.3431,0.4728,-0.3145,-0.3468,0.2570,-0.0626,-0.0724,0.0019,0.0043,0.0000,0.0000,0.0000,0.0000,-0.0329,-0.0329,0.0000,0.0286,0.0000,0.0000
248.7520,48.8090,0,14,P050_PBO,0.8060,-1.2590,0.2680,0.2390,1,0,1,0,0,0,0.0000,-1519717.0677,-3908349.8265,4791619.0510,13,0.0951,-0.2448,-0.7109,1.0142,-0.0265,-0.3465,-0.0005,-0.0625,-0.1210,-0.0392,0.0182,0.0000,0.0000,0.0000,0.0000,0.0042,0.0042,0.0000,-0.0224,0.0000,0.0000
248.7420,40.7320,0,14,P119_PBO,-0.3920,-0.9580,0.3280,0.3880,1,0,1,0,0,0,0.0000,-1749412.6731,-4496748.4107,4154895.9664,13,-0.6627,-0.2922,-0.2707,0.6658,-0.3529,-0.3462,0.3723,-0.0579,-0.0626,0.0039,0.0023,0.0000,0.0000,0.0000,0.0000,-0.0488,-0.0488,0.0000,0.0464,0.0000,0.0000
248.6500,40.6350,0,14,P118_PBO,-1.0950,-0.7560,0.1790,0.1790,1,0,1,0,0,0,0.0000,-1759189.2060,-4500478.5225,4146721.3395,13,-0.7535,-0.3048,0.3415,0.4512,-0.3565,-0.3438,0.4592,-0.0432,-0.0621,0.0042,0.0021,0.0000,0.0000,0.0000,0.0000,-0.0691,-0.0691,0.0000,0.0670,0.0000,0.0000
248.5850,40.8070,0,14,P089_PBO,-1.0890,0.1450,0.1190,0.0900,1,0,1,0,0,0,0.0000,-1759740.6246,-4486870.7486,4161208.3919,13,-0.7481,-0.3021,0.3409,-0.4471,-0.3493,-0.3421,0.4630,-0.0439,-0.0642,0.0040,0.0024,0.0000,0.0000,0.0000,0.0000,-0.0712,-0.0712,0.0000,0.0688,0.0000,0.0000
248.5490,44.3180,0,14,P360_PBO,-1.9610,-2.7540,0.1490,0.1490,1,0,1,0,0,0,0.0000,-1666057.4058,-4240163.6975,4448552.1240,13,-0.2152,-0.3050,1.7458,2.4490,-0.2077,-0.3411,0.1105,-0.0278,-0.1030,-0.0084,0.0107,0.0000,0.0000,0.0000,0.0000,-0.0122,-0.0122,0.0000,0.0015,0.0000,0.0000
248.5500,43.9190,0,14,P684_PBO,-2.1750,-1.6540,0.1490,0.1190,1,0,1,0,0,0,0.0000,-1677271.6376,-4268923.1336,4416718.9853,13,-0.2752,-0.3103,1.8998,1.3437,-0.2238,-0.3412,0.1501,-0.0246,-0.0987,-0.0062,0.0097,0.0000,0.0000,0.0000,0.0000,-0.0154,-0.0154,0.0000,0.0058,0.0000,0.0000
248.5500,39.8170,0,14,P112_PBO,-0.8250,-0.3540,0.1490,0.1790,1,0,1,0,0,0,0.0000,-1788510.0079,-4552042.4816,4077314.3930,13,-0.9410,-0.1831,-0.1160,0.1709,-0.3889,-0.3412,0.6068,-0.1634,-0.0546,0.0053,0.0006,0.0000,0.0000,0.0000,0.0000,-0.1078,-0.1078,0.0000,0.1072,0.0000,0.0000
248.4740,44.1850,0,14,BBID_PBO,-2.5660,-2.4520,0.1790,0.2390,1,0,1,0,0,0,0.0000,-1675390.8180,-4247573.8928,4437964.9721,13,-0.2395,-0.3080,2.3265,2.1440,-0.2127,-0.3392,0.1293,-0.0235,-0.1025,-0.0076,0.0104,0.0000,0.0000,0.0000,0.0000,-0.0142,-0.0142,0.0000,0.0038,0.0000,0.0000
248.4350,41.6070,0,14,HWUT_PBO,-0.7600,0.0490,0.4770,0.4780,1,0,1,0,0,0,0.0000,-1749953.6387,-4427778.8328,4228095.1186,13,-0.6562,-0.2971,0.1038,-0.3461,-0.3166,-0.3381,0.4133,-0.0435,-0.0737,0.0025,0.0040,0.0000,0.0000,0.0000,0.0000,-0.0659,-0.0659,0.0000,0.0619,0.0000,0.0000
248.4290,39.7150,0,14,P110_PBO,0.1710,-1.4510,0.2090,0.1490,1,0,1,0,0,0,0.0000,-1800785.0310,-4554998.2704,4068601.1711,13,-1.1015,-0.1855,-1.2725,1.2655,-0.3925,-0.3380,0.7631,-0.1581,-0.0542,0.0055,0.0003,0.0000,0.0000,0.0000,0.0000,-0.1682,-0.1682,0.0000,0.1679,0.0000,0.0000
248.3660,40.0160,0,14,MPUT_PBO,-2.5190,1.0510,0.1790,0.1190,1,0,1,0,0,0,0.0000,-1797887.3978,-4533084.1984,4094276.4949,13,-1.6405,-0.1712,0.8785,-1.2222,-0.3802,-0.3363,1.3177,-0.1705,-0.0573,0.0053,0.0008,0.0000,0.0000,0.0000,0.0000,-0.6602,-0.6602,0.0000,0.6594,0.0000,0.0000
248.2770,40.7720,0,14,P088_PBO,-0.5910,-1.3470,0.3880,0.4180,1,0,1,0,0,0,0.0000,-1784775.2566,-4479706.8627,4158263.4800,13,-1.3343,-0.3672,-0.7433,0.9798,-0.3495,-0.3340,1.0503,0.0289,-0.0656,0.0044,0.0021,0.0000,0.0000,0.0000,0.0000,-0.3662,-0.3662,0.0000,0.3640,0.0000,0.0000
248.2650,42.8270,0,14,P683_PBO,-4.2160,-6.4470,0.3880,0.4180,1,0,1,0,0,0,0.0000,-1729347.2647,-4337942.4772,4328506.0429,13,-0.5634,-0.3242,3.6526,6.1228,-0.2667,-0.3336,0.3859,-0.0082,-0.0892,-0.0012,0.0069,0.0000,0.0000,0.0000,0.0000,-0.0526,-0.0526,0.0000,0.0457,0.0000,0.0000
248.2490,40.4350,0,21,P117_PBO,-3.0040,-2.2470,0.4180,0.4780,1,0,1,0,0,0,0.0000,-1795996.7344,-4501473.0971,4129828.9490,20,-1.7335,-0.3278,1.2705,1.9192,-3.1456,-0.6123,-1.3499,-0.2895,-0.0621,0.0049,0.0015,0.0000,0.0000,0.0000,0.0000,-0.8592,-0.8592,0.0000,0.8577,0.0000,0.0000
248.2110,45.2180,0,14,P719_PBO,0.7720,-1.6460,0.4180,0.4480,1,0,1,0,0,0,0.0000,-1664896.4750,-4164856.9097,4519561.7167,13,-0.1060,-0.2787,-0.8780,1.3673,-0.1698,-0.3322,0.0530,-0.0393,-0.1168,-0.0142,0.0133,0.0000,0.0000,0.0000,0.0000,-0.0092,-0.0092,0.0000,-0.0042,0.0000,0.0000
248.0550,39.5890,0,21,P108_PBO,-1.7350,-0.7420,0.1490,0.1790,1,0,1,0,0,0,0.0000,-1833818.6815,-4551434.6654,4057819.9802,20,-1.9730,-0.4634,-0.2380,0.2786,-3.1975,-0.6099,-1.1701,-0.1526,-0.0544,0.0061,-0.0002,0.0000,0.0000,0.0000,0.0000,-0.5462,-0.5462,0.0000,0.5464,0.0000,0.0000
247.8730,39.3060,0,21,SPIC_PBO,-2.9460,0.8620,0.0890,0.0600,1,0,1,0,0,0,0.0000,-1855793.7642,-4564097.6607,4033533.6257,20,-2.4044,-0.4738,0.5416,-1.3358,-3.2139,-0.6076,-0.7572,-0.1403,-0.0523,0.0065,-0.0008,0.0000,0.0000,0.0000,0.0000,-0.2156,-0.2156,0.0000,0.2164,0.0000,0.0000
247.7380,39.4590,0,21,P106_PBO,-2.7410,-0.5350,0.3280,0.3280,1,0,1,0,0,0,0.0000,-1862455.3570,-4549728.0324,4046675.9614,20,-2.6973,-0.4706,0.0437,0.0644,-3.2034,-0.6059,-0.4518,-0.1419,-0.0543,0.0066,-0.0007,0.0000,0.0000,0.0000,0.0000,-0.0873,-0.0873,0.0000,0.0880,0.0000,0.0000
247.7180,40.6490,0,21,P086_PBO,-2.4980,0.9660,0.1190,0.1190,1,0,1,0,0,0,0.0000,-1831775.8980,-4470330.8835,4147901.9170,20,-2.6443,-0.4145,-0.1463,-1.3805,-3.1284,-0.6057,-0.4167,-0.1964,-0.0674,0.0053,0.0015,0.0000,0.0000,0.0000,0.0000,-0.0740,-0.0740,0.0000,0.0725,0.0000,0.0000
247.6680,41.6350,0,21,P122_PBO,-2.2620,-0.8330,0.0890,0.0600,1,0,1,0,0,0,0.0000,-1808282.9800,-4402044.9511,4230421.2998,20,-2.2571,-0.3958,0.0049,0.4372,-3.0649,-0.6050,-0.7281,-0.2125,-0.0797,0.0032,0.0037,0.0000,0.0000,0.0000,0.0000,-0.1879,-0.1879,0.0000,0.1842,0.0000,0.0000
247.6390,40.0780,0,21,P016_PBO,-2.7190,-0.2320,0.4180,0.3280,1,0,1,0,0,0,0.0000,-1853572.7597,-4505807.4037,4099551.0884,20,-2.8234,-0.4575,-0.1044,-0.2255,-3.1640,-0.6047,-0.2792,-0.1533,-0.0613,0.0062,0.0003,0.0000,0.0000,0.0000,0.0000,-0.0434,-0.0434,0.0000,0.0431,0.0000,0.0000
247.5450,35.3420,0,14,FERN_PBO,-2.3900,0.4700,0.0890,0.0600,1,0,1,0,0,0,0.0000,-1983893.0147,-4800201.3228,3683284.8421,13,-0.8216,-0.0424,1.5684,-0.5124,-0.5633,-0.3146,0.2818,-0.2780,-0.0236,0.0058,-0.0048,0.0000,0.0000,0.0000,0.0000,-0.0133,-0.0133,0.0000,0.0181,0.0000,0.0000
247.4960,39.3880,0,21,P105_PBO,-2.7440,0.4710,0.1490,0.2090,1,0,1,0,0,0,0.0000,-1883573.2319,-4546450.2674,4040580.8131,20,-2.8814,-0.4557,-0.1374,-0.9267,-3.2062,-0.6029,-0.2703,-0.1541,-0.0545,0.0069,-0.0010,0.0000,0.0000,0.0000,0.0000,-0.0434,-0.0434,0.0000,0.0444,0.0000,0.0000
247.4760,45.0430,0,14,P706_PBO,-0.3370,-1.1280,0.4180,0.4180,1,0,1,0,0,0,0.0000,-1723465.4784,-4155889.1098,4505841.0884,13,-0.1313,-0.2814,0.2057,0.8466,-0.1740,-0.3128,0.0841,-0.0176,-0.1268,-0.0137,0.0136,0.0000,0.0000,0.0000,0.0000,-0.0159,-0.0159,0.0000,0.0023,0.0000,0.0000
247.4720,40.6340,0,21,P114_PBO,-2.6990,-0.3280,0.2390,0.1190,1,0,1,0,0,0,0.0000,-1851368.3552,-4463427.8576,4146637.0031,20,-2.7942,-0.4347,-0.0952,-0.1067,-3.1276,-0.6025,-0.2647,-0.1735,-0.0687,0.0056,0.0013,0.0000,0.0000,0.0000,0.0000,-0.0407,-0.0407,0.0000,0.0394,0.0000,0.0000
247.3830,45.3830,0,14,P045_PBO,-0.3250,-1.8260,0.3580,0.3880,1,0,1,0,0,0,0.0000,-1719895.7705,-4128331.2759,4532459.6939,13,-0.0778,-0.2583,0.2472,1.5677,-0.1598,-0.3103,0.0503,-0.0355,-0.1323,-0.0166,0.0148,0.0000,0.0000,0.0000,0.0000,-0.0126,-0.0126,0.0000,-0.0022,0.0000,0.0000
247.3770,41.7570,0,21,P057_PBO,-2.7580,-0.4260,0.0890,0.0900,1,0,1,0,0,0,0.0000,-1827147.9859,-4384479.4169,4240545.0053,20,-2.5650,-0.4269,0.1930,-0.0009,-3.0550,-0.6013,-0.4062,-0.1777,-0.0837,0.0033,0.0038,0.0000,0.0000,0.0000,0.0000,-0.0708,-0.0708,0.0000,0.0670,0.0000,0.0000
247.3640,44.4000,0,14,P681_PBO,-2.3610,-1.9260,0.3580,0.3880,1,0,1,0,0,0,0.0000,-1750938.3908,-4198921.1589,4455067.5993,13,-0.3350,-0.3603,2.0260,1.5657,-0.1996,-0.3098,0.2560,0.0597,-0.1205,-0.0092,0.0117,0.0000,0.0000,0.0000,0.0000,-0.0485,-0.0485,0.0000,0.0368,0.0000,0.0000
247.3020,41.8030,0,21,P121_PBO,-2.8570,-0.8240,0.0890,0.0900,1,0,1,0,0,0,0.0000,-1831571.3802,-4378941.6658,4244357.1513,20,-2.5962,-0.4275,0.2608,0.3965,-3.0515,-0.6004,-0.3703,-0.1761,-0.0850,0.0032,0.0039,0.0000,0.0000,0.0000,0.0000,-0.0617,-0.0617,0.0000,0.0579,0.0000,0.0000
247.2830,39.1860,0,21,P104_PBO,-1.4520,-1.0240,0.4770,0.3280,1,0,1,0,0,0,0.0000,-1905951.2752,-4552528.5767,4023205.7810,20,-2.9694,-0.4421,-1.5174,0.5819,-3.2174,-0.6001,-0.1948,-0.1653,-0.0532,0.0073,-0.0016,0.0000,0.0000,0.0000,0.0000,-0.0314,-0.0314,0.0000,0.0330,0.0000,0.0000
247.2810,42.2120,0,21,P675_PBO,-3.3420,-1.4240,0.3580,0.3580,1,0,1,0,0,0,0.0000,-1821428.2036,-4350211.6600,4278131.5167,20,-2.4263,-0.3832,0.9157,1.0408,-3.0248,-0.6001,-0.5077,-0.2188,-0.0909,0.0020,0.0050,0.0000,0.0000,0.0000,0.0000,-0.0937,-0.0937,0.0000,0.0887,0.0000,0.0000
247.1950,43.4490,0,21,P678_PBO,-2.1970,-1.5220,0.4770,0.3880,1,0,1,0,0,0,0.0000,-1791732.7280,-4261322.7240,4378946.6695,20,-1.4630,-0.3248,0.7340,1.1972,-2.9430,-0.5990,-1.3704,-0.2709,-0.1097,-0.0034,0.0087,0.0000,0.0000,0.0000,0.0000,-0.7382,-0.7382,0.0000,0.7295,0.0000,0.0000
246.9880,41.8170,0,21,P111_PBO,-2.6570,-1.7170,0.3580,0.3580,1,0,1,0,0,0,0.0000,-1855136.3381,-4367883.6411,4245516.8268,20,-2.7028,-0.4309,-0.0458,1.2861,-3.0484,-0.5964,-0.2576,-0.1691,-0.0880,0.0036,0.0037,0.0000,0.0000,0.0000,0.0000,-0.0380,-0.0380,0.0000,0.0342,0.0000,0.0000
246.9460,40.4940,0,21,P084_PBO,-3.6060,-0.9160,0.3280,0.3280,1,0,1,0,0,0,0.0000,-1896228.0389,-4455553.3184,4134817.4461,20,-2.9307,-0.4368,0.6753,0.4792,-3.1330,-0.5958,-0.1322,-0.1657,-0.0701,0.0066,0.0005,0.0000,0.0000,0.0000,0.0000,-0.0233,-0.0233,0.0000,0.0228,0.0000,0.0000
246.7220,40.6710,0,21,P113_PBO,-3.2000,-1.1110,0.2980,0.3580,1,0,1,0,0,0,0.0000,-1908575.5715,-4436351.0714,4149756.6098,20,-2.9313,-0.4328,0.2687,0.6782,-3.1202,-0.5930,-0.1150,-0.1668,-0.0739,0.0066,0.0006,0.0000,0.0000,0.0000,0.0000,-0.0220,-0.0220,0.0000,0.0213,0.0000,0.0000
246.6680,47.0300,0,14,P046_PBO,0.4330,-2.0090,0.3880,0.4180,1,0,1,0,0,0,0.0000,-1718952.0229,-3985233.7069,4659127.3545,13,0.0772,-0.1759,-0.3558,1.8331,-0.0902,-0.2913,-0.0052,-0.0804,-0.1622,-0.0350,0.0206,0.0000,0.0000,0.0000,0.0000,-0.0071,-0.0071,0.0000,-0.0135,0.0000,0.0000
246.4950,39.2690,0,21,P082_PBO,-2.8520,-0.5050,0.3880,0.3880,1,0,1,0,0,0,0.0000,-1966054.3754,-4520536.6644,4030351.0915,20,-3.0974,-0.4070,-0.2454,0.0980,-3.2071,-0.5901,-0.0525,-0.1915,-0.0571,0.0084,-0.0024,0.0000,0.0000,0.0000,0.0000,-0.0170,-0.0170,0.0000,0.0194,0.0000,0.0000
246.1320,42.8790,0,21,P677_PBO,-2.5220,-1.2970,0.2980,0.3580,1,0,1,0,0,0,0.0000,-1888013.7697,-4266977.5382,4332742.5674,20,-2.5860,-0.4210,-0.0640,0.8760,-2.9731,-0.5854,-0.2720,-0.1648,-0.1151,0.0005,0.0066,0.0000,0.0000,0.0000,0.0000,-0.0259,-0.0259,0.0000,0.0193,0.0000,0.0000
246.1290,39.0670,0,21,P081_PBO,-2.9600,-0.2970,0.3280,0.3280,1,0,1,0,0,0,0.0000,-2000628.6039,-4520851.2968,4012946.5737,20,-3.1435,-0.3836,-0.1835,-0.0866,-3.2173,-0.5853,-0.0177,-0.2108,-0.0561,0.0090,-0.0032,0.0000,0.0000,0.0000,0.0000,-0.0151,-0.0151,0.0000,0.0183,0.0000,0.0000
246.0210,44.1090,0,21,P354_PBO,-1.2770,-1.4940,0.3580,0.3580,1,0,1,0,0,0,0.0000,-1858041.8701,-4177350.2351,4431904.4308,20,-2.1576,-0.3311,-0.8806,1.1629,-2.8907,-0.5839,-0.5936,-0.2456,-0.1395,-0.0072,0.0113,0.0000,0.0000,0.0000,0.0000,-0.0777,-0.0777,0.0000,0.0664,0.0000,0.0000
245.9950,32.7230,0,14,P003_PBO,-3.2870,0.1060,0.2090,0.2090,1,0,1,0,0,0,0.0000,-2179271.3292,-4893574.2098,3442101.0137,13,-1.3727,0.8472,1.9143,0.7412,-0.6618,-0.2734,0.7235,-1.1247,-0.0126,0.0041,-0.0065,0.0000,0.0000,0.0000,0.0000,-0.1561,-0.1561,0.0000,0.1626,0.0000,0.0000
245.8110,34.3090,0,14,GNPS_PBO,-2.3320,2.9110,0.0600,0.0600,1,0,1,0,0,0,0.0000,-2155098.4269,-4797774.7781,3589047.1453,13,-1.1521,0.2498,1.1799,-2.6612,-0.5990,-0.2685,0.5712,-0.5239,-0.0182,0.0056,-0.0069,0.0000,0.0000,0.0000,0.0000,-0.0004,-0.0004,0.0000,0.0073,0.0000,0.0000
245.7230,39.1190,0,21,P080_PBO,-2.1600,-0.2870,0.4770,0.5080,1,0,1,0,0,0,0.0000,-2031114.7729,-4503239.5684,4017431.7207,20,-3.1655,-0.3603,-1.0055,-0.0733,-3.2114,-0.5801,0.0124,-0.2294,-0.0583,0.0097,-0.0037,0.0000,0.0000,0.0000,0.0000,-0.0138,-0.0138,0.0000,0.0175,0.0000,0.0000
245.4010,34.1890,0,14,P623_PBO,-3.6370,0.4200,0.1190,0.1190,1,0,1,0,0,0,0.0000,-2192499.3237,-4789054.6936,3578023.6610,13,-1.3157,0.3574,2.3213,-0.0626,-0.6027,-0.2575,0.7304,-0.6205,-0.0174,0.0056,-0.0073,0.0000,0.0000,0.0000,0.0000,0.0155,0.0155,0.0000,-0.0081,0.0000,0.0000
245.1730,33.0510,0,14,GMPK_PBO,-3.4780,2.6260,0.0890,0.0600,1,0,1,0,0,0,0.0000,-2240940.3218,-4843843.1733,3472710.9365,13,-1.9061,1.0490,1.5719,-1.5770,-0.6469,-0.2515,1.2721,-1.3049,-0.0129,0.0045,-0.0074,0.0000,0.0000,0.0000,0.0000,-0.0476,-0.0476,0.0000,0.0550,0.0000,0.0000
244.9680,32.7060,0,14,IID2_PBO,-3.8930,2.3210,0.1700,0.1840,1,0,1,0,0,0,0.0000,-2267063.6123,-4854652.9297,3440511.4404,13,-2.6661,1.9658,1.2269,-0.3552,-0.6599,-0.2460,2.0178,-2.2160,-0.0116,0.0042,-0.0075,0.0000,0.0000,0.0000,0.0000,-0.1860,-0.1860,0.0000,0.1935,0.0000,0.0000
244.8550,34.1580,0,14,IMPS_PBO,-2.5560,0.6390,0.1760,0.1710,1,0,1,0,0,0,0.0000,-2238858.6231,-4769695.8885,3575173.3746,13,-1.6314,0.6092,0.9246,-0.0298,-0.6026,-0.2430,1.0456,-0.8578,-0.0168,0.0057,-0.0080,0.0000,0.0000,0.0000,0.0000,0.0268,0.0268,0.0000,-0.0188,0.0000,0.0000
244.7620,35.2910,0,14,P626_PBO,-3.4000,0.0350,0.1790,0.1490,1,0,1,0,0,0,0.0000,-2216016.3892,-4701178.8620,3678660.1001,13,-1.2487,0.3533,2.1513,0.3183,-0.5576,-0.2405,0.7138,-0.6009,-0.0226,0.0072,-0.0082,0.0000,0.0000,0.0000,0.0000,-0.0139,-0.0139,0.0000,0.0222,0.0000,0.0000
244.7210,39.9100,0,21,P005_PBO,-2.9350,-1.0640,0.4470,0.4780,1,0,1,0,0,0,0.0000,-2085669.3292,-4416456.4358,4085247.5398,20,-3.1333,-0.3187,-0.1983,0.7453,-3.1554,-0.5670,0.0537,-0.2596,-0.0757,0.0113,-0.0039,0.0000,0.0000,0.0000,0.0000,-0.0153,-0.0153,0.0000,0.0192,0.0000,0.0000
244.7060,32.8910,0,14,P509_PBO,-1.5850,3.1370,0.1790,0.1790,1,0,1,0,0,0,0.0000,-2284480.6477,-4834166.3481,3457793.4222,13,-3.0620,2.3879,-1.4770,-0.7491,-0.6521,-0.2390,2.4219,-2.6312,-0.0119,0.0043,-0.0078,0.0000,0.0000,0.0000,0.0000,-0.0806,-0.0806,0.0000,0.0884,0.0000,0.0000
244.7040,33.8870,0,14,P511_PBO,-4.5500,0.6370,0.1190,0.1190,1,0,1,0,0,0,0.0000,-2258621.4611,-4779014.1404,3550211.8813,13,-2.0407,0.8813,2.5093,0.2443,-0.6129,-0.2389,1.4432,-1.1256,-0.0155,0.0054,-0.0081,0.0000,0.0000,0.0000,0.0000,0.0673,0.0673,0.0000,-0.0592,0.0000,0.0000
244.7000,32.6900,0,14,P500_PBO,-6.3920,8.9370,0.1490,0.1490,1,0,1,0,0,0,0.0000,-2290156.7870,-4844864.1396,3439015.0947,13,-6.9839,6.7310,-0.5919,-2.2060,-0.6599,-0.2388,6.3353,-6.9740,-0.0113,0.0042,-0.0077,0.0000,0.0000,0.0000,0.0000,-0.3105,-0.3105,0.0000,0.3182,0.0000,0.0000
244.6570,33.1440,0,14,P510_PBO,-3.9760,1.5380,0.1790,0.1790,1,0,1,0,0,0,0.0000,-2282056.2751,-4818364.7006,3481369.3041,13,-3.4825,1.5526,0.4935,0.0146,-0.6420,-0.2377,2.8531,-1.7948,-0.0127,0.0046,-0.0080,0.0000,0.0000,0.0000,0.0000,0.0878,0.0878,0.0000,-0.0799,0.0000,0.0000
244.6340,35.1630,0,14,P622_PBO,-3.6050,0.0380,0.1790,0.1490,1,0,1,0,0,0,0.0000,-2230028.4970,-4703630.6669,3667040.0752,13,-1.2992,0.4192,2.3058,0.3812,-0.5623,-0.2371,0.7586,-0.6633,-0.0218,0.0070,-0.0084,0.0000,0.0000,0.0000,0.0000,-0.0161,-0.0161,0.0000,0.0246,0.0000,0.0000
244.6020,32.8760,0,14,P501_PBO,-4.6860,6.4390,0.1190,0.1190,1,0,1,0,0,0,0.0000,-2293639.7656,-4830829.3196,3456393.5210,13,-3.8887,3.9486,0.7973,-2.4904,-0.6524,-0.2362,3.2480,-4.1891,-0.0118,0.0043,-0.0079,0.0000,0.0000,0.0000,0.0000,-0.0108,-0.0108,0.0000,0.0187,0.0000,0.0000
244.5780,32.9820,0,14,P502_PBO,-4.6820,3.9400,0.1490,0.1790,1,0,1,0,0,0,0.0000,-2292914.1279,-4824084.5544,3466281.0728,13,-4.3983,2.6446,0.2837,-1.2954,-0.6482,-0.2356,3.7621,-2.8845,-0.0121,0.0044,-0.0080,0.0000,0.0000,0.0000,0.0000,-0.0645,-0.0645,0.0000,0.0725,0.0000,0.0000
244.5710,33.2480,0,14,P508_PBO,-4.8730,1.9400,0.1190,0.1190,1,0,1,0,0,0,0.0000,-2286568.8084,-4809219.0505,3491040.9149,13,-4.0285,1.6955,0.8445,-0.2445,-0.6378,-0.2354,3.4037,-1.9356,-0.0130,0.0047,-0.0081,0.0000,0.0000,0.0000,0.0000,0.0412,0.0412,0.0000,-0.0332,0.0000,0.0000
244.5120,32.9800,0,14,P499_PBO,-6.7830,5.0410,0.1790,0.2090,1,0,1,0,0,0,0.0000,-2298521.6178,-4821549.3242,3466094.6249,13,-5.9061,3.5260,0.8769,-1.5150,-0.6481,-0.2338,5.2699,-3.7642,-0.0120,0.0044,-0.0080,0.0000,0.0000,0.0000,0.0000,-0.3469,-0.3469,0.0000,0.3549,0.0000,0.0000
244.4930,32.8290,0,24,IVCO_PBO,-14.8640,20.2550,0.1870,0.1590,1,0,1,0,0,0,0.0000,-2304045.9862,-4829014.4630,3452005.6302,25,-13.1614,15.6062,1.7026,-4.6488,-16.8456,16.6898,-3.6727,1.0793,-0.0115,0.0043,-0.0080,0.0000,0.0000,0.0000,0.0000,0.9911,0.9911,0.0000,-0.9831,0.0000,0.0000
244.4900,33.0810,0,14,P506_PBO,-6.5790,4.0420,0.2390,0.2390,1,0,1,0,0,0,0.0000,-2297737.8448,-4815144.6020,3475504.9591,13,-6.3645,3.0324,0.2145,-1.0096,-0.6441,-0.2332,5.7327,-3.2701,-0.0123,0.0045,-0.0081,0.0000,0.0000,0.0000,0.0000,-0.5440,-0.5440,0.0000,0.5521,0.0000,0.0000
244.4870,39.5360,0,21,P076_PBO,-2.3490,-0.4580,0.4470,0.4780,1,0,1,0,0,0,0.0000,-2115129.8251,-4431873.7874,4053279.1684,20,-3.1998,-0.2809,-0.8508,0.1771,-3.1775,-0.5639,0.0930,-0.2950,-0.0707,0.0121,-0.0052,0.0000,0.0000,0.0000,0.0000,-0.0139,-0.0139,0.0000,0.0190,0.0000,0.0000
244.4790,33.2750,0,14,GLRS_PBO,-6.8720,1.7420,0.0890,0.1490,1,0,1,0,0,0,0.0000,-2293578.9956,-4804056.1724,3493549.9345,13,-5.1537,2.2602,1.7183,0.5182,-0.6365,-0.2329,4.5301,-2.4978,-0.0129,0.0047,-0.0082,0.0000,0.0000,0.0000,0.0000,-0.2576,-0.2576,0.0000,0.2658,0.0000,0.0000
244.4560,35.4730,0,14,P621_PBO,-3.9950,0.0420,0.1790,0.1490,1,0,1,0,0,0,0.0000,-2236042.2567,-4678710.0585,3695150.6973,13,-1.4570,0.4007,2.5380,0.3587,-0.5496,-0.2323,0.9309,-0.6406,-0.0236,0.0076,-0.0087,0.0000,0.0000,0.0000,0.0000,-0.0315,-0.0315,0.0000,0.0402,0.0000,0.0000
244.4440,39.9250,0,21,P102_PBO,-2.6350,0.2430,0.4470,0.4480,1,0,1,0,0,0,0.0000,-2106535.0508,-4405356.5353,4086526.0722,20,-3.1498,-0.2952,-0.5148,-0.5382,-3.1527,-0.5633,0.0751,-0.2800,-0.0779,0.0119,-0.0044,0.0000,0.0000,0.0000,0.0000,-0.0162,-0.0162,0.0000,0.0206,0.0000,0.0000
244.4300,32.8980,0,24,P498_PBO,-15.2860,21.8430,0.1490,0.1490,1,0,1,0,0,0,0.0000,-2307558.4055,-4822724.6018,3458446.6284,25,-13.7794,16.2632,1.5066,-5.5798,-16.7071,16.7937,-2.9160,0.5261,-0.0117,0.0044,-0.0081,0.0000,0.0000,0.0000,0.0000,-1.4146,-1.4146,0.0000,1.4227,0.0000,0.0000
244.4230,32.8350,0,22,P497_PBO,-16.4880,22.1430,0.1490,0.1790,1,0,1,0,0,0,0.0000,-2309787.9415,-4825869.8411,3452565.9159,22,-20.2787,21.4128,-3.7907,-0.7302,-25.8231,30.3973,-5.5329,8.9802,-0.0115,0.0043,-0.0081,0.0000,0.0000,0.0000,0.0000,2.2190,2.2190,0.0000,-2.2110,0.0000,0.0000
244.4040,32.7510,0,22,P496_PBO,-23.3910,28.0440,0.1490,0.2690,1,0,1,0,0,0,0.0000,-2313572.4297,-4829663.4157,3444718.4739,22,-22.5057,24.9479,0.8853,-3.0961,-25.8069,30.3886,-3.2901,5.4365,-0.0112,0.0042,-0.0081,0.0000,0.0000,0.0000,0.0000,0.5328,0.5328,0.0000,-0.5247,0.0000,0.0000
244.3880,33.2000,0,14,P507_PBO,-8.9630,0.2090,0.1800,0.1920,1,0,1,0,0,0,0.0000,-2303180.9796,-4804526.9327,3486578.5219,13,-8.2175,5.6683,0.7455,5.4593,-0.6392,-0.2305,7.5908,-5.9034,-0.0126,0.0047,-0.0083,0.0000,0.0000,0.0000,0.0000,-1.7511,-1.7511,0.0000,1.7594,0.0000,0.0000
244.3720,33.0450,0,24,P495_PBO,-11.2810,15.2440,0.1190,0.1190,1,0,1,0,0,0,0.0000,-2308593.7627,-4812370.1714,3472152.0177,25,-12.8458,14.5847,-1.5648,-0.6593,-16.4000,16.8893,-3.5421,2.3001,-0.0121,0.0045,-0.0082,0.0000,0.0000,0.0000,0.0000,-1.2986,-1.2986,0.0000,1.3068,0.0000,0.0000
244.3650,33.7050,0,14,HNPS_PBO,-5.8580,2.7450,0.0600,0.0900,1,0,1,0,0,0,0.0000,-2291724.9970,-4775710.2086,3533403.4589,13,-3.1252,2.0838,2.7328,-0.6612,-0.6193,-0.2299,2.5203,-2.3188,-0.0144,0.0052,-0.0085,0.0000,0.0000,0.0000,0.0000,0.0771,0.0771,0.0000,-0.0686,0.0000,0.0000
244.3500,35.2050,0,14,P611_PBO,-4.8050,0.0450,0.2680,0.2990,1,0,1,0,0,0,0.0000,-2252151.4559,-4690094.8249,3670854.9161,13,-1.4507,0.5200,3.3543,0.4750,-0.5600,-0.2295,0.9125,-0.7567,-0.0218,0.0072,-0.0088,0.0000,0.0000,0.0000,0.0000,-0.0291,-0.0291,0.0000,0.0380,0.0000,0.0000
244.3400,34.7840,0,14,GMRC_PBO,-3.7200,1.0450,0.0600,0.0600,1,0,1,0,0,0,0.0000,-2264589.1196,-4713887.6274,3632526.8089,13,-1.6317,0.7202,2.0883,-0.3248,-0.5767,-0.2292,1.0744,-0.9560,-0.0194,0.0066,-0.0088,0.0000,0.0000,0.0000,0.0000,-0.0468,-0.0468,0.0000,0.0556,0.0000,0.0000
244.3130,33.4240,0,14,P505_PBO,-5.8680,3.3460,0.2980,0.2690,1,0,1,0,0,0,0.0000,-2303542.1004,-4789187.4573,3507382.0368,13,-5.4085,4.3195,0.4595,0.9735,-0.6303,-0.2285,4.7916,-4.5528,-0.0133,0.0049,-0.0084,0.0000,0.0000,0.0000,0.0000,0.0247,0.0247,0.0000,-0.0162,0.0000,0.0000
244.2680,32.7600,0,22,P494_PBO,-22.7910,26.5470,0.1790,0.1490,1,0,1,0,0,0,0.0000,-2324794.8695,-4823670.7124,3445559.6257,22,-24.5722,24.9023,-1.7812,-1.6447,-25.8482,30.3259,-1.2650,5.4194,-0.0111,0.0042,-0.0082,0.0000,0.0000,0.0000,0.0000,0.5658,0.5658,0.0000,-0.5576,0.0000,0.0000
244.2650,33.0700,0,24,CRRS_PBO,-14.2360,18.4420,0.1780,0.1720,1,0,1,0,0,0,0.0000,-2316918.7910,-4806685.2793,3474480.5947,25,-16.3414,17.9821,-2.1054,-0.4599,-16.3635,17.0656,-0.0101,-0.9210,-0.0120,0.0045,-0.0083,0.0000,0.0000,0.0000,0.0000,0.2342,0.2342,0.0000,-0.2258,0.0000,0.0000
244.2360,34.4260,0,14,P610_PBO,-3.5330,0.8480,0.3280,0.3280,1,0,1,0,0,0,0.0000,-2282962.9411,-4730118.0165,3599779.8850,13,-2.3299,1.2003,1.2031,0.3523,-0.5906,-0.2264,1.7567,-1.4328,-0.0174,0.0062,-0.0089,0.0000,0.0000,0.0000,0.0000,-0.2082,-0.2082,0.0000,0.2171,0.0000,0.0000
244.2340,33.5160,0,14,P504_PBO,-8.5650,4.1480,0.1490,0.1490,1,0,1,0,0,0,0.0000,-2307692.1806,-4780928.7100,3515910.8252,13,-5.2738,4.8351,3.2912,0.6871,-0.6265,-0.2263,4.6609,-5.0665,-0.0135,0.0050,-0.0086,0.0000,0.0000,0.0000,0.0000,0.1378,0.1378,0.0000,-0.1292,0.0000,0.0000
244.1790,33.7410,0,14,P607_PBO,-6.3570,2.8490,0.2680,0.2990,1,0,1,0,0,0,0.0000,-2306248.8956,-4766246.0148,3536731.0358,13,-4.0226,3.3731,2.3344,0.5241,-0.6175,-0.2249,3.4195,-3.6033,-0.0143,0.0053,-0.0087,0.0000,0.0000,0.0000,0.0000,-0.0195,-0.0195,0.0000,0.0282,0.0000,0.0000
244.1110,39.3740,0,21,P075_PBO,0.6430,-5.6500,0.4470,0.4780,1,0,1,0,0,0,0.0000,-2149163.3252,-4428190.6075,4039378.2203,20,-3.2577,-0.2278,-3.9007,5.4222,-3.1853,-0.5589,0.1425,-0.3441,-0.0701,0.0130,-0.0062,0.0000,0.0000,0.0000,0.0000,-0.0142,-0.0142,0.0000,0.0204,0.0000,0.0000
244.0890,34.7270,0,14,I40A_PBO,-4.0230,1.5510,0.1190,0.1490,1,0,1,0,0,0,0.0000,-2286795.8075,-4707169.9356,3627322.3725,13,-2.0934,1.0953,1.9296,-0.4557,-0.5783,-0.2225,1.5338,-1.3244,-0.0188,0.0066,-0.0092,0.0000,0.0000,0.0000,0.0000,-0.1217,-0.1217,0.0000,0.1308,0.0000,0.0000
244.0820,34.3700,0,37,OPBL_PBO,-2.9350,2.6510,0.0890,0.0600,1,0,1,0,0,0,0.0000,-2297205.0511,-4727127.0102,3594644.7174,37,-3.3778,1.9917,-0.4428,-0.6593,-1.5939,1.0960,1.8009,-0.9018,-0.0170,0.0061,-0.0091,0.0000,0.0000,0.0000,0.0000,-0.6686,-0.6686,0.0000,0.6777,0.0000,0.0000
244.0220,33.2920,0,24,SLMS_PBO,-13.5730,16.4530,0.0600,0.0600,1,0,1,0,0,0,0.0000,-2331369.3856,-4784677.5752,3495129.2896,25,-16.2624,17.6118,-2.6894,1.1588,-15.9258,17.4658,0.3491,-0.1508,-0.0125,0.0048,-0.0087,0.0000,0.0000,0.0000,0.0000,0.1003,0.1003,0.0000,-0.0915,0.0000,0.0000
244.0020,34.0010,0,14,BEMT_PBO,-5.9480,5.6530,0.0890,0.0600,1,0,1,0,0,0,0.0000,-2313903.0460,-4744624.6433,3560721.9983,13,-4.4026,4.9133,1.5454,-0.7397,-0.6069,-0.2201,3.8110,-5.1391,-0.0152,0.0056,-0.0090,0.0000,0.0000,0.0000,0.0000,-0.8016,-0.8016,0.0000,0.8106,0.0000,0.0000
243.9500,39.5460,0,21,P074_PBO,-2.7510,-0.6460,0.4180,0.4480,1,0,1,0,0,0,0.0000,-2156262.9881,-4411219.9144,4054136.1909,20,-3.2580,-0.2125,-0.5070,0.4335,-3.1735,-0.5568,0.1587,-0.3576,-0.0743,0.0134,-0.0063,0.0000,0.0000,0.0000,0.0000,-0.0175,-0.0175,0.0000,0.0238,0.0000,0.0000
243.9470,34.2510,0,37,BMHL_PBO,-3.7400,4.4540,0.0600,0.0600,1,0,1,0,0,0,0.0000,-2311610.7406,-4728398.2902,3583721.0906,37,-5.5797,4.0358,-1.8397,-0.4182,-1.3854,0.8974,4.2106,-3.1444,-0.0163,0.0060,-0.0092,0.0000,0.0000,0.0000,0.0000,-2.1879,-2.1879,0.0000,2.1971,0.0000,0.0000
243.9200,35.2870,0,14,BKAP_PBO,-4.9030,1.1550,0.0600,0.0600,1,0,1,0,0,0,0.0000,-2284974.5009,-4668337.2113,3678297.2519,13,-1.9846,0.7550,2.9184,-0.4000,-0.5558,-0.2179,1.4508,-0.9805,-0.0219,0.0076,-0.0095,0.0000,0.0000,0.0000,0.0000,-0.1242,-0.1242,0.0000,0.1338,0.0000,0.0000
243.9200,33.9590,0,14,P601_PBO,-6.5500,5.4550,0.2680,0.2990,1,0,1,0,0,0,0.0000,-2321837.9018,-4743651.3061,3556851.4877,13,-4.8395,6.2258,1.7105,0.7708,-0.6083,-0.2179,4.2461,-6.4493,-0.0149,0.0056,-0.0091,0.0000,0.0000,0.0000,0.0000,-0.6000,-0.6000,0.0000,0.6091,0.0000,0.0000
243.9170,34.3670,0,37,OPCP_PBO,-2.8360,4.3550,0.0600,0.0600,1,0,1,0,0,0,0.0000,-2310891.4052,-4720660.9827,3594369.5222,37,-5.0603,3.2710,-2.2243,-1.0840,-1.5902,0.8532,3.4868,-2.4239,-0.0168,0.0061,-0.0093,0.0000,0.0000,0.0000,0.0000,-1.3801,-1.3801,0.0000,1.3894,0.0000,0.0000
243.9150,33.0300,0,22,USGC_PBO,-23.9130,24.4020,0.1700,0.1710,1,0,1,0,0,0,0.0000,-2347303.7434,-4794619.8413,3470754.5542,22,-23.3762,24.3194,0.5368,-0.0826,-26.0194,30.1623,-2.6316,5.8384,-0.0115,0.0045,-0.0087,0.0000,0.0000,0.0000,0.0000,0.3443,0.3443,0.0000,-0.3355,0.0000,0.0000
243.8960,35.1420,0,14,P618_PBO,-4.7090,0.1550,0.1490,0.1790,1,0,1,0,0,0,0.0000,-2291018.3162,-4675723.9628,3665131.9157,13,-2.2238,0.8884,2.4852,0.7334,-0.5615,-0.2173,1.6834,-1.1130,-0.0210,0.0074,-0.0095,0.0000,0.0000,0.0000,0.0000,-0.2353,-0.2353,0.0000,0.2448,0.0000,0.0000
243.8520,34.5090,0,37,NBPS_PBO,-3.4310,3.2560,0.0600,0.0900,1,0,1,0,0,0,0.0000,-2312312.4746,-4710025.3456,3607384.6102,37,-4.3460,3.1312,-0.9150,-0.1248,-1.8411,0.7576,2.5223,-2.3799,-0.0174,0.0064,-0.0094,0.0000,0.0000,0.0000,0.0000,-0.4868,-0.4868,0.0000,0.4963,0.0000,0.0000
243.8510,34.4300,0,37,OPCX_PBO,-2.9340,4.1560,0.0890,0.0600,1,0,1,0,0,0,0.0000,-2314584.5128,-4714445.3337,3600146.5512,37,-5.1469,3.9103,-2.2129,-0.2457,-1.7018,0.7561,3.4621,-3.1604,-0.0170,0.0063,-0.0094,0.0000,0.0000,0.0000,0.0000,-0.8957,-0.8957,0.0000,0.9051,0.0000,0.0000
243.8300,32.6170,0,23,P066_PBO,-27.8980,26.9570,0.0890,0.0900,1,0,1,0,0,0,0.0000,-2365386.6647,-4813460.9326,3432184.6160,23,-27.3697,28.4269,0.5283,1.4699,-28.8666,30.2781,-1.4868,1.8471,-0.0102,0.0041,-0.0086,0.0000,0.0000,0.0000,0.0000,-0.2841,-0.2841,0.0000,0.2926,0.0000,0.0000
243.7910,34.6990,0,37,LDSW_PBO,-6.0250,2.1580,0.0890,0.1490,1,0,1,0,0,0,0.0000,-2312029.7463,-4696802.3474,3624764.4921,37,-3.7427,2.6246,2.2823,0.4666,-2.1766,0.6679,1.5844,-1.9635,-0.0183,0.0067,-0.0096,0.0000,0.0000,0.0000,0.0000,-0.4787,-0.4787,0.0000,0.4883,0.0000,0.0000
243.7880,33.8660,0,14,P600_PBO,-9.6540,9.5580,0.0890,0.1190,1,0,1,0,0,0,0.0000,-2335307.2862,-4743462.9781,3548274.2730,13,-8.0190,10.2115,1.6350,0.6535,-0.6117,-0.2144,7.4217,-10.4314,-0.0144,0.0055,-0.0093,0.0000,0.0000,0.0000,0.0000,-0.3151,-0.3151,0.0000,0.3243,0.0000,0.0000
243.7730,33.5750,0,24,P491_PBO,-15.1640,14.8580,0.1190,0.1190,1,0,1,0,0,0,0.0000,-2344483.0261,-4758956.2565,3521375.6049,25,-15.1265,16.6092,0.0375,1.7512,-15.3590,17.8756,-0.2193,1.2612,-0.0132,0.0051,-0.0091,0.0000,0.0000,0.0000,0.0000,0.1282,0.1282,0.0000,-0.1190,0.0000,0.0000
243.7210,34.2550,0,35,SDHL_PBO,-5.9210,5.1830,0.2110,0.1880,1,0,1,0,0,0,0.0000,-2330132.8364,-4719019.1659,3584088.5227,36,-8.0185,8.2347,-2.0975,3.0517,-10.2793,9.5695,-2.2448,1.3288,-0.0160,0.0060,-0.0095,0.0000,0.0000,0.0000,0.0000,-1.4739,-1.4739,0.0000,1.4834,0.0000,0.0000
243.7210,40.3630,0,21,P087_PBO,-2.5230,0.6590,0.4470,0.4780,1,0,1,0,0,0,0.0000,-2148061.7237,-4350286.0803,4123735.3591,20,-3.1326,-0.1708,-0.6096,-0.8298,-3.1203,-0.5537,0.1055,-0.3962,-0.0932,0.0133,-0.0050,0.0000,0.0000,0.0000,0.0000,-0.0259,-0.0259,0.0000,0.0308,0.0000,0.0000
243.7080,34.5330,0,37,OPRD_PBO,-6.4310,5.8600,0.0600,0.0600,1,0,1,0,0,0,0.0000,-2323473.2231,-4702843.8521,3609582.1566,37,-6.0768,5.6721,0.3542,-0.1879,-1.8844,0.5458,4.2098,-5.1328,-0.0173,0.0064,-0.0097,0.0000,0.0000,0.0000,0.0000,-0.4632,-0.4632,0.0000,0.4728,0.0000,0.0000
243.7010,35.9710,0,21,SHOS_PBO,-4.4800,1.1600,0.0600,0.0600,1,0,1,0,0,0,0.0000,-2283182.4620,-4619871.6574,3740082.2418,20,-3.5439,0.3676,0.9361,-0.7924,-3.3910,-0.5534,0.1796,-0.9300,-0.0267,0.0090,-0.0100,0.0000,0.0000,0.0000,0.0000,0.0095,0.0095,0.0000,0.0005,0.0000,0.0000
243.6950,34.4280,0,36,OPCL_PBO,-5.7350,7.8600,0.0600,0.0900,1,0,1,0,0,0,0.0000,-2327467.6910,-4708238.5689,3599963.2203,35,-7.6103,7.6781,-1.8753,-0.1819,-10.3892,8.7822,-2.7621,1.0979,-0.0168,0.0063,-0.0096,0.0000,0.0000,0.0000,0.0000,-0.3211,-0.3211,0.0000,0.3307,0.0000,0.0000
243.6780,33.2600,0,22,P486_PBO,-23.4760,22.0600,0.0890,0.0900,1,0,1,0,0,0,0.0000,-2360919.2754,-4772342.9463,3492156.1305,22,-21.7914,23.5904,1.6846,1.5304,-26.1471,30.0519,-4.3437,6.4568,-0.0120,0.0048,-0.0091,0.0000,0.0000,0.0000,0.0000,0.2607,0.2607,0.0000,-0.2516,0.0000,0.0000
243.6640,34.8290,0,37,CDMT_PBO,-7.3210,2.9610,0.0600,0.0600,1,0,1,0,0,0,0.0000,-2318780.2703,-4684283.2629,3636633.0352,37,-4.0533,2.8818,3.2677,-0.0792,-2.4065,0.4810,1.6657,-2.4077,-0.0189,0.0069,-0.0098,0.0000,0.0000,0.0000,0.0000,-0.4801,-0.4801,0.0000,0.4899,0.0000,0.0000
243.6510,32.9760,0,22,P480_PBO,-27.1860,25.2610,0.0890,0.0900,1,0,1,0,0,0,0.0000,-2370821.5593,-4786682.5234,3465721.7165,22,-26.0096,27.2710,1.1764,2.0100,-26.0808,30.0393,-0.0602,2.7638,-0.0110,0.0044,-0.0090,0.0000,0.0000,0.0000,0.0000,-0.4590,-0.4590,0.0000,0.4680,0.0000,0.0000
243.6300,34.1240,0,14,CTMS_PBO,-7.0450,11.6620,0.0600,0.0600,1,0,1,0,0,0,0.0000,-2341258.5222,-4722641.9519,3572046.0507,13,-7.8400,11.3828,-0.7950,-0.2792,-0.6012,-0.2102,7.2540,-11.5988,-0.0153,0.0059,-0.0096,0.0000,0.0000,0.0000,0.0000,-2.0399,-2.0399,0.0000,2.0495,0.0000,0.0000
243.5910,33.2100,0,22,P485_PBO,-26.2780,24.3630,0.3580,0.3580,1,0,1,0,0,0,0.0000,-2369517.5945,-4771480.1757,3487508.3890,22,-23.8897,25.5269,2.3883,1.1639,-26.1591,30.0112,-2.2577,4.4796,-0.0117,0.0047,-0.0092,0.0000,0.0000,0.0000,0.0000,-0.0357,-0.0357,0.0000,0.0449,0.0000,0.0000
243.5760,39.5010,0,21,P073_PBO,-2.9540,0.7630,0.4180,0.4480,1,0,1,0,0,0,0.0000,-2186427.5108,-4399901.0583,4050278.6175,20,-3.3368,-0.1189,-0.3828,-0.8819,-3.1741,-0.5518,0.2387,-0.4473,-0.0759,0.0144,-0.0072,0.0000,0.0000,0.0000,0.0000,-0.0308,-0.0308,0.0000,0.0380,0.0000,0.0000
243.5740,33.5230,0,24,P490_PBO,-18.1720,17.8730,0.1810,0.1850,1,0,1,0,0,0,0.0000,-2362419.0191,-4753644.7005,3516559.3839,25,-17.9471,20.0891,0.2249,2.2161,-15.5056,18.2028,2.4543,-1.8913,-0.0128,0.0051,-0.0094,0.0000,0.0000,0.0000,0.0000,-0.0002,-0.0002,0.0000,0.0096,0.0000,0.0000
243.5710,34.5940,0,36,AGMT_PBO,-8.1290,7.7630,0.0600,0.0600,1,0,1,0,0,0,0.0000,-2332999.7721,-4693830.7872,3615164.7356,35,-7.3940,8.1511,0.7350,0.3881,-9.9866,9.0242,-2.5751,0.8666,-0.0175,0.0066,-0.0099,0.0000,0.0000,0.0000,0.0000,-0.5874,-0.5874,0.0000,0.5973,0.0000,0.0000
243.5700,34.7550,0,37,HCMN_PBO,-8.6230,4.4630,0.0600,0.0600,1,0,1,0,0,0,0.0000,-2328550.8811,-4684674.7906,3629879.3867,37,-5.9268,5.3108,2.6962,0.8478,-2.2764,0.3427,3.6687,-4.9749,-0.0183,0.0068,-0.0100,0.0000,0.0000,0.0000,0.0000,-0.8568,-0.8568,0.0000,0.8668,0.0000,0.0000
243.5670,34.2670,0,25,LDES_PBO,-6.0040,10.2480,0.2080,0.2090,1,0,1,0,0,0,0.0000,-2342474.0135,-4712066.9033,3585190.7141,24,-9.6464,11.2443,-3.6424,0.9963,-14.1492,17.4432,-4.4869,6.1928,-0.0158,0.0061,-0.0098,0.0000,0.0000,0.0000,0.0000,-0.9117,-0.9117,0.0000,0.9214,0.0000,0.0000
243.4630,34.2170,0,25,P599_PBO,-8.9430,13.1650,0.3280,0.3280,1,0,1,0,0,0,0.0000,-2352420.1401,-4710604.4776,3580597.2129,24,-10.0544,13.2673,-1.1114,0.1023,-13.5062,16.2938,-3.4364,3.0205,-0.0155,0.0060,-0.0099,0.0000,0.0000,0.0000,0.0000,-0.4812,-0.4812,0.0000,0.4911,0.0000,0.0000
243.4310,33.0590,0,23,P483_PBO,-26.9840,26.0660,0.0890,0.0900,1,0,1,0,0,0,0.0000,-2386935.5159,-4773048.6076,3473456.1023,23,-26.3751,27.8621,0.6089,1.7961,-29.0502,30.1160,-2.6641,2.2494,-0.0110,0.0045,-0.0093,0.0000,0.0000,0.0000,0.0000,-0.5962,-0.5962,0.0000,0.6054,0.0000,0.0000
243.4280,35.3210,0,37,P617_PBO,-5.0040,2.8660,0.3280,0.3280,1,0,1,0,0,0,0.0000,-2324000.0703,-4646591.2106,3681380.8898,37,-3.8114,2.3308,1.1926,-0.5352,-3.2745,0.1338,0.5584,-2.2048,-0.0216,0.0079,-0.0104,0.0000,0.0000,0.0000,0.0000,-0.1495,-0.1495,0.0000,0.1598,0.0000,0.0000
243.3790,33.3760,0,22,P484_PBO,-24.4730,22.9670,0.1190,0.1190,1,0,1,0,0,0,0.0000,-2382618.7200,-4753627.0804,3502928.6428,22,-23.6204,25.6895,0.8526,2.7225,-26.2632,29.9118,-2.6309,4.2174,-0.0120,0.0049,-0.0095,0.0000,0.0000,0.0000,0.0000,-0.1574,-0.1574,0.0000,0.1670,0.0000,0.0000
243.3750,34.6440,0,35,RDMT_PBO,-10.9280,8.7680,0.0890,0.0600,1,0,1,0,0,0,0.0000,-2347628.2321,-4683000.4388,3619737.5644,36,-9.1956,10.5625,1.7324,1.7945,-9.4814,10.1457,-0.2683,-0.4235,-0.0175,0.0067,-0.0102,0.0000,0.0000,0.0000,0.0000,0.1925,0.1925,0.0000,-0.1823,0.0000,0.0000
243.3290,33.2400,0,22,P482_PBO,-26.0780,24.9690,0.1190,0.0900,1,0,1,0,0,0,0.0000,-2390491.6081,-4758962.6729,3490297.3528,22,-25.4611,27.1475,0.6169,2.1785,-26.2420,29.8883,-0.7694,2.7361,-0.0114,0.0047,-0.0095,0.0000,0.0000,0.0000,0.0000,-0.4877,-0.4877,0.0000,0.4972,0.0000,0.0000
243.2880,33.7330,0,24,DSSC_PBO,-18.3600,19.8700,0.1190,0.0900,1,0,1,0,0,0,0.0000,-2380308.3433,-4730248.0259,3535991.6949,25,-17.4609,20.7284,0.8991,0.8584,-15.1048,18.6728,2.3692,-2.0610,-0.0132,0.0054,-0.0098,0.0000,0.0000,0.0000,0.0000,0.1835,0.1835,0.0000,-0.1736,0.0000,0.0000
243.2640,40.4950,0,17,P085_PBO,-2.9200,-0.6300,0.4470,0.4480,1,0,1,0,0,0,0.0000,-2178411.7492,-4324518.4125,4134901.9592,16,-3.1061,0.1745,-0.1861,0.8045,-3.0053,-0.0487,0.2023,-0.2376,-0.1015,0.0144,-0.0057,0.0000,0.0000,0.0000,0.0000,-0.0406,-0.0406,0.0000,0.0463,0.0000,0.0000
243.2590,39.5210,0,21,P072_PBO,-3.6550,0.4700,0.1190,0.1190,1,0,1,0,0,0,0.0000,-2210100.9359,-4386474.0710,4051993.4031,20,-3.4213,0.0525,0.2337,-0.4175,-3.1709,-0.5475,0.3291,-0.6154,-0.0787,0.0154,-0.0080,0.0000,0.0000,0.0000,0.0000,-0.1015,-0.1015,0.0000,0.1095,0.0000,0.0000
243.2370,35.2050,0,36,P615_PBO,-6.5090,5.3710,0.3280,0.3280,1,0,1,0,0,0,0.0000,-2342828.3194,-4645463.4981,3670854.9161,35,-6.4545,6.4028,0.0545,1.0318,-8.4955,9.6759,-2.0204,3.2654,-0.0206,0.0077,-0.0107,0.0000,0.0000,0.0000,0.0000,0.2300,0.2300,0.0000,-0.2193,0.0000,0.0000
243.2170,33.4930,0,22,P479_PBO,-23.7690,22.9710,0.2390,0.1490,1,0,1,0,0,0,0.0000,-2392821.4696,-4740475.7844,3513779.4771,22,-23.5889,25.7648,0.1801,2.7938,-26.3402,29.8356,-2.7392,4.0657,-0.0122,0.0050,-0.0098,0.0000,0.0000,0.0000,0.0000,-0.0546,-0.0546,0.0000,0.0644,0.0000,0.0000
243.1850,34.6750,0,28,ORMT_PBO,-11.5280,10.8720,0.0600,0.0600,1,0,1,0,0,0,0.0000,-2362260.8811,-4673441.1219,3622571.3341,28,-10.6861,12.0698,0.8419,1.1978,-12.1717,14.2432,-1.4683,2.1667,-0.0174,0.0068,-0.0105,0.0000,0.0000,0.0000,0.0000,0.3945,0.3945,0.0000,-0.3840,0.0000,0.0000
243.1200,34.4620,0,28,P606_PBO,-12.2350,11.7730,0.1490,0.1490,1,0,1,0,0,0,0.0000,-2373633.6251,-4682737.9601,3603079.2487,28,-12.2149,13.6316,0.0201,1.8586,-12.3691,14.2826,-0.1381,0.6446,-0.0162,0.0065,-0.0105,0.0000,0.0000,0.0000,0.0000,-0.1431,-0.1431,0.0000,0.1536,0.0000,0.0000
243.1160,34.2640,0,25,BBRY_PBO,-12.9420,14.7740,0.0890,0.0900,1,0,1,0,0,0,0.0000,-2379576.6707,-4693649.9097,3584915.1810,24,-12.4050,14.0310,0.5370,-0.7430,-14.1759,12.4586,-1.7556,-1.5786,-0.0152,0.0061,-0.0104,0.0000,0.0000,0.0000,0.0000,0.4316,0.4316,0.0000,-0.4212,0.0000,0.0000
243.0680,34.6690,0,28,WOMT_PBO,-11.9280,11.8750,0.0600,0.0600,1,0,1,0,0,0,0.0000,-2371971.0899,-4668945.7476,3622022.9453,28,-11.5069,12.8881,0.4211,1.0131,-12.1936,14.3141,-0.6695,1.4192,-0.0172,0.0068,-0.0107,0.0000,0.0000,0.0000,0.0000,0.1965,0.1965,0.0000,-0.1858,0.0000,0.0000
243.0600,35.0900,0,36,LNMT_PBO,-7.6140,9.2750,0.0600,0.0600,1,0,1,0,0,0,0.0000,-2360501.3554,-4644762.7805,3660404.8309,35,-8.3316,9.8100,-0.7176,0.5350,-8.7996,10.0211,-0.4484,0.2035,-0.0196,0.0076,-0.0109,0.0000,0.0000,0.0000,0.0000,0.1074,0.1074,0.0000,-0.0964,0.0000,0.0000
243.0500,32.7340,0,23,P473_PBO,-29.0960,27.3750,0.0890,0.0900,1,0,1,0,0,0,0.0000,-2427512.3632,-4774557.0606,3443129.3997,23,-28.6058,29.1629,0.4902,1.7879,-29.1068,29.9599,-0.4915,0.7928,-0.0095,0.0042,-0.0095,0.0000,0.0000,0.0000,0.0000,-0.3211,-0.3211,0.0000,0.3305,0.0000,0.0000
243.0480,33.8930,0,24,P584_PBO,-17.7560,19.4750,0.0890,0.0900,1,0,1,0,0,0,0.0000,-2395616.5776,-4711415.6871,3550765.3961,25,-17.8380,20.6342,-0.0820,1.1592,-14.8047,19.0668,3.0467,-1.5730,-0.0135,0.0056,-0.0103,0.0000,0.0000,0.0000,0.0000,0.2311,0.2311,0.0000,-0.2209,0.0000,0.0000
242.9880,34.9190,0,35,BSRY_PBO,-10.0200,11.0760,0.0600,0.0600,1,0,1,0,0,0,0.0000,-2371287.3944,-4651504.9179,3644838.7555,36,-9.3870,11.4148,0.6330,0.3388,-8.9338,10.7898,0.4716,-0.6323,-0.0185,0.0073,-0.0110,0.0000,0.0000,0.0000,0.0000,0.2562,0.2562,0.0000,-0.2452,0.0000,0.0000
242.9510,39.5420,0,17,TOIY_PBO,-3.9550,1.2770,0.0890,0.0600,1,0,1,0,0,0,0.0000,-2232973.3635,-4373207.1201,4053793.3967,16,-3.4740,0.3428,0.4810,-0.9342,-3.2612,0.0047,0.2945,-0.3546,-0.0816,0.0165,-0.0087,0.0000,0.0000,0.0000,0.0000,-0.0912,-0.0912,0.0000,0.0999,0.0000,0.0000
242.9350,33.5780,0,22,BILL_PBO,-25.4670,25.6780,0.0600,0.0900,1,0,1,0,0,0,0.0000,-2413749.7161,-4723994.2076,3521653.3753,22,-24.8226,26.9448,0.6444,1.2668,-26.4434,29.7023,-1.6087,2.7523,-0.0120,0.0052,-0.0102,0.0000,0.0000,0.0000,0.0000,-0.3191,-0.3191,0.0000,0.3293,0.0000,0.0000
242.9280,33.2360,0,23,P478_PBO,-27.2790,26.8780,0.0600,0.2690,1,0,1,0,0,0,0.0000,-2423850.5667,-4742332.7143,3489925.5463,23,-27.1812,28.6547,0.0978,1.7767,-29.2222,29.9096,-2.0302,1.2502,-0.0108,0.0047,-0.0100,0.0000,0.0000,0.0000,0.0000,-0.3100,-0.3100,0.0000,0.3200,0.0000,0.0000
242.8950,32.8890,0,23,P472_PBO,-28.6910,27.1790,0.0890,0.0900,1,0,1,0,0,0,0.0000,-2436167.0351,-4759663.5361,3457606.7824,23,-28.4777,29.2527,0.2133,2.0737,-29.1758,29.8960,-0.6884,0.6390,-0.0097,0.0043,-0.0097,0.0000,0.0000,0.0000,0.0000,-0.3118,-0.3118,0.0000,0.3215,0.0000,0.0000
242.8900,34.6210,0,28,P589_PBO,-13.1310,13.4790,0.0890,0.0900,1,0,1,0,0,0,0.0000,-2387846.4984,-4664253.6242,3617634.4053,28,-12.2478,13.8186,0.8832,0.3396,-12.2614,14.4219,0.0030,0.5965,-0.0166,0.0068,-0.0110,0.0000,0.0000,0.0000,0.0000,-0.0081,-0.0081,0.0000,0.0191,0.0000,0.0000
242.8870,33.5030,0,22,P477_PBO,-24.9700,24.8790,0.1190,0.1190,1,0,1,0,0,0,0.0000,-2419805.2780,-4726069.6214,3514706.2198,22,-25.6930,27.6183,-0.7230,2.7393,-26.4374,29.6796,-0.7328,2.0562,-0.0117,0.0051,-0.0102,0.0000,0.0000,0.0000,0.0000,-0.5430,-0.5430,0.0000,0.5532,0.0000,0.0000
242.8180,33.8360,0,22,PPBF_PBO,-22.6550,24.2360,0.1710,0.1660,1,0,1,0,0,0,0.0000,-2416122.5463,-4704901.1168,3545505.4342,22,-22.7575,25.3024,-0.1025,1.0664,-26.5446,29.6468,-3.7742,4.3389,-0.0129,0.0055,-0.0105,0.0000,0.0000,0.0000,0.0000,-0.0845,-0.0845,0.0000,0.0951,0.0000,0.0000
242.8130,39.5210,0,17,P002_PBO,-3.5570,0.2810,0.5070,0.5080,1,0,1,0,0,0,0.0000,-2244178.6859,-4369137.5520,4051993.4031,16,-3.5417,0.4607,0.0153,0.1797,-3.2668,0.0282,0.3571,-0.4494,-0.0822,0.0170,-0.0092,0.0000,0.0000,0.0000,0.0000,-0.0795,-0.0795,0.0000,0.0887,0.0000,0.0000
242.8100,33.4400,0,23,P476_PBO,-27.2730,27.2810,0.1190,0.1190,1,0,1,0,0,0,0.0000,-2427918.9160,-4726248.0798,3508865.9545,23,-26.4206,28.2942,0.8524,1.0132,-29.2884,29.8609,-2.8564,1.5618,-0.0114,0.0050,-0.0103,0.0000,0.0000,0.0000,0.0000,-0.5000,-0.5000,0.0000,0.5103,0.0000,0.0000
242.7510,33.3550,0,23,P474_PBO,-27.6060,27.4390,0.1870,0.1950,1,0,1,0,0,0,0.0000,-2435165.1621,-4728368.0660,3500979.5097,23,-27.0991,28.6902,0.5069,1.2512,-29.2918,29.8365,-2.1817,1.1414,-0.0110,0.0049,-0.0103,0.0000,0.0000,0.0000,0.0000,-0.2723,-0.2723,0.0000,0.2826,0.0000,0.0000
242.7320,34.7850,0,28,P588_PBO,-10.0260,11.8820,0.1790,0.1190,1,0,1,0,0,0,0.0000,-2395945.6848,-4648427.8635,3632618.0827,28,-11.9133,13.9736,-1.8873,2.0916,-12.1393,14.5174,-0.2088,0.5366,-0.0173,0.0071,-0.0113,0.0000,0.0000,0.0000,0.0000,0.1340,0.1340,0.0000,-0.1227,0.0000,0.0000
242.7190,34.5350,0,28,P586_PBO,-13.8340,13.3830,0.2090,0.1490,1,0,1,0,0,0,0.0000,-2404242.5329,-4661927.0795,3609765.2569,28,-12.9935,14.7685,0.8405,1.3855,-12.3618,14.5252,0.6476,-0.2499,-0.0159,0.0066,-0.0112,0.0000,0.0000,0.0000,0.0000,-0.1023,-0.1023,0.0000,0.1134,0.0000,0.0000
242.6840,34.1870,0,24,P612_PBO,-18.2470,17.3840,0.1490,0.2390,1,0,1,0,0,0,0.0000,-2417106.6708,-4679851.4022,3577839.8031,25,-18.1268,18.8469,0.1202,1.4629,-14.2414,19.6637,3.8996,0.8107,-0.0142,0.0061,-0.0110,0.0000,0.0000,0.0000,0.0000,1.4041,1.4041,0.0000,-1.3931,0.0000,0.0000
242.6820,33.9180,0,22,MLFP_PBO,-23.4560,24.4840,0.0600,0.0600,1,0,1,0,0,0,0.0000,-2424952.3168,-4694639.7243,3553071.2886,22,-23.0693,25.4584,0.3867,0.9744,-26.6052,29.5821,-3.5229,4.1180,-0.0130,0.0056,-0.0108,0.0000,0.0000,0.0000,0.0000,-0.1061,-0.1061,0.0000,0.1169,0.0000,0.0000
242.6810,34.3050,0,25,P577_PBO,-16.7430,16.3840,0.0890,0.1190,1,0,1,0,0,0,0.0000,-2413964.8402,-4673168.2437,3588679.9492,24,-15.6410,16.5430,1.1020,0.1590,-14.7603,7.6501,0.8954,-8.8991,-0.0147,0.0063,-0.0111,0.0000,0.0000,0.0000,0.0000,-0.7591,-0.7591,0.0000,0.7702,0.0000,0.0000
242.6120,34.6070,0,28,SCIA_PBO,-14.3910,15.5470,0.1650,0.1660,1,0,1,0,0,0,0.0000,-2410855.8918,-4653397.6339,3616353.9361,28,-12.9194,15.0676,1.4716,-0.4794,-12.3137,14.5899,0.6217,-0.4846,-0.0161,0.0068,-0.0114,0.0000,0.0000,0.0000,0.0000,0.0235,0.0235,0.0000,-0.0121,0.0000,0.0000
242.6100,35.8970,0,38,P594_PBO,-8.4870,7.3850,0.0890,0.1190,1,0,1,0,0,0,0.0000,-2372952.9801,-4579846.6020,3733423.4581,38,-7.3839,6.6777,1.1031,-0.7073,-8.2617,5.6128,-0.8529,-1.0745,-0.0249,0.0096,-0.0121,0.0000,0.0000,0.0000,0.0000,-0.2061,-0.2061,0.0000,0.2182,0.0000,0.0000
242.6060,34.4620,0,28,P470_PBO,-15.1580,14.8480,0.2030,0.2050,1,0,1,0,0,0,0.0000,-2415546.3552,-4661255.9676,3603079.2487,28,-13.8768,15.6572,1.2812,0.8092,-12.4424,14.5935,1.4497,-1.0703,-0.0153,0.0065,-0.0113,0.0000,0.0000,0.0000,0.0000,-0.1760,-0.1760,0.0000,0.1873,0.0000,0.0000
242.5990,39.3470,0,17,P071_PBO,-2.3640,0.4850,0.5070,0.5370,1,0,1,0,0,0,0.0000,-2266134.4389,-4371629.7679,4037058.2530,16,-3.6318,0.5935,-1.2678,0.1085,-3.3136,0.0647,0.3980,-0.5465,-0.0798,0.0177,-0.0101,0.0000,0.0000,0.0000,0.0000,-0.0780,-0.0780,0.0000,0.0881,0.0000,0.0000
242.5970,35.6980,0,38,P595_PBO,-8.1940,7.6860,0.1790,0.1790,1,0,1,0,0,0,0.0000,-2379945.7108,-4590792.3762,3715485.8678,38,-8.2085,7.6740,-0.0145,-0.0120,-8.6718,5.6334,-0.4401,-2.0497,-0.0232,0.0091,-0.0121,0.0000,0.0000,0.0000,0.0000,0.2017,0.2017,0.0000,-0.1896,0.0000,0.0000
242.5900,36.1590,0,38,P464_PBO,-7.0780,4.8860,0.3580,0.3880,1,0,1,0,0,0,0.0000,-2366667.5016,-4563814.7196,3756971.0677,38,-6.8546,6.0300,0.2234,1.1440,-7.7237,5.6445,-0.8419,-0.3958,-0.0272,0.0103,-0.0123,0.0000,0.0000,0.0000,0.0000,-0.2711,-0.2711,0.0000,0.2833,0.0000,0.0000
242.5880,33.6480,0,23,ECFS_PBO,-25.6660,26.8860,0.0600,0.0600,1,0,1,0,0,0,0.0000,-2440332.5285,-4705466.3534,3528131.9432,23,-25.9851,27.9725,-0.3191,1.0865,-29.3851,29.7688,-3.3882,1.7911,-0.0118,0.0052,-0.0107,0.0000,0.0000,0.0000,0.0000,-0.4525,-0.4525,0.0000,0.4632,0.0000,0.0000
242.5630,33.8570,0,22,MAT2_PBO,-24.0540,25.6690,0.1510,0.1530,1,0,1,0,0,0,0.0000,-2436439.1960,-4692947.7447,3547443.7234,22,-24.6065,26.7042,-0.5525,1.0352,-26.6234,29.5254,-2.0044,2.8156,-0.0125,0.0055,-0.0109,0.0000,0.0000,0.0000,0.0000,-0.2171,-0.2171,0.0000,0.2280,0.0000,0.0000
242.4740,34.1040,0,22,EWPP_PBO,-23.9510,22.6880,0.0600,0.0600,1,0,1,0,0,0,0.0000,-2436635.6957,-4675552.1663,3570205.8607,22,-22.5466,24.4857,1.4044,1.7977,-26.7138,29.4829,-4.1538,4.9912,-0.0134,0.0059,-0.0112,0.0000,0.0000,0.0000,0.0000,0.2440,0.2440,0.0000,-0.2327,0.0000,0.0000
242.4590,33.5620,0,23,P471_PBO,-26.4700,26.2890,0.1490,0.1790,1,0,1,0,0,0,0.0000,-2453366.4386,-4704650.3512,3520171.8214,23,-26.9301,28.5943,-0.4601,2.3053,-29.4085,29.7151,-2.4672,1.1157,-0.0112,0.0051,-0.0108,0.0000,0.0000,0.0000,0.0000,-0.0954,-0.0954,0.0000,0.1062,0.0000,0.0000
242.4570,34.9870,0,28,P583_PBO,-9.8200,12.1890,0.1190,0.1190,1,0,1,0,0,0,0.0000,-2412291.6845,-4625490.3237,3651032.6697,28,-11.5161,13.9986,-1.6961,1.8096,-12.0011,14.6834,-0.4670,0.6772,-0.0180,0.0076,-0.0119,0.0000,0.0000,0.0000,0.0000,0.2743,0.2743,0.0000,-0.2624,0.0000,0.0000
242.4270,35.0720,0,28,CPBN_PBO,-9.4170,11.8890,0.1490,0.1490,1,0,1,0,0,0,0.0000,-2412203.4567,-4619420.3006,3658767.8296,28,-10.7797,13.4857,-1.3627,1.5967,-11.9305,14.7015,-1.1324,1.2080,-0.0185,0.0078,-0.0120,0.0000,0.0000,0.0000,0.0000,0.4470,0.4470,0.0000,-0.4350,0.0000,0.0000
242.3950,39.2880,0,17,P069_PBO,-1.2670,0.8900,0.5070,0.5080,1,0,1,0,0,0,0.0000,-2283610.2029,-4367215.1560,4031985.5758,16,-3.7235,0.7399,-2.4565,-0.1501,-3.3295,0.0995,0.4739,-0.6590,-0.0800,0.0185,-0.0108,0.0000,0.0000,0.0000,0.0000,-0.0934,-0.0934,0.0000,0.1042,0.0000,0.0000
242.3910,33.8580,0,31,CNPP_PBO,-24.8590,25.7900,0.0600,0.0600,1,0,1,0,0,0,0.0000,-2450487.5738,-4685557.6362,3547536.0111,31,-25.5427,27.5640,-0.6837,1.7740,-24.1219,26.9921,1.4331,-0.5774,-0.0122,0.0055,-0.0111,0.0000,0.0000,0.0000,0.0000,-0.2734,-0.2734,0.0000,0.2845,0.0000,0.0000
242.3390,33.5530,0,23,SBCC_PBO,-27.5700,28.3910,0.0600,0.0600,1,0,1,0,0,0,0.0000,-2463471.1167,-4699991.4108,3519338.3267,23,-27.2567,28.8427,0.3133,0.4517,-29.4415,29.6650,-2.1738,0.8172,-0.0110,0.0051,-0.0110,0.0000,0.0000,0.0000,0.0000,0.0843,0.0843,0.0000,-0.0733,0.0000,0.0000
242.3290,35.5650,0,39,CCCC_PBO,-9.5000,10.4920,0.0600,0.0600,1,0,1,0,0,0,0.0000,-2405391.7378,-4587235.9905,3703472.4269,39,-9.9040,10.6237,-0.4040,0.1317,-9.2896,13.2747,0.6361,2.6420,-0.0217,0.0090,-0.0126,0.0000,0.0000,0.0000,0.0000,0.8431,0.8431,0.0000,-0.8305,0.0000,0.0000
242.3170,35.3390,0,35,RAMT_PBO,-8.6080,11.8920,0.0600,0.0600,1,0,1,0,0,0,0.0000,-2413120.3359,-4599632.3589,3683012.8792,36,-8.9239,12.1185,-0.3159,0.2265,-8.1126,11.9053,0.8314,-0.2215,-0.0201,0.0084,-0.0124,0.0000,0.0000,0.0000,0.0000,0.2737,0.2737,0.0000,-0.2613,0.0000,0.0000
242.3060,34.9250,0,28,PHLB_PBO,-11.2640,14.7070,0.1750,0.1770,1,0,1,0,0,0,0.0000,-2426308.2391,-4622612.2987,3645385.4840,28,-12.1801,14.7907,-0.9161,0.0837,-12.0781,14.7744,0.1194,-0.0238,-0.0173,0.0075,-0.0122,0.0000,0.0000,0.0000,0.0000,0.1855,0.1855,0.0000,-0.1733,0.0000,0.0000
242.2960,37.2010,0,20,P094_PBO,-6.2420,1.7920,0.5370,0.5670,1,0,1,0,0,0,0.0000,-2357896.1165,-4490368.5736,3849839.9237,21,-5.0075,3.3179,1.2345,1.5259,-4.3254,3.5684,0.7212,0.2367,-0.0391,0.0138,-0.0131,0.0000,0.0000,0.0000,0.0000,0.2161,0.2161,0.0000,-0.2030,0.0000,0.0000
242.2710,34.5100,0,28,P581_PBO,-15.6370,16.2930,0.1490,0.1490,1,0,1,0,0,0,0.0000,-2441353.2506,-4644379.5415,3607476.1873,28,-15.8575,17.6681,-0.2205,1.3751,-12.4488,14.7955,3.4237,-2.8793,-0.0150,0.0067,-0.0119,0.0000,0.0000,0.0000,0.0000,0.2717,0.2717,0.0000,-0.2599,0.0000,0.0000
242.2460,34.1330,0,26,LORS_PBO,-24.8240,23.0040,0.1700,0.1710,1,0,1,0,0,0,0.0000,-2454380.2042,-4664219.1947,3572873.9942,26,-23.9754,24.0440,0.8486,1.0400,-28.2550,23.6256,-4.2665,-0.4245,-0.0131,0.0060,-0.0116,0.0000,0.0000,0.0000,0.0000,-5.9920,-5.9920,0.0000,6.0036,0.0000,0.0000
242.1720,34.6400,0,28,CHMS_PBO,-14.2330,15.3950,0.0600,0.0900,1,0,1,0,0,0,0.0000,-2445547.2516,-4632903.7967,3619371.8395,28,-14.4477,16.6936,-0.2147,1.2986,-12.3489,14.8550,2.1142,-1.8455,-0.0155,0.0069,-0.0122,0.0000,0.0000,0.0000,0.0000,0.2256,0.2256,0.0000,-0.2135,0.0000,0.0000
242.1510,33.9930,0,31,SPMS_PBO,-25.5890,25.5720,0.1630,0.1640,1,0,1,0,0,0,0.0000,-2466181.2825,-4667848.4139,3559984.9056,31,-26.1293,25.9441,-0.5403,0.3721,-26.3759,23.6955,-0.2342,-2.2544,-0.0124,0.0058,-0.0116,0.0000,0.0000,0.0000,0.0000,0.9954,0.9954,0.0000,-0.9837,0.0000,0.0000
242.1040,34.1260,0,31,AZU1_PBO,-25.4930,23.8380,0.1940,0.1660,1,0,1,0,0,0,0.0000,-2466136.5142,-4658507.7713,3572230.0457,31,-25.4604,24.3258,0.0326,0.4878,-28.5488,23.0499,-3.0756,-1.2819,-0.0128,0.0060,-0.0118,0.0000,0.0000,0.0000,0.0000,0.2666,0.2666,0.0000,-0.2548,0.0000,0.0000
242.0770,34.5080,0,28,PBPP_PBO,-16.7030,18.5900,0.1700,0.1850,1,0,1,0,0,0,0.0000,-2457123.7778,-4636197.9232,3607293.0320,28,-18.2711,19.0203,-1.5681,0.4303,-12.4790,14.9122,5.8066,-4.1148,-0.0146,0.0067,-0.0122,0.0000,0.0000,0.0000,0.0000,0.4345,0.4345,0.0000,-0.4223,0.0000,0.0000
242.0350,34.2440,0,26,CGDM_PBO,-24.8470,22.3980,0.1790,0.3280,1,0,1,0,0,0,0.0000,-2468289.7017,-4649026.6886,3583078.0424,26,-25.5740,22.9975,-0.7270,0.5995,-28.2311,23.6817,-2.6439,0.6780,-0.0132,0.0062,-0.0120,0.0000,0.0000,0.0000,0.0000,-0.7348,-0.7348,0.0000,0.7468,0.0000,0.0000
242.0150,39.3060,0,17,P068_PBO,-3.1680,0.4990,0.5070,0.5370,1,0,1,0,0,0,0.0000,-2311929.7401,-4350854.9537,4033533.6257,16,-3.0543,1.3812,0.1137,0.8822,-3.3253,0.1643,-0.1873,-1.2373,-0.0836,0.0203,-0.0120,0.0000,0.0000,0.0000,0.0000,0.9996,0.9996,0.0000,-0.9876,0.0000,0.0000
241.9940,35.0390,0,28,P579_PBO,-10.0200,12.9990,0.3580,0.3580,1,0,1,0,0,0,0.0000,-2448033.5798,-4602918.6429,3655765.7229,28,-11.9240,14.5319,-1.9040,1.5329,-12.0240,14.9621,-0.0825,0.4223,-0.0174,0.0078,-0.0128,0.0000,0.0000,0.0000,0.0000,0.5682,0.5682,0.0000,-0.5554,0.0000,0.0000
241.9840,35.1520,0,28,P591_PBO,-10.1160,12.6000,0.1490,0.1190,1,0,1,0,0,0,0.0000,-2445445.4840,-4596117.2728,3666040.6245,28,-11.2598,13.8778,-1.1438,1.2778,-11.9259,14.9681,-0.6480,1.0822,-0.0181,0.0081,-0.0129,0.0000,0.0000,0.0000,0.0000,1.0020,1.0020,0.0000,-0.9891,0.0000,0.0000
241.9740,34.0190,0,31,RHCL_PBO,-27.7550,25.1000,0.0890,0.1790,1,0,1,0,0,0,0.0000,-2479830.2423,-4658781.0338,3562380.2029,31,-26.4158,24.7398,1.3392,-0.3602,-26.8374,21.2640,-0.4095,-3.4816,-0.0121,0.0058,-0.0119,0.0000,0.0000,0.0000,0.0000,-1.8445,-1.8445,0.0000,1.8564,0.0000,0.0000
241.9260,35.8780,0,1,BEPK_PBO,-9.9900,11.5010,0.0890,0.1790,1,0,1,0,0,0,0.0000,-2428039.5447,-4552284.6208,3731712.7652,1,-10.6007,10.3049,-0.6107,-1.1961,-9.6829,8.3099,0.9414,-2.0050,-0.0236,0.0100,-0.0136,0.0000,0.0000,0.0000,0.0000,0.6988,0.6988,0.0000,-0.6852,0.0000,0.0000
241.9090,36.5700,0,40,P467_PBO,-4.1660,4.3010,0.5070,0.3280,1,0,1,0,0,0,0.0000,-2407990.9969,-4511471.8399,3793751.7919,40,-8.3747,7.5926,-4.2087,3.2916,-11.4558,5.4180,-3.0505,-2.1869,-0.0306,0.0123,-0.0140,0.0000,0.0000,0.0000,0.0000,-0.6918,-0.6918,0.0000,0.7059,0.0000,0.0000
241.9050,33.9620,0,32,BKMS_PBO,-28.8580,30.0010,0.0890,0.1490,1,0,1,0,0,0,0.0000,-2487106.6648,-4658915.3433,3557128.0162,32,-27.5192,27.0503,1.3388,-2.9507,-33.8264,27.6566,-6.2955,0.6006,-0.0118,0.0057,-0.0119,0.0000,0.0000,0.0000,0.0000,0.8635,0.8635,0.0000,-0.8515,0.0000,0.0000
241.8820,36.9760,0,38,P468_PBO,-8.1520,5.2020,0.4770,0.5080,1,0,1,0,0,0,0.0000,-2397386.8047,-4486513.6209,3829893.4058,38,-7.1456,6.6362,1.0064,1.4342,-6.0877,6.7641,1.0936,0.1141,-0.0357,0.0138,-0.0142,0.0000,0.0000,0.0000,0.0000,-0.7427,-0.7427,0.0000,0.7569,0.0000,0.0000
241.8410,39.2120,0,12,P099_PBO,-3.7720,2.5030,0.4470,0.4780,1,0,1,0,0,0,0.0000,-2328251.8304,-4349642.2370,4025444.9798,10,-3.6100,1.7824,0.1620,-0.7206,-6.4424,1.8136,-2.7498,0.0101,-0.0825,0.0211,-0.0127,0.0000,0.0000,0.0000,0.0000,-1.5519,-1.5519,0.0000,1.5646,0.0000,0.0000
241.8120,34.2930,0,26,BTDM_PBO,-25.6470,23.3040,0.0890,0.0900,1,0,1,0,0,0,0.0000,-2484916.9888,-4636682.1411,3587578.2559,26,-26.1824,22.5356,-0.5354,-0.7684,-28.2509,23.7406,-2.0555,1.1988,-0.0130,0.0063,-0.0124,0.0000,0.0000,0.0000,0.0000,-2.6443,-2.6443,0.0000,2.6567,0.0000,0.0000
241.8110,34.9820,0,28,P562_PBO,-11.1150,15.2890,0.1470,0.1490,1,0,1,0,0,0,0.0000,-2464439.3543,-4598279.5375,3650577.4099,28,-12.4607,14.7127,-1.3457,-0.5763,-12.1017,15.0720,0.3757,0.3516,-0.0167,0.0077,-0.0131,0.0000,0.0000,0.0000,0.0000,0.8744,0.8744,0.0000,-0.8613,0.0000,0.0000
241.8070,34.8750,0,28,RSTP_PBO,-12.8260,15.8040,0.0600,0.0600,1,0,1,0,0,0,0.0000,-2467976.9316,-4604108.1004,3640828.1924,28,-13.3158,15.6402,-0.4898,-0.1638,-12.1965,15.0744,1.1354,-0.5733,-0.0160,0.0075,-0.0130,0.0000,0.0000,0.0000,0.0000,0.5732,0.5732,0.0000,-0.5602,0.0000,0.0000
241.7800,34.1790,0,33,VDCY_PBO,-26.4510,24.2040,0.0890,0.0600,1,0,1,0,0,0,0.0000,-2490876.6048,-4641574.0678,3577104.3281,33,-26.4045,24.3069,0.0465,0.1029,-28.9906,28.0284,-2.5737,3.7154,-0.0124,0.0061,-0.0124,0.0000,0.0000,0.0000,0.0000,0.5854,0.5854,0.0000,-0.5731,0.0000,0.0000
241.7670,34.0720,0,32,PKRD_PBO,-26.9540,24.5050,0.0890,0.0900,1,0,1,0,0,0,0.0000,-2495085.4811,-4646886.1987,3567260.6520,32,-26.6347,26.5028,0.3193,1.9978,-33.1225,28.3827,-6.4759,1.8740,-0.0119,0.0059,-0.0123,0.0000,0.0000,0.0000,0.0000,-0.8651,-0.8651,0.0000,0.8774,0.0000,0.0000
241.7270,33.8240,0,34,CRHS_PBO,-27.5640,28.7050,0.1710,0.1790,1,0,1,0,0,0,0.0000,-2505619.3795,-4658698.1499,3544397.6265,34,-28.2576,29.1424,-0.6936,0.4374,-29.1677,31.5750,-0.8993,2.4270,-0.0109,0.0055,-0.0121,0.0000,0.0000,0.0000,0.0000,1.0889,1.0889,0.0000,-1.0769,0.0000,0.0000
241.6930,33.9280,0,23,LASC_PBO,-27.6280,27.3560,0.2110,0.2130,1,0,1,0,0,0,0.0000,-2505328.5552,-4651538.5417,3553993.4563,23,-27.9189,28.7519,-0.2909,1.3959,-29.6869,29.3931,-1.7568,0.6356,-0.0112,0.0056,-0.0122,0.0000,0.0000,0.0000,0.0000,1.1233,1.1233,0.0000,-1.1111,0.0000,0.0000
241.6790,33.7740,0,29,PVRS_PBO,-28.8810,29.7210,0.1750,0.1780,1,0,1,0,0,0,0.0000,-2510987.7922,-4659318.4799,3539780.0881,29,-28.4360,29.7910,0.4450,0.0700,-28.8790,32.9096,-0.4324,3.1132,-0.0106,0.0054,-0.0121,0.0000,0.0000,0.0000,0.0000,0.8727,0.8727,0.0000,-0.8606,0.0000,0.0000
241.6710,33.8870,0,34,ECCO_PBO,-27.6540,29.1220,0.1760,0.1780,1,0,1,0,0,0,0.0000,-2508320.6180,-4652813.6365,3550211.8813,34,-28.1784,29.1325,-0.5244,0.0105,-29.0352,31.6697,-0.8458,2.5316,-0.0110,0.0056,-0.0122,0.0000,0.0000,0.0000,0.0000,1.0806,1.0806,0.0000,-1.0684,0.0000,0.0000
241.6660,33.3120,0,29,CAT2_PBO,-29.8810,32.0070,0.0600,0.0600,1,0,1,0,0,0,0.0000,-2525509.7681,-4683720.1102,3496986.9605,29,-29.8210,32.9105,0.0600,0.9035,-29.0109,32.9090,0.8191,-0.0062,-0.0090,0.0047,-0.0116,0.0000,0.0000,0.0000,0.0000,0.7108,0.7108,0.0000,-0.6992,0.0000,0.0000
241.6510,34.0240,0,23,DSHS_PBO,-27.2570,26.6070,0.1190,0.1190,1,0,1,0,0,0,0.0000,-2505906.5469,-4644453.6394,3562840.7529,23,-27.5404,28.0803,-0.2834,1.4733,-29.7145,29.3753,-2.1626,1.2892,-0.0115,0.0058,-0.0124,0.0000,0.0000,0.0000,0.0000,1.0998,1.0998,0.0000,-1.0874,0.0000,0.0000
241.6210,37.9730,0,12,P627_PBO,-4.7170,5.9080,0.5070,0.5080,1,0,1,0,0,0,0.0000,-2385759.0030,-4416237.0015,3917825.4412,10,-5.3651,4.4752,-0.6481,-1.4328,-7.8453,1.9905,-2.4275,-2.5030,-0.0527,0.0184,-0.0149,0.0000,0.0000,0.0000,0.0000,0.8935,0.8935,0.0000,-0.8786,0.0000,0.0000
241.6130,37.5630,0,38,P651_PBO,-5.9320,6.1080,0.5070,0.5370,1,0,1,0,0,0,0.0000,-2399643.0960,-4440454.8717,3881806.9254,38,-6.5880,6.5215,-0.6560,0.4135,-4.8989,7.1893,1.7339,0.6511,-0.0448,0.0167,-0.0151,0.0000,0.0000,0.0000,0.0000,-0.5939,-0.5939,0.0000,0.6090,0.0000,0.0000
241.5870,34.0950,0,33,LFRS_PBO,-28.3770,26.2240,0.1690,0.1710,1,0,1,0,0,0,0.0000,-2508990.1907,-4637764.8707,3569377.6333,33,-28.0020,27.5873,0.3750,1.3633,-29.7138,29.2453,-1.7001,1.6521,-0.0117,0.0059,-0.0126,0.0000,0.0000,0.0000,0.0000,0.5443,0.5443,0.0000,-0.5317,0.0000,0.0000
241.5400,38.7250,0,12,P133_PBO,-3.5910,4.2100,0.4770,0.4780,1,0,1,0,0,0,0.0000,-2367290.1920,-4367274.2713,3983365.9193,10,-5.1754,3.2551,-1.5844,-0.9549,-6.9988,2.0557,-1.7523,-1.2210,-0.0711,0.0216,-0.0145,0.0000,0.0000,0.0000,0.0000,0.2093,0.2093,0.0000,-0.1947,0.0000,0.0000
241.5280,37.7370,0,40,P653_PBO,-3.8260,6.3100,0.5070,0.5370,1,0,1,0,0,0,0.0000,-2400596.9647,-4426506.8697,3897117.2176,40,-6.2156,6.2732,-2.3896,-0.0368,-5.7763,6.8677,0.4873,0.5768,-0.0481,0.0177,-0.0153,0.0000,0.0000,0.0000,0.0000,-0.3417,-0.3417,0.0000,0.3570,0.0000,0.0000
241.5260,35.6620,0,1,ISLK_PBO,-11.7860,10.4310,0.1770,0.1730,1,0,1,0,0,0,0.0000,-2466450.7299,-4547557.0941,3712236.0828,1,-10.8708,10.3746,0.9152,-0.0564,-9.6807,8.2164,1.2110,-2.1678,-0.0209,0.0096,-0.0144,0.0000,0.0000,0.0000,0.0000,0.2517,0.2517,0.0000,-0.2373,0.0000,0.0000
241.5170,33.4460,0,29,CAT1_PBO,-29.8730,32.6360,0.1550,0.1640,1,0,1,0,0,0,0.0000,-2533774.1494,-4669935.1996,3509422.3531,29,-29.4300,32.4707,0.4430,-0.1653,-29.0212,32.9016,0.4180,0.4260,-0.0091,0.0049,-0.0119,0.0000,0.0000,0.0000,0.0000,0.3637,0.3637,0.0000,-0.3518,0.0000,0.0000
241.5150,34.2930,0,33,VNCX_PBO,-26.4010,24.2460,0.1670,0.1690,1,0,1,0,0,0,0.0000,-2508918.3312,-4623739.0202,3587578.2559,33,-27.5209,25.9240,-1.1199,1.6780,-28.1576,29.6992,-0.6243,3.7690,-0.0124,0.0063,-0.0129,0.0000,0.0000,0.0000,0.0000,1.8947,1.8947,0.0000,-1.8818,0.0000,0.0000
241.4860,34.1260,0,33,VIMT_PBO,-27.2540,28.0110,0.0890,0.0900,1,0,1,0,0,0,0.0000,-2516239.3780,-4631637.2218,3572230.0457,33,-27.7781,27.4385,-0.5241,-0.5725,-29.4962,29.8821,-1.7064,2.4376,-0.0116,0.0059,-0.0128,0.0000,0.0000,0.0000,0.0000,0.1928,0.1928,0.0000,-0.1801,0.0000,0.0000
241.4590,34.8220,0,28,P560_PBO,-16.5290,17.8120,0.1190,0.1490,1,0,1,0,0,0,0.0000,-2497503.4708,-4591990.0191,3635994.4361,28,-15.6683,16.8171,0.8607,-0.9949,-12.2957,15.2829,3.3876,-1.5416,-0.0149,0.0074,-0.0136,0.0000,0.0000,0.0000,0.0000,1.5900,1.5900,0.0000,-1.5763,0.0000,0.0000
241.4550,34.7710,0,28,P556_PBO,-15.4310,15.7120,0.2090,0.2390,1,0,1,0,0,0,0.0000,-2499369.5968,-4594656.8758,3631340.1484,28,-17.2086,17.8786,-1.7776,2.1666,-12.3411,15.2853,4.8821,-2.6006,-0.0147,0.0073,-0.0136,0.0000,0.0000,0.0000,0.0000,1.4901,1.4901,0.0000,-1.4766,0.0000,0.0000
241.4450,37.8910,0,40,P650_PBO,-5.4210,6.6120,0.5070,0.5370,1,0,1,0,0,0,0.0000,-2401991.1674,-4413808.1574,3910637.7284,40,-6.4622,6.0747,-1.0412,-0.5373,-5.0296,7.1834,1.4838,1.0901,-0.0512,0.0187,-0.0155,0.0000,0.0000,0.0000,0.0000,0.1692,0.1692,0.0000,-0.1537,0.0000,0.0000
241.4250,34.1820,0,33,LAPC_PBO,-27.3670,28.4740,0.1720,0.1730,1,0,1,0,0,0,0.0000,-2519497.8364,-4625887.3151,3577380.1394,33,-27.6513,27.4989,-0.2843,-0.9751,-29.0682,30.2666,-1.4052,2.7616,-0.0117,0.0060,-0.0129,0.0000,0.0000,0.0000,0.0000,0.8412,0.8412,0.0000,-0.8283,0.0000,0.0000
241.3880,35.1390,0,27,P558_PBO,-13.5190,12.2130,0.3580,0.3580,1,0,1,0,0,0,0.0000,-2493520.1401,-4571161.2551,3664859.2813,27,-13.0710,13.3820,0.4480,1.1690,-10.4138,8.5691,2.6739,-4.8210,-0.0167,0.0082,-0.0141,0.0000,0.0000,0.0000,0.0000,0.4976,0.4976,0.0000,-0.4835,0.0000,0.0000
241.3870,34.5170,0,26,CTDM_PBO,-25.6110,21.4250,0.1810,0.1820,1,0,1,0,0,0,0.0000,-2512505.5417,-4605774.3827,3608117.1960,26,-25.3324,23.8664,0.2786,2.4414,-28.2040,23.8519,-2.8585,-0.0212,-0.0132,0.0067,-0.0134,0.0000,0.0000,0.0000,0.0000,1.8102,1.8102,0.0000,-1.7968,0.0000,0.0000
241.3820,34.8390,0,28,P559_PBO,-15.6290,16.1130,0.1790,0.1790,1,0,1,0,0,0,0.0000,-2503155.5745,-4587682.2432,3637545.2254,28,-15.8480,16.7509,-0.2190,0.6379,-12.2925,15.3290,3.5703,-1.4293,-0.0149,0.0074,-0.0138,0.0000,0.0000,0.0000,0.0000,2.0880,2.0880,0.0000,-2.0743,0.0000,0.0000
241.3700,34.1390,0,33,CBHS_PBO,-28.2380,29.2320,0.1670,0.1690,1,0,1,0,0,0,0.0000,-2525222.9200,-4625821.8674,3573425.9075,33,-27.8181,28.3336,0.4199,-0.8984,-29.4270,30.6132,-1.5975,2.2736,-0.0114,0.0060,-0.0129,0.0000,0.0000,0.0000,0.0000,0.4110,0.4110,0.0000,-0.3981,0.0000,0.0000
241.3440,34.9440,0,27,P557_PBO,-16.0260,14.0140,0.1790,0.1490,1,0,1,0,0,0,0.0000,-2502996.7327,-4580163.7368,3647116.5271,27,-14.4259,15.3332,1.6001,1.3192,-10.1029,8.5065,4.3383,-6.8344,-0.0154,0.0077,-0.0140,0.0000,0.0000,0.0000,0.0000,2.4883,2.4883,0.0000,-2.4743,0.0000,0.0000
241.3020,37.5620,0,40,P643_PBO,-2.2330,7.8150,0.4770,0.5080,1,0,1,0,0,0,0.0000,-2423742.8338,-4427423.7486,3881718.8316,40,-8.0477,7.4818,-5.8147,-0.3332,-6.6494,7.7275,1.4431,0.2281,-0.0447,0.0176,-0.0161,0.0000,0.0000,0.0000,0.0000,-0.8218,-0.8218,0.0000,0.8379,0.0000,0.0000
241.2640,37.9030,0,40,P649_PBO,-5.4210,7.2160,0.5370,0.5370,1,0,1,0,0,0,0.0000,-2415528.7541,-4405479.8766,3911690.0895,40,-6.7493,7.1168,-1.3283,-0.0992,-4.9856,7.8720,1.8154,0.7359,-0.0517,0.0194,-0.0162,0.0000,0.0000,0.0000,0.0000,-0.1564,-0.1564,0.0000,0.1726,0.0000,0.0000
241.2460,35.4210,0,1,P567_PBO,-12.6090,10.0170,0.1190,0.1190,1,0,1,0,0,0,0.0000,-2496134.0967,-4549098.5117,3690442.8954,1,-11.6854,11.1234,0.9236,1.1064,-9.6635,8.1507,2.0402,-2.9817,-0.0183,0.0090,-0.0147,0.0000,0.0000,0.0000,0.0000,0.3171,0.3171,0.0000,-0.3023,0.0000,0.0000
241.2450,34.4600,0,42,SFDM_PBO,-26.5430,23.5170,0.0890,0.1190,1,0,1,0,0,0,0.0000,-2525638.1457,-4602677.9073,3602895.9880,42,-26.3353,24.8767,0.2077,1.3597,-31.2528,25.9867,-4.9050,1.1035,-0.0125,0.0066,-0.0136,0.0000,0.0000,0.0000,0.0000,-0.1870,-0.1870,0.0000,0.2006,0.0000,0.0000
241.2330,36.2310,0,1,P571_PBO,-10.6810,8.5170,0.1490,0.2690,1,0,1,0,0,0,0.0000,-2471809.5770,-4502345.5393,3763428.4266,1,-9.8923,9.2955,0.7887,0.7785,-9.8000,8.1476,0.1176,-1.1596,-0.0254,0.0117,-0.0156,0.0000,0.0000,0.0000,0.0000,-0.1405,-0.1405,0.0000,0.1561,0.0000,0.0000
241.1830,37.5910,0,1,P642_PBO,-13.0330,2.2180,0.4770,0.4780,1,0,1,0,0,0,0.0000,-2431985.7702,-4420658.2523,3884273.0712,1,-8.3082,8.0216,4.7248,5.8036,-10.0274,8.1359,-1.6740,0.0963,-0.0452,0.0181,-0.0165,0.0000,0.0000,0.0000,0.0000,-0.7357,-0.7357,0.0000,0.7522,0.0000,0.0000
241.1800,37.6770,0,40,P646_PBO,-5.2300,7.5180,0.4770,0.5080,1,0,1,0,0,0,0.0000,-2429403.9760,-4415417.8426,3891841.8593,40,-7.9152,7.8109,-2.6852,0.2929,-6.0976,8.1916,1.8645,0.3622,-0.0469,0.0185,-0.0165,0.0000,0.0000,0.0000,0.0000,-0.7379,-0.7379,0.0000,0.7544,0.0000,0.0000
241.1700,34.9460,0,27,EDPP_PBO,-17.3260,16.8180,0.0600,0.0900,1,0,1,0,0,0,0.0000,-2516833.1532,-4572429.8132,3647298.7188,27,-15.6166,16.0553,1.7094,-0.7627,-10.1207,8.2586,5.5108,-7.8044,-0.0150,0.0077,-0.0143,0.0000,0.0000,0.0000,0.0000,2.1721,2.1721,0.0000,-2.1578,0.0000,0.0000
241.1630,34.2480,0,33,TOST_PBO,-28.4690,30.0230,0.1770,0.1850,1,0,1,0,0,0,0.0000,-2538635.2565,-4610705.0229,3583445.5051,33,-28.2030,28.4775,0.2660,-1.5455,-28.6225,31.9177,-0.4082,3.4341,-0.0114,0.0061,-0.0134,0.0000,0.0000,0.0000,0.0000,0.8062,0.8062,0.0000,-0.7928,0.0000,0.0000
241.1520,34.7920,0,28,P554_PBO,-19.6320,19.3190,0.4180,0.4180,1,0,1,0,0,0,0.0000,-2522990.3378,-4580209.0583,3633256.9685,28,-20.3075,19.0506,-0.6755,-0.2684,-12.3691,15.4664,7.9525,-3.5916,-0.0140,0.0073,-0.0141,0.0000,0.0000,0.0000,0.0000,3.4137,3.4137,0.0000,-3.3996,0.0000,0.0000
241.1310,37.6550,0,40,P639_PBO,-6.6310,7.2190,0.5070,0.5080,1,0,1,0,0,0,0.0000,-2433900.5131,-4414646.8987,3889906.4916,40,-8.2400,7.9762,-1.6090,0.7572,-6.2094,8.3779,2.0770,0.3832,-0.0465,0.0186,-0.0167,0.0000,0.0000,0.0000,0.0000,-0.8871,-0.8871,0.0000,0.9038,0.0000,0.0000
241.1220,34.2960,0,33,MPWD_PBO,-28.9160,29.4440,0.1770,0.1790,1,0,1,0,0,0,0.0000,-2540483.2321,-4606256.8621,3587853.6940,33,-28.4263,28.0849,0.4897,-1.3591,-28.2533,32.1760,0.1845,4.0849,-0.0115,0.0062,-0.0135,0.0000,0.0000,0.0000,0.0000,1.0428,1.0428,0.0000,-1.0292,0.0000,0.0000
241.1210,34.8350,0,27,P553_PBO,-19.7300,17.3190,0.1190,0.1490,1,0,1,0,0,0,0.0000,-2524150.4840,-4576454.3924,3637180.3626,27,-18.9373,18.3064,0.7927,0.9874,-9.9455,8.1888,9.0060,-10.1250,-0.0142,0.0074,-0.0143,0.0000,0.0000,0.0000,0.0000,3.6785,3.6785,0.0000,-3.6642,0.0000,0.0000
241.1160,34.3560,0,33,FMVT_PBO,-28.2470,28.8200,0.0890,0.0900,1,0,1,0,0,0,0.0000,-2539149.3255,-4602698.4782,3593360.3887,33,-28.1540,27.6212,0.0930,-1.1988,-27.7774,32.2138,0.3884,4.5863,-0.0118,0.0063,-0.0136,0.0000,0.0000,0.0000,0.0000,1.6114,1.6114,0.0000,-1.5977,0.0000,0.0000
241.0700,38.9810,0,40,P134_PBO,-5.3840,4.0210,0.4770,0.4780,1,0,1,0,0,0,0.0000,-2394401.5993,-4332088.3332,4005521.5785,40,-5.8654,5.3626,-0.4814,1.3416,0.2676,8.6100,6.2150,3.2221,-0.0820,0.0252,-0.0160,0.0000,0.0000,0.0000,0.0000,1.5818,1.5818,0.0000,-1.5658,0.0000,0.0000
241.0630,34.1100,0,33,CIRX_PBO,-29.1560,30.3210,0.0890,0.0600,1,0,1,0,0,0,0.0000,-2550847.2451,-4613807.2522,3570757.9634,33,-28.4048,30.0406,0.7512,-0.2804,-29.7528,32.5477,-1.3374,2.5012,-0.0106,0.0059,-0.0134,0.0000,0.0000,0.0000,0.0000,0.1108,0.1108,0.0000,-0.0974,0.0000,0.0000
241.0620,39.2680,0,12,P130_PBO,-4.1740,4.0210,0.4770,0.5080,1,0,1,0,0,0,0.0000,-2385268.2000,-4314140.7803,4030265.0537,10,-4.8625,4.7000,-0.6885,0.6790,-6.3974,2.4400,-1.4428,-2.2861,-0.0921,0.0261,-0.0155,0.0000,0.0000,0.0000,0.0000,1.8093,1.8093,0.0000,-1.7937,0.0000,0.0000
241.0160,35.0110,0,27,WGPP_PBO,-17.2250,16.5220,0.0600,0.0900,1,0,1,0,0,0,0.0000,-2527107.2290,-4562026.1064,3653217.5297,27,-15.7389,15.6269,1.4861,-0.8951,-10.2382,8.0392,5.5156,-7.5955,-0.0149,0.0079,-0.0147,0.0000,0.0000,0.0000,0.0000,0.3850,0.3850,0.0000,-0.3703,0.0000,0.0000
241.0000,37.6130,0,1,P630_PBO,-6.4330,8.4220,0.4770,0.4780,1,0,1,0,0,0,0.0000,-2445369.4627,-4411563.2899,3886210.1065,1,-8.7142,8.6346,-2.2812,0.2126,-10.0468,8.0928,-1.2870,-0.5605,-0.0456,0.0187,-0.0172,0.0000,0.0000,0.0000,0.0000,-0.6812,-0.6812,0.0000,0.6984,0.0000,0.0000
240.9920,34.3990,0,42,KBRC_PBO,-28.0460,26.0220,0.3880,0.4180,1,0,1,0,0,0,0.0000,-2547796.0942,-4594832.6808,3597304.4296,42,-28.7935,28.6260,-0.7475,2.6040,-31.7195,27.2773,-2.9143,-1.3551,-0.0116,0.0064,-0.0139,0.0000,0.0000,0.0000,0.0000,1.6506,1.6506,0.0000,-1.6367,0.0000,0.0000
240.9810,37.8000,0,40,P648_PBO,-9.8260,8.6230,0.5070,0.5370,1,0,1,0,0,0,0.0000,-2440666.3888,-4399637.3037,3902651.7441,40,-8.0728,8.3993,1.7532,-0.2237,-5.5146,8.9485,2.6078,0.5293,-0.0495,0.0199,-0.0172,0.0000,0.0000,0.0000,0.0000,-1.2027,-1.2027,0.0000,1.2200,0.0000,0.0000
240.9700,33.4800,0,30,BAR1_PBO,-30.9780,33.8230,0.0600,0.0900,1,0,1,0,0,0,0.0000,-2577230.6065,-4643711.2186,3512574.5516,30,-31.6640,34.8280,-0.6860,1.0050,-33.1425,37.5032,-1.4704,2.6704,-0.0081,0.0048,-0.0127,0.0000,0.0000,0.0000,0.0000,0.1460,0.1460,0.0000,-0.1333,0.0000,0.0000
240.9610,34.1680,0,33,CSCI_PBO,-29.3540,30.9230,0.0890,0.0600,1,0,1,0,0,0,0.0000,-2557300.9861,-4606096.2256,3576092.9362,33,-28.5673,30.1853,0.7867,-0.7377,-29.3240,33.1902,-0.7461,2.9989,-0.0106,0.0060,-0.0136,0.0000,0.0000,0.0000,0.0000,0.2555,0.2555,0.0000,-0.2419,0.0000,0.0000
240.9370,36.0270,0,1,P056_PBO,-13.1890,5.7240,0.1490,0.3280,1,0,1,0,0,0,0.0000,-2501529.6905,-4501199.6195,3745117.1750,1,-10.1291,9.7706,3.0599,4.0466,-9.7908,8.0780,0.3609,-1.7037,-0.0226,0.0111,-0.0162,0.0000,0.0000,0.0000,0.0000,-0.1830,-0.1830,0.0000,0.1992,0.0000,0.0000
240.9360,34.3200,0,33,SOMT_PBO,-29.2490,30.3240,0.0890,0.0900,1,0,1,0,0,0,0.0000,-2554692.8671,-4596671.3685,3590056.8444,33,-27.2319,29.4315,2.0171,-0.8925,-28.1221,33.3477,-0.8790,3.9099,-0.0112,0.0063,-0.0139,0.0000,0.0000,0.0000,0.0000,-0.7887,-0.7887,0.0000,0.8026,0.0000,0.0000
240.9310,39.4860,0,12,P128_PBO,-4.3670,3.4240,0.5070,0.5080,1,0,1,0,0,0,0.0000,-2387657.9866,-4295241.8942,4048992.2043,10,-5.7061,4.3740,-1.3391,0.9500,-6.1547,2.5454,-0.3466,-1.8562,-0.1020,0.0276,-0.0157,0.0000,0.0000,0.0000,0.0000,1.2020,1.2020,0.0000,-1.1863,0.0000,0.0000
240.9140,37.7860,0,40,P632_PBO,-11.5270,8.6240,0.5070,0.5080,1,0,1,0,0,0,0.0000,-2446273.0171,-4397613.4620,3901422.2568,40,-8.1530,8.6376,3.3740,0.0136,-5.5895,9.2033,2.6127,0.5456,-0.0492,0.0200,-0.0175,0.0000,0.0000,0.0000,0.0000,-1.3094,-1.3094,0.0000,1.3269,0.0000,0.0000
240.8590,34.4990,0,42,NHRG_PBO,-27.5430,23.6250,0.0890,0.0900,1,0,1,0,0,0,0.0000,-2555393.8825,-4583415.3764,3606468.7790,42,-29.1969,26.9144,-1.6539,3.2894,-31.0998,27.9555,-1.8910,1.0345,-0.0118,0.0066,-0.0143,0.0000,0.0000,0.0000,0.0000,0.3707,0.3707,0.0000,-0.3564,0.0000,0.0000
240.8580,34.3270,0,42,OVLS_PBO,-28.8890,29.2020,0.1960,0.1910,1,0,1,0,0,0,0.0000,-2560734.5972,-4592806.1401,3590699.3113,42,-28.9235,28.8302,-0.0345,-0.3718,-32.2282,27.9606,-3.2937,-0.8759,-0.0110,0.0063,-0.0140,0.0000,0.0000,0.0000,0.0000,0.9452,0.9452,0.0000,-0.9312,0.0000,0.0000
240.8450,34.8560,0,41,P551_PBO,-22.4310,17.6260,0.5370,0.5970,1,0,1,0,0,0,0.0000,-2545516.7706,-4563077.7288,3639095.6944,41,-22.6327,20.2696,-0.2017,2.6436,-31.6616,29.9546,-9.0153,9.6775,-0.0136,0.0074,-0.0148,0.0000,0.0000,0.0000,0.0000,4.1816,4.1816,0.0000,-4.1668,0.0000,0.0000
240.8160,34.5410,0,41,RSVY_PBO,-28.3420,24.1260,0.0890,0.1490,1,0,1,0,0,0,0.0000,-2557543.1896,-4579186.9671,3610314.5314,41,-29.1693,26.2222,-0.8273,2.0962,-32.6353,30.0183,-3.4541,3.7895,-0.0119,0.0067,-0.0144,0.0000,0.0000,0.0000,0.0000,0.3664,0.3664,0.0000,-0.3520,0.0000,0.0000
240.8120,34.4410,0,42,HVYS_PBO,-28.4460,25.0270,0.0890,0.0900,1,0,1,0,0,0,0.0000,-2560931.9167,-4584502.5182,3601154.7927,42,-29.6370,27.6886,-1.1910,2.6616,-31.4932,28.1951,-1.8449,0.5000,-0.0114,0.0065,-0.0143,0.0000,0.0000,0.0000,0.0000,0.5270,0.5270,0.0000,-0.5128,0.0000,0.0000
240.7710,36.3240,0,1,P566_PBO,-11.9800,8.1270,0.1190,0.1790,1,0,1,0,0,0,0.0000,-2505046.9789,-4476931.3929,3771760.3846,1,-9.9060,9.4948,2.0740,1.3678,-9.8541,8.0388,0.0770,-1.4685,-0.0252,0.0125,-0.0170,0.0000,0.0000,0.0000,0.0000,-0.2192,-0.2192,0.0000,0.2362,0.0000,0.0000
240.7630,35.7440,0,1,P565_PBO,-14.3000,7.8280,0.2090,0.4180,1,0,1,0,0,0,0.0000,-2524191.9337,-4509668.8142,3719636.2362,1,-10.7829,10.5767,3.5171,2.7487,-9.7576,8.0369,1.0447,-2.5500,-0.0195,0.0101,-0.0163,0.0000,0.0000,0.0000,0.0000,-0.1522,-0.1522,0.0000,0.1685,0.0000,0.0000
240.7620,34.2760,0,42,VNCO_PBO,-31.0520,29.4280,0.0600,0.1490,1,0,1,0,0,0,0.0000,-2569986.4226,-4591296.2766,3586017.2545,42,-29.2329,29.5772,1.8191,0.1492,-32.5892,28.4500,-3.3458,-1.1334,-0.0105,0.0061,-0.0141,0.0000,0.0000,0.0000,0.0000,1.0190,1.0190,0.0000,-1.0049,0.0000,0.0000
240.6740,34.6000,0,41,P549_PBO,-29.2410,21.4300,0.5070,0.5080,1,0,1,0,0,0,0.0000,-2567062.0216,-4569590.6877,3615713.6205,41,-29.5659,25.9979,-0.3249,4.5679,-32.4971,30.3305,-2.9194,4.3258,-0.0118,0.0068,-0.0147,0.0000,0.0000,0.0000,0.0000,0.6960,0.6960,0.0000,-0.6812,0.0000,0.0000
240.6520,35.1570,0,1,BVPP_PBO,-18.3210,14.6300,0.0600,0.0600,1,0,1,0,0,0,0.0000,-2551467.7985,-4537750.3690,3666494.9371,1,-15.8713,15.8144,2.4497,1.1844,-9.6672,8.0107,6.2190,-7.8120,-0.0148,0.0082,-0.0157,0.0000,0.0000,0.0000,0.0000,0.8079,0.8079,0.0000,-0.7922,0.0000,0.0000
240.6510,35.6230,0,1,P564_PBO,-16.1050,25.3300,0.4770,0.4780,1,0,1,0,0,0,0.0000,-2536846.9207,-4511563.0218,3708713.8286,1,-11.4191,11.2789,4.6859,-14.0511,-9.7463,8.0104,1.6909,-3.2782,-0.0181,0.0097,-0.0164,0.0000,0.0000,0.0000,0.0000,-0.1137,-0.1137,0.0000,0.1301,0.0000,0.0000
240.6470,34.6830,0,41,OZST_PBO,-28.7870,24.3430,0.1920,0.1890,1,0,1,0,0,0,0.0000,-2566644.8955,-4563810.3317,3623302.4574,41,-29.1971,25.0604,-0.4101,0.7174,-32.2511,30.3899,-3.0419,5.3225,-0.0121,0.0070,-0.0149,0.0000,0.0000,0.0000,0.0000,1.3335,1.3335,0.0000,-1.3186,0.0000,0.0000
240.6370,34.0150,0,33,ANA1_PBO,-30.8610,35.8310,0.1190,0.3580,1,0,1,0,0,0,0.0000,-2587980.0829,-4599867.7038,3562011.7434,33,-30.4836,32.4151,0.3774,-3.4159,-30.6500,35.2304,-0.1572,2.8097,-0.0092,0.0056,-0.0139,0.0000,0.0000,0.0000,0.0000,-0.0062,-0.0062,0.0000,0.0201,0.0000,0.0000
240.6290,34.4080,0,42,CSST_PBO,-29.6470,27.0310,0.0600,0.0900,1,0,1,0,0,0,0.0000,-2576578.3622,-4578106.4078,3598129.6702,42,-30.0017,28.4359,-0.3547,1.4049,-31.7614,29.1279,-1.7490,0.6857,-0.0108,0.0064,-0.0145,0.0000,0.0000,0.0000,0.0000,0.4357,0.4357,0.0000,-0.4212,0.0000,0.0000
240.5790,35.4190,0,1,P563_PBO,-13.8120,12.1320,0.2090,0.1790,1,0,1,0,0,0,0.0000,-2548984.6717,-4519844.7659,3690261.7654,1,-13.0908,12.9495,0.7212,0.8175,-9.7176,7.9934,3.3895,-4.9652,-0.0164,0.0091,-0.0162,0.0000,0.0000,0.0000,0.0000,0.0737,0.0737,0.0000,-0.0574,0.0000,0.0000
240.4630,39.6980,0,19,P095_PBO,-6.5610,4.3340,0.2390,0.1790,1,0,1,0,0,0,0.0000,-2415259.7750,-4262532.2474,4067147.7131,19,-6.8375,4.4565,-0.2765,0.1225,-7.1859,5.3825,-0.2288,0.8936,-0.1197,0.0324,-0.0173,0.0000,0.0000,0.0000,0.0000,0.0722,0.0722,0.0000,-0.0549,0.0000,0.0000
240.4000,39.4990,0,19,P127_PBO,-7.3690,4.3360,0.1790,0.1790,1,0,1,0,0,0,0.0000,-2426908.0448,-4272130.7549,4050107.1117,19,-7.3450,5.1729,0.0240,0.8369,-8.0213,5.5801,-0.5651,0.3742,-0.1112,0.0329,-0.0180,0.0000,0.0000,0.0000,0.0000,-0.3361,-0.3361,0.0000,0.3542,0.0000,0.0000
240.2870,35.3190,0,1,P543_PBO,-16.0170,17.0380,0.3580,0.3880,1,0,1,0,0,0,0.0000,-2575174.6940,-4512382.6011,3681199.5352,1,-17.6270,17.8498,-1.6100,0.8118,-9.7241,7.9242,7.9176,-9.9343,-0.0147,0.0087,-0.0167,0.0000,0.0000,0.0000,0.0000,0.1347,0.1347,0.0000,-0.1180,0.0000,0.0000
240.2800,34.5000,0,42,RCA2_PBO,-31.8310,30.4410,0.1960,0.1920,1,0,1,0,0,0,0.0000,-2601548.9147,-4557303.7012,3606560.3671,42,-30.5219,30.4000,1.3091,-0.0410,-31.2617,30.9061,-0.7296,0.4996,-0.0102,0.0065,-0.0153,0.0000,0.0000,0.0000,0.0000,0.5935,0.5935,0.0000,-0.5783,0.0000,0.0000
240.2780,39.9080,0,12,P139_PBO,-4.8550,4.8390,0.4770,0.5080,1,0,1,0,0,0,0.0000,-2421603.2667,-4241737.2143,4085077.0477,10,-6.5967,4.2872,-1.7417,-0.5518,-5.6982,3.0701,1.0336,-1.2517,-0.1350,0.0346,-0.0177,0.0000,0.0000,0.0000,0.0000,0.2016,0.2016,0.0000,-0.1839,0.0000,0.0000
240.2620,35.7310,0,1,P544_PBO,-12.1030,11.2390,0.1490,0.1790,1,0,1,0,0,0,0.0000,-2563946.4927,-4488157.6041,3718463.5489,1,-11.3643,12.2299,0.7387,0.9909,-9.7961,7.9183,1.5858,-4.3218,-0.0177,0.0102,-0.0175,0.0000,0.0000,0.0000,0.0000,-0.2796,-0.2796,0.0000,0.2971,0.0000,0.0000
240.2150,34.0290,0,33,CRU1_PBO,-30.9770,35.2220,0.1730,0.1710,1,0,1,0,0,0,0.0000,-2621356.5096,-4579926.3672,3563301.2758,33,-31.4609,34.4203,-0.4839,-0.8017,-30.6893,37.8861,0.7798,3.4602,-0.0082,0.0055,-0.0145,0.0000,0.0000,0.0000,0.0000,0.5599,0.5599,0.0000,-0.5454,0.0000,0.0000
240.1200,34.4150,0,42,COPR_PBO,-30.6490,29.2420,0.0890,0.0600,1,0,1,0,0,0,0.0000,-2616927.7789,-4554655.2473,3598771.4626,42,-30.8997,32.3297,-0.2507,3.0877,-31.8683,31.7210,-0.9592,-0.6150,-0.0094,0.0063,-0.0154,0.0000,0.0000,0.0000,0.0000,1.2362,1.2362,0.0000,-1.2208,0.0000,0.0000
240.0910,35.9350,0,1,P547_PBO,-9.7960,11.4430,0.1490,0.1790,1,0,1,0,0,0,0.0000,-2570712.1730,-4468980.8910,3736843.6121,1,-9.8557,11.9048,-0.0597,0.4618,-9.8445,7.8776,0.0301,-4.0383,-0.0188,0.0110,-0.0184,0.0000,0.0000,0.0000,0.0000,-0.3462,-0.3462,0.0000,0.3646,0.0000,0.0000
240.0650,35.3170,0,41,P537_PBO,-22.0180,23.6440,0.3580,0.4180,1,0,1,0,0,0,0.0000,-2592703.2585,-4502482.2556,3681018.1761,41,-22.1084,23.2386,-0.0904,-0.4054,-30.4900,31.6673,-8.3677,8.4201,-0.0139,0.0087,-0.0172,0.0000,0.0000,0.0000,0.0000,0.0193,0.0193,0.0000,-0.0020,0.0000,0.0000
240.0180,34.5820,0,41,BBDM_PBO,-32.5440,32.7450,0.2680,0.1490,1,0,1,0,0,0,0.0000,-2619779.0300,-4540884.2885,3614066.8469,41,-30.3423,31.9317,2.2017,-0.8133,-32.7540,31.7703,-2.4019,-0.1680,-0.0098,0.0066,-0.0159,0.0000,0.0000,0.0000,0.0000,0.8681,0.8681,0.0000,-0.8522,0.0000,0.0000
239.9990,35.6870,0,1,P541_PBO,-13.2060,14.6450,0.1490,0.1790,1,0,1,0,0,0,0.0000,-2585948.0901,-4478812.9500,3714493.0335,1,-13.0720,15.2067,0.1340,0.5617,-9.8098,7.8557,3.2785,-7.3610,-0.0164,0.0100,-0.0181,0.0000,0.0000,0.0000,0.0000,-0.1263,-0.1263,0.0000,0.1444,0.0000,0.0000
239.9910,34.7330,0,41,FGST_PBO,-30.5390,32.0450,0.0890,0.0600,1,0,1,0,0,0,0.0000,-2617145.8438,-4531385.6182,3627870.3771,41,-30.1530,31.2703,0.3860,-0.7747,-32.3009,31.8295,-2.1375,0.5523,-0.0104,0.0070,-0.0162,0.0000,0.0000,0.0000,0.0000,0.5198,0.5198,0.0000,-0.5036,0.0000,0.0000
239.9750,35.2800,0,41,P536_PBO,-24.6200,26.3460,0.3880,0.4180,1,0,1,0,0,0,0.0000,-2600961.4444,-4500461.2640,3677662.2245,41,-24.5154,26.1992,0.1046,-0.1468,-30.6322,31.8646,-6.1034,5.6569,-0.0134,0.0085,-0.0174,0.0000,0.0000,0.0000,0.0000,0.0850,0.0850,0.0000,-0.0676,0.0000,0.0000
239.9350,34.0040,0,33,SRS1_PBO,-31.4650,35.6460,0.0600,0.0600,1,0,1,0,0,0,0.0000,-2644485.5285,-4568406.5292,3560998.3901,33,-31.6200,36.2733,-0.1550,0.6273,-30.9940,39.6470,0.6333,3.3683,-0.0073,0.0054,-0.0149,0.0000,0.0000,0.0000,0.0000,0.0413,0.0413,0.0000,-0.0264,0.0000,0.0000
239.8990,35.2350,0,41,P535_PBO,-26.2220,28.7470,0.5670,0.5670,1,0,1,0,0,0,0.0000,-2608376.6100,-4499504.7759,3673578.5949,41,-26.2255,28.2726,-0.0035,-0.4744,-30.7945,32.0311,-4.5562,3.7501,-0.0128,0.0084,-0.0174,0.0000,0.0000,0.0000,0.0000,0.1618,0.1618,0.0000,-0.1444,0.0000,0.0000
239.8880,35.5340,0,41,P538_PBO,-22.0110,23.7480,0.3580,0.3580,1,0,1,0,0,0,0.0000,-2599587.1361,-4482359.1938,3700669.4314,41,-20.1869,22.4748,1.8241,-1.2732,-29.8822,32.0552,-9.6806,9.5710,-0.0148,0.0094,-0.0181,0.0000,0.0000,0.0000,0.0000,-0.0778,-0.0778,0.0000,0.0959,0.0000,0.0000
239.8690,35.8010,0,1,P540_PBO,-12.4020,13.5480,0.2090,0.2390,1,0,1,0,0,0,0.0000,-2592388.4512,-4466533.2346,3724775.7575,1,-9.8666,15.2856,2.5354,1.7376,-9.8396,7.8248,0.0438,-7.4714,-0.0168,0.0105,-0.0187,0.0000,0.0000,0.0000,0.0000,0.4011,0.4011,0.0000,-0.3824,0.0000,0.0000
239.8670,34.4830,0,42,TJRN_PBO,-31.6480,33.6480,0.0600,0.0900,1,0,1,0,0,0,0.0000,-2634868.1235,-4539358.2379,3605003.2206,42,-30.8074,34.2256,0.8406,0.5776,-31.5035,33.0089,-0.6872,-1.2230,-0.0089,0.0063,-0.0159,0.0000,0.0000,0.0000,0.0000,0.2506,0.2506,0.0000,-0.2347,0.0000,0.0000
239.8450,35.9280,0,1,P546_PBO,-9.5980,13.0490,0.1790,0.2090,1,0,1,0,0,0,0.0000,-2590105.3537,-4458297.0799,3736213.7072,1,-9.5798,13.2000,0.0182,0.1510,-9.8631,7.8190,-0.2655,-5.3919,-0.0178,0.0110,-0.0191,0.0000,0.0000,0.0000,0.0000,-0.0301,-0.0301,0.0000,0.0491,0.0000,0.0000
239.8180,35.7030,0,1,P539_PBO,-15.3060,18.9490,0.1190,0.1190,1,0,1,0,0,0,0.0000,-2599562.3458,-4469724.6514,3715937.1109,1,-14.7132,18.6828,0.5928,-0.2662,-9.8270,7.8126,4.9020,-10.8802,-0.0158,0.0101,-0.0187,0.0000,0.0000,0.0000,0.0000,0.3996,0.3996,0.0000,-0.3810,0.0000,0.0000
239.7600,34.8710,0,41,P515_PBO,-30.4350,31.1500,0.3280,0.3280,1,0,1,0,0,0,0.0000,-2630985.4985,-4513235.2423,3640463.4892,41,-30.1111,31.9282,0.3239,0.7782,-31.9528,32.3355,-1.8315,0.4000,-0.0103,0.0073,-0.0170,0.0000,0.0000,0.0000,0.0000,0.3481,0.3481,0.0000,-0.3311,0.0000,0.0000
239.7330,35.6340,0,41,P532_PBO,-22.8090,27.7510,0.0890,0.1190,1,0,1,0,0,0,0.0000,-2608444.1070,-4469724.9771,3709707.4589,41,-21.3713,26.7711,1.4377,-0.9799,-29.6266,32.3946,-8.2404,5.6137,-0.0149,0.0098,-0.0187,0.0000,0.0000,0.0000,0.0000,-0.3191,-0.3191,0.0000,0.3378,0.0000,0.0000
239.7210,34.7390,0,41,ORES_PBO,-31.5040,34.2680,0.1780,0.1860,1,0,1,0,0,0,0.0000,-2638278.7883,-4518674.2340,3628418.3418,41,-30.8645,32.7650,0.6395,-1.5030,-32.3688,32.4208,-1.4948,-0.3510,-0.0096,0.0069,-0.0167,0.0000,0.0000,0.0000,0.0000,0.5524,0.5524,0.0000,-0.5357,0.0000,0.0000
239.6520,35.5440,0,41,P280_PBO,-24.9120,29.8530,0.3580,0.3580,1,0,1,0,0,0,0.0000,-2617701.3907,-4471056.1083,3701573.7419,41,-24.3640,30.6138,0.5480,0.7608,-29.9290,32.5718,-5.5510,1.9487,-0.0139,0.0094,-0.0187,0.0000,0.0000,0.0000,0.0000,0.0025,0.0025,0.0000,0.0162,0.0000,0.0000
239.6490,34.0380,0,33,MIG1_PBO,-31.6650,36.4530,0.0890,0.0900,1,0,1,0,0,0,0.0000,-2666188.1065,-4553325.0187,3564130.1486,33,-31.7564,36.2786,-0.0914,-0.1744,-30.8370,41.4446,0.9260,5.1607,-0.0066,0.0054,-0.0154,0.0000,0.0000,0.0000,0.0000,0.0374,0.0374,0.0000,-0.0221,0.0000,0.0000
239.6460,35.4400,0,41,P529_PBO,-27.0160,30.1530,0.3580,0.3580,1,0,1,0,0,0,0.0000,-2621560.5975,-4476572.4473,3692163.4064,41,-25.8871,30.8628,1.1289,0.7098,-30.2494,32.5850,-4.3491,1.7131,-0.0132,0.0090,-0.0185,0.0000,0.0000,0.0000,0.0000,0.2168,0.2168,0.0000,-0.1983,0.0000,0.0000
239.6290,35.7480,0,41,P533_PBO,-22.8050,29.1530,0.3280,0.3280,1,0,1,0,0,0,0.0000,-2612815.9462,-4458605.8841,3719997.0245,41,-22.8723,32.3522,-0.0673,3.1992,-29.3117,32.6222,-6.4240,0.2598,-0.0153,0.0102,-0.0193,0.0000,0.0000,0.0000,0.0000,-0.9913,-0.9913,0.0000,1.0105,0.0000,0.0000
239.6170,35.1060,0,41,P516_PBO,-30.0280,30.5540,0.1790,0.1790,1,0,1,0,0,0,0.0000,-2634667.3206,-4493736.0347,3661859.6398,41,-28.9893,32.0287,1.0387,1.4747,-31.2808,32.6484,-2.2805,0.6118,-0.0110,0.0079,-0.0178,0.0000,0.0000,0.0000,0.0000,0.3183,0.3183,0.0000,-0.3005,0.0000,0.0000
239.5900,35.0110,0,41,P514_PBO,-29.2310,32.3540,0.3880,0.3880,1,0,1,0,0,0,0.0000,-2639854.3704,-4497724.0962,3653217.5297,41,-29.6300,32.4279,-0.3990,0.0739,-31.5801,32.7075,-1.9397,0.2720,-0.0104,0.0076,-0.0176,0.0000,0.0000,0.0000,0.0000,0.3333,0.3333,0.0000,-0.3157,0.0000,0.0000
239.5200,35.6250,0,41,P530_PBO,-25.9100,31.4560,0.1490,0.2390,1,0,1,0,0,0,0.0000,-2625338.0209,-4460499.2248,3708894.4988,41,-24.4255,32.9020,1.4845,1.4460,-29.7248,32.8606,-5.2853,-0.0511,-0.0139,0.0097,-0.0192,0.0000,0.0000,0.0000,0.0000,-0.0322,-0.0322,0.0000,0.0514,0.0000,0.0000
239.4550,35.3280,0,41,P528_PBO,-27.4210,33.2570,0.4180,0.4180,1,0,1,0,0,0,0.0000,-2640131.9240,-4474015.6504,3682015.5955,41,-27.8984,32.9464,-0.4774,-0.3106,-30.6554,33.0027,-2.7453,0.0478,-0.0117,0.0085,-0.0187,0.0000,0.0000,0.0000,0.0000,0.3974,0.3974,0.0000,-0.3787,0.0000,0.0000
239.3950,35.7540,0,41,P527_PBO,-26.5060,31.6590,0.4180,0.4180,1,0,1,0,0,0,0.0000,-2630805.0214,-4447562.4902,3720538.1730,41,-26.1223,33.1656,0.3837,1.5066,-29.3718,33.1338,-3.2351,-0.0420,-0.0144,0.0102,-0.0199,0.0000,0.0000,0.0000,0.0000,0.1613,0.1613,0.0000,-0.1414,0.0000,0.0000
239.3840,34.5560,0,41,VNDP_PBO,-32.5380,34.8300,0.1060,0.1070,1,0,1,0,0,0,0.0000,-2670699.2168,-4513028.9427,3611687.5443,41,-31.5772,34.9207,0.9608,0.0907,-33.0372,33.1579,-1.4523,-1.7692,-0.0076,0.0063,-0.0169,0.0000,0.0000,0.0000,0.0000,0.7240,0.7240,0.0000,-0.7071,0.0000,0.0000
239.3390,35.3120,0,41,USLO_PBO,-28.8220,34.8600,0.1190,0.1490,1,0,1,0,0,0,0.0000,-2649708.7597,-4469545.6152,3680564.7588,41,-28.3544,33.6646,0.4676,-1.1954,-30.7431,33.2562,-2.3775,-0.4168,-0.0111,0.0084,-0.0189,0.0000,0.0000,0.0000,0.0000,0.4580,0.4580,0.0000,-0.4391,0.0000,0.0000
239.1920,35.4260,0,41,P525_PBO,-29.9180,34.0630,0.4770,0.4780,1,0,1,0,0,0,0.0000,-2657411.3453,-4456434.1496,3690895.7008,41,-28.1885,34.3343,1.7295,0.2713,-30.4442,33.5773,-2.2445,-0.7658,-0.0112,0.0088,-0.0195,0.0000,0.0000,0.0000,0.0000,0.5089,0.5089,0.0000,-0.4893,0.0000,0.0000
239.1580,35.6970,0,41,P295_PBO,-27.1090,33.7640,0.0890,0.2090,1,0,1,0,0,0,0.0000,-2651075.7539,-4439818.0398,3715395.6158,41,-27.4730,33.9993,-0.3640,0.2353,-29.6269,33.6515,-2.1411,-0.3575,-0.0128,0.0098,-0.0204,0.0000,0.0000,0.0000,0.0000,0.3771,0.3771,0.0000,-0.3567,0.0000,0.0000
239.1300,35.6360,0,41,P526_PBO,-26.9110,35.4650,0.1490,0.3880,1,0,1,0,0,0,0.0000,-2655273.2234,-4441914.6575,3709888.1043,41,-27.6749,34.2043,-0.7639,-1.2607,-29.8231,33.7126,-2.1360,-0.5012,-0.0123,0.0095,-0.0203,0.0000,0.0000,0.0000,0.0000,0.4246,0.4246,0.0000,-0.4043,0.0000,0.0000
238.9970,35.5520,0,41,P067_PBO,-29.4150,34.2680,0.1790,0.5080,1,0,1,0,0,0,0.0000,-2668375.6833,-4440396.2425,3702297.1091,41,-28.5031,35.0871,0.9119,0.8191,-30.1257,34.0029,-1.6115,-1.0934,-0.0111,0.0091,-0.0204,0.0000,0.0000,0.0000,0.0000,0.5635,0.5635,0.0000,-0.5432,0.0000,0.0000
238.9390,35.7110,0,41,P278_PBO,-29.2100,35.5690,0.1790,0.2090,1,0,1,0,0,0,0.0000,-2667558.0535,-4428874.6952,3716659.0409,41,-28.2729,34.8818,0.9371,-0.6872,-29.6597,34.1294,-1.3749,-0.7621,-0.0119,0.0097,-0.0210,0.0000,0.0000,0.0000,0.0000,0.4712,0.4712,0.0000,-0.4503,0.0000,0.0000
237.8590,37.6530,0,44,WINT_PBO,-19.2190,21.0040,0.1660,0.1460,1,0,1,0,0,0,0.0000,-2681976.0703,-4268647.5957,3889730.5207,43,-18.9086,22.6175,0.3104,1.6135,-21.4812,28.0531,-2.5430,5.4084,-0.0295,0.0272,-0.0343,0.0000,0.0000,0.0000,0.0000,0.5759,0.5759,0.0000,-0.5416,0.0000,0.0000
224.4610,56.8540,0,46,BIS1_PBO,-3.7830,7.8780,0.0890,0.1790,1,0,1,0,0,0,0.0000,-2484881.4094,-2438563.5974,5331334.1130,46,-4.3747,8.7555,-0.5917,0.8775,-6.8279,-1.6969,-2.4576,-10.4527,0.0043,0.0003,-0.0192,0.0000,0.0000,0.0000,0.0000,1.5854,1.5854,0.0000,-1.5662,0.0000,0.0000
224.3030,58.4180,0,46,GUS2_PBO,-0.7310,1.7810,0.1190,0.1790,1,0,1,0,0,0,0.0000,-2386532.4637,-2329163.4528,5424372.0256,46,-3.2425,1.3595,-2.5115,-0.4215,-5.9124,-1.6624,-2.6715,-3.0212,0.0016,-0.0008,-0.0155,0.0000,0.0000,0.0000,0.0000,-0.1464,-0.1464,0.0000,0.1618,0.0000,0.0000
218.8420,64.7770,0,14,AB41_PBO,1.7150,-11.7150,0.4470,0.4780,1,0,1,0,0,0,0.0000,-2113438.8348,-1701800.6858,5760347.4009,13,0.4123,1.7306,-1.3027,13.4456,0.5885,0.4534,0.1763,-1.2762,-0.0001,-0.0010,-0.0065,0.0000,0.0000,0.0000,0.0000,-0.0117,-0.0117,0.0000,0.0182,0.0000,0.0000
216.2960,62.8320,0,46,AC65_PBO,-12.4860,26.7310,0.5370,0.2390,1,0,1,0,0,0,0.0000,-2343261.7890,-1721045.0575,5664934.2061,46,-3.6738,3.7008,8.8122,-23.0302,-3.2203,0.0948,0.4522,-3.6057,0.0014,-0.0003,-0.0071,0.0000,0.0000,0.0000,0.0000,0.1034,0.1034,0.0000,-0.0963,0.0000,0.0000
214.5480,62.9670,0,46,AB37_PBO,-26.2080,14.1610,0.1490,0.2390,1,0,1,0,0,0,0.0000,-2383668.9984,-1641192.2104,5671768.8331,46,-3.6980,3.4921,22.5100,-10.6689,-3.1483,0.4793,0.5481,-3.0125,0.0016,-0.0002,-0.0065,0.0000,0.0000,0.0000,0.0000,0.0521,0.0521,0.0000,-0.0455,0.0000,0.0000
214.2570,61.1390,0,46,AC57_PBO,-13.5730,24.2660,0.4180,0.4180,1,0,1,0,0,0,0.0000,-2540294.6324,-1730079.3225,5576565.2672,46,-7.3661,8.6846,6.2069,-15.5814,-4.2301,0.5433,3.1329,-8.1412,0.0031,-0.0000,-0.0071,0.0000,0.0000,0.0000,0.0000,1.5585,1.5585,0.0000,-1.5514,0.0000,0.0000
214.1530,63.5020,0,46,AC63_PBO,6.1040,-4.0320,0.1490,0.2390,1,0,1,0,0,0,0.0000,-2350996.1951,-1594917.6980,5698544.1903,46,-3.1501,2.9528,-9.2541,6.9848,-2.8349,0.5662,0.3138,-2.3864,0.0014,-0.0003,-0.0062,0.0000,0.0000,0.0000,0.0000,-0.0004,-0.0004,0.0000,0.0066,0.0000,0.0000
213.6870,63.0840,0,46,AC62_PBO,-22.3170,6.9760,0.1490,0.1490,1,0,1,0,0,0,0.0000,-2398419.4746,-1598760.8453,5677666.7078,46,-3.5985,3.3672,18.7185,-3.6088,-3.0867,0.6686,0.5101,-2.6984,0.0017,-0.0002,-0.0063,0.0000,0.0000,0.0000,0.0000,0.0269,0.0269,0.0000,-0.0207,0.0000,0.0000
212.1400,64.8740,0,14,CLGO_PBO,2.4180,-6.4990,0.1490,0.2090,1,0,1,0,0,0,0.0000,-2289345.2710,-1438331.7451,5764932.9122,13,-0.1756,2.2322,-2.5936,8.7312,0.5352,0.6234,0.7097,-1.6085,0.0010,-0.0003,-0.0054,0.0000,0.0000,0.0000,0.0000,-0.0023,-0.0023,0.0000,0.0076,0.0000,0.0000
211.6650,70.2560,0,14,PBOC_PBO,-2.4150,1.5090,0.1790,0.1490,1,0,1,0,0,0,0.0000,-1830817.5059,-1129191.5356,5993111.4788,13,0.7079,1.1538,3.1229,-0.3552,0.7346,0.6352,0.0270,-0.5178,-0.0003,-0.0008,-0.0037,0.0000,0.0000,0.0000,0.0000,-0.0449,-0.0449,0.0000,0.0487,0.0000,0.0000
211.0220,63.8360,0,46,GRNR_PBO,-1.7340,-2.0800,0.1490,0.1790,1,0,1,0,0,0,0.0000,-2406090.7416,-1446982.8841,5715008.2535,46,-2.7248,3.0565,-0.9908,5.1365,-2.6817,1.2533,0.0414,-1.8030,0.0017,-0.0002,-0.0054,0.0000,0.0000,0.0000,0.0000,0.0006,0.0006,0.0000,0.0048,0.0000,0.0000
210.8680,61.5980,0,46,ATW2_PBO,-12.7090,11.0220,0.2090,0.2390,1,0,1,0,0,0,0.0000,-2599694.8971,-1553913.9463,5601007.8871,46,-5.0846,4.7257,7.6244,-6.2963,-4.0070,1.2870,1.0744,-3.4385,0.0032,-0.0001,-0.0058,0.0000,0.0000,0.0000,0.0000,0.1423,0.1423,0.0000,-0.1365,0.0000,0.0000
210.2760,60.4810,0,46,AC15_PBO,-12.3550,16.9310,0.4770,0.4180,1,0,1,0,0,0,0.0000,-2709408.6503,-1581728.5031,5540901.6567,46,-6.7385,6.2378,5.6165,-10.6932,-4.6769,1.4166,2.0573,-4.8211,0.0043,-0.0001,-0.0057,0.0000,0.0000,0.0000,0.0000,0.3521,0.3521,0.0000,-0.3464,0.0000,0.0000
209.9310,61.7690,0,46,AC53_PBO,-5.4190,-0.3630,0.4470,0.4780,1,0,1,0,0,0,0.0000,-2610259.9847,-1502845.9129,5610022.1422,46,-4.3792,4.3257,1.0398,4.6887,-3.9262,1.4920,0.4498,-2.8337,0.0032,-0.0001,-0.0055,0.0000,0.0000,0.0000,0.0000,0.1518,0.1518,0.0000,-0.1462,0.0000,0.0000
209.8270,67.2510,0,14,AB33_PBO,3.1570,-8.0610,0.4180,0.4480,1,0,1,0,0,0,0.0000,-2136085.6859,-1224684.9331,5872106.6253,13,0.4164,1.6138,-2.7406,9.6748,0.6018,0.6802,0.1850,-0.9332,0.0005,-0.0004,-0.0044,0.0000,0.0000,0.0000,0.0000,-0.0605,-0.0605,0.0000,0.0649,0.0000,0.0000
209.1090,59.7640,0,46,AC06_PBO,-2.6970,4.4500,0.3880,0.3580,1,0,1,0,0,0,0.0000,-2801425.9757,-1559830.1173,5501208.4099,46,-6.4699,6.6855,-3.7729,2.2355,-5.1253,1.6714,1.3394,-5.0138,0.0052,-0.0003,-0.0053,0.0000,0.0000,0.0000,0.0000,0.6433,0.6433,0.0000,-0.6381,0.0000,0.0000
208.2930,59.4460,0,14,SELD_PBO,1.3800,-9.1380,0.2390,0.2690,1,0,1,0,0,0,0.0000,-2850197.3781,-1534224.0253,5483327.7312,13,-4.8025,6.3559,-6.1825,15.4939,0.2856,0.7173,5.0825,-5.6383,0.0056,-0.0003,-0.0050,0.0000,0.0000,0.0000,0.0000,1.3624,1.3624,0.0000,-1.3575,0.0000,0.0000
207.8070,57.6180,0,46,KOD5_PBO,-9.2870,19.6700,0.1490,0.2390,1,0,1,0,0,0,0.0000,-3016366.8287,-1590820.8068,5377282.9363,46,-11.6792,14.3841,-2.3922,-5.2859,-6.4151,1.9550,5.2561,-12.4285,0.0080,-0.0006,-0.0043,0.0000,0.0000,0.0000,0.0000,3.1831,3.1831,0.0000,-3.1788,0.0000,0.0000
207.6060,58.6100,0,14,AC39_PBO,3.0420,-8.8270,0.4470,0.5080,1,0,1,0,0,0,0.0000,-2938978.7725,-1536852.8778,5435516.3939,13,-5.5146,7.7698,-8.5566,16.5968,0.2457,0.7337,5.7537,-7.0356,0.0066,-0.0005,-0.0046,0.0000,0.0000,0.0000,0.0000,1.6935,1.6935,0.0000,-1.6889,0.0000,0.0000
207.5960,60.6640,0,14,AC17_PBO,1.1070,-14.5270,0.4470,0.4780,1,0,1,0,0,0,0.0000,-2764705.1449,-1445107.1655,5550893.8202,13,-2.0996,4.0857,-3.2066,18.6127,0.3250,0.7340,2.4203,-3.3515,0.0043,-0.0002,-0.0049,0.0000,0.0000,0.0000,0.0000,0.1542,0.1542,0.0000,-0.1493,0.0000,0.0000
207.1850,62.0940,0,14,AB28_PBO,1.4470,-12.1210,0.3580,0.3580,1,0,1,0,0,0,0.0000,-2650912.0227,-1361506.5302,5627016.6943,13,-0.9534,3.0827,-2.4004,15.2037,0.3754,0.7438,1.3257,-2.3388,0.0031,-0.0001,-0.0048,0.0000,0.0000,0.0000,0.0000,-0.0247,-0.0247,0.0000,0.0295,0.0000,0.0000
206.7210,57.2200,0,46,AC34_PBO,-11.9170,14.1860,0.3580,0.3580,1,0,1,0,0,0,0.0000,-3079266.0844,-1550123.8568,5353465.0341,46,-11.9228,14.8555,-0.0058,0.6695,-6.6798,2.1907,5.2346,-12.6640,0.0084,-0.0007,-0.0038,0.0000,0.0000,0.0000,0.0000,3.2006,3.2006,0.0000,-3.1967,0.0000,0.0000
206.4150,59.5670,0,14,AC59_PBO,2.9530,-13.3100,0.1490,0.1790,1,0,1,0,0,0,0.0000,-2888567.7396,-1434840.1732,5490151.3233,13,-2.0891,4.6978,-5.0421,18.0078,0.2694,0.7620,2.3531,-3.9355,0.0054,-0.0004,-0.0044,0.0000,0.0000,0.0000,0.0000,0.1203,0.1203,0.0000,-0.1160,0.0000,0.0000
205.8370,59.2530,0,14,AC27_PBO,3.1330,-11.3010,0.2090,0.2090,1,0,1,0,0,0,0.0000,-2929931.6624,-1418719.2673,5472393.2201,13,-2.1022,4.8541,-5.2352,16.1551,0.2506,0.7756,2.3471,-4.0781,0.0057,-0.0004,-0.0042,0.0000,0.0000,0.0000,0.0000,0.1313,0.1313,0.0000,-0.1272,0.0000,0.0000
205.8190,56.5640,0,46,AC45_PBO,-14.6520,24.7990,0.3580,0.3580,1,0,1,0,0,0,0.0000,-3158257.3604,-1528053.5381,5313644.1630,46,-14.3394,20.1813,0.3126,-4.6177,-7.0908,2.3859,7.2395,-17.7946,0.0091,-0.0008,-0.0033,0.0000,0.0000,0.0000,0.0000,6.8484,6.8484,0.0000,-6.8451,0.0000,0.0000
205.8170,56.9510,0,46,AC02_PBO,-14.1400,14.1990,0.3880,0.5080,1,0,1,0,0,0,0.0000,-3125930.5482,-1512278.2631,5337220.6367,46,-11.6389,14.6827,2.5011,0.4837,-6.8664,2.3864,4.7640,-12.2956,0.0086,-0.0008,-0.0035,0.0000,0.0000,0.0000,0.0000,3.0403,3.0403,0.0000,-3.0368,0.0000,0.0000
205.3020,59.8990,0,14,AB22_PBO,5.1450,-10.9940,0.3580,0.3880,1,0,1,0,0,0,0.0000,-2887083.9381,-1364841.6239,5508748.0553,13,-1.5458,4.0260,-6.6908,15.0200,0.2691,0.7881,1.8100,-3.2376,0.0050,-0.0004,-0.0042,0.0000,0.0000,0.0000,0.0000,0.0201,0.0201,0.0000,-0.0160,0.0000,0.0000
203.3900,71.3230,0,14,SG27_PBO,0.6720,-2.5670,0.1490,0.4180,1,0,1,0,0,0,0.0000,-1871501.8996,-809483.4143,6032128.0410,13,0.6137,1.3014,-0.0583,3.8684,0.6738,0.8322,0.0600,-0.4688,0.0000,-0.0004,-0.0031,0.0000,0.0000,0.0000,0.0000,-0.0578,-0.0578,0.0000,0.0609,0.0000,0.0000
201.4960,56.3070,0,14,AB13_PBO,-6.3320,4.4580,0.3880,0.4180,1,0,1,0,0,0,0.0000,-3286598.7239,-1294360.6235,5297853.4206,13,-4.9345,9.5330,1.3975,5.0750,0.0849,0.8750,5.0112,-8.6572,0.0082,-0.0008,-0.0023,0.0000,0.0000,0.0000,0.0000,1.1766,1.1766,0.0000,-1.1744,0.0000,0.0000
200.8720,55.9210,0,14,AC21_PBO,-8.9540,4.7660,0.4770,0.5370,1,0,1,0,0,0,0.0000,-3333774.4387,-1271178.2579,5273936.4132,13,-5.8636,11.1012,3.0904,6.3352,0.0622,0.8889,5.9175,-10.2115,0.0084,-0.0008,-0.0020,0.0000,0.0000,0.0000,0.0000,1.7531,1.7531,0.0000,-1.7511,0.0000,0.0000
200.1220,61.0400,0,14,AB15_PBO,2.9900,-6.6250,0.4180,0.4780,1,0,1,0,0,0,0.0000,-2894923.5633,-1060652.1917,5571246.3554,13,-0.7214,2.8589,-3.7114,9.4839,0.2458,0.9054,0.9634,-1.9531,0.0038,-0.0003,-0.0033,0.0000,0.0000,0.0000,0.0000,-0.0946,-0.0946,0.0000,0.0979,0.0000,0.0000
199.5930,55.9090,0,14,AC41_PBO,-3.9770,0.8820,0.3880,0.4180,1,0,1,0,0,0,0.0000,-3362358.2464,-1196819.0599,5273189.0372,13,-4.6342,9.0765,-0.6572,8.1945,0.0451,0.9170,4.6713,-8.1586,0.0079,-0.0008,-0.0019,0.0000,0.0000,0.0000,0.0000,1.0186,1.0186,0.0000,-1.0167,0.0000,0.0000
199.5230,55.3490,0,14,AB07_PBO,-8.3950,4.2820,0.1790,0.2390,1,0,1,0,0,0,0.0000,-3412232.6824,-1209876.7115,5238054.7845,13,-7.0958,13.1750,1.2992,8.8930,0.0230,0.9186,7.1103,-12.2556,0.0085,-0.0008,-0.0017,0.0000,0.0000,0.0000,0.0000,2.6767,2.6767,0.0000,-2.6751,0.0000,0.0000
197.7610,64.6380,0,14,AC31_PBO,3.5570,-7.4970,0.3580,0.3880,1,0,1,0,0,0,0.0000,-2597409.6634,-831987.1852,5753747.6331,13,-0.1151,2.1004,-3.6721,9.5974,0.3460,0.9566,0.4591,-1.1438,0.0020,-0.0001,-0.0032,0.0000,0.0000,0.0000,0.0000,-0.1055,-0.1055,0.0000,0.1087,0.0000,0.0000
197.2930,55.1900,0,14,BAY2_PBO,-6.2380,-2.6910,0.1490,0.3580,1,0,1,0,0,0,0.0000,-3470591.6526,-1080503.7968,5227987.8144,13,-5.2318,10.0807,1.0062,12.7717,-0.0132,0.9665,5.2109,-9.1134,0.0078,-0.0008,-0.0014,0.0000,0.0000,0.0000,0.0000,1.1992,1.1992,0.0000,-1.1978,0.0000,0.0000
194.6270,64.5640,0,14,AB11_PBO,4.1940,-6.1620,0.3880,0.3880,1,0,1,0,0,0,0.0000,-2646199.0162,-690614.9786,5750220.2723,13,-0.1561,2.1065,-4.3501,8.2685,0.2944,1.0219,0.4485,-1.0845,0.0020,-0.0002,-0.0028,0.0000,0.0000,0.0000,0.0000,-0.1107,-0.1107,0.0000,0.1135,0.0000,0.0000
194.2900,54.1000,0,14,AV15_PBO,-8.9230,-4.4590,0.3280,0.4780,1,0,1,0,0,0,0.0000,-3618168.6692,-921587.1402,5157895.3155,13,-7.6575,13.1402,1.2655,17.5992,-0.0963,1.0287,7.5537,-12.1108,0.0075,-0.0007,-0.0009,0.0000,0.0000,0.0000,0.0000,2.4839,2.4839,0.0000,-2.4830,0.0000,0.0000
194.2340,54.1470,0,14,AV06_PBO,-3.5230,-3.5580,0.2980,0.4180,1,0,1,0,0,0,0.0000,-3614965.3173,-917009.7096,5160956.3463,13,-7.2511,12.5357,-3.7281,16.0937,-0.0954,1.0298,7.1483,-11.5051,0.0075,-0.0007,-0.0009,0.0000,0.0000,0.0000,0.0000,2.1954,2.1954,0.0000,-2.1945,0.0000,0.0000
194.1580,54.1190,0,14,AV14_PBO,-2.4250,-5.1580,0.3580,0.3880,1,0,1,0,0,0,0.0000,-3618623.5821,-912830.6257,5159133.1715,13,-7.3208,12.6402,-4.8958,17.7982,-0.0975,1.0314,7.2159,-11.6081,0.0074,-0.0007,-0.0009,0.0000,0.0000,0.0000,0.0000,2.2436,2.2436,0.0000,-2.2427,0.0000,0.0000
194.1020,54.2110,0,14,AV12_PBO,-1.5230,-1.2570,0.2980,0.5370,1,0,1,0,0,0,0.0000,-3611474.9939,-907273.8369,5165118.9739,13,-6.6852,11.6869,-5.1622,12.9439,-0.0949,1.0325,6.5829,-10.6537,0.0074,-0.0007,-0.0009,0.0000,0.0000,0.0000,0.0000,1.8232,1.8232,0.0000,-1.8223,0.0000,0.0000
194.0660,54.0980,0,14,AV10_PBO,-3.9270,-4.3570,0.4180,0.5670,1,0,1,0,0,0,0.0000,-3621918.6326,-907478.5244,5157764.9819,13,-7.3208,12.6409,-3.3938,16.9979,-0.0996,1.0332,7.2138,-11.6070,0.0074,-0.0007,-0.0009,0.0000,0.0000,0.0000,0.0000,2.2433,2.2433,0.0000,-2.2425,0.0000,0.0000
193.9720,54.1360,0,14,AV08_PBO,-3.3280,-3.1560,0.2390,0.4780,1,0,1,0,0,0,0.0000,-3620082.2266,-900709.0191,5160240.2461,13,-6.9472,12.0830,-3.6192,15.2390,-0.0996,1.0351,6.8402,-11.0471,0.0074,-0.0007,-0.0009,0.0000,0.0000,0.0000,0.0000,1.9908,1.9908,0.0000,-1.9899,0.0000,0.0000
193.4580,53.8760,0,14,AV09_PBO,-6.3440,-3.0510,0.2680,0.3880,1,0,1,0,0,0,0.0000,-3650752.7015,-873638.2874,5143258.9199,13,-7.8981,13.5078,-1.5541,16.5588,-0.1167,1.0454,7.7741,-12.4616,0.0073,-0.0007,-0.0008,0.0000,0.0000,0.0000,0.0000,2.6555,2.6555,0.0000,-2.6547,0.0000,0.0000
183.3370,51.8640,0,14,AB21_PBO,-11.2830,5.3300,0.5370,0.5670,1,0,1,0,0,0,0.0000,-3925422.2551,-228881.8730,5008295.5852,13,-20.8683,20.6890,-9.5853,15.3590,-0.3490,1.2305,20.5142,-19.4580,0.0051,-0.0005,-0.0003,0.0000,0.0000,0.0000,0.0000,9.6582,9.6582,0.0000,-9.6578,0.0000,0.0000
243.8390,31.2570,0,30,LLCO_GPS,-32.3310,31.7830,0.2740,0.2720,1,0,1,0,0,0,0.0000,-2399879.8797,-4885591.8067,3303925.0480,30,-32.4420,33.0445,-0.1110,1.2615,-34.7710,35.5699,-2.3219,2.5225,-0.0071,0.0030,-0.0078,0.0000,0.0000,0.0000,0.0000,0.3839,0.3839,0.0000,-0.3761,0.0000,0.0000
244.5340,31.0450,0,23,SPMX_GPS,-32.7510,30.3370,0.3100,0.3130,1,0,1,0,0,0,0.0000,-2345682.7132,-4925345.7265,3283762.1023,23,-29.5860,30.3716,3.1650,0.0346,-28.4152,30.5605,1.1782,0.1860,-0.0074,0.0029,-0.0072,0.0000,0.0000,0.0000,0.0000,-0.8335,-0.8335,0.0000,0.8407,0.0000,0.0000
243.3330,31.8710,0,34,CICE_GPS,-29.9540,30.8820,0.2920,0.2960,1,0,1,0,0,0,0.0000,-2426901.8814,-4832288.8550,3362065.3089,34,-30.4493,30.8534,-0.4953,-0.0286,-33.3456,28.8462,-2.8885,-2.0106,-0.0077,0.0034,-0.0086,0.0000,0.0000,0.0000,0.0000,0.6126,0.6126,0.0000,-0.6040,0.0000,0.0000
246.4800,31.3540,0,14,PENA_GPS,-2.9850,1.9970,0.2480,0.2420,1,0,1,0,0,0,0.0000,-2169978.1282,-4985847.9392,3313135.4804,13,-3.1376,2.0168,-0.1526,0.0198,-0.7163,-0.2863,2.4308,-2.3062,-0.0095,0.0032,-0.0059,0.0000,0.0000,0.0000,0.0000,-0.1167,-0.1167,0.0000,0.1225,0.0000,0.0000
244.7570,31.9880,0,23,MAYR_GPS,-25.2810,27.2590,0.3610,0.3340,1,0,1,0,0,0,0.0000,-2303132.8682,-4884887.2101,3373100.5615,23,-24.0827,28.9507,1.1983,1.6917,-28.5046,30.6490,-4.4124,1.6947,-0.0095,0.0036,-0.0074,0.0000,0.0000,0.0000,0.0000,-0.0603,-0.0603,0.0000,0.0677,0.0000,0.0000
241.5120,32.9140,0,30,SCIP_GPS,-31.6590,33.5730,0.2890,0.2960,1,0,1,0,0,0,0.0000,-2549614.6726,-4698152.3280,3459939.4771,30,-32.5011,35.3018,-0.8421,1.7288,-33.6120,37.1451,-1.1032,1.8390,-0.0076,0.0042,-0.0113,0.0000,0.0000,0.0000,0.0000,0.0498,0.0498,0.0000,-0.0385,0.0000,0.0000
241.4810,32.9270,0,30,BLUF_GPS,-30.5850,35.3340,0.2620,0.2720,1,0,1,0,0,0,0.0000,-2551781.3634,-4696082.2670,3461152.2181,30,-32.5137,35.3286,-1.9287,-0.0054,-33.6077,37.1656,-1.0865,1.8329,-0.0075,0.0042,-0.0114,0.0000,0.0000,0.0000,0.0000,0.0515,0.0515,0.0000,-0.0402,0.0000,0.0000
240.5210,33.2320,0,30,TWIN_GPS,-31.0400,35.5420,0.2650,0.2720,1,0,1,0,0,0,0.0000,-2620999.0687,-4636564.4781,3489553.7227,30,-32.8397,36.3365,-1.7997,0.7945,-33.5944,37.7974,-0.7482,1.4565,-0.0065,0.0044,-0.0128,0.0000,0.0000,0.0000,0.0000,0.0185,0.0185,0.0000,-0.0057,0.0000,0.0000
241.5950,33.4070,0,29,BRSH_GPS,-29.3620,33.7900,0.2570,0.2750,1,0,1,0,0,0,0.0000,-2528550.1185,-4675480.3539,3505805.0744,29,-29.4029,32.4812,-0.0409,-1.3088,-29.0072,32.9055,0.4048,0.4194,-0.0092,0.0048,-0.0118,0.0000,0.0000,0.0000,0.0000,0.4489,0.4489,0.0000,-0.4371,0.0000,0.0000
240.9590,33.4720,0,30,SBIS_GPS,-31.3180,35.1450,0.2770,0.2930,1,0,1,0,0,0,0.0000,-2578360.1432,-4643645.0802,3511832.9691,30,-31.7309,34.9093,-0.4129,-0.2357,-33.1559,37.5105,-1.4169,2.5963,-0.0081,0.0048,-0.0127,0.0000,0.0000,0.0000,0.0000,0.1353,0.1353,0.0000,-0.1226,0.0000,0.0000
239.8940,33.9510,0,30,SNRI_GPS,-30.8640,36.0980,0.2800,0.2780,1,0,1,0,0,0,0.0000,-2649405.0815,-4569360.6965,3556114.0309,30,-31.9938,36.4325,-1.1298,0.3345,-32.9868,38.2043,-0.9860,1.7664,-0.0070,0.0053,-0.0149,0.0000,0.0000,0.0000,0.0000,-0.1134,-0.1134,0.0000,0.1283,0.0000,0.0000
240.2470,33.9950,0,30,CENT_GPS,-29.8110,34.4140,0.2740,0.2750,1,0,1,0,0,0,0.0000,-2619847.0750,-4583224.6440,3560169.1853,30,-31.6370,34.4281,-1.8260,0.0141,-32.8043,37.9758,-1.1592,3.5422,-0.0081,0.0055,-0.0144,0.0000,0.0000,0.0000,0.0000,0.6241,0.6241,0.0000,-0.6097,0.0000,0.0000
241.7060,33.7130,0,29,VTIS_GPS,-28.5340,30.7550,0.3040,0.3130,1,0,1,0,0,0,0.0000,-2510576.7547,-4663816.9760,3534143.0410,29,-28.4525,30.1179,0.0815,-0.6371,-28.8874,32.9109,-0.4244,2.7877,-0.0104,0.0053,-0.0120,0.0000,0.0000,0.0000,0.0000,0.7533,0.7533,0.0000,-0.7413,0.0000,0.0000
241.6280,33.7790,0,29,PVHS_GPS,-27.7450,29.7480,0.3340,0.3400,1,0,1,0,0,0,0.0000,-2514987.3407,-4656809.7426,3540241.9633,29,-28.5045,30.0374,-0.7595,0.2894,-28.8939,32.9071,-0.3789,2.8643,-0.0105,0.0054,-0.0121,0.0000,0.0000,0.0000,0.0000,0.7618,0.7618,0.0000,-0.7497,0.0000,0.0000
241.6690,33.7980,0,34,TORP_GPS,-28.5210,30.3870,0.2710,0.2810,1,0,1,0,0,0,0.0000,-2511097.0825,-4657574.6121,3541996.8432,34,-28.4179,29.6994,0.1031,-0.6876,-29.2473,31.6731,-0.8187,1.9682,-0.0107,0.0054,-0.0121,0.0000,0.0000,0.0000,0.0000,0.9061,0.9061,0.0000,-0.8940,0.0000,0.0000
241.5720,33.9580,0,34,WRHS_GPS,-27.8160,28.3010,0.3460,0.3520,1,0,1,0,0,0,0.0000,-2514260.0876,-4644600.1861,3556759.3094,34,-27.9971,28.9535,-0.1811,0.6525,-28.8970,31.8370,-0.8888,2.8779,-0.0111,0.0057,-0.0124,0.0000,0.0000,0.0000,0.0000,1.0762,1.0762,0.0000,-1.0637,0.0000,0.0000
241.1700,34.1570,0,33,AOA1_GPS,-29.1420,30.3060,0.2570,0.2660,1,0,1,0,0,0,0.0000,-2540813.1980,-4615995.3042,3575081.4124,33,-28.1704,29.3089,0.9716,-0.9971,-29.3449,31.8736,-1.1635,2.5587,-0.0110,0.0060,-0.0133,0.0000,0.0000,0.0000,0.0000,0.4064,0.4064,0.0000,-0.3931,0.0000,0.0000
241.3540,34.0590,0,33,SPK1_GPS,-28.5230,29.8790,0.2590,0.2690,1,0,1,0,0,0,0.0000,-2528904.0535,-4629490.7297,3566063.8431,33,-27.8975,29.2427,0.6255,-0.6363,-30.0688,30.7141,-2.1603,1.4656,-0.0110,0.0058,-0.0129,0.0000,0.0000,0.0000,0.0000,-0.4667,-0.4667,0.0000,0.4796,0.0000,0.0000
241.5580,34.0690,0,33,UCLP_GPS,-27.2260,27.7710,0.2570,0.2660,1,0,1,0,0,0,0.0000,-2512108.4224,-4637918.1152,3566984.4817,33,-27.7839,28.2721,-0.5579,0.5011,-29.9292,29.4282,-2.1339,1.1503,-0.0115,0.0059,-0.0126,0.0000,0.0000,0.0000,0.0000,-0.1902,-0.1902,0.0000,0.2028,0.0000,0.0000
241.4380,34.1790,0,33,OXCO_GPS,-26.7530,30.8760,0.2950,0.2990,1,0,1,0,0,0,0.0000,-2518537.7429,-4626623.3610,3577104.3281,33,-27.6502,27.4229,-0.8972,-3.4531,-29.0882,30.1846,-1.4263,2.7557,-0.0117,0.0060,-0.0129,0.0000,0.0000,0.0000,0.0000,0.8214,0.8214,0.0000,-0.8085,0.0000,0.0000
241.4570,34.2020,0,33,MCDS_GPS,-26.4570,30.4750,0.2950,0.2990,1,0,1,0,0,0,0.0000,-2516317.0362,-4626196.4970,3579218.6307,33,-27.5950,27.0786,-1.1380,-3.3964,-28.8994,30.0649,-1.2926,2.9802,-0.0119,0.0061,-0.0129,0.0000,0.0000,0.0000,0.0000,1.0457,1.0457,0.0000,-1.0328,0.0000,0.0000
241.6780,34.1350,0,33,LEEP_GPS,-27.5110,25.8860,0.2570,0.2660,1,0,1,0,0,0,0.0000,-2500438.2707,-4639549.1873,3573057.9696,33,-27.3841,25.7347,0.1269,-0.1513,-29.3694,28.6716,-1.9733,2.9309,-0.0120,0.0060,-0.0125,0.0000,0.0000,0.0000,0.0000,-0.4960,-0.4960,0.0000,0.5085,0.0000,0.0000
241.7930,34.1290,0,33,OXYC_GPS,-27.1860,24.5120,0.3430,0.3490,1,0,1,0,0,0,0.0000,-2491297.9091,-4644888.2499,3572506.0302,33,-26.2663,25.2692,0.9197,0.7572,-29.3854,27.9464,-3.1068,2.6712,-0.0122,0.0060,-0.0123,0.0000,0.0000,0.0000,0.0000,-0.2520,-0.2520,0.0000,0.2643,0.0000,0.0000
241.8730,34.1370,0,33,CIT1_GPS,-26.0160,24.6390,0.2510,0.2600,1,0,1,0,0,0,0.0000,-2484574.8155,-4647922.2756,3573241.9407,33,-26.0496,24.8541,-0.0336,0.2151,-29.2999,27.4419,-3.2379,2.5817,-0.0124,0.0060,-0.0122,0.0000,0.0000,0.0000,0.0000,-0.0010,-0.0010,0.0000,0.0131,0.0000,0.0000
241.7230,34.1850,0,33,BRAN_GPS,-27.1190,24.5550,0.2570,0.2660,1,0,1,0,0,0,0.0000,-2495315.5126,-4638763.8356,3577655.9409,33,-26.9245,24.5048,0.1945,-0.0502,-28.9586,28.3878,-2.0217,3.8770,-0.0123,0.0061,-0.0125,0.0000,0.0000,0.0000,0.0000,0.5179,0.5179,0.0000,-0.5054,0.0000,0.0000
243.0170,32.5690,0,23,1101_GPS,-28.1470,30.1140,0.3130,0.3550,1,0,1,0,0,0,0.0000,-2434750.7460,-4781974.4286,3427690.3056,23,-29.2655,29.4003,-1.1185,-0.7137,-29.0891,29.9463,0.1854,0.5420,-0.0090,0.0040,-0.0094,0.0000,0.0000,0.0000,0.0000,-0.6721,-0.6721,0.0000,0.6815,0.0000,0.0000
243.1590,32.6010,0,23,OTAY_GPS,-26.7630,29.2090,0.4410,0.3610,1,0,1,0,0,0,0.0000,-2422027.0376,-4786285.0634,3430686.7800,23,-28.7905,29.1167,-2.0275,-0.0923,-29.0543,30.0047,-0.2545,0.8839,-0.0093,0.0040,-0.0093,0.0000,0.0000,0.0000,0.0000,-0.3644,-0.3644,0.0000,0.3736,0.0000,0.0000
243.4420,32.2450,0,23,VA01_GPS,-28.5610,29.4280,0.3220,0.3280,1,0,1,0,0,0,0.0000,-2407840.9404,-4817163.8653,3397290.9446,23,-28.9011,29.3386,-0.3401,-0.0894,-28.9165,30.1205,-0.0066,0.7782,-0.0087,0.0037,-0.0087,0.0000,0.0000,0.0000,0.0000,-0.5839,-0.5839,0.0000,0.5926,0.0000,0.0000
243.5230,32.6070,0,23,1102_GPS,-28.0410,29.0350,0.3070,0.3340,1,0,1,0,0,0,0.0000,-2391410.9180,-4801253.9003,3431248.4999,23,-28.0256,28.8621,0.0154,-0.1729,-28.9523,30.1535,-0.9170,1.2873,-0.0098,0.0041,-0.0089,0.0000,0.0000,0.0000,0.0000,-0.2161,-0.2161,0.0000,0.2250,0.0000,0.0000
244.6570,32.3560,0,22,LPUR_GPS,-19.8250,27.3330,0.2650,0.2660,1,0,1,0,0,0,0.0000,-2302334.1604,-4861179.7038,3407717.8233,22,-23.5256,27.6421,-3.7006,0.3091,-25.6325,30.5048,-2.0966,2.8588,-0.0104,0.0039,-0.0077,0.0000,0.0000,0.0000,0.0000,-0.4639,-0.4639,0.0000,0.4716,0.0000,0.0000
242.8520,32.8180,0,23,SD17_GPS,-29.2090,29.2210,0.3580,0.4480,1,0,1,0,0,0,0.0000,-2441691.5894,-4761642.7974,3450978.3415,23,-28.7413,29.5219,0.4677,0.3009,-29.1764,29.8782,-0.4257,0.3521,-0.0095,0.0042,-0.0097,0.0000,0.0000,0.0000,0.0000,-0.4268,-0.4268,0.0000,0.4365,0.0000,0.0000
242.7470,32.8400,0,34,SOLJ_GPS,-28.2600,30.1550,0.3310,0.3250,1,0,1,0,0,0,0.0000,-2449806.6885,-4755981.8324,3453032.7917,34,-28.8141,29.9110,-0.5541,-0.2440,-31.2061,29.8446,-2.3826,-0.0706,-0.0094,0.0043,-0.0099,0.0000,0.0000,0.0000,0.0000,-0.3433,-0.3433,0.0000,0.3532,0.0000,0.0000
242.7500,32.8650,0,23,SIO3_GPS,-28.3940,28.6150,0.2180,0.2270,1,0,1,0,0,0,0.0000,-2448867.5646,-4754770.1895,3455366.7762,23,-28.7297,29.7923,-0.3357,1.1773,-29.2129,29.8360,-0.4738,0.0395,-0.0094,0.0043,-0.0099,0.0000,0.0000,0.0000,0.0000,-0.3604,-0.3604,0.0000,0.3703,0.0000,0.0000
243.1980,32.8440,0,23,1106_GPS,-28.0210,28.5870,0.2860,0.3110,1,0,1,0,0,0,0.0000,-2412186.0744,-4774902.6079,3453406.2734,23,-28.0223,28.8960,-0.0013,0.3090,-29.0826,30.0207,-1.0503,1.1204,-0.0100,0.0043,-0.0094,0.0000,0.0000,0.0000,0.0000,-0.2253,-0.2253,0.0000,0.2347,0.0000,0.0000
243.0690,32.9120,0,23,SD18_GPS,-28.2300,29.8620,0.3070,0.3400,1,0,1,0,0,0,0.0000,-2421072.4986,-4765802.0718,3459752.8858,23,-28.0643,28.9651,0.1657,-0.8969,-29.1302,29.9677,-1.0558,0.9983,-0.0100,0.0044,-0.0096,0.0000,0.0000,0.0000,0.0000,-0.2262,-0.2262,0.0000,0.2358,0.0000,0.0000
242.7230,33.1300,0,23,1107_GPS,-29.0840,30.1860,0.3010,0.3310,1,0,1,0,0,0,0.0000,-2443757.5306,-4739360.4937,3480066.4798,23,-28.0786,29.1435,1.0054,-1.0425,-29.2637,29.8248,-1.1749,0.6768,-0.0102,0.0046,-0.0101,0.0000,0.0000,0.0000,0.0000,-0.2292,-0.2292,0.0000,0.2393,0.0000,0.0000
243.3810,32.8240,0,23,SD21_GPS,-27.2910,28.4310,0.2830,0.3080,1,0,1,0,0,0,0.0000,-2397462.9542,-4783660.0497,3451538.6966,23,-27.7431,28.7158,-0.4521,0.2848,-29.0273,30.0956,-1.2740,1.3755,-0.0102,0.0043,-0.0092,0.0000,0.0000,0.0000,0.0000,-0.2509,-0.2509,0.0000,0.2601,0.0000,0.0000
243.9980,32.7340,0,23,OCTI_GPS,-28.1010,28.3570,0.2890,0.2870,1,0,1,0,0,0,0.0000,-2348185.2057,-4814066.6424,3443129.3997,23,-26.3631,27.1095,1.7379,-1.2475,-28.8370,30.3459,-2.4632,3.2322,-0.0107,0.0042,-0.0085,0.0000,0.0000,0.0000,0.0000,-0.4833,-0.4833,0.0000,0.4918,0.0000,0.0000
244.4940,32.6640,0,22,BORD_GPS,-21.2020,26.3490,0.3250,0.3190,1,0,1,0,0,0,0.0000,-2308232.8215,-4838006.8474,3436582.9610,22,-22.5320,25.9874,-1.3300,-0.3616,-25.7587,30.4300,-3.2156,4.4385,-0.0110,0.0041,-0.0079,0.0000,0.0000,0.0000,0.0000,-0.0505,-0.0505,0.0000,0.0584,0.0000,0.0000
244.5000,32.7380,0,22,T124_GPS,-21.1830,20.7190,0.2740,0.2780,1,0,1,0,0,0,0.0000,-2305813.4276,-4834238.3823,3443503.3268,22,-20.2332,24.1930,0.9498,3.4740,-25.7760,30.4327,-5.5316,6.2355,-0.0113,0.0042,-0.0080,0.0000,0.0000,0.0000,0.0000,-0.0803,-0.0803,0.0000,0.0883,0.0000,0.0000
244.2040,32.7900,0,22,OCOT_GPS,-24.8320,27.1200,0.2710,0.2720,1,0,1,0,0,0,0.0000,-2329396.1075,-4819445.9105,3448362.8509,22,-24.9141,24.8080,-0.0821,-2.3120,-25.8743,30.2963,-0.9491,5.4840,-0.0111,0.0043,-0.0083,0.0000,0.0000,0.0000,0.0000,0.6244,0.6244,0.0000,-0.6161,0.0000,0.0000
244.4060,32.8000,0,22,E122_GPS,-17.1540,22.1020,0.3940,0.3460,1,0,1,0,0,0,0.0000,-2312130.3653,-4827085.5079,3449297.0493,22,-21.8007,23.2028,-4.6467,1.1008,-25.8190,30.3895,-4.0069,7.1825,-0.0113,0.0043,-0.0081,0.0000,0.0000,0.0000,0.0000,1.3222,1.3222,0.0000,-1.3142,0.0000,0.0000
244.4980,32.8270,0,24,COLL_GPS,-14.8640,20.2550,0.1870,0.1590,1,0,1,0,0,0,0.0000,-2303676.4445,-4829324.2652,3451818.8599,25,-12.6781,15.0590,2.1859,-5.1960,-16.8491,16.6816,-4.1595,1.6183,-0.0115,0.0043,-0.0080,0.0000,0.0000,0.0000,0.0000,0.9396,0.9396,0.0000,-0.9316,0.0000,0.0000
243.4290,32.9140,0,23,SD35_GPS,-29.6090,28.7790,0.3220,0.3520,1,0,1,0,0,0,0.0000,-2391026.4664,-4780811.9303,3459939.4771,23,-27.2755,28.4768,2.3335,-0.3022,-29.0279,30.1152,-1.7419,1.6340,-0.0105,0.0044,-0.0092,0.0000,0.0000,0.0000,0.0000,-0.3535,-0.3535,0.0000,0.3626,0.0000,0.0000
243.5780,32.8920,0,23,MONP_GPS,-27.9290,27.9430,0.2360,0.2420,1,0,1,0,0,0,0.0000,-2379176.6888,-4788203.1113,3457886.7406,23,-26.9393,28.1354,0.9897,0.1924,-28.9819,30.1759,-2.0319,2.0362,-0.0107,0.0044,-0.0090,0.0000,0.0000,0.0000,0.0000,-0.4076,-0.4076,0.0000,0.4166,0.0000,0.0000
243.4020,33.0740,0,23,SD15_GPS,-27.7970,27.8800,0.3580,0.5190,1,0,1,0,0,0,0.0000,-2388943.8444,-4771026.5839,3474853.1057,23,-26.3882,27.9028,1.4088,0.0228,-29.0608,30.1042,-2.6617,2.1968,-0.0110,0.0045,-0.0093,0.0000,0.0000,0.0000,0.0000,-0.5997,-0.5997,0.0000,0.6090,0.0000,0.0000
244.2390,32.9510,0,24,L589_GPS,-22.8110,25.6780,0.2740,0.2660,1,0,1,0,0,0,0.0000,-2322231.0852,-4812122.1317,3463390.6562,25,-20.3298,21.5699,2.4812,-4.1081,-16.6238,17.1084,3.7176,-4.4659,-0.0116,0.0044,-0.0083,0.0000,0.0000,0.0000,0.0000,1.6205,1.6205,0.0000,-1.6121,0.0000,0.0000
244.5940,32.9170,0,14,ORIE_GPS,-3.2990,4.5350,0.2830,0.2720,1,0,1,0,0,0,0.0000,-2293252.5291,-4828273.6362,3460219.3562,13,-4.0537,3.2543,-0.7547,-1.2807,-0.6508,-0.2360,3.4148,-3.4946,-0.0119,0.0044,-0.0079,0.0000,0.0000,0.0000,0.0000,-0.0630,-0.0630,0.0000,0.0710,0.0000,0.0000
244.4990,33.0380,0,14,HAMA_GPS,-8.6750,2.1690,0.5370,0.5140,1,0,1,0,0,0,0.0000,-2298103.7675,-4817858.3412,3471499.8977,13,-6.5363,3.2295,2.1387,1.0605,-0.6458,-0.2334,5.9027,-3.4674,-0.0122,0.0045,-0.0081,0.0000,0.0000,0.0000,0.0000,-0.5747,-0.5747,0.0000,0.5828,0.0000,0.0000
245.0860,32.2510,0,14,CPEI_GPS,-8.9130,7.6970,0.3340,0.3370,1,0,1,0,0,0,0.0000,-2268498.9966,-4883937.5444,3397854.8860,13,-5.0387,7.5040,3.8743,-0.1930,-0.6780,-0.2491,4.3713,-7.7569,-0.0105,0.0038,-0.0072,0.0000,0.0000,0.0000,0.0000,0.2568,0.2568,0.0000,-0.2496,0.0000,0.0000
244.7540,32.6290,0,14,ASA1_GPS,-8.0180,7.7490,0.3130,0.2870,1,0,1,0,0,0,0.0000,-2287149.8844,-4850329.2980,3433307.8174,13,-7.0997,6.3580,0.9183,-1.3910,-0.6625,-0.2403,6.4485,-6.6023,-0.0112,0.0041,-0.0077,0.0000,0.0000,0.0000,0.0000,-0.6312,-0.6312,0.0000,0.6388,0.0000,0.0000
244.9380,32.7090,0,14,JUNC_GPS,-4.0120,2.5520,0.3130,0.2960,1,0,1,0,0,0,0.0000,-2269528.8795,-4853302.0418,3440791.9754,13,-2.7816,2.0326,1.2304,-0.5194,-0.6597,-0.2452,2.1335,-2.2819,-0.0116,0.0042,-0.0075,0.0000,0.0000,0.0000,0.0000,-0.1857,-0.1857,0.0000,0.1932,0.0000,0.0000
244.7530,32.8400,0,14,GLOC_GPS,-4.5130,-0.3210,0.2740,0.2630,1,0,1,0,0,0,0.0000,-2281826.2526,-4838820.6160,3453032.7917,13,-2.9979,2.3294,1.5151,2.6504,-0.6542,-0.2402,2.3555,-2.5740,-0.0118,0.0043,-0.0077,0.0000,0.0000,0.0000,0.0000,-0.1132,-0.1132,0.0000,0.1209,0.0000,0.0000
245.7970,32.9390,0,14,YUMA_GPS,-1.6160,2.9610,0.3100,0.2870,1,0,1,0,0,0,0.0000,-2190833.7165,-4874143.5204,3462271.5131,13,-1.3980,0.8184,0.2180,-2.1426,-0.6528,-0.2681,0.7582,-1.0908,-0.0131,0.0043,-0.0067,0.0000,0.0000,0.0000,0.0000,-0.1258,-0.1258,0.0000,0.1326,0.0000,0.0000
242.4350,33.3750,0,23,0301_GPS,-27.4430,29.9670,0.2890,0.3050,1,0,1,0,0,0,0.0000,-2460640.4109,-4713782.0616,3502835.8376,23,-27.7194,29.2451,-0.2764,-0.7219,-29.3853,29.7051,-1.6554,0.4552,-0.0105,0.0049,-0.0107,0.0000,0.0000,0.0000,0.0000,0.0252,0.0252,0.0000,-0.0145,0.0000,0.0000
242.8410,33.3320,0,23,0303_GPS,-26.5450,29.3010,0.3760,0.4300,1,0,1,0,0,0,0.0000,-2428376.1652,-4733437.4284,3498844.2053,23,-26.9416,28.5894,-0.3966,-0.7116,-29.2624,29.8737,-2.3097,1.2795,-0.0110,0.0048,-0.0101,0.0000,0.0000,0.0000,0.0000,-0.3545,-0.3545,0.0000,0.3646,0.0000,0.0000
243.1400,33.3570,0,22,PMOB_GPS,-25.4960,27.0400,0.2980,0.3050,1,0,1,0,0,0,0.0000,-2402951.6134,-4744683.0785,3501165.1617,22,-25.4901,27.3361,0.0059,0.2961,-26.3267,29.7993,-0.8250,2.4583,-0.0116,0.0049,-0.0098,0.0000,0.0000,0.0000,0.0000,-0.4446,-0.4446,0.0000,0.4544,0.0000,0.0000
242.3650,33.4440,0,23,SCMS_GPS,-28.7230,31.0600,0.3040,0.3110,1,0,1,0,0,0,0.0000,-2464439.1118,-4707031.7364,3509236.8912,23,-27.6226,29.1807,1.1004,-1.8793,-29.4165,29.6759,-1.7832,0.4903,-0.0107,0.0050,-0.0108,0.0000,0.0000,0.0000,0.0000,0.0892,0.0892,0.0000,-0.0784,0.0000,0.0000
242.2910,33.4640,0,23,DANA_GPS,-28.1150,30.9220,0.2830,0.2930,1,0,1,0,0,0,0.0000,-2469946.6603,-4702760.1165,3511091.3181,23,-27.6929,29.3310,0.4221,-1.5910,-29.4408,29.6449,-1.7373,0.3090,-0.0106,0.0050,-0.0109,0.0000,0.0000,0.0000,0.0000,0.1982,0.1982,0.0000,-0.1872,0.0000,0.0000
242.3200,33.4690,0,23,1202_GPS,-27.7750,29.8410,0.2800,0.2870,1,0,1,0,0,0,0.0000,-2467423.7206,-4703738.3137,3511554.8580,23,-27.6131,29.2164,0.1619,-0.6246,-29.4333,29.6571,-1.8096,0.4357,-0.0107,0.0050,-0.0109,0.0000,0.0000,0.0000,0.0000,0.1494,0.1494,0.0000,-0.1385,0.0000,0.0000
242.2840,33.5540,0,23,KITE_GPS,-28.2410,30.6630,0.3220,0.2960,1,0,1,0,0,0,0.0000,-2467953.0808,-4697570.1060,3519430.9415,23,-27.3650,28.9683,0.8760,-1.6947,-29.4574,29.6420,-2.0814,0.6686,-0.0109,0.0051,-0.0110,0.0000,0.0000,0.0000,0.0000,0.1746,0.1746,0.0000,-0.1636,0.0000,0.0000
242.1840,33.6020,0,23,SJOA_GPS,-28.3260,30.8070,0.3700,0.3760,1,0,1,0,0,0,0.0000,-2474771.4181,-4690646.1736,3523875.1912,23,-27.4083,29.0012,0.9177,-1.8058,-29.4937,29.6001,-2.0745,0.5937,-0.0109,0.0052,-0.0112,0.0000,0.0000,0.0000,0.0000,0.3418,0.3418,0.0000,-0.3306,0.0000,0.0000
242.1970,33.6180,0,23,TRAK_GPS,-26.1120,29.4360,0.2540,0.2630,1,0,1,0,0,0,0.0000,-2473247.9900,-4690336.9285,3525356.0584,23,-27.3157,28.8790,-1.2037,-0.5570,-29.4925,29.6056,-2.1659,0.7214,-0.0110,0.0052,-0.0112,0.0000,0.0000,0.0000,0.0000,0.3053,0.3053,0.0000,-0.2941,0.0000,0.0000
242.8550,33.4300,0,23,YUNG_GPS,-27.1590,27.6010,0.2920,0.3110,1,0,1,0,0,0,0.0000,-2424485.5537,-4728698.3913,3507938.5380,23,-26.3092,28.1845,0.8498,0.5835,-29.2739,29.8795,-2.9533,1.6900,-0.0114,0.0050,-0.0102,0.0000,0.0000,0.0000,0.0000,-0.5456,-0.5456,0.0000,0.5558,0.0000,0.0000
242.8110,33.5050,0,23,ROSA_GLA,-25.5980,28.2320,0.3460,0.3430,1,0,1,0,0,0,0.0000,-2426015.9833,-4722746.5805,3514891.5555,23,-26.0083,27.9504,-0.4103,-0.2816,-29.2984,29.8613,-3.2785,1.9059,-0.0116,0.0051,-0.0103,0.0000,0.0000,0.0000,0.0000,-0.5771,-0.5771,0.0000,0.5874,0.0000,0.0000
243.0680,33.4680,0,22,RDEC_GPS,-24.3250,27.0720,0.3460,0.3730,1,0,1,0,0,0,0.0000,-2405835.3606,-4735603.5764,3511462.1521,22,-24.9937,26.9777,-0.6687,-0.0943,-26.3764,29.7653,-1.3709,2.7826,-0.0118,0.0050,-0.0100,0.0000,0.0000,0.0000,0.0000,-0.3124,-0.3124,0.0000,0.3224,0.0000,0.0000
243.1640,33.4840,0,22,A586_GPS,-24.0130,27.2390,0.3220,0.3400,1,0,1,0,0,0,0.0000,-2397454.6402,-4738752.7799,3512945.3171,22,-24.1692,26.2759,-0.1562,-0.9631,-26.3531,29.8106,-2.1719,3.5297,-0.0120,0.0050,-0.0098,0.0000,0.0000,0.0000,0.0000,-0.1394,-0.1394,0.0000,0.1493,0.0000,0.0000
243.2650,33.5450,0,22,CARY_GPS,-21.8700,25.8150,0.3010,0.3160,1,0,1,0,0,0,0.0000,-2387413.6544,-4739628.6832,3518597.3696,22,-22.1896,24.5235,-0.3196,-1.2915,-26.3400,29.8582,-4.1380,5.3296,-0.0124,0.0051,-0.0098,0.0000,0.0000,0.0000,0.0000,0.1463,0.1463,0.0000,-0.1365,0.0000,0.0000
242.6450,33.6200,0,23,LAKE_GPS,-25.4840,28.3290,0.3430,0.3700,1,0,1,0,0,0,0.0000,-2436442.1160,-4709422.5649,3525541.1474,23,-25.9446,27.9430,-0.4606,-0.3860,-29.3643,29.7925,-3.4080,1.8443,-0.0117,0.0052,-0.0106,0.0000,0.0000,0.0000,0.0000,-0.4930,-0.4930,0.0000,0.5036,0.0000,0.0000
242.9140,33.6360,0,22,DASH_GPS,-23.5070,27.2780,0.3070,0.3190,1,0,1,0,0,0,0.0000,-2413856.5371,-4719932.8353,3527021.7053,22,-24.3883,26.6567,-0.8813,-0.6213,-26.4647,29.6924,-2.0641,3.0304,-0.0122,0.0052,-0.0103,0.0000,0.0000,0.0000,0.0000,-0.2514,-0.2514,0.0000,0.2616,0.0000,0.0000
243.1520,33.6300,0,22,R293_GPS,-22.2250,26.4290,0.3130,0.3340,1,0,1,0,0,0,0.0000,-2394396.5107,-4730248.4750,3526466.5283,22,-22.2145,24.5781,0.0105,-1.8509,-26.3946,29.8049,-4.1676,5.2216,-0.0126,0.0052,-0.0100,0.0000,0.0000,0.0000,0.0000,0.1331,0.1331,0.0000,-0.1232,0.0000,0.0000
243.4750,33.2110,0,22,MVFD_GPS,-24.8730,26.5270,0.3220,0.3280,1,0,1,0,0,0,0.0000,-2379145.8007,-4766618.6553,3487601.3699,22,-24.8394,26.4896,0.0336,-0.0374,-26.1926,29.9569,-1.3417,3.4625,-0.0115,0.0047,-0.0093,0.0000,0.0000,0.0000,0.0000,-0.2831,-0.2831,0.0000,0.2924,0.0000,0.0000
243.3070,33.2340,0,22,1108_GPS,-26.7330,27.3630,0.3010,0.3280,1,0,1,0,0,0,0.0000,-2392482.9168,-4758370.9632,3489739.6366,22,-25.6281,27.3053,1.1049,-0.0577,-26.2467,29.8780,-0.6072,2.5679,-0.0114,0.0047,-0.0095,0.0000,0.0000,0.0000,0.0000,-0.5333,-0.5333,0.0000,0.5428,0.0000,0.0000
243.7530,33.1600,0,22,1109_GPS,-23.4740,24.3560,0.2800,0.3080,1,0,1,0,0,0,0.0000,-2357362.1311,-4780888.5633,3482857.9916,22,-22.8177,24.2400,0.6563,-0.1160,-26.0996,30.0869,-3.2702,5.8422,-0.0117,0.0046,-0.0090,0.0000,0.0000,0.0000,0.0000,0.2778,0.2778,0.0000,-0.2689,0.0000,0.0000
243.2970,33.3820,0,22,SDG6_GPS,-25.0940,27.2840,0.2860,0.2990,1,0,1,0,0,0,0.0000,-2389254.6739,-4749884.5518,3503485.4516,22,-24.2359,26.2882,0.8581,-0.9958,-26.2883,29.8733,-2.0405,3.5801,-0.0119,0.0049,-0.0096,0.0000,0.0000,0.0000,0.0000,-0.2237,-0.2237,0.0000,0.2333,0.0000,0.0000
244.1120,33.1770,0,24,1110_GPS,-15.1590,16.2730,0.2800,0.2900,1,0,1,0,0,0,0.0000,-2326908.9944,-4794635.3241,3484439.4245,25,-17.1482,18.2753,-1.9892,2.0023,-16.1583,17.3176,1.0021,-0.9624,-0.0122,0.0046,-0.0086,0.0000,0.0000,0.0000,0.0000,0.1960,0.1960,0.0000,-0.1874,0.0000,0.0000
244.1380,33.1790,0,24,EXTR_GPS,-15.8890,14.4920,0.4650,0.4510,1,0,1,0,0,0,0.0000,-2324679.9614,-4795581.2969,3484625.4552,25,-16.7754,17.8106,-0.8864,3.3186,-16.1497,17.2748,0.6379,-0.5405,-0.0122,0.0047,-0.0085,0.0000,0.0000,0.0000,0.0000,0.1686,0.1686,0.0000,-0.1601,0.0000,0.0000
244.5930,33.1960,0,14,COAC_GPS,-3.1470,3.0950,0.3130,0.2930,1,0,1,0,0,0,0.0000,-2286080.4653,-4812956.6268,3486206.5453,13,-3.9237,1.6959,-0.7767,-1.3991,-0.6399,-0.2360,3.2967,-1.9365,-0.0128,0.0046,-0.0080,0.0000,0.0000,0.0000,0.0000,0.0602,0.0602,0.0000,-0.0522,0.0000,0.0000
244.4810,33.2310,0,14,1111_GPS,-5.0450,1.3990,0.3100,0.3080,1,0,1,0,0,0,0.0000,-2294566.4259,-4806555.9348,3489460.7641,13,-5.3179,2.5082,-0.2729,1.1092,-0.6382,-0.2330,4.6925,-2.7459,-0.0128,0.0047,-0.0082,0.0000,0.0000,0.0000,0.0000,-0.2918,-0.2918,0.0000,0.3000,0.0000,0.0000
244.2120,33.3900,0,14,DHLG_GPS,-11.7760,9.8990,0.2570,0.2630,1,0,1,0,0,0,0.0000,-2312885.8697,-4786992.5753,3504227.8035,13,-9.2530,9.2789,2.5230,-0.6201,-0.6314,-0.2258,8.6347,-9.5096,-0.0131,0.0049,-0.0085,0.0000,0.0000,0.0000,0.0000,0.2196,0.2196,0.0000,-0.2111,0.0000,0.0000
244.2480,33.4120,0,14,07NE_GPS,-10.4910,8.1980,0.3550,0.3640,1,0,1,0,0,0,0.0000,-2309292.8869,-4787232.6131,3506268.9189,13,-7.2142,6.8611,3.2768,-1.3369,-0.6306,-0.2267,6.5967,-7.0927,-0.0132,0.0049,-0.0085,0.0000,0.0000,0.0000,0.0000,0.1659,0.1659,0.0000,-0.1573,0.0000,0.0000
243.2990,33.5430,0,22,CRAV_GPS,-21.6910,24.9540,0.2890,0.2960,1,0,1,0,0,0,0.0000,-2384655.8687,-4741154.2905,3518412.1196,22,-21.7027,24.1148,-0.0117,-0.8392,-26.3297,29.8742,-4.6145,5.7543,-0.0125,0.0051,-0.0097,0.0000,0.0000,0.0000,0.0000,0.1643,0.1643,0.0000,-0.1546,0.0000,0.0000
243.2830,33.5500,0,22,HOWY_GPS,-21.8290,25.8840,0.2920,0.3050,1,0,1,0,0,0,0.0000,-2385786.4820,-4740104.1857,3519060.4758,22,-21.8164,24.2058,0.0126,-1.6782,-26.3361,29.8667,-4.5073,5.6558,-0.0125,0.0051,-0.0097,0.0000,0.0000,0.0000,0.0000,0.1778,0.1778,0.0000,-0.1681,0.0000,0.0000
243.4110,33.5270,0,22,TBLM_GPS,-20.2190,23.9590,0.3010,0.3130,1,0,1,0,0,0,0.0000,-2375823.1320,-4746685.1092,3516929.9653,22,-20.1247,22.7487,0.0943,-1.2103,-26.2932,29.9268,-6.1560,7.1731,-0.0125,0.0051,-0.0096,0.0000,0.0000,0.0000,0.0000,-0.0002,-0.0002,0.0000,0.0097,0.0000,0.0000
243.3870,33.5500,0,22,G114_GPS,-19.1320,23.6400,0.3100,0.3220,1,0,1,0,0,0,0.0000,-2377178.5922,-4744426.9169,3519060.4758,22,-20.0120,22.6776,-0.8800,-0.9624,-26.3061,29.9156,-6.2815,7.2329,-0.0126,0.0051,-0.0096,0.0000,0.0000,0.0000,0.0000,0.1124,0.1124,0.0000,-0.1028,0.0000,0.0000
243.4260,33.5530,0,24,LOKT_GPS,-18.9820,22.1590,0.2680,0.2780,1,0,1,0,0,0,0.0000,-2373866.1813,-4745879.1132,3519338.3267,25,-19.4259,21.7641,-0.4439,-0.3949,-15.4672,18.4461,3.9714,-3.3231,-0.0127,0.0051,-0.0096,0.0000,0.0000,0.0000,0.0000,0.0401,0.0401,0.0000,-0.0306,0.0000,0.0000
243.9390,33.4410,0,24,ROBO_GPS,-12.2950,16.9290,0.3130,0.3130,1,0,1,0,0,0,0.0000,-2334297.0805,-4773114.0266,3508958.6903,25,-14.9195,16.4015,-2.6245,-0.5275,-15.6191,17.6024,-0.6867,1.1960,-0.0129,0.0050,-0.0089,0.0000,0.0000,0.0000,0.0000,0.0693,0.0693,0.0000,-0.0605,0.0000,0.0000
243.3110,33.5550,0,22,M586_GPS,-20.9590,25.5230,0.3430,0.3520,1,0,1,0,0,0,0.0000,-2383331.8048,-4740995.1396,3519523.5552,22,-21.2473,23.7295,-0.2883,-1.7935,-26.3293,29.8798,-5.0695,6.1452,-0.0125,0.0051,-0.0097,0.0000,0.0000,0.0000,0.0000,0.2043,0.2043,0.0000,-0.1946,0.0000,0.0000
243.3380,33.5560,0,22,ANZA_GLA,-20.7790,24.8920,0.2650,0.2720,1,0,1,0,0,0,0.0000,-2381069.8346,-4742062.8354,3519616.1679,22,-20.7508,23.3160,0.0282,-1.5760,-26.3218,29.8925,-5.5584,6.5715,-0.0126,0.0051,-0.0097,0.0000,0.0000,0.0000,0.0000,0.1978,0.1978,0.0000,-0.1881,0.0000,0.0000
243.3660,33.5570,0,22,G109_GPS,-20.5500,24.9210,0.3130,0.3220,1,0,1,0,0,0,0.0000,-2378724.6029,-4743170.9681,3519708.7795,22,-20.2247,22.8701,0.3253,-2.0509,-26.3140,29.9057,-6.0767,7.0304,-0.0126,0.0051,-0.0096,0.0000,0.0000,0.0000,0.0000,0.1680,0.1680,0.0000,-0.1584,0.0000,0.0000
243.3970,33.5650,0,24,G120_GPS,-19.7580,23.4900,0.3460,0.3580,1,0,1,0,0,0,0.0000,-2375937.8577,-4744017.8261,3520449.6337,25,-19.6074,22.0446,0.1506,-1.4454,-15.4465,18.4937,4.1735,-3.5560,-0.0127,0.0051,-0.0096,0.0000,0.0000,0.0000,0.0000,0.1288,0.1288,0.0000,-0.1192,0.0000,0.0000
243.4040,33.5680,0,24,RCUT_GPS,-18.7380,22.9500,0.3130,0.3220,1,0,1,0,0,0,0.0000,-2375275.7216,-4744143.2343,3520727.4363,25,-19.4156,21.8683,-0.6776,-1.0817,-15.4388,18.4822,3.9894,-3.3912,-0.0127,0.0051,-0.0096,0.0000,0.0000,0.0000,0.0000,0.1200,0.1200,0.0000,-0.1104,0.0000,0.0000
243.4290,33.5610,0,24,0821_GPS,-18.7700,20.2790,0.4290,0.4990,1,0,1,0,0,0,0.0000,-2373397.8583,-4745563.8639,3520079.2152,25,-19.1848,21.5706,-0.4148,1.2916,-15.4494,18.4412,3.7481,-3.1345,-0.0127,0.0051,-0.0096,0.0000,0.0000,0.0000,0.0000,0.0531,0.0531,0.0000,-0.0435,0.0000,0.0000
243.4420,33.5620,0,24,G128_GPS,-17.1200,22.6380,0.3730,0.3970,1,0,1,0,0,0,0.0000,-2372293.5939,-4746047.2937,3520171.8214,25,-18.9627,21.3435,-1.8427,-1.2945,-15.4450,18.4198,3.5305,-2.9288,-0.0127,0.0051,-0.0095,0.0000,0.0000,0.0000,0.0000,0.0320,0.0320,0.0000,-0.0224,0.0000,0.0000
243.4210,33.5640,0,24,G125_GPS,-20.0390,22.2090,0.3700,0.3790,1,0,1,0,0,0,0.0000,-2373977.9712,-4745067.5897,3520357.0307,25,-19.2381,21.6506,0.8009,-0.5584,-15.4444,18.4543,3.8064,-3.2014,-0.0127,0.0051,-0.0096,0.0000,0.0000,0.0000,0.0000,0.0756,0.0756,0.0000,-0.0660,0.0000,0.0000
243.3200,33.6190,0,24,TOME_GLA,-19.0620,23.2930,0.2950,0.3160,1,0,1,0,0,0,0.0000,-2380820.3735,-4737853.7288,3525448.6034,25,-19.5736,22.3549,-0.5116,-0.9381,-15.3442,18.6202,4.2421,-3.7399,-0.0128,0.0052,-0.0097,0.0000,0.0000,0.0000,0.0000,0.3102,0.3102,0.0000,-0.3005,0.0000,0.0000
243.3900,33.6110,0,24,ROCH_GLA,-18.2660,22.6500,0.2420,0.2480,1,0,1,0,0,0,0.0000,-2375250.6788,-4741198.9716,3524708.2128,25,-18.6006,21.3502,-0.3346,-1.2998,-15.3489,18.5052,3.2646,-2.8501,-0.0128,0.0052,-0.0096,0.0000,0.0000,0.0000,0.0000,0.1938,0.1938,0.0000,-0.1842,0.0000,0.0000
243.4830,33.5710,0,24,PMCN_GPS,-17.9890,22.2670,0.3010,0.3130,1,0,1,0,0,0,0.0000,-2368649.8867,-4747248.8192,3521005.2293,25,-18.1877,20.5866,-0.1987,-1.6804,-15.4183,18.3524,2.7822,-2.2393,-0.0128,0.0051,-0.0095,0.0000,0.0000,0.0000,0.0000,-0.0035,-0.0035,0.0000,0.0130,0.0000,0.0000
243.5020,33.5710,0,24,D138_GPS,-16.6300,19.8960,0.3490,0.3610,1,0,1,0,0,0,0.0000,-2367075.5091,-4748034.0322,3521005.2293,25,-17.9466,20.3238,-1.3166,0.4278,-15.4150,18.3212,2.5444,-2.0077,-0.0128,0.0051,-0.0095,0.0000,0.0000,0.0000,0.0000,-0.0153,-0.0153,0.0000,0.0248,0.0000,0.0000
243.5160,33.5810,0,24,PF6__GLA,-16.7070,19.3950,0.3040,0.3190,1,0,1,0,0,0,0.0000,-2365641.1899,-4748062.1620,3521931.1361,25,-17.5878,19.9875,-0.8808,0.5925,-15.3910,18.2982,2.2097,-1.6945,-0.0129,0.0051,-0.0095,0.0000,0.0000,0.0000,0.0000,-0.0151,-0.0151,0.0000,0.0245,0.0000,0.0000
243.5530,33.5740,0,24,GREN_GPS,-16.5600,18.4340,0.3340,0.3400,1,0,1,0,0,0,0.0000,-2362766.1505,-4749974.0552,3521283.0126,25,-17.3098,19.6070,-0.7498,1.1730,-15.3995,18.2374,1.9232,-1.3748,-0.0129,0.0051,-0.0094,0.0000,0.0000,0.0000,0.0000,-0.0200,-0.0200,0.0000,0.0294,0.0000,0.0000
243.5700,33.5840,0,24,PF1__GPS,-15.6180,19.4830,0.2860,0.2990,1,0,1,0,0,0,0.0000,-2361083.1128,-4750124.4774,3522208.8872,25,-16.9704,19.2630,-1.3524,-0.2200,-15.3750,18.2094,1.6083,-1.0588,-0.0130,0.0051,-0.0094,0.0000,0.0000,0.0000,0.0000,-0.0181,-0.0181,0.0000,0.0275,0.0000,0.0000
243.5230,33.6030,0,24,PF5C_GPS,-16.3320,20.6050,0.3520,0.3430,1,0,1,0,0,0,0.0000,-2364457.9944,-4747140.3104,3523967.7535,25,-17.1092,19.6053,-0.7772,-0.9997,-15.3424,18.2867,1.7797,-1.3238,-0.0130,0.0052,-0.0095,0.0000,0.0000,0.0000,0.0000,-0.0124,-0.0124,0.0000,0.0219,0.0000,0.0000
243.5410,33.6090,0,24,PINY_GPS,-16.1910,18.3640,0.2830,0.2750,1,0,1,0,0,0,0.0000,-2362802.0831,-4747552.4920,3524523.1044,25,-16.8279,19.3159,-0.6369,0.9519,-15.3263,18.2571,1.5145,-1.0640,-0.0130,0.0052,-0.0095,0.0000,0.0000,0.0000,0.0000,-0.0201,-0.0201,0.0000,0.0296,0.0000,0.0000
243.5420,33.6120,0,24,PIN1_GLA,-16.3900,19.5340,0.2390,0.2450,1,0,1,0,0,0,0.0000,-2362636.9972,-4747428.5087,3524800.7654,25,-16.7670,19.2695,-0.3770,-0.2645,-15.3197,18.2554,1.4603,-1.0193,-0.0130,0.0052,-0.0095,0.0000,0.0000,0.0000,0.0000,-0.0210,-0.0210,0.0000,0.0305,0.0000,0.0000
243.5380,33.6200,0,24,ASBS_GPS,-15.6980,18.5050,0.2800,0.2990,1,0,1,0,0,0,0.0000,-2362749.0951,-4746822.9157,3525541.1474,25,-16.6668,19.2263,-0.9688,0.7213,-15.3032,18.2620,1.3767,-0.9695,-0.0131,0.0052,-0.0095,0.0000,0.0000,0.0000,0.0000,-0.0216,-0.0216,0.0000,0.0311,0.0000,0.0000
243.5620,33.5990,0,24,BNDY_GPS,-16.7640,21.0840,0.3490,0.3520,1,0,1,0,0,0,0.0000,-2361335.7002,-4748968.9243,3523597.4981,25,-16.7996,19.1808,-0.0356,-1.9032,-15.3442,18.2226,1.4685,-0.9634,-0.0130,0.0052,-0.0094,0.0000,0.0000,0.0000,0.0000,-0.0216,-0.0216,0.0000,0.0310,0.0000,0.0000
243.5800,33.6090,0,24,T138_GPS,-16.4520,21.3630,0.4920,0.4750,1,0,1,0,0,0,0.0000,-2359569.9795,-4749159.7004,3524523.1044,25,-16.4750,18.8543,-0.0230,-2.5087,-15.3195,18.1930,1.1686,-0.6664,-0.0131,0.0052,-0.0094,0.0000,0.0000,0.0000,0.0000,-0.0245,-0.0245,0.0000,0.0339,0.0000,0.0000
243.4100,33.6460,0,24,JOES_GPS,-17.3970,20.9990,0.2800,0.2840,1,0,1,0,0,0,0.0000,-2372631.3569,-4740101.5259,3527946.9143,25,-17.5526,20.4981,-0.1556,-0.5009,-15.2700,18.4724,2.2955,-2.0309,-0.0130,0.0052,-0.0096,0.0000,0.0000,0.0000,0.0000,0.1352,0.1352,0.0000,-0.1255,0.0000,0.0000
243.5890,33.6230,0,24,L587_GPS,-18.0680,19.8630,0.4270,0.4210,1,0,1,0,0,0,0.0000,-2358440.8142,-4748758.8239,3525818.7730,25,-16.1743,18.6049,1.8937,-1.2581,-15.2878,18.1782,0.8997,-0.4319,-0.0131,0.0052,-0.0094,0.0000,0.0000,0.0000,0.0000,-0.0325,-0.0325,0.0000,0.0419,0.0000,0.0000
243.5280,33.6840,0,24,WHAY_GPS,-14.9910,19.6650,0.2890,0.2900,1,0,1,0,0,0,0.0000,-2361820.6273,-4742882.3355,3531461.7281,25,-15.6468,18.6909,-0.6558,-0.9741,-15.1673,18.2785,0.4928,-0.4177,-0.0133,0.0053,-0.0095,0.0000,0.0000,0.0000,0.0000,-0.0690,-0.0690,0.0000,0.0785,0.0000,0.0000
243.6090,33.6880,0,24,RSRT_GPS,-13.0520,17.5820,0.2890,0.2990,1,0,1,0,0,0,0.0000,-2355003.5849,-4745995.6803,3531831.6182,25,-14.8770,17.8224,-1.8250,0.2404,-15.1444,18.1453,-0.2540,0.3176,-0.0134,0.0053,-0.0094,0.0000,0.0000,0.0000,0.0000,-0.1505,-0.1505,0.0000,0.1599,0.0000,0.0000
243.7260,33.6390,0,24,CAHU_GPS,-12.6780,15.8970,0.3130,0.3220,1,0,1,0,0,0,0.0000,-2346643.3844,-4753501.4550,3527299.2793,25,-14.7527,16.5258,-2.0747,0.6288,-15.2294,17.9529,-0.4633,1.4219,-0.0134,0.0052,-0.0092,0.0000,0.0000,0.0000,0.0000,0.0495,0.0495,0.0000,-0.0402,0.0000,0.0000
243.8400,33.6280,0,24,VORO_GPS,-12.1140,13.2430,0.3820,0.3550,1,0,1,0,0,0,0.0000,-2337479.3383,-4758768.8391,3526281.4607,25,-13.1073,14.3501,-0.9933,1.1071,-15.2334,17.7654,-2.1126,3.4101,-0.0135,0.0052,-0.0091,0.0000,0.0000,0.0000,0.0000,0.2175,0.2175,0.0000,-0.2084,0.0000,0.0000
244.1670,33.4290,0,14,TRAN_GPS,-11.4450,9.4510,0.2890,0.2930,1,0,1,0,0,0,0.0000,-2315604.9419,-4783026.5653,3507845.7904,13,-9.4606,9.8302,1.9844,0.3792,-0.6298,-0.2246,8.8440,-10.0597,-0.0131,0.0049,-0.0086,0.0000,0.0000,0.0000,0.0000,0.3178,0.3178,0.0000,-0.3092,0.0000,0.0000
244.2300,33.4270,0,14,S_31_GPS,-8.6270,8.3390,0.3880,0.3790,1,0,1,0,0,0,0.0000,-2310397.5644,-4785680.0803,3507660.2922,13,-7.3308,7.1215,1.2962,-1.2175,-0.6300,-0.2262,6.7141,-7.3527,-0.0132,0.0049,-0.0085,0.0000,0.0000,0.0000,0.0000,0.2231,0.2231,0.0000,-0.2146,0.0000,0.0000
244.2170,33.4410,0,14,25SE_GPS,-10.5230,8.6790,0.3190,0.3340,1,0,1,0,0,0,0.0000,-2311110.4720,-4784383.8430,3508958.6903,13,-7.3056,7.1842,3.2174,-1.4948,-0.6294,-0.2259,6.6895,-7.4151,-0.0132,0.0049,-0.0086,0.0000,0.0000,0.0000,0.0000,0.2427,0.2427,0.0000,-0.2341,0.0000,0.0000
244.3220,33.4270,0,14,SIPH_GPS,-6.9990,3.4850,0.2740,0.2810,1,0,1,0,0,0,0.0000,-2302710.2088,-4789383.7214,3507660.2922,13,-5.2175,4.0410,1.7815,0.5560,-0.6302,-0.2287,4.6006,-4.2746,-0.0133,0.0049,-0.0084,0.0000,0.0000,0.0000,0.0000,0.0206,0.0206,0.0000,-0.0122,0.0000,0.0000
244.0860,33.5030,0,14,VARN_GPS,-12.3130,7.9040,0.3160,0.3050,1,0,1,0,0,0,0.0000,-2320382.5919,-4775669.1968,3514706.2198,13,-9.6901,10.2132,2.6229,2.3092,-0.6267,-0.2224,9.0767,-10.4406,-0.0133,0.0050,-0.0087,0.0000,0.0000,0.0000,0.0000,0.1674,0.1674,0.0000,-0.1587,0.0000,0.0000
243.9920,33.6120,0,14,PAIN_GPS,-8.9920,7.6570,0.3130,0.3190,1,0,1,0,0,0,0.0000,-2325278.2949,-4765838.0036,3524800.7654,13,-9.0879,9.7995,-0.0959,2.1425,-0.6222,-0.2199,8.4793,-10.0245,-0.0136,0.0051,-0.0089,0.0000,0.0000,0.0000,0.0000,0.0822,0.0822,0.0000,-0.0733,0.0000,0.0000
244.1380,33.6400,0,14,N125_GPS,-5.1590,3.7920,0.4890,0.4960,1,0,1,0,0,0,0.0000,-2312374.8843,-4770197.1587,3527391.8018,13,-5.1359,4.8186,0.0231,1.0266,-0.6214,-0.2238,4.5284,-5.0476,-0.0139,0.0052,-0.0087,0.0000,0.0000,0.0000,0.0000,0.0168,0.0168,0.0000,-0.0081,0.0000,0.0000
244.0360,33.6770,0,14,1113_GPS,-7.0760,4.5960,0.3520,0.4120,1,0,1,0,0,0,0.0000,-2319865.5329,-4764024.0544,3530814.3791,13,-6.3136,6.4211,0.7624,1.8251,-0.6197,-0.2210,5.7078,-6.6474,-0.0139,0.0052,-0.0089,0.0000,0.0000,0.0000,0.0000,-0.0841,-0.0841,0.0000,0.0930,0.0000,0.0000
244.2800,33.6640,0,14,BLAC_GLA,-4.1760,1.8170,0.2570,0.2630,1,0,1,0,0,0,0.0000,-2299904.0733,-4774581.8357,3529612.0196,13,-3.6728,2.8252,0.5032,1.0082,-0.6207,-0.2276,3.0662,-3.0580,-0.0141,0.0052,-0.0086,0.0000,0.0000,0.0000,0.0000,0.0652,0.0652,0.0000,-0.0566,0.0000,0.0000
242.0910,33.7480,0,23,FIFT_GPS,-26.8850,29.9500,0.3250,0.3670,1,0,1,0,0,0,0.0000,-2478170.7428,-4678672.7611,3537377.9025,23,-27.2141,28.2212,-0.3291,-1.7288,-29.5438,29.5611,-2.3185,1.3345,-0.0113,0.0054,-0.0115,0.0000,0.0000,0.0000,0.0000,0.5393,0.5393,0.0000,-0.5278,0.0000,0.0000
242.4650,33.7090,0,23,SAN1_GLA,-25.5750,26.7760,0.3340,0.3280,1,0,1,0,0,0,0.0000,-2448690.5241,-4696883.3002,3533773.2586,23,-26.0527,27.9043,-0.4777,1.1283,-29.4302,29.7176,-3.3657,1.8080,-0.0118,0.0053,-0.0109,0.0000,0.0000,0.0000,0.0000,-0.2518,-0.2518,0.0000,0.2627,0.0000,0.0000
242.1350,33.8630,0,23,CCCS_GPS,-26.2960,25.7780,0.3100,0.3190,1,0,1,0,0,0,0.0000,-2471253.6122,-4674288.3161,3547997.4329,23,-26.6000,26.7584,-0.3040,0.9804,-29.5496,29.5796,-2.9379,2.8156,-0.0118,0.0055,-0.0115,0.0000,0.0000,0.0000,0.0000,1.0317,1.0317,0.0000,-1.0202,0.0000,0.0000
242.4020,33.8470,0,31,OAKD_GPS,-25.2670,26.7880,0.2740,0.2870,1,0,1,0,0,0,0.0000,-2449903.4407,-4686631.5082,3546520.7880,31,-25.5548,27.0934,-0.2878,0.3054,-23.9401,27.1432,1.6269,0.0443,-0.0122,0.0055,-0.0111,0.0000,0.0000,0.0000,0.0000,-0.2039,-0.2039,0.0000,0.2151,0.0000,0.0000
242.4530,33.8840,0,22,0819_GPS,-24.6090,26.5060,0.2770,0.2870,1,0,1,0,0,0,0.0000,-2444671.1234,-4686778.7743,3549935.1093,22,-25.0975,26.8850,-0.4885,0.3790,-26.6621,29.4729,-1.5522,2.5823,-0.0125,0.0056,-0.0111,0.0000,0.0000,0.0000,0.0000,-0.2252,-0.2252,0.0000,0.2363,0.0000,0.0000
242.2620,33.9140,0,31,SJUA_GPS,-25.6160,26.3340,0.2570,0.2630,1,0,1,0,0,0,0.0000,-2459415.8079,-4676957.4580,3552702.3913,31,-26.1095,26.4987,-0.4935,0.1647,-25.0650,25.2202,1.0567,-1.2841,-0.0122,0.0056,-0.0114,0.0000,0.0000,0.0000,0.0000,1.5249,1.5249,0.0000,-1.5135,0.0000,0.0000
242.7680,33.7960,0,22,METZ_GLA,-23.0200,25.8640,0.3490,0.3340,1,0,1,0,0,0,0.0000,-2421359.4885,-4704990.5923,3541812.1373,22,-23.7725,26.1734,-0.7525,0.3094,-26.5485,29.6230,-2.7634,3.4442,-0.0126,0.0055,-0.0106,0.0000,0.0000,0.0000,0.0000,-0.1593,-0.1593,0.0000,0.1699,0.0000,0.0000
243.2230,33.7940,0,24,INDO_GLA,-14.8930,23.4070,0.3070,0.3160,1,0,1,0,0,0,0.0000,-2383975.7318,-4724181.0231,3541627.4271,25,-17.2409,20.3632,-2.3479,-3.0438,-14.9854,18.7795,2.2688,-1.5891,-0.0133,0.0054,-0.0100,0.0000,0.0000,0.0000,0.0000,0.1388,0.1388,0.0000,-0.1289,0.0000,0.0000
242.6910,33.8370,0,22,LAST_GLA,-23.4080,26.2570,0.2890,0.3190,1,0,1,0,0,0,0.0000,-2426516.9458,-4699479.0783,3545597.7445,22,-23.9400,26.2662,-0.5320,0.0092,-26.5814,29.5864,-2.6288,3.3148,-0.0127,0.0055,-0.0107,0.0000,0.0000,0.0000,0.0000,-0.1684,-0.1684,0.0000,0.1792,0.0000,0.0000
241.8910,34.0890,0,31,SGHS_GPS,-24.2390,24.4780,0.3550,0.3610,1,0,1,0,0,0,0.0000,-2484524.0282,-4651341.4028,3568825.4327,31,-26.1313,25.2421,-1.8923,0.7641,-27.9923,20.1237,-1.8488,-5.1244,-0.0123,0.0059,-0.0121,0.0000,0.0000,0.0000,0.0000,-0.2514,-0.2514,0.0000,0.2635,0.0000,0.0000
242.1160,34.0420,0,31,SNTZ_GPS,-22.1780,24.8490,0.4180,0.3520,1,0,1,0,0,0,0.0000,-2467607.4664,-4663648.2755,3564498.5083,31,-26.0264,25.3507,-3.8484,0.5017,-27.1805,23.2147,-1.1416,-2.1418,-0.0125,0.0058,-0.0117,0.0000,0.0000,0.0000,0.0000,0.4637,0.4637,0.0000,-0.4520,0.0000,0.0000
242.4510,33.9750,0,22,LIMP_GPS,-24.2340,26.0060,0.3310,0.3400,1,0,1,0,0,0,0.0000,-2442223.9396,-4681688.6261,3558326.1934,22,-24.2850,26.2201,-0.0510,0.2141,-26.6866,29.4719,-2.3888,3.2460,-0.0128,0.0057,-0.0112,0.0000,0.0000,0.0000,0.0000,-0.0107,-0.0107,0.0000,0.0219,0.0000,0.0000
242.4870,34.0180,0,22,SANO_GPS,-22.7340,24.5550,0.3040,0.3130,1,0,1,0,0,0,0.0000,-2438047.5449,-4680852.4006,3562288.0897,22,-23.5675,25.6147,-0.8335,1.0597,-26.6876,29.4891,-3.1070,3.8686,-0.0131,0.0058,-0.0111,0.0000,0.0000,0.0000,0.0000,0.0408,0.0408,0.0000,-0.0297,0.0000,0.0000
242.5570,34.0320,0,22,JUR3_GPS,-23.1220,24.6820,0.2740,0.2780,1,0,1,0,0,0,0.0000,-2431925.7621,-4683054.9223,3563577.5765,22,-22.7707,24.8957,0.3513,0.2137,-26.6711,29.5225,-3.8871,4.6210,-0.0132,0.0058,-0.0111,0.0000,0.0000,0.0000,0.0000,0.0041,0.0041,0.0000,0.0069,0.0000,0.0000
242.4700,34.0770,0,22,STEE_GPS,-23.3480,25.6850,0.3490,0.3580,1,0,1,0,0,0,0.0000,-2437739.4706,-4676873.4442,3567720.9143,22,-22.9806,24.9507,0.3674,-0.7343,-26.7079,29.4810,-3.7140,4.5244,-0.0133,0.0059,-0.0112,0.0000,0.0000,0.0000,0.0000,0.1706,0.1706,0.0000,-0.1594,0.0000,0.0000
242.3110,34.1210,0,22,PSEB_GPS,-23.9620,22.6120,0.3190,0.3310,1,0,1,0,0,0,0.0000,-2449434.8979,-4667663.1040,3571770.0499,22,-23.9706,24.2981,-0.0086,1.6861,-26.7653,29.4049,-2.7815,5.1008,-0.0132,0.0060,-0.0115,0.0000,0.0000,0.0000,0.0000,0.4248,0.4248,0.0000,-0.4133,0.0000,0.0000
242.5030,34.1360,0,22,THRT_GPS,-22.8430,21.1340,0.5040,0.5580,1,0,1,0,0,0,0.0000,-2433347.8700,-4675015.4009,3573149.9557,22,-21.6288,23.5719,1.2142,2.4379,-26.7138,29.4968,-5.0714,5.9189,-0.0136,0.0060,-0.0112,0.0000,0.0000,0.0000,0.0000,0.3422,0.3422,0.0000,-0.3310,0.0000,0.0000
242.3950,34.1720,0,26,ANGA_GPS,-22.6410,23.1580,0.3610,0.3700,1,0,1,0,0,0,0.0000,-2441114.9477,-4668429.9200,3576460.7303,26,-22.3873,23.2863,0.2537,0.1283,-28.1949,23.5858,-5.7940,0.2935,-0.0136,0.0060,-0.0114,0.0000,0.0000,0.0000,0.0000,-4.4065,-4.4065,0.0000,4.4180,0.0000,0.0000
242.4960,34.2120,0,26,SANS_GPS,-20.7730,20.5640,0.3220,0.3250,1,0,1,0,0,0,0.0000,-2431728.0723,-4670510.0365,3580137.7128,26,-20.7655,21.1823,0.0075,0.6183,-28.1452,23.5587,-7.3657,2.3703,-0.0139,0.0061,-0.0113,0.0000,0.0000,0.0000,0.0000,-4.0256,-4.0256,0.0000,4.0369,0.0000,0.0000
242.8610,34.0140,0,24,BRI2_GLA,-17.0550,21.2100,0.2800,0.2960,1,0,1,0,0,0,0.0000,-2407554.8464,-4696888.3000,3561919.6258,25,-18.4865,20.4261,-1.4315,-0.7839,-14.5795,19.3735,3.9206,-1.0584,-0.0137,0.0058,-0.0106,0.0000,0.0000,0.0000,0.0000,0.6168,0.6168,0.0000,-0.6062,0.0000,0.0000
242.8960,34.0220,0,24,0818_GPS,-17.6840,20.5690,0.3220,0.3310,1,0,1,0,0,0,0.0000,-2404458.6176,-4697915.3486,3562656.5362,25,-17.6655,19.5760,0.0185,-0.9930,-14.5557,19.3161,3.1236,-0.2657,-0.0138,0.0058,-0.0106,0.0000,0.0000,0.0000,0.0000,0.8853,0.8853,0.0000,-0.8747,0.0000,0.0000
242.6470,34.0890,0,22,RTHS_GPS,-22.0690,22.2490,0.2860,0.2960,1,0,1,0,0,0,0.0000,-2422936.5306,-4683718.0808,3568825.4327,22,-20.6842,22.2903,1.3848,0.0413,-26.6599,29.5655,-5.9621,7.2692,-0.0137,0.0059,-0.0110,0.0000,0.0000,0.0000,0.0000,0.1745,0.1745,0.0000,-0.1635,0.0000,0.0000
242.7340,34.0630,0,24,BRYN_GPS,-21.6690,23.4950,0.4590,0.5220,1,0,1,0,0,0,0.0000,-2416563.4835,-4688830.8122,3566432.1116,25,-19.8121,21.4060,1.8569,-2.0890,-14.4984,19.5817,5.3275,-1.8301,-0.0137,0.0059,-0.0108,0.0000,0.0000,0.0000,0.0000,0.3344,0.3344,0.0000,-0.3235,0.0000,0.0000
242.9000,34.0390,0,24,CRFP_GPS,-18.8900,19.9990,0.2480,0.2570,1,0,1,0,0,0,0.0000,-2403648.9906,-4697141.9836,3564222.2402,25,-17.2240,19.0451,1.6660,-0.9539,-14.5184,19.3096,2.7194,0.2587,-0.0138,0.0058,-0.0106,0.0000,0.0000,0.0000,0.0000,1.1507,1.1507,0.0000,-1.1402,0.0000,0.0000
243.0480,34.0030,0,24,CHER_GLA,-14.9330,20.7130,0.3250,0.3280,1,0,1,0,0,0,0.0000,-2392522.4099,-4705330.4435,3560906.2606,25,-15.4196,18.0965,-0.4866,-2.6165,-14.5681,19.0668,0.8654,0.9645,-0.0139,0.0057,-0.0103,0.0000,0.0000,0.0000,0.0000,1.0133,1.0133,0.0000,-1.0029,0.0000,0.0000
243.2880,33.7140,0,24,WD91_GLA,-18.2360,22.3840,0.2860,0.2990,1,0,1,0,0,0,0.0000,-2380835.2939,-4731295.2042,3534235.4839,25,-17.8465,21.0770,0.3895,-1.3070,-15.1457,18.6728,2.7139,-2.4096,-0.0131,0.0053,-0.0098,0.0000,0.0000,0.0000,0.0000,0.2168,0.2168,0.0000,-0.2070,0.0000,0.0000
243.4670,33.7760,0,24,BOTR_GPS,-13.9350,18.8570,0.3310,0.3430,1,0,1,0,0,0,0.0000,-2364332.6739,-4735285.7770,3539964.8414,25,-14.6193,18.2765,-0.6843,-0.5805,-14.9801,18.3787,-0.3473,0.0968,-0.0136,0.0054,-0.0096,0.0000,0.0000,0.0000,0.0000,-0.1137,-0.1137,0.0000,0.1234,0.0000,0.0000
243.7010,33.7140,0,24,PTHP_GPS,-12.7270,15.7880,0.2770,0.2810,1,0,1,0,0,0,0.0000,-2346669.5689,-4748333.7014,3534235.4839,25,-13.3872,16.2217,-0.6602,0.4337,-15.0723,17.9940,-1.6714,1.7670,-0.0136,0.0053,-0.0093,0.0000,0.0000,0.0000,0.0000,-0.3712,-0.3712,0.0000,0.3805,0.0000,0.0000
243.7190,33.7500,0,24,DUNP_GPS,-11.1480,14.0080,0.3160,0.3130,1,0,1,0,0,0,0.0000,-2344194.0222,-4747078.6708,3537562.7119,25,-12.0349,15.2626,-0.8869,1.2546,-14.9917,17.9644,-2.9430,2.6965,-0.0138,0.0053,-0.0093,0.0000,0.0000,0.0000,0.0000,-0.7475,-0.7475,0.0000,0.7568,0.0000,0.0000
243.8420,33.7400,0,25,COCH_GLA,-9.3840,9.5530,0.2950,0.3050,1,0,1,0,0,0,0.0000,-2334269.9669,-4752654.2522,3536638.6219,24,-9.2824,11.8932,0.1016,2.3402,-7.1396,20.4820,2.1567,8.5835,-0.0139,0.0053,-0.0091,0.0000,0.0000,0.0000,0.0000,-0.3260,-0.3260,0.0000,0.3351,0.0000,0.0000
243.8290,33.7490,0,25,GAPP_GLA,-8.7720,10.3240,0.2890,0.2960,1,0,1,0,0,0,0.0000,-2335103.2019,-4751625.8607,3537470.3078,24,-9.4569,11.9715,-0.6849,1.6475,-7.2610,20.3384,2.2098,8.3615,-0.0139,0.0053,-0.0092,0.0000,0.0000,0.0000,0.0000,-0.3693,-0.3693,0.0000,0.3784,0.0000,0.0000
243.6690,33.8170,0,24,RMRD_GLA,-10.0690,15.4600,0.4060,0.4060,1,0,1,0,0,0,0.0000,-2346499.2631,-4741320.4022,3543751.3335,25,-10.6943,15.2794,-0.6253,-0.1806,-14.8562,18.0466,-4.1479,2.7618,-0.0140,0.0054,-0.0094,0.0000,0.0000,0.0000,0.0000,-1.1318,-1.1318,0.0000,1.1412,0.0000,0.0000
243.8250,33.8100,0,14,BERD_GPS,-7.4450,8.1640,0.3130,0.3130,1,0,1,0,0,0,0.0000,-2333772.2872,-4748080.1825,3543104.9877,13,-8.5137,10.1017,-1.0687,1.9377,-0.6140,-0.2154,7.9138,-10.3225,-0.0142,0.0054,-0.0092,0.0000,0.0000,0.0000,0.0000,-0.4101,-0.4101,0.0000,0.4193,0.0000,0.0000
243.5110,33.8390,0,24,PSAR_GPS,-11.0190,18.2460,0.3400,0.3520,1,0,1,0,0,0,0.0000,-2358958.0028,-4733613.4237,3545782.3618,25,-12.8927,17.0910,-1.8737,-1.1550,-14.8367,18.3064,-1.9302,1.2099,-0.0139,0.0055,-0.0096,0.0000,0.0000,0.0000,0.0000,-0.3857,-0.3857,0.0000,0.3953,0.0000,0.0000
243.5690,33.8700,0,24,EDOM_GLA,-10.2530,18.0930,0.2740,0.2810,1,0,1,0,0,0,0.0000,-2353310.7151,-4734280.3377,3548643.3780,25,-11.5364,15.6854,-1.2834,-2.4076,-14.7597,18.2111,-3.2091,2.5202,-0.0141,0.0055,-0.0096,0.0000,0.0000,0.0000,0.0000,-0.6340,-0.6340,0.0000,0.6436,0.0000,0.0000
243.3580,33.9250,0,24,TOM2_GLA,-13.9020,19.5510,0.3490,0.3730,1,0,1,0,0,0,0.0000,-2369200.7958,-4722534.8948,3553716.8173,25,-12.9260,17.0387,0.9760,-2.5123,-14.6791,18.5578,-1.7391,1.5135,-0.0140,0.0056,-0.0099,0.0000,0.0000,0.0000,0.0000,0.5056,0.5056,0.0000,-0.4958,0.0000,0.0000
243.5940,33.9310,0,25,WIDE_GLA,-10.4370,16.3820,0.3550,0.3610,1,0,1,0,0,0,0.0000,-2349563.2239,-4731920.1471,3554270.0854,24,-10.1137,14.4158,0.3233,-1.9662,-9.7078,17.7416,0.4203,3.3202,-0.0144,0.0056,-0.0096,0.0000,0.0000,0.0000,0.0000,-0.5236,-0.5236,0.0000,0.5332,0.0000,0.0000
243.6080,33.9350,0,25,WIDC_GPS,-10.5460,17.9020,0.2770,0.2840,1,0,1,0,0,0,0.0000,-2348296.6234,-4732271.8281,3554638.9092,24,-9.8791,14.0756,0.6669,-3.8264,-9.7582,17.8963,0.1353,3.8151,-0.0144,0.0056,-0.0095,0.0000,0.0000,0.0000,0.0000,-0.5130,-0.5130,0.0000,0.5225,0.0000,0.0000
243.8270,33.9520,0,14,PBB4_GPS,-4.6580,9.5340,0.3820,0.4030,1,0,1,0,0,0,0.0000,-2329726.1827,-4740266.3131,3556206.2168,13,-5.7399,8.2136,-1.0819,-1.3204,-0.6084,-0.2154,5.1463,-8.4346,-0.0148,0.0056,-0.0093,0.0000,0.0000,0.0000,0.0000,-0.4962,-0.4962,0.0000,0.5054,0.0000,0.0000
244.6000,33.7150,0,14,DESO_GPS,-2.0820,1.1450,0.3070,0.2870,1,0,1,0,0,0,0.0000,-2271853.5300,-4784512.4216,3534327.9258,13,-2.4388,1.1655,-0.3568,0.0205,-0.6195,-0.2361,1.8340,-1.4069,-0.0147,0.0052,-0.0082,0.0000,0.0000,0.0000,0.0000,0.1041,0.1041,0.0000,-0.0959,0.0000,0.0000
244.2360,33.8340,0,14,JTRE_GPS,-1.9000,2.8680,0.3370,0.3370,1,0,1,0,0,0,0.0000,-2299007.8145,-4763361.7207,3545320.8104,13,-3.3721,2.5626,-1.4721,-0.3054,-0.6140,-0.2264,2.7729,-2.7944,-0.0148,0.0054,-0.0087,0.0000,0.0000,0.0000,0.0000,-0.0264,-0.0264,0.0000,0.0351,0.0000,0.0000
243.2910,34.1930,0,25,ONYX_GPS,-11.1990,17.2440,0.5700,0.4090,1,0,1,0,0,0,0.0000,-2367224.5032,-4704860.7697,3578391.3636,24,-11.5355,14.6173,-0.3365,-2.6267,-13.2152,14.3929,-1.6646,-0.2305,-0.0151,0.0060,-0.0101,0.0000,0.0000,0.0000,0.0000,-0.2679,-0.2679,0.0000,0.2780,0.0000,0.0000
244.0010,33.9740,0,14,F726_GPS,-4.7570,4.3570,0.4680,0.5080,1,0,1,0,0,0,0.0000,-2314721.1369,-4746091.8755,3558234.0324,13,-4.3658,4.8916,0.3912,0.5346,-0.6079,-0.2201,3.7729,-5.1173,-0.0151,0.0056,-0.0090,0.0000,0.0000,0.0000,0.0000,-0.6121,-0.6121,0.0000,0.6212,0.0000,0.0000
245.0110,33.6090,0,14,FORD_GPS,-2.1210,0.9300,0.5340,0.5140,1,0,1,0,0,0,0.0000,-2240233.0127,-4806604.2480,3524523.1044,13,-1.9155,0.6872,0.2055,-0.2428,-0.6246,-0.2471,1.3056,-0.9393,-0.0147,0.0050,-0.0077,0.0000,0.0000,0.0000,0.0000,0.0784,0.0784,0.0000,-0.0707,0.0000,0.0000
244.7570,33.6810,0,14,1114_GPS,-3.5750,1.6790,0.3700,0.3160,1,0,1,0,0,0,0.0000,-2259628.6730,-4792615.9002,3531184.2993,13,-2.2024,0.8906,1.3726,-0.7884,-0.6212,-0.2403,1.5960,-1.1361,-0.0147,0.0051,-0.0080,0.0000,0.0000,0.0000,0.0000,0.1055,0.1055,0.0000,-0.0975,0.0000,0.0000
245.2850,33.6100,0,14,BLYT_GPS,-2.8680,1.4200,0.2390,0.2420,1,0,1,0,0,0,0.0000,-2217195.6109,-4817206.6117,3524615.6592,13,-1.6339,0.5678,1.2341,-0.8522,-0.6252,-0.2544,1.0237,-0.8272,-0.0149,0.0050,-0.0074,0.0000,0.0000,0.0000,0.0000,0.0339,0.0339,0.0000,-0.0265,0.0000,0.0000
244.7730,34.0400,0,14,COXO_GPS,-0.7110,1.0390,0.5460,0.5250,1,0,1,0,0,0,0.0000,-2248815.9730,-4773137.4937,3564314.3306,13,-1.8039,0.7265,-1.0929,-0.3125,-0.6071,-0.2408,1.2131,-0.9728,-0.0162,0.0055,-0.0081,0.0000,0.0000,0.0000,0.0000,0.0407,0.0407,0.0000,-0.0326,0.0000,0.0000
245.5190,34.0440,0,14,ENDD_GPS,-0.9100,1.2210,0.3610,0.2960,1,0,1,0,0,0,0.0000,-2186377.0002,-4801785.5485,3564682.6816,13,-1.3213,0.3593,-0.4113,-0.8617,-0.6087,-0.2607,0.7294,-0.6253,-0.0168,0.0054,-0.0072,0.0000,0.0000,0.0000,0.0000,0.0128,0.0128,0.0000,-0.0056,0.0000,0.0000
239.3180,34.4690,0,30,HARV_GPS,-32.7390,34.1620,0.2540,0.2690,1,0,1,0,0,0,0.0000,-2678691.3900,-4514660.7342,3603720.6264,30,-32.0283,35.8906,0.7107,1.7286,-32.6001,38.5741,-0.5647,2.6774,-0.0071,0.0061,-0.0168,0.0000,0.0000,0.0000,0.0000,0.7078,0.7078,0.0000,-0.6910,0.0000,0.0000
240.2860,34.4940,0,42,LACU_GPS,-30.6980,30.4620,0.2860,0.2870,1,0,1,0,0,0,0.0000,-2601258.8505,-4557904.1022,3606010.8222,42,-30.5356,30.3935,0.1624,-0.0685,-31.2992,30.8756,-0.7534,0.4755,-0.0102,0.0065,-0.0152,0.0000,0.0000,0.0000,0.0000,0.5935,0.5935,0.0000,-0.5782,0.0000,0.0000
239.3730,34.5710,0,41,RUS1_GPS,-29.7030,36.7090,0.3940,0.3670,1,0,1,0,0,0,0.0000,-2671083.8141,-4511702.3304,3613060.3097,41,-31.5733,34.9776,-1.8703,-1.7314,-32.9950,33.1819,-1.4140,-1.8020,-0.0077,0.0064,-0.0170,0.0000,0.0000,0.0000,0.0000,0.7126,0.7126,0.0000,-0.6957,0.0000,0.0000
239.3830,34.5930,0,41,ALVA_GPS,-31.0570,35.4790,0.4030,0.3670,1,0,1,0,0,0,0.0000,-2669589.5807,-4510974.2099,3615073.2510,41,-31.4928,34.8101,-0.4358,-0.6689,-32.9246,33.1601,-1.4241,-1.6564,-0.0078,0.0064,-0.0170,0.0000,0.0000,0.0000,0.0000,0.6758,0.6758,0.0000,-0.6588,0.0000,0.0000
239.8010,34.5020,0,42,GAVI_GPS,-29.8330,33.1820,0.3070,0.2930,1,0,1,0,0,0,0.0000,-2639493.8700,-4535286.6072,3606743.5399,42,-30.7674,34.0092,-0.9344,0.8272,-31.4007,33.3448,-0.6245,-0.6707,-0.0088,0.0064,-0.0161,0.0000,0.0000,0.0000,0.0000,-0.1235,-0.1235,0.0000,0.1396,0.0000,0.0000
240.9900,34.4400,0,42,SNP2_GPS,-29.3410,26.2940,0.3760,0.3820,1,0,1,0,0,0,0.0000,-2546707.4515,-4592491.3588,3601063.1398,42,-28.7853,27.6899,0.5557,1.3959,-31.4511,27.2875,-2.6539,-0.4090,-0.0118,0.0065,-0.0140,0.0000,0.0000,0.0000,0.0000,1.0602,1.0602,0.0000,-1.0463,0.0000,0.0000
241.3240,34.2360,0,33,ROCK_GPS,-27.4850,30.3400,0.2620,0.2720,1,0,1,0,0,0,0.0000,-2526029.3454,-4618478.6861,3582343.0648,33,-27.8118,27.6366,-0.3268,-2.7034,-28.6684,30.9031,-0.8450,3.2604,-0.0117,0.0061,-0.0131,0.0000,0.0000,0.0000,0.0000,1.0692,1.0692,0.0000,-1.0561,0.0000,0.0000
241.3590,34.2570,0,33,CHT3_GPS,-27.8100,29.9390,0.2510,0.2600,1,0,1,0,0,0,0.0000,-2522578.0909,-4618868.2383,3584272.2322,33,-27.6648,26.9803,0.1452,-2.9587,-28.4906,30.6826,-0.8139,3.6961,-0.0119,0.0062,-0.0131,0.0000,0.0000,0.0000,0.0000,1.3510,1.3510,0.0000,-1.3379,0.0000,0.0000
241.4760,34.2540,0,33,CSN1_GPS,-27.0040,26.3940,0.2680,0.2780,1,0,1,0,0,0,0.0000,-2513230.5613,-4624174.6834,3583996.6663,33,-27.3493,26.5056,-0.3453,0.1116,-28.4797,29.9451,-1.1183,3.4333,-0.0121,0.0062,-0.0129,0.0000,0.0000,0.0000,0.0000,1.4908,1.4908,0.0000,-1.4778,0.0000,0.0000
241.4890,34.2580,0,33,DELO_GPS,-24.9930,26.5140,0.3310,0.3460,1,0,1,0,0,0,0.0000,-2512061.8664,-4624524.9210,3584364.0853,33,-27.3714,26.3941,-2.3784,-0.1199,-28.4440,29.8631,-1.0604,3.4628,-0.0122,0.0062,-0.0129,0.0000,0.0000,0.0000,0.0000,1.5577,1.5577,0.0000,-1.5448,0.0000,0.0000
241.3990,34.3300,0,42,OATT_GPS,-30.2910,24.0670,0.3730,0.3820,1,0,1,0,0,0,0.0000,-2517164.7481,-4616615.0200,3590974.6378,42,-27.6773,25.3348,2.6137,1.2678,-32.0670,25.2010,-4.3774,-0.1402,-0.0123,0.0063,-0.0131,0.0000,0.0000,0.0000,0.0000,-8.6570,-8.6570,0.0000,8.6701,0.0000,0.0000
241.3990,34.3310,0,42,PICO_GNR,-28.0210,26.1970,0.2420,0.2510,1,0,1,0,0,0,0.0000,-2517134.7451,-4616559.9928,3591066.4111,42,-27.6654,25.2686,0.3556,-0.9284,-32.0604,25.2010,-4.3827,-0.0739,-0.0123,0.0063,-0.0131,0.0000,0.0000,0.0000,0.0000,-8.6343,-8.6343,0.0000,8.6474,0.0000,0.0000
241.5890,34.3530,0,26,CMP9_GPS,-26.2800,24.4900,0.2590,0.2690,1,0,1,0,0,0,0.0000,-2501155.5989,-4623668.5926,3593085.1475,26,-25.8373,21.5405,0.4427,-2.9495,-28.2638,23.7992,-2.4137,2.2522,-0.0128,0.0064,-0.0128,0.0000,0.0000,0.0000,0.0000,-4.3378,-4.3378,0.0000,4.3507,0.0000,0.0000
240.7360,34.5660,0,41,0102_GPS,-29.5000,25.3240,0.3850,0.3490,1,0,1,0,0,0,0.0000,-2563164.1423,-4574236.8130,3612602.7487,41,-29.4209,26.1159,0.0791,0.7919,-32.5826,30.1943,-3.1499,4.0716,-0.0118,0.0067,-0.0146,0.0000,0.0000,0.0000,0.0000,0.4884,0.4884,0.0000,-0.4738,0.0000,0.0000
240.7000,34.6360,0,41,MUNS_GPS,-27.6500,24.4750,0.2890,0.2840,1,0,1,0,0,0,0.0000,-2563875.8478,-4568773.0266,3619006.0970,41,-29.2401,25.2709,-1.5901,0.7959,-32.3790,30.2734,-3.1269,4.9956,-0.0120,0.0069,-0.0148,0.0000,0.0000,0.0000,0.0000,1.0259,1.0259,0.0000,-1.0112,0.0000,0.0000
240.8960,34.7340,0,41,LVMS_GPS,-24.6890,21.0270,0.3400,0.3490,1,0,1,0,0,0,0.0000,-2545217.2768,-4572101.7406,3627961.7073,41,-26.3505,22.0828,-1.6615,1.0558,-32.0203,29.8424,-5.6568,7.7524,-0.0131,0.0072,-0.0145,0.0000,0.0000,0.0000,0.0000,2.7038,2.7038,0.0000,-2.6893,0.0000,0.0000
241.2590,34.5690,0,42,WKPK_GPS,-24.9690,21.3940,0.1530,0.1470,1,0,1,0,0,0,0.0000,-2521213.0173,-4597276.8114,3612877.2886,42,-25.8311,23.5926,-0.8621,2.1986,-30.5339,25.9153,-4.6896,2.3159,-0.0131,0.0068,-0.0137,0.0000,0.0000,0.0000,0.0000,0.5776,0.5776,0.0000,-0.5639,0.0000,0.0000
241.7550,34.6290,0,28,QHTP_GPS,-19.1310,19.3530,0.3430,0.3490,1,0,1,0,0,0,0.0000,-2479529.3609,-4615594.5514,3618366.0051,28,-18.4775,19.0406,0.6535,-0.3124,-12.4205,15.1056,6.0715,-3.9420,-0.0146,0.0069,-0.0129,0.0000,0.0000,0.0000,0.0000,0.6975,0.6975,0.0000,-0.6846,0.0000,0.0000
239.3940,34.8940,0,41,LOSP_GPS,-30.6860,35.2880,0.2890,0.2870,1,0,1,0,0,0,0.0000,-2659017.4950,-4495078.6374,3642560.2900,41,-30.4201,33.8966,0.2659,-1.3914,-32.0022,33.1360,-1.5730,-0.7678,-0.0091,0.0072,-0.0177,0.0000,0.0000,0.0000,0.0000,0.5136,0.5136,0.0000,-0.4959,0.0000,0.0000
239.7430,34.7980,0,41,LAMO_GPS,-31.0310,34.8140,0.3760,0.3460,1,0,1,0,0,0,0.0000,-2634659.4833,-4516457.1758,3633804.5417,41,-30.5388,32.3807,0.4922,-2.4333,-32.1815,32.3727,-1.6327,-0.0150,-0.0099,0.0071,-0.0168,0.0000,0.0000,0.0000,0.0000,0.4409,0.4409,0.0000,-0.4241,0.0000,0.0000
239.7000,34.9600,0,41,7HLI_GPS,-29.1060,34.1760,0.4560,0.4270,1,0,1,0,0,0,0.0000,-2632854.0777,-4505589.7612,3648573.9365,41,-29.7180,31.9062,-0.6120,-2.2698,-31.7002,32.4668,-1.9716,0.5531,-0.0106,0.0075,-0.0173,0.0000,0.0000,0.0000,0.0000,0.3084,0.3084,0.0000,-0.2911,0.0000,0.0000
240.2860,34.8230,0,41,SALI_GPS,-28.4090,29.7220,0.2650,0.2750,1,0,1,0,0,0,0.0000,-2590952.5644,-4539845.5135,3636085.6679,41,-28.9457,27.9191,-0.5367,-1.8029,-31.9331,31.1826,-2.9756,3.2562,-0.0118,0.0073,-0.0158,0.0000,0.0000,0.0000,0.0000,0.5327,0.5327,0.0000,-0.5169,0.0000,0.0000
240.1620,35.0030,0,41,0504_GPS,-27.2960,28.7470,0.2920,0.2990,1,0,1,0,0,0,0.0000,-2595075.2790,-4524296.3616,3652489.3143,41,-27.2588,27.4043,0.0372,-1.3427,-31.4209,31.4546,-4.1497,4.0426,-0.0124,0.0077,-0.0164,0.0000,0.0000,0.0000,0.0000,0.3868,0.3868,0.0000,-0.3704,0.0000,0.0000
240.2400,35.0360,0,41,LGO7_GPS,-25.7990,25.9040,0.2650,0.2750,1,0,1,0,0,0,0.0000,-2587869.0642,-4525998.0079,3655492.7439,41,-25.8708,25.7184,-0.0718,-0.1856,-31.2953,31.2835,-5.4117,5.5573,-0.0128,0.0079,-0.0163,0.0000,0.0000,0.0000,0.0000,0.5145,0.5145,0.0000,-0.4982,0.0000,0.0000
239.9330,35.0760,0,41,MADC_GPS,-27.4000,30.6960,0.2800,0.2780,1,0,1,0,0,0,0.0000,-2610803.5970,-4509857.1694,3659131.6389,41,-27.9435,29.4045,-0.5435,-1.2915,-31.2702,31.9566,-3.3147,2.5442,-0.0120,0.0079,-0.0170,0.0000,0.0000,0.0000,0.0000,0.2403,0.2403,0.0000,-0.2233,0.0000,0.0000
240.5160,34.8520,0,41,YAM2_GPS,-25.2370,25.1030,0.3100,0.2930,1,0,1,0,0,0,0.0000,-2571801.4971,-4548607.0294,3638730.9069,41,-27.2819,24.5403,-2.0449,-0.5627,-31.7734,30.6777,-4.4788,6.1300,-0.0126,0.0074,-0.0154,0.0000,0.0000,0.0000,0.0000,1.5347,1.5347,0.0000,-1.5192,0.0000,0.0000
241.1070,34.8000,0,26,FZHS_GPS,-20.9070,19.9990,0.3010,0.3080,1,0,1,0,0,0,0.0000,-2526341.7084,-4577781.8975,3633987.0573,26,-20.6739,19.0304,0.2331,-0.9686,-28.0850,23.9245,-7.3972,4.8868,-0.0140,0.0073,-0.0142,0.0000,0.0000,0.0000,0.0000,3.6421,3.6421,0.0000,-3.6278,0.0000,0.0000
240.5110,34.9280,0,41,CUYA_GPS,-23.6160,23.3730,0.3580,0.3400,1,0,1,0,0,0,0.0000,-2569820.2432,-4544177.2689,3645658.8332,41,-25.1323,23.2555,-1.5163,-0.1175,-31.5421,30.6887,-6.3967,7.4256,-0.0130,0.0076,-0.0156,0.0000,0.0000,0.0000,0.0000,1.5611,1.5611,0.0000,-1.5456,0.0000,0.0000
240.5680,34.9600,0,41,PATW_GPS,-21.1490,21.1910,0.2680,0.2720,1,0,1,0,0,0,0.0000,-2564297.3240,-4544957.5274,3648573.9365,41,-23.0378,21.5492,-1.8888,0.3582,-31.4266,30.5635,-8.3754,9.0066,-0.0134,0.0077,-0.0155,0.0000,0.0000,0.0000,0.0000,1.8157,1.8157,0.0000,-1.8002,0.0000,0.0000
240.8210,35.0020,0,1,J976_GPS,-15.3540,17.6300,0.3190,0.3280,1,0,1,0,0,0,0.0000,-2542898.6679,-4553899.9345,3652398.2823,1,-17.4240,17.0283,-2.0700,-0.6017,-9.6271,8.0506,7.8112,-8.9855,-0.0144,0.0078,-0.0151,0.0000,0.0000,0.0000,0.0000,1.7607,1.7607,0.0000,-1.7456,0.0000,0.0000
241.5130,35.0330,0,27,DBL1_GPS,-14.1940,14.8730,0.3310,0.3580,1,0,1,0,0,0,0.0000,-2486771.1002,-4582541.8165,3655219.7550,27,-13.0882,14.2621,1.1058,-0.6109,-10.2320,8.7471,2.8726,-5.5229,-0.0163,0.0079,-0.0137,0.0000,0.0000,0.0000,0.0000,2.0495,2.0495,0.0000,-2.0358,0.0000,0.0000
240.7730,35.2670,0,1,0616_GPS,-12.7800,11.8020,0.2890,0.2960,1,0,1,0,0,0,0.0000,-2538437.3729,-4536977.1667,3676482.7422,1,-13.4743,13.2382,-0.6943,1.4362,-9.6761,8.0393,3.8141,-5.2075,-0.0159,0.0086,-0.0156,0.0000,0.0000,0.0000,0.0000,0.3711,0.3711,0.0000,-0.3555,0.0000,0.0000
241.0680,35.2230,0,1,WEED_GPS,-12.8500,11.2410,0.3460,0.3730,1,0,1,0,0,0,0.0000,-2516409.3062,-4552456.3058,3672489.2442,1,-12.9659,12.4641,-0.1159,1.2231,-9.6446,8.1088,3.3377,-4.3637,-0.0164,0.0084,-0.0149,0.0000,0.0000,0.0000,0.0000,0.5983,0.5983,0.0000,-0.5834,0.0000,0.0000
241.3400,35.0890,0,27,JACK_GPS,-13.5840,14.7000,0.3640,0.3910,1,0,1,0,0,0,0.0000,-2498881.7292,-4571875.2989,3660313.8958,27,-13.4574,13.8353,0.1266,-0.8647,-10.3373,8.5008,3.1364,-5.3425,-0.0163,0.0080,-0.0142,0.0000,0.0000,0.0000,0.0000,0.8591,0.8591,0.0000,-0.8449,0.0000,0.0000
241.3300,35.1380,0,27,RSPG_GPS,-13.9510,13.4400,0.2950,0.3220,1,0,1,0,0,0,0.0000,-2498176.8941,-4568690.8666,3664768.4010,27,-13.2445,13.4021,0.7065,-0.0379,-10.4172,8.4865,2.8439,-4.9237,-0.0166,0.0082,-0.0142,0.0000,0.0000,0.0000,0.0000,0.2085,0.2085,0.0000,-0.1943,0.0000,0.0000
241.8430,35.0870,0,28,PORT_GPS,-10.6190,14.4000,0.2890,0.2990,1,0,1,0,0,0,0.0000,-2458709.7199,-4593749.1827,3660132.0224,28,-11.8268,13.9140,-1.2078,-0.4860,-12.0044,15.0528,-0.1602,1.1308,-0.0174,0.0079,-0.0132,0.0000,0.0000,0.0000,0.0000,1.3434,1.3434,0.0000,-1.3302,0.0000,0.0000
241.5910,35.1340,0,27,SUMT_GPS,-10.1990,13.5500,0.3220,0.3610,1,0,1,0,0,0,0.0000,-2477460.9637,-4580248.4208,3664404.8683,27,-12.6179,13.5428,-2.4189,-0.0072,-10.3880,8.8581,2.2470,-4.6928,-0.0172,0.0081,-0.0137,0.0000,0.0000,0.0000,0.0000,1.4163,1.4163,0.0000,-1.4026,0.0000,0.0000
241.7050,35.1210,0,27,PAJA_GPS,-11.3360,14.0250,0.3610,0.3940,1,0,1,0,0,0,0.0000,-2468736.9008,-4585900.6635,3663223.2639,27,-12.1974,13.5994,-0.8614,-0.4256,-10.3568,9.0204,1.8579,-4.5871,-0.0173,0.0081,-0.0135,0.0000,0.0000,0.0000,0.0000,1.8171,1.8171,0.0000,-1.8036,0.0000,0.0000
241.3750,35.2740,0,1,0617_GPS,-12.2950,12.7780,0.2860,0.3050,1,0,1,0,0,0,0.0000,-2490413.4490,-4563003.0104,3677117.8716,1,-12.6324,12.3015,-0.3374,-0.4765,-9.6281,8.1810,3.0219,-4.1290,-0.0176,0.0085,-0.0143,0.0000,0.0000,0.0000,0.0000,1.6109,1.6109,0.0000,-1.5966,0.0000,0.0000
238.7160,35.6650,0,30,BLAN_GPS,-29.3950,37.5770,0.2980,0.3020,1,0,1,0,0,0,0.0000,-2686323.9875,-4421007.4655,3712506.9542,30,-29.5700,36.4888,-0.1750,-1.0882,-31.4370,38.9564,-1.8566,2.4582,-0.0104,0.0094,-0.0214,0.0000,0.0000,0.0000,0.0000,0.6240,0.6240,0.0000,-0.6026,0.0000,0.0000
238.5160,35.9920,0,41,0509_GPS,-29.5390,36.3750,0.3100,0.3080,1,0,1,0,0,0,0.0000,-2690630.1603,-4393462.8288,3741970.7607,41,-29.0750,36.0184,0.4640,-0.3566,-28.9501,35.0509,0.1365,-0.9782,-0.0116,0.0107,-0.0231,0.0000,0.0000,0.0000,0.0000,0.2378,0.2378,0.0000,-0.2147,0.0000,0.0000
239.1680,35.3590,0,41,BLHL_GPS,-28.8120,36.1080,0.2450,0.2570,1,0,1,0,0,0,0.0000,-2661488.0601,-4459023.6352,3684825.7745,41,-28.6213,34.6018,0.1907,-1.5062,-30.6572,33.6297,-2.0252,-0.9807,-0.0107,0.0085,-0.0194,0.0000,0.0000,0.0000,0.0000,0.5631,0.5631,0.0000,-0.5437,0.0000,0.0000
239.3020,35.3860,0,41,TESS_GPS,-27.4480,34.9420,0.2740,0.2870,1,0,1,0,0,0,0.0000,-2650165.5227,-4463742.3638,3687272.4708,41,-28.0072,33.8305,-0.5592,-1.1115,-30.5293,33.3370,-2.5107,-0.5021,-0.0114,0.0087,-0.0192,0.0000,0.0000,0.0000,0.0000,0.4644,0.4644,0.0000,-0.4453,0.0000,0.0000
239.7010,35.3460,0,41,POZO_GPS,-25.7400,30.5560,0.3400,0.3220,1,0,1,0,0,0,0.0000,-2620314.6991,-4484310.8557,3683647.4436,41,-26.5688,30.3519,-0.8288,-0.2041,-30.5190,32.4646,-3.9375,2.1040,-0.0128,0.0087,-0.0181,0.0000,0.0000,0.0000,0.0000,0.2361,0.2361,0.0000,-0.2179,0.0000,0.0000
239.4270,35.4560,0,41,BARR_GPS,-27.4320,33.7070,0.2590,0.2720,1,0,1,0,0,0,0.0000,-2638127.5490,-4465631.5692,3693611.9429,41,-26.9683,33.1952,0.4637,-0.5118,-30.2732,33.0639,-3.2925,-0.1403,-0.0124,0.0090,-0.0190,0.0000,0.0000,0.0000,0.0000,0.3818,0.3818,0.0000,-0.3628,0.0000,0.0000
239.5470,35.5520,0,41,ALMO_GPS,-25.4190,32.0820,0.2510,0.2600,1,0,1,0,0,0,0.0000,-2625628.6538,-4465805.8343,3702297.1091,41,-25.1284,32.4752,0.2906,0.3932,-29.9393,32.8015,-4.7973,0.3169,-0.0135,0.0094,-0.0190,0.0000,0.0000,0.0000,0.0000,0.1254,0.1254,0.0000,-0.1065,0.0000,0.0000
239.7070,35.5830,0,41,L623_GPS,-24.1550,29.5260,0.4240,0.3080,1,0,1,0,0,0,0.0000,-2612136.7416,-4471390.2742,3705099.4752,41,-23.0008,28.7008,1.1542,-0.8252,-29.7914,32.4515,-6.7761,3.7411,-0.0144,0.0096,-0.0187,0.0000,0.0000,0.0000,0.0000,-0.1652,-0.1652,0.0000,0.1839,0.0000,0.0000
240.2340,35.4140,0,1,GOUD_GPS,-13.7550,16.6840,0.4150,0.3550,1,0,1,0,0,0,0.0000,-2576313.8955,-4504694.0299,3689808.9206,1,-16.4000,16.7348,-2.6450,0.0508,-9.7445,7.9116,6.6707,-8.8322,-0.0152,0.0090,-0.0170,0.0000,0.0000,0.0000,0.0000,-0.0414,-0.0414,0.0000,0.0584,0.0000,0.0000
239.8870,35.5200,0,41,POSO_GPS,-20.8270,25.4780,0.2830,0.2750,1,0,1,0,0,0,0.0000,-2600118.9557,-4483095.8931,3699403.2074,41,-20.6029,22.9207,0.2241,-2.5573,-29.9255,32.0574,-9.3078,9.1273,-0.0147,0.0094,-0.0181,0.0000,0.0000,0.0000,0.0000,-0.0728,-0.0728,0.0000,0.0909,0.0000,0.0000
239.9990,35.5750,0,1,C616_GPS,-16.3650,19.3040,0.2860,0.2750,1,0,1,0,0,0,0.0000,-2589573.7444,-4485092.5143,3704376.3877,1,-16.4348,17.8723,-0.0698,-1.4317,-9.7907,7.8557,6.6596,-10.0261,-0.0155,0.0096,-0.0179,0.0000,0.0000,0.0000,0.0000,-0.1557,-0.1557,0.0000,0.1736,0.0000,0.0000
239.6540,35.6070,0,41,H623_GPS,-24.8470,30.5780,0.3250,0.3020,1,0,1,0,0,0,0.0000,-2615487.4429,-4467632.3281,3707268.3040,41,-23.1971,30.7462,1.6499,0.1682,-29.7354,32.5675,-6.5239,1.8116,-0.0144,0.0096,-0.0189,0.0000,0.0000,0.0000,0.0000,-0.3124,-0.3124,0.0000,0.3312,0.0000,0.0000
239.7390,35.6050,0,41,REDH_GPS,-23.4090,27.3940,0.2480,0.2570,1,0,1,0,0,0,0.0000,-2608921.9135,-4471619.3362,3707087.5931,41,-21.9390,26.9270,1.4700,-0.4670,-29.7134,32.3814,-7.7597,5.4447,-0.0147,0.0096,-0.0186,0.0000,0.0000,0.0000,0.0000,-0.2010,-0.2010,0.0000,0.2196,0.0000,0.0000
240.1460,35.6030,0,1,P807_GPS,-12.6310,15.5180,0.2740,0.2660,1,0,1,0,0,0,0.0000,-2577156.6684,-4490151.0407,3706906.8777,1,-13.7456,14.5913,-1.1146,-0.9267,-9.7837,7.8907,3.9781,-6.7103,-0.0163,0.0097,-0.0176,0.0000,0.0000,0.0000,0.0000,-0.2052,-0.2052,0.0000,0.2228,0.0000,0.0000
240.6060,35.3980,0,1,FIBR_GPS,-13.5900,13.0590,0.2620,0.2630,1,0,1,0,0,0,0.0000,-2547518.1402,-4522223.5722,3688359.6286,1,-13.1410,12.9816,0.4490,-0.0774,-9.7119,7.9998,3.4454,-4.9908,-0.0163,0.0090,-0.0161,0.0000,0.0000,0.0000,0.0000,0.1096,0.1096,0.0000,-0.0935,0.0000,0.0000
239.9530,35.8890,0,1,TAR0_GPS,-8.6860,16.0160,0.2800,0.2780,1,0,1,0,0,0,0.0000,-2582969.8534,-4465371.7535,3732703.2164,1,-9.6397,13.1737,-0.9537,-2.8423,-9.8478,7.8448,-0.1902,-5.3398,-0.0179,0.0109,-0.0187,0.0000,0.0000,0.0000,0.0000,-0.1560,-0.1560,0.0000,0.1746,0.0000,0.0000
240.7120,36.2890,0,1,0609_GPS,-10.8360,11.8150,0.2980,0.3050,1,0,1,0,0,0,0.0000,-2510782.4106,-4476358.1433,3768625.8664,1,-9.9182,9.5881,0.9178,-2.2269,-9.8532,8.0248,0.0896,-1.5756,-0.0246,0.0124,-0.0172,0.0000,0.0000,0.0000,0.0000,-0.2337,-0.2337,0.0000,0.2509,0.0000,0.0000
241.9740,34.3330,0,26,CHIL_GPS,-24.4060,22.6850,0.2510,0.2630,1,0,1,0,0,0,0.0000,-2470619.7186,-4641477.5053,3591249.9545,26,-24.5143,22.0694,-0.1083,-0.6156,-28.1869,23.6978,-3.6590,1.6221,-0.0135,0.0063,-0.0122,0.0000,0.0000,0.0000,0.0000,-0.2626,-0.2626,0.0000,0.2748,0.0000,0.0000
242.3950,34.3620,0,28,CUTT_GPS,-17.3200,22.0480,0.5490,0.4780,1,0,1,0,0,0,0.0000,-2435605.9308,-4657894.3820,3593910.8416,28,-17.9460,18.9431,-0.6260,-3.1049,-12.5610,14.7208,5.3995,-4.2287,-0.0145,0.0064,-0.0116,0.0000,0.0000,0.0000,0.0000,-0.1419,-0.1419,0.0000,0.1534,0.0000,0.0000
242.5490,34.3470,0,28,CAJO_GLA,-17.7180,18.7520,0.2710,0.2810,1,0,1,0,0,0,0.0000,-2423511.2815,-4665258.7733,3592534.6356,28,-16.2066,17.4335,1.5114,-1.3185,-12.5519,14.6279,3.6693,-2.8119,-0.0147,0.0063,-0.0113,0.0000,0.0000,0.0000,0.0000,-0.6551,-0.6551,0.0000,0.6664,0.0000,0.0000
242.1400,34.4130,0,26,DVPB_GPS,-22.1890,20.5980,0.3310,0.3400,1,0,1,0,0,0,0.0000,-2454816.2084,-4644178.3492,3598588.0989,26,-20.6124,20.2787,1.5766,-0.3193,-28.0956,23.6538,-7.4689,3.3686,-0.0142,0.0065,-0.0120,0.0000,0.0000,0.0000,0.0000,0.3636,0.3636,0.0000,-0.3516,0.0000,0.0000
242.2350,34.4930,0,28,0705_GLA,-15.7800,18.1750,0.4030,0.3130,1,0,1,0,0,0,0.0000,-2444769.4336,-4643791.5976,3605919.2276,28,-16.6613,18.1597,-0.8813,-0.0153,-12.4690,14.8171,4.2071,-3.3492,-0.0148,0.0066,-0.0119,0.0000,0.0000,0.0000,0.0000,0.3214,0.3214,0.0000,-0.3095,0.0000,0.0000
242.7080,34.2810,0,25,MILU_GLA,-17.7300,19.0460,0.2830,0.2930,1,0,1,0,0,0,0.0000,-2412451.4479,-4675640.7547,3586476.4053,24,-16.0594,16.4686,1.6706,-2.5774,-14.4413,7.9486,1.6327,-8.5262,-0.0146,0.0062,-0.0110,0.0000,0.0000,0.0000,0.0000,-0.2383,-0.2383,0.0000,0.2493,0.0000,0.0000
242.9320,34.4540,0,28,PT65_GLA,-15.4500,15.0680,0.3550,0.2960,1,0,1,0,0,0,0.0000,-2389214.8128,-4675372.2892,3602346.1796,28,-12.7358,13.7227,2.7142,-1.3453,-12.4028,14.3965,0.3489,0.6673,-0.0158,0.0065,-0.0108,0.0000,0.0000,0.0000,0.0000,-0.2907,-0.2907,0.0000,0.3015,0.0000,0.0000
241.8790,34.5020,0,26,VNPS_GPS,-22.2680,20.5480,0.3340,0.3430,1,0,1,0,0,0,0.0000,-2473308.6596,-4628012.1838,3606743.5399,26,-21.3291,20.5041,0.9389,-0.0439,-28.0981,23.7229,-6.7548,3.2122,-0.0142,0.0067,-0.0125,0.0000,0.0000,0.0000,0.0000,0.5008,0.5008,0.0000,-0.4882,0.0000,0.0000
242.5690,34.6350,0,28,DIP0_GPS,-14.0710,14.9320,0.5250,0.5400,1,0,1,0,0,0,0.0000,-2413533.1075,-4650017.8596,3618914.6586,28,-12.9051,15.1554,1.1659,0.2234,-12.2953,14.6158,0.6260,-0.5465,-0.0162,0.0069,-0.0115,0.0000,0.0000,0.0000,0.0000,0.0532,0.0532,0.0000,-0.0417,0.0000,0.0000
242.7580,34.5370,0,28,0817_GPS,-14.4130,14.7740,0.2980,0.3130,1,0,1,0,0,0,0.0000,-2401011.0231,-4663450.4842,3609948.3528,28,-12.8654,14.5621,1.5476,-0.2119,-12.3544,14.5017,0.5270,-0.0671,-0.0160,0.0066,-0.0111,0.0000,0.0000,0.0000,0.0000,-0.1166,-0.1166,0.0000,0.1277,0.0000,0.0000
242.7700,34.6300,0,28,ITER_GPS,-12.9280,14.0040,0.3340,0.3490,1,0,1,0,0,0,0.0000,-2397350.0009,-4658736.9658,3618457.4501,28,-12.4422,14.3032,0.4858,0.2992,-12.2707,14.4944,0.1880,0.1844,-0.0165,0.0068,-0.0112,0.0000,0.0000,0.0000,0.0000,0.0019,0.0019,0.0000,0.0092,0.0000,0.0000
242.7030,34.7490,0,28,SUNH_GPS,-15.2840,13.0860,0.5130,0.5140,1,0,1,0,0,0,0.0000,-2399344.4196,-4649241.9250,3629331.5280,28,-12.1321,14.2355,3.1519,1.1495,-12.1753,14.5349,-0.0262,0.2924,-0.0170,0.0070,-0.0113,0.0000,0.0000,0.0000,0.0000,0.0955,0.0955,0.0000,-0.0842,0.0000,0.0000
243.3020,34.3910,0,28,OLDD_GPS,-11.7070,16.0340,0.3730,0.3910,1,0,1,0,0,0,0.0000,-2360751.1648,-4694239.4297,3596570.8079,28,-11.5713,13.2521,0.1357,-2.7819,-12.4063,14.1723,-0.8189,0.9139,-0.0161,0.0063,-0.0102,0.0000,0.0000,0.0000,0.0000,-0.2103,-0.2103,0.0000,0.2204,0.0000,0.0000
243.3350,34.4540,0,28,LAW4_GPS,-8.7310,15.3420,0.3910,0.4180,1,0,1,0,0,0,0.0000,-2356270.9258,-4692061.4646,3602346.1796,28,-11.1705,12.6923,-2.4395,-2.6497,-12.3460,14.1523,-1.1591,1.4535,-0.0164,0.0064,-0.0102,0.0000,0.0000,0.0000,0.0000,-0.1228,-0.1228,0.0000,0.1330,0.0000,0.0000
243.6710,34.7340,0,37,LAE4_GPS,-2.6250,2.2900,0.4240,0.4300,1,0,1,0,0,0,0.0000,-2320879.1232,-4689964.3290,3627961.7073,37,-4.7433,3.5009,-2.1183,1.2109,-2.2390,0.4913,2.5227,-3.0163,-0.0184,0.0068,-0.0098,0.0000,0.0000,0.0000,0.0000,-0.6810,-0.6810,0.0000,0.6908,0.0000,0.0000
244.2570,34.5590,0,14,AMBO_GPS,-2.1680,-0.4120,0.3160,0.3220,1,0,1,0,0,0,0.0000,-2277593.6067,-4723414.9181,3611962.1172,13,-2.0197,0.9657,0.1483,1.3777,-0.5854,-0.2270,1.4524,-1.1990,-0.0181,0.0063,-0.0089,0.0000,0.0000,0.0000,0.0000,-0.1094,-0.1094,0.0000,0.1183,0.0000,0.0000
244.0670,34.7280,0,14,0808_GPS,-3.6970,0.2550,0.3100,0.3250,1,0,1,0,0,0,0.0000,-2288575.3758,-4706234.5874,3627413.7094,13,-2.1489,1.1449,1.5481,0.8899,-0.5783,-0.2219,1.5894,-1.3734,-0.0188,0.0066,-0.0092,0.0000,0.0000,0.0000,0.0000,-0.1331,-0.1331,0.0000,0.1423,0.0000,0.0000
242.4710,35.0070,0,28,0805_GPS,-8.9080,13.7750,0.5850,0.4420,1,0,1,0,0,0,0.0000,-2410572.1971,-4624949.1842,3652853.4309,28,-11.3017,13.7953,-2.3937,0.0203,-11.9814,14.6749,-0.6615,0.8720,-0.0181,0.0076,-0.0119,0.0000,0.0000,0.0000,0.0000,0.3257,0.3257,0.0000,-0.3138,0.0000,0.0000
242.8300,34.8340,0,28,HODG_GPS,-11.7150,13.7620,0.4740,0.5170,1,0,1,0,0,0,0.0000,-2386571.9354,-4649753.5866,3637089.1441,28,-11.2820,13.2023,0.4330,-0.5597,-12.0819,14.4582,-0.7822,1.2486,-0.0177,0.0072,-0.0112,0.0000,0.0000,0.0000,0.0000,0.2876,0.2876,0.0000,-0.2764,0.0000,0.0000
243.0190,34.9040,0,35,SOAP_GPS,-10.5210,11.5440,0.2650,0.2720,1,0,1,0,0,0,0.0000,-2369203.1832,-4653637.4243,3643471.7594,36,-9.3599,11.3096,1.1611,-0.2344,-8.9625,10.7382,0.4158,-0.5786,-0.0184,0.0073,-0.0109,0.0000,0.0000,0.0000,0.0000,0.2403,0.2403,0.0000,-0.2294,0.0000,0.0000
243.5790,34.7850,0,37,HECT_GPS,-5.3480,3.2130,0.2980,0.3080,1,0,1,0,0,0,0.0000,-2326968.9687,-4683337.7783,3632618.0827,37,-5.4597,4.6197,-0.1117,1.4067,-2.3293,0.3560,3.1490,-4.2706,-0.0185,0.0069,-0.0099,0.0000,0.0000,0.0000,0.0000,-0.7305,-0.7305,0.0000,0.7405,0.0000,0.0000
244.6730,34.8060,0,14,0809_GPS,-1.4340,0.6320,0.4620,0.3760,1,0,1,0,0,0,0.0000,-2236557.3306,-4725708.5367,3634534.5774,13,-1.3722,0.5017,0.0618,-0.1303,-0.5766,-0.2381,0.8154,-0.7463,-0.0198,0.0065,-0.0083,0.0000,0.0000,0.0000,0.0000,-0.0161,-0.0161,0.0000,0.0244,0.0000,0.0000
243.5850,35.0720,0,37,0803_GPS,-6.1810,2.0630,0.3250,0.3400,1,0,1,0,0,0,0.0000,-2318354.4593,-4667226.3746,3658767.8296,37,-3.7783,2.3316,2.4027,0.2686,-2.8352,0.3648,0.9633,-1.9741,-0.0202,0.0074,-0.0100,0.0000,0.0000,0.0000,0.0000,-0.2880,-0.2880,0.0000,0.2981,0.0000,0.0000
245.3960,34.8070,0,14,NEED_GPS,-2.7140,1.2860,0.3310,0.2930,1,0,1,0,0,0,0.0000,-2176721.9960,-4753496.3881,3634625.8269,13,-1.1308,0.2678,1.5832,-1.0182,-0.5783,-0.2574,0.5728,-0.5315,-0.0203,0.0063,-0.0074,0.0000,0.0000,0.0000,0.0000,0.0006,0.0006,0.0000,0.0068,0.0000,0.0000
242.3860,35.3660,0,35,0806_GPS,-7.9980,11.5290,0.4030,0.3430,1,0,1,0,0,0,0.0000,-2406774.6252,-4600996.6979,3685460.1817,36,-8.9222,11.6983,-0.9242,0.1693,-8.0466,11.7907,0.8960,0.0840,-0.0204,0.0084,-0.0123,0.0000,0.0000,0.0000,0.0000,0.2516,0.2516,0.0000,-0.2393,0.0000,0.0000
242.2940,35.5130,0,39,PAOS_GPS,-9.0850,11.2620,0.4120,0.4060,1,0,1,0,0,0,0.0000,-2409755.2023,-4588739.6659,3698770.0125,39,-9.5776,11.2669,-0.4926,0.0049,-8.5531,12.8656,1.0457,1.5898,-0.0213,0.0088,-0.0126,0.0000,0.0000,0.0000,0.0000,0.4100,0.4100,0.0000,-0.3974,0.0000,0.0000
243.1090,35.3320,0,36,MOJ1_GPS,-5.0070,7.3750,0.1180,0.1180,1,0,1,0,0,0,0.0000,-2349514.5660,-4632949.7210,3682378.2599,35,-6.7200,7.3102,-1.7130,-0.0648,-8.1917,9.9256,-1.4505,2.6073,-0.0213,0.0081,-0.0109,0.0000,0.0000,0.0000,0.0000,0.3285,0.3285,0.0000,-0.3176,0.0000,0.0000
243.1120,35.3310,0,36,MOJM_GPS,-5.0070,7.3750,0.1180,0.1180,1,0,1,0,0,0,0.0000,-2349301.0476,-4633130.0558,3682287.5955,35,-6.6971,7.2642,-1.6901,-0.1108,-8.1939,9.9197,-1.4755,2.6475,-0.0213,0.0081,-0.0109,0.0000,0.0000,0.0000,0.0000,0.3322,0.3322,0.0000,-0.3213,0.0000,0.0000
242.1880,35.6470,0,39,INYO_GPS,-9.4950,11.4160,0.2770,0.2810,1,0,1,0,0,0,0.0000,-2414197.7927,-4576609.9276,3710881.5731,39,-10.4985,11.0372,-1.0035,-0.3788,-10.4760,11.6267,0.0446,0.5803,-0.0221,0.0092,-0.0129,0.0000,0.0000,0.0000,0.0000,-0.0098,-0.0098,0.0000,0.0227,0.0000,0.0000
244.5770,35.5410,0,14,0801_GPS,-1.8920,1.6260,0.3640,0.4570,1,0,1,0,0,0,0.0000,-2224272.3019,-4679457.6912,3701302.4606,13,-1.4578,0.3504,0.4342,-1.2756,-0.5472,-0.2355,0.9348,-0.5936,-0.0241,0.0076,-0.0085,0.0000,0.0000,0.0000,0.0000,-0.0349,-0.0349,0.0000,0.0434,0.0000,0.0000
243.7000,35.8670,0,21,0915_GPS,-3.5370,2.5580,0.3130,0.3250,1,0,1,0,0,0,0.0000,-2286267.2443,-4625910.2446,3730722.1764,20,-3.4764,0.3929,0.0606,-2.1651,-3.3972,-0.5534,0.1051,-0.9551,-0.0259,0.0088,-0.0100,0.0000,0.0000,0.0000,0.0000,0.0016,0.0016,0.0000,0.0083,0.0000,0.0000
242.6710,35.9780,0,38,0914_GPS,-6.2770,5.7780,0.2800,0.2750,1,0,1,0,0,0,0.0000,-2365650.2057,-4577676.8962,3740711.8039,38,-6.6986,6.1853,-0.4216,0.4073,-8.0915,5.5163,-1.3673,-0.6788,-0.0257,0.0098,-0.0120,0.0000,0.0000,0.0000,0.0000,-0.5327,-0.5327,0.0000,0.5447,0.0000,0.0000
243.5840,36.3040,0,21,0912_GPS,-2.6030,2.0230,0.2770,0.3080,1,0,1,0,0,0,0.0000,-2282902.4279,-4595654.3236,3769969.4036,20,-3.6081,0.3641,-1.0051,-1.6589,-3.3705,-0.5519,0.2671,-0.9257,-0.0295,0.0097,-0.0102,0.0000,0.0000,0.0000,0.0000,0.0142,0.0142,0.0000,-0.0040,0.0000,0.0000
239.6460,36.5010,0,1,0607_GPS,-7.6270,10.4780,0.3700,0.3130,1,0,1,0,0,0,0.0000,-2586562.2834,-4416809.3853,3787590.5098,1,-10.3146,9.1219,-2.6876,-1.3561,-9.9759,7.7715,0.3616,-1.3645,-0.0230,0.0141,-0.0210,0.0000,0.0000,0.0000,0.0000,-0.0770,-0.0770,0.0000,0.0979,0.0000,0.0000
240.8820,36.7380,0,1,0605_GPS,-9.3740,11.5980,0.3280,0.3080,1,0,1,0,0,0,0.0000,-2483042.1954,-4457850.1054,3808730.1499,1,-9.8204,8.9952,-0.4464,-2.6028,-9.9136,8.0650,-0.0625,-0.9445,-0.0306,0.0143,-0.0171,0.0000,0.0000,0.0000,0.0000,-0.1532,-0.1532,0.0000,0.1703,0.0000,0.0000
241.8150,36.7810,0,40,INDE_GPS,-6.6080,8.5910,0.3640,0.3020,1,0,1,0,0,0,0.0000,-2408774.1509,-4495170.2061,3812558.6382,40,-7.7958,7.6577,-1.1878,-0.9333,-10.4302,5.7757,-2.6013,-1.8952,-0.0330,0.0132,-0.0144,0.0000,0.0000,0.0000,0.0000,-0.6840,-0.6840,0.0000,0.6984,0.0000,0.0000
243.8510,36.9940,0,21,MN71_GPS,-1.6870,0.4530,0.3100,0.3080,1,0,1,0,0,0,0.0000,-2241289.8457,-4565155.6020,3831491.3048,20,-3.4860,0.0327,-1.7990,-0.4203,-3.3305,-0.5554,0.1919,-0.5989,-0.0364,0.0108,-0.0095,0.0000,0.0000,0.0000,0.0000,-0.0055,-0.0055,0.0000,0.0150,0.0000,0.0000
279.6160,25.6140,0,14,RICM_GPS,-0.3350,0.4120,0.1020,0.1000,1,0,1,0,0,0,0.0000,959116.3832,-5661022.1487,2752685.1359,13,-1.1409,-1.0864,-0.8059,-1.4984,-1.1097,-1.0729,0.0359,0.0133,-0.0047,0.0001,0.0004,0.0000,0.0000,0.0000,0.0000,0.0145,0.0145,0.0000,-0.0149,0.0000,0.0000
288.8400,44.0990,0,14,BARN_GPS,0.4840,0.1540,0.2680,0.2390,1,0,1,0,0,0,0.0000,1476648.2126,-4327719.6649,4431106.4104,13,-0.5890,-1.2371,-1.0730,-1.3911,-0.6198,-1.2386,-0.0231,0.0011,-0.0077,-0.0025,0.0015,0.0000,0.0000,0.0000,0.0000,0.0123,0.0123,0.0000,-0.0137,0.0000,0.0000
282.9340,38.9190,0,14,USNO_GPS,-0.4600,0.2370,0.1490,0.1490,1,0,1,0,0,0,0.0000,1108867.4743,-4828401.3660,4000163.0760,13,-0.7023,-1.1393,-0.2423,-1.3763,-0.7119,-1.1359,-0.0013,0.0050,-0.0084,-0.0016,0.0014,0.0000,0.0000,0.0000,0.0000,0.0124,0.0124,0.0000,-0.0139,0.0000,0.0000
255.4750,38.8030,0,14,AMC2_GPS,-1.5360,-0.1890,0.1790,0.1490,1,0,1,0,0,0,0.0000,-1244527.3375,-4803582.6553,3990124.9155,13,-0.4974,-0.4769,1.0386,-0.2879,-0.4621,-0.5211,0.0658,-0.0454,-0.0305,0.0013,0.0021,0.0000,0.0000,0.0000,0.0000,0.0002,0.0002,0.0000,-0.0023,0.0000,0.0000
241.1790,37.6590,0,40,HOTK_GPS,-3.2350,6.3310,0.5070,0.5080,1,0,1,0,0,0,0.0000,-2430070.3321,-4416446.4305,3890258.4193,40,-7.9979,7.9072,-4.7629,1.5762,-6.1857,8.1954,1.8588,0.2697,-0.0466,0.0184,-0.0165,0.0000,0.0000,0.0000,0.0000,-0.7595,-0.7595,0.0000,0.7761,0.0000,0.0000
241.1200,37.7130,0,40,KRAC_GPS,-5.8310,11.3490,0.5070,0.5370,1,0,1,0,0,0,0.0000,-2432844.9465,-4410729.2851,3895007.5868,40,-7.9356,7.9396,-2.1046,-3.4094,-5.9269,8.4198,2.0563,0.4612,-0.0477,0.0189,-0.0167,0.0000,0.0000,0.0000,0.0000,-0.8202,-0.8202,0.0000,0.8369,0.0000,0.0000
241.1020,37.6770,0,40,RDOM_GPS,-6.6420,7.6550,0.1790,0.1790,1,0,1,0,0,0,0.0000,-2435412.6822,-4412106.4665,3891841.8593,40,-8.2027,8.1014,-1.5607,0.4464,-6.1045,8.4882,2.1452,0.3681,-0.0469,0.0188,-0.0168,0.0000,0.0000,0.0000,0.0000,-0.9087,-0.9087,0.0000,0.9255,0.0000,0.0000
241.0550,37.6410,0,1,MWTP_GPS,-9.7580,6.4700,0.1790,0.1790,1,0,1,0,0,0,0.0000,-2440214.1121,-4412246.1899,3888674.5954,1,-8.4333,8.5008,1.3247,2.0308,-10.0466,8.1058,-1.5671,-0.4137,-0.0462,0.0187,-0.0170,0.0000,0.0000,0.0000,0.0000,-0.8576,-0.8576,0.0000,0.8746,0.0000,0.0000
241.0210,37.6590,0,1,KNOL_GPS,-9.2580,7.4800,0.1790,0.1790,1,0,1,0,0,0,0.0000,-2442239.9589,-4409728.4356,3890258.4193,1,-8.4763,8.5249,0.7817,1.0449,-10.0525,8.0978,-1.5296,-0.4461,-0.0465,0.0189,-0.0171,0.0000,0.0000,0.0000,0.0000,-0.8895,-0.8895,0.0000,0.9066,0.0000,0.0000
240.9390,37.6540,0,1,MINS_GPS,-10.1710,7.6050,0.1490,0.1190,1,0,1,0,0,0,0.0000,-2448713.4209,-4406525.3918,3889818.5067,1,-8.7111,8.6909,1.4599,1.0859,-10.0587,8.0784,-1.3013,-0.6317,-0.0464,0.0192,-0.0174,0.0000,0.0000,0.0000,0.0000,-0.7585,-0.7585,0.0000,0.7759,0.0000,0.0000
239.4580,35.9450,0,41,PKDB_GPS,-23.4880,30.7600,0.1490,0.1490,1,0,1,0,0,0,0.0000,-2619595.8210,-4439745.8965,3737743.3795,41,-27.9071,33.8542,-4.4191,3.0942,-28.7654,32.9961,-0.8421,-0.8691,-0.0162,0.0111,-0.0202,0.0000,0.0000,0.0000,0.0000,0.0508,0.0508,0.0000,-0.0306,0.0000,0.0000
239.2790,38.3400,0,1,JAST_GPS,-11.3570,7.0150,0.1790,0.1790,1,0,1,0,0,0,0.0000,-2551359.7841,-4293394.2199,3949896.3007,1,-10.4252,8.1824,0.9318,1.1674,-10.3110,7.6837,0.1799,-0.5334,-0.0658,0.0347,-0.0259,0.0000,0.0000,0.0000,0.0000,0.0896,0.0896,0.0000,-0.0637,0.0000,0.0000
239.0040,36.4100,0,1,05UH_GPS,-10.6440,13.4980,0.2980,0.2090,1,0,1,0,0,0,0.0000,-2638983.8825,-4392701.3477,3779456.3630,1,-10.1864,8.0477,0.4576,-5.4503,-10.0118,7.6177,0.1930,-0.4435,-0.0184,0.0135,-0.0230,0.0000,0.0000,0.0000,0.0000,0.0804,0.0804,0.0000,-0.0574,0.0000,0.0000
238.9400,37.0800,0,1,ONIE_GPS,-11.8970,7.9160,0.1490,0.1490,1,0,1,0,0,0,0.0000,-2620906.4800,-4351592.1864,3839120.4888,1,-11.7432,8.5725,0.1538,0.6565,-10.1300,7.6023,1.6407,-0.9893,-0.0275,0.0191,-0.0254,0.0000,0.0000,0.0000,0.0000,0.4218,0.4218,0.0000,-0.3964,0.0000,0.0000
238.8220,37.4640,0,1,H104_GPS,-11.3260,7.6520,0.1490,0.1490,1,0,1,0,0,0,0.0000,-2616483.6057,-4324074.1232,3873079.9087,1,-11.4333,8.9171,-0.1073,1.2651,-10.2037,7.5739,1.2641,-1.3669,-0.0346,0.0237,-0.0272,0.0000,0.0000,0.0000,0.0000,0.3002,0.3002,0.0000,-0.2730,0.0000,0.0000
238.8160,36.5710,0,41,05WG_GPS,-29.5340,34.8540,0.2680,0.2690,1,0,1,0,0,0,0.0000,-2647873.5853,-4374915.6632,3793841.0454,41,-27.5667,34.6153,1.9673,-0.2387,-27.0704,34.3975,0.5155,-0.2324,-0.0191,0.0146,-0.0242,0.0000,0.0000,0.0000,0.0000,0.0859,0.0859,0.0000,-0.0617,0.0000,0.0000
238.7990,36.2940,0,41,OSI2_GPS,-27.7010,35.6600,0.3280,0.2690,1,0,1,0,0,0,0.0000,-2658642.2331,-4389767.2004,3769073.7409,41,-27.8540,34.5302,-0.1530,-1.1298,-27.9249,34.4346,-0.0550,-0.1083,-0.0160,0.0127,-0.0233,0.0000,0.0000,0.0000,0.0000,0.0396,0.0396,0.0000,-0.0162,0.0000,0.0000
238.7300,36.6960,0,44,05WF_GPS,-17.3180,19.7800,0.2680,0.2690,1,0,1,0,0,0,0.0000,-2650134.6688,-4363851.4251,3804988.6253,43,-20.2505,30.0302,-2.9325,10.2502,-19.1205,29.7590,1.1501,-0.2867,-0.0201,0.0155,-0.0250,0.0000,0.0000,0.0000,0.0000,0.1248,0.1248,0.0000,-0.0998,0.0000,0.0000
238.7120,37.0080,0,1,PACH_GPS,-14.0480,12.6850,0.1790,0.1790,1,0,1,0,0,0,0.0000,-2640705.6054,-4345247.5849,3832733.8537,1,-12.9913,9.6998,1.0567,-2.9852,-10.1360,7.5474,2.8799,-2.1708,-0.0246,0.0184,-0.0262,0.0000,0.0000,0.0000,0.0000,0.4536,0.4536,0.0000,-0.4274,0.0000,0.0000
238.7010,36.9000,0,1,TURK_GPS,-11.8750,9.5890,0.1790,0.1790,1,0,1,0,0,0,0.0000,-2645288.2647,-4350905.9351,3823142.5558,1,-14.6085,9.3378,-2.7335,-0.2512,-10.1187,7.5447,4.5126,-1.8104,-0.0228,0.0173,-0.0259,0.0000,0.0000,0.0000,0.0000,0.1980,0.1980,0.0000,-0.1721,0.0000,0.0000
238.6770,36.4200,0,41,0512_GPS,-26.2890,36.5960,0.2390,0.2090,1,0,1,0,0,0,0.0000,-2663667.9475,-4377005.0460,3780350.6919,41,-27.7126,34.4893,-1.4236,-2.1067,-27.5828,34.7004,0.1464,0.1976,-0.0165,0.0134,-0.0242,0.0000,0.0000,0.0000,0.0000,-0.0446,-0.0446,0.0000,0.0688,0.0000,0.0000
238.6750,36.7930,0,1,05YF_GPS,-12.2030,12.4960,0.1790,0.1790,1,0,1,0,0,0,0.0000,-2650969.6388,-4355796.4892,3813626.6703,1,-13.5344,8.7437,-1.3314,-3.7523,-10.1026,7.5385,3.4528,-1.2216,-0.0211,0.0163,-0.0256,0.0000,0.0000,0.0000,0.0000,-0.0201,-0.0201,0.0000,0.0457,0.0000,0.0000
238.6250,37.5080,0,1,OSR1_GPS,-13.0460,8.3120,0.1490,0.1790,1,0,1,0,0,0,0.0000,-2629786.2556,-4312511.6553,3876960.0119,1,-11.7531,9.6022,1.2929,1.2902,-10.2269,7.5264,1.5602,-2.1003,-0.0341,0.0246,-0.0285,0.0000,0.0000,0.0000,0.0000,0.3065,0.3065,0.0000,-0.2780,0.0000,0.0000
238.5710,36.4930,0,41,05VE_GPS,-29.2880,34.8280,0.2090,0.1790,1,0,1,0,0,0,0.0000,-2669247.3626,-4367956.2307,3786875.8027,41,-27.6721,34.2744,1.6159,-0.5536,-27.3975,34.9312,0.2911,0.6429,-0.0166,0.0138,-0.0249,0.0000,0.0000,0.0000,0.0000,-0.1510,-0.1510,0.0000,0.1759,0.0000,0.0000
238.5380,36.9090,0,44,RAIL_BVU,-17.2960,20.5380,0.2090,0.2090,1,0,1,0,0,0,0.0000,-2657341.9044,-4342850.4889,3823942.3499,43,-18.0597,20.3594,-0.7637,-0.1786,-19.6462,29.3835,-1.5648,9.0067,-0.0217,0.0173,-0.0267,0.0000,0.0000,0.0000,0.0000,-0.0512,-0.0512,0.0000,0.0778,0.0000,0.0000
238.4440,37.4770,0,1,MOCH_GPS,-13.9800,9.1660,0.1490,0.1490,1,0,1,0,0,0,0.0000,-2644493.9064,-4305969.3626,3874226.5407,1,-12.4680,11.1550,1.5120,1.9890,-10.2361,7.4827,2.2636,-3.6966,-0.0317,0.0243,-0.0295,0.0000,0.0000,0.0000,0.0000,0.3870,0.3870,0.0000,-0.3575,0.0000,0.0000
238.4340,37.7550,0,1,MEDA_GPS,-12.5180,8.1690,0.2090,0.2390,1,0,1,0,0,0,0.0000,-2635374.0179,-4289440.6882,3898698.9919,1,-11.6958,10.0059,0.8222,1.8369,-10.2834,7.4803,1.4515,-2.5546,-0.0391,0.0290,-0.0306,0.0000,0.0000,0.0000,0.0000,0.2343,0.2343,0.0000,-0.2037,0.0000,0.0000
238.4320,36.8730,0,44,77RT_GPS,-24.6210,27.5700,0.1790,0.1790,1,0,1,0,0,0,0.0000,-2666629.1259,-4339973.0983,3820742.6075,43,-23.3117,27.8650,1.3093,0.2950,-19.5998,29.1761,3.7321,1.2942,-0.0203,0.0169,-0.0270,0.0000,0.0000,0.0000,0.0000,-0.1585,-0.1585,0.0000,0.1855,0.0000,0.0000
238.4230,36.0550,0,41,GAMB_GPS,-25.4120,33.2730,0.5370,0.5370,1,0,1,0,0,0,0.0000,-2695601.7196,-4385581.7719,3747633.3002,41,-29.2167,36.2251,-3.8047,2.9521,-28.7911,35.2533,0.4372,-0.9827,-0.0115,0.0109,-0.0236,0.0000,0.0000,0.0000,0.0000,0.0966,0.0966,0.0000,-0.0729,0.0000,0.0000
238.4150,36.8870,0,44,PGN4_GPS,-23.1200,28.3750,0.1790,0.1790,1,0,1,0,0,0,0.0000,-2667427.6484,-4338386.2866,3821987.1311,43,-23.0643,27.7897,0.0557,-0.5853,-19.6357,29.1428,3.4490,1.3361,-0.0204,0.0170,-0.0271,0.0000,0.0000,0.0000,0.0000,-0.1300,-0.1300,0.0000,0.1571,0.0000,0.0000
238.3840,36.9800,0,44,GILR_GPS,-20.1030,22.5840,0.1490,0.1490,1,0,1,0,0,0,0.0000,-2666518.9178,-4331653.7885,3830248.5271,43,-20.1636,24.9479,-0.0606,2.3639,-19.8488,29.0821,0.3363,4.1162,-0.0215,0.0180,-0.0277,0.0000,0.0000,0.0000,0.0000,0.2708,0.2708,0.0000,-0.2432,0.0000,0.0000
238.3720,36.5400,0,41,TORO_GPS,-26.4060,32.5880,0.5370,0.5370,1,0,1,0,0,0,0.0000,-2682772.1392,-4356012.5915,3791073.6491,41,-27.9383,34.1977,-1.5323,1.6097,-27.3263,35.3642,0.6277,1.1525,-0.0157,0.0140,-0.0258,0.0000,0.0000,0.0000,0.0000,-0.3215,-0.3215,0.0000,0.3473,0.0000,0.0000
238.3410,36.7220,0,41,BORO_GPS,-30.1690,34.6970,0.4770,0.2390,1,0,1,0,0,0,0.0000,-2678794.4637,-4344288.1984,3807305.0484,41,-27.6283,32.9611,2.5407,-1.7359,-26.7806,35.4316,0.8653,2.4551,-0.0176,0.0154,-0.0267,0.0000,0.0000,0.0000,0.0000,-0.4102,-0.4102,0.0000,0.4370,0.0000,0.0000
238.3340,36.6980,0,41,SALI_GPS,-28.3750,33.4990,0.4180,0.2390,1,0,1,0,0,0,0.0000,-2680162.1806,-4345317.8792,3805166.8395,41,-27.7190,33.2166,0.6560,-0.2824,-26.8567,35.4469,0.8795,2.2150,-0.0172,0.0152,-0.0267,0.0000,0.0000,0.0000,0.0000,-0.4143,-0.4143,0.0000,0.4410,0.0000,0.0000
238.3320,36.7910,0,41,05YC_GPS,-28.9550,33.0990,0.1790,0.1490,1,0,1,0,0,0,0.0000,-2677067.7525,-4339961.8548,3813448.6766,41,-27.0887,32.3315,1.8663,-0.7675,-26.5727,35.4512,0.5344,3.1037,-0.0184,0.0160,-0.0271,0.0000,0.0000,0.0000,0.0000,-0.3530,-0.3530,0.0000,0.3800,0.0000,0.0000
238.3270,36.9140,0,41,04AL_GPS,-26.5270,31.6010,0.2090,0.1790,1,0,1,0,0,0,0.0000,-2673141.7972,-4332750.9999,3824386.6392,41,-24.3301,29.6117,2.1969,-1.9893,-26.1979,35.4621,-1.8477,5.8332,-0.0201,0.0172,-0.0277,0.0000,0.0000,0.0000,0.0000,0.0687,0.0687,0.0000,-0.0410,0.0000,0.0000
238.3250,37.6940,0,1,B112_GPS,-10.8500,8.5020,0.2980,0.3280,1,0,1,0,0,0,0.0000,-2645707.5775,-4287949.3996,3893336.9777,1,-12.2070,11.0375,-1.3570,2.5355,-10.2819,7.4539,1.9613,-3.6116,-0.0362,0.0280,-0.0311,0.0000,0.0000,0.0000,0.0000,0.2837,0.2837,0.0000,-0.2526,0.0000,0.0000
238.2970,37.6220,0,1,USG7_GPS,-12.1690,11.4100,0.2390,0.2690,1,0,1,0,0,0,0.0000,-2650371.7517,-4290815.0339,3887002.3649,1,-12.6377,11.8419,-0.4687,0.4319,-10.2721,7.4472,2.3995,-4.4215,-0.0339,0.0268,-0.0310,0.0000,0.0000,0.0000,0.0000,0.3463,0.3463,0.0000,-0.3153,0.0000,0.0000
238.2940,37.1840,0,44,PERR_GPS,-19.3700,21.1110,0.4470,0.4780,1,0,1,0,0,0,0.0000,-2666135.5114,-4315830.3044,3848334.9230,43,-18.8987,21.0005,0.4713,-0.1105,-20.3230,28.9059,-1.4002,7.8852,-0.0242,0.0202,-0.0291,0.0000,0.0000,0.0000,0.0000,2.0989,2.0989,0.0000,-2.0698,0.0000,0.0000
238.2860,37.2290,0,44,METC_GPS,-20.9610,21.6130,0.1790,0.1490,1,0,1,0,0,0,0.0000,-2665148.4134,-4312885.5016,3852318.0095,43,-18.1209,20.0477,2.8401,-1.5653,-20.4239,28.8902,-2.2781,8.8217,-0.0249,0.0208,-0.0293,0.0000,0.0000,0.0000,0.0000,2.3312,2.3312,0.0000,-2.3019,0.0000,0.0000
238.2780,37.9540,0,1,MINN_GPS,-14.0980,6.0160,0.3580,0.3880,1,0,1,0,0,0,0.0000,-2639907.3772,-4270705.5389,3916160.7093,1,-11.5841,10.2153,2.5139,4.1993,-10.3290,7.4426,1.2992,-2.8062,-0.0441,0.0334,-0.0326,0.0000,0.0000,0.0000,0.0000,0.2569,0.2569,0.0000,-0.2243,0.0000,0.0000
238.2620,37.2190,0,44,COY__GPS,-21.3670,21.9210,0.1490,0.1490,1,0,1,0,0,0,0.0000,-2667308.3996,-4312340.4966,3851433.0845,43,-19.0345,21.0408,2.3325,-0.8802,-20.4094,28.8432,-1.3504,7.7818,-0.0245,0.0206,-0.0294,0.0000,0.0000,0.0000,0.0000,2.1629,2.1629,0.0000,-2.1335,0.0000,0.0000
238.2500,36.7630,0,41,0513_GPS,-28.1730,33.4250,0.1790,0.1490,1,0,1,0,0,0,0.0000,-2684256.5650,-4337710.2732,3810956.2764,41,-27.4336,33.2589,0.7394,-0.1661,-26.6889,35.6295,0.7621,2.3549,-0.0174,0.0157,-0.0273,0.0000,0.0000,0.0000,0.0000,-0.3903,-0.3903,0.0000,0.4176,0.0000,0.0000
238.2290,36.8460,0,41,05ZB_GPS,-28.5570,32.4300,0.2090,0.1790,1,0,1,0,0,0,0.0000,-2682936.6634,-4332028.1783,3818341.8108,41,-26.7881,32.6236,1.7689,0.1936,-26.4426,35.6751,0.3638,3.0351,-0.0183,0.0164,-0.0278,0.0000,0.0000,0.0000,0.0000,-0.2817,-0.2817,0.0000,0.3095,0.0000,0.0000
238.2280,36.5890,0,41,FORD_GPS,-26.8160,37.3310,0.3580,0.3280,1,0,1,0,0,0,0.0000,-2692003.3906,-4346498.3788,3795447.4110,41,-28.1284,34.4816,-1.3124,-2.8494,-27.2296,35.6773,0.9140,1.1815,-0.0151,0.0142,-0.0266,0.0000,0.0000,0.0000,0.0000,-0.4148,-0.4148,0.0000,0.4414,0.0000,0.0000
238.2170,37.1860,0,44,CAAA_GPS,-22.0820,22.6340,0.1490,0.1490,1,0,1,0,0,0,0.0000,-2671862.4067,-4312129.1876,3848511.9995,43,-20.5482,23.0901,1.5338,0.4561,-20.3508,28.7551,0.2209,5.6448,-0.0235,0.0202,-0.0295,0.0000,0.0000,0.0000,0.0000,1.4947,1.4947,0.0000,-1.4652,0.0000,0.0000
238.2120,37.1370,0,44,MAZZ_GPS,-22.2930,24.5360,0.1490,0.1790,1,0,1,0,0,0,0.0000,-2673971.5024,-4314692.0375,3844172.2760,43,-21.0555,24.4301,1.2375,-0.1059,-20.2450,28.7453,0.8331,4.2956,-0.0226,0.0196,-0.0293,0.0000,0.0000,0.0000,0.0000,1.0475,1.0475,0.0000,-1.0182,0.0000,0.0000
238.2080,37.9220,0,1,JOBE_GPS,-11.9150,9.2370,0.2090,0.2090,1,0,1,0,0,0,0.0000,-2646274.9407,-4269335.4749,3913355.9769,1,-11.8367,10.7832,0.0783,1.5462,-10.3293,7.4256,1.5497,-3.3905,-0.0422,0.0329,-0.0330,0.0000,0.0000,0.0000,0.0000,0.3247,0.3247,0.0000,-0.2917,0.0000,0.0000
238.2010,36.7490,0,41,MULL_GPS,-31.8830,35.5390,0.2090,0.2090,1,0,1,0,0,0,0.0000,-2688455.8451,-4336204.3732,3809709.7349,41,-27.5941,33.6712,4.2889,-1.8678,-26.7500,35.7360,0.8609,2.0493,-0.0168,0.0155,-0.0275,0.0000,0.0000,0.0000,0.0000,-0.4137,-0.4137,0.0000,0.4412,0.0000,0.0000
238.1910,37.0690,0,44,NDDD_GPS,-22.6120,28.2410,0.1490,0.1490,1,0,1,0,0,0,0.0000,-2677955.6238,-4317585.7819,3838145.1450,43,-22.4409,27.0453,0.1711,-1.1957,-20.1024,28.7041,2.3598,1.6401,-0.0212,0.0187,-0.0290,0.0000,0.0000,0.0000,0.0000,0.7138,0.7138,0.0000,-0.6847,0.0000,0.0000
238.1900,37.5940,0,1,SARE_GPS,-13.4930,11.8420,0.1790,0.1790,1,0,1,0,0,0,0.0000,-2659381.1743,-4287471.7043,3884537.2461,1,-13.6987,13.9524,-0.2057,2.1104,-10.2759,7.4212,3.4549,-6.5575,-0.0320,0.0263,-0.0316,0.0000,0.0000,0.0000,0.0000,0.4934,0.4934,0.0000,-0.4618,0.0000,0.0000
238.1860,36.2350,0,30,FEIF_GPS,-27.8050,36.2430,0.5370,0.5080,1,0,1,0,0,0,0.0000,-2707499.3005,-4364367.8189,3763786.9946,30,-29.4928,36.7878,-1.6878,0.5448,-30.9819,39.2894,-1.4776,2.4899,-0.0115,0.0117,-0.0251,0.0000,0.0000,0.0000,0.0000,-0.2127,-0.2127,0.0000,0.2378,0.0000,0.0000
238.1670,37.0120,0,41,CORR_GPS,-25.2290,31.4490,0.1490,0.1490,1,0,1,0,0,0,0.0000,-2681776.5691,-4319705.5397,3833088.8256,41,-24.8881,30.2377,0.3409,-1.2113,-25.9576,35.8098,-1.0493,5.5541,-0.0201,0.0181,-0.0289,0.0000,0.0000,0.0000,0.0000,0.3385,0.3385,0.0000,-0.3096,0.0000,0.0000
238.1610,37.0500,0,41,LP4__GPS,-25.1210,29.5510,0.2090,0.2090,1,0,1,0,0,0,0.0000,-2680887.2253,-4317264.0457,3836460.1270,41,-23.7941,29.0213,1.3269,-0.5297,-25.8434,35.8229,-2.0287,6.7831,-0.0206,0.0185,-0.0291,0.0000,0.0000,0.0000,0.0000,0.6194,0.6194,0.0000,-0.5903,0.0000,0.0000
238.1560,37.1110,0,44,LOMA_GPS,-21.7070,26.3520,0.1790,0.1790,1,0,1,0,0,0,0.0000,-2679107.4371,-4313557.9070,3841868.4236,43,-22.1651,26.6916,-0.4581,0.3396,-20.2050,28.6355,1.9817,1.9248,-0.0216,0.0192,-0.0294,0.0000,0.0000,0.0000,0.0000,0.7904,0.7904,0.0000,-0.7609,0.0000,0.0000
238.1490,36.2880,0,30,MOLR_GPS,-27.7980,34.7550,0.5070,0.5080,1,0,1,0,0,0,0.0000,-2708478.6823,-4359659.2681,3768536.2881,30,-29.4253,36.7432,-1.6273,1.9882,-30.9348,39.3126,-1.4979,2.5574,-0.0116,0.0120,-0.0255,0.0000,0.0000,0.0000,0.0000,-0.2927,-0.2927,0.0000,0.3182,0.0000,0.0000
238.1300,37.5410,0,43,SHER_GPS,-14.4140,18.1600,0.1790,0.1790,1,0,1,0,0,0,0.0000,-2665765.6409,-4287734.2200,3879868.5890,44,-15.1915,16.5279,-0.7775,-1.6321,-10.9123,9.8375,4.3092,-6.7158,-0.0300,0.0254,-0.0318,0.0000,0.0000,0.0000,0.0000,0.6487,0.6487,0.0000,-0.6170,0.0000,0.0000
238.1290,37.4990,0,43,ALLI_GPS,-15.4230,16.5600,0.1790,0.1790,1,0,1,0,0,0,0.0000,-2667341.4643,-4290101.8549,3876166.5404,44,-15.8901,17.5723,-0.4671,1.0123,-10.9017,9.8372,5.0174,-7.7598,-0.0290,0.0247,-0.0316,0.0000,0.0000,0.0000,0.0000,0.6655,0.6655,0.0000,-0.6339,0.0000,0.0000
238.1260,36.9460,0,41,LEON_GPS,-27.9500,32.9610,0.1790,0.1790,1,0,1,0,0,0,0.0000,-2687196.7829,-4321532.1385,3827229.4009,41,-26.3865,32.3036,1.5635,-0.6574,-26.1751,35.8989,0.2302,3.5780,-0.0187,0.0173,-0.0288,0.0000,0.0000,0.0000,0.0000,-0.1262,-0.1262,0.0000,0.1550,0.0000,0.0000
238.1120,37.5400,0,43,MILS_GPS,-15.8170,16.9650,0.1790,0.1790,1,0,1,0,0,0,0.0000,-2667148.3123,-4286954.0297,3879780.4692,44,-15.5362,17.1193,0.2808,0.1543,-10.9140,9.8318,4.6520,-7.3129,-0.0298,0.0253,-0.0319,0.0000,0.0000,0.0000,0.0000,0.6750,0.6750,0.0000,-0.6431,0.0000,0.0000
238.0910,37.1040,0,41,LP2__GPS,-24.2190,28.6720,0.1790,0.1790,1,0,1,0,0,0,0.0000,-2684247.3654,-4310914.1940,3841248.0205,41,-24.0348,28.8854,0.1842,0.2134,-25.7045,35.9749,-1.6489,7.0705,-0.0208,0.0190,-0.0297,0.0000,0.0000,0.0000,0.0000,0.8002,0.8002,0.0000,-0.7704,0.0000,0.0000
238.0810,37.5070,0,43,1582_GPS,-16.3290,16.8740,0.2980,0.3280,1,0,1,0,0,0,0.0000,-2670648.4180,-4287406.3399,3876871.8531,44,-16.7454,19.0172,-0.4164,2.1432,-10.9088,9.8219,5.8653,-9.2200,-0.0286,0.0248,-0.0319,0.0000,0.0000,0.0000,0.0000,0.6945,0.6945,0.0000,-0.6626,0.0000,0.0000
238.0800,37.0040,0,41,PORT_GPS,-26.2440,32.6740,0.1490,0.1490,1,0,1,0,0,0,0.0000,-2688615.6260,-4316082.6831,3832378.8630,41,-26.1529,31.8867,0.0911,-0.7873,-26.0149,35.9988,0.1572,4.0943,-0.0192,0.0179,-0.0293,0.0000,0.0000,0.0000,0.0000,0.0066,0.0066,0.0000,0.0227,0.0000,0.0000
238.0760,36.9820,0,41,GREG_GPS,-28.7490,32.4760,0.1490,0.1490,1,0,1,0,0,0,0.0000,-2689694.8755,-4317143.6133,3830426.0808,41,-26.3969,32.2834,2.3521,-0.1926,-26.0837,36.0075,0.3320,3.7065,-0.0188,0.0176,-0.0292,0.0000,0.0000,0.0000,0.0000,-0.0940,-0.0940,0.0000,0.1232,0.0000,0.0000
238.0710,36.4490,0,30,SOBR_GPS,-29.4720,36.6770,0.5370,0.5080,1,0,1,0,0,0,0.0000,-2708800.0598,-4346963.4756,3782943.5945,30,-29.1564,36.2994,0.3156,-0.3776,-30.7779,39.3612,-1.6090,3.0490,-0.0125,0.0129,-0.0265,0.0000,0.0000,0.0000,0.0000,-0.4826,-0.4826,0.0000,0.5091,0.0000,0.0000
238.0650,37.5130,0,43,CAIS_GPS,-16.6300,17.6790,0.2980,0.2390,1,0,1,0,0,0,0.0000,-2671630.8204,-4286315.8248,3877400.7881,44,-16.9786,19.4155,-0.3486,1.7365,-10.9120,9.8168,6.0952,-9.6236,-0.0286,0.0249,-0.0320,0.0000,0.0000,0.0000,0.0000,0.7004,0.7004,0.0000,-0.6684,0.0000,0.0000
238.0620,37.0470,0,41,FIRE_GPS,-26.5370,31.3800,0.1790,0.1790,1,0,1,0,0,0,0.0000,-2688449.1766,-4312795.8249,3836194.0330,41,-25.8471,31.2901,0.6899,-0.0899,-25.8900,36.0379,-0.0233,4.7295,-0.0196,0.0183,-0.0296,0.0000,0.0000,0.0000,0.0000,0.1939,0.1939,0.0000,-0.1643,0.0000,0.0000
238.0600,37.6430,0,43,SUNS_GPS,-16.6010,16.4810,0.1790,0.1790,1,0,1,0,0,0,0.0000,-2667343.8158,-4278606.0208,3888850.5948,44,-14.9541,16.3808,1.6469,-0.1002,-10.9457,9.8152,4.0402,-6.5927,-0.0318,0.0272,-0.0328,0.0000,0.0000,0.0000,0.0000,0.6611,0.6611,0.0000,-0.6283,0.0000,0.0000
238.0530,37.1100,0,41,BURD_GPS,-25.4230,28.1830,0.1490,0.1190,1,0,1,0,0,0,0.0000,-2686893.0199,-4308791.6338,3841779.7981,41,-24.7568,29.8185,0.6662,1.6355,-25.7005,36.0574,-0.9232,6.2200,-0.0205,0.0190,-0.0300,0.0000,0.0000,0.0000,0.0000,0.6642,0.6642,0.0000,-0.6342,0.0000,0.0000
238.0480,37.8060,0,1,3814_GPS,-13.8660,12.7850,0.2980,0.2990,1,0,1,0,0,0,0.0000,-2662374.2623,-4268642.8285,3903178.5959,1,-13.5729,13.8575,0.2931,1.0725,-10.3226,7.3868,3.2866,-6.5012,-0.0364,0.0305,-0.0337,0.0000,0.0000,0.0000,0.0000,0.2638,0.2638,0.0000,-0.2301,0.0000,0.0000
238.0480,37.5320,0,44,WINE_1PS,-14.5280,16.4850,0.4180,0.4180,1,0,1,0,0,0,0.0000,-2672221.8776,-4284431.7254,3879075.4683,43,-16.9895,19.5078,-2.4615,3.0228,-21.1595,28.4238,-4.1411,8.8909,-0.0288,0.0252,-0.0323,0.0000,0.0000,0.0000,0.0000,0.7256,0.7256,0.0000,-0.6934,0.0000,0.0000
238.0390,37.0730,0,41,BRUC_GPS,-25.0340,31.9870,0.1490,0.1490,1,0,1,0,0,0,0.0000,-2689258.4668,-4310238.9030,3838499.8319,41,-25.7315,31.0921,-0.6975,-0.8949,-25.8192,36.0878,-0.0678,4.9772,-0.0198,0.0186,-0.0298,0.0000,0.0000,0.0000,0.0000,0.2955,0.2955,0.0000,-0.2657,0.0000,0.0000
238.0340,37.2470,0,44,VASO_GPS,-20.8950,24.6890,0.2390,0.2390,1,0,1,0,0,0,0.0000,-2683450.7820,-4300094.9538,3853910.5789,43,-22.0661,26.3734,-1.1711,1.6844,-20.5396,28.3964,1.5492,2.0022,-0.0227,0.0208,-0.0308,0.0000,0.0000,0.0000,0.0000,0.3527,0.3527,0.0000,-0.3219,0.0000,0.0000
238.0270,37.1800,0,44,ODAM_GPS,-22.3120,26.2900,0.3280,0.3280,1,0,1,0,0,0,0.0000,-2686360.6413,-4303587.1164,3847980.7559,43,-23.4409,28.2041,-1.1289,1.9141,-20.3949,28.3826,3.0674,0.1587,-0.0215,0.0199,-0.0305,0.0000,0.0000,0.0000,0.0000,0.4381,0.4381,0.0000,-0.4077,0.0000,0.0000
238.0260,37.4800,0,44,Z137_GPS,-19.8430,23.0900,0.1790,0.2090,1,0,1,0,0,0,0.0000,-2675729.9283,-4286390.0167,3874491.1197,43,-18.3537,21.6523,1.4893,-1.4377,-21.0523,28.3807,-2.6712,6.7042,-0.0274,0.0243,-0.0321,0.0000,0.0000,0.0000,0.0000,0.6339,0.6339,0.0000,-0.6018,0.0000,0.0000
238.0230,37.2060,0,44,SNJO_GPS,-21.6060,26.3910,0.1490,0.1490,1,0,1,0,0,0,0.0000,-2685736.0768,-4301917.9220,3850282.5065,43,-22.8797,27.5911,-1.2737,1.2001,-20.4531,28.3748,2.4485,0.7635,-0.0219,0.0202,-0.0306,0.0000,0.0000,0.0000,0.0000,0.2944,0.2944,0.0000,-0.2638,0.0000,0.0000
238.0060,37.0590,0,41,TRAL_GPS,-26.2420,33.4970,0.1490,0.1490,1,0,1,0,0,0,0.0000,-2692237.3995,-4309484.6133,3837258.3461,41,-26.1966,31.7867,0.0454,-1.7103,-25.8746,36.1595,0.3413,4.3545,-0.0193,0.0183,-0.0299,0.0000,0.0000,0.0000,0.0000,0.1104,0.1104,0.0000,-0.0804,0.0000,0.0000
238.0050,38.4170,0,1,CAML_GPS,-8.1350,9.0970,0.1790,0.1790,1,0,1,0,0,0,0.0000,-2643372.0143,-4231101.0820,3956604.5405,1,-10.8470,10.4298,-2.7120,1.3328,-10.4276,7.3764,0.4817,-3.1019,-0.0624,0.0485,-0.0371,0.0000,0.0000,0.0000,0.0000,0.6325,0.6325,0.0000,-0.5953,0.0000,0.0000
238.0050,37.7380,0,43,WED2_GPS,-14.9880,16.3970,0.1790,0.1790,1,0,1,0,0,0,0.0000,-2668029.6624,-4270569.2313,3897205.1040,44,-14.7018,16.0289,0.2862,-0.3681,-10.9756,9.7977,3.7599,-6.2602,-0.0338,0.0291,-0.0337,0.0000,0.0000,0.0000,0.0000,0.4414,0.4414,0.0000,-0.4077,0.0000,0.0000
238.0040,37.1850,0,44,BRIG_BVU,-22.2140,27.5970,0.1190,0.1190,1,0,1,0,0,0,0.0000,-2687910.0583,-4302223.5923,3848423.4618,43,-23.6292,28.8062,-1.4152,1.2092,-20.4127,28.3375,3.2377,-0.4885,-0.0213,0.0199,-0.0306,0.0000,0.0000,0.0000,0.0000,0.5239,0.5239,0.0000,-0.4933,0.0000,0.0000
237.9980,37.5930,0,44,AWIS_GPS,-16.1220,16.0990,0.3580,0.3280,1,0,1,0,0,0,0.0000,-2673769.6004,-4278593.4703,3884449.1890,43,-16.9976,19.5889,-0.8756,3.4899,-21.3081,28.3258,-4.2808,8.7106,-0.0297,0.0262,-0.0329,0.0000,0.0000,0.0000,0.0000,0.7899,0.7899,0.0000,-0.7570,0.0000,0.0000
237.9890,37.6450,0,43,GARS_GPS,-17.5110,17.2020,0.1790,0.1790,1,0,1,0,0,0,0.0000,-2672571.7872,-4275182.2991,3889026.5894,44,-16.2818,18.5754,1.2292,1.3734,-10.9536,9.7926,5.3592,-8.8100,-0.0310,0.0272,-0.0333,0.0000,0.0000,0.0000,0.0000,0.7580,0.7580,0.0000,-0.7247,0.0000,0.0000
237.9770,37.2170,0,44,ELSE_GPS,-22.2100,27.7050,0.1490,0.1490,1,0,1,0,0,0,0.0000,-2688796.9938,-4299133.4886,3851256.0854,43,-23.3248,28.7620,-1.1148,1.0570,-20.4909,28.2846,2.8555,-0.4977,-0.0216,0.0203,-0.0310,0.0000,0.0000,0.0000,0.0000,0.4608,0.4608,0.0000,-0.4299,0.0000,0.0000
237.9650,37.4260,0,44,BEND_GPS,-21.5640,23.3090,0.2980,0.2990,1,0,1,0,0,0,0.0000,-2682227.6852,-4286632.5352,3869727.0723,43,-20.1799,24.7407,1.3841,1.4317,-20.9524,28.2610,-0.7470,3.4970,-0.0255,0.0233,-0.0322,0.0000,0.0000,0.0000,0.0000,0.4919,0.4919,0.0000,-0.4597,0.0000,0.0000
237.9480,36.9500,0,41,CLIF_GPS,-29.5760,33.9140,0.1490,0.1490,1,0,1,0,0,0,0.0000,-2700467.6354,-4312936.5478,3827584.6622,41,-27.4400,33.6781,2.1360,-0.2359,-26.2302,36.2854,1.2269,2.5902,-0.0171,0.0170,-0.0296,0.0000,0.0000,0.0000,0.0000,-0.5086,-0.5086,0.0000,0.5382,0.0000,0.0000
237.9480,36.9930,0,41,CRO3_GPS,-26.3660,33.9140,0.3580,0.3580,1,0,1,0,0,0,0.0000,-2698942.4346,-4310500.6384,3831402.5425,41,-27.1490,33.2162,-0.7830,-0.6978,-26.0987,36.2854,1.0681,3.0517,-0.0177,0.0175,-0.0299,0.0000,0.0000,0.0000,0.0000,-0.3605,-0.3605,0.0000,0.3904,0.0000,0.0000
237.9440,36.9780,0,41,SCAZ_GPS,-29.7700,33.1150,0.3580,0.3580,1,0,1,0,0,0,0.0000,-2699775.6366,-4311162.1806,3830070.9688,41,-27.2774,33.4167,2.4926,0.3017,-26.1461,36.2941,1.1488,2.8601,-0.0175,0.0173,-0.0298,0.0000,0.0000,0.0000,0.0000,-0.4284,-0.4284,0.0000,0.4582,0.0000,0.0000
237.9410,37.0990,0,41,LOMP_GPS,-23.6430,33.7160,0.3280,0.3580,1,0,1,0,0,0,0.0000,-2695702.0184,-4304156.1621,3840804.8403,41,-26.3692,31.7796,-2.7262,-1.9364,-25.7769,36.3006,0.6115,4.5023,-0.0192,0.0187,-0.0305,0.0000,0.0000,0.0000,0.0000,0.2152,0.2152,0.0000,-0.1847,0.0000,0.0000
237.9390,37.8150,0,43,ROC2_GPS,-15.5810,15.3170,0.1490,0.1490,1,0,1,0,0,0,0.0000,-2670164.6586,-4263050.5297,3903968.7933,44,-14.7881,16.3673,0.7929,1.0503,-11.0022,9.7766,3.8212,-6.6214,-0.0352,0.0308,-0.0346,0.0000,0.0000,0.0000,0.0000,0.0186,0.0186,0.0000,0.0161,0.0000,0.0000
237.9310,37.7320,0,43,CAS2_GPS,-16.3010,16.6200,0.1790,0.1790,1,0,1,0,0,0,0.0000,-2673759.7318,-4267465.6102,3896677.7675,44,-16.0470,18.3498,0.2540,1.7298,-10.9818,9.7741,5.0978,-8.6047,-0.0326,0.0289,-0.0342,0.0000,0.0000,0.0000,0.0000,0.4771,0.4771,0.0000,-0.4429,0.0000,0.0000
237.9050,37.5510,0,44,RDHL_GPS,-21.0460,22.6270,0.1490,0.1790,1,0,1,0,0,0,0.0000,-2682223.1006,-4276659.0109,3880749.7219,43,-19.5309,23.6436,1.5151,1.0166,-21.2441,28.1433,-1.6856,4.4744,-0.0276,0.0253,-0.0333,0.0000,0.0000,0.0000,0.0000,0.5951,0.5951,0.0000,-0.5618,0.0000,0.0000
237.9030,37.5630,0,44,COYS_GPS,-21.0430,22.6270,0.1490,0.1790,1,0,1,0,0,0,0.0000,-2681940.4484,-4275876.7390,3881806.9254,43,-19.4080,23.4236,1.6350,0.7966,-21.2710,28.1394,-1.8351,4.6902,-0.0278,0.0256,-0.0334,0.0000,0.0000,0.0000,0.0000,0.6111,0.6111,0.0000,-0.5777,0.0000,0.0000
237.8970,38.3980,0,1,VAC3_GPS,-11.3570,8.3290,0.1490,0.1490,1,0,1,0,0,0,0.0000,-2652039.8903,-4227222.1351,3954949.9242,1,-10.9889,11.4380,0.3681,3.1090,-10.4331,7.3502,0.6155,-4.1364,-0.0598,0.0486,-0.0383,0.0000,0.0000,0.0000,0.0000,1.2221,1.2221,0.0000,-1.1838,0.0000,0.0000
237.8850,38.3310,0,1,GORR_GPS,-11.9740,9.2330,0.2090,0.2090,1,0,1,0,0,0,0.0000,-2655382.0039,-4230580.8374,3949111.7549,1,-11.5051,11.8654,0.4689,2.6324,-10.4230,7.3473,1.1380,-4.5643,-0.0558,0.0461,-0.0381,0.0000,0.0000,0.0000,0.0000,1.2152,1.2152,0.0000,-1.1771,0.0000,0.0000
237.8770,37.3630,0,44,FTHL_GPS,-22.1930,26.2360,0.2390,0.2690,1,0,1,0,0,0,0.0000,-2691069.2289,-4286108.8703,3864164.6729,43,-22.2084,28.0883,-0.0154,1.8523,-20.8406,28.0884,1.3909,-0.0220,-0.0232,0.0222,-0.0324,0.0000,0.0000,0.0000,0.0000,0.4940,0.4940,0.0000,-0.4616,0.0000,0.0000
237.8720,37.9370,0,43,HILL_GPS,-14.0640,15.8370,0.1790,0.1790,1,0,1,0,0,0,0.0000,-2670721.0444,-4252875.8179,3914670.8473,44,-14.5643,15.7437,-0.5003,-0.0933,-11.0402,9.7553,3.5624,-6.0222,-0.0383,0.0338,-0.0359,0.0000,0.0000,0.0000,0.0000,-0.5952,-0.5952,0.0000,0.6311,0.0000,0.0000
237.8470,37.2900,0,41,BM1R_GPS,-23.7140,29.4440,0.2090,0.2090,1,0,1,0,0,0,0.0000,-2695930.9633,-4288863.9726,3857713.5102,41,-23.9902,30.2758,-0.2762,0.8318,-25.2283,36.5045,-1.2166,6.2077,-0.0214,0.0210,-0.0321,0.0000,0.0000,0.0000,0.0000,0.3084,0.3084,0.0000,-0.2763,0.0000,0.0000
237.8330,37.3240,0,44,PAWT_GPS,-23.9080,29.1480,0.1790,0.1790,1,0,1,0,0,0,0.0000,-2695759.6236,-4286266.5306,3860718.9411,43,-23.8601,29.7176,0.0479,0.5696,-20.7682,28.0021,3.1138,-1.7371,-0.0219,0.0215,-0.0324,0.0000,0.0000,0.0000,0.0000,0.3300,0.3300,0.0000,-0.2975,0.0000,0.0000
237.8250,38.3510,0,45,GAME_GPS,-12.6790,10.9510,0.1490,0.1490,1,0,1,0,0,0,0.0000,-2659076.5781,-4226630.7535,3950855.0578,45,-12.4472,12.4545,0.2318,1.5035,-4.9026,15.8312,7.6006,3.3295,-0.0560,0.0472,-0.0388,0.0000,0.0000,0.0000,0.0000,1.1091,1.1091,0.0000,-1.0702,0.0000,0.0000
237.8160,37.6910,0,44,SLBB_GPS,-18.9280,22.7530,0.2090,0.2090,1,0,1,0,0,0,0.0000,-2683804.2213,-4264449.2901,3893073.1582,43,-19.1110,22.9926,-0.1830,0.2396,-21.5772,27.9687,-2.4363,4.9481,-0.0299,0.0279,-0.0348,0.0000,0.0000,0.0000,0.0000,0.4539,0.4539,0.0000,-0.4191,0.0000,0.0000
237.8050,37.1470,0,41,EAUN_GPS,-28.1530,33.8560,0.1490,0.1490,1,0,1,0,0,0,0.0000,-2704195.6364,-4295020.9720,3845058.1623,41,-26.8467,33.0665,1.3063,-0.7895,-25.6822,36.5956,1.1831,3.5101,-0.0185,0.0190,-0.0315,0.0000,0.0000,0.0000,0.0000,-0.3029,-0.3029,0.0000,0.3344,0.0000,0.0000
237.7970,38.3130,0,45,MADI_GPS,-13.7910,13.9590,0.1490,0.1490,1,0,1,0,0,0,0.0000,-2662537.6117,-4227547.0616,3947542.3709,45,-12.8897,13.0374,0.9013,-0.9216,-4.6997,15.7098,8.2434,2.6265,-0.0534,0.0459,-0.0389,0.0000,0.0000,0.0000,0.0000,0.5505,0.5505,0.0000,-0.5116,0.0000,0.0000
237.7840,37.3120,0,41,TRUE_GPS,-24.9180,30.9630,0.1790,0.2090,1,0,1,0,0,0,0.0000,-2699855.3098,-4284643.5258,3859658.3560,41,-24.8109,30.8032,0.1071,-0.1598,-25.1853,36.6411,-0.3532,5.8168,-0.0211,0.0212,-0.0326,0.0000,0.0000,0.0000,0.0000,0.2419,0.2419,0.0000,-0.2092,0.0000,0.0000
237.7780,37.8840,0,43,BAPK_GPS,-16.1900,18.0650,0.1490,0.1790,1,0,1,0,0,0,0.0000,-2679624.4197,-4251550.1331,3910023.7719,44,-16.4518,19.6252,-0.2618,1.5602,-11.0366,9.7253,5.4503,-9.9323,-0.0351,0.0324,-0.0364,0.0000,0.0000,0.0000,0.0000,-0.3054,-0.3054,0.0000,0.3418,0.0000,0.0000
237.7710,38.0430,0,43,CROC_GPS,-15.7550,16.1670,0.3280,0.3280,1,0,1,0,0,0,0.0000,-2674346.8364,-4242027.5871,3923954.9450,44,-14.5439,16.7273,1.2111,0.5603,-11.0778,9.7230,3.5068,-7.0411,-0.0407,0.0367,-0.0375,0.0000,0.0000,0.0000,0.0000,-1.4457,-1.4457,0.0000,1.4832,0.0000,0.0000
237.7530,37.8790,0,43,04GG_GPS,-16.5950,17.2720,0.2390,0.2390,1,0,1,0,0,0,0.0000,-2681661.3046,-4250669.0891,3909585.1958,44,-17.0194,20.5524,-0.4244,3.2804,-11.0379,9.7173,6.0161,-10.8673,-0.0346,0.0322,-0.0366,0.0000,0.0000,0.0000,0.0000,-0.2385,-0.2385,0.0000,0.2751,0.0000,0.0000
237.7490,37.8700,0,43,STAD_GPS,-18.1980,22.8730,0.2680,0.2690,1,0,1,0,0,0,0.0000,-2682285.7281,-4251001.1805,3908795.6838,44,-17.2659,20.8930,0.9321,-1.9800,-11.0360,9.7160,6.2641,-11.2090,-0.0342,0.0320,-0.0365,0.0000,0.0000,0.0000,0.0000,-0.1797,-0.1797,0.0000,0.2162,0.0000,0.0000
237.7480,37.8710,0,43,STAC_GPS,-17.8980,22.2730,0.2680,0.2690,1,0,1,0,0,0,0.0000,-2682323.5153,-4250896.6691,3908883.4121,44,-17.2669,20.9027,0.6311,-1.3703,-11.0364,9.7157,6.2647,-11.2190,-0.0342,0.0320,-0.0366,0.0000,0.0000,0.0000,0.0000,-0.1846,-0.1846,0.0000,0.2212,0.0000,0.0000
237.7450,38.0300,0,43,0410_GPS,-16.5630,17.5740,0.2980,0.3580,1,0,1,0,0,0,0.0000,-2676746.6150,-4241566.3857,3922817.0512,44,-14.9796,17.6636,1.5834,0.0896,-11.0772,9.7147,3.9422,-7.9852,-0.0398,0.0364,-0.0377,0.0000,0.0000,0.0000,0.0000,-1.4348,-1.4348,0.0000,1.4724,0.0000,0.0000
237.7410,38.3240,0,45,HAGG_GPS,-13.0970,15.0750,0.1490,0.1490,1,0,1,0,0,0,0.0000,-2666263.7155,-4224301.7508,3948501.4852,45,-13.2364,13.7370,-0.1394,-1.3380,-4.7693,15.4669,8.5202,1.6833,-0.0531,0.0465,-0.0396,0.0000,0.0000,0.0000,0.0000,-0.2647,-0.2647,0.0000,0.3044,0.0000,0.0000
237.7350,37.8720,0,44,UCBK_GPS,-19.3000,22.7770,0.1490,0.1790,1,0,1,0,0,0,0.0000,-2683251.5239,-4250230.2706,3908971.1392,43,-17.5228,21.2908,1.7772,-1.4862,-21.9976,27.8097,-4.4407,6.4869,-0.0341,0.0320,-0.0367,0.0000,0.0000,0.0000,0.0000,-0.1799,-0.1799,0.0000,0.2166,0.0000,0.0000
237.7260,37.9000,0,43,FLES_GPS,-18.3940,18.9800,0.5670,0.3880,1,0,1,0,0,0,0.0000,-2682898.7632,-4248193.0737,3911427.0153,44,-17.1850,20.9484,1.2090,1.9684,-11.0460,9.7087,6.1738,-11.2724,-0.0348,0.0327,-0.0370,0.0000,0.0000,0.0000,0.0000,-0.3434,-0.3434,0.0000,0.3803,0.0000,0.0000
237.7160,37.2740,0,41,HAUL_GPS,-24.9370,33.8830,0.2680,0.2990,1,0,1,0,0,0,0.0000,-2706305.1722,-4283599.4164,3856298.7197,41,-26.0639,32.7519,-1.1269,-1.1311,-25.3280,36.7886,0.7555,4.0162,-0.0196,0.0205,-0.0328,0.0000,0.0000,0.0000,0.0000,-0.3174,-0.3174,0.0000,0.3501,0.0000,0.0000
237.6950,37.9370,0,43,MA_A_GPS,-19.6910,22.9890,0.2980,0.2390,1,0,1,0,0,0,0.0000,-2683846.4030,-4244605.0587,3914670.8473,44,-17.1703,21.1402,2.5207,-1.8488,-11.0587,9.6987,6.1472,-11.4751,-0.0356,0.0337,-0.0375,0.0000,0.0000,0.0000,0.0000,-0.5729,-0.5729,0.0000,0.6104,0.0000,0.0000
237.6620,38.2580,0,43,DEAL_GPS,-14.3250,16.6990,0.2090,0.2390,1,0,1,0,0,0,0.0000,-2674516.8851,-4224461.5957,3942744.6176,44,-13.6814,15.5959,0.6436,-1.1031,-11.1438,9.6882,2.5858,-5.9519,-0.0482,0.0442,-0.0401,0.0000,0.0000,0.0000,0.0000,-1.2170,-1.2170,0.0000,1.2571,0.0000,0.0000
237.6600,37.9340,0,44,RMD1_GPS,-19.3980,23.1000,0.4180,0.5080,1,0,1,0,0,0,0.0000,-2686548.4282,-4243137.9708,3914407.8947,43,-17.8887,22.3437,1.5093,-0.7563,-22.1556,27.6624,-4.2320,5.2852,-0.0349,0.0336,-0.0378,0.0000,0.0000,0.0000,0.0000,-0.5104,-0.5104,0.0000,0.5482,0.0000,0.0000
237.6440,37.9900,0,44,SPA1_GPS,-15.8870,18.8040,0.2680,0.2690,1,0,1,0,0,0,0.0000,-2685684.4193,-4239153.6820,3919314.5730,43,-17.2313,21.6734,-1.3443,2.8694,-22.2829,27.6310,-5.0151,5.9225,-0.0366,0.0351,-0.0383,0.0000,0.0000,0.0000,0.0000,-1.0269,-1.0269,0.0000,1.0653,0.0000,0.0000
237.6410,37.2280,0,41,HALM_GPS,-29.6590,34.4050,0.1790,0.2090,1,0,1,0,0,0,0.0000,-2713566.2639,-4282667.0779,3852229.5223,41,-26.9536,34.6198,2.7054,0.2148,-25.4980,36.9511,1.4736,2.3117,-0.0180,0.0196,-0.0329,0.0000,0.0000,0.0000,0.0000,-0.7501,-0.7501,0.0000,0.7830,0.0000,0.0000
237.6380,38.2830,0,43,HENN_GPS,-14.0220,18.6060,0.5070,0.5670,1,0,1,0,0,0,0.0000,-2675365.0896,-4221887.3761,3944925.8652,44,-13.6043,15.8011,0.4177,-2.8049,-11.1526,9.6805,2.5007,-6.1658,-0.0490,0.0452,-0.0406,0.0000,0.0000,0.0000,0.0000,-1.1727,-1.1727,0.0000,1.2133,0.0000,0.0000
237.6340,37.8100,0,44,NAVY_GPS,-20.6290,25.0070,0.1490,0.1790,1,0,1,0,0,0,0.0000,-2693002.3884,-4249063.9730,3903529.8066,43,-20.3363,25.4162,0.2927,0.4092,-21.8918,27.6113,-1.5249,2.1648,-0.0306,0.0303,-0.0371,0.0000,0.0000,0.0000,0.0000,0.0364,0.0364,0.0000,0.0007,0.0000,0.0000
237.6180,37.5920,0,44,PEEE_GPS,-21.8800,28.8120,0.2090,0.2090,1,0,1,0,0,0,0.0000,-2702123.6026,-4260823.6416,3884361.1307,43,-23.4369,29.3616,-1.5569,0.5496,-21.4190,27.5799,2.0426,-1.8071,-0.0247,0.0255,-0.0356,0.0000,0.0000,0.0000,0.0000,0.1815,0.1815,0.0000,-0.1459,0.0000,0.0000
237.6050,37.1830,0,30,PIGE_GPS,-28.5750,35.6160,0.1790,0.1790,1,0,1,0,0,0,0.0000,-2717876.7085,-4283514.6124,3848246.3830,30,-27.7233,35.4301,0.8517,-0.1859,-30.1092,39.6506,-2.3690,4.2016,-0.0168,0.0189,-0.0328,0.0000,0.0000,0.0000,0.0000,-0.7584,-0.7584,0.0000,0.7913,0.0000,0.0000
237.5980,37.9420,0,44,HIL4_GPS,-20.4050,24.4170,0.3280,0.3280,1,0,1,0,0,0,0.0000,-2690845.4706,-4239766.8596,3915109.0778,43,-18.8670,24.0155,1.5380,-0.4015,-22.1915,27.5406,-3.2903,3.4915,-0.0341,0.0337,-0.0384,0.0000,0.0000,0.0000,0.0000,-0.4947,-0.4947,0.0000,0.5331,0.0000,0.0000
237.5840,37.9590,0,44,SNPR_GPS,-20.1030,23.0220,0.2390,0.2690,1,0,1,0,0,0,0.0000,-2691258.5326,-4238128.4208,3916598.8384,43,-18.8106,24.0764,1.2924,1.0544,-22.2328,27.5131,-3.3877,3.4026,-0.0344,0.0341,-0.0387,0.0000,0.0000,0.0000,0.0000,-0.5930,-0.5930,0.0000,0.6317,0.0000,0.0000
237.5450,37.8050,0,44,PRSD_GPS,-22.5440,26.3330,0.2390,0.2390,1,0,1,0,0,0,0.0000,-2699782.1844,-4245163.1184,3903090.7902,43,-21.6650,27.4911,0.8790,1.1581,-21.9071,27.4365,-0.2131,-0.0845,-0.0290,0.0299,-0.0378,0.0000,0.0000,0.0000,0.0000,0.0280,0.0280,0.0000,0.0099,0.0000,0.0000
237.5440,38.2230,0,43,AIRR_GPS,-16.3510,18.8330,0.1490,0.1490,1,0,1,0,0,0,0.0000,-2684503.4545,-4220976.0058,3939689.6099,44,-15.5537,19.0155,0.7973,0.1825,-11.1472,9.6504,4.4507,-9.4080,-0.0442,0.0429,-0.0412,0.0000,0.0000,0.0000,0.0000,-0.3806,-0.3806,0.0000,0.4218,0.0000,0.0000
237.5440,37.5270,0,41,PALO_GPS,-26.2070,31.8330,0.1790,0.1790,1,0,1,0,0,0,0.0000,-2709987.4903,-4261045.8010,3878634.8043,41,-25.0268,32.3769,1.1802,0.5439,-24.6211,37.1612,0.4279,4.7603,-0.0222,0.0240,-0.0357,0.0000,0.0000,0.0000,0.0000,-0.4011,-0.4011,0.0000,0.4367,0.0000,0.0000
237.5420,37.6090,0,41,SWEE_GPS,-24.8880,30.8340,0.1790,0.1790,1,0,1,0,0,0,0.0000,-2707154.3429,-4256263.0010,3885857.9608,41,-23.9454,31.1542,0.9426,0.3202,-24.3708,37.1656,-0.4015,5.9858,-0.0239,0.0256,-0.0363,0.0000,0.0000,0.0000,0.0000,-0.1545,-0.1545,0.0000,0.1908,0.0000,0.0000
237.4960,37.5090,0,30,WHAL_GPS,-26.5180,33.2480,0.2090,0.2090,1,0,1,0,0,0,0.0000,-2714210.9066,-4259801.4164,3877048.1695,30,-25.8184,33.6054,0.6996,0.3574,-29.7717,39.7179,-3.9322,6.0891,-0.0211,0.0235,-0.0359,0.0000,0.0000,0.0000,0.0000,-0.6551,-0.6551,0.0000,0.6910,0.0000,0.0000
237.4730,38.2360,0,44,ADOO_GPS,-17.0590,21.8550,0.1490,0.1490,1,0,1,0,0,0,0.0000,-2689251.2473,-4216892.3938,3940824.4987,43,-16.9975,20.7687,0.0615,-1.0863,-22.8718,27.2950,-5.8309,6.4829,-0.0434,0.0434,-0.0421,0.0000,0.0000,0.0000,0.0000,-0.0156,-0.0156,0.0000,0.0577,0.0000,0.0000
237.4050,38.1860,0,44,COR__GPS,-19.1810,23.6750,0.1490,0.1490,1,0,1,0,0,0,0.0000,-2696105.6243,-4216593.5230,3936458.4319,43,-19.1198,23.6978,0.0612,0.0228,-22.7824,27.1613,-3.6229,3.4223,-0.0396,0.0413,-0.0424,0.0000,0.0000,0.0000,0.0000,0.0646,0.0646,0.0000,-0.0222,0.0000,0.0000
237.4010,37.9230,0,44,T3R2_GPS,-22.7400,26.3760,0.1790,0.1790,1,0,1,0,0,0,0.0000,-2706106.4390,-4231583.4215,3913443.6433,43,-22.1705,28.6339,0.5695,2.2579,-22.2077,27.1534,-0.0072,-1.5130,-0.0299,0.0325,-0.0401,0.0000,0.0000,0.0000,0.0000,0.0194,0.0194,0.0000,0.0207,0.0000,0.0000
237.2630,38.0930,0,44,NICC_GPS,-21.2240,28.1160,0.1490,0.1490,1,0,1,0,0,0,0.0000,-2709999.3650,-4215267.6831,3928329.5766,43,-22.1771,28.5213,-0.9531,0.4053,-22.6201,26.8820,-0.4102,-1.6766,-0.0328,0.0372,-0.0431,0.0000,0.0000,0.0000,0.0000,0.3647,0.3647,0.0000,-0.3217,0.0000,0.0000
237.1870,38.0870,0,44,1395_GPS,-23.8370,29.3390,0.1790,0.1790,1,0,1,0,0,0,0.0000,-2715811.2302,-4212015.0099,3927804.7787,43,-23.3697,30.5045,0.4673,1.1655,-22.6289,26.7325,0.7716,-3.8086,-0.0309,0.0366,-0.0438,0.0000,0.0000,0.0000,0.0000,0.5915,0.5915,0.0000,-0.5477,0.0000,0.0000
237.1310,38.0800,0,30,PRH2_GPS,-24.6470,32.2560,0.1490,0.1490,1,0,1,0,0,0,0.0000,-2720187.1058,-4209761.6265,3927192.4601,30,-24.6751,31.7308,-0.0281,-0.5252,-29.2550,39.9423,-4.5505,8.1756,-0.0294,0.0359,-0.0443,0.0000,0.0000,0.0000,0.0000,0.6010,0.6010,0.0000,-0.5566,0.0000,0.0000
237.0630,38.1040,0,30,PRNC_GPS,-28.0530,33.5760,0.4770,0.4480,1,0,1,0,0,0,0.0000,-2724286.7717,-4205149.2975,3929291.5942,30,-25.3417,32.7832,2.7113,-0.7928,-29.2560,39.9839,-3.8857,7.1645,-0.0285,0.0362,-0.0454,0.0000,0.0000,0.0000,0.0000,0.5673,0.5673,0.0000,-0.5219,0.0000,0.0000
210.3940,-17.5770,0,30,THTI_GPS,-66.9580,47.5570,0.2090,0.1790,1,0,1,0,0,0,0.0000,-5235918.6578,-3071158.2388,-1922886.9814,30,-65.5049,51.3813,1.4531,3.8243,-65.6792,51.4590,-0.1751,0.0768,0.0008,0.0008,-0.0001,0.0000,0.0000,0.0000,0.0000,0.0029,0.0029,0.0000,-0.0028,0.0000,0.0000
237.1410,49.1920,0,14,BCSF_PAN,3.7630,1.9700,0.1690,0.1800,1,0,1,0,0,0,0.0000,-2257807.0063,-3495520.4007,4819543.1435,11,4.0085,3.3587,0.2455,1.3887,3.1838,2.6285,0.6735,0.1792,-1.4982,-0.9093,-0.0113,0.0000,0.0000,0.0000,0.0000,0.1601,0.1601,0.0000,-0.1488,0.0000,0.0000
237.4190,45.5660,0,7,PDXB_PAN,4.9000,6.5270,0.7700,0.8240,1,0,1,0,0,0,0.0000,-2400468.8479,-3756252.2737,4546720.7554,4,4.5593,5.6821,-0.3407,-0.8449,3.3775,5.4320,0.6953,-0.0281,-1.8771,-0.2220,-0.1058,0.0000,0.0000,0.0000,0.0000,0.1154,0.1154,0.0000,-0.0096,0.0000,0.0000
236.4590,46.9660,0,9,SATS_PAN,5.0170,7.3910,0.5060,0.6050,1,0,1,0,0,0,0.0000,-2400951.4194,-3621808.1677,4654276.4572,6,8.2365,6.5999,3.2195,-0.7911,2.7793,5.7439,0.4586,0.6473,-5.9159,-1.5032,-2.0019,0.0000,0.0000,0.0000,0.0000,2.0935,2.0935,0.0000,-0.0916,0.0000,0.0000
236.2320,46.2090,0,15,TPW2_PAN,5.9720,6.5160,0.2940,0.1980,1,0,1,0,0,0,0.0000,-2449249.6940,-3663069.4769,4596460.5302,14,8.4921,8.0914,2.5201,1.5754,1.5596,6.5983,-0.1992,0.6025,-6.7333,-2.0956,-1.8948,0.0000,0.0000,0.0000,0.0000,1.7538,1.7538,0.0000,0.1410,0.0000,0.0000
237.0310,46.6750,0,9,WACS_PAN,3.4760,6.0800,0.2960,0.3210,1,0,1,0,0,0,0.0000,-2377508.0825,-3665381.5557,4632146.8922,6,5.5250,5.7907,2.0490,-0.2893,2.7664,5.6507,0.4611,0.4702,-3.2196,-0.6103,-0.3177,0.0000,0.0000,0.0000,0.0000,0.3929,0.3929,0.0000,-0.0752,0.0000,0.0000
