lon1,lat1,dep1,lon2,lat2,dep2,lon3,lat3,dep3,mesh_idx,strike_slip_rate,dip_slip_rate,strike_slip_rate_kinematic,dip_slip_rate_kinematic,strike_slip_coupling,dip_slip_coupling
232.06,49.636,0.0,232.155,49.468,0.0,232.174,49.619,-3.1,0,-3.070871501281413,26.58398851895378,-5.565597104073124,39.982734040140336,0.5586297617769652,0.663326090745193
232.411,49.299,-3.8,232.173,49.109,0.0,232.41500000000002,49.088,-2.1,0,1.3205618688443685,28.572851686693834,2.07018825349836,37.919085393873104,0.6234207745216325,0.7524020773374434
234.663,43.131,0.0,234.711,42.959,0.0,234.957,43.141,-3.6,0,-1.8778624867304494,21.245069468456382,-3.9304111672326982,24.494446023772504,0.4774297597523043,0.8672810891874076
235.01600000000002,40.553,0.0,235.0,40.375,0.0,235.122,40.45,-3.7,0,1.9900484286660078,11.752175057270799,3.3619792302955034,25.1795863623812,0.6932672085453434,0.46387771030844605
234.215,47.089,-2.3,234.514,47.122,-4.8,234.43099999999998,47.282,-4.8,0,-0.1827710443721249,30.054738835391394,-1.4283814796020984,31.432913732061444,0.10300102190750746,0.9557690564025534
232.16500000000002,49.288,0.0,232.173,49.109,0.0,232.411,49.299,-3.8,0,-13.639439587068681,23.17554438168756,-22.084917939636593,31.13410124708741,0.6194052023148886,0.7435553776694565
235.189,41.661,-4.5,234.916,41.672,-2.1,234.963,41.518,-2.0,0,8.168261941248307,10.546153942560482,11.640738281509002,15.036916619351103,0.7137692118427612,0.7021815565259447
235.236,41.503,-4.6,235.189,41.661,-4.5,234.963,41.518,-2.0,0,6.384771020495747,11.431991910882573,9.24473109165163,16.806536924780687,0.7065842700354269,0.6805744078874754
235.248,41.188,-4.2,235.276,41.348,-4.6,235.05200000000002,41.214,-2.0,0,4.235102636267259,13.645332255079877,5.925810173313636,19.757450817718706,0.7441994175335522,0.6897647049329143
234.951,42.568,-2.7,234.80700000000002,42.44,0.0,235.09699999999998,42.386,-4.2,0,3.78797370298897,9.472881841290933,9.179078403094422,12.18813558950393,0.4347736016921176,0.7829252262858203
235.269,40.744,-6.5,235.312,40.919,-6.5,235.058,40.907,0.0,0,-0.551567820995928,14.997142426593385,-0.41425387783903034,23.007407578776224,0.7320429962412592,0.6494783578469456
234.047,47.495,-2.2,234.162,47.276,-2.5,234.334,47.443,-4.7,0,-1.0625935137109286,30.395427817202695,-9.286861503105431,31.8185929201463,0.11381127041886568,0.9552560229671682
235.269,40.744,-6.5,235.058,40.907,0.0,235.055,40.729,0.0,0,3.3624606345458967,14.735415314874071,4.858728624241849,23.04927795227931,0.7453142070724414,0.6375567836841427
233.725,47.955,-2.3,233.893,48.09,-4.5,233.588,48.137,-2.0,0,-1.4434212131733744,31.376376080364114,-4.316422416875184,34.45363597166151,0.33628577661200576,0.910561588479739
234.162,47.276,-2.5,234.215,47.089,-2.3,234.43099999999998,47.282,-4.8,0,-0.43571748020442863,30.116024173482273,-4.401919337636468,31.3590357552213,0.1072257041397561,0.9599956153342483
235.09300000000002,42.2,-4.3,234.862,42.16,-2.0,234.923,42.001,-2.4,0,4.096275997522442,10.9318601088735,7.7170343191483255,14.887041589764266,0.55535891012412,0.7378982858575704
234.957,43.141,-3.6,234.711,42.959,0.0,235.013,42.979,-4.2,0,-3.6088504483437323,19.607533113508374,-8.584467681533503,23.35252552349329,0.4203603367090899,0.8395384300716618
232.155,49.468,0.0,232.16500000000002,49.288,0.0,232.411,49.299,-3.8,0,-12.987212030739892,22.5720888546796,-21.745714121023543,31.635915912055157,0.5991756048498957,0.7125299298776124
235.13299999999998,42.007,-4.5,235.09300000000002,42.2,-4.3,234.923,42.001,-2.4,0,3.7298264868744777,10.787414991266788,7.105504648889848,15.328464858739068,0.5505119294976552,0.7071945410654995
235.276,41.348,-4.6,235.036,41.366,-2.2,235.05200000000002,41.214,-2.0,0,7.061483268841232,12.588953033960815,9.595373314436557,17.98704262819666,0.7525530587705517,0.6994114362819892
234.914,41.826,-2.0,235.166,41.851,-4.5,234.923,42.001,-2.4,0,5.273305604258272,10.974300466599892,8.597807316764289,15.549936728531634,0.632580830901864,0.7080178471433624
233.488,48.49,-4.2,233.24200000000002,48.316,0.0,233.52100000000002,48.295,-2.7,0,1.5674859024782006,30.981668783057405,3.258891069756742,35.52758663373739,0.47685364590863116,0.8717191677005928
233.893,48.09,-4.5,233.786,48.221,-4.6,233.588,48.137,-2.0,0,1.1476293795197947,31.108855821356574,3.2165844568092616,34.788629970204525,0.354370003628466,0.8940356333173065
233.24200000000002,48.316,0.0,233.488,48.49,-4.2,233.265,48.528,-2.5,0,3.6472206149489947,30.242405119312263,7.180621051356553,35.166171919851806,0.5060431430103255,0.8595748570037067
235.166,41.851,-4.5,235.13299999999998,42.007,-4.5,234.923,42.001,-2.4,0,4.983742240444992,10.362095008006845,8.70863322887638,15.067568375644214,0.5913108342484038,0.6906066688925615
232.74200000000002,48.885,-2.5,232.7,48.71,0.0,233.011,48.768,-3.0,0,8.390869061874069,27.756154105366186,13.779494702122555,34.260672814666435,0.6077099080448541,0.8093476626144458
234.663,43.131,0.0,234.957,43.141,-3.6,234.813,43.303,-2.4,0,-1.94708495498021,21.06256906790411,-3.981290916835569,24.409269251106338,0.4883410676225083,0.8628124831112775
234.535,46.06,-2.0,234.82,45.899,-4.3,234.833,46.068,-4.7,0,-6.256406681188181,25.58433709133968,-10.306766106598111,27.00161473806463,0.6003408745819068,0.9467006798005732
234.73399999999998,45.343,-2.4,234.92700000000002,45.258,-4.5,234.878,45.435,-4.1,0,-10.114393642476058,22.61287834775009,-13.02836892351035,24.256552801101762,0.7691864856848538,0.9314485659772911
234.82,45.899,-4.3,234.535,46.06,-2.0,234.588,45.868,-2.1,0,-6.169517189663916,26.014776333612307,-9.614499484230116,27.201221416256324,0.6348871030373225,0.9557076311194646
234.73399999999998,45.343,-2.4,234.767,45.17,-2.6,234.92700000000002,45.258,-4.5,0,-10.173136704283529,22.685749750139834,-12.816296597028398,24.21742561481063,0.7868895643169331,0.9360597598659706
235.269,40.744,-6.5,235.055,40.729,0.0,235.239,40.568,-6.5,0,0.5149859882370628,14.201203103744655,1.1398184820969846,24.104819896851552,0.7087908582162384,0.5865121404597272
234.80700000000002,42.44,0.0,234.911,42.282,-2.2,235.09699999999998,42.386,-4.2,0,0.03170696508670577,12.135738018121998,0.5091512800031808,15.734692637176849,0.46900082112477204,0.7745197331092758
235.239,40.568,-6.5,235.055,40.729,0.0,235.01600000000002,40.553,0.0,0,-0.15085050034554992,13.777220675291245,0.21136677049145192,24.477592478058625,0.7184024067956474,0.5597185335637771
234.66899999999998,42.108,0.0,234.699,41.93,0.0,234.923,42.001,-2.4,0,5.64209348129182,11.5073262384974,9.090922389957825,14.97917095035558,0.6408811200017895,0.7707966348266938
234.711,42.959,0.0,234.921,42.84,-2.8,235.013,42.979,-4.2,0,2.642771254139637,9.514009836281554,6.832538297592151,11.408028803786607,0.41346425701524886,0.8386363775113614
234.916,41.672,-2.1,235.189,41.661,-4.5,235.058,41.755,-3.4,0,4.396516851525227,12.025631775795585,6.640141252399928,17.39524819960826,0.6860129904322328,0.6921667102295074
234.862,42.16,-2.0,234.66899999999998,42.108,0.0,234.923,42.001,-2.4,0,4.823979844436823,11.423930710808248,8.31979130874916,14.937021217988558,0.6028125510455606,0.7678299362424335
235.036,41.366,-2.2,235.236,41.503,-4.6,234.963,41.518,-2.0,0,8.160690773914702,11.287632628753855,11.259431422239345,16.15885518250991,0.7375347083607202,0.6986369294553458
232.7,48.71,0.0,232.918,48.602,0.0,233.011,48.768,-3.0,0,9.56562806800295,27.483136478061425,15.937687268242605,33.11025883442696,0.5992868394892285,0.8293482426709476
232.155,49.468,0.0,232.34300000000002,49.605,-6.5,232.174,49.619,-3.1,0,0.7567644231632592,25.928797632226367,1.3138944551105158,39.692833705571914,0.5516844334027736,0.6515690465384087
233.918,47.343,0.0,234.162,47.276,-2.5,234.047,47.495,-2.2,0,-1.1890499254657783,30.890911517833047,-8.802415512591622,32.10599288383849,0.13434493267318343,0.962145485101882
234.951,42.568,-2.7,235.09699999999998,42.386,-4.2,235.112,42.551,-4.7,0,2.6789536009207593,9.730585520057414,7.462371327743426,12.926376755745196,0.3864553811102338,0.7587074421676706
234.514,47.122,-4.8,234.215,47.089,-2.3,234.377,46.998,-3.3,0,-0.5086492115214246,29.743112444964996,-4.418386273507256,30.973038272378894,0.12096250464425923,0.9598910286832832
234.837,45.75,-4.2,234.82,45.899,-4.3,234.588,45.868,-2.1,0,-6.950408177074289,25.200834768651266,-10.315824525426464,26.629080713783253,0.6658838456647952,0.9455662995204698
234.047,47.495,-2.2,234.334,47.443,-4.7,234.225,47.622,-4.5,0,-0.7244120815048548,31.054096310218096,-6.077613853275221,32.79326009050392,0.11839127781986404,0.9469404121852872
234.334,47.443,-4.7,234.162,47.276,-2.5,234.43099999999998,47.282,-4.8,0,-0.499438185966301,30.960273663982544,-5.126433496690904,32.49483069309054,0.09590607766384496,0.9527561517636173
234.90300000000002,45.053,-4.2,234.767,45.17,-2.6,234.709,44.938,-1.9,0,-12.031359821122239,21.146064450259466,-14.806608001488684,22.601223134841774,0.8070531938591043,0.9349683769863802
234.92700000000002,45.258,-4.5,235.1,45.327,-6.5,234.878,45.435,-4.1,0,-9.651753634579054,22.047092371566357,-12.808415197194634,24.234816473681633,0.7454609068128625,0.908680674781421
234.933,43.458,-4.2,234.813,43.303,-2.4,235.003,43.296,-4.7,0,-3.0718393954578826,19.91421862109297,-6.29869390508042,23.806766226034348,0.48689762187351177,0.8363609914711517
234.921,42.84,-2.8,235.201,42.842,-6.5,235.013,42.979,-4.2,0,2.1061209559173513,8.9473429465148,6.682433396858386,11.384599469310473,0.3420421642165284,0.7919927975399067
234.643,45.671,-2.1,234.837,45.75,-4.2,234.588,45.868,-2.1,0,-5.736163465449289,26.021692324437012,-8.109894456539958,27.30234182253229,0.6976186534482223,0.9524074245460252
232.74200000000002,48.885,-2.5,233.011,48.768,-3.0,232.97899999999998,48.929,-4.8,0,8.360771622679893,26.695164292644506,14.055979534024349,34.190309828555286,0.5936524550430057,0.7798576309159988
233.95,47.654,-2.2,234.047,47.495,-2.2,234.225,47.622,-4.5,0,-0.4922952319809188,31.694011261308173,-3.2404153767363795,33.43930167658624,0.1506007466650463,0.9477820170872473
234.422,46.406,-2.0,234.638,46.35,-3.6,234.566,46.524,-3.5,0,-2.4502802785506037,28.062880090278608,-6.2926611764375195,29.207048420755953,0.38767966330971954,0.9602284968345448
234.74,43.733,-2.4,234.52100000000002,43.652,0.0,234.736,43.555,-2.3,0,-6.497406742487589,20.104039995184706,-9.646634961519894,22.3292639532756,0.6728458389058415,0.9002922253374376
234.767,45.17,-2.6,234.566,45.053,0.0,234.709,44.938,-1.9,0,-12.933263292239722,21.118493299202342,-15.573222766169145,22.234833294226917,0.825853212053095,0.9493075513397017
235.236,41.503,-4.6,235.036,41.366,-2.2,235.276,41.348,-4.6,0,6.873784725358548,11.829440189415058,9.666155962845622,17.359497341994086,0.7266600571850507,0.6812432286217833
234.638,46.35,-3.6,234.736,46.461,-4.7,234.566,46.524,-3.5,0,-2.3289220486249853,27.77883532683609,-6.093476744732374,29.194035639777063,0.37753885099456597,0.9508155544418414
234.909,44.529,-3.8,235.123,44.617,-6.5,234.95999999999998,44.719,-4.4,0,-8.131690444775137,18.3726472927688,-10.813452544275243,21.126319722911887,0.751759624701957,0.8695654563974332
233.786,48.221,-4.6,233.52100000000002,48.295,-2.7,233.588,48.137,-2.0,0,1.1944109657822668,31.16547140643748,2.962993789216288,35.04530403290139,0.39981678884462163,0.889067234451128
234.12900000000002,47.77,-4.4,234.024,47.926,-4.5,233.84199999999998,47.804,-2.3,0,0.047149363158102336,31.61611673878198,0.2167066040853758,34.076938616290256,0.2153307115060954,0.9277191277007472
234.813,43.303,-2.4,234.933,43.458,-4.2,234.756,43.43,-2.3,0,-1.0709691279526965,21.02881477078561,-1.991659198761326,24.470496097204986,0.5354606194534728,0.8592474079727914
235.201,42.842,-6.5,234.921,42.84,-2.8,235.048,42.708,-4.3,0,2.0669051390211113,9.19602627983211,6.694571307144457,11.825933923403312,0.3371383816229148,0.7838355240963178
233.50900000000001,48.004,0.0,233.725,47.955,-2.3,233.588,48.137,-2.0,0,-1.1683751260215283,32.03882255516325,-3.286950550607024,34.786212237255995,0.35785083285031977,0.9209126816175013
234.248,46.938,-2.1,234.061,46.813,0.0,234.32,46.758,-2.1,0,-0.9201301783586899,29.718197208837214,-5.094115655588741,30.56196179137971,0.19502297154377551,0.9720099359166716
234.628,44.53,0.0,234.909,44.529,-3.8,234.791,44.646,-2.2,0,-8.395609421573651,19.651467637545867,-10.383884442356916,21.354868516765407,0.8083510499436847,0.9202325993493267
233.95,47.654,-2.2,234.12900000000002,47.77,-4.4,233.84199999999998,47.804,-2.3,0,0.218470660844059,31.862330132253764,1.1009675298535573,33.93365816232734,0.20004422622955362,0.9389139809362177
232.57999999999998,49.168,-4.2,232.411,49.299,-3.8,232.41500000000002,49.088,-2.1,0,2.237819416784158,27.638396655778564,3.625924433439809,37.68790086180133,0.6094325280894705,0.7321619106849597
234.839,44.265,-2.7,235.12,44.262,-6.5,234.936,44.401,-4.1,0,-6.758630938193096,18.828878165808742,-9.347054199601288,22.075565412162533,0.7226561672183566,0.852782024658251
234.723,46.182,-4.0,234.535,46.06,-2.0,234.833,46.068,-4.7,0,-4.426899162980268,26.6626397522027,-7.809897398397286,28.056829850857916,0.5588703507569647,0.9495314491183694
234.12900000000002,47.77,-4.4,233.95,47.654,-2.2,234.225,47.622,-4.5,0,-0.6439421603968115,31.430263293644533,-3.9989429296913563,33.48542838917421,0.1604856619983456,0.9385861283399257
234.061,46.813,0.0,234.125,46.639,0.0,234.32,46.758,-2.1,0,-1.3422928966412078,29.461322668379797,-6.101520835180317,30.21020167754437,0.23537246499415826,0.9748434812140263
234.93,43.644,-4.4,235.13299999999998,43.729,-6.5,234.924,43.814,-4.4,0,-5.459925061739662,18.03234651977605,-9.607573466559245,22.34257084665837,0.5674788525238061,0.8068725890986749
234.72,41.577,0.0,234.805,41.409,0.0,234.963,41.518,-2.0,0,10.627066357232794,10.281526761937322,14.034299507043315,13.934619453288036,0.7669056067296117,0.7383356713277928
234.791,44.646,-2.2,234.909,44.529,-3.8,234.95999999999998,44.719,-4.4,0,-8.609288662925424,18.93570476528201,-10.963716988969576,21.0254202793397,0.7850635788391878,0.9005811712797522
234.911,42.282,-2.2,234.862,42.16,-2.0,235.09300000000002,42.2,-4.3,0,0.8652552456328202,12.130366201695487,2.0517443937104645,16.238884958200913,0.5198016048936344,0.7500950210882571
234.909,44.529,-3.8,234.628,44.53,0.0,234.773,44.422,-2.0,0,-8.761331976039274,19.407149017921796,-10.894090651043943,21.153562163685855,0.8040276841452186,0.9174306133111428
234.628,44.35,0.0,234.635,44.171,0.0,234.839,44.265,-2.7,0,-7.5221559960775215,20.194430709681598,-9.45945612764001,21.995191512579176,0.7948824413302569,0.9181028964789603
235.12,44.262,-6.5,234.839,44.265,-2.7,234.987,44.147,-5.0,0,-9.966789362394792,16.23111966781474,-14.216361195716388,19.34066906605988,0.7006721065072401,0.8390526055786186
234.52100000000002,43.652,0.0,234.519,43.473,0.0,234.736,43.555,-2.3,0,-7.074089812088581,20.020272675809927,-10.518935252533606,21.97587273493778,0.6718662981235637,0.910980272318169
235.314,42.136,-6.5,235.281,42.312,-6.5,235.09300000000002,42.2,-4.3,0,3.068033868150594,9.25447936462978,7.593462876723777,14.089186307746559,0.4277542945284601,0.6621839623531847
234.588,43.302,0.0,234.663,43.131,0.0,234.813,43.303,-2.4,0,-0.27767475605674813,21.896586062361028,-0.4989339445078542,24.645337104959076,0.5504507946159793,0.8884167637773178
234.535,46.06,-2.0,234.348,45.937,0.0,234.588,45.868,-2.1,0,-6.355608809693576,26.409736354911836,-9.889215972556123,27.28072837045695,0.6382041501002687,0.9675730042796276
234.711,42.959,0.0,234.716,42.779,0.0,234.921,42.84,-2.8,0,2.8394381830373248,10.213180514018418,6.753074954976228,11.983788503943316,0.4494100794222112,0.8562495972616279
234.535,43.831,0.0,234.74,43.733,-2.4,234.755,43.911,-2.5,0,-7.935032049004609,19.445416613489314,-11.063643159742803,21.529982233036748,0.716644795400845,0.903125404492848
235.189,41.661,-4.5,235.389,41.785,-6.5,235.166,41.851,-4.5,0,4.074233129474464,10.558530550592684,6.869343212039638,16.73810940318927,0.6151624544416199,0.6323300917562926
234.93,43.644,-4.4,234.74,43.733,-2.4,234.736,43.555,-2.3,0,-6.034474424711413,19.43991105464278,-9.666527832308859,22.348979201353053,0.6235203902650912,0.8697345913308322
234.537,45.231,0.0,234.566,45.053,0.0,234.767,45.17,-2.6,0,-9.50396012422662,23.821644755712295,-11.421142828576919,24.89804753737483,0.8260546072039844,0.9563528896179487
235.122,44.439,-6.5,235.123,44.617,-6.5,234.909,44.529,-3.8,0,-7.615047677008416,17.996276403199403,-10.52136950742662,21.358864652824614,0.7234639507099683,0.8424098433887209
234.699,41.93,0.0,234.708,41.752,0.0,234.914,41.826,-2.0,0,4.9006985439883515,12.659293959791919,7.305850368355664,16.797313518197882,0.6948296805831851,0.7550367657246646
234.563,44.873,0.0,234.588,44.699,0.0,234.78199999999998,44.79,-2.1,0,-10.115189557487469,22.56718613798648,-11.963901736988767,23.805255730018956,0.840273783871688,0.9475954237676387
233.011,48.768,-3.0,233.209,48.92,-6.5,232.97899999999998,48.929,-4.8,0,7.60141489004759,26.07400924982211,13.336971522391114,34.3643887884072,0.568761908743976,0.7577863940475894
232.489,48.823,0.0,232.7,48.71,0.0,232.74200000000002,48.885,-2.5,0,9.306667100045335,27.819295055584877,14.847464853768201,34.00910715813313,0.6256347541871833,0.8171933948219626
233.52100000000002,48.295,-2.7,233.786,48.221,-4.6,233.685,48.379,-4.9,0,0.9111549496287124,30.609820289605896,2.1943472557594097,35.194361721108585,0.41000341780862465,0.8694535965397991
234.916,41.672,-2.1,234.72,41.577,0.0,234.963,41.518,-2.0,0,8.93342895071731,10.979648958393371,12.184932478782372,15.00100658116557,0.7450215217271254,0.7325881124702721
234.477,46.235,-2.0,234.535,46.06,-2.0,234.723,46.182,-4.0,0,-3.646155713382553,27.434080286096364,-6.7233444059931315,28.55441480772376,0.5356932194797018,0.9601380882831972
235.126,44.795,-6.5,235.125,44.972,-6.5,234.911,44.883,-3.8,0,-10.788329780176028,19.41932037797327,-14.297626225485594,22.263917790007298,0.7476391104909179,0.8709158812250011
234.805,41.409,0.0,234.872,41.236,0.0,235.036,41.366,-2.2,0,9.74315378495774,11.74652232922928,12.64309216471625,16.105708288919942,0.7824529971523659,0.7291499031600914
234.813,43.303,-2.4,234.957,43.141,-3.6,235.003,43.296,-4.7,0,-1.77557792911701,20.36532994265447,-3.9048829464513304,24.406850812905155,0.453858478863637,0.8342819252098527
234.477,46.235,-2.0,234.289,46.112,0.0,234.535,46.06,-2.0,0,-3.891415117117619,27.721052140483575,-7.011694413669488,28.569165236945466,0.5514716957069271,0.969831318473423
233.688,47.666,0.0,233.804,47.505,0.0,233.95,47.654,-2.2,0,-0.22795727297690638,32.35520795408013,-1.0877573837680519,33.86291038030142,0.20643067703365459,0.955458656610158
234.498,45.408,0.0,234.537,45.231,0.0,234.73399999999998,45.343,-2.4,0,-8.165077501395448,24.872600716314004,-10.010504436184306,25.8801848287049,0.808706644195231,0.9606388913333301
235.17700000000002,43.019,-6.5,235.159,43.196,-6.5,234.957,43.141,-3.6,0,-2.808521977334095,18.270713125962647,-8.098204440730257,23.503143483834997,0.3466770234714824,0.7771727238923032
233.50900000000001,48.004,0.0,233.589,47.833,0.0,233.725,47.955,-2.3,0,-2.4331463091993224,31.650288702157578,-7.392084556058375,33.906302554644874,0.3300461389550325,0.9333954900439683
235.389,41.785,-6.5,235.35,41.961,-6.5,235.166,41.851,-4.5,0,4.425356949324814,9.447086951607213,8.174472458533558,15.549281017887154,0.5596150881418674,0.6100828769334505
234.125,46.639,0.0,234.36700000000002,46.584,-2.0,234.32,46.758,-2.1,0,-1.7440633943955788,28.99213693039642,-6.8591937857382455,29.804475842938757,0.26545151861576793,0.9723391090426978
234.535,43.831,0.0,234.52100000000002,43.652,0.0,234.74,43.733,-2.4,0,-8.585191483053318,19.29194257291627,-11.94856488829733,21.094919479322,0.7179593302501701,0.9144982132125026
233.918,47.343,0.0,233.957,47.165,0.0,234.162,47.276,-2.5,0,-1.9597492221708706,28.90218765172537,-14.190345475549623,29.8736359543458,0.13767525955418006,0.9674731410447119
234.399,45.761,0.0,234.451,45.585,0.0,234.643,45.671,-2.1,0,-6.0874546632222755,26.43127424258442,-8.12221486154479,27.298076473632932,0.7419396312502707,0.9677976956323612
234.125,46.639,0.0,234.17700000000002,46.463,0.0,234.36700000000002,46.584,-2.0,0,-2.453855380032101,28.6247564904116,-8.060367387046433,29.340888436160753,0.31553397469998723,0.9752118917182896
233.997,46.987,0.0,234.061,46.813,0.0,234.248,46.938,-2.1,0,-0.9737524101318716,29.840318164319495,-6.086190209303691,30.62587260324554,0.1784602454330721,0.9739984916481129
235.423,41.609,-6.5,235.389,41.785,-6.5,235.189,41.661,-4.5,0,4.678356366409869,10.102346548718275,7.808613730247657,16.646560181652944,0.6174585178899867,0.6079825528847504
234.289,46.112,0.0,234.348,45.937,0.0,234.535,46.06,-2.0,0,-4.263616416775133,27.64262048425745,-7.01900718729383,28.409974778237938,0.6032827984315352,0.9725534414660995
234.23000000000002,46.287,0.0,234.289,46.112,0.0,234.477,46.235,-2.0,0,-3.5777103547329894,28.082575085669713,-7.000187554944226,28.81558361874778,0.5113364018959499,0.9741449762284138
232.918,48.602,0.0,233.183,48.63,-2.8,233.011,48.768,-3.0,0,6.188630519263063,28.874788380673852,10.706837886783493,34.990539319242295,0.5764801429313079,0.8245655811325412
235.13299999999998,42.007,-4.5,235.314,42.136,-6.5,235.09300000000002,42.2,-4.3,0,3.0970426526846397,10.057238113771115,6.679715088748878,15.127495814614264,0.49038810432449603,0.6689769827699759
234.951,41.067,0.0,235.184,41.056,-3.3,235.05200000000002,41.214,-2.0,0,7.965643019172429,13.211581539635965,10.492858712632653,18.706938921645133,0.7762816870899771,0.7055537366738854
234.519,43.473,0.0,234.588,43.302,0.0,234.756,43.43,-2.3,0,-0.781509094511758,22.1093326735645,-1.2590155221070063,24.48424157596355,0.6173781848921769,0.9029590535909688
232.918,48.602,0.0,233.089,48.464,0.0,233.183,48.63,-2.8,0,4.809103574195862,30.02377345406746,8.472228396132502,35.36634761044584,0.5657087432646718,0.848418816379696
232.309,48.956,0.0,232.489,48.823,0.0,232.57299999999998,48.99,-2.5,0,6.261423920990091,29.040857098525308,9.788260393768756,36.175830997385084,0.6373418354374064,0.8018863026000033
232.848,49.185,-6.5,232.678,49.324,-6.5,232.57999999999998,49.168,-4.2,0,5.1079978259247625,25.164649688224955,8.860624188780186,36.67053798283303,0.5739447685528191,0.6848912275517176
232.678,49.324,-6.5,232.50900000000001,49.463,-6.5,232.411,49.299,-3.8,0,4.979088454433925,24.803422567618266,8.749908765410062,37.162311581167835,0.5663476264431171,0.665915581843374
235.35,41.961,-6.5,235.314,42.136,-6.5,235.13299999999998,42.007,-4.5,0,3.763476675683761,9.286540329341442,7.893808374522109,14.83740523145093,0.49744602438144137,0.6298274422484728
235.14600000000002,43.373,-6.5,235.14,43.551,-6.5,234.933,43.458,-4.2,0,-4.32852656510345,17.552584472483638,-9.657349243205722,22.558131341093137,0.44751590710748773,0.7778707245324733
234.708,41.752,0.0,234.916,41.672,-2.1,234.914,41.826,-2.0,0,3.563060543862584,13.170534560715485,5.273643070077497,17.86866048111972,0.708093517926548,0.7379190295073408
234.893,46.74,-6.5,234.832,46.913,-6.5,234.64600000000002,46.791,-4.8,0,-1.0876116745933162,27.789238181772916,-5.286453103294441,29.95964589098464,0.19864406210927366,0.926875925414219
234.971,46.389,-6.5,234.94299999999998,46.566,-6.5,234.736,46.461,-4.7,0,-3.8612703048419843,25.451025049239227,-10.55614723386359,27.7223672769248,0.36268867249573317,0.9170068903357874
235.125,44.972,-6.5,235.113,45.15,-6.5,234.90300000000002,45.053,-4.2,0,-9.750934186208763,20.725983121640738,-12.893148465882852,23.469713430956958,0.748226831730575,0.8818955862022679
234.688,47.254,-6.5,234.594,47.42,-6.5,234.43099999999998,47.282,-4.8,0,-0.08528211851969043,29.539890621225723,0.2193686052045365,31.603522118813494,0.0717283475838811,0.9343669082873872
234.49200000000002,47.584,-6.5,234.389,47.747,-6.5,234.225,47.622,-4.5,0,-0.22641434219004136,30.804272404526053,-2.146313466717615,33.33731405014888,0.10388721729016706,0.9239566043719092
234.389,47.747,-6.5,234.287,47.911,-6.5,234.12900000000002,47.77,-4.4,0,-0.35343548681354364,30.746616422425255,-2.368792505612845,33.703156975330366,0.1492682370111569,0.912193888400806
234.287,47.911,-6.5,234.173,48.072,-6.5,234.024,47.926,-4.5,0,-0.0660685718702789,30.591674417575664,-0.3330056136791857,34.15562003808018,0.20921031347789176,0.8955289916731703
234.769,47.085,-6.5,234.688,47.254,-6.5,234.514,47.122,-4.8,0,-0.24771605891057155,29.102251772298896,-1.940517508008515,31.145255316459043,0.09202685314209509,0.9340074332552205
234.594,47.42,-6.5,234.49200000000002,47.584,-6.5,234.334,47.443,-4.7,0,-0.18805721847477255,30.64540264153511,-2.403168922884676,32.89745714973635,0.07568305715350597,0.9314938702199417
234.04500000000002,48.227,-6.5,233.902,48.378,-6.5,233.786,48.221,-4.6,0,1.5842817327804297,29.515429800699057,4.572524381924626,34.62170330694285,0.3444121402606544,0.8522152570720696
232.57999999999998,49.168,-4.2,232.678,49.324,-6.5,232.411,49.299,-3.8,0,2.5305270162592137,26.273293695200103,4.275186445300429,37.703517313945596,0.5855638039835275,0.6955195694972153
234.389,47.747,-6.5,234.12900000000002,47.77,-4.4,234.225,47.622,-4.5,0,-0.5204528650753946,30.94893695882808,-3.8144231595673084,33.41014026425708,0.13600564518067546,0.9262764003419754
234.708,41.752,0.0,234.72,41.577,0.0,234.916,41.672,-2.1,0,5.4710620321793515,13.063840638334353,7.635132044101056,17.50297397721647,0.7383971409163759,0.7469388850390365
234.893,46.74,-6.5,234.64600000000002,46.791,-4.8,234.70600000000002,46.618,-4.8,0,-1.3730217483246587,27.818562918239003,-5.592643553558656,29.73966611213512,0.24009723303595532,0.9346836613205571
234.769,47.085,-6.5,234.514,47.122,-4.8,234.595,46.953,-4.9,0,-0.5163721594517217,28.931421237296284,-4.2568740469384885,30.73043363552813,0.11570693065973343,0.9410082662910133
235.1,45.327,-6.5,235.086,45.504,-6.5,234.878,45.435,-4.1,0,-9.210780897834802,21.988635059092463,-12.603974048374788,24.46958652380367,0.7221366481246875,0.897394487029973
233.739,48.518,-6.5,233.56799999999998,48.656,-6.5,233.488,48.49,-4.2,0,4.251207682469971,27.78507198013232,9.177899957476267,34.574525205063196,0.4618095575486069,0.8030496264326746
235.405,41.082,-6.5,235.44799999999998,41.256,-6.5,235.248,41.188,-4.2,0,-0.5995447478303562,13.769703902038653,-0.5833107289655572,20.86268582238587,0.7035874880925964,0.6585262232546952
235.04399999999998,45.859,-6.5,235.02100000000002,46.036,-6.5,234.82,45.899,-4.3,0,-6.960439809388981,23.888629412562747,-11.327496105084485,26.219918009263402,0.6059982283649789,0.9097979452760212
235.065,45.682,-6.5,235.04399999999998,45.859,-6.5,234.837,45.75,-4.2,0,-7.740647449495818,23.35502203058672,-11.623865601260931,25.71542034500026,0.6569733968346005,0.90693449474204
235.086,45.504,-6.5,235.065,45.682,-6.5,234.858,45.586,-4.2,0,-8.212299695172538,22.87966407360698,-11.647105544043463,25.311953983016913,0.6958203511117721,0.9026630809740032
234.36700000000002,46.584,-2.0,234.17700000000002,46.463,0.0,234.422,46.406,-2.0,0,-2.6400304898733133,28.4298849906968,-7.563122214801503,29.227975241191466,0.3558171731646802,0.9722655929730232
234.17700000000002,46.463,0.0,234.23000000000002,46.287,0.0,234.422,46.406,-2.0,0,-3.219212397253902,28.260852331209406,-7.924201583877874,28.973285218986312,0.41217610567816415,0.9750133796034002
235.451,41.433,-6.5,235.423,41.609,-6.5,235.236,41.503,-4.6,0,4.612251503315474,10.95177499688235,7.262490026552058,17.7412018363583,0.6552198229936848,0.6174383103707598
234.334,47.443,-4.7,234.49200000000002,47.584,-6.5,234.225,47.622,-4.5,0,-0.6202355250996737,30.498399588112484,-6.378090048781186,32.60149325967992,0.09661746933619314,0.9354484417624007
234.858,45.586,-4.2,235.065,45.682,-6.5,234.837,45.75,-4.2,0,-8.08707163500635,23.60138641373203,-11.53262179501155,25.62198023598704,0.6924947466845267,0.9200610293189279
235.405,41.082,-6.5,235.248,41.188,-4.2,235.184,41.056,-3.3,0,3.017580866377438,14.114109694980142,4.403885355402593,20.833561255453304,0.7300393545677556,0.6762560948462408
234.399,45.761,0.0,234.643,45.671,-2.1,234.588,45.868,-2.1,0,-6.006663367029003,26.41070643866249,-8.384532296239094,27.36169461352368,0.7088224292442263,0.964729509958201
234.575,44.008,0.0,234.535,43.831,0.0,234.755,43.911,-2.5,0,-11.172391705231735,17.45141960282706,-14.817084622333532,19.04086461541946,0.7536088360766819,0.9164974550120932
234.80700000000002,42.44,0.0,234.709,42.284,0.0,234.911,42.282,-2.2,0,-1.4619453260420365,12.656526218766862,-2.4276450614202645,15.867539165872103,0.5211762432160691,0.7997732560952379
235.35,41.961,-6.5,235.13299999999998,42.007,-4.5,235.166,41.851,-4.5,0,4.419900601207572,9.739702633176687,8.239675759713066,15.218049950830505,0.5556481724522259,0.6430422276556386
234.725,42.6,0.0,234.80700000000002,42.44,0.0,234.951,42.568,-2.7,0,5.260052611565591,7.6247205848923745,11.804444447420366,9.374478008747644,0.4611597430568015,0.8198383871137025
234.498,45.408,0.0,234.73399999999998,45.343,-2.4,234.674,45.523,-2.1,0,-8.687029459868986,24.56726202953586,-10.936479495781555,25.650251928911345,0.7874513860586021,0.9572734104409488
234.23000000000002,46.287,0.0,234.477,46.235,-2.0,234.422,46.406,-2.0,0,-3.290084195892967,28.09462944822496,-7.2486483124616825,28.907088005849538,0.4552836072778755,0.9714393740275585
235.04399999999998,45.859,-6.5,234.82,45.899,-4.3,234.837,45.75,-4.2,0,-6.69828189688765,24.529616690776617,-10.189317428008884,26.546849195143338,0.6479942941267962,0.9229140480022371
234.839,44.265,-2.7,234.635,44.171,0.0,234.787,44.08,-2.7,0,-12.095972222463864,16.352441706858883,-15.761933945218143,18.117678345976266,0.7671001190223483,0.902523691113902
234.858,45.586,-4.2,234.643,45.671,-2.1,234.674,45.523,-2.1,0,-7.415099652141174,25.00343148456655,-9.891854212392822,26.33496355227345,0.7411446323007371,0.94876052010078
234.643,45.671,-2.1,234.858,45.586,-4.2,234.837,45.75,-4.2,0,-8.527377330012268,24.16296605726717,-11.805193282373203,25.62337024246888,0.7148562754478662,0.942212143935911
234.588,43.302,0.0,234.813,43.303,-2.4,234.756,43.43,-2.3,0,-1.0633370625775438,21.679095509544062,-1.8715788605314643,24.506816763465437,0.5659554054516309,0.8845506436152406
235.423,41.609,-6.5,235.189,41.661,-4.5,235.236,41.503,-4.6,0,5.555417977980309,10.660939645157496,8.61834965619883,16.79899228856118,0.6612103487497734,0.6351779122424477
235.048,42.708,-4.3,234.951,42.568,-2.7,235.112,42.551,-4.7,0,2.7809845160189095,9.193403926268742,8.119116148436746,11.960214162715516,0.36722716812108414,0.7750577850738063
235.09300000000002,42.2,-4.3,235.281,42.312,-6.5,235.09699999999998,42.386,-4.2,0,1.5397077541093847,10.541830228449259,4.148981291495062,15.177240225189422,0.41843735004803934,0.6993768596168585
234.348,45.937,0.0,234.399,45.761,0.0,234.588,45.868,-2.1,0,-5.6723172513695825,26.871618972138563,-8.246498044444937,27.675600002677868,0.6819570553678005,0.9705038808999139
233.957,47.165,0.0,233.997,46.987,0.0,234.215,47.089,-2.3,0,-1.2826858075544263,29.112312949959332,-10.03439249302329,29.95048673253183,0.1469573577493249,0.9716762748129105
233.209,48.92,-6.5,233.011,48.768,-3.0,233.2,48.754,-4.4,0,6.630044800740069,26.743819457116448,11.820483505305958,34.739493317366964,0.5595328024719346,0.7689593175719339
234.911,42.282,-2.2,234.709,42.284,0.0,234.862,42.16,-2.0,0,1.1066074514879998,12.692085261761477,2.406938160870027,16.245670375128725,0.5466143454264414,0.784013911379409
235.13299999999998,43.729,-6.5,235.128,43.906,-6.5,234.924,43.814,-4.4,0,-5.515101602533848,17.314372345085715,-9.784008371925793,22.212056815977462,0.5628715415477566,0.779234084639556
233.24200000000002,48.316,0.0,233.376,48.16,0.0,233.52100000000002,48.295,-2.7,0,0.9544736641355037,31.762293447736553,2.039418663188334,35.45074337711698,0.462053226097091,0.8957228287380639
235.086,45.504,-6.5,234.858,45.586,-4.2,234.878,45.435,-4.1,0,-7.289617918501986,23.787928714609272,-9.915093168327502,25.942984096843517,0.7248993316142586,0.9158952927658726
234.594,47.42,-6.5,234.334,47.443,-4.7,234.43099999999998,47.282,-4.8,0,-0.4091850212439204,30.48557755895237,-5.133384781409585,32.41042242544359,0.0784285942597086,0.940573610369615
234.643,45.671,-2.1,234.451,45.585,0.0,234.674,45.523,-2.1,0,-7.747357268857991,25.351390395896647,-10.15217935127589,26.353111905740164,0.7561166326227489,0.961478336156323
235.125,44.972,-6.5,234.90300000000002,45.053,-4.2,234.911,44.883,-3.8,0,-6.7555125082899865,22.662821314455208,-8.66415386281545,25.264511909797804,0.7688182752761371,0.8961138505496445
234.94299999999998,46.566,-6.5,234.893,46.74,-6.5,234.70600000000002,46.618,-4.8,0,-1.9946316600877685,26.90622986261264,-7.046937814373333,29.193610898362067,0.27784237178322113,0.9207653726691817
234.997,46.213,-6.5,234.723,46.182,-4.0,234.833,46.068,-4.7,0,-4.149271341509277,26.040741179144,-7.766926891378333,28.031065010461525,0.5244354755696513,0.9279347559356308
234.73399999999998,45.343,-2.4,234.537,45.231,0.0,234.767,45.17,-2.6,0,-10.595594680618008,23.083170252575417,-13.014849484936576,24.235947999758686,0.8082297121988757,0.9519302429946805
235.14,43.551,-6.5,235.13299999999998,43.729,-6.5,234.93,43.644,-4.4,0,-4.836838825574333,17.429461129060982,-9.535091597357436,22.45645253003711,0.506436726864646,0.775887971330564
235.184,41.056,-3.3,235.248,41.188,-4.2,235.05200000000002,41.214,-2.0,0,5.39968904504699,13.778409543143137,7.380391642010181,19.78568881748012,0.7565821089917049,0.6954542387720348
234.12900000000002,47.77,-4.4,234.287,47.911,-6.5,234.024,47.926,-4.5,0,0.09991396071532868,31.05122954520588,0.5229445139355882,33.99622186125135,0.18933619593135895,0.9132826505611531
233.997,46.987,0.0,234.248,46.938,-2.1,234.215,47.089,-2.3,0,-0.8038911153889973,29.891761202720197,-5.978766225200445,30.784387058443485,0.15096001761633027,0.9706422983526735
234.911,44.883,-3.8,234.90300000000002,45.053,-4.2,234.709,44.938,-1.9,0,-6.7708303504256735,23.562204467903694,-8.343505010082069,25.461605090503767,0.8017217916582137,0.9247713440938998
234.514,47.122,-4.8,234.688,47.254,-6.5,234.43099999999998,47.282,-4.8,0,-0.16240578683515947,29.599649319099644,-1.0896098575768853,31.405815136944696,0.08498414212403754,0.9421153587290076
234.162,47.276,-2.5,233.957,47.165,0.0,234.215,47.089,-2.3,0,-0.5933111212798362,30.313551860205997,-5.266062325540307,31.32305689509886,0.12872802456982968,0.9674182399632137
235.058,40.907,0.0,235.312,40.919,-6.5,235.184,41.056,-3.3,0,3.878849932509195,14.72948909512328,5.474232593328622,21.768815933979425,0.749130301986641,0.6752690923438167
233.089,48.464,0.0,233.24200000000002,48.316,0.0,233.265,48.528,-2.5,0,2.810903294938643,31.01035854149142,5.2908205020618135,35.63856489301526,0.5284307560701946,0.8697547685539111
234.832,46.913,-6.5,234.769,47.085,-6.5,234.595,46.953,-4.9,0,-0.6971376668296149,28.326609810400413,-4.899129232704322,30.409215750934514,0.1359036106313676,0.9309988877228632
235.239,40.568,-6.5,235.01600000000002,40.553,0.0,235.122,40.45,-3.7,0,0.2344285766841439,12.589946195520684,0.8196143805087672,24.883690661800415,0.6881419112632364,0.5026798433034382
234.924,43.814,-4.4,235.128,43.906,-6.5,234.933,43.993,-4.4,0,-7.102358935943922,17.299220197159272,-11.465778104962702,21.306665347479914,0.61876935456725,0.8117007236847168
233.688,47.666,0.0,233.95,47.654,-2.2,233.84199999999998,47.804,-2.3,0,0.15456508488677614,32.26674159866339,0.6962504356242771,34.04590780917296,0.22448242947786481,0.9477095973688943
234.511,46.679,-3.5,234.64600000000002,46.791,-4.8,234.44,46.87,-3.4,0,-1.4495790597389768,28.43191710514753,-7.110340492678045,29.72808051984657,0.20856516354826377,0.9558714844795115
234.951,41.067,0.0,235.058,40.907,0.0,235.184,41.056,-3.3,0,12.457770620934799,10.193596774705673,16.258404480431615,14.687420624419275,0.775919792677623,0.6945858617280757
234.699,41.93,0.0,234.914,41.826,-2.0,234.923,42.001,-2.4,0,5.7104834716832675,11.483002956090004,8.96455517287285,15.428943446069468,0.6563602621911838,0.746438079515643
234.839,44.265,-2.7,234.787,44.08,-2.7,234.987,44.147,-5.0,0,-11.522800535091653,15.752691529612298,-15.796929336431056,18.06942088415031,0.7290637658866675,0.8716864568575049
233.804,47.505,0.0,234.047,47.495,-2.2,233.95,47.654,-2.2,0,-0.6115165487922557,32.00390965501164,-3.5244076107911972,33.48606001074406,0.1722072081288819,0.9557231896535605
232.848,49.185,-6.5,232.57999999999998,49.168,-4.2,232.813,49.027,-4.7,0,5.025304218050537,26.08432175414694,8.53101362001281,36.53188248431092,0.5864383973676679,0.7128064833355444
234.74,43.733,-2.4,234.93,43.644,-4.4,234.924,43.814,-4.4,0,-5.982923312841071,19.06842886208944,-9.571551335615972,22.33806965252922,0.6243108282893562,0.853497140253913
235.201,42.842,-6.5,235.17700000000002,43.019,-6.5,235.013,42.979,-4.2,0,1.915180795676333,8.252790982197903,6.733131438714565,10.893820865689918,0.3088154188854124,0.7644535192310312
234.575,44.008,0.0,234.755,43.911,-2.5,234.787,44.08,-2.7,0,-9.281063768749028,18.69552833222621,-12.401544345356612,20.67923902931532,0.747934577145259,0.9040208685721273
234.32,46.758,-2.1,234.511,46.679,-3.5,234.44,46.87,-3.4,0,-1.4751902367419065,28.724758699796382,-7.165762212766701,29.801472908231048,0.213777091362739,0.9633999782878051
234.933,43.458,-4.2,235.14,43.551,-6.5,234.93,43.644,-4.4,0,-3.9483802581901535,18.691178604834555,-7.733463871583588,23.206058475030183,0.5096534684396002,0.8052437689095285
235.226,42.665,-6.5,235.048,42.708,-4.3,235.112,42.551,-4.7,0,2.3490462094265685,8.770888332115494,7.832158260559396,11.827047586523918,0.32456394703955976,0.7487394389288703
233.589,47.833,0.0,233.688,47.666,0.0,233.84199999999998,47.804,-2.3,0,-1.0832377751676807,32.20472357604262,-4.092254995685494,34.029170394738976,0.2650569744444342,0.9463491812113999
232.57999999999998,49.168,-4.2,232.57299999999998,48.99,-2.5,232.813,49.027,-4.7,0,4.945209891930384,27.353355891237538,8.098899032873446,36.58914194964028,0.607732125896877,0.7464854249468631
234.024,47.926,-4.5,233.725,47.955,-2.3,233.84199999999998,47.804,-2.3,0,0.14756064675373082,31.809011950109948,0.5540961022821591,34.30579071159612,0.26200673575182454,0.9271425333200771
234.451,45.585,0.0,234.498,45.408,0.0,234.674,45.523,-2.1,0,-7.010612314824432,25.76024885495619,-8.88973116991719,26.68561178853244,0.7811258263905614,0.9648844066829864
234.957,43.141,-3.6,235.159,43.196,-6.5,235.003,43.296,-4.7,0,-2.0370109497586264,19.334769805167067,-5.175317598392603,24.244193754537392,0.39307827184936744,0.7973203380182674
235.14600000000002,43.373,-6.5,234.933,43.458,-4.2,235.003,43.296,-4.7,0,-2.951661518835727,18.931198508225297,-6.644878540858699,23.701209869670286,0.4434102084513496,0.7985497105342952
232.489,48.823,0.0,232.74200000000002,48.885,-2.5,232.57299999999998,48.99,-2.5,0,8.028203593536844,27.956441234629043,12.771269723137845,35.02752453748155,0.6270667062890564,0.7972233427910923
235.128,43.906,-6.5,235.124,44.084,-6.5,234.933,43.993,-4.4,0,-6.085082551931016,17.33741681906581,-9.914642284095478,22.029688302410527,0.6130334261154424,0.7867313338182137
234.64600000000002,46.791,-4.8,234.832,46.913,-6.5,234.595,46.953,-4.9,0,-0.7358922587511237,28.510025367736326,-4.162090268971259,30.359071563503257,0.1685890861293126,0.9385248003869882
234.024,47.926,-4.5,234.173,48.072,-6.5,233.893,48.09,-4.5,0,0.39151831292140493,30.777732122457323,1.5085680964986823,34.346181879795076,0.2563729619732359,0.8959607935179105
235.12,44.262,-6.5,235.122,44.439,-6.5,234.936,44.401,-4.1,0,-7.420015915097938,17.62592331229501,-10.645406347082258,21.431526851472455,0.6966100697083097,0.8222211184899353
234.04500000000002,48.227,-6.5,233.786,48.221,-4.6,233.893,48.09,-4.5,0,1.2988272218846715,30.250020876352394,3.984370937486451,34.52564808042159,0.3240489961629748,0.8759375077027116
233.725,47.955,-2.3,233.589,47.833,0.0,233.84199999999998,47.804,-2.3,0,0.08260167244858266,32.29498995850484,0.2789774431125309,34.47213591538318,0.28713725661441475,0.9367812702853895
233.725,47.955,-2.3,234.024,47.926,-4.5,233.893,48.09,-4.5,0,0.34884366532588923,31.452309596773883,1.2172579312417113,34.442476471480475,0.28300039714553216,0.9130706632634756
234.933,43.458,-4.2,234.93,43.644,-4.4,234.736,43.555,-2.3,0,-4.353565309191608,19.748799534150915,-7.630752003613708,23.205279044277347,0.569644960516964,0.8509216578056761
234.635,44.171,0.0,234.575,44.008,0.0,234.787,44.08,-2.7,0,-13.28648361496163,15.448823457193035,-17.12044833664555,16.868318407722754,0.7757472551563535,0.9158273026875017
234.588,44.699,0.0,234.628,44.53,0.0,234.791,44.646,-2.2,0,-8.250374221248359,22.97919883345172,-9.831558854495952,24.448898009916206,0.8331464708436358,0.9394877952607358
233.52100000000002,48.295,-2.7,233.376,48.16,0.0,233.588,48.137,-2.0,0,0.8432345003742975,31.747402630910365,1.960046749898308,35.243277239081074,0.4249173780770274,0.9006080449640518
234.736,46.461,-4.7,234.94299999999998,46.566,-6.5,234.70600000000002,46.618,-4.8,0,-2.4714967115703432,26.944200246296223,-7.548281771748755,28.920359844978442,0.32322086098507957,0.9307965669626681
235.02100000000002,46.036,-6.5,234.997,46.213,-6.5,234.833,46.068,-4.7,0,-6.077940394642034,24.301707258369277,-11.150009982081713,26.675697566417085,0.5376943694543967,0.9097070776443494
234.422,46.406,-2.0,234.477,46.235,-2.0,234.638,46.35,-3.6,0,-3.100405257118869,27.840925210366304,-6.978128976283401,28.880712598143624,0.44245800440887484,0.963428824013598
235.166,41.851,-4.5,234.914,41.826,-2.0,235.058,41.755,-3.4,0,3.8019852448821503,11.800264813687422,6.090394192306803,17.05164254072733,0.6513079777324309,0.6935404145125348
234.971,46.389,-6.5,234.736,46.461,-4.7,234.826,46.311,-5.1,0,-3.0525037599283573,26.508924373065664,-7.3574408583845,28.61307515515729,0.4072502645901232,0.9254411104990518
234.878,45.435,-4.1,234.858,45.586,-4.2,234.674,45.523,-2.1,0,-7.683362754934707,24.42350448666438,-10.155929428475567,25.9929901453377,0.7476135809456046,0.9388491914617034
234.921,42.84,-2.8,234.716,42.779,0.0,234.869,42.696,-2.0,0,2.7419975076080556,10.232851242528923,6.878181286028649,12.250927241542087,0.4283338399777832,0.8397474460452029
233.739,48.518,-6.5,233.488,48.49,-4.2,233.685,48.379,-4.9,0,2.475331389517448,29.097332781904626,5.55194855933279,35.1123003289872,0.4434974326565263,0.8282418456774918
234.173,48.072,-6.5,234.04500000000002,48.227,-6.5,233.893,48.09,-4.5,0,0.6258333179024319,30.17440517453372,2.216827327134194,34.48131708060197,0.2792028042849974,0.8748953762288953
234.73399999999998,45.343,-2.4,234.878,45.435,-4.1,234.674,45.523,-2.1,0,-8.3305383309679,24.21226345164424,-10.718596995289154,25.632062609848447,0.769143630469136,0.9439363189361804
235.312,40.919,-6.5,235.405,41.082,-6.5,235.184,41.056,-3.3,0,-4.820006921815104,13.950156837671196,-6.393412448741373,20.82253666542077,0.7221607439605866,0.6673679804037268
234.805,41.409,0.0,235.036,41.366,-2.2,234.963,41.518,-2.0,0,8.944460924890622,11.658954056321782,11.874361461619444,16.094490142125665,0.7656475832911048,0.7244030829302472
235.036,41.366,-2.2,234.872,41.236,0.0,235.05200000000002,41.214,-2.0,0,7.505130360024557,13.120384433251827,9.851546490489199,18.22548298247409,0.7785577970353207,0.7193056683192182
234.911,42.282,-2.2,235.09300000000002,42.2,-4.3,235.09699999999998,42.386,-4.2,0,1.8959763584803073,11.20348612007529,4.5106065018995025,15.269052793781157,0.46560804916365645,0.7379347957287887
234.723,46.182,-4.0,234.997,46.213,-6.5,234.826,46.311,-5.1,0,-5.328514744696722,25.19676753628513,-10.8662576997597,27.14633335978278,0.4850286178221874,0.9271231643906608
233.488,48.49,-4.2,233.52100000000002,48.295,-2.7,233.685,48.379,-4.9,0,2.7279756698156343,29.964518668532452,6.045885133265838,34.999327150653784,0.4492336582883818,0.8557741674314574
234.709,42.284,0.0,234.66899999999998,42.108,0.0,234.862,42.16,-2.0,0,1.5374622319798537,13.074949995286085,2.9721515470973827,16.537329897226954,0.5872354978489489,0.7930071467258207
234.78199999999998,44.79,-2.1,234.588,44.699,0.0,234.791,44.646,-2.2,0,-12.545019776433042,20.292551078849844,-15.101822667235496,21.67759259864207,0.8263616094055467,0.9355503959300647
233.804,47.505,0.0,233.918,47.343,0.0,234.047,47.495,-2.2,0,-0.24640015384391936,32.21148821167082,-1.4874189459070895,33.48655540001539,0.16092212369716047,0.961916382613129
235.44799999999998,41.256,-6.5,235.451,41.433,-6.5,235.276,41.348,-4.6,0,2.552199346894496,12.47651025766904,3.9905254219601147,19.589440453256174,0.680894383112371,0.6362081877507386
234.755,43.911,-2.5,234.924,43.814,-4.4,234.933,43.993,-4.4,0,-7.6714305125408995,18.26105435644413,-11.430630418806086,21.30328934299166,0.6705198201363916,0.8570620354802172
234.767,45.17,-2.6,234.90300000000002,45.053,-4.2,234.92700000000002,45.258,-4.5,0,-11.589620001194834,21.19303104513708,-14.635023496930081,22.877383860102064,0.7857032097195501,0.9255814162568323
234.755,43.911,-2.5,234.74,43.733,-2.4,234.924,43.814,-4.4,0,-7.433051423155244,18.81719119906793,-11.054684819473767,21.558586455560246,0.6717532359613789,0.8727376892172117
233.786,48.221,-4.6,233.902,48.378,-6.5,233.685,48.379,-4.9,0,1.3590860474857382,29.756066208328836,3.5030980116600787,34.946437593164305,0.3848065255052761,0.85115367052882
235.248,41.188,-4.2,235.44799999999998,41.256,-6.5,235.276,41.348,-4.6,0,3.7027718827120832,13.066683519225023,5.4556558992981365,19.701783029967572,0.7103663027985258,0.6624042816459486
235.451,41.433,-6.5,235.236,41.503,-4.6,235.276,41.348,-4.6,0,6.168116647344147,11.188644687799934,9.17382559026774,17.35351611655605,0.6883203703764591,0.6446556252150906
235.281,42.312,-6.5,235.253,42.489,-6.5,235.09699999999998,42.386,-4.2,0,2.3788868830090535,9.230202086083834,7.11895989892065,13.456967574652964,0.3611222104503571,0.6922890252338826
235.048,42.708,-4.3,234.921,42.84,-2.8,234.869,42.696,-2.0,0,2.403734458151021,9.863942099344394,6.762983854349045,12.225360042952161,0.385294758890092,0.8121260869633276
234.563,44.873,0.0,234.78199999999998,44.79,-2.1,234.709,44.938,-1.9,0,-5.5023101242177095,24.579481897458717,-6.527581395831966,26.00000619369944,0.8329566476478925,0.944972034655762
235.226,42.665,-6.5,235.201,42.842,-6.5,235.048,42.708,-4.3,0,1.8582789260386718,8.768592205180253,6.839937562302879,11.874030410335791,0.2990262032187722,0.7456505680191511
234.78199999999998,44.79,-2.1,234.911,44.883,-3.8,234.709,44.938,-1.9,0,-5.350692140050306,24.048904930912467,-6.499734323831444,25.878085064579125,0.81172739110256,0.9287849567837065
234.595,46.953,-4.9,234.514,47.122,-4.8,234.377,46.998,-3.3,0,-0.5358031956766861,29.370428175946515,-4.26361638870031,30.7995196849295,0.12583413796251516,0.9531632762280734
234.248,46.938,-2.1,234.32,46.758,-2.1,234.44,46.87,-3.4,0,-0.840454842575752,29.49975386447435,-4.844570874404042,30.508123847342233,0.18249995678403502,0.9665242743565258
234.951,42.568,-2.7,235.048,42.708,-4.3,234.869,42.696,-2.0,0,3.069917678927316,9.283949597102728,8.368867698398589,11.660818914101469,0.39094020976662747,0.802091652558583
234.477,46.235,-2.0,234.723,46.182,-4.0,234.638,46.35,-3.6,0,-4.526165344634579,26.766979799447675,-9.315790679084436,27.969837505751862,0.48291751341034556,0.9563221127392522
232.309,48.956,0.0,232.57299999999998,48.99,-2.5,232.41500000000002,49.088,-2.1,0,4.1570773407405515,29.024386570160033,6.522605348469904,37.044729836491086,0.6333983302191778,0.7825272537803621
233.39100000000002,48.789,-6.5,233.209,48.92,-6.5,233.2,48.754,-4.4,0,5.953912186038692,26.171171633005628,11.101105524937509,34.88055175965774,0.5349156959123385,0.7494047577534243
233.025,49.051,-6.5,232.848,49.185,-6.5,232.813,49.027,-4.7,0,5.857951739196206,25.278444381007283,10.2346676109226,35.86716754066234,0.5704161879128198,0.7035810994412921
232.74200000000002,48.885,-2.5,232.97899999999998,48.929,-4.8,232.813,49.027,-4.7,0,7.562397430750921,26.58804672534116,12.64582288969144,34.93820109590074,0.5965723931805303,0.7599825751923288
234.628,44.35,0.0,234.839,44.265,-2.7,234.773,44.422,-2.0,0,-6.752637378453465,20.41692319739091,-8.497758807238938,22.342131214840904,0.7943430011778001,0.9138005796617645
232.173,49.109,0.0,232.309,48.956,0.0,232.41500000000002,49.088,-2.1,0,1.3752538766612519,29.611694948744194,2.108144475200594,37.76054062428401,0.6383675212579565,0.7832402238919637
235.126,44.795,-6.5,234.911,44.883,-3.8,234.95999999999998,44.719,-4.4,0,-11.020191236049412,19.52010547163072,-14.343312769716562,22.102561859253655,0.7619470345312014,0.881985011568662
233.56799999999998,48.656,-6.5,233.39100000000002,48.789,-6.5,233.37099999999998,48.628,-4.5,0,5.2321972587114365,26.86799133363378,10.395032659246485,34.66837874690224,0.5019693137631458,0.7742544155221828
234.32,46.758,-2.1,234.36700000000002,46.584,-2.0,234.511,46.679,-3.5,0,-1.6286943278420716,28.792359578100253,-6.522608146409052,29.78401029367528,0.2567748685697715,0.9662351250967118
234.736,46.461,-4.7,234.638,46.35,-3.6,234.826,46.311,-5.1,0,-3.152741971947862,27.015603819880607,-7.479084793348001,28.65365068029803,0.41607828544369074,0.9419967660464954
234.716,42.779,0.0,234.725,42.6,0.0,234.869,42.696,-2.0,0,3.042249123703381,10.65457412805308,7.103727645707153,12.651126097421269,0.45820548090222357,0.8463062181801229
234.736,43.555,-2.3,234.519,43.473,0.0,234.756,43.43,-2.3,0,-4.180820031321272,21.062617589528248,-6.68188336503836,23.502757923754565,0.6248039044512326,0.8961233131792102
235.123,44.617,-6.5,235.126,44.795,-6.5,234.95999999999998,44.719,-4.4,0,-7.909983146104718,17.997744693674264,-10.761846977730123,21.09956447464777,0.7347639321715272,0.8528724867837089
235.122,44.439,-6.5,234.909,44.529,-3.8,234.936,44.401,-4.1,0,-7.204226952502078,18.66921159150837,-9.778417399045352,21.759958542727787,0.7364254056397447,0.8578323741486283
233.902,48.378,-6.5,233.739,48.518,-6.5,233.685,48.379,-4.9,0,3.3125118046947737,28.359512174591757,8.152904364876516,34.389825375949435,0.40495528311789686,0.8242058317355314
233.488,48.49,-4.2,233.56799999999998,48.656,-6.5,233.37099999999998,48.628,-4.5,0,3.4358508512764345,28.431784731288868,6.952857290432216,35.2825860103619,0.4920253819977033,0.8052378377756358
234.628,44.53,0.0,234.628,44.35,0.0,234.773,44.422,-2.0,0,-8.44319530497006,19.99507627639105,-10.299067446502967,21.486917523169687,0.8196050113516375,0.9305741821101341
233.376,48.16,0.0,233.50900000000001,48.004,0.0,233.588,48.137,-2.0,0,0.7552896714269947,32.147912354891616,1.8607538182673498,35.0868353192888,0.4013421472137878,0.9160937444093823
234.787,44.08,-2.7,234.755,43.911,-2.5,234.933,43.993,-4.4,0,-8.57686668215746,18.245169245099643,-12.090367546251308,20.853397100675366,0.7088835533022546,0.8748236649303713
234.90300000000002,45.053,-4.2,235.113,45.15,-6.5,234.92700000000002,45.258,-4.5,0,-10.871862748090791,20.786836979359524,-14.160966993265738,23.014997895070117,0.7606192909259039,0.9021345016365581
234.70600000000002,46.618,-4.8,234.64600000000002,46.791,-4.8,234.511,46.679,-3.5,0,-1.4486044489067222,28.27748968674857,-5.845632490747413,29.75789157603471,0.2468970851475936,0.9496339126042461
234.725,42.6,0.0,234.951,42.568,-2.7,234.869,42.696,-2.0,0,3.56444803143722,9.727404875865195,8.61864864482007,11.876465871143495,0.4376923438124938,0.8241811556081643
234.872,41.236,0.0,234.951,41.067,0.0,235.05200000000002,41.214,-2.0,0,10.796351931583933,11.545399893941026,13.8703048135648,16.0472300752522,0.7896081949669135,0.7192355699912865
233.209,48.92,-6.5,233.025,49.051,-6.5,232.97899999999998,48.929,-4.8,0,6.317678111662802,25.458970743330728,11.286598613466046,35.20805661029901,0.5581895609951374,0.7220269540580053
234.914,41.826,-2.0,234.916,41.672,-2.1,235.058,41.755,-3.4,0,3.147355481739757,12.714663750126043,4.819209316707202,17.839918106076198,0.6877656312337503,0.7136469330175816
234.36700000000002,46.584,-2.0,234.422,46.406,-2.0,234.566,46.524,-3.5,0,-2.487876804024906,28.213512616952478,-7.3048040581716265,29.20826064001698,0.3440009610070096,0.9654279953487479
233.183,48.63,-2.8,233.089,48.464,0.0,233.265,48.528,-2.5,0,3.512863843950406,30.21173297579662,6.415358553283962,35.65865411362766,0.5450444869929337,0.8467558379731972
233.37099999999998,48.628,-4.5,233.39100000000002,48.789,-6.5,233.2,48.754,-4.4,0,5.02030803979561,27.356652102650173,9.482499914279863,35.11542568131009,0.5277704600342521,0.7782857742771787
234.566,45.053,0.0,234.563,44.873,0.0,234.709,44.938,-1.9,0,-13.217965357002864,21.042794872575527,-15.640805745871958,22.036294819963686,0.8409953898849604,0.9545158104691812
234.987,44.147,-5.0,234.787,44.08,-2.7,234.933,43.993,-4.4,0,-7.448248145127255,18.48320796941796,-10.648764002871175,21.59644452907534,0.6989084262708399,0.8557046157987396
232.57299999999998,48.99,-2.5,232.57999999999998,49.168,-4.2,232.41500000000002,49.088,-2.1,0,4.1991726074323905,28.023470348144144,6.744118584669224,37.037547822193375,0.6189056086665621,0.7555372495047205
232.57299999999998,48.99,-2.5,232.74200000000002,48.885,-2.5,232.813,49.027,-4.7,0,7.986637848010059,26.91737160941582,13.025674853782014,34.965353576250195,0.6116867314389327,0.7688033202636594
235.124,44.084,-6.5,235.12,44.262,-6.5,234.987,44.147,-5.0,0,-6.437192655525198,17.375263645860052,-9.921775908554963,21.90205180088215,0.6482055487053899,0.7930479366689657
234.78199999999998,44.79,-2.1,234.791,44.646,-2.2,234.95999999999998,44.719,-4.4,0,-11.785032885127068,20.059343960405606,-14.633532798454404,21.912161211448478,0.8001801079151906,0.9146543450474457
235.159,43.196,-6.5,235.14600000000002,43.373,-6.5,235.003,43.296,-4.7,0,-3.364668460517816,17.81042024605052,-8.759069449134266,23.087230561709575,0.38365611746572026,0.7712134957697472
234.64600000000002,46.791,-4.8,234.595,46.953,-4.9,234.44,46.87,-3.4,0,-0.8031335312111069,28.938622204992267,-4.626951756519457,30.386601987217524,0.17270275121987713,0.9518343043292427
235.253,42.489,-6.5,235.226,42.665,-6.5,235.112,42.551,-4.7,0,1.9883206106950473,8.981327108705832,6.973836555551657,12.64827445396429,0.3128383617871693,0.717191986786121
234.997,46.213,-6.5,234.971,46.389,-6.5,234.826,46.311,-5.1,0,-4.879985197042645,24.832298809850162,-10.802552726205363,27.243143083035314,0.44617279568117657,0.9102714030753803
235.189,41.661,-4.5,235.166,41.851,-4.5,235.058,41.755,-3.4,0,4.547314723496844,11.1638180068976,7.253918956113068,16.74891366079669,0.6483113381649458,0.6679010638002684
234.82,45.899,-4.3,235.02100000000002,46.036,-6.5,234.833,46.068,-4.7,0,-6.309180729808871,24.713785381823897,-10.575683629025761,26.74473798447667,0.5884164730296654,0.9229308742201536
235.113,45.15,-6.5,235.1,45.327,-6.5,234.92700000000002,45.258,-4.5,0,-9.482798356047907,21.331398349041137,-12.721652367916185,23.990015775982627,0.7368930939961815,0.887958711011112
235.17700000000002,43.019,-6.5,234.957,43.141,-3.6,235.013,42.979,-4.2,0,-3.0806043828149043,18.548800486253786,-8.657908994706261,23.33864531269976,0.3558350668365421,0.7946020978276372
233.011,48.768,-3.0,233.183,48.63,-2.8,233.2,48.754,-4.4,0,6.274653539216858,27.918715587943904,11.118576137455703,34.79540492192611,0.5629092009970921,0.8016297715979906
234.839,44.265,-2.7,234.936,44.401,-4.1,234.773,44.422,-2.0,0,-6.656799151847172,19.872476757039514,-8.656585795963778,22.283167215420015,0.7686568110650283,0.8917475606442739
235.124,44.084,-6.5,234.987,44.147,-5.0,234.933,43.993,-4.4,0,-6.742257821405696,17.72262424953306,-10.294973045617695,21.781558594149068,0.6542949883750803,0.8134295313372905
235.09699999999998,42.386,-4.2,235.253,42.489,-6.5,235.112,42.551,-4.7,0,2.263829949739025,9.472852212509027,6.924374292374296,13.224802177698507,0.35564111613567906,0.722667058504883
235.1,40.384,-3.3,235.2,40.393,-6.5,235.122,40.45,-3.7,0,0.709359358892927,10.8694132181813,1.6510398861939848,25.55390706587889,0.6475700490921668,0.42201103422327935
232.122,49.693,-3.3,232.06,49.636,0.0,232.174,49.619,-3.1,0,0.27853113115321776,26.44416027636097,0.45430664189437664,41.10574348437351,0.5400106138113675,0.6415592029268657
234.215,47.089,-2.3,234.248,46.938,-2.1,234.377,46.998,-3.3,0,-0.66700062484733,29.763126895680305,-5.17643790116605,30.803525993315723,0.14020106724724382,0.9658354795984526
234.736,46.461,-4.7,234.70600000000002,46.618,-4.8,234.566,46.524,-3.5,0,-2.594751591346884,27.414740183562568,-7.857058401480238,28.921377708472733,0.3291511004709887,0.9471896169061766
234.911,44.883,-3.8,234.78199999999998,44.79,-2.1,234.95999999999998,44.719,-4.4,0,-11.468243472965057,20.251492196043106,-14.363291800669437,22.22771731319652,0.792756087928876,0.910239043069858
232.97899999999998,48.929,-4.8,233.025,49.051,-6.5,232.813,49.027,-4.7,0,7.396118509967347,25.440220441025538,12.803069520440859,34.864814204553625,0.576312171928487,0.7285624702653875
234.933,43.458,-4.2,234.736,43.555,-2.3,234.756,43.43,-2.3,0,-3.844735239291138,20.38858136424199,-6.717499960779392,23.534288622489505,0.571433306504548,0.8662375968291094
233.183,48.63,-2.8,233.37099999999998,48.628,-4.5,233.2,48.754,-4.4,0,5.062287481729923,28.280989306612536,9.331123916602504,35.14603779668465,0.5408283710091005,0.8039895545498886
234.566,46.524,-3.5,234.70600000000002,46.618,-4.8,234.511,46.679,-3.5,0,-1.676918591520684,28.262695399317224,-5.751637301662214,29.621387359410903,0.2902693550008441,0.953509325991027
234.595,46.953,-4.9,234.377,46.998,-3.3,234.44,46.87,-3.4,0,-0.6885464977400927,29.292678512516037,-4.671050071369006,30.592157398256383,0.15034202873051153,0.9570672266803832
234.638,46.35,-3.6,234.723,46.182,-4.0,234.826,46.311,-5.1,0,-4.3541994138876845,26.389632844825364,-9.2455485130494,27.93628788960867,0.46637025705344665,0.9437991153717978
234.36700000000002,46.584,-2.0,234.566,46.524,-3.5,234.511,46.679,-3.5,0,-1.7474882601974635,28.57260256521091,-5.971102077364172,29.672580520047177,0.2953144908667127,0.962397693158104
233.265,48.528,-2.5,233.488,48.49,-4.2,233.37099999999998,48.628,-4.5,0,3.330704289245702,29.37244516740729,6.501934326205731,35.41724927265966,0.5099436452976328,0.8287998611629044
234.936,44.401,-4.1,234.909,44.529,-3.8,234.773,44.422,-2.0,0,-7.509739617209889,19.419250820379265,-9.714957640884514,21.770423742403125,0.7727368914183601,0.891940603961649
233.183,48.63,-2.8,233.265,48.528,-2.5,233.37099999999998,48.628,-4.5,0,3.824801198557944,29.269756271316773,7.143369872612384,35.470264974545785,0.5331999123553096,0.8246184413533231
234.377,46.998,-3.3,234.248,46.938,-2.1,234.44,46.87,-3.4,0,-0.7264366689339129,29.54545432283151,-4.930005936688087,30.635825223085455,0.1556576355389,0.963989840927127
235.2,40.393,-6.5,235.239,40.568,-6.5,235.122,40.45,-3.7,0,-0.510612171643212,11.749365380571671,-0.2522660493467299,25.19431002434274,0.6513719422269296,0.46269145324159855
232.34300000000002,49.605,-6.5,232.184,49.75,-6.5,232.174,49.619,-3.1,0,3.6410439234945255,24.58826571936564,6.899119057028435,39.65911493242831,0.5240100749447415,0.6181084115173097
235.0,40.375,0.0,235.1,40.384,-3.3,235.122,40.45,-3.7,0,0.8029145292717602,10.934907624313231,1.7353967306949016,25.710219266460115,0.6678827373978992,0.4218814842200058
232.184,49.75,-6.5,232.122,49.693,-3.3,232.174,49.619,-3.1,0,0.3686825036947184,25.554574495517542,0.6410271386548043,40.98366738975295,0.5245391907680825,0.6217177963672613
232.34300000000002,49.605,-6.5,232.155,49.468,0.0,232.411,49.299,-3.8,0,-2.6957658115879206,26.394841578508945,-4.789359469354675,39.151017179164526,0.5703659163507636,0.672749204949719
232.50900000000001,49.463,-6.5,232.34300000000002,49.605,-6.5,232.411,49.299,-3.8,0,4.49796391919183,24.618781577513953,8.033011818781965,37.5948591591043,0.5568591750509031,0.6532106204084047
233.05200000000002,49.335,-11.5,232.678,49.324,-6.5,232.848,49.185,-6.5,0,4.913092879344683,23.38600999332412,9.168825227760038,36.91445594423735,0.533585535882568,0.6320931402514315
233.05200000000002,49.335,-11.5,232.858,49.463,-11.5,232.678,49.324,-6.5,0,6.585046574201919,21.339168427782322,12.994118463328942,36.04467774226153,0.5054763408023274,0.590441071466766
235.2,40.393,-6.5,235.281,40.377,-9.0,235.30700000000002,40.454,-9.0,0,-2.2551172189561703,10.475550150038943,-3.1647733706064116,25.15841018325753,0.5994433989295269,0.4117214475255417
235.281,40.377,-9.0,235.362,40.361,-11.5,235.30700000000002,40.454,-9.0,0,-2.2774115092356624,10.139651506244537,-3.3556277681970528,25.13843639764022,0.5709172339206547,0.3986791783037573
232.34300000000002,49.605,-6.5,232.67000000000002,49.595,-11.5,232.486,49.729,-11.5,0,5.556789942395726,21.43173065647898,11.347173847040889,37.73423677212853,0.4880347054522282,0.5660676871513728
232.858,49.463,-11.5,232.50900000000001,49.463,-6.5,232.678,49.324,-6.5,0,4.799371384116294,23.12524733014511,9.045436279324957,37.48769754301482,0.528178377318377,0.6152855281080428
232.858,49.463,-11.5,232.67000000000002,49.595,-11.5,232.50900000000001,49.463,-6.5,0,6.0022790055337225,21.42503027200227,11.968768033933559,36.94748627655896,0.49996849245728203,0.5781467792449794
234.601,48.098,-11.5,234.392,48.043,-8.7,234.497,47.876,-8.7,0,-0.2095357410717185,28.76694143680312,-1.5890022550122325,33.999734917565334,0.134956199522571,0.845892186770076
232.67000000000002,49.595,-11.5,232.34300000000002,49.605,-6.5,232.50900000000001,49.463,-6.5,0,4.312564028411367,22.97338394152511,8.315302007739845,38.196886294408735,0.5158664091114898,0.5996903017173101
234.699,47.931,-11.5,234.601,48.098,-11.5,234.497,47.876,-8.7,0,-0.25646390057565016,28.323450108407958,-2.487745387022045,33.79535401045752,0.10487970233981606,0.8378773739184451
235.611,41.343,-8.7,235.821,41.375,-11.5,235.601,41.536,-8.8,0,2.665729224296592,9.803793446300316,5.050596160285437,18.797113988090473,0.5565030132265618,0.5213730180698251
234.699,47.931,-11.5,234.497,47.876,-8.7,234.591,47.714,-8.7,0,-0.23906447275202755,29.125817047183624,-2.799829068710647,33.54367921527161,0.08595212256326187,0.8681378308372789
234.79000000000002,47.762,-11.5,234.699,47.931,-11.5,234.591,47.714,-8.7,0,-0.23443514346805427,28.63191615069658,-3.7277837861895833,33.30487811238514,0.06325552450464605,0.8595183820617971
235.293,43.465,-8.8,235.14600000000002,43.373,-6.5,235.34199999999998,43.238,-9.3,0,-2.922698992378198,15.965447324261556,-8.905994202384086,23.080525444454913,0.32760741626611367,0.6913709393390007
235.821,41.375,-11.5,235.798,41.554,-11.5,235.601,41.536,-8.8,0,2.667533103125687,8.702806367668122,5.477000067707792,18.285729243906133,0.511502730248402,0.4760836735787887
234.49099999999999,48.262,-11.5,234.274,48.21,-8.8,234.392,48.043,-8.7,0,0.30525586233755986,28.100134178076576,1.5210865364589576,34.38613845973125,0.19554470393506082,0.8169154231958766
234.79000000000002,47.762,-11.5,234.591,47.714,-8.7,234.689,47.543,-8.7,0,-0.16203220529136456,29.291393775588553,-3.0000790306751277,33.15457530634867,0.053489482222290434,0.8833465844377169
234.882,47.593,-11.5,234.79000000000002,47.762,-11.5,234.689,47.543,-8.7,0,-0.14300819817672086,28.76513418382222,-3.5936086016934574,32.94069100761629,0.03936336830805361,0.8730869874992498
234.601,48.098,-11.5,234.49099999999999,48.262,-11.5,234.392,48.043,-8.7,0,-0.062466839002285245,27.73186951181888,-0.4375981442640029,34.27053775929396,0.15989038588785295,0.8089316639974189
235.483,43.335,-11.5,235.293,43.465,-8.8,235.34199999999998,43.238,-9.3,0,-2.4375833765613386,14.474145407412564,-8.956024151388114,23.089877067423366,0.2716577365269423,0.6264146943200302
234.887,47.204,-8.7,235.082,47.26,-11.5,234.793,47.377,-8.7,0,-0.12166339477146389,27.8452935658093,0.24186055727950517,31.416509289387598,0.06239096871426826,0.8861432424634104
235.082,47.26,-11.5,234.988,47.428,-11.5,234.793,47.377,-8.7,0,-0.11068284898172458,27.534879285426083,0.770393745980769,31.538244933367345,0.048473976687859556,0.8729834703651784
234.969,47.028,-8.7,235.17000000000002,47.09,-11.5,234.887,47.204,-8.7,0,-0.2899400189384216,27.09639702383313,-1.6891826353235757,30.930604534024667,0.1045053847823886,0.8757068756956877
235.281,42.312,-6.5,235.314,42.136,-6.5,235.49200000000002,42.189,-9.3,0,2.543115023731688,8.55832192433402,7.143695333491422,14.246034731934657,0.3797317806846979,0.6064671283674316
234.368,48.422,-11.5,234.137,48.377,-8.8,234.274,48.21,-8.8,0,0.7230432150259467,27.16176859661745,2.743540406453719,34.70824054002618,0.2596719975411164,0.7821899628749318
235.281,42.312,-6.5,235.49200000000002,42.189,-9.3,235.461,42.355,-9.3,0,2.096701733911782,8.160894805675166,6.900817044688893,13.92406669459271,0.32826435983429236,0.5925891972186423
234.793,47.377,-8.7,234.882,47.593,-11.5,234.689,47.543,-8.7,0,-0.07681132380320323,29.266977387386113,-1.738993253750083,32.872514640408696,0.041688322348828744,0.8901963542286402
235.601,41.536,-8.8,235.75,41.73,-11.5,235.55700000000002,41.719,-8.7,0,3.4173665566308986,8.213718549624767,6.95071015930435,16.960947634016208,0.5102468941109015,0.4853584830801633
235.798,41.554,-11.5,235.75,41.73,-11.5,235.601,41.536,-8.8,0,3.7345133479639787,7.675683624327586,7.85672411357416,16.77098072971077,0.49094921893371674,0.4585293542700539
234.988,47.428,-11.5,234.882,47.593,-11.5,234.793,47.377,-8.7,0,-0.05053286204560609,28.677976295398103,-1.2478443690268897,32.72993052302722,0.037082293464872705,0.8760551418510768
235.17000000000002,47.09,-11.5,235.082,47.26,-11.5,234.887,47.204,-8.7,0,-0.1584760123811957,26.845394618849053,-0.2607068259137755,31.12300363552297,0.08423161572370146,0.8623788873794759
235.046,46.843,-8.8,235.251,46.919,-11.5,234.969,47.028,-8.7,0,-0.7793634124818414,25.982246163561225,-4.19188903590425,30.230935924743818,0.16472710155338582,0.8588284196725091
234.49099999999999,48.262,-11.5,234.368,48.422,-11.5,234.274,48.21,-8.8,0,0.4046206544635893,26.792483883301934,1.7897658569131227,34.60558773564463,0.22042705686146163,0.7738562162517977
235.55700000000002,41.719,-8.7,235.704,41.907,-11.5,235.523,41.862,-8.7,0,3.3287821684173085,7.633071765073922,7.46425969848724,15.887202689975055,0.4635123901247633,0.4828497923838736
235.75,41.73,-11.5,235.704,41.907,-11.5,235.55700000000002,41.719,-8.7,0,3.2779781680093762,7.163297805258436,7.590878247008732,15.992672422858618,0.44821448473018305,0.4499546427159495
235.251,46.919,-11.5,235.17000000000002,47.09,-11.5,234.969,47.028,-8.7,0,-0.3122797906469829,25.894300064580257,-1.368176602147102,30.659801032815515,0.13773827262063446,0.8441387929698614
235.253,42.489,-6.5,235.281,42.312,-6.5,235.461,42.355,-9.3,0,1.9556060412929883,8.619330571960129,6.711567509498423,13.588253766474054,0.3183024024519151,0.6412172467531146
235.253,42.489,-6.5,235.461,42.355,-9.3,235.43200000000002,42.53,-9.3,0,1.6191943147843462,8.180515120019777,6.579843433186824,13.210381517927487,0.2728111036964065,0.6268915163510131
235.53,40.696,-11.5,235.269,40.744,-6.5,235.369,40.642,-9.0,0,-2.978008500263854,13.178864683590318,-4.198620012519825,22.951700057956927,0.6399317782133059,0.5707037506201169
235.1,46.677,-8.7,235.309,46.744,-11.5,235.046,46.843,-8.8,0,-1.0445994006706762,25.11745058429218,-4.054962133293323,29.85648037992467,0.23403680064458385,0.8402214028213971
235.152,46.476,-8.9,235.356,46.567,-11.5,235.1,46.677,-8.7,0,-2.994476920973169,23.184566934965183,-9.460124223596623,28.14044614128997,0.3092242042768592,0.8223077197037622
235.309,46.744,-11.5,235.251,46.919,-11.5,235.046,46.843,-8.8,0,-1.1210946849403758,24.493890579567726,-5.065611851207311,29.81075198065753,0.2033934181871566,0.8207752768997497
235.226,42.665,-6.5,235.43200000000002,42.53,-9.3,235.404,42.706,-9.3,0,1.3526525515887107,8.027526925002922,6.455749723346315,12.385034019821234,0.23653124313615242,0.6565777125551782
235.226,42.665,-6.5,235.253,42.489,-6.5,235.43200000000002,42.53,-9.3,0,1.619199324791281,8.483612959047226,6.6136619594577155,12.750463934106023,0.27253812761469615,0.6731180824806078
235.589,41.146,-8.9,235.791,41.197,-11.5,235.611,41.343,-8.7,0,-0.37682608235342774,11.586688930218346,-0.34293213520862764,20.40725897380969,0.5853253831534984,0.5666277331074632
235.356,46.567,-11.5,235.309,46.744,-11.5,235.1,46.677,-8.7,0,-1.9425136729367893,23.262929463369233,-6.848940816134679,29.05936968699811,0.27123057000392925,0.7991159470256338
235.38,42.89,-9.3,235.201,42.842,-6.5,235.404,42.706,-9.3,0,1.203487843891451,7.811660192256238,6.083527180045621,11.675682283591556,0.22469087201461188,0.677611517886456
235.201,42.842,-6.5,235.226,42.665,-6.5,235.404,42.706,-9.3,0,1.4379569742780025,8.250093455612811,6.433312903418994,11.957845638134103,0.250883604179167,0.6980363128815447
235.72199999999998,41.026,-11.5,235.589,41.146,-8.9,235.495,40.956,-8.9,0,-3.891950503304233,12.390261309029386,-6.037469629421082,20.49575014904474,0.6106968193926574,0.6021922726249824
235.35899999999998,43.059,-9.3,235.17700000000002,43.019,-6.5,235.38,42.89,-9.3,0,1.280873175607048,7.37577587796894,5.985334918057021,10.837511839467908,0.23790435429038415,0.6888450737472598
235.17700000000002,43.019,-6.5,235.201,42.842,-6.5,235.38,42.89,-9.3,0,1.4574064444101322,7.841197822051833,6.332935955491962,11.104901886107228,0.2551225738352615,0.7140844174847525
235.791,41.197,-11.5,235.821,41.375,-11.5,235.611,41.343,-8.7,0,-0.2598840448810631,10.441046336157033,-0.1836502282094159,19.99306077150993,0.5415000665230041,0.5213780441181448
235.34199999999998,43.238,-9.3,235.159,43.196,-6.5,235.35899999999998,43.059,-9.3,0,-2.249684295040148,16.215451025433993,-8.306137893081626,23.45864465418407,0.27067192543844937,0.6909020561784919
235.269,40.744,-6.5,235.53,40.696,-11.5,235.453,40.839,-9.1,0,-3.1067326842951153,13.448587407406515,-4.391220329270709,22.570515058566045,0.6449550776815651,0.5926196080690429
234.137,48.377,-8.8,234.197,48.561,-11.5,233.963,48.531,-8.9,0,2.9799389567884975,25.578746963846957,9.172717566900259,34.07436239239572,0.3236759699770849,0.7501209329513792
235.22899999999998,45.96,-8.9,235.441,46.031,-11.5,235.20499999999998,46.135,-8.9,0,-5.401594237566331,21.199446928406466,-10.470846193074053,26.548587265201213,0.5054598215753292,0.7960918094025943
235.441,46.031,-11.5,235.414,46.21,-11.5,235.20499999999998,46.135,-8.9,0,-4.730353816159183,20.532262083690235,-9.968169820828841,26.869578818914476,0.46391646936151154,0.7615145732910464
235.159,43.196,-6.5,235.17700000000002,43.019,-6.5,235.35899999999998,43.059,-9.3,0,-2.2937049005950576,17.005202523581133,-8.131267479752083,23.56761079767977,0.2820750029680875,0.7212681839379265
235.20499999999998,46.135,-8.9,235.414,46.21,-11.5,235.179,46.314,-8.9,0,-4.685834731755547,21.757835561759343,-10.251058991715063,27.042491878029693,0.44761469080159,0.8022956556198964
235.414,46.21,-11.5,235.388,46.389,-11.5,235.179,46.314,-8.9,0,-4.1965217391370535,21.012842843393223,-10.105334381614504,27.225888838246604,0.4059725237650469,0.7693931087164578
235.179,46.314,-8.9,235.388,46.389,-11.5,235.152,46.476,-8.9,0,-3.782856519270134,22.43770169119597,-9.671643606383185,27.64869724701785,0.38235790482087173,0.8095188942985031
235.388,46.389,-11.5,235.356,46.567,-11.5,235.152,46.476,-8.9,0,-3.230083844038327,21.857275192309213,-9.173188906430845,27.95041616777842,0.34292025576808477,0.7800004188879263
235.452,45.851,-11.5,235.441,46.031,-11.5,235.22899999999998,45.96,-8.9,0,-6.412170340695672,19.34704224772656,-12.280354193719738,25.4699568075771,0.512826311779956,0.7568524896113505
234.368,48.422,-11.5,234.197,48.561,-11.5,234.137,48.377,-8.8,0,2.752577012473517,24.92636465805086,9.741400397353484,33.71852824189472,0.2815076778113308,0.7387146925180647
235.452,45.851,-11.5,235.22899999999998,45.96,-8.9,235.245,45.778,-8.9,0,-6.628099328428797,20.373546481554968,-11.744627290927234,25.60388666862461,0.5543350673378646,0.7932724991053925
235.14600000000002,43.373,-6.5,235.159,43.196,-6.5,235.34199999999998,43.238,-9.3,0,-2.866916410734323,16.718613886107708,-8.788057432441057,23.18725839130012,0.3258173543807704,0.7207235192329016
233.05200000000002,49.335,-11.5,232.848,49.185,-6.5,233.049,49.181,-8.9,0,5.7785105200031275,22.67858384513764,11.052966371440792,36.18850138917139,0.5211480254462865,0.6252852336917879
235.589,41.146,-8.9,235.405,41.082,-6.5,235.495,40.956,-8.9,0,-3.934213258757819,13.06818634651735,-5.675006605610264,20.652237411102107,0.6576533821444185,0.6304907364819367
235.459,45.672,-11.5,235.452,45.851,-11.5,235.245,45.778,-8.9,0,-7.230454077655488,18.79990765950035,-12.827691444714759,24.786414299180066,0.5541215063782655,0.7557658979666318
235.459,45.672,-11.5,235.245,45.778,-8.9,235.25900000000001,45.6,-8.9,0,-7.2292090755396226,19.8972055932574,-11.98696699786288,25.091899484812856,0.5927658628891352,0.7905918009966925
235.44799999999998,41.256,-6.5,235.589,41.146,-8.9,235.611,41.343,-8.7,0,-0.049520436299246955,12.336484349054182,0.20035374946814954,20.427681734237694,0.6347795443569997,0.6027720187678225
232.34300000000002,49.605,-6.5,232.486,49.729,-11.5,232.29399999999998,49.76,-8.9,0,4.606176003602422,22.178376376329133,9.334068681509486,38.51092418702714,0.4911687794500596,0.5739510738201534
235.464,45.492,-11.5,235.459,45.672,-11.5,235.25900000000001,45.6,-8.9,0,-7.789133215212928,18.316182564088734,-13.100493230483991,24.237916873804096,0.5848566370616516,0.753058138614367
235.483,43.335,-11.5,235.475,43.514,-11.5,235.293,43.465,-8.8,0,-2.6065329603828054,13.40062353880198,-9.501806967516579,22.797964311123835,0.2736953998855136,0.5872857254114462
235.464,45.492,-11.5,235.25900000000001,45.6,-8.9,235.26999999999998,45.42,-8.9,0,-7.831930072899037,19.291293217327457,-12.426303910515678,24.475389926390577,0.6200551198311454,0.7858858080204432
235.293,43.465,-8.8,235.475,43.514,-11.5,235.288,43.633,-8.8,0,-3.265132592493323,14.011792489408545,-9.822546648644838,22.571000511604204,0.33166835726302335,0.6202990857464807
235.475,43.514,-11.5,235.465,43.694,-11.5,235.288,43.633,-8.8,0,-3.007078755133729,13.082791082263874,-9.26166970990068,22.771439218021186,0.3238427722199427,0.573960663525775
235.451,41.433,-6.5,235.611,41.343,-8.7,235.601,41.536,-8.8,0,3.1286092260373897,10.609910865283773,5.4006238865780745,18.720377159931502,0.6068291541046902,0.5665657567653295
235.62900000000002,40.86,-11.5,235.72199999999998,41.026,-11.5,235.495,40.956,-8.9,0,-4.5680962993545595,12.260871931852215,-7.335759242767125,20.560127195475076,0.5925550261984224,0.5934710494837335
235.46699999999998,45.312,-11.5,235.464,45.492,-11.5,235.26999999999998,45.42,-8.9,0,-8.219502282409309,17.76699293528843,-13.361890088656686,23.68545074182658,0.6054746041330559,0.7475681999126281
234.94299999999998,46.566,-6.5,235.152,46.476,-8.9,235.1,46.677,-8.7,0,-3.053744790526702,24.623952179846302,-9.61184797996411,28.22464690219821,0.3121635131850844,0.8711146520426903
235.704,41.907,-11.5,235.66,42.083,-11.5,235.505,42.02,-9.0,0,2.60506897527945,6.8910904414470435,7.343274041700482,14.98930445049757,0.3730161342688964,0.46378474582071
233.902,48.378,-6.5,234.137,48.377,-8.8,233.963,48.531,-8.9,0,3.091480185607826,27.051581036619293,8.917696253668908,34.13718466937546,0.34550744582383247,0.7919607386835862
235.46699999999998,45.312,-11.5,235.26999999999998,45.42,-8.9,235.27800000000002,45.242,-8.9,0,-8.293815934426169,18.634884285202418,-12.821042365681656,23.86692691087802,0.6369508742552619,0.7785232092628848
235.465,43.694,-11.5,235.461,43.874,-11.5,235.28199999999998,43.815,-8.8,0,-3.7920541846870783,12.686261153935414,-10.008593518199092,22.30582849515963,0.37801067112572523,0.568124952013559
235.469,45.132,-11.5,235.46699999999998,45.312,-11.5,235.27800000000002,45.242,-8.9,0,-8.436157630285503,17.1900771874117,-13.488632785628553,23.205134500827434,0.6158986784306474,0.7382474955604593
234.197,48.561,-11.5,234.015,48.696,-11.5,233.963,48.531,-8.9,0,3.832088776217332,23.924358713609546,11.235903016264913,33.710045969027256,0.3400649151920455,0.7090264030433794
235.02100000000002,46.036,-6.5,235.04399999999998,45.859,-6.5,235.22899999999998,45.96,-8.9,0,-6.4768492626813385,23.0321651892873,-11.058243330000295,26.2999937569869,0.5762056481330293,0.8740420184187135
233.963,48.531,-8.9,234.015,48.696,-11.5,233.788,48.668,-8.9,0,3.900578967471076,24.674594591292735,10.245628191834363,34.229312832222725,0.37953117547824955,0.7201520237365716
235.466,44.952,-11.5,235.285,45.061,-8.9,235.286,44.882,-8.9,0,-8.927128292092828,16.99360089551964,-13.733273437462074,22.529898618302255,0.6412265510284679,0.7518398392713347
235.461,43.874,-11.5,235.461,44.053,-11.5,235.281,43.989,-8.8,0,-4.514791641447158,12.564868818815452,-10.496753088269507,21.937611239613098,0.4292980928154152,0.5721001300167724
234.997,46.213,-6.5,235.02100000000002,46.036,-6.5,235.20499999999998,46.135,-8.9,0,-5.686825878413253,23.533913842556306,-10.903770363646643,26.76794019141296,0.513118998994595,0.8775217748605463
235.461,44.053,-11.5,235.461,44.233,-11.5,235.28,44.168,-8.8,0,-5.031274119642468,12.861276107625052,-10.496654902048448,21.795188960747502,0.4786040388472194,0.5894336136748536
235.02100000000002,46.036,-6.5,235.22899999999998,45.96,-8.9,235.20499999999998,46.135,-8.9,0,-5.834668098795396,22.758980468283223,-10.740506010806953,26.58194728378396,0.5336390500639484,0.854269148119443
235.22899999999998,45.96,-8.9,235.04399999999998,45.859,-6.5,235.245,45.778,-8.9,0,-7.1754277307052226,21.843928816776245,-12.007204286793772,25.620493700419686,0.5882072289225363,0.850656818407584
234.137,48.377,-8.8,234.04500000000002,48.227,-6.5,234.274,48.21,-8.8,0,0.7020117640398996,28.595166604141667,2.483713903241748,34.74004788158938,0.2787559914909669,0.8228046351215692
234.997,46.213,-6.5,235.20499999999998,46.135,-8.9,235.179,46.314,-8.9,0,-5.005427540043832,23.289647253536156,-10.518845648238141,27.075509904123443,0.46740869648078376,0.8583604394079466
235.465,43.694,-11.5,235.28199999999998,43.815,-8.8,235.288,43.633,-8.8,0,-3.7718087310658315,13.777537322033918,-9.753315704354137,22.47388802968303,0.38584984862504357,0.6125123933247901
234.971,46.389,-6.5,234.997,46.213,-6.5,235.179,46.314,-8.9,0,-4.704367794930373,24.097566964951493,-10.5754537686024,27.305202802663658,0.43783975337930836,0.8809863601062579
235.437,40.531,-11.5,235.239,40.568,-6.5,235.30700000000002,40.454,-9.0,0,-2.1250645292241415,11.810695388447837,-2.9252886221552785,24.30482186155527,0.6112179164800902,0.48190982740842825
235.461,44.053,-11.5,235.28,44.168,-8.8,235.281,43.989,-8.8,0,-5.086744854643762,13.696699228493829,-10.359337114319509,21.91431799774933,0.4902683019773012,0.624423768842339
235.469,45.132,-11.5,235.27800000000002,45.242,-8.9,235.285,45.061,-8.9,0,-8.47590907295166,17.98805415073916,-12.974228345227552,23.38005594433546,0.6436135664477124,0.7671002508134807
235.461,43.874,-11.5,235.281,43.989,-8.8,235.28199999999998,43.815,-8.8,0,-4.563227872991381,13.5327578654954,-10.35525797333122,22.056930460600206,0.43982580355340617,0.61296581136784
234.971,46.389,-6.5,235.179,46.314,-8.9,235.152,46.476,-8.9,0,-3.9861253275744413,23.945090000151925,-9.939259542302707,27.689635512777535,0.393726077532841,0.8631488492831043
235.461,44.233,-11.5,235.461,44.413,-11.5,235.28,44.348,-8.9,0,-5.502684307458449,13.379219947712409,-10.49660030856107,21.640187530692963,0.5236435496368481,0.6176209689490267
235.04399999999998,45.859,-6.5,235.065,45.682,-6.5,235.245,45.778,-8.9,0,-7.2332005532012165,22.48040520055439,-11.358557055563153,25.774363021855734,0.6268514024166641,0.8705097365285333
234.94299999999998,46.566,-6.5,234.971,46.389,-6.5,235.152,46.476,-8.9,0,-3.735805887011122,24.653244384297057,-10.287421758664713,27.811041260467768,0.35794624234737016,0.8851122409189894
235.314,42.136,-6.5,235.35,41.961,-6.5,235.505,42.02,-9.0,0,3.209487600964921,8.595863008651667,7.468451915674166,14.974338084094171,0.45059009616074325,0.5782368635960239
235.466,44.952,-11.5,235.469,45.132,-11.5,235.285,45.061,-8.9,0,-8.82662334568775,16.292769594982403,-14.112335373595819,22.41414943759448,0.6165916845416396,0.7242334039831423
233.902,48.378,-6.5,234.04500000000002,48.227,-6.5,234.137,48.377,-8.8,0,1.5695166593109309,28.555080567854937,4.826713494965027,34.690541344757534,0.32307142373703396,0.8227813402868652
234.893,46.74,-6.5,235.1,46.677,-8.7,235.046,46.843,-8.8,0,-1.0792220658448708,26.460346759587168,-4.317705930545191,29.931636733212017,0.23141449302602263,0.8830916632914776
235.461,44.413,-11.5,235.462,44.593,-11.5,235.28199999999998,44.525,-8.9,0,-5.9622121332701505,13.946392758437005,-10.615188265011916,21.44361408056057,0.5611940857160211,0.6497953115773862
235.72199999999998,41.026,-11.5,235.791,41.197,-11.5,235.589,41.146,-8.9,0,-2.825694991112059,11.609792089813993,-4.646083682664312,20.40687488897821,0.5674087932548876,0.5670823331918764
235.461,44.233,-11.5,235.28,44.348,-8.9,235.28,44.168,-8.8,0,-5.196674166599952,14.318547493117892,-9.661125715564857,22.09189354394774,0.5372389183793355,0.6475656233253358
235.245,45.778,-8.9,235.065,45.682,-6.5,235.25900000000001,45.6,-8.9,0,-7.83691189018451,21.307846552562935,-12.240593123115232,25.106748863505437,0.6305208300300248,0.8467916569035859
235.28,44.348,-8.9,235.461,44.413,-11.5,235.28199999999998,44.525,-8.9,0,-6.193623421923605,14.521108427107015,-10.721403410701395,21.43984380058555,0.5771883827856932,0.6767695592075401
234.274,48.21,-8.8,234.173,48.072,-6.5,234.392,48.043,-8.7,0,0.25808345127905324,29.31545011375614,1.1945670698089312,34.41310762462196,0.21062172960852132,0.8516514875848136
233.788,48.668,-8.9,233.824,48.823,-11.5,233.607,48.799,-8.9,0,4.900960639226879,23.790725725714687,11.514108099437722,34.30606555190039,0.4245477149228407,0.6926108156615871
235.462,44.593,-11.5,235.463,44.773,-11.5,235.28300000000002,44.702,-8.9,0,-6.266838676571861,14.512223858894371,-10.614707679532266,21.30326053078116,0.5900011749689109,0.6807201245969641
235.25900000000001,45.6,-8.9,235.086,45.504,-6.5,235.26999999999998,45.42,-8.9,0,-8.487932347009107,20.64602132370988,-12.669795988251579,24.49181995804711,0.6603233411549957,0.8411295106223892
235.065,45.682,-6.5,235.086,45.504,-6.5,235.25900000000001,45.6,-8.9,0,-7.675553759980347,22.001280693193358,-11.387537810504597,25.370585681168947,0.6637509406174149,0.8655529834424843
235.463,44.773,-11.5,235.466,44.952,-11.5,235.286,44.882,-8.9,0,-8.703261699480656,15.590426546445181,-14.110653575809962,22.00430801134688,0.6083300174796163,0.7056801793516542
235.462,44.593,-11.5,235.28300000000002,44.702,-8.9,235.28199999999998,44.525,-8.9,0,-6.452883986097191,15.09688003095726,-10.60073020163329,21.36234398903799,0.6083194740162485,0.7062487600855892
234.832,46.913,-6.5,234.893,46.74,-6.5,235.046,46.843,-8.8,0,-1.0453540588851546,27.154692215458613,-5.024600129858825,30.055134891504053,0.19599214164338988,0.9027457078662566
233.739,48.518,-6.5,233.963,48.531,-8.9,233.788,48.668,-8.9,0,4.061913753116421,26.187423539896727,10.022776716519349,34.281411502635464,0.40408574125412106,0.7632645985252381
234.893,46.74,-6.5,234.94299999999998,46.566,-6.5,235.1,46.677,-8.7,0,-1.8984495380493298,26.187368682686582,-6.786153203930034,29.283281520775333,0.27133671389431524,0.8932395749201082
234.015,48.696,-11.5,233.824,48.823,-11.5,233.788,48.668,-8.9,0,5.047586605364648,22.89341660740169,12.953392121946141,33.56757037353461,0.38879580982111966,0.6811606088565403
235.463,44.773,-11.5,235.286,44.882,-8.9,235.28300000000002,44.702,-8.9,0,-9.072434038261134,16.017761546479896,-14.223285645177668,21.802701643970636,0.629849580822621,0.7320059710394391
233.739,48.518,-6.5,233.902,48.378,-6.5,233.963,48.531,-8.9,0,3.2481999476109205,27.43270092401449,8.364785867516101,34.49057620494927,0.38695707850159455,0.7948589550610491
235.523,41.862,-8.7,235.704,41.907,-11.5,235.505,42.02,-9.0,0,3.0637758371789303,7.417876211597983,7.50012451684259,15.347783844998702,0.4265122027251471,0.4866465365827587
234.04500000000002,48.227,-6.5,234.173,48.072,-6.5,234.274,48.21,-8.8,0,0.6375728166709094,29.404122081101,2.4725862677851014,34.55227464038575,0.25479595897724844,0.8507624488699947
235.44799999999998,41.256,-6.5,235.405,41.082,-6.5,235.589,41.146,-8.9,0,-0.8420180662712495,13.214876974616715,-0.9778037800419952,20.865094009277144,0.6654630513133047,0.6318470174170032
234.769,47.085,-6.5,234.969,47.028,-8.7,234.887,47.204,-8.7,0,-0.29440179493740587,28.08923183291794,-1.9323764513349957,31.039422111501075,0.10248377890880542,0.9045555381960834
233.56799999999998,48.656,-6.5,233.788,48.668,-8.9,233.607,48.799,-8.9,0,5.111352234133176,25.26773132881973,11.308058576216183,34.33657242245795,0.4508741803936916,0.7350849862649562
235.423,41.609,-6.5,235.451,41.433,-6.5,235.601,41.536,-8.8,0,4.035092145556709,10.20165667458262,6.8382302616591915,17.820353688959216,0.6108417765008675,0.5727017665787486
234.392,48.043,-8.7,234.287,47.911,-6.5,234.497,47.876,-8.7,0,-0.2681453840734782,29.760076573318972,-1.8386920190550313,33.98107815739369,0.14765394138467264,0.8756345298439389
234.832,46.913,-6.5,235.046,46.843,-8.8,234.969,47.028,-8.7,0,-0.7743053802815931,27.175367751997072,-4.386887364033342,30.334346309646506,0.16040267726632365,0.8952364616800594
235.086,45.504,-6.5,235.1,45.327,-6.5,235.26999999999998,45.42,-8.9,0,-8.62925334680178,21.10158432512996,-12.3519917660266,24.51139143160112,0.6890303429837854,0.8592833030948931
235.285,45.061,-8.9,235.125,44.972,-6.5,235.286,44.882,-8.9,0,-9.714171745030587,18.300504338092644,-13.953317034140213,22.546970878017248,0.6879390063991008,0.8097194664560331
235.437,40.531,-11.5,235.53,40.696,-11.5,235.369,40.642,-9.0,0,-4.840330670329805,11.960877241849886,-7.658977736699882,22.431390022041853,0.593262943791536,0.5285489668425051
235.26999999999998,45.42,-8.9,235.1,45.327,-6.5,235.27800000000002,45.242,-8.9,0,-8.99513108453009,19.96069792839659,-13.05752974467876,23.880344929586684,0.6795614930981276,0.8340549928151868
235.423,41.609,-6.5,235.601,41.536,-8.8,235.55700000000002,41.719,-8.7,0,4.0514699687109195,9.233184619015528,7.348474978607726,17.089386648677646,0.5697578202549418,0.5410883485127422
235.451,41.433,-6.5,235.44799999999998,41.256,-6.5,235.611,41.343,-8.7,0,2.154319092068939,11.842465817165726,3.6055808528621753,19.633047957860043,0.6426645163758148,0.6025361418095766
233.56799999999998,48.656,-6.5,233.739,48.518,-6.5,233.788,48.668,-8.9,0,4.156006092087535,26.619912433311786,9.41289987779222,34.66058031530608,0.44014928580161333,0.7673517229038379
235.1,45.327,-6.5,235.113,45.15,-6.5,235.27800000000002,45.242,-8.9,0,-8.913185733755915,20.504819452514372,-12.496039703231382,24.04325776028403,0.7039147594163062,0.8512519405398487
233.824,48.823,-11.5,233.632,48.952,-11.5,233.607,48.799,-8.9,0,5.486033848895337,22.351394863046806,12.794579795377892,34.097756646324115,0.4278106417020231,0.6545125721923445
234.173,48.072,-6.5,234.287,47.911,-6.5,234.392,48.043,-8.7,0,-0.010927508648800847,29.961398602867625,-0.08183660248031899,34.23732117785713,0.1876870920599745,0.874947462644477
234.688,47.254,-6.5,234.887,47.204,-8.7,234.793,47.377,-8.7,0,-0.12078331225854527,28.703741030644675,0.008259212655332249,31.534498795031944,0.06568775454488719,0.9099550018345115
235.269,40.744,-6.5,235.239,40.568,-6.5,235.369,40.642,-9.0,0,0.20084115931763105,13.397690963076831,0.7616181348543023,23.70654742067026,0.6667078522213927,0.5624778620242873
235.312,40.919,-6.5,235.269,40.744,-6.5,235.453,40.839,-9.1,0,-0.8640012538303563,14.225253560217787,-0.8784824330643062,22.604533803600916,0.6878972430877861,0.6269151882936098
234.769,47.085,-6.5,234.832,46.913,-6.5,234.969,47.028,-8.7,0,-0.6609129862008011,27.842736807566453,-4.647676737948689,30.53483057437412,0.1304189242380249,0.9113249548168925
235.27800000000002,45.242,-8.9,235.113,45.15,-6.5,235.285,45.061,-8.9,0,-9.210369719501028,19.316197792073602,-13.20366413220863,23.39650658275481,0.6885097441388558,0.8237843313836859
233.607,48.799,-8.9,233.632,48.952,-11.5,233.42000000000002,48.929,-8.9,0,5.595104254843176,23.02863453096647,12.152916668643655,34.53916367692096,0.4592793379149312,0.6657076093328165
235.113,45.15,-6.5,235.125,44.972,-6.5,235.285,45.061,-8.9,0,-9.07664614378965,19.825897544445578,-12.646229201961077,23.567082923385136,0.7087193431668027,0.8396423601402185
234.287,47.911,-6.5,234.389,47.747,-6.5,234.497,47.876,-8.7,0,-0.27276162252169867,30.230588810356547,-2.119947440004495,33.788211996496166,0.1291440509947997,0.8945952756242784
233.632,48.952,-11.5,233.439,49.079,-11.5,233.42000000000002,48.929,-8.9,0,6.006079587432546,21.697979388159855,13.116796795943849,34.42999892242797,0.456885834014561,0.6290613448575382
235.389,41.785,-6.5,235.55700000000002,41.719,-8.7,235.523,41.862,-8.7,0,3.982854869705703,8.532624693335425,7.864318176928123,16.003412070747004,0.5237493324388648,0.5352041692913454
235.125,44.972,-6.5,235.126,44.795,-6.5,235.286,44.882,-8.9,0,-10.022927773659209,18.4794396597882,-14.055762845741533,22.33593293441995,0.7053559014703704,0.8255585984993984
235.389,41.785,-6.5,235.423,41.609,-6.5,235.55700000000002,41.719,-8.7,0,4.055590488894756,9.307185254041094,7.37351408578462,16.70804113794668,0.5687793359997878,0.5583530309212816
235.126,44.795,-6.5,235.123,44.617,-6.5,235.28300000000002,44.702,-8.9,0,-7.496543791421654,17.13054185061005,-10.791354521360507,21.168448588515282,0.6943919882918662,0.8090320220412532
235.497,43.155,-11.5,235.34199999999998,43.238,-9.3,235.35899999999998,43.059,-9.3,0,-1.8331293536242281,14.787735576133976,-8.334598848119974,23.479832700125115,0.21982580701185087,0.6293922797514785
235.123,44.617,-6.5,235.122,44.439,-6.5,235.28199999999998,44.525,-8.9,0,-7.115826041815692,16.89687621242975,-10.555324970217725,21.42664712404767,0.6737794131592941,0.7883129709134113
233.39100000000002,48.789,-6.5,233.56799999999998,48.656,-6.5,233.607,48.799,-8.9,0,5.124326507319894,25.756404573226902,10.596235410143311,34.77330992327578,0.48226706308380224,0.7398620675671954
233.439,49.079,-11.5,233.24599999999998,49.207,-11.5,233.232,49.058,-8.9,0,6.206672597777993,21.241110864430087,12.989790809795629,34.92953253454365,0.4767046273107855,0.6068351041909725
235.122,44.439,-6.5,235.12,44.262,-6.5,235.28,44.348,-8.9,0,-6.879344933789493,16.470249921313705,-10.67684468045077,21.506061867259227,0.6438465530352422,0.7655089985511505
234.594,47.42,-6.5,234.793,47.377,-8.7,234.689,47.543,-8.7,0,-0.10997387984589561,29.93144348822506,-1.9684499443336918,32.860719277720094,0.05298852308923406,0.910773479703996
234.688,47.254,-6.5,234.769,47.085,-6.5,234.887,47.204,-8.7,0,-0.2333740837274337,28.684511107859134,-1.6895594821371276,31.27843190240894,0.08422271933360077,0.9167144556315926
235.286,44.882,-8.9,235.126,44.795,-6.5,235.28300000000002,44.702,-8.9,0,-9.92489888098223,17.35436525908426,-14.44082501740985,21.817761607645764,0.6797741247064328,0.7932974556896201
234.497,47.876,-8.7,234.389,47.747,-6.5,234.591,47.714,-8.7,0,-0.297324471089019,29.95611852894988,-3.0449545249943455,33.51071452558341,0.09762607725098083,0.8938143448859288
235.405,41.082,-6.5,235.312,40.919,-6.5,235.495,40.956,-8.9,0,-4.867807781597602,13.462076073602098,-6.779216688910623,20.75292452159345,0.6867991388467998,0.645944172663826
235.28300000000002,44.702,-8.9,235.123,44.617,-6.5,235.28199999999998,44.525,-8.9,0,-7.006343855917809,16.512372938996638,-10.570132627544332,21.361528404827858,0.6624958291581268,0.7726876768599539
233.24599999999998,49.207,-11.5,233.05200000000002,49.335,-11.5,233.049,49.181,-8.9,0,6.398074049519539,20.879156145830933,13.065714349699256,35.329987395254705,0.4885088859509452,0.5895619379907829
235.12,44.262,-6.5,235.124,44.084,-6.5,235.28,44.168,-8.8,0,-6.0167540368650325,16.34215811939736,-9.948439434396185,21.984068727477755,0.6041580258304986,0.7429912390132255
235.122,44.439,-6.5,235.28,44.348,-8.9,235.28199999999998,44.525,-8.9,0,-6.7962864145166595,16.04894377150016,-10.690715001461612,21.441308658800068,0.6352747263148553,0.7481338060520228
233.39100000000002,48.789,-6.5,233.607,48.799,-8.9,233.42000000000002,48.929,-8.9,0,5.8372861317113305,24.514562392916098,11.956400525698225,34.57178289798898,0.4870435042643699,0.7081299312264302
233.42000000000002,48.929,-8.9,233.439,49.079,-11.5,233.232,49.058,-8.9,0,5.9970644764509,22.436628753332368,12.35364182124163,34.92268671180038,0.4842640249150158,0.6412880991881482
235.537,42.797,-11.5,235.38,42.89,-9.3,235.404,42.706,-9.3,0,0.8914641223597333,7.207322668778008,5.708920671241515,11.791587652474817,0.1826540715204861,0.6205395071885903
235.49200000000002,42.189,-9.3,235.314,42.136,-6.5,235.505,42.02,-9.0,0,2.656935367910262,8.190895682543648,7.102174397410124,14.698730824460426,0.3962396431584631,0.5622342526727313
234.389,47.747,-6.5,234.49200000000002,47.584,-6.5,234.591,47.714,-8.7,0,-0.16625314039474054,30.385094053707355,-1.9044635378578825,33.442328125871875,0.0859404585315635,0.9084943511744352
235.28,44.168,-8.8,235.124,44.084,-6.5,235.281,43.989,-8.8,0,-5.726797095228318,15.363737768479199,-10.32911310235935,21.89039840352077,0.5537154060653684,0.7014019817790489
235.461,42.355,-9.3,235.59199999999998,42.439,-11.5,235.43200000000002,42.53,-9.3,0,1.2998335827994303,7.492663492837466,6.207329332932403,13.348482252439851,0.23552700994383804,0.569241879435953
235.35,41.961,-6.5,235.389,41.785,-6.5,235.523,41.862,-8.7,0,3.867283658727778,8.763073883659642,7.7677871019069755,15.690024406550009,0.51631847383112,0.5611767224342646
235.124,44.084,-6.5,235.128,43.906,-6.5,235.281,43.989,-8.8,0,-5.539636532091506,16.058043614377567,-9.946206313662948,22.131372918456158,0.556189000691204,0.7251888216854275
235.43200000000002,42.53,-9.3,235.562,42.618,-11.5,235.404,42.706,-9.3,0,1.0414041627982225,7.394808073593167,6.085008352242028,12.515231973385852,0.19760217261386417,0.5998094448445456
234.594,47.42,-6.5,234.688,47.254,-6.5,234.793,47.377,-8.7,0,-0.09250110911571686,29.180557815954856,0.4661990982087083,31.749746614468187,0.060602656792482244,0.9187961718163755
235.517,42.976,-11.5,235.35899999999998,43.059,-9.3,235.38,42.89,-9.3,0,0.9396775067961334,6.7921592920052865,5.605088667528662,10.946362286387682,0.19133839988108156,0.6296689229885136
235.14,43.551,-6.5,235.14600000000002,43.373,-6.5,235.293,43.465,-8.8,0,-3.783097272497592,16.344673948032042,-9.689942476099297,22.671117046125538,0.3897271678768135,0.7206209102033196
235.53,40.696,-11.5,235.62900000000002,40.86,-11.5,235.453,40.839,-9.1,0,-5.137860416192274,12.39290694175727,-8.139407660057714,21.1154656818711,0.6001552231908942,0.5831650040610645
235.281,43.989,-8.8,235.128,43.906,-6.5,235.28199999999998,43.815,-8.8,0,-5.203537325008355,15.181497732025022,-10.3254284511085,22.03818624121397,0.5031364869984303,0.6884276235667777
235.517,42.976,-11.5,235.497,43.155,-11.5,235.35899999999998,43.059,-9.3,0,0.8586925859183572,6.277982242713429,5.288627264041196,10.592889669119273,0.18426557427809545,0.6017931181186605
233.209,48.92,-6.5,233.39100000000002,48.789,-6.5,233.42000000000002,48.929,-8.9,0,5.819765938311114,25.02014850008266,11.297128064006706,35.006193739103935,0.5137908581160077,0.7137407199677945
235.128,43.906,-6.5,235.13299999999998,43.729,-6.5,235.28199999999998,43.815,-8.8,0,-4.950561012204414,16.01061129172825,-9.816515979258526,22.336223290432855,0.5034546017129512,0.7164183698456725
235.49200000000002,42.189,-9.3,235.626,42.261,-11.5,235.461,42.355,-9.3,0,1.7417398962173514,7.419088031476483,6.524633169290809,14.071188960067616,0.29080214276199196,0.533815380007157
234.591,47.714,-8.7,234.49200000000002,47.584,-6.5,234.689,47.543,-8.7,0,-0.2123488722631644,30.00960572846286,-3.235929656848043,33.13274419851192,0.06466302226451054,0.9056455548447926
235.14,43.551,-6.5,235.293,43.465,-8.8,235.288,43.633,-8.8,0,-3.8439130660796637,15.560036064398378,-9.792969310093468,22.5675593751375,0.3917473097678754,0.6890992230128046
235.497,43.155,-11.5,235.483,43.335,-11.5,235.34199999999998,43.238,-9.3,0,-1.9197294192087644,13.84974235179399,-8.746655851577792,23.26058284351418,0.21917600109705737,0.5949476537155787
235.28,44.348,-8.9,235.12,44.262,-6.5,235.28,44.168,-8.8,0,-5.775112014500342,15.977117428054067,-9.630142781593122,22.0742315549914,0.5990917898363771,0.7233711486916691
235.13299999999998,43.729,-6.5,235.14,43.551,-6.5,235.288,43.633,-8.8,0,-4.272768620264203,16.165500405644465,-9.567356087495632,22.585684006935942,0.4457531951779566,0.7153828060763493
235.66,42.083,-11.5,235.626,42.261,-11.5,235.49200000000002,42.189,-9.3,0,1.817390525991039,7.032719197892584,6.439700927336048,14.521097746094767,0.30476828411352097,0.4900289436731291
235.626,42.261,-11.5,235.59199999999998,42.439,-11.5,235.461,42.355,-9.3,0,1.4057603337947144,7.078437368610607,6.3920467714326605,13.660091850336926,0.24386647584731316,0.525568844094813
235.537,42.797,-11.5,235.517,42.976,-11.5,235.38,42.89,-9.3,0,0.7463460550128774,6.757372642442581,5.314315814287312,11.46310919201855,0.16619221506323137,0.5990328832602909
234.49200000000002,47.584,-6.5,234.594,47.42,-6.5,234.689,47.543,-8.7,0,-0.13865090413669584,30.310252378010905,-2.1641972123289044,33.06595536153141,0.06166345308581379,0.9165858973488852
233.209,48.92,-6.5,233.42000000000002,48.929,-8.9,233.232,49.058,-8.9,0,6.255972856674161,23.913514349645222,12.164277333255114,34.948180403387695,0.5130266801084064,0.6831428915695085
235.59199999999998,42.439,-11.5,235.562,42.618,-11.5,235.43200000000002,42.53,-9.3,0,1.031284720388969,7.1237277804534145,6.045666016631856,12.927345279187648,0.19636644319279306,0.5597269457454669
235.562,42.618,-11.5,235.537,42.797,-11.5,235.404,42.706,-9.3,0,0.8116429721640395,7.0302735829618035,5.668198174136876,12.205412272020027,0.16979692777013666,0.5854108926887963
233.025,49.051,-6.5,233.209,48.92,-6.5,233.232,49.058,-8.9,0,6.153857787479892,24.460979145807876,11.469723047370657,35.398145768026005,0.5350564622546917,0.6898802244668305
235.28199999999998,43.815,-8.8,235.13299999999998,43.729,-6.5,235.288,43.633,-8.8,0,-4.365222128872817,15.390737128169114,-9.724073852922828,22.45727537008998,0.4480373712522236,0.6849122718760978
232.848,49.185,-6.5,233.025,49.051,-6.5,233.049,49.181,-8.9,0,5.714869349282111,24.258616482864753,10.426735853011257,36.20125910159891,0.5462632036760074,0.66882787274654
233.232,49.058,-8.9,233.24599999999998,49.207,-11.5,233.049,49.181,-8.9,0,6.3561849260248175,21.92453368113824,12.677746548650948,35.239563451192,0.5001348447527604,0.6208387207840265
235.239,40.568,-6.5,235.437,40.531,-11.5,235.369,40.642,-9.0,0,-2.2671765506150594,12.500021423543213,-3.1202806987706992,23.955740988101383,0.6234076484923651,0.5180115993965622
233.025,49.051,-6.5,233.232,49.058,-8.9,233.049,49.181,-8.9,0,6.629966412629266,23.3915109809265,12.494240400707287,35.28635121823324,0.5293196101875192,0.6616451500906653
235.495,40.956,-8.9,235.312,40.919,-6.5,235.453,40.839,-9.1,0,-3.909112516182267,13.63467973944962,-5.471005724383986,21.50635098907756,0.6715321065043008,0.6311410987146796
235.62900000000002,40.86,-11.5,235.495,40.956,-8.9,235.453,40.839,-9.1,0,-3.89010343069986,13.05197967887714,-5.844332285368608,21.422045282085676,0.624356012115055,0.6063642490642033
232.24200000000002,49.807,-9.0,232.184,49.75,-6.5,232.29399999999998,49.76,-8.9,0,4.4189772898448005,22.645891818902246,9.011277999973107,39.20387257512512,0.48792733922260956,0.5756032887337069
235.35,41.961,-6.5,235.523,41.862,-8.7,235.505,42.02,-9.0,0,3.519154931865111,8.197845035692561,7.854093061033026,15.189113399613234,0.46641611707650404,0.543179194999754
235.66,42.083,-11.5,235.49200000000002,42.189,-9.3,235.505,42.02,-9.0,0,2.26144759025752,7.420348850559417,6.717852683246548,14.857694338572259,0.3583790406424813,0.5043381264814758
235.239,40.568,-6.5,235.2,40.393,-6.5,235.30700000000002,40.454,-9.0,0,-0.6367870255995677,11.50754739047844,-0.45711685584709016,24.894414306748075,0.6282839087058427,0.4586347478532315
232.184,49.75,-6.5,232.34300000000002,49.605,-6.5,232.29399999999998,49.76,-8.9,0,3.5702679647296023,23.426421096349934,7.030820136319359,39.35800087807419,0.5042664874130376,0.5932800872614905
235.362,40.361,-11.5,235.437,40.531,-11.5,235.30700000000002,40.454,-9.0,0,-3.503586342188902,10.584799096253374,-5.577817055864159,24.29371833460293,0.5664438191652595,0.4306085614310102
232.486,49.729,-11.5,232.301,49.864,-11.5,232.29399999999998,49.76,-8.9,0,5.301660811760311,20.891388270361556,11.375102056218967,38.3081392785747,0.4644766209209305,0.5432934354107569
232.301,49.864,-11.5,232.24200000000002,49.807,-9.0,232.29399999999998,49.76,-8.9,0,4.312472434170497,21.724625399702532,9.140771137877966,39.17414094228053,0.4694766214413707,0.5525009527359417
236.184,40.566,-16.5,236.152,40.789,-15.1,235.957,40.658,-14.8,0,-3.464542011080639,6.482824278975952,-15.123359531964269,17.01594006019809,0.2175889438601188,0.37544935112506495
235.66500000000002,40.558,-13.7,235.437,40.531,-11.5,235.589,40.434,-14.4,0,-7.574829099121887,8.41897501242866,-15.0351325709739,18.619285328177092,0.4866051658262946,0.44381943077196956
235.791,41.197,-11.5,235.953,41.067,-13.0,236.07999999999998,41.27,-14.3,0,1.2619001225987585,9.279774172634323,3.2810805881018155,20.152596329764094,0.43285965707404145,0.4598869601524352
236.184,40.566,-16.5,236.338,40.699,-16.5,236.152,40.789,-15.1,0,-2.5602227077331405,5.284320470603381,-16.144736755354018,15.8963564171506,0.1499417555619749,0.3270789413289015
235.821,41.375,-11.5,235.791,41.197,-11.5,236.07999999999998,41.27,-14.3,0,-0.48614408744658083,9.135683362792697,-0.7322182819274587,19.940115019563706,0.45741018975210457,0.4573572686860985
235.57999999999998,40.297,-16.5,235.762,40.409,-16.5,235.589,40.434,-14.4,0,-7.328420346423822,5.627626608899069,-18.706200243956317,15.78015389447171,0.3800744959113187,0.34434512683588986
234.252,48.806,-16.5,234.055,48.93,-16.5,234.015,48.696,-11.5,0,4.386006143541216,19.053804062975722,14.198175452754462,33.25337806522942,0.30819300060371896,0.5720847429110254
234.055,48.93,-16.5,233.824,48.823,-11.5,234.015,48.696,-11.5,0,4.6622183648939615,20.651344868446408,13.21724987503866,33.83635467455092,0.35190017533600637,0.6094013322009759
235.29500000000002,47.575,-16.5,235.091,47.615,-14.3,235.188,47.383,-13.7,0,-0.016787522477312793,25.52388117688184,-0.9937379368916801,32.562612275190446,0.015674931851058317,0.7835363719955031
232.701,49.817,-16.5,232.486,49.729,-11.5,232.67000000000002,49.595,-11.5,0,5.11089599012337,18.974670191100003,11.62246314033193,37.51139501440337,0.4383213121833097,0.5039454848058572
232.885,49.684,-16.5,232.701,49.817,-16.5,232.67000000000002,49.595,-11.5,0,4.918226430488597,17.595548018832275,11.897211005965557,37.258806306647784,0.4121297309192,0.47045595695524084
235.091,47.615,-14.3,234.988,47.428,-11.5,235.188,47.383,-13.7,0,-0.10964525533419903,26.054435159972968,2.555977343471465,31.604237443773577,0.026088335447039694,0.8246066685144059
235.64600000000002,46.902,-16.5,235.578,47.074,-16.5,235.438,46.856,-13.6,0,-0.5619659859354182,19.22051515184684,-2.6466446104116166,30.115032333279707,0.16680469553652943,0.6380552220062101
232.885,49.684,-16.5,232.67000000000002,49.595,-11.5,232.858,49.463,-11.5,0,5.47609125135628,18.890228644867662,12.255399377026304,36.89108576976409,0.445537728166135,0.5103216335193463
235.438,46.856,-13.6,235.578,47.074,-16.5,235.356,47.067,-13.7,0,-0.4230679769360996,21.1895355529605,-1.9706970003332884,30.345474099525866,0.14985884580293934,0.6981819590818003
232.885,49.684,-16.5,232.858,49.463,-11.5,233.07299999999998,49.553,-16.5,0,5.225369718737291,17.470320735171395,12.527858477851076,36.63245289668427,0.41595958420430196,0.475267520227729
234.055,48.93,-16.5,233.856,49.052,-16.5,233.824,48.823,-11.5,0,5.03783606822574,18.444164454617905,14.582976853660533,33.556403215274266,0.3447618414067213,0.5486118661414291
233.856,49.052,-16.5,233.632,48.952,-11.5,233.824,48.823,-11.5,0,5.063140648399295,20.14307098005549,13.045845768567588,34.391699304646764,0.3872091524395387,0.5846341857849241
233.07299999999998,49.553,-16.5,232.858,49.463,-11.5,233.05200000000002,49.335,-11.5,0,5.9561655406357135,18.73423160992737,13.29041891633498,36.11380025329528,0.44706436482841194,0.5171689150396979
233.26600000000002,49.426,-16.5,233.05200000000002,49.335,-11.5,233.24599999999998,49.207,-11.5,0,5.8927982513350345,18.837414457649825,13.2991528690937,35.683040386457634,0.44205814998182164,0.5264667420985389
233.26600000000002,49.426,-16.5,233.07299999999998,49.553,-16.5,233.05200000000002,49.335,-11.5,0,5.5912232654272875,17.312960449027663,13.476850260804092,35.88104110669417,0.41391166274871516,0.48100731327673935
233.45999999999998,49.299,-16.5,233.26600000000002,49.426,-16.5,233.24599999999998,49.207,-11.5,0,5.528811750664954,17.442059345393414,13.566988535018837,35.41504936949246,0.40661341405612683,0.4911314908667008
233.45999999999998,49.299,-16.5,233.24599999999998,49.207,-11.5,233.439,49.079,-11.5,0,5.71862151752832,19.15203768226839,13.225262491585443,35.2759436644799,0.43141481960889866,0.5416066022536534
233.856,49.052,-16.5,233.65699999999998,49.175,-16.5,233.632,48.952,-11.5,0,5.404168333301328,17.98028963611469,14.461109512389882,34.108157621604974,0.3729752623370568,0.526001165406441
233.65699999999998,49.175,-16.5,233.45999999999998,49.299,-16.5,233.439,49.079,-11.5,0,5.591821697649178,17.626063425320904,14.18238174358926,34.7032857465128,0.3934888967690593,0.5066431002229638
233.65699999999998,49.175,-16.5,233.439,49.079,-11.5,233.632,48.952,-11.5,0,5.534690864370132,19.54761074303226,13.358792992493154,34.75354564923307,0.41340079537866375,0.5612702802055395
235.872,40.885,-13.0,235.62900000000002,40.86,-11.5,235.765,40.729,-13.2,0,-6.1464330827368405,10.020112697395142,-12.131441308086949,18.583131544746262,0.488688595927146,0.5347685323167704
235.762,40.409,-16.5,235.66500000000002,40.558,-13.7,235.589,40.434,-14.4,0,-6.573159060151057,7.419561975605555,-15.702571137369574,18.202883458892558,0.40259018344894415,0.39880717149991657
236.07999999999998,41.27,-14.3,235.953,41.067,-13.0,236.171,41.092,-14.8,0,1.714123564427506,8.033281402791209,5.27185173914404,19.823155710767082,0.3519372188184073,0.40499237409994593
235.872,40.885,-13.0,235.765,40.729,-13.2,235.98399999999998,40.797,-14.1,0,-5.461404992462019,9.002848606102074,-12.853811795422558,18.124090262033164,0.40877231100646366,0.49213475297939535
235.821,41.375,-11.5,236.07999999999998,41.27,-14.3,236.01600000000002,41.447,-14.3,0,3.430375441185254,6.946784853215975,8.740651291470286,17.478817880078765,0.40561979474873466,0.3976772920743011
235.999,41.908,-16.5,235.704,41.907,-11.5,235.902,41.803,-14.4,0,2.052129419667779,5.309996716620079,6.780012120519004,15.805376235557247,0.31870240926215615,0.33849821921639345
235.704,41.907,-11.5,235.999,41.908,-16.5,235.813,42.029,-13.8,0,1.7710068510084878,5.430156174105648,6.242461314524149,15.651935182234524,0.30180161392182603,0.35011511121044986
235.503,46.651,-13.7,235.697,46.726,-16.5,235.438,46.856,-13.6,0,-1.4494207114995377,18.596545939456888,-5.868593950700387,29.232085957517484,0.23008038921917662,0.634971879054505
235.697,46.726,-16.5,235.64600000000002,46.902,-16.5,235.438,46.856,-13.6,0,-1.1990397133673814,17.879337148899562,-5.452394214701492,29.453366570978986,0.20132286704645438,0.6063144185615583
235.578,47.074,-16.5,235.49200000000002,47.243,-16.5,235.356,47.067,-13.7,0,-0.12330313836919793,21.100115608430517,0.2283620305383458,30.670800939558326,0.10937709597873983,0.6883629817547953
235.356,47.067,-13.7,235.49200000000002,47.243,-16.5,235.27800000000002,47.225,-13.7,0,-0.17139617717988445,22.81334229774389,-0.26893770016024376,30.85158729978366,0.09272409247156181,0.7397966290120678
235.975,40.484,-16.5,236.184,40.566,-16.5,235.957,40.658,-14.8,0,-4.554640233944134,3.893294456370932,-20.788539312651807,10.444984708753907,0.21313339910563878,0.3602692958890346
235.53,40.696,-11.5,235.437,40.531,-11.5,235.66500000000002,40.558,-13.7,0,-4.57290127014316,11.097957539628176,-8.017320395678013,22.072826842328823,0.5327535086197424,0.4979945882993378
235.537,46.492,-13.8,235.739,46.55,-16.5,235.503,46.651,-13.7,0,-2.601483766514934,16.73984608642393,-8.983549989123212,27.976516351160726,0.2797616443315026,0.5962466054024158
235.27800000000002,47.225,-13.7,235.39600000000002,47.41,-16.5,235.188,47.383,-13.7,0,-0.09022244661919092,24.00562207473707,1.5716154949848118,31.219971385451643,0.04877995490414145,0.7693898393440417
235.49200000000002,47.243,-16.5,235.39600000000002,47.41,-16.5,235.27800000000002,47.225,-13.7,0,-0.05634639412515506,22.550507421220143,1.8163253708653713,31.033623159083753,0.06117915286968262,0.7272751096996546
235.739,46.55,-16.5,235.697,46.726,-16.5,235.503,46.651,-13.7,0,-1.808388661588283,16.118490337904507,-6.841864692760346,28.72438159854694,0.25059180365880107,0.5594687884187992
235.72199999999998,41.026,-11.5,235.62900000000002,40.86,-11.5,235.872,40.885,-13.0,0,-4.268217407535599,11.30012333747163,-7.765174412128744,20.28060692338299,0.521216989217272,0.5542602459213232
235.767,42.348,-14.2,235.626,42.261,-11.5,235.814,42.16,-14.3,0,1.216959080411716,5.819005776150949,6.2506629464562025,14.098933494181296,0.21525367496931058,0.4191376545490345
235.924,42.261,-16.5,235.767,42.348,-14.2,235.814,42.16,-14.3,0,0.942021868276041,5.056352091727365,5.90954324951511,14.163695195704975,0.1788276083093017,0.36307705082200664
235.39600000000002,47.41,-16.5,235.29500000000002,47.575,-16.5,235.188,47.383,-13.7,0,-0.11148490268521703,23.636324339538824,2.694324680893196,31.38120683420067,0.02429299147512742,0.753814378681246
235.765,40.729,-13.2,235.957,40.658,-14.8,235.98399999999998,40.797,-14.1,0,-5.403190550148039,8.208831769765135,-14.26608364164261,17.497787701862713,0.36432168669093873,0.4636101577561317
234.882,47.593,-11.5,235.091,47.615,-14.3,234.99599999999998,47.78,-14.3,0,-0.042489867021681615,27.075458411033324,-2.43201570651755,32.92039277347937,0.017400655598704025,0.8222075129790907
235.798,41.554,-11.5,235.821,41.375,-11.5,236.01600000000002,41.447,-14.3,0,2.1073735560320364,7.717551993462846,5.021804531654169,18.48481476766713,0.444760919229308,0.4176189697412388
234.79000000000002,47.762,-11.5,234.882,47.593,-11.5,234.99599999999998,47.78,-14.3,0,-0.09376803678067272,27.67768104167541,-3.3327744780781217,33.02800373906018,0.028252313244842557,0.837790153971548
234.79000000000002,47.762,-11.5,234.99599999999998,47.78,-14.3,234.899,47.95,-14.3,0,-0.08126316887996046,26.970749548261313,-2.537524310368166,33.314634345740984,0.03299677699879974,0.8093152876146649
235.953,41.067,-13.0,235.72199999999998,41.026,-11.5,235.872,40.885,-13.0,0,-3.062188652467477,10.66846581356149,-6.07515885191205,20.44794696674795,0.4706556845260253,0.5194736060284759
235.791,41.197,-11.5,235.72199999999998,41.026,-11.5,235.953,41.067,-13.0,0,-2.723224242765361,10.631552478407121,-5.078350545864055,20.213413032834893,0.49954254123679936,0.5241245554442039
234.882,47.593,-11.5,234.988,47.428,-11.5,235.091,47.615,-14.3,0,-0.02596832313578428,27.65799018133346,-0.9868951915117066,32.80123831067113,0.023746931984559332,0.8429936508064596
234.699,47.931,-11.5,234.79000000000002,47.762,-11.5,234.899,47.95,-14.3,0,-0.18232504403838481,27.424046869372788,-3.4670453366779093,33.41938503942648,0.05355425224443349,0.8203635399161717
235.764,45.835,-16.5,235.59199999999998,45.948,-13.8,235.61700000000002,45.743,-14.1,0,-5.53855447449085,14.266939240875622,-12.503307321410702,24.96546457532537,0.434084989612082,0.5679887320581298
236.338,40.699,-16.5,236.372,40.874,-16.5,236.152,40.789,-15.1,0,-0.5977597615397426,6.944379017272839,-2.9982048349286003,21.95908832409961,0.14877423800680026,0.31484937938089014
235.59199999999998,45.948,-13.8,235.452,45.851,-11.5,235.61700000000002,45.743,-14.1,0,-6.160556787322615,16.22371155649745,-12.695688106832492,24.979609257348933,0.47607943886004567,0.6461735331779812
234.699,47.931,-11.5,234.899,47.95,-14.3,234.80200000000002,48.108,-14.3,0,-0.09159946573837062,26.56243567838986,-1.4466697302753282,33.79050714272417,0.06695298211549554,0.7857980692206894
235.798,41.554,-11.5,236.01600000000002,41.447,-14.3,235.95999999999998,41.624,-14.4,0,3.2837060328782215,6.191731131261069,8.471271223941613,16.7302248726873,0.4002495458614094,0.37074694474229686
235.753,46.371,-16.5,235.739,46.55,-16.5,235.537,46.492,-13.8,0,-3.325231113471081,14.371482856866283,-11.16733871408217,26.89529347443448,0.29029199948163054,0.5317889417535295
235.753,46.371,-16.5,235.537,46.492,-13.8,235.561,46.308,-13.8,0,-3.2984683484359243,15.826791376778143,-9.912062506414294,27.278253068761018,0.323598084072274,0.5773952358870011
234.601,48.098,-11.5,234.699,47.931,-11.5,234.80200000000002,48.108,-14.3,0,-0.20537994772586726,26.955829285292026,-2.22755372208357,33.93325830456317,0.09499886212976093,0.7940979321584858
235.53,40.696,-11.5,235.66500000000002,40.558,-13.7,235.765,40.729,-13.2,0,-6.707311581513194,9.789856394387916,-13.036266842661291,19.028728764695828,0.4954042340559729,0.5085236673233734
232.52100000000002,49.954,-16.5,232.411,49.909,-14.0,232.527,49.856,-14.7,0,4.283735230068383,17.58297962764464,10.791197947342688,38.16742750671991,0.39551995669203704,0.45866751325003396
235.75,41.73,-11.5,235.95999999999998,41.624,-14.4,235.902,41.803,-14.4,0,2.8802641236524695,5.722910323394227,7.952273636929647,16.076285127910552,0.3756498488257003,0.35749766946475603
235.75,41.73,-11.5,235.798,41.554,-11.5,235.95999999999998,41.624,-14.4,0,3.0129853685134678,6.572115377687706,7.418573191974133,16.787507856574535,0.421461949887185,0.3924957771865327
235.957,40.658,-14.8,236.152,40.789,-15.1,235.98399999999998,40.797,-14.1,0,-4.478547562612922,7.136326790679476,-14.944466252294376,16.71521451691219,0.2877509916457043,0.42160706679176435
235.62900000000002,40.86,-11.5,235.53,40.696,-11.5,235.765,40.729,-13.2,0,-4.833110069531396,11.554661787795142,-8.533776379200532,20.8997393476565,0.5360160517935157,0.5489448077985144
235.66500000000002,40.558,-13.7,235.762,40.409,-16.5,235.834,40.575,-14.8,0,-7.169017107095271,6.12259029409223,-18.761216335436302,14.51571274761551,0.37171435646608014,0.410889186637583
235.762,40.409,-16.5,235.975,40.484,-16.5,235.834,40.575,-14.8,0,-6.387644560096922,4.054742729323733,-21.307809065988465,10.449960506886626,0.29328696151596756,0.37251227442951007
234.49099999999999,48.262,-11.5,234.601,48.098,-11.5,234.692,48.276,-14.3,0,-0.017172097497512372,26.14199521452632,-0.17633611009513217,34.41547762495826,0.1479204147416806,0.7592523623144959
235.757,46.192,-16.5,235.753,46.371,-16.5,235.561,46.308,-13.8,0,-4.246190292265211,13.570964154848655,-12.619851287394518,25.83626085977582,0.32949966019552795,0.5220751430096398
235.757,46.192,-16.5,235.561,46.308,-13.8,235.577,46.123,-13.8,0,-4.155641727848262,15.177521302697913,-11.086351441457218,26.42769978576917,0.36615582272690717,0.5710358487274151
234.252,48.806,-16.5,234.015,48.696,-11.5,234.25400000000002,48.682,-14.2,0,4.0126391498676615,20.234043802895854,13.397569012460798,33.359321477951724,0.2987174091229191,0.6057239559836546
235.975,40.484,-16.5,235.957,40.658,-14.8,235.834,40.575,-14.8,0,-5.310182306597376,6.135084243929986,-17.78943601015817,15.083931446394274,0.2880394099808172,0.3980278208455551
234.692,48.276,-14.3,234.601,48.098,-11.5,234.80200000000002,48.108,-14.3,0,-0.0424399054381623,25.799944492585066,-0.4431075475863189,34.23193697902934,0.11397445531490172,0.7533350263295883
234.56,48.407,-13.8,234.625,48.547,-16.5,234.42000000000002,48.553,-14.1,0,1.7484614284061022,21.55641073365758,8.810024381832491,33.937875860967125,0.19725432739527418,0.6345855602150828
235.704,41.907,-11.5,235.75,41.73,-11.5,235.902,41.803,-14.4,0,2.6279916170180706,6.174686056470216,7.170366278219149,16.007040081322913,0.3826716794245941,0.38794109330635923
232.486,49.729,-11.5,232.701,49.817,-16.5,232.527,49.856,-14.7,0,4.853947739843314,18.14909297861479,11.628847080931147,37.7066908967264,0.41606270465214634,0.47937260033369855
235.953,41.067,-13.0,236.05700000000002,40.92,-14.1,236.171,41.092,-14.8,0,-0.7626760691628068,8.980078040366012,-1.724496787331418,21.020298290397875,0.3431025011444023,0.4259732997307544
235.999,41.908,-16.5,235.957,42.084,-16.5,235.813,42.029,-13.8,0,1.3775210053407627,4.60292883916404,6.168891741985945,15.320882825561597,0.24007190292883812,0.3039032383402477
235.626,42.261,-11.5,235.66,42.083,-11.5,235.814,42.16,-14.3,0,1.4850424818058177,6.245975341582684,6.0837022405185905,14.661948363491547,0.2658895136939107,0.4315358448866132
235.75900000000001,46.013,-16.5,235.757,46.192,-16.5,235.577,46.123,-13.8,0,-4.8184181324070385,13.324910362068318,-12.896071663593034,25.303821991167162,0.3661867972594884,0.5231049391688859
235.251,46.919,-11.5,235.438,46.856,-13.6,235.356,47.067,-13.7,0,-0.49895656940846567,22.93607365283544,-2.264623239819894,30.328347909141918,0.16595158132710738,0.7558219843224212
235.75900000000001,46.013,-16.5,235.577,46.123,-13.8,235.59199999999998,45.948,-13.8,0,-4.592437207831657,14.957091040433138,-11.120606588992537,26.040552875057664,0.40363105684990297,0.5709515405915154
234.368,48.422,-11.5,234.56,48.407,-13.8,234.42000000000002,48.553,-14.1,0,1.8598914689061519,23.307365736823044,8.428561180756022,34.11125991795442,0.21940710163044932,0.6827251252133743
235.924,42.261,-16.5,235.89600000000002,42.439,-16.5,235.767,42.348,-14.2,0,0.5689212426438958,4.877930550297737,4.9141975787104,14.03376869201864,0.13813744998618407,0.3543001033761298
235.356,46.567,-11.5,235.537,46.492,-13.8,235.503,46.651,-13.7,0,-2.768652617320254,19.260034566101073,-9.139820743332827,28.07109621646002,0.29348038187488995,0.6841057240923525
235.622,43.956,-14.0,235.461,43.874,-11.5,235.626,43.781,-14.0,0,-3.109085844672494,9.772344949362381,-10.040368231521768,22.27660564662331,0.30882468722752204,0.43788815857785546
235.69,42.873,-14.1,235.537,42.797,-11.5,235.713,42.695,-14.2,0,0.39797475887372,5.929077616245031,4.58690630153248,12.100817645894978,0.11355785653207258,0.4998855112930585
235.713,42.695,-14.2,235.562,42.618,-11.5,235.737,42.515,-14.1,0,0.5815745081723688,5.988112683703828,5.489519169473681,12.630958829358633,0.1298010981872944,0.48346662415056213
235.67000000000002,43.056,-14.2,235.517,42.976,-11.5,235.69,42.873,-14.1,0,0.49399872436235254,5.4205044333905406,5.095278821170922,10.983377349067666,0.11788401048892518,0.503770275042034
234.777,48.4,-16.5,234.625,48.547,-16.5,234.56,48.407,-13.8,0,1.212438674894332,21.353520450012528,7.432415401622858,34.08685904292115,0.16173887670622547,0.6258952459974376
235.642,43.421,-14.1,235.483,43.335,-11.5,235.649,43.242,-14.1,0,-1.6968428609854338,11.00206097015016,-9.670781048391369,22.878365448079983,0.17505705602212715,0.4802910373141351
235.957,40.658,-14.8,235.765,40.729,-13.2,235.834,40.575,-14.8,0,-6.570305366798956,6.95219872710941,-17.32998234109607,15.04707863061219,0.3681932124773051,0.4540156185221365
235.537,42.797,-11.5,235.562,42.618,-11.5,235.713,42.695,-14.2,0,0.5845208870856085,6.345421264452533,5.317951086425893,12.290126506519982,0.13545523078351318,0.5260347970782925
235.764,45.835,-16.5,235.75900000000001,46.013,-16.5,235.59199999999998,45.948,-13.8,0,-5.060407979875893,13.315489862294848,-12.46760865702268,25.143596314518,0.3975611084375962,0.5260483402809172
235.649,43.242,-14.1,235.497,43.155,-11.5,235.67000000000002,43.056,-14.2,0,-1.229645911319951,11.654901696572779,-8.732426897644203,23.411784552170346,0.14072520370068176,0.4972743427819163
235.517,42.976,-11.5,235.537,42.797,-11.5,235.69,42.873,-14.1,0,0.524632720184966,6.086220674703941,4.9625495474432455,11.538792208065672,0.13054727838700983,0.537470026217029
235.497,43.155,-11.5,235.517,42.976,-11.5,235.67000000000002,43.056,-14.2,0,0.6162851443612807,5.6183921716562555,4.933152989254381,10.655410645781075,0.14592620336030684,0.5369407237997864
235.475,43.514,-11.5,235.483,43.335,-11.5,235.642,43.421,-14.1,0,-2.0789680403962802,11.624627185042685,-9.532105216701872,22.855755050369737,0.21753476704520203,0.5080094958101833
235.461,44.053,-11.5,235.461,43.874,-11.5,235.622,43.956,-14.0,0,-3.826608389737171,10.629322881454208,-10.527254772580498,21.968901085294284,0.36268426842367324,0.4830603077662851
235.309,46.744,-11.5,235.503,46.651,-13.7,235.438,46.856,-13.6,0,-1.5265264691593936,21.02733671321878,-6.103998130133213,29.301703907771007,0.23438045302492413,0.7164104760115674
235.562,42.618,-11.5,235.59199999999998,42.439,-11.5,235.737,42.515,-14.1,0,0.7846530442743166,6.4291409281821,5.702801782062494,13.023886806256598,0.16233996508364631,0.5024342574791228
236.152,40.789,-15.1,236.372,40.874,-16.5,236.231,40.941,-15.3,0,-1.2347286489008849,7.123332757761379,-5.69918744964653,21.02703004464209,0.19017687730094351,0.3370141259870108
235.781,43.867,-16.5,235.622,43.956,-14.0,235.626,43.781,-14.0,0,-2.5584144235302295,7.94024497307784,-10.068617574149194,22.303050871684476,0.253315372226178,0.35516353775311427
235.17000000000002,47.09,-11.5,235.356,47.067,-13.7,235.27800000000002,47.225,-13.7,0,-0.19607920081792474,24.354015396940376,-0.5120863231257324,30.829538343840547,0.10553105669868348,0.7899632117492487
235.631,43.603,-14.1,235.475,43.514,-11.5,235.642,43.421,-14.1,0,-1.9895323185806824,10.543699570831595,-9.192654619711583,22.94342871237125,0.2157443445385887,0.45888834040974563
235.465,43.694,-11.5,235.475,43.514,-11.5,235.631,43.603,-14.1,0,-2.46404574902893,11.222629096372048,-9.291365609136363,22.82290332926395,0.2644051339042972,0.4910669595817405
235.082,47.26,-11.5,235.27800000000002,47.225,-13.7,235.188,47.383,-13.7,0,-0.08370829163254545,25.38949180406581,1.333258179025247,31.209333300663218,0.0599347680131268,0.8137031575787709
235.461,43.874,-11.5,235.465,43.694,-11.5,235.626,43.781,-14.0,0,-3.157185044957137,10.762624052760176,-10.0389910274953,22.33397935368751,0.3136495625287631,0.48117093277512124
235.466,44.952,-11.5,235.623,44.85,-14.0,235.627,45.031,-14.1,0,-7.073752580371122,13.64692177446155,-13.144662846768469,22.64034456759739,0.5288230688366965,0.5994786270183355
235.799,43.33,-16.5,235.642,43.421,-14.1,235.649,43.242,-14.1,0,-1.3202270948375676,9.283585258585084,-9.698497130829288,22.87761304101179,0.13575937468987828,0.4051446255024227
235.471,40.329,-14.0,235.57999999999998,40.297,-16.5,235.589,40.434,-14.4,0,-6.085967811030326,7.273679100233138,-13.541911108785541,20.9278872882326,0.4274936462087562,0.33896016527294376
235.537,46.492,-13.8,235.388,46.389,-11.5,235.561,46.308,-13.8,0,-3.602917723309766,18.250783519394496,-10.145253105635945,27.32926947903009,0.34611173792769057,0.665162214888934
235.461,44.413,-11.5,235.461,44.233,-11.5,235.622,44.316,-14.0,0,-4.811397415018672,11.473637999430082,-10.5272546159473,21.687461270923727,0.4564201257056197,0.5282585464332281
235.483,43.335,-11.5,235.497,43.155,-11.5,235.649,43.242,-14.1,0,-1.5628824064659437,12.302909433552326,-8.773475823392303,23.31441412966325,0.17785026853022118,0.5271546460976945
235.788,43.688,-16.5,235.781,43.867,-16.5,235.626,43.781,-14.0,0,-2.020193489549852,7.181104641459756,-9.720858458979187,22.535907597751766,0.20706981114287068,0.3178208692025687
235.459,45.672,-11.5,235.464,45.492,-11.5,235.623,45.569,-14.1,0,-7.050016281567216,16.565903272689145,-12.866174192123957,24.31320806906559,0.5381084457076253,0.6783275757121142
235.78199999999998,44.046,-16.5,235.781,44.225,-16.5,235.62,44.135,-14.0,0,-3.0387422526481567,7.249631460321419,-10.463065417565304,21.90678967076189,0.2897409581602792,0.329987608295179
235.461,44.053,-11.5,235.622,43.956,-14.0,235.62,44.135,-14.0,0,-3.676472498472842,9.852701316328181,-10.29838211553654,22.0253162799072,0.3562132618546298,0.4464971942227744
235.793,43.509,-16.5,235.788,43.688,-16.5,235.631,43.603,-14.1,0,-1.687009226889234,7.508641807314251,-9.966994755012337,22.54438925730058,0.16861969821506784,0.332297618535123
235.462,44.593,-11.5,235.461,44.413,-11.5,235.622,44.494,-14.0,0,-5.2905821471940095,12.12898635477741,-10.645741705214022,21.48863229760037,0.49645560992904225,0.5637005261195298
235.626,43.781,-14.0,235.465,43.694,-11.5,235.631,43.603,-14.1,0,-2.8147571103288644,9.820067127124183,-10.717202377004604,22.099566205962773,0.26188839418907706,0.44361881038809836
235.452,45.851,-11.5,235.459,45.672,-11.5,235.61700000000002,45.743,-14.1,0,-6.562345281749998,16.987997598479478,-12.588592737203193,24.87160118142907,0.5116390930857317,0.679905903655752
235.461,44.233,-11.5,235.461,44.053,-11.5,235.62,44.135,-14.0,0,-4.3346057588400155,10.924459490553685,-10.527059491174839,21.83388462060686,0.4110245674980964,0.49954609562501173
235.463,44.773,-11.5,235.462,44.593,-11.5,235.622,44.672,-14.0,0,-5.6305095726979415,12.795249898047167,-10.645163556532815,21.35040868145215,0.5284959886551702,0.5986396988172945
235.461,44.413,-11.5,235.622,44.316,-14.0,235.622,44.494,-14.0,0,-4.704290181489505,10.88560891257713,-10.541612588773297,21.623391562144576,0.44568645545031604,0.5025903041334742
235.464,45.492,-11.5,235.623,45.386,-14.1,235.623,45.569,-14.1,0,-7.168206653690945,15.253026473454481,-13.42341591574295,23.73393241674181,0.5245577785832436,0.6395116455639706
235.788,43.688,-16.5,235.626,43.781,-14.0,235.631,43.603,-14.1,0,-2.275340050671986,8.018960121860202,-10.758247683338695,22.096409405631647,0.21080323819369276,0.3621163214022828
235.082,47.26,-11.5,235.17000000000002,47.09,-11.5,235.27800000000002,47.225,-13.7,0,-0.14801625544525956,25.506884209394926,-0.022300005585734084,31.03043862102932,0.0847844723754863,0.8219976353106965
235.561,46.308,-13.8,235.414,46.21,-11.5,235.577,46.123,-13.8,0,-4.583330111034709,17.423231940814265,-11.306601518857526,26.456464046636448,0.3965974901953684,0.6554759771982519
235.46699999999998,45.312,-11.5,235.469,45.132,-11.5,235.627,45.212,-14.1,0,-7.600257908346191,15.508136790811506,-13.263600314419463,23.266874881741998,0.5632932061645234,0.6635824068067546
235.356,46.567,-11.5,235.388,46.389,-11.5,235.537,46.492,-13.8,0,-3.014339756451618,19.88973268746813,-8.924357766870372,27.99087939087599,0.32766445408137607,0.7083261611674986
235.17000000000002,47.09,-11.5,235.251,46.919,-11.5,235.356,47.067,-13.7,0,-0.287486910941569,24.376519819529687,-1.1234761408748746,30.60928038343453,0.13757065899272852,0.7960952112684405
235.469,45.132,-11.5,235.466,44.952,-11.5,235.627,45.031,-14.1,0,-7.924900308931885,14.635068458898816,-13.891485713184373,22.463851811068345,0.5614353844714933,0.6483899446831823
235.462,44.593,-11.5,235.622,44.494,-14.0,235.622,44.672,-14.0,0,-5.092671782737496,11.606938684404536,-10.541711118876378,21.485827293403105,0.4826176896011566,0.5394475878040584
235.466,44.952,-11.5,235.463,44.773,-11.5,235.623,44.85,-14.0,0,-7.767893183551533,13.900063574206861,-13.893016545397721,22.028420613564165,0.5504907375650987,0.6276989934463147
235.81,43.151,-16.5,235.799,43.33,-16.5,235.649,43.242,-14.1,0,-0.9628612496224501,8.83567659962929,-9.201711053712764,23.160001488265884,0.10441200817197582,0.3808765937908881
235.953,41.067,-13.0,235.872,40.885,-13.0,236.05700000000002,40.92,-14.1,0,-2.7542251784345453,9.741308781657157,-6.493675569876359,20.436060141782264,0.39406528876420677,0.47439877921785684
235.62,44.135,-14.0,235.781,44.225,-16.5,235.622,44.316,-14.0,0,-3.691085525771459,8.329337125605786,-10.807519017532165,21.657641220427422,0.34087431861614353,0.38365563993641744
235.309,46.744,-11.5,235.356,46.567,-11.5,235.503,46.651,-13.7,0,-1.874381141746229,21.24496160953094,-6.599142174281692,29.0097904895527,0.2698514536386109,0.7307558694852856
235.781,44.225,-16.5,235.78,44.403,-16.5,235.622,44.316,-14.0,0,-3.4767101600260086,7.797636240285951,-10.463166162208168,21.774818505434673,0.3316759679742013,0.3571474547321264
235.463,44.773,-11.5,235.622,44.672,-14.0,235.623,44.85,-14.0,0,-5.452880886742177,12.220137308986711,-10.660489393617397,21.286485956275627,0.5110866480080309,0.5733992800625297
235.793,43.509,-16.5,235.631,43.603,-14.1,235.642,43.421,-14.1,0,-1.5816954262464813,8.748877790723673,-9.220343664284123,22.93237372486889,0.17091802028188746,0.3807960393014793
235.461,44.233,-11.5,235.62,44.135,-14.0,235.622,44.316,-14.0,0,-4.348356960821195,10.180465184574317,-10.778931371421734,21.64753879878944,0.4027395756452767,0.4694282569045032
235.81,43.151,-16.5,235.649,43.242,-14.1,235.67000000000002,43.056,-14.2,0,-0.9371314233856518,9.964485012960278,-8.796209922364952,23.385656303484986,0.10645823156267428,0.42550430029688907
235.622,43.956,-14.0,235.78199999999998,44.046,-16.5,235.62,44.135,-14.0,0,-3.0723106118446943,7.9913880524936465,-10.3268453633126,22.032669957814967,0.29676145149190275,0.36179994056750897
234.015,48.696,-11.5,234.197,48.561,-11.5,234.25400000000002,48.682,-14.2,0,3.563099887728506,22.355410599871018,11.447537149626928,33.8659110656655,0.3102767111486203,0.6593790992249553
235.464,45.492,-11.5,235.46699999999998,45.312,-11.5,235.623,45.386,-14.1,0,-7.4338350655850745,16.083606675612916,-13.134430205243646,23.759614805647793,0.5561449751922476,0.6739794376064216
235.622,44.316,-14.0,235.78,44.403,-16.5,235.622,44.494,-14.0,0,-4.051614337026414,9.031154003101744,-10.569992931561202,21.642112347153834,0.3827428183738504,0.4163741124099519
235.78,44.403,-16.5,235.779,44.582,-16.5,235.622,44.494,-14.0,0,-3.889703105700905,8.521087390255717,-10.464421007791202,21.637376486760708,0.3711858281881936,0.39288314017673454
235.825,42.973,-16.5,235.67000000000002,43.056,-14.2,235.69,42.873,-14.1,0,0.3232144094360639,4.691501087204516,4.7526449092725045,11.023197646631388,0.08745799565034383,0.43586522877136663
235.95999999999998,41.624,-14.4,236.04399999999998,41.732,-16.5,235.902,41.803,-14.4,0,2.3743592501174504,4.934457843898108,7.6280442096152115,16.198782173624892,0.3241550144639836,0.3060292624691383
235.623,44.85,-14.0,235.776,44.94,-16.5,235.627,45.031,-14.1,0,-6.212912554792066,11.808219921215649,-12.952735793605541,22.640003846364472,0.4705636753857579,0.5180509520579156
235.781,43.867,-16.5,235.78199999999998,44.046,-16.5,235.622,43.956,-14.0,0,-2.660166724360443,6.962499404441398,-10.7058014187431,21.932539466683707,0.24775897308166345,0.31654930959139727
235.622,44.494,-14.0,235.779,44.582,-16.5,235.622,44.672,-14.0,0,-4.446305114423234,9.7816190319017,-10.569895162070821,21.50490675901333,0.4201693211416032,0.4539847121568321
235.29500000000002,47.575,-16.5,235.19299999999998,47.741,-16.5,235.091,47.615,-14.3,0,-0.0030078386152032847,24.937283063980157,-1.1769760734225514,32.76581741186225,0.002880710212445899,0.7607326484695441
235.799,43.33,-16.5,235.793,43.509,-16.5,235.642,43.421,-14.1,0,-1.3196041995698735,8.104955340488276,-9.839623365366037,22.75573467000818,0.13364827880573885,0.3554786057328085
235.388,46.389,-11.5,235.414,46.21,-11.5,235.561,46.308,-13.8,0,-3.8831968231549494,19.021994995935138,-9.860443830282861,27.27197116059709,0.38397632223314543,0.6947292796804361
235.779,44.582,-16.5,235.777,44.761,-16.5,235.622,44.672,-14.0,0,-4.199802752009976,9.297248810926485,-10.345862474634309,21.559913105647915,0.4054839815682086,0.43036147060903324
235.251,46.919,-11.5,235.309,46.744,-11.5,235.438,46.856,-13.6,0,-1.0820021951434224,22.747461632173774,-4.81796634867532,29.78555892738671,0.2036222104665923,0.7628562369383406
236.07999999999998,41.27,-14.3,236.16899999999998,41.387,-16.5,236.01600000000002,41.447,-14.3,0,2.696157676410676,5.930523936892558,8.356043024587123,17.684949703593446,0.3349123025716443,0.3356259455942705
234.197,48.561,-11.5,234.368,48.422,-11.5,234.42000000000002,48.553,-14.1,0,2.580413610341724,23.32338174031324,9.966341068988353,33.87229000793374,0.257834943630354,0.6879701004274522
234.988,47.428,-11.5,235.082,47.26,-11.5,235.188,47.383,-13.7,0,-0.11180419884051661,26.366310351802422,1.0027403842553753,31.434633853516246,0.04561792119172546,0.8388695001513596
235.459,45.672,-11.5,235.623,45.569,-14.1,235.61700000000002,45.743,-14.1,0,-6.472594797185521,15.873991016342314,-12.59904836495604,24.59808843671854,0.5039967477953781,0.6421228286864548
235.469,45.132,-11.5,235.627,45.031,-14.1,235.627,45.212,-14.1,0,-7.322904593975562,14.231689044928936,-13.415171918751213,22.90725187733264,0.5364275986461255,0.6181102131530044
235.869,42.617,-16.5,235.713,42.695,-14.2,235.737,42.515,-14.1,0,0.39917102883233146,5.220234684308785,5.150744565657931,12.673588711309748,0.09971737162637348,0.4210978605210821
235.845,42.795,-16.5,235.69,42.873,-14.1,235.713,42.695,-14.2,0,0.2505904664659332,5.153512881905388,4.235195114405826,12.130726594028346,0.08437148582311264,0.4347005377531492
235.622,44.672,-14.0,235.777,44.761,-16.5,235.623,44.85,-14.0,0,-4.817937742362694,10.452517552054006,-10.688441814151169,21.31141917996443,0.45032968114912747,0.48967486708980024
235.46699999999998,45.312,-11.5,235.627,45.212,-14.1,235.623,45.386,-14.1,0,-7.0297905466801645,15.006566921434326,-12.885224272255499,23.628257330500283,0.5356256679800714,0.6320412993951986
235.777,44.761,-16.5,235.776,44.94,-16.5,235.623,44.85,-14.0,0,-4.522902741191224,9.921669215663611,-10.465486649761822,21.367736217589844,0.4317562474642085,0.463548532966439
235.765,40.729,-13.2,235.66500000000002,40.558,-13.7,235.834,40.575,-14.8,0,-6.059343272914625,8.759268657301508,-13.937177242089433,18.526358896892532,0.41739930596616226,0.4663676530444022
235.091,47.615,-14.3,235.19299999999998,47.741,-16.5,234.99599999999998,47.78,-14.3,0,-0.013586828439779266,25.715279279926808,-2.200164284702943,32.93128401011171,0.006708568083917796,0.7805632736254661
235.89600000000002,42.439,-16.5,235.869,42.617,-16.5,235.737,42.515,-14.1,0,0.37155560369677426,4.921444426519709,4.806787683666073,13.20075389850345,0.09993246946161768,0.3811145773828723
235.825,42.973,-16.5,235.81,43.151,-16.5,235.67000000000002,43.056,-14.2,0,0.24320450522504333,4.203598655419122,3.9340322686309435,10.828567895044586,0.0815484494509211,0.3978427271586203
236.171,41.092,-14.8,236.05700000000002,40.92,-14.1,236.231,40.941,-15.3,0,-0.14610838544069485,8.171231232348187,0.04476614243546351,21.242122458104745,0.27643272185698325,0.3837459158206252
235.845,42.795,-16.5,235.825,42.973,-16.5,235.69,42.873,-14.1,0,0.211260307805635,4.586115952160961,4.266078631133411,11.614066427119894,0.07126305974167293,0.4048869546828198
234.899,47.95,-14.3,234.989,48.071,-16.5,234.80200000000002,48.108,-14.3,0,-0.060789847689920275,25.105839737541416,-1.2293521342093996,33.804528182040116,0.05452062766266328,0.7423233638100388
235.869,42.617,-16.5,235.845,42.795,-16.5,235.713,42.695,-14.2,0,0.24646685348360553,4.823622005697398,4.559187690285626,12.386767996868514,0.07667027044835528,0.398906991047042
235.19299999999998,47.741,-16.5,235.09,47.906,-16.5,234.99599999999998,47.78,-14.3,0,-0.0036542225278114663,25.089720134598917,-0.9222118355867437,33.18728591187454,0.006619042954728019,0.7556566301406523
234.99599999999998,47.78,-14.3,235.09,47.906,-16.5,234.899,47.95,-14.3,0,-0.046834089833088066,25.600168323310896,-2.3133949765302617,33.34226955331278,0.021839385431983202,0.7674732977660024
236.01600000000002,41.447,-14.3,236.103,41.559,-16.5,235.95999999999998,41.624,-14.4,0,2.6649342765526147,5.34974899829828,8.076764390225975,16.909158028610165,0.34206104920881514,0.3170200418829625
236.245,41.217,-16.5,236.07999999999998,41.27,-14.3,236.171,41.092,-14.8,0,2.159701510044341,6.447127217412967,7.747319899812425,18.818767080650332,0.29315788894215217,0.3427328971367967
235.414,46.21,-11.5,235.441,46.031,-11.5,235.577,46.123,-13.8,0,-4.3290376166901625,18.58616619717102,-9.730459086451546,26.94489375055521,0.43398353491319414,0.686763571553948
235.623,45.386,-14.1,235.76999999999998,45.477,-16.5,235.623,45.569,-14.1,0,-6.398972938539452,13.418661600949457,-13.225780825064227,23.732389505906113,0.47464358140224705,0.5620785416868087
234.368,48.422,-11.5,234.49099999999999,48.262,-11.5,234.56,48.407,-13.8,0,0.4232473017567492,25.17531271915485,2.0303386300850352,34.73802158311544,0.20311167006281508,0.7242828758978209
235.776,44.94,-16.5,235.774,45.119,-16.5,235.627,45.031,-14.1,0,-5.884896946074559,11.247918185705858,-12.870244357448506,22.842310026112585,0.44818828024027924,0.4889549027572324
235.768,45.656,-16.5,235.764,45.835,-16.5,235.61700000000002,45.743,-14.1,0,-5.432822044980107,13.008145358291923,-12.598075254233464,24.640943842898395,0.42248110871530375,0.524437997722161
235.577,46.123,-13.8,235.441,46.031,-11.5,235.59199999999998,45.948,-13.8,0,-5.086177747182554,17.033501220961902,-11.324943684704373,26.071860667460157,0.4395485993382868,0.6500769603384329
235.772,45.298,-16.5,235.76999999999998,45.477,-16.5,235.623,45.386,-14.1,0,-5.957896575477036,12.381399879310942,-12.86869528860418,23.671221509720276,0.4537419392128456,0.519732347447452
234.888,48.237,-16.5,234.777,48.4,-16.5,234.692,48.276,-14.3,0,0.06587749461432905,22.79352739407075,0.49310869277094405,34.39392943733641,0.11388351189808786,0.6622685080634854
235.441,46.031,-11.5,235.452,45.851,-11.5,235.59199999999998,45.948,-13.8,0,-5.8486623893773855,17.542788470985027,-12.046660853580278,25.5669761235989,0.47605188043639163,0.6829932880534819
235.774,45.119,-16.5,235.772,45.298,-16.5,235.627,45.212,-14.1,0,-5.981639023770847,11.889978705819718,-12.868165179875746,23.26650733089692,0.45557974675854657,0.5076939794784542
235.59199999999998,42.439,-11.5,235.626,42.261,-11.5,235.767,42.348,-14.2,0,1.1120186758442987,6.361843596377185,6.047393953954298,13.769311226906638,0.20692380963557833,0.4694032771105531
235.09,47.906,-16.5,234.989,48.071,-16.5,234.899,47.95,-14.3,0,-0.030855679723176387,24.750739203105816,-1.1883333914956467,33.59877513450426,0.03031942519140269,0.7362916809110276
235.76999999999998,45.477,-16.5,235.768,45.656,-16.5,235.623,45.569,-14.1,0,-5.7974307526766635,12.707761088745992,-12.866602156656967,24.096821328678082,0.44159318344770576,0.5239721023053696
236.245,41.217,-16.5,236.16899999999998,41.387,-16.5,236.07999999999998,41.27,-14.3,0,2.699587769229375,5.520812708664485,9.526259791222245,17.4483510399983,0.2933798710728844,0.316771196065074
234.989,48.071,-16.5,234.888,48.237,-16.5,234.80200000000002,48.108,-14.3,0,-0.07791270125421616,23.964786086922796,-1.259827698880148,33.977214493373026,0.0679967593428992,0.7049236560041074
235.627,45.031,-14.1,235.774,45.119,-16.5,235.627,45.212,-14.1,0,-6.48207230940897,12.425514131332584,-13.218165663700937,22.904240881115633,0.4811767536872328,0.5391278156027821
234.625,48.547,-16.5,234.446,48.681,-16.5,234.42000000000002,48.553,-14.1,0,2.4478700515652863,19.74355565857056,11.647274672098813,33.359716273763055,0.20927474543766092,0.5911694735206173
236.372,40.874,-16.5,236.326,41.049,-16.5,236.231,40.941,-15.3,0,1.042502360136702,6.194217211218276,6.528796965642712,20.358881866542532,0.17724305430170295,0.3043535713801689
235.66,42.083,-11.5,235.704,41.907,-11.5,235.813,42.029,-13.8,0,2.163797514656657,6.12628956232679,6.994662417445426,15.090210869650718,0.32717067254437165,0.40995272019579626
235.627,45.212,-14.1,235.772,45.298,-16.5,235.623,45.386,-14.1,0,-6.250448489225841,13.16557349357343,-12.688273594331775,23.618842013770923,0.48291715716023814,0.55415939231285
235.623,45.569,-14.1,235.768,45.656,-16.5,235.61700000000002,45.743,-14.1,0,-5.786992600689259,13.957537904163415,-12.399678096377635,24.59010513597395,0.45726853705170384,0.5642303150024555
235.957,42.084,-16.5,235.924,42.261,-16.5,235.814,42.16,-14.3,0,0.898303366607473,4.694072489653916,5.345182428775104,14.808812089390472,0.18805574373440176,0.3219126869937897
236.16899999999998,41.387,-16.5,236.103,41.559,-16.5,236.01600000000002,41.447,-14.3,0,2.60130084041665,5.162394096556475,8.500007668964088,17.08807916938281,0.3170402399948433,0.3025649450644696
236.326,41.049,-16.5,236.245,41.217,-16.5,236.171,41.092,-14.8,0,2.310498297990077,5.645563475214944,10.127152728796332,17.98318260958061,0.2377521232612545,0.31443407242156535
236.04399999999998,41.732,-16.5,235.999,41.908,-16.5,235.902,41.803,-14.4,0,1.74088312349949,4.5769322446617124,6.448107012576884,16.185178249226794,0.2851082297803491,0.28467966358375635
234.446,48.681,-16.5,234.252,48.806,-16.5,234.25400000000002,48.682,-14.2,0,3.5627867915477673,18.652137659641717,13.942938869650806,32.965963674577054,0.2548034834133747,0.565003503050779
236.103,41.559,-16.5,236.04399999999998,41.732,-16.5,235.95999999999998,41.624,-14.4,0,2.338884866902567,4.740673032120023,7.780693463285189,16.526267210958423,0.3125972230144547,0.2878225076316083
236.05700000000002,40.92,-14.1,236.152,40.789,-15.1,236.231,40.941,-15.3,0,-1.528516281871035,8.240531722473099,-5.270019248359574,21.091445474031914,0.25691847954428276,0.3888047631257573
234.888,48.237,-16.5,234.692,48.276,-14.3,234.80200000000002,48.108,-14.3,0,-0.013819653153687723,24.174023934326815,-0.22772282985437542,34.20190224941366,0.09878306335574108,0.7064031565363458
236.152,40.789,-15.1,236.05700000000002,40.92,-14.1,235.98399999999998,40.797,-14.1,0,-2.9757937459438195,8.454912850568556,-9.434813736774032,19.85808239692117,0.29525114787963425,0.42271323188253884
234.197,48.561,-11.5,234.42000000000002,48.553,-14.1,234.25400000000002,48.682,-14.2,0,3.1388780657714928,21.88661430476523,11.559985096120592,33.60925099614976,0.2705957867071423,0.6505196964263203
234.42000000000002,48.553,-14.1,234.446,48.681,-16.5,234.25400000000002,48.682,-14.2,0,2.8810590834166123,20.209249417333623,11.746451836015837,33.52165174277373,0.24436113538640825,0.6021582743663091
236.05700000000002,40.92,-14.1,235.872,40.885,-13.0,235.98399999999998,40.797,-14.1,0,-3.5181653645314674,9.324187036604238,-9.08154756186076,19.90427999833792,0.3650673947533793,0.46538416986500697
235.89600000000002,42.439,-16.5,235.737,42.515,-14.1,235.767,42.348,-14.2,0,0.5273113434555678,5.314213183399074,4.869615824215515,13.665349053332875,0.13245231946821454,0.39657937542741983
235.814,42.16,-14.3,235.66,42.083,-11.5,235.813,42.029,-13.8,0,1.641590767277118,5.76568763228529,6.439415851887247,14.860511706943129,0.27404549615939694,0.3926878068832162
235.737,42.515,-14.1,235.59199999999998,42.439,-11.5,235.767,42.348,-14.2,0,0.7305314657579471,6.104538439082599,5.230087579591839,13.626068386944524,0.1652182969657307,0.4559599643964118
234.777,48.4,-16.5,234.56,48.407,-13.8,234.692,48.276,-14.3,0,0.15881116048912733,23.12602578761138,1.0041155520583285,34.57678218721963,0.14771016207217416,0.6683675712759614
234.56,48.407,-13.8,234.49099999999999,48.262,-11.5,234.692,48.276,-14.3,0,0.18777027831924076,24.886441024238014,1.0625093716532135,34.61009527556729,0.1670930316498322,0.7186346289344426
235.957,42.084,-16.5,235.814,42.16,-14.3,235.813,42.029,-13.8,0,1.2647072847062895,5.022124160288831,5.913224061606513,15.026341980357273,0.23273421698824814,0.33862195627959246
236.326,41.049,-16.5,236.171,41.092,-14.8,236.231,40.941,-15.3,0,0.6849360342926973,6.915349694874171,3.549829032435184,20.76947553230815,0.2289931433193232,0.3326346882844406
232.701,49.817,-16.5,232.52100000000002,49.954,-16.5,232.527,49.856,-14.7,0,4.2714256282270435,16.85523545633492,11.07438505739708,37.92571055078663,0.38436837250868655,0.44249450341881363
235.362,40.361,-11.5,235.471,40.329,-14.0,235.437,40.531,-11.5,0,-3.390536820755468,9.629753551533208,-5.829161081721992,24.102387772780276,0.521440451871569,0.3942695806460543
232.301,49.864,-11.5,232.486,49.729,-11.5,232.527,49.856,-14.7,0,5.075488106906229,19.417651935569058,11.530373412046405,37.89727842046864,0.43872728722903326,0.5103348381718337
232.411,49.909,-14.0,232.301,49.864,-11.5,232.527,49.856,-14.7,0,4.510748370617538,18.896823307872467,10.643230846698312,38.230788839105934,0.42221238392345456,0.49222194807468855
235.437,40.531,-11.5,235.471,40.329,-14.0,235.589,40.434,-14.4,0,-6.223715457720187,8.674784945777919,-12.06852167874112,21.16976095810949,0.4905508937467534,0.40230278755855425
236.098,43.033,-21.5,235.81,43.151,-16.5,235.825,42.973,-16.5,0,0.10329010640230875,3.214552478285707,3.4470400113811195,10.934169812973835,0.047342065253573755,0.3029144577575678
236.161,42.502,-21.5,235.89600000000002,42.439,-16.5,236.185,42.325,-21.5,0,0.15557824112699017,3.1692805037054277,3.82375955871359,13.909581870544855,0.059795181537252225,0.233554752153353
236.082,43.211,-21.5,235.81,43.151,-16.5,236.098,43.033,-21.5,0,0.06988624755330385,2.4135326547732476,3.178424491678868,10.546126787885413,0.03556408719481117,0.23661606279241484
236.049,45.699,-21.5,236.053,45.877,-21.5,235.764,45.835,-16.5,0,-3.9261177555815427,7.925467597662077,-13.21820266957642,24.25684067235973,0.2909089343899523,0.32366909016327866
236.185,42.325,-21.5,235.89600000000002,42.439,-16.5,235.924,42.261,-16.5,0,0.34878327272507326,3.8091332047226056,4.444792696149904,14.183946420731303,0.09836367553218617,0.27434197364778795
234.037,49.172,-21.5,233.856,49.052,-16.5,234.055,48.93,-16.5,0,4.290649023020629,14.974852212060547,14.876118742778083,33.68644602774909,0.28783806897922265,0.44352521990273336
236.209,42.148,-21.5,236.185,42.325,-21.5,235.924,42.261,-16.5,0,0.28602065932999826,3.094210451673383,3.853673342349339,14.795130181689217,0.09383605557958706,0.21338451489161187
235.764,45.835,-16.5,235.768,45.656,-16.5,236.049,45.699,-21.5,0,-4.407801498293573,10.065187599749219,-12.319422124107163,24.66878903448346,0.35003550456007226,0.40472762680297514
236.082,43.211,-21.5,235.799,43.33,-16.5,235.81,43.151,-16.5,0,-0.5944583638527868,6.624874347854084,-9.23860008302767,23.263412054045347,0.06416499262829681,0.2841563667738087
234.244,49.056,-21.5,234.037,49.172,-21.5,234.055,48.93,-16.5,0,3.9882440128323786,13.006331747806907,16.294976051298292,32.81836193722602,0.24429717365214557,0.39538147853168376
236.067,43.388,-21.5,235.799,43.33,-16.5,236.082,43.211,-21.5,0,-0.4606481655233138,5.0955308933443675,-8.731065881117011,23.427103136078316,0.05249826815437093,0.21690189638508386
236.24200000000002,41.972,-21.5,236.209,42.148,-21.5,235.957,42.084,-16.5,0,0.5406866870571708,2.941277072067513,4.643686081261876,15.46861874250007,0.13281356612336967,0.19303743657764083
236.209,42.148,-21.5,235.924,42.261,-16.5,235.957,42.084,-16.5,0,0.6044199071159762,3.6754910127738443,4.901521290195291,14.943536990834247,0.1413923326904316,0.25016281687401176
236.24200000000002,41.972,-21.5,235.957,42.084,-16.5,235.999,41.908,-16.5,0,0.9726654015001355,3.5218123230288705,5.709380385287702,15.568834459217982,0.18546553717211342,0.22896386098805308
236.049,45.699,-21.5,235.768,45.656,-16.5,236.043,45.522,-21.5,0,-4.208929641687352,7.869714224918679,-13.48091982922162,23.706447874008717,0.30582842932445076,0.3289180580757679
236.067,43.388,-21.5,235.793,43.509,-16.5,235.799,43.33,-16.5,0,-0.8662447833954133,5.972868726191285,-9.8762684060774,22.86534178250875,0.08733175706254284,0.2605392961856458
236.27800000000002,41.796,-21.5,236.24200000000002,41.972,-21.5,235.999,41.908,-16.5,0,0.7607176182897258,2.8935927296894786,4.940525177094571,16.283825316686034,0.1691231561591559,0.17944776853477454
235.768,45.656,-16.5,235.76999999999998,45.477,-16.5,236.043,45.522,-21.5,0,-4.7032449494114585,9.898027164785233,-12.595334199126157,24.131970499774695,0.36541321467529725,0.4069256662696149
236.05700000000002,43.566,-21.5,235.793,43.509,-16.5,236.067,43.388,-21.5,0,-0.6959556680477534,4.510091973287474,-9.389123334039397,23.03826100233973,0.07371134727856508,0.19510323741304259
236.27800000000002,41.796,-21.5,236.04399999999998,41.732,-16.5,236.32299999999998,41.622,-21.5,0,1.070854669575479,3.012301532180694,5.830247743614791,16.89968617709411,0.19622386812751333,0.179195486682221
236.37099999999998,41.448,-21.5,236.103,41.559,-16.5,236.16899999999998,41.387,-16.5,0,1.924681610242731,4.136671013225184,8.115870628613436,17.384642133529297,0.24698330891295284,0.23838219174458014
236.27800000000002,41.796,-21.5,235.999,41.908,-16.5,236.04399999999998,41.732,-16.5,0,1.2649199367243176,3.5755949807197047,6.0307025332093644,16.37115929078675,0.2236311282473452,0.21999463947153478
236.05,43.744,-21.5,236.046,43.922,-21.5,235.781,43.867,-16.5,0,-1.2812207178554056,3.7705185818947933,-10.15048685699049,22.426064891778445,0.12566808489004694,0.16734175417475483
236.05700000000002,43.566,-21.5,235.788,43.688,-16.5,235.793,43.509,-16.5,0,-1.1499238934940825,5.399217460886304,-10.003814374531807,22.678902809862407,0.11441859855482092,0.23732864946390783
236.05700000000002,43.566,-21.5,236.05,43.744,-21.5,235.788,43.688,-16.5,0,-0.9632963314816401,4.03418732482229,-9.773068083339084,22.741517007368785,0.09805413477758314,0.17666880929198098
236.048,44.277,-21.5,235.78,44.403,-16.5,235.781,44.225,-16.5,0,-2.633819519301864,5.502854425445702,-10.500372292732777,21.882405213806194,0.2502871734336146,0.2505216042453776
236.05,43.744,-21.5,235.781,43.867,-16.5,235.788,43.688,-16.5,0,-1.4240026475108656,5.05565252518032,-9.757209759863613,22.653946679036892,0.1453104332343865,0.2223608716983571
236.32299999999998,41.622,-21.5,236.04399999999998,41.732,-16.5,236.103,41.559,-16.5,0,1.7365266823129266,3.744649303819673,7.38459953492854,16.748914194490652,0.2460637390634324,0.22440755049807776
236.04399999999998,44.455,-21.5,235.78,44.403,-16.5,236.048,44.277,-21.5,0,-2.2277382943992357,4.522876704664703,-10.159279870795913,22.009858171595113,0.21881184403965462,0.20459416449123985
236.035,45.344,-21.5,236.043,45.522,-21.5,235.76999999999998,45.477,-16.5,0,-4.442953447319915,7.737907758334528,-13.727439066357292,23.158863893510038,0.31707458168448277,0.3310666782422712
236.047,44.099,-21.5,236.048,44.277,-21.5,235.781,44.225,-16.5,0,-2.00767764986888,3.9687925982319365,-10.76581044946905,21.84805232943299,0.18598058620993274,0.18076448062749972
236.32299999999998,41.622,-21.5,236.103,41.559,-16.5,236.37099999999998,41.448,-21.5,0,1.1933241703069686,3.3571341843246723,6.153967567465003,17.714308405182123,0.20570609724293754,0.18997493775265292
236.046,43.922,-21.5,236.047,44.099,-21.5,235.78199999999998,44.046,-16.5,0,-1.6722931055553585,3.711295802708452,-10.767173311167184,21.991801525771066,0.15477711214592357,0.16790803708723887
236.046,43.922,-21.5,235.78199999999998,44.046,-16.5,235.781,43.867,-16.5,0,-1.9279395351424717,4.843622772243642,-10.743026073853216,22.047417691670198,0.1788414274717518,0.21881075447997753
236.047,44.099,-21.5,235.781,44.225,-16.5,235.78199999999998,44.046,-16.5,0,-2.250452526439971,5.041020078018878,-10.500375241439073,22.0266520365573,0.21372109306589968,0.227932948141764
236.04399999999998,44.455,-21.5,235.779,44.582,-16.5,235.78,44.403,-16.5,0,-3.016255321678551,6.165261078852772,-10.501239965792266,21.748481401753033,0.2867466333798652,0.28253493281485514
236.038,44.633,-21.5,235.779,44.582,-16.5,236.04399999999998,44.455,-21.5,0,-2.498586130655571,5.195636860395998,-9.918630348496073,21.994293042718205,0.2514857002055714,0.23534353088053536
236.035,45.344,-21.5,235.76999999999998,45.477,-16.5,235.772,45.298,-16.5,0,-4.825200875920712,9.677386230399183,-12.60246304118921,23.7399603783905,0.3746165681828819,0.40443531026702434
236.038,44.633,-21.5,235.777,44.761,-16.5,235.779,44.582,-16.5,0,-3.3278642713940862,6.908549999825762,-10.381988275683526,21.67779266933362,0.32011007014358434,0.3177909092036396
236.035,45.344,-21.5,235.772,45.298,-16.5,236.03199999999998,45.166,-21.5,0,-4.2947897299225435,7.631521516030679,-13.079839595393182,23.144804485581453,0.3212879508068301,0.32669151564456
236.034,44.811,-21.5,235.777,44.761,-16.5,236.038,44.633,-21.5,0,-2.8542964074253923,5.820232192196077,-10.163285526579294,21.745045349099392,0.28045851315259046,0.2668156513490257
236.03199999999998,45.166,-21.5,235.772,45.298,-16.5,235.774,45.119,-16.5,0,-4.827892089116876,9.269590622559477,-12.606418953929996,23.33628150840869,0.37466656838088686,0.39397382725518226
236.03199999999998,44.988,-21.5,236.03199999999998,45.166,-21.5,235.774,45.119,-16.5,0,-4.106713058414567,7.27941919539963,-12.694209511398867,22.95987406044327,0.31629652254780666,0.31395020025660375
236.03199999999998,44.988,-21.5,235.776,44.94,-16.5,236.034,44.811,-21.5,0,-3.1494664917690347,6.3262912436874394,-10.402799117808065,21.49146980917572,0.30238416361419285,0.2935862479371853
236.034,44.811,-21.5,235.776,44.94,-16.5,235.777,44.761,-16.5,0,-3.646819831417434,7.53476371978623,-10.501239633725937,21.48288715971716,0.3468743072125033,0.3499012235663847
236.03199999999998,44.988,-21.5,235.774,45.119,-16.5,235.776,44.94,-16.5,0,-4.707534911693757,8.687606933682176,-12.608472141134747,22.92466357146335,0.3652568174042195,0.3755932924564238
236.062,40.236,-19.4,236.316,40.319,-20.0,236.086,40.389,-18.2,0,-1.2555700100951308,2.96853400900797,-20.036058044175775,14.043968427652857,0.056120874687170696,0.20149360467503766
236.316,40.319,-20.0,236.062,40.236,-19.4,236.224,40.169,-20.6,0,-0.4791348374274002,2.4511441631578292,-19.655235073339725,15.125911098428745,0.017985624488028387,0.15339473155342792
232.72199999999998,50.072,-21.5,232.541,50.085,-19.0,232.703,49.954,-19.1,0,2.903667914077652,13.41863781487455,9.575486569707985,38.50674980053106,0.30194430200962724,0.3467325263950263
235.62099999999998,47.373,-18.8,235.825,47.453,-21.5,235.51600000000002,47.54,-18.8,0,-0.07666226579781804,17.31253518711432,3.6794748044087005,30.94029664438593,0.023394708020414302,0.5609794758469694
235.825,47.453,-21.5,235.71699999999998,47.615,-21.5,235.51600000000002,47.54,-18.8,0,-0.12830540442674077,16.30734729563722,4.654503311949851,30.962732253240937,0.007188891986949026,0.5281600438795173
235.72199999999998,47.203,-18.8,235.926,47.29,-21.5,235.62099999999998,47.373,-18.8,0,0.03357677627439625,15.501728859576653,2.8854646061121727,30.60185762099087,0.06380817715867221,0.507960285723106
235.51600000000002,47.54,-18.8,235.71699999999998,47.615,-21.5,235.409,47.703,-18.8,0,-0.0007095245318878416,19.321405169732767,0.35354537028294075,32.37738389966056,-0.005923504292088815,0.5962359538475428
235.71699999999998,47.615,-21.5,235.607,47.777,-21.5,235.409,47.703,-18.8,0,-0.013815053390276126,18.168601646506314,1.0030459928747106,32.490539609355785,-0.015803943329637152,0.5586565503487122
235.926,47.29,-21.5,235.825,47.453,-21.5,235.62099999999998,47.373,-18.8,0,0.0036867488138733993,14.671751192833002,3.610295779660916,30.67839512178091,0.04262103584471983,0.47980671754600884
235.409,47.703,-18.8,235.607,47.777,-21.5,235.31900000000002,47.843,-18.8,0,0.0016708875094817413,20.044216575116668,0.060547677811889855,32.756738218969815,-0.018178692780242423,0.6114046678360008
235.607,47.777,-21.5,235.495,47.938,-21.5,235.31900000000002,47.843,-18.8,0,-0.027001965539220064,18.72909256270715,1.3917113209830134,32.86379478840184,-0.02185878414188101,0.5693760270680953
235.57999999999998,40.297,-16.5,235.74200000000002,40.23,-17.8,235.762,40.409,-16.5,0,-6.245807024958822,4.694142546680441,-19.074852322084524,15.633308328792054,0.31621479124313756,0.2874324647439143
236.338,40.699,-16.5,236.531,40.705,-19.2,236.54399999999998,40.834,-19.2,0,-0.19674035133961362,4.982480836466874,-1.6311739386672457,22.40329528504543,0.05683930519832501,0.221563820969638
232.541,50.085,-19.0,232.52100000000002,49.954,-16.5,232.703,49.954,-19.1,0,3.161327987871752,14.954702934663256,9.37352626641937,38.46576353189201,0.3357464480092398,0.3869204628232793
234.96800000000002,48.394,-18.8,235.043,48.579,-21.5,234.828,48.531,-18.7,0,0.626860348170789,16.36791449503613,6.579974570992583,33.9341201756669,0.09388460405272264,0.48179978062060835
236.372,40.874,-16.5,236.338,40.699,-16.5,236.54399999999998,40.834,-19.2,0,-0.4240514578702399,5.533276351749857,-3.4238005040216137,21.957302978932745,0.0903257009726224,0.25087476539531406
235.192,48.431,-21.5,235.043,48.579,-21.5,234.96800000000002,48.394,-18.8,0,0.5306839608315723,15.113569542011689,7.60819620069051,33.54075268830861,0.06866404252217859,0.4500776346222812
232.88400000000001,49.928,-21.5,232.72199999999998,50.072,-21.5,232.703,49.954,-19.1,0,2.5151710823951823,12.749131161863692,8.66435597126033,38.55894567436673,0.2888377187324495,0.32903107546163884
235.993,47.118,-21.5,235.72199999999998,47.203,-18.8,235.805,47.022,-18.9,0,-0.28757743819477183,13.572996893660727,-1.592505827056133,30.28117102305228,0.10812637441540313,0.44925430015021794
235.993,47.118,-21.5,235.926,47.29,-21.5,235.72199999999998,47.203,-18.8,0,-0.2754231387153223,12.835616669794804,-1.9813654000341288,30.407712544683122,0.08335100424227065,0.4234806162300936
233.07299999999998,49.553,-16.5,233.26600000000002,49.426,-16.5,233.247,49.54,-18.9,0,4.9988672951894895,15.201979939740928,13.676826029495597,36.045060820634646,0.364682726172776,0.4203100506651295
233.26600000000002,49.426,-16.5,233.45999999999998,49.299,-16.5,233.44299999999998,49.413,-19.1,0,4.927999646129994,15.308791546345867,13.768075113893843,35.7304864536983,0.3571591773790915,0.4271376371693858
232.52100000000002,49.954,-16.5,232.701,49.817,-16.5,232.703,49.954,-19.1,0,4.009468762055588,15.543975869964532,11.207016666479461,37.84154757285935,0.35656931206003395,0.40889973430212323
235.764,45.835,-16.5,236.053,45.877,-21.5,235.93200000000002,45.97,-19.3,0,-4.350473061984778,8.543771009888067,-14.082412588994913,24.01121503954792,0.30300572451195723,0.35254982125132095
236.38400000000001,40.158,-21.5,236.539,40.291,-21.5,236.316,40.319,-20.0,0,0.49672328761182405,2.048888134274123,-18.18432653276892,16.717601876290523,-0.03245912012258834,0.1174802509783177
233.424,49.525,-21.5,233.238,49.656,-21.5,233.247,49.54,-18.9,0,3.811576200695873,12.447107775524232,12.81752807531498,36.44890477824624,0.29664082369667977,0.34023822682182125
235.762,40.409,-16.5,235.74200000000002,40.23,-17.8,235.93099999999998,40.322,-18.1,0,-4.744298639764918,4.641625181359399,-18.440062184689225,16.240514570623688,0.24588254826697195,0.27453875474890654
233.623,49.404,-21.5,233.424,49.525,-21.5,233.44299999999998,49.413,-19.1,0,4.3820962013912,12.061490606435957,15.154842168281878,34.96677971410095,0.28865691535132754,0.3437753356416775
234.888,48.237,-16.5,234.989,48.071,-16.5,235.091,48.264,-19.1,0,-0.05021847686112943,21.95240485448664,-1.0373641573373646,33.92336244192897,0.05630624578527437,0.6466699953139281
232.885,49.684,-16.5,233.07299999999998,49.553,-16.5,233.062,49.668,-18.9,0,4.684488103575388,15.366358038773082,12.732270640435715,36.749278203537756,0.36695959421269925,0.41656752880467957
236.16899999999998,41.387,-16.5,236.245,41.217,-16.5,236.293,41.326,-18.8,0,2.2232565151678196,4.814394057279495,9.263716496175675,17.72542234551028,0.24909900577097852,0.2719784525812035
235.975,40.484,-16.5,235.762,40.409,-16.5,235.93099999999998,40.322,-18.1,0,-5.231812531377019,3.4679919987862116,-21.72723369349572,10.466927667498894,0.2345807794565543,0.31465906315404696
235.74200000000002,40.23,-17.8,235.904,40.163,-19.1,235.93099999999998,40.322,-18.1,0,-3.6027884950154347,3.6752193557135335,-18.633812995824655,16.57667149826871,0.1825357031199765,0.21049131629034987
236.338,40.699,-16.5,236.406,40.536,-18.8,236.531,40.705,-19.2,0,-0.6437894386217625,4.758471199899962,-10.66083609575034,20.342813768643424,0.04950061267040267,0.23136386395726652
234.989,48.071,-16.5,235.18099999999998,48.142,-19.3,235.091,48.264,-19.1,0,-0.03186158107218539,21.070316888625857,-1.1072649793004796,33.78056715106975,0.03565578006227846,0.6232761613211583
236.338,40.699,-16.5,236.184,40.566,-16.5,236.406,40.536,-18.8,0,-1.480367055847877,4.422056843064759,-16.64139479928366,16.026293884438218,0.0815272959672444,0.27058890948968545
236.035,46.942,-21.5,235.805,47.022,-18.9,235.858,46.841,-18.9,0,-0.7957819456659079,11.649957371588288,-4.725765474164618,29.55344604961384,0.14861351026237696,0.3944642213345854
233.45999999999998,49.299,-16.5,233.65699999999998,49.175,-16.5,233.638,49.289,-19.0,0,4.973095519556307,15.390197551217538,14.38626210650181,34.93915765994895,0.34500667557100984,0.43926984088155435
233.238,49.656,-21.5,233.058,49.79,-21.5,233.062,49.668,-18.9,0,3.5511697816934316,12.534088424706287,11.871291634740224,37.06524233758172,0.29827392172020134,0.3367879639912711
236.184,40.566,-16.5,235.975,40.484,-16.5,236.086,40.389,-18.2,0,-3.3348357979345216,3.3492802014303518,-21.244174988772755,10.49515437386711,0.15140268446761898,0.3058259675251247
234.828,48.531,-18.7,234.853,48.705,-21.5,234.648,48.684,-19.0,0,1.6383791609075289,14.950336442346705,12.35758670685303,32.809457444902634,0.1318521216126113,0.4550511460712536
236.035,46.942,-21.5,235.993,47.118,-21.5,235.805,47.022,-18.9,0,-0.8320560808966682,10.892015372808755,-6.069373709824347,29.451356835180754,0.12303745651804515,0.3705861216044563
235.495,47.938,-21.5,235.388,48.101,-21.5,235.23399999999998,48.006,-19.0,0,-0.0009636315595831994,18.58390209247796,0.541441040693913,33.28197114721671,-0.01160917532277216,0.5578644441043278
235.72199999999998,47.203,-18.8,235.578,47.074,-16.5,235.805,47.022,-18.9,0,-0.33740157549340233,16.524694641690918,-1.8325653347157385,30.34646083447371,0.11686375848164332,0.5453016830611523
236.245,41.217,-16.5,236.326,41.049,-16.5,236.37900000000002,41.162,-18.9,0,1.8739121086132078,4.934609544909332,9.860640327852352,18.275744416050202,0.1985420157853909,0.27047589764825347
235.904,40.163,-19.1,236.065,40.095,-20.3,236.062,40.236,-19.4,0,-1.583022553896233,2.5569992256885556,-18.61997817171374,17.027305900749262,0.07581297645264985,0.14055026728559594
236.227,40.028,-21.5,236.38400000000001,40.158,-21.5,236.224,40.169,-20.6,0,0.4018691536360982,1.4833653068833472,-18.69545777598438,17.170518704175816,-0.027524678076493673,0.07998007966439798
236.184,40.566,-16.5,236.086,40.389,-18.2,236.28,40.451,-18.7,0,-2.040184463394168,3.435457467354228,-20.31000071533549,12.297693777843762,0.09457260654180767,0.2692114683150542
234.777,48.4,-16.5,234.96800000000002,48.394,-18.8,234.828,48.531,-18.7,0,0.7295659238116247,18.990573588667015,6.520313511927797,34.01743008592846,0.11041372424313306,0.5577173757810427
233.829,49.287,-21.5,233.623,49.404,-21.5,233.638,49.289,-19.0,0,4.442625324751693,11.881397316459122,16.1574353790927,33.984784332269975,0.2745420032385863,0.34853114162492155
236.424,41.274,-21.5,236.37099999999998,41.448,-21.5,236.293,41.326,-18.8,0,1.071734452801496,3.5371631267023633,6.567597820674706,18.646301422222365,0.17359394241394124,0.18992254232204106
235.805,47.022,-18.9,235.64600000000002,46.902,-16.5,235.858,46.841,-18.9,0,-0.9128674201892609,14.406577570616083,-4.978414495020964,29.57377752897544,0.16334342181299216,0.4871668865198306
235.043,48.579,-21.5,234.853,48.705,-21.5,234.828,48.531,-18.7,0,1.4452003036696035,13.572773685227714,14.009713150262336,31.91049655017828,0.10257221633710874,0.42475407811989985
232.701,49.817,-16.5,232.885,49.684,-16.5,232.88,49.801,-18.9,0,4.426852902566438,15.509655343100418,12.105243193715733,37.30512354634293,0.36463380264721623,0.4140278086830059
236.065,40.095,-20.3,236.227,40.028,-21.5,236.224,40.169,-20.6,0,-0.07162455470441392,1.511256155299555,-19.195059228468978,16.7973801848392,-0.0030409063333629183,0.0820018478976963
236.70999999999998,40.616,-21.5,236.709,40.794,-21.5,236.531,40.705,-19.2,0,-0.05908421951633021,3.061046179664424,0.11672987692864467,22.61714592983145,0.0024451746574873944,0.13497737540845633
236.38400000000001,40.158,-21.5,236.316,40.319,-20.0,236.224,40.169,-20.6,0,0.26109434267025583,1.9797421967217483,-19.506298813340322,15.49003718373448,-0.01878809885457064,0.12075885055835743
235.49200000000002,47.243,-16.5,235.72199999999998,47.203,-18.8,235.62099999999998,47.373,-18.8,0,0.016984217965722293,18.501785464801284,2.6187640086463837,30.72055021997592,0.06838162027134859,0.60336783985177
236.531,40.705,-19.2,236.406,40.536,-18.8,236.574,40.557,-20.3,0,-0.24474799369128195,4.007287580584062,-9.685295825828746,20.946551331941862,0.015073380400393506,0.18925894025890785
235.289,48.266,-21.5,235.192,48.431,-21.5,235.091,48.264,-19.1,0,-0.031537965860995255,16.57332847566238,-1.0595191186780468,33.99041440352679,0.03723347253543303,0.4870914957171097
235.578,47.074,-16.5,235.64600000000002,46.902,-16.5,235.805,47.022,-18.9,0,-0.46769666001344223,16.812906059733532,-2.3752203311940825,30.11776773533081,0.14664674656572552,0.5585226260189409
236.52800000000002,41.115,-21.5,236.424,41.274,-21.5,236.37900000000002,41.162,-18.9,0,1.4744355626955137,3.17908751209526,11.60822749832515,16.924611123224793,0.13170746956563523,0.18843604621638962
235.49200000000002,47.243,-16.5,235.578,47.074,-16.5,235.72199999999998,47.203,-18.8,0,-0.09864286429115711,18.801939882363584,0.49167687136005256,30.616451520543215,0.09654206990115072,0.6149311666578668
235.93200000000002,46.149,-19.2,235.75900000000001,46.013,-16.5,235.93200000000002,45.97,-19.3,0,-4.262165907199273,9.446569079173326,-13.68886924771887,24.592160131466343,0.30527268462560636,0.3807848103424151
235.757,46.192,-16.5,235.75900000000001,46.013,-16.5,235.93200000000002,46.149,-19.2,0,-4.13081085442632,10.877442941282736,-12.666879315544811,25.350136230966903,0.319264587411963,0.42572245525337904
234.989,48.071,-16.5,235.09,47.906,-16.5,235.23399999999998,48.006,-19.0,0,-0.00980107985987734,23.08451139416285,-0.9782165035967285,33.483276107352424,0.015687818381292563,0.6890145217008578
234.625,48.547,-16.5,234.828,48.531,-18.7,234.648,48.684,-19.0,0,1.8346600396950674,17.305359228654638,11.924568723472976,33.05142480535284,0.15304501571174073,0.5229547723280704
233.058,49.79,-21.5,232.88400000000001,49.928,-21.5,232.88,49.801,-18.9,0,3.198917828030647,12.675199620240276,10.751899895161728,37.70544219847378,0.29648186573628915,0.33466001166422044
235.75900000000001,46.013,-16.5,235.764,45.835,-16.5,235.93200000000002,45.97,-19.3,0,-4.324790116383484,10.962705662944037,-12.24750555241296,25.175793929551183,0.3455133223911955,0.4320257027087254
236.086,40.389,-18.2,236.316,40.319,-20.0,236.28,40.451,-18.7,0,-1.0663491907430929,3.1896457085761925,-19.601232397183225,14.02631541015431,0.04817584276099284,0.2187742786877219
235.31900000000002,47.843,-18.8,235.495,47.938,-21.5,235.23399999999998,48.006,-19.0,0,0.008028566023563158,20.0993246521083,-0.2489207758027483,33.137099071376,-0.01391753219681953,0.6060527794034094
235.64600000000002,46.902,-16.5,235.697,46.726,-16.5,235.858,46.841,-18.9,0,-1.098033854352993,14.86647565826824,-5.191747739703146,29.357891491401745,0.19243404498870206,0.5058165146508883
236.059,46.765,-21.5,236.035,46.942,-21.5,235.858,46.841,-18.9,0,-1.4632496640975494,9.243580446069078,-8.924656620265836,28.321882875046768,0.15592902684372634,0.3262520607456094
235.697,46.726,-16.5,235.739,46.55,-16.5,235.902,46.661,-19.1,0,-1.6044866381412999,13.205640911698712,-6.586889601777628,28.70277057487194,0.22998204845994377,0.4585688943662239
235.975,40.484,-16.5,235.93099999999998,40.322,-18.1,236.086,40.389,-18.2,0,-3.5666596039214147,3.7606671579980273,-20.561697845333526,12.618850511990559,0.1662994751469564,0.2854533398197917
235.753,46.371,-16.5,235.757,46.192,-16.5,235.928,46.323,-19.2,0,-3.6823192285432147,11.040219690185568,-12.382907750543666,25.903022525864714,0.29082599204881165,0.42315862088061423
236.539,40.291,-21.5,236.656,40.444,-21.5,236.44,40.41,-20.1,0,0.35742812343707975,2.495407725600775,-14.323641047890703,19.3759477482444,-0.03061785920429145,0.12603807135929246
235.39600000000002,47.41,-16.5,235.62099999999998,47.373,-18.8,235.51600000000002,47.54,-18.8,0,-0.08373665274247298,20.11540279328653,3.4195864829020337,31.075116473566077,0.026276590297064858,0.6484385379913045
235.39600000000002,47.41,-16.5,235.49200000000002,47.243,-16.5,235.62099999999998,47.373,-18.8,0,-0.06210721515613348,20.52567028447803,2.0704966613613998,30.98538591667848,0.049534046904945346,0.6634240362594066
236.062,40.236,-19.4,236.065,40.095,-20.3,236.224,40.169,-20.6,0,-0.7203646535442753,2.2677618093042238,-18.8155581018913,16.744693108655937,0.03044160036409738,0.12681559944702367
235.739,46.55,-16.5,235.753,46.371,-16.5,235.92000000000002,46.483,-19.1,0,-2.938770160632823,11.677523115543757,-10.920984674683055,26.9347584906266,0.26185013668888046,0.431107336763964
235.904,40.163,-19.1,236.062,40.236,-19.4,235.93099999999998,40.322,-18.1,0,-2.4739668736944282,3.3825712580683662,-18.640865139530177,16.491315662106416,0.12294549520000338,0.19486690330623524
236.44,40.41,-20.1,236.656,40.444,-21.5,236.574,40.557,-20.3,0,0.17504927790529143,2.8356051319172884,-13.61394739647423,19.354927769391026,-0.018799102011458117,0.1439300177004171
233.65699999999998,49.175,-16.5,233.856,49.052,-16.5,233.837,49.169,-18.9,0,4.7950807536515265,15.601074123227862,14.671443825339367,34.226840245887104,0.3261981394169571,0.45469465417389077
235.928,46.323,-19.2,235.757,46.192,-16.5,235.93200000000002,46.149,-19.2,0,-3.5286389003975067,9.76489512472778,-12.254845663988753,25.743140743549162,0.2815285031477606,0.3762472993719203
235.29500000000002,47.575,-16.5,235.39600000000002,47.41,-16.5,235.51600000000002,47.54,-18.8,0,-0.13344796940944678,21.781907005507865,2.9434365187962825,31.34373867063676,0.01344363451919506,0.6958443070973044
235.29500000000002,47.575,-16.5,235.51600000000002,47.54,-18.8,235.409,47.703,-18.8,0,0.0005409660065290009,21.970788154206485,0.1042613112394406,32.511301158666974,-0.0017177589306629066,0.6753394126209555
235.858,46.841,-18.9,235.697,46.726,-16.5,235.902,46.661,-19.1,0,-1.8131947385070057,12.36653869071059,-8.570815992039478,28.324553736087694,0.2020444364452391,0.4356469288694439
232.701,49.817,-16.5,232.88400000000001,49.928,-21.5,232.703,49.954,-19.1,0,3.0560935761243693,14.287726420983406,9.327181001967926,38.31319553533419,0.32618075155244053,0.3712238200504372
235.93099999999998,40.322,-18.1,236.062,40.236,-19.4,236.086,40.389,-18.2,0,-2.5917437026497465,3.1524231100638618,-20.767902315293355,12.988740106205483,0.11791838650255253,0.2301476423526414
235.902,46.661,-19.1,235.739,46.55,-16.5,235.92000000000002,46.483,-19.1,0,-2.4408811367864858,10.911471049195168,-10.192907562431103,27.40041148468395,0.23197097815573317,0.39632993460567706
235.19299999999998,47.741,-16.5,235.29500000000002,47.575,-16.5,235.409,47.703,-18.8,0,0.0061799952980137966,23.268666878560033,-0.9644255402389224,32.71801381308154,-0.0050715466595295825,0.7107762383298539
234.037,49.172,-21.5,233.829,49.287,-21.5,233.837,49.169,-18.9,0,4.2266027354947715,11.875795159100702,16.540197259417955,33.29918131016596,0.2551391675942708,0.35564551289280655
235.19299999999998,47.741,-16.5,235.409,47.703,-18.8,235.31900000000002,47.843,-18.8,0,0.004309347400161003,22.498708793143315,-0.1837483440988752,32.89714155161945,-0.010821347833113532,0.6834693731308461
235.192,48.431,-21.5,234.96800000000002,48.394,-18.8,235.091,48.264,-19.1,0,0.13708118937518943,17.437839240054988,2.199798331991131,34.07984605628956,0.05843109407312802,0.5111678204849336
236.326,41.049,-16.5,236.372,40.874,-16.5,236.486,40.989,-18.9,0,0.7468063252009395,5.259455963443631,6.22515542560275,20.51158374511428,0.13514334657934798,0.256530847984904
236.059,46.765,-21.5,235.858,46.841,-18.9,235.902,46.661,-19.1,0,-1.5664581695456359,9.883662664260042,-8.26411423021031,28.363690649670573,0.18032089310906416,0.3477746396576006
235.92000000000002,46.483,-19.1,235.753,46.371,-16.5,235.928,46.323,-19.2,0,-3.321193806492876,9.927941129518558,-12.601507203336986,25.96848641478192,0.2576697937825716,0.37964262143054067
234.777,48.4,-16.5,234.888,48.237,-16.5,234.96800000000002,48.394,-18.8,0,0.0771783802006848,20.91166321543296,0.6934616838882697,34.34653180464069,0.0973627134816951,0.6083581571782796
235.09,47.906,-16.5,235.19299999999998,47.741,-16.5,235.31900000000002,47.843,-18.8,0,0.005786910915189272,23.480951922807805,-0.7167089151375876,33.10707667809282,-0.0037262666062201654,0.7088336706587521
236.07299999999998,46.588,-21.5,236.059,46.765,-21.5,235.902,46.661,-19.1,0,-1.9445562895191972,7.943551726690925,-10.459226747254512,27.391994659786555,0.17965913752139298,0.2889554433510752
235.388,48.101,-21.5,235.289,48.266,-21.5,235.18099999999998,48.142,-19.3,0,-0.00045219550443099813,17.714800795146335,-0.766300957466985,33.644094356238554,0.009589604324218473,0.5260309218426649
236.316,40.319,-20.0,236.539,40.291,-21.5,236.44,40.41,-20.1,0,0.29809610566770306,2.438967669592783,-17.984405374293317,16.329311806663945,-0.021735669776298917,0.14436207471985824
235.18099999999998,48.142,-19.3,234.989,48.071,-16.5,235.23399999999998,48.006,-19.0,0,-0.027574583878290922,21.611454771357756,-1.8007337315707161,33.5499584743612,0.01902141608501916,0.6437025626237257
236.37099999999998,41.448,-21.5,236.16899999999998,41.387,-16.5,236.293,41.326,-18.8,0,1.5680306499488603,4.0804172975061395,7.509773824405073,18.064900999865017,0.21907374396681636,0.22617667205868489
234.244,49.056,-21.5,234.055,48.93,-16.5,234.255,48.932,-19.1,0,3.625577979398307,14.369630820930366,14.69778157181769,33.342211301449936,0.24609192866066923,0.43007565883487797
236.709,40.794,-21.5,236.656,40.966,-21.5,236.54399999999998,40.834,-19.2,0,0.11858201391613615,2.864458072922211,6.422937887791363,20.92456773079175,0.02603981492246262,0.13708558545444516
236.082,46.41,-21.5,236.07299999999998,46.588,-21.5,235.92000000000002,46.483,-19.1,0,-2.273814512099957,7.130929984084751,-11.221033310526458,26.691818445445556,0.19704767490771743,0.26535662615565464
236.656,40.966,-21.5,236.52800000000002,41.115,-21.5,236.486,40.989,-18.9,0,0.9275077614211487,2.5320420711377247,13.866624522846088,15.991298191946242,0.06972251639672801,0.15930842722039368
236.07299999999998,46.588,-21.5,235.902,46.661,-19.1,235.92000000000002,46.483,-19.1,0,-2.0997231307402604,8.640171346315938,-9.974718946060712,27.41058031434055,0.20352289067471582,0.31363060659640596
234.648,48.684,-19.0,234.652,48.823,-21.5,234.45499999999998,48.811,-19.1,0,2.4929364019836475,14.019536578840636,14.702399079680358,32.37973161836152,0.16896991616679927,0.43226452901627854
234.853,48.705,-21.5,234.652,48.823,-21.5,234.648,48.684,-19.0,0,2.1844154553708353,12.859441797516062,15.745650836838422,31.65187724018574,0.13821658928480207,0.40562312932661354
236.326,41.049,-16.5,236.52800000000002,41.115,-21.5,236.37900000000002,41.162,-18.9,0,1.438293404699175,4.0398544007311665,10.46668507768726,18.059843845643314,0.14392790589293356,0.22424859854734694
236.078,46.232,-21.5,236.082,46.41,-21.5,235.928,46.323,-19.2,0,-2.8264976646158693,6.5511630141380435,-13.102522174218436,25.3967621811018,0.21106592009424818,0.2555860219420892
233.65699999999998,49.175,-16.5,233.829,49.287,-21.5,233.638,49.289,-19.0,0,5.010235934223029,13.469635040598625,16.41904991372224,33.73587441310356,0.30469137794489076,0.39812732484277535
233.058,49.79,-21.5,232.885,49.684,-16.5,233.062,49.668,-18.9,0,4.177758384880773,13.969101896479314,12.504376717552717,36.942777054330804,0.3332079206855897,0.3765917453493785
236.406,40.536,-18.8,236.44,40.41,-20.1,236.574,40.557,-20.3,0,-0.12178390693601035,3.4987990547632726,-13.888501404627817,19.04062213118418,0.001583036891157229,0.18054148254023708
234.446,48.681,-16.5,234.648,48.684,-19.0,234.45499999999998,48.811,-19.1,0,2.8318958578463875,16.115200314993057,14.48466054338931,32.55396224541654,0.1948640724205594,0.49429144434644007
233.238,49.656,-21.5,233.07299999999998,49.553,-16.5,233.247,49.54,-18.9,0,4.596785646055086,13.775227483508854,13.785909072544005,36.14800584201626,0.33271306009359747,0.3796704612636663
232.88400000000001,49.928,-21.5,232.701,49.817,-16.5,232.88,49.801,-18.9,0,3.7644460571720426,14.14877016521151,11.368341005733193,37.6186214531261,0.33006919381244504,0.37443655526289005
233.45999999999998,49.299,-16.5,233.623,49.404,-21.5,233.44299999999998,49.413,-19.1,0,5.0105774739783,13.514033101301044,15.636898467717305,34.65893632753344,0.31990988416333715,0.3886860566263964
234.446,48.681,-16.5,234.625,48.547,-16.5,234.648,48.684,-19.0,0,2.2087060371060714,17.872525024232587,11.819560867151353,33.30368863906776,0.18601599542803052,0.5359762809070299
234.625,48.547,-16.5,234.777,48.4,-16.5,234.828,48.531,-18.7,0,1.083612760825483,19.357071556922318,7.625279585594799,33.96488402029881,0.14078008663995814,0.5693441663219324
236.52800000000002,41.115,-21.5,236.326,41.049,-16.5,236.486,40.989,-18.9,0,1.4277195510017002,3.679493749630717,12.346745046781542,17.143114095427563,0.12049171413850679,0.2154854821095544
233.856,49.052,-16.5,234.037,49.172,-21.5,233.837,49.169,-18.9,0,4.605968302319762,13.709266914452973,16.203900248408573,33.29472965025517,0.28377877471833796,0.4107099540968814
233.424,49.525,-21.5,233.26600000000002,49.426,-16.5,233.44299999999998,49.413,-19.1,0,4.3544365936840785,13.888585960253375,13.280928472641266,36.00298120542218,0.3271178442416899,0.38448671620508024
233.26600000000002,49.426,-16.5,233.424,49.525,-21.5,233.247,49.54,-18.9,0,4.2252615233470685,13.959205979708079,12.774596780333935,36.32594361490261,0.3299313145784712,0.3829659142177639
234.252,48.806,-16.5,234.446,48.681,-16.5,234.45499999999998,48.811,-19.1,0,3.235850332002962,16.909366932077,14.099340168345897,32.941634971009165,0.2288173651458094,0.5125196543128923
236.064,46.055,-21.5,235.93200000000002,46.149,-19.2,235.93200000000002,45.97,-19.3,0,-3.524241722725034,7.443438325331437,-13.444697147640575,24.700276474413556,0.2568338125309451,0.2983875743813827
236.064,46.055,-21.5,236.078,46.232,-21.5,235.93200000000002,46.149,-19.2,0,-3.349165095675741,6.348655350408448,-14.4787142023902,24.24524124652096,0.22695420619256867,0.2591148898613737
234.055,48.93,-16.5,234.252,48.806,-16.5,234.255,48.932,-19.1,0,3.8646522631658096,16.39313817481186,14.433957695118384,33.29283558656374,0.26709331423147953,0.4914889379533544
234.252,48.806,-16.5,234.45499999999998,48.811,-19.1,234.255,48.932,-19.1,0,3.533966515845954,15.55133105581927,15.087020031370283,32.76576820241423,0.23363996315101732,0.47377909414073693
234.45499999999998,48.811,-19.1,234.44799999999998,48.939,-21.5,234.255,48.932,-19.1,0,3.110108935160565,13.586935798713897,15.242255031770327,32.647529154557105,0.20350064971374743,0.4153727758381822
234.652,48.823,-21.5,234.44799999999998,48.939,-21.5,234.45499999999998,48.811,-19.1,0,2.7976978417616136,12.551898349570477,16.179775600370412,31.950427983465552,0.17242821395547656,0.39212167753548904
233.07299999999998,49.553,-16.5,233.238,49.656,-21.5,233.062,49.668,-18.9,0,4.064284649414984,14.01089102667987,12.152538976447737,36.860325082118734,0.3335044351259655,0.3786728176149428
236.656,40.444,-21.5,236.70999999999998,40.616,-21.5,236.574,40.557,-20.3,0,0.06655267183342632,2.7804746982412136,-6.969377521723089,22.3081473874486,-0.01898365945405818,0.12353933651161794
234.44799999999998,48.939,-21.5,234.244,49.056,-21.5,234.255,48.932,-19.1,0,3.271499668398157,12.31590727396577,16.058606517634367,32.51567946227124,0.2032581337418273,0.3779526822163279
236.053,45.877,-21.5,236.064,46.055,-21.5,235.93200000000002,45.97,-19.3,0,-3.5079202550596547,6.576802105617109,-14.054321938655917,24.106684276085737,0.2447586544855758,0.2699713886124414
236.424,41.274,-21.5,236.245,41.217,-16.5,236.37900000000002,41.162,-18.9,0,1.9384035356012408,4.010861968779755,10.95602367851783,17.23477611631907,0.18320145715083785,0.2332683695659713
236.082,46.41,-21.5,235.92000000000002,46.483,-19.1,235.928,46.323,-19.2,0,-2.818710969349465,7.744518518316524,-12.43109718306551,25.968225164904048,0.2214589471312632,0.2959277499041441
236.531,40.705,-19.2,236.709,40.794,-21.5,236.54399999999998,40.834,-19.2,0,-0.12107914219259336,3.602146097166478,-2.037858927612689,22.18884491874013,0.024882760498077982,0.1617282523387412
233.623,49.404,-21.5,233.45999999999998,49.299,-16.5,233.638,49.289,-19.0,0,4.455513740080031,13.836884571814315,14.069458463878838,35.178900916373344,0.3160356872249474,0.3921509389145591
236.406,40.536,-18.8,236.184,40.566,-16.5,236.28,40.451,-18.7,0,-1.272518870287799,3.8968014283390127,-18.055643286429472,15.051067791358278,0.06377773393961403,0.25235064127212764
232.885,49.684,-16.5,233.058,49.79,-21.5,232.88,49.801,-18.9,0,3.86365637286592,14.112003156947603,11.579040685936071,37.377436541606244,0.33264208838605747,0.37597822043399065
236.078,46.232,-21.5,235.928,46.323,-19.2,235.93200000000002,46.149,-19.2,0,-2.938346378667529,7.59750655483539,-12.046919904573812,25.78090421086592,0.23828007950405158,0.29200786691055636
233.829,49.287,-21.5,233.65699999999998,49.175,-16.5,233.837,49.169,-18.9,0,4.46352147281253,13.829530340025894,14.918085134021442,34.282000460123385,0.29864570506264926,0.4023127320594718
236.245,41.217,-16.5,236.424,41.274,-21.5,236.293,41.326,-18.8,0,1.6397993570105573,4.286641899893743,8.589434007935893,18.284989726402898,0.19977661082563805,0.23475445698368752
236.70999999999998,40.616,-21.5,236.531,40.705,-19.2,236.574,40.557,-20.3,0,-0.06266775307687757,3.2350033318577016,-8.42823529385845,21.35656746215153,-0.0013004477015530452,0.15006933478742307
235.09,47.906,-16.5,235.31900000000002,47.843,-18.8,235.23399999999998,48.006,-19.0,0,0.0059991607011578634,22.39669967321877,-0.6271370542760142,33.25705457932846,-0.0024698105039543776,0.6729993139502964
235.388,48.101,-21.5,235.18099999999998,48.142,-19.3,235.23399999999998,48.006,-19.0,0,0.001157097251710537,19.39061850539016,-1.545984422677165,33.46448353052989,0.003415042783544475,0.5789429914445877
236.486,40.989,-18.9,236.372,40.874,-16.5,236.54399999999998,40.834,-19.2,0,0.44809948859960075,4.672320344319561,5.983273571170685,20.94105759118392,0.0890106443470999,0.22324718229404883
236.656,40.966,-21.5,236.486,40.989,-18.9,236.54399999999998,40.834,-19.2,0,0.2523262911999571,3.540671791525913,5.506568029359542,20.879087671099313,0.05704743464821165,0.1696862149373873
234.96800000000002,48.394,-18.8,234.888,48.237,-16.5,235.091,48.264,-19.1,0,0.17216467891080767,20.228253537263438,2.3125824335937146,34.087469815204635,0.07063117145007003,0.5929312496808046
235.18099999999998,48.142,-19.3,235.289,48.266,-21.5,235.091,48.264,-19.1,0,-0.01552878884767498,18.44659063170077,-0.8321147805496221,33.82655621070684,0.02787729016823729,0.544832392055081
236.406,40.536,-18.8,236.28,40.451,-18.7,236.44,40.41,-20.1,0,-0.44831762342401515,3.2012665338876447,-18.18410818780697,15.203412532001536,0.01894817664399496,0.20469955407831264
236.28,40.451,-18.7,236.316,40.319,-20.0,236.44,40.41,-20.1,0,-0.28428457817099134,3.1494142047815292,-17.755377814152496,16.236313505361245,0.009661155371679933,0.18812515544898556
232.541,50.085,-19.0,232.72199999999998,50.072,-21.5,232.56,50.217,-21.5,0,2.4177738413974876,12.742307597611896,8.528360088767357,38.89738506335104,0.282051984843955,0.32587135935024325
236.161,42.502,-21.5,235.869,42.617,-16.5,235.89600000000002,42.439,-16.5,0,0.1958773395477124,3.846705646782919,4.327531133936276,13.321697369513998,0.06507086271744238,0.2960934533263383
236.137,42.679,-21.5,235.845,42.795,-16.5,235.869,42.617,-16.5,0,0.10519823087261478,3.7704087496677112,4.079278939799877,12.507779955099863,0.04547494173293777,0.310004484894478
236.161,42.502,-21.5,236.137,42.679,-21.5,235.869,42.617,-16.5,0,0.06925847152675474,3.152075181731512,3.7926960022676326,13.026198076209084,0.03640007474017856,0.24904111132303317
236.11599999999999,42.856,-21.5,235.825,42.973,-16.5,235.845,42.795,-16.5,0,0.07999146662680495,3.551192191539534,3.782359057641628,11.71298022468497,0.04011402423850884,0.31235147092745735
236.11599999999999,42.856,-21.5,235.845,42.795,-16.5,236.137,42.679,-21.5,0,0.026922121359022916,3.0178987469410488,3.554368628166941,12.20645108119416,0.025170475603504376,0.25525127350234517
236.098,43.033,-21.5,235.825,42.973,-16.5,236.11599999999999,42.856,-21.5,0,0.031191081287152488,2.7589702873886295,3.331844923317618,11.385247421845719,0.025583978692968204,0.2506336615769747
236.341,43.524,-26.5,236.067,43.388,-21.5,236.35,43.345,-26.5,0,-0.1501074333837947,1.620655220938331,-9.59206263578681,23.027261098106116,0.015480322588066675,0.0699918980547654
236.325,43.881,-26.5,236.046,43.922,-21.5,236.05,43.744,-21.5,0,-0.7001731784696202,1.8682095240044994,-10.19744518459489,22.409566078602722,0.06828865869118618,0.0827583021430252
236.36700000000002,43.167,-26.5,236.098,43.033,-21.5,236.38400000000001,42.989,-26.5,0,-0.02081925596641774,0.9650851080413664,2.287427221453413,10.941787055220658,-0.0015449966743596797,0.09266582817969676
236.36700000000002,43.167,-26.5,236.082,43.211,-21.5,236.098,43.033,-21.5,0,0.0004837383036716358,1.3355216978926663,2.5397251389702546,10.564381792631593,0.009616623156369547,0.13196614992290454
236.32,44.06,-26.5,236.046,43.922,-21.5,236.325,43.881,-26.5,0,-0.5439669306023228,1.1546284162154257,-10.102002615823416,22.39062826700294,0.05356121625432956,0.05106496774831456
234.853,48.705,-21.5,235.043,48.579,-21.5,235.102,48.817,-26.5,0,1.1177860024346453,9.949276332083357,14.288796414883976,32.08387783859851,0.07776330270438173,0.30960597490285885
236.38400000000001,42.989,-26.5,236.098,43.033,-21.5,236.11599999999999,42.856,-21.5,0,-0.022860005105068144,1.5733373776613258,2.6911547868437538,11.411997597813695,0.002693813511630481,0.14380352119907505
236.35,43.345,-26.5,236.082,43.211,-21.5,236.36700000000002,43.167,-26.5,0,-0.05137476981102993,1.9370782179793733,-8.550837205828351,23.582489055062865,0.005920662697443025,0.08179308470809521
236.38400000000001,42.989,-26.5,236.11599999999999,42.856,-21.5,236.399,42.81,-26.5,0,-0.03312853188482416,1.1504108288722223,2.177260477771995,11.850775216382914,-0.005452035153952192,0.10159848963039327
236.32,44.06,-26.5,236.047,44.099,-21.5,236.046,43.922,-21.5,0,-0.9584308306330774,1.8518783682392872,-10.8137931719602,21.98086697306335,0.08826584695739766,0.08359346674909653
235.102,48.817,-26.5,235.043,48.579,-21.5,235.288,48.688,-26.5,0,0.7220910519378756,7.8708419469586115,13.796237391479039,32.171143326075274,0.051949391643876894,0.24425529072232421
236.35,43.345,-26.5,236.067,43.388,-21.5,236.082,43.211,-21.5,0,-0.18441434518404465,2.765741506450779,-8.778048067196686,23.42497678378036,0.020831485615498337,0.11760468582472966
236.399,42.81,-26.5,236.11599999999999,42.856,-21.5,236.137,42.679,-21.5,0,-0.03014343756715842,1.7734776766383178,2.920110141388193,12.24806518238978,0.0018959476710828497,0.1504795528282692
236.314,44.596,-26.5,236.038,44.633,-21.5,236.04399999999998,44.455,-21.5,0,-1.5589000877047074,2.829699977114784,-9.964601806672242,21.97274192738073,0.1561401214127241,0.128093686527134
236.32,44.06,-26.5,236.317,44.239,-26.5,236.047,44.099,-21.5,0,-0.7237107064209167,1.2389863200958122,-10.349828889240456,22.14675304168673,0.06964974139583743,0.055411321842502935
236.308,44.775,-26.5,236.038,44.633,-21.5,236.314,44.596,-26.5,0,-1.2176786790432281,2.0620053420575815,-9.994007919436726,21.893885665819873,0.12161748858192578,0.09364689207010647
236.308,44.775,-26.5,236.034,44.811,-21.5,236.038,44.633,-21.5,0,-1.818919850229094,3.2686999002224417,-10.208981304696827,21.72020931180554,0.17788348694111164,0.14982467687658516
236.399,42.81,-26.5,236.137,42.679,-21.5,236.416,42.632,-26.5,0,-0.035643097509415515,1.2930862091000745,2.3350797385075737,12.71069496808434,-0.004319840817378605,0.10584448314229943
236.30200000000002,45.132,-26.5,236.304,45.311,-26.5,236.03199999999998,45.166,-21.5,0,-1.9168931402558287,2.9829857509343207,-12.432253251416704,23.07457528417602,0.15044109788820856,0.12756844703453327
236.304,45.311,-26.5,236.035,45.344,-21.5,236.03199999999998,45.166,-21.5,0,-2.7084136022588328,4.450043177777636,-12.736469079181376,23.158613984557626,0.20774338392082015,0.1899405462426356
236.314,44.596,-26.5,236.04399999999998,44.455,-21.5,236.314,44.418,-26.5,0,-1.1235080991742545,1.7140503587989155,-10.713370826393195,21.692601399907048,0.10463474147901775,0.07846014631878784
236.317,44.239,-26.5,236.048,44.277,-21.5,236.047,44.099,-21.5,0,-1.1906862451229894,2.0278381056543062,-10.812235769906422,21.850545954907773,0.10977597698134972,0.0921184628118412
233.279,49.895,-26.5,233.238,49.656,-21.5,233.452,49.755,-26.5,0,2.100018930918342,8.147154372227075,10.78669788697577,37.073432186648326,0.19405434058770984,0.2188068081001095
236.30200000000002,45.132,-26.5,236.03199999999998,45.166,-21.5,236.03199999999998,44.988,-21.5,0,-2.591802668783928,4.234890442840203,-12.352895320101709,22.956050591659213,0.20475341569065025,0.18219232754700962
233.058,49.79,-21.5,233.238,49.656,-21.5,233.279,49.895,-26.5,0,2.8738169341666975,9.846073080025254,12.093784059820681,36.76205496535913,0.23698199705873335,0.26665775959813404
236.3,44.954,-26.5,236.30200000000002,45.132,-26.5,236.03199999999998,44.988,-21.5,0,-1.8729053260341602,2.7800067774946027,-12.431609391973758,22.662646382062164,0.146947211676707,0.12085924202077586
236.753,41.059,-26.5,236.656,40.966,-21.5,236.841,40.894,-26.5,0,0.06415957090959064,1.3040161888335724,9.641377552938692,19.933280799680176,0.00867550899567896,0.06569882589134392
236.3,44.954,-26.5,236.034,44.811,-21.5,236.308,44.775,-26.5,0,-1.3388073620235894,2.3979890317750456,-9.756839931699496,21.86954381650103,0.1370008668498273,0.10914387501955965
236.314,44.418,-26.5,236.04399999999998,44.455,-21.5,236.048,44.277,-21.5,0,-1.3606774340625247,2.39235695782352,-10.205273939477408,22.009969460422937,0.1330014947308818,0.10799851083942484
236.314,44.418,-26.5,236.048,44.277,-21.5,236.317,44.239,-26.5,0,-0.9031642208153676,1.4452637990201165,-10.35166135490558,22.01542853206982,0.08699139261866638,0.06509778942485922
236.3,44.954,-26.5,236.03199999999998,44.988,-21.5,236.034,44.811,-21.5,0,-2.0428822851984627,3.6480754203064767,-10.44792201498268,21.47437022521698,0.19525157378261415,0.1692556115332555
236.416,42.632,-26.5,236.137,42.679,-21.5,236.161,42.502,-21.5,0,-0.013421604262083674,1.8868170580825963,3.1671284053398097,13.081225710808269,0.008675015334050854,0.1491554168237226
236.304,45.311,-26.5,236.3,45.49,-26.5,236.035,45.344,-21.5,0,-1.8014035126390822,3.1982093897380284,-11.652742755357004,23.90513595334452,0.1506854630267201,0.13217973460943344
232.836,50.349,-26.5,232.69799999999998,50.283,-24.0,232.786,50.19,-24.0,0,1.0404488829528244,8.114443660124925,5.812754167141712,39.1972198330712,0.17742226496240365,0.20582396858571195
236.416,42.632,-26.5,236.161,42.502,-21.5,236.434,42.454,-26.5,0,-0.023076844109888726,1.3560911796671522,2.42477096826525,13.58580958081825,0.0029894161187519804,0.10318337231330219
236.3,45.49,-26.5,236.043,45.522,-21.5,236.035,45.344,-21.5,0,-2.8090378908357163,4.538727641563978,-13.386333253586884,23.230832952734943,0.2053211077942059,0.19317605033940835
234.897,48.935,-26.5,234.853,48.705,-21.5,235.102,48.817,-26.5,0,1.1891013099845218,7.409759470500763,16.417981527654966,31.346778802901362,0.0721012390560814,0.235943006615065
234.652,48.823,-21.5,234.853,48.705,-21.5,234.897,48.935,-26.5,0,1.6847709236114576,9.612111830882542,15.991871700735423,31.726057548805464,0.10493945585859661,0.30241948270618757
236.434,42.454,-26.5,236.161,42.502,-21.5,236.185,42.325,-21.5,0,0.03041767927378626,1.9040207299846819,3.2083956192090852,13.96824912830482,0.023758548516647656,0.1401891385384323
233.452,49.755,-26.5,233.424,49.525,-21.5,233.635,49.621,-26.5,0,2.4260613352101448,8.066862844217068,12.524139035222797,36.15441027465756,0.19324485210835987,0.22225042721107618
236.325,46.204,-26.5,236.064,46.055,-21.5,236.30700000000002,46.026,-26.5,0,-1.9351119122291547,2.950404730424287,-14.588893223432983,23.996222622174106,0.13018179659432627,0.12131881995443584
236.078,46.232,-21.5,236.064,46.055,-21.5,236.325,46.204,-26.5,0,-2.4094446599330874,4.162800928181732,-14.229779444105795,24.444909897975506,0.1660580924372093,0.16825797171721865
233.238,49.656,-21.5,233.424,49.525,-21.5,233.452,49.755,-26.5,0,3.0923196179353196,9.787098734318938,13.027350552063881,36.09901755015146,0.2368226434369041,0.27004596079761156
236.434,42.454,-26.5,236.185,42.325,-21.5,236.451,42.276,-26.5,0,0.004932320833118031,1.3338099929809906,2.3652978588122267,14.48986774323626,0.017022411568970497,0.09456554875670044
236.204,47.056,-23.8,236.368,47.259,-26.5,236.138,47.235,-23.7,0,-0.2738681305646656,5.744465037370682,-3.157065747810673,30.018999202536122,0.06495166333218963,0.19244373906099718
236.841,40.894,-26.5,236.656,40.966,-21.5,236.709,40.794,-21.5,0,0.008010576467325402,1.8358585434407717,6.067174712988191,21.5650899875329,0.006005734501681523,0.08525905882904523
236.428,47.085,-26.5,236.368,47.259,-26.5,236.204,47.056,-23.8,0,-0.2075219780671063,4.175735811248219,-2.382334807536605,29.915512536499904,0.062458263003227835,0.14037506646885545
234.686,49.048,-26.5,234.652,48.823,-21.5,234.897,48.935,-26.5,0,1.6234800883032374,7.265084735643579,17.35302970491123,31.2965918118892,0.09325694170775037,0.23164787801122913
236.297,45.669,-26.5,236.043,45.522,-21.5,236.3,45.49,-26.5,0,-1.787585883481913,3.2977375305745475,-11.776705697454219,24.285801281325867,0.14812128884757675,0.13419994694299084
236.064,46.055,-21.5,236.053,45.877,-21.5,236.30700000000002,46.026,-26.5,0,-2.514310379861912,4.394720578216954,-13.815633212596026,24.286308606283136,0.17840270055530147,0.17879878936641547
236.053,45.877,-21.5,236.298,45.847,-26.5,236.30700000000002,46.026,-26.5,0,-1.8828099042678237,3.175928012590009,-13.38134079127645,24.291897578528435,0.13785847611067406,0.1290844109740422
236.451,42.276,-26.5,236.185,42.325,-21.5,236.209,42.148,-21.5,0,0.10148116276112938,1.8391086230946885,3.250781032077981,14.858467980796576,0.04664716800848815,0.12658973349964686
236.297,45.669,-26.5,236.049,45.699,-21.5,236.043,45.522,-21.5,0,-2.663860249720341,4.618503254463927,-13.140017419431643,23.821304456500684,0.19838656316937986,0.19172158033751854
234.44799999999998,48.939,-21.5,234.652,48.823,-21.5,234.686,49.048,-26.5,0,2.166965480397883,9.472197599971654,16.41009193087829,31.982887749383394,0.13166399118235042,0.2955471063450673
236.451,42.276,-26.5,236.209,42.148,-21.5,236.469,42.097,-26.5,0,0.05113433738848728,1.2450731892484757,2.456322262265161,15.371611502615792,0.037077341852273835,0.08271889117660658
236.297,45.669,-26.5,236.298,45.847,-26.5,236.049,45.699,-21.5,0,-1.8090690839640409,3.298593564181691,-12.308719924741418,24.451742706764584,0.14368329754191467,0.13328872476024994
236.053,45.877,-21.5,236.049,45.699,-21.5,236.298,45.847,-26.5,0,-2.493281131655883,4.6222186859016166,-12.873724776425057,24.397377638638623,0.1895412958254531,0.18731037162242734
234.47199999999998,49.159,-26.5,234.44799999999998,48.939,-21.5,234.686,49.048,-26.5,0,2.03134402689189,7.187440252081416,17.752430595310503,31.55244755855938,0.11415684113512113,0.227246746227108
236.648,41.22,-26.5,236.424,41.274,-21.5,236.52800000000002,41.115,-21.5,0,0.9749833755608349,2.2949575023252606,11.294275889589656,17.212006390948858,0.08996107717183349,0.13380114880599617
233.424,49.525,-21.5,233.623,49.404,-21.5,233.635,49.621,-26.5,0,3.5565482145634064,9.537487122120785,15.353754947743838,34.805971504117096,0.23126832180844858,0.273026273502264
236.24,46.855,-23.8,236.463,46.908,-26.5,236.204,47.056,-23.8,0,-0.6887126399084241,4.173062054019431,-7.077379024825369,28.748711885282276,0.09012070462651933,0.1455200953441553
236.469,42.097,-26.5,236.209,42.148,-21.5,236.24200000000002,41.972,-21.5,0,0.24747686024933443,1.7123602010401464,4.061362192086875,15.571370407962576,0.07404423334102331,0.11183077665314964
234.244,49.056,-21.5,234.44799999999998,48.939,-21.5,234.47199999999998,49.159,-26.5,0,2.55052346991721,9.36817347414128,16.277656060830918,32.549086790721304,0.15632397657317015,0.2871335515978529
233.635,49.621,-26.5,233.623,49.404,-21.5,233.839,49.501,-26.5,0,2.9495493688745418,7.6280975646878755,15.987966871651945,34.33720485650561,0.1842266352083258,0.22134830620757734
236.564,41.387,-26.5,236.424,41.274,-21.5,236.648,41.22,-26.5,0,0.7346381859784684,1.8815214214428844,9.114612933587964,17.901292793978854,0.08492550919970428,0.10537543523012735
236.463,46.908,-26.5,236.428,47.085,-26.5,236.204,47.056,-23.8,0,-0.5070906395723312,3.4989343119803373,-6.408042078007263,29.03199716364098,0.07189022138020303,0.12102749558290975
236.89499999999998,40.541,-26.5,236.70999999999998,40.616,-21.5,236.656,40.444,-21.5,0,0.13542965957025807,1.8986826628017555,-7.32506842915484,22.67125177064912,-0.02402842227481916,0.08299979037946684
233.839,49.501,-26.5,233.829,49.287,-21.5,234.043,49.381,-26.5,0,2.725729428444423,7.491900658058171,16.001648728249105,33.93441255555066,0.1700861311940745,0.22005087989913907
236.38400000000001,40.158,-21.5,236.35899999999998,39.969,-24.0,236.485,40.048,-24.5,0,0.8772649906819034,0.7770193556127556,-18.56669616360938,17.934002406081852,-0.051749615330393205,0.03886379365855491
233.623,49.404,-21.5,233.829,49.287,-21.5,233.839,49.501,-26.5,0,3.5509090277594817,9.251004901227653,16.361236317777482,33.89272920758988,0.21672439904364343,0.2720449130492565
236.89499999999998,40.541,-26.5,236.656,40.444,-21.5,236.852,40.366,-26.5,0,0.13163924479508404,1.4070803638234037,-6.1652064885394395,23.40523852088228,-0.026242784111914972,0.05963828098622044
236.469,42.097,-26.5,236.24200000000002,41.972,-21.5,236.485,41.919,-26.5,0,0.09530304142213841,1.157879144647159,2.2972543028909342,16.314589881684782,0.060136210805824354,0.07204637813608658
234.25799999999998,49.271,-26.5,234.244,49.056,-21.5,234.47199999999998,49.159,-26.5,0,2.3626755018333383,7.162731148524619,17.63222605170375,32.13068963902141,0.1337556153993802,0.22232132476984942
236.288,47.43,-26.5,236.043,47.437,-23.8,236.138,47.235,-23.7,0,-0.026411456268529147,7.138408707608888,1.8174447545453631,30.57520811611252,0.03635898913414181,0.23488355865780855
234.037,49.172,-21.5,234.244,49.056,-21.5,234.25799999999998,49.271,-26.5,0,2.964310161659141,9.196216307935872,16.578943190354725,32.88817494975523,0.17847673125957195,0.2788672729278251
234.043,49.381,-26.5,234.037,49.172,-21.5,234.25799999999998,49.271,-26.5,0,2.7449529158903645,7.180894320529757,17.914827265532534,32.47545316959037,0.1530151327176745,0.22044808560469192
233.829,49.287,-21.5,234.037,49.172,-21.5,234.043,49.381,-26.5,0,3.34819984016502,9.189568250954832,16.74521647207954,33.309948333905865,0.1996527655679109,0.27505077508684583
236.889,40.719,-26.5,236.709,40.794,-21.5,236.70999999999998,40.616,-21.5,0,-0.02880750795118009,1.8891772709056516,-0.2928752839127924,23.131432808645883,-0.011691426906743586,0.08142585635316615
232.974,50.193,-26.5,232.836,50.349,-26.5,232.786,50.19,-24.0,0,0.7342512801429036,7.182273266824011,4.61065153904927,39.24484121521543,0.15735489503465722,0.1819661269307919
236.368,47.259,-26.5,236.288,47.43,-26.5,236.138,47.235,-23.7,0,-0.041129255765745415,5.266258757404263,0.8092703031914219,30.429523166783312,0.041686720157416646,0.17421555659202015
236.485,41.919,-26.5,236.24200000000002,41.972,-21.5,236.27800000000002,41.796,-21.5,0,0.39054253511325276,1.6711970598763564,4.3893512855489405,16.423435783061564,0.10136315103432723,0.10287707195534757
236.841,40.894,-26.5,236.709,40.794,-21.5,236.889,40.719,-26.5,0,-0.06673229603533058,1.254755561113922,5.2654936367217005,22.242398787662808,-0.009325772678711803,0.05646943467481952
232.69799999999998,50.283,-24.0,232.56,50.217,-21.5,232.786,50.19,-24.0,0,1.255583039756787,10.132972946531956,5.608317693319863,39.23326601136162,0.22181671671068187,0.256840147286198
236.889,40.719,-26.5,236.70999999999998,40.616,-21.5,236.89499999999998,40.541,-26.5,0,-0.02377525434911612,1.3396680239012495,0.13828679900672114,23.53385462184832,-0.018246436762249782,0.0567539261955605
236.485,41.919,-26.5,236.27800000000002,41.796,-21.5,236.501,41.741,-26.5,0,0.1461008223184732,1.1970527086213933,2.2970749965810455,17.254687997210283,0.08308207644808954,0.07000151365347118
236.49200000000002,39.909,-26.5,236.635,40.051,-26.5,236.485,40.048,-24.5,0,0.9069521845655147,0.19807877703710886,-18.085730591714594,18.767798129416526,-0.05330635671107118,0.007985950151464421
232.56,50.217,-21.5,232.72199999999998,50.072,-21.5,232.786,50.19,-24.0,0,2.14086522263905,10.958112446134509,8.7000740090756,38.62993395002416,0.24487464603239437,0.282127035638539
236.464,46.73,-26.5,236.24,46.855,-23.8,236.251,46.667,-23.8,0,-1.0815118008201148,3.28291026647828,-10.410012220000723,27.28785488202135,0.09997789482873821,0.12007879650087694
236.464,46.73,-26.5,236.463,46.908,-26.5,236.24,46.855,-23.8,0,-0.9716010894762366,2.6078409102356988,-11.690097988918694,26.877367565688573,0.08021512822789867,0.09705027038070957
236.524,41.563,-26.5,236.37099999999998,41.448,-21.5,236.564,41.387,-26.5,0,0.43688705492201363,1.7794441713403295,4.6938490651706815,18.754463919043985,0.10283238101295307,0.09507559566745229
236.564,41.387,-26.5,236.37099999999998,41.448,-21.5,236.424,41.274,-21.5,0,0.7284082428525741,2.548565813472122,6.239344276684562,18.846023383120922,0.12533062041987553,0.13543951642504498
236.501,41.741,-26.5,236.27800000000002,41.796,-21.5,236.32299999999998,41.622,-21.5,0,0.5997622192902365,1.7871730022043837,5.317022375183726,17.1316175097908,0.12300771351752493,0.10494311136866401
236.501,41.741,-26.5,236.32299999999998,41.622,-21.5,236.524,41.563,-26.5,0,0.2491735413141673,1.419791883987488,2.966554530399634,18.13865856413085,0.09945193962114837,0.07861367351863023
236.524,41.563,-26.5,236.32299999999998,41.622,-21.5,236.37099999999998,41.448,-21.5,0,0.7000327555835567,2.1201223901096515,5.684431511843499,18.042393920450934,0.1326345463236749,0.11784009339169679
235.192,48.431,-21.5,235.375,48.412,-23.8,235.268,48.534,-23.9,0,0.2408177387018942,11.887934053937068,6.691025027587629,33.73861727705598,0.03500077672789693,0.35189399250966313
235.375,48.412,-23.8,235.44799999999998,48.544,-26.5,235.268,48.534,-23.9,0,0.1834196656776145,9.443094274442137,6.887889981111299,33.681452687731166,0.02582715407766662,0.2799674873632461
236.186,47.595,-26.5,235.939,47.603,-23.9,236.043,47.437,-23.8,0,-0.07749887003512441,8.454395141368092,5.611934741284177,30.561822421341333,0.006422189715707907,0.27811159887411435
236.288,47.43,-26.5,236.186,47.595,-26.5,236.043,47.437,-23.8,0,-0.028066094083207583,6.449033424148877,4.363459640294913,30.572817544602714,0.014984910941595509,0.2122703801256584
235.288,48.688,-26.5,235.043,48.579,-21.5,235.268,48.534,-23.9,0,0.46411434365822674,9.700602290316601,9.519330010401639,33.437062427081266,0.0481106732698657,0.28968912029992766
235.851,48.081,-26.5,235.739,48.244,-26.5,235.618,48.072,-23.9,0,-0.038669217214177175,9.493117278596875,1.980101210609206,33.116129878832126,-0.021498866516404494,0.2862426691511647
235.95600000000002,47.917,-26.5,235.851,48.081,-26.5,235.72199999999998,47.916,-23.9,0,-0.02241287052203491,9.613775980975666,0.8961655895171745,32.77544239180448,-0.02858886631661141,0.2928736748359857
236.186,47.595,-26.5,236.07299999999998,47.756,-26.5,235.939,47.603,-23.9,0,-0.15599336046204257,7.63141442958706,6.164250812519651,30.67483621858895,-0.008393449191353364,0.25009522473790674
235.851,48.081,-26.5,235.618,48.072,-23.9,235.72199999999998,47.916,-23.9,0,-0.03322345642086581,11.313249855143562,1.3762235888523975,32.94472717622916,-0.026956768683850094,0.34292170372786784
235.939,47.603,-23.9,236.07299999999998,47.756,-26.5,235.834,47.757,-23.9,0,-0.024765872848069498,10.140630409009507,1.6807869343751456,32.16345891479406,-0.015919836858219696,0.3147783961520521
236.07299999999998,47.756,-26.5,235.95600000000002,47.917,-26.5,235.834,47.757,-23.9,0,-0.06472206523721874,9.048372058554635,2.7825796625847232,32.2861831199893,-0.02405736111929857,0.2797948438309405
235.834,47.757,-23.9,235.95600000000002,47.917,-26.5,235.72199999999998,47.916,-23.9,0,-0.058036667489414814,11.049440399271228,2.1873141107943397,32.53101693009778,-0.027822973567343964,0.3391581716398901
235.618,48.072,-23.9,235.739,48.244,-26.5,235.51600000000002,48.23,-23.9,0,-0.008820747754119094,10.985306261776858,0.9070448701485176,33.35276297217531,-0.014920358893439782,0.32892016984924244
236.043,47.437,-23.8,235.926,47.29,-21.5,236.138,47.235,-23.7,0,-0.034695627564467674,9.609364411091057,1.486868829497432,30.607373261693404,0.05011819334186765,0.3155046664111025
236.434,46.553,-26.5,236.464,46.73,-26.5,236.251,46.667,-23.8,0,-1.3768617231714078,1.9856081784704172,-16.069562033388586,24.065944913104627,0.08401055330819258,0.08205610395306438
236.539,40.291,-21.5,236.75900000000001,40.202,-26.5,236.701,40.328,-23.8,0,0.5890021589576206,1.3587115015229694,-15.153491059843304,19.690595050646863,-0.04219002685127836,0.06724969696798172
236.75900000000001,40.202,-26.5,236.539,40.291,-21.5,236.551,40.154,-23.9,0,0.7640967088130957,1.1794463621409057,-17.421717615017144,18.068982310492103,-0.04696504543197593,0.0628106027614522
235.993,47.118,-21.5,236.204,47.056,-23.8,236.138,47.235,-23.7,0,-0.370318027659118,7.941710490589404,-3.3952177487897117,29.990071932584307,0.08489706775695884,0.2659490856470457
236.434,46.553,-26.5,236.251,46.667,-23.8,236.244,46.503,-23.8,0,-1.4162284268818346,2.754937879970174,-13.093023697686228,25.73619468753013,0.10549179742381143,0.10630449279067619
236.035,46.942,-21.5,236.24,46.855,-23.8,236.204,47.056,-23.8,0,-0.8885257764383916,6.43589389133347,-7.3459196273403435,28.823086229794242,0.11224034965899361,0.22374999769843687
235.739,48.244,-26.5,235.599,48.396,-26.5,235.51600000000002,48.23,-23.9,0,-0.03867762457237218,8.939641945138465,6.681635440954013,32.949730382818416,-0.006439934026539322,0.270921738232272
236.24,46.855,-23.8,236.059,46.765,-21.5,236.251,46.667,-23.8,0,-1.44951185673525,5.212698964127145,-10.668930449000179,27.312966293530103,0.1309401765679625,0.19051393172069056
235.939,47.603,-23.9,235.825,47.453,-21.5,236.043,47.437,-23.8,0,-0.05576500833242926,11.175315619549448,5.3168724700343475,30.613091283983785,0.0148465635400264,0.3666794673421077
235.51600000000002,48.23,-23.9,235.599,48.396,-26.5,235.375,48.412,-23.8,0,0.020015420198668237,10.381901804685853,2.8424446077782246,33.746044312369605,0.005179608529870925,0.30723122650159734
235.71699999999998,47.615,-21.5,235.825,47.453,-21.5,235.939,47.603,-23.9,0,-0.12555626126050412,13.259874924986992,4.915923795704257,30.882538303278032,0.0037782480909361684,0.43096844898531583
236.035,46.942,-21.5,236.059,46.765,-21.5,236.24,46.855,-23.8,0,-1.230105281981715,6.870430341947121,-8.678111862983606,28.261843013710596,0.13441669306190804,0.24311793065823856
235.71699999999998,47.615,-21.5,235.939,47.603,-23.9,235.834,47.757,-23.9,0,-0.19920810790639243,12.580441001879958,5.369392458300133,31.018309259633902,-0.011627873851054548,0.40706829458892113
235.825,47.453,-21.5,235.926,47.29,-21.5,236.043,47.437,-23.8,0,0.008394447643515672,11.63096612817806,3.8745289856120575,30.604854977580587,0.03646169588275691,0.38167627650649816
235.607,47.777,-21.5,235.71699999999998,47.615,-21.5,235.834,47.757,-23.9,0,-0.021166506004342566,15.090200028079531,1.2575849608620313,32.40941225655026,-0.018649384522089554,0.46505033262518247
235.607,47.777,-21.5,235.834,47.757,-23.9,235.72199999999998,47.916,-23.9,0,-0.04780341395668612,14.095655971599932,1.939564656236394,32.5662428868979,-0.02612602749673148,0.4322833622907723
235.388,48.101,-21.5,235.495,47.938,-21.5,235.618,48.072,-23.9,0,-0.009662655192269092,15.858730525585917,0.7799785318175196,33.201196568111484,-0.018877229885386794,0.4771311425177314
235.993,47.118,-21.5,236.035,46.942,-21.5,236.204,47.056,-23.8,0,-0.7019234378334089,8.271828824292404,-5.810744144864941,29.412790775028682,0.10764845776288146,0.28206270779058296
236.059,46.765,-21.5,236.07299999999998,46.588,-21.5,236.251,46.667,-23.8,0,-1.6137853725052278,5.85956998742839,-10.234141297915428,27.33016048555914,0.1521203078258882,0.21360826345747796
235.495,47.938,-21.5,235.607,47.777,-21.5,235.72199999999998,47.916,-23.9,0,-0.040143554539124104,15.810998801699014,1.6413330351825124,32.79051791034573,-0.026600564201767072,0.4816376713995877
235.289,48.266,-21.5,235.388,48.101,-21.5,235.51600000000002,48.23,-23.9,0,0.005797258874221718,15.170417730967243,-0.5442105565449111,33.59150399221933,0.001027552248598297,0.45111384630004653
235.618,48.072,-23.9,235.495,47.938,-21.5,235.72199999999998,47.916,-23.9,0,-0.024993718318620965,14.494021411497881,1.122717458896835,32.9829107621818,-0.02604054607047798,0.4389121951316668
235.926,47.29,-21.5,235.993,47.118,-21.5,236.138,47.235,-23.7,0,-0.22654331881573764,9.925576347007489,-1.7180890282933454,30.353681348946104,0.07462384065037678,0.32839908070721424
235.599,48.396,-26.5,235.44799999999998,48.544,-26.5,235.375,48.412,-23.8,0,0.11544919282187407,8.34079167522551,8.38498274600061,33.13635537487073,0.013202608770607834,0.251344223335329
236.251,46.667,-23.8,236.07299999999998,46.588,-21.5,236.244,46.503,-23.8,0,-1.9333518893791901,4.371136663481045,-13.325653767077533,25.707385468779407,0.14162817298716368,0.1689926302777413
235.388,48.101,-21.5,235.618,48.072,-23.9,235.51600000000002,48.23,-23.9,0,-0.0028597778485538678,14.177859820596918,0.6559574863209967,33.37434549019008,-0.012695916397165203,0.4243106148305144
232.924,50.07,-24.2,232.88400000000001,49.928,-21.5,233.08100000000002,49.913,-24.0,0,1.9472705117803637,10.052463208512574,8.359247979133954,38.20477985333037,0.2317434725723073,0.2618240806136948
233.115,50.039,-26.5,232.924,50.07,-24.2,233.08100000000002,49.913,-24.0,0,1.6020581092311035,8.204189374895972,8.443209421866452,38.24917549442665,0.18878713686540885,0.21339730840403026
236.244,46.503,-23.8,236.082,46.41,-21.5,236.214,46.32,-23.9,0,-2.6027677598203613,3.748446334221277,-16.996635386328997,23.048676535441206,0.15066507597649528,0.16094121216129403
235.289,48.266,-21.5,235.51600000000002,48.23,-23.9,235.375,48.412,-23.8,0,0.033862168952463724,13.256544788917179,2.5599788467515197,33.7361655566684,0.010760682812737916,0.3924716954203697
236.635,40.051,-26.5,236.75900000000001,40.202,-26.5,236.551,40.154,-23.9,0,0.6922903782519869,0.7386186689973012,-16.006119937893857,19.797262756031127,-0.046171912725323346,0.035693244046492496
236.36599999999999,46.38,-26.5,236.244,46.503,-23.8,236.214,46.32,-23.9,0,-1.9616924763454444,2.5598841632087534,-16.71242060647674,23.226489897415373,0.1154204366762274,0.10893968630256748
236.07299999999998,46.588,-21.5,236.082,46.41,-21.5,236.244,46.503,-23.8,0,-1.8498233912173356,5.235762053209147,-11.011383377236491,26.665243700741023,0.16317195399362924,0.19492417123132066
236.36599999999999,46.38,-26.5,236.434,46.553,-26.5,236.244,46.503,-23.8,0,-1.8894002330574164,1.62625746056375,-20.54536403361348,19.920424656557785,0.09082918931535225,0.08066033976999593
236.35899999999998,39.969,-24.0,236.49200000000002,39.909,-26.5,236.485,40.048,-24.5,0,0.9589314594889252,0.14731895009654633,-18.70875564452325,18.31943726296236,-0.05506450248404799,0.00438048353615983
233.058,49.79,-21.5,233.279,49.895,-26.5,233.08100000000002,49.913,-24.0,0,2.3338099046180227,9.104940439152887,10.779616073648706,37.35895379047672,0.2157770893449249,0.2425787323157234
232.72199999999998,50.072,-21.5,232.88400000000001,49.928,-21.5,232.924,50.07,-24.2,0,2.214689782977219,10.917856556779952,8.830150318790517,38.28986164323237,0.24960751288104294,0.2836906044321929
236.38400000000001,40.158,-21.5,236.485,40.048,-24.5,236.551,40.154,-23.9,0,0.8431020822792799,1.0802634093422314,-17.70503840058487,18.379797299309978,-0.051979073917052615,0.05509386184769196
235.192,48.431,-21.5,235.289,48.266,-21.5,235.375,48.412,-23.8,0,-0.016908908574481452,13.921498118365546,-0.8435976857741032,34.06864339687289,0.02847187164227547,0.4081549933395781
236.75900000000001,40.202,-26.5,236.852,40.366,-26.5,236.701,40.328,-23.8,0,0.36869868851281645,1.0548611574562186,-12.41675547621071,21.522043721461444,-0.03228386292449348,0.04822065533360193
235.44799999999998,48.544,-26.5,235.288,48.688,-26.5,235.268,48.534,-23.9,0,0.2968574951891818,7.605902373150791,9.797978612144544,33.209888285062384,0.029803710276811224,0.22867449635459347
236.078,46.232,-21.5,236.325,46.204,-26.5,236.214,46.32,-23.9,0,-2.3591392695735847,3.276966079216828,-16.303827224935397,23.24883002258436,0.14227555132752184,0.13917091948202637
236.656,40.444,-21.5,236.539,40.291,-21.5,236.701,40.328,-23.8,0,0.49695737264799866,1.8966206847916816,-14.638693188335964,19.590815269563045,-0.03809866216768873,0.09469642497584586
235.043,48.579,-21.5,235.192,48.431,-21.5,235.268,48.534,-23.9,0,0.4234586998162258,12.448069858901043,7.824768315205787,33.68178346854425,0.05319248176169898,0.36909528079580484
236.325,46.204,-26.5,236.36599999999999,46.38,-26.5,236.214,46.32,-23.9,0,-1.810127794852007,2.0395007769130107,-17.46232755666511,22.37283187891111,0.1020540831870162,0.08989247902160036
236.539,40.291,-21.5,236.38400000000001,40.158,-21.5,236.551,40.154,-23.9,0,0.8008204078988365,1.4534572974746123,-18.558146013084354,16.936785631107846,-0.04716063843577633,0.0816673535994882
233.279,49.895,-26.5,233.115,50.039,-26.5,233.08100000000002,49.913,-24.0,0,1.6114543594643878,7.32189335335773,9.38074913294685,37.79289145920897,0.17105953287894993,0.19277825373829546
236.082,46.41,-21.5,236.078,46.232,-21.5,236.214,46.32,-23.9,0,-2.304572883760047,4.914688342489664,-12.918221797722538,25.50002227784028,0.17445551860095163,0.19077952137357299
233.115,50.039,-26.5,232.974,50.193,-26.5,232.924,50.07,-24.2,0,0.86868305386666,7.255769754259304,5.277389199038037,38.87853347955438,0.16298686258501238,0.18562708992433136
232.88400000000001,49.928,-21.5,233.058,49.79,-21.5,233.08100000000002,49.913,-24.0,0,2.8150095508127837,10.908534178701528,10.903733827139241,37.4590639345905,0.25730390527938024,0.289854935093648
236.852,40.366,-26.5,236.656,40.444,-21.5,236.701,40.328,-23.8,0,0.3626624205140252,1.5172784252075078,-12.070271069035414,21.267671300515133,-0.03349470773015455,0.07023724667343736
236.485,40.048,-24.5,236.635,40.051,-26.5,236.551,40.154,-23.9,0,0.8986433644287724,0.6388555518124392,-18.130196626343206,18.16721565822688,-0.052750320926960005,0.03243124385088311
232.72199999999998,50.072,-21.5,232.924,50.07,-24.2,232.786,50.19,-24.0,0,1.6304027372848229,10.035665131763599,7.188854477564158,38.76525967224754,0.2253156846872673,0.25750582583631326
232.924,50.07,-24.2,232.974,50.193,-26.5,232.786,50.19,-24.0,0,1.3346141219781222,8.088746998392955,7.3004495913010885,38.701187574846415,0.18164930858250455,0.20785146986885444
236.227,40.028,-21.5,236.35899999999998,39.969,-24.0,236.38400000000001,40.158,-21.5,0,0.7195359982905295,0.8755585113762934,-19.039706343473256,17.46603725476131,-0.04294453230251362,0.0444086160229965
236.753,41.059,-26.5,236.52800000000002,41.115,-21.5,236.656,40.966,-21.5,0,0.5173913820693162,1.7656396220381345,13.55528389539937,16.634024265970424,0.04015036399501133,0.10683998067631444
236.648,41.22,-26.5,236.52800000000002,41.115,-21.5,236.753,41.059,-26.5,0,0.47434147393852216,1.6082408178518366,11.144288183238508,17.74069766336163,0.04510727091583602,0.09104109975312778
236.341,43.524,-26.5,236.05700000000002,43.566,-21.5,236.067,43.388,-21.5,0,-0.3281022335744571,2.3592935208548105,-9.43613948289002,23.017143605220603,0.03449449189919029,0.10199188645253476
236.333,43.703,-26.5,236.05,43.744,-21.5,236.05700000000002,43.566,-21.5,0,-0.4966122058474924,2.0398285087249395,-9.81996833266031,22.71340419907584,0.050228451804645254,0.08924927755501985
236.333,43.703,-26.5,236.05700000000002,43.566,-21.5,236.341,43.524,-26.5,0,-0.25814007282618745,1.3563928721701857,-9.722208932323504,22.82996329115386,0.026316173683480024,0.05898834533454565
236.325,43.881,-26.5,236.05,43.744,-21.5,236.333,43.703,-26.5,0,-0.3810577043109143,1.196521102611936,-9.720534644198736,22.69458469712169,0.038922803999663136,0.05226012175368218
236.434,42.454,-26.5,236.451,42.276,-26.5,236.526,42.369,-29.0,0,-0.02119597350514085,0.6780737880543405,1.969174197099818,14.745052904375115,-0.0005632874893634208,0.04735268898897266
236.58499999999998,46.041,-31.5,236.30700000000002,46.026,-26.5,236.571,45.863,-31.5,0,0.01597152463704861,-0.010495056637584387,-13.545010217836627,24.02012014070831,-0.0011058182481552704,-0.00045401153101672553
236.30700000000002,46.026,-26.5,236.298,45.847,-26.5,236.571,45.863,-31.5,0,-0.589999235161621,0.9032255743870568,-13.046888128414658,24.240731193419037,0.04433302843098492,0.03670697760718744
236.559,45.684,-31.5,236.571,45.863,-31.5,236.298,45.847,-26.5,0,0.0498253419558995,-0.009953830184564853,-13.264908393201019,23.77053515029251,-0.003695542886613518,-0.0003984704345736774
236.325,46.204,-26.5,236.30700000000002,46.026,-26.5,236.58499999999998,46.041,-31.5,0,-0.6570024628992581,0.8463518437429561,-14.25394546985197,23.950929432757345,0.04527249179785629,0.034756162521897574
236.559,45.684,-31.5,236.298,45.847,-26.5,236.297,45.669,-26.5,0,-0.5469009269786637,0.9430384997547973,-11.97880890833364,24.41527065860052,0.044601421821673815,0.038101865005325856
236.325,46.204,-26.5,236.58499999999998,46.041,-31.5,236.599,46.22,-31.5,0,-0.06995686738575575,0.037946423978790104,-13.537603060467347,24.45273131814989,0.005122594661598926,0.0014698225063150745
236.618,42.285,-31.5,236.606,42.464,-31.5,236.526,42.369,-29.0,0,-0.02091026639662238,0.09170506186689883,1.1764516365172426,14.752865156907433,-0.012291214466338936,0.0064218986273623015
236.559,45.684,-31.5,236.297,45.669,-26.5,236.55,45.505,-31.5,0,0.04400441124784911,-0.0017039892288222027,-12.864714781654754,23.600893132202074,-0.003463438226149176,-5.214285869608593e-05
236.738,39.872,-31.5,236.844,40.031,-31.5,236.7,39.964,-29.5,0,0.2727767140735476,-0.39555695138759617,-14.784468263718281,21.97918592090214,-0.019577390789772414,-0.01806582490749702
236.534,44.968,-31.5,236.30200000000002,45.132,-26.5,236.3,44.954,-26.5,0,-0.6267268444858021,0.8074651071994434,-12.10675486390597,22.762074582236174,0.05029852897693604,0.03478110581804176
236.55,45.505,-31.5,236.297,45.669,-26.5,236.3,45.49,-26.5,0,-0.5340022263888474,0.9300010924636212,-11.448732403794068,24.29830596961866,0.0453997152659816,0.03775824810714098
236.534,44.968,-31.5,236.538,45.147,-31.5,236.30200000000002,45.132,-26.5,0,-0.09533218514967368,0.07629946955498777,-12.203749238820336,22.777326735524376,0.007363764042809149,0.003217220326913881
236.538,45.147,-31.5,236.304,45.311,-26.5,236.30200000000002,45.132,-26.5,0,-0.6042920786678138,0.8310097524001937,-12.104870189898953,23.174346098192586,0.04850893988232252,0.03524776080827259
236.542,45.326,-31.5,236.3,45.49,-26.5,236.304,45.311,-26.5,0,-0.5453647056717313,0.8870382622040188,-11.324819756026677,23.984041446882536,0.046755726792359203,0.03644212705682558
236.538,45.147,-31.5,236.542,45.326,-31.5,236.304,45.311,-26.5,0,-0.03719717894339382,0.029477991413575686,-12.2066053455667,23.189553517531344,0.002710973516971856,0.0012050575604848216
236.542,45.326,-31.5,236.55,45.505,-31.5,236.3,45.49,-26.5,0,0.009319359066579956,0.010650910667402577,-12.725381261827195,23.28853466096647,-0.0009232252283559247,0.00044186241839863085
236.416,42.632,-26.5,236.434,42.454,-26.5,236.511,42.548,-28.9,0,-0.03174215301209722,0.7026256252203656,2.0178627497991215,13.770545960112798,-0.008385485202857668,0.05294351572381206
236.606,42.464,-31.5,236.594,42.643,-31.5,236.511,42.548,-28.9,0,-0.01836705532057001,0.13752157110132407,1.1626358296161357,13.855801685264481,-0.014712318426932394,0.01038244410778764
236.599,46.22,-31.5,236.649,46.396,-31.5,236.36599999999999,46.38,-26.5,0,-0.14926332952834306,0.04244174909000583,-18.082386404840513,21.689454116981572,0.00813414114112916,0.0018774572812431723
236.93200000000002,40.197,-31.5,236.75900000000001,40.202,-26.5,236.844,40.031,-31.5,0,0.17274543089842168,0.19748885327483615,-12.385013490942868,22.817544245366406,-0.014871489111362199,0.008635882341774972
236.36599999999999,46.38,-26.5,236.325,46.204,-26.5,236.599,46.22,-31.5,0,-0.8046098198536075,0.7492117925834292,-17.204643253351733,22.352129564878453,0.0460478724221965,0.032945354358920854
235.95600000000002,47.917,-26.5,236.07299999999998,47.756,-26.5,236.279,47.825,-29.2,0,-0.06523761529231936,5.670698816291635,3.050008879878953,32.16677915766436,-0.02195340790594955,0.17595666750590275
236.18200000000002,47.978,-29.3,235.95600000000002,47.917,-26.5,236.279,47.825,-29.2,0,-0.05675074435727037,4.164054913450321,2.5640521177924285,32.3087319279483,-0.02274397860636918,0.12863168696525742
235.851,48.081,-26.5,235.95600000000002,47.917,-26.5,236.078,48.121,-29.2,0,-0.027582278228397705,6.148478394185516,1.174071056151396,32.78157805294194,-0.025606096338243144,0.18723783673335037
235.95600000000002,47.917,-26.5,236.18200000000002,47.978,-29.3,236.078,48.121,-29.2,0,-0.04110814670304721,4.33703655324411,1.7835120129733397,32.597460821481086,-0.024068292585252254,0.1328016833331137
236.844,40.031,-31.5,236.75900000000001,40.202,-26.5,236.635,40.051,-26.5,0,0.4953070068960175,0.2707892880040619,-16.385036821414133,20.056303141539633,-0.0318044366912716,0.01282981720203405
236.725,46.567,-31.5,236.434,46.553,-26.5,236.649,46.396,-31.5,0,-0.0993618868167621,-0.012596453995990796,-20.969328561208265,19.330932660886752,0.004638528642351592,-0.0006359286850169824
236.399,42.81,-26.5,236.416,42.632,-26.5,236.49599999999998,42.726,-28.9,0,-0.03242826802971691,0.6547296915839764,1.917989717747048,12.86516103489106,-0.011416200617586874,0.05330194854519858
236.649,46.396,-31.5,236.434,46.553,-26.5,236.36599999999999,46.38,-26.5,0,-0.8212462964938121,0.5490772364082092,-20.275554993244903,20.018091750958554,0.0399687671910243,0.02701735525641644
236.635,40.051,-26.5,236.615,39.891,-29.0,236.7,39.964,-29.5,0,0.6448246429482198,-0.16432718142905686,-16.82964161391675,20.475701153653375,-0.040464944657222,-0.009121207775350249
236.594,42.643,-31.5,236.584,42.821,-31.5,236.49599999999998,42.726,-28.9,0,-0.01186461019297999,0.11867983877948218,1.0110969660479157,12.933985169948272,-0.014056461129909173,0.009859831645438013
233.287,50.399,-31.5,233.094,50.317,-28.8,233.203,50.185,-28.8,0,0.09527405455117749,1.2740221461739025,3.888777566309461,38.945579383013886,0.023906711729848245,0.03249930649408162
232.997,50.454,-29.0,233.287,50.399,-31.5,233.159,50.558,-31.5,0,-0.021952156123723938,0.02441953782990318,3.562543018282744,39.302123032196974,-0.006505612743944016,0.0006246628267047741
236.279,47.825,-29.2,236.07299999999998,47.756,-26.5,236.36700000000002,47.684,-29.2,0,-0.012388718912041156,3.7089304573485977,0.9308744414004924,32.034664705866575,-0.014671881996267315,0.11553049345360589
236.07299999999998,47.756,-26.5,236.186,47.595,-26.5,236.36700000000002,47.684,-29.2,0,-0.13771632151336363,4.6694143374175985,6.433010336598137,30.591416241603937,-0.009419632202854484,0.1535979358256236
233.416,50.24,-31.5,233.287,50.399,-31.5,233.203,50.185,-28.8,0,-0.020509794409227927,-0.037454629186290195,3.689941451996493,38.83207500255044,-0.0057948103963381195,-0.0009888716807336584
236.38400000000001,42.989,-26.5,236.399,42.81,-26.5,236.483,42.904,-28.9,0,-0.026221416955101027,0.5503167355406263,1.7514316250506567,11.970152253882901,-0.010587063885753388,0.04863772423108997
236.584,42.821,-31.5,236.575,43.0,-31.5,236.483,42.904,-28.9,0,-0.007022632139576378,0.06351980172778109,0.9301838340966526,12.018289925970038,-0.011541491282597594,0.0060572921733126435
236.36700000000002,43.167,-26.5,236.38400000000001,42.989,-26.5,236.47,43.083,-28.9,0,-0.019253282884567232,0.4317224894093156,1.85506087236368,11.034961073840776,-0.007075147686030162,0.04171217136840425
236.575,43.0,-31.5,236.565,43.179,-31.5,236.47,43.083,-28.9,0,-0.005290397315338556,0.012424970736775686,0.9831253951865335,11.09405460415664,-0.008460698720776167,0.0017961774965252592
233.555,50.085,-31.5,233.416,50.24,-31.5,233.34199999999998,50.035,-28.7,0,-0.00860384840059836,0.04827781405120034,5.575590237167448,38.25945644538078,-0.001659073390144801,0.0012237474900390246
233.416,50.24,-31.5,233.203,50.185,-28.8,233.34199999999998,50.035,-28.7,0,0.21146057135566043,1.3606384420493887,7.368780556518976,38.09384386838525,0.02843590477551779,0.035493598792900545
236.35,43.345,-26.5,236.36700000000002,43.167,-26.5,236.457,43.262,-28.9,0,0.017485539191573495,0.8341699921172732,-8.583367523685041,23.831914991154527,-0.002078636723606329,0.0348062846161388
233.287,50.399,-31.5,232.997,50.454,-29.0,233.094,50.317,-28.8,0,0.09772804288150395,1.2150091934416796,4.45852031114646,39.10288581650312,0.02140071498318621,0.030874887296227137
236.565,43.179,-31.5,236.55599999999998,43.358,-31.5,236.457,43.262,-28.9,0,0.056982164289744404,-0.027464464596070687,-9.654797696098775,23.446619552994697,-0.005884851660090596,-0.001180453345142561
236.735,47.276,-31.5,236.488,47.379,-28.7,236.55599999999998,47.198,-28.7,0,-0.0420399455271456,0.7373143682204637,-0.9709260193129872,30.205910776661966,0.018820474390039314,0.02461664352652334
235.739,48.244,-26.5,235.851,48.081,-26.5,235.963,48.259,-29.1,0,-0.03903118564593901,6.063295410284382,2.245233509841663,33.13112498382883,-0.01865157988888039,0.18271257283803127
236.434,46.553,-26.5,236.725,46.567,-31.5,236.627,46.671,-29.3,0,-0.30798484177800056,0.20394346276804454,-17.913772448638575,22.494752956168693,0.016852765400327003,0.00900346655305278
236.341,43.524,-26.5,236.35,43.345,-26.5,236.44400000000002,43.437,-28.9,0,-0.03463216599832523,0.6629626167374195,-9.624615989148914,23.273296599919256,0.0035085583456030225,0.02826179021867764
236.981,40.898,-31.5,236.841,40.894,-26.5,236.95,40.802,-29.2,0,-0.08154475981679929,0.01996866432825484,6.34773439752135,21.883287277869044,-0.013341329429835416,0.0009090904664831223
235.801,48.408,-28.8,235.876,48.575,-31.5,235.65699999999998,48.543,-28.8,0,-0.012918449692468335,1.506611303562622,9.626490880816792,32.51056160524603,-0.0014442538944884323,0.04626218702533286
232.997,50.454,-29.0,232.836,50.349,-26.5,233.094,50.317,-28.8,0,0.33833198438211337,3.694106617486526,4.297837860549639,39.20338210462181,0.07758460572834379,0.09365836976312934
232.836,50.349,-26.5,232.974,50.193,-26.5,233.094,50.317,-28.8,0,0.5262853920620916,4.952537954793081,4.830212012217027,39.00418791798529,0.1076865303082356,0.1262239745542081
236.039,48.432,-31.5,235.876,48.575,-31.5,235.801,48.408,-28.8,0,-0.04538762578239979,0.038117971664733526,10.796541436020362,31.948154312160582,-0.0042150131238360596,0.0011909644543577338
236.735,47.276,-31.5,236.675,47.45,-31.5,236.488,47.379,-28.7,0,-0.03171723696730086,0.051850587880413544,-1.652856030677306,30.31463440925188,0.00992152127686432,0.0017457904286824557
236.55599999999998,43.358,-31.5,236.549,43.537,-31.5,236.44400000000002,43.437,-28.9,0,0.042289224423788276,-0.05690176584103726,-9.911794987186681,23.142372439504747,-0.004265301325276892,-0.0024759670177031106
236.333,43.703,-26.5,236.341,43.524,-26.5,236.437,43.617,-28.9,0,-0.09247142052631704,0.5239910432220051,-9.755051950812593,23.059838071932717,0.009352356114672002,0.022475893647714754
235.851,48.081,-26.5,236.078,48.121,-29.2,235.963,48.259,-29.1,0,-0.08015643296131993,4.4010760416239005,4.027045530805645,32.78134626571661,-0.02042225307347097,0.13402296430484056
233.715,49.938,-31.5,233.555,50.085,-31.5,233.503,49.895,-28.8,0,0.009595091019879345,0.05774904067852135,9.196644223590335,37.17863913667978,0.001006994990115392,0.00152447544010805
236.308,44.775,-26.5,236.314,44.596,-26.5,236.40699999999998,44.687,-28.7,0,-0.627700446202783,0.9434848333466144,-10.025889824592078,22.05567047670806,0.06248543217208957,0.04247327734985606
236.186,47.595,-26.5,236.288,47.43,-26.5,236.449,47.519,-29.1,0,-0.027839338906849316,3.8926444559752733,4.625115147797443,30.53140687387699,0.008971564730249567,0.12844764394167538
233.555,50.085,-31.5,233.34199999999998,50.035,-28.7,233.503,49.895,-28.8,0,0.29392082622545374,1.4302237189269924,8.959115100837877,37.40503124879143,0.03263257790095912,0.03802297554554421
236.607,47.012,-28.8,236.777,47.099,-31.5,236.55599999999998,47.198,-28.7,0,-0.11968469175789108,0.5187112612579867,-4.762616518149066,29.421440873022483,0.021891879849792267,0.017695887747008466
236.53300000000002,44.432,-31.5,236.529,44.61,-31.5,236.43,44.52,-29.2,0,0.02830718126220733,-0.028030870780396847,-10.299411772795189,22.07591756308932,-0.0027442823366045795,-0.0012654654562395582
236.549,43.537,-31.5,236.546,43.716,-31.5,236.437,43.617,-28.9,0,0.03749170670994297,-0.0636119495339045,-10.415139289282521,22.752539975925473,-0.0036058166291683983,-0.0028173431157959834
236.314,44.418,-26.5,236.317,44.239,-26.5,236.41500000000002,44.329,-28.8,0,-0.45748261195512485,0.6452770665839227,-10.38320245944334,22.171919151448414,0.04392017481686103,0.028779181319684956
236.538,44.074,-31.5,236.53300000000002,44.253,-31.5,236.435,44.162,-29.2,0,0.0288627575633744,-0.007657328758691065,-10.174855880465081,22.41974335112083,-0.0028413036292576285,-0.0003578304724635988
236.325,43.881,-26.5,236.333,43.703,-26.5,236.43,43.794,-28.8,0,-0.1590642717116837,0.45593506203627293,-9.753419174795283,22.871299107315807,0.016157133459621564,0.019662865740951583
235.65699999999998,48.543,-28.8,235.699,48.71,-31.5,235.494,48.68,-28.8,0,0.04532342545602443,1.3809243158039868,11.366556016473865,32.41247376008175,0.003902573948975849,0.04252955878052594
236.314,44.596,-26.5,236.314,44.418,-26.5,236.43,44.52,-29.2,0,-0.5516987561054184,0.7418782776098156,-10.746430191950452,21.85317931149683,0.05121541012997077,0.0336395604776099
236.543,43.895,-31.5,236.538,44.074,-31.5,236.438,43.983,-29.2,0,0.03606417850445599,-0.03060416389396729,-10.172244670626512,22.543288823633908,-0.003552683011997215,-0.001374529187298565
236.529,44.61,-31.5,236.529,44.789,-31.5,236.40699999999998,44.687,-28.7,0,0.012582901981906492,-0.034160635916450764,-10.780351063784607,21.70243954685975,-0.001169392033942017,-0.001569304653460597
236.676,41.57,-31.5,236.524,41.563,-26.5,236.62900000000002,41.475,-29.4,0,0.13362458340112174,0.44272831001653146,3.436982230220849,18.86068226362758,0.04665208162149071,0.02355206934971886
236.36700000000002,47.684,-29.2,236.186,47.595,-26.5,236.449,47.519,-29.1,0,-0.05802658664173356,3.0250140187233017,3.1844701220587552,30.852313684398517,-0.0008944959614933703,0.09882816270787276
236.777,47.099,-31.5,236.735,47.276,-31.5,236.55599999999998,47.198,-28.7,0,-0.07139503806840822,0.038213632417289714,-4.606501568097869,29.60654931045822,0.013351662946505874,0.0012382230870077418
236.53300000000002,44.253,-31.5,236.53300000000002,44.432,-31.5,236.41500000000002,44.329,-28.8,0,0.008768886523201964,0.013114370176867706,-10.781838108599437,21.982352888699694,-0.0008172549057849519,0.0005748653720729621
235.876,48.575,-31.5,235.699,48.71,-31.5,235.65699999999998,48.543,-28.8,0,-0.007655800442032165,0.047724657463645556,12.97107790923553,31.593424387620672,-0.0005941661890537746,0.001506440872796063
236.546,43.716,-31.5,236.543,43.895,-31.5,236.43,43.794,-28.8,0,0.03485807061389105,-0.0488045998056866,-10.416242734674071,22.6140483518555,-0.003356446684419974,-0.0021823251912936647
236.317,44.239,-26.5,236.32,44.06,-26.5,236.435,44.162,-29.2,0,-0.3390665032832142,0.5010450332000411,-10.383209009897591,22.311426826924126,0.032511542723466846,0.022151079598056227
237.031,40.724,-31.5,236.889,40.719,-26.5,236.959,40.631,-28.8,0,0.003637268914821745,0.11293862788811526,0.0951024392033446,23.634474544877463,-0.011350614673260033,0.004700779229936732
236.32,44.06,-26.5,236.325,43.881,-26.5,236.438,43.983,-29.2,0,-0.23988501513376928,0.4377849843074146,-10.13583282952898,22.577071525857207,0.023516633008514396,0.019101737067561443
236.844,40.031,-31.5,236.635,40.051,-26.5,236.7,39.964,-29.5,0,0.4795513819135917,-0.04768130599769359,-16.385437110326393,20.559114190005445,-0.03080783714589953,-0.002880179770432636
236.89499999999998,40.541,-26.5,237.035,40.545,-31.5,236.959,40.631,-28.8,0,0.011998003387457214,0.24194273850148365,-0.9779001010587081,24.25202670226514,-0.008878230892758226,0.009901434639009254
233.664,49.794,-29.2,233.635,49.621,-26.5,233.856,49.65,-29.2,0,1.0737907282318138,3.515313672557239,12.489592244416436,35.63235264077215,0.08579418973111028,0.0982563748527541
236.176,48.278,-31.5,236.039,48.432,-31.5,235.963,48.259,-29.1,0,-0.06412136403724551,-0.06237881518907325,6.828263990549009,32.58170051999848,-0.009415520294320658,-0.0019095270167078726
236.406,47.956,-31.5,236.299,48.119,-31.5,236.18200000000002,47.978,-29.3,0,-0.03337308114237081,0.027889590955061643,2.0690050447226973,32.424356346652644,-0.016308008692713014,0.0008580382883738556
233.452,49.755,-26.5,233.635,49.621,-26.5,233.664,49.794,-29.2,0,1.5130133942646566,4.82573104731232,12.780604025514226,35.7087638830247,0.11812718401934867,0.1345740916632013
236.3,44.954,-26.5,236.308,44.775,-26.5,236.41,44.868,-28.8,0,-0.6824204680724043,1.0842255298488688,-9.789415306517505,21.978769730799755,0.06959080080190494,0.04905028061737763
236.464,46.73,-26.5,236.434,46.553,-26.5,236.627,46.671,-29.3,0,-0.7658654027209876,0.9185799428879687,-15.83350027655515,24.203523154041697,0.04735190599812759,0.03774166767700583
236.299,48.119,-31.5,236.176,48.278,-31.5,236.078,48.121,-29.2,0,-0.06486166800102733,-0.012445720950099949,4.591133834897502,32.56763338706902,-0.014190763583202376,-0.00038003317649953927
236.505,47.789,-31.5,236.406,47.956,-31.5,236.279,47.825,-29.2,0,-0.007693227099218751,0.0547227408369356,0.5820701480481638,32.11866484216322,-0.013937221896393615,0.0016978415901701819
236.675,47.45,-31.5,236.595,47.621,-31.5,236.449,47.519,-29.1,0,-0.01606585021341659,-0.028103898579385927,1.5739366478206342,30.68658664222216,0.0019276478294277305,-0.0008427730513215481
236.529,44.789,-31.5,236.534,44.968,-31.5,236.41,44.868,-28.8,0,0.05940562374716017,-0.11054650914946257,-11.366436319921753,21.219904456898192,-0.005229295154790867,-0.005178304688954343
236.428,47.085,-26.5,236.607,47.012,-28.8,236.55599999999998,47.198,-28.7,0,-0.22668543714896605,1.6273778921837752,-4.981956524550249,29.455747965323518,0.03954312171986875,0.055578485346856256
236.406,47.956,-31.5,236.18200000000002,47.978,-29.3,236.279,47.825,-29.2,0,-0.04954426287592912,1.2235748579787062,2.8088110777279205,32.19699892778057,-0.0179090418325736,0.03791968773563536
236.659,41.749,-31.5,236.501,41.741,-26.5,236.591,41.656,-29.1,0,0.042487334334301206,0.2053630447392512,1.752185037840917,18.130443267349563,0.03919845415627943,0.011429822146934731
236.524,41.563,-26.5,236.676,41.57,-31.5,236.591,41.656,-29.1,0,0.0924303175786699,0.369968039553516,2.5880698365527053,18.691061753896662,0.046164284001597555,0.019882166875244137
235.29500000000002,48.825,-28.9,235.301,48.953,-31.5,235.08499999999998,48.945,-28.9,0,0.1616514655603245,1.1219803091226463,16.978351554102428,30.963593488011533,0.009455525400619684,0.036161927782133445
235.102,48.817,-26.5,235.29500000000002,48.825,-28.9,235.08499999999998,48.945,-28.9,0,0.46214286112410785,3.1845342604251203,16.82281131030664,31.053616085930784,0.027317705219132103,0.10234969442263761
236.63,42.106,-31.5,236.469,42.097,-26.5,236.55599999999998,42.012,-29.0,0,-0.005607117403186674,0.19372368062411874,1.47063268141315,16.326030358641447,0.01071234609513231,0.012155414857879085
235.494,48.68,-28.8,235.50799999999998,48.837,-31.5,235.29500000000002,48.825,-28.9,0,0.10030462899961,1.173517557817306,14.210642533495948,31.785523970328384,0.006990877292626948,0.03685106130520045
233.856,49.65,-29.2,233.839,49.501,-26.5,234.049,49.525,-29.2,0,1.2046325474012094,3.350882806292777,14.881724051023951,34.39008827205639,0.08083451771404515,0.09707919936352986
236.488,47.379,-28.7,236.368,47.259,-26.5,236.55599999999998,47.198,-28.7,0,-0.07767366069831638,2.197334664880716,-1.2000551801971255,30.262797174782968,0.030378088871770827,0.07319361748258821
236.564,41.387,-26.5,236.70999999999998,41.393,-31.5,236.62900000000002,41.475,-29.4,0,0.17086417002253498,0.6458119063481105,4.344872822993182,19.350415166633468,0.045265818664314415,0.03345086223581735
236.501,41.741,-26.5,236.659,41.749,-31.5,236.572,41.834,-29.0,0,0.036406166896038504,0.1602467832464757,1.7818139551236527,17.826085093563904,0.03496376568017075,0.00910391364041867
236.643,41.928,-31.5,236.485,41.919,-26.5,236.572,41.834,-29.0,0,0.01962223347710336,0.12635902005685848,1.7581448883201176,17.223174411646085,0.025212661845016984,0.007490251366389806
235.599,48.396,-26.5,235.801,48.408,-28.8,235.65699999999998,48.543,-28.8,0,0.0019435123657561067,4.356797304872829,9.402797055382218,32.541643370981866,-6.843991036935248e-05,0.13366675691224214
236.18200000000002,47.978,-29.3,236.299,48.119,-31.5,236.078,48.121,-29.2,0,-0.03714527149905115,1.2801257221726048,2.0466865869090327,32.61567171234465,-0.018552243507684602,0.03917109259158889
236.485,41.919,-26.5,236.643,41.928,-31.5,236.55599999999998,42.012,-29.0,0,0.011967763058292493,0.13831250577838283,1.7669574483236943,16.920670540406405,0.020305118623589698,0.00836184985768618
236.618,42.285,-31.5,236.451,42.276,-26.5,236.541,42.191,-29.0,0,-0.018446782994094794,0.3123051703415584,1.4588151946519758,15.3806965552657,-0.0012385258869608065,0.020852276125182912
232.974,50.193,-26.5,233.115,50.039,-26.5,233.203,50.185,-28.8,0,0.6339164072372263,5.110306225744429,5.475329118835293,38.575782220559304,0.11466926351890375,0.13173723816064653
236.889,40.719,-26.5,237.031,40.724,-31.5,236.95,40.802,-29.2,0,-0.033988769985111376,0.02380143676800635,3.2188640231407533,23.12421195769602,-0.012278913959426391,0.000975892601593135
235.599,48.396,-26.5,235.739,48.244,-26.5,235.801,48.408,-28.8,0,-0.03946334631114729,5.912536510133608,6.9106390265404105,32.92264889532845,-0.006169718799594444,0.1793072188608475
235.44799999999998,48.544,-26.5,235.65699999999998,48.543,-28.8,235.494,48.68,-28.8,0,0.12230324603593999,4.019253978677116,11.163557856553037,32.43810359414112,0.01071914829453035,0.12370055534320455
236.463,46.908,-26.5,236.464,46.73,-26.5,236.638,46.837,-29.2,0,-0.5872138401482268,1.2973982161127509,-11.434404061834528,26.974104737023815,0.049473573734237775,0.04811046280368778
236.791,46.921,-31.5,236.777,47.099,-31.5,236.607,47.012,-28.8,0,-0.08991172553965934,-0.014432012644605977,-9.032908292376867,28.14975181557636,0.009439570112131559,-0.0006093789025693621
236.595,47.621,-31.5,236.505,47.789,-31.5,236.36700000000002,47.684,-29.2,0,-0.04438871803481212,-0.004787698478497099,3.256169694217853,30.951868569528962,-0.0072394688540085884,-6.10811186131761e-05
236.469,42.097,-26.5,236.63,42.106,-31.5,236.541,42.191,-29.0,0,-0.008788178869619067,0.23239894614011675,1.8087848501082533,15.986986962947327,0.006339751810024176,0.014896020560401194
236.505,47.789,-31.5,236.279,47.825,-29.2,236.36700000000002,47.684,-29.2,0,-0.09564621214321203,1.029873849133758,5.1844863039042846,30.892861494999643,-0.011978339731964757,0.03363429632142106
236.606,42.464,-31.5,236.434,42.454,-26.5,236.526,42.369,-29.0,0,-0.023561943748856246,0.3936229729109025,1.3631378713876359,14.460400664020824,-0.00915349150916792,0.02813116091918427
235.699,48.71,-31.5,235.50799999999998,48.837,-31.5,235.494,48.68,-28.8,0,0.01022755133051874,0.0038728144515124607,14.995878755828851,31.20091931432053,0.0006791884976720417,0.00012196414933682742
234.065,49.661,-31.5,233.856,49.65,-29.2,234.049,49.525,-29.2,0,0.4302056845234876,1.0704364847419967,15.066920218853873,34.26698132784114,0.028534604783177042,0.03111947547373713
235.288,48.688,-26.5,235.494,48.68,-28.8,235.29500000000002,48.825,-28.9,0,0.27482633981184434,3.4951510175045994,14.006422518613208,31.890548811240052,0.019438375772178315,0.10940521553723036
233.635,49.621,-26.5,233.839,49.501,-26.5,233.856,49.65,-29.2,0,1.8468116442671474,4.5748206733829475,16.225562596166526,33.928394118874046,0.11368532191635206,0.13431991100956223
236.615,39.891,-29.0,236.738,39.872,-31.5,236.7,39.964,-29.5,0,0.47265349380667904,-0.5250610465595228,-16.35804471109492,21.032430979595254,-0.030538970861044862,-0.02551657465403979
236.451,42.276,-26.5,236.618,42.285,-31.5,236.526,42.369,-29.0,0,-0.022909136222854228,0.34617251819445366,1.7932019537200006,15.042674246363077,-0.004337929350767302,0.02367014625990404
236.594,42.643,-31.5,236.416,42.632,-26.5,236.511,42.548,-28.9,0,-0.03053942857047594,0.40216532226602053,1.8815226059811607,13.464680188404515,-0.01280986338691337,0.031178883336014068
233.115,50.039,-26.5,233.279,49.895,-26.5,233.34199999999998,50.035,-28.7,0,1.1631773765334879,5.153347265217863,9.568050373017837,37.396814848980355,0.12107242877434414,0.13709254134264146
233.882,49.796,-31.5,233.664,49.794,-29.2,233.856,49.65,-29.2,0,0.3547810152126357,1.0631872177500759,12.69586456379702,35.59433898440029,0.027903242380276055,0.02974144509933687
236.288,47.43,-26.5,236.368,47.259,-26.5,236.488,47.379,-28.7,0,-0.0274521842771786,3.2938728489992912,1.0641459656058707,30.474489424082442,0.027465323713469308,0.10893466913051335
236.584,42.821,-31.5,236.399,42.81,-26.5,236.49599999999998,42.726,-28.9,0,-0.024250644722130944,0.3480639344024358,1.6529250517497758,12.56923811818237,-0.012888858336711103,0.029312676236451653
235.44799999999998,48.544,-26.5,235.599,48.396,-26.5,235.65699999999998,48.543,-28.8,0,0.06875215396325346,5.598472349961253,8.587001218181204,32.961551245510684,0.00761309228123582,0.16958192539396016
233.882,49.796,-31.5,233.715,49.938,-31.5,233.664,49.794,-29.2,0,-0.0019636349835098874,-0.08669000770115733,10.614835957202363,36.44246698256329,-0.00017745011732447157,-0.002378807384231655
236.434,42.454,-26.5,236.606,42.464,-31.5,236.511,42.548,-28.9,0,-0.02339601023441159,0.4057772709120803,1.3017674873497924,14.165611379388139,-0.010838597662360306,0.02969205080907269
233.279,49.895,-26.5,233.452,49.755,-26.5,233.503,49.895,-28.8,0,1.3561787100968437,5.083448957427048,11.037894859771153,36.63735397291005,0.12249348839296417,0.13810782697686513
234.065,49.661,-31.5,233.882,49.796,-31.5,233.856,49.65,-29.2,0,0.04304053889812687,-0.01025815930342019,13.068420453273852,35.24943873642451,0.003313938749302413,-0.000292683902247189
236.428,47.085,-26.5,236.463,46.908,-26.5,236.607,47.012,-28.8,0,-0.341174351890149,1.8892912884694026,-6.158331857861739,29.030113019043412,0.05030483626072202,0.06536075204523437
236.575,43.0,-31.5,236.38400000000001,42.989,-26.5,236.483,42.904,-28.9,0,-0.017150185006076134,0.26021751977501056,1.4941519071538778,11.67032519158252,-0.010551782195596857,0.024002960087899348
236.791,46.921,-31.5,236.607,47.012,-28.8,236.638,46.837,-29.2,0,-0.18143924368810374,0.2639271028502392,-10.655531507335162,27.384459004547942,0.016272550749390574,0.009617191251510192
236.368,47.259,-26.5,236.428,47.085,-26.5,236.55599999999998,47.198,-28.7,0,-0.135172675859965,2.5636810885937145,-2.129569340977742,30.0084303001658,0.042993864707940865,0.08601904211593184
233.839,49.501,-26.5,234.043,49.381,-26.5,234.049,49.525,-29.2,0,1.6963409255614335,4.45074732803596,16.229047054898,33.58252684403607,0.10439066306300172,0.13207066401514994
235.08499999999998,48.945,-28.9,235.095,49.071,-31.5,234.878,49.06,-28.9,0,0.21096983876809175,1.1131446983832807,17.339746904857495,31.184947408463117,0.012096167002524283,0.03561412479526278
236.039,48.432,-31.5,235.801,48.408,-28.8,235.963,48.259,-29.1,0,-0.05613340713579058,1.4233550964104436,6.778745595088312,32.77502411032067,-0.008416119643368813,0.04335241157714914
236.416,42.632,-26.5,236.594,42.643,-31.5,236.49599999999998,42.726,-28.9,0,-0.02184333938920354,0.3930811946688604,1.2860948279195554,13.2395834278353,-0.013173142499136602,0.03112557901124682
236.565,43.179,-31.5,236.36700000000002,43.167,-26.5,236.47,43.083,-28.9,0,-0.012262458154105423,0.18164197411899022,1.548488570621032,10.744014176665587,-0.007039612492393327,0.01844031547664079
234.049,49.525,-29.2,234.043,49.381,-26.5,234.24599999999998,49.401,-29.0,0,1.2577527608097718,3.2883947069930715,16.668432100480235,33.156944086586655,0.07536493996265237,0.09884142423495385
233.34199999999998,50.035,-28.7,233.279,49.895,-26.5,233.503,49.895,-28.8,0,0.8202997512805806,3.992066660228088,8.703280876110835,37.41774267410702,0.0938145056339831,0.10615953777522331
235.288,48.688,-26.5,235.44799999999998,48.544,-26.5,235.494,48.68,-28.8,0,0.20451582439575777,5.0772055746513285,9.980013925323584,33.03905616211751,0.020151064678003847,0.15342197489065867
236.55599999999998,43.358,-31.5,236.35,43.345,-26.5,236.457,43.262,-28.9,0,0.028862492630672462,0.32918451701099366,-8.707040801816667,23.741845368214378,-0.003340212942357386,0.013754813940468
234.897,48.935,-26.5,235.08499999999998,48.945,-28.9,234.878,49.06,-28.9,0,0.6257143880526649,3.179504109561061,17.18505796234415,31.32185834852998,0.03625550847311629,0.10129008033765516
234.462,49.414,-31.5,234.25799999999998,49.534,-31.5,234.24599999999998,49.401,-29.0,0,0.07560982989632255,0.07256778408639665,16.581779356131772,33.009963826087656,0.0045693001458893,0.00218760788422573
236.546,43.716,-31.5,236.333,43.703,-26.5,236.437,43.617,-28.9,0,-0.03358365546216731,0.17364871971503038,-10.346326806373426,22.727824172151657,0.0031788234084449986,0.0074977871606673714
236.399,42.81,-26.5,236.584,42.821,-31.5,236.483,42.904,-28.9,0,-0.016892105231326934,0.32232891029403066,1.192584913707151,12.32609642301901,-0.01231553781996824,0.027829101758895657
236.549,43.537,-31.5,236.341,43.524,-26.5,236.44400000000002,43.437,-28.9,0,-0.0008548568225536231,0.23344420371788085,-10.01313961537393,23.04648702295232,3.464236179427482e-05,0.010000605641563545
236.529,44.789,-31.5,236.308,44.775,-26.5,236.40699999999998,44.687,-28.7,0,-0.3181361783339285,0.41745072586903964,-10.363636357316366,21.842761888001768,0.03063572358244929,0.018963614869148493
236.607,47.012,-28.8,236.463,46.908,-26.5,236.638,46.837,-29.2,0,-0.4348760754524495,1.0648868015443345,-10.658188993675935,27.48001527138007,0.03902218469275516,0.03884569496310144
236.314,44.418,-26.5,236.53300000000002,44.432,-31.5,236.43,44.52,-29.2,0,-0.2246469358137035,0.29967296167990026,-10.248854080950743,22.138521646096635,0.02185803259250406,0.013378426750483216
234.674,49.3,-31.5,234.453,49.287,-28.9,234.666,49.173,-28.9,0,0.34728856037769507,1.0753431619597735,17.800566510192592,31.77873597442435,0.019460189759701936,0.03373885330926076
236.534,44.968,-31.5,236.3,44.954,-26.5,236.41,44.868,-28.8,0,-0.31998211979093333,0.4313225130454553,-10.220593700678798,21.72538879633833,0.031247976845392916,0.019730921740637897
236.53300000000002,44.432,-31.5,236.314,44.418,-26.5,236.41500000000002,44.329,-28.8,0,-0.23817162677816822,0.3042492913664678,-10.704956799135132,21.96269993950834,0.022181005830248984,0.013678309868083237
234.674,49.3,-31.5,234.462,49.414,-31.5,234.453,49.287,-28.9,0,0.03636903699473477,0.031029290208147025,17.817453085296084,31.99388674704035,0.002035617649943295,0.0009617911185333627
234.886,49.186,-31.5,234.674,49.3,-31.5,234.666,49.173,-28.9,0,-0.0009583014549248089,0.0044989404717847,17.828994909078926,31.55607698320508,-7.300630965024147e-05,0.00013773166986233199
234.25799999999998,49.534,-31.5,234.065,49.661,-31.5,234.049,49.525,-29.2,0,0.06321231089160045,0.01417050036959178,14.912997581069448,34.14237915606316,0.004260542401283605,0.0004119562825721259
236.32,44.06,-26.5,236.538,44.074,-31.5,236.435,44.162,-29.2,0,-0.12440598243410073,0.19054884993311774,-10.136745088007814,22.475853524569196,0.012196946711601604,0.008316605038137324
236.543,43.895,-31.5,236.325,43.881,-26.5,236.43,43.794,-28.8,0,-0.0671254038578921,0.1648180974687692,-9.648488018614941,22.88508941398141,0.006872212558315152,0.007047319084154696
234.25799999999998,49.534,-31.5,234.049,49.525,-29.2,234.24599999999998,49.401,-29.0,0,0.46633825215671515,1.0967880031398491,16.87517473573042,33.05323500474552,0.027617306296681732,0.03306611794493965
236.325,43.881,-26.5,236.543,43.895,-31.5,236.438,43.983,-29.2,0,-0.07437389403272085,0.15616956088579453,-9.66341489022539,22.830339261518517,0.00761484425486367,0.006689708849807103
235.095,49.071,-31.5,234.886,49.186,-31.5,234.878,49.06,-28.9,0,-0.01048194793878137,0.02665868022704917,17.542931267722683,31.303512902885174,-0.000623712939291831,0.0008471059054781567
235.301,48.953,-31.5,235.095,49.071,-31.5,235.08499999999998,48.945,-28.9,0,0.0006498328862166153,0.0753639159813403,17.025653464543083,31.16639519816519,1.377174208138121e-05,0.0024118219833380913
236.38400000000001,42.989,-26.5,236.575,43.0,-31.5,236.47,43.083,-28.9,0,-0.013543563797154202,0.23247235073614286,1.297417054617199,11.39559826882035,-0.00945048701377349,0.022075807070521505
235.102,48.817,-26.5,235.288,48.688,-26.5,235.29500000000002,48.825,-28.9,0,0.43434076874078387,4.4413542615428145,14.042508692997353,32.08039665365184,0.030694179770107678,0.13819668921741918
234.886,49.186,-31.5,234.666,49.173,-28.9,234.878,49.06,-28.9,0,0.27243863545354613,1.073355158061,17.863841046856944,31.313217046358915,0.01518694891211526,0.034189076070202176
233.203,50.185,-28.8,233.115,50.039,-26.5,233.34199999999998,50.035,-28.7,0,0.6513065181935803,3.981982791939815,7.147196224199481,38.09024350302769,0.09051758354584206,0.10396640692933533
236.776,46.742,-31.5,236.791,46.921,-31.5,236.638,46.837,-29.2,0,0.008355733599264283,-0.12833794639912077,-13.361982909656902,25.920228337712324,-0.0006749406425298262,-0.00499507871837552
235.50799999999998,48.837,-31.5,235.301,48.953,-31.5,235.29500000000002,48.825,-28.9,0,0.00303180775517822,-0.005318785761588917,17.31527727844886,30.555494321926076,0.00016489559293362665,-0.00017515474438755397
234.043,49.381,-26.5,234.25799999999998,49.271,-26.5,234.24599999999998,49.401,-29.0,0,1.7050077091518423,4.271208137699271,18.130297010802167,32.19921084224039,0.09392748403989457,0.13222351138883662
236.36700000000002,43.167,-26.5,236.565,43.179,-31.5,236.457,43.262,-28.9,0,-0.008530151581659045,0.1605574196581457,1.2105626871700395,10.490710861349271,-0.005797713880030453,0.016712422986445097
234.453,49.287,-28.9,234.47199999999998,49.159,-26.5,234.666,49.173,-28.9,0,0.9899775297327142,3.1666517896841,17.641719888390092,31.87616014299138,0.055992766785190114,0.09906611770219413
236.35,43.345,-26.5,236.55599999999998,43.358,-31.5,236.44400000000002,43.437,-28.9,0,0.020061399866883156,0.297193009903184,-9.489552765414835,23.379507440750025,-0.0021488629678309296,0.012593545019739966
234.25799999999998,49.271,-26.5,234.47199999999998,49.159,-26.5,234.453,49.287,-28.9,0,1.4331893410888488,4.17778798319103,17.849282012687524,31.945216582201013,0.0801524571061132,0.1304013486071211
234.897,48.935,-26.5,235.102,48.817,-26.5,235.08499999999998,48.945,-28.9,0,0.7004877061568829,4.211761697273584,16.65019998468662,31.354459929774293,0.04187017960564057,0.13405771930309604
234.462,49.414,-31.5,234.24599999999998,49.401,-29.0,234.453,49.287,-28.9,0,0.44455946574418986,1.1119532823575726,18.011338089437594,32.08176115504503,0.024651844713334543,0.03454711297901558
234.47199999999998,49.159,-26.5,234.686,49.048,-26.5,234.666,49.173,-28.9,0,1.203918935732035,4.129783637375523,17.974307389044505,31.47085531023471,0.06681585904601615,0.13088702142973369
234.686,49.048,-26.5,234.897,48.935,-26.5,234.878,49.06,-28.9,0,0.9497476520772038,4.134789933242918,17.58008061214175,31.274742319709276,0.0538391898327831,0.1319079392484776
236.725,46.567,-31.5,236.776,46.742,-31.5,236.627,46.671,-29.3,0,0.1871797019296465,-0.22359881853465113,-18.128146655144,22.382105256169655,-0.010239544679770996,-0.009894701786389378
236.53300000000002,44.253,-31.5,236.317,44.239,-26.5,236.435,44.162,-29.2,0,-0.16374315739278827,0.22633119005842867,-10.41645732067451,22.257105049030905,0.015649072461580087,0.010003326943167145
236.317,44.239,-26.5,236.53300000000002,44.253,-31.5,236.41500000000002,44.329,-28.8,0,-0.19739276218134155,0.267471204261434,-10.411265516236568,22.214824416140665,0.018885569007290402,0.011862668036736551
236.538,44.074,-31.5,236.32,44.06,-26.5,236.438,43.983,-29.2,0,-0.1147100579524768,0.17485588936551658,-10.694478780488453,22.253027241421876,0.010653327367626877,0.007696450947598884
236.341,43.524,-26.5,236.549,43.537,-31.5,236.437,43.617,-28.9,0,-0.011290844037035869,0.21063126017030862,-9.780756294520614,23.103702358040067,0.0010940947913057832,0.008984104908195385
233.094,50.317,-28.8,232.974,50.193,-26.5,233.203,50.185,-28.8,0,0.307914517379399,3.8394201316383008,3.6294774568268133,38.93747432488638,0.08341170820889762,0.09802739716058236
236.333,43.703,-26.5,236.546,43.716,-31.5,236.43,43.794,-28.8,0,-0.04641576347473999,0.165478544684015,-10.513883558520035,22.60115097139665,0.00434436588716498,0.007173234240962251
236.529,44.61,-31.5,236.314,44.596,-26.5,236.43,44.52,-29.2,0,-0.26422635823835433,0.3271211016637331,-10.78989985557984,21.79258813941182,0.024430589641487255,0.014859992573943534
236.314,44.596,-26.5,236.529,44.61,-31.5,236.40699999999998,44.687,-28.7,0,-0.29463268375045915,0.38625966694226654,-10.358891592487176,21.96371398817866,0.028380057319489428,0.01742678385210969
236.488,47.379,-28.7,236.675,47.45,-31.5,236.449,47.519,-29.1,0,-0.008337876106436755,0.8094110085105224,2.368244335685894,30.501815171455718,0.009219408145379844,0.026822914427480426
234.666,49.173,-28.9,234.686,49.048,-26.5,234.878,49.06,-28.9,0,0.81168017317835,3.1458542312664948,17.70796299790557,31.44105163157706,0.045695681395718564,0.09980886194333342
236.638,46.837,-29.2,236.464,46.73,-26.5,236.627,46.671,-29.3,0,-0.4834652972368504,0.6665425415865631,-14.121794601516747,25.44611180060096,0.03330989275900771,0.026139637279412528
236.308,44.775,-26.5,236.529,44.789,-31.5,236.41,44.868,-28.8,0,-0.3321580944321261,0.4114403077204759,-10.845112503093858,21.551387240112554,0.030565629154560042,0.01895231313812781
234.24599999999998,49.401,-29.0,234.25799999999998,49.271,-26.5,234.453,49.287,-28.9,0,1.18405782546317,3.1907672285787894,17.836429270048974,32.183499188974395,0.06628768860733117,0.09883533846378452
236.078,48.121,-29.2,236.176,48.278,-31.5,235.963,48.259,-29.1,0,-0.06274538346749799,1.3173292141581576,4.294406348717795,32.78700124308796,-0.014810577896919499,0.040105074584541274
236.595,47.621,-31.5,236.36700000000002,47.684,-29.2,236.449,47.519,-29.1,0,-0.03908779763484845,0.8643737734577945,3.416193864658357,30.761086952721563,-0.002019351555220422,0.02841360633694928
235.801,48.408,-28.8,235.739,48.244,-26.5,235.963,48.259,-29.1,0,-0.0750146408364232,4.4136796120054615,6.70880504784362,32.78151730025313,-0.011532285169770225,0.13441706859522357
236.776,46.742,-31.5,236.638,46.837,-29.2,236.627,46.671,-29.3,0,-0.09173727429958775,0.04221703656481141,-13.983141575970514,25.41762440771651,0.006308630571007404,0.0016591721943069878
233.715,49.938,-31.5,233.503,49.895,-28.8,233.664,49.794,-29.2,0,0.3286310011016429,1.2163549377535179,10.95780856416108,36.50682105580252,0.0299011108406432,0.03315409310408724
233.503,49.895,-28.8,233.452,49.755,-26.5,233.664,49.794,-29.2,0,0.9819296979239027,3.7403758759144368,10.836156176426202,36.52552599624186,0.09034540508602606,0.10194455945536966
236.288,47.43,-26.5,236.488,47.379,-28.7,236.449,47.519,-29.1,0,-0.019123580420759696,2.611739185776084,2.1057706701992203,30.594735323941443,0.015185763470833806,0.08609137685529052
236.889,40.719,-26.5,236.89499999999998,40.541,-26.5,236.959,40.631,-28.8,0,-0.002691455959158877,0.6009729966947768,-0.14718088405891194,23.890520081376224,-0.014402570964182402,0.02504476420954872
236.841,40.894,-26.5,236.889,40.719,-26.5,236.95,40.802,-29.2,0,-0.06928702304303679,0.46678988069818395,4.9943341720287435,22.346508189565185,-0.01318259882447052,0.020892277437025472
236.524,41.563,-26.5,236.564,41.387,-26.5,236.62900000000002,41.475,-29.4,0,0.25378694053966544,0.9781221443682125,4.394387556377836,19.056102558520053,0.0653137704014878,0.05145349135276004
236.501,41.741,-26.5,236.524,41.563,-26.5,236.591,41.656,-29.1,0,0.13043450901383177,0.6790917798947836,2.6542379231090933,18.40551150581274,0.06179808736999031,0.03708599572210954
236.485,41.919,-26.5,236.501,41.741,-26.5,236.572,41.834,-29.0,0,0.059462496918947776,0.49154248833254566,1.9556547369718658,17.526914328834607,0.046732503240585505,0.028356251088597257
236.469,42.097,-26.5,236.485,41.919,-26.5,236.55599999999998,42.012,-29.0,0,0.026009859389321578,0.48639687361543255,1.93273588816308,16.62454841855549,0.02862527140511895,0.0297816133023141
236.451,42.276,-26.5,236.469,42.097,-26.5,236.541,42.191,-29.0,0,-0.0003592073597621816,0.5833481717731148,2.0704153127200016,15.66794417464368,0.01207773036697414,0.03810861682748456
237.035,40.545,-31.5,237.031,40.724,-31.5,236.959,40.631,-28.8,0,0.015577443255863648,-0.20158828971255902,-0.7285054902761203,24.00057127451376,-0.0047888845171128736,-0.008447494875084937
237.031,40.724,-31.5,236.981,40.898,-31.5,236.95,40.802,-29.2,0,-0.0465774451592095,-0.3951587978822993,4.937058124470582,22.802281372793544,-0.01177149701515633,-0.017395479476037097
236.70999999999998,41.393,-31.5,236.676,41.57,-31.5,236.62900000000002,41.475,-29.4,0,0.08154139603748065,0.11077386177007494,3.4391449246530215,19.129342657112687,0.029339598250911942,0.00581370311465602
236.676,41.57,-31.5,236.659,41.749,-31.5,236.591,41.656,-29.1,0,0.024337562936939547,-0.11149059342101998,1.7004761206038381,18.408300780713233,0.02595909297150792,-0.006061896448575629
236.659,41.749,-31.5,236.643,41.928,-31.5,236.572,41.834,-29.0,0,0.005231433121065079,-0.20805418586778823,1.5841230938464435,17.522489132097093,0.015268711625315127,-0.011926437657735283
236.643,41.928,-31.5,236.63,42.106,-31.5,236.55599999999998,42.012,-29.0,0,-0.011584433324861206,-0.1458285994181497,1.2982287304900808,16.61937116492635,0.003663073370571675,-0.008831528473304361
236.63,42.106,-31.5,236.618,42.285,-31.5,236.541,42.191,-29.0,0,-0.01917218934387285,-0.017867380794930856,1.1901561871656838,15.690097293296475,-0.006097243653798772,-0.001115591411264599
236.49200000000002,39.909,-26.5,236.615,39.891,-29.0,236.635,40.051,-26.5,0,0.8370650107635056,-0.16672510319591935,-18.366378543503004,19.028806979635746,-0.04805571669485477,-0.010678543576431008
236.93200000000002,40.197,-31.5,236.852,40.366,-26.5,236.75900000000001,40.202,-26.5,0,0.2354190734831541,0.5472070080528536,-12.746265411809958,21.97723521928482,-0.019674859490403172,0.024633890830262132
236.998,40.368,-31.5,236.89499999999998,40.541,-26.5,236.852,40.366,-26.5,0,0.07621500785465855,0.5721651200208326,-6.571414800454221,24.028537362696767,-0.012572099738521867,0.02367722042557063
236.998,40.368,-31.5,236.852,40.366,-26.5,236.93200000000002,40.197,-31.5,0,0.056723886542997724,0.31196740537331613,-9.66490084727846,23.57549807379297,-0.006089855530994525,0.01326946445376482
237.035,40.545,-31.5,236.89499999999998,40.541,-26.5,236.998,40.368,-31.5,0,0.029492653577466454,0.17254575244646306,-5.913253542552297,23.989623608395476,-0.004155699519896739,0.0071731229809347844
236.89600000000002,41.065,-31.5,236.753,41.059,-26.5,236.841,40.894,-26.5,0,-0.0444000800789095,0.42451819678935065,9.3190639256662,19.91596804162461,-0.004033234682587532,0.021443296342941245
236.89600000000002,41.065,-31.5,236.841,40.894,-26.5,236.981,40.898,-31.5,0,-0.10797153804531096,-0.08311700276262901,8.841340031613953,20.510784038642925,-0.012482439732510273,-0.004027569609361182
236.789,41.225,-31.5,236.648,41.22,-26.5,236.753,41.059,-26.5,0,0.19414179274261079,0.7071418648975873,10.79127971030124,18.210885183600226,0.019472207708843135,0.03903223048640544
236.789,41.225,-31.5,236.753,41.059,-26.5,236.89600000000002,41.065,-31.5,0,-0.004343323155917987,0.1770879196502476,10.888929499623842,18.438230300905786,0.00020728775043464087,0.009711346896549247
236.70999999999998,41.393,-31.5,236.564,41.387,-26.5,236.648,41.22,-26.5,0,0.37939618124928426,0.87306098879347,8.731049863385437,18.269735124194113,0.046374350070243556,0.0479321646743467
236.70999999999998,41.393,-31.5,236.648,41.22,-26.5,236.789,41.225,-31.5,0,0.17160315642486004,0.43624341050368526,8.146593558047513,18.920257776218392,0.023128116611453486,0.023141208687853635
