lon1,lat1,dep1,lon2,lat2,dep2,lon3,lat3,dep3,mesh_idx,strike_slip_rate,dip_slip_rate,strike_slip_rate_kinematic,dip_slip_rate_kinematic,strike_slip_coupling,dip_slip_coupling
232.06,49.636,0.0,232.155,49.468,0.0,232.174,49.619,-3.1,0,-3.091228174931856,26.623068324555305,-5.555147588360363,40.02662493709507,0.5617558471501186,0.6634589004626379
232.411,49.299,-3.8,232.173,49.109,0.0,232.41500000000002,49.088,-2.1,0,1.3270492898324981,28.523000661073233,2.0911590426690836,37.963083363586016,0.6238970110792954,0.7499054953575213
234.663,43.131,0.0,234.711,42.959,0.0,234.957,43.141,-3.6,0,-1.8822407903588796,21.348365029719858,-3.9276282415338386,24.50295199921092,0.4783165186986105,0.8711367259894612
235.01600000000002,40.553,0.0,235.0,40.375,0.0,235.122,40.45,-3.7,0,1.9394355794544078,11.776026500513186,3.2601391056661555,25.244178557340234,0.6989734155952066,0.4641323386507708
234.215,47.089,-2.3,234.514,47.122,-4.8,234.43099999999998,47.282,-4.8,0,-0.150894688168222,30.301469531051733,-1.4304872186756654,31.681878559986586,0.0696886506463287,0.9562760306026566
232.16500000000002,49.288,0.0,232.173,49.109,0.0,232.411,49.299,-3.8,0,-13.677147525775192,23.143394026364113,-22.09529921232646,31.180931879476027,0.6205259403452074,0.741213792197707
235.189,41.661,-4.5,234.916,41.672,-2.1,234.963,41.518,-2.0,0,8.181809520745423,10.665771576685811,11.558081215672786,15.087268545231353,0.7181945779889879,0.7082810936172025
235.236,41.503,-4.6,235.189,41.661,-4.5,234.963,41.518,-2.0,0,6.380686500248741,11.554257891346278,9.153209310353532,16.848875438948255,0.7106709221311759,0.6864382480360431
235.248,41.188,-4.2,235.276,41.348,-4.6,235.05200000000002,41.214,-2.0,0,4.205222784774646,13.752298789784225,5.826706303289598,19.79703153297197,0.7485536639058843,0.6940678295381597
234.951,42.568,-2.7,234.80700000000002,42.44,0.0,235.09699999999998,42.386,-4.2,0,3.7076763998746407,9.511296305115723,9.084058893454298,12.19092777502695,0.4294778797970268,0.7870837147633619
235.269,40.744,-6.5,235.312,40.919,-6.5,235.058,40.907,0.0,0,-0.6299936988107181,15.056195218496033,-0.5254521611092855,23.03524236567287,0.7368272957971637,0.6516142854393339
234.047,47.495,-2.2,234.162,47.276,-2.5,234.334,47.443,-4.7,0,-0.776348924662274,30.46950654907498,-9.287503986335722,31.892578491947262,0.08389649451502926,0.9553323509329013
235.269,40.744,-6.5,235.058,40.907,0.0,235.055,40.729,0.0,0,3.3204113795833816,14.802411445957357,4.759165415597067,23.10523980200054,0.7504138949906263,0.6392964743894483
233.725,47.955,-2.3,233.893,48.09,-4.5,233.588,48.137,-2.0,0,-1.3842882476864735,31.3230557938558,-4.306815777812016,34.518101620353825,0.32540638617934814,0.9072782942455639
234.162,47.276,-2.5,234.215,47.089,-2.3,234.43099999999998,47.282,-4.8,0,-0.3184717059733332,30.36364244409074,-4.430753297799491,31.61275631456965,0.07399041217999973,0.9603436628890167
235.09300000000002,42.2,-4.3,234.862,42.16,-2.0,234.923,42.001,-2.4,0,4.0539979541622095,11.01401251732543,7.624182688028725,14.893198624894325,0.5544156184036677,0.7436067703454013
234.957,43.141,-3.6,234.711,42.959,0.0,235.013,42.979,-4.2,0,-3.612026242351307,19.705468358230966,-8.584540614574685,23.362262860474353,0.42050694088093726,0.8433088184272256
232.155,49.468,0.0,232.16500000000002,49.288,0.0,232.411,49.299,-3.8,0,-13.038297612883818,22.560504644907674,-21.755630857267757,31.681376746863503,0.6009395559699899,0.7109444112660879
235.13299999999998,42.007,-4.5,235.09300000000002,42.2,-4.3,234.923,42.001,-2.4,0,3.695340299801343,10.873290282711366,7.009737861758708,15.335337621207657,0.5502467982127354,0.7128941064539822
235.276,41.348,-4.6,235.036,41.366,-2.2,235.05200000000002,41.214,-2.0,0,7.059251710461229,12.704366973211483,9.506846366203547,18.040851805720962,0.757264674350331,0.704073761907675
234.914,41.826,-2.0,235.166,41.851,-4.5,234.923,42.001,-2.4,0,5.256244360642708,11.081837647519857,8.505938437939307,15.571956794846386,0.6348378038816924,0.7143135637124904
233.488,48.49,-4.2,233.24200000000002,48.316,0.0,233.52100000000002,48.295,-2.7,0,1.572971527924805,30.887406599055325,3.2814705176883283,35.58415124283194,0.4730724221863073,0.8676107296334461
233.893,48.09,-4.5,233.786,48.221,-4.6,233.588,48.137,-2.0,0,1.13933715956129,31.042609419123774,3.238749060885259,34.849008543596646,0.3459901458037667,0.8905372812846609
233.24200000000002,48.316,0.0,233.488,48.49,-4.2,233.265,48.528,-2.5,0,3.6470463676256677,30.151138905530857,7.2090096670714745,35.218736005885326,0.5031737598535482,0.8556038870402346
235.166,41.851,-4.5,235.13299999999998,42.007,-4.5,234.923,42.001,-2.4,0,4.961937792449154,10.461297043510458,8.614415599887764,15.089977638400455,0.5926023948896116,0.6966305154062168
232.74200000000002,48.885,-2.5,232.7,48.71,0.0,233.011,48.768,-3.0,0,8.386052532209005,27.68627500672405,13.815527154394275,34.301291644790595,0.605878116490712,0.8060888159912483
234.663,43.131,0.0,234.957,43.141,-3.6,234.813,43.303,-2.4,0,-1.9610637541880587,21.167395344532373,-3.9793108717962795,24.416248948798227,0.4914796985948289,0.8668054227274464
234.535,46.06,-2.0,234.82,45.899,-4.3,234.833,46.068,-4.7,0,-6.127830214894761,25.7450594267955,-10.378525085619959,27.149852874930808,0.5828697967795111,0.9474687821278259
234.73399999999998,45.343,-2.4,234.92700000000002,45.258,-4.5,234.878,45.435,-4.1,0,-10.107637712870575,22.760103429441994,-13.113045808737343,24.34561006282879,0.7644749531105166,0.9342258004850249
234.82,45.899,-4.3,234.535,46.06,-2.0,234.588,45.868,-2.1,0,-6.06027014723576,26.17610975634892,-9.68686368211089,27.347668749730417,0.6178677104460426,0.9565267653180206
234.73399999999998,45.343,-2.4,234.767,45.17,-2.6,234.92700000000002,45.258,-4.5,0,-10.171531550130732,22.826431879403557,-12.90246956338176,24.300971572879025,0.7822466306715606,0.9387583736641734
235.269,40.744,-6.5,235.055,40.729,0.0,235.239,40.568,-6.5,0,0.44558453117362345,14.250013229286575,1.0303559055936944,24.14958757567743,0.7141007860324371,0.5878401480585622
234.80700000000002,42.44,0.0,234.911,42.282,-2.2,235.09699999999998,42.386,-4.2,0,-0.010187660400853487,12.170270183930047,0.4285386068210073,15.686464200859135,0.4644941095980758,0.7791078563995345
235.239,40.568,-6.5,235.055,40.729,0.0,235.01600000000002,40.553,0.0,0,-0.227090584618951,13.813028928096552,0.1020756404407166,24.520151459028114,0.7238336955507857,0.5606602156990821
234.66899999999998,42.108,0.0,234.699,41.93,0.0,234.923,42.001,-2.4,0,5.6078077014571885,11.608611740179708,9.005750574737874,14.992820522616228,0.6415916219646693,0.7772807092503193
234.711,42.959,0.0,234.921,42.84,-2.8,235.013,42.979,-4.2,0,2.585648516785917,9.513581417014777,6.739697828743459,11.371171863886786,0.4116212955725898,0.8422956421071022
234.916,41.672,-2.1,235.189,41.661,-4.5,235.058,41.755,-3.4,0,4.380209260198687,12.145416918190046,6.545150003347715,17.415729338515376,0.6898456213725873,0.6984139589545517
234.862,42.16,-2.0,234.66899999999998,42.108,0.0,234.923,42.001,-2.4,0,4.780470708192255,11.5149125781001,8.231905775780973,14.94441682954593,0.6023298332449214,0.7739775084589015
235.036,41.366,-2.2,235.236,41.503,-4.6,234.963,41.518,-2.0,0,8.172388425848068,11.408395464563192,11.175875811481191,16.21419949529823,0.7422212377132521,0.7041254846688346
232.7,48.71,0.0,232.918,48.602,0.0,233.011,48.768,-3.0,0,9.552705209338448,27.40114302936914,15.977234013853952,33.14929143966604,0.5969902430690239,0.8256498671954897
232.155,49.468,0.0,232.34300000000002,49.605,-6.5,232.174,49.619,-3.1,0,0.7614127172599953,25.970440621302085,1.3310403619450906,39.73411913212375,0.5542447031469234,0.6518295727864063
233.918,47.343,0.0,234.162,47.276,-2.5,234.047,47.495,-2.2,0,-0.9093890810476335,30.96298169825416,-8.800206568141263,32.18010248701888,0.10343711932766304,0.962140162673281
234.951,42.568,-2.7,235.09699999999998,42.386,-4.2,235.112,42.551,-4.7,0,2.6082651351574455,9.759882144525461,7.363957584500412,12.917871396957537,0.38101611379944006,0.7625580390015213
234.514,47.122,-4.8,234.215,47.089,-2.3,234.377,46.998,-3.3,0,-0.3897091783250679,29.984203354174575,-4.446924621631794,31.2144016432362,0.0864415170512954,0.960391800757443
234.837,45.75,-4.2,234.82,45.899,-4.3,234.588,45.868,-2.1,0,-6.86823430231463,25.361541789651653,-10.388787952268245,26.764522495997703,0.653110504085751,0.9468483836566279
234.047,47.495,-2.2,234.334,47.443,-4.7,234.225,47.622,-4.5,0,-0.5487595839594506,31.119843625302327,-6.0719953715031,32.86581051745589,0.0912335614414536,0.9468190212798459
234.334,47.443,-4.7,234.162,47.276,-2.5,234.43099999999998,47.282,-4.8,0,-0.32878115429995025,31.042289790988196,-5.118322031316115,32.56953814895256,0.06491923082324579,0.9530597709996046
234.90300000000002,45.053,-4.2,234.767,45.17,-2.6,234.709,44.938,-1.9,0,-12.036738249000196,21.259360995721472,-14.900360805146928,22.661783827314295,0.8030164185791014,0.9375554064171999
234.92700000000002,45.258,-4.5,235.1,45.327,-6.5,234.878,45.435,-4.1,0,-9.653684177078148,22.202161198301393,-12.88653593093634,24.323025077277503,0.7421133718958953,0.9119240124177047
234.933,43.458,-4.2,234.813,43.303,-2.4,235.003,43.296,-4.7,0,-3.113020649909605,20.01900886444954,-6.298885278821345,23.811772893285713,0.49300949661625715,0.840527194791757
234.921,42.84,-2.8,235.201,42.842,-6.5,235.013,42.979,-4.2,0,2.0535813714168936,8.948721228736371,6.583050164198141,11.353624463879697,0.33960286415791074,0.7955284528571401
234.643,45.671,-2.1,234.837,45.75,-4.2,234.588,45.868,-2.1,0,-5.685870161075883,26.18699380722666,-8.175418259701619,27.4389871929489,0.6857024492073557,0.9537760208092979
232.74200000000002,48.885,-2.5,233.011,48.768,-3.0,232.97899999999998,48.929,-4.8,0,8.365022696158418,26.651390981562574,14.09094291468871,34.2310453643476,0.5925529666503284,0.7773999266047688
233.95,47.654,-2.2,234.047,47.495,-2.2,234.225,47.622,-4.5,0,-0.39811729884344094,31.746223392775054,-3.227956960174371,33.50978079191508,0.12514656498364826,0.9473138302917639
234.422,46.406,-2.0,234.638,46.35,-3.6,234.566,46.524,-3.5,0,-2.312024685232442,28.253508758667888,-6.3414424747392,29.3973367836061,0.3572435060704659,0.9605186723366451
234.74,43.733,-2.4,234.52100000000002,43.652,0.0,234.736,43.555,-2.3,0,-6.5528085486696295,20.188664274518732,-9.645034935668143,22.329785356804194,0.6785107503195263,0.9040070788885578
234.767,45.17,-2.6,234.566,45.053,0.0,234.709,44.938,-1.9,0,-12.932873191899267,21.223470602849122,-15.674559248054585,22.292881539684906,0.8210213175617384,0.9516075879330026
235.236,41.503,-4.6,235.036,41.366,-2.2,235.276,41.348,-4.6,0,6.869389122896691,11.949405459742373,9.575737429047123,17.411554652687215,0.7308257878087226,0.6864126638879559
234.638,46.35,-3.6,234.736,46.461,-4.7,234.566,46.524,-3.5,0,-2.1987268708439265,27.969625795793654,-6.136439026627354,29.383873556015196,0.3487688246239466,0.9511871520000574
234.909,44.529,-3.8,235.123,44.617,-6.5,234.95999999999998,44.719,-4.4,0,-8.128453980929226,18.401549009926146,-10.815095276145868,21.112520983008103,0.7511506307532821,0.8714814473086756
233.786,48.221,-4.6,233.52100000000002,48.295,-2.7,233.588,48.137,-2.0,0,1.1933757940088034,31.08443758690802,2.9849840452188694,35.104523139857086,0.3932306859682391,0.8852037592566527
234.12900000000002,47.77,-4.4,234.024,47.926,-4.5,233.84199999999998,47.804,-2.3,0,0.05811379030239734,31.623212409237354,0.23458385210690302,34.143091331305065,0.19707989862175543,0.9260929005780759
234.813,43.303,-2.4,234.933,43.458,-4.2,234.756,43.43,-2.3,0,-1.0850249349529295,21.13472734763804,-1.9903757797260653,24.474531520077605,0.5415782723127678,0.8633913352118945
235.201,42.842,-6.5,234.921,42.84,-2.8,235.048,42.708,-4.3,0,2.006696823513038,9.201189590405509,6.595193613901813,11.799233814441976,0.33325284600465566,0.7872940062749049
233.50900000000001,48.004,0.0,233.725,47.955,-2.3,233.588,48.137,-2.0,0,-1.1181580574743917,31.979873331543146,-3.2739897102659086,34.850326075843036,0.3463323477750851,0.9174839410207067
234.248,46.938,-2.1,234.061,46.813,0.0,234.32,46.758,-2.1,0,-0.7903411950117399,29.946262614576156,-5.1387837617368675,30.78988552196509,0.15777004803664732,0.9723344142396299
234.628,44.53,0.0,234.909,44.529,-3.8,234.791,44.646,-2.2,0,-8.380434832767559,19.680018814504272,-10.383431068531891,21.34187195355141,0.8067217981076013,0.9220978025260178
233.95,47.654,-2.2,234.12900000000002,47.77,-4.4,233.84199999999998,47.804,-2.3,0,0.2101269566685135,31.884480309143985,1.1217035827490331,33.99999583634748,0.17900887318893965,0.9376965854612161
232.57999999999998,49.168,-4.2,232.411,49.299,-3.8,232.41500000000002,49.088,-2.1,0,2.2454539474254296,27.60598397245871,3.647530382385016,37.73163520249618,0.6097100533080614,0.7301532333253505
234.839,44.265,-2.7,235.12,44.262,-6.5,234.936,44.401,-4.1,0,-6.782351516577553,18.858896183143166,-9.349064120355543,22.066470249277145,0.7247727151976688,0.8544577908973283
234.723,46.182,-4.0,234.535,46.06,-2.0,234.833,46.068,-4.7,0,-4.311203151009602,26.830879067817147,-7.86763817073566,28.218397974137297,0.5382497406633879,0.9500645332136475
234.12900000000002,47.77,-4.4,233.95,47.654,-2.2,234.225,47.622,-4.5,0,-0.5407868443098041,31.471448593529153,-3.989130002225579,33.55533547105436,0.13761915721291332,0.937824833901612
234.061,46.813,0.0,234.125,46.639,0.0,234.32,46.758,-2.1,0,-1.1859452087381468,29.681734095243428,-6.1572714334777,30.430361464703637,0.19764333251871907,0.9751163070721549
234.93,43.644,-4.4,235.13299999999998,43.729,-6.5,234.924,43.814,-4.4,0,-5.542066268488379,18.114094204947005,-9.609496730835936,22.341999530825113,0.5756648397819973,0.8104809000303748
234.72,41.577,0.0,234.805,41.409,0.0,234.963,41.518,-2.0,0,10.670106346658187,10.393121887987036,13.965643283397796,13.995201081038687,0.7724644387638289,0.7438220002394786
234.791,44.646,-2.2,234.909,44.529,-3.8,234.95999999999998,44.719,-4.4,0,-8.595665817651666,18.96521081648627,-10.964068875553885,21.011488237032076,0.7836089748749382,0.9025530355520147
234.911,42.282,-2.2,234.862,42.16,-2.0,235.09300000000002,42.2,-4.3,0,0.8234698060539661,12.19255665836798,1.9639462471450884,16.207252127280782,0.517383695969081,0.7553916614054639
234.909,44.529,-3.8,234.628,44.53,0.0,234.773,44.422,-2.0,0,-8.751726848862074,19.43499772097529,-10.89329109475123,21.141680577590115,0.8030177411323901,0.9192281108004982
234.628,44.35,0.0,234.635,44.171,0.0,234.839,44.265,-2.7,0,-7.532845374050333,20.229034875135728,-9.458571910540421,21.986665307774274,0.7958593326226117,0.9199977111661615
235.12,44.262,-6.5,234.839,44.265,-2.7,234.987,44.147,-5.0,0,-10.014626466184469,16.25991169913082,-14.216617493426078,19.332541656929784,0.703904594240728,0.8408328217296318
234.52100000000002,43.652,0.0,234.519,43.473,0.0,234.736,43.555,-2.3,0,-7.1285711477982785,20.107104467856196,-10.516593048215324,21.977741604896806,0.6770473768936787,0.9147960200654652
235.314,42.136,-6.5,235.281,42.312,-6.5,235.09300000000002,42.2,-4.3,0,3.0237484612973775,9.31523161691465,7.491388193649982,14.09864603324354,0.4249334257262928,0.6668258601888112
234.588,43.302,0.0,234.663,43.131,0.0,234.813,43.303,-2.4,0,-0.27988460730618625,22.001240033991188,-0.4951159519621129,24.650713853961577,0.5539078239347035,0.8924292330864451
234.535,46.06,-2.0,234.348,45.937,0.0,234.588,45.868,-2.1,0,-6.227084405082136,26.56968563309191,-9.969686607859373,27.429861165487523,0.6184383812018267,0.9681780577362283
234.711,42.959,0.0,234.716,42.779,0.0,234.921,42.84,-2.8,0,2.770442163609929,10.21582538054087,6.665115710464079,11.94632897925436,0.4462823798321722,0.859946683254618
234.535,43.831,0.0,234.74,43.733,-2.4,234.755,43.911,-2.5,0,-7.990391669533566,19.513489216169937,-11.062103840673512,21.527984453926337,0.7215961996292763,0.9063166231626063
235.189,41.661,-4.5,235.389,41.785,-6.5,235.166,41.851,-4.5,0,4.0548010277459605,10.66963897445499,6.768718066864125,16.761589616078453,0.6173669624710155,0.6382558427192353
234.93,43.644,-4.4,234.74,43.733,-2.4,234.736,43.555,-2.3,0,-6.102282758609243,19.52750105918893,-9.66636627070816,22.349580581570947,0.6303247478930467,0.8735696747740451
234.537,45.231,0.0,234.566,45.053,0.0,234.767,45.17,-2.6,0,-9.508722570082764,23.952692113462273,-11.512359407080211,24.981224547555144,0.8204081998644898,0.9585112363898919
235.122,44.439,-6.5,235.123,44.617,-6.5,234.909,44.529,-3.8,0,-7.624199308981185,18.02157462481898,-10.523789961119846,21.3464638104084,0.7239516284027435,0.8440633511124948
234.699,41.93,0.0,234.708,41.752,0.0,234.914,41.826,-2.0,0,4.880007898669464,12.776842706504636,7.219744908569993,16.80910928532049,0.6980463723322126,0.7616607462330796
234.563,44.873,0.0,234.588,44.699,0.0,234.78199999999998,44.79,-2.1,0,-10.1422803707403,22.66512018013369,-12.05945560173647,23.85895221724911,0.83651878231282,0.9496200080247498
233.011,48.768,-3.0,233.209,48.92,-6.5,232.97899999999998,48.929,-4.8,0,7.6133753570658556,26.05370917312607,13.370124182799024,34.40700492065808,0.5682359678769193,0.7560504980584112
232.489,48.823,0.0,232.7,48.71,0.0,232.74200000000002,48.885,-2.5,0,9.295459189625252,27.737861967968744,14.885320260811941,34.047111650247096,0.623497946493641,0.8135714815568257
233.52100000000002,48.295,-2.7,233.786,48.221,-4.6,233.685,48.379,-4.9,0,0.9182864344359882,30.53296513550318,2.2139400580385082,35.25351657008282,0.4052720972217119,0.8657632653406797
234.916,41.672,-2.1,234.72,41.577,0.0,234.963,41.518,-2.0,0,8.956752841285379,11.09733351495586,12.107595931696167,15.050461305213531,0.7501315556547046,0.7385635620566696
234.477,46.235,-2.0,234.535,46.06,-2.0,234.723,46.182,-4.0,0,-3.5330690459999556,27.607550980025522,-6.778615743861224,28.72435340243183,0.5114422033438264,0.960506958500926
235.126,44.795,-6.5,235.125,44.972,-6.5,234.911,44.883,-3.8,0,-10.814649679114039,19.51831009806677,-14.377201071682098,22.31172352474438,0.7463443756453677,0.8736160424036721
234.805,41.409,0.0,234.872,41.236,0.0,235.036,41.366,-2.2,0,9.775207750274365,11.856724123516884,12.569184319929178,16.167282496035313,0.7881534984929732,0.7337147910248903
234.813,43.303,-2.4,234.957,43.141,-3.6,235.003,43.296,-4.7,0,-1.7956591238184016,20.471714725931676,-3.9042416023681525,24.4133719068439,0.45841068117617306,0.8383634834941647
234.477,46.235,-2.0,234.289,46.112,0.0,234.535,46.06,-2.0,0,-3.7707311592066035,27.895216453506404,-7.07506497564254,28.739743999596584,0.5255211278518465,0.9701520817606194
233.688,47.666,0.0,233.804,47.505,0.0,233.95,47.654,-2.2,0,-0.18926227506303947,32.392106018198,-1.0685831054342145,33.93088545210761,0.1815576090844126,0.9545957783068926
234.498,45.408,0.0,234.537,45.231,0.0,234.73399999999998,45.343,-2.4,0,-8.16055333461016,25.017871262947203,-10.095926209677536,25.981711853428727,0.8017354388335924,0.9625873514312875
235.17700000000002,43.019,-6.5,235.159,43.196,-6.5,234.957,43.141,-3.6,0,-2.8314380976607008,18.370264508590324,-8.100330799731822,23.511749798989,0.34910085160515364,0.7810630051564417
233.50900000000001,48.004,0.0,233.589,47.833,0.0,233.725,47.955,-2.3,0,-2.3179018001832774,31.61481799650092,-7.386122404345915,33.97253963080512,0.31548097988387774,0.9304965290936454
235.389,41.785,-6.5,235.35,41.961,-6.5,235.166,41.851,-4.5,0,4.404909829808236,9.548124422682694,8.07385037605502,15.578461030833864,0.5606575545978054,0.6157314614153954
234.125,46.639,0.0,234.36700000000002,46.584,-2.0,234.32,46.758,-2.1,0,-1.5666532738135543,29.20425171356466,-6.917970083054513,30.015736469098314,0.22889882854562718,0.9726296662240791
234.535,43.831,0.0,234.52100000000002,43.652,0.0,234.74,43.733,-2.4,0,-8.64258229112752,19.364296476949065,-11.946218829542232,21.094320283934344,0.7227876113092626,0.9178960108575617
233.918,47.343,0.0,233.957,47.165,0.0,234.162,47.276,-2.5,0,-1.4845292974330124,28.97807130861424,-14.200146947400881,29.9482301457242,0.10443530816808441,0.9675717362005644
234.399,45.761,0.0,234.451,45.585,0.0,234.643,45.671,-2.1,0,-6.0472415735157385,26.590202440111263,-8.19772773367422,27.431832777112298,0.7295419356164387,0.9689594256117142
234.125,46.639,0.0,234.17700000000002,46.463,0.0,234.36700000000002,46.584,-2.0,0,-2.245347464680415,28.827732869324386,-8.131186041663128,29.543405534575868,0.27900871913551883,0.9754405811166764
233.997,46.987,0.0,234.061,46.813,0.0,234.248,46.938,-2.1,0,-0.8128504268297321,30.072820121612843,-6.140771597805411,30.859802327491558,0.14084469434161162,0.9742723609272038
235.423,41.609,-6.5,235.389,41.785,-6.5,235.189,41.661,-4.5,0,4.65903487661404,10.2153001175549,7.707746555632241,16.681377506430977,0.6194903717438136,0.6136494348891186
234.289,46.112,0.0,234.348,45.937,0.0,234.535,46.06,-2.0,0,-4.161223741171925,27.813325511586424,-7.086154504577323,28.574419899710776,0.5796727774670335,0.9729593947279911
234.23000000000002,46.287,0.0,234.289,46.112,0.0,234.477,46.235,-2.0,0,-3.4415630806760995,28.26232114312329,-7.066141710358259,28.99359538244788,0.48190426567750155,0.9743785384310704
232.918,48.602,0.0,233.183,48.63,-2.8,233.011,48.768,-3.0,0,6.188605183581425,28.800282295125477,10.739370130692105,35.036591783924926,0.5746019579794399,0.8211790477213053
235.13299999999998,42.007,-4.5,235.314,42.136,-6.5,235.09300000000002,42.2,-4.3,0,3.061717140407422,10.132465925558549,6.57936498654891,15.133216625052341,0.48912265603443483,0.6741755539560835
234.951,41.067,0.0,235.184,41.056,-3.3,235.05200000000002,41.214,-2.0,0,7.971603549378215,13.313061363516901,10.409934819596131,18.771514670891122,0.7814507177388561,0.708937745544279
234.519,43.473,0.0,234.588,43.302,0.0,234.756,43.43,-2.3,0,-0.7878918138881845,22.211000189046302,-1.2555566128709827,24.487333973867095,0.6221609887679199,0.9069647837538453
232.918,48.602,0.0,233.089,48.464,0.0,233.183,48.63,-2.8,0,4.80702402582954,29.929068704531566,8.502818655741414,35.41517980792971,0.5631490365115516,0.84442438658225
232.309,48.956,0.0,232.489,48.823,0.0,232.57299999999998,48.99,-2.5,0,6.2619447710279195,28.962220455546415,9.819925383701511,36.21690752475185,0.6359244845478195,0.7984666830256161
232.848,49.185,-6.5,232.678,49.324,-6.5,232.57999999999998,49.168,-4.2,0,5.118853943922858,25.16878971773568,8.886255355622357,36.712134105854844,0.5740149326392492,0.6839504097102211
232.678,49.324,-6.5,232.50900000000001,49.463,-6.5,232.411,49.299,-3.8,0,4.993513461419983,24.815695729008496,8.77490045280583,37.20199618155799,0.5670375187136829,0.6652929600061512
235.35,41.961,-6.5,235.314,42.136,-6.5,235.13299999999998,42.007,-4.5,0,3.734159669390332,9.369929801932079,7.792387941522264,14.857130517427862,0.4968987486654168,0.6351075309575523
235.14600000000002,43.373,-6.5,235.14,43.551,-6.5,234.933,43.458,-4.2,0,-4.411093041279575,17.650510861647607,-9.659955468685055,22.561521697812367,0.45565527023372954,0.7820195763475204
234.708,41.752,0.0,234.916,41.672,-2.1,234.914,41.826,-2.0,0,3.5387997831345994,13.290516716402635,5.184117793604997,17.87540410356982,0.7121549030790003,0.7443892137314255
234.893,46.74,-6.5,234.832,46.913,-6.5,234.64600000000002,46.791,-4.8,0,-0.9598092452725717,28.018343947314463,-5.31098755527146,30.173783357855243,0.16911324305464925,0.9280568160804377
234.971,46.389,-6.5,234.94299999999998,46.566,-6.5,234.736,46.461,-4.7,0,-3.650485724634685,25.636423766725827,-10.618009192615325,27.90212802273586,0.3383944990363952,0.9177388601092045
235.125,44.972,-6.5,235.113,45.15,-6.5,234.90300000000002,45.053,-4.2,0,-9.770888594358095,20.855845420966553,-12.969129719092724,23.535599094617787,0.7465160652295068,0.8851022640424124
234.688,47.254,-6.5,234.594,47.42,-6.5,234.43099999999998,47.282,-4.8,0,-0.09512145277744735,29.791157450994717,0.24098304376969537,31.857664590001242,0.04202948027059939,0.9350868918851952
234.49200000000002,47.584,-6.5,234.389,47.747,-6.5,234.225,47.622,-4.5,0,-0.16273793260266434,30.86161850968302,-2.134933639554049,33.408132996577585,0.08046733078964961,0.9236849510765993
234.389,47.747,-6.5,234.287,47.911,-6.5,234.12900000000002,47.77,-4.4,0,-0.294925647578114,30.775315215058132,-2.3583279640577732,33.772004824727674,0.13028207417421458,0.9111533544362129
234.287,47.911,-6.5,234.173,48.072,-6.5,234.024,47.926,-4.5,0,-0.04626013957575818,30.584925407514984,-0.31897599211628247,34.2216073667383,0.1952304907833524,0.8935738024105605
234.769,47.085,-6.5,234.688,47.254,-6.5,234.514,47.122,-4.8,0,-0.20054602435250946,29.351211859344385,-1.9373937176349685,31.387030723619866,0.06107653273839236,0.9350163090421181
234.594,47.42,-6.5,234.49200000000002,47.584,-6.5,234.334,47.443,-4.7,0,-0.1092607244911758,30.724830670833597,-2.3918416056354523,32.97049042717149,0.048482072859365066,0.9318118145269236
234.04500000000002,48.227,-6.5,233.902,48.378,-6.5,233.786,48.221,-4.6,0,1.5800778366105117,29.461112994329827,4.594436936833267,34.68098512459857,0.3393998290827191,0.8491536641716529
232.57999999999998,49.168,-4.2,232.678,49.324,-6.5,232.411,49.299,-3.8,0,2.538517517111051,26.267076176663497,4.296125758087072,37.74681036298421,0.5859523197963636,0.6942827785172732
234.389,47.747,-6.5,234.12900000000002,47.77,-4.4,234.225,47.622,-4.5,0,-0.4245110133575169,30.992472515383927,-3.8059244136904944,33.480280347800196,0.11412684400973529,0.925604465186326
234.708,41.752,0.0,234.72,41.577,0.0,234.916,41.672,-2.1,0,5.461079518370214,13.18589280340918,7.5495228380981985,17.52413323110281,0.7431947743357573,0.7531908180327678
234.893,46.74,-6.5,234.64600000000002,46.791,-4.8,234.70600000000002,46.618,-4.8,0,-1.2408546826216498,28.036451011978233,-5.622897050024118,29.94732886568542,0.2104308600796439,0.9355950572518437
234.769,47.085,-6.5,234.514,47.122,-4.8,234.595,46.953,-4.9,0,-0.40351612031870926,29.1741025505043,-4.275057078414857,30.965296278006505,0.08362879390331417,0.9419452642051428
235.1,45.327,-6.5,235.086,45.504,-6.5,234.878,45.435,-4.1,0,-9.210073040982772,22.15207273347563,-12.678403969877483,24.564132378258034,0.7189516779047687,0.9007657917168151
233.739,48.518,-6.5,233.56799999999998,48.656,-6.5,233.488,48.49,-4.2,0,4.265884239339544,27.749612744946205,9.206201011765092,34.6264745617086,0.4612180439098145,0.8007537649344453
235.405,41.082,-6.5,235.44799999999998,41.256,-6.5,235.248,41.188,-4.2,0,-0.6665377917988005,13.847568004060268,-0.6961547692720558,20.874401615789054,0.7068970904049856,0.6621297463928301
235.04399999999998,45.859,-6.5,235.02100000000002,46.036,-6.5,234.82,45.899,-4.3,0,-6.869967440019517,24.050895594651923,-11.39534973559162,26.35685096616433,0.594607600215828,0.9112490173515474
235.065,45.682,-6.5,235.04399999999998,45.859,-6.5,234.837,45.75,-4.2,0,-7.689281806805092,23.52167181925966,-11.693630383448756,25.838832797063326,0.6493173526677379,0.909139874086794
235.086,45.504,-6.5,235.065,45.682,-6.5,234.858,45.586,-4.2,0,-8.192428048910156,23.049657913617597,-11.717352330516963,25.422119533188674,0.6909526288775113,0.9055845399991913
234.36700000000002,46.584,-2.0,234.17700000000002,46.463,0.0,234.422,46.406,-2.0,0,-2.4543231415995708,28.626517383839907,-7.627976965760421,29.424234374723728,0.3212239636720079,0.9724943462433806
234.17700000000002,46.463,0.0,234.23000000000002,46.287,0.0,234.422,46.406,-2.0,0,-3.0321766633812177,28.45043260339653,-7.9950311831630465,29.16251923991055,0.3783475750067052,0.9752065091026867
235.451,41.433,-6.5,235.423,41.609,-6.5,235.236,41.503,-4.6,0,4.587796915507148,11.066303555872706,7.160540204265601,17.7806347749015,0.6576201839973255,0.6226395993965153
234.334,47.443,-4.7,234.49200000000002,47.584,-6.5,234.225,47.622,-4.5,0,-0.4426067336554053,30.5672036821159,-6.374905941569121,32.674201321238606,0.07052417884211713,0.9354415243830714
234.858,45.586,-4.2,235.065,45.682,-6.5,234.837,45.75,-4.2,0,-8.047733366417495,23.766760304767534,-11.605482167478225,25.739539271880464,0.685446928816904,0.9223993304973551
235.405,41.082,-6.5,235.248,41.188,-4.2,235.184,41.056,-3.3,0,2.9732544195692876,14.206618014808772,4.2995122115243305,20.87368926804487,0.7340585548054995,0.6796680187945283
234.399,45.761,0.0,234.643,45.671,-2.1,234.588,45.868,-2.1,0,-5.947263713377304,26.571662342128327,-8.457695397858537,27.500585568146768,0.694883343033421,0.965784952951827
234.575,44.008,0.0,234.535,43.831,0.0,234.755,43.911,-2.5,0,-11.228356640647307,17.503915472285488,-14.814340684740309,19.03800187510766,0.7574575353150071,0.9193251752661286
234.80700000000002,42.44,0.0,234.709,42.284,0.0,234.911,42.282,-2.2,0,-1.495116490888913,12.694473272176038,-2.4937344166420417,15.807305608612737,0.5169225699480152,0.8048182099582794
235.35,41.961,-6.5,235.13299999999998,42.007,-4.5,235.166,41.851,-4.5,0,4.397509518172542,9.836062004173542,8.140892144935208,15.242220941079268,0.5564761739831083,0.6487616375716617
234.725,42.6,0.0,234.80700000000002,42.44,0.0,234.951,42.568,-2.7,0,5.165115572626472,7.662575310555002,11.714477372031268,9.392972162146464,0.455489060614416,0.8239835277852071
234.498,45.408,0.0,234.73399999999998,45.343,-2.4,234.674,45.523,-2.1,0,-8.66939367359321,24.715086080537645,-11.022237068851659,25.755056227876278,0.7800447330047013,0.9592310576086198
234.23000000000002,46.287,0.0,234.477,46.235,-2.0,234.422,46.406,-2.0,0,-3.133823755863474,28.278690286177966,-7.3124778636350065,29.09055541096219,0.4242012831346987,0.9716531076695725
235.04399999999998,45.859,-6.5,234.82,45.899,-4.3,234.837,45.75,-4.2,0,-6.631801275829438,24.695540510201244,-10.254980270471236,26.68037604420004,0.6376793879516856,0.9245809657413918
234.839,44.265,-2.7,234.635,44.171,0.0,234.787,44.08,-2.7,0,-12.131302415630415,16.38493353756327,-15.75937949351139,18.11094216851626,0.7693955723957129,0.9045866065051907
234.858,45.586,-4.2,234.643,45.671,-2.1,234.674,45.523,-2.1,0,-7.3833400135740765,25.16386711037332,-9.966916487977539,26.45405335392939,0.7327270347566337,0.9506714412334417
234.643,45.671,-2.1,234.858,45.586,-4.2,234.837,45.75,-4.2,0,-8.475358631454945,24.32005573999008,-11.885711675099472,25.74147526800228,0.7059601048433387,0.9440927905804839
234.588,43.302,0.0,234.813,43.303,-2.4,234.756,43.43,-2.3,0,-1.073462707361624,21.783725224459143,-1.868877289007905,24.511137556738923,0.5708303349516978,0.8886241861325368
235.423,41.609,-6.5,235.189,41.661,-4.5,235.236,41.503,-4.6,0,5.540971590007396,10.779528896989321,8.521292315871818,16.840865317175314,0.6640827685551889,0.640858334327194
235.048,42.708,-4.3,234.951,42.568,-2.7,235.112,42.551,-4.7,0,2.7065779000701644,9.214923921866962,8.019928692232213,11.952281134667402,0.3617367661331628,0.7786659625346697
235.09300000000002,42.2,-4.3,235.281,42.312,-6.5,235.09699999999998,42.386,-4.2,0,1.4970956936454736,10.588036586055965,4.050471126698454,15.157155914499867,0.4146785026088702,0.7038164932146266
234.348,45.937,0.0,234.399,45.761,0.0,234.588,45.868,-2.1,0,-5.5917711386860605,27.03353522370454,-8.321612369449149,27.823071752319727,0.6644801125616212,0.9712342761059136
233.957,47.165,0.0,233.997,46.987,0.0,234.215,47.089,-2.3,0,-1.0012038310169413,29.34549884547927,-10.118691419696066,30.1881784501957,0.11085516795255596,0.9719057700450864
233.209,48.92,-6.5,233.011,48.768,-3.0,233.2,48.754,-4.4,0,6.642395471641784,26.719750052285995,11.852053857895733,34.78439128188659,0.558995912698377,0.7671002486575089
234.911,42.282,-2.2,234.709,42.284,0.0,234.862,42.16,-2.0,0,1.0571064272653652,12.755788504793461,2.323906887059252,16.213133615334257,0.5436756013645412,0.789479595632202
235.13299999999998,43.729,-6.5,235.128,43.906,-6.5,234.924,43.814,-4.4,0,-5.5988994086208015,17.38572811224775,-9.78665998744983,22.210213416323896,0.5710386006618755,0.7824368042506356
233.24200000000002,48.316,0.0,233.376,48.16,0.0,233.52100000000002,48.295,-2.7,0,0.9598299556203171,31.659897426409536,2.061475074155144,35.50875919308352,0.45627251370358846,0.8913043695381586
235.086,45.504,-6.5,234.858,45.586,-4.2,234.878,45.435,-4.1,0,-7.279125551932693,23.959343187644468,-9.981604360804365,26.052524050760518,0.7200905776446169,0.9187884069341519
234.594,47.42,-6.5,234.334,47.443,-4.7,234.43099999999998,47.282,-4.8,0,-0.24615361298821473,30.571215993582094,-5.12717116788091,32.485127838542724,0.0490465775693994,0.9410180866097003
234.643,45.671,-2.1,234.451,45.585,0.0,234.674,45.523,-2.1,0,-7.7081783532516885,25.50493173518646,-10.234520951219082,26.473486671254353,0.746148796951063,0.9630054988509839
235.125,44.972,-6.5,234.90300000000002,45.053,-4.2,234.911,44.883,-3.8,0,-6.776966755127611,22.796841929988023,-8.732346455998908,25.33738217675969,0.7666205261127869,0.898979620907151
234.94299999999998,46.566,-6.5,234.893,46.74,-6.5,234.70600000000002,46.618,-4.8,0,-1.8384032325546242,27.116679405218726,-7.084695717555427,29.392473757615733,0.25076369080763455,0.9217764664182826
234.997,46.213,-6.5,234.723,46.182,-4.0,234.833,46.068,-4.7,0,-4.037931888800916,26.2093211422113,-7.8171254014465035,28.193711273195667,0.5055344447049125,0.9285451112469518
234.73399999999998,45.343,-2.4,234.537,45.231,0.0,234.767,45.17,-2.6,0,-10.588931722194468,23.215664407454188,-13.107971248188754,24.319535909174636,0.8024858779458143,0.9542098141624629
235.14,43.551,-6.5,235.13299999999998,43.729,-6.5,234.93,43.644,-4.4,0,-4.925551486199607,17.51775819736176,-9.537726315730637,22.457205618740062,0.515330947537534,0.779716815437493
235.184,41.056,-3.3,235.248,41.188,-4.2,235.05200000000002,41.214,-2.0,0,5.378411894184972,13.880974634941825,7.285659806397717,19.83613566098566,0.7612203919083428,0.6991819274945025
234.12900000000002,47.77,-4.4,234.287,47.911,-6.5,234.024,47.926,-4.5,0,0.10624776417186677,31.060919672400832,0.5397493997500362,34.06269617251931,0.17215622128155036,0.9117518363565877
233.997,46.987,0.0,234.248,46.938,-2.1,234.215,47.089,-2.3,0,-0.6427401144974489,30.128957746179104,-6.028759513479461,31.023874708455843,0.11440463095920748,0.9709470783309194
234.911,44.883,-3.8,234.90300000000002,45.053,-4.2,234.709,44.938,-1.9,0,-6.792907737872072,23.694657191192704,-8.41753408617399,25.537050389077805,0.7983685537289951,0.9273511586182013
234.514,47.122,-4.8,234.688,47.254,-6.5,234.43099999999998,47.282,-4.8,0,-0.13801781823458462,29.848854019565348,-1.0820822009201478,31.654507712794654,0.053611567790835674,0.9428540558327305
234.162,47.276,-2.5,233.957,47.165,0.0,234.215,47.089,-2.3,0,-0.4549164475411493,30.5602053039875,-5.308433552015405,31.57676200697516,0.09423945991493354,0.967646880373142
235.058,40.907,0.0,235.312,40.919,-6.5,235.184,41.056,-3.3,0,3.841121727377798,14.814368546193656,5.374669734122932,21.820214818712998,0.7538393625241613,0.6779070150021707
233.089,48.464,0.0,233.24200000000002,48.316,0.0,233.265,48.528,-2.5,0,2.8116950168637715,30.904962943899996,5.317414511745534,35.69182479683727,0.525070592366453,0.8653968648049285
234.832,46.913,-6.5,234.769,47.085,-6.5,234.595,46.953,-4.9,0,-0.5705629271368651,28.567640342371497,-4.919669447665765,30.636692123055134,0.10505176505159058,0.932183482122625
235.239,40.568,-6.5,235.01600000000002,40.553,0.0,235.122,40.45,-3.7,0,0.16357010751139084,12.619569483208467,0.7101960201784152,24.934098165011306,0.6939043372627003,0.5033092553437291
234.924,43.814,-4.4,235.128,43.906,-6.5,234.933,43.993,-4.4,0,-7.185439202023833,17.359924389179415,-11.467510039179992,21.303362396790988,0.6257309019923206,0.8146035484291027
233.688,47.666,0.0,233.95,47.654,-2.2,233.84199999999998,47.804,-2.3,0,0.15305876465659796,32.286985329700016,0.7178344232275187,34.11199728518078,0.20253955096048806,0.9464279103758438
234.511,46.679,-3.5,234.64600000000002,46.791,-4.8,234.44,46.87,-3.4,0,-1.2613793981681005,28.65099647336681,-7.158575112913169,29.942256992898074,0.17496147888904098,0.9564726546389501
234.951,41.067,0.0,235.058,40.907,0.0,235.184,41.056,-3.3,0,12.5156057576099,10.291194213575851,16.203554498488614,14.780144278356374,0.7811109901574589,0.697335581419849
234.699,41.93,0.0,234.914,41.826,-2.0,234.923,42.001,-2.4,0,5.690073798503782,11.591711596895443,8.877467609515975,15.447850348529897,0.6585141875523541,0.7529522535087266
234.839,44.265,-2.7,234.787,44.08,-2.7,234.987,44.147,-5.0,0,-11.573680701909316,15.784765875051495,-15.79560063529982,18.062482103506312,0.7322645687644608,0.873724752541192
233.804,47.505,0.0,234.047,47.495,-2.2,233.95,47.654,-2.2,0,-0.5075469379289032,32.05500217204089,-3.5108382205521877,33.55640321243089,0.1456723269300221,0.9552091912022289
232.848,49.185,-6.5,232.57999999999998,49.168,-4.2,232.813,49.027,-4.7,0,5.034864666077959,26.07434945726139,8.557117806250123,36.5746795145418,0.5862350381811128,0.7114161866082974
234.74,43.733,-2.4,234.93,43.644,-4.4,234.924,43.814,-4.4,0,-6.053379024813595,19.150144842924092,-9.572092851636647,22.337427560425112,0.6314055124998004,0.8571180676547391
235.201,42.842,-6.5,235.17700000000002,43.019,-6.5,235.013,42.979,-4.2,0,1.8743448503333013,8.25362660853242,6.629533490183377,10.864042080974684,0.3075321137826321,0.7680296742001825
234.575,44.008,0.0,234.755,43.911,-2.5,234.787,44.08,-2.7,0,-9.327970007027456,18.74599972601609,-12.399933470079151,20.674752103950844,0.7516858346829095,0.906602895015734
234.32,46.758,-2.1,234.511,46.679,-3.5,234.44,46.87,-3.4,0,-1.2830627562910015,28.942955123830934,-7.218809871963725,30.01684742169647,0.17872795553779305,0.9638642359488678
234.933,43.458,-4.2,235.14,43.551,-6.5,234.93,43.644,-4.4,0,-4.01598716148414,18.788930238834674,-7.735178545993193,23.208247796730546,0.5179494292219204,0.8093129758228169
235.226,42.665,-6.5,235.048,42.708,-4.3,235.112,42.551,-4.7,0,2.281245794509042,8.788778086088781,7.7296085658386176,11.818889522930192,0.3191903558050621,0.752183537742389
233.589,47.833,0.0,233.688,47.666,0.0,233.84199999999998,47.804,-2.3,0,-0.9920158746012366,32.20888678505616,-4.0795120653217225,34.09651217146388,0.24515798832320707,0.9445648298767509
232.57999999999998,49.168,-4.2,232.57299999999998,48.99,-2.5,232.813,49.027,-4.7,0,4.953079739130171,27.318937543022624,8.125807559600661,36.63205039687112,0.6072533468706537,0.7443708601977671
234.024,47.926,-4.5,233.725,47.955,-2.3,233.84199999999998,47.804,-2.3,0,0.15399920376571405,31.794547082241678,0.5731850369304077,34.370452795734224,0.24584021639638304,0.9249371081593247
234.451,45.585,0.0,234.498,45.408,0.0,234.674,45.523,-2.1,0,-6.991235361875996,25.914032150598793,-8.969872027748963,26.804400961416064,0.7719337541538527,0.9664515773423874
234.957,43.141,-3.6,235.159,43.196,-6.5,235.003,43.296,-4.7,0,-2.0620182583456055,19.440105133221078,-5.176082576517587,24.251533304728284,0.3973441986919938,0.8013655296004811
235.14600000000002,43.373,-6.5,234.933,43.458,-4.2,235.003,43.296,-4.7,0,-3.0013673627805075,19.035822268615803,-6.646348377828751,23.706065264949835,0.4503872857483382,0.8027362268768513
232.489,48.823,0.0,232.74200000000002,48.885,-2.5,232.57299999999998,48.99,-2.5,0,8.026430106312501,27.88723358257926,12.805810104367929,35.066975470398766,0.625558367360754,0.7940267036247247
235.128,43.906,-6.5,235.124,44.084,-6.5,234.933,43.993,-4.4,0,-6.153521635741193,17.388535207343928,-9.917341672319125,22.025217431997,0.6195306246605753,0.7891461886662313
234.64600000000002,46.791,-4.8,234.832,46.913,-6.5,234.595,46.953,-4.9,0,-0.6317781570648064,28.743122804058533,-4.18078456468637,30.580961575124206,0.13711103465932015,0.9395245912570978
234.024,47.926,-4.5,234.173,48.072,-6.5,233.893,48.09,-4.5,0,0.39001257534816,30.750434566258992,1.5266524550398044,34.41003459200446,0.24429983629762578,0.8934696341648225
235.12,44.262,-6.5,235.122,44.439,-6.5,234.936,44.401,-4.1,0,-7.446241241669642,17.650276452841528,-10.64786817406954,21.4214749284531,0.6986923674758945,0.8237094840477804
234.04500000000002,48.227,-6.5,233.786,48.221,-4.6,233.893,48.09,-4.5,0,1.287435062334509,30.195283910182447,4.006340617325347,34.5860560013896,0.31647681404382866,0.872784444775972
233.725,47.955,-2.3,233.589,47.833,0.0,233.84199999999998,47.804,-2.3,0,0.09238827067980049,32.277156274215905,0.2991212778779051,34.53657006688826,0.27024130169062227,0.934473692314552
233.725,47.955,-2.3,234.024,47.926,-4.5,233.893,48.09,-4.5,0,0.34933903136854083,31.419946067520733,1.2364737202257734,34.506017585022576,0.26981005228034705,0.9104107279878009
234.933,43.458,-4.2,234.93,43.644,-4.4,234.736,43.555,-2.3,0,-4.411819413711236,19.845839279315346,-7.6310510732987,23.207280344279994,0.5769409674058195,0.8549714158803812
234.635,44.171,0.0,234.575,44.008,0.0,234.787,44.08,-2.7,0,-13.329105663688567,15.484148191828831,-17.116937236775268,16.86331896635503,0.7783568553022253,0.9181166856716915
234.588,44.699,0.0,234.628,44.53,0.0,234.791,44.646,-2.2,0,-8.292503077424595,23.070778214587058,-9.923465800899955,24.498716459010957,0.8305599489817181,0.9413686656920662
233.52100000000002,48.295,-2.7,233.376,48.16,0.0,233.588,48.137,-2.0,0,0.8468816691017051,31.656216932735113,1.9816582829174063,35.30253719652241,0.4178776821775335,0.8964515738176745
234.736,46.461,-4.7,234.94299999999998,46.566,-6.5,234.70600000000002,46.618,-4.8,0,-2.307200521389121,27.142388579043974,-7.593025443131527,29.11264804658221,0.29608471715702017,0.9314974904552739
235.02100000000002,46.036,-6.5,234.997,46.213,-6.5,234.833,46.068,-4.7,0,-5.943065799890953,24.462650437693696,-11.21593882970783,26.826204130592643,0.5219859542411027,0.9105662563933916
234.422,46.406,-2.0,234.477,46.235,-2.0,234.638,46.35,-3.6,0,-2.953421504201026,28.024058860186628,-7.0343599299123625,29.063498064548632,0.41311254618915577,0.9636807282027072
235.166,41.851,-4.5,234.914,41.826,-2.0,235.058,41.755,-3.4,0,3.7813370959648163,11.91368999193743,5.994902655208193,17.063769506551523,0.6542798697933286,0.6998451339503469
234.971,46.389,-6.5,234.736,46.461,-4.7,234.826,46.311,-5.1,0,-2.9138326256944684,26.691503560887224,-7.40158821796982,28.793277206501187,0.38341600856910574,0.9259797180963242
234.878,45.435,-4.1,234.858,45.586,-4.2,234.674,45.523,-2.1,0,-7.664842702853983,24.585909604324264,-10.229638554323763,26.104346989502574,0.7410928655344666,0.9412040983272942
234.921,42.84,-2.8,234.716,42.779,0.0,234.869,42.696,-2.0,0,2.6679514669901674,10.240807835367372,6.7877780203862415,12.219821046533895,0.42400779494976193,0.843415927623856
233.739,48.518,-6.5,233.488,48.49,-4.2,233.685,48.379,-4.9,0,2.4842897071638963,29.04202807475014,5.575463836523422,35.16783432533109,0.44176024555929905,0.8253039815731938
234.173,48.072,-6.5,234.04500000000002,48.227,-6.5,233.893,48.09,-4.5,0,0.6230915444913733,30.135253129642606,2.2351247799881158,34.54395299532516,0.27021473969401766,0.8721420389952381
234.73399999999998,45.343,-2.4,234.878,45.435,-4.1,234.674,45.523,-2.1,0,-8.317368982683178,24.367926684757933,-10.797527436970793,25.736365299074812,0.7629247141176418,0.9462939077075682
235.312,40.919,-6.5,235.405,41.082,-6.5,235.184,41.056,-3.3,0,-4.922415966650926,13.995613010528038,-6.5066983257111985,20.810087214742104,0.7262500845057752,0.6702737411840347
234.805,41.409,0.0,235.036,41.366,-2.2,234.963,41.518,-2.0,0,8.967820446357399,11.775441226563446,11.796153147593799,16.14993642212832,0.7710762616353658,0.7296203541617449
235.036,41.366,-2.2,234.872,41.236,0.0,235.05200000000002,41.214,-2.0,0,7.510685427461275,13.229893569222115,9.767116153826237,18.278714684631666,0.7839960063723097,0.7235975584542139
234.911,42.282,-2.2,235.09300000000002,42.2,-4.3,235.09699999999998,42.386,-4.2,0,1.8470310720977916,11.255343701392178,4.416328121727247,15.24920957935555,0.46209184933305053,0.7426891813988046
234.723,46.182,-4.0,234.997,46.213,-6.5,234.826,46.311,-5.1,0,-5.149922106387563,25.361949370870875,-10.933742410658773,27.30830238001808,0.4642110699621966,0.9276373044215767
233.488,48.49,-4.2,233.52100000000002,48.295,-2.7,233.685,48.379,-4.9,0,2.7289972844392674,29.887240211656536,6.071548388017807,35.05464976594108,0.4460905527255905,0.8521524733179879
234.709,42.284,0.0,234.66899999999998,42.108,0.0,234.862,42.16,-2.0,0,1.486147497152658,13.152342919134403,2.89052644010593,16.509791906267537,0.5850845358964609,0.7989294227721966
234.78199999999998,44.79,-2.1,234.588,44.699,0.0,234.791,44.646,-2.2,0,-12.57101095379169,20.367321065195878,-15.19991961133373,21.711272875319356,0.8234118774608369,0.9375710629857562
233.804,47.505,0.0,233.918,47.343,0.0,234.047,47.495,-2.2,0,-0.1914357746417361,32.27178252894204,-1.4685090653879627,33.55688919910642,0.13170275468388637,0.9616648656502631
235.44799999999998,41.256,-6.5,235.451,41.433,-6.5,235.276,41.348,-4.6,0,2.5105802225874796,12.578501886408029,3.882426782180886,19.618335312381333,0.6835780980964236,0.6406253911059332
234.755,43.911,-2.5,234.924,43.814,-4.4,234.933,43.993,-4.4,0,-7.741781299546935,18.322729149261683,-11.431049772857808,21.3000246661749,0.6764744571828791,0.8600248330767738
234.767,45.17,-2.6,234.90300000000002,45.053,-4.2,234.92700000000002,45.258,-4.5,0,-11.593386738529217,21.3200972736661,-14.724677705247686,22.946260778758155,0.7819546687808911,0.9284558734499765
234.755,43.911,-2.5,234.74,43.733,-2.4,234.924,43.814,-4.4,0,-7.502161959798572,18.887752286967324,-11.05452196398969,21.55662296713802,0.6778388163007045,0.8760287027062683
233.786,48.221,-4.6,233.902,48.378,-6.5,233.685,48.379,-4.9,0,1.3632900011560003,29.693835960570926,3.523585777352644,35.00523096360516,0.3808402688135692,0.8479021310506772
235.248,41.188,-4.2,235.44799999999998,41.256,-6.5,235.276,41.348,-4.6,0,3.6666319856052327,13.17107687691152,5.352031326890824,19.741016730136806,0.713784083716053,0.6665983589736745
235.451,41.433,-6.5,235.236,41.503,-4.6,235.276,41.348,-4.6,0,6.152965291854282,11.306170131533593,9.078642679453878,17.405884871237618,0.6913893554798698,0.6496792919506095
235.281,42.312,-6.5,235.253,42.489,-6.5,235.09699999999998,42.386,-4.2,0,2.321899771184196,9.268169946180306,7.0160059212420265,13.455195045940258,0.35627103394694015,0.6962316269224786
235.048,42.708,-4.3,234.921,42.84,-2.8,234.869,42.696,-2.0,0,2.3339266866454924,9.87217433568797,6.668282166270245,12.197722905585465,0.380769082803887,0.815686256640245
234.563,44.873,0.0,234.78199999999998,44.79,-2.1,234.709,44.938,-1.9,0,-5.53470804398319,24.70703886890355,-6.605435308034323,26.077904806919854,0.8289705317556495,0.9471395384318534
235.226,42.665,-6.5,235.201,42.842,-6.5,235.048,42.708,-4.3,0,1.799451202127181,8.777450979826895,6.736576024413353,11.85455323840472,0.29440728952747924,0.7490104778260291
234.78199999999998,44.79,-2.1,234.911,44.883,-3.8,234.709,44.938,-1.9,0,-5.379771465799944,24.17730681601784,-6.572082490615983,25.953532468915363,0.8084095993858221,0.931147656996547
234.595,46.953,-4.9,234.514,47.122,-4.8,234.377,46.998,-3.3,0,-0.4217499788242802,29.609688069939853,-4.287299994595763,31.035192603358723,0.09208846537382395,0.9538407733555544
234.248,46.938,-2.1,234.32,46.758,-2.1,234.44,46.87,-3.4,0,-0.7152586446010676,29.727940293352212,-4.882245543375227,30.734799048336853,0.14644032056263281,0.9669505524768931
234.951,42.568,-2.7,235.048,42.708,-4.3,234.869,42.696,-2.0,0,2.9921788428152154,9.30330211010529,8.271884464685115,11.650232521402728,0.3856394976410043,0.8057293434402877
234.477,46.235,-2.0,234.723,46.182,-4.0,234.638,46.35,-3.6,0,-4.34301388515114,26.93893236732701,-9.383641138324919,28.14038526075874,0.45691749121230874,0.9566331193939925
232.309,48.956,0.0,232.57299999999998,48.99,-2.5,232.41500000000002,49.088,-2.1,0,4.163085034193059,28.957848848061182,6.5496603451656945,37.087666832278984,0.6326743785358284,0.7794980228068027
233.39100000000002,48.789,-6.5,233.209,48.92,-6.5,233.2,48.754,-4.4,0,5.972160956762512,26.168574885415353,11.130919463139346,34.92699736409647,0.5349541961621722,0.7481908976688791
233.025,49.051,-6.5,232.848,49.185,-6.5,232.813,49.027,-4.7,0,5.869200640068707,25.281419833844506,10.262343814145897,35.9099503237655,0.5702287142878638,0.7025665389070603
232.74200000000002,48.885,-2.5,232.97899999999998,48.929,-4.8,232.813,49.027,-4.7,0,7.56929144961403,26.554208273795783,12.678357380025417,34.97939757774177,0.5957591857396658,0.7578480198420249
234.628,44.35,0.0,234.839,44.265,-2.7,234.773,44.422,-2.0,0,-6.7580029797623355,20.448865869862654,-8.497838337602033,22.332385709728676,0.794687118486554,0.9155985355563304
232.173,49.109,0.0,232.309,48.956,0.0,232.41500000000002,49.088,-2.1,0,1.3813167320869517,29.53999461303379,2.1305296984793873,37.80528776126596,0.6381112038561272,0.780093941638453
235.126,44.795,-6.5,234.911,44.883,-3.8,234.95999999999998,44.719,-4.4,0,-11.047546792432328,19.607802469546446,-14.425805434604072,22.144125662564722,0.7604248009716885,0.8843940444160452
233.56799999999998,48.656,-6.5,233.39100000000002,48.789,-6.5,233.37099999999998,48.628,-4.5,0,5.251989122366519,26.85377869411984,10.424421045773073,34.717430273234314,0.5020263129407413,0.7726562988771968
234.32,46.758,-2.1,234.36700000000002,46.584,-2.0,234.511,46.679,-3.5,0,-1.4616389300677086,29.004455786151645,-6.573753345096421,29.994232343443393,0.22175015867045691,0.9666118365586263
234.736,46.461,-4.7,234.638,46.35,-3.6,234.826,46.311,-5.1,0,-3.0030464402927,27.197512297841026,-7.528741435888694,28.834625228109196,0.39012754110674613,0.9423924321709186
234.716,42.779,0.0,234.725,42.6,0.0,234.869,42.696,-2.0,0,2.959915214634169,10.669978066107772,7.0157700776312595,12.62338357393918,0.4529943535677443,0.8501555766649881
234.736,43.555,-2.3,234.519,43.473,0.0,234.756,43.43,-2.3,0,-4.2189827672887334,21.159898031556803,-6.679907406188022,23.50540304907569,0.6303800923826903,0.9001131407526005
235.123,44.617,-6.5,235.126,44.795,-6.5,234.95999999999998,44.719,-4.4,0,-7.907914758638515,18.029596933632043,-10.764277744082392,21.084459216119207,0.734220067931511,0.8549863122273625
235.122,44.439,-6.5,234.909,44.529,-3.8,234.936,44.401,-4.1,0,-7.2150561879635235,18.695840620697926,-9.780566528465378,21.74868107524175,0.7371239882644882,0.8594740270321268
233.902,48.378,-6.5,233.739,48.518,-6.5,233.685,48.379,-4.9,0,3.3167596497976253,28.311110491309094,8.180002217137268,34.444615453579594,0.4029747808130186,0.8214406228702736
233.488,48.49,-4.2,233.56799999999998,48.656,-6.5,233.37099999999998,48.628,-4.5,0,3.4492230058829696,28.39171248957388,6.978218601849206,35.33519049397793,0.4913411198592041,0.8028261351960584
234.628,44.53,0.0,234.628,44.35,0.0,234.773,44.422,-2.0,0,-8.434596537015558,20.023698887924247,-10.297595979932005,21.475893023135278,0.8186889493928978,0.9323500642294541
233.376,48.16,0.0,233.50900000000001,48.004,0.0,233.588,48.137,-2.0,0,0.754828499763415,32.06670053473797,1.8832346337111208,35.14696582894398,0.3919088963395774,0.9121561392902975
234.787,44.08,-2.7,234.755,43.911,-2.5,234.933,43.993,-4.4,0,-8.635757624427983,18.297029294801263,-12.090094142714022,20.848862140630956,0.7136180693324303,0.8774411395344056
234.90300000000002,45.053,-4.2,235.113,45.15,-6.5,234.92700000000002,45.258,-4.5,0,-10.883968098468952,20.92038095428764,-14.243581445171756,23.084295013283864,0.7580338864756676,0.905354985714344
234.70600000000002,46.618,-4.8,234.64600000000002,46.791,-4.8,234.511,46.679,-3.5,0,-1.3054417646180196,28.49154077922623,-5.8829882473384565,29.966254391863735,0.21511722223624158,0.9502740215839316
234.725,42.6,0.0,234.951,42.568,-2.7,234.869,42.696,-2.0,0,3.4790706127098794,9.751442678778552,8.525689663512196,11.865424354144238,0.43214366537593146,0.8280499115922743
234.872,41.236,0.0,234.951,41.067,0.0,235.05200000000002,41.214,-2.0,0,10.837535972693336,11.64747289311524,13.802273209527797,16.12155970243367,0.7952205108742094,0.7227913325934125
233.209,48.92,-6.5,233.025,49.051,-6.5,232.97899999999998,48.929,-4.8,0,6.332011603462702,25.462158944296547,11.315995676399908,35.25201136893814,0.5580641945418158,0.7210066519172831
234.914,41.826,-2.0,234.916,41.672,-2.1,235.058,41.755,-3.4,0,3.122476293616964,12.832459587602052,4.725700099341225,17.84624583982017,0.6915586149019817,0.7200408435648862
234.36700000000002,46.584,-2.0,234.422,46.406,-2.0,234.566,46.524,-3.5,0,-2.3116652436547045,28.409971604481168,-7.362399569738667,29.403984647880172,0.31106897993142124,0.9657180788700408
233.183,48.63,-2.8,233.089,48.464,0.0,233.265,48.528,-2.5,0,3.5162298456566456,30.12319980852103,6.442562732334251,35.71016593393756,0.542707249245791,0.8429352912745998
233.37099999999998,48.628,-4.5,233.39100000000002,48.789,-6.5,233.2,48.754,-4.4,0,5.035797227716318,27.334514144195808,9.510970336213745,35.16418401929441,0.5274882399964806,0.7764598183646055
234.566,45.053,0.0,234.563,44.873,0.0,234.709,44.938,-1.9,0,-13.223246911011348,21.13663481650657,-15.745567888924953,22.08690978115245,0.8362289847872009,0.9566188372318712
234.987,44.147,-5.0,234.787,44.08,-2.7,234.933,43.993,-4.4,0,-7.4987173935173015,18.529111955619108,-10.64960437080579,21.590734565469994,0.7033899011380098,0.8580030159687
232.57299999999998,48.99,-2.5,232.57999999999998,49.168,-4.2,232.41500000000002,49.088,-2.1,0,4.207197270680249,27.97795192139861,6.7700652918074065,37.08042180363601,0.6185757212394485,0.753119050170114
232.57299999999998,48.99,-2.5,232.74200000000002,48.885,-2.5,232.813,49.027,-4.7,0,7.991431431365362,26.87170943419114,13.059097806745765,35.00506792661321,0.6107497003521855,0.7663169670360566
235.124,44.084,-6.5,235.12,44.262,-6.5,234.987,44.147,-5.0,0,-6.486873879079796,17.409304295487818,-9.92469279067462,21.895090764503706,0.6527766926019377,0.7948028742805631
234.78199999999998,44.79,-2.1,234.791,44.646,-2.2,234.95999999999998,44.719,-4.4,0,-11.81257667984961,20.13723957468451,-14.72449911579476,21.947535753921013,0.7978935978955192,0.9167832419625525
235.159,43.196,-6.5,235.14600000000002,43.373,-6.5,235.003,43.296,-4.7,0,-3.4200753265441595,17.911785955843722,-8.761668143348743,23.093274838002642,0.3895458965269771,0.7753342298435507
234.64600000000002,46.791,-4.8,234.595,46.953,-4.9,234.44,46.87,-3.4,0,-0.6837425734077403,29.168205782890222,-4.654266768236472,30.609930999757673,0.1393098297260883,0.9525532115861649
235.253,42.489,-6.5,235.226,42.665,-6.5,235.112,42.551,-4.7,0,1.9259200049145124,9.001812264983544,6.8701400449807295,12.638038924102375,0.3072470869074354,0.7206636097831765
234.997,46.213,-6.5,234.971,46.389,-6.5,234.826,46.311,-5.1,0,-4.701613332107086,25.002077861301125,-10.865512005785227,27.409413494238443,0.4257240117904492,0.9108929995149201
235.189,41.661,-4.5,235.166,41.851,-4.5,235.058,41.755,-3.4,0,4.531408660445992,11.279115961969014,7.15705261596932,16.772271804263,0.6512945968430224,0.6740702116746751
234.82,45.899,-4.3,235.02100000000002,46.036,-6.5,234.833,46.068,-4.7,0,-6.199046102034575,24.875521354147313,-10.641974934473318,26.88960453159425,0.5741061056208159,0.9239797828648556
235.113,45.15,-6.5,235.1,45.327,-6.5,234.92700000000002,45.258,-4.5,0,-9.495539862961449,21.483217538807985,-12.796216586104322,24.070594488601497,0.7347772753811717,0.8914715143068918
235.17700000000002,43.019,-6.5,234.957,43.141,-3.6,235.013,42.979,-4.2,0,-3.090318263185397,18.645977713357947,-8.659654203635725,23.348214825269864,0.3566222996962574,0.798376010216267
233.011,48.768,-3.0,233.183,48.63,-2.8,233.2,48.754,-4.4,0,6.281626176533425,27.868331037672696,11.15047988098309,34.84139922946274,0.5617608757469874,0.7989630473950996
234.839,44.265,-2.7,234.936,44.401,-4.1,234.773,44.422,-2.0,0,-6.666817021414443,19.90328013659127,-8.657708772907746,22.273261315851414,0.7694281114621021,0.893495707819651
235.124,44.084,-6.5,234.987,44.147,-5.0,234.933,43.993,-4.4,0,-6.8001683549416585,17.76653368987382,-10.29710067341911,21.775856619318695,0.6595596609555071,0.8156005880078336
235.09699999999998,42.386,-4.2,235.253,42.489,-6.5,235.112,42.551,-4.7,0,2.2011927567877874,9.502321239166086,6.822902815981735,13.216459380942808,0.35028727781684954,0.7264351800905215
235.1,40.384,-3.3,235.2,40.393,-6.5,235.122,40.45,-3.7,0,0.6480474755227226,10.889434190441467,1.542409303843698,25.614539612231397,0.6539513548803203,0.42224087465838306
232.122,49.693,-3.3,232.06,49.636,0.0,232.174,49.619,-3.1,0,0.2801215347716056,26.51106723571576,0.4705669461840234,41.14719014960723,0.5433798979542108,0.6425000048595855
234.215,47.089,-2.3,234.248,46.938,-2.1,234.377,46.998,-3.3,0,-0.5273829488380528,30.000454253748444,-5.215434410512259,31.041612182458636,0.10446683052966117,0.966241770374192
234.736,46.461,-4.7,234.70600000000002,46.618,-4.8,234.566,46.524,-3.5,0,-2.413609192325038,27.610545756403333,-7.909133395370759,29.11424624658985,0.2996942694651785,0.9476800133695796
234.911,44.883,-3.8,234.78199999999998,44.79,-2.1,234.95999999999998,44.719,-4.4,0,-11.491498027351836,20.340124303445684,-14.451660010690418,22.269928502962163,0.7903352839939137,0.9125662798563599
232.97899999999998,48.929,-4.8,233.025,49.051,-6.5,232.813,49.027,-4.7,0,7.4078922713214475,25.430997615660186,12.834600531343387,34.90626238517714,0.5759452844697247,0.7271788799160923
234.933,43.458,-4.2,234.736,43.555,-2.3,234.756,43.43,-2.3,0,-3.890919383955904,20.4888680186024,-6.716953200620615,23.537237001050542,0.5779997254578527,0.870336207048471
233.183,48.63,-2.8,233.37099999999998,48.628,-4.5,233.2,48.754,-4.4,0,5.07231956469909,28.23386682397857,9.360455057172647,35.194790229440954,0.5398657218181864,0.8014107373902745
234.566,46.524,-3.5,234.70600000000002,46.618,-4.8,234.511,46.679,-3.5,0,-1.5413788121033654,28.468729525863168,-5.791146274299926,29.82410640215476,0.2587208103221664,0.954003695728465
234.595,46.953,-4.9,234.377,46.998,-3.3,234.44,46.87,-3.4,0,-0.5645035408478409,29.526361878694992,-4.700561490657442,30.822120664345135,0.11592660580002455,0.9576829968461196
234.638,46.35,-3.6,234.723,46.182,-4.0,234.826,46.311,-5.1,0,-4.180280588694979,26.561726590361364,-9.307770267433888,28.107033836057028,0.4420876526267536,0.9441747889076161
234.36700000000002,46.584,-2.0,234.566,46.524,-3.5,234.511,46.679,-3.5,0,-1.6033721973514288,28.77840008549218,-6.016745976028513,29.87656931274377,0.26199205397642117,0.96277490867623
233.265,48.528,-2.5,233.488,48.49,-4.2,233.37099999999998,48.628,-4.5,0,3.3393032955951867,29.3080008835114,6.527814297562643,35.469864595347744,0.5084180868227246,0.8256626423768554
234.936,44.401,-4.1,234.909,44.529,-3.8,234.773,44.422,-2.0,0,-7.512769087928532,19.447801108164537,-9.71589245287413,21.759190703991145,0.7727340024470203,0.8936818284106561
233.183,48.63,-2.8,233.265,48.528,-2.5,233.37099999999998,48.628,-4.5,0,3.832591319999177,29.205043234917326,7.17035402604902,35.521382204746104,0.5317211727594753,0.8214997097099949
234.377,46.998,-3.3,234.248,46.938,-2.1,234.44,46.87,-3.4,0,-0.5952348007283748,29.77852525077348,-4.965882029297344,30.86755344462656,0.12004738454062702,0.9644606924738754
235.2,40.393,-6.5,235.239,40.568,-6.5,235.122,40.45,-3.7,0,-0.5883896289589231,11.773358105088235,-0.36581429252498765,25.243106621030762,0.657685298815028,0.4631823789450609
232.34300000000002,49.605,-6.5,232.184,49.75,-6.5,232.174,49.619,-3.1,0,3.663512556848422,24.663895149688038,6.920840854815447,39.697153490051114,0.5266982969817222,0.6194196480055693
235.0,40.375,0.0,235.1,40.384,-3.3,235.122,40.45,-3.7,0,0.7409095311944524,10.950894681152533,1.6286228492892576,25.770958881571516,0.6738992276757905,0.4220056156930858
232.184,49.75,-6.5,232.122,49.693,-3.3,232.174,49.619,-3.1,0,0.3706228684905591,25.6403123362713,0.656826815988941,41.024751952276205,0.5277209354298461,0.6231908577901554
232.34300000000002,49.605,-6.5,232.155,49.468,0.0,232.411,49.299,-3.8,0,-2.7064261355884907,26.410428060905986,-4.77861894256111,39.19606945905302,0.5722253402079597,0.672185265027841
232.50900000000001,49.463,-6.5,232.34300000000002,49.605,-6.5,232.411,49.299,-3.8,0,4.515141424759571,24.64259171354402,8.056887020877085,37.63362975922342,0.5581561042215797,0.6529851784455377
233.05200000000002,49.335,-11.5,232.678,49.324,-6.5,232.848,49.185,-6.5,0,4.923349249849903,23.42562730017326,9.193211137925923,36.9569583113703,0.5336429740913825,0.6322050207036015
233.05200000000002,49.335,-11.5,232.858,49.463,-11.5,232.678,49.324,-6.5,0,6.597286487679767,21.39748887287024,13.021675237795844,36.08399638627898,0.505551018630788,0.5912219493307436
235.2,40.393,-6.5,235.281,40.377,-9.0,235.30700000000002,40.454,-9.0,0,-2.3563038672709027,10.487208747552542,-3.286001427547319,25.196329888944945,0.6067984235780143,0.41198679206627153
235.281,40.377,-9.0,235.362,40.361,-11.5,235.30700000000002,40.454,-9.0,0,-2.380400100578928,10.150266266968949,-3.4787450649661764,25.17627819846541,0.578907301744176,0.3988845957158825
232.34300000000002,49.605,-6.5,232.67000000000002,49.595,-11.5,232.486,49.729,-11.5,0,5.578074055741402,21.520078396629486,11.371779664337321,37.77085335919669,0.48927386415128304,0.5678759618046513
232.858,49.463,-11.5,232.50900000000001,49.463,-6.5,232.678,49.324,-6.5,0,4.810652055285608,23.170905978532705,9.069225963173144,37.52829597848346,0.5285310738720767,0.6156482534511873
232.858,49.463,-11.5,232.67000000000002,49.595,-11.5,232.50900000000001,49.463,-6.5,0,6.0164749004493,21.491862884455923,11.994615374507203,36.98561219774567,0.500394864663473,0.5792461160450901
234.601,48.098,-11.5,234.392,48.043,-8.7,234.497,47.876,-8.7,0,-0.17648231011690121,28.782128881521622,-1.5808630724012573,34.06764884257795,0.12241231457895209,0.8446310586866899
232.67000000000002,49.595,-11.5,232.34300000000002,49.605,-6.5,232.50900000000001,49.463,-6.5,0,4.327707670347063,23.03708146831336,8.33784836006702,38.23593984421987,0.5169553403643432,0.6006570360696531
234.699,47.931,-11.5,234.601,48.098,-11.5,234.497,47.876,-8.7,0,-0.21059101959391438,28.35181486642429,-2.482073697654542,33.864311749096565,0.09140155138871059,0.8369889727183465
235.611,41.343,-8.7,235.821,41.375,-11.5,235.601,41.536,-8.8,0,2.6249704841578256,9.886671438410536,4.936312271166287,18.835539429817004,0.556444340741312,0.5245830664370865
234.699,47.931,-11.5,234.497,47.876,-8.7,234.591,47.714,-8.7,0,-0.17783663278121664,29.17002906386316,-2.7936885129253923,33.61401990510408,0.06860277617240948,0.8676131032364667
234.79000000000002,47.762,-11.5,234.699,47.931,-11.5,234.591,47.714,-8.7,0,-0.15534223245812054,28.68848111927506,-3.7242635657193865,33.37618219855538,0.04526956880276718,0.859353773961279
235.293,43.465,-8.8,235.14600000000002,43.373,-6.5,235.34199999999998,43.238,-9.3,0,-2.9924905793822387,16.06231300123855,-8.910349307531668,23.08566408398368,0.33496503908241343,0.6953433753052545
235.821,41.375,-11.5,235.798,41.554,-11.5,235.601,41.536,-8.8,0,2.6290052147562553,8.781484098880789,5.361708970170724,18.325516310404453,0.5107541874182305,0.4791037312731736
234.49099999999999,48.262,-11.5,234.274,48.21,-8.8,234.392,48.043,-8.7,0,0.3081611683783434,28.093256549838994,1.5347012290843232,34.45085043602984,0.1880513811486823,0.8151642840989081
234.79000000000002,47.762,-11.5,234.591,47.714,-8.7,234.689,47.543,-8.7,0,-0.08509264961318845,29.36421470290275,-2.993883038789896,33.22714511052296,0.03204739704662651,0.8835848803588453
234.882,47.593,-11.5,234.79000000000002,47.762,-11.5,234.689,47.543,-8.7,0,-0.05303547086655983,28.849938794574825,-3.5893637807094407,33.01420224790034,0.017707710932166845,0.8736881146397146
234.601,48.098,-11.5,234.49099999999999,48.262,-11.5,234.392,48.043,-8.7,0,-0.04581019856697759,27.737765322529434,-0.4283362693588675,34.336857827573574,0.15136149494501253,0.80752533823394
235.483,43.335,-11.5,235.293,43.465,-8.8,235.34199999999998,43.238,-9.3,0,-2.5053923301722874,14.563797145428666,-8.961552443083875,23.09528425570967,0.2787599743796314,0.6300845536893616
234.887,47.204,-8.7,235.082,47.26,-11.5,234.793,47.377,-8.7,0,-0.13562724430812198,28.108789573462296,0.274533967262224,31.660885508610434,0.03630499860244761,0.8879325727338234
235.082,47.26,-11.5,234.988,47.428,-11.5,234.793,47.377,-8.7,0,-0.13753360069456425,27.79983928787357,0.8104407773732518,31.786326859594404,0.023783621796887106,0.8748000425206643
234.969,47.028,-8.7,235.17000000000002,47.09,-11.5,234.887,47.204,-8.7,0,-0.2570694132665783,27.362792146823196,-1.6726864674743531,31.1624452110294,0.07869248812130361,0.8780308221199445
235.281,42.312,-6.5,235.314,42.136,-6.5,235.49200000000002,42.189,-9.3,0,2.503453966917146,8.616082792495204,7.0372505543626005,14.256707300794318,0.37656491186347113,0.6107906212067067
234.368,48.422,-11.5,234.137,48.377,-8.8,234.274,48.21,-8.8,0,0.7295115706531478,27.1513692408779,2.7588052760047397,34.77022823627159,0.25672303476870634,0.7804804704935815
235.281,42.312,-6.5,235.49200000000002,42.189,-9.3,235.461,42.355,-9.3,0,2.0547142976381836,8.208277573713861,6.792135030079635,13.931707855112336,0.3241485739675361,0.5965042580301181
234.793,47.377,-8.7,234.882,47.593,-11.5,234.689,47.543,-8.7,0,-0.021319879857261834,29.364977108089256,-1.729475023235004,32.947000254026214,0.017300955020165237,0.8911366029655671
235.601,41.536,-8.8,235.75,41.73,-11.5,235.55700000000002,41.719,-8.7,0,3.3861090949519963,8.306415965642746,6.840406729853413,17.000325134942386,0.509831973018456,0.48951601292471325
235.798,41.554,-11.5,235.75,41.73,-11.5,235.601,41.536,-8.8,0,3.699615823268798,7.762414740146583,7.7473320360021205,16.82091177946512,0.4900948077247866,0.46204169671630535
234.988,47.428,-11.5,234.882,47.593,-11.5,234.793,47.377,-8.7,0,-0.007778248094424501,28.788419975265487,-1.2378331518770445,32.80511171434348,0.01313804157098655,0.8773946587533391
235.17000000000002,47.09,-11.5,235.082,47.26,-11.5,234.887,47.204,-8.7,0,-0.161393652994542,27.116880986243167,-0.23011468065569218,31.35841001418372,0.059476441390573585,0.8648579798634444
235.046,46.843,-8.8,235.251,46.919,-11.5,234.969,47.028,-8.7,0,-0.6921106998958622,26.243984150748577,-4.1948582365164135,30.44897757405809,0.14051437495854877,0.8615034671679744
234.49099999999999,48.262,-11.5,234.368,48.422,-11.5,234.274,48.21,-8.8,0,0.41120298037175496,26.79110160440184,1.8026958018949752,34.66897689278527,0.21658477749144378,0.7723888607351955
235.55700000000002,41.719,-8.7,235.704,41.907,-11.5,235.523,41.862,-8.7,0,3.301369879251878,7.721297257499615,7.354916594232137,15.922404432900606,0.46271559073820606,0.48728345819734414
235.75,41.73,-11.5,235.704,41.907,-11.5,235.55700000000002,41.719,-8.7,0,3.2486545125602375,7.2481247651688925,7.480339474219548,16.03287201535545,0.4471392198377816,0.45394608374918766
235.251,46.919,-11.5,235.17000000000002,47.09,-11.5,234.969,47.028,-8.7,0,-0.2892390192335884,26.16686910260772,-1.3472900570253188,30.882218127289022,0.11418832982092347,0.8471421289267023
235.253,42.489,-6.5,235.281,42.312,-6.5,235.461,42.355,-9.3,0,1.906069286392937,8.656153016606487,6.604651212371834,13.58775009596647,0.3133812610852322,0.644967564469287
235.253,42.489,-6.5,235.461,42.355,-9.3,235.43200000000002,42.53,-9.3,0,1.5696782946987067,8.208937530911946,6.470714832521509,13.207695221506299,0.2673652041437277,0.6303204237591102
235.53,40.696,-11.5,235.269,40.744,-6.5,235.369,40.642,-9.0,0,-3.0827070223141964,13.20934968511353,-4.320718384471746,22.9691180521654,0.6455433535720739,0.5719578285390863
235.1,46.677,-8.7,235.309,46.744,-11.5,235.046,46.843,-8.8,0,-0.9685034528965202,25.365558940112003,-4.058213308053894,30.06095335336697,0.21228122800697438,0.8428871099854504
235.152,46.476,-8.9,235.356,46.567,-11.5,235.1,46.677,-8.7,0,-2.8417454920201344,23.403073380364575,-9.500620889699192,28.32656024348571,0.2905819443005412,0.8245963043163314
235.309,46.744,-11.5,235.251,46.919,-11.5,235.046,46.843,-8.8,0,-1.0263624918454726,24.75736453249042,-5.0723138289565775,30.019839947486403,0.18207677713192497,0.8239976704506723
235.226,42.665,-6.5,235.43200000000002,42.53,-9.3,235.404,42.706,-9.3,0,1.301497652858618,8.041619757774278,6.346311494233845,12.373416365750472,0.23106138529562192,0.6597425950907932
235.226,42.665,-6.5,235.253,42.489,-6.5,235.43200000000002,42.53,-9.3,0,1.5639225029142343,8.503351604251996,6.506462963857729,12.741218929734913,0.26689533337474325,0.6764548084647429
235.589,41.146,-8.9,235.791,41.197,-11.5,235.611,41.343,-8.7,0,-0.431994994949497,11.644234617784186,-0.4644075299353858,20.421580700784972,0.5861876979892414,0.5691377601681046
235.356,46.567,-11.5,235.309,46.744,-11.5,235.1,46.677,-8.7,0,-1.8301260915762168,23.505655039576162,-6.868755995110252,29.254328761513825,0.2526473849834164,0.8021194715991817
235.38,42.89,-9.3,235.201,42.842,-6.5,235.404,42.706,-9.3,0,1.1606236168801582,7.81586835875861,5.974256486908587,11.652606640328912,0.22099236705958739,0.6808285074730434
235.201,42.842,-6.5,235.226,42.665,-6.5,235.404,42.706,-9.3,0,1.3866813454492293,8.25815021390072,6.325994747133592,11.9390635145447,0.246228655974432,0.7012759692959115
235.72199999999998,41.026,-11.5,235.589,41.146,-8.9,235.495,40.956,-8.9,0,-3.975937600335503,12.41938726053808,-6.16010516787523,20.484880586152585,0.6131771623164013,0.6042257363888983
235.35899999999998,43.059,-9.3,235.17700000000002,43.019,-6.5,235.38,42.89,-9.3,0,1.252723097395629,7.375435021299378,5.875980380364922,10.80552900293901,0.23748924012863146,0.6923443971572076
235.17700000000002,43.019,-6.5,235.201,42.842,-6.5,235.38,42.89,-9.3,0,1.4195044359561595,7.842793002325681,6.22543534550752,11.077151731424408,0.25323682845240025,0.7175261574554515
235.791,41.197,-11.5,235.821,41.375,-11.5,235.611,41.343,-8.7,0,-0.30746299808039346,10.494426497525113,-0.3068714199929161,20.0057361399206,0.5413891412570965,0.5237056209369045
235.34199999999998,43.238,-9.3,235.159,43.196,-6.5,235.35899999999998,43.059,-9.3,0,-2.282721763701323,16.31161303235696,-8.310368431780248,23.46677244937961,0.2741964540444594,0.6947109499517287
235.269,40.744,-6.5,235.53,40.696,-11.5,235.453,40.839,-9.1,0,-3.2097394896431553,13.481602935896774,-4.513255068295052,22.583544143808098,0.6500732825576595,0.594088185046519
234.137,48.377,-8.8,234.197,48.561,-11.5,233.963,48.531,-8.9,0,2.998922612367542,25.58156545916066,9.198493553361489,34.1303534823899,0.3238757762976454,0.7489545297895582
235.22899999999998,45.96,-8.9,235.441,46.031,-11.5,235.20499999999998,46.135,-8.9,0,-5.335606118274801,21.370632834332625,-10.518744640525739,26.692341805696575,0.4974877417757346,0.7981144371691219
235.441,46.031,-11.5,235.414,46.21,-11.5,235.20499999999998,46.135,-8.9,0,-4.660589200243271,20.707671544505068,-10.009877615072902,27.01979133290676,0.45549961595450184,0.7636099491882118
235.159,43.196,-6.5,235.17700000000002,43.019,-6.5,235.35899999999998,43.059,-9.3,0,-2.31248489979411,17.101753221721605,-8.134759750196778,23.576776481381707,0.28395608465616323,0.725034924988208
235.20499999999998,46.135,-8.9,235.414,46.21,-11.5,235.179,46.314,-8.9,0,-4.586472049601531,21.93305114229483,-10.297266316818337,27.200227728827052,0.4359380797361806,0.8039299271835114
235.414,46.21,-11.5,235.388,46.389,-11.5,235.179,46.314,-8.9,0,-4.0937491444615635,21.19975755994985,-10.147326250611556,27.389563172334825,0.3940297721806655,0.7714362224035278
235.179,46.314,-8.9,235.388,46.389,-11.5,235.152,46.476,-8.9,0,-3.657469771969211,22.63051630292138,-9.713817415545954,27.820612781386817,0.36714783966975856,0.8113216962944195
235.388,46.389,-11.5,235.356,46.567,-11.5,235.152,46.476,-8.9,0,-3.108428799300207,22.068831445481685,-9.20888421362384,28.12865610481627,0.32768205446802323,0.7824672753326662
235.452,45.851,-11.5,235.441,46.031,-11.5,235.22899999999998,45.96,-8.9,0,-6.365696403891803,19.518045597207333,-12.334826417616839,25.60227774420376,0.5076371039988543,0.7595269417024423
234.368,48.422,-11.5,234.197,48.561,-11.5,234.137,48.377,-8.8,0,2.7666686178747164,24.934264970276267,9.767662701123722,33.77524577292666,0.28128637634595943,0.7376980288203638
235.452,45.851,-11.5,235.22899999999998,45.96,-8.9,235.245,45.778,-8.9,0,-6.590924523329374,20.547730121947804,-11.799681997881184,25.731514549337813,0.5496198801694114,0.7960999705658182
235.14600000000002,43.373,-6.5,235.159,43.196,-6.5,235.34199999999998,43.238,-9.3,0,-2.921272187049236,16.817933436969266,-8.79182442470335,23.19369752593923,0.33154052136306994,0.72474246237324
233.05200000000002,49.335,-11.5,232.848,49.185,-6.5,233.049,49.181,-8.9,0,5.791319295804509,22.726626913846257,11.079362956161717,36.23083935705565,0.5212579388658491,0.6256549853424332
235.589,41.146,-8.9,235.405,41.082,-6.5,235.495,40.956,-8.9,0,-4.0218739889343444,13.108882478023528,-5.794006731845286,20.642045959906724,0.6605686129289862,0.6330788272390213
235.459,45.672,-11.5,235.452,45.851,-11.5,235.245,45.778,-8.9,0,-7.214084144671314,18.974925533781974,-12.884956725634563,24.90378360879318,0.5515934155454205,0.7592580592715658
235.459,45.672,-11.5,235.245,45.778,-8.9,235.25900000000001,45.6,-8.9,0,-7.220186765700011,20.077142433102445,-12.043585716307902,25.20535563628889,0.5906075480821179,0.7942755735461815
235.44799999999998,41.256,-6.5,235.589,41.146,-8.9,235.611,41.343,-8.7,0,-0.10628519473861664,12.408976312308246,0.08296933501608805,20.44252881720942,0.6364478873757965,0.6060215342128938
232.34300000000002,49.605,-6.5,232.486,49.729,-11.5,232.29399999999998,49.76,-8.9,0,4.629621179011443,22.276619736941687,9.356825565159927,38.54760921712348,0.49311135016436286,0.5760206413391779
235.464,45.492,-11.5,235.459,45.672,-11.5,235.25900000000001,45.6,-8.9,0,-7.79701678313753,18.491293702986415,-13.158980807645626,24.34101740275477,0.5843135573892952,0.7571941461888093
235.483,43.335,-11.5,235.475,43.514,-11.5,235.293,43.465,-8.8,0,-2.6903635168617113,13.481528545532985,-9.507985007155163,22.801909307976622,0.2820608782603253,0.5906573812833638
235.464,45.492,-11.5,235.25900000000001,45.6,-8.9,235.26999999999998,45.42,-8.9,0,-7.844069476860109,19.46788817716101,-12.485168379737225,24.574190824823514,0.6196633705605966,0.790094884513025
235.293,43.465,-8.8,235.475,43.514,-11.5,235.288,43.633,-8.8,0,-3.3621104838368594,14.092533997048697,-9.828140753329514,22.573365978136636,0.34107804094864397,0.6237252713976804
235.475,43.514,-11.5,235.465,43.694,-11.5,235.288,43.633,-8.8,0,-3.1011507727155267,13.151706669234583,-9.267866381320104,22.772865438698958,0.33351909924765183,0.5768585694172673
235.451,41.433,-6.5,235.611,41.343,-8.7,235.601,41.536,-8.8,0,3.090837771221962,10.707118742866474,5.290272042472907,18.75703473995415,0.6077881347715032,0.5706284387054145
235.62900000000002,40.86,-11.5,235.72199999999998,41.026,-11.5,235.495,40.956,-8.9,0,-4.664524407755344,12.278250771565254,-7.460206424317448,20.546561224098,0.595814994970316,0.5950358988094673
235.46699999999998,45.312,-11.5,235.464,45.492,-11.5,235.26999999999998,45.42,-8.9,0,-8.244903804898568,17.930959592560978,-13.421394858518095,23.77419167416445,0.6062554217209976,0.7518737316026596
234.94299999999998,46.566,-6.5,235.152,46.476,-8.9,235.1,46.677,-8.7,0,-2.876574948354211,24.831827894097376,-9.65899928409807,28.412257311914516,0.29049785202459055,0.8726920692335401
235.704,41.907,-11.5,235.66,42.083,-11.5,235.505,42.02,-9.0,0,2.57694128546792,6.961922999672077,7.231493602022397,15.01823824218232,0.3709559328909699,0.46774094284877304
233.902,48.378,-6.5,234.137,48.377,-8.8,233.963,48.531,-8.9,0,3.098918308854303,27.02834994611278,8.944457782954736,34.19312618488681,0.34421193605416267,0.7899565856183538
235.46699999999998,45.312,-11.5,235.26999999999998,45.42,-8.9,235.27800000000002,45.242,-8.9,0,-8.320371714039187,18.795799454821672,-12.881693416595695,23.9511018877238,0.6376140687560495,0.7827274555944459
235.465,43.694,-11.5,235.461,43.874,-11.5,235.28199999999998,43.815,-8.8,0,-3.8899638861207224,12.73428371352254,-10.014822024687994,22.30438437015794,0.3873270333445909,0.5702180647054926
235.469,45.132,-11.5,235.46699999999998,45.312,-11.5,235.27800000000002,45.242,-8.9,0,-8.472410217211689,17.331061697027934,-13.548541672648863,23.279875283209368,0.6174259869275565,0.7421648410699355
234.197,48.561,-11.5,234.015,48.696,-11.5,233.963,48.531,-8.9,0,3.869859919827757,23.954190849091823,11.263953836378167,33.763463708649354,0.3419303310009895,0.7087710462987532
235.02100000000002,46.036,-6.5,235.04399999999998,45.859,-6.5,235.22899999999998,45.96,-8.9,0,-6.401273223328187,23.198604891981343,-11.118515183586329,26.437864752083666,0.566737077427937,0.8757742788439292
233.963,48.531,-8.9,234.015,48.696,-11.5,233.788,48.668,-8.9,0,3.9360273381542012,24.702472252715037,10.272539564053712,34.28236820058717,0.38131982545304793,0.7198217005563444
235.466,44.952,-11.5,235.285,45.061,-8.9,235.286,44.882,-8.9,0,-8.96835216629645,17.092446745925514,-13.796916923877266,22.58417897316768,0.6426443760572427,0.7546462944676954
235.461,43.874,-11.5,235.461,44.053,-11.5,235.281,43.989,-8.8,0,-4.6016436154972995,12.589723901394304,-10.50293061628038,21.933411743442477,0.4371086122154467,0.573257249536912
234.997,46.213,-6.5,235.02100000000002,46.036,-6.5,235.20499999999998,46.135,-8.9,0,-5.569363749044177,23.697881750425395,-10.962760852602123,26.91963769913644,0.49942041224655587,0.8785973910924015
235.461,44.053,-11.5,235.461,44.233,-11.5,235.28,44.168,-8.8,0,-5.098317577614087,12.866988578968728,-10.502828910353749,21.788349665633817,0.4844978775981013,0.5898225909473406
235.02100000000002,46.036,-6.5,235.22899999999998,45.96,-8.9,235.20499999999998,46.135,-8.9,0,-5.748605928362097,22.925257919067217,-10.795955285372155,26.72683965029882,0.5232175335215948,0.8557992149368007
235.22899999999998,45.96,-8.9,235.04399999999998,45.859,-6.5,235.245,45.778,-8.9,0,-7.12260218020422,22.013531697667695,-12.069629429357125,25.7489141385288,0.581577693572274,0.8530220168296655
234.137,48.377,-8.8,234.04500000000002,48.227,-6.5,234.274,48.21,-8.8,0,0.705994402694615,28.565845996986077,2.500075160077092,34.80218690915356,0.2739343395507423,0.8204693388451633
234.997,46.213,-6.5,235.20499999999998,46.135,-8.9,235.179,46.314,-8.9,0,-4.881201875355166,23.458794361485335,-10.57254847630352,27.23438727153929,0.4528747008187937,0.8594603135900818
235.465,43.694,-11.5,235.28199999999998,43.815,-8.8,235.288,43.633,-8.8,0,-3.8712154856510486,13.84244394656103,-9.758913376386054,22.47366919979573,0.3955685826914087,0.6153117637075918
234.971,46.389,-6.5,234.997,46.213,-6.5,235.179,46.314,-8.9,0,-4.549735888935131,24.270259082192528,-10.632046754559639,27.471167023466787,0.4199727038332358,0.8818703414988992
235.437,40.531,-11.5,235.239,40.568,-6.5,235.30700000000002,40.454,-9.0,0,-2.2239558544667952,11.833234806867463,-3.046640228098312,24.338226015681443,0.6181106272914757,0.4825503274450557
235.461,44.053,-11.5,235.28,44.168,-8.8,235.281,43.989,-8.8,0,-5.161439827851274,13.717982996082574,-10.36490999580581,21.90870196877235,0.4969934743711688,0.6254832708212776
235.469,45.132,-11.5,235.27800000000002,45.242,-8.9,235.285,45.061,-8.9,0,-8.510738436815842,18.12267013936772,-13.035620015987305,23.450150644446943,0.6448092064794522,0.7707814699620643
235.461,43.874,-11.5,235.281,43.989,-8.8,235.28199999999998,43.815,-8.8,0,-4.656946855362232,13.575248315222217,-10.360823926899535,22.05392638331834,0.4484158254596865,0.6148850923440219
234.971,46.389,-6.5,235.179,46.314,-8.9,235.152,46.476,-8.9,0,-3.8345579789364272,24.129606842338713,-9.988916751863123,27.862808041135615,0.3754662333526493,0.8643298087565996
235.461,44.233,-11.5,235.461,44.413,-11.5,235.28,44.348,-8.9,0,-5.551905057402671,13.375449339153656,-10.502774292238847,21.63070446269588,0.5278122663799444,0.6176985498303034
235.04399999999998,45.859,-6.5,235.065,45.682,-6.5,235.245,45.778,-8.9,0,-7.19459865520866,22.653928187212113,-11.420865133129592,25.89795171983562,0.6210062766664073,0.8731382954512675
234.94299999999998,46.566,-6.5,234.971,46.389,-6.5,235.152,46.476,-8.9,0,-3.5523788039449014,24.844300869896312,-10.34174392940183,27.99074709672975,0.33662654970024825,0.8862279174479433
235.314,42.136,-6.5,235.35,41.961,-6.5,235.505,42.02,-9.0,0,3.1800457934990085,8.674633665632404,7.362904014254326,14.994981189532695,0.44935657875375945,0.5831208607502701
235.466,44.952,-11.5,235.469,45.132,-11.5,235.285,45.061,-8.9,0,-8.870634750724168,16.399480209783654,-14.173944922212335,22.473443919100248,0.6184572850787439,0.7273169283032843
233.902,48.378,-6.5,234.04500000000002,48.227,-6.5,234.137,48.377,-8.8,0,1.570086418283156,28.517409403394666,4.847584781832309,34.75017430618123,0.31952704367389706,0.8202558805145087
234.893,46.74,-6.5,235.1,46.677,-8.7,235.046,46.843,-8.8,0,-0.9899215136169742,26.696173556211086,-4.328129534366578,30.138611884107448,0.20671310350012131,0.8849940706727224
235.461,44.413,-11.5,235.462,44.593,-11.5,235.28199999999998,44.525,-8.9,0,-5.999076303710642,13.944928839219116,-10.621305922355553,21.431461696733187,0.5641478632319125,0.650119413799978
235.72199999999998,41.026,-11.5,235.791,41.197,-11.5,235.589,41.146,-8.9,0,-2.8927549644482964,11.639844737445594,-4.770954785755521,20.40082604741316,0.5687162440286236,0.5689259159476214
235.461,44.233,-11.5,235.28,44.348,-8.9,235.28,44.168,-8.8,0,-5.248216122027904,14.32567973282766,-9.666969940480769,22.08381960592729,0.5419979246565357,0.6480862249764523
235.245,45.778,-8.9,235.065,45.682,-6.5,235.25900000000001,45.6,-8.9,0,-7.817549179850117,21.484070657843624,-12.304331689102458,25.2209557653473,0.6268554175355678,0.8500590399981218
235.28,44.348,-8.9,235.461,44.413,-11.5,235.28199999999998,44.525,-8.9,0,-6.232941552955035,14.524453475488812,-10.726825823476684,21.428859759954,0.5803567219188899,0.6772690326856756
234.274,48.21,-8.8,234.173,48.072,-6.5,234.392,48.043,-8.7,0,0.26200491842871815,29.300618075132835,1.2091159820956676,34.47803479414789,0.20108995649501424,0.8495939086997933
233.788,48.668,-8.9,233.824,48.823,-11.5,233.607,48.799,-8.9,0,4.942397577371398,23.841430655292363,11.542418420906952,34.3560836218966,0.42667829491553166,0.6930270310577091
235.462,44.593,-11.5,235.463,44.773,-11.5,235.28300000000002,44.702,-8.9,0,-6.29639228150375,14.523112024336024,-10.620821359876672,21.288474564449324,0.5922815439245236,0.6817671862549548
235.25900000000001,45.6,-8.9,235.086,45.504,-6.5,235.26999999999998,45.42,-8.9,0,-8.492483641085645,20.82101458834795,-12.735499255195329,24.591297211107793,0.658649730324758,0.8450229098599807
235.065,45.682,-6.5,235.086,45.504,-6.5,235.25900000000001,45.6,-8.9,0,-7.66536909626093,22.179662991458486,-11.450496214308405,25.480613730743805,0.6605056341331346,0.8689749402875243
235.463,44.773,-11.5,235.466,44.952,-11.5,235.286,44.882,-8.9,0,-8.750331248493291,15.661755071209571,-14.172131156669508,22.049899566121262,0.6103413865769088,0.7077262202117591
235.462,44.593,-11.5,235.28300000000002,44.702,-8.9,235.28199999999998,44.525,-8.9,0,-6.480882474562769,15.10761605737507,-10.606213445285022,21.348771085611595,0.6104567121100591,0.707233409287615
234.832,46.913,-6.5,234.893,46.74,-6.5,235.046,46.843,-8.8,0,-0.9309640563129212,27.39313961622608,-5.041807810100668,30.269089236768075,0.16889987359155043,0.9044259302356026
233.739,48.518,-6.5,233.963,48.531,-8.9,233.788,48.668,-8.9,0,4.086873146616883,26.185111402956615,10.050660570582329,34.33438317366881,0.4046877605768065,0.7619796169501049
234.893,46.74,-6.5,234.94299999999998,46.566,-6.5,235.1,46.677,-8.7,0,-1.7583958798347024,26.406744339019387,-6.816591638456785,29.482369328991872,0.24678662780894162,0.894734018122949
234.015,48.696,-11.5,233.824,48.823,-11.5,233.788,48.668,-8.9,0,5.098298058327081,22.947541298739928,12.983466168496584,33.617489313189765,0.3913824329199221,0.6817260059689325
235.463,44.773,-11.5,235.286,44.882,-8.9,235.28300000000002,44.702,-8.9,0,-9.118554266181851,16.080701988716058,-14.28797502497758,21.841827783646792,0.6314714352630394,0.7338341608339359
233.739,48.518,-6.5,233.902,48.378,-6.5,233.963,48.531,-8.9,0,3.2608325858009652,27.406374356845696,8.39098563878075,34.54572611552838,0.3861741612504462,0.7927894814916576
235.523,41.862,-8.7,235.704,41.907,-11.5,235.505,42.02,-9.0,0,3.036413725853873,7.498928580792576,7.3904685897430795,15.378971977735233,0.4252089286620546,0.491021047477848
234.04500000000002,48.227,-6.5,234.173,48.072,-6.5,234.274,48.21,-8.8,0,0.6349556899132457,29.374399242381653,2.4898744443626804,34.61539458403639,0.2470670139881083,0.8483258089102863
235.44799999999998,41.256,-6.5,235.405,41.082,-6.5,235.589,41.146,-8.9,0,-0.9085872996460878,13.283162747286973,-1.0945698286908225,20.876660152957157,0.6680144627728537,0.6349884912588104
234.769,47.085,-6.5,234.969,47.028,-8.7,234.887,47.204,-8.7,0,-0.25166492638411414,28.34631135391706,-1.922577658875035,31.27430507930007,0.07430546478163819,0.9062698089682457
233.56799999999998,48.656,-6.5,233.788,48.668,-8.9,233.607,48.799,-8.9,0,5.143929995177236,25.288496771266004,11.337275089468527,34.3864466860518,0.45211714239088896,0.7345603639368312
235.423,41.609,-6.5,235.451,41.433,-6.5,235.601,41.536,-8.8,0,4.004606798521743,10.308375385950933,6.732151705573216,17.860254579074507,0.6121020476273688,0.5774113760525132
234.392,48.043,-8.7,234.287,47.911,-6.5,234.497,47.876,-8.7,0,-0.2274856151548963,29.774918591619052,-1.8295143507190552,34.049230348837746,0.13298239755605018,0.8742923623893103
234.832,46.913,-6.5,235.046,46.843,-8.8,234.969,47.028,-8.7,0,-0.6737528693840656,27.425064879141953,-4.396601194710083,30.554990174576268,0.1333937733420735,0.8971747783770622
235.086,45.504,-6.5,235.1,45.327,-6.5,235.26999999999998,45.42,-8.9,0,-8.638111048440356,21.272336669736998,-12.419344779313878,24.605310452936045,0.687381432360982,0.8631388625082687
235.285,45.061,-8.9,235.125,44.972,-6.5,235.286,44.882,-8.9,0,-9.748872501584579,18.408992856812887,-14.023152433584912,22.601749484178058,0.6882586883488802,0.8127553334871866
235.437,40.531,-11.5,235.53,40.696,-11.5,235.369,40.642,-9.0,0,-4.972725832337785,11.97207037503803,-7.785538428103791,22.433282270433452,0.5998270577791958,0.5293959176090015
235.26999999999998,45.42,-8.9,235.1,45.327,-6.5,235.27800000000002,45.242,-8.9,0,-9.014952064650211,20.123397634510987,-13.12482637101462,23.965143277654498,0.679019168779238,0.838100958047323
235.423,41.609,-6.5,235.601,41.536,-8.8,235.55700000000002,41.719,-8.7,0,4.0226741074300785,9.336953445741965,7.242093290952852,17.129634492626735,0.570380880979401,0.5458393407043084
235.451,41.433,-6.5,235.44799999999998,41.256,-6.5,235.611,41.343,-8.7,0,2.110013597435853,11.935637828039042,3.4936958818703943,19.662166791613288,0.6443796171808452,0.6064709451812996
233.56799999999998,48.656,-6.5,233.739,48.518,-6.5,233.788,48.668,-8.9,0,4.179826657633989,26.615444108836098,9.440189948578196,34.712863823317775,0.44069107281041614,0.7660133202172121
235.1,45.327,-6.5,235.113,45.15,-6.5,235.27800000000002,45.242,-8.9,0,-8.933403129541821,20.66034287466839,-12.564267722453572,24.123277668070447,0.7031018871674711,0.855080281663712
233.824,48.823,-11.5,233.632,48.952,-11.5,233.607,48.799,-8.9,0,5.53265299558519,22.424039842637455,12.823832742865854,34.14580288534237,0.43018755160675753,0.6556549369322224
234.173,48.072,-6.5,234.287,47.911,-6.5,234.392,48.043,-8.7,0,0.004992848431575276,29.95809552753584,-0.0687980892422182,34.303703186966786,0.174999112336611,0.873131505858038
234.688,47.254,-6.5,234.887,47.204,-8.7,234.793,47.377,-8.7,0,-0.12725074495622163,28.961182063358493,0.0345225218906684,31.782225691201234,0.03771156678899013,0.9112688059382756
235.269,40.744,-6.5,235.239,40.568,-6.5,235.369,40.642,-9.0,0,0.12992767587133675,13.443409735922314,0.648445271194106,23.75128593631527,0.6723515776417613,0.5636900496887821
235.312,40.919,-6.5,235.269,40.744,-6.5,235.453,40.839,-9.1,0,-0.944742589603989,14.279092574811388,-0.9942719380109963,22.63198342762854,0.6925159315543267,0.6288612153226008
234.769,47.085,-6.5,234.832,46.913,-6.5,234.969,47.028,-8.7,0,-0.5466632850322576,28.092470714378553,-4.661148252773657,30.762874718923435,0.101641668010858,0.912942495060726
235.27800000000002,45.242,-8.9,235.113,45.15,-6.5,235.285,45.061,-8.9,0,-9.238791813490582,19.45688751178394,-13.271502760735835,23.46725428315353,0.6885363536524157,0.8275055313312892
233.607,48.799,-8.9,233.632,48.952,-11.5,233.42000000000002,48.929,-8.9,0,5.632612087967206,23.092751293507824,12.181596181058467,34.58659211868532,0.4610460590383809,0.6665575821697344
235.113,45.15,-6.5,235.125,44.972,-6.5,235.285,45.061,-8.9,0,-9.103622522577972,19.956843458455875,-12.715265132787664,23.633061524054565,0.7083398673462763,0.8430327506293286
234.287,47.911,-6.5,234.389,47.747,-6.5,234.497,47.876,-8.7,0,-0.22154405175516134,30.26071135493939,-2.110457209258657,33.85743768743133,0.11138892766812272,0.8936283065696824
233.632,48.952,-11.5,233.439,49.079,-11.5,233.42000000000002,48.929,-8.9,0,6.043706293600267,21.77693977118246,13.145916068980725,34.475709065162505,0.4585934563704134,0.6304056689041574
235.389,41.785,-6.5,235.55700000000002,41.719,-8.7,235.523,41.862,-8.7,0,3.957779154601842,8.631403479222017,7.758825102902023,16.039477076323067,0.5239361925224897,0.5402294719745339
235.125,44.972,-6.5,235.126,44.795,-6.5,235.286,44.882,-8.9,0,-10.056591501880416,18.575313517486585,-14.128522279719508,22.383903251689848,0.70527439947635,0.8282481448544214
235.389,41.785,-6.5,235.423,41.609,-6.5,235.55700000000002,41.719,-8.7,0,4.030793165357918,9.412881997797308,7.268423709146447,16.743100735756826,0.5696766218244785,0.5635472214657528
235.126,44.795,-6.5,235.123,44.617,-6.5,235.28300000000002,44.702,-8.9,0,-7.505380550061852,17.159266829803578,-10.7949226382182,21.153375288385355,0.6948014375477602,0.8109770279959189
235.497,43.155,-11.5,235.34199999999998,43.238,-9.3,235.35899999999998,43.059,-9.3,0,-1.8627376679397385,14.876877232701906,-8.3399919884422,23.488279728148562,0.22294695657501115,0.6329227889471066
235.123,44.617,-6.5,235.122,44.439,-6.5,235.28199999999998,44.525,-8.9,0,-7.135455164698473,16.916819086159762,-10.55905762588371,21.41423402693352,0.6751863539863173,0.789693215648012
233.39100000000002,48.789,-6.5,233.56799999999998,48.656,-6.5,233.607,48.799,-8.9,0,5.151379930739242,25.77191306362391,10.624729412699693,34.82260758022785,0.4831247024527722,0.7391758715465382
233.439,49.079,-11.5,233.24599999999998,49.207,-11.5,233.232,49.058,-8.9,0,6.232775064745409,21.31724746672231,13.018179606293312,34.97328675957635,0.47764758806393237,0.6080884894823971
235.122,44.439,-6.5,235.12,44.262,-6.5,235.28,44.348,-8.9,0,-6.9159253193981245,16.488927762572494,-10.680519040225185,21.496239347719964,0.6468294196751914,0.7666959375981968
234.594,47.42,-6.5,234.793,47.377,-8.7,234.689,47.543,-8.7,0,-0.04447580583767635,30.026942121776525,-1.957977632334746,32.93544613305259,0.026562811795555436,0.9115829579559527
234.688,47.254,-6.5,234.769,47.085,-6.5,234.887,47.204,-8.7,0,-0.194870743444463,28.939891312284708,-1.6793810853980489,31.520511106184117,0.055118065374635226,0.9180702045714335
235.286,44.882,-8.9,235.126,44.795,-6.5,235.28300000000002,44.702,-8.9,0,-9.965114816623537,17.429628906561728,-14.511643277372247,21.85729029208307,0.6803855456375603,0.7955058864562263
234.497,47.876,-8.7,234.389,47.747,-6.5,234.591,47.714,-8.7,0,-0.2249778669372766,30.00257196281862,-3.0377987794285133,33.58131227671644,0.07813387286129563,0.8932918451645829
235.405,41.082,-6.5,235.312,40.919,-6.5,235.495,40.956,-8.9,0,-4.969751456442067,13.499158055047623,-6.896359411012156,20.740175778560513,0.6905324055229535,0.6484743079558762
235.28300000000002,44.702,-8.9,235.123,44.617,-6.5,235.28199999999998,44.525,-8.9,0,-7.024614844460372,16.53297786393086,-10.574423712764116,21.34782500685779,0.6637558586630734,0.7741601868727936
233.24599999999998,49.207,-11.5,233.05200000000002,49.335,-11.5,233.049,49.181,-8.9,0,6.415047785866232,20.948789610536096,13.093647412174954,35.371611423921486,0.4888414916637575,0.5906396175457911
235.12,44.262,-6.5,235.124,44.084,-6.5,235.28,44.168,-8.8,0,-6.071473432318084,16.37015047106319,-9.952388918069893,21.977008178380082,0.6091714706736672,0.744449936960401
235.122,44.439,-6.5,235.28,44.348,-8.9,235.28199999999998,44.525,-8.9,0,-6.827703832309286,16.063234088386945,-10.694944462797096,21.430192289686794,0.6377464916308171,0.7491739446900291
233.39100000000002,48.789,-6.5,233.607,48.799,-8.9,233.42000000000002,48.929,-8.9,0,5.868082037548398,24.55024173166983,11.985951920333441,34.61907863572364,0.48816153627826486,0.7080910527067161
233.42000000000002,48.929,-8.9,233.439,49.079,-11.5,233.232,49.058,-8.9,0,6.025656890085172,22.50276546043846,12.38205593052391,34.96788849952317,0.4853837677935827,0.642205485533174
235.537,42.797,-11.5,235.38,42.89,-9.3,235.404,42.706,-9.3,0,0.8543822344035181,7.211353026114718,5.596002488926615,11.769846213791851,0.17874698048447443,0.6235270301501036
235.49200000000002,42.189,-9.3,235.314,42.136,-6.5,235.505,42.02,-9.0,0,2.624493465849695,8.258460907554609,6.994219614804933,14.715330682448638,0.39393643128427525,0.5666926074023468
234.389,47.747,-6.5,234.49200000000002,47.584,-6.5,234.591,47.714,-8.7,0,-0.11043340657551946,30.444751356989066,-1.8940218091330792,33.5136521403608,0.06370923481750658,0.9083139573938697
235.28,44.168,-8.8,235.124,44.084,-6.5,235.281,43.989,-8.8,0,-5.796972285794063,15.39546442335403,-10.33350244360728,21.88461719779545,0.5600439648685858,0.7029691944116879
235.461,42.355,-9.3,235.59199999999998,42.439,-11.5,235.43200000000002,42.53,-9.3,0,1.257898261199687,7.520534701698923,6.094580424359862,13.347338432187598,0.23011147501308063,0.572434114609054
235.35,41.961,-6.5,235.389,41.785,-6.5,235.523,41.862,-8.7,0,3.8433512342044294,8.858959993318837,7.6632213130808395,15.720211263396294,0.5164877358148372,0.5663997408911522
235.124,44.084,-6.5,235.128,43.906,-6.5,235.281,43.989,-8.8,0,-5.615247871267844,16.103542356618117,-9.95012897450016,22.126936909375985,0.563330623138818,0.7273170114985941
235.43200000000002,42.53,-9.3,235.562,42.618,-11.5,235.404,42.706,-9.3,0,0.9975378972063145,7.408628317733232,5.971966196182876,12.505081150417567,0.19208860802670608,0.6027591807190089
234.594,47.42,-6.5,234.688,47.254,-6.5,234.793,47.377,-8.7,0,-0.10885587012689736,29.435385212222673,0.49477528329503784,32.00429098222363,0.032505915939473794,0.9197524712994418
235.517,42.976,-11.5,235.35899999999998,43.059,-9.3,235.38,42.89,-9.3,0,0.9150439843411267,6.791972665159733,5.492029994904925,10.915674205276503,0.19056340920171577,0.6329129312919057
235.14,43.551,-6.5,235.14600000000002,43.373,-6.5,235.293,43.465,-8.8,0,-3.870981181931254,16.440073325245297,-9.693815301394778,22.67453609334033,0.3983448882397083,0.7246416176927626
235.53,40.696,-11.5,235.62900000000002,40.86,-11.5,235.453,40.839,-9.1,0,-5.256753120146964,12.4057316641262,-8.264556380650049,21.105019282930932,0.6050472124770061,0.5844324317853843
235.281,43.989,-8.8,235.128,43.906,-6.5,235.28199999999998,43.815,-8.8,0,-5.293660786834256,15.233430237734506,-10.329824967080206,22.03501114337211,0.5114197601135385,0.6907990662283764
235.517,42.976,-11.5,235.497,43.155,-11.5,235.35899999999998,43.059,-9.3,0,0.8427237678155304,6.27612909036747,5.174201533384434,10.556941750571667,0.1853589178260521,0.6050313228129233
233.209,48.92,-6.5,233.39100000000002,48.789,-6.5,233.42000000000002,48.929,-8.9,0,5.843645323884454,25.045940242169152,11.326056083244326,35.05287054630785,0.5144260261410273,0.7133925927178025
235.128,43.906,-6.5,235.13299999999998,43.729,-6.5,235.28199999999998,43.815,-8.8,0,-5.041663713796519,16.077100362264936,-9.820426422987957,22.33440687648526,0.5122855662878396,0.7193695886318354
235.49200000000002,42.189,-9.3,235.626,42.261,-11.5,235.461,42.355,-9.3,0,1.7058130762183472,7.464907897575871,6.412298935468414,14.080476141834055,0.28662947108998826,0.5374198788730371
234.591,47.714,-8.7,234.49200000000002,47.584,-6.5,234.689,47.543,-8.7,0,-0.12330426905458222,30.08333441068301,-3.2287572337571397,33.20559629994726,0.04113272455154641,0.9058526355138841
235.14,43.551,-6.5,235.293,43.465,-8.8,235.288,43.633,-8.8,0,-3.9405429584150746,15.648445968660472,-9.79739201277554,22.56970335524231,0.40115519720467957,0.6928667095656391
235.497,43.155,-11.5,235.483,43.335,-11.5,235.34199999999998,43.238,-9.3,0,-1.9675351043995257,13.934930963388407,-8.752729057531155,23.2676202259452,0.22420517138822235,0.5983815937831007
235.28,44.348,-8.9,235.12,44.262,-6.5,235.28,44.168,-8.8,0,-5.821166189299106,15.995578697244886,-9.634795326465266,22.065961193339746,0.6033233643978658,0.7244385397402028
235.13299999999998,43.729,-6.5,235.14,43.551,-6.5,235.288,43.633,-8.8,0,-4.36808945098288,16.25047872859816,-9.571246834044572,22.586549789058267,0.4552598065326745,0.7190330573962461
235.66,42.083,-11.5,235.626,42.261,-11.5,235.49200000000002,42.189,-9.3,0,1.7872142585191588,7.085942741202747,6.325995275326477,14.535486649046959,0.3013161006600876,0.4936430161035709
235.626,42.261,-11.5,235.59199999999998,42.439,-11.5,235.461,42.355,-9.3,0,1.3684122723639591,7.114141798017148,6.277940410541817,13.666315916528077,0.23897436080054502,0.5287874093193727
235.537,42.797,-11.5,235.517,42.976,-11.5,235.38,42.89,-9.3,0,0.7174616584650229,6.757675163982248,5.200098725935931,11.435333949870596,0.16371139975762874,0.6019906630146902
234.49200000000002,47.584,-6.5,234.594,47.42,-6.5,234.689,47.543,-8.7,0,-0.0693600760508605,30.39370172224624,-2.153803654807799,33.139578721114084,0.03586277161944333,0.9170420414933489
233.209,48.92,-6.5,233.42000000000002,48.929,-8.9,233.232,49.058,-8.9,0,6.2801968461575655,23.953532467977453,12.193535929660017,34.9932530294217,0.5137110862555159,0.6832481702543624
235.59199999999998,42.439,-11.5,235.562,42.618,-11.5,235.43200000000002,42.53,-9.3,0,0.9904354189937797,7.143187558091271,5.931140013712337,12.922643391070523,0.19073785797836043,0.562623230317933
235.562,42.618,-11.5,235.537,42.797,-11.5,235.404,42.706,-9.3,0,0.7736398114367969,7.037731657004893,5.553641520517175,12.189232467255863,0.16488684727301434,0.5882106663062068
233.025,49.051,-6.5,233.209,48.92,-6.5,233.232,49.058,-8.9,0,6.172033322155172,24.488463522049496,11.498341858691992,35.44262685034732,0.535330745189973,0.6895956859422506
235.28199999999998,43.815,-8.8,235.13299999999998,43.729,-6.5,235.288,43.633,-8.8,0,-4.46235190086617,15.464145380233717,-9.728511117476494,22.456839252988146,0.4575622503088259,0.6881054354266614
232.848,49.185,-6.5,233.025,49.051,-6.5,233.049,49.181,-8.9,0,5.727708624791051,24.28518268320768,10.453569613336432,36.244576635294365,0.5462960382095121,0.6685212943859783
233.232,49.058,-8.9,233.24599999999998,49.207,-11.5,233.049,49.181,-8.9,0,6.376143472120704,21.985916396352433,12.706034671014905,35.28244248546763,0.5006377092831324,0.6216285038579189
235.239,40.568,-6.5,235.437,40.531,-11.5,235.369,40.642,-9.0,0,-2.366992488857577,12.52701796127402,-3.241698865693536,23.984966195785717,0.6298529954223662,0.5188726885525983
233.025,49.051,-6.5,233.232,49.058,-8.9,233.049,49.181,-8.9,0,6.647707222692677,23.429231808999713,12.52335126649478,35.329134034114475,0.5295792004915314,0.661696265311096
235.495,40.956,-8.9,235.312,40.919,-6.5,235.453,40.839,-9.1,0,-4.010248487086366,13.671975019173681,-5.590841951878417,21.50552748426786,0.6756290911414253,0.6332462061355425
235.62900000000002,40.86,-11.5,235.495,40.956,-8.9,235.453,40.839,-9.1,0,-3.9905438592948466,13.079865619604101,-5.967832175181883,21.42055555668159,0.62839371859417,0.6080375316867015
232.24200000000002,49.807,-9.0,232.184,49.75,-6.5,232.29399999999998,49.76,-8.9,0,4.448622310546159,22.76247269378201,9.03369859306667,39.23964683239503,0.4907374459318159,0.5781944719130029
235.35,41.961,-6.5,235.523,41.862,-8.7,235.505,42.02,-9.0,0,3.4924635220835976,8.28407259640949,7.7480395070937504,15.218232059361327,0.4656819434709487,0.5480727614622655
235.66,42.083,-11.5,235.49200000000002,42.189,-9.3,235.505,42.02,-9.0,0,2.2321666545734264,7.484784913590053,6.606244402597412,14.875938395632716,0.3557956978829061,0.508392170688723
235.239,40.568,-6.5,235.2,40.393,-6.5,235.30700000000002,40.454,-9.0,0,-0.7153259115647667,11.53237397740932,-0.5726885061202154,24.942280034806544,0.6349960128049728,0.45914342623863796
232.184,49.75,-6.5,232.34300000000002,49.605,-6.5,232.29399999999998,49.76,-8.9,0,3.5916865057820444,23.52225679879616,7.051916276706042,39.39555680461791,0.506788161432509,0.5952052103746904
235.362,40.361,-11.5,235.437,40.531,-11.5,235.30700000000002,40.454,-9.0,0,-3.6269326886993096,10.593670091604189,-5.704390376729805,24.31692419350597,0.5744048035244617,0.4309513283431513
232.486,49.729,-11.5,232.301,49.864,-11.5,232.29399999999998,49.76,-8.9,0,5.331817960047046,21.01515139628107,11.398859566932796,38.3430362794163,0.4666097179265875,0.5462093903634577
232.301,49.864,-11.5,232.24200000000002,49.807,-9.0,232.29399999999998,49.76,-8.9,0,4.340632744193576,21.856129614208058,9.162661570593436,39.2098061021501,0.4720981811253208,0.5555491623125072
236.184,40.566,-16.5,236.152,40.789,-15.1,235.957,40.658,-14.8,0,-3.606873274719094,6.448674038274459,-15.25915397474995,16.96350834588568,0.22438148864992416,0.37475631960553063
235.66500000000002,40.558,-13.7,235.437,40.531,-11.5,235.589,40.434,-14.4,0,-7.784890249752274,8.395491230603191,-15.162200676224614,18.580364735079932,0.495572424368997,0.4440047545349451
235.791,41.197,-11.5,235.953,41.067,-13.0,236.07999999999998,41.27,-14.3,0,1.2205352479845901,9.315491802228957,3.1566567290537364,20.19704928024828,0.43243560981458623,0.46043972263614386
236.184,40.566,-16.5,236.338,40.699,-16.5,236.152,40.789,-15.1,0,-2.6830687101182957,5.250003126766591,-16.28037650846852,15.833969050625235,0.15573063085582767,0.326286534294706
235.821,41.375,-11.5,235.791,41.197,-11.5,236.07999999999998,41.27,-14.3,0,-0.5271575496855312,9.166922685865133,-0.8608724227284199,19.953174816105843,0.45646098845429794,0.45851783979233357
235.57999999999998,40.297,-16.5,235.762,40.409,-16.5,235.589,40.434,-14.4,0,-7.60963656159028,5.595304464787824,-18.830949449805814,15.719871284778534,0.3917362097716023,0.34420549879601986
234.252,48.806,-16.5,234.055,48.93,-16.5,234.015,48.696,-11.5,0,4.458955649042476,19.14998389380242,14.227765898266817,33.303876432159335,0.3123950345036787,0.5740980425376858
234.055,48.93,-16.5,233.824,48.823,-11.5,234.015,48.696,-11.5,0,4.725021302496769,20.741373968676726,13.246085791244749,33.886668757854004,0.3555524939397217,0.6111300615772582
235.29500000000002,47.575,-16.5,235.091,47.615,-14.3,235.188,47.383,-13.7,0,0.012076376029629401,25.66583001115628,-0.9866801017133255,32.63853465639814,-0.00281651442057995,0.7860421669419396
232.701,49.817,-16.5,232.486,49.729,-11.5,232.67000000000002,49.595,-11.5,0,5.127848477316035,19.090409297735206,11.645859213333551,37.54808095603412,0.4391829169512506,0.5066463600293492
232.885,49.684,-16.5,232.701,49.817,-16.5,232.67000000000002,49.595,-11.5,0,4.931146959432528,17.714078260930375,11.920324875143502,37.29633502124448,0.41260431935118247,0.473258231628618
235.091,47.615,-14.3,234.988,47.428,-11.5,235.188,47.383,-13.7,0,-0.17470588896320025,26.32234536460179,2.6181545431869555,31.85438287882309,0.005186882209041445,0.8267501365447771
235.64600000000002,46.902,-16.5,235.578,47.074,-16.5,235.438,46.856,-13.6,0,-0.5292194073660274,19.535885704369782,-2.6207237097162697,30.32520900507329,0.15227780815628222,0.6440877519149524
232.885,49.684,-16.5,232.67000000000002,49.595,-11.5,232.858,49.463,-11.5,0,5.487275027496241,18.98779374104749,12.2799877541579,36.92949207455753,0.4457535144640355,0.5124070837428765
235.438,46.856,-13.6,235.578,47.074,-16.5,235.356,47.067,-13.7,0,-0.39770199182395755,21.499596012755376,-1.942404117735201,30.560717344248296,0.1331528423514883,0.7035359162485941
232.885,49.684,-16.5,232.858,49.463,-11.5,233.07299999999998,49.553,-16.5,0,5.235187111966553,17.576321175521084,12.552173207860104,36.671706503002724,0.4160492641309156,0.47761997048488414
234.055,48.93,-16.5,233.856,49.052,-16.5,233.824,48.823,-11.5,0,5.106691414473247,18.557316826203127,14.612553264621948,33.60451178330333,0.34856729918948964,0.5511613453393381
233.856,49.052,-16.5,233.632,48.952,-11.5,233.824,48.823,-11.5,0,5.117467385586176,20.248603637400656,13.073912961379822,34.440120465480376,0.39030980909279334,0.5868211651962421
233.07299999999998,49.553,-16.5,232.858,49.463,-11.5,233.05200000000002,49.335,-11.5,0,5.967337480130925,18.825422329771193,13.316674104668614,36.15361432021734,0.4471280225262095,0.5190024267401441
233.26600000000002,49.426,-16.5,233.05200000000002,49.335,-11.5,233.24599999999998,49.207,-11.5,0,5.909853846580265,18.932908281873463,13.32596397821721,35.72498356023973,0.4424876043167908,0.5283655337686124
233.26600000000002,49.426,-16.5,233.07299999999998,49.553,-16.5,233.05200000000002,49.335,-11.5,0,5.604278014450507,17.41728374480938,13.502748942669854,35.921773447302314,0.41412544097899173,0.48325783740129585
233.45999999999998,49.299,-16.5,233.26600000000002,49.426,-16.5,233.24599999999998,49.207,-11.5,0,5.550935736893181,17.55286878372371,13.593543192053502,35.45784110381768,0.4074323071376882,0.49353154329026255
233.45999999999998,49.299,-16.5,233.24599999999998,49.207,-11.5,233.439,49.079,-11.5,0,5.746639662318844,19.255428926642814,13.252530181154421,35.32007411549124,0.4326063442740032,0.5437150610801761
233.856,49.052,-16.5,233.65699999999998,49.175,-16.5,233.632,48.952,-11.5,0,5.45840586019484,18.10078812775789,14.489928298317423,34.154356832445046,0.37583579594929184,0.5287468590346249
233.65699999999998,49.175,-16.5,233.45999999999998,49.299,-16.5,233.439,49.079,-11.5,0,5.629000637338996,17.74388865342956,14.210263696392527,34.747667051679755,0.3952566949417036,0.5092750408819675
233.65699999999998,49.175,-16.5,233.439,49.079,-11.5,233.632,48.952,-11.5,0,5.576837565361813,19.656209360047207,13.386763614256104,34.799645412589314,0.4155635875775392,0.5635475579285489
235.872,40.885,-13.0,235.62900000000002,40.86,-11.5,235.765,40.729,-13.2,0,-6.2704239151439545,10.001356974724395,-12.257806303716961,18.545401290137672,0.49330299478546014,0.5352442824398688
235.762,40.409,-16.5,235.66500000000002,40.558,-13.7,235.589,40.434,-14.4,0,-6.804232878400647,7.3927500302770435,-15.832928722724716,18.160552503187162,0.4130458575036544,0.39871182166368735
236.07999999999998,41.27,-14.3,235.953,41.067,-13.0,236.171,41.092,-14.8,0,1.6810753116799022,8.059909067328299,5.149724285502799,19.88473139584184,0.35144319708713856,0.40474517925424514
235.872,40.885,-13.0,235.765,40.729,-13.2,235.98399999999998,40.797,-14.1,0,-5.584175286691562,8.974755217334225,-12.983143992679686,18.08206659888166,0.41365407960578704,0.4920719744835767
235.821,41.375,-11.5,236.07999999999998,41.27,-14.3,236.01600000000002,41.447,-14.3,0,3.38941314264213,7.001049321275613,8.631361806409771,17.551285490838836,0.40398882157852145,0.39860302212303245
235.999,41.908,-16.5,235.704,41.907,-11.5,235.902,41.803,-14.4,0,2.0276102418987163,5.3688984791948995,6.66197935117124,15.843459615756615,0.31664643980933455,0.3410228298737056
235.704,41.907,-11.5,235.999,41.908,-16.5,235.813,42.029,-13.8,0,1.7489515732231546,5.486496382669506,6.123399945853862,15.682072574203659,0.29951864379217996,0.3527595685205831
235.503,46.651,-13.7,235.697,46.726,-16.5,235.438,46.856,-13.6,0,-1.376793228834498,18.88568743350372,-5.868915134665826,29.429252585236604,0.21677943877611014,0.6405114924876993
235.697,46.726,-16.5,235.64600000000002,46.902,-16.5,235.438,46.856,-13.6,0,-1.1334756444515162,18.18419246172433,-5.4466203668048365,29.655959332257428,0.18828847461792292,0.6124411313839841
235.578,47.074,-16.5,235.49200000000002,47.243,-16.5,235.356,47.067,-13.7,0,-0.13726586124240608,21.414863280101642,0.276282181310906,30.892032869649455,0.0929221508624708,0.693735142811884
235.356,47.067,-13.7,235.49200000000002,47.243,-16.5,235.27800000000002,47.225,-13.7,0,-0.17829159086636334,23.118800528393333,-0.22689734294320374,31.079239896664326,0.0743643161129293,0.7443763712235402
235.975,40.484,-16.5,236.184,40.566,-16.5,235.957,40.658,-14.8,0,-4.778020880869046,3.848018460577374,-20.89815858784172,10.3485474424904,0.22205451692570016,0.3597538732927226
235.53,40.696,-11.5,235.437,40.531,-11.5,235.66500000000002,40.558,-13.7,0,-4.710930206349301,11.101840174696184,-8.147468628742558,22.074265840273014,0.5402729358947678,0.498483337702478
235.537,46.492,-13.8,235.739,46.55,-16.5,235.503,46.651,-13.7,0,-2.5148433907975316,16.9949169135099,-9.004961849004324,28.15841177873959,0.2692763737794493,0.601272264941392
235.27800000000002,47.225,-13.7,235.39600000000002,47.41,-16.5,235.188,47.383,-13.7,0,-0.13498809375165077,24.296958794203334,1.6287930777945192,31.45782247458841,0.0296882777828538,0.7730028454811965
235.49200000000002,47.243,-16.5,235.39600000000002,47.41,-16.5,235.27800000000002,47.225,-13.7,0,-0.10321769322733264,22.852651985243977,1.8774738048989725,31.265423402701465,0.04365149202043049,0.7316693841268047
235.739,46.55,-16.5,235.697,46.726,-16.5,235.503,46.651,-13.7,0,-1.7407375401505898,16.39460866788073,-6.8461807686765646,28.912593134511482,0.2402454780367884,0.5652377063168657
235.72199999999998,41.026,-11.5,235.62900000000002,40.86,-11.5,235.872,40.885,-13.0,0,-4.360417218178999,11.303996976966836,-7.893941745305057,20.266147902361453,0.5244243736654682,0.5551314333361447
235.767,42.348,-14.2,235.626,42.261,-11.5,235.814,42.16,-14.3,0,1.18995813766629,5.856358615737155,6.131933994830462,14.114062948428511,0.21110580248972566,0.42174181271174527
235.924,42.261,-16.5,235.767,42.348,-14.2,235.814,42.16,-14.3,0,0.9206207648118605,5.0864680807121605,5.787566804906874,14.179638987650577,0.1748813707770496,0.3650256047685917
235.39600000000002,47.41,-16.5,235.29500000000002,47.575,-16.5,235.188,47.383,-13.7,0,-0.1767519998712923,23.920628683198483,2.7637684777928584,31.624579784205743,0.0065766825044807214,0.7570991690186092
235.765,40.729,-13.2,235.957,40.658,-14.8,235.98399999999998,40.797,-14.1,0,-5.549493889877499,8.175339058866234,-14.39578337536338,17.44964343109698,0.370577139631717,0.4633150675320583
234.882,47.593,-11.5,235.091,47.615,-14.3,234.99599999999998,47.78,-14.3,0,0.014437240573972618,27.175750765284626,-2.4274666250744943,32.9942605186295,-0.0014334666592360427,0.8233852455045326
235.798,41.554,-11.5,235.821,41.375,-11.5,236.01600000000002,41.447,-14.3,0,2.0691036541611734,7.77701331563573,4.902074650442245,18.52675589228147,0.4432494217930764,0.4195201271200498
234.79000000000002,47.762,-11.5,234.882,47.593,-11.5,234.99599999999998,47.78,-14.3,0,-0.01960252556294142,27.761983670602863,-3.3296326511176737,33.10106598805197,0.009419271714988004,0.8384657490577615
234.79000000000002,47.762,-11.5,234.99599999999998,47.78,-14.3,234.899,47.95,-14.3,0,-0.030192997538196743,27.04169779564905,-2.5336893050855203,33.386371757540985,0.017183096447254416,0.8096819535265202
235.953,41.067,-13.0,235.72199999999998,41.026,-11.5,235.872,40.885,-13.0,0,-3.132714451049065,10.672436992782009,-6.2068312414297395,20.441140730892783,0.47262806414664976,0.520016870657607
235.791,41.197,-11.5,235.72199999999998,41.026,-11.5,235.953,41.067,-13.0,0,-2.783995251303189,10.645904353485138,-5.207540673761912,20.20713639029823,0.5004243668313265,0.5251487609864979
234.882,47.593,-11.5,234.988,47.428,-11.5,235.091,47.615,-14.3,0,0.006975243958958978,27.771210671703827,-0.9780018445231828,32.8760374625261,0.0025275756152628903,0.8445009835303651
234.699,47.931,-11.5,234.79000000000002,47.762,-11.5,234.899,47.95,-14.3,0,-0.11845895143127445,27.479901796024127,-3.4646266254651863,33.490295849331275,0.03837114813327294,0.8202742763956073
235.764,45.835,-16.5,235.59199999999998,45.948,-13.8,235.61700000000002,45.743,-14.1,0,-5.526006056270759,14.431154380094041,-12.546565128036256,25.088212398858765,0.4327137162620285,0.5716185546753055
236.338,40.699,-16.5,236.372,40.874,-16.5,236.152,40.789,-15.1,0,-0.6301927893489766,6.935001687135979,-3.14451394311115,21.989159332412044,0.1525100073707481,0.3138467221373947
235.59199999999998,45.948,-13.8,235.452,45.851,-11.5,235.61700000000002,45.743,-14.1,0,-6.143232781950009,16.394453891266622,-12.744548026405067,25.102934318283772,0.4740174217975711,0.6497022352589694
234.699,47.931,-11.5,234.899,47.95,-14.3,234.80200000000002,48.108,-14.3,0,-0.06348537516435188,26.608197739648,-1.4410369804714733,33.85999712970168,0.05506429458009035,0.7855224084484546
235.798,41.554,-11.5,236.01600000000002,41.447,-14.3,235.95999999999998,41.624,-14.4,0,3.245158143481855,6.2547484041569525,8.360221519494615,16.79371228200131,0.39844302703552875,0.3725513644395794
235.753,46.371,-16.5,235.739,46.55,-16.5,235.537,46.492,-13.8,0,-3.2452942962210183,14.60626060189642,-11.200052012628039,27.067306686125132,0.282361714777759,0.5368060183330358
235.753,46.371,-16.5,235.537,46.492,-13.8,235.561,46.308,-13.8,0,-3.226698923019572,16.04784348785875,-9.939905499805338,27.446131554053785,0.31565339891036354,0.5816363666766525
234.601,48.098,-11.5,234.699,47.931,-11.5,234.80200000000002,48.108,-14.3,0,-0.1699498294159594,26.987930023829826,-2.2229863073542724,34.001940695287786,0.08416886300825978,0.7934227246362624
235.53,40.696,-11.5,235.66500000000002,40.558,-13.7,235.765,40.729,-13.2,0,-6.87339486976737,9.770970038622655,-13.163791008539704,18.99448008186848,0.5024780271901887,0.5088830568481088
232.52100000000002,49.954,-16.5,232.411,49.909,-14.0,232.527,49.856,-14.7,0,4.307087516414887,17.73837454536925,10.812333804036225,38.202381499479365,0.397233767148606,0.46264193783771823
235.75,41.73,-11.5,235.95999999999998,41.624,-14.4,235.902,41.803,-14.4,0,2.8481739890859092,5.78991545254473,7.838862421562041,16.128456701270437,0.37386268871634837,0.3600222724964015
235.75,41.73,-11.5,235.798,41.554,-11.5,235.95999999999998,41.624,-14.4,0,2.978375044319067,6.644195677084339,7.304970018963203,16.837525568196014,0.4198840792071727,0.39517618035065716
235.957,40.658,-14.8,236.152,40.789,-15.1,235.98399999999998,40.797,-14.1,0,-4.6090998891014445,7.098235363402789,-15.075287244459105,16.659954366527124,0.29336338471968976,0.4209932175618964
235.62900000000002,40.86,-11.5,235.53,40.696,-11.5,235.765,40.729,-13.2,0,-4.954887599086504,11.557163446856848,-8.66286863148332,20.88910451172218,0.5415123970534064,0.5496782212784913
235.66500000000002,40.558,-13.7,235.762,40.409,-16.5,235.834,40.575,-14.8,0,-7.418046356057806,6.082729095453945,-18.880935343460294,14.445830827819151,0.3817901430400909,0.41070506595167294
235.762,40.409,-16.5,235.975,40.484,-16.5,235.834,40.575,-14.8,0,-6.664558031549519,4.008948811250223,-21.415123985010467,10.356451279299932,0.3040448635571263,0.3722012517742133
234.49099999999999,48.262,-11.5,234.601,48.098,-11.5,234.692,48.276,-14.3,0,-0.0045591753711340275,26.160355987540555,-0.16819478899509477,34.48161156243836,0.14181577072707804,0.7583186713868658
235.757,46.192,-16.5,235.753,46.371,-16.5,235.561,46.308,-13.8,0,-4.184250906746237,13.76984203265658,-12.661572140954927,25.992531243288933,0.32383250961851934,0.5262359871087321
235.757,46.192,-16.5,235.561,46.308,-13.8,235.577,46.123,-13.8,0,-4.101901763674305,15.36855925667943,-11.121801803332378,26.58041846412335,0.36066620953112893,0.574630162134319
234.252,48.806,-16.5,234.015,48.696,-11.5,234.25400000000002,48.682,-14.2,0,4.0775013527232415,20.313058795119556,13.426639705148688,33.41145640344557,0.30253532018968843,0.6071408021289602
235.975,40.484,-16.5,235.957,40.658,-14.8,235.834,40.575,-14.8,0,-5.524450775916896,6.0962241974918125,-17.914891370608757,15.016876767290029,0.2972584160899547,0.39760405046771363
234.692,48.276,-14.3,234.601,48.098,-11.5,234.80200000000002,48.108,-14.3,0,-0.02825075660275961,25.829305528610313,-0.43596726956093335,34.299142521966964,0.1065270103592069,0.7527052505054934
234.56,48.407,-13.8,234.625,48.547,-16.5,234.42000000000002,48.553,-14.1,0,1.7681356488004165,21.607336878933157,8.83202481751448,33.997235008708344,0.1982388879860862,0.6349815734716726
235.704,41.907,-11.5,235.75,41.73,-11.5,235.902,41.803,-14.4,0,2.599593275815353,6.246371977376303,7.0557855008252375,16.0472651937217,0.38095285384270183,0.39111940192049677
232.486,49.729,-11.5,232.701,49.817,-16.5,232.527,49.856,-14.7,0,4.873962526309415,18.283114617709973,11.651501116505647,37.742480698660046,0.41724844818373286,0.48268130356556826
235.953,41.067,-13.0,236.05700000000002,40.92,-14.1,236.171,41.092,-14.8,0,-0.8040365868218262,8.982533814286883,-1.8608244501287174,21.04264536612152,0.3439694439853127,0.42554925853605785
235.999,41.908,-16.5,235.957,42.084,-16.5,235.813,42.029,-13.8,0,1.3593591013541182,4.646334651643311,6.047025527405339,15.351326327846493,0.23762849023160806,0.3058210577627353
235.626,42.261,-11.5,235.66,42.083,-11.5,235.814,42.16,-14.3,0,1.4595233511828951,6.293929725969497,5.966547001914137,14.677643992338488,0.26237341484754734,0.43460251759173707
235.75900000000001,46.013,-16.5,235.757,46.192,-16.5,235.577,46.123,-13.8,0,-4.778944543228808,13.500080016543915,-12.93927716702311,25.445953185025125,0.3625202769272863,0.5267401621452225
235.251,46.919,-11.5,235.438,46.856,-13.6,235.356,47.067,-13.7,0,-0.4638595302674083,23.23010513707649,-2.2436781253670404,30.54248460366781,0.14714269366874633,0.7603198188256867
235.75900000000001,46.013,-16.5,235.577,46.123,-13.8,235.59199999999998,45.948,-13.8,0,-4.559918988240029,15.132361160253694,-11.156740069841689,26.17970906842775,0.40029696858211977,0.5743680178748515
234.368,48.422,-11.5,234.56,48.407,-13.8,234.42000000000002,48.553,-14.1,0,1.8740388942055042,23.340854551497582,8.451001576641985,34.1707338164476,0.21957705545409112,0.6825180707625735
235.924,42.261,-16.5,235.89600000000002,42.439,-16.5,235.767,42.348,-14.2,0,0.5520686803813308,4.896289626105192,4.789946536455631,14.038368377604598,0.13379019869815803,0.3558208415293773
235.356,46.567,-11.5,235.537,46.492,-13.8,235.503,46.651,-13.7,0,-2.6615609045576445,19.505762747000738,-9.167453145719112,28.254778208179033,0.28044542254858523,0.6882283616230572
235.622,43.956,-14.0,235.461,43.874,-11.5,235.626,43.781,-14.0,0,-3.1965650413851447,9.785145727584863,-10.048380896951478,22.27410186033496,0.3170979407058037,0.4384189940713816
235.69,42.873,-14.1,235.537,42.797,-11.5,235.713,42.695,-14.2,0,0.3734864140592265,5.928163368571523,4.467948973002365,12.076414829244698,0.10966028695804736,0.5020761521426945
235.713,42.695,-14.2,235.562,42.618,-11.5,235.737,42.515,-14.1,0,0.5507628171338718,5.997905225364871,5.369696633922189,12.6235141034513,0.1245228008157041,0.48565215215351837
235.67000000000002,43.056,-14.2,235.517,42.976,-11.5,235.69,42.873,-14.1,0,0.47701931805691233,5.4187579918897795,4.974852810663663,10.956290881570538,0.11683166450655097,0.5061310190546178
234.777,48.4,-16.5,234.625,48.547,-16.5,234.56,48.407,-13.8,0,1.2212995317294555,21.40675969934771,7.451709254790346,34.148257888238184,0.16161834770874348,0.6263353956991738
235.642,43.421,-14.1,235.483,43.335,-11.5,235.649,43.242,-14.1,0,-1.760361769500917,11.06382559822346,-9.678754650684667,22.883919560169424,0.1812470410738279,0.48282482602187043
235.957,40.658,-14.8,235.765,40.729,-13.2,235.834,40.575,-14.8,0,-6.7610725801124,6.910336374193511,-17.450944050136258,14.979915731760428,0.3758752614275126,0.4537593806189421
235.537,42.797,-11.5,235.562,42.618,-11.5,235.713,42.695,-14.2,0,0.5529809578458292,6.351036377383299,5.199991895178044,12.27471449133455,0.13062361703611763,0.5284541913585824
235.764,45.835,-16.5,235.75900000000001,46.013,-16.5,235.59199999999998,45.948,-13.8,0,-5.040556761582811,13.478954598720524,-12.508405081847414,25.273055448699488,0.3956252460279797,0.5296003854810066
235.649,43.242,-14.1,235.497,43.155,-11.5,235.67000000000002,43.056,-14.2,0,-1.256041049260609,11.719410713459338,-8.74010552400712,23.420348361343322,0.1434095649824614,0.49982967449611676
235.517,42.976,-11.5,235.537,42.797,-11.5,235.69,42.873,-14.1,0,0.5005171817092834,6.085152973005168,4.8449077142912245,11.511779755072695,0.12796929719712938,0.5400126377673448
235.497,43.155,-11.5,235.517,42.976,-11.5,235.67000000000002,43.056,-14.2,0,0.6031090499380106,5.6156670551374726,4.81526800016502,10.619967182881112,0.14684763600001957,0.5397171425194784
235.475,43.514,-11.5,235.483,43.335,-11.5,235.642,43.421,-14.1,0,-2.1571900776171873,11.691280524407954,-9.539497228556954,22.859986487831044,0.22532063034074548,0.5107631932787835
235.461,44.053,-11.5,235.461,43.874,-11.5,235.622,43.956,-14.0,0,-3.9125154790040417,10.638827136152836,-10.5346295424714,21.964871605246792,0.3703985477043168,0.4834956068569692
235.309,46.744,-11.5,235.503,46.651,-13.7,235.438,46.856,-13.6,0,-1.4377011570641085,21.304131116326335,-6.11094990385541,29.50119439222827,0.21835505068138197,0.7209812085513588
235.562,42.618,-11.5,235.59199999999998,42.439,-11.5,235.737,42.515,-14.1,0,0.7506565245357284,6.446201468562061,5.5849501962692045,13.020121603495738,0.15683862548993144,0.5049466131928113
236.152,40.789,-15.1,236.372,40.874,-16.5,236.231,40.941,-15.3,0,-1.277112814376567,7.105105187573588,-5.845867268220417,21.03379032556576,0.1928442121891692,0.3359534856329573
235.781,43.867,-16.5,235.622,43.956,-14.0,235.626,43.781,-14.0,0,-2.639970143006012,7.93586282822811,-10.077751498725824,22.30061739718203,0.26101931349781543,0.3549184893298849
235.17000000000002,47.09,-11.5,235.356,47.067,-13.7,235.27800000000002,47.225,-13.7,0,-0.1956311596256985,24.64698329341152,-0.47700865813858684,31.05628837412874,0.08486839053691642,0.7938621376800885
235.631,43.603,-14.1,235.475,43.514,-11.5,235.642,43.421,-14.1,0,-2.071187705886292,10.596603796745287,-9.200576654402965,22.946499362776905,0.22420652492616225,0.46105318134106116
235.465,43.694,-11.5,235.475,43.514,-11.5,235.631,43.603,-14.1,0,-2.5543233490779973,11.276578918625296,-9.298755957951812,22.824555712075522,0.273671271111924,0.4933038891349277
235.082,47.26,-11.5,235.27800000000002,47.225,-13.7,235.188,47.383,-13.7,0,-0.12407589869156137,25.672298649524905,1.383594377384263,31.44667089058774,0.038447880343525,0.816799421498514
235.461,43.874,-11.5,235.465,43.694,-11.5,235.626,43.781,-14.0,0,-3.2526165630108257,10.795503059847832,-10.046423058184388,22.332738586353244,0.3227120634819531,0.4825725350054513
235.466,44.952,-11.5,235.623,44.85,-14.0,235.627,45.031,-14.1,0,-7.121461690327143,13.709455196864607,-13.195636362306267,22.693561107540592,0.5318796454686504,0.6011238678346398
235.799,43.33,-16.5,235.642,43.421,-14.1,235.649,43.242,-14.1,0,-1.3778238905936426,9.326999786520334,-9.707577046417853,22.883242611633754,0.1413713349236063,0.4069027270223581
235.471,40.329,-14.0,235.57999999999998,40.297,-16.5,235.589,40.434,-14.4,0,-6.307543663161396,7.255661074780739,-13.67652796259182,20.90767068054331,0.4386372908249039,0.33885601256018666
235.537,46.492,-13.8,235.388,46.389,-11.5,235.561,46.308,-13.8,0,-3.5119156505890383,18.465040779247726,-10.179608294506753,27.49855316633795,0.33597664211780626,0.6686203626142639
235.461,44.413,-11.5,235.461,44.233,-11.5,235.622,44.316,-14.0,0,-4.863802657695032,11.453371381423592,-10.53462938384552,21.678134353087636,0.46088629721732344,0.5275399294873448
235.483,43.335,-11.5,235.497,43.155,-11.5,235.649,43.242,-14.1,0,-1.6082453301263242,12.375725581340106,-8.780624575607142,23.32153722789311,0.18262335929685203,0.5300765703911479
235.788,43.688,-16.5,235.781,43.867,-16.5,235.626,43.781,-14.0,0,-2.0996878233597487,7.179265247896636,-9.730560871244805,22.534968766786342,0.2148794263082663,0.3176654222477456
235.459,45.672,-11.5,235.464,45.492,-11.5,235.623,45.569,-14.1,0,-7.062597645754808,16.735137305050316,-12.918078202164885,24.41578116722633,0.5384498397146905,0.6825163096247908
235.78199999999998,44.046,-16.5,235.781,44.225,-16.5,235.62,44.135,-14.0,0,-3.0994348533173883,7.207683842398226,-10.472718079345604,21.900272849651138,0.29513499847397223,0.32812876929078216
235.461,44.053,-11.5,235.622,43.956,-14.0,235.62,44.135,-14.0,0,-3.750515340094653,9.843293612503302,-10.306373130884808,22.02010018321171,0.3629423513324536,0.4461040319319226
235.793,43.509,-16.5,235.788,43.688,-16.5,235.631,43.603,-14.1,0,-1.769039709092816,7.525579965679354,-9.976673104556305,22.545972055403453,0.17650915139559298,0.33294931212217577
235.462,44.593,-11.5,235.461,44.413,-11.5,235.622,44.494,-14.0,0,-5.333110694476407,12.111300922355243,-10.653054034888058,21.476622326846353,0.499932516201953,0.5632328024344173
235.626,43.781,-14.0,235.465,43.694,-11.5,235.631,43.603,-14.1,0,-2.9163980898338275,9.854423149179624,-10.725201099980985,22.099430506867698,0.27097420799498273,0.4450841097952034
235.452,45.851,-11.5,235.459,45.672,-11.5,235.61700000000002,45.743,-14.1,0,-6.554490261771448,17.16148431275104,-12.639144043180366,24.988376114058386,0.5102719766334443,0.683664277880289
235.461,44.233,-11.5,235.461,44.053,-11.5,235.62,44.135,-14.0,0,-4.402560518426388,10.914272307315542,-10.534427233739123,21.827212084240408,0.4170007837020614,0.4991758686623871
235.463,44.773,-11.5,235.462,44.593,-11.5,235.622,44.672,-14.0,0,-5.667715338577979,12.791030708049947,-10.652468401222002,21.33575576517969,0.5314821702562686,0.5989422826614897
235.461,44.413,-11.5,235.622,44.316,-14.0,235.622,44.494,-14.0,0,-4.751920258695135,10.85677446930755,-10.549552421477003,21.612789747624177,0.44969190486148397,0.5015232969922944
235.464,45.492,-11.5,235.623,45.386,-14.1,235.623,45.569,-14.1,0,-7.1917243827451545,15.408204629995277,-13.47514248356611,23.82775537983644,0.5258375202105334,0.6436400616204748
235.788,43.688,-16.5,235.626,43.781,-14.0,235.631,43.603,-14.1,0,-2.3695756561467824,8.03539051252606,-10.767379796032458,22.09630022965569,0.21920599242487773,0.3627768988236432
235.082,47.26,-11.5,235.17000000000002,47.09,-11.5,235.27800000000002,47.225,-13.7,0,-0.1580070328462019,25.790597221500843,0.014868466133615144,31.26305237740838,0.06253193866660461,0.8252211640070224
235.561,46.308,-13.8,235.414,46.21,-11.5,235.577,46.123,-13.8,0,-4.514078587391057,17.610923235807714,-11.348215290611023,26.610193397984222,0.38942404004011033,0.6584675380517626
235.46699999999998,45.312,-11.5,235.469,45.132,-11.5,235.627,45.212,-14.1,0,-7.639708252560193,15.635110217152501,-13.317182975115337,23.34107921320185,0.565618467594145,0.6671450329272365
235.356,46.567,-11.5,235.388,46.389,-11.5,235.537,46.492,-13.8,0,-2.9136014758047493,20.115533857478564,-8.95309489574451,28.168693987831873,0.31500722125434194,0.7117092713101149
235.17000000000002,47.09,-11.5,235.251,46.919,-11.5,235.356,47.067,-13.7,0,-0.27244743158352525,24.664563139006646,-1.0957952289327508,30.82972996282618,0.11667574220427505,0.7999729344781873
235.469,45.132,-11.5,235.466,44.952,-11.5,235.627,45.031,-14.1,0,-7.972767812890395,14.72485286563483,-13.946876885886208,22.522697598365376,0.5641204806643099,0.6509490148435776
235.462,44.593,-11.5,235.622,44.494,-14.0,235.622,44.672,-14.0,0,-5.133880448130741,11.586740066066298,-10.549654481216201,21.4725929274587,0.48600530622332777,0.5389145797453886
235.466,44.952,-11.5,235.463,44.773,-11.5,235.623,44.85,-14.0,0,-7.8186111038507855,13.952092868613523,-13.948365603649144,22.073433006130674,0.553301584567421,0.6290900128005223
235.81,43.151,-16.5,235.799,43.33,-16.5,235.649,43.242,-14.1,0,-1.0005329500679272,8.87217816248993,-9.211171750307464,23.16719728744515,0.10822627967661656,0.3823146194878342
235.953,41.067,-13.0,235.872,40.885,-13.0,236.05700000000002,40.92,-14.1,0,-2.8196268000339204,9.733772053101466,-6.6295260468110655,20.429337459915402,0.39619682949214313,0.47429905546163387
235.62,44.135,-14.0,235.781,44.225,-16.5,235.622,44.316,-14.0,0,-3.7494031186038246,8.2884594624593,-10.8164873449145,21.649636157607546,0.3458403552905463,0.38188655013825623
235.309,46.744,-11.5,235.356,46.567,-11.5,235.503,46.651,-13.7,0,-1.7810851131296703,21.501845036605147,-6.612041902911386,29.20241655919836,0.2542438095321239,0.7347094086663192
235.781,44.225,-16.5,235.78,44.403,-16.5,235.622,44.316,-14.0,0,-3.5268059734528547,7.745955564301666,-10.472833733458913,21.76565898584697,0.3360167511200585,0.35493135256842767
235.463,44.773,-11.5,235.622,44.672,-14.0,235.623,44.85,-14.0,0,-5.491710300340792,12.217908865264514,-10.668351407725801,21.270574775635836,0.5142381821664532,0.5738467551344976
235.793,43.509,-16.5,235.631,43.603,-14.1,235.642,43.421,-14.1,0,-1.6568163905526734,8.783056362056158,-9.229377134775682,22.935544338394102,0.17869565400381113,0.38216113396493423
235.461,44.233,-11.5,235.62,44.135,-14.0,235.622,44.316,-14.0,0,-4.408902875475225,10.155532243501954,-10.786776613436032,21.639493841764086,0.4078895610095063,0.46841903172450855
235.81,43.151,-16.5,235.649,43.242,-14.1,235.67000000000002,43.056,-14.2,0,-0.9599444992744073,10.01112148185182,-8.804994259701758,23.39431490131288,0.10877291484625634,0.42733346290073004
235.622,43.956,-14.0,235.78199999999998,44.046,-16.5,235.62,44.135,-14.0,0,-3.141973790117208,7.9655022277237855,-10.335961876569641,22.02751413195964,0.3030886125260371,0.3606443885712246
234.015,48.696,-11.5,234.197,48.561,-11.5,234.25400000000002,48.682,-14.2,0,3.610827064061009,22.410475112549694,11.474687679590307,33.91990656719434,0.3131582879724945,0.6599451017466659
235.464,45.492,-11.5,235.46699999999998,45.312,-11.5,235.623,45.386,-14.1,0,-7.462571807731402,16.237515827337667,-13.187542082854218,23.84777909274452,0.5577185796999731,0.6781280919683023
235.622,44.316,-14.0,235.78,44.403,-16.5,235.622,44.494,-14.0,0,-4.099528863488988,8.986335206519922,-10.579051835662156,21.631569684330394,0.386797369127182,0.41453710038560193
235.78,44.403,-16.5,235.779,44.582,-16.5,235.622,44.494,-14.0,0,-3.9344158425252633,8.472158716370412,-10.474095788699465,21.625589248509698,0.3749812211520969,0.3909017555006858
235.825,42.973,-16.5,235.67000000000002,43.056,-14.2,235.69,42.873,-14.1,0,0.30930579296060273,4.687066088904878,4.628799234121601,10.996907553515058,0.08628922062887469,0.4375666931012879
235.95999999999998,41.624,-14.4,236.04399999999998,41.732,-16.5,235.902,41.803,-14.4,0,2.3452257622232833,4.989255841583728,7.511525403438398,16.252179851178454,0.3222479910235571,0.3078267183538354
235.623,44.85,-14.0,235.776,44.94,-16.5,235.627,45.031,-14.1,0,-6.260472833725148,11.850397410127847,-12.998108783750542,22.692887706245145,0.47402138910184183,0.5190075679081437
235.781,43.867,-16.5,235.78199999999998,44.046,-16.5,235.622,43.956,-14.0,0,-2.736252546915351,6.939292239754106,-10.715402961457706,21.928548078482926,0.2545040647194375,0.3154757534030803
235.622,44.494,-14.0,235.779,44.582,-16.5,235.622,44.672,-14.0,0,-4.489980288518104,9.745664652407124,-10.578950546675074,21.491736062218067,0.4238072548819089,0.45268104036534823
235.29500000000002,47.575,-16.5,235.19299999999998,47.741,-16.5,235.091,47.615,-14.3,0,0.02612496545621675,25.06481403028595,-1.1714455931137948,32.84054354258756,-0.013541025269406521,0.7628613506892297
235.799,43.33,-16.5,235.793,43.509,-16.5,235.642,43.421,-14.1,0,-1.386779895980151,8.134820431491912,-9.849282123260728,22.760025038607957,0.14015805289626854,0.3566730206692527
235.388,46.389,-11.5,235.414,46.21,-11.5,235.561,46.308,-13.8,0,-3.8010959300443665,19.219054566184194,-9.89558971527994,27.434971942064024,0.37446383456862115,0.6975466267586292
235.779,44.582,-16.5,235.777,44.761,-16.5,235.622,44.672,-14.0,0,-4.242587770407675,9.262717440055889,-10.355620848078225,21.545546810986416,0.4091232120203952,0.42917130443410295
235.251,46.919,-11.5,235.309,46.744,-11.5,235.438,46.856,-13.6,0,-1.0024230315397096,23.027588088961355,-4.817793323126693,29.9929722194776,0.18507709107962905,0.7670456267318272
236.07999999999998,41.27,-14.3,236.16899999999998,41.387,-16.5,236.01600000000002,41.447,-14.3,0,2.6593068887057747,5.969555580249053,8.243067888601502,17.759141256637974,0.3330790999950856,0.335840722454751
234.197,48.561,-11.5,234.368,48.422,-11.5,234.42000000000002,48.553,-14.1,0,2.6056532361574973,23.35604486912063,9.991628491426582,33.92944071730607,0.2589492665903756,0.6877722257904025
234.988,47.428,-11.5,235.082,47.26,-11.5,235.188,47.383,-13.7,0,-0.14519913140472837,26.640088073653523,1.0491541435384146,31.67940257355751,0.023074729676113726,0.8412909084935528
235.459,45.672,-11.5,235.623,45.569,-14.1,235.61700000000002,45.743,-14.1,0,-6.477036797729446,16.042393994953702,-12.647276553820383,24.70734933598322,0.503870333074841,0.6461371000991353
235.469,45.132,-11.5,235.627,45.031,-14.1,235.627,45.212,-14.1,0,-7.367436120129084,14.33190571424596,-13.466663304410005,22.97370527218125,0.539253095557871,0.6209335784114743
235.869,42.617,-16.5,235.713,42.695,-14.2,235.737,42.515,-14.1,0,0.3746408709716698,5.225782864054178,5.027539356730472,12.666985494586527,0.0946929220674938,0.42269225683782646
235.845,42.795,-16.5,235.69,42.873,-14.1,235.713,42.695,-14.2,0,0.23143411000484884,5.149248499175496,4.112805325531184,12.10684460363288,0.08058273874203299,0.4362818984043324
235.622,44.672,-14.0,235.777,44.761,-16.5,235.623,44.85,-14.0,0,-4.860674044818561,10.435325967782843,-10.697405682534715,21.29556559386787,0.45385665929397895,0.4893767684058068
235.46699999999998,45.312,-11.5,235.627,45.212,-14.1,235.623,45.386,-14.1,0,-7.064038559608699,15.141213446034726,-12.934988966654942,23.709558205644775,0.537883446498735,0.6357590872627026
235.777,44.761,-16.5,235.776,44.94,-16.5,235.623,44.85,-14.0,0,-4.565600722484321,9.90954650386926,-10.47517295346745,21.35067798359332,0.43537172474328506,0.4635265294559047
235.765,40.729,-13.2,235.66500000000002,40.558,-13.7,235.834,40.575,-14.8,0,-6.239180960549999,8.733089338804314,-14.06753358643445,18.487594618188538,0.4255356210623219,0.4663184121155836
235.091,47.615,-14.3,235.19299999999998,47.741,-16.5,234.99599999999998,47.78,-14.3,0,0.03275889402051315,25.82181770177026,-2.196555072355139,33.00502693929913,-0.009761114160417438,0.7820244874236993
235.89600000000002,42.439,-16.5,235.869,42.617,-16.5,235.737,42.515,-14.1,0,0.351654453119659,4.9283750795713654,4.682262588309868,13.196496936862957,0.09498726063799529,0.3824479484346024
235.825,42.973,-16.5,235.81,43.151,-16.5,235.67000000000002,43.056,-14.2,0,0.23359050654866947,4.195025990027526,3.810218417233216,10.790969009754463,0.08197966770515473,0.3992508313667145
236.171,41.092,-14.8,236.05700000000002,40.92,-14.1,236.231,40.941,-15.3,0,-0.17745381945998964,8.171698240231487,-0.09194136153260501,21.27979421126321,0.27766282680328985,0.3829176631662649
235.845,42.795,-16.5,235.825,42.973,-16.5,235.69,42.873,-14.1,0,0.1957837367270572,4.5791638952335925,4.141578170047438,11.588284268423365,0.06868120984293337,0.40618295030979523
234.899,47.95,-14.3,234.989,48.071,-16.5,234.80200000000002,48.108,-14.3,0,-0.03861639437774601,25.160597549860935,-1.2246038627321205,33.873936903096954,0.04442443139435699,0.742405982259641
235.869,42.617,-16.5,235.845,42.795,-16.5,235.713,42.695,-14.2,0,0.22691422996811136,4.8216208243987335,4.434494470588646,12.372092267060992,0.0722163640830933,0.4001516851728788
235.19299999999998,47.741,-16.5,235.09,47.906,-16.5,234.99599999999998,47.78,-14.3,0,0.019202409687270352,25.185278054360023,-0.9166229183388843,33.259872542036696,-0.007722016684880695,0.7568605086690927
234.99599999999998,47.78,-14.3,235.09,47.906,-16.5,234.899,47.95,-14.3,0,-0.005229576055440709,25.677360508965286,-2.3104691337190566,33.413911384239434,0.008136494057309063,0.7681186652329666
236.01600000000002,41.447,-14.3,236.103,41.559,-16.5,235.95999999999998,41.624,-14.4,0,2.6296792771765407,5.399185166009836,7.962279449269772,16.973630418776708,0.34009549934088035,0.31811296979879133
236.245,41.217,-16.5,236.07999999999998,41.27,-14.3,236.171,41.092,-14.8,0,2.130751268756672,6.471689801358257,7.631848480618942,18.897321023239982,0.29212219114666943,0.34213150157147054
235.414,46.21,-11.5,235.441,46.031,-11.5,235.577,46.123,-13.8,0,-4.274645406120438,18.76794889995427,-9.76552888509151,27.09443278660804,0.4275504553034689,0.689470991365175
235.623,45.386,-14.1,235.76999999999998,45.477,-16.5,235.623,45.569,-14.1,0,-6.421744226257102,13.558848546846342,-13.27195646401967,23.825864169095738,0.47621696788567897,0.5658584358328256
234.368,48.422,-11.5,234.49099999999999,48.262,-11.5,234.56,48.407,-13.8,0,0.4309213408692102,25.19442857686851,2.0422417613260784,34.80142233619897,0.20105091050034105,0.7235058479214971
235.776,44.94,-16.5,235.774,45.119,-16.5,235.627,45.031,-14.1,0,-5.9297324305278245,11.300402196297648,-12.912843376286453,22.90201519775101,0.45164561677911796,0.49023866071293565
235.768,45.656,-16.5,235.764,45.835,-16.5,235.61700000000002,45.743,-14.1,0,-5.43067468498086,13.161832180702135,-12.639308515568825,24.755833261383867,0.42216635598982216,0.5281250031089179
235.577,46.123,-13.8,235.441,46.031,-11.5,235.59199999999998,45.948,-13.8,0,-5.044333305757953,17.210070150829107,-11.366789855660336,26.211998816352942,0.43507876494577047,0.653128748420479
235.772,45.298,-16.5,235.76999999999998,45.477,-16.5,235.623,45.386,-14.1,0,-5.98520539772348,12.502265973232193,-12.91120927696186,23.75826657863441,0.45590288349455793,0.5230452519645903
234.888,48.237,-16.5,234.777,48.4,-16.5,234.692,48.276,-14.3,0,0.07300669206642044,22.84291397413658,0.49995343697503003,34.45986526387348,0.11039433790814297,0.6624303870124304
235.441,46.031,-11.5,235.452,45.851,-11.5,235.59199999999998,45.948,-13.8,0,-5.8147054960223326,17.716359237310105,-12.094573548381504,25.6991922268694,0.4723199832824443,0.6860951085936208
235.774,45.119,-16.5,235.772,45.298,-16.5,235.627,45.212,-14.1,0,-6.019554935667325,11.98037816822624,-12.910684384251546,23.339993665300863,0.4585628687005014,0.510169045776241
235.59199999999998,42.439,-11.5,235.626,42.261,-11.5,235.767,42.348,-14.2,0,1.0806989409879264,6.393702496571781,5.929951106810762,13.77645443138698,0.20208275748345372,0.472170845191448
235.09,47.906,-16.5,234.989,48.071,-16.5,234.899,47.95,-14.3,0,-0.008117722868723054,24.820297726331578,-1.183828575337106,33.669296191215544,0.019059114402834844,0.7367998955752407
235.76999999999998,45.477,-16.5,235.768,45.656,-16.5,235.623,45.569,-14.1,0,-5.810998621431986,12.849150761534233,-12.909035720740146,24.197705262148965,0.44261436912736746,0.5276630590037812
236.245,41.217,-16.5,236.16899999999998,41.387,-16.5,236.07999999999998,41.27,-14.3,0,2.6667390954820998,5.552139174105599,9.418087368733467,17.535065519850548,0.2918080617922439,0.3163904678191397
234.989,48.071,-16.5,234.888,48.237,-16.5,234.80200000000002,48.108,-14.3,0,-0.059340290120567366,24.018165178308628,-1.2559383557332318,34.045607715877146,0.060458248887263484,0.7050648405932468
235.627,45.031,-14.1,235.774,45.119,-16.5,235.627,45.212,-14.1,0,-6.526081534010522,12.506608197455373,-13.264124077920371,22.970395340927993,0.4843554410410638,0.5413463817150342
234.625,48.547,-16.5,234.446,48.681,-16.5,234.42000000000002,48.553,-14.1,0,2.4881785341146014,19.809608346304667,11.673284152965344,33.416295437197924,0.21180680822043357,0.5921557228898625
236.372,40.874,-16.5,236.326,41.049,-16.5,236.231,40.941,-15.3,0,1.037000502408274,6.201938193849485,6.4073383219659235,20.442577845619326,0.17850002488660463,0.303162233809618
235.66,42.083,-11.5,235.704,41.907,-11.5,235.813,42.029,-13.8,0,2.13760222452725,6.189090001234294,6.879520131694392,15.120068787935196,0.3247582867688706,0.4132750013155044
235.627,45.212,-14.1,235.772,45.298,-16.5,235.623,45.386,-14.1,0,-6.283643460550302,13.282373899080316,-12.732514081745798,23.69968117325466,0.4854745089381954,0.5573804643418808
235.623,45.569,-14.1,235.768,45.656,-16.5,235.61700000000002,45.743,-14.1,0,-5.792316850727496,14.114203199658103,-12.44231714415185,24.69879943669525,0.4575459967557946,0.5680905344645015
235.957,42.084,-16.5,235.924,42.261,-16.5,235.814,42.16,-14.3,0,0.8829640649320232,4.725721109542128,5.221435599374161,14.825504315731393,0.18480038561721393,0.3236368208730202
236.16899999999998,41.387,-16.5,236.103,41.559,-16.5,236.01600000000002,41.447,-14.3,0,2.5660496495494973,5.202851685584206,8.386670758508046,17.160438035613964,0.3150929500279817,0.3030122127027456
236.326,41.049,-16.5,236.245,41.217,-16.5,236.171,41.092,-14.8,0,2.292191079297756,5.667545795215312,10.02244452357371,18.081182661798664,0.23730081447276785,0.31343198048838555
236.04399999999998,41.732,-16.5,235.999,41.908,-16.5,235.902,41.803,-14.4,0,1.7187723662556922,4.625416563921208,6.3270176842030565,16.226832835682984,0.2831784212061446,0.2864061234739572
234.446,48.681,-16.5,234.252,48.806,-16.5,234.25400000000002,48.682,-14.2,0,3.630990454092264,18.736330958807216,13.97212329944804,33.018685024428066,0.2588409126893866,0.5666590133432323
236.103,41.559,-16.5,236.04399999999998,41.732,-16.5,235.95999999999998,41.624,-14.4,0,2.308438837355862,4.788614604965307,7.664085355732965,16.58586249071385,0.3106890094713583,0.28905226768856207
236.05700000000002,40.92,-14.1,236.152,40.789,-15.1,236.231,40.941,-15.3,0,-1.57911522137125,8.226273923330025,-5.4130363184492865,21.098981988274915,0.2597196107681349,0.3879470623632809
234.888,48.237,-16.5,234.692,48.276,-14.3,234.80200000000002,48.108,-14.3,0,-0.002872313829139622,24.216977935039473,-0.22146177592538763,34.26897604408715,0.09280267205647381,0.7062667544259758
236.152,40.789,-15.1,236.05700000000002,40.92,-14.1,235.98399999999998,40.797,-14.1,0,-3.057148233073682,8.431673221153128,-9.574896327541353,19.838679931335335,0.2991434532601924,0.4220569227065837
234.197,48.561,-11.5,234.42000000000002,48.553,-14.1,234.25400000000002,48.682,-14.2,0,3.181927466783543,21.938610719853997,11.587082699693141,33.664413088167905,0.2731278175401168,0.650998643329816
234.42000000000002,48.553,-14.1,234.446,48.681,-16.5,234.25400000000002,48.682,-14.2,0,2.9302531071906412,20.27788697332683,11.772829993824038,33.576984974205494,0.2475329854340762,0.6032163325577987
236.05700000000002,40.92,-14.1,235.872,40.885,-13.0,235.98399999999998,40.797,-14.1,0,-3.603052158308749,9.305737843673668,-9.21809529771275,19.885106770209198,0.3686431272713049,0.4650735798766034
235.89600000000002,42.439,-16.5,235.737,42.515,-14.1,235.767,42.348,-14.2,0,0.506719156658668,5.3294421976572695,4.74683639928179,13.663878612817541,0.12754201264761542,0.3983257260261177
235.814,42.16,-14.3,235.66,42.083,-11.5,235.813,42.029,-13.8,0,1.617569261643327,5.817175738000747,6.321592327618163,14.884221138195244,0.27105012988641797,0.3955660234546187
235.737,42.515,-14.1,235.59199999999998,42.439,-11.5,235.767,42.348,-14.2,0,0.7034453338078629,6.125400494096849,5.110668793774721,13.62408538966099,0.16002876121822007,0.45831953291729133
234.777,48.4,-16.5,234.56,48.407,-13.8,234.692,48.276,-14.3,0,0.16615323579008956,23.16920409652264,1.0123771549604523,34.64150735231435,0.14558446755615204,0.6683619812612829
234.56,48.407,-13.8,234.49099999999999,48.262,-11.5,234.692,48.276,-14.3,0,0.19528995989373862,24.911848018144887,1.0721589298273564,34.67484534299802,0.16381816917228645,0.7180193805731301
235.957,42.084,-16.5,235.814,42.16,-14.3,235.813,42.029,-13.8,0,1.2458254310149792,5.064481745256559,5.791867804770078,15.04936470999175,0.22979877112306682,0.34080552808442116
236.326,41.049,-16.5,236.171,41.092,-14.8,236.231,40.941,-15.3,0,0.6652551449082102,6.9193360730050655,3.4189687675715277,20.829981747725498,0.22949004634872663,0.3315716928445502
232.701,49.817,-16.5,232.52100000000002,49.954,-16.5,232.527,49.856,-14.7,0,4.291125555225279,17.00365738237922,11.095589280813542,37.961355564811086,0.3856651000304123,0.4462807225743232
235.362,40.361,-11.5,235.471,40.329,-14.0,235.437,40.531,-11.5,0,-3.51862886975621,9.634303331972099,-5.95820316178083,24.1263828485677,0.5304756813627186,0.3944136753364333
232.301,49.864,-11.5,232.486,49.729,-11.5,232.527,49.856,-14.7,0,5.101889210911522,19.552205884362497,11.553481381119628,37.932102302254,0.44050637284371313,0.5136412910928038
232.411,49.909,-14.0,232.301,49.864,-11.5,232.527,49.856,-14.7,0,4.536800890826828,19.04667316703141,10.664981760171576,38.26553374031401,0.42420168792648694,0.49598381022797633
235.437,40.531,-11.5,235.471,40.329,-14.0,235.589,40.434,-14.4,0,-6.415192286219991,8.661942155820814,-12.200477415035834,21.155297053602006,0.5000613047410003,0.40241407770264215
236.098,43.033,-21.5,235.81,43.151,-16.5,235.825,42.973,-16.5,0,0.09593497556270943,3.201832087918069,3.318484901906089,10.897437376266964,0.04726457405036212,0.3032501596233515
236.161,42.502,-21.5,235.89600000000002,42.439,-16.5,236.185,42.325,-21.5,0,0.15114997786295623,3.1658247909734336,3.69176091303774,13.909511558632829,0.05631546479983745,0.23340641410254434
236.082,43.211,-21.5,235.81,43.151,-16.5,236.098,43.033,-21.5,0,0.0650703148499422,2.4004008541790247,3.04648835220803,10.506858543089521,0.03643367915772708,0.2363560115254372
236.049,45.699,-21.5,236.053,45.877,-21.5,235.764,45.835,-16.5,0,-3.920140522752126,8.038345530903356,-13.2515970682745,24.374795997519364,0.2905350411253878,0.3265356978616539
236.185,42.325,-21.5,235.89600000000002,42.439,-16.5,235.924,42.261,-16.5,0,0.3399926511776242,3.817288072897874,4.315994489910167,14.189861774874771,0.09473188081483831,0.27489314704560097
234.037,49.172,-21.5,233.856,49.052,-16.5,234.055,48.93,-16.5,0,4.360362248266953,15.105294928371,14.904216342453399,33.7344024052521,0.29183480581579696,0.44673594984916376
236.209,42.148,-21.5,236.185,42.325,-21.5,235.924,42.261,-16.5,0,0.2845645476879128,3.100449546378936,3.7219171277000953,14.803372780323997,0.09132982127061554,0.2135067270459437
235.764,45.835,-16.5,235.768,45.656,-16.5,236.049,45.699,-21.5,0,-4.405744153151727,10.194046931581108,-12.352849247826136,24.782661037221967,0.350020399461185,0.40794420087656397
236.082,43.211,-21.5,235.799,43.33,-16.5,235.81,43.151,-16.5,0,-0.6227991242385936,6.63511545669336,-9.249564830420276,23.27089550089189,0.06703857801723846,0.2844995342953531
234.244,49.056,-21.5,234.037,49.172,-21.5,234.055,48.93,-16.5,0,4.06715824375004,13.130160787388283,16.32443472968968,32.86594271742469,0.24858014650523236,0.3985695625711923
236.067,43.388,-21.5,235.799,43.33,-16.5,236.082,43.211,-21.5,0,-0.49256843331658784,5.0906990399604615,-8.742849216529073,23.433769423817232,0.055981453803246345,0.2166187814168416
236.24200000000002,41.972,-21.5,236.209,42.148,-21.5,235.957,42.084,-16.5,0,0.537497793556565,2.958096727799011,4.513005485534109,15.491921372594192,0.13119689431550224,0.19342035207842706
236.209,42.148,-21.5,235.924,42.261,-16.5,235.957,42.084,-16.5,0,0.5963706054370336,3.695251288147521,4.773488363894359,14.961476957100444,0.13875511408592664,0.25096543393944726
236.24200000000002,41.972,-21.5,235.957,42.084,-16.5,235.999,41.908,-16.5,0,0.9618374010208259,3.5514276632236093,5.58308495403773,15.601581847720581,0.18360206850854985,0.22992363966474944
236.049,45.699,-21.5,235.768,45.656,-16.5,236.043,45.522,-21.5,0,-4.213357778497104,7.967629939626013,-13.515294531376682,23.81044772072416,0.30633650092336434,0.3315020141130245
236.067,43.388,-21.5,235.793,43.509,-16.5,235.799,43.33,-16.5,0,-0.9214573249606248,5.978619047055025,-9.887409461663609,22.86987798736498,0.09268135634726814,0.2607037062474399
236.27800000000002,41.796,-21.5,236.24200000000002,41.972,-21.5,235.999,41.908,-16.5,0,0.7542582653500522,2.916669359838528,4.810632546975626,16.317659052773536,0.1679773744825805,0.17993468706302157
235.768,45.656,-16.5,235.76999999999998,45.477,-16.5,236.043,45.522,-21.5,0,-4.713767655480411,10.011171139811694,-12.630166371696525,24.231856315568304,0.3664934463072791,0.40990676522327246
236.05700000000002,43.566,-21.5,235.793,43.509,-16.5,236.067,43.388,-21.5,0,-0.7483362518103333,4.500055154822844,-9.40112567477729,23.04195500303787,0.07907887765078486,0.19459578196175092
236.27800000000002,41.796,-21.5,236.04399999999998,41.732,-16.5,236.32299999999998,41.622,-21.5,0,1.0578049925666695,3.0367354263220094,5.702877592744414,16.94861799343775,0.19510221238747183,0.17951430690642406
236.37099999999998,41.448,-21.5,236.103,41.559,-16.5,236.16899999999998,41.387,-16.5,0,1.8973224346961997,4.16291048364373,7.998879159430288,17.459274760549164,0.24532734412824753,0.23824465504650988
236.27800000000002,41.796,-21.5,235.999,41.908,-16.5,236.04399999999998,41.732,-16.5,0,1.249548980307516,3.609591639318434,5.905601916507038,16.414355715400887,0.22208009147503951,0.22089442376749327
236.05,43.744,-21.5,236.046,43.922,-21.5,235.781,43.867,-16.5,0,-1.3417523634290662,3.735220911362217,-10.162581316839955,22.424073542147944,0.1313922547807514,0.16572440084243498
236.05700000000002,43.566,-21.5,235.788,43.688,-16.5,235.793,43.509,-16.5,0,-1.2194155676896081,5.394650353886456,-10.01497923297456,22.680735012965712,0.12109907378923859,0.23704798384814077
236.05700000000002,43.566,-21.5,236.05,43.744,-21.5,235.788,43.688,-16.5,0,-1.0249792438683203,4.013546258165828,-9.785154918295198,22.742369090880175,0.10413659727306486,0.1756974300708964
236.048,44.277,-21.5,235.78,44.403,-16.5,235.781,44.225,-16.5,0,-2.6788802921101125,5.438433292411777,-10.511531303369338,21.873430707913535,0.2542163835943607,0.24769410573432415
236.05,43.744,-21.5,235.781,43.867,-16.5,235.788,43.688,-16.5,0,-1.4924949296843122,5.035428478996382,-9.768388877416314,22.653262651227053,0.1520413886381787,0.22140270785095684
236.32299999999998,41.622,-21.5,236.04399999999998,41.732,-16.5,236.103,41.559,-16.5,0,1.7133870426803408,3.777808431426191,7.264209347880012,16.810376681487185,0.24447045448838203,0.22491339183550862
236.04399999999998,44.455,-21.5,235.78,44.403,-16.5,236.048,44.277,-21.5,0,-2.265579481740032,4.455093041640162,-10.171531605749664,21.99997690585294,0.22219818213094478,0.20164477158008726
236.035,45.344,-21.5,236.043,45.522,-21.5,235.76999999999998,45.477,-16.5,0,-4.460156979358528,7.8180139024849895,-13.762555654248736,23.2488960406118,0.31857653803024133,0.3332408316546703
236.047,44.099,-21.5,236.048,44.277,-21.5,235.781,44.225,-16.5,0,-2.0522634453079323,3.9059365382810154,-10.777812361285015,21.84045761253561,0.18985046004083747,0.17794374330386567
236.32299999999998,41.622,-21.5,236.103,41.559,-16.5,236.37099999999998,41.448,-21.5,0,1.1750105858146174,3.376113979009809,6.027862711868693,17.77377727578758,0.20442922671678365,0.18983370934532307
236.046,43.922,-21.5,236.047,44.099,-21.5,235.78199999999998,44.046,-16.5,0,-1.7263265617385801,3.660562769453105,-10.779186107409195,21.986835237879617,0.159551518319197,0.16559918933476614
236.046,43.922,-21.5,235.78199999999998,44.046,-16.5,235.781,43.867,-16.5,0,-1.994061615274606,4.805276886398692,-10.754114223082254,22.043586676561375,0.18470984447704406,0.21705012257450695
236.047,44.099,-21.5,235.781,44.225,-16.5,235.78199999999998,44.046,-16.5,0,-2.3037015009751407,4.985853982538797,-10.511522961106017,22.02031127059316,0.21846942927274446,0.22546232108807365
236.04399999999998,44.455,-21.5,235.779,44.582,-16.5,235.78,44.403,-16.5,0,-3.0581684734639025,6.102575597029216,-10.512392151941455,21.73686726981594,0.2903389385500785,0.2798731537798903
236.038,44.633,-21.5,235.779,44.582,-16.5,236.04399999999998,44.455,-21.5,0,-2.535549856165986,5.133758902894086,-9.931039641276577,21.981910385705774,0.25481852956713386,0.2327542874369529
236.035,45.344,-21.5,235.76999999999998,45.477,-16.5,235.772,45.298,-16.5,0,-4.848146310556347,9.7688372663571,-12.637518858285205,23.82621857677282,0.3767496174274692,0.4068964056350229
236.038,44.633,-21.5,235.777,44.761,-16.5,235.779,44.582,-16.5,0,-3.3696451046615863,6.858746421774484,-10.393201746401857,21.663593054273527,0.32370617172111643,0.3158289909821893
236.035,45.344,-21.5,235.772,45.298,-16.5,236.03199999999998,45.166,-21.5,0,-4.322217641209032,7.6885361544659485,-13.11238550516046,23.222175135929817,0.3237376125944567,0.3281629116227314
236.034,44.811,-21.5,235.777,44.761,-16.5,236.038,44.633,-21.5,0,-2.89352061096034,5.774343312053501,-10.17557329926288,21.729880648316247,0.28392090476290627,0.2650362878791436
236.03199999999998,45.166,-21.5,235.772,45.298,-16.5,235.774,45.119,-16.5,0,-4.861543279860953,9.330847424474438,-12.641607971025959,23.40884959608429,0.3776481129901948,0.3955371134743427
236.03199999999998,44.988,-21.5,236.03199999999998,45.166,-21.5,235.774,45.119,-16.5,0,-4.141953471788205,7.306042087261995,-12.725483836572632,23.024115962656204,0.3194413927078764,0.31441820862762504
236.03199999999998,44.988,-21.5,235.776,44.94,-16.5,236.034,44.811,-21.5,0,-3.1893914381566772,6.302168000184898,-10.414923995550161,21.47353117000261,0.3058527417918906,0.29289882681772544
236.034,44.811,-21.5,235.776,44.94,-16.5,235.777,44.761,-16.5,0,-3.6894981989877014,7.50627171038701,-10.512364739679839,21.46597724182599,0.35052639682089065,0.3490295277881541
236.03199999999998,44.988,-21.5,235.774,45.119,-16.5,235.776,44.94,-16.5,0,-4.7483350902930725,8.71280495926308,-12.643740095050124,22.98350665927507,0.36875070490168593,0.3759758081642295
236.062,40.236,-19.4,236.316,40.319,-20.0,236.086,40.389,-18.2,0,-1.5067765347230235,2.9593276186893163,-20.172165452556726,13.969825830155855,0.06762126810164817,0.20187487117324368
236.316,40.319,-20.0,236.062,40.236,-19.4,236.224,40.169,-20.6,0,-0.7192261889770275,2.4534700342016613,-19.798726769574756,15.059763477927461,0.029473537662496486,0.15411008794465098
232.72199999999998,50.072,-21.5,232.541,50.085,-19.0,232.703,49.954,-19.1,0,2.9213961486458078,13.576041950906056,9.59307609697735,38.542484510284226,0.30345617025732496,0.3508995616501841
235.62099999999998,47.373,-18.8,235.825,47.453,-21.5,235.51600000000002,47.54,-18.8,0,-0.14086827188766907,17.609462301054123,3.7684600252192286,31.171801618220528,0.012109204482772485,0.566137772246853
235.825,47.453,-21.5,235.71699999999998,47.615,-21.5,235.51600000000002,47.54,-18.8,0,-0.19951683354035996,16.590092465015342,4.754426980905578,31.195976054207854,-0.00270580131276993,0.5329883849911649
235.72199999999998,47.203,-18.8,235.926,47.29,-21.5,235.62099999999998,47.373,-18.8,0,-0.013204417383954038,15.812061100417472,2.966987899437026,30.82177976420276,0.05310925465869153,0.5142389075063137
235.51600000000002,47.54,-18.8,235.71699999999998,47.615,-21.5,235.409,47.703,-18.8,0,0.002320209882153333,19.496096888332815,0.3593599072956284,32.45356577428675,-0.017045442374583834,0.6001756218659452
235.71699999999998,47.615,-21.5,235.607,47.777,-21.5,235.409,47.703,-18.8,0,-0.01710978193196653,18.33219475331774,1.0093241974298657,32.56596652224505,-0.025301133996819762,0.5623384895207358
235.926,47.29,-21.5,235.825,47.453,-21.5,235.62099999999998,47.373,-18.8,0,-0.05019617250563165,14.969251846521676,3.7007807242502206,30.901190847768262,0.032980480359926616,0.4857379538911686
235.409,47.703,-18.8,235.607,47.777,-21.5,235.31900000000002,47.843,-18.8,0,0.007858992415484784,20.185618846552867,0.06522576607849828,32.830938677149774,-0.02846632753741419,0.6142899883096588
235.607,47.777,-21.5,235.495,47.938,-21.5,235.31900000000002,47.843,-18.8,0,-0.03293656185832383,18.86211513558341,1.3983623991671,32.93714831725963,-0.03040391696646044,0.5721072432693021
235.57999999999998,40.297,-16.5,235.74200000000002,40.23,-17.8,235.762,40.409,-16.5,0,-6.55056567689959,4.666450526382262,-19.20319788121759,15.573864984766814,0.3292428127914301,0.2872727312099701
236.338,40.699,-16.5,236.531,40.705,-19.2,236.54399999999998,40.834,-19.2,0,-0.20912168357705269,4.977328031880126,-1.7805091720162807,22.448437805965654,0.05986681468929576,0.22072065586920347
232.541,50.085,-19.0,232.52100000000002,49.954,-16.5,232.703,49.954,-19.1,0,3.1794061585035145,15.117181036396698,9.391753900588682,38.5013703978173,0.33731053041343145,0.39117396624370726
234.96800000000002,48.394,-18.8,235.043,48.579,-21.5,234.828,48.531,-18.7,0,0.6337166957906968,16.448915203801903,6.594909024115352,33.997054931439486,0.09409745978453492,0.4832979154137841
236.372,40.874,-16.5,236.338,40.699,-16.5,236.54399999999998,40.834,-19.2,0,-0.4459689137307834,5.521394180386439,-3.5743467333702768,21.986262902844118,0.09306177505495977,0.24984829372349648
235.192,48.431,-21.5,235.043,48.579,-21.5,234.96800000000002,48.394,-18.8,0,0.5315925108532602,15.196243650743943,7.62450030300547,33.60420014550046,0.06819419520495322,0.45169458367692406
232.88400000000001,49.928,-21.5,232.72199999999998,50.072,-21.5,232.703,49.954,-19.1,0,2.5285306048709595,12.896651857055561,8.680959065385167,38.5962532156676,0.2900187862398821,0.3328757491049226
235.993,47.118,-21.5,235.72199999999998,47.203,-18.8,235.805,47.022,-18.9,0,-0.2808789380536999,13.889502844634348,-1.5446188266393541,30.49676855070595,0.09856525013828075,0.45630932053274775
235.993,47.118,-21.5,235.926,47.29,-21.5,235.72199999999998,47.203,-18.8,0,-0.2693841798143303,13.14328127688959,-1.9328200254512744,30.629621340627104,0.0745144143052922,0.4302490750497697
233.07299999999998,49.553,-16.5,233.26600000000002,49.426,-16.5,233.247,49.54,-18.9,0,5.012048369454212,15.318227042909012,13.70176768799616,36.08593644617745,0.36497462990211976,0.4229993371552255
233.26600000000002,49.426,-16.5,233.45999999999998,49.299,-16.5,233.44299999999998,49.413,-19.1,0,4.949971740854933,15.431428022600683,13.793667356200185,35.77362330388442,0.3580480695704103,0.42995396553347726
232.52100000000002,49.954,-16.5,232.701,49.817,-16.5,232.703,49.954,-19.1,0,4.028142517291709,15.694437919712515,11.227646102086705,37.87725501876349,0.3577712530052629,0.4128064059704188
235.764,45.835,-16.5,236.053,45.877,-21.5,235.93200000000002,45.97,-19.3,0,-4.340259581184035,8.670652314391358,-14.122101293411923,24.13480900022411,0.30215426365795045,0.35573867671720316
236.38400000000001,40.158,-21.5,236.539,40.291,-21.5,236.316,40.319,-20.0,0,0.345267683628474,2.0595727925260605,-18.33893195289221,16.66289183742621,-0.02428584484017485,0.11828227117235093
233.424,49.525,-21.5,233.238,49.656,-21.5,233.247,49.54,-18.9,0,3.8247113871898173,12.567033298582974,12.840087916858437,36.49081165924737,0.2970900793297627,0.34312583103882355
235.762,40.409,-16.5,235.74200000000002,40.23,-17.8,235.93099999999998,40.322,-18.1,0,-5.038792764548756,4.619006898048809,-18.573340445198767,16.18432661538202,0.2592336615348883,0.27443966399480113
233.623,49.404,-21.5,233.424,49.525,-21.5,233.44299999999998,49.413,-19.1,0,4.4058205016722845,12.182368582447026,15.18070023187082,35.00904394802738,0.2896528422088162,0.34675842109483507
234.888,48.237,-16.5,234.989,48.071,-16.5,235.091,48.264,-19.1,0,-0.03637604056849462,22.018742666332855,-1.0343887172588992,33.991455240043,0.050429232292003634,0.6473155146347818
232.885,49.684,-16.5,233.07299999999998,49.553,-16.5,233.062,49.668,-18.9,0,4.694645312204983,15.485023665226013,12.75561740090232,36.788604376098355,0.3671293945573823,0.4193840359185978
236.16899999999998,41.387,-16.5,236.245,41.217,-16.5,236.293,41.326,-18.8,0,2.1946877688263204,4.837948206326275,9.153061489190804,17.813749888046004,0.247595406500536,0.27136139117697466
235.975,40.484,-16.5,235.762,40.409,-16.5,235.93099999999998,40.322,-18.1,0,-5.538033898497591,3.4300835385746646,-21.838579782697025,10.37380816694872,0.24672257328441005,0.3144538655940931
235.74200000000002,40.23,-17.8,235.904,40.163,-19.1,235.93099999999998,40.322,-18.1,0,-3.9093508976283857,3.662009619713949,-18.771869012422997,16.52324635261141,0.1968399557377883,0.21061445388847846
236.338,40.699,-16.5,236.406,40.536,-18.8,236.531,40.705,-19.2,0,-0.7051131740784458,4.74546060873221,-10.816320196258744,20.32726077320241,0.054116454507183026,0.23076942403599152
234.989,48.071,-16.5,235.18099999999998,48.142,-19.3,235.091,48.264,-19.1,0,-0.017909961066855058,21.147125722169132,-1.1050857418547668,33.84941194099557,0.029467870527477662,0.6242632346111091
236.338,40.699,-16.5,236.184,40.566,-16.5,236.406,40.536,-18.8,0,-1.6071497259483234,4.397211511697747,-16.781910576379005,15.964018018497939,0.08790389797759186,0.27004844613703244
236.035,46.942,-21.5,235.805,47.022,-18.9,235.858,46.841,-18.9,0,-0.7613188723652242,11.952603958760621,-4.701198041640822,29.75906224079714,0.14059544625401807,0.40176515250238337
233.45999999999998,49.299,-16.5,233.65699999999998,49.175,-16.5,233.638,49.289,-19.0,0,5.010341061410428,15.51961894960472,14.413165598984406,34.98382328073601,0.34686800154507774,0.44231773493267224
233.238,49.656,-21.5,233.058,49.79,-21.5,233.062,49.668,-18.9,0,3.561742778880256,12.656041287683868,11.892262523695935,37.10545913027493,0.29861745054673783,0.3397965217332613
236.184,40.566,-16.5,235.975,40.484,-16.5,236.086,40.389,-18.2,0,-3.582675476863497,3.313235976192456,-21.358189068639746,10.39861957097284,0.16156241381539252,0.3055259246197758
234.828,48.531,-18.7,234.853,48.705,-21.5,234.648,48.684,-19.0,0,1.67425750367195,15.033383447343072,12.382466170262237,32.86698574549077,0.1342481727709418,0.45679966246061177
236.035,46.942,-21.5,235.993,47.118,-21.5,235.805,47.022,-18.9,0,-0.792183076422125,11.189443498726906,-6.051167694810388,29.66412572626293,0.11540420792025308,0.3777743113313474
235.495,47.938,-21.5,235.388,48.101,-21.5,235.23399999999998,48.006,-19.0,0,0.0009261095873295153,18.69242240346678,0.545642666149277,33.35338165632149,-0.018497943362450888,0.5598929559903406
235.72199999999998,47.203,-18.8,235.578,47.074,-16.5,235.805,47.022,-18.9,0,-0.3245582156162467,16.85079368630944,-1.791878964306182,30.563902762486578,0.10481299885307815,0.5520411400513503
236.245,41.217,-16.5,236.326,41.049,-16.5,236.37900000000002,41.162,-18.9,0,1.8573438199208518,4.949812337446991,9.753414678950577,18.375502479722,0.197961838461819,0.2693412634449137
235.904,40.163,-19.1,236.065,40.095,-20.3,236.062,40.236,-19.4,0,-1.869261655455585,2.5600557485828084,-18.765808558240366,16.97702320222649,0.08990360880574651,0.14117765923095624
236.227,40.028,-21.5,236.38400000000001,40.158,-21.5,236.224,40.169,-20.6,0,0.19457053590630613,1.50157442642451,-18.85084454010763,17.120554756057185,-0.016659994653086166,0.08110997289251537
236.184,40.566,-16.5,236.086,40.389,-18.2,236.28,40.451,-18.7,0,-2.2574083116587818,3.4087378146183682,-20.435095154772227,12.21003317460574,0.1040325198852222,0.2690316277387477
234.777,48.4,-16.5,234.96800000000002,48.394,-18.8,234.828,48.531,-18.7,0,0.7328859422083678,19.06113037459688,6.536498932618924,34.08054656862694,0.10983258560878424,0.5587618100463781
233.829,49.287,-21.5,233.623,49.404,-21.5,233.638,49.289,-19.0,0,4.4826442642385915,12.006612685297753,16.185107600237465,34.02824778775947,0.2764623356518574,0.35170723712182783
236.424,41.274,-21.5,236.37099999999998,41.448,-21.5,236.293,41.326,-18.8,0,1.0544673584743953,3.5442624584382094,6.442573075304665,18.719267674062422,0.17255798412183967,0.1890968422930996
235.805,47.022,-18.9,235.64600000000002,46.902,-16.5,235.858,46.841,-18.9,0,-0.8666496925067192,14.722059827313666,-4.960895295433261,29.780353529196812,0.15310265553858446,0.4942983970518345
235.043,48.579,-21.5,234.853,48.705,-21.5,234.828,48.531,-18.7,0,1.4719852926766335,13.652518525934395,14.037182870278258,31.96777630131561,0.10412311698699449,0.4265076088703296
232.701,49.817,-16.5,232.885,49.684,-16.5,232.88,49.801,-18.9,0,4.439762746077379,15.640029876071186,12.127377959174382,37.34263667188091,0.3651395659278676,0.4172724012624717
236.065,40.095,-20.3,236.227,40.028,-21.5,236.224,40.169,-20.6,0,-0.32111459727344555,1.5268263827784048,-19.3468847855695,16.744893072791825,0.009467078041068272,0.08308508078777192
236.70999999999998,40.616,-21.5,236.709,40.794,-21.5,236.531,40.705,-19.2,0,-0.0580607620423144,3.0617806035593387,-0.03304129279555923,22.680090498680357,0.004180615893843249,0.13450964734765442
236.38400000000001,40.158,-21.5,236.316,40.319,-20.0,236.224,40.169,-20.6,0,0.05798601089504704,1.9887992679763415,-19.654926247394684,15.426055709032418,-0.008726369253915511,0.12165626543758232
235.49200000000002,47.243,-16.5,235.72199999999998,47.203,-18.8,235.62099999999998,47.373,-18.8,0,-0.03383123079933694,18.817237391784776,2.69290873531863,30.94361955110243,0.054993394265759894,0.6091673082817117
236.531,40.705,-19.2,236.406,40.536,-18.8,236.574,40.557,-20.3,0,-0.29205456040789146,4.002441011535211,-9.844827374411523,20.942067830931876,0.01933321887107258,0.18891205025697752
235.289,48.266,-21.5,235.192,48.431,-21.5,235.091,48.264,-19.1,0,-0.02387019807632365,16.660479251148033,-1.0595989141465445,34.0579766518327,0.03460363158546716,0.48867030019502955
235.578,47.074,-16.5,235.64600000000002,46.902,-16.5,235.805,47.022,-18.9,0,-0.444521843535835,17.136615444893792,-2.341560604215715,30.329137579346792,0.1343180013844973,0.5652836320291171
236.52800000000002,41.115,-21.5,236.424,41.274,-21.5,236.37900000000002,41.162,-18.9,0,1.4640122671174391,3.188401680560062,11.510049856365313,17.039028884363177,0.1312221298125222,0.1872576975689111
235.49200000000002,47.243,-16.5,235.578,47.074,-16.5,235.72199999999998,47.203,-18.8,0,-0.11734042444098244,19.12399986522925,0.5470808113627275,30.83737937482399,0.08255053457524036,0.6209784638733279
235.93200000000002,46.149,-19.2,235.75900000000001,46.013,-16.5,235.93200000000002,45.97,-19.3,0,-4.240979069100889,9.595890533249287,-13.728734204142654,24.727700323969923,0.30345246035152923,0.38440366086903066
235.757,46.192,-16.5,235.75900000000001,46.013,-16.5,235.93200000000002,46.149,-19.2,0,-4.100567005321157,11.045309620853347,-12.703645251743055,25.492971071077616,0.31655440325704653,0.42957926923396134
234.989,48.071,-16.5,235.09,47.906,-16.5,235.23399999999998,48.006,-19.0,0,0.008081375668463439,23.16669189040968,-0.9745066879199307,33.5539363478516,0.00579438943310992,0.6899945627349117
234.625,48.547,-16.5,234.828,48.531,-18.7,234.648,48.684,-19.0,0,1.8671903017957951,17.381278518828115,11.94984836795956,33.109263828078795,0.15510655825850586,0.5243503769642142
233.058,49.79,-21.5,232.88400000000001,49.928,-21.5,232.88,49.801,-18.9,0,3.2108233302966362,12.806900563028222,10.771158475685816,37.74402122714033,0.29710121728358413,0.3380197017056645
235.75900000000001,46.013,-16.5,235.764,45.835,-16.5,235.93200000000002,45.97,-19.3,0,-4.308441137378424,11.11394075514248,-12.282127158427517,25.30571191927158,0.3440850902614487,0.4355322027132506
236.086,40.389,-18.2,236.316,40.319,-20.0,236.28,40.451,-18.7,0,-1.280314921281907,3.1768712884834645,-19.73735966508127,13.951019292541794,0.05812848920476593,0.2189661161749502
235.31900000000002,47.843,-18.8,235.495,47.938,-21.5,235.23399999999998,48.006,-19.0,0,0.016710332827831933,20.21343816638534,-0.24542182496662335,33.209359660516405,-0.02266800562481343,0.608137884589117
235.64600000000002,46.902,-16.5,235.697,46.726,-16.5,235.858,46.841,-18.9,0,-1.0473783772553042,15.17309937750187,-5.178763130136218,29.55784470845416,0.18213607718166916,0.5126843573470167
236.059,46.765,-21.5,236.035,46.942,-21.5,235.858,46.841,-18.9,0,-1.411950918510125,9.516134061440875,-8.927212475318601,28.521941354803154,0.14975770240042696,0.3333445182498898
235.697,46.726,-16.5,235.739,46.55,-16.5,235.902,46.661,-19.1,0,-1.55193677841655,13.48112515628043,-6.584109198989481,28.889667568040352,0.22198137179575328,0.46496370563713474
235.975,40.484,-16.5,235.93099999999998,40.322,-18.1,236.086,40.389,-18.2,0,-3.846802406989093,3.7319157455776617,-20.685045471544868,12.536139322369024,0.17817804603857856,0.285333697945024
235.753,46.371,-16.5,235.757,46.192,-16.5,235.928,46.323,-19.2,0,-3.6358969513549626,11.234992101761758,-12.41797182588759,26.059832196665816,0.2866340628998732,0.42772979539017725
236.539,40.291,-21.5,236.656,40.444,-21.5,236.44,40.41,-20.1,0,0.28085161860536945,2.5038260134070955,-14.486392968826351,19.34743105515279,-0.025286906990724233,0.12645441162745202
235.39600000000002,47.41,-16.5,235.62099999999998,47.373,-18.8,235.51600000000002,47.54,-18.8,0,-0.15292400357913177,20.4134998511748,3.5013961195523233,31.310059250725203,0.01231898539127175,0.6530225312703277
235.39600000000002,47.41,-16.5,235.49200000000002,47.243,-16.5,235.62099999999998,47.373,-18.8,0,-0.11102380538819909,20.833474671515315,2.13891309526446,31.216995761183462,0.03453866972435879,0.6683665125047968
236.062,40.236,-19.4,236.065,40.095,-20.3,236.224,40.169,-20.6,0,-0.9805442633608039,2.2760122528298328,-18.963680413032648,16.691705002589273,0.04340943117839106,0.12764574999172276
235.739,46.55,-16.5,235.753,46.371,-16.5,235.92000000000002,46.483,-19.1,0,-2.8788331821019515,11.908606035738378,-10.946795756660293,27.106348962012063,0.25594176851007006,0.4366119274013015
235.904,40.163,-19.1,236.062,40.236,-19.4,235.93099999999998,40.322,-18.1,0,-2.763932296022355,3.375328674305661,-18.781709611317183,16.43662087840451,0.1368109215142205,0.1951863968692054
236.44,40.41,-20.1,236.656,40.444,-21.5,236.574,40.557,-20.3,0,0.11050845635847113,2.8378695576519286,-13.77532273795174,19.32701554394673,-0.014197874234511902,0.14406893547594263
233.65699999999998,49.175,-16.5,233.856,49.052,-16.5,233.837,49.169,-18.9,0,4.850346910550789,15.733667327078882,14.699253511724223,34.2731933454638,0.3292237360421177,0.4578892893333232
235.928,46.323,-19.2,235.757,46.192,-16.5,235.93200000000002,46.149,-19.2,0,-3.4951532909762997,9.941248610383465,-12.28669637222783,25.89424625625918,0.27854378106238703,0.3805117800424601
235.29500000000002,47.575,-16.5,235.39600000000002,47.41,-16.5,235.51600000000002,47.54,-18.8,0,-0.19893707529974192,22.06963460770561,3.0200380959624695,31.587102083519923,-0.0016625120382728449,0.699557968614547
235.29500000000002,47.575,-16.5,235.51600000000002,47.54,-18.8,235.409,47.703,-18.8,0,0.007404854954152768,22.13210540206305,0.11099458501586668,32.58709384279213,-0.015361343642750604,0.6786867538572128
235.858,46.841,-18.9,235.697,46.726,-16.5,235.902,46.661,-19.1,0,-1.7473252860460562,12.651748708382906,-8.578510130527036,28.517979854081357,0.19389148473458748,0.44253863413677225
232.701,49.817,-16.5,232.88400000000001,49.928,-21.5,232.703,49.954,-19.1,0,3.0689915310011653,14.434177771247654,9.345395030541706,38.3508413856711,0.32711768392668295,0.37496356739582415
235.93099999999998,40.322,-18.1,236.062,40.236,-19.4,236.086,40.389,-18.2,0,-2.885738902794226,3.134189631428517,-20.896328054584615,12.909025946184485,0.13063078844095197,0.23033135948097944
235.902,46.661,-19.1,235.739,46.55,-16.5,235.92000000000002,46.483,-19.1,0,-2.3823570620151147,11.158492829877085,-10.211423437789172,27.579656188404268,0.22591173127431685,0.40246762908280903
235.19299999999998,47.741,-16.5,235.29500000000002,47.575,-16.5,235.409,47.703,-18.8,0,0.02866550129071935,23.40668030151978,-0.9597222172447175,32.79283509246659,-0.019340769571645752,0.7133338604537673
234.037,49.172,-21.5,233.829,49.287,-21.5,233.837,49.169,-18.9,0,4.285831459653728,12.002797339675922,16.568934089996777,33.34433650779421,0.2581831997884328,0.35893661544991334
235.19299999999998,47.741,-16.5,235.409,47.703,-18.8,235.31900000000002,47.843,-18.8,0,0.014706529774105356,22.626320860948262,-0.17817120511981344,32.97097676510923,-0.023327877966775476,0.6857798271887452
235.192,48.431,-21.5,234.96800000000002,48.394,-18.8,235.091,48.264,-19.1,0,0.13784262340136302,17.51982307833148,2.2067213534219814,34.14611141829275,0.05634694347323003,0.5125726934972246
236.326,41.049,-16.5,236.372,40.874,-16.5,236.486,40.989,-18.9,0,0.7427846297932085,5.261344278700661,6.100773507912365,20.59607608124324,0.1360225515201825,0.25526750269303294
236.059,46.765,-21.5,235.858,46.841,-18.9,235.902,46.661,-19.1,0,-1.5167171282941543,10.154797451161116,-8.2647008413124,28.557141426660046,0.17406694955239488,0.354739361171795
235.92000000000002,46.483,-19.1,235.753,46.371,-16.5,235.928,46.323,-19.2,0,-3.271500588697,10.133775029279022,-12.635523240670182,26.13221172787817,0.2533003628153784,0.38480690233151965
234.777,48.4,-16.5,234.888,48.237,-16.5,234.96800000000002,48.394,-18.8,0,0.08293105323178497,20.97535483543696,0.6994972914410233,34.41240206921618,0.09480985359234508,0.6090412372728595
235.09,47.906,-16.5,235.19299999999998,47.741,-16.5,235.31900000000002,47.843,-18.8,0,0.02334075951964398,23.587740059213502,-0.7119031833556946,33.17982858612463,-0.01630241095155012,0.7104737662126868
236.07299999999998,46.588,-21.5,236.059,46.765,-21.5,235.902,46.661,-19.1,0,-1.8987630232980433,8.18176662103301,-10.472442540219909,27.578128428152528,0.17507965460996203,0.2954408659696534
235.388,48.101,-21.5,235.289,48.266,-21.5,235.18099999999998,48.142,-19.3,0,0.008515934555943724,17.80901032159003,-0.7654149409035096,33.71364618962956,0.00478151165501304,0.5277170336583776
236.316,40.319,-20.0,236.539,40.291,-21.5,236.44,40.41,-20.1,0,0.15983688383786113,2.442893656646082,-18.13630515529232,16.27099527962563,-0.014316936564878665,0.14489800165294556
235.18099999999998,48.142,-19.3,234.989,48.071,-16.5,235.23399999999998,48.006,-19.0,0,-0.006120818254987764,21.69433853913136,-1.7997167037032433,33.61993956516498,0.011189747161035478,0.6448083959289168
236.37099999999998,41.448,-21.5,236.16899999999998,41.387,-16.5,236.293,41.326,-18.8,0,1.5441669369525615,4.0973166881868615,7.389790232116283,18.140075437675364,0.2176352438950666,0.22561943474358537
234.244,49.056,-21.5,234.055,48.93,-16.5,234.255,48.932,-19.1,0,3.7029543605006037,14.491378843670725,14.72557472574901,33.3921301116304,0.2507322596592121,0.43307801978889165
236.709,40.794,-21.5,236.656,40.966,-21.5,236.54399999999998,40.834,-19.2,0,0.12447889728155677,2.863436231666495,6.2959249682771485,21.021546801736775,0.026862427699817656,0.13624762735274765
236.082,46.41,-21.5,236.07299999999998,46.588,-21.5,235.92000000000002,46.483,-19.1,0,-2.2390255482330956,7.331951743349599,-11.239425184054614,26.864046513242013,0.1938631799233446,0.27088997435939455
236.656,40.966,-21.5,236.52800000000002,41.115,-21.5,236.486,40.989,-18.9,0,0.9315535543044041,2.540207417514409,13.785759686739372,16.125422679404892,0.06995395705979539,0.15815196704329332
236.07299999999998,46.588,-21.5,235.902,46.661,-19.1,235.92000000000002,46.483,-19.1,0,-2.055439069699429,8.872666201848544,-9.987119012589396,27.590119693115685,0.19897895828677822,0.31978788396451735
234.648,48.684,-19.0,234.652,48.823,-21.5,234.45499999999998,48.811,-19.1,0,2.5591607931818405,14.112151560587614,14.730662258855958,32.43338042593981,0.1729782719470252,0.434426145211285
234.853,48.705,-21.5,234.652,48.823,-21.5,234.648,48.684,-19.0,0,2.2428720466240812,12.944969760001007,15.775422875447653,31.705693594858808,0.1415409642205113,0.40765652370067806
236.326,41.049,-16.5,236.52800000000002,41.115,-21.5,236.37900000000002,41.162,-18.9,0,1.4295855843177083,4.0490584843422175,10.362103252102031,18.167477336932535,0.14369642427463447,0.22299298549133778
236.078,46.232,-21.5,236.082,46.41,-21.5,235.928,46.323,-19.2,0,-2.8004859107159876,6.714311623071979,-13.132780900347612,25.554039567062013,0.2089137821612126,0.260091112926852
233.65699999999998,49.175,-16.5,233.829,49.287,-21.5,233.638,49.289,-19.0,0,5.05841282314974,13.598827401041229,16.4480071990851,33.77960210291958,0.3069952921921714,0.40137016897962685
233.058,49.79,-21.5,232.885,49.684,-16.5,233.062,49.668,-18.9,0,4.188697762102166,14.093356757182468,12.526568787171872,36.98168561948843,0.3335117206829473,0.3796620734605774
236.406,40.536,-18.8,236.44,40.41,-20.1,236.574,40.557,-20.3,0,-0.20561264095468315,3.4958616104271587,-14.04578069440521,19.00813364962864,0.007153421744108542,0.1805164845555609
234.446,48.681,-16.5,234.648,48.684,-19.0,234.45499999999998,48.811,-19.1,0,2.8978503482758966,16.20382765692934,14.513579778413323,32.60769987488344,0.1987954824980007,0.4962129511798288
233.238,49.656,-21.5,233.07299999999998,49.553,-16.5,233.247,49.54,-18.9,0,4.609066217174391,13.893819081816044,13.810081766492143,36.18828735259258,0.33299300466037807,0.38252260515529074
232.88400000000001,49.928,-21.5,232.701,49.817,-16.5,232.88,49.801,-18.9,0,3.7782969954655004,14.286733643000987,11.38879945832327,37.655964754140875,0.330786826713335,0.3779718079603199
233.45999999999998,49.299,-16.5,233.623,49.404,-21.5,233.44299999999998,49.413,-19.1,0,5.039939764011717,13.638287630514315,15.664247948841759,34.701372391044075,0.32115466060785924,0.39171293636974813
234.446,48.681,-16.5,234.625,48.547,-16.5,234.648,48.684,-19.0,0,2.2531027331464424,17.95112199374824,11.844825775897686,33.360394255507124,0.18900582208374647,0.537435350517476
234.625,48.547,-16.5,234.777,48.4,-16.5,234.828,48.531,-18.7,0,1.0956670280385938,19.4247276394749,7.643775107265691,34.02628297798895,0.14130239681348017,0.5703140022056422
236.52800000000002,41.115,-21.5,236.326,41.049,-16.5,236.486,40.989,-18.9,0,1.4265823641394526,3.691004613606995,12.254502491597492,17.264651439838673,0.12063759432914706,0.21420793947126684
233.856,49.052,-16.5,234.037,49.172,-21.5,233.837,49.169,-18.9,0,4.672467473057552,13.839910616238535,16.23317567389772,33.34059389271379,0.2872561339334091,0.4140273766972826
233.424,49.525,-21.5,233.26600000000002,49.426,-16.5,233.44299999999998,49.413,-19.1,0,4.372466567978108,14.011850856661509,13.305070313908772,36.04586061471855,0.3278320630494999,0.38738216779724294
233.26600000000002,49.426,-16.5,233.424,49.525,-21.5,233.247,49.54,-18.9,0,4.240039825115404,14.081252792341608,12.797982637301473,36.36843411826975,0.3304483708608486,0.3858218613041112
234.252,48.806,-16.5,234.446,48.681,-16.5,234.45499999999998,48.811,-19.1,0,3.3076113981485835,17.00389440847721,14.127829914157761,32.99453352143915,0.23318567365590914,0.5145753530206961
236.064,46.055,-21.5,235.93200000000002,46.149,-19.2,235.93200000000002,45.97,-19.3,0,-3.5073347710668954,7.576896324971015,-13.478804382388361,24.837331769581517,0.2554616084259986,0.3017960918405736
236.064,46.055,-21.5,236.078,46.232,-21.5,235.93200000000002,46.149,-19.2,0,-3.3311991752057613,6.481179332009601,-14.516919228308986,24.38734698532003,0.22550864364339707,0.262703785200023
234.055,48.93,-16.5,234.252,48.806,-16.5,234.255,48.932,-19.1,0,3.942874901570827,16.506811551497403,14.462433568047349,33.34342873276913,0.27177174532879644,0.4941523624313842
234.252,48.806,-16.5,234.45499999999998,48.811,-19.1,234.255,48.932,-19.1,0,3.6150643876629496,15.657328295205241,15.116309598797546,32.81694757351342,0.2383646630827077,0.47628132522206024
234.45499999999998,48.811,-19.1,234.44799999999998,48.939,-21.5,234.255,48.932,-19.1,0,3.190056464903389,13.694297519666884,15.270846212710197,32.69873945723765,0.20821404859365392,0.4180210090181121
234.652,48.823,-21.5,234.44799999999998,48.939,-21.5,234.45499999999998,48.811,-19.1,0,2.876086408277215,12.649306528533508,16.209657401596232,32.00189923266198,0.17683395316913583,0.39455724617913757
233.07299999999998,49.553,-16.5,233.238,49.656,-21.5,233.062,49.668,-18.9,0,4.074561062727143,14.13204632154527,12.174720918832106,36.90095983833886,0.3337430254961642,0.3815653744532557
236.656,40.444,-21.5,236.70999999999998,40.616,-21.5,236.574,40.557,-20.3,0,0.048165267295115825,2.7859223092945764,-7.133236160544783,22.329400802775154,-0.016143278209347463,0.1235234243389775
234.44799999999998,48.939,-21.5,234.244,49.056,-21.5,234.255,48.932,-19.1,0,3.353680550217153,12.427845320434322,16.08772930130533,32.56528631271418,0.20789185480196207,0.38082632883065476
236.053,45.877,-21.5,236.064,46.055,-21.5,235.93200000000002,45.97,-19.3,0,-3.496204918039081,6.690015076418848,-14.089721702545368,24.23595094891365,0.24385493979830442,0.2729162956606567
236.424,41.274,-21.5,236.245,41.217,-16.5,236.37900000000002,41.162,-18.9,0,1.9201723211236017,4.026408624437171,10.854196224775166,17.340987120105808,0.18232671132764453,0.2321933213758159
236.082,46.41,-21.5,235.92000000000002,46.483,-19.1,235.928,46.323,-19.2,0,-2.78210307005461,7.935658880325871,-12.459410317671974,26.13272298569259,0.21829107520215996,0.30107809465322877
236.531,40.705,-19.2,236.709,40.794,-21.5,236.54399999999998,40.834,-19.2,0,-0.1271310967693211,3.595593565662898,-2.191212449378469,22.232284123501756,0.02659911002081057,0.1609819717028406
233.623,49.404,-21.5,233.45999999999998,49.299,-16.5,233.638,49.289,-19.0,0,4.486742004677076,13.966339913348904,14.095054394950711,35.223249132311935,0.31760346824632674,0.3952529156620646
236.406,40.536,-18.8,236.184,40.566,-16.5,236.28,40.451,-18.7,0,-1.4309616133963823,3.8761897057478167,-18.193802205226575,14.981189261755944,0.0714725812752396,0.2520889588279263
232.885,49.684,-16.5,233.058,49.79,-21.5,232.88,49.801,-18.9,0,3.874710101171214,14.240819857103588,11.600082746302533,37.41618286552713,0.33304540513800496,0.37917991100155113
236.078,46.232,-21.5,235.928,46.323,-19.2,235.93200000000002,46.149,-19.2,0,-2.913370927237449,7.758555970111288,-12.07293267828021,25.932904394071812,0.23613583858243334,0.29618650643015065
233.829,49.287,-21.5,233.65699999999998,49.175,-16.5,233.837,49.169,-18.9,0,4.513353053697762,13.962905869010681,14.94526188039119,34.3276827908535,0.30133992619183453,0.4056041521500727
236.245,41.217,-16.5,236.424,41.274,-21.5,236.293,41.326,-18.8,0,1.6183351922166038,4.299770307415487,8.474557558272934,18.373192084995708,0.19864659777389346,0.23382936542959928
236.70999999999998,40.616,-21.5,236.531,40.705,-19.2,236.574,40.557,-20.3,0,-0.08810749819336537,3.2319405117623647,-8.590450244842003,21.36138708792599,0.0014991340297856527,0.149753604716584
235.09,47.906,-16.5,235.31900000000002,47.843,-18.8,235.23399999999998,48.006,-19.0,0,0.02037069053431787,22.497092659561265,-0.6230619934125112,33.32893912194602,-0.012991660414194832,0.6745358984376009
235.388,48.101,-21.5,235.18099999999998,48.142,-19.3,235.23399999999998,48.006,-19.0,0,0.017456858429322177,19.48669472157718,-1.5458117720878768,33.534877333267985,-0.0031627983149638294,0.580566494737192
236.486,40.989,-18.9,236.372,40.874,-16.5,236.54399999999998,40.834,-19.2,0,0.4509393383203036,4.672692647970425,5.857012833979198,21.0289601765256,0.09040101047240355,0.2220819129803467
236.656,40.966,-21.5,236.486,40.989,-18.9,236.54399999999998,40.834,-19.2,0,0.2540728321370935,3.5369329907935163,5.376402072090627,20.965671708350925,0.057810164465112696,0.1686035230106366
234.96800000000002,48.394,-18.8,234.888,48.237,-16.5,235.091,48.264,-19.1,0,0.17112945642177105,20.298614550240213,2.32125013251709,34.153915930371916,0.06718196539221252,0.5938349287811148
235.18099999999998,48.142,-19.3,235.289,48.266,-21.5,235.091,48.264,-19.1,0,-0.006221041645762545,18.533181605117267,-0.8308861992485568,33.89512767217527,0.02352643501408038,0.5462683737103259
236.406,40.536,-18.8,236.28,40.451,-18.7,236.44,40.41,-20.1,0,-0.5922341080167812,3.1900708492320566,-18.32711639140433,15.135332873810938,0.02618997376385214,0.20472467642666786
236.28,40.451,-18.7,236.316,40.319,-20.0,236.44,40.41,-20.1,0,-0.443416756606863,3.1457414317675347,-17.902871552287337,16.177054494149193,0.01799170745959917,0.18841065046378208
232.541,50.085,-19.0,232.72199999999998,50.072,-21.5,232.56,50.217,-21.5,0,2.4354146398621976,12.903439451293664,8.54433396516698,38.932570859214074,0.28389020714664787,0.33016757125672375
236.161,42.502,-21.5,235.869,42.617,-16.5,235.89600000000002,42.439,-16.5,0,0.18392797107983724,3.8450276299914563,4.198362426468151,13.318565977794066,0.060742533114417865,0.2964416130550551
236.137,42.679,-21.5,235.845,42.795,-16.5,235.869,42.617,-16.5,0,0.09233321852888435,3.7615845622994906,3.949929566834527,12.494165765258742,0.04136845090518135,0.31025856513644673
236.161,42.502,-21.5,236.137,42.679,-21.5,235.869,42.617,-16.5,0,0.06129423402101378,3.141351202896168,3.6604438093921203,13.017822599860722,0.03243480839440376,0.24872203100451776
236.11599999999999,42.856,-21.5,235.825,42.973,-16.5,235.845,42.795,-16.5,0,0.06915722338658627,3.5388053716391945,3.653159152430021,11.68816590348365,0.03748915770721416,0.3126197806534222
236.11599999999999,42.856,-21.5,235.845,42.795,-16.5,236.137,42.679,-21.5,0,0.018218310763502592,3.0028750549010375,3.4220887825819943,12.187548900711022,0.021756291941768847,0.2548814570345355
236.098,43.033,-21.5,235.825,42.973,-16.5,236.11599999999999,42.856,-21.5,0,0.023942443725684083,2.743359590132974,3.1997370606200377,11.355827635687263,0.023906288477876642,0.2503082422834054
236.341,43.524,-26.5,236.067,43.388,-21.5,236.35,43.345,-26.5,0,-0.1774540761998376,1.5982722831411877,-9.606970375567009,23.03208351962663,0.018255413479656254,0.069002009794808
236.325,43.881,-26.5,236.046,43.922,-21.5,236.05,43.744,-21.5,0,-0.7450472103627233,1.8303063282276981,-10.211442031164623,22.40758168171954,0.07255222172092254,0.08103999125743644
236.36700000000002,43.167,-26.5,236.098,43.033,-21.5,236.38400000000001,42.989,-26.5,0,-0.023188051811147643,0.9501192702843225,2.146043351415017,10.907868564417583,-0.002345956482827889,0.09146953934727656
236.36700000000002,43.167,-26.5,236.082,43.211,-21.5,236.098,43.033,-21.5,0,-0.002675609958545616,1.3214642925756026,2.4015815437203685,10.52576652026201,0.009866824434326347,0.13093577002084578
236.32,44.06,-26.5,236.046,43.922,-21.5,236.325,43.881,-26.5,0,-0.5770778502254669,1.117485992676519,-10.11699556983202,22.38721171201734,0.056751416144004516,0.04939434947460054
234.853,48.705,-21.5,235.043,48.579,-21.5,235.102,48.817,-26.5,0,1.1455352451848877,10.025030646487103,14.314949096230972,32.14142704594996,0.07949006441679297,0.311427707804748
236.38400000000001,42.989,-26.5,236.098,43.033,-21.5,236.11599999999999,42.856,-21.5,0,-0.02666586366456274,1.5551664595196906,2.5528248172635983,11.383296981113205,0.0009584318094858011,0.14264769068286606
236.35,43.345,-26.5,236.082,43.211,-21.5,236.36700000000002,43.167,-26.5,0,-0.06092948102263183,1.9128518589877341,-8.56541244339249,23.590614886037592,0.007014776445778849,0.08074822231656592
236.38400000000001,42.989,-26.5,236.11599999999999,42.856,-21.5,236.399,42.81,-26.5,0,-0.03442717481085465,1.1310363026040047,2.036392889085704,11.823479735667092,-0.007679127098027157,0.10025405687815536
236.32,44.06,-26.5,236.047,44.099,-21.5,236.046,43.922,-21.5,0,-0.997856070863356,1.804344059289545,-10.827686663255378,21.975856662906224,0.09177578047592906,0.08142896111456788
235.102,48.817,-26.5,235.043,48.579,-21.5,235.288,48.688,-26.5,0,0.737200718630224,7.936775721417296,13.820704083269796,32.23020381680741,0.052913306621706534,0.24586810009145754
236.35,43.345,-26.5,236.067,43.388,-21.5,236.082,43.211,-21.5,0,-0.20607204573322066,2.744135296991915,-8.791754949442378,23.431757002466107,0.023213942668367717,0.1166466086881801
236.399,42.81,-26.5,236.11599999999999,42.856,-21.5,236.137,42.679,-21.5,0,-0.03367243556112622,1.7537178535314653,2.781678449910686,12.229982372332557,-0.0010327085624364757,0.14925039143772353
236.314,44.596,-26.5,236.038,44.633,-21.5,236.04399999999998,44.455,-21.5,0,-1.587259716335273,2.7765859191382583,-9.978881521995326,21.960407606520135,0.15873632175778069,0.12582398057610625
236.32,44.06,-26.5,236.317,44.239,-26.5,236.047,44.099,-21.5,0,-0.750521554476984,1.195450696923496,-10.364802185443367,22.14053365261013,0.07214867347813939,0.0534566839050618
236.308,44.775,-26.5,236.038,44.633,-21.5,236.314,44.596,-26.5,0,-1.242200655078947,2.0246158705586366,-10.009258813014334,21.88002657736208,0.12387832301552357,0.09207893864627842
236.308,44.775,-26.5,236.034,44.811,-21.5,236.038,44.633,-21.5,0,-1.8502886971688028,3.2273718543065333,-10.223125663577335,21.705078649346383,0.18068745265489158,0.14814252803777891
236.399,42.81,-26.5,236.137,42.679,-21.5,236.416,42.632,-26.5,0,-0.034873413484341496,1.2725006208289602,2.194087893792897,12.6933450131487,-0.007026870476389655,0.10445247051219503
236.30200000000002,45.132,-26.5,236.304,45.311,-26.5,236.03199999999998,45.166,-21.5,0,-1.9322612015625251,2.994793982502649,-12.44985315343498,23.147159280965727,0.15204941031745237,0.12773381556161723
236.304,45.311,-26.5,236.035,45.344,-21.5,236.03199999999998,45.166,-21.5,0,-2.725548251312893,4.478464909219177,-12.759395372928203,23.2364392695378,0.20948728284977514,0.19058012739743285
236.314,44.596,-26.5,236.04399999999998,44.455,-21.5,236.314,44.418,-26.5,0,-1.146999800984198,1.669894312284728,-10.728197065849443,21.680858154008185,0.10669163703295943,0.076517459863118
236.317,44.239,-26.5,236.048,44.277,-21.5,236.047,44.099,-21.5,0,-1.2227823458511298,1.9727689752189739,-10.826111347426242,21.842906382996667,0.11259279443156851,0.0896336649267547
233.279,49.895,-26.5,233.238,49.656,-21.5,233.452,49.755,-26.5,0,2.1102502889238264,8.245831299206444,10.80455281319674,37.11489545442521,0.1945914387345572,0.2213114919831115
236.30200000000002,45.132,-26.5,236.03199999999998,45.166,-21.5,236.03199999999998,44.988,-21.5,0,-2.616919159508214,4.24231133634148,-12.374615007291478,23.020566488292598,0.20721433707521256,0.18212798276763334
233.058,49.79,-21.5,233.238,49.656,-21.5,233.279,49.895,-26.5,0,2.8857111897734824,9.957411554704658,12.113703323257955,36.80182047748414,0.23750738938094645,0.2695213630804082
236.3,44.954,-26.5,236.30200000000002,45.132,-26.5,236.03199999999998,44.988,-21.5,0,-1.8955684618979451,2.7756910461853463,-12.449134355366201,22.721558782663717,0.1491402428810547,0.12046935206084847
236.753,41.059,-26.5,236.656,40.966,-21.5,236.841,40.894,-26.5,0,0.06618466929441498,1.3022923160571862,9.529334630601909,20.05602651164125,0.00873020693074402,0.06512735502225399
236.3,44.954,-26.5,236.034,44.811,-21.5,236.308,44.775,-26.5,0,-1.3644158849415453,2.37163787832333,-9.772295525036071,21.85321768213906,0.13939519651324905,0.10812982268610173
236.314,44.418,-26.5,236.04399999999998,44.455,-21.5,236.048,44.277,-21.5,0,-1.3884117347680724,2.334473929853394,-10.219392960161024,22.00009509841793,0.13551882303923618,0.10545335505359477
236.314,44.418,-26.5,236.048,44.277,-21.5,236.317,44.239,-26.5,0,-0.9258738651245445,1.3986544658988027,-10.366660702925628,22.006569413466153,0.0890724160056773,0.06302647243714266
236.3,44.954,-26.5,236.03199999999998,44.988,-21.5,236.034,44.811,-21.5,0,-2.0751452872913676,3.6226800449567826,-10.461878896666803,21.45644306450434,0.19807604652656655,0.16836568202913121
236.416,42.632,-26.5,236.137,42.679,-21.5,236.161,42.502,-21.5,0,-0.014853404045471839,1.8689829815499426,3.0288167523341656,13.073753977592872,0.005640474905576308,0.14797590531808935
236.304,45.311,-26.5,236.3,45.49,-26.5,236.035,45.344,-21.5,0,-1.8064162145928029,3.223663904550498,-11.667613216127926,23.991998996486178,0.15150644086027357,0.1327613393073386
232.836,50.349,-26.5,232.69799999999998,50.283,-24.0,232.786,50.19,-24.0,0,1.0517461172249865,8.2344114156945,5.8236937446035455,39.232842667409805,0.1794777646067624,0.20906346134822928
236.416,42.632,-26.5,236.161,42.502,-21.5,236.434,42.454,-26.5,0,-0.018681584729465354,1.3378598579275978,2.2838420465010927,13.577541948146035,0.0008067587351285615,0.10190308228269081
236.3,45.49,-26.5,236.043,45.522,-21.5,236.035,45.344,-21.5,0,-2.816677370137061,4.583658954703456,-13.411883997099011,23.321763804462872,0.20619426190408607,0.19432492121931666
234.897,48.935,-26.5,234.853,48.705,-21.5,235.102,48.817,-26.5,0,1.2259140895303429,7.474774653309951,16.44655380240466,31.401542075781258,0.07419629260460206,0.23762386601462768
234.652,48.823,-21.5,234.853,48.705,-21.5,234.897,48.935,-26.5,0,1.7375097021101193,9.691274342630583,16.020473762608006,31.780074934589386,0.1079889924921128,0.30442091746461614
236.434,42.454,-26.5,236.161,42.502,-21.5,236.185,42.325,-21.5,0,0.03319048737065052,1.8913360175811855,3.070437895200513,13.969063937032786,0.021508486668802878,0.13921234267764893
233.452,49.755,-26.5,233.424,49.525,-21.5,233.635,49.621,-26.5,0,2.43845814479008,8.164270731251314,12.544516319553516,36.19715320530638,0.1938233381047062,0.2246942095236984
236.325,46.204,-26.5,236.064,46.055,-21.5,236.30700000000002,46.026,-26.5,0,-1.9286458016188484,3.025576294361318,-14.61857829812579,24.135516860234187,0.129711156494491,0.12352056718297293
236.078,46.232,-21.5,236.064,46.055,-21.5,236.325,46.204,-26.5,0,-2.399025216306199,4.26789206384394,-14.261006091645484,24.589713441667026,0.16525955342112544,0.17127914153978832
233.238,49.656,-21.5,233.424,49.525,-21.5,233.452,49.755,-26.5,0,3.1051584155373786,9.895906818135181,13.048912628569337,36.14043865336162,0.23733071071656162,0.2727774375887709
236.434,42.454,-26.5,236.185,42.325,-21.5,236.451,42.276,-26.5,0,0.01326929639211139,1.321258013418262,2.2245270109497994,14.489103101012148,0.01597306948772339,0.09355990195481537
236.204,47.056,-23.8,236.368,47.259,-26.5,236.138,47.235,-23.7,0,-0.26811224720485916,5.950385738629658,-3.1040356998741565,30.236047415978355,0.0612668041072765,0.1976016300419335
236.841,40.894,-26.5,236.656,40.966,-21.5,236.709,40.794,-21.5,0,0.011075698440345125,1.8337125600567252,5.936779269259702,21.665293722153592,0.00622984395566678,0.08467700379188031
236.428,47.085,-26.5,236.368,47.259,-26.5,236.204,47.056,-23.8,0,-0.20443581367508668,4.34587321806803,-2.3210278710184653,30.126016742148188,0.059897251129997116,0.14481079053098103
234.686,49.048,-26.5,234.652,48.823,-21.5,234.897,48.935,-26.5,0,1.6795718378728592,7.334434790282415,17.38262000112167,31.34842167890028,0.09630584367520677,0.23350221121988163
236.297,45.669,-26.5,236.043,45.522,-21.5,236.3,45.49,-26.5,0,-1.784858943369044,3.33432335467826,-11.791809538296384,24.38641423167217,0.14820951582729652,0.13508459749085197
236.064,46.055,-21.5,236.053,45.877,-21.5,236.30700000000002,46.026,-26.5,0,-2.504970483604471,4.48099218111054,-13.844348878888479,24.41801838061501,0.17774542786109165,0.18112558327186898
236.053,45.877,-21.5,236.298,45.847,-26.5,236.30700000000002,46.026,-26.5,0,-1.87469096212377,3.2357114808913563,-13.404074362647535,24.418775148649036,0.13733247669869048,0.13067957016644238
236.451,42.276,-26.5,236.185,42.325,-21.5,236.209,42.148,-21.5,0,0.10754346338766503,1.8343249806808495,3.1131884148194615,14.867579244398485,0.04551705163686843,0.12594116670470948
236.297,45.669,-26.5,236.049,45.699,-21.5,236.043,45.522,-21.5,0,-2.662013754888214,4.677047012776482,-13.164836269828115,23.926308886219893,0.19848721174621606,0.19322387849768327
234.44799999999998,48.939,-21.5,234.652,48.823,-21.5,234.686,49.048,-26.5,0,2.2360337429219115,9.560070522794069,16.43887190237777,32.034486979112515,0.13557886415760434,0.2978382353648052
236.451,42.276,-26.5,236.209,42.148,-21.5,236.469,42.097,-26.5,0,0.06113989147098998,1.2404518632985355,2.3157023935577,15.379887510659188,0.037170741069896866,0.08208258656591395
236.297,45.669,-26.5,236.298,45.847,-26.5,236.049,45.699,-21.5,0,-1.8018425057788896,3.345843022963531,-12.326040683181269,24.565777144734767,0.1433065428478664,0.1344678648110564
236.053,45.877,-21.5,236.049,45.699,-21.5,236.298,45.847,-26.5,0,-2.4858618166987094,4.694142796195151,-12.897465521064913,24.516379940829786,0.1891358228203679,0.1891582861280933
234.47199999999998,49.159,-26.5,234.44799999999998,48.939,-21.5,234.686,49.048,-26.5,0,2.097234809739138,7.264393654737023,17.782097139342156,31.601871552524912,0.1176468539805265,0.2293485510289964
236.648,41.22,-26.5,236.424,41.274,-21.5,236.52800000000002,41.115,-21.5,0,0.9697437856510362,2.298230271240457,11.19318685073695,17.328833188084815,0.0897500541461418,0.13274225547489032
233.424,49.525,-21.5,233.623,49.404,-21.5,233.635,49.621,-26.5,0,3.57736794032541,9.646478029116386,15.378651929317165,34.8480273192704,0.2321615865478437,0.2758000084924687
236.24,46.855,-23.8,236.463,46.908,-26.5,236.204,47.056,-23.8,0,-0.6729385991807278,4.355412354277096,-7.053300111561885,28.951956709585215,0.0877449921213766,0.15061072856658778
236.469,42.097,-26.5,236.209,42.148,-21.5,236.24200000000002,41.972,-21.5,0,0.2532216221782921,1.716656377742911,3.925066508021189,15.59585772389346,0.07381986089219453,0.11152534570106805
234.244,49.056,-21.5,234.44799999999998,48.939,-21.5,234.47199999999998,49.159,-26.5,0,2.6222516515373,9.46714848793418,16.30572645948403,32.59879598213372,0.16039425483234457,0.2897472868580713
233.635,49.621,-26.5,233.623,49.404,-21.5,233.839,49.501,-26.5,0,2.9715370578395044,7.723531935930579,16.013055719826642,34.379828261933454,0.18523035574554608,0.2238287390059973
236.564,41.387,-26.5,236.424,41.274,-21.5,236.648,41.22,-26.5,0,0.7302446565328955,1.8817197237050518,8.999291724905248,18.001095547413513,0.08485505368199091,0.10449996354555185
236.463,46.908,-26.5,236.428,47.085,-26.5,236.204,47.056,-23.8,0,-0.4959676110654742,3.658261977533193,-6.37587525872339,29.23984355542985,0.06990195488727849,0.12542013701642438
236.89499999999998,40.541,-26.5,236.70999999999998,40.616,-21.5,236.656,40.444,-21.5,0,0.1281439539061513,1.90494271611026,-7.492465884198992,22.692236497255408,-0.02264814425800897,0.08309643488270811
233.839,49.501,-26.5,233.829,49.287,-21.5,234.043,49.381,-26.5,0,2.7591560837236986,7.588672497184256,16.02728115861902,33.97920097857707,0.17183521125165196,0.22258330854859007
236.38400000000001,40.158,-21.5,236.35899999999998,39.969,-24.0,236.485,40.048,-24.5,0,0.7183406736268679,0.79972140982107,-18.728910046875654,17.88780298741416,-0.04300902903926906,0.04006400111741631
233.623,49.404,-21.5,233.829,49.287,-21.5,233.839,49.501,-26.5,0,3.5850182129500205,9.361982706710176,16.3879232060634,33.93611549596505,0.21837519323475096,0.2749294646801635
236.89499999999998,40.541,-26.5,236.656,40.444,-21.5,236.852,40.366,-26.5,0,0.12939292959480497,1.4176537929793107,-6.333420001510547,23.44042445806957,-0.02529114685153176,0.059912885727295535
236.469,42.097,-26.5,236.24200000000002,41.972,-21.5,236.485,41.919,-26.5,0,0.10407741564423871,1.160326400843205,2.156531200961325,16.32971219680317,0.06091264209710552,0.0717373170332865
234.25799999999998,49.271,-26.5,234.244,49.056,-21.5,234.47199999999998,49.159,-26.5,0,2.4252458655842637,7.24829852705806,17.661138886384073,32.17823308338137,0.1370452666091744,0.2246620712405574
236.288,47.43,-26.5,236.043,47.437,-23.8,236.138,47.235,-23.7,0,-0.045661285428823965,7.349692048445901,1.9075393849754754,30.795077595096785,0.03211438709886719,0.23974519831095356
234.037,49.172,-21.5,234.244,49.056,-21.5,234.25799999999998,49.271,-26.5,0,3.029236095116013,9.303547615066817,16.606954799736204,32.935585388436294,0.18202372151131008,0.28172283717201535
234.043,49.381,-26.5,234.037,49.172,-21.5,234.25799999999998,49.271,-26.5,0,2.797089324317729,7.2724942914564314,17.94358786132904,32.520719661263385,0.15562921189943568,0.22294965682117934
233.829,49.287,-21.5,234.037,49.172,-21.5,234.043,49.381,-26.5,0,3.399063442447362,9.301203254990918,16.772963477752963,33.355191001047984,0.20228661715132798,0.2780004643255597
236.889,40.719,-26.5,236.709,40.794,-21.5,236.70999999999998,40.616,-21.5,0,-0.026633308704677422,1.8907261534030404,-0.44663975454022875,23.1958829331773,-0.011160279574504559,0.08119674774244605
232.974,50.193,-26.5,232.836,50.349,-26.5,232.786,50.19,-24.0,0,0.7422068877601985,7.289788153264863,4.620152261160139,39.2815742971503,0.1592718788037175,0.18485175933835823
236.368,47.259,-26.5,236.288,47.43,-26.5,236.138,47.235,-23.7,0,-0.05118762293970603,5.445420020302941,0.8944958578097122,30.646099043711445,0.03851549993638314,0.1785466592781534
236.485,41.919,-26.5,236.24200000000002,41.972,-21.5,236.27800000000002,41.796,-21.5,0,0.3937127216692426,1.6813214306102269,4.254154719943131,16.458581057147512,0.10151326540917624,0.10278319113075857
236.841,40.894,-26.5,236.709,40.794,-21.5,236.889,40.719,-26.5,0,-0.06482203744468325,1.2560774007225222,5.1306827496890435,22.34302771024886,-0.009384627277688923,0.056233257256495056
232.69799999999998,50.283,-24.0,232.56,50.217,-21.5,232.786,50.19,-24.0,0,1.2664188411907762,10.275383617326868,5.620107411211932,39.268807581567465,0.2238263958478196,0.2606579128670735
236.889,40.719,-26.5,236.70999999999998,40.616,-21.5,236.89499999999998,40.541,-26.5,0,-0.021024495206952088,1.3459455792933646,-0.015591616828942279,23.606802350995935,-0.018128614657310624,0.05679504577836133
236.485,41.919,-26.5,236.27800000000002,41.796,-21.5,236.501,41.741,-26.5,0,0.15076092585324902,1.20326201144249,2.156314349253819,17.278217464899228,0.08391115520269335,0.06983740712855312
236.49200000000002,39.909,-26.5,236.635,40.051,-26.5,236.485,40.048,-24.5,0,0.7992729528404678,0.21948891332237586,-18.255099981738,18.729416173445983,-0.04693125518417052,0.009030469955318672
232.56,50.217,-21.5,232.72199999999998,50.072,-21.5,232.786,50.19,-24.0,0,2.1583097815843066,11.104383581821208,8.715336660206923,38.66509414988256,0.24667830334069552,0.28608540593648835
236.464,46.73,-26.5,236.24,46.855,-23.8,236.251,46.667,-23.8,0,-1.0672871925281147,3.4394578852670725,-10.410023812022395,27.47826726954496,0.09863135674649982,0.1248065466348283
236.464,46.73,-26.5,236.463,46.908,-26.5,236.24,46.855,-23.8,0,-0.9601883176697295,2.743818217269147,-11.696234753344829,27.07351017001488,0.07916846201927714,0.10122969884566892
236.524,41.563,-26.5,236.37099999999998,41.448,-21.5,236.564,41.387,-26.5,0,0.4322831497106538,1.7806697184632556,4.558865931809521,18.814289980832285,0.10286780636007575,0.09448817536229456
236.564,41.387,-26.5,236.37099999999998,41.448,-21.5,236.424,41.274,-21.5,0,0.718469317732019,2.550341392464332,6.11120763148007,18.919942680069965,0.12484823014254057,0.13461851360130883
236.501,41.741,-26.5,236.27800000000002,41.796,-21.5,236.32299999999998,41.622,-21.5,0,0.5976278524190599,1.7988531884591965,5.184737214676119,17.18231490431944,0.123032318275444,0.1048097698097203
236.501,41.741,-26.5,236.32299999999998,41.622,-21.5,236.524,41.563,-26.5,0,0.2487495321028025,1.4250267738890707,2.826892893362782,18.176324478641504,0.09991171834170598,0.07833450683327277
236.524,41.563,-26.5,236.32299999999998,41.622,-21.5,236.37099999999998,41.448,-21.5,0,0.6925784484484815,2.1279744915334984,5.553842774218765,18.104021125941415,0.1323220150487408,0.1174130191725786
235.192,48.431,-21.5,235.375,48.412,-23.8,235.268,48.534,-23.9,0,0.23862922138347908,11.970778314661263,6.7040298117396135,33.80419683778636,0.03427007103191357,0.3536613329656354
235.375,48.412,-23.8,235.44799999999998,48.544,-26.5,235.268,48.534,-23.9,0,0.18216112061835285,9.517884907782767,6.900175906451209,33.747108107130366,0.02537491718807062,0.2816375581020289
236.186,47.595,-26.5,235.939,47.603,-23.9,236.043,47.437,-23.8,0,-0.12027526649261226,8.66034702114749,5.731343481544245,30.783154715330397,0.0021029518119012377,0.2824287775546441
236.288,47.43,-26.5,236.186,47.595,-26.5,236.043,47.437,-23.8,0,-0.05613931338947478,6.628532804709346,4.47589268243844,30.792317727106052,0.011641111798066728,0.2162562496163706
235.288,48.688,-26.5,235.043,48.579,-21.5,235.268,48.534,-23.9,0,0.4703827847106923,9.775737584846711,9.536687278929726,33.49982322785759,0.04853979297422973,0.2913974835747244
235.851,48.081,-26.5,235.739,48.244,-26.5,235.618,48.072,-23.9,0,-0.040009104003500905,9.581076417776124,1.9828871307961737,33.1878112860048,-0.023303162617562104,0.2882352551574288
235.95600000000002,47.917,-26.5,235.851,48.081,-26.5,235.72199999999998,47.916,-23.9,0,-0.0219364246724851,9.717068048179675,0.897057641351287,32.84930605784834,-0.03098581031877366,0.29530498493789836
236.186,47.595,-26.5,236.07299999999998,47.756,-26.5,235.939,47.603,-23.9,0,-0.19496809726895598,7.809046854056784,6.2915751519872,30.900881639731054,-0.011608769524065407,0.2536242557066384
235.851,48.081,-26.5,235.618,48.072,-23.9,235.72199999999998,47.916,-23.9,0,-0.03440886672220913,11.419786147056959,1.3787818395448408,33.01753042435067,-0.029957173660718792,0.3453429056689675
235.939,47.603,-23.9,236.07299999999998,47.756,-26.5,235.834,47.757,-23.9,0,-0.028297643974344512,10.28561033072337,1.6850124613445026,32.240453748652456,-0.020020671929091547,0.31845963080512646
236.07299999999998,47.756,-26.5,235.95600000000002,47.917,-26.5,235.834,47.757,-23.9,0,-0.06999979168043526,9.168127246917935,2.7883167240786033,32.3620189717126,-0.026948613691020015,0.2827803552069344
235.834,47.757,-23.9,235.95600000000002,47.917,-26.5,235.72199999999998,47.916,-23.9,0,-0.06286997748602847,11.174982263682052,2.1922344919224344,32.605864728783416,-0.031492992468174046,0.3421709326946351
235.618,48.072,-23.9,235.739,48.244,-26.5,235.51600000000002,48.23,-23.9,0,-0.008139101840686598,11.07691182443168,0.9081128513938204,33.42351169928851,-0.017125974581071544,0.33092937866811284
236.043,47.437,-23.8,235.926,47.29,-21.5,236.138,47.235,-23.7,0,-0.056761286959945874,9.868071937235799,1.5690409054662524,30.82750963557489,0.0440373316795952,0.3213339544299386
236.434,46.553,-26.5,236.464,46.73,-26.5,236.251,46.667,-23.8,0,-1.3728608555591415,2.0953424903875506,-16.10730580588404,24.244711841993155,0.08366606126852488,0.0858621971125367
236.539,40.291,-21.5,236.75900000000001,40.202,-26.5,236.701,40.328,-23.8,0,0.5377930351725355,1.3722462575390475,-15.322297500754757,19.661593902457234,-0.038521160620992013,0.06786644869371443
236.75900000000001,40.202,-26.5,236.539,40.291,-21.5,236.551,40.154,-23.9,0,0.6863063448991334,1.1937375190634685,-17.586539692484138,18.022710135136983,-0.042251348345685204,0.0635743016677183
235.993,47.118,-21.5,236.204,47.056,-23.8,236.138,47.235,-23.7,0,-0.35889110811890235,8.19574408197399,-3.3495193762598987,30.205846398421237,0.07959936691900227,0.27220201537041133
236.434,46.553,-26.5,236.251,46.667,-23.8,236.244,46.503,-23.8,0,-1.4075727776851183,2.885063248897295,-13.112034479163125,25.912563986675746,0.10482518092330387,0.11047288366390792
236.035,46.942,-21.5,236.24,46.855,-23.8,236.204,47.056,-23.8,0,-0.8608128412464321,6.670158368047311,-7.329306589804226,29.02868119237456,0.10809233036759973,0.23003007362698144
235.739,48.244,-26.5,235.599,48.396,-26.5,235.51600000000002,48.23,-23.9,0,-0.045615504132162414,9.016015562908898,6.693786316790599,33.018374263114715,-0.007703695749776976,0.2726524779114795
236.24,46.855,-23.8,236.059,46.765,-21.5,236.251,46.667,-23.8,0,-1.4200605618043987,5.4159239179725684,-10.676201308705497,27.504697593727812,0.12805543338445174,0.19639923246650423
235.939,47.603,-23.9,235.825,47.453,-21.5,236.043,47.437,-23.8,0,-0.11071868389222411,11.425157871762847,5.42862274217614,30.835398615131908,0.008465480213635378,0.3717761951658723
235.51600000000002,48.23,-23.9,235.599,48.396,-26.5,235.375,48.412,-23.8,0,0.018424927597930997,10.46356931022073,2.847146371111247,33.81457400106051,0.003822270992370365,0.3090064861402544
235.71699999999998,47.615,-21.5,235.825,47.453,-21.5,235.939,47.603,-23.9,0,-0.18634528479643328,13.522313634716046,5.023101640300224,31.11297487035715,-0.003649431792441743,0.43583838035723793
236.035,46.942,-21.5,236.059,46.765,-21.5,236.24,46.855,-23.8,0,-1.1946424111326712,7.110430750145385,-8.673770391531008,28.460951176823546,0.13008845942202452,0.24966334897448725
235.71699999999998,47.615,-21.5,235.939,47.603,-23.9,235.834,47.757,-23.9,0,-0.25829054978339583,12.822467104931,5.48338301245885,31.253890079123195,-0.01786935021440285,0.41130581179394343
235.825,47.453,-21.5,235.926,47.29,-21.5,236.043,47.437,-23.8,0,-0.03743723464442728,11.902087566866035,3.972355238727088,30.825089375007522,0.0292158319690125,0.38743165517358136
235.607,47.777,-21.5,235.71699999999998,47.615,-21.5,235.834,47.757,-23.9,0,-0.02514502093560879,15.253820430968233,1.2629174986042724,32.485318003125684,-0.025763446220210314,0.46894225463533284
235.607,47.777,-21.5,235.834,47.757,-23.9,235.72199999999998,47.916,-23.9,0,-0.05464353739725645,14.239695875652325,1.9454773915127568,32.641054597653216,-0.03186266346346862,0.43564850028586016
235.388,48.101,-21.5,235.495,47.938,-21.5,235.618,48.072,-23.9,0,-0.009278418353459755,15.971162078750577,0.7832796689272872,33.27291622648808,-0.024075022970842522,0.47944307614468124
235.993,47.118,-21.5,236.035,46.942,-21.5,236.204,47.056,-23.8,0,-0.6744028068884634,8.536504760729603,-5.7853175872284766,29.624574248073415,0.1020386555753576,0.28875876093304775
236.059,46.765,-21.5,236.07299999999998,46.588,-21.5,236.251,46.667,-23.8,0,-1.5829353633594145,6.067966544026873,-10.241048613695007,27.51552490867272,0.1490693795900198,0.21956129816646747
235.495,47.938,-21.5,235.607,47.777,-21.5,235.72199999999998,47.916,-23.9,0,-0.04590155419822879,15.946250805107416,1.647040666095501,32.864245093955866,-0.03297451951034044,0.48462326822648527
235.289,48.266,-21.5,235.388,48.101,-21.5,235.51600000000002,48.23,-23.9,0,0.011953555877484682,15.267411614609372,-0.5441850879341672,33.66116578491282,-0.0025727172002917654,0.45303424728743374
235.618,48.072,-23.9,235.495,47.938,-21.5,235.72199999999998,47.916,-23.9,0,-0.02645883802210115,14.614447471409138,1.1262901372006855,33.05572381210898,-0.03093745071671077,0.44154083484925094
235.926,47.29,-21.5,235.993,47.118,-21.5,236.138,47.235,-23.7,0,-0.22515781068347276,10.202402114989832,-1.662237303837614,30.573638390755804,0.06800277071246366,0.3348221389678873
235.599,48.396,-26.5,235.44799999999998,48.544,-26.5,235.375,48.412,-23.8,0,0.11123221778785232,8.410546547312737,8.39988704352324,33.20240743940707,0.01254040194912605,0.2529404832525471
236.251,46.667,-23.8,236.07299999999998,46.588,-21.5,236.244,46.503,-23.8,0,-1.910289418811753,4.539553031209283,-13.351226662850664,25.884152612748235,0.13976847061039505,0.1741579867646237
235.388,48.101,-21.5,235.618,48.072,-23.9,235.51600000000002,48.23,-23.9,0,-0.0015495018890438485,14.280215775960114,0.658030987773687,33.44510123504236,-0.01640358763706718,0.42643879525434314
232.924,50.07,-24.2,232.88400000000001,49.928,-21.5,233.08100000000002,49.913,-24.0,0,1.9586937871933139,10.177163934720179,8.374503726527017,38.24332299955489,0.23275998854670213,0.26509366901186615
233.115,50.039,-26.5,232.924,50.07,-24.2,233.08100000000002,49.913,-24.0,0,1.613992170449193,8.31300179549019,8.45767364926508,38.28793939311283,0.18990359131095733,0.2162769555168256
236.244,46.503,-23.8,236.082,46.41,-21.5,236.214,46.32,-23.9,0,-2.5870476222148726,3.878982952443038,-17.046562652088262,23.206863861769467,0.149465652904391,0.16521338507182126
235.289,48.266,-21.5,235.51600000000002,48.23,-23.9,235.375,48.412,-23.8,0,0.03141763751507604,13.346629281972,2.5654545740084345,33.80458137855058,0.008545493400463032,0.3943253352116183
236.635,40.051,-26.5,236.75900000000001,40.202,-26.5,236.551,40.154,-23.9,0,0.6309960179601343,0.7561525685870919,-16.177624546737007,19.769398646866616,-0.041939330667682816,0.036489142648514494
236.36599999999999,46.38,-26.5,236.244,46.503,-23.8,236.214,46.32,-23.9,0,-1.9567890962674879,2.6645215029565397,-16.756460447792698,23.3856710253165,0.11497591171181927,0.11248528068995299
236.07299999999998,46.588,-21.5,236.082,46.41,-21.5,236.244,46.503,-23.8,0,-1.8269646924399014,5.4109154245843625,-11.023893433450102,26.837401179273368,0.1611509824830495,0.19999642425290423
236.36599999999999,46.38,-26.5,236.434,46.553,-26.5,236.244,46.503,-23.8,0,-1.89166131111585,1.7097502786315784,-20.615735075503736,20.07539438713443,0.09073239885178011,0.08403115784190607
236.35899999999998,39.969,-24.0,236.49200000000002,39.909,-26.5,236.485,40.048,-24.5,0,0.8142226312088444,0.17113979918741482,-18.875176178554625,18.277240099635407,-0.046982038899889805,0.005576637106881442
233.058,49.79,-21.5,233.279,49.895,-26.5,233.08100000000002,49.913,-24.0,0,2.345819585102532,9.21463152690024,10.797445514480305,37.398447199557474,0.21648146033384238,0.24543482768670363
232.72199999999998,50.072,-21.5,232.88400000000001,49.928,-21.5,232.924,50.07,-24.2,0,2.2284708480596653,11.053840987007773,8.84604806856601,38.32704198928652,0.2508450375075637,0.2873008286152156
236.38400000000001,40.158,-21.5,236.485,40.048,-24.5,236.551,40.154,-23.9,0,0.713713442774012,1.1010679386467448,-17.86868011466666,18.33743709227,-0.044460123574773795,0.056163847348688976
235.192,48.431,-21.5,235.289,48.266,-21.5,235.375,48.412,-23.8,0,-0.011698597349437113,14.009915069417998,-0.8445596656236809,34.13618186324285,0.026761500571498974,0.4099230109957564
236.75900000000001,40.202,-26.5,236.852,40.366,-26.5,236.701,40.328,-23.8,0,0.3513730237486906,1.0672663269319318,-12.590467400537335,21.515836943036845,-0.03051757046384488,0.048697578926915605
235.44799999999998,48.544,-26.5,235.288,48.688,-26.5,235.268,48.534,-23.9,0,0.29831789620982946,7.670865682298796,9.815027967501077,33.27345527399216,0.029817289224767708,0.2301948740469416
236.078,46.232,-21.5,236.325,46.204,-26.5,236.214,46.32,-23.9,0,-2.351314974832343,3.3779695198906423,-16.346370557760295,23.397295766776868,0.14162689485721786,0.14235346241115038
236.656,40.444,-21.5,236.539,40.291,-21.5,236.701,40.328,-23.8,0,0.44087061650916587,1.9068051062579554,-14.804608246238644,19.56116968689824,-0.03409291943181495,0.09517303488651936
235.043,48.579,-21.5,235.192,48.431,-21.5,235.268,48.534,-23.9,0,0.4258187082277683,12.530985204375158,7.8401780172079105,33.74573046246866,0.05309220704196337,0.37085823308659377
236.325,46.204,-26.5,236.36599999999999,46.38,-26.5,236.214,46.32,-23.9,0,-1.8096098591750756,2.119744291657747,-17.509124092146706,22.52319218916848,0.10188910574149834,0.09267102079439088
236.539,40.291,-21.5,236.38400000000001,40.158,-21.5,236.551,40.154,-23.9,0,0.6721916175072689,1.4680693762082369,-18.716456806847646,16.880953622086402,-0.04014198641989528,0.0825805393578847
233.279,49.895,-26.5,233.115,50.039,-26.5,233.08100000000002,49.913,-24.0,0,1.6230897475795814,7.4182613461424625,9.396070295679893,37.83244747003569,0.17197549370035725,0.19531983267236222
236.082,46.41,-21.5,236.078,46.232,-21.5,236.214,46.32,-23.9,0,-2.2877344197780602,5.055688836576172,-12.943303058689946,25.65790420395611,0.17310859074120294,0.194846102928587
233.115,50.039,-26.5,232.974,50.193,-26.5,232.924,50.07,-24.2,0,0.8767103157199586,7.358840301201216,5.287958150326663,38.9172190730237,0.1644035978281862,0.18835886093029336
232.88400000000001,49.928,-21.5,233.058,49.79,-21.5,233.08100000000002,49.913,-24.0,0,2.827726377523562,11.03243074192061,10.922336121968407,37.497540383694194,0.2580267667925511,0.2930843067623107
236.852,40.366,-26.5,236.656,40.444,-21.5,236.701,40.328,-23.8,0,0.34032194975042307,1.5278234374569852,-12.241189614434745,21.259170058185774,-0.0313281021442319,0.07062697751951647
236.485,40.048,-24.5,236.635,40.051,-26.5,236.551,40.154,-23.9,0,0.7960106846075461,0.6582203618584641,-18.29679016419169,18.12308694041476,-0.04675040232075027,0.033420579797003074
232.72199999999998,50.072,-21.5,232.924,50.07,-24.2,232.786,50.19,-24.0,0,1.6427921478367262,10.169978562900683,7.2024639942363615,38.802139907639926,0.2268546746571182,0.26108887809788106
232.924,50.07,-24.2,232.974,50.193,-26.5,232.786,50.19,-24.0,0,1.3474249330616488,8.203526831144082,7.313214854974718,38.738162017750206,0.18326885338719182,0.21094414127063285
236.227,40.028,-21.5,236.35899999999998,39.969,-24.0,236.38400000000001,40.158,-21.5,0,0.5248776686847234,0.8978000837872873,-19.198441700130957,17.416294120227008,-0.032706088698853955,0.04565536007666616
236.753,41.059,-26.5,236.52800000000002,41.115,-21.5,236.656,40.966,-21.5,0,0.5202003570469175,1.7687401942124208,13.471562112855466,16.773886410846217,0.040267523361672136,0.10590845187216079
236.648,41.22,-26.5,236.52800000000002,41.115,-21.5,236.753,41.059,-26.5,0,0.47492043271784196,1.6072380204954735,11.04184803614541,17.862484831407897,0.045202535070979696,0.09016663052254016
236.341,43.524,-26.5,236.05700000000002,43.566,-21.5,236.067,43.388,-21.5,0,-0.3665173621951795,2.3362381866781483,-9.450057348668643,23.020895432159747,0.0384422136167581,0.10095347173953419
236.333,43.703,-26.5,236.05,43.744,-21.5,236.05700000000002,43.566,-21.5,0,-0.5426293948849752,2.011010961374745,-9.833960920945096,22.714285852831132,0.0547788510350075,0.08794425513701534
236.333,43.703,-26.5,236.05700000000002,43.566,-21.5,236.341,43.524,-26.5,0,-0.29499735254277537,1.3320368841492538,-9.737164522729664,22.83206382570259,0.030014684061880507,0.057899311506344496
236.325,43.881,-26.5,236.05,43.744,-21.5,236.333,43.703,-26.5,0,-0.41836019594826035,1.1666336227730472,-9.735525718759632,22.69405769939072,0.04266887734688403,0.05092050425799932
236.434,42.454,-26.5,236.451,42.276,-26.5,236.526,42.369,-29.0,0,-0.011042294738344576,0.664803375803604,1.8245700073104558,14.744159892666175,-0.0007002575500085101,0.04637075358014441
236.58499999999998,46.041,-31.5,236.30700000000002,46.026,-26.5,236.571,45.863,-31.5,0,0.020931082919599827,-0.009238354776936257,-13.557100213207548,24.15154886261082,-0.001515098214884665,-0.0004203386424626595
236.30700000000002,46.026,-26.5,236.298,45.847,-26.5,236.571,45.863,-31.5,0,-0.582767718055399,0.9211043539624962,-13.06024232572101,24.36732061133854,0.0437973071848374,0.03716809851177596
236.559,45.684,-31.5,236.571,45.863,-31.5,236.298,45.847,-26.5,0,0.0606364116554828,-0.014800354069727014,-13.275226324739133,23.888451209362064,-0.004563763981270934,-0.0006266366055267958
236.325,46.204,-26.5,236.30700000000002,46.026,-26.5,236.58499999999998,46.041,-31.5,0,-0.6555079983462623,0.8764860021179015,-14.274212647573513,24.09030538281275,0.04517093761657696,0.03572447205749841
236.559,45.684,-31.5,236.298,45.847,-26.5,236.297,45.669,-26.5,0,-0.5375098003188665,0.9532635227161967,-11.986900403711445,24.528756816937467,0.043874859632819396,0.03827771653737139
236.325,46.204,-26.5,236.58499999999998,46.041,-31.5,236.599,46.22,-31.5,0,-0.07291472408850548,0.0511240995857614,-13.549859512819033,24.5979045323537,0.005335507890098397,0.0019948892563942918
236.618,42.285,-31.5,236.606,42.464,-31.5,236.526,42.369,-29.0,0,-0.01004115057670632,0.08156849549515979,1.0281749099580395,14.747917814957475,-0.011393798753171237,0.005768196147670805
236.559,45.684,-31.5,236.297,45.669,-26.5,236.55,45.505,-31.5,0,0.055957685190658385,-0.007181170476318024,-12.872806799908531,23.705384676548032,-0.004422309813906874,-0.00030477674723540505
236.738,39.872,-31.5,236.844,40.031,-31.5,236.7,39.964,-29.5,0,0.250171616336558,-0.38513428235479236,-14.965540752570377,21.9737032044641,-0.017546867507042326,-0.017586302009748155
236.534,44.968,-31.5,236.30200000000002,45.132,-26.5,236.3,44.954,-26.5,0,-0.6382499783252743,0.8072522557720162,-12.115191964903989,22.82082743695441,0.05148283866781954,0.03471509145990166
236.55,45.505,-31.5,236.297,45.669,-26.5,236.3,45.49,-26.5,0,-0.5265224353866266,0.9366470974679504,-11.45467215412631,24.398377732358203,0.04486092996894254,0.037837570999406246
236.534,44.968,-31.5,236.538,45.147,-31.5,236.30200000000002,45.132,-26.5,0,-0.09980846613526534,0.0811560190025438,-12.208636685261322,22.841004523393632,0.007860986037415614,0.00341397161978848
236.538,45.147,-31.5,236.304,45.311,-26.5,236.30200000000002,45.132,-26.5,0,-0.6096210494027708,0.8345793660697397,-12.11331017691958,23.246841390819124,0.04915630210709837,0.03530352977368859
236.542,45.326,-31.5,236.3,45.49,-26.5,236.304,45.311,-26.5,0,-0.5432197788791236,0.8923050169173294,-11.330529980021243,24.070532105353625,0.046742581962153036,0.03651897500250131
236.538,45.147,-31.5,236.542,45.326,-31.5,236.304,45.311,-26.5,0,-0.03525677155805049,0.03146923135193602,-12.21161465055894,23.266990021741158,0.002634206889676715,0.0012790477409343128
236.542,45.326,-31.5,236.55,45.505,-31.5,236.3,45.49,-26.5,0,0.017805489314818568,0.008361950366896546,-12.732547482164264,23.379465238073408,-0.0015676048361609864,0.0003298145922596273
236.416,42.632,-26.5,236.434,42.454,-26.5,236.511,42.548,-28.9,0,-0.025527976696453146,0.6849600992947947,1.8729951692898794,13.76203820332887,-0.00979796209520399,0.051709513338762406
236.606,42.464,-31.5,236.594,42.643,-31.5,236.511,42.548,-28.9,0,-0.010473050269642804,0.12398273878447974,1.0142498887899478,13.842364933510112,-0.015220041685910578,0.009525042307319254
236.599,46.22,-31.5,236.649,46.396,-31.5,236.36599999999999,46.38,-26.5,0,-0.1627374851054265,0.0638723191637649,-18.124513242618654,21.84294818898558,0.008899518328772497,0.002868980082295163
236.93200000000002,40.197,-31.5,236.75900000000001,40.202,-26.5,236.844,40.031,-31.5,0,0.17040669657619198,0.20762465065900135,-12.564321097458105,22.821780052801927,-0.014324290015987725,0.009043572158804374
236.36599999999999,46.38,-26.5,236.325,46.204,-26.5,236.599,46.22,-31.5,0,-0.8110987252686103,0.7916024794236407,-17.244079678074648,22.501479766929624,0.046393716996410476,0.03453923182027129
235.95600000000002,47.917,-26.5,236.07299999999998,47.756,-26.5,236.279,47.825,-29.2,0,-0.06675754319528197,5.753277773135212,3.0547477242433034,32.243038745035385,-0.023048304651978442,0.17805232647748898
236.18200000000002,47.978,-29.3,235.95600000000002,47.917,-26.5,236.279,47.825,-29.2,0,-0.05578608326559954,4.220629208721107,2.5665577800499335,32.38446164909876,-0.02288927862866621,0.13003777165389926
235.851,48.081,-26.5,235.95600000000002,47.917,-26.5,236.078,48.121,-29.2,0,-0.026679852333054574,6.21778797480445,1.1738153916843537,32.855204773877226,-0.026249251207743615,0.18888464547059255
235.95600000000002,47.917,-26.5,236.18200000000002,47.978,-29.3,236.078,48.121,-29.2,0,-0.0397848944849843,4.389065079786856,1.7838981864086687,32.671913009089636,-0.02403985536160212,0.1340541664421369
236.844,40.031,-31.5,236.75900000000001,40.202,-26.5,236.635,40.051,-26.5,0,0.4626678543403602,0.2839778814634702,-16.560327519578323,20.027443667056303,-0.029413032636529477,0.013433128742264393
236.725,46.567,-31.5,236.434,46.553,-26.5,236.649,46.396,-31.5,0,-0.12202775336412452,0.007311070078629248,-21.034490751406466,19.490581996418825,0.00576816017107749,0.0004501497036536335
236.399,42.81,-26.5,236.416,42.632,-26.5,236.49599999999998,42.726,-28.9,0,-0.029863959669638097,0.6360838814038049,1.7729573273865924,12.847417864082587,-0.013532305045188027,0.051992609362481075
236.649,46.396,-31.5,236.434,46.553,-26.5,236.36599999999999,46.38,-26.5,0,-0.8361052184633508,0.5941203090920216,-20.33810723343891,20.17371239255361,0.0406561570979893,0.02899921233796008
236.635,40.051,-26.5,236.615,39.891,-29.0,236.7,39.964,-29.5,0,0.5831453059400928,-0.14712294810049673,-17.005602710531207,20.450624666209432,-0.03628250046683902,-0.008340351317383697
236.594,42.643,-31.5,236.584,42.821,-31.5,236.49599999999998,42.726,-28.9,0,-0.006870490142481303,0.10515442602964735,0.8628199357705455,12.910499351599015,-0.015458491286998671,0.00898123460073057
233.287,50.399,-31.5,233.094,50.317,-28.8,233.203,50.185,-28.8,0,0.10097675453120383,1.296387402514721,3.8947812387137475,38.98349071750166,0.025691682588978124,0.03311142892885075
232.997,50.454,-29.0,233.287,50.399,-31.5,233.159,50.558,-31.5,0,-0.01647754101243265,0.024409193119221368,3.5670372098906995,39.33823219696637,-0.004261364791634256,0.000592962898479073
236.279,47.825,-29.2,236.07299999999998,47.756,-26.5,236.36700000000002,47.684,-29.2,0,-0.011496801406542556,3.772322869993915,0.9299559928355166,32.11244292583977,-0.015176704796205198,0.11718242015224288
236.07299999999998,47.756,-26.5,236.186,47.595,-26.5,236.36700000000002,47.684,-29.2,0,-0.1599311489596351,4.7868301757545035,6.56782371794335,30.814731522690366,-0.01085017878655073,0.15600319201291932
233.416,50.24,-31.5,233.287,50.399,-31.5,233.203,50.185,-28.8,0,-0.015912542246304996,-0.0377037392699863,3.6952211026210957,38.87080224672457,-0.004281134802267306,-0.000978999161392201
236.38400000000001,42.989,-26.5,236.399,42.81,-26.5,236.483,42.904,-28.9,0,-0.025842934972598982,0.5340768606253645,1.6064338781313552,11.942297308105452,-0.012471292882240075,0.04742557936034127
236.584,42.821,-31.5,236.575,43.0,-31.5,236.483,42.904,-28.9,0,-0.004346095877562396,0.053082953729624224,0.7819948246356887,11.985549151854514,-0.012991437637909425,0.005336194469689957
236.36700000000002,43.167,-26.5,236.38400000000001,42.989,-26.5,236.47,43.083,-28.9,0,-0.02016520347583235,0.4203018460412863,1.7094861816462128,11.000467793347724,-0.007850220866761945,0.04070164412333818
236.575,43.0,-31.5,236.565,43.179,-31.5,236.47,43.083,-28.9,0,-0.004104478809155585,0.006654648058458661,0.8346655963728438,11.053802264823702,-0.009160698028214795,0.0013417002251781315
233.555,50.085,-31.5,233.416,50.24,-31.5,233.34199999999998,50.035,-28.7,0,-0.0038107889247053096,0.04754331919173531,5.583304790461888,38.30003649335156,-0.0008108991598538476,0.0012296550518869065
233.416,50.24,-31.5,233.203,50.185,-28.8,233.34199999999998,50.035,-28.7,0,0.2205019020537944,1.3824602000410475,7.378829315257769,38.13303929094536,0.029644079023586452,0.036106331308594475
236.35,43.345,-26.5,236.36700000000002,43.167,-26.5,236.457,43.262,-28.9,0,0.010931338495949298,0.8149539233964861,-8.599268306667248,23.84002557616642,-0.00130980842949155,0.03400110404960076
233.287,50.399,-31.5,232.997,50.454,-29.0,233.094,50.317,-28.8,0,0.10520024335332508,1.2364838137877947,4.464724878605141,39.13952648092195,0.02350131271067784,0.031448161973899345
236.565,43.179,-31.5,236.55599999999998,43.358,-31.5,236.457,43.262,-28.9,0,0.05271149258352335,-0.03185321056291915,-9.672448916102859,23.453973824526322,-0.005424450119134493,-0.0013522891701683855
236.735,47.276,-31.5,236.488,47.379,-28.7,236.55599999999998,47.198,-28.7,0,-0.04138051044839344,0.7748448092271366,-0.8867806674380745,30.420782930311816,0.018543960922849004,0.025572822850424885
235.739,48.244,-26.5,235.851,48.081,-26.5,235.963,48.259,-29.1,0,-0.038663141433576166,6.123956461845136,2.2469272964942295,33.202707222056546,-0.019098772096506036,0.184115086591062
236.434,46.553,-26.5,236.725,46.567,-31.5,236.627,46.671,-29.3,0,-0.3259136574153866,0.23797009779459577,-17.956576421208894,22.668970731361455,0.01789610757274024,0.01046419756384456
236.341,43.524,-26.5,236.35,43.345,-26.5,236.44400000000002,43.437,-28.9,0,-0.05550637918439378,0.6471535621749419,-9.64085001885445,23.27801956381633,0.005637841695775357,0.027582262676067566
236.981,40.898,-31.5,236.841,40.894,-26.5,236.95,40.802,-29.2,0,-0.08522418004934995,0.02222639702675436,6.215996386022283,21.993969294646774,-0.014023016484475747,0.0010530536992403125
235.801,48.408,-28.8,235.876,48.575,-31.5,235.65699999999998,48.543,-28.8,0,-0.013190560976816566,1.5227503877045288,9.64089755479954,32.57721183239153,-0.0014749648194745393,0.04666342453927716
232.997,50.454,-29.0,232.836,50.349,-26.5,233.094,50.317,-28.8,0,0.34596227603381113,3.7550067534470983,4.305084719515201,39.23940635513508,0.07979888857538149,0.09530353544167817
232.836,50.349,-26.5,232.974,50.193,-26.5,233.094,50.317,-28.8,0,0.5348054522468493,5.030896633437903,4.838818081493404,39.04085785765632,0.10967263306646875,0.12834936923541124
236.039,48.432,-31.5,235.876,48.575,-31.5,235.801,48.408,-28.8,0,-0.04186595523823152,0.036705579840938016,10.81288820625722,32.01531534585483,-0.0038771652455079383,0.001148063831531491
236.735,47.276,-31.5,236.675,47.45,-31.5,236.488,47.379,-28.7,0,-0.030693938130685453,0.05711464038327132,-1.57047603591678,30.536960767097753,0.010075971994951475,0.0018566259977442852
236.55599999999998,43.358,-31.5,236.549,43.537,-31.5,236.44400000000002,43.437,-28.9,0,0.02731837006242232,-0.05613062680156943,-9.929524553239098,23.146861601519596,-0.0027683418597329555,-0.0024282209227094657
236.333,43.703,-26.5,236.341,43.524,-26.5,236.437,43.617,-28.9,0,-0.12064345070864803,0.5086055423504688,-9.771343930312014,23.06179270940973,0.012193724993010732,0.02180404150827313
235.851,48.081,-26.5,236.078,48.121,-29.2,235.963,48.259,-29.1,0,-0.07871422599518972,4.447315526982614,4.032003658615212,32.8536715769365,-0.020305058029257472,0.13510784711742074
233.715,49.938,-31.5,233.555,50.085,-31.5,233.503,49.895,-28.8,0,0.012017109576394973,0.05435617450898178,9.20880005509235,37.22041277586739,0.0012037153675663944,0.001443941917640322
236.308,44.775,-26.5,236.314,44.596,-26.5,236.40699999999998,44.687,-28.7,0,-0.644308382880938,0.924577703889543,-10.042437284280176,22.04151284552971,0.06405391067224635,0.041694826110191006
236.186,47.595,-26.5,236.288,47.43,-26.5,236.449,47.519,-29.1,0,-0.044393147636448145,4.0110684767787,4.744857608254639,30.748981201265515,0.0072559761200720625,0.13113753138451295
233.555,50.085,-31.5,233.34199999999998,50.035,-28.7,233.503,49.895,-28.8,0,0.3002900375581978,1.450075741771643,8.971451871529176,37.445876697551995,0.03323084687616604,0.038568054949615536
236.607,47.012,-28.8,236.777,47.099,-31.5,236.55599999999998,47.198,-28.7,0,-0.1192201499611112,0.5532987202100201,-4.706546063587872,29.631279172561626,0.021952032534378996,0.018659863520799198
236.53300000000002,44.432,-31.5,236.529,44.61,-31.5,236.43,44.52,-29.2,0,0.023671960704314654,-0.02111184374595515,-10.317363715302385,22.06410911653404,-0.002229618120475919,-0.0009454556720865078
236.549,43.537,-31.5,236.546,43.716,-31.5,236.437,43.617,-28.9,0,0.01644006798606116,-0.059741276084353596,-10.432946555024657,22.753952655573663,-0.0015966627293871355,-0.0026354870117198848
236.314,44.418,-26.5,236.317,44.239,-26.5,236.41500000000002,44.329,-28.8,0,-0.47201261216620854,0.6189473191552697,-10.399487734903715,22.16278722362209,0.045294872701230074,0.027619599653846357
236.538,44.074,-31.5,236.53300000000002,44.253,-31.5,236.435,44.162,-29.2,0,0.020986782895186528,-0.00298771987856198,-10.19277448661466,22.41334330971214,-0.0019939017737848905,-0.0001448794797739268
236.325,43.881,-26.5,236.333,43.703,-26.5,236.43,43.794,-28.8,0,-0.18683881600438929,0.4379887217846253,-9.76974655127151,22.87060714878603,0.018971094496281253,0.018870878036114164
235.65699999999998,48.543,-28.8,235.699,48.71,-31.5,235.494,48.68,-28.8,0,0.04039395381957883,1.3966523275983451,11.383954164959396,32.476353969736444,0.0034769189944855775,0.04293440310935871
236.314,44.596,-26.5,236.314,44.418,-26.5,236.43,44.52,-29.2,0,-0.5666437628791149,0.7194020317668987,-10.762604997939476,21.841052809307776,0.05256526236115758,0.03266329646822948
236.543,43.895,-31.5,236.538,44.074,-31.5,236.438,43.983,-29.2,0,0.022545280536665897,-0.025397309599194062,-10.190136109434569,22.53955061149798,-0.00217289739503108,-0.0011381090661202887
236.529,44.61,-31.5,236.529,44.789,-31.5,236.40699999999998,44.687,-28.7,0,0.005875678295398254,-0.026969279735564247,-10.797944300168687,21.687622722233854,-0.0005104965880415287,-0.0012288355941154428
236.676,41.57,-31.5,236.524,41.563,-26.5,236.62900000000002,41.475,-29.4,0,0.13789131397872584,0.44354633880460154,3.2950953121026316,18.912775462951828,0.04810580016363339,0.023341437069913876
236.36700000000002,47.684,-29.2,236.186,47.595,-26.5,236.449,47.519,-29.1,0,-0.068557455234055,3.113172409558609,3.2971565638355163,31.08060548536462,-0.0017890182228822462,0.10072075855636169
236.777,47.099,-31.5,236.735,47.276,-31.5,236.55599999999998,47.198,-28.7,0,-0.07128681379965486,0.04525140289926169,-4.5464526664836775,29.822284561057316,0.013596133541623982,0.0014177221945987151
236.53300000000002,44.253,-31.5,236.53300000000002,44.432,-31.5,236.41500000000002,44.329,-28.8,0,0.0033493084903489017,0.017029583275083908,-10.799487335174604,21.9728442823628,-0.00024345195342038984,0.0007595063498484786
235.876,48.575,-31.5,235.699,48.71,-31.5,235.65699999999998,48.543,-28.8,0,-0.012306708730492208,0.048806861101102224,12.991263679067949,31.657408362401412,-0.0009306803344887687,0.001542979299785232
236.546,43.716,-31.5,236.543,43.895,-31.5,236.43,43.794,-28.8,0,0.015137978148986694,-0.04405273320672278,-10.434047995319148,22.612808750492825,-0.0014489874249141086,-0.001964094486924431
236.317,44.239,-26.5,236.32,44.06,-26.5,236.435,44.162,-29.2,0,-0.3564502310861973,0.4766802229369642,-10.399542322738945,22.30489852209282,0.03417559162400016,0.021067915916122098
237.031,40.724,-31.5,236.889,40.719,-26.5,236.959,40.631,-28.8,0,0.003988553642758325,0.11905021045922283,-0.061862351592736786,23.708944355010374,-0.01257921737163465,0.004976498956151033
236.32,44.06,-26.5,236.325,43.881,-26.5,236.438,43.983,-29.2,0,-0.262922700472425,0.4165512769636887,-10.152202324411668,22.573389942306697,0.02577308936752719,0.01815852754466915
236.844,40.031,-31.5,236.635,40.051,-26.5,236.7,39.964,-29.5,0,0.4421418112239618,-0.03406866821693173,-16.56269036673831,20.535316720808503,-0.028064329750370105,-0.0022612377321185196
236.89499999999998,40.541,-26.5,237.035,40.545,-31.5,236.959,40.631,-28.8,0,0.013684566885665583,0.24992762396427634,-1.13813100927635,24.32444160706015,-0.010239313729163778,0.010210511206525469
233.664,49.794,-29.2,233.635,49.621,-26.5,233.856,49.65,-29.2,0,1.0791087646972897,3.56200216762581,12.508049977296618,35.67570071035965,0.08601016715297162,0.09945041422209373
236.176,48.278,-31.5,236.039,48.432,-31.5,235.963,48.259,-29.1,0,-0.056623483289173285,-0.0692959145668251,6.836694700958304,32.65244248528929,-0.008333773302681168,-0.002116122502300187
236.406,47.956,-31.5,236.299,48.119,-31.5,236.18200000000002,47.978,-29.3,0,-0.02963428208327494,0.017463234200564674,2.067782201235074,32.49965685604141,-0.014671506431498013,0.0005285950315491944
233.452,49.755,-26.5,233.635,49.621,-26.5,233.664,49.794,-29.2,0,1.5212584253187444,4.889160362135147,12.799761911152306,35.750807453344194,0.11849827860969651,0.13621988902205445
236.3,44.954,-26.5,236.308,44.775,-26.5,236.41,44.868,-28.8,0,-0.699691705973107,1.071968940303888,-9.806194523889737,21.962168267832922,0.07123363567010084,0.04859671024840098
236.464,46.73,-26.5,236.434,46.553,-26.5,236.627,46.671,-29.3,0,-0.773878090515022,0.9883599065986005,-15.864556610977836,24.384105474239682,0.04786077789490457,0.04028147117499544
236.299,48.119,-31.5,236.176,48.278,-31.5,236.078,48.121,-29.2,0,-0.05750546099410226,-0.022248311771605345,4.59516630302238,32.6408071932408,-0.012645595795776945,-0.0006823466412902584
236.505,47.789,-31.5,236.406,47.956,-31.5,236.279,47.825,-29.2,0,-0.006586951362251255,0.04658255708399089,0.5778141935363816,32.19599043556345,-0.012579906039377215,0.0014315623042775406
236.675,47.45,-31.5,236.595,47.621,-31.5,236.449,47.519,-29.1,0,-0.013822741716753201,-0.029839788144214473,1.68133617909354,30.911371029815434,0.0023624939273380304,-0.0009140368237457757
236.529,44.789,-31.5,236.534,44.968,-31.5,236.41,44.868,-28.8,0,0.052532882462228835,-0.10214869698317221,-11.383572528165715,21.20194622816232,-0.004605162960175682,-0.0047786163286885055
236.428,47.085,-26.5,236.607,47.012,-28.8,236.55599999999998,47.198,-28.7,0,-0.22370787448050516,1.7137337984541792,-4.9320599116047745,29.666767704611026,0.038825274527052964,0.057946539187625976
236.406,47.956,-31.5,236.18200000000002,47.978,-29.3,236.279,47.825,-29.2,0,-0.045887877731856166,1.2352713307691343,2.81033690481145,32.27328833987324,-0.016837504607488847,0.03817329217930375
236.659,41.749,-31.5,236.501,41.741,-26.5,236.591,41.656,-29.1,0,0.048778620413406464,0.20923040533175366,1.606422626446232,18.15977476355107,0.04132800693181499,0.011391595846667905
236.524,41.563,-26.5,236.676,41.57,-31.5,236.591,41.656,-29.1,0,0.09694819528233825,0.3720734444413465,2.4440473863381555,18.733191157871545,0.04783024202394942,0.01973888999299001
235.29500000000002,48.825,-28.9,235.301,48.953,-31.5,235.08499999999998,48.945,-28.9,0,0.1580272492067601,1.1305114502005198,17.005231967906948,31.019552313434055,0.00925998841645517,0.036381061351436386
235.102,48.817,-26.5,235.29500000000002,48.825,-28.9,235.08499999999998,48.945,-28.9,0,0.4713920491961539,3.2151179967964754,16.85039357798238,31.10948129456812,0.02784492475580492,0.10316234924127984
236.63,42.106,-31.5,236.469,42.097,-26.5,236.55599999999998,42.012,-29.0,0,0.006605951131795953,0.19218358999494026,1.3243569657495016,16.336018002886846,0.01296807459712964,0.011869209072793235
235.494,48.68,-28.8,235.50799999999998,48.837,-31.5,235.29500000000002,48.825,-28.9,0,0.09271413195372144,1.185675649853886,14.232972349581761,31.845635887555495,0.006473748602304356,0.037170126704211943
233.856,49.65,-29.2,233.839,49.501,-26.5,234.049,49.525,-29.2,0,1.2136409856296277,3.3958783345755155,14.903676016270467,34.43436041483946,0.08127138394375512,0.09824525778228317
236.488,47.379,-28.7,236.368,47.259,-26.5,236.55599999999998,47.198,-28.7,0,-0.07870306721078636,2.2915903332231125,-1.1222449499024734,30.479641476202858,0.029173096581138532,0.07557648058106611
236.564,41.387,-26.5,236.70999999999998,41.393,-31.5,236.62900000000002,41.475,-29.4,0,0.1735239222281249,0.6438085681682802,4.205949562822724,19.41550806921785,0.046293285663870164,0.03308290829327947
236.501,41.741,-26.5,236.659,41.749,-31.5,236.572,41.834,-29.0,0,0.04422359924201289,0.164339204773018,1.6360761658262106,17.852872480863965,0.037270764850907454,0.009082742965775022
236.643,41.928,-31.5,236.485,41.919,-26.5,236.572,41.834,-29.0,0,0.03002276994529947,0.1294570042550119,1.612269055555032,17.24420242154187,0.027724770411826437,0.007431049976244772
235.599,48.396,-26.5,235.801,48.408,-28.8,235.65699999999998,48.543,-28.8,0,5.597370821288194e-05,4.3996541343438285,9.418166304075617,32.60828720217151,-0.0003103417715906066,0.1347021747648347
236.18200000000002,47.978,-29.3,236.299,48.119,-31.5,236.078,48.121,-29.2,0,-0.03404736113228679,1.2891844473872038,2.045941746625168,32.68992899364813,-0.017324963436417987,0.03934360269625351
236.485,41.919,-26.5,236.643,41.928,-31.5,236.55599999999998,42.012,-29.0,0,0.02340339693281691,0.14022694828301713,1.621037280230837,16.93901709350922,0.02281142518714025,0.008246657551552636
236.618,42.285,-31.5,236.451,42.276,-26.5,236.541,42.191,-29.0,0,-0.006281470254088644,0.3042100036694429,1.3124528158521684,15.382146713700592,4.560736582374492e-05,0.02022488274371373
232.974,50.193,-26.5,233.115,50.039,-26.5,233.203,50.185,-28.8,0,0.6423182187072795,5.1872800500035705,5.48509070402162,38.6143338714525,0.11614914009338737,0.13381149046283047
236.889,40.719,-26.5,237.031,40.724,-31.5,236.95,40.802,-29.2,0,-0.03722078547047739,0.02895831934892583,3.0730425675912727,23.218489872982502,-0.0134036645607548,0.0012338764666081476
235.599,48.396,-26.5,235.739,48.244,-26.5,235.801,48.408,-28.8,0,-0.04171706413741287,5.968396100986521,6.921817010100632,32.99122537112608,-0.006617101370926681,0.18061302458861184
235.44799999999998,48.544,-26.5,235.65699999999998,48.543,-28.8,235.494,48.68,-28.8,0,0.11963601712710546,4.059351465471296,11.181839588018931,32.501917128547284,0.010452139601693956,0.12469359205252463
236.463,46.908,-26.5,236.464,46.73,-26.5,236.638,46.837,-29.2,0,-0.5871850830792938,1.3831768874421235,-11.433354511248911,27.17042520490426,0.049495598764417434,0.05083911461465769
236.791,46.921,-31.5,236.777,47.099,-31.5,236.607,47.012,-28.8,0,-0.09476259170765526,-0.007960375199770733,-9.005632856183265,28.35856792526596,0.010073040652353763,-0.00039136263331741714
236.595,47.621,-31.5,236.505,47.789,-31.5,236.36700000000002,47.684,-29.2,0,-0.04077400764048528,-0.01069334411898139,3.377480546884268,31.183823953545563,-0.006335854883911951,-0.0002467250026278507
236.469,42.097,-26.5,236.63,42.106,-31.5,236.541,42.191,-29.0,0,0.004141991940209381,0.22878167412899933,1.6626688894660333,15.997498950922449,0.008343561663943486,0.014501954523984286
236.505,47.789,-31.5,236.279,47.825,-29.2,236.36700000000002,47.684,-29.2,0,-0.09507775218466927,1.0517667338911858,5.318643910531428,31.12365595981486,-0.011293783380690038,0.03401473685139559
236.606,42.464,-31.5,236.434,42.454,-26.5,236.526,42.369,-29.0,0,-0.013585271000504894,0.37978887749209184,1.216722650606755,14.452487889732083,-0.009243000871404948,0.027190439317402
235.699,48.71,-31.5,235.50799999999998,48.837,-31.5,235.494,48.68,-28.8,0,-0.0015221138657500208,0.004140617075919692,15.019416095541107,31.261612004106496,-7.48353705679643e-05,0.00013642099033692846
234.065,49.661,-31.5,233.856,49.65,-29.2,234.049,49.525,-29.2,0,0.4285147468575507,1.0801902914749315,15.088040980495215,34.311275153316835,0.028359412960826003,0.03134226559669813
235.288,48.688,-26.5,235.494,48.68,-28.8,235.29500000000002,48.825,-28.9,0,0.27464044000278937,3.5300178519368863,14.029480752614237,31.950666043298234,0.01940649436761366,0.11029899334944426
233.635,49.621,-26.5,233.839,49.501,-26.5,233.856,49.65,-29.2,0,1.8591345097243483,4.6358816272192085,16.249510576661027,33.97053360478231,0.11420933486424312,0.13594309598482915
236.615,39.891,-29.0,236.738,39.872,-31.5,236.7,39.964,-29.5,0,0.4253170585105313,-0.5113246929938805,-16.537367080904062,21.015724650534477,-0.02709368909412332,-0.02487742827619034
236.451,42.276,-26.5,236.618,42.285,-31.5,236.526,42.369,-29.0,0,-0.011307407046793106,0.3360712853505137,1.64682054423713,15.04482803420575,-0.0034911276476355013,0.022928729803643615
236.594,42.643,-31.5,236.416,42.632,-26.5,236.511,42.548,-28.9,0,-0.025271638205094392,0.3858162903628692,1.734551591647147,13.454390619243298,-0.01412573217698722,0.03006164377089997
233.115,50.039,-26.5,233.279,49.895,-26.5,233.34199999999998,50.035,-28.7,0,1.1747351313912202,5.225662069898225,9.582589834644157,37.43617244807247,0.12203428298298762,0.13904258204702113
233.882,49.796,-31.5,233.664,49.794,-29.2,233.856,49.65,-29.2,0,0.35321535500932244,1.0733505834990367,12.713406210324917,35.6377518624757,0.02768559312564733,0.029981961422500644
236.288,47.43,-26.5,236.368,47.259,-26.5,236.488,47.379,-28.7,0,-0.03449371327492566,3.4151308694198064,1.156622697590171,30.69185603128954,0.025657720337845205,0.11188046706986049
236.584,42.821,-31.5,236.399,42.81,-26.5,236.49599999999998,42.726,-28.9,0,-0.021911358512067547,0.33236139971751544,1.5058482913274247,12.548288094566885,-0.01473112861255635,0.028206892636794913
235.44799999999998,48.544,-26.5,235.599,48.396,-26.5,235.65699999999998,48.543,-28.8,0,0.06629749409968855,5.651011097852452,8.601071699060274,33.027490798992496,0.007245346035645627,0.17083051175245745
233.882,49.796,-31.5,233.715,49.938,-31.5,233.664,49.794,-29.2,0,-0.004521086177052018,-0.09474569781785404,10.629042192176874,36.48576322178826,-0.00047967489151782796,-0.0026072864667343347
236.434,42.454,-26.5,236.606,42.464,-31.5,236.511,42.548,-28.9,0,-0.01437632135629479,0.39055376515421264,1.1553850651265236,14.15421345184049,-0.011386935617269143,0.028672129467435324
233.279,49.895,-26.5,233.452,49.755,-26.5,233.503,49.895,-28.8,0,1.3654459087966424,5.151187654760589,11.054597372925864,36.678237943522795,0.123046050458953,0.13989070607035006
234.065,49.661,-31.5,233.882,49.796,-31.5,233.856,49.65,-29.2,0,0.03671443817211804,-0.018420404078659188,13.086185702041366,35.293850508792985,0.002797279111371072,-0.0005482989482949469
236.428,47.085,-26.5,236.463,46.908,-26.5,236.607,47.012,-28.8,0,-0.3367443112354821,1.9926040795826407,-6.119248920198675,29.235884739788894,0.049562226665132054,0.06829399372975528
236.575,43.0,-31.5,236.38400000000001,42.989,-26.5,236.483,42.904,-28.9,0,-0.016521660180472145,0.24811426203807474,1.3470568104664267,11.639383460473823,-0.011999430452362165,0.023069491208943384
236.791,46.921,-31.5,236.607,47.012,-28.8,236.638,46.837,-29.2,0,-0.18740245396293,0.29101511726542006,-10.642397834314451,27.587796004438296,0.01689234950706449,0.010503126817012804
236.368,47.259,-26.5,236.428,47.085,-26.5,236.55599999999998,47.198,-28.7,0,-0.13404025010139053,2.6791076703557586,-2.0610935298019655,30.22058858238347,0.041545935723439134,0.08903937817889279
233.839,49.501,-26.5,234.043,49.381,-26.5,234.049,49.525,-29.2,0,1.7158270208158402,4.511214850671796,16.253582854207576,33.62686090750984,0.10538789632415982,0.13367766351854032
235.08499999999998,48.945,-28.9,235.095,49.071,-31.5,234.878,49.06,-28.9,0,0.21620980760786485,1.1188816344629056,17.366693602004265,31.238440357890113,0.012412385035823533,0.035748146402161035
236.039,48.432,-31.5,235.801,48.408,-28.8,235.963,48.259,-29.1,0,-0.05221521278500254,1.436194423623008,6.787628558111988,32.8446953400848,-0.007871299935827256,0.04364684462849786
236.416,42.632,-26.5,236.594,42.643,-31.5,236.49599999999998,42.726,-28.9,0,-0.016226369204502936,0.37621055174914286,1.1397314304130646,13.219610788186344,-0.014761827640492007,0.02999098894291385
236.565,43.179,-31.5,236.36700000000002,43.167,-26.5,236.47,43.083,-28.9,0,-0.01235868118299355,0.17448655854095735,1.4008980377319062,10.705866078000014,-0.0073610450662605015,0.017752304489704416
234.049,49.525,-29.2,234.043,49.381,-26.5,234.24599999999998,49.401,-29.0,0,1.2760153861943224,3.332190096416238,16.69332269404593,33.20210447604495,0.07632445297739995,0.1000126332348628
233.34199999999998,50.035,-28.7,233.279,49.895,-26.5,233.503,49.895,-28.8,0,0.8284992587115104,4.048123885316262,8.716601336699878,37.45860181862898,0.09452423241597821,0.10764591890828432
235.288,48.688,-26.5,235.44799999999998,48.544,-26.5,235.494,48.68,-28.8,0,0.20438831465933088,5.125562285942865,9.99627489435009,33.10237228907654,0.020070730373356712,0.15459392725101334
236.55599999999998,43.358,-31.5,236.35,43.345,-26.5,236.457,43.262,-28.9,0,0.0197676189071232,0.3180000852041554,-8.723715048187202,23.749009498327545,-0.0022962917901391327,0.0132921456224356
234.897,48.935,-26.5,235.08499999999998,48.945,-28.9,234.878,49.06,-28.9,0,0.647567109542851,3.209665130475552,17.212704759768634,31.375326261474427,0.037487776289543924,0.10209551849917262
234.462,49.414,-31.5,234.25799999999998,49.534,-31.5,234.24599999999998,49.401,-29.0,0,0.07430047158896412,0.06404173038992281,16.605324982189412,33.05664171857125,0.004505464659232804,0.001911238511001555
236.546,43.716,-31.5,236.333,43.703,-26.5,236.437,43.617,-28.9,0,-0.05921090523169534,0.16702997292895647,-10.36339379375844,22.72842630245468,0.005632117039037691,0.007210142449988463
236.399,42.81,-26.5,236.584,42.821,-31.5,236.483,42.904,-28.9,0,-0.014044399262152665,0.3073034605380813,1.046375732257303,12.296680246174304,-0.014128167895580895,0.026765711645732673
236.549,43.537,-31.5,236.341,43.524,-26.5,236.44400000000002,43.437,-28.9,0,-0.021963935897384615,0.2258639591318375,-10.030170692687001,23.0500189149649,0.002113148583848543,0.009678704455674989
236.529,44.789,-31.5,236.308,44.775,-26.5,236.40699999999998,44.687,-28.7,0,-0.330457318892634,0.41259679935902793,-10.38074274025707,21.827441368056995,0.03179359681676292,0.018789073128569478
236.607,47.012,-28.8,236.463,46.908,-26.5,236.638,46.837,-29.2,0,-0.4350213874549091,1.1359316454193367,-10.649435181315472,27.683352291356737,0.03903574192456429,0.041038261967500295
236.314,44.418,-26.5,236.53300000000002,44.432,-31.5,236.43,44.52,-29.2,0,-0.23374628682120746,0.2904516877393337,-10.266051834111984,22.127651977449503,0.022763480640623775,0.01298577569308523
234.674,49.3,-31.5,234.453,49.287,-28.9,234.666,49.173,-28.9,0,0.3619387981364049,1.0808781811988468,17.827191295000343,31.827574409090836,0.02028057486819924,0.033866669265623185
236.534,44.968,-31.5,236.3,44.954,-26.5,236.41,44.868,-28.8,0,-0.3316798741086483,0.4301250771502472,-10.237868896895591,21.70756073733817,0.03233960766162288,0.019731966612592942
236.53300000000002,44.432,-31.5,236.314,44.418,-26.5,236.41500000000002,44.329,-28.8,0,-0.24796091061771455,0.2931326833866656,-10.721870192147883,21.952404013244703,0.023117025728979043,0.013193544421434266
234.674,49.3,-31.5,234.462,49.414,-31.5,234.453,49.287,-28.9,0,0.03951498373244369,0.020632389978880315,17.84333183431781,32.04183177153502,0.002241862499736206,0.0006328100277973525
234.886,49.186,-31.5,234.674,49.3,-31.5,234.666,49.173,-28.9,0,0.002619465990027935,-0.006920375570739159,17.855432285860065,31.60614124711718,0.00016563424616725765,-0.00021855309479817587
234.25799999999998,49.534,-31.5,234.065,49.661,-31.5,234.049,49.525,-29.2,0,0.05726559756445696,0.005633362505644872,14.933688730644008,34.187948324691206,0.0038575482907363765,0.0001361869708808727
236.32,44.06,-26.5,236.538,44.074,-31.5,236.435,44.162,-29.2,0,-0.13843705808352505,0.18044734852115385,-10.15390058580359,22.470384958904447,0.013611352931430445,0.007871331407385522
236.543,43.895,-31.5,236.325,43.881,-26.5,236.43,43.794,-28.8,0,-0.08838966374707381,0.15665854491187584,-9.665595843155195,22.883592707434154,0.009079619221907495,0.0066906014077209065
234.25799999999998,49.534,-31.5,234.049,49.525,-29.2,234.24599999999998,49.401,-29.0,0,0.46983515676482385,1.1063265986178485,16.899325125367444,33.09848260469727,0.02778616195625951,0.033291730299600523
236.325,43.881,-26.5,236.543,43.895,-31.5,236.438,43.983,-29.2,0,-0.09354068584886305,0.14804485204047324,-9.68059529911298,22.827900750262806,0.009612294728573775,0.0063340798017797175
235.095,49.071,-31.5,234.886,49.186,-31.5,234.878,49.06,-28.9,0,-0.011310653129924169,0.01676661967850984,17.56944045367001,31.355969863286752,-0.00063113356652146,0.0005384122878180412
235.301,48.953,-31.5,235.095,49.071,-31.5,235.08499999999998,48.945,-28.9,0,-0.00695983153755435,0.06926651654813437,17.051824202835153,31.22141681424297,-0.00039564415641188313,0.0022202082927452443
236.38400000000001,42.989,-26.5,236.575,43.0,-31.5,236.47,43.083,-28.9,0,-0.012886952134526536,0.22185580842837407,1.1508262643347393,11.359285325500167,-0.010583635369210396,0.021221102569230352
235.102,48.817,-26.5,235.288,48.688,-26.5,235.29500000000002,48.825,-28.9,0,0.4415769746290987,4.483847730392738,14.065824699602512,32.13927332603307,0.03116301362851564,0.13927737752239752
234.886,49.186,-31.5,234.666,49.173,-28.9,234.878,49.06,-28.9,0,0.28509982744620166,1.0777475221975255,17.891111215663418,31.364131034193363,0.015903659649951076,0.03428470657356502
233.203,50.185,-28.8,233.115,50.039,-26.5,233.34199999999998,50.035,-28.7,0,0.6610180073431126,4.041845410547503,7.158357379660856,38.12946903743269,0.0917389724812791,0.10558850781048584
236.776,46.742,-31.5,236.791,46.921,-31.5,236.638,46.837,-29.2,0,-0.005215797728443906,-0.12396514910028604,-13.366791082798393,26.117436336920186,0.00041959274676174575,-0.004746881392177896
235.50799999999998,48.837,-31.5,235.301,48.953,-31.5,235.29500000000002,48.825,-28.9,0,-0.01090561813787897,-0.008203103015881738,17.342544471878664,30.612375776009245,-0.0006048474184692473,-0.00026235093304196623
234.043,49.381,-26.5,234.25799999999998,49.271,-26.5,234.24599999999998,49.401,-29.0,0,1.7380044187024468,4.32795894342603,18.158006265141957,32.24417780124232,0.09558004198434812,0.13379295231750105
236.36700000000002,43.167,-26.5,236.565,43.179,-31.5,236.457,43.262,-28.9,0,-0.008454052320632932,0.15485878318679658,1.0642319825656443,10.444929288345946,-0.005661004110975277,0.016106545574050064
234.453,49.287,-28.9,234.47199999999998,49.159,-26.5,234.666,49.173,-28.9,0,1.0238585303203738,3.20240719713437,17.669066680055835,31.92488496236183,0.0578332862025148,0.10004647307140688
236.35,43.345,-26.5,236.55599999999998,43.358,-31.5,236.44400000000002,43.437,-28.9,0,0.006187520100203739,0.28745431140422767,-9.50645744054301,23.38521829090159,-0.0007027521253969934,0.012185521952911674
234.25799999999998,49.271,-26.5,234.47199999999998,49.159,-26.5,234.453,49.287,-28.9,0,1.4741403085543328,4.229398520298398,17.877137483022313,31.99255694458177,0.08231284974971953,0.13182961313130248
234.897,48.935,-26.5,235.102,48.817,-26.5,235.08499999999998,48.945,-28.9,0,0.7221421843332072,4.252042415779155,16.677662032213135,31.40930684357194,0.04311375825950349,0.1351232412335688
234.462,49.414,-31.5,234.24599999999998,49.401,-29.0,234.453,49.287,-28.9,0,0.45569451624911383,1.1201865081501476,18.037717136480342,32.12830101264633,0.02525039905150357,0.03474822996412467
234.47199999999998,49.159,-26.5,234.686,49.048,-26.5,234.666,49.173,-28.9,0,1.2471751121688972,4.17549488366092,18.00289793017638,31.52025204363573,0.06911801210342834,0.13214995725829853
234.686,49.048,-26.5,234.897,48.935,-26.5,234.878,49.06,-28.9,0,0.9854212047870787,4.176261692184427,17.608576866531916,31.326638367182987,0.05578993589895911,0.13303329988620657
236.725,46.567,-31.5,236.776,46.742,-31.5,236.627,46.671,-29.3,0,0.16442703788031682,-0.2189600627903887,-18.169314099766268,22.561818678551383,-0.008889719783274104,-0.00951260949341413
236.53300000000002,44.253,-31.5,236.317,44.239,-26.5,236.435,44.162,-29.2,0,-0.17493409415652503,0.21553164490064755,-10.433543292760142,22.249638159475097,0.016756543681006333,0.00952760602954656
236.317,44.239,-26.5,236.53300000000002,44.253,-31.5,236.41500000000002,44.329,-28.8,0,-0.2079262627731846,0.25545953804112553,-10.42829634567358,22.20653117785571,0.019925835669132773,0.011335040707774422
236.538,44.074,-31.5,236.32,44.06,-26.5,236.438,43.983,-29.2,0,-0.13164263351560263,0.1653963917571033,-10.71149993649162,22.248000296451856,0.012259534137134346,0.00727479212945077
236.341,43.524,-26.5,236.549,43.537,-31.5,236.437,43.617,-28.9,0,-0.03391814887951567,0.2036184386394703,-9.797764846414097,23.106520749646634,0.003378805009915199,0.008685789049484778
233.094,50.317,-28.8,232.974,50.193,-26.5,233.203,50.185,-28.8,0,0.3133605530671881,3.901013066040058,3.636590348107692,38.975533023883344,0.0851555289894979,0.09969194384835249
236.333,43.703,-26.5,236.546,43.716,-31.5,236.43,43.794,-28.8,0,-0.07216165982693272,0.15853018771874453,-10.53093999762735,22.600743444502847,0.00677528809403093,0.006868516992680133
236.529,44.61,-31.5,236.314,44.596,-26.5,236.43,44.52,-29.2,0,-0.2747246588503539,0.31999529839509144,-10.806808679824002,21.77950800363918,0.025407931447755213,0.014565909513285279
236.314,44.596,-26.5,236.529,44.61,-31.5,236.40699999999998,44.687,-28.7,0,-0.3058307484054466,0.3788555366307918,-10.375988887287853,21.950152932746327,0.029448618045164524,0.017128699923181157
236.488,47.379,-28.7,236.675,47.45,-31.5,236.449,47.519,-29.1,0,-0.008828407457550728,0.8415285583028788,2.4780252725873204,30.71868311466502,0.009046350741076771,0.027584276778484358
234.666,49.173,-28.9,234.686,49.048,-26.5,234.878,49.06,-28.9,0,0.8434836526540737,3.1775411054010574,17.73594085908992,31.491901068703612,0.047434067358744184,0.10067115970358087
236.638,46.837,-29.2,236.464,46.73,-26.5,236.627,46.671,-29.3,0,-0.4916870430709324,0.7237972162092541,-14.138131962322042,25.635970158438216,0.033927778386442446,0.028151516760224954
236.308,44.775,-26.5,236.529,44.789,-31.5,236.41,44.868,-28.8,0,-0.3450896184239161,0.408136359033944,-10.86188203953796,21.534779772819896,0.03172626253356227,0.018850409897474243
234.24599999999998,49.401,-29.0,234.25799999999998,49.271,-26.5,234.453,49.287,-28.9,0,1.2130001175696863,3.230885345874525,17.86351902930643,32.22992145911144,0.06780444226196997,0.09993745194080554
236.078,48.121,-29.2,236.176,48.278,-31.5,235.963,48.259,-29.1,0,-0.05784888380589677,1.3267587651667445,4.298301754321974,32.85920505910607,-0.013769190481018712,0.040293828874189884
236.595,47.621,-31.5,236.36700000000002,47.684,-29.2,236.449,47.519,-29.1,0,-0.03980167961601789,0.8897464089839185,3.5355410797250233,30.986421864344884,-0.0018025759570780612,0.028947389907309263
235.801,48.408,-28.8,235.739,48.244,-26.5,235.963,48.259,-29.1,0,-0.07461765783055163,4.457421948534622,6.719074721106177,32.85125855947422,-0.0115665597255191,0.13544708255425145
236.776,46.742,-31.5,236.638,46.837,-29.2,236.627,46.671,-29.3,0,-0.10589060415582949,0.06299396032027128,-13.994344230018811,25.60803547410407,0.007395693066117144,0.0024944593218305224
233.715,49.938,-31.5,233.503,49.895,-28.8,233.664,49.794,-29.2,0,0.33090947340210025,1.2303953278836404,10.972815932430276,36.548925632491006,0.029991067088346722,0.033520734368657955
233.503,49.895,-28.8,233.452,49.755,-26.5,233.664,49.794,-29.2,0,0.988256666089161,3.7906565115847486,10.852244482678753,36.56757724958346,0.09069269679972017,0.10325112620737605
236.288,47.43,-26.5,236.488,47.379,-28.7,236.449,47.519,-29.1,0,-0.026436051826993177,2.7037408304797785,2.2089088988606065,30.81449838297914,0.013983000133103135,0.08826052529961195
236.889,40.719,-26.5,236.89499999999998,40.541,-26.5,236.959,40.631,-28.8,0,-0.001069889326812814,0.6076276192323131,-0.3038181849514956,23.964635318830005,-0.015213601736312133,0.025239451234590694
236.841,40.894,-26.5,236.889,40.719,-26.5,236.95,40.802,-29.2,0,-0.07090434166316611,0.4694151166384182,4.856954778836965,22.448095202185783,-0.013783754926923441,0.020926458679928744
236.524,41.563,-26.5,236.564,41.387,-26.5,236.62900000000002,41.475,-29.4,0,0.25484256887262113,0.9776355914386103,4.256554257942582,19.117222958618697,0.06610278792111095,0.051022660660939245
236.501,41.741,-26.5,236.524,41.563,-26.5,236.591,41.656,-29.1,0,0.13444659600766587,0.6823997415216825,2.5115765149912477,18.443791745991433,0.06316747399058273,0.03689330623556576
236.485,41.919,-26.5,236.501,41.741,-26.5,236.572,41.834,-29.0,0,0.06747548347502273,0.4954498164029344,1.8115977540118706,17.5507419187839,0.048590875867659984,0.028229045426123752
236.469,42.097,-26.5,236.485,41.919,-26.5,236.55599999999998,42.012,-29.0,0,0.03741443154380373,0.4865617268524724,1.7884889939555535,16.639873002970745,0.030464412200616343,0.02948711928352972
236.451,42.276,-26.5,236.469,42.097,-26.5,236.541,42.191,-29.0,0,0.011874129239642381,0.5769141820986262,1.9260640970045984,15.676304689073731,0.013191827866593212,0.037482747390647574
237.035,40.545,-31.5,237.031,40.724,-31.5,236.959,40.631,-28.8,0,0.015952338154268716,-0.19379377353437652,-0.8890387851434411,24.07329441546304,-0.006560434823855756,-0.008050666727837434
237.031,40.724,-31.5,236.981,40.898,-31.5,236.95,40.802,-29.2,0,-0.05295783633096029,-0.3900494253736871,4.797885721311374,22.90861021978324,-0.012956813804501963,-0.01701858124535266
236.70999999999998,41.393,-31.5,236.676,41.57,-31.5,236.62900000000002,41.475,-29.4,0,0.08683077605284835,0.11083222201734762,3.2961856523474466,19.185854062159365,0.03101644282124835,0.005701579476373554
236.676,41.57,-31.5,236.659,41.749,-31.5,236.591,41.656,-29.1,0,0.030614941780772426,-0.10766263576769979,1.5532379535352447,18.4416560250134,0.02840698601662384,-0.0059903748995516325
236.659,41.749,-31.5,236.643,41.928,-31.5,236.572,41.834,-29.0,0,0.015233190214347008,-0.20362802820279222,1.4365649440737798,17.546478203118284,0.01828876419966553,-0.011811190890899465
236.643,41.928,-31.5,236.63,42.106,-31.5,236.55599999999998,42.012,-29.0,0,0.0003618502610927678,-0.1445959101288631,1.1502274778843855,16.63233470521422,0.006660740368524104,-0.008875291271262877
236.63,42.106,-31.5,236.618,42.285,-31.5,236.541,42.191,-29.0,0,-0.006796792808626679,-0.022342778654214707,1.0419868875402472,15.693627687463277,-0.003867618730367625,-0.0014574818181129225
236.49200000000002,39.909,-26.5,236.615,39.891,-29.0,236.635,40.051,-26.5,0,0.7448139242509972,-0.1473726209308488,-18.53849073639222,18.990753817809896,-0.04255251850040275,-0.009743925039126038
236.93200000000002,40.197,-31.5,236.852,40.366,-26.5,236.75900000000001,40.202,-26.5,0,0.2332498972752649,0.5575819092909825,-12.92322911508478,21.97150022253018,-0.019201188994076655,0.02504898736494128
236.998,40.368,-31.5,236.89499999999998,40.541,-26.5,236.852,40.366,-26.5,0,0.08273696049384628,0.5814210211608525,-6.743621511883617,24.06503487082452,-0.013290810123437666,0.023996051374602104
236.998,40.368,-31.5,236.852,40.366,-26.5,236.93200000000002,40.197,-31.5,0,0.06686129463931147,0.3205323683006664,-9.842367286225425,23.593795250875843,-0.006967679107293524,0.013600780064986535
237.035,40.545,-31.5,236.89499999999998,40.541,-26.5,236.998,40.368,-31.5,0,0.038808478223275204,0.1807041149296761,-6.085588027387473,24.02939778420992,-0.005717520248533883,0.007510606481007259
236.89600000000002,41.065,-31.5,236.753,41.059,-26.5,236.841,40.894,-26.5,0,-0.04378358867725387,0.4227727733734043,9.204043720942863,20.038762407832593,-0.0040629349178637275,0.021228419530538428
236.89600000000002,41.065,-31.5,236.841,40.894,-26.5,236.981,40.898,-31.5,0,-0.11064168149316009,-0.08264163207489525,8.723028555961719,20.63513110598521,-0.012828547119085229,-0.003923419651350256
236.789,41.225,-31.5,236.648,41.22,-26.5,236.753,41.059,-26.5,0,0.19814149443134313,0.7042328523109279,10.685589201775308,18.336158259774095,0.01986053680783862,0.038537163210533076
236.789,41.225,-31.5,236.753,41.059,-26.5,236.89600000000002,41.065,-31.5,0,-0.0002465931405358495,0.17451990896999497,10.783690984649425,18.568471986035888,0.0005701291978030672,0.009526548124347764
236.70999999999998,41.393,-31.5,236.564,41.387,-26.5,236.648,41.22,-26.5,0,0.38298899306367107,0.8709623927959003,8.612158758833687,18.37172206869363,0.04700864390990617,0.04739519056661141
236.70999999999998,41.393,-31.5,236.648,41.22,-26.5,236.789,41.225,-31.5,0,0.17730681554098573,0.43290978213892967,8.02402059152422,19.022761027441277,0.02395269988610249,0.02278756573342294
